case_id,budget,r_km,theta_deg,v_mps,psi_deg,J_exact,z_star_label_m,bearing_cost,keep_tau05
P04_s0.1_seed410001,B1,47.400426460730166,-0.6795733130909003,1.58838823970056,-7.5115314432589351,1.4409213936979046,180,0.00035327889412594673,True
P04_s0.1_seed410001,B1,47.399999999999999,-0.71093375063975961,1.591084859776162,-7.4781261176242513,1.7405936247367342,180,0.00031770245643134888,True
P04_s0.1_seed410001,B1,47.433648643642726,-0.74395497279683553,1.5611377233033337,-7.5022196589999606,2.5730472593620703,185,0.00035327889413349218,False
P04_s0.1_seed410001,B1,49.163866990998329,-0.73648223899287046,2.1136097276016175,-6.3820513246551798,2.7566215130342675,160,0.00035327889412981988,False
P04_s0.1_seed410001,B1,47.439999999999998,-0.71098567705076443,1.5513660919348247,-7.6508595413810712,2.8371130282882486,185,0.00031764926878100454,False
P04_s0.1_seed410001,B1,52.423987921369644,-0.72704957636340861,1.4634265976823699,-10.166728010634799,2.8646078761010014,205,0.00035327889411095753,False
P04_s0.1_seed410001,B1,48.558484655672594,-0.67855770398821491,1.8722182250522741,-6.8820973210031742,2.8718563434274258,175,0.00035327889410179683,False
P04_s0.1_seed410001,B1,53.636918121918455,-0.7269443759023444,1.8429935399925741,-8.507784792005145,2.875726066146854,150,0.0003532788941328647,False
P04_s0.1_seed410001,B1,48.560000000000002,-0.7077841154580633,1.8709664139060458,-6.9143205525465214,2.8845687450553599,175,0.00032028972000504882,False
P04_s0.1_seed410001,B1,52.436764448736895,-0.73069253303773429,1.4460985959623385,-10.061311958274604,2.8888845197374065,205,0.00035327889413177974,False
P04_s0.1_seed410001,B1,52.439999999999998,-0.7023027120665768,1.4395648674503654,-10.159306522007491,2.9131973490183793,205,0.00032506888973404796,False
P04_s0.1_seed410001,B1,45.313410916001786,-0.68949948779681947,1.882244003668569,-5.6062342827554286,2.9343611893535901,230,0.00035327889412929854,False
P04_s0.1_seed410001,B1,52.522338601734397,-0.72773252594584648,1.8368253291289722,-8.274817954317923,2.9383014988551954,180,0.00035327889403051894,False
P04_s0.1_seed410001,B1,48.807952648438658,-0.67435496786379012,2.1046228133280476,-6.4704564211085263,2.9487436093230901,150,0.00035327889412176112,False
P04_s0.1_seed410001,B1,52.245890737785032,-0.72903164766738904,1.51252699784948,-9.709025935319163,2.954752856536988,220,0.00035327889412842744,False
P04_s0.1_seed410001,B1,48.95627103650483,-0.67870792048601292,1.874860518352659,-6.9699223746205075,2.9672622997881644,160,0.00035327889412940366,False
P04_s0.1_seed410001,B1,52.240000000000002,-0.70240077768908638,1.5183583910232155,-9.6211992425092685,2.9735296887986071,220,0.00032500065882140654,False
P04_s0.1_seed410001,B1,52.520000000000003,-0.70102687187562696,1.8359850425413944,-8.2671875993387047,2.9932627802378331,180,0.00032646042206574931,False
P04_s0.1_seed410001,B1,52.75648103821954,-0.67794494346538148,1.4130565118684419,-10.25028004095044,3.0010980199861557,205,0.00035327889406369634,False
P04_s0.1_seed410001,B1,48.968451220514019,-0.67621417565171793,1.5813167851284282,-8.1871395928866999,3.0012962623520338,155,0.00035327889413474688,False
P04_s0.1_seed410001,B1,52.116134801508224,-0.67464864285312753,1.5551462449760911,-9.3916596592530048,3.0121037434389626,175,0.00035327889411011434,False
P04_s0.1_seed410001,B1,48.960000000000001,-0.7070395255432177,1.8714067468966993,-7.0363336769208118,3.0232215788591121,160,0.00032091431402331169,False
P04_s0.1_seed410001,B1,52.595945327384356,-0.67453657556801883,1.438145067859228,-10.24019952277558,3.0301607096735128,220,0.00035327889412337256,False
P04_s0.1_seed410001,B1,52.581385531143937,-0.72253076667762439,1.4231343418913045,-10.737090096867369,3.0506206499629864,185,0.00035327889391467232,False
P04_s0.1_seed410001,B1,52.399999999999999,-0.70225309349726095,1.4790419038305673,-9.9061049895714692,3.0525026443730563,205,0.00032513037834476499,False
P04_s0.1_seed410001,B1,52.759999999999998,-0.70189500196399823,1.4005967875849432,-10.540068358756979,3.0558280014282282,205,0.00032545309441742306,False
P04_s0.1_seed410001,B1,52.717913937495638,-0.67624354023735922,1.8428220816172214,-8.194203883050065,3.0586097791203808,160,0.0003532788940451052,False
P04_s0.1_seed410001,B1,52.485389748849663,-0.72696307432943463,2.5935752960033494,-6.1523445415638527,3.0696287461709395,245,0.00035327889413437868,False
P04_s0.1_seed410001,B1,53.640000000000001,-0.69926463197332089,1.8375045701463508,-8.6141478714391386,3.074035361015429,150,0.00032826407968044371,False
P04_s0.1_seed410001,B1,50.647478868997034,-0.73460623377949297,1.480124972911391,-9.1771691769348571,3.1020437314277323,225,0.00035327889413266792,False
P04_s0.1_seed410001,B1,52.630456241653988,-0.72928071977413467,1.3990916840584722,-10.509997166554005,3.1021999732747023,215,0.0003532788941336443,False
P04_s0.1_seed410001,B1,52.600000000000001,-0.70204087004772642,1.4398306211336191,-10.222322740492503,3.1054883707105132,220,0.00032532367537820548,False
P04_s0.1_seed410001,B1,52.398217705484797,-0.67464567547847309,1.4773540292316676,-9.9236958225618359,3.1064587612669876,200,0.00035327889413294542,False
P04_s0.1_seed410001,B1,52.276231720723914,-0.73179158672643307,1.4499231419340872,-9.9290706317993056,3.1235967526927193,220,0.00035327889412553127,False
P04_s0.1_seed410001,B1,47.917351152000094,-0.67813892538173626,2.0678665609171771,-6.2062463118705242,3.1252447003492798,230,0.00035327889410663861,False
P04_s0.1_seed410001,B1,48.79966572566714,-0.74868936302862554,2.4436390364756804,-5.1404106023548284,3.1363218495313059,245,0.00035327889412882805,False
P04_s0.1_seed410001,B1,53.002837400004758,-0.67336562602064376,2.0740385248335347,-7.6022459847805868,3.1366782409394607,200,0.0003532788941146823,False
P04_s0.1_seed410001,B1,52.719999999999999,-0.70070668480896547,1.836251420284797,-8.3291872431487342,3.1414844263452602,160,0.00032678227050586479,False
P04_s0.1_seed410001,B1,52.479999999999997,-0.69894423925356119,2.5920566035169132,-6.2273048197880909,3.1426631842237942,245,0.0003288589373837686,False
P04_s0.1_seed410001,B1,52.573971531701943,-0.72772822612824406,1.4616010631637018,-10.177190302187602,3.1475718084926587,185,0.00035327889407359348,False
P04_s0.1_seed410001,B1,50.360114655168715,-0.73287729779422683,1.7905433587947441,-7.7725372990098904,3.1477954412373332,210,0.00035327889409125709,False
P04_s0.1_seed410001,B1,52.600000000000001,-0.70215571785801145,1.4003222459371905,-10.475340662377478,3.1489899688169722,185,0.00032519840904064024,False
P04_s0.1_seed410001,B1,50.359999999999999,-0.70476788203088536,1.7934875326167397,-7.7359321970148951,3.1624901980620614,210,0.00032287905800817648,False
P04_s0.1_seed410001,B1,52.559466085968666,-0.6743304879391232,1.556050291639226,-9.5488561113030297,3.1680254941982158,225,0.00035327889411895222,False
P04_s0.1_seed410001,B1,52.280000000000001,-0.70256616726784826,1.4393008612322979,-10.09626644842538,3.1691826228456694,220,0.00032481429265435939,False
P04_s0.1_seed410001,B1,45.640588968542559,-0.68342926477795185,1.9101240583803107,-5.8501756640045439,3.1694227337206073,240,0.00035327889413319804,False
P04_s0.1_seed410001,B1,55.600495505112399,-0.67157500382227386,2.1147011833402902,-8.1978140914684001,3.1748325789886378,185,0.00035327889411257418,False
P04_s0.1_seed410001,B1,52.999605626318498,-0.67453964075172657,1.3219685616012302,-11.19856610798967,3.1756126604637558,180,0.00035327889405861577,False
P04_s0.1_seed410001,B1,52.962308613542824,-0.67310024477232844,2.0714525799206811,-7.611645308890818,3.175976664583172,240,0.00035327889262415553,False
P04_s0.1_seed410001,B1,53,-0.7017345776875068,1.3221228915483829,-11.197886584992583,3.1765312696583514,180,0.00032558424649867148,False
P04_s0.1_seed410001,B1,48.798496903639659,-0.67751867268283483,1.8699637055447191,-6.9960809711001506,3.1893602626394886,230,0.00035327889411258481,False
P04_s0.1_seed410001,B1,48.677903763808779,-0.73963682000074993,1.8378456806216275,-6.9559265490558406,3.1929339684388505,155,0.00035327889413164318,False
P04_s0.1_seed410001,B1,52.802291679232255,-0.67539517499021517,2.1170787258654173,-7.3390002232519214,3.1975659219182448,190,0.00035327889411592415,False
P04_s0.1_seed410001,B1,51.04090132710585,-0.73012342600636781,2.1122627648100956,-6.9631080324530181,3.2014442292733771,170,0.000353278893933255,False
P04_s0.1_seed410001,B1,46.441926986507816,-0.74309504090086875,2.1105332978680842,-5.6692360051988864,3.2041582502206025,165,0.00035327889410179439,False
P04_s0.1_seed410001,B1,52.640000000000001,-0.70209038926545808,1.4003907133006634,-10.491525031896895,3.2051761719653857,215,0.00032526206436493183,False
P04_s0.1_seed410001,B1,51.039999999999999,-0.7026484668748556,2.1125489754583722,-6.9508292949012827,3.2116681594736902,170,0.00032496708782308768,False
P04_s0.1_seed410001,B1,53,-0.69958923433548803,2.0750212662971319,-7.5978874753304799,3.2144487158554371,200,0.00032800672509095098,False
P04_s0.1_seed410001,B1,55.764699505022051,-0.67111622879160659,1.9947065766990453,-8.6848502108238037,3.2186115092870091,235,0.00035327889412402249,False
P04_s0.1_seed410001,B1,49.159999999999997,-0.70592732545228298,2.1105707984713313,-6.4427707222251271,3.2201104441408832,160,0.00032195854403030058,False
P04_s0.1_seed410001,B1,52.560000000000002,-0.70176195158736643,1.558445099725787,-9.5256838724411601,3.2203306622028949,225,0.00032563696851673792,False
P04_s0.1_seed410001,B1,49.962254565880599,-0.73244419813788575,1.8693951604297854,-7.4253353153926502,3.2208723078206063,225,0.00035327889406090588,False
P04_s0.1_seed410001,B1,50.037049418651847,-0.67644015796960755,1.9128044575850316,-7.2274451581446915,3.2215230451394539,250,0.00035327889412628012,False
P04_s0.1_seed410001,B1,53.356854175026101,-0.67345459299209409,1.8767087015825554,-8.3714386429593439,3.2241120763993858,175,0.00035327889398666741,False
P04_s0.1_seed410001,B1,55.600000000000001,-0.69561540557536583,2.1180396633518628,-8.178921825128004,3.2251735464480569,185,0.00033234116921396906,False
P04_s0.1_seed410001,B1,49.837303211634051,-0.74081395871463407,2.113746035086403,-6.312104073407685,3.2290456505805403,240,0.00035327889281264239,False
P04_s0.1_seed410001,B1,48.799999999999997,-0.70733589462680935,1.871229588475936,-6.9875354264772662,3.2306874559579555,230,0.00032066401987495684,False
P04_s0.1_seed410001,B1,52.119999999999997,-0.70248307483025829,1.5577712120863627,-9.3652784803482909,3.2312924280765749,175,0.00032493458946717123,False
P04_s0.1_seed410001,B1,48.277434164088305,-0.67748435625817205,2.4290231352863154,-5.5473454503596944,3.2314834773191432,155,0.00035327889410537714,False
P04_s0.1_seed410001,B1,52.560000000000002,-0.70199132561210542,1.4793006059317761,-9.96747742629959,3.2317729593858533,185,0.00032538539596733518,False
P04_s0.1_seed410001,B1,55.719084128135748,-0.72102987971113031,1.8431021733261452,-9.2119469951903454,3.2348207792136985,245,0.00035327889412903514,False
P04_s0.1_seed410001,B1,49.960000000000001,-0.70523028735646531,1.8725449249604476,-7.3411068504677948,3.23593915987504,225,0.00032249065983519406,False
P04_s0.1_seed410001,B1,52.232052244221506,-0.7303820582453433,1.4818976434596847,-9.8078326931856346,3.2376048827883928,210,0.00035327889412355476,False
P04_s0.1_seed410001,B1,45.640000000000001,-0.71347791121785065,1.9078835114760111,-5.9238796853478659,3.2391003154711986,240,0.00031599391163687751,False
P04_s0.1_seed410001,B1,47.920000000000002,-0.70835868631814281,2.0694963378388995,-6.1993352311483259,3.240170364946426,230,0.0003198893940592316,False
P04_s0.1_seed410001,B1,49.840000000000003,-0.70471284413405566,2.1112669932280825,-6.6266445571022992,3.24413044694349,240,0.00032304106771858723,False
P04_s0.1_seed410001,B1,49.190096771842008,-0.67964755149548139,1.8833200892606912,-6.9637325156745966,3.2445568150679547,250,0.00035327889364048583,False
P04_s0.1_seed410001,B1,52.158839480916008,-0.67633513498096853,1.3276877156863973,-10.715859060187809,3.245712094333808,195,0.00035327889384777537,False
P04_s0.1_seed410001,B1,51.239480206490697,-0.73115910455132216,2.1524305936727899,-6.842731472695073,3.2500512384561779,190,0.00035327889215253853,False
P04_s0.1_seed410001,B1,50.431221506219963,-0.67465684662657832,1.8412738025634872,-7.651413891914407,3.2501188750154637,170,0.00035327889413511464,False
P04_s0.1_seed410001,B1,51.240000000000002,-0.70219688578665851,2.1525795243921979,-6.8994875300121183,3.2505297786598013,190,0.00032541672778406872,False
P04_s0.1_seed410001,B1,51.199013836609552,-0.73237314574244028,2.4748615762005168,-6.0237500349221182,3.2521152113802043,195,0.00035327889413502248,False
P04_s0.1_seed410001,B1,52.159999999999997,-0.70311366586879531,1.3206073048181313,-10.838206835652102,3.2561266242237168,195,0.0003242507664468855,False
P04_s0.1_seed410001,B1,49.440864232200227,-0.67702391560893016,2.0710004065187566,-6.5985971696929031,3.2594844797506846,195,0.00035327889413517183,False
P04_s0.1_seed410001,B1,48.280000000000001,-0.70653985551812304,2.4287204593582983,-5.5633214943774147,3.2614822294604129,155,0.00032154273926946592,False
P04_s0.1_seed410001,B1,48.960000000000001,-0.7079188021003131,1.5930154345511611,-8.0370603975906114,3.2625779241878226,155,0.00032007928750930892,False
P04_s0.1_seed410001,B1,49.319634132423914,-0.67838716751745842,2.0730694280383242,-6.510897998362255,3.2638784371134228,210,0.00035327889411377147,False
P04_s0.1_seed410001,B1,52.960000000000001,-0.6996517202370145,2.0749729131238221,-7.5869051986178819,3.2650675720400488,240,0.00032794197760836513,False
P04_s0.1_seed410001,B1,51.200000000000003,-0.70133140303527852,2.4712465843827673,-6.1696619054563202,3.2673606829346142,195,0.00032637786412202663,False
P04_s0.1_seed410001,B1,46.439999999999998,-0.71114033192487081,2.1080055632071772,-5.7061374073141113,3.2684868097118462,165,0.00031773739415787838,False
P04_s0.1_seed410001,B1,52.080701860807828,-0.73186973783401044,1.5265969261311598,-9.424602340141643,3.271398946472198,200,0.00035327889413014867,False
P04_s0.1_seed410001,B1,49.439999999999998,-0.70554601285779228,2.07101898765672,-6.6185637796300423,3.2727637406577017,195,0.00032228016798232459,False
P04_s0.1_seed410001,B1,48.68,-0.70768565340619694,1.8312910477913964,-7.0734339253435605,3.2760777810401591,155,0.0003203572818362598,False
P04_s0.1_seed410001,B1,49.32,-0.70576176940179181,2.0708947178352131,-6.585489214158355,3.2760808307850819,210,0.00032208966025105377,False
P04_s0.1_seed410001,B1,52.799999999999997,-0.69979020732919472,2.1145522486521577,-7.425573256783589,3.2785799585817785,190,0.00032781243249337805,False
P04_s0.1_seed410001,B1,48.799999999999997,-0.70558864657055187,2.4291699260059869,-5.685576822552159,3.2850672700647663,245,0.00032237179281561433,False
P04_s0.1_seed410001,B1,50.640000000000001,-0.70524239697908875,1.4763088138056857,-9.2295836697396911,3.2925166456942478,225,0.00032234162807121171,False
P04_s0.1_seed410001,B1,50.439999999999998,-0.70450762166471981,1.8333430617285995,-7.6213401369845419,3.2930118089168459,170,0.0003231296349659783,False
P04_s0.1_seed410001,B1,52.240000000000002,-0.70251647458893129,1.4787849050262507,-9.8447105518661271,3.2938051888065214,210,0.00032487554632698866,False
P04_s0.1_seed410001,B1,53.359999999999999,-0.69958678494343618,1.8768123294031733,-8.3743658667238847,3.3070771290007697,175,0.0003279418510676082,False
P04_s0.1_seed410001,B1,58.962176365516633,-0.67032179178732321,1.9226339868649562,-9.9101155870594226,3.3103582984795348,235,0.00035327889413033997,False
P04_s0.1_seed410001,B1,45.32,-0.7143004578079164,1.8677153901141859,-5.9239780006195719,3.3108882208952974,230,0.00031542442248370706,False
P04_s0.1_seed410001,B1,52.31507418627821,-0.67755894319590748,1.489046107489685,-9.6570571517637447,3.3169525423660855,190,0.00035327889297874152,False
P04_s0.1_seed410001,B1,46.397195000448704,-0.74437635457739493,1.6713709784258108,-6.826724049379667,3.3219172150567324,165,0.00035327889405561741,False
P04_s0.1_seed410001,B1,51.40285012889953,-0.67592976951349559,1.9153180594987436,-7.595828868431366,3.3222914667291992,170,0.00035327889369968197,False
P04_s0.1_seed410001,B1,55.719999999999999,-0.69618017391405829,1.8405057432125667,-9.2569110541259967,3.3248043443052451,245,0.00033161088914796991,False
P04_s0.1_seed410001,B1,49.000291495966543,-0.73735851778626493,2.193936211503968,-6.1234543237697245,3.3266196388185088,250,0.00035327889413234759,False
P04_s0.1_seed410001,B1,52.32,-0.70238458146166893,1.4789131914544291,-9.8754105130519765,3.3333609691816983,190,0.00032500293801615863,False
P04_s0.1_seed410001,B1,49.522022712999004,-0.67645437957697663,1.870039556982233,-7.2308746435390852,3.3378645125047042,150,0.00035327889413088581,False
P04_s0.1_seed410001,B1,58.960000000000001,-0.69161466324855259,1.9247168602179721,-9.8837564487962375,3.3482949793007317,235,0.00033703331419854813,False
P04_s0.1_seed410001,B1,46.399999999999999,-0.71270241616579388,1.669546008126368,-6.8426460773665481,3.3595459897207385,165,0.00031644458682407689,False
P04_s0.1_seed410001,B1,49.520000000000003,-0.70601733699985258,1.8720375585232005,-7.2070529982910827,3.3609708221061676,150,0.00032179470525343386,False
P04_s0.1_seed410001,B1,48.799999999999997,-0.70658396729200734,2.1102110999385544,-6.3453778930460762,3.3619526415871475,150,0.0003213888492148403,False
P04_s0.1_seed410001,B1,55.759999999999998,-0.69570333289340558,1.9991628196799076,-8.6351598198826611,3.3679973746479259,235,0.00033220189013983002,False
P04_s0.1_seed410001,B1,47.256833469363144,-0.73585284552524133,2.0098315520950258,-6.3316551891015287,3.3752814202626995,235,0.00035327889413458804,False
P04_s0.1_seed410001,B1,46.55833806069073,-0.74420847260911049,1.9133368576948198,-6.1270431768428093,3.3854087239736161,165,0.00035327889412431793,False
P04_s0.1_seed410001,B1,52.079999999999998,-0.70266530431239005,1.5181092862282903,-9.5613540911145538,3.3888365082621688,200,0.00032474574094894221,False
P04_s0.1_seed410001,B1,50.039999999999999,-0.70496724253052734,1.9124240957568772,-7.2394816383289209,3.3917195723901918,250,0.00032274075243290186,False
P04_s0.1_seed410001,B1,46.560000000000002,-0.71156527221065713,1.9087489320596778,-6.1994726646970992,3.3986242563652564,165,0.00031734989515350435,False
P04_s0.1_seed410001,B1,49,-0.70596975325010347,2.1901144394357774,-6.2145846966809071,3.4176579877769231,250,0.00032195004978538018,False
P04_s0.1_seed410001,B1,51.399999999999999,-0.70263172365261184,1.9140323064655638,-7.6447692679659198,3.4220855511374562,170,0.00032491393080853807,False
P04_s0.1_seed410001,B1,49.200000000000003,-0.70659859135178538,1.8716750463682079,-7.1095133855840125,3.4358958727258289,250,0.00032129082723245859,False
P04_s0.1_seed410001,B1,47.240000000000002,-0.70980630903670505,2.0289843225895585,-6.1036870225462021,3.4453806881749487,235,0.00031872259661050619,False
P04_s0.1_seed410001,B2,47.409999999999997,-0.72999999994159026,1.5700000000027374,-6.3500000009500113,1.8621690932077641e-11,180,0.00032590625122980952,True
P04_s0.1_seed410001,B2,47.410017951896734,-0.68134195205032722,1.5734612020570178,-7.4863907315630165,0.0043818157999020819,180,0.00035327889413471543,True
P04_s0.1_seed410001,B2,47.417757209988508,-0.7439833909040221,1.560859555133564,-7.498233837482954,1.1587350993779282,180,0.00035327889413093433,False
P04_s0.1_seed410001,B2,47.400426460730166,-0.6795733130909003,1.58838823970056,-7.5115314432589351,1.4409213936979046,180,0.00035327889412594673,False
P04_s0.1_seed410001,B2,47.399999999999999,-0.71093375063975961,1.591084859776162,-7.4781261176242513,1.7405936247367342,180,0.00031770245643134888,False
P04_s0.1_seed410001,B2,47.420000000000002,-0.71102563468646696,1.551341727141109,-7.6435026255052723,2.1910453034742612,180,0.00031761936787532352,False
P04_s0.1_seed410001,B2,47.420000000000002,-0.71095971738928332,1.5712236923240146,-7.5634015905616234,2.404518117724431,180,0.0003176758477188283,False
P04_s0.1_seed410001,B2,47.424608038627596,-0.68125317853799672,1.5744761758901609,-7.491056896782383,2.4222414220110404,185,0.00035327889409904518,False
P04_s0.1_seed410001,B2,47.421306278395072,-0.67781248198275801,1.5798753118800222,-7.6418836148459475,2.4457953622663711,185,0.00035327889412868971,False
P04_s0.1_seed410001,B2,47.433648643643203,-0.74395497279317624,1.5611377233022696,-7.5022196590162142,2.5730472593840763,185,0.00035327889412559187,False
P04_s0.1_seed410001,B2,49.163866990998095,-0.73648223898879195,2.1136097276011911,-6.3820513246639372,2.7566215130363858,160,0.0003532788941214866,False
P04_s0.1_seed410001,B2,48.814729684444231,-0.67808868446991255,2.0932211496226616,-6.3535552919715617,2.7800924109478022,150,0.00035327889408016071,False
P04_s0.1_seed410001,B2,48.977054068706877,-0.73602941684050638,1.5632698685714783,-8.2667260180119726,2.8332141942941251,155,0.00035327889413392787,False
P04_s0.1_seed410001,B2,47.439999999999998,-0.71098567705076443,1.5513660919348247,-7.6508595413810712,2.8371130282882486,185,0.00031764926878100454,False
P04_s0.1_seed410001,B2,48.978819962554269,-0.7390769282298244,1.5594379295113856,-8.125392333907925,2.8382737804017841,155,0.00035327889412046419,False
P04_s0.1_seed410001,B2,49.099883923648562,-0.73760681885135249,1.5555515101047628,-8.2499681112451864,2.8651732421002847,170,0.00035327889412807914,False
P04_s0.1_seed410001,B2,52.421947876186103,-0.73052255286723344,1.4645967758009732,-9.9521613209939126,2.8660490551954343,205,0.00035327889413226909,False
P04_s0.1_seed410001,B2,52.430264281782911,-0.6745893697793246,1.4575214052002849,-10.058094356587116,2.871599466118409,205,0.00035327889412729109,False
P04_s0.1_seed410001,B2,48.558484655672771,-0.67855770399342319,1.8722182250520851,-6.8820973210087732,2.8718563434280799,175,0.00035327889409002982,False
P04_s0.1_seed410001,B2,53.636918121918725,-0.72694437590087091,1.8429935399922841,-8.5077847920107459,2.8757260661532764,150,0.00035327889413020082,False
P04_s0.1_seed410001,B2,48.560000000000002,-0.7077841154580633,1.8709664139060458,-6.9143205525465214,2.8845687450553599,175,0.00032028972000504882,False
P04_s0.1_seed410001,B2,52.436764448736895,-0.73069253303773429,1.4460985959623385,-10.061311958274604,2.8888845197374065,205,0.00035327889413177974,False
P04_s0.1_seed410001,B2,52.414242017193203,-0.67460151949742286,1.4773021683302541,-9.9321239867288753,2.8951888295404835,205,0.00035327889413174613,False
P04_s0.1_seed410001,B2,48.979999999999997,-0.70800746764361755,1.5533192882623781,-8.2166009221311551,2.9119007414606473,155,0.00031999209471085055,False
P04_s0.1_seed410001,B2,52.439999999999998,-0.7023027120665768,1.4395648674503654,-10.159306522007491,2.9131973490183793,205,0.00032506888973404796,False
P04_s0.1_seed410001,B2,47.439862984680992,-0.68169303701716188,1.5771207267103433,-7.4631630640894402,2.9142181941600596,240,0.0003532788940619266,False
P04_s0.1_seed410001,B2,50.642759029335792,-0.73404836310418631,1.4974995251836187,-9.1121141685627798,2.9196446494825734,225,0.0003532788939073153,False
P04_s0.1_seed410001,B2,50.642080384922785,-0.73109854275428532,1.4989939890592185,-9.2683760469183873,2.9200502524018344,225,0.00035327889411347434,False
P04_s0.1_seed410001,B2,50.644661923716583,-0.73603428345166844,1.4947361782498452,-9.013389328286479,2.9212699951805674,225,0.00035327889412007762,False
P04_s0.1_seed410001,B2,52.420000000000002,-0.70227790594816897,1.4592998255161593,-10.030993746257632,2.9219853074275033,205,0.00032509962029990224,False
P04_s0.1_seed410001,B2,53.134549870667229,-0.67521752019928627,2.1185557614044854,-7.4222423442241006,2.9288761682294537,180,0.00035327889357336255,False
P04_s0.1_seed410001,B2,52.522338601734397,-0.72773252594584648,1.8368253291289722,-8.274817954317923,2.9383014988551954,180,0.00035327889403051894,False
P04_s0.1_seed410001,B2,52.123625807231832,-0.73098552790655447,1.5428421860793389,-9.3959314183979892,2.9525234066817436,175,0.00035327889413044449,False
P04_s0.1_seed410001,B2,52.245890737785032,-0.72903164766738904,1.51252699784948,-9.709025935319163,2.954752856536988,220,0.00035327889412842744,False
P04_s0.1_seed410001,B2,48.636318089283279,-0.73728756556024955,1.8519691624230601,-7.0065941274310086,2.9550770250674985,160,0.00035327889413346497,False
P04_s0.1_seed410001,B2,48.778078068905195,-0.73579717176151149,2.1099984629273316,-6.3515783701969966,2.9590892632538002,240,0.0003532788941222901,False
P04_s0.1_seed410001,B2,50.640000000000001,-0.70518203262349977,1.4961230916379125,-9.1243450508004944,2.9617345242262942,225,0.00032240252106063264,False
P04_s0.1_seed410001,B2,48.95627103650483,-0.67870792048601292,1.874860518352659,-6.9699223746205075,2.9672622997881644,160,0.00035327889412940366,False
P04_s0.1_seed410001,B2,52.61729912743963,-0.67510848285110292,2.0774512463409485,-7.4230986074329728,2.9698058057470336,205,0.00035327889359872697,False
P04_s0.1_seed410001,B2,52.601374842222341,-0.67469887969708786,1.4193911283138725,-10.352686325198423,2.9720942476658041,220,0.00035327889386312057,False
P04_s0.1_seed410001,B2,52.451040556618949,-0.73066258622154034,1.4263294296320781,-10.19394856269351,2.9726410753811945,205,0.0003532788941322093,False
P04_s0.1_seed410001,B2,52.240000000000002,-0.70240077768908638,1.5183583910232155,-9.6211992425092685,2.9735296887986071,220,0.00032500065882140654,False
P04_s0.1_seed410001,B2,52.253898388202408,-0.73010571313645478,1.5003784907649411,-9.7197310358977322,2.9745957563606371,220,0.00035327889412325162,False
P04_s0.1_seed410001,B2,52.420000000000002,-0.70222028459415542,1.4790741484644832,-9.9137777498959831,2.9747286921081817,205,0.00032516224576319591,False
P04_s0.1_seed410001,B2,52.600000000000001,-0.70209827997392582,1.4200729761017912,-10.347072749509625,2.9758611432766426,220,0.00032526101270338508,False
P04_s0.1_seed410001,B2,52.520000000000003,-0.70102687187562696,1.8359850425413944,-8.2671875993387047,2.9932627802378331,180,0.00032646042206574931,False
P04_s0.1_seed410001,B2,48.780000000000001,-0.70662073113514368,2.1101912969639116,-6.3399662250608682,2.995434806703996,240,0.00032135727701582557,False
P04_s0.1_seed410001,B2,52.257624743575604,-0.73250229543986034,1.4926675130654612,-9.622944824280431,3.0002677273384628,220,0.00035327889413271714,False
P04_s0.1_seed410001,B2,50.260298124205939,-0.67584447986625484,1.8906022764899217,-7.3835002781560206,3.0011509985409974,155,0.00035327889413242191,False
P04_s0.1_seed410001,B2,48.968451220514019,-0.67621417565171793,1.5813167851284282,-8.1871395928866999,3.0012962623520338,155,0.00035327889413474688,False
P04_s0.1_seed410001,B2,52.116134801508224,-0.67464864285312753,1.5551462449760911,-9.3916596592530048,3.0121037434389626,175,0.00035327889411011434,False
P04_s0.1_seed410001,B2,52.259999999999998,-0.70242563065621755,1.4986004394409311,-9.739056264159446,3.0141539849482233,220,0.00032496993360623571,False
P04_s0.1_seed410001,B2,47.399999999999999,-0.71099967059656521,1.5711996330673794,-7.5561368236607684,3.0177703553101662,180,0.00031764592560084708,False
P04_s0.1_seed410001,B2,50.259999999999998,-0.70464120245588702,1.8927860745259224,-7.3681083466796577,3.0186591509019882,155,0.0003230288292504392,False
P04_s0.1_seed410001,B2,52.619999999999997,-0.70018668224420166,2.0745650094386545,-7.4935353982900859,3.0225154561108414,205,0.00032739171167160295,False
P04_s0.1_seed410001,B2,48.960000000000001,-0.7070395255432177,1.8714067468966993,-7.0363336769208118,3.0232215788591121,160,0.00032091431402331169,False
P04_s0.1_seed410001,B2,56.019363848029407,-0.71925156825648617,1.8806068182433937,-9.1924133693943659,3.02493177653542,220,0.00035327889408660093,False
P04_s0.1_seed410001,B2,47.420000000000002,-0.71089383573431608,1.5911086461598096,-7.4853007470573321,3.0256422412511514,185,0.00031773241485876452,False
P04_s0.1_seed410001,B2,52.482532944421322,-0.67411969743540201,1.8148358231732999,-8.3387052618859663,3.0277040946226053,190,0.00035327889412018501,False
P04_s0.1_seed410001,B2,55.222924595108125,-0.67240646022756767,1.8986677002188719,-8.8497815071291281,3.0291954971098569,165,0.00035327889412731153,False
P04_s0.1_seed410001,B2,52.595945327384356,-0.67453657556801883,1.438145067859228,-10.24019952277558,3.0301607096735128,220,0.00035327889412337256,False
P04_s0.1_seed410001,B2,52.489786351354695,-0.67668317957279633,1.8038815903565326,-8.2611279622898213,3.0305892841715649,190,0.00035327889412502359,False
P04_s0.1_seed410001,B2,49.100000000000001,-0.70778328801911339,1.553477868312175,-8.2606216843861429,3.0317167412837578,170,0.00032017756677866203,False
P04_s0.1_seed410001,B2,47.439999999999998,-0.71091979805058692,1.5712477769797415,-7.5706661254091783,3.0333396206255157,240,0.00031770578497482212,False
P04_s0.1_seed410001,B2,52.479999999999997,-0.70114823384770075,1.8160782123049464,-8.3308957612811803,3.0409423819129628,190,0.00032633234627191607,False
P04_s0.1_seed410001,B2,56.020000000000003,-0.69564979306684205,1.8805769500069365,-9.1792339394218772,3.0419668101993675,220,0.00033222368985682133,False
P04_s0.1_seed410001,B2,53.140000000000001,-0.69925983294268668,2.114956070485801,-7.5171808782298157,3.0444895882808916,180,0.00032836322981939585,False
P04_s0.1_seed410001,B2,52.49397641931052,-0.72829207093255022,1.7977673444005866,-8.4013007316904975,3.0463070938072789,190,0.00035327889410908235,False
P04_s0.1_seed410001,B2,52.460000000000001,-0.70232751185783704,1.4198373265357755,-10.291184779293589,3.0468016526120452,205,0.00032503818663419062,False
P04_s0.1_seed410001,B2,52.439999999999998,-0.70224509241089739,1.4593325038021547,-10.038767979876022,3.0480495492829451,205,0.00032513147314356983,False
P04_s0.1_seed410001,B2,52.581429936238813,-0.71918343693809561,1.4238330633819589,-10.921100830381516,3.0505933667263028,185,0.00035327889408480164,False
P04_s0.1_seed410001,B2,52.575230738706296,-0.72944709757872683,1.4406068460538937,-10.208337693334787,3.0523493080395649,185,0.000353278894131317,False
P04_s0.1_seed410001,B2,52.399999999999999,-0.70225309349726095,1.4790419038305673,-9.9061049895714692,3.0525026443730563,205,0.00032513037834476499,False
P04_s0.1_seed410001,B2,52.571562316343574,-0.72729411348003481,1.4488955369542382,-10.283803851162714,3.053945038266054,185,0.00035327889412078322,False
P04_s0.1_seed410001,B2,52.579999999999998,-0.7021309521451593,1.4200392289198605,-10.339089922515875,3.0552167030350494,185,0.00032522917195235357,False
P04_s0.1_seed410001,B2,52.717913937495638,-0.67624354023735922,1.8428220816172214,-8.194203883050065,3.0586097791203808,160,0.0003532788940451052,False
P04_s0.1_seed410001,B2,50.659999999999997,-0.70520725358757363,1.4763387091089131,-9.2372857437153915,3.058661201296657,225,0.00032237309472039552,False
P04_s0.1_seed410001,B2,52.48388489529858,-0.7341237444149149,2.5976342375863366,-5.8791908428935962,3.0683815620779735,245,0.00035327886095814495,False
P04_s0.1_seed410001,B2,52.259999999999998,-0.70248346322072286,1.4788169366939201,-9.8523860554974672,3.0690863103080304,220,0.0003249073895655829,False
P04_s0.1_seed410001,B2,52.485389748849663,-0.72696307432943463,2.5935752960033494,-6.1523445415638527,3.0696287461709395,245,0.00035327889413437868,False
P04_s0.1_seed410001,B2,52.579999999999998,-0.70207351258579509,1.4397973063952112,-10.214447022335648,3.0707268301024597,185,0.00032529181746874977,False
P04_s0.1_seed410001,B2,52.40113967697269,-0.73025622338505336,1.4637941400765717,-9.9680682239750826,3.0734156192940487,200,0.00035327889409044654,False
P04_s0.1_seed410001,B2,53.640000000000001,-0.69926463197332089,1.8375045701463508,-8.6141478714391386,3.074035361015429,150,0.00032826407968044371,False
P04_s0.1_seed410001,B2,52.479621575512212,-0.67245766829734777,2.6060789784694292,-6.2195115731711379,3.074729626304685,245,0.00035327889413391009,False
P04_s0.1_seed410001,B2,49.858836526761998,-0.67696359592870614,1.8935428777566474,-7.2200387560196528,3.0762164855453316,235,0.00035327889408696923,False
P04_s0.1_seed410001,B2,52.135787011106608,-0.73142582399351674,1.5252972199449188,-9.4708739887992728,3.0782959396436183,175,0.00035327889412921305,False
P04_s0.1_seed410001,B2,49.220311658969273,-0.73418363957568911,2.1066220802900149,-6.5000625690860367,3.0787716069835311,230,0.00035327889391210471,False
P04_s0.1_seed410001,B2,48.556289128328565,-0.73699768653033537,2.0927525128354687,-6.3102461945538337,3.0787760145415373,150,0.00035327889413358504,False
P04_s0.1_seed410001,B2,48.500167833588122,-0.67669627426508949,2.1245108391812915,-6.2585026079796808,3.0799580207760173,160,0.00035327889412891457,False
P04_s0.1_seed410001,B2,49.859999999999999,-0.70534691061224075,1.8923224675108146,-7.2475624883536502,3.0874879728858553,235,0.00032239354957190879,False
P04_s0.1_seed410001,B2,47.974798353923397,-0.68632705754891798,2.0619588990784585,-5.9286202767679743,3.0931651993580549,165,0.00035327889410717057,False
P04_s0.1_seed410001,B2,52.574452911506135,-0.73050929297655465,1.5268261834362806,-9.62022325913291,3.0944192434929305,225,0.00035327889413280561,False
P04_s0.1_seed410001,B2,52.631491889768164,-0.72864456836138913,1.3964400668284558,-10.568623626976791,3.1003784684643869,215,0.00035327889409523156,False
P04_s0.1_seed410001,B2,49.470449269139237,-0.68021567157393115,1.865256625895704,-7.0686348681659563,3.1013605417825452,250,0.00035327889413073679,False
P04_s0.1_seed410001,B2,52.5,-0.7011730564002121,1.79625470205772,-8.4150236833677283,3.1018965184335543,190,0.00032630082105155478,False
P04_s0.1_seed410001,B2,52.630456241653988,-0.72928071977413467,1.3990916840584722,-10.509997166554005,3.1021999732747023,215,0.0003532788941336443,False
P04_s0.1_seed410001,B2,48.82,-0.7066096804638986,2.0903069243554691,-6.3987521135949734,3.1026168297677863,150,0.00032135959096079566,False
P04_s0.1_seed410001,B2,49.221871414040983,-0.67680966430017619,1.8689668743317114,-7.1402851548946247,3.1048873317108949,190,0.00035327889412711881,False
P04_s0.1_seed410001,B2,52.600000000000001,-0.70204087004772642,1.4398306211336191,-10.222322740492503,3.1054883707105132,220,0.00032532367537820548,False
P04_s0.1_seed410001,B2,52.398217705484797,-0.67464567547847309,1.4773540292316676,-9.9236958225618359,3.1064587612669876,200,0.00035327889413294542,False
P04_s0.1_seed410001,B2,52.635891674490011,-0.73027308349469244,1.3869416225207027,-10.532219902509077,3.110281937858514,215,0.00035327889413499575,False
P04_s0.1_seed410001,B2,48.798293463511158,-0.73664607302594121,2.4512772142377806,-5.5770641644848382,3.1186530250094102,245,0.00035327889412575364,False
P04_s0.1_seed410001,B2,48.993025428570952,-0.73894927061853011,1.5393224281912263,-8.229302696789814,3.1192739469385367,155,0.00035327889413407218,False
P04_s0.1_seed410001,B2,47.917351152000094,-0.67813892538173626,2.0678665609171771,-6.2062463118705242,3.1252447003492798,230,0.00035327889410663861,False
P04_s0.1_seed410001,B2,52.497765825345375,-0.72956170305226031,2.5755574334442843,-6.0972756389360914,3.1259682962356599,245,0.0003532788941316421,False
P04_s0.1_seed410001,B2,52.560000000000002,-0.7020487388903619,1.4595291394580425,-10.085405852136201,3.1276458858186138,185,0.00032532264963709982,False
P04_s0.1_seed410001,B2,48.799999999999997,-0.70552671158552116,2.4491140372141538,-5.6500371467890407,3.1278030006918529,245,0.00032243384085525284,False
P04_s0.1_seed410001,B2,52.580493113940562,-0.67461177911375092,1.4791216813759775,-9.9775455733020184,3.1332834197575776,225,0.00035327889396635629,False
P04_s0.1_seed410001,B2,52.579999999999998,-0.70195871731714932,1.4793330634081083,-9.975147427744762,3.133584444878593,225,0.00032541728533713894,False
P04_s0.1_seed410001,B2,48.321234884641278,-0.73655585589042349,1.8900111568157136,-6.8545354018149922,3.1338682797134076,165,0.00035327889391774842,False
P04_s0.1_seed410001,B2,55.219999999999999,-0.69674072247063501,1.8992324854699056,-8.8575540253645695,3.1343777657598588,165,0.00033100432520935541,False
P04_s0.1_seed410001,B2,52.05262820498281,-0.73143647484195284,1.5244613189520835,-9.4551037953907837,3.1354871237231583,195,0.00035327889412374548,False
P04_s0.1_seed410001,B2,53.002837400004758,-0.67336562602064376,2.0740385248335347,-7.6022459847805868,3.1366782409394607,200,0.0003532788941146823,False
P04_s0.1_seed410001,B2,52.640000000000001,-0.70214779584954923,1.380648109941506,-10.623686344212237,3.1366890843896558,215,0.00032519948532967063,False
P04_s0.1_seed410001,B2,52.047738219349156,-0.67443737211787091,1.5336413553136032,-9.4972232584227534,3.1409867396591822,195,0.00035327889411436106,False
P04_s0.1_seed410001,B2,52.719999999999999,-0.70070668480896547,1.836251420284797,-8.3291872431487342,3.1414844263452602,160,0.00032678227050586479,False
P04_s0.1_seed410001,B2,50.619999999999997,-0.70515680506461398,1.5159131327675779,-9.0143520170937403,3.1422818371278387,225,0.00032243197569391008,False
P04_s0.1_seed410001,B2,49.219999999999999,-0.7065620412131679,1.8716975433803171,-7.1156107316851536,3.1424581962064728,190,0.00032132225899254629,False
P04_s0.1_seed410001,B2,52.479999999999997,-0.69894423925356119,2.5920566035169132,-6.2273048197880909,3.1426631842237942,245,0.0003288589373837686,False
P04_s0.1_seed410001,B2,52.575325554133265,-0.72893034028351433,1.4593724065262346,-10.119808671410716,3.1455597647989442,185,0.00035327889412719172,False
P04_s0.1_seed410001,B2,50.360114655168715,-0.73287729779422683,1.7905433587947441,-7.7725372990098904,3.1477954412373332,210,0.00035327889409125709,False
P04_s0.1_seed410001,B2,52.5,-0.69896912694260394,2.5721485284535763,-6.2698327808886747,3.1507351580869836,245,0.00032882581544978017,False
P04_s0.1_seed410001,B2,58.738335899754375,-0.6708017318412951,1.8644463070881852,-10.08988748973325,3.15834200989103,230,0.00035327889412814251,False
P04_s0.1_seed410001,B2,52.399999999999999,-0.70231074469136867,1.4592671741850416,-10.023219154766684,3.1607527154682971,200,0.0003250677703788832,False
P04_s0.1_seed410001,B2,52.620608654308,-0.6745178535733265,1.4177356869394619,-10.381662568578184,3.1610963971102084,215,0.00035327889413022754,False
P04_s0.1_seed410001,B2,50.359999999999999,-0.70476788203088536,1.7934875326167397,-7.7359321970148951,3.1624901980620614,210,0.00032287905800817648,False
P04_s0.1_seed410001,B2,48.958281541606759,-0.67947994388623023,1.8558184659421348,-6.9967680976554938,3.1640295113976911,175,0.00035327889406687403,False
P04_s0.1_seed410001,B2,48.979999999999997,-0.70794441832922772,1.5731784541007947,-8.1293216669080781,3.1641550415352064,155,0.00032005111988958059,False
P04_s0.1_seed410001,B2,52.119999999999997,-0.70254103297315418,1.5379687047869068,-9.4694402270291214,3.1657331607724988,175,0.00032487199001466998,False
P04_s0.1_seed410001,B2,52.479999999999997,-0.69888826611758448,2.6119853508047162,-6.1897921754636034,3.1665559683911124,245,0.00032892480801194779,False
P04_s0.1_seed410001,B2,52.140000000000001,-0.70256591551050307,1.5182025057141357,-9.5837983875558095,3.1676987800018281,175,0.00032484131101158105,False
P04_s0.1_seed410001,B2,52.559466085968666,-0.6743304879391232,1.556050291639226,-9.5488561113030297,3.1680254941982158,225,0.00035327889411895222,False
P04_s0.1_seed410001,B2,45.640588968542559,-0.68342926477795185,1.9101240583803107,-5.8501756640045439,3.1694227337206073,240,0.00035327889413319804,False
P04_s0.1_seed410001,B2,52.060000000000002,-0.70269848510858135,1.5180782650270104,-9.5538720297527906,3.1722753677870643,195,0.00032471389091460513,False
P04_s0.1_seed410001,B2,58.680066869839216,-0.6705702389132,1.9020818333602558,-9.9089955840357185,3.1733549492229236,195,0.00035327889411368001,False
P04_s0.1_seed410001,B2,52.059124290016797,-0.73291851857584867,1.5116120094920782,-9.4417185594339266,3.1735828656795824,195,0.00035327889413285841,False
P04_s0.1_seed410001,B2,50.296704139141134,-0.73542418605763782,2.1178215325207344,-6.6045102218619434,3.1752290753867674,210,0.00035327889413477111,False
P04_s0.1_seed410001,B2,52.619999999999997,-0.70206563280616885,1.4201067509306722,-10.355055186196319,3.1753654012138117,215,0.00032529285618106309,False
P04_s0.1_seed410001,B2,52.457196063699151,-0.72923908084076317,1.8599232220155337,-8.0989588405551203,3.1755052347425949,150,0.00035327889413441587,False
P04_s0.1_seed410001,B2,52.962308613542824,-0.67310024477232844,2.0714525799206811,-7.611645308890818,3.175976664583172,240,0.00035327889262415553,False
P04_s0.1_seed410001,B2,48.854392660532383,-0.6817150385845725,1.8815746287963604,-6.7960625792279981,3.1803183191968842,230,0.00035327889413168471,False
P04_s0.1_seed410001,B2,50.634434639190026,-0.73345750847263247,1.8576455304751385,-7.5537658205758369,3.1805535045108129,150,0.00035327889411585113,False
P04_s0.1_seed410001,B2,52.619999999999997,-0.70212304106007661,1.4003564656122516,-10.483433050594387,3.1853012202892312,215,0.0003252302353280006,False
P04_s0.1_seed410001,B2,48.798496903639659,-0.67751867268283483,1.8699637055447191,-6.9960809711001506,3.1893602626394886,230,0.00035327889411258481,False
P04_s0.1_seed410001,B2,52.176388036240297,-0.67459738532546787,1.8154868905925354,-8.2276139646210265,3.1911176247726964,190,0.00035327889323819907,False
P04_s0.1_seed410001,B2,48.960000000000001,-0.70710211862716055,1.8515053962615666,-7.0978411193902602,3.1920100983787605,175,0.00032085417850564416,False
P04_s0.1_seed410001,B2,52.07367819721091,-0.73054600143274229,1.5405725915341437,-9.4216929461598937,3.1928215792081311,200,0.00035327889413277081,False
P04_s0.1_seed410001,B2,51.190884080056357,-0.72620377416455018,2.4958734472738948,-6.1949018087662324,3.1964679846390553,195,0.0003532788938855931,False
P04_s0.1_seed410001,B2,49.219999999999999,-0.70581881757333753,2.1106313458245922,-6.458999670651866,3.1966170879924563,230,0.00032205373839301371,False
P04_s0.1_seed410001,B2,46.573382689328682,-0.68290997101735229,1.8536522122574961,-6.2484343595382814,3.1974939829152746,165,0.00035327889413183742,False
P04_s0.1_seed410001,B2,48.447252688202745,-0.73240726141414925,2.3225282461169332,-5.9238123934783538,3.1976035437848074,165,0.00035327889359258198,False
P04_s0.1_seed410001,B2,48.939977499436679,-0.67731212713658184,1.8900048884144138,-6.9791692668210494,3.1978937933893108,190,0.00035327889398719444,False
P04_s0.1_seed410001,B2,52.067017318571196,-0.674567090791375,1.5543944169010802,-9.3843431707442448,3.1991497332500312,200,0.00035327889413484407,False
P04_s0.1_seed410001,B2,50.299999999999997,-0.70390987502919355,2.1117503677356257,-6.7509611881182821,3.2011352636571924,210,0.0003237773602697077,False
P04_s0.1_seed410001,B2,51.04090132710585,-0.73012342600636781,2.1122627648100956,-6.9631080324530181,3.2014442292733771,170,0.000353278893933255,False
P04_s0.1_seed410001,B2,52.579999999999998,-0.70184403368177173,1.5188932555959593,-9.7483028366810114,3.2032939313203177,225,0.00032554298820818342,False
P04_s0.1_seed410001,B2,46.441926986507816,-0.74309504090086875,2.1105332978680842,-5.6692360051988864,3.2041582502206025,165,0.00035327889410179439,False
P04_s0.1_seed410001,B2,52.640000000000001,-0.70209038926545808,1.4003907133006634,-10.491525031896895,3.2051761719653857,215,0.00032526206436493183,False
P04_s0.1_seed410001,B2,49.763550312259326,-0.73036214598455018,2.1278112761401573,-6.6862581629876079,3.2061146147483468,210,0.00035327889397566368,False
P04_s0.1_seed410001,B2,52.535952137407648,-0.67452808879636006,1.4978555056955414,-9.8566075071191861,3.2062378624306862,190,0.000353278894036471,False
P04_s0.1_seed410001,B2,52.039999999999999,-0.70267358401188207,1.5378460512744749,-9.4398910956078943,3.207535086298074,195,0.00032474451046802762,False
P04_s0.1_seed410001,B2,58.740000000000002,-0.69204218804889994,1.8650404673111647,-10.091478884462118,3.2079327703382803,230,0.00033648666231327979,False
P04_s0.1_seed410001,B2,53.879461224365137,-0.7246293440961713,1.8583708359127251,-8.6057625153692801,3.2093750591232517,175,0.0003532788941303526,False
P04_s0.1_seed410001,B2,52.579999999999998,-0.70201610098480882,1.4595620063719059,-10.093177573585514,3.2099141712882195,215,0.00032535452196930694,False
P04_s0.1_seed410001,B2,51.039999999999999,-0.7026484668748556,2.1125489754583722,-6.9508292949012827,3.2116681594736902,170,0.00032496708782308768,False
P04_s0.1_seed410001,B2,53.880000000000003,-0.6988415354105022,1.8576772419136605,-8.6093562439821287,3.2128067317098079,175,0.00032871551277280494,False
P04_s0.1_seed410001,B2,52.377873519708551,-0.67461594381037759,1.815420072246914,-8.2831559142494644,3.2138865266166809,210,0.00035327889373528554,False
P04_s0.1_seed410001,B2,53,-0.69958923433548803,2.0750212662971319,-7.5978874753304799,3.2144487158554371,200,0.00032800672509095098,False
P04_s0.1_seed410001,B2,46.723517886340026,-0.73982669292587833,2.122443360123623,-5.811509069891482,3.214823238747226,230,0.00035327889394152806,False
P04_s0.1_seed410001,B2,57.940878808520871,-0.6709787271196479,1.9417341283405616,-9.5009624882817505,3.2163939545697806,245,0.00035327889285168441,False
P04_s0.1_seed410001,B2,52.18,-0.70163430676297722,1.8156793949000531,-8.2368506171259028,3.2170523463462746,190,0.00032585020130405468,False
P04_s0.1_seed410001,B2,48.939999999999998,-0.70701387016571471,1.891288194902657,-6.9700839151760574,3.2186743808703246,190,0.00032094317815757704,False
P04_s0.1_seed410001,B2,48.640000000000001,-0.7076973713978999,1.8511490338405101,-6.9991910836392357,3.2187690469009089,160,0.00032035464251673992,False
P04_s0.1_seed410001,B2,49.159999999999997,-0.70592732545228298,2.1105707984713313,-6.4427707222251271,3.2201104441408832,160,0.00032195854403030058,False
P04_s0.1_seed410001,B2,52.560000000000002,-0.70176195158736643,1.558445099725787,-9.5256838724411601,3.2203306622028949,225,0.00032563696851673792,False
P04_s0.1_seed410001,B2,50.037049418651847,-0.67644015796960755,1.9128044575850316,-7.2274451581446915,3.2215230451394539,250,0.00035327889412628012,False
P04_s0.1_seed410001,B2,57.939999999999998,-0.69288331953234217,1.9428996717033573,-9.4983941872489268,3.2220453572767105,245,0.00033548701740759201,False
P04_s0.1_seed410001,B2,49.759999999999998,-0.70479318037870664,2.1311014587698716,-6.5555803708671467,3.2242397899165764,210,0.00032297538868271625,False
P04_s0.1_seed410001,B2,52.381818308331987,-0.67450112567181719,1.5162156136575942,-9.7009499145924885,3.227351320068041,205,0.00035327889412776906,False
P04_s0.1_seed410001,B2,50.41982315099672,-0.67717478587944946,1.8558765531630184,-7.4825159267527654,3.2279872150933655,170,0.00035327889409240992,False
P04_s0.1_seed410001,B2,49.837303211634051,-0.74081395871463407,2.113746035086403,-6.312104073407685,3.2290456505805403,240,0.00035327889281264239,False
P04_s0.1_seed410001,B2,52.5,-0.69891315546632293,2.5920760179140085,-6.231705747516286,3.229328395141569,245,0.00032889164567293308,False
P04_s0.1_seed410001,B2,48.799999999999997,-0.70733589462680935,1.871229588475936,-6.9875354264772662,3.2306874559579555,230,0.00032066401987495684,False
P04_s0.1_seed410001,B2,52.119999999999997,-0.70248307483025829,1.5577712120863627,-9.3652784803482909,3.2312924280765749,175,0.00032493458946717123,False
P04_s0.1_seed410001,B2,48.277434164088305,-0.67748435625817205,2.4290231352863154,-5.5473454503596944,3.2314834773191432,155,0.00035327889410537714,False
P04_s0.1_seed410001,B2,48.560000000000002,-0.70709003011014715,2.0900485521360674,-6.3277244910846386,3.231786740787526,150,0.00032095006832414633,False
P04_s0.1_seed410001,B2,52.460000000000001,-0.70106637206907196,1.8557627893056658,-8.1741668442342643,3.2329545967770379,150,0.00032642766583056946,False
P04_s0.1_seed410001,B2,52.539999999999999,-0.70196654392428937,1.4990461348308846,-9.8450873981066742,3.2342183730020397,190,0.00032541629738528315,False
P04_s0.1_seed410001,B2,52.380000000000003,-0.70130963823705805,1.8159447267742901,-8.2995520409118804,3.2361738904408179,210,0.00032617158065617662,False
P04_s0.1_seed410001,B2,58.68,-0.69202109064724782,1.9044884527162793,-9.8900673363557114,3.237030528315572,195,0.00033652516598135698,False
P04_s0.1_seed410001,B2,52.063799658957279,-0.67487541837723342,1.477252110980847,-9.796472884646338,3.2383820169892399,195,0.00035327889406117969,False
P04_s0.1_seed410001,B2,45.640000000000001,-0.71347791121785065,1.9078835114760111,-5.9238796853478659,3.2391003154711986,240,0.00031599391163687751,False
P04_s0.1_seed410001,B2,47.920000000000002,-0.70835868631814281,2.0694963378388995,-6.1993352311483259,3.240170364946426,230,0.0003198893940592316,False
P04_s0.1_seed410001,B2,51.18,-0.70124819800724225,2.5110898782788795,-6.0880358284386649,3.2402268954355518,195,0.00032647455603974966,False
P04_s0.1_seed410001,B2,52.060000000000002,-0.70275659089348519,1.4982852403878615,-9.6632802274666023,3.2404843347268932,195,0.00032465146729793968,False
P04_s0.1_seed410001,B2,48.32,-0.70817310237089914,1.8906163991743898,-6.7829170095943701,3.2423382004220689,165,0.00031997617151928784,False
P04_s0.1_seed410001,B2,52.222838113033809,-0.67469444573450499,1.4958587890369199,-9.7526864356380738,3.2423401452190932,210,0.00035327889411967392,False
P04_s0.1_seed410001,B2,49.840000000000003,-0.70471284413405566,2.1112669932280825,-6.6266445571022992,3.24413044694349,240,0.00032304106771858723,False
P04_s0.1_seed410001,B2,52.060000000000002,-0.70281472523569,1.478497818573989,-9.7756156666921985,3.2453855253675363,195,0.00032458910467131975,False
P04_s0.1_seed410001,B2,46.719999999999999,-0.71050945480292171,2.1281951596483708,-5.7403020349206981,3.2454585006399261,230,0.00031821891628031339,False
P04_s0.1_seed410001,B2,52.079999999999998,-0.7026072573162282,1.537907326707378,-9.4546662666688182,3.2490410413355959,200,0.00032480824365930313,False
P04_s0.1_seed410001,B2,50.737143396831868,-0.67590367162130782,1.8745956044647876,-7.5599750218401525,3.2493528243062695,235,0.00035327889412689666,False
P04_s0.1_seed410001,B2,50.420000000000002,-0.70448231370314351,1.8532013235729099,-7.5474299024167175,3.2494200503238657,170,0.00032315968785171406,False
P04_s0.1_seed410001,B2,50.431221506219963,-0.67465684662657832,1.8412738025634872,-7.651413891914407,3.2501188750154637,170,0.00035327889413511464,False
P04_s0.1_seed410001,B2,52.380000000000003,-0.70217064995025935,1.5185777210280909,-9.673547149624067,3.2534000008577162,205,0.00032522387346454741,False
P04_s0.1_seed410001,B2,52.219999999999999,-0.70249161871115717,1.498537189231163,-9.7239036809528407,3.2571243090152913,210,0.0003249062145031041,False
P04_s0.1_seed410001,B2,49.479999999999997,-0.7061512815082206,1.8520962630857554,-7.2580642077066413,3.2614578980144375,250,0.00032167079079608441,False
P04_s0.1_seed410001,B2,48.280000000000001,-0.70653985551812304,2.4287204593582983,-5.5633214943774147,3.2614822294604129,155,0.00032154273926946592,False
P04_s0.1_seed410001,B2,48.960000000000001,-0.7079188021003131,1.5930154345511611,-8.0370603975906114,3.2625779241878226,155,0.00032007928750930892,False
P04_s0.1_seed410001,B2,52.960000000000001,-0.6996517202370145,2.0749729131238221,-7.5869051986178819,3.2650675720400488,240,0.00032794197760836513,False
P04_s0.1_seed410001,B2,49,-0.70803307471282606,1.5334904928119515,-8.3135702145956891,3.2652200785100227,155,0.00031996400406751244,False
P04_s0.1_seed410001,B2,49.523035415206984,-0.67596790204123103,1.8887405349274018,-7.1923621357364267,3.2653331491200346,250,0.00035327889412803344,False
P04_s0.1_seed410001,B2,46.439999999999998,-0.71114033192487081,2.1080055632071772,-5.7061374073141113,3.2684868097118462,165,0.00031773739415787838,False
P04_s0.1_seed410001,B2,52.060000000000002,-0.70258235910744193,1.5576802683934248,-9.3433940218403144,3.2717529002949219,200,0.00032483892063338776,False
P04_s0.1_seed410001,B2,55.939403932642776,-0.67182688916211575,1.8797627727665827,-9.1574896237905339,3.2789593511823631,235,0.00035327889410433712,False
P04_s0.1_seed410001,B2,46.579999999999998,-0.71172545141203014,1.8489874377861477,-6.3632376761259914,3.2808484877262503,165,0.00031721079353953243,False
P04_s0.1_seed410001,B2,50.640000000000001,-0.70410066644151892,1.8534668176780247,-7.6151026854874857,3.2832303511014898,150,0.0003235100969753879,False
P04_s0.1_seed410001,B2,48.439999999999998,-0.70655828268563481,2.3291400283751522,-5.78412603061129,3.2875372503523748,165,0.00032149040610061111,False
P04_s0.1_seed410001,B2,48.882724923439689,-0.75893679643177325,2.0030448267283809,-5.522186320949853,3.2880293626287984,150,0.00035327889405602084,False
P04_s0.1_seed410001,B2,48.5,-0.70707562970107707,2.1298441068377518,-6.2179346160627098,3.2891231557905578,160,0.00032097666362431706,False
P04_s0.1_seed410001,B2,50.039839733718132,-0.73586494163396932,1.8983126177126555,-7.1904054494912302,3.2902578962079985,250,0.00035327889412721915,False
P04_s0.1_seed410001,B2,47.979999999999997,-0.70830828926281608,2.0496261841803256,-6.2634802098818056,3.2906549635421736,165,0.00031992322156842014,False
P04_s0.1_seed410001,B2,49.879471460295719,-0.67605292495514124,1.9303442981395529,-7.1488528659854218,3.2923964033753421,240,0.00035327889356059363,False
P04_s0.1_seed410001,B2,50.439999999999998,-0.70450762166471981,1.8333430617285995,-7.6213401369845419,3.2930118089168459,170,0.0003231296349659783,False
P04_s0.1_seed410001,B2,51.920510756201679,-0.67444305637153157,1.8935221485953639,-7.874959857655444,3.2979694738196064,160,0.00035327889412092406,False
P04_s0.1_seed410001,B2,55.939999999999998,-0.69576273098821417,1.8804583008201958,-9.1550755238570467,3.3005351035525514,235,0.00033209537488845017,False
P04_s0.1_seed410001,B2,51.920000000000002,-0.7018288438055561,1.8948000154769673,-7.8677184817376897,3.3007303498426319,160,0.00032568616857142982,False
P04_s0.1_seed410001,B2,48.880000000000003,-0.70674925063458549,2.0106884643615053,-6.6171301148315784,3.3011922412240544,150,0.00032121136884274726,False
P04_s0.1_seed410001,B2,49.880000000000003,-0.70518945533751254,1.9321391925114737,-7.1311931087714386,3.3021136637045068,240,0.00032254822058554275,False
P04_s0.1_seed410001,B2,48.859999999999999,-0.70722452842941774,1.8712958627281042,-7.0058358689814577,3.3084269912584685,230,0.00032075781090363067,False
P04_s0.1_seed410001,B2,49.520000000000003,-0.70595573694638536,1.8919350333334826,-7.1450518992894434,3.3144188515890667,250,0.00032185564678621716,False
P04_s0.1_seed410001,B2,48.061850113644148,-0.67890114477342145,1.5698539112870544,-7.820999851183605,3.3217374682000238,235,0.00035327889398358752,False
P04_s0.1_seed410001,B2,51.976520286699603,-0.72997259808329584,1.8587322543946736,-7.9749917163855395,3.3231998029032033,235,0.0003532788940868704,False
P04_s0.1_seed410001,B2,48.261966697433117,-0.67797235983313087,1.9291113536629751,-6.6633171481284492,3.323594404113607,170,0.00035327889412180492,False
P04_s0.1_seed410001,B2,50.740000000000002,-0.70386865655410213,1.8734696790611303,-7.5785641657875704,3.3269806742619723,235,0.0003237318478213297,False
P04_s0.1_seed410001,B2,55.860204747508647,-0.71956873108363162,1.9398180575410984,-8.8934315639754189,3.3270155379557487,235,0.00035327889413439923,False
P04_s0.1_seed410001,B2,55.859999999999999,-0.69571891356433413,1.9398049661485706,-8.8900941371611655,3.3279195471240506,235,0.00033216462454535567,False
P04_s0.1_seed410001,B2,48.060000000000002,-0.70969886544590177,1.572006991377275,-7.79575044744651,3.3299897068943913,235,0.00031864097096575802,False
P04_s0.1_seed410001,B2,51.979999999999997,-0.70184596285820811,1.8551400233671798,-8.0268582776941884,3.3383115967709251,235,0.00032565574180047673,False
P04_s0.1_seed410001,B2,49.226070910631634,-0.74274553410276045,2.0005407072121382,-6.4272998911460064,3.3442781874919083,250,0.00035327889390629599,False
P04_s0.1_seed410001,B2,53.1041147368202,-0.67258312371651741,1.8730135337700111,-8.3581846924396928,3.3471619243879567,250,0.00035327889413190887,False
P04_s0.1_seed410001,B2,52.077947348838464,-0.72899069470978439,2.0566229728441656,-7.3572887451024656,3.3610446287051823,170,0.00035327889410138213,False
P04_s0.1_seed410001,B2,52.079999999999998,-0.7011079570764932,2.0540384575892205,-7.403667854430326,3.3642011815464778,170,0.00032645425545488099,False
P04_s0.1_seed410001,B2,50.039999999999999,-0.70502794413217318,1.8925300472794917,-7.3018155151972586,3.3777162663187013,250,0.00032267911715785479,False
P04_s0.1_seed410001,B2,48.259999999999998,-0.70815936750653941,1.9303794634413494,-6.6524293504304728,3.381018815809834,170,0.0003200017568593922,False
P04_s0.1_seed410001,B2,50.039999999999999,-0.70496724253052734,1.9124240957568772,-7.2394816383289209,3.3917195723901918,250,0.00032274075243290186,False
P04_s0.1_seed410001,B2,53.100000000000001,-0.69999279317678353,1.8764643712132789,-8.2955231264732738,3.3962924466521889,250,0.00032752267292436896,False
P04_s0.1_seed410001,B2,49.219999999999999,-0.70612793556458953,2.01104432230736,-6.7136489924392926,3.4037024514237126,250,0.00032174769050522423,False
P04_s0.1_seed410001,B3,47.410003047075961,-0.68875302341009181,1.5723826474436815,-7.1360914953691443,0.0023423347274088781,180,0.00035327889413493439,True
P04_s0.1_seed410001,B3,47.410018664315672,-0.68101390757793023,1.5735121664497138,-7.5025041127185927,0.0044906922424568776,180,0.00035327889410732919,True
P04_s0.1_seed410001,B3,47.409999999999997,-0.71097968975665593,1.5712116595207206,-7.5597692361045423,0.51724744202237705,180,0.0003176608847631597,False
P04_s0.1_seed410001,B3,47.404112099066182,-0.67927262046584325,1.5871149318003208,-7.5328684004045652,1.4912494155098457,180,0.00035327889413514597,False
P04_s0.1_seed410001,B3,47.421673242590046,-0.74299689575098959,1.5569752142815407,-7.5665148568410814,1.5416703204786146,180,0.00035327889412824941,False
P04_s0.1_seed410001,B3,47.393411543205602,-0.67959763280264518,1.5983876443501603,-7.4682509808530471,2.2793296050830518,180,0.00035327889413052044,False
P04_s0.1_seed410001,B3,47.43,-0.71100565163257223,1.5513539063235298,-7.6471811135834136,2.3251373357332024,180,0.00031763431642750281,False
P04_s0.1_seed410001,B3,47.421700220726088,-0.6796721542559423,1.5789485817118998,-7.5511318584162881,2.4400709330794954,185,0.00035327889413447133,False
P04_s0.1_seed410001,B3,47.420000000000002,-0.71092677210873201,1.5811658027073052,-7.5241058424951452,2.4677498231246475,185,0.00031770412038792715,False
P04_s0.1_seed410001,B3,47.390000000000001,-0.71092076460487608,1.6010167396668049,-7.4362815460451008,2.5100722759460279,180,0.00031771577195765263,False
P04_s0.1_seed410001,B3,47.433648643643203,-0.74395497279317624,1.5611377233022696,-7.5022196590162142,2.5730472593840763,185,0.00035327889412559187,False
P04_s0.1_seed410001,B3,47.409999999999997,-0.71091378895593127,1.5910967498317095,-7.4817134602673878,2.7453820818905839,185,0.00031771743376121056,False
P04_s0.1_seed410001,B3,49.162830958569714,-0.73413042588608057,2.1157266788113467,-6.4682985395516965,2.751992852414392,160,0.00035327889401756332,False
P04_s0.1_seed410001,B3,48.814705325143407,-0.6754692893077312,2.0936337098806508,-6.4552883938694094,2.7801338553510417,150,0.00035327889410970994,False
P04_s0.1_seed410001,B3,49.159999999999997,-0.70589640632725104,2.1205319226694948,-6.4186956996759141,2.7915213626739286,160,0.00032198920992339432,False
P04_s0.1_seed410001,B3,47.40916235691418,-0.67899440566790936,1.5959517137960331,-7.5127840039989442,2.7995401198832832,185,0.0003532788941256264,False
P04_s0.1_seed410001,B3,55.929543758159518,-0.67298820269919535,1.9919131730909645,-8.6515292864066939,2.8292753521644158,220,0.00035327889385842776,False
P04_s0.1_seed410001,B3,48.977207448374081,-0.73767260760620168,1.5626998880878502,-8.1841650186324379,2.8331921015234114,155,0.00035327889412352793,False
P04_s0.1_seed410001,B3,47.439999999999998,-0.71098567705076443,1.5513660919348247,-7.6508595413810712,2.8371130282882486,185,0.00031764926878100454,False
P04_s0.1_seed410001,B3,47.399999999999999,-0.71090080402981914,1.6010285565511664,-7.4398468183262567,2.8447399283400232,180,0.00031773075458065193,False
P04_s0.1_seed410001,B3,48.810000000000002,-0.7065968247486083,2.1002587845831635,-6.3719386180590929,2.8631070614764726,150,0.00032137421642804945,False
P04_s0.1_seed410001,B3,52.423715157072124,-0.72840310881892378,1.4633908108252205,-10.087286665324591,2.8647254489008573,205,0.00035327889412779741,False
P04_s0.1_seed410001,B3,52.428105466997579,-0.73097460741428577,1.4568905168276902,-9.9739335998695857,2.8666978689132683,205,0.00035327889413505446,False
P04_s0.1_seed410001,B3,52.430264281782911,-0.6745893697793246,1.4575214052002849,-10.058094356587116,2.871599466118409,205,0.00035327889412729109,False
P04_s0.1_seed410001,B3,48.558484655672771,-0.67855770399342319,1.8722182250520851,-6.8820973210087732,2.8718563434280799,175,0.00035327889409002982,False
P04_s0.1_seed410001,B3,52.420000000000002,-0.70224909175540118,1.4691862192430865,-9.9719915464557811,2.8719878013653672,205,0.00032513092559102421,False
P04_s0.1_seed410001,B3,53.636918121918725,-0.72694437590087091,1.8429935399922841,-8.5077847920107459,2.8757260661532764,150,0.00035327889413020082,False
P04_s0.1_seed410001,B3,48.560000000000002,-0.7077841154580633,1.8709664139060458,-6.9143205525465214,2.8845687450553599,175,0.00032028972000504882,False
P04_s0.1_seed410001,B3,48.979999999999997,-0.70797593886491095,1.5632484184982784,-8.1726843184622311,2.88536894901043,155,0.00032002159767484536,False
P04_s0.1_seed410001,B3,52.436764448736895,-0.73069253303773429,1.4460985959623385,-10.061311958274604,2.8888845197374065,205,0.00035327889413177974,False
P04_s0.1_seed410001,B3,55.289465521111183,-0.72150038050934207,1.9904671289220466,-8.4951813137347436,2.8890521022129589,210,0.00035327889409706971,False
P04_s0.1_seed410001,B3,52.278925339210438,-0.72899403028918464,1.9874945522984881,-7.6171461562992677,2.904023467989493,240,0.00035327889409910888,False
P04_s0.1_seed410001,B3,52.193207486956958,-0.67592944120244436,1.87379884669165,-7.9505422673441188,2.9127929395913252,180,0.00035327889406698825,False
P04_s0.1_seed410001,B3,52.439999999999998,-0.7023027120665768,1.4395648674503654,-10.159306522007491,2.9131973490183793,205,0.00032506888973404796,False
P04_s0.1_seed410001,B3,47.439145727276326,-0.67969587261332798,1.5793563157726078,-7.5534868898206344,2.9194499273245054,240,0.00035327889412023125,False
P04_s0.1_seed410001,B3,50.642759029335792,-0.73404836310418631,1.4974995251836187,-9.1121141685627798,2.9196446494825734,225,0.0003532788939073153,False
P04_s0.1_seed410001,B3,50.644661923716583,-0.73603428345166844,1.4947361782498452,-9.013389328286479,2.9212699951805674,225,0.00035327889412007762,False
P04_s0.1_seed410001,B3,55.060898739153103,-0.67356957448927801,1.9893341583666762,-8.403752445440702,2.9236249046613061,180,0.00035327889396832824,False
P04_s0.1_seed410001,B3,53.134548221828268,-0.6705324191430968,2.1194193415367097,-7.6178623397821079,2.9288708697175578,180,0.00035327889407702552,False
P04_s0.1_seed410001,B3,45.130361157564103,-0.7474915998810916,1.8613611652822544,-5.8547737376168705,2.9290427048797283,215,0.00035327889412116247,False
P04_s0.1_seed410001,B3,58.998782372719589,-0.67167943950134745,1.9960404950315849,-9.5331135061573384,2.9362081170065277,165,0.00035327889406364419,False
P04_s0.1_seed410001,B3,52.522338601734397,-0.72773252594584648,1.8368253291289722,-8.274817954317923,2.9383014988551954,180,0.00035327889403051894,False
P04_s0.1_seed410001,B3,45.312490087469868,-0.68179269521608354,1.8847315978393326,-5.8993609875583388,2.9395324323496688,230,0.00035327889411041223,False
P04_s0.1_seed410001,B3,49.097964455853493,-0.67867435714364621,1.5664669356241163,-8.1643425459848782,2.9396989543347916,170,0.0003532788940849293,False
P04_s0.1_seed410001,B3,48.371306898944567,-0.67954540657661155,1.981216151858662,-6.4809226451080253,2.9415201674269245,215,0.00035327889370201241,False
P04_s0.1_seed410001,B3,52.404682295523799,-0.67461555429205333,1.4866497393110221,-9.8726091898801194,2.9446217319880872,205,0.00035327889413212864,False
P04_s0.1_seed410001,B3,53.898966655697691,-0.72586905331183971,1.9870132502429902,-8.0534378372250401,2.9451015097564883,245,0.00035327889381368312,False
P04_s0.1_seed410001,B3,52.12256283793073,-0.72975915911670164,1.544662094732997,-9.4553890515454313,2.9523635701391417,175,0.00035327889409972579,False
P04_s0.1_seed410001,B3,48.636139963803728,-0.73385510264840104,1.852731179033994,-7.1517219177036617,2.954811364246551,160,0.00035327889399347842,False
P04_s0.1_seed410001,B3,52.247319251633911,-0.73006337412467825,1.5101715953108483,-9.6634348659340112,2.9549237883009392,220,0.00035327889407046984,False
P04_s0.1_seed410001,B3,48.778078068905195,-0.73579717176151149,2.1099984629273316,-6.3515783701969966,2.9590892632538002,240,0.0003532788941222901,False
P04_s0.1_seed410001,B3,58.407732333510538,-0.67160693450627562,1.9942231211316281,-9.3804033691019786,2.9597282275115067,245,0.00035327889378820339,False
P04_s0.1_seed410001,B3,52.119999999999997,-0.70251205034994246,1.547869319795055,-9.4170264102476828,2.9604794252088849,175,0.00032490328218949923,False
P04_s0.1_seed410001,B3,52.25,-0.70241320496803539,1.508478617819403,-9.6797419280204196,2.9605580495149755,220,0.00032498529276809977,False
P04_s0.1_seed410001,B3,55.289999999999999,-0.69640070842594315,1.9885927859379355,-8.5374808778450078,2.9607109264818647,210,0.00033141263583638333,False
P04_s0.1_seed410001,B3,50.640000000000001,-0.70518203262349977,1.4961230916379125,-9.1243450508004944,2.9617345242262942,225,0.00032240252106063264,False
P04_s0.1_seed410001,B3,49.100000000000001,-0.7077518647762705,1.5634060762461026,-8.216428482446867,2.9632807747125849,170,0.00032020715634332325,False
P04_s0.1_seed410001,B3,48.95627103650483,-0.67870792048601292,1.874860518352659,-6.9699223746205075,2.9672622997881644,160,0.00035327889412940366,False
P04_s0.1_seed410001,B3,52.61729912743963,-0.67510848285110292,2.0774512463409485,-7.4230986074329728,2.9698058057470336,205,0.00035327889359872697,False
P04_s0.1_seed410001,B3,53.130000000000003,-0.69924748476489396,2.1248867999954593,-7.4854104849048504,2.9699144149408272,180,0.00032837952872188665,False
P04_s0.1_seed410001,B3,59,-0.69139360234403557,1.9940304527661081,-9.5954894834984277,2.9703260126587288,165,0.00033732998919554815,False
P04_s0.1_seed410001,B3,52.601374842222341,-0.67469887969708786,1.4193911283138725,-10.352686325198423,2.9720942476658041,220,0.00035327889386312057,False
P04_s0.1_seed410001,B3,52.451040556618949,-0.73066258622154034,1.4263294296320781,-10.19394856269351,2.9726410753811945,205,0.0003532788941322093,False
P04_s0.1_seed410001,B3,47.439999999999998,-0.71088687190487587,1.5811897499185175,-7.5313250364747661,2.9735400497302558,240,0.00031773407576530214,False
P04_s0.1_seed410001,B3,47.818584265728461,-0.6791558454386637,1.5808354476797506,-7.6883314370895954,2.9740779270435409,205,0.00035327889285127664,False
P04_s0.1_seed410001,B3,55.369618570012769,-0.67347145502654016,1.991328545624353,-8.4825974439683343,2.9751956192530051,175,0.00035327889410964532,False
P04_s0.1_seed410001,B3,52.600000000000001,-0.70209827997392582,1.4200729761017912,-10.347072749509625,2.9758611432766426,220,0.00032526101270338508,False
P04_s0.1_seed410001,B3,52.399999999999999,-0.70222427845400626,1.4889315373022194,-9.8487139580480321,2.9767982253828085,205,0.00032516170466829184,False
P04_s0.1_seed410001,B3,52.239712817615093,-0.67397814629949515,1.522644633191923,-9.6479358556604708,2.9781013513111128,220,0.00035327889412649518,False
P04_s0.1_seed410001,B3,55.93,-0.6954895343596933,1.9894820805627713,-8.7204023640749835,2.9784055442911086,220,0.00033244206298090132,False
P04_s0.1_seed410001,B3,47.188955071631312,-0.678462969058927,2.3463946753212843,-5.4458157571564492,2.9853233384290982,205,0.00035327889408854403,False
P04_s0.1_seed410001,B3,52.254060780273832,-0.73146350334529231,1.4969990571828993,-9.659274588618203,2.9862848129447022,220,0.00035327889413120229,False
P04_s0.1_seed410001,B3,52.200000000000003,-0.70145817037105807,1.8653553496373141,-8.0581924224257069,2.987030290721012,180,0.0003260411886571343,False
P04_s0.1_seed410001,B3,53.687978445673359,-0.67526938579232443,1.9899400359327715,-7.9665217485459765,2.9893124207548265,225,0.00035327889273862196,False
P04_s0.1_seed410001,B3,53.899999999999999,-0.69845420117818979,1.9867316303594564,-8.1396446603651516,2.9896332092456452,245,0.00032916994386894517,False
P04_s0.1_seed410001,B3,45.540422922428434,-0.74539701645667744,1.9785951948048051,-5.724125614801201,2.9903694243320409,235,0.00035327889413285803,False
P04_s0.1_seed410001,B3,47.82,-0.71013514236363118,1.5816495412851217,-7.6684461747910353,2.9918841576623407,205,0.00031830600177591451,False
P04_s0.1_seed410001,B3,52.520000000000003,-0.70102687187562696,1.8359850425413944,-8.2671875993387047,2.9932627802378331,180,0.00032646042206574931,False
P04_s0.1_seed410001,B3,48.780000000000001,-0.70662073113514368,2.1101912969639116,-6.3399662250608682,2.995434806703996,240,0.00032135727701582557,False
P04_s0.1_seed410001,B3,45.310000000000002,-0.71425244405638777,1.8876444265516978,-5.8724344775049131,2.9974893088488788,230,0.00031546377358253287,False
P04_s0.1_seed410001,B3,55.448753657803692,-0.67406456416140692,1.993192467962642,-8.4696755140659121,2.9978351816964226,225,0.00035327889410436867,False
P04_s0.1_seed410001,B3,49.368155988698732,-0.7356210334663551,1.9828286981932604,-6.8127993409753032,2.9978633004953146,180,0.00035327889413319208,False
P04_s0.1_seed410001,B3,52.756501314688691,-0.6751205630928494,1.4137192831224832,-10.419067988705725,3.0011152749265366,205,0.00035327889412213549,False
P04_s0.1_seed410001,B3,50.260298124205939,-0.67584447986625484,1.8906022764899217,-7.3835002781560206,3.0011509985409974,155,0.00035327889413242191,False
P04_s0.1_seed410001,B3,47.189999999999998,-0.70886094854695236,2.3480078641922475,-5.4422228774329309,3.0022405311111657,205,0.00031958641863698674,False
P04_s0.1_seed410001,B3,52.759999999999998,-0.70186639767346803,1.4104694732831426,-10.475043015923935,3.0053203516946851,205,0.00032548445691885758,False
P04_s0.1_seed410001,B3,52.258737801114371,-0.73536954009927857,1.4903980372854997,-9.4588986661496399,3.0066111063025862,220,0.00035327889412420317,False
P04_s0.1_seed410001,B3,48.50317228926977,-0.73553238078969585,2.118049480904562,-6.2933175347318464,3.0078970381589158,160,0.00035327889410124882,False
P04_s0.1_seed410001,B3,45.178088353204124,-0.75063355751417937,1.9782595548858599,-5.4535137681219723,3.0088402115107371,160,0.00035327889405002558,False
P04_s0.1_seed410001,B3,51.388721990182731,-0.73016066213758979,1.9843281716654784,-7.4134251421684594,3.0141011358017726,170,0.0003532788940641291,False
P04_s0.1_seed410001,B3,48.658181971931178,-0.67995241786523053,1.886130728311219,-6.8059795977271769,3.0143980926951115,150,0.00035327889393519773,False
P04_s0.1_seed410001,B3,55.738589658582477,-0.72106992202226472,1.9928768391551865,-8.5867282299057379,3.015255050871207,155,0.0003532788941243883,False
P04_s0.1_seed410001,B3,55.127133551798856,-0.72168588151688606,1.9898990644049404,-8.4593484459408081,3.0153083880816136,175,0.00035327889412961914,False
P04_s0.1_seed410001,B3,50.259999999999998,-0.70464120245588702,1.8927860745259224,-7.3681083466796577,3.0186591509019882,155,0.0003230288292504392,False
P04_s0.1_seed410001,B3,50.149683131705366,-0.7338009344088654,1.9845109087484971,-7.0282861815916897,3.0224691420368095,160,0.00035327889396743025,False
P04_s0.1_seed410001,B3,52.619999999999997,-0.70018668224420166,2.0745650094386545,-7.4935353982900859,3.0225154561108414,205,0.00032739171167160295,False
P04_s0.1_seed410001,B3,48.960000000000001,-0.7070395255432177,1.8714067468966993,-7.0363336769208118,3.0232215788591121,160,0.00032091431402331169,False
P04_s0.1_seed410001,B3,47.55916807487575,-0.68063314853606194,1.9815251940639098,-6.2410712485126556,3.0236533714784426,180,0.0003532788940889576,False
P04_s0.1_seed410001,B3,56.019363848029407,-0.71925156825648617,1.8806068182433937,-9.1924133693943659,3.02493177653542,220,0.00035327889408660093,False
P04_s0.1_seed410001,B3,55.15204102960179,-0.72099105285771969,1.8778152490970199,-8.9503623034379736,3.0253281898876714,180,0.0003532788938184336,False
P04_s0.1_seed410001,B3,48.580783508279488,-0.73747636537243011,1.9820363743167388,-6.5929098035115068,3.0254960775822366,150,0.00035327889410368503,False
P04_s0.1_seed410001,B3,52.487664150340876,-0.67477428676534768,1.8072203250847347,-8.3386443049346681,3.026620296117656,190,0.00035327889411003151,False
P04_s0.1_seed410001,B3,48.538253128695452,-0.73749896116710101,1.9815049737601345,-6.5856345194111441,3.028693606415203,240,0.00035327889413011804,False
P04_s0.1_seed410001,B3,55.222924595108125,-0.67240646022756767,1.8986677002188719,-8.8497815071291281,3.0291954971098569,165,0.00035327889412731153,False
P04_s0.1_seed410001,B3,52.489646509099323,-0.68283758194343136,1.8029586508666746,-7.9833324576229732,3.0301213516725607,190,0.00035327889412166289,False
P04_s0.1_seed410001,B3,52.568453620596998,-0.72899316854835217,1.5389608354101705,-9.6377874584747012,3.0322541337642197,225,0.0003532788941228071,False
P04_s0.1_seed410001,B3,52.263505197664855,-0.73087709427516145,1.4845972318205691,-9.7699377097241502,3.0341014646094306,220,0.00035327889413158485,False
P04_s0.1_seed410001,B3,52.490000000000002,-0.70116064591970906,1.8061659707832574,-8.3727289664647628,3.0364098716378725,190,0.00032631658022202553,False
P04_s0.1_seed410001,B3,52.600000000000001,-0.70212699541966639,1.4101967284997698,-10.410757806780474,3.0370020646390818,220,0.00032522970348819078,False
P04_s0.1_seed410001,B3,48.408914105717834,-0.73819315358240889,1.9822115903815409,-6.5312356309358304,3.0384265356580977,175,0.00035327889402202601,False
P04_s0.1_seed410001,B3,52.57,-0.70180299036275695,1.5386662769618913,-9.6355633225177648,3.0401051748414183,225,0.00032558995719873639,False
P04_s0.1_seed410001,B3,56.020000000000003,-0.69564979306684205,1.8805769500069365,-9.1792339394218772,3.0419668101993675,220,0.00033222368985682133,False
P04_s0.1_seed410001,B3,49.628014818840526,-0.7344805207791314,1.9825648955220636,-6.909365004289155,3.0420515104806807,185,0.0003532788941081257,False
P04_s0.1_seed410001,B3,52.493516797323387,-0.72664103531033586,1.7987223896970854,-8.4774191025916927,3.0444575190332852,190,0.00035327889412415487,False
P04_s0.1_seed410001,B3,52.791014104980015,-0.72751405741471231,1.3781143540699927,-10.81253072704067,3.0461559961627978,205,0.00035327889412796384,False
P04_s0.1_seed410001,B3,52.460000000000001,-0.70232751185783704,1.4198373265357755,-10.291184779293589,3.0468016526120452,205,0.00032503818663419062,False
P04_s0.1_seed410001,B3,52.520000000000003,-0.70099839587070045,1.8459128815930126,-8.2296799845881061,3.0472108758226022,180,0.00032649232176173635,False
P04_s0.1_seed410001,B3,52.439999999999998,-0.70224509241089739,1.4593325038021547,-10.038767979876022,3.0480495492829451,205,0.00032513147314356983,False
P04_s0.1_seed410001,B3,55.998663161274052,-0.67348436986202564,1.9920810301814598,-8.6464101449249089,3.0486053462176339,220,0.00035327889402590073,False
P04_s0.1_seed410001,B3,52.789999999999999,-0.70190348018482929,1.3809093056191468,-10.685209438637413,3.0487367902936962,205,0.00032543815995593359,False
P04_s0.1_seed410001,B3,52.581524356675359,-0.71003797506130439,1.4257447408944139,-11.391455951739173,3.0505252011105042,185,0.00035327889412276693,False
P04_s0.1_seed410001,B3,52.581432271744205,-0.72042592812246475,1.4235245295512597,-10.853933134015026,3.050606858428675,185,0.00035327889411067499,False
P04_s0.1_seed410001,B3,52.581338168385813,-0.72339383960651915,1.423035643303308,-10.687958454865885,3.0506237008687043,185,0.00035327889411286854,False
P04_s0.1_seed410001,B3,45.539999999999999,-0.71344910440656018,1.9775838031736606,-5.7328582223877875,3.0515777028277737,235,0.00031603969352892781,False
P04_s0.1_seed410001,B3,59.607761193187109,-0.71036762806757547,1.99767904972923,-9.7778601268255336,3.0517157106481019,240,0.00035327889408899609,False
P04_s0.1_seed410001,B3,52.578204224066916,-0.72943223130717083,1.4300734389239338,-10.278650157598147,3.052395221583434,185,0.00035327889412206854,False
P04_s0.1_seed410001,B3,52.573830306946,-0.72767561692925398,1.4419004005309506,-10.307073678606447,3.0524503005466728,185,0.00035327889412027587,False
P04_s0.1_seed410001,B3,52.590000000000003,-0.70205718819309981,1.4398139603533537,-10.21838492825122,3.054458771867596,220,0.00032530774608765601,False
P04_s0.1_seed410001,B3,52.579999999999998,-0.70210222886911344,1.429917422685018,-10.27633812177578,3.0550144486989512,185,0.0003252604873302255,False
P04_s0.1_seed410001,B3,51.390000000000001,-0.70244373356232515,1.9836155037469989,-7.4194301381342767,3.0550616297308104,170,0.00032511897441353814,False
P04_s0.1_seed410001,B3,52.571202555785412,-0.72844368122244685,1.4498980848001763,-10.208430638571061,3.055257331755536,185,0.0003532788941217848,False
P04_s0.1_seed410001,B3,52.280000000000001,-0.70098528111286629,1.984684307800499,-7.6750630806161704,3.0565319635453085,240,0.00032655301108013696,False
P04_s0.1_seed410001,B3,52.607280996763905,-0.73093793795315509,1.4003757309185816,-10.389577041705801,3.0566627474200021,220,0.00035327889413493526,False
P04_s0.1_seed410001,B3,52.420000000000002,-0.70230672717561737,1.4494149987044607,-10.090800355894396,3.0578796633028085,205,0.00032506832990460691,False
P04_s0.1_seed410001,B3,52.717913937495638,-0.67624354023735922,1.8428220816172214,-8.194203883050065,3.0586097791203808,160,0.0003532788940451052,False
P04_s0.1_seed410001,B3,50.659999999999997,-0.70520725358757363,1.4763387091089131,-9.2372857437153915,3.058661201296657,225,0.00032237309472039552,False
P04_s0.1_seed410001,B3,46.820393894930987,-0.68076075197333008,1.9791103012403508,-6.0658891603548639,3.0604868436233965,250,0.00035327889400631521,False
P04_s0.1_seed410001,B3,52.587006453325181,-0.72951127286094852,1.4110895075554946,-10.40232803385846,3.0610992847622058,185,0.00035327889413414606,False
P04_s0.1_seed410001,B3,48.409999999999997,-0.70771750352738927,1.9803268495678723,-6.5615733747546887,3.0625464913442695,175,0.00032038434110326103,False
P04_s0.1_seed410001,B3,57.928429146799374,-0.67088230646337532,2.0911466615860972,-8.9094398040764862,3.0662350916898564,150,0.00035327889410589159,False
P04_s0.1_seed410001,B3,52.270000000000003,-0.70246696706738254,1.4788329625132008,-9.8562236790555176,3.067439161214176,220,0.00032492331236691014,False
P04_s0.1_seed410001,B3,52.48296064838469,-0.7241289644198643,2.5978131377441578,-6.2407232761433828,3.0678211953746981,245,0.00035327889411580695,False
P04_s0.1_seed410001,B3,52.483997871458683,-0.73403849712994429,2.5975310180064035,-5.8827496249418019,3.0683827701000586,245,0.00035327889413353609,False
P04_s0.1_seed410001,B3,47.560000000000002,-0.70934291315901399,1.9794709541148146,-6.3163775884330731,3.0693151139203194,180,0.00031906749903421762,False
P04_s0.1_seed410001,B3,59.047775703007076,-0.71323970701240214,1.9972966912846963,-9.5368303153133205,3.0705487954313218,215,0.00035327889413337064,False
P04_s0.1_seed410001,B3,50.621311077613178,-0.67605906805154259,1.5229677872276042,-8.996790255097519,3.070582199072843,225,0.00035327889411767833,False
P04_s0.1_seed410001,B3,52.479999999999997,-0.69891624935239871,2.6020208382063936,-6.2084767859365098,3.0706933817427746,245,0.00032889186608631003,False
P04_s0.1_seed410001,B3,52.400877636619036,-0.72890608021746672,1.4652507080005051,-10.039951360698726,3.0730715945493676,200,0.00035327889399691946,False
P04_s0.1_seed410001,B3,53.640000000000001,-0.69926463197332089,1.8375045701463508,-8.6141478714391386,3.074035361015429,150,0.00032826407968044371,False
P04_s0.1_seed410001,B3,52.59106602470699,-0.67455409906632724,1.4479559997861495,-10.175556434714284,3.074677557945527,220,0.00035327889413143935,False
P04_s0.1_seed410001,B3,52.390000000000001,-0.70221186942647129,1.4988067288749118,-9.7882930623889592,3.0753005427535447,205,0.00032517710451639126,False
P04_s0.1_seed410001,B3,58.32920954090261,-0.71794350530423223,1.9927072052080306,-9.1906702655981984,3.0756594634347003,170,0.00035327889413095856,False
P04_s0.1_seed410001,B3,49.858836526761998,-0.67696359592870614,1.8935428777566474,-7.2200387560196528,3.0762164855453316,235,0.00035327889408696923,False
P04_s0.1_seed410001,B3,52.399999999999999,-0.70228191557532804,1.4691537726120523,-9.9642681965028181,3.0773700448199577,200,0.00032509906691003879,False
P04_s0.1_seed410001,B3,52.098159103441049,-0.6761830521599288,1.5420599718613723,-9.3694379484521022,3.0774941126524,205,0.00035327889410762236,False
P04_s0.1_seed410001,B3,45.027762559114421,-0.68425924817397465,2.0775670820466994,-5.3043744660029457,3.078054452317899,230,0.00035327889411965874,False
P04_s0.1_seed410001,B3,52.135787011106608,-0.73142582399351674,1.5252972199449188,-9.4708739887992728,3.0782959396436183,175,0.00035327889412921305,False
P04_s0.1_seed410001,B3,49.220311658969273,-0.73418363957568911,2.1066220802900149,-6.5000625690860367,3.0787716069835311,230,0.00035327889391210471,False
P04_s0.1_seed410001,B3,48.556289128328565,-0.73699768653033537,2.0927525128354687,-6.3102461945538337,3.0787760145415373,150,0.00035327889413358504,False
P04_s0.1_seed410001,B3,48.887749125321442,-0.67760170210736881,1.8707729360484973,-7.012996964009103,3.0791311149581082,190,0.00035327889409648424,False
P04_s0.1_seed410001,B3,49.369999999999997,-0.70594905360909466,1.9813374122432386,-6.8382390818009924,3.0797124578541428,180,0.00032189328451846853,False
P04_s0.1_seed410001,B3,52.38976698729725,-0.67463718227158065,1.4971780706209361,-9.8047355592323271,3.0801213476292957,205,0.00035327889412368053,False
P04_s0.1_seed410001,B3,52.516746514228487,-0.67821174308133436,1.8557902796661057,-8.0001802873211076,3.0804409568964783,220,0.00035327889411509333,False
P04_s0.1_seed410001,B3,46.82,-0.71080603431194234,1.978755601952531,-6.1027432335847873,3.0809447760957145,250,0.00031793952096559282,False
P04_s0.1_seed410001,B3,58.469574339118772,-0.7150301702162869,1.9950826071038348,-9.3553626375012993,3.0811227320009875,165,0.00035327889390351046,False
P04_s0.1_seed410001,B3,52.100000000000001,-0.70257413236543254,1.5379380029171772,-9.4620533982963249,3.0819414122558295,205,0.00032484011520952705,False
P04_s0.1_seed410001,B3,57.327647204665396,-0.71585580404429194,2.0829315495855618,-8.7646120761494508,3.0833099154023369,185,0.00035327889412826291,False
P04_s0.1_seed410001,B3,52.229999999999997,-0.70238834881869538,1.5282397281216669,-9.5634133628620468,3.0863878683600134,220,0.0003250160317678167,False
P04_s0.1_seed410001,B3,49.859999999999999,-0.70534691061224075,1.8923224675108146,-7.2475624883536502,3.0874879728858553,235,0.00032239354957190879,False
P04_s0.1_seed410001,B3,48.630000000000003,-0.7076845089683842,1.8610901627834429,-6.96573095176021,3.0887668957798446,160,0.00032036889876378672,False
P04_s0.1_seed410001,B3,52.590000000000003,-0.7020284863046552,1.4496953935490358,-10.157310816562223,3.0889831612026524,220,0.00032533909524870227,False
P04_s0.1_seed410001,B3,58.329999999999998,-0.69225072106707108,1.9929980216954493,-9.4048541678481801,3.0892674441846975,170,0.00033627188698386257,False
P04_s0.1_seed410001,B3,52.57,-0.70203241681390471,1.4595455695475001,-10.089291757831299,3.0898860981647109,185,0.00032533858547023094,False
P04_s0.1_seed410001,B3,52.748751314240202,-0.73931783326109635,2.0895867873049081,-6.8772777408747015,3.0914170981362199,190,0.0003532788932562551,False
P04_s0.1_seed410001,B3,52.590000000000003,-0.70217206564219858,1.4003051466053718,-10.4712943157641,3.0917229755913431,185,0.00032518249693878589,False
P04_s0.1_seed410001,B3,47.429489528964467,-0.7406234698159313,1.9809303581247193,-6.2554178994233656,3.0932258365459524,195,0.00035327889413140835,False
P04_s0.1_seed410001,B3,50.619999999999997,-0.7051266333386661,1.52582468229543,-8.9641534310508373,3.0964904002959579,225,0.00032246247020486092,False
P04_s0.1_seed410001,B3,46.130384589794666,-0.74585982672918583,1.979062055596688,-5.8128066530268558,3.0971562058810971,170,0.00035327889410328349,False
P04_s0.1_seed410001,B3,52.25,-0.70247103839459912,1.4886920407362392,-9.7915321500985382,3.0985060172529746,220,0.00032492272758421071,False
P04_s0.1_seed410001,B3,45.739330955485308,-0.68326463699440598,1.9795142000700252,-5.7138857442340694,3.0995930596535279,150,0.00035327889383123727,False
P04_s0.1_seed410001,B3,49.470034397055116,-0.67883556759607266,1.8663293791899065,-7.1245840077961962,3.1006469189518335,250,0.00035327889410771473,False
P04_s0.1_seed410001,B3,52.630555300387549,-0.72930130740305898,1.3985386810173459,-10.512529055536122,3.1016574068522331,215,0.00035327889412239592,False
P04_s0.1_seed410001,B3,55.088972941423251,-0.672316989302713,1.9876804976942868,-8.4748834256877714,3.1017328683741483,250,0.00035327889401169259,False
P04_s0.1_seed410001,B3,52.63013540571967,-0.72695500284351766,1.4000019744453533,-10.648361380131961,3.1024528442345738,215,0.00035327889413517074,False
P04_s0.1_seed410001,B3,49.698669094897994,-0.73419350466602662,1.9823385622682759,-6.9351641397674548,3.1028307807775217,155,0.00035327889403979559,False
P04_s0.1_seed410001,B3,52.630000000000003,-0.70210671203914476,1.4003735859549302,-10.487479092127614,3.1038355587844424,215,0.00032524614950490814,False
P04_s0.1_seed410001,B3,50.477393674211569,-0.73299440381889447,1.9846574237673154,-7.1224341692166337,3.1038880235679076,160,0.00035327889409117295,False
P04_s0.1_seed410001,B3,48.5,-0.70710711255853054,2.1198799055635504,-6.2409549690319555,3.1038993726773172,160,0.00032094641410703372,False
P04_s0.1_seed410001,B3,45.130000000000003,-0.71474666925167629,1.8575728714082362,-5.8901314526862985,3.103993921253366,215,0.00031512699226298293,False
P04_s0.1_seed410001,B3,49.221871414040983,-0.67680966430017619,1.8689668743317114,-7.1402851548946247,3.1048873317108949,190,0.00035327889412711881,False
P04_s0.1_seed410001,B3,51.067899576228214,-0.731009764373999,1.9853176909902026,-7.3143309260165648,3.1050645724178225,170,0.0003532788940555143,False
P04_s0.1_seed410001,B3,52.270000000000003,-0.70252481292754076,1.4590555976963961,-9.9726756043615943,3.1066397189824753,220,0.00032486081955567805,False
P04_s0.1_seed410001,B3,52.490619708181619,-0.73758903950128207,2.5810989833647784,-5.7703507628246697,3.1075597510708182,245,0.00035327889413130274,False
P04_s0.1_seed410001,B3,59.978743060210007,-0.71018825307737199,1.9970433462248662,-9.8548078223921287,3.1078101731522771,155,0.00035327889413284058,False
P04_s0.1_seed410001,B3,55.788158419465418,-0.67375758800198504,1.9920531866222591,-8.5778947308102609,3.1085752526642643,200,0.00035327889399003982,False
P04_s0.1_seed410001,B3,55.149999999999999,-0.69689560886307467,1.8793046855761284,-8.916347642658522,3.109092201802377,180,0.00033082617360323817,False
P04_s0.1_seed410001,B3,57.888248900180564,-0.71477459185159553,1.9939316507078453,-9.2707358938447317,3.109316800017992,190,0.00035327889413106715,False
P04_s0.1_seed410001,B3,48.539999999999999,-0.7074739307607445,1.9804609720748558,-6.5990549996507006,3.1095701341390503,240,0.00032058745491680567,False
P04_s0.1_seed410001,B3,48.669238490279007,-0.67916968417585988,1.9824911651572545,-6.5649621304355481,3.1143399353851948,175,0.00035327889397065467,False
P04_s0.1_seed410001,B3,47.43,-0.70959664198934969,1.9793432757065401,-6.2788584863210195,3.1152183313367381,195,0.00031886799270467565,False
P04_s0.1_seed410001,B3,49.268362097086175,-0.67887923459582744,1.8553994417531605,-7.1050796370631009,3.1154587448051192,250,0.00035327889409572053,False
P04_s0.1_seed410001,B3,57.930578537489893,-0.71449491355742989,1.9925173531570901,-9.2979754938333645,3.1158219718649209,245,0.00035327889409589872,False
P04_s0.1_seed410001,B3,48.798293463511158,-0.73664607302594121,2.4512772142377806,-5.5770641644848382,3.1186530250094102,245,0.00035327889412575364,False
P04_s0.1_seed410001,B3,56.487693077420737,-0.71800517536120001,1.9907123383616421,-8.876245425939139,3.1189735558013911,230,0.00035327889409092288,False
P04_s0.1_seed410001,B3,55.060000000000002,-0.69673333597855125,1.9882781751457321,-8.4717036861999269,3.119613411471299,180,0.00033104209303349544,False
P04_s0.1_seed410001,B3,51.502451148863798,-0.67486241804259617,1.8434128045596943,-7.9238487649964924,3.1223547371003053,170,0.00035327889400263099,False
P04_s0.1_seed410001,B3,57.329999999999998,-0.69334026744360233,2.0807077533014668,-8.7835433246437145,3.1226998297581239,185,0.00033498263839453304,False
P04_s0.1_seed410001,B3,50.149999999999999,-0.70456204464326677,1.9821927265230259,-7.062817548970509,3.1245996509139053,160,0.00032313233782834598,False
P04_s0.1_seed410001,B3,45.740000000000002,-0.71302637284726711,1.9777614127580214,-5.7906814914055396,3.1249015610790756,150,0.00031633163186828669,False
P04_s0.1_seed410001,B3,47.917555978253652,-0.68315686178610857,2.0666687840864562,-6.01945729055093,3.1249218826145491,230,0.00035327889411840204,False
P04_s0.1_seed410001,B3,52.360109621958856,-0.72864019589427986,1.8479224985403326,-8.1552969958848145,3.1250194998136731,230,0.000353278893562029,False
P04_s0.1_seed410001,B3,48.420640280809167,-0.7363656693438454,2.0975473117123768,-6.2987265303891693,3.1261870803747551,165,0.00035327889393525818,False
P04_s0.1_seed410001,B3,54.758461638300901,-0.72277090582916603,1.9901482504467605,-8.3410360200117122,3.1266283425715953,235,0.00035327889412788182,False
P04_s0.1_seed410001,B3,49.74371365662288,-0.67587791526303143,2.0800583825865573,-6.6920319398866184,3.1271766909588594,200,0.00035327889412871177,False
P04_s0.1_seed410001,B3,48.799999999999997,-0.70552671158552116,2.4491140372141538,-5.6500371467890407,3.1278030006918529,245,0.00032243384085525284,False
P04_s0.1_seed410001,B3,52.640046310870559,-0.72959922852201498,1.3821930845288912,-10.609874828860134,3.1303617859282724,215,0.00035327889413204559,False
P04_s0.1_seed410001,B3,50.227879275729308,-0.73480872051819013,2.126368520674212,-6.5956034915926001,3.1303850482224469,225,0.00035327889412888356,False
P04_s0.1_seed410001,B3,53.310105881337634,-0.67292957008406518,2.0823909961892464,-7.6710936963268912,3.1308310551889456,245,0.00035327889413140596,False
P04_s0.1_seed410001,B3,52.464590818999596,-0.67114288069867367,2.6204391938925951,-6.2339824365389003,3.1310485002209956,245,0.00035327889413388504,False
P04_s0.1_seed410001,B3,52.609999999999999,-0.70208195326641032,1.4200898600604976,-10.351064016658086,3.1319107040599818,220,0.00032527693410353443,False
P04_s0.1_seed410001,B3,52.5,-0.69894113787135692,2.5821121307310642,-6.2506958188010238,3.1329242003486089,245,0.00032885872394649104,False
P04_s0.1_seed410001,B3,51.252305692865285,-0.67448641419493338,2.1306573852567183,-6.9680281161368249,3.1332251771425206,230,0.00035327889412796405,False
P04_s0.1_seed410001,B3,52.580493113940562,-0.67461177911375092,1.4791216813759775,-9.9775455733020184,3.1332834197575776,225,0.00035327889396635629,False
P04_s0.1_seed410001,B3,52.579999999999998,-0.70195871731714932,1.4793330634081083,-9.975147427744762,3.133584444878593,225,0.00032541728533713894,False
P04_s0.1_seed410001,B3,48.321234884641278,-0.73655585589042349,1.8900111568157136,-6.8545354018149922,3.1338682797134076,165,0.00035327889391774842,False
P04_s0.1_seed410001,B3,52.05101073884051,-0.73009369958607806,1.5275428948555827,-9.5146901174571248,3.1339928766002245,195,0.00035327889380792492,False
P04_s0.1_seed410001,B3,48.420000000000002,-0.7073192355755985,2.099874254481505,-6.2658942730040312,3.1340198306769897,165,0.00032076032773619442,False
P04_s0.1_seed410001,B3,55.219999999999999,-0.69674072247063501,1.8992324854699056,-8.8575540253645695,3.1343777657598588,165,0.00033100432520935541,False
P04_s0.1_seed410001,B3,52.472558371733236,-0.67388701122088701,1.8326583293317698,-8.2772646216317778,3.1345917675236823,190,0.00035327889410470775,False
P04_s0.1_seed410001,B3,52.049999999999997,-0.70268603535951746,1.5279614027061919,-9.4965130041450276,3.1354883999708556,195,0.00032472919723376513,False
P04_s0.1_seed410001,B3,57.93,-0.69277188588562988,1.9923922181154448,-9.2909484345980822,3.1360934850114641,245,0.00033563763665367494,False
P04_s0.1_seed410001,B3,48.79966572566714,-0.74868936302862554,2.4436390364756804,-5.1404106023548284,3.1363218495313059,245,0.00035327889412882805,False
P04_s0.1_seed410001,B3,47.590739639754048,-0.7396721144326861,1.9801496721044913,-6.3256167976242281,3.1364437101951013,150,0.00035327889412451054,False
P04_s0.1_seed410001,B3,53.002837400004758,-0.67336562602064376,2.0740385248335347,-7.6022459847805868,3.1366782409394607,200,0.0003532788941146823,False
P04_s0.1_seed410001,B3,52.58447300431498,-0.73048198676396048,1.4472527869426599,-10.104262170325246,3.1378436740512989,220,0.00035327889413383902,False
P04_s0.1_seed410001,B3,47.098874735534146,-0.6815462821140148,1.5831249903115299,-7.3451620418694761,3.1383267519491871,225,0.00035327889410362588,False
P04_s0.1_seed410001,B3,47.420000000000002,-0.711058606711932,1.5414019014357649,-7.6843273038782538,3.1402902009733453,180,0.00031759116074572819,False
P04_s0.1_seed410001,B3,55.366798560557903,-0.72190271753299218,2.0744745941816261,-8.1817807830198532,3.1414009876743552,155,0.00035327889410853016,False
P04_s0.1_seed410001,B3,52.719999999999999,-0.70070668480896547,1.836251420284797,-8.3291872431487342,3.1414844263452602,160,0.00032678227050586479,False
P04_s0.1_seed410001,B3,48.670000000000002,-0.70723165927114129,1.9805959484530837,-6.6365315191440093,3.141515794884632,175,0.00032079097831540151,False
P04_s0.1_seed410001,B3,52.398103060184852,-0.73104130251136734,1.4573364307229573,-9.9595680437419922,3.1422771690943061,200,0.00035327889412994082,False
P04_s0.1_seed410001,B3,49.219999999999999,-0.7065620412131679,1.8716975433803171,-7.1156107316851536,3.1424581962064728,190,0.00032132225899254629,False
P04_s0.1_seed410001,B3,47.692744393962464,-0.67785502970009492,2.1205269966443616,-6.0404999024956254,3.1433458216756622,195,0.00035327889408403565,False
P04_s0.1_seed410001,B3,45.18,-0.71421945335708992,1.9772692297448664,-5.6287503173950313,3.1451682152863656,160,0.00031551936215495912,False
P04_s0.1_seed410001,B3,49.270000000000003,-0.70653285334158966,1.8518558892735328,-7.1933712483802594,3.1452056061947249,250,0.00032134032487938342,False
P04_s0.1_seed410001,B3,49.700000000000003,-0.70535692859379373,1.9816955337509854,-6.9332767428508486,3.1468080964568865,155,0.0003224162692652709,False
P04_s0.1_seed410001,B3,50.360114655168715,-0.73287729779422683,1.7905433587947441,-7.7725372990098904,3.1477954412373332,210,0.00035327889409125709,False
P04_s0.1_seed410001,B3,55.450000000000003,-0.69617094291215553,1.9888131990217019,-8.5832265855289744,3.1478522588352917,225,0.00033167023248406152,False
P04_s0.1_seed410001,B3,48.670986818035203,-0.67750967352821245,1.84842683960765,-7.0314147588944707,3.1496645577797118,155,0.00035327889411447934,False
P04_s0.1_seed410001,B3,56,-0.69539113831109756,1.9895805830240665,-8.7403994158203577,3.1502238310425636,220,0.00033255449036283642,False
P04_s0.1_seed410001,B3,52.359999999999999,-0.70125619259020799,1.8457023780696147,-8.1803311963325704,3.1517052018068759,230,0.00032623490005927267,False
P04_s0.1_seed410001,B3,52.75,-0.69995317807534896,2.0846627460075546,-7.4995359962626242,3.1518980666730969,190,0.00032763440374350845,False
P04_s0.1_seed410001,B3,59.979999999999997,-0.6901743962855833,1.9955804521985088,-9.8739683497380053,3.1519832370506555,155,0.00033886722775459483,False
P04_s0.1_seed410001,B3,51.25,-0.70223867383972083,2.132684463572994,-6.9543379893910213,3.1528155402477478,230,0.00032536923686064969,False
P04_s0.1_seed410001,B3,57.93,-0.69252313443944757,2.0914787757506166,-8.910937503112434,3.1542686941208369,150,0.00033597133100107189,False
P04_s0.1_seed410001,B3,57.890000000000001,-0.69282439850716027,1.9923320729475889,-9.2795540548186803,3.1545915620901379,190,0.00033557411205201756,False
P04_s0.1_seed410001,B3,52.509999999999998,-0.70121398997086448,1.7764214786477581,-8.4978251864402754,3.1558315915964665,190,0.00032625325864462556,False
P04_s0.1_seed410001,B3,55.679411091388289,-0.67356919911174096,1.9909421754356593,-8.5617348872113617,3.1560242788420023,195,0.00035327889370109848,False
P04_s0.1_seed410001,B3,48.767527728167295,-0.67876280796841826,1.8538832044946165,-6.9843062779648246,3.1566955805178352,225,0.00035327889413265339,False
P04_s0.1_seed410001,B3,48.490893000690448,-0.67467858705304629,1.8817964734790755,-7.0055587828599526,3.156844399650649,175,0.00035327889407844545,False
P04_s0.1_seed410001,B3,48.670000000000002,-0.70764123337192009,1.8511822080863496,-7.0084411621278164,3.1573030485117779,155,0.00032040136917171251,False
P04_s0.1_seed410001,B3,49.469999999999999,-0.70613851583932152,1.8620323771614753,-7.2232309096316936,3.1583394498552892,250,0.00032168542901743333,False
P04_s0.1_seed410001,B3,58.738335899754375,-0.6708017318412951,1.8644463070881852,-10.08988748973325,3.15834200989103,230,0.00035327889412814251,False
P04_s0.1_seed410001,B3,58.469999999999999,-0.69206999810037584,1.993211921380853,-9.4447047280624741,3.158770411410937,165,0.00033649343500956807,False
P04_s0.1_seed410001,B3,47.399387355601341,-0.74042985181660992,1.9801714256995644,-6.2596668527266495,3.1591010303397593,190,0.00035327889410984205,False
P04_s0.1_seed410001,B3,48.659999999999997,-0.70756527121979418,1.8810287407027169,-6.9150448620380685,3.1603350671560038,150,0.00032047539364822531,False
P04_s0.1_seed410001,B3,55.740000000000002,-0.69575785519575128,1.9892159447033493,-8.6661146768735158,3.1605927755745489,155,0.00033213672889841826,False
P04_s0.1_seed410001,B3,59.609999999999999,-0.6906299980616547,1.9949896885157081,-9.7688793622723278,3.1623312448300207,240,0.00033828836372973493,False
P04_s0.1_seed410001,B3,50.359999999999999,-0.70476788203088536,1.7934875326167397,-7.7359321970148951,3.1624901980620614,210,0.00032287905800817648,False
P04_s0.1_seed410001,B3,48.958281541606759,-0.67947994388623023,1.8558184659421348,-6.9967680976554938,3.1640295113976911,175,0.00035327889406687403,False
P04_s0.1_seed410001,B3,49.241739755297928,-0.73555725500909031,1.9821123892391168,-6.7942644791824822,3.1642339805605304,250,0.0003532788941263867,False
P04_s0.1_seed410001,B3,50.603653383901616,-0.67593775778848908,1.5425224476633572,-8.8979976338950415,3.1643224543099771,225,0.00035327889412740189,False
P04_s0.1_seed410001,B3,52.571450658278351,-0.67438550022318289,1.4660707141600082,-10.06697456753411,3.1643755935133844,185,0.00035327889413494463,False
P04_s0.1_seed410001,B3,50.229999999999997,-0.70400108675577999,2.1216326559615242,-6.7066177333534265,3.1658068019299184,225,0.0003236964185250608,False
P04_s0.1_seed410001,B3,53.096247582492623,-0.7275114995610874,2.109328172813008,-7.432292343459368,3.1658485898834692,190,0.0003532788941351753,False
P04_s0.1_seed410001,B3,48.766159906735112,-0.68024180281198188,1.8667783120132211,-6.8802216731173438,3.1660636898222023,240,0.00035327889412350988,False
P04_s0.1_seed410001,B3,47.100000000000001,-0.71156980816730853,1.5807860813877088,-7.408567909391313,3.1661302830608595,225,0.00031722693477421234,False
P04_s0.1_seed410001,B3,47.399999999999999,-0.70965539245654363,1.9793139329814857,-6.2701995439072418,3.1663790207973146,190,0.00031882203049064274,False
P04_s0.1_seed410001,B3,58.409999999999997,-0.692147344713127,1.9931201315042686,-9.4276269657957457,3.1665293150380314,245,0.00033639851437818264,False
P04_s0.1_seed410001,B3,52.140000000000001,-0.70256591551050307,1.5182025057141357,-9.5837983875558095,3.1676987800018281,175,0.00032484131101158105,False
P04_s0.1_seed410001,B3,47.023067444758532,-0.6866919835166545,2.0989200387127713,-5.6177445332460287,3.1680364525200315,240,0.00035327889411151389,False
P04_s0.1_seed410001,B3,52.460000000000001,-0.69889135436882244,2.6219309351321733,-6.1668984827951441,3.1680408856641131,245,0.00032892503591110611,False
P04_s0.1_seed410001,B3,52.609999999999999,-0.70216809835179195,1.3904667858781572,-10.54491456524695,3.1685469746398778,220,0.0003251830378553638,False
P04_s0.1_seed410001,B3,50.631236884180645,-0.73230451205420177,1.8632376733557718,-7.5861072631695823,3.1691192041784002,150,0.00035327889412256131,False
P04_s0.1_seed410001,B3,45.640588968542559,-0.68342926477795185,1.9101240583803107,-5.8501756640045439,3.1694227337206073,240,0.00035327889413319804,False
P04_s0.1_seed410001,B3,55.108556837843572,-0.67438083752710121,1.8548580073592356,-8.9015413108111634,3.1696687261211576,210,0.00035327889406439132,False
P04_s0.1_seed410001,B3,52.059051985132236,-0.73112037086374837,1.5129124526983568,-9.5403641816854545,3.1696912947541409,195,0.00035327889412617132,False
P04_s0.1_seed410001,B3,48.730452537376244,-0.67823410775684234,1.8715906129959006,-6.9422967973567431,3.1701738743881287,230,0.00035327889400637625,False
P04_s0.1_seed410001,B3,51.5,-0.7026693413785039,1.8445945246219484,-7.9148884524554646,3.170278146489367,170,0.00032485379530962193,False
P04_s0.1_seed410001,B3,54.759999999999998,-0.69717139742701695,1.9878717735647997,-8.3858761564178401,3.1724353892346357,235,0.00033055838522951691,False
P04_s0.1_seed410001,B3,48.729999999999997,-0.70746616897319026,1.8711525114593168,-6.9661832497805136,3.1729919905967638,230,0.00032055470445579905,False
P04_s0.1_seed410001,B3,47.920000000000002,-0.7083907388347257,2.0595318428979388,-6.2229328002298274,3.1731348811643953,230,0.0003198596827040248,False
P04_s0.1_seed410001,B3,58.680066869839216,-0.6705702389132,1.9020818333602558,-9.9089955840357185,3.1733549492229236,195,0.00035327889411368001,False
P04_s0.1_seed410001,B3,52.059124290016797,-0.73291851857584867,1.5116120094920782,-9.4417185594339266,3.1735828656795824,195,0.00035327889413285841,False
P04_s0.1_seed410001,B3,50.296704139141134,-0.73542418605763782,2.1178215325207344,-6.6045102218619434,3.1752290753867674,210,0.00035327889413477111,False
P04_s0.1_seed410001,B3,48.827093017518649,-0.68164611987821289,1.6408011777147711,-7.6212381908744211,3.1753313366969942,170,0.00035327889405859555,False
P04_s0.1_seed410001,B3,52.457196063699151,-0.72923908084076317,1.8599232220155337,-8.0989588405551203,3.1755052347425949,150,0.00035327889413441587,False
P04_s0.1_seed410001,B3,48.910291035945747,-0.67713765113408098,2.0794578706741298,-6.4475335164216556,3.1772329665083512,160,0.00035327889413073012,False
P04_s0.1_seed410001,B3,52.560000000000002,-0.70207745601250149,1.4496457697317204,-10.145575600071263,3.1773620703659096,185,0.00032529129857324871,False
P04_s0.1_seed410001,B3,53.310000000000002,-0.69908039360139862,2.0853380943468296,-7.6525513938281611,3.1777695939895496,245,0.00032854105136726543,False
P04_s0.1_seed410001,B3,53.329029745169237,-0.67345951878124755,1.8763009743402708,-8.3651488079572651,3.1791678941024206,215,0.00035327889413444617,False
P04_s0.1_seed410001,B3,50.600000000000001,-0.70510139818140072,1.5456226204286048,-8.858324498411779,3.1792395196413485,225,0.00032249197564334465,False
P04_s0.1_seed410001,B3,50.630000000000003,-0.70408803561402622,1.8633956818063473,-7.5783806772558444,3.179811866074604,150,0.00032352522328886398,False
P04_s0.1_seed410001,B3,52.469999999999999,-0.70110730072545224,1.8359187858352286,-8.2516848456570706,3.1799941844250674,190,0.0003263799850993548,False
P04_s0.1_seed410001,B3,48.579999999999998,-0.70739924757450379,1.9805024123337713,-6.610586781641496,3.1804971227435415,150,0.00032065003458746474,False
P04_s0.1_seed410001,B3,55.369999999999997,-0.69628565967381828,1.9887028331952172,-8.5603550016539423,3.18058523836187,175,0.00033154145267257952,False
P04_s0.1_seed410001,B3,48.770000000000003,-0.70745460626476186,1.8512931397037991,-7.0392723170291198,3.1806131191986005,225,0.00032055728419994316,False
P04_s0.1_seed410001,B3,48.909999999999997,-0.7064757515645177,2.0804360561594142,-6.4477773366661992,3.181473030455876,160,0.00032147123749320792,False
P04_s0.1_seed410001,B3,59.049999999999997,-0.69133041822036678,1.9941083883524384,-9.6097080384370948,3.1822795375742561,215,0.00033740872755689036,False
P04_s0.1_seed410001,B3,46.130000000000003,-0.71221259014190708,1.9781135960267116,-5.9034066374983087,3.1830894751617622,170,0.00031690640841330019,False
P04_s0.1_seed410001,B3,45.030000000000001,-0.71419470919221728,2.0768858913917483,-5.3811265798041594,3.1833567109802279,230,0.0003155734592829296,False
P04_s0.1_seed410001,B3,52.070808532274441,-0.73016102258847759,1.5462505157374822,-9.4115642370023807,3.1851667090966846,200,0.00035327889387899155,False
P04_s0.1_seed410001,B3,52.07,-0.70259480901108495,1.5477930682482397,-9.3986748639313369,3.1856780414481412,200,0.00032482357868942815,False
P04_s0.1_seed410001,B3,49.280328920072122,-0.6782354640468693,1.9825980411001969,-6.7520360956526666,3.1872252379885397,200,0.00035327889412072462,False
P04_s0.1_seed410001,B3,48.890000000000001,-0.70716894798367103,1.8713290719279718,-7.0149855963880672,3.1877947094567558,190,0.00032080473780603301,False
P04_s0.1_seed410001,B3,49.630000000000003,-0.70548187282564345,1.9816191097741163,-6.9131201206458233,3.1885731657130312,185,0.00032230517307838127,False
P04_s0.1_seed410001,B3,48.798496903639659,-0.67751867268283483,1.8699637055447191,-6.9960809711001506,3.1893602626394886,230,0.00035327889411258481,False
P04_s0.1_seed410001,B3,59.430124192011419,-0.67143346772954793,1.9962954167627278,-9.6644907704203575,3.1895545574023996,170,0.00035327889406143589,False
P04_s0.1_seed410001,B3,47.590000000000003,-0.70928455722301065,1.9795005398705263,-6.3250351525051656,3.1903897044096206,150,0.00031911361542712093,False
P04_s0.1_seed410001,B3,48.490000000000002,-0.70788398513647244,1.8808441603469008,-6.8634511350611165,3.190489154884443,175,0.00032021058294179837,False
P04_s0.1_seed410001,B3,52.57,-0.70200371408751361,1.4694304225295316,-10.029905470609069,3.1906571435297635,185,0.00032536995554163924,False
P04_s0.1_seed410001,B3,50.922951187212021,-0.67539354314176769,2.135594616544501,-6.841005185597588,3.1907038790693916,165,0.00035327887671045722,False
P04_s0.1_seed410001,B3,52.176388036240297,-0.67459738532546787,1.8154868905925354,-8.2276139646210265,3.1911176247726964,190,0.00035327889323819907,False
P04_s0.1_seed410001,B3,54.969229334667006,-0.67435476335095679,1.8935490200986389,-8.7063629604719779,3.1916840152331831,250,0.00035327889412353238,False
P04_s0.1_seed410001,B3,48.960000000000001,-0.70710211862716055,1.8515053962615666,-7.0978411193902602,3.1920100983787605,175,0.00032085417850564416,False
P04_s0.1_seed410001,B3,48.369999999999997,-0.70779271241325115,1.9802857529238367,-6.5500395448163831,3.1938821369905575,215,0.00032032192933505594,False
P04_s0.1_seed410001,B3,46.570799199370803,-0.68041801333999441,1.8578214351810947,-6.33943597373651,3.1942330751365189,165,0.00035327889405903595,False
P04_s0.1_seed410001,B3,48.770000000000003,-0.70742313934312884,1.8612445694426925,-7.0086659202521098,3.1948971847429068,240,0.00032058721066359892,False
P04_s0.1_seed410001,B3,51.190496667728375,-0.72747041325793305,2.4964525193523865,-6.1508229406011203,3.1964258455968291,195,0.00035327889404737568,False
P04_s0.1_seed410001,B3,49.219999999999999,-0.70581881757333753,2.1106313458245922,-6.458999670651866,3.1966170879924563,230,0.00032205373839301371,False
P04_s0.1_seed410001,B3,46.57,-0.71171235669261734,1.8589400223411217,-6.3331635968662168,3.1974880141231252,165,0.00031722400213994833,False
P04_s0.1_seed410001,B3,55.68,-0.69584296855920691,1.9891322747586602,-8.6489681785014962,3.1975495341983109,195,0.00033204025664067141,False
P04_s0.1_seed410001,B3,48.4474544412829,-0.73622379345101496,2.3217174329913521,-5.7945504532670746,3.1977347961484091,165,0.00035327889396800444,False
P04_s0.1_seed410001,B3,48.939977499436679,-0.67731212713658184,1.8900048884144138,-6.9791692668210494,3.1978937933893108,190,0.00035327889398719444,False
P04_s0.1_seed410001,B3,53.329999999999998,-0.6996334297396577,1.8767719980901141,-8.3652701364574629,3.1990108620735298,215,0.00032789348035349526,False
P04_s0.1_seed410001,B3,51.07,-0.70298054604330018,1.983240934136387,-7.3274503948721197,3.1993258204868353,170,0.00032460474968277759,False
P04_s0.1_seed410001,B3,55.262873493534933,-0.67180826548561701,2.0242468231780304,-8.4117967810550809,3.1996262679464218,210,0.00035327889413425806,False
P04_s0.1_seed410001,B3,49.861707785094154,-0.73335707859329169,1.9812421687840938,-7.0038411051840397,3.1999044647062349,160,0.00035327889399256921,False
P04_s0.1_seed410001,B3,49.961574103104709,-0.67613341183421838,1.8601532201123114,-7.3934456477176482,3.2008333605553916,160,0.00035327889411335399,False
P04_s0.1_seed410001,B3,50.299999999999997,-0.70390987502919355,2.1117503677356257,-6.7509611881182821,3.2011352636571924,210,0.0003237773602697077,False
P04_s0.1_seed410001,B3,51.04090132710585,-0.73012342600636781,2.1122627648100956,-6.9631080324530181,3.2014442292733771,170,0.000353278893933255,False
P04_s0.1_seed410001,B3,46.441438392132277,-0.74057526738929713,2.1117697934362494,-5.7588218420996053,3.2039397744423965,165,0.00035327889412290251,False
P04_s0.1_seed410001,B3,51.189999999999998,-0.70126079502527916,2.5011333311109181,-6.1093394717521496,3.205257123446593,195,0.00032645851385515142,False
P04_s0.1_seed410001,B3,52.536719560025119,-0.67603655370087878,1.4956345706496601,-9.7815480479854759,3.2058089235170169,190,0.00035327889386343829,False
P04_s0.1_seed410001,B3,49.763550312259326,-0.73036214598455018,2.1278112761401573,-6.6862581629876079,3.2061146147483468,210,0.00035327889397566368,False
P04_s0.1_seed410001,B3,52.57,-0.70214729761606309,1.4200223656971787,-10.335098362738274,3.207470191713881,185,0.00032521325261004972,False
P04_s0.1_seed410001,B3,48.271216545407931,-0.73464215180260162,2.4484464817485705,-5.5711337722297891,3.2077721883108414,155,0.00035327889413047653,False
P04_s0.1_seed410001,B3,58.740000000000002,-0.69204218804889994,1.8650404673111647,-10.091478884462118,3.2079327703382803,230,0.00033648666231327979,False
P04_s0.1_seed410001,B3,53.879461224365137,-0.7246293440961713,1.8583708359127251,-8.6057625153692801,3.2093750591232517,175,0.0003532788941303526,False
P04_s0.1_seed410001,B3,53.689999999999998,-0.69877368701543374,1.9864588319711947,-8.0794756866235744,3.2096598748611034,225,0.00032883064900449989,False
P04_s0.1_seed410001,B3,52.609999999999999,-0.70219682736742761,1.3805960624003775,-10.611378856352044,3.2098929607420712,185,0.00032515176865804588,False
P04_s0.1_seed410001,B3,48.450000000000003,-0.70657119502786936,2.3191785995484651,-5.8057716141953053,3.2100944572377976,165,0.0003214756750651972,False
P04_s0.1_seed410001,B3,56.790612016837933,-0.71647067656763763,2.085208439389385,-8.6355506838840892,3.2105215457950704,235,0.00035327889412084361,False
P04_s0.1_seed410001,B3,49.342004762083377,-0.67608700818568224,2.1168338618812133,-6.4944198970476243,3.2106358902364835,250,0.00035327889410657193,False
P04_s0.1_seed410001,B3,52.640000000000001,-0.70217650962385725,1.3707796197587427,-10.691193728967724,3.2113169821320118,215,0.0003251682179552157,False
P04_s0.1_seed410001,B3,52.539999999999999,-0.70199524790993739,1.4891564095659306,-9.9020665396666683,3.2116239326434637,190,0.0003253848959446085,False
P04_s0.1_seed410001,B3,51.039999999999999,-0.7026484668748556,2.1125489754583722,-6.9508292949012827,3.2116681594736902,170,0.00032496708782308768,False
P04_s0.1_seed410001,B3,50.580939719780844,-0.67572431170575342,1.9817697961919145,-7.1819695231202703,3.2119797609693439,155,0.000353278894122887,False
P04_s0.1_seed410001,B3,53.880000000000003,-0.6988415354105022,1.8576772419136605,-8.6093562439821287,3.2128067317098079,175,0.00032871551277280494,False
P04_s0.1_seed410001,B3,48.270000000000003,-0.70649549380718457,2.4486592887741576,-5.5264465556949762,3.2131082154913027,155,0.00032158821778522571,False
P04_s0.1_seed410001,B3,53.100000000000001,-0.69934975624846085,2.1049659904477287,-7.5357183515349373,3.2132654941482985,190,0.00032826594998194874,False
P04_s0.1_seed410001,B3,52.377873519708551,-0.67461594381037759,1.815420072246914,-8.2831559142494644,3.2138865266166809,210,0.00035327889373528554,False
P04_s0.1_seed410001,B3,54.42856028500421,-0.72340051573588937,1.9895426418640549,-8.2543652509348675,3.2144433174333802,235,0.00035327889408438135,False
P04_s0.1_seed410001,B3,53,-0.69958923433548803,2.0750212662971319,-7.5978874753304799,3.2144487158554371,200,0.00032800672509095098,False
P04_s0.1_seed410001,B3,46.723517886340026,-0.73982669292587833,2.122443360123623,-5.811509069891482,3.214823238747226,230,0.00035327889394152806,False
P04_s0.1_seed410001,B3,51.210259604624241,-0.7307609160452273,1.9832705615782009,-7.3579084700371684,3.2148269660754463,240,0.00035327889401032963,False
P04_s0.1_seed410001,B3,48.368970336370538,-0.73833981660481207,2.0323201332209422,-6.3812640404147825,3.2159056149246097,175,0.00035327889410922492,False
P04_s0.1_seed410001,B3,55.848336289457094,-0.6724754323564115,1.9117163854832544,-8.9670694979991676,3.2163742285587107,155,0.00035327889411397145,False
P04_s0.1_seed410001,B3,57.940878808520871,-0.6709787271196479,1.9417341283405616,-9.5009624882817505,3.2163939545697806,245,0.00035327889285168441,False
P04_s0.1_seed410001,B3,52.18,-0.70163430676297722,1.8156793949000531,-8.2368506171259028,3.2170523463462746,190,0.00032585020130405468,False
P04_s0.1_seed410001,B3,49.617822185758911,-0.67719615774842179,2.0842824307441639,-6.5986691671972331,3.218458464564522,155,0.00035327889411060137,False
P04_s0.1_seed410001,B3,48.939999999999998,-0.70701387016571471,1.891288194902657,-6.9700839151760574,3.2186743808703246,190,0.00032094317815757704,False
P04_s0.1_seed410001,B3,51.049546698136588,-0.73243986729463106,2.1265521750271859,-6.8297874809051233,3.2187913376152895,210,0.00035327889413279352,False
P04_s0.1_seed410001,B3,51.210000000000001,-0.70274486502811628,1.9834041752839522,-7.3676958158391352,3.2190126217329582,240,0.00032482961260048071,False
P04_s0.1_seed410001,B3,55.369999999999997,-0.69607432753346377,2.0680955126006206,-8.2810633357154053,3.2194687779084101,155,0.00033180521409362554,False
P04_s0.1_seed410001,B3,59.829999999999998,-0.69035842050167817,1.9953401410810541,-9.8313722209721313,3.2205790753509098,220,0.00033863278152019866,False
P04_s0.1_seed410001,B3,49.960000000000001,-0.70526073118546351,1.8625994698135309,-7.3733153093183175,3.2205857985796356,160,0.00032245994880199632,False
P04_s0.1_seed410001,B3,52.27999299412739,-0.6756912825535526,1.8102201587881721,-8.2246876057043288,3.2207267790774763,210,0.00035327889206933155,False
P04_s0.1_seed410001,B3,50.03736291140185,-0.68058844657306317,1.9105128155230848,-7.0575406358867561,3.2214122477487628,250,0.00035327889403567411,False
P04_s0.1_seed410001,B3,49.028141727607533,-0.67732242783231111,1.8605819108871713,-7.0940265405669143,3.2215221329537043,175,0.00035327889403326154,False
P04_s0.1_seed410001,B3,57.939999999999998,-0.69288331953234217,1.9428996717033573,-9.4983941872489268,3.2220453572767105,245,0.00033548701740759201,False
P04_s0.1_seed410001,B3,49.759999999999998,-0.70479318037870664,2.1311014587698716,-6.5555803708671467,3.2242397899165764,210,0.00032297538868271625,False
P04_s0.1_seed410001,B3,45.450078077552249,-0.6837992856195596,1.9784639191452797,-5.6287445529468716,3.2251048320666977,170,0.00035327889411089513,False
P04_s0.1_seed410001,B3,58.210975884837353,-0.67101448822086951,1.9136251310879846,-9.6984986870366789,3.2251539189581688,165,0.00035327889408520854,False
P04_s0.1_seed410001,B3,59.831145364816557,-0.71008693212293839,1.9947363178095183,-9.8445938657771102,3.2254088783204522,165,0.00035327889412759754,False
P04_s0.1_seed410001,B3,50.690154194610734,-0.73205380216369775,1.9833695004300904,-7.2059736120180631,3.2259142133495167,240,0.00035327889382859648,False
P04_s0.1_seed410001,B3,46.64726560421088,-0.68243157128132914,2.011696155890184,-5.8818496956713897,3.2261705039164621,240,0.00035327889412025944,False
P04_s0.1_seed410001,B3,49.851414982976948,-0.73402145781703254,1.9321831653810457,-7.1265815773479515,3.2269289656020619,235,0.00035327889384477858,False
P04_s0.1_seed410001,B3,50.579999999999998,-0.70381570460550813,1.9826773495495753,-7.1865395337833906,3.2271461167626305,155,0.00032381928258559027,False
P04_s0.1_seed410001,B3,47.689999999999998,-0.70860648920024472,2.1290752345350747,-6.0006747995906426,3.2276492425358292,195,0.0003197102220078243,False
P04_s0.1_seed410001,B3,52.227738841185825,-0.72992364031133761,1.488154349766093,-9.7963770065801938,3.2277308579717041,210,0.00035327889385614047,False
P04_s0.1_seed410001,B3,54.161515292936684,-0.7226310092548287,2.0834984125542206,-7.9102723050684576,3.2282131465879988,165,0.00035327889412629601,False
P04_s0.1_seed410001,B3,55.487485409027073,-0.7213156333893469,2.0112614135221154,-8.4602900827477896,3.22846917999982,230,0.00035327889398539374,False
P04_s0.1_seed410001,B3,49.837303211634051,-0.74081395871463407,2.113746035086403,-6.312104073407685,3.2290456505805403,240,0.00035327889281264239,False
P04_s0.1_seed410001,B3,54.43,-0.69765884272719803,1.9874299135924047,-8.2914254910577441,3.2302665200929379,235,0.00033002587629598343,False
P04_s0.1_seed410001,B3,48.799999999999997,-0.70733589462680935,1.871229588475936,-6.9875354264772662,3.2306874559579555,230,0.00032066401987495684,False
P04_s0.1_seed410001,B3,55.090000000000003,-0.6966897922565467,1.9883190619283435,-8.4802845014438955,3.2306941389127317,250,0.0003310904403370983,False
P04_s0.1_seed410001,B3,52.487992358492377,-0.67470775629394453,1.8473025918445396,-8.186018071722593,3.2308683118919523,215,0.00035327889396239662,False
P04_s0.1_seed410001,B3,50.920000000000002,-0.70276210078149282,2.1422791464564916,-6.8402598997622528,3.2310846937809248,165,0.00032486872212466125,False
P04_s0.1_seed410001,B3,48.560000000000002,-0.70709003011014715,2.0900485521360674,-6.3277244910846386,3.231786740787526,150,0.00032095006832414633,False
P04_s0.1_seed410001,B3,53.290608077884144,-0.67363771635407232,1.9870566939739807,-7.9459505663916445,3.2321009597642614,250,0.00035327889407538247,False
P04_s0.1_seed410001,B3,52.460000000000001,-0.70106637206907196,1.8557627893056658,-8.1741668442342643,3.2329545967770379,150,0.00032642766583056946,False
P04_s0.1_seed410001,B3,49.399648498027048,-0.73487064361190502,1.9811294713498615,-6.855030757056312,3.2330640640098021,160,0.0003532788935692975,False
P04_s0.1_seed410001,B3,55.130000000000003,-0.69663180768299027,1.9883736473707865,-8.4917250380540441,3.2332335825495662,175,0.00033115489630805952,False
P04_s0.1_seed410001,B3,48.369999999999997,-0.70763422594672687,2.0300872697652439,-6.4217243774643027,3.2337395996294753,175,0.00032047157061505392,False
P04_s0.1_seed410001,B3,52.229999999999997,-0.70250404744546713,1.4886602202980246,-9.7839064817838484,3.2352865462654035,210,0.0003248908769687005,False
P04_s0.1_seed410001,B3,52.649999999999999,-0.7021314645166169,1.380665473316802,-10.627788627989887,3.2358762238092056,215,0.00032521539227885275,False
P04_s0.1_seed410001,B3,52.380000000000003,-0.70130963823705805,1.8159447267742901,-8.2995520409118804,3.2361738904408179,210,0.00032617158065617662,False
P04_s0.1_seed410001,B3,46.439999999999998,-0.71110692236345252,2.1179773325689908,-5.6855244294400178,3.2364084871117091,165,0.00031776595619168976,False
P04_s0.1_seed410001,B3,52.490000000000002,-0.70104661283890246,1.8458733073299614,-8.2204279556863682,3.2368444566003389,215,0.00032644404659810131,False
P04_s0.1_seed410001,B3,58.68,-0.69202109064724782,1.9044884527162793,-9.8900673363557114,3.237030528315572,195,0.00033652516598135698,False
P04_s0.1_seed410001,B3,55.850000000000001,-0.69581158834840695,1.9100537130304578,-9.0056569897694985,3.2377075432829687,155,0.00033204971762188624,False
P04_s0.1_seed410001,B3,52.063799658957279,-0.67487541837723342,1.477252110980847,-9.796472884646338,3.2383820169892399,195,0.00035327889406117969,False
P04_s0.1_seed410001,B3,45.640000000000001,-0.71347791121785065,1.9078835114760111,-5.9238796853478659,3.2391003154711986,240,0.00031599391163687751,False
P04_s0.1_seed410001,B3,55.080472225431862,-0.67211366666451422,1.9474592824241301,-8.6329194124287802,3.2393559544796879,215,0.00035327889410996776,False
P04_s0.1_seed410001,B3,49.399999999999999,-0.70589489714066156,1.9813697418245402,-6.8468802892834519,3.2394838823937424,160,0.00032194074736809335,False
P04_s0.1_seed410001,B3,50.689999999999998,-0.70362681445332598,1.9828028174727248,-7.2181795594541329,3.2398290587460785,240,0.00032399538373111231,False
P04_s0.1_seed410001,B3,50.425744259124116,-0.67732952878561203,1.8479606463627558,-7.5042633698721488,3.2398797683939407,170,0.00035327889413114516,False
P04_s0.1_seed410001,B3,49.619999999999997,-0.70519376972157433,2.0811642507599459,-6.6425564616023989,3.2399562165184101,155,0.0003225972737561969,False
P04_s0.1_seed410001,B3,52.418318447779392,-0.73087299700142694,1.4367718701350636,-10.104943930930077,3.2400049131793489,200,0.00035327889412691189,False
P04_s0.1_seed410001,B3,52.060000000000002,-0.70275659089348519,1.4982852403878615,-9.6632802274666023,3.2404843347268932,195,0.00032465146729793968,False
P04_s0.1_seed410001,B3,48.32,-0.70817310237089914,1.8906163991743898,-6.7829170095943701,3.2423382004220689,165,0.00031997617151928784,False
P04_s0.1_seed410001,B3,50.479999999999997,-0.70398813733069021,1.9825638160691359,-7.1577723987324502,3.2425164016367232,160,0.00032365931576431407,False
P04_s0.1_seed410001,B3,55.079999999999998,-0.69681085521700825,1.9486204233379663,-8.6239269769567919,3.2430658684141598,215,0.00033094297202379211,False
P04_s0.1_seed410001,B3,58.210000000000001,-0.69260444313267588,1.9136313165565064,-9.7062482636993526,3.2433623782370633,165,0.00033581530318894964,False
P04_s0.1_seed410001,B3,55.490000000000002,-0.69606099149764245,2.0087106125355287,-8.5224356567350963,3.2433838734065228,230,0.00033180053030380221,False
P04_s0.1_seed410001,B3,49.840000000000003,-0.70471284413405566,2.1112669932280825,-6.6266445571022992,3.24413044694349,240,0.00032304106771858723,False
P04_s0.1_seed410001,B3,49.190097191074607,-0.67862243688888935,1.8834755921535615,-7.0070895764986325,3.2445837345795705,250,0.00035327889348432239,False
P04_s0.1_seed410001,B3,52.060000000000002,-0.70281472523569,1.478497818573989,-9.7756156666921985,3.2453855253675363,195,0.00032458910467131975,False
P04_s0.1_seed410001,B3,46.719999999999999,-0.71050945480292171,2.1281951596483708,-5.7403020349206981,3.2454585006399261,230,0.00031821891628031339,False
P04_s0.1_seed410001,B3,52.157966034531476,-0.6751809347158888,1.3296366886645088,-10.777099168684892,3.2458596756771367,195,0.00035327889411361892,False
P04_s0.1_seed410001,B3,51.869671293330164,-0.72835350541382571,1.9015473833299323,-7.8700381646041579,3.2471176125778491,155,0.00035327889344309474,False
P04_s0.1_seed410001,B3,53.770170499195551,-0.72413623853087206,2.0360185125924311,-7.936637219142999,3.2482250578526637,150,0.00035327889411869526,False
P04_s0.1_seed410001,B3,51.049999999999997,-0.70260228732205054,2.1225127166799669,-6.9270650345524709,3.2483067289415408,210,0.0003250148923698386,False
P04_s0.1_seed410001,B3,52.490000000000002,-0.69898468006093029,2.5721387526749449,-6.267615302280146,3.2483600261959489,245,0.00032880946759755362,False
P04_s0.1_seed410001,B3,45.450000000000003,-0.71364054747925587,1.9775045420971462,-5.7068343654917788,3.2484072514897675,170,0.00031590897611410496,False
P04_s0.1_seed410001,B3,53.770000000000003,-0.69851428569080443,2.0362251344163043,-7.9363327723060912,3.2490164782737625,150,0.00032912267681856246,False
P04_s0.1_seed410001,B3,50.737143396831868,-0.67590367162130782,1.8745956044647876,-7.5599750218401525,3.2493528243062695,235,0.00035327889412689666,False
P04_s0.1_seed410001,B3,50.43,-0.70449496851847382,1.8432718095576381,-7.584186034133416,3.2493907057652138,170,0.00032314465785031137,False
P04_s0.1_seed410001,B3,49.189999999999998,-0.70658579220583984,1.8816140507899048,-7.0758293478949108,3.2496940814022808,250,0.00032130536438328545,False
P04_s0.1_seed410001,B3,46.649999999999999,-0.71104877572961178,2.0084972037389863,-5.9832655761007185,3.2501684514001052,240,0.00031776866496345654,False
P04_s0.1_seed410001,B3,45.020233658782281,-0.6826170278090169,2.0964925421725296,-5.3232268583198739,3.2503366206599993,150,0.00035327889379067396,False
P04_s0.1_seed410001,B3,55.109999999999999,-0.69703388478075734,1.849511475372192,-9.0268748705882409,3.2504646702301079,210,0.00033066365420854246,False
P04_s0.1_seed410001,B3,49.859999999999999,-0.70507265925201401,1.9818711445128347,-6.9793431530658312,3.2506016639273683,160,0.00032267050913680536,False
P04_s0.1_seed410001,B3,52.159999999999997,-0.70308455657767066,1.3304716880693599,-10.767071933381059,3.2508802932036747,195,0.00032428174149999595,False
P04_s0.1_seed410001,B3,51.199013836609552,-0.73237314574244028,2.4748615762005168,-6.0237500349221182,3.2521152113802043,195,0.00035327889413502248,False
P04_s0.1_seed410001,B3,45.020000000000003,-0.71414654543639022,2.0968298815608444,-5.3398796573989209,3.2531919861765495,150,0.00031561312137978471,False
P04_s0.1_seed410001,B3,52.399999999999999,-0.70233958084855075,1.4493821399163436,-10.08297385864376,3.2532409492365275,200,0.00032503648876611575,False
P04_s0.1_seed410001,B3,47.030000000000001,-0.71002414277802195,2.0885937992191042,-5.9094125981750132,3.2535484105880323,240,0.00031857579727473563,False
P04_s0.1_seed410001,B3,51.869999999999997,-0.70188200550054802,1.9046735171028348,-7.8185004175584893,3.2537949496820078,155,0.00032563749142116959,False
P04_s0.1_seed410001,B3,54.159999999999997,-0.69779008355886107,2.0863917514317269,-7.8846160532627385,3.2559575966850618,165,0.00032991686250797734,False
P04_s0.1_seed410001,B3,52.280000000000001,-0.70150033450601701,1.8058847578685264,-8.3065450168149422,3.2566341130028142,210,0.00032597910333945966,False
P04_s0.1_seed410001,B3,52.451671132240499,-0.67494810238720326,1.3596095291187267,-10.687609572195605,3.2590175359889013,195,0.00035327889412716559,False
P04_s0.1_seed410001,B3,56.789999999999999,-0.69404211014619754,2.0898694826054625,-8.6011200090416917,3.2596679405886886,235,0.00033415295266674074,False
P04_s0.1_seed410001,B3,52.450000000000003,-0.70251700033147191,1.3605800454936818,-10.680613439680627,3.2604965416489331,195,0.00032483503673573857,False
P04_s0.1_seed410001,B3,49.960989298367409,-0.73242488291474217,2.1397089240170319,-6.6100379670849598,3.2609799959130541,210,0.00035327889412311566,False
P04_s0.1_seed410001,B3,47.851303098042337,-0.73893673864380904,2.0086473077819598,-6.3267536662720296,3.26162903634674,245,0.00035327889410119505,False
P04_s0.1_seed410001,B3,49.340000000000003,-0.70557182582354672,2.1207133149314474,-6.4671516479630133,3.2617179232318732,250,0.0003222751023334134,False
P04_s0.1_seed410001,B3,55.259999999999998,-0.69633794316190267,2.0282446483698462,-8.387134058626069,3.2617883593906414,210,0.00033149601696123014,False
P04_s0.1_seed410001,B3,50.470359460842985,-0.67704864361053385,1.8554071646662684,-7.5032270154418192,3.2625309606946842,200,0.00035327889405508436,False
P04_s0.1_seed410001,B3,50.448407069978266,-0.73418751611325028,1.8176763755428893,-7.6274389083412375,3.2628822869673488,170,0.00035327889412905281,False
P04_s0.1_seed410001,B3,49.960000000000001,-0.70441121964169584,2.1412663769053362,-6.5845154606901728,3.2632480951090086,210,0.00032332632656121901,False
P04_s0.1_seed410001,B3,49.740000000000002,-0.70498070811720459,2.0812897195212963,-6.6754634540040518,3.2637901219874861,200,0.00032278846229680079,False
P04_s0.1_seed410001,B3,49.850000000000001,-0.70524269831167208,1.9321053714995371,-7.1223352021869371,3.2649755470191879,235,0.00032250059689194205,False
P04_s0.1_seed410001,B3,49.12070139019643,-0.67705711141007896,1.8795650604728427,-7.0694129601206548,3.2664163574851099,235,0.00035327889413411105,False
P04_s0.1_seed410001,B3,55.789999999999999,-0.69568706724785001,1.9892858064238024,-8.6804023205660723,3.2664237529982874,200,0.00033221710406200526,False
P04_s0.1_seed410001,B3,52.07,-0.70271093325975098,1.5081966679392671,-9.6119825473048159,3.2672738381014432,195,0.0003246985915088586,False
P04_s0.1_seed410001,B3,51.200000000000003,-0.70133140303527852,2.4712465843827673,-6.1696619054563202,3.2673606829346142,195,0.00032637786412202663,False
P04_s0.1_seed410001,B3,49.030000000000001,-0.70694170482744967,1.861534115624297,-7.088382987883894,3.2684739180172326,175,0.00032099387585125859,False
P04_s0.1_seed410001,B3,47.850000000000001,-0.70868534296514785,2.0096455436814122,-6.3245303276442275,3.2720237746827365,245,0.00031960300049286574,False
P04_s0.1_seed410001,B3,59.43,-0.69085369350401893,1.9947047277940124,-9.7177325309031808,3.2738064206849384,170,0.00033800607738373198,False
P04_s0.1_seed410001,B3,50.039999999999999,-0.70499758947924995,1.9024767906692261,-7.2704857936863378,3.2739427973423667,250,0.00032270992624364121,False
P04_s0.1_seed410001,B3,49.46758439524065,-0.73649808840490216,2.014950253059153,-6.7008990344180486,3.2763145931939635,200,0.00035327889413399834,False
P04_s0.1_seed410001,B3,50.469999999999999,-0.70439528304743959,1.8532614347338872,-7.5628118060291047,3.2788951479598736,200,0.00032323926934323376,False
P04_s0.1_seed410001,B3,55.939403932642776,-0.67182688916211575,1.8797627727665827,-9.1574896237905339,3.2789593511823631,235,0.00035327889410433712,False
P04_s0.1_seed410001,B3,50.450000000000003,-0.70455035449355419,1.8134756479983092,-7.6937250111430018,3.281671094158864,170,0.00032308371476209901,False
P04_s0.1_seed410001,B3,56.490000000000002,-0.69470919433900113,1.99027691709407,-8.8803229089185471,3.282057333041458,230,0.00033334043717200124,False
P04_s0.1_seed410001,B3,49.280000000000001,-0.70611191866403844,1.9812406958814892,-6.8123137659158255,3.2823248785961545,200,0.00032175099805589725,False
P04_s0.1_seed410001,B3,58.029820882369904,-0.67084576651616956,1.9510142776592914,-9.493090886232352,3.283608427965834,235,0.00035327889412793364,False
P04_s0.1_seed410001,B3,48.799999999999997,-0.70558864657055187,2.4291699260059869,-5.685576822552159,3.2850672700647663,245,0.00032237179281561433,False
P04_s0.1_seed410001,B3,48.829999999999998,-0.70803618940498336,1.6325885982201154,-7.8278296666653056,3.2851628455212647,170,0.0003199964616357237,False
P04_s0.1_seed410001,B3,49.119999999999997,-0.70671394429004719,1.8815358908562916,-7.0545994916599701,3.2883559268980393,235,0.00032119538798640367,False
P04_s0.1_seed410001,B3,50.74787993180243,-0.67567404035773038,2.1050168533725189,-6.870703987927417,3.2891936063178537,235,0.00035327889327832414,False
P04_s0.1_seed410001,B3,55.579333450660904,-0.67342552353657403,1.9023976546809003,-8.8842458078662325,3.291602195388712,200,0.00035327889408235221,False
P04_s0.1_seed410001,B3,59.270898484341409,-0.67054317184548751,1.9928333275507095,-9.678841362003773,3.295874609823215,250,0.00035327889404888489,False
P04_s0.1_seed410001,B3,52.420000000000002,-0.70236439074721657,1.4296501758289748,-10.212893009028191,3.2965875262007316,200,0.00032500579386065642,False
P04_s0.1_seed410001,B3,49.469999999999999,-0.70567653316918488,2.0113096495909835,-6.7845968488513826,3.2985562967156077,200,0.00032214349172522428,False
P04_s0.1_seed410001,B3,49.068708837061337,-0.67853205784122661,1.8635964866086394,-7.0419887199791518,3.2986620395926733,250,0.00035327889407306103,False
P04_s0.1_seed410001,B3,55.939999999999998,-0.69576273098821417,1.8804583008201958,-9.1550755238570467,3.3005351035525514,235,0.00033209537488845017,False
P04_s0.1_seed410001,B3,55.579999999999998,-0.69622224474388117,1.8997504014542463,-8.9652470734899712,3.3016283570473073,200,0.0003315831588713084,False
P04_s0.1_seed410001,B3,50.75,-0.70316805087392764,2.1022792136355397,-6.8988530026563888,3.3022560499925704,235,0.0003244686399903383,False
P04_s0.1_seed410001,B3,54.969999999999999,-0.69713153182274534,1.8889611572026734,-8.8221150582840639,3.3024063584490473,250,0.00033056924743432705,False
P04_s0.1_seed410001,B3,49.07,-0.70686809150931973,1.861578983117895,-7.1006449102256113,3.3027078489876702,250,0.00032105657553509241,False
P04_s0.1_seed410001,B3,53.289999999999999,-0.6993891977767368,1.9859453132107285,-7.9648225901165661,3.3035367139751983,250,0.00032818428266546241,False
P04_s0.1_seed410001,B3,49.240000000000002,-0.70618449424992391,1.9811978419932244,-6.8007905899054197,3.3036022249449806,250,0.00032168780964337581,False
P04_s0.1_seed410001,B3,58.030000000000001,-0.69274034644297033,1.9529373803380614,-9.4827907529780813,3.3047699503986654,235,0.00033566311572415827,False
P04_s0.1_seed410001,B3,59.270000000000003,-0.69105367459904132,1.9944527697703542,-9.6722564229753285,3.3100782591295292,250,0.00033775479255963707,False
P04_s0.1_seed410001,B3,50.740000000000002,-0.70386865655410213,1.8734696790611303,-7.5785641657875704,3.3269806742619723,235,0.0003237318478213297,False
P04_s0.1_seed410001,B3,55.860204747508647,-0.71956873108363162,1.9398180575410984,-8.8934315639754189,3.3270155379557487,235,0.00035327889413439923,False
P04_s0.1_seed410001,B3,55.859999999999999,-0.69571891356433413,1.9398049661485706,-8.8900941371611655,3.3279195471240506,235,0.00033216462454535567,False
