case_id,budget,r_km,theta_deg,v_mps,psi_deg,J_exact,z_star_label_m,bearing_cost,keep_tau05
Q03_s0.1_seed420002,B1,51.728914243885917,0.025651776055132025,2.3960646186330532,-3.5387827867013488,7.3328707183114669e-12,200,0.00037602329601930652,True
Q03_s0.1_seed420002,B1,51.717711087090436,0.040990825109739504,2.4122274112998214,-3.1371705152253408,0.58311319528752625,200,0.00041061400059734315,False
Q03_s0.1_seed420002,B1,51.719999999999999,0.0063079934411748619,2.4234233801011258,-3.0394941096164225,1.2252996340548179,200,0.00037244111736362885,False
Q03_s0.1_seed420002,B1,51.590988071597494,0.038632145394529971,2.3778593241083432,-3.0757072752015873,1.327495175680601,185,0.00041061400038436464,False
Q03_s0.1_seed420002,B1,51.589203344290162,-0.025623120255766629,2.3820308983344654,-3.0883714196371983,1.3399957837867009,185,0.00041061400057897617,False
Q03_s0.1_seed420002,B1,51.757540768516492,-0.029102587981125971,2.3477664183965179,-3.0189407260278323,1.3522461084550161,200,0.00041061400058361119,False
Q03_s0.1_seed420002,B1,51.600537802709887,-0.037447620971933659,2.3587809655731422,-2.6578274063251222,1.4241077293169595,185,0.0004106140005949785,False
Q03_s0.1_seed420002,B1,51.759999999999998,0.0061852435576037314,2.3435210280002745,-3.1349912062696723,1.4249163089823174,200,0.00037238375279407822,False
Q03_s0.1_seed420002,B1,51.883393433765171,0.038343706591713378,2.383104177209554,-3.0962703604542376,1.440069839756823,185,0.0004106140005933335,False
Q03_s0.1_seed420002,B1,51.877572796515445,-0.028570609263780966,2.3873124104481018,-3.005621214651141,1.4473283607354532,215,0.00041061400059655407,False
Q03_s0.1_seed420002,B1,51.880000000000003,0.0064730210094646476,2.3835280693588587,-3.1113369126106671,1.458299810747498,185,0.00037248508309656688,False
Q03_s0.1_seed420002,B1,55.350831392373998,0.036168514975566168,2.0392731212529345,-4.0087282092020313,1.5186610388200572,165,0.00041061400059830858,False
Q03_s0.1_seed420002,B1,51.606159936716814,-0.029800655748616123,2.3482418423535174,-2.9753661623280099,1.5322609367253182,185,0.00041061400056366208,False
Q03_s0.1_seed420002,B1,50.148168894816344,-0.028514324699130178,2.3409693410357679,-2.8692602133976717,1.5524439720591392,205,0.00041061400058997301,False
Q03_s0.1_seed420002,B1,50.000143704466204,-0.02681817970254663,2.3744399843261355,-2.8744876689381496,1.5895408474888841,185,0.0004106140005721091,False
Q03_s0.1_seed420002,B1,51.719999999999999,0.0062141843359684841,2.3834633176401732,-3.0828871750557569,1.5909589860449271,200,0.00037240207323706542,False
Q03_s0.1_seed420002,B1,51.758588171368899,-0.027643807526789743,2.385924108348068,-3.0288650560161852,1.5912945059540515,205,0.00041061400055423462,False
Q03_s0.1_seed420002,B1,51.759999999999998,0.0062790428191901405,2.3834794497449741,-3.0899997287324954,1.5997254009101949,205,0.000372422713879888,False
Q03_s0.1_seed420002,B1,50.128917798844348,0.037920632720873648,2.3758596500464773,-2.8680370668931374,1.6067921421820794,205,0.00041061400056602781,False
Q03_s0.1_seed420002,B1,53.719474352658892,-0.023503456892764341,1.9855791646809797,-4.0371165751145703,1.6353681887870357,190,0.00041061400058836606,False
Q03_s0.1_seed420002,B1,53.719999999999999,0.008445392090531717,1.9849534749559756,-4.0401819807297272,1.6388730910082054,190,0.00037308360317549801,False
Q03_s0.1_seed420002,B1,51.846137908989711,0.04084000950080835,2.4535747499056391,-3.0990031939491445,1.6445078274155809,215,0.00041061400060044716,False
Q03_s0.1_seed420002,B1,51.563498153012006,0.039909750242736131,2.4155652468636433,-3.0742480103395682,1.6603414428317516,185,0.00041061400058382569,False
Q03_s0.1_seed420002,B1,51.600000000000001,0.0059247974264303588,2.3434557912016234,-3.1060522059972864,1.6679696441618768,210,0.00037230212517878192,False
Q03_s0.1_seed420002,B1,50,0.0033275781845490283,2.3828048681036749,-2.7769760323922243,1.6784830360293845,185,0.00037159158853186761,False
Q03_s0.1_seed420002,B1,50.276895306014552,-0.03201126619316863,2.3474460815160345,-2.7494940999401702,1.6816512461485971,190,0.00041061400058448624,False
Q03_s0.1_seed420002,B1,51.040730371144384,-0.027955552948951023,1.9824221072300623,-3.4864813982616791,1.6906818005511066,245,0.0004106140005953686,False
Q03_s0.1_seed420002,B1,51.039999999999999,0.0041349868337660339,1.9836397358483868,-3.4672884593537781,1.6957555203437669,245,0.00037170550959868509,False
Q03_s0.1_seed420002,B1,51.886031566366093,0.04253696565848486,2.4049382196063673,-3.2249466416899075,1.6959767028235944,185,0.00041061400058781453,False
Q03_s0.1_seed420002,B1,50.321834367921163,-0.03040484557480827,1.9856837330916441,-3.2807476541378513,1.6987034944603798,155,0.00041061400054848173,False
Q03_s0.1_seed420002,B1,46.759240990859226,0.028558161930081205,1.9816754114926549,-2.5238609947533881,1.7107642271103221,215,0.00041061400055591719,False
Q03_s0.1_seed420002,B1,51.600000000000001,0.0060190084012479864,2.3834151446478558,-3.0615490405320904,1.7111203794448591,185,0.00037234060447421155,False
Q03_s0.1_seed420002,B1,50.159999999999997,0.0035063403633586033,2.3428959298085981,-2.8455424791038344,1.7113224038353332,205,0.00037162639391876616,False
Q03_s0.1_seed420002,B1,50.119999999999997,0.0035353671413446727,2.3828485705782581,-2.7983229776299368,1.7154479668335512,205,0.00037164286421690528,False
Q03_s0.1_seed420002,B1,45.201494514795108,-0.039297571848954327,1.9802200743370553,-2.2479796629829778,1.7218342422865316,175,0.00041061400057733349,False
Q03_s0.1_seed420002,B1,50.280000000000001,0.0037131463196587895,2.3429407090943912,-2.8672554939779737,1.7220034465894161,190,0.00037167837022160995,False
Q03_s0.1_seed420002,B1,55.359999999999999,0.010963323997624771,2.0257649086652676,-4.3126054377259271,1.7260674963411129,165,0.00037411580590605641,False
Q03_s0.1_seed420002,B1,46.078512149799735,-0.0376929390088101,1.9808715417776821,-2.4263697758070002,1.7279521430461613,155,0.00041061400059514889,False
Q03_s0.1_seed420002,B1,45.200000000000003,-0.0070282865159948093,1.9814732759725449,-2.2166223088290775,1.7348312551846619,175,0.0003703303681121054,False
Q03_s0.1_seed420002,B1,49.041332907588497,0.035537605539373018,2.0551321153768143,-3.0259298683602189,1.7381862729850193,220,0.00041061400059223113,False
Q03_s0.1_seed420002,B1,46.921273279464643,-0.03630238168664679,1.9824026357920128,-2.5916128142362513,1.7407043572757175,240,0.00041061400059376035,False
Q03_s0.1_seed420002,B1,51.836133170890164,0.037513532211415068,1.5823657164297278,-4.483135341051625,1.7469265620075567,195,0.00041061400057658214,False
Q03_s0.1_seed420002,B1,51.560000000000002,0.0060479697583250046,2.4233601224648269,-3.0115153964003838,1.75201243091364,210,0.00037235883009379843,False
Q03_s0.1_seed420002,B1,51.840000000000003,0.0065953735996577643,2.463431950233546,-3.0181461548730799,1.7547018191213344,215,0.00037254321899660609,False
Q03_s0.1_seed420002,B1,46.759999999999998,-0.0037733810935482166,1.9819582586649924,-2.5509623880736698,1.75656797491037,215,0.00037040438467812753,False
Q03_s0.1_seed420002,B1,48.678857822471997,-0.032484935132162995,1.981923153791435,-2.9804993338514105,1.7603446798016393,225,0.00041061400059395171,False
Q03_s0.1_seed420002,B1,52.680568819538024,-0.025613986982952142,1.9857762897205715,-3.802862905771704,1.7704621357801598,165,0.00041061400057552298,False
Q03_s0.1_seed420002,B1,54.439023225527805,-0.023008098358360485,1.9879204790502625,-4.1514733511914361,1.7809328072561799,195,0.00041061400060028784,False
Q03_s0.1_seed420002,B1,51.840000000000003,0.0045188192619894443,1.5847683396415322,-4.4412541637674545,1.7818172784886985,195,0.00037171933843619141,False
Q03_s0.1_seed420002,B1,46.920000000000002,-0.003451782097153082,1.982011871060386,-2.5852441916800561,1.7856423234627936,240,0.00037042630670076443,False
Q03_s0.1_seed420002,B1,48.911386525390164,0.030552149409375673,2.0694119689330108,-2.7926140717393491,1.7859064780521201,180,0.00041061400059788617,False
Q03_s0.1_seed420002,B1,55.119333147197636,-0.020733478174141062,1.944325811499882,-4.4401204903014371,1.7897917716418017,190,0.00041061400057958234,False
Q03_s0.1_seed420002,B1,48.68,-5.3716017426092076e-05,1.9826490577874318,-2.962215605068145,1.8011768329490823,225,0.00037081847520951635,False
Q03_s0.1_seed420002,B1,50.643752094377376,0.0372382055009437,2.0581792067862974,-3.318875198334938,1.8032960081568081,180,0.00041061400059372685,False
Q03_s0.1_seed420002,B1,55.119999999999997,0.010443771309293947,1.9458118351544196,-4.4190287356410956,1.8093276679528871,190,0.00037387380269114954,False
Q03_s0.1_seed420002,B1,54.515652239744938,-0.022727120302587167,1.9883863765182994,-4.1737326997326303,1.8135083038766895,235,0.00041061400059695918,False
Q03_s0.1_seed420002,B1,52.68,0.0068247693526759801,1.9844198756806513,-3.817955711247258,1.8177997157614885,165,0.00037251010503740352,False
Q03_s0.1_seed420002,B1,51.878301138137239,0.034973306526269177,1.5122905410506218,-4.5436361838366892,1.8240380868826613,195,0.00041061400059726877,False
Q03_s0.1_seed420002,B1,55.63611265886432,0.038338058899951122,1.8780570798589671,-4.4794970287776046,1.8408818971872376,170,0.00041061400058477887,False
Q03_s0.1_seed420002,B1,51.880000000000003,0.0043946191619693232,1.5049932369788768,-4.6641508474531372,1.8426766168620088,195,0.00037166760780850416,False
Q03_s0.1_seed420002,B1,54.439999999999998,0.0095310902904518404,1.9853405387717957,-4.1939593399845574,1.8437390207192703,195,0.00037350512215825611,False
Q03_s0.1_seed420002,B1,50.879376434936319,0.035355573326735446,1.865141175523078,-3.5887944904491889,1.844798533208003,240,0.00041061400059155497,False
Q03_s0.1_seed420002,B1,50.880000000000003,0.003571748230268634,1.8637354326754376,-3.624605701099616,1.8474670336423769,240,0.00037153311871399725,False
Q03_s0.1_seed420002,B1,50.640000000000001,0.0036476941342307883,2.0633636563923221,-3.2683619132784947,1.8510715099154507,180,0.00037159760432007476,False
Q03_s0.1_seed420002,B1,58.682179982524502,-0.015096801730810405,1.9886243770334842,-5.0984067565295526,1.8586669789685271,245,0.000410614000596812,False
Q03_s0.1_seed420002,B1,50.398341933104014,-0.029877285416466393,1.9850502068747704,-3.3143306963581072,1.8632187345274296,175,0.00041061400058454837,False
Q03_s0.1_seed420002,B1,57.80132489581672,-0.016097168383411464,1.9867710601113431,-4.9340285599766283,1.874776856491015,150,0.00041061400059215074,False
Q03_s0.1_seed420002,B1,57.080980757880553,0.044231756060863603,1.9849488294493149,-4.7595570006664314,1.8752644348941276,230,0.00041061400045268261,False
Q03_s0.1_seed420002,B1,57.437322066523819,0.042104673489310684,1.9533864877321112,-4.7886864144834789,1.8752991132454184,250,0.00041061400056484001,False
Q03_s0.1_seed420002,B1,56.955840159015665,0.040941517043470377,2.0331888628118753,-4.4814170155948165,1.8775074478956888,240,0.00041061400059643242,False
Q03_s0.1_seed420002,B1,46.079999999999998,-0.005165091614334383,1.981738436354755,-2.4052445209146112,1.8818964786355474,155,0.000370339802684146,False
Q03_s0.1_seed420002,B1,53.960242995128105,-0.022779885752695961,1.9850083113509429,-4.1034052417868612,1.8836803777871707,165,0.0004106140005875843,False
Q03_s0.1_seed420002,B1,50.399999999999999,0.0030378318258276645,1.9833556738304892,-3.3303699951989456,1.8837396124379759,175,0.00037143008696201323,False
Q03_s0.1_seed420002,B1,55.079409496785935,0.041262645621685579,2.0267323488665907,-4.2131524629441337,1.8837939843709994,155,0.00041061400056553564,False
Q03_s0.1_seed420002,B1,52.233229324882451,0.035532568971535561,2.0698384459687205,-3.4616082218709376,1.8851543268812661,220,0.00041061400049165485,False
Q03_s0.1_seed420002,B1,53.960000000000001,0.0088105106728840355,1.985080892677622,-4.0914477549379455,1.886277076243067,165,0.00037322201787310023,False
Q03_s0.1_seed420002,B1,57.079999999999998,0.013277655310332048,1.9868830769630208,-4.7572700496140454,1.8879527189097809,230,0.0003751896482684598,False
Q03_s0.1_seed420002,B1,55.079999999999998,0.010558992478278689,2.0256083120300272,-4.2540206846031978,1.8905566323202529,155,0.0003739406335335402,False
Q03_s0.1_seed420002,B1,53.362047610710889,-0.02289945181178954,1.9826850194381738,-4.0212642694428204,1.8952028465706554,175,0.00041061400059703599,False
Q03_s0.1_seed420002,B1,57.799999999999997,0.014240049057000914,1.9873373369603082,-4.9107434120959805,1.8954032061868127,150,0.00037567991497493601,False
Q03_s0.1_seed420002,B1,51.880000000000003,0.006566421555289444,2.4234872234571085,-3.067471650537934,1.8966682625860194,215,0.00037252460042132214,False
Q03_s0.1_seed420002,B1,59.63795848019214,-0.013637210165986069,1.9892848366659472,-5.299349436369873,1.90979079176741,230,0.00041061400060010613,False
Q03_s0.1_seed420002,B1,53.359999999999999,0.0078915560859429117,1.9847653564515513,-3.9632710726172586,1.9104572674973004,175,0.00037288011055357017,False
Q03_s0.1_seed420002,B1,53.157033748048661,-0.024616157293636753,1.9862067623096307,-3.9103710727230023,1.9161580633363706,235,0.00041061400056331931,False
Q03_s0.1_seed420002,B1,46.079996794121911,0.026441810349258965,1.9424342877786209,-2.3924048051636397,1.9197189698810611,180,0.00041061400059323928,False
Q03_s0.1_seed420002,B1,50.157633948720601,-0.030908466992208616,1.9860233746596649,-3.2370845696999293,1.9211120553226952,160,0.00041061400058919109,False
Q03_s0.1_seed420002,B1,52.240000000000002,0.0063064162157399697,2.0640810088708368,-3.5972357829671973,1.9213563659306088,220,0.00037235877124392163,False
Q03_s0.1_seed420002,B1,55.678209056441816,0.041889787868001349,1.9880519936733867,-4.4147300985900273,1.9222969967702113,160,0.00041061400059679449,False
Q03_s0.1_seed420002,B1,46.079999999999998,-0.005277072278129671,1.941760364616923,-2.4451878496508899,1.9230674843614435,180,0.0003703274390007709,False
Q03_s0.1_seed420002,B1,59.278735092708501,-0.014956387070592214,1.9907815658174943,-5.1807144722162715,1.9263920050170518,250,0.00041061400059243833,False
Q03_s0.1_seed420002,B1,49.282616976866514,-0.030608724179230329,1.9387603190657807,-3.2027360089728525,1.9273893135465368,250,0.00041061400055509022,False
Q03_s0.1_seed420002,B1,59.640000000000001,0.016593932330508501,1.9885634308338327,-5.3026239251881009,1.9335099031109915,230,0.00037697817987442165,False
Q03_s0.1_seed420002,B1,59.280000000000001,0.016144887690488829,1.9883161745917883,-5.2259900200403226,1.9439132006320485,250,0.00037671964980334261,False
Q03_s0.1_seed420002,B1,49.280000000000001,0.00094761255670275802,1.9429276950665879,-3.1448210439446247,1.9514737461721841,250,0.00037098083447102508,False
Q03_s0.1_seed420002,B1,48.842818622332409,-0.031323553785852276,1.979341069344899,-3.0535225080017021,1.9572889573379302,170,0.00041061400041927953,False
Q03_s0.1_seed420002,B1,50.159999999999997,0.002619180777883695,1.9832521039766975,-3.2790155792337656,1.9573624915518557,160,0.00037133305137057436,False
Q03_s0.1_seed420002,B1,50.241927728942166,-0.029445634745782101,1.9822519490051418,-3.3159917253122586,1.9574653741103454,235,0.00041061400051944024,False
Q03_s0.1_seed420002,B1,54.520000000000003,0.0096499533584948338,1.9853844365052145,-4.2110419809751036,1.9584475257147675,235,0.00037355308880897341,False
Q03_s0.1_seed420002,B1,57.439999999999998,0.013680085020191307,1.9472265019174555,-4.9240558313111844,1.9626450174479111,250,0.0003753831028542482,False
Q03_s0.1_seed420002,B1,55.68,0.011335085973003551,1.98604095362235,-4.4586536179788903,1.9636021909470507,160,0.00037427172544536298,False
Q03_s0.1_seed420002,B1,53.159999999999997,0.0075806282602303753,1.9846624064610798,-3.9205365287169789,1.9688082700938125,235,0.00037276928313422452,False
Q03_s0.1_seed420002,B1,48.920000000000002,0.00059579738816021807,2.0626692700032345,-2.9145879203959035,1.9721712950417811,180,0.00037094520497414754,False
Q03_s0.1_seed420002,B1,56.479916191714118,0.043297239580733837,1.9868683243969567,-4.6126443710380798,1.9722844368050745,170,0.00041061400059244705,False
Q03_s0.1_seed420002,B1,56.479999999999997,0.012456917497939519,1.9865155064381164,-4.62932266006991,1.9742955938156905,170,0.00037479013121538942,False
Q03_s0.1_seed420002,B1,58.68,0.015384236371420546,1.9879120433951827,-5.0982248752200467,1.9748613214345085,245,0.00037629340345855192,False
Q03_s0.1_seed420002,B1,55.640000000000001,0.01102135235301667,1.8663243376457253,-4.7071565310267074,1.9783433622457638,170,0.00037410609226624496,False
Q03_s0.1_seed420002,B1,45.318199118111188,0.023969726009136494,1.9847433435312869,-2.1514741523873973,1.9784811033545775,225,0.00041061400059873694,False
Q03_s0.1_seed420002,B1,56.960000000000001,0.013197566040749715,2.0267007051036061,-4.6471982316023883,1.9840961194300555,240,0.00037515863515940055,False
Q03_s0.1_seed420002,B1,45.121008005223089,-0.039901575873650508,1.9813372387422457,-2.2132458933791401,1.9852003212455414,150,0.00041061400059919361,False
Q03_s0.1_seed420002,B1,50.240000000000002,0.0027591755424656215,1.9832864482041541,-3.2961343132074687,1.9858966233292545,235,0.00037136500411134074,False
Q03_s0.1_seed420002,B1,48.840000000000003,0.00024305535006732715,1.9827112934389792,-2.9964734119876195,1.9859896973988176,170,0.00037086665229622427,False
Q03_s0.1_seed420002,B1,45.201102603815222,-0.039457919435194277,1.9403354584296169,-2.2822026023481445,1.9879196340095373,230,0.00041061400054571496,False
Q03_s0.1_seed420002,B1,45.200000000000003,-0.0071434546471148431,1.9414908444190875,-2.2526478702617689,1.9909647019539163,230,0.00037032333627001594,False
Q03_s0.1_seed420002,B1,51.16142526984769,-0.027069598436927578,1.9397643779629576,-3.6129689453008513,1.9940744810008235,160,0.00041061400049212772,False
Q03_s0.1_seed420002,B1,45.119999999999997,-0.0072012716173093577,1.9814502519201698,-2.1994723817001338,2.0022220090049734,150,0.00037033396591148267,False
Q03_s0.1_seed420002,B1,51.159999999999997,0.004241324811579337,1.9437501014043772,-3.5554207395085666,2.0039571820767774,160,0.00037172477464796208,False
Q03_s0.1_seed420002,B1,50.32,0.0028987251852560336,1.9833209714950637,-3.3132524528883689,2.008040839046541,155,0.00037139735071890843,False
Q03_s0.1_seed420002,B1,51.241341236972133,-0.027428804255905881,1.9825335198676721,-3.5359116175035794,2.0205252026367289,225,0.00041061400037782235,False
Q03_s0.1_seed420002,B1,51.240000000000002,0.0044722272590942578,1.983730853412307,-3.5100673498317279,2.0288930535944929,225,0.0003717963120481128,False
Q03_s0.1_seed420002,B1,53.758558628619554,0.038783271239140937,2.06759790901397,-3.8271209449020329,2.0531149704060585,150,0.0004106140005852389,False
Q03_s0.1_seed420002,B1,49.039999999999999,0.00081566023246418544,2.0627151309146443,-2.9392771498501951,2.0558168279823934,220,0.00037098429719126811,False
Q03_s0.1_seed420002,B1,53.759999999999998,0.0086857531499368347,2.0648261184422867,-3.9094502045751116,2.0723515461151716,150,0.00037319218290247154,False
Q03_s0.1_seed420002,B1,45.32,-0.0067699539197615642,1.9815081501241423,-2.2423464514928644,2.0767231200331073,225,0.0003703264104443953,False
Q03_s0.1_seed420002,B2,51.728914243885939,0.025651776069558707,2.3960646186339507,-3.5387827870550037,7.1750519922217959e-12,200,0.00037602329602465164,True
Q03_s0.1_seed420002,B2,51.728879467397213,-0.048092409997809504,2.393170835030884,-2.1443174388498445,0.0028293601289277269,200,0.00041061400059450173,True
Q03_s0.1_seed420002,B2,51.726641000132389,0.040240021335234744,2.3985777159931554,-3.1270409698679238,0.11687650648080555,200,0.00041061400058059916,True
Q03_s0.1_seed420002,B2,51.733655616989942,-0.027815815112594677,2.3876090736662112,-3.017832237762093,0.25127666219112121,200,0.00041061400057543907,True
Q03_s0.1_seed420002,B2,51.719999999999999,0.0062611004753243774,2.4034431774012894,-3.0610106982090892,0.46886763902049505,200,0.00037242157000428244,True
Q03_s0.1_seed420002,B2,51.740000000000002,0.006246626053992281,2.383471379040266,-3.0864434617966707,0.55615296756669741,200,0.00037241238417900504,False
Q03_s0.1_seed420002,B2,51.717711049037383,0.040990811904685565,2.4122274644605155,-3.1371699603494889,0.58311496539194008,200,0.00041061400059619216,False
Q03_s0.1_seed420002,B2,51.712483802226402,0.04017702883378238,2.4195395210234261,-3.0980339223170752,0.81619808624702972,200,0.00041061400059009059,False
Q03_s0.1_seed420002,B2,51.747756209150083,-0.027408269125795748,2.3670481865425113,-3.0586656169306234,0.93348267522935791,200,0.00041061400059912867,False
Q03_s0.1_seed420002,B2,51.719999999999999,0.0063079934411748619,2.4234233801011258,-3.0394941096164225,1.2252996340548179,200,0.00037244111736362885,False
Q03_s0.1_seed420002,B2,51.740000000000002,0.0061997123773730239,2.3634919288514089,-3.1087192074140941,1.2450702811105221,200,0.00037239290817825328,False
Q03_s0.1_seed420002,B2,51.700000000000003,0.0062755780407108665,2.4234154408629913,-3.0359968342411143,1.3277722118185702,200,0.0003724307655104083,False
Q03_s0.1_seed420002,B2,51.588726370529251,0.039481387168741833,2.3809520387577692,-3.1027805075418602,1.3308998964603214,185,0.00041061400058304583,False
Q03_s0.1_seed420002,B2,51.589203344290162,-0.025623120255766629,2.3820308983344654,-3.0883714196371983,1.3399957837867009,185,0.00041061400057897617,False
Q03_s0.1_seed420002,B2,51.587523335756359,-0.021310691338766397,2.3849233700866446,-3.2363688185391908,1.3512156637142041,185,0.00041061400059570015,False
Q03_s0.1_seed420002,B2,51.598034824737013,-0.028938780117223395,2.3670162321502266,-2.9852447104669348,1.3586801030358733,185,0.00041061400059528647,False
Q03_s0.1_seed420002,B2,51.759999999999998,0.0062321547738961374,2.3635000575703629,-3.1123057341672862,1.3673375795594211,200,0.00037240320803093763,False
Q03_s0.1_seed420002,B2,51.866598962407338,0.036323989973632287,2.4055321100673286,-2.9958328386317667,1.3776461553093646,215,0.00041061400059330677,False
Q03_s0.1_seed420002,B2,51.869192405381852,0.03879897511794006,2.4018484616983304,-3.0887008302903833,1.3785512629441745,215,0.00041061400060062037,False
Q03_s0.1_seed420002,B2,51.600000000000001,0.005971914587377585,2.3634352905545128,-3.0836129461479893,1.3865711199067268,185,0.00037232133921198917,False
Q03_s0.1_seed420002,B2,51.861798111601161,0.039940769412368127,2.4173071790246281,-3.1108850838898814,1.4094077918496422,215,0.00041061400058832356,False
Q03_s0.1_seed420002,B2,51.861027962248535,0.043890243368279513,2.4203727787072831,-3.2537765034170292,1.4216656184933252,215,0.00041061400058938689,False
Q03_s0.1_seed420002,B2,51.600537802709887,-0.037447620971933659,2.3587809655731422,-2.6578274063251222,1.4241077293169595,185,0.0004106140005949785,False
Q03_s0.1_seed420002,B2,51.577890298727759,0.039684869570841386,2.3963886946031745,-3.0904545631937719,1.4309938983658317,185,0.00041061400058664614,False
Q03_s0.1_seed420002,B2,51.859999999999999,0.0065342047965234584,2.4234792110094827,-3.0639745225875261,1.4393585590037805,215,0.00037251410055640994,False
Q03_s0.1_seed420002,B2,51.883393433764191,0.038343706583944481,2.3831041772086436,-3.0962703604945769,1.4400698397575633,185,0.00041061400057244141,False
Q03_s0.1_seed420002,B2,51.579999999999998,0.0059863912039026116,2.3834071483857282,-3.0579926160704938,1.4401420985979261,185,0.00037233042632313888,False
Q03_s0.1_seed420002,B2,51.877572796515445,-0.028570609263780966,2.3873124104481018,-3.005621214651141,1.4473283607354532,215,0.00041061400059655407,False
Q03_s0.1_seed420002,B2,51.880000000000003,0.0064730210094646476,2.3835280693588587,-3.1113369126106671,1.458299810747498,185,0.00037248508309656688,False
Q03_s0.1_seed420002,B2,51.889125812475925,-0.027922790332064018,2.3722171550241544,-3.0488381774655249,1.4643376005916775,185,0.00041061400059470534,False
Q03_s0.1_seed420002,B2,54.904120202444638,-0.021100842393430241,1.9853306266313655,-4.3070858819089448,1.5109289812083864,250,0.000410614000589123,False
Q03_s0.1_seed420002,B2,51.859999999999999,0.0064874905879657076,2.4034994021543143,-3.0856959886732525,1.5152888636777029,215,0.0003724943462174794,False
Q03_s0.1_seed420002,B2,55.350831392373998,0.036168514975566168,2.0392731212529345,-4.0087282092020313,1.5186610388200572,165,0.00041061400059830858,False
Q03_s0.1_seed420002,B2,59.743232332768478,-0.014473274729117414,1.9888174591006935,-5.2725437648491837,1.529960470680743,250,0.0004106140005449764,False
Q03_s0.1_seed420002,B2,50.14019755152362,-0.026252974858117284,2.3549872829882164,-2.9319140430872093,1.5338974492317774,205,0.00041061400054299535,False
Q03_s0.1_seed420002,B2,50.1408260092551,-0.035430647718166952,2.3531166797026266,-2.6005287127708172,1.5339549406626671,205,0.00041061400037811622,False
Q03_s0.1_seed420002,B2,51.880000000000003,0.0065197327820244871,2.4035074711687723,-3.0892223819596176,1.5395011465576836,185,0.00037250481676682107,False
Q03_s0.1_seed420002,B2,51.383961696608026,-0.026009648657220552,2.0606499259443547,-3.4883831138927128,1.5413467072055194,160,0.00041061400036265886,False
Q03_s0.1_seed420002,B2,50.264990638142265,0.032586980813949395,2.3738348034454222,-2.700389085240964,1.566154963635348,190,0.0004106140000604265,False
Q03_s0.1_seed420002,B2,50.263593820290829,0.037590663705887373,2.3770532601169734,-2.8716514454062878,1.5674406046552989,190,0.00041061400059738375,False
Q03_s0.1_seed420002,B2,50.140000000000001,0.0035208521696781124,2.3628720499060267,-2.8217332790628804,1.5686336079378911,205,0.00037163462419123426,False
Q03_s0.1_seed420002,B2,50.26726566736172,-0.03315213297507924,2.3687376701792084,-2.683738587607893,1.5709132958224448,190,0.00041061400058221674,False
Q03_s0.1_seed420002,B2,50.178519666320923,-0.02842833964466962,2.3012040064862278,-2.9210946015251142,1.5775376760777606,205,0.0004106140005972955,False
Q03_s0.1_seed420002,B2,50.259999999999998,0.0037765396055536925,2.3828999809095843,-2.8232269673045423,1.5810760591196169,190,0.00037170375241766965,False
Q03_s0.1_seed420002,B2,50.18,0.0034427619843556564,2.3029373757471689,-2.8907169312133827,1.5870816863685262,205,0.00037160140582246628,False
Q03_s0.1_seed420002,B2,50.155990957508429,-0.032885302520469395,2.3282761997517571,-2.7242934625221995,1.5900713308494747,205,0.00041061400059315791,False
Q03_s0.1_seed420002,B2,51.758588171368899,-0.027643807526789743,2.385924108348068,-3.0288650560161852,1.5912945059540515,205,0.00041061400055423462,False
Q03_s0.1_seed420002,B2,51.579999999999998,0.006033487506313065,2.4033874048062089,-3.0363244750731644,1.5952599207855345,185,0.00037234971243992184,False
Q03_s0.1_seed420002,B2,45.302064791861653,-0.039981491699874638,1.9826070477342528,-2.2331024125590542,1.5958598858958131,230,0.00041061400059166876,False
Q03_s0.1_seed420002,B2,50.185456730756222,-0.030611714882829766,2.2855484704204834,-2.8597458280611523,1.5986623812735734,205,0.00041061400058960276,False
Q03_s0.1_seed420002,B2,51.899999999999999,0.0064585545692366396,2.3635572213100997,-3.1374108428028866,1.5986833988695135,185,0.00037247582964544814,False
Q03_s0.1_seed420002,B2,50.140000000000001,0.0034717768854859747,2.3428884997710377,-2.8419235777824876,1.5987520488933997,205,0.00037161781302998196,False
Q03_s0.1_seed420002,B2,51.759999999999998,0.0062790428191901405,2.3834794497449741,-3.0899997287324954,1.5997254009101949,205,0.000372422713879888,False
Q03_s0.1_seed420002,B2,50.159999999999997,0.0034572678550903397,2.3229127275045944,-2.8661106148036835,1.6072882006306348,205,0.00037160960455274989,False
Q03_s0.1_seed420002,B2,51.380000000000003,0.0048979150777048739,2.0636868853730848,-3.4204936543115059,1.6088890434942866,160,0.00037193316783882006,False
Q03_s0.1_seed420002,B2,54.581264936139839,-0.021437192640424207,1.9823619819163607,-4.2539125693654682,1.620227502068065,165,0.0004106140004931839,False
Q03_s0.1_seed420002,B2,50.255426419168494,0.038340880701684732,2.394056796786197,-2.878775921341985,1.6286302067900091,190,0.00041061400059018091,False
Q03_s0.1_seed420002,B2,53.719474352658892,-0.023503456892764341,1.9855791646809797,-4.0371165751145703,1.6353681887870357,190,0.00041061400058836606,False
Q03_s0.1_seed420002,B2,56.936986075273531,-0.017693593377359207,1.9858702632872645,-4.741594208429099,1.636151684381723,245,0.0004106140005578771,False
Q03_s0.1_seed420002,B2,53.719999999999999,0.008445392090531717,1.9849534749559756,-4.0401819807297272,1.6388730910082054,190,0.00037308360317549801,False
Q03_s0.1_seed420002,B2,55.180571090081273,0.039828125826463001,2.0504799632228958,-4.1196492379803811,1.6404758281868204,175,0.00041061400058840721,False
Q03_s0.1_seed420002,B2,45.000030114181307,0.025713252843617695,2.039504196876277,-2.1226063817562029,1.642209668715304,215,0.00041061400059944975,False
Q03_s0.1_seed420002,B2,51.859999999999999,0.0065808960045481372,2.4434593608214881,-3.0426074614850598,1.6533692277096366,215,0.00037253390486966886,False
Q03_s0.1_seed420002,B2,51.600000000000001,0.0059247974264303588,2.3434557912016234,-3.1060522059972864,1.6679696441618768,210,0.00037230212517878192,False
Q03_s0.1_seed420002,B2,47.578397140065725,-0.035430720528670356,1.983996359607568,-2.7117835024634971,1.6704781308471628,240,0.00041061400058650931,False
Q03_s0.1_seed420002,B2,50.18,0.0033936671819895393,2.2829548426851627,-2.9120389305636434,1.6752239152953716,205,0.00037158469567254008,False
Q03_s0.1_seed420002,B2,45,-0.0072882792593114715,2.0413924122899028,-2.1236163616430259,1.6801567160382551,215,0.00037035011812198352,False
Q03_s0.1_seed420002,B2,46.017282837051972,-0.038469031451789704,1.9829339511013901,-2.385962715929649,1.6808711776200125,240,0.00041061400057708781,False
Q03_s0.1_seed420002,B2,50.276895306014552,-0.03201126619316863,2.3474460815160345,-2.7494940999401702,1.6816512461485971,190,0.00041061400058448624,False
Q03_s0.1_seed420002,B2,51.39192364740979,-0.028757362418906141,2.0476148710120139,-3.3950306122356988,1.6830144254417385,160,0.00041061400059667013,False
Q03_s0.1_seed420002,B2,57.619739648606888,0.044939816828840407,1.986545901746112,-4.8786625269259378,1.6901615133605032,210,0.0004106139995941614,False
Q03_s0.1_seed420002,B2,51.040730371144384,-0.027955552948951023,1.9824221072300623,-3.4864813982616791,1.6906818005511066,245,0.0004106140005953686,False
Q03_s0.1_seed420002,B2,47.579999999999998,-0.0021480482876118914,1.9822406254964322,-2.7266366663181225,1.6921015819043377,240,0.00037054209022530988,False
Q03_s0.1_seed420002,B2,54.579999999999998,0.009738871998975664,1.9854174766580799,-4.2238534647403547,1.6931957156771433,165,0.00037358920617195529,False
Q03_s0.1_seed420002,B2,51.039999999999999,0.0041349868337660339,1.9836397358483868,-3.4672884593537781,1.6957555203437669,245,0.00037170550959868509,False
Q03_s0.1_seed420002,B2,50.321834367921163,-0.03040484557480827,1.9856837330916441,-3.2807476541378513,1.6987034944603798,155,0.00041061400054848173,False
Q03_s0.1_seed420002,B2,51.600000000000001,0.0060190084012479864,2.3834151446478558,-3.0615490405320904,1.7111203794448591,185,0.00037234060447421155,False
Q03_s0.1_seed420002,B2,55.338591570027518,0.042171094407779108,1.9859709415808304,-4.3776915988568419,1.7135648525317937,165,0.00041061400055904658,False
Q03_s0.1_seed420002,B2,45.201494514795108,-0.039297571848954327,1.9802200743370553,-2.2479796629829778,1.7218342422865316,175,0.00041061400057733349,False
Q03_s0.1_seed420002,B2,50.280000000000001,0.0037131463196587895,2.3429407090943912,-2.8672554939779737,1.7220034465894161,190,0.00037167837022160995,False
Q03_s0.1_seed420002,B2,51.842972765855976,0.036607506331979067,1.5647915989476973,-4.481940087441048,1.725630956420285,195,0.00041061400053239955,False
Q03_s0.1_seed420002,B2,55.359999999999999,0.010963323997624771,2.0257649086652676,-4.3126054377259271,1.7260674963411129,165,0.00037411580590605641,False
Q03_s0.1_seed420002,B2,46.078512149799735,-0.0376929390088101,1.9808715417776821,-2.4263697758070002,1.7279521430461613,155,0.00041061400059514889,False
Q03_s0.1_seed420002,B2,57.619999999999997,0.014001705391012975,1.9872224251686006,-4.8723816740924208,1.7281075531541472,210,0.00037555630521096228,False
Q03_s0.1_seed420002,B2,51.840000000000003,0.0044710938519342183,1.5648165401943921,-4.4921363069721121,1.7339222945714405,195,0.00037170179472779578,False
Q03_s0.1_seed420002,B2,45.200000000000003,-0.0070282865159948093,1.9814732759725449,-2.2166223088290775,1.7348312551846619,175,0.0003703303681121054,False
Q03_s0.1_seed420002,B2,51.849448468080617,0.034953381358140412,1.5524061739968362,-4.4259292773646823,1.7361559433069265,195,0.00041061400058784017,False
Q03_s0.1_seed420002,B2,54.820607303031807,-0.021950159299660044,1.9871168678888773,-4.2529676108365315,1.7363007651982278,150,0.00041061400059335833,False
Q03_s0.1_seed420002,B2,50.280000000000001,0.0037620274529884682,2.362923889256102,-2.8468493666637458,1.7394924370024072,190,0.00037169542842219573,False
Q03_s0.1_seed420002,B2,50.259999999999998,0.0037276557228853205,2.3629164554384716,-2.8432614082359731,1.7396904479230273,190,0.00037168667250972188,False
Q03_s0.1_seed420002,B2,47.248410425313494,0.023598067431020553,1.8782941702870053,-2.5208637293528096,1.7397211840230875,235,0.00041061400059883685,False
Q03_s0.1_seed420002,B2,46.921273279464643,-0.03630238168664679,1.9824026357920128,-2.5916128142362513,1.7407043572757175,240,0.00041061400059376035,False
Q03_s0.1_seed420002,B2,57.260011012195527,-0.018404840029660363,1.9899612599015426,-4.7415296741544353,1.743073728816297,250,0.00041061400054922165,False
Q03_s0.1_seed420002,B2,51.836133170890164,0.037513532211415068,1.5823657164297278,-4.483135341051625,1.7469265620075567,195,0.00041061400057658214,False
Q03_s0.1_seed420002,B2,51.903064660722656,-0.024058720010566859,2.0941781442970862,-3.5828043624039694,1.7528341480247638,160,0.00041061400059292437,False
Q03_s0.1_seed420002,B2,55.421483338194932,-0.020376312962972598,1.9861449127870152,-4.4089498777490341,1.757903606231233,170,0.00041061400058488642,False
Q03_s0.1_seed420002,B2,48.678857822471997,-0.032484935132162995,1.981923153791435,-2.9804993338514105,1.7603446798016393,225,0.00041061400059395171,False
Q03_s0.1_seed420002,B2,51.895362080465581,-0.030310148668232451,2.3888927693287423,-2.9398383915275375,1.761637376504662,185,0.00041061400058794713,False
Q03_s0.1_seed420002,B2,51.85718077460097,0.033416164966338258,1.5396149540622566,-4.3781585932829152,1.7670530701260696,195,0.00041061400060019861,False
Q03_s0.1_seed420002,B2,52.680568819538024,-0.025613986982952142,1.9857762897205715,-3.802862905771704,1.7704621357801598,165,0.00041061400057552298,False
Q03_s0.1_seed420002,B2,50.259999999999998,0.0038253986101800114,2.4028837913056544,-2.8035248836715336,1.7791320283253607,190,0.00037172088899969745,False
Q03_s0.1_seed420002,B2,47.778802172723225,0.032708825268322528,2.0769771011012654,-2.7122584283427482,1.7799314550673035,235,0.00041061400059742219,False
Q03_s0.1_seed420002,B2,54.439023225527805,-0.023008098358360485,1.9879204790502625,-4.1514733511914361,1.7809328072561799,195,0.00041061400060028784,False
Q03_s0.1_seed420002,B2,51.840000000000003,0.0045188192619894443,1.5847683396415322,-4.4412541637674545,1.7818172784886985,195,0.00037171933843619141,False
Q03_s0.1_seed420002,B2,52.476936026325504,0.037923984878050376,1.8854716012707411,-3.9234642217387172,1.7825998853828182,155,0.00041061400058256048,False
Q03_s0.1_seed420002,B2,51.859999999999999,0.0044567271644321265,1.5448778713823519,-4.5498268036112588,1.7845460650122242,195,0.00037169342029204968,False
Q03_s0.1_seed420002,B2,46.920000000000002,-0.003451782097153082,1.982011871060386,-2.5852441916800561,1.7856423234627936,240,0.00037042630670076443,False
Q03_s0.1_seed420002,B2,53.360303861167438,0.039806767311434399,1.8846482646779408,-4.1566601212369729,1.7875507523839445,150,0.00041061400058074087,False
Q03_s0.1_seed420002,B2,53.359999999999999,0.0076645816340055626,1.8849591732819466,-4.1493979754815813,1.7879780729096413,150,0.00037277665203347366,False
Q03_s0.1_seed420002,B2,46.020000000000003,-0.0052898641284908343,1.9817196647416166,-2.3923855323812648,1.7980373228057744,240,0.00037033641589762382,False
Q03_s0.1_seed420002,B2,48.68,-5.3716017426092076e-05,1.9826490577874318,-2.962215605068145,1.8011768329490823,225,0.00037081847520951635,False
Q03_s0.1_seed420002,B2,49.412623797540569,0.027092603955694905,2.055178823399582,-2.748530154151311,1.8016539813851258,175,0.00041061400059881658,False
Q03_s0.1_seed420002,B2,50.643752094377376,0.0372382055009437,2.0581792067862974,-3.318875198334938,1.8032960081568081,180,0.00041061400059372685,False
Q03_s0.1_seed420002,B2,45.299999999999997,-0.006812914310303001,1.9815023095952526,-2.2380591570859609,1.8035668789030319,230,0.00037032695108174215,False
Q03_s0.1_seed420002,B2,45.138694315001466,-0.039350931766095165,1.9799194500494615,-2.2378090012926535,1.8054719372440042,220,0.0004106140005874981,False
Q03_s0.1_seed420002,B2,54.515652239744938,-0.022727120302587167,1.9883863765182994,-4.1737326997326303,1.8135083038766895,235,0.00041061400059695918,False
Q03_s0.1_seed420002,B2,52.68,0.0068247693526759801,1.9844198756806513,-3.817955711247258,1.8177997157614885,165,0.00037251010503740352,False
Q03_s0.1_seed420002,B2,51.899999999999999,0.005849231005855088,2.1038678926193533,-3.4689695522809103,1.8178804510061781,160,0.00037222414914931984,False
Q03_s0.1_seed420002,B2,55.183481736777885,-0.020977270454390684,1.9837416268644152,-4.353853023755951,1.8203915729880613,160,0.00041061400051784966,False
Q03_s0.1_seed420002,B2,51.878301138137239,0.034973306526269177,1.5122905410506218,-4.5436361838366892,1.8240380868826613,195,0.00041061400059726877,False
Q03_s0.1_seed420002,B2,49.660677241014866,0.035566585447740273,2.0582990683152964,-3.1098011926393241,1.8320157276799762,220,0.00041061400059244456,False
Q03_s0.1_seed420002,B2,55.420000000000002,0.010963517416577239,1.9858905510243847,-4.4031687807379889,1.833463142542348,170,0.00037410706860918451,False
Q03_s0.1_seed420002,B2,46.301204554604922,0.028662244795617298,2.0396796367365257,-2.401722542678538,1.8348819826471756,220,0.00041061400054534595,False
Q03_s0.1_seed420002,B2,51.859999999999999,0.0044089803215236556,1.5249287875293842,-4.6034580879783888,1.8354826495102459,195,0.0003716759515670519,False
Q03_s0.1_seed420002,B2,51.899999999999999,0.0065052639081802982,2.3835362051902305,-3.1148930399963444,1.8379316573968965,185,0.00037249554264957505,False
Q03_s0.1_seed420002,B2,55.63611265886432,0.038338058899951122,1.8780570798589671,-4.4794970287776046,1.8408818971872376,170,0.00041061400058477887,False
Q03_s0.1_seed420002,B2,51.880000000000003,0.0043946191619693232,1.5049932369788768,-4.6641508474531372,1.8426766168620088,195,0.00037166760780850416,False
Q03_s0.1_seed420002,B2,50.330623852343969,0.0312802434720858,1.8748640048808352,-3.3063711529874347,1.8433778564630325,225,0.00041061400060062351,False
Q03_s0.1_seed420002,B2,54.439999999999998,0.0095310902904518404,1.9853405387717957,-4.1939593399845574,1.8437390207192703,195,0.00037350512215825611,False
Q03_s0.1_seed420002,B2,50.879376434936319,0.035355573326735446,1.865141175523078,-3.5887944904491889,1.844798533208003,240,0.00041061400059155497,False
Q03_s0.1_seed420002,B2,52.479999999999997,0.0062733499688915487,1.884493802129749,-3.9513420420442498,1.8464362129138234,155,0.00037230774559598642,False
Q03_s0.1_seed420002,B2,50.880000000000003,0.003571748230268634,1.8637354326754376,-3.624605701099616,1.8474670336423769,240,0.00037153311871399725,False
Q03_s0.1_seed420002,B2,59.740000000000002,0.016717706515381292,1.9886327487109834,-5.3239077223552576,1.8493664279383264,250,0.00037705034127002887,False
Q03_s0.1_seed420002,B2,50.61986610105204,0.035811238252316357,1.9814020354842352,-3.3732912366967103,1.8496364349380647,160,0.00041061400039221318,False
Q03_s0.1_seed420002,B2,50.640000000000001,0.0036476941342307883,2.0633636563923221,-3.2683619132784947,1.8510715099154507,180,0.00037159760432007476,False
Q03_s0.1_seed420002,B2,49.382464947145778,0.034130391314089792,1.901022910727316,-3.242075860342819,1.8530681346440132,240,0.00041061400058501962,False
Q03_s0.1_seed420002,B2,54.82,0.01009260019890785,1.9855506386979505,-4.2750951130647383,1.854913374449767,150,0.00037373487363975702,False
Q03_s0.1_seed420002,B2,58.682179982524502,-0.015096801730810405,1.9886243770334842,-5.0984067565295526,1.8586669789685271,245,0.000410614000596812,False
Q03_s0.1_seed420002,B2,46.299999999999997,-0.0045437790423023244,2.0417752913594214,-2.3940048019051261,1.8590439022524488,220,0.00037037652618791432,False
Q03_s0.1_seed420002,B2,50.398341933104014,-0.029877285416466393,1.9850502068747704,-3.3143306963581072,1.8632187345274296,175,0.00041061400058454837,False
Q03_s0.1_seed420002,B2,55.340000000000003,0.010848486230751006,1.9858446511999848,-4.3860948363645935,1.8662584189899598,165,0.00037405680460101342,False
Q03_s0.1_seed420002,B2,54.899999999999999,0.010209822349017253,1.9855953820485903,-4.2921741287630857,1.8665740526911667,250,0.0003737838475880272,False
Q03_s0.1_seed420002,B2,52.896984047803357,0.03592424552340745,1.87289266312082,-3.9242462886485594,1.8665947778260348,175,0.00041061400057009829,False
Q03_s0.1_seed420002,B2,49.739849339130828,-0.032323777766262829,2.0437095251405371,-3.0409815985587514,1.8722507054231308,250,0.00041061400008498812,False
Q03_s0.1_seed420002,B2,53.42214726451013,-0.023170258352530837,1.9817128753036608,-4.0192565680464565,1.8743683160626345,240,0.0004106140005624288,False
Q03_s0.1_seed420002,B2,57.80132489581672,-0.016097168383411464,1.9867710601113431,-4.9340285599766283,1.874776856491015,150,0.00041061400059215074,False
Q03_s0.1_seed420002,B2,57.080980757880553,0.044231756060863603,1.9849488294493149,-4.7595570006664314,1.8752644348941276,230,0.00041061400045268261,False
Q03_s0.1_seed420002,B2,49.740000000000002,0.0020270474807469515,2.0430108329287684,-3.1089655258058695,1.8755184682615524,250,0.00037121712344332725,False
Q03_s0.1_seed420002,B2,50.479563635842197,-0.029014334829422062,1.9823846458808254,-3.3659575799177244,1.8817051197290131,165,0.00041061400052347326,False
Q03_s0.1_seed420002,B2,46.079999999999998,-0.005165091614334383,1.981738436354755,-2.4052445209146112,1.8818964786355474,155,0.000370339802684146,False
Q03_s0.1_seed420002,B2,54.297744696544719,0.040805204803610273,1.9454345097376173,-4.2305809125077616,1.883505295580437,225,0.00041061400056946473,False
Q03_s0.1_seed420002,B2,53.960242995128105,-0.022779885752695961,1.9850083113509429,-4.1034052417868612,1.8836803777871707,165,0.0004106140005875843,False
Q03_s0.1_seed420002,B2,50.399999999999999,0.0030378318258276645,1.9833556738304892,-3.3303699951989456,1.8837396124379759,175,0.00037143008696201323,False
Q03_s0.1_seed420002,B2,55.079409496785935,0.041262645621685579,2.0267323488665907,-4.2131524629441337,1.8837939843709994,155,0.00041061400056553564,False
Q03_s0.1_seed420002,B2,52.233229324882451,0.035532568971535561,2.0698384459687205,-3.4616082218709376,1.8851543268812661,220,0.00041061400049165485,False
Q03_s0.1_seed420002,B2,53.960000000000001,0.0088105106728840355,1.985080892677622,-4.0914477549379455,1.886277076243067,165,0.00037322201787310023,False
Q03_s0.1_seed420002,B2,57.079999999999998,0.013277655310332048,1.9868830769630208,-4.7572700496140454,1.8879527189097809,230,0.0003751896482684598,False
Q03_s0.1_seed420002,B2,50.536287443759313,-0.031077132313140687,2.0482618919152591,-3.187381812931692,1.8901234269325118,220,0.00041061400059940519,False
Q03_s0.1_seed420002,B2,55.079999999999998,0.010558992478278689,2.0256083120300272,-4.2540206846031978,1.8905566323202529,155,0.0003739406335335402,False
Q03_s0.1_seed420002,B2,53.420000000000002,0.0079843804516577885,1.9847964588032605,-3.9760905682630625,1.894264200770887,240,0.00037291367295399938,False
Q03_s0.1_seed420002,B2,53.362047610710889,-0.02289945181178954,1.9826850194381738,-4.0212642694428204,1.8952028465706554,175,0.00041061400059703599,False
Q03_s0.1_seed420002,B2,57.799999999999997,0.014240049057000914,1.9873373369603082,-4.9107434120959805,1.8954032061868127,150,0.00037567991497493601,False
Q03_s0.1_seed420002,B2,49.380000000000003,0.0010276898964881125,1.9030129905971809,-3.2235508486620605,1.8959668266229757,240,0.00037098651772959239,False
Q03_s0.1_seed420002,B2,50.479999999999997,0.0031764975703127544,1.9833905551915072,-3.347486937062409,1.8984284443428245,165,0.00037146320865108344,False
Q03_s0.1_seed420002,B2,46.141039756272299,-0.037880116030884814,1.9821508445420379,-2.4261077813667615,1.9070957267810538,230,0.0004106140005861094,False
Q03_s0.1_seed420002,B2,56.260673469784365,-0.018400394129956865,1.9839031387872348,-4.6203336821922321,1.908968825111133,230,0.00041061400053066634,False
Q03_s0.1_seed420002,B2,59.63795848019214,-0.013637210165986069,1.9892848366659472,-5.299349436369873,1.90979079176741,230,0.00041061400060010613,False
Q03_s0.1_seed420002,B2,49.659999999999997,0.0019347080663847157,2.0629582577820078,-3.0668210844801731,1.9102993953937408,220,0.00037120229491703833,False
Q03_s0.1_seed420002,B2,53.359999999999999,0.0078915560859429117,1.9847653564515513,-3.9632710726172586,1.9104572674973004,175,0.00037288011055357017,False
Q03_s0.1_seed420002,B2,46.741380445879059,0.029379754364128985,1.9800345714720946,-2.5555811796063246,1.9122522913304651,250,0.00041061400059651699,False
Q03_s0.1_seed420002,B2,50.298267186509506,0.035502725630464305,2.062683920485771,-3.1914895160413668,1.9128235071985182,180,0.00041061400059235766,False
Q03_s0.1_seed420002,B2,52.573755849884506,0.038361130702257107,2.0659947509632044,-3.6353246719497392,1.9160756747143495,155,0.0004106140005923974,False
Q03_s0.1_seed420002,B2,53.157033748048661,-0.024616157293636753,1.9862067623096307,-3.9103710727230023,1.9161580633363706,235,0.00041061400056331931,False
Q03_s0.1_seed420002,B2,46.079996794121911,0.026441810349258965,1.9424342877786209,-2.3924048051636397,1.9197189698810611,180,0.00041061400059323928,False
Q03_s0.1_seed420002,B2,50.157633948720601,-0.030908466992208616,1.9860233746596649,-3.2370845696999293,1.9211120553226952,160,0.00041061400058919109,False
Q03_s0.1_seed420002,B2,52.240000000000002,0.0063064162157399697,2.0640810088708368,-3.5972357829671973,1.9213563659306088,220,0.00037235877124392163,False
Q03_s0.1_seed420002,B2,46.079999999999998,-0.005277072278129671,1.941760364616923,-2.4451878496508899,1.9230674843614435,180,0.0003703274390007709,False
Q03_s0.1_seed420002,B2,46.140000000000001,-0.0050406435961846286,1.9817573092634,-2.4181032659378872,1.9239102611273731,230,0.00037034357458924454,False
Q03_s0.1_seed420002,B2,48.579172940771933,-0.031890483124790592,1.938653825164389,-3.0520577294302331,1.9239880894505377,225,0.00041061400059324595,False
Q03_s0.1_seed420002,B2,48.659464135471623,0.032618610897385381,1.8816214092233012,-3.0974365926296201,1.9244409326013463,225,0.00041061400058156351,False
Q03_s0.1_seed420002,B2,59.278735092708501,-0.014956387070592214,1.9907815658174943,-5.1807144722162715,1.9263920050170518,250,0.00041061400059243833,False
Q03_s0.1_seed420002,B2,58.062251433601631,-0.015540284389917502,1.9856763124390875,-4.9993171464890676,1.9279062787417605,150,0.00041061400058678589,False
Q03_s0.1_seed420002,B2,52.902366382229637,0.041337597168666029,2.0566877465275395,-3.8280457066109062,1.9284324682478344,180,0.00041061400056464421,False
Q03_s0.1_seed420002,B2,46.982590379170638,-0.035508377247482237,2.0411248674037767,-2.5631267813937182,1.9293701419686107,245,0.00041061400047594389,False
Q03_s0.1_seed420002,B2,50.66003612638081,0.036365018884153777,1.9008863181256426,-3.5367512253537452,1.9323016872252288,180,0.00041061400059498658,False
Q03_s0.1_seed420002,B2,59.640000000000001,0.016593932330508501,1.9885634308338327,-5.3026239251881009,1.9335099031109915,230,0.00037697817987442165,False
Q03_s0.1_seed420002,B2,55.18,0.010617423251534495,1.9857533851719846,-4.3519445851394991,1.9338986142021615,160,0.00037395685500671207,False
Q03_s0.1_seed420002,B2,50.619999999999997,0.0034181080042624589,1.9834520282967509,-3.3774401312470808,1.9344492277371983,160,0.00037152208663215219,False
Q03_s0.1_seed420002,B2,49.420000000000002,0.0014543671471891617,2.0428823089796073,-3.0424941254230036,1.9348520835903225,175,0.00037110023630579705,False
Q03_s0.1_seed420002,B2,45.140000000000001,-0.0071579678609003982,1.9814559910281322,-2.2037599006630417,1.9349983098070469,220,0.00037033299393985508,False
Q03_s0.1_seed420002,B2,52.47721995829189,0.036890696753175689,2.0480497251987879,-3.5884299498871748,1.9352888105835864,150,0.00041061400043406691,False
Q03_s0.1_seed420002,B2,46.339408571746823,-0.037106896346809748,1.9406187885449686,-2.5298932871749251,1.9363074847680835,180,0.0004106140005952888,False
Q03_s0.1_seed420002,B2,56.259999999999998,0.012151594197060595,1.9863832331797182,-4.5823968337199101,1.9363845611057713,230,0.00037464587310869618,False
Q03_s0.1_seed420002,B2,55.119509998636516,0.04037987418874156,2.028898335045767,-4.1756779579994614,1.9364913902873762,155,0.00041061400059261391,False
Q03_s0.1_seed420002,B2,54.355129115646847,-0.024797895291187366,1.9917667001280299,-4.0497304298070649,1.9383301264312709,170,0.00041061400058226629,False
Q03_s0.1_seed420002,B2,46.740000000000002,-0.0038137357768100589,1.9819516077115455,-2.5466770328854968,1.9387634497032782,250,0.00037040181939155734,False
Q03_s0.1_seed420002,B2,47.259999999999998,-0.0030998168923514566,1.8622174564635128,-2.799459866738581,1.9390920809395811,235,0.00037042559053859406,False
Q03_s0.1_seed420002,B2,57.259999999999998,0.013520522693327165,1.9869952949521963,-4.7956449588426056,1.9429271042560725,250,0.00037531115143263794,False
Q03_s0.1_seed420002,B2,47.780000000000001,-0.001494952792795382,2.0822388436888315,-2.6586883566395119,1.9438730716382771,235,0.00037063944932561179,False
Q03_s0.1_seed420002,B2,59.280000000000001,0.016144887690488829,1.9883161745917883,-5.2259900200403226,1.9439132006320485,250,0.00037671964980334261,False
Q03_s0.1_seed420002,B2,46.340000000000003,-0.0047392134934097869,1.941844252655555,-2.5020639577224912,1.9439511238997282,180,0.00037034504651830419,False
Q03_s0.1_seed420002,B2,50.458931677667721,0.03583800867183573,2.0420618662647816,-3.2582102987693986,1.9441911880789644,230,0.00041061400008528492,False
Q03_s0.1_seed420002,B2,47.141381138085066,-0.036308045259933586,1.9836155882853286,-2.6192390593928625,1.945591779334767,245,0.00041061400059620821,False
Q03_s0.1_seed420002,B2,50.299999999999997,0.003060946994003764,2.0632200811205328,-3.1984482850914446,1.9469146214310624,180,0.00037145380736636576,False
Q03_s0.1_seed420002,B2,55.620888901205397,0.043118725826283288,1.9026580065551877,-4.6516387178446834,1.9475078651443503,170,0.00041061400058707152,False
Q03_s0.1_seed420002,B2,46.781378981457955,-0.036438411638526347,1.9808354185541583,-2.5693953117635822,1.9505916932503937,235,0.0004106140004278405,False
Q03_s0.1_seed420002,B2,48.497298182700085,0.03216256847129273,1.8821790671828877,-3.0525744974026239,1.9521942135237031,150,0.00041061400056838243,False
Q03_s0.1_seed420002,B2,58.060000000000002,0.01458171427022064,1.9875049050741012,-4.9661469315914202,1.9542450642752511,150,0.00037585962614329334,False
Q03_s0.1_seed420002,B2,50.340000000000003,0.002637519988887184,1.863484211412983,-3.50160949421078,1.9547565575620691,225,0.00037130994353857925,False
Q03_s0.1_seed420002,B2,50.539999999999999,0.0034270447106677705,2.0433443163296117,-3.2751076157619163,1.9566579862118856,220,0.00037153794424214532,False
Q03_s0.1_seed420002,B2,48.842818622332409,-0.031323553785852276,1.979341069344899,-3.0535225080017021,1.9572889573379302,170,0.00041061400041927953,False
Q03_s0.1_seed420002,B2,50.159999999999997,0.002619180777883695,1.9832521039766975,-3.2790155792337656,1.9573624915518557,160,0.00037133305137057436,False
Q03_s0.1_seed420002,B2,51.399999999999999,0.0048834726819847671,2.0437221906857119,-3.4536496980172973,1.9579260130727723,160,0.00037192453012974694,False
Q03_s0.1_seed420002,B2,52.899999999999999,0.0068971040545636447,1.8647520364996264,-4.0843832452496782,1.9579351025553551,175,0.00037250743227946814,False
Q03_s0.1_seed420002,B2,56.939999999999998,0.013087696892872211,1.9867964173883508,-4.7274199079597992,1.9581776103189776,245,0.0003750956589269965,False
Q03_s0.1_seed420002,B2,54.520000000000003,0.0096499533584948338,1.9853844365052145,-4.2110419809751036,1.9584475257147675,235,0.00037355308880897341,False
Q03_s0.1_seed420002,B2,52.899999999999999,0.0073563291712293458,2.0643969354782357,-3.7328295574709109,1.9586509792671152,180,0.00037270879945842272,False
Q03_s0.1_seed420002,B2,50.659999999999997,0.0032914273406629874,1.9035755943271477,-3.5090335280440699,1.9597481861268842,180,0.00037147287752633461,False
Q03_s0.1_seed420002,B2,55.879480936671676,-0.019219911072315021,2.0452335198205316,-4.4008775794930628,1.9606173951742849,235,0.00041061400056371716,False
Q03_s0.1_seed420002,B2,48.659999999999997,-0.00034989409632431577,1.8827376288653312,-3.090521894610796,1.9608756738624034,225,0.00037074968345827822,False
Q03_s0.1_seed420002,B2,46.780000000000001,-0.003733060915171916,1.9819649208627217,-2.5552477145451498,1.9641286048690314,235,0.00037040698908571832,False
Q03_s0.1_seed420002,B2,48.579999999999998,-0.00034393153044623046,1.9426472816929714,-2.991851195975531,1.9658594682433297,225,0.00037076433650602589,False
Q03_s0.1_seed420002,B2,50.460000000000001,0.0032890411022595341,2.0433101857545934,-3.258495803720816,1.966075629873568,230,0.00037150410778573215,False
Q03_s0.1_seed420002,B2,55.18,0.010747059339429913,2.0456206270022306,-4.2375703415059345,1.9674056858574178,175,0.00037402601581427715,False
Q03_s0.1_seed420002,B2,53.159999999999997,0.0075806282602303753,1.9846624064610798,-3.9205365287169789,1.9688082700938125,235,0.00037276928313422452,False
Q03_s0.1_seed420002,B2,56.479916191714118,0.043297239580733837,1.9868683243969567,-4.6126443710380798,1.9722844368050745,170,0.00041061400059244705,False
Q03_s0.1_seed420002,B2,56.479999999999997,0.012456917497939519,1.9865155064381164,-4.62932266006991,1.9742955938156905,170,0.00037479013121538942,False
Q03_s0.1_seed420002,B2,58.68,0.015384236371420546,1.9879120433951827,-5.0982248752200467,1.9748613214345085,245,0.00037629340345855192,False
Q03_s0.1_seed420002,B2,55.640000000000001,0.01102135235301667,1.8663243376457253,-4.7071565310267074,1.9783433622457638,170,0.00037410609226624496,False
Q03_s0.1_seed420002,B2,55.880000000000003,0.011745913413046561,2.0460145667934748,-4.382576240809537,1.9787269440526292,235,0.00037447105074734608,False
Q03_s0.1_seed420002,B2,55.139608755001248,0.040515841170167377,1.9878564984267104,-4.2658962851099993,1.9792676799749258,225,0.00041061400045452553,False
Q03_s0.1_seed420002,B2,46.979999999999997,-0.003168649006972593,2.0419939524581219,-2.5353986516565659,1.9793487700573056,245,0.00037046170545786545,False
Q03_s0.1_seed420002,B2,52.479999999999997,0.0066449124261127321,2.0442251398437166,-3.6777709417592277,1.9827391556148763,150,0.00037246405971600897,False
Q03_s0.1_seed420002,B2,48.5,-0.00065010052280788523,1.8826734552973241,-3.0544318829615413,1.9855708782452246,150,0.0003707054639559632,False
Q03_s0.1_seed420002,B2,48.840000000000003,0.00024305535006732715,1.9827112934389792,-2.9964734119876195,1.9859896973988176,170,0.00037086665229622427,False
Q03_s0.1_seed420002,B2,58.299332096735853,-0.015616765275140665,1.9469500570981819,-5.1236789435139709,1.995983821416909,245,0.00041061400052253179,False
Q03_s0.1_seed420002,B2,55.619999999999997,0.011078443439322995,1.9062057346789427,-4.6134476968069693,1.9970064606535891,170,0.00037414002976637417,False
Q03_s0.1_seed420002,B2,55.140000000000001,0.010559447988291379,1.9857306798497023,-4.343406532348455,1.9989150557008886,225,0.0003739319897999514,False
Q03_s0.1_seed420002,B2,58.299999999999997,0.01481429082695104,1.9477895928484854,-5.1110703826777684,2.0015734711647646,245,0.00037597501544237548,False
Q03_s0.1_seed420002,B2,54.299999999999997,0.0092337274205101516,1.9453483153413778,-4.2403559322172448,2.002396786848387,225,0.0003733778173761405,False
Q03_s0.1_seed420002,B2,47.140000000000001,-0.00301314797544595,1.9820867628370107,-2.6323786248948093,2.0052441168498527,245,0.00037046044186237294,False
Q03_s0.1_seed420002,B2,50.32,0.0028987251852560336,1.9833209714950637,-3.3132524528883689,2.008040839046541,155,0.00037139735071890843,False
Q03_s0.1_seed420002,B2,55.119999999999997,0.010617005508174069,2.0256305521556626,-4.2623904841719398,2.034795348333073,155,0.00037396551191736822,False
Q03_s0.1_seed420002,B2,52.579999999999998,0.0068505690062579628,2.0642422999251533,-3.6670921780689225,2.0504225377890788,155,0.0003725366901829263,False
Q03_s0.1_seed420002,B2,54.359999999999999,0.0094118773771730019,1.985296819116974,-4.1768759444678887,2.0580673090487167,170,0.00037345737479091277,False
Q03_s0.1_seed420002,B3,51.728914243885917,0.025651776064004039,2.3960646186333725,-3.5387827868157977,7.7328957034598072e-12,200,0.00037602329602301655,True
Q03_s0.1_seed420002,B3,51.728879467397213,-0.048092409997809504,2.393170835030884,-2.1443174388498445,0.0028293601289277269,200,0.00041061400059450173,True
Q03_s0.1_seed420002,B3,51.729999999999997,0.0062538628718276758,2.3934572193555073,-3.0736740627614347,0.055517541559768811,200,0.00037241697588177039,True
Q03_s0.1_seed420002,B3,51.727037662505829,0.042146111965496225,2.3981493127785152,-3.1984149967429314,0.096106748607148074,200,0.00041061400059641832,True
Q03_s0.1_seed420002,B3,51.741084047187101,-0.027001390488233135,2.3788146708060012,-3.0589855383025721,0.585959221135258,200,0.00041061400059578076,False
Q03_s0.1_seed420002,B3,51.715040661893866,0.03995201193264375,2.4162727610860486,-3.0940176501642185,0.71422361881984453,200,0.00041061400058305027,False
Q03_s0.1_seed420002,B3,51.710000000000001,0.0062917888590559258,2.4234194093380625,-3.0377454742164094,0.93725751230420529,200,0.00037243593909831328,False
Q03_s0.1_seed420002,B3,51.75,0.0062393900214644093,2.3734856579415311,-3.0993202323893669,1.0101793572667268,200,0.00037240779489554815,False
Q03_s0.1_seed420002,B3,51.75665200696676,-0.026945636106711746,2.3561321780266891,-3.0899074378733271,1.2310832385929149,200,0.00041061400058021178,False
Q03_s0.1_seed420002,B3,51.740000000000002,0.0061997123773730239,2.3634919288514089,-3.1087192074140941,1.2450702811105221,200,0.00037239290817825328,False
Q03_s0.1_seed420002,B3,51.700505282405778,0.039999189656747092,2.4371077103198755,-3.0695865140113376,1.288165887044054,200,0.00041061400056980723,False
Q03_s0.1_seed420002,B3,51.590175394032968,0.038897965495594988,2.3790068946333358,-3.0839318640255797,1.3280492453192159,185,0.00041061400059360937,False
Q03_s0.1_seed420002,B3,51.592406198340456,-0.028682791049580381,2.3763964487561946,-2.9833427112170501,1.3292769763604211,185,0.0004106140005677898,False
Q03_s0.1_seed420002,B3,51.588136373390199,-0.026019233400564445,2.3836284603370879,-3.0720777130548065,1.3465279816546991,185,0.0004106140005787036,False
Q03_s0.1_seed420002,B3,51.757540806893715,-0.029102566810722763,2.3477663920428538,-3.0189415682193879,1.3522465716638334,200,0.00041061400059133092,False
Q03_s0.1_seed420002,B3,51.596839699431165,-0.047237171314121085,2.3667157960174867,-2.2023605886456394,1.3530842827528553,185,0.00041061400057175749,False
Q03_s0.1_seed420002,B3,51.729999999999997,0.006300754606638881,2.4134372234136419,-3.0519638943715566,1.3544017203335896,200,0.00037243651286254597,False
Q03_s0.1_seed420002,B3,51.59712977941625,-0.029185863296804726,2.367241472662569,-2.9756062897299671,1.3582672983233648,185,0.00041061400058281625,False
Q03_s0.1_seed420002,B3,51.590000000000003,0.006002702948833781,2.3834111453535254,-3.0597708307462383,1.3631269395229249,185,0.00037233551300416124,False
Q03_s0.1_seed420002,B3,51.599801793292116,-0.026802120128279761,2.3667060140888143,-3.0650205008072611,1.3662633288638448,185,0.00041061400059268699,False
Q03_s0.1_seed420002,B3,55.230147694984822,-0.02094416646549746,1.9867172596717109,-4.3555020573701135,1.3716332243420513,175,0.00041061400057727055,False
Q03_s0.1_seed420002,B3,51.868112947209426,0.038341239727834875,2.4034868716218725,-3.0701330888945471,1.3771263916928065,215,0.00041061400057227938,False
Q03_s0.1_seed420002,B3,51.866996824231713,0.040042832814935814,2.4057526196482675,-3.1290135731801154,1.3774687998353194,215,0.00041061400056771673,False
Q03_s0.1_seed420002,B3,51.869999999999997,0.0065036147776532721,2.4035034355082652,-3.0874591877259174,1.3855438075290825,215,0.00037249957919745143,False
Q03_s0.1_seed420002,B3,51.596031485101015,-0.035399496140656517,2.3649208498416909,-2.7354467426981657,1.3858510286371533,185,0.00041061400057512904,False
Q03_s0.1_seed420002,B3,51.710000000000001,0.0062448830770766772,2.4034391786486573,-3.0592474273561763,1.3909242030905029,200,0.00037241640664249852,False
Q03_s0.1_seed420002,B3,51.86322598794478,0.044024962780413901,2.413961384042612,-3.2671845393339431,1.3950310592895994,215,0.00041061400058596537,False
Q03_s0.1_seed420002,B3,51.581618489156369,-0.025666329651784281,2.3832217814410712,-3.0845458287586673,1.4028428533066855,185,0.00041061400058465565,False
Q03_s0.1_seed420002,B3,51.581586555691906,0.045499376088703691,2.394021974385363,-3.3136379983265574,1.4107655623332804,185,0.00041061400059823089,False
Q03_s0.1_seed420002,B3,55.229999999999997,0.010689774241746768,1.9857818293692719,-4.3626168759977402,1.4136575380047034,175,0.00037398800562300668,False
Q03_s0.1_seed420002,B3,51.874206096872648,0.040928588054320869,2.4002927242681262,-3.1691127461190796,1.4177080343171427,215,0.00041061400058954318,False
Q03_s0.1_seed420002,B3,51.759999999999998,0.0061852435576037314,2.3435210280002745,-3.1349912062696723,1.4249163089823174,200,0.00037238375279407822,False
Q03_s0.1_seed420002,B3,55.415876790513536,-0.018286370934995411,1.9859511003594679,-4.5048576859658667,1.4307789949796244,230,0.000410614000554893,False
Q03_s0.1_seed420002,B3,58.031785956486729,-0.01477146547010566,1.9902994507619185,-5.0211356940612024,1.4323785651038279,235,0.00041061400058883297,False
Q03_s0.1_seed420002,B3,51.598321482953743,-0.050860859553844229,2.3585939802094682,-2.0141599986931187,1.4336381292360951,185,0.0004106140005881522,False
Q03_s0.1_seed420002,B3,51.858256989423637,0.04014369559031028,2.4214631291323574,-3.1129019180548969,1.4344959468090384,215,0.00041061400057733013,False
Q03_s0.1_seed420002,B3,51.883393433764191,0.038343706583944481,2.3831041772086436,-3.0962703604945769,1.4400698397575633,185,0.00041061400057244141,False
Q03_s0.1_seed420002,B3,51.579999999999998,0.0059863912039026116,2.3834071483857282,-3.0579926160704938,1.4401420985979261,185,0.00037233042632313888,False
Q03_s0.1_seed420002,B3,51.882721402485231,0.044702365306235059,2.3850685093543289,-3.3325959086462174,1.4403184069095873,185,0.00041061400055582368,False
Q03_s0.1_seed420002,B3,51.882301140710737,0.03561916805872567,2.3854521904519821,-2.9959654750468978,1.4410210803913133,185,0.00041061400056635687,False
Q03_s0.1_seed420002,B3,51.576494077983554,0.039401673920959723,2.3973369398204349,-3.0788265111865361,1.4415075932520012,185,0.00041061400059483495,False
Q03_s0.1_seed420002,B3,51.605094792862062,-0.028580128941250393,2.356732920336932,-3.0114843001965994,1.4418374189316889,185,0.00041061400059902729,False
Q03_s0.1_seed420002,B3,51.885939095606318,-0.028173655758209293,2.3768825862159497,-3.0335856605509672,1.4476049998123277,185,0.00041061400059715591,False
Q03_s0.1_seed420002,B3,51.874559123616962,-0.029064951098316527,2.3878354253380181,-2.9861180508387406,1.4522974232281434,215,0.00041061400058562374,False
Q03_s0.1_seed420002,B3,51.880000000000003,0.0064730210094646476,2.3835280693588587,-3.1113369126106671,1.458299810747498,185,0.00037248508309656688,False
Q03_s0.1_seed420002,B3,51.890000000000001,0.0064657873972424739,2.3735425839763917,-3.1243190694607592,1.4662303287036427,185,0.00037248045516251164,False
Q03_s0.1_seed420002,B3,51.869999999999997,0.0065269683965170572,2.4134932825915807,-3.0765462578190945,1.470772020280753,215,0.00037250945745233695,False
Q03_s0.1_seed420002,B3,51.609999999999999,0.0059646774574163355,2.3534495408586071,-3.0965860596513344,1.4919023853009397,185,0.00037231679928737899,False
Q03_s0.1_seed420002,B3,53.563293482337805,-0.021515225207187072,1.9857464723301668,-4.1042197524632957,1.5085338814547347,225,0.00041061400057438262,False
Q03_s0.1_seed420002,B3,51.859999999999999,0.0065575532743252585,2.4334692438208054,-3.0532472365951056,1.5144716776776106,215,0.00037252399647158204,False
Q03_s0.1_seed420002,B3,51.859999999999999,0.0064874905879657076,2.4034994021543143,-3.0856959886732525,1.5152888636777029,215,0.0003724943462174794,False
Q03_s0.1_seed420002,B3,51.600000000000001,0.0059483589265914441,2.3534454959708078,-3.0947850597722395,1.5222352554357204,185,0.0003723117257862711,False
Q03_s0.1_seed420002,B3,51.57,0.0060171823822956173,2.4033834383531807,-3.0345611380236637,1.5240275567520387,185,0.00037234461538681891,False
Q03_s0.1_seed420002,B3,58.394280385533079,0.045822870992973108,1.9849653206434015,-5.0539950994107308,1.5241586088804657,170,0.00041061400059913355,False
Q03_s0.1_seed420002,B3,51.689999999999998,0.0063062692302438359,2.4433920944426482,-3.0131258586261112,1.527053510620255,200,0.00037244514982765582,False
Q03_s0.1_seed420002,B3,55.348224621757993,0.04268161925635372,2.04378729592655,-4.2857828576894548,1.5271149131028328,165,0.00041061400057487018,False
Q03_s0.1_seed420002,B3,54.983508108417681,-0.020955569633613891,1.9833968894877663,-4.3285226966692303,1.5271731184329906,200,0.00041061400056356423,False
Q03_s0.1_seed420002,B3,59.743232332768478,-0.014473274729117414,1.9888174591006935,-5.2725437648491837,1.529960470680743,250,0.0004106140005449764,False
Q03_s0.1_seed420002,B3,50.140554195860105,-0.027967604154371273,2.354164216545791,-2.8730381277114727,1.5338732876542343,205,0.00041061400058177254,False
Q03_s0.1_seed420002,B3,50.140103887495293,-0.020121233603394018,2.3556115298946008,-3.1371948507886032,1.5339075041080414,205,0.00041061400059933163,False
Q03_s0.1_seed420002,B3,50.140881242043037,-0.032231616025587329,2.3532324025656339,-2.7205217637415409,1.5339635002418581,205,0.00041061400050252365,False
Q03_s0.1_seed420002,B3,59.364738864949423,-0.013013727499709304,1.992201258531185,-5.2855359859595481,1.5357167189993395,230,0.00041061400059642353,False
Q03_s0.1_seed420002,B3,50.140000000000001,0.0034963176599267743,2.3528802385180509,-2.8317856706735447,1.5363817290263617,205,0.00037162621144146173,False
Q03_s0.1_seed420002,B3,51.383961696608026,-0.026009648657220552,2.0606499259443547,-3.4883831138927128,1.5413467072055194,160,0.00041061400036265886,False
Q03_s0.1_seed420002,B3,51.590000000000003,0.0059555962197472036,2.3634312625568827,-3.0818196035112311,1.5423542310604854,185,0.00037231626291602134,False
Q03_s0.1_seed420002,B3,59.166411787656493,-0.017641574591271691,1.9839453972270982,-5.0456979201306495,1.5424567338971238,230,0.00041061400057531742,False
Q03_s0.1_seed420002,B3,54.624019201939312,-0.019619751815199926,1.985629753906375,-4.3354639178385117,1.551415900863621,165,0.00041061400057368363,False
Q03_s0.1_seed420002,B3,50.148168894816344,-0.028514324699130178,2.3409693410357679,-2.8692602133976717,1.5524439720591392,205,0.00041061400058997301,False
Q03_s0.1_seed420002,B3,51.609999999999999,0.0059882266596732545,2.3634393208982551,-3.0854062837014049,1.555418204026104,185,0.0003723264203065654,False
Q03_s0.1_seed420002,B3,57.929288692838036,-0.016538318099831528,1.9884582542289329,-4.9259624590732258,1.5557837398304484,200,0.00041061400057310944,False
Q03_s0.1_seed420002,B3,57.93,0.014411265017359013,1.9874208869886805,-4.9384463409936163,1.5621482282462913,200,0.00037576960155838668,False
Q03_s0.1_seed420002,B3,50.264990638142265,0.032586980813949395,2.3738348034454222,-2.700389085240964,1.566154963635348,190,0.0004106140000604265,False
Q03_s0.1_seed420002,B3,50.263593820290829,0.037590663705887373,2.3770532601169734,-2.8716514454062878,1.5674406046552989,190,0.00041061400059738375,False
Q03_s0.1_seed420002,B3,46.397147625389145,-0.038720298734027381,2.035171679545086,-2.3708704447873732,1.5683524716503761,195,0.00041061400057799789,False
Q03_s0.1_seed420002,B3,51.849219269622083,0.040617440248274406,2.4452688834256451,-3.1010038623414324,1.5720883735104325,215,0.0004106140005914407,False
Q03_s0.1_seed420002,B3,45.148833295631427,-0.0417500022368964,1.9757875433277015,-2.1515160689460568,1.5727858487879696,160,0.0004106140005971172,False
Q03_s0.1_seed420002,B3,50.178519666320923,-0.02842833964466962,2.3012040064862278,-2.9210946015251142,1.5775376760777606,205,0.0004106140005972955,False
Q03_s0.1_seed420002,B3,50.1812720778684,-0.029859781201169611,2.2944443792879969,-2.8769479988877542,1.5789801239181493,205,0.00041061400059188045,False
Q03_s0.1_seed420002,B3,50.259999999999998,0.0037765396055536925,2.3828999809095843,-2.8232269673045423,1.5810760591196169,190,0.00037170375241766965,False
Q03_s0.1_seed420002,B3,50.260532436337378,0.038367710785430553,2.3840511999606271,-2.8914392710682773,1.5827793427365162,190,0.00041061400056887319,False
Q03_s0.1_seed420002,B3,51.850000000000001,0.0065180871450958508,2.4234752082170967,-3.062225951658327,1.5832888041387627,215,0.00037250885749084804,False
Q03_s0.1_seed420002,B3,54.906914374704854,-0.022986752291566326,1.980323788714792,-4.2297816548155645,1.5852871921436604,250,0.00041061400057119599,False
Q03_s0.1_seed420002,B3,49.115323975549686,0.043052728434821219,2.0553558618820293,-3.3552422805131901,1.5854418503750434,215,0.00041061399959321077,False
Q03_s0.1_seed420002,B3,55.145798454159419,-0.018978070864700491,1.9870605975673303,-4.4336389727632124,1.5863619791558388,150,0.00041061400053958596,False
Q03_s0.1_seed420002,B3,50.18,0.0034427619843556564,2.3029373757471689,-2.8907169312133827,1.5870816863685262,205,0.00037160140582246628,False
Q03_s0.1_seed420002,B3,50.000470986027082,-0.02953951780497821,2.3736122250104477,-2.7806614455841157,1.5896547771830623,185,0.00041061400060019075,False
Q03_s0.1_seed420002,B3,50.155990957508429,-0.032885302520469395,2.3282761997517571,-2.7242934625221995,1.5900713308494747,205,0.00041061400059315791,False
Q03_s0.1_seed420002,B3,51.758588171368899,-0.027643807526789743,2.385924108348068,-3.0288650560161852,1.5912945059540515,205,0.00041061400055423462,False
Q03_s0.1_seed420002,B3,50,0.0033029585239698384,2.3728127349674382,-2.7867549323047855,1.5941660292916164,185,0.00037158327213693802,False
Q03_s0.1_seed420002,B3,45.302064791861653,-0.039981491699874638,1.9826070477342528,-2.2331024125590542,1.5958598858958131,230,0.00041061400059166876,False
Q03_s0.1_seed420002,B3,51.899999999999999,0.0064585545692366396,2.3635572213100997,-3.1374108428028866,1.5986833988695135,185,0.00037247582964544814,False
Q03_s0.1_seed420002,B3,55.431741708787932,0.042218473881874274,1.9856903705275619,-4.3953995815193263,1.5993340466095327,185,0.00041061400056571036,False
Q03_s0.1_seed420002,B3,51.759999999999998,0.0062790428191901405,2.3834794497449741,-3.0899997287324954,1.5997254009101949,205,0.000372422713879888,False
Q03_s0.1_seed420002,B3,51.740000000000002,0.0062935165583634855,2.4034511818273137,-3.0645372256353269,1.6008380882248765,200,0.00037243191078186849,False
Q03_s0.1_seed420002,B3,50.159999999999997,0.0034572678550903397,2.3229127275045944,-2.8661106148036835,1.6072882006306348,205,0.00037160960455274989,False
Q03_s0.1_seed420002,B3,51.380000000000003,0.0048979150777048739,2.0636868853730848,-3.4204936543115059,1.6088890434942866,160,0.00037193316783882006,False
Q03_s0.1_seed420002,B3,51.747305373401531,0.039514430849921567,2.4015077534372455,-3.0996208420291573,1.6108686326144115,205,0.00041061400059544232,False
Q03_s0.1_seed420002,B3,50.271731463882347,-0.032615351973364959,2.3580976304735533,-2.7152472810054391,1.6109438977357922,190,0.00041061400056792077,False
Q03_s0.1_seed420002,B3,51.770000000000003,0.0062249203109228032,2.3535145794634489,-3.1254013497882847,1.616466772146341,200,0.00037239862358472029,False
Q03_s0.1_seed420002,B3,46.399999999999999,-0.0043666856174440953,2.0318121111135738,-2.4243955888159636,1.6189687715016408,195,0.00037038247079699605,False
Q03_s0.1_seed420002,B3,54.581264936139839,-0.021437192640424207,1.9823619819163607,-4.2539125693654682,1.620227502068065,165,0.0004106140004931839,False
Q03_s0.1_seed420002,B3,51.769395508165381,0.036823302350962095,2.3549611004742825,-3.0601740950140304,1.622046137536495,200,0.00041061400060018891,False
Q03_s0.1_seed420002,B3,59.307654342746687,-0.012329614523710397,1.9877940933525746,-5.322519741846282,1.6250994106848169,165,0.00041061400059302764,False
Q03_s0.1_seed420002,B3,51.777176696996975,-0.027624687984334706,2.3259840416092263,-3.1035353183767391,1.629799257466084,200,0.00041061400059493709,False
Q03_s0.1_seed420002,B3,51.579999999999998,0.0059628342983624591,2.3734171489835467,-3.0689631721195028,1.6306748607310351,185,0.00037232080246638933,False
Q03_s0.1_seed420002,B3,59.359999999999999,0.016264664441767506,1.9983363129802276,-5.21903370114988,1.6309244148849495,230,0.0003767902528542273,False
Q03_s0.1_seed420002,B3,49.911584826381102,-0.03018972700066147,1.9827560810293927,-3.239592641430967,1.6319332572311689,235,0.00041061400057104474,False
Q03_s0.1_seed420002,B3,58.231233262468571,-0.015284224014751935,1.9881015766993921,-5.0290305963539019,1.6329476695377987,225,0.0004106140004308703,False
Q03_s0.1_seed420002,B3,50.189692713317953,-0.031184635820452833,2.2764118529697503,-2.8492143873922799,1.6341982667881605,205,0.00041061400056329074,False
Q03_s0.1_seed420002,B3,53.719474352658892,-0.023503456892764341,1.9855791646809797,-4.0371165751145703,1.6353681887870357,190,0.00041061400058836606,False
Q03_s0.1_seed420002,B3,51.612244108954023,-0.028919196013781345,2.3372445304715006,-3.0225444701566584,1.6358836232284069,185,0.00041061400059263495,False
Q03_s0.1_seed420002,B3,56.936976716062738,-0.015953629903925126,1.9861172440932466,-4.823423085970914,1.6361111574387619,245,0.00041061400059100881,False
Q03_s0.1_seed420002,B3,53.719999999999999,0.008445392090531717,1.9849534749559756,-4.0401819807297272,1.6388730910082054,190,0.00037308360317549801,False
Q03_s0.1_seed420002,B3,51.869999999999997,0.006456890279774901,2.3835240049318625,-3.1095588414032127,1.6398263012236818,215,0.00037247986021486337,False
Q03_s0.1_seed420002,B3,50.273546511851208,-0.047000023178541461,2.3523276313348349,-2.1299987621338357,1.6403317360486209,190,0.00041061400059952283,False
Q03_s0.1_seed420002,B3,45.000030114181307,0.025713252843617695,2.039504196876277,-2.1226063817562029,1.642209668715304,215,0.00041061400059944975,False
Q03_s0.1_seed420002,B3,51.890000000000001,0.006512497952697884,2.3935217782053764,-3.1020042003083255,1.6479012804547735,185,0.00037250017849937771,False
Q03_s0.1_seed420002,B3,50.189999999999998,0.0033864168168882209,2.2729675149322017,-2.9247056887825607,1.6550948543505655,205,0.00037158061086179858,False
Q03_s0.1_seed420002,B3,51.780000000000001,0.0061707778738389792,2.3235506276682409,-3.1617145050502709,1.6553827538638048,200,0.00037237460708088689,False
Q03_s0.1_seed420002,B3,50.250835553716186,0.037659853337054017,2.3988931880820443,-2.8486127744666181,1.6618147195083919,190,0.00041061400059968611,False
Q03_s0.1_seed420002,B3,54.979999999999997,0.010326703374131184,1.9856403033699517,-4.309252372555668,1.6637474588478147,200,0.00037383302653117587,False
Q03_s0.1_seed420002,B3,55.350000000000001,0.010991959387825925,2.0457150825855166,-4.2727911151176556,1.6682238756695011,165,0.00037413278507139548,False
Q03_s0.1_seed420002,B3,47.578397140065725,-0.035430720528670356,1.983996359607568,-2.7117835024634971,1.6704781308471628,240,0.00041061400058650931,False
Q03_s0.1_seed420002,B3,54.653832804123702,-0.021152812998240123,1.9838091809965057,-4.2738427724793802,1.6708643077618515,225,0.0004106140005996364,False
Q03_s0.1_seed420002,B3,50.270000000000003,0.0037204006259769292,2.3529285307646792,-2.8552075637492225,1.6709008145742146,190,0.00037168252014741513,False
Q03_s0.1_seed420002,B3,51.619999999999997,0.0059338866952672485,2.3334743284744968,-3.1210486402095721,1.6765299265935685,185,0.00037230265878682183,False
Q03_s0.1_seed420002,B3,47.611452847849009,0.030099628531111478,2.0629957028112038,-2.605578586130159,1.6799628113834471,165,0.00041061400058460665,False
Q03_s0.1_seed420002,B3,45,-0.0072882792593114715,2.0413924122899028,-2.1236163616430259,1.6801567160382551,215,0.00037035011812198352,False
Q03_s0.1_seed420002,B3,46.017282837051972,-0.038469031451789704,1.9829339511013901,-2.385962715929649,1.6808711776200125,240,0.00041061400057708781,False
Q03_s0.1_seed420002,B3,55.332968649959746,0.042779770432338715,1.9926931754580997,-4.3911851455892581,1.6817044676922714,165,0.00041061400057212032,False
Q03_s0.1_seed420002,B3,51.39192364740979,-0.028757362418906141,2.0476148710120139,-3.3950306122356988,1.6830144254417385,160,0.00041061400059667013,False
Q03_s0.1_seed420002,B3,51.880000000000003,0.0065430800422929683,2.413497304047175,-3.0783021055912085,1.6850283744020678,185,0.00037251470235135704,False
Q03_s0.1_seed420002,B3,49.044177734216476,0.03395748066241655,2.0496667206017136,-2.9698778359876865,1.686429722466255,220,0.0004106140003905865,False
Q03_s0.1_seed420002,B3,57.619739648606888,0.044939816828840407,1.986545901746112,-4.8786625269259378,1.6901615133605032,210,0.0004106139995941614,False
Q03_s0.1_seed420002,B3,49.073556354062696,0.034589741833986665,2.0381671187492172,-3.0150124368303821,1.6905274713192893,215,0.00041061400057920558,False
Q03_s0.1_seed420002,B3,51.040730371144384,-0.027955552948951023,1.9824221072300623,-3.4864813982616791,1.6906818005511066,245,0.0004106140005953686,False
Q03_s0.1_seed420002,B3,47.579999999999998,-0.0021480482876118914,1.9822406254964322,-2.7266366663181225,1.6921015819043377,240,0.00037054209022530988,False
Q03_s0.1_seed420002,B3,49.909999999999997,0.0021788046223789404,1.9831459325945673,-3.225515739067887,1.6925717155470528,235,0.00037123578495451115,False
Q03_s0.1_seed420002,B3,54.579999999999998,0.009738871998975664,1.9854174766580799,-4.2238534647403547,1.6931957156771433,165,0.00037358920617195529,False
Q03_s0.1_seed420002,B3,54.460534405191297,-0.021270864222326047,1.9918987925157052,-4.2258627209470916,1.6935949330345021,235,0.00041061400058637677,False
Q03_s0.1_seed420002,B3,51.609999999999999,0.0059175615404652082,2.3334702517494561,-3.119232124990075,1.6938327255839489,210,0.00037229759568547713,False
Q03_s0.1_seed420002,B3,51.560082465178169,0.040350360173858846,2.4184086537259084,-3.0865203133228647,1.6942804696083034,210,0.00041061400059804934,False
Q03_s0.1_seed420002,B3,50.250031650303271,0.038154767237069898,2.4047479272455035,-2.8597564569170135,1.6956071162588009,190,0.00041061400057605224,False
Q03_s0.1_seed420002,B3,51.039999999999999,0.0041349868337660339,1.9836397358483868,-3.4672884593537781,1.6957555203437669,245,0.00037170550959868509,False
Q03_s0.1_seed420002,B3,55.390472320735327,-0.020277345895582499,1.9857830502154341,-4.4101187810499365,1.6960645759437567,250,0.00041061400058998044,False
Q03_s0.1_seed420002,B3,50.130000000000003,0.0035526382018132895,2.3828522275986921,-2.800101862001974,1.6979479465077214,205,0.0003716471755077364,False
Q03_s0.1_seed420002,B3,53.351152579373561,-0.023691376625841087,1.9841573772070478,-3.9817089865554767,1.6993723992626135,205,0.00041061400059796586,False
Q03_s0.1_seed420002,B3,55.18885963918023,0.040546676186163921,2.0387999450093863,-4.1748366221429993,1.702801571492208,175,0.00041061400001351529,False
Q03_s0.1_seed420002,B3,55.390000000000001,0.010920419659939817,1.9858733177476018,-4.3967661441912771,1.7033537596259909,250,0.000374088197247029,False
Q03_s0.1_seed420002,B3,54.806826608024089,-0.019220603184756158,1.9855061690379978,-4.3790065634539381,1.7083229966423965,160,0.00041061400059925752,False
Q03_s0.1_seed420002,B3,53.37150279766179,0.040157484532759469,2.0435506367391429,-3.8700939079546597,1.7094428647465794,240,0.00041061400059319879,False
Q03_s0.1_seed420002,B3,55.43,0.010977872968831173,1.9858963010077932,-4.4053029681932045,1.7106971190473046,185,0.00037411336499893573,False
Q03_s0.1_seed420002,B3,46.759240990859226,0.028558161930081205,1.9816754114926549,-2.5238609947533881,1.7107642271103221,215,0.00041061400055591719,False
Q03_s0.1_seed420002,B3,51.840000000000003,0.0065720296510209525,2.4534416406998329,-3.0285999910770074,1.7112735703028019,215,0.00037253330026909695,False
Q03_s0.1_seed420002,B3,50.159999999999997,0.0035063403633586033,2.3428959298085981,-2.8455424791038344,1.7113224038353332,205,0.00037162639391876616,False
Q03_s0.1_seed420002,B3,47.609999999999999,-0.0018763868726812928,2.0621938724998219,-2.6449976349565292,1.7189415380194142,165,0.0003705901635038337,False
Q03_s0.1_seed420002,B3,53.850205612643428,-0.022662894443667092,1.9832386015515064,-4.097242413271692,1.7190054973259437,225,0.00041061400059190886,False
Q03_s0.1_seed420002,B3,58.229999999999997,0.01480346112339624,1.9876154809808166,-5.0023672313727223,1.7195432065046536,225,0.00037597784861906206,False
Q03_s0.1_seed420002,B3,49.109999999999999,0.00094341786994410221,2.0627420622711963,-2.9536787118784829,1.7202168741640407,215,0.00037100757685703568,False
Q03_s0.1_seed420002,B3,51.600000000000001,0.0059012300842821381,2.3334661774005325,-3.1174156043880745,1.7204140297025041,210,0.00037229253740049257,False
Q03_s0.1_seed420002,B3,53.350000000000001,0.0078760650598823298,1.9847601824785464,-3.9611344509506345,1.721201230758725,205,0.0003728745307913644,False
Q03_s0.1_seed420002,B3,45.201494514795108,-0.039297571848954327,1.9802200743370553,-2.2479796629829778,1.7218342422865316,175,0.00041061400057733349,False
Q03_s0.1_seed420002,B3,48.291821318559784,-0.066177873379650975,1.9803399390380165,-0.88641929875762138,1.7228581889431718,175,0.00041061400053384175,False
Q03_s0.1_seed420002,B3,51.892318169188108,0.037283155752719566,2.393771392700101,-3.0466457425839728,1.7249829448594622,185,0.00041061400044184731,False
Q03_s0.1_seed420002,B3,51.842972765855976,0.036607506331979067,1.5647915989476973,-4.481940087441048,1.725630956420285,195,0.00041061400053239955,False
Q03_s0.1_seed420002,B3,46.078512149799735,-0.0376929390088101,1.9808715417776821,-2.4263697758070002,1.7279521430461613,155,0.00041061400059514889,False
Q03_s0.1_seed420002,B3,57.619999999999997,0.014001705391012975,1.9872224251686006,-4.8723816740924208,1.7281075531541472,210,0.00037555630521096228,False
Q03_s0.1_seed420002,B3,50.140000000000001,0.0034472298434763864,2.3328968345984178,-2.8521480984478682,1.7305144719870136,205,0.00037160942896924284,False
Q03_s0.1_seed420002,B3,50.352537890366499,0.036427559406142507,2.069836932455571,-3.2266666738746288,1.7330674742659344,210,0.00041061400059838604,False
Q03_s0.1_seed420002,B3,51.840000000000003,0.0044710938519342183,1.5648165401943921,-4.4921363069721121,1.7339222945714405,195,0.00037170179472779578,False
Q03_s0.1_seed420002,B3,45.200000000000003,-0.0070282865159948093,1.9814732759725449,-2.2166223088290775,1.7348312551846619,175,0.0003703303681121054,False
Q03_s0.1_seed420002,B3,54.820607303031807,-0.021950159299660044,1.9871168678888773,-4.2529676108365315,1.7363007651982278,150,0.00041061400059335833,False
Q03_s0.1_seed420002,B3,51.85041208807845,0.036498829276766287,1.5561007360902832,-4.5010272750892479,1.7393982141463702,195,0.0004106140005749187,False
Q03_s0.1_seed420002,B3,50.280000000000001,0.0037620274529884682,2.362923889256102,-2.8468493666637458,1.7394924370024072,190,0.00037169542842219573,False
Q03_s0.1_seed420002,B3,47.248410425313494,0.023598067431020553,1.8782941702870053,-2.5208637293528096,1.7397211840230875,235,0.00041061400059883685,False
Q03_s0.1_seed420002,B3,53.369999999999997,0.0080429273429674705,2.0446633521322046,-3.8623798463146652,1.7405973000506292,240,0.00037294836605370477,False
Q03_s0.1_seed420002,B3,46.921273279464643,-0.03630238168664679,1.9824026357920128,-2.5916128142362513,1.7407043572757175,240,0.00041061400059376035,False
Q03_s0.1_seed420002,B3,58.057369274715562,-0.014372020552338327,1.9876775886569553,-5.0501897442700425,1.741783171634474,240,0.00041061400050520521,False
Q03_s0.1_seed420002,B3,59.585889922081904,-0.012159505269931259,1.9893919038176207,-5.3654048881254308,1.7421124716870662,230,0.00041061400055908588,False
Q03_s0.1_seed420002,B3,51.851621962743117,0.033685491670064849,1.5485405920827189,-4.3678215852265279,1.7436726020008964,195,0.00041061400059900447,False
Q03_s0.1_seed420002,B3,55.189999999999998,0.010739919020653271,2.0356477613605999,-4.258248181589817,1.7450265408741614,175,0.00037402071477228441,False
Q03_s0.1_seed420002,B3,51.836133170890164,0.037513532211415068,1.5823657164297278,-4.483135341051625,1.7469265620075567,195,0.00041061400057658214,False
Q03_s0.1_seed420002,B3,59.151673964338102,-0.014008035035779187,1.9876822733597999,-5.2186012385525782,1.7476647672999124,195,0.00041061400056110022,False
Q03_s0.1_seed420002,B3,51.903064660722656,-0.024058720010566859,2.0941781442970862,-3.5828043624039694,1.7528341480247638,160,0.00041061400059292437,False
Q03_s0.1_seed420002,B3,52.970842417169969,0.03878797003050849,2.0452284189784287,-3.747415306369934,1.7532794607260525,250,0.0004106140005193638,False
Q03_s0.1_seed420002,B3,50.350000000000001,0.0031722999982676699,2.0732298979328898,-3.1954627846504424,1.7533964553690322,210,0.00037148270777615839,False
Q03_s0.1_seed420002,B3,45.75132222219473,-0.039030690245468236,1.9825094193958237,-2.3293619025501204,1.7546613239671023,155,0.00041061400060009984,False
Q03_s0.1_seed420002,B3,55.409999999999997,0.010970649046419999,1.9958615280936132,-4.3812504852769827,1.7561856252219958,230,0.00037411240003867543,False
Q03_s0.1_seed420002,B3,46.759999999999998,-0.0037733810935482166,1.9819582586649924,-2.5509623880736698,1.75656797491037,215,0.00037040438467812753,False
Q03_s0.1_seed420002,B3,55.421483338194932,-0.020376312962972598,1.9861449127870152,-4.4089498777490341,1.757903606231233,170,0.00041061400058488642,False
Q03_s0.1_seed420002,B3,48.678857822471997,-0.032484935132162995,1.981923153791435,-2.9804993338514105,1.7603446798016393,225,0.00041061400059395171,False
Q03_s0.1_seed420002,B3,47.101997468576805,-0.038133972034363417,2.0309385047663508,-2.4877291648482807,1.7604695994516155,245,0.00041061400015128497,False
Q03_s0.1_seed420002,B3,47.781066178473807,0.030692587912223068,2.072188077828077,-2.6404662940165462,1.7605542549000344,235,0.00041061400057852882,False
Q03_s0.1_seed420002,B3,55.329999999999998,0.010855620060001018,1.9958158556946066,-4.3642619237121245,1.7609406159959999,165,0.00037406211733931295,False
Q03_s0.1_seed420002,B3,51.07232233405837,-0.027878526860668273,1.9830092805766433,-3.493072767573473,1.7626776481728696,155,0.00041061400058518073,False
Q03_s0.1_seed420002,B3,55.140000000000001,0.010581088671889552,1.9957080931192024,-4.3239109891482439,1.7652413354325343,150,0.00037394346949461496,False
Q03_s0.1_seed420002,B3,53.850000000000001,0.0086435686374223691,1.985022293785303,-4.0679517594645001,1.7655697704618631,225,0.00037315831076651447,False
Q03_s0.1_seed420002,B3,49.039999999999999,0.00079013826022951569,2.0527241712012745,-2.9513540940307563,1.7666271640196061,220,0.00037097739651131422,False
Q03_s0.1_seed420002,B3,52.969999999999999,0.0074204141620998545,2.0444637501219893,-3.7794191829509982,1.767089165732713,250,0.00037272658150201124,False
Q03_s0.1_seed420002,B3,47.780000000000001,-0.0015214341181146423,2.0722458620357718,-2.6692875846671442,1.7690369048822134,235,0.00037063391248649732,False
Q03_s0.1_seed420002,B3,50.170000000000002,0.0034009183355843348,2.2929422808880537,-2.8994824386650744,1.7694636752516053,205,0.00037158878291844715,False
Q03_s0.1_seed420002,B3,52.680568819538024,-0.025613986982952142,1.9857762897205715,-3.802862905771704,1.7704621357801598,165,0.00041061400057552298,False
Q03_s0.1_seed420002,B3,58.390000000000001,0.01501098455694186,1.9877202832941989,-5.036453227019126,1.7708864388823058,170,0.0003760896193809238,False
Q03_s0.1_seed420002,B3,50.25,0.0038326572486782041,2.4128721521262064,-2.7920393356025031,1.7712550518610843,190,0.00037172506550317618,False
Q03_s0.1_seed420002,B3,46.350901198079697,-0.03746862017172603,1.9822716711314681,-2.4699649069324661,1.7768767984413003,220,0.00041061400059295479,False
Q03_s0.1_seed420002,B3,51.412734677121385,-0.020139503616276144,2.3837603155487503,-3.2570082479565752,1.7791543403108818,195,0.00041061400059721592,False
Q03_s0.1_seed420002,B3,55.645423769967948,-0.018552616858340087,1.9889606867588703,-4.5178913485331087,1.7803898180585191,240,0.00041061400057492608,False
Q03_s0.1_seed420002,B3,47.241263072930373,0.030970504434545632,1.8883890785236876,-2.8073051449316644,1.7808611213217396,235,0.00041061400059395729,False
Q03_s0.1_seed420002,B3,54.439023225527805,-0.023008098358360485,1.9879204790502625,-4.1514733511914361,1.7809328072561799,195,0.00041061400060028784,False
Q03_s0.1_seed420002,B3,45.136503557732233,-0.036946811471747942,1.9833032116966014,-2.3235610848793105,1.7813934228910155,220,0.00041061400058481422,False
Q03_s0.1_seed420002,B3,51.859999999999999,0.0044328567349758742,1.5349031616939679,-4.5764683543911113,1.7814347090218026,195,0.00037168467918895632,False
Q03_s0.1_seed420002,B3,51.840000000000003,0.0045188192619894443,1.5847683396415322,-4.4412541637674545,1.7818172784886985,195,0.00037171933843619141,False
Q03_s0.1_seed420002,B3,50.285105556517607,-0.031694866486595252,2.3370679039940425,-2.7732769148132927,1.7823851328172007,190,0.00041061400059407178,False
Q03_s0.1_seed420002,B3,52.476936026325504,0.037923984878050376,1.8854716012707411,-3.9234642217387172,1.7825998853828182,155,0.00041061400058256048,False
Q03_s0.1_seed420002,B3,51.418897317196425,-0.027671110763678008,2.3750587160786827,-3.0032944262843362,1.7843764656964425,195,0.00041061400059461058,False
Q03_s0.1_seed420002,B3,59.149999999999999,0.015981389418714485,1.9882277680052476,-5.1983119951160495,1.7846494760249214,195,0.00037662679027815663,False
Q03_s0.1_seed420002,B3,46.920000000000002,-0.003451782097153082,1.982011871060386,-2.5852441916800561,1.7856423234627936,240,0.00037042630670076443,False
Q03_s0.1_seed420002,B3,48.910568103024502,0.033519959361678175,2.0712546379827321,-2.9056073204190369,1.7860753603403254,180,0.00041061400058458968,False
Q03_s0.1_seed420002,B3,53.360303861167438,0.039806767311434399,1.8846482646779408,-4.1566601212369729,1.7875507523839445,150,0.00041061400058074087,False
Q03_s0.1_seed420002,B3,53.359999999999999,0.0076645816340055626,1.8849591732819466,-4.1493979754815813,1.7879780729096413,150,0.00037277665203347366,False
Q03_s0.1_seed420002,B3,51.420000000000002,0.0057008838227913926,2.3733532867504792,-3.0403905062522303,1.7884841882715228,195,0.00037224019491618381,False
Q03_s0.1_seed420002,B3,55.119333147197636,-0.020733478174141062,1.944325811499882,-4.4401204903014371,1.7897917716418017,190,0.00041061400057958234,False
Q03_s0.1_seed420002,B3,51.549999999999997,0.0060316649628965723,2.4233561883125674,-3.0097666882716414,1.7902817837268781,210,0.00037235372745818128,False
Q03_s0.1_seed420002,B3,48.909999999999997,0.00060303949457994838,2.0726567172871575,-2.9006994624052891,1.7909487897380241,180,0.00037094877531210571,False
Q03_s0.1_seed420002,B3,59.170000000000002,0.015986979892712552,1.9782755934253191,-5.2265960731425025,1.7918858538921001,230,0.00037662780718773135,False
Q03_s0.1_seed420002,B3,55.321241609692869,-0.020384577165630802,1.9850981340869387,-4.3971961889300708,1.793222112699685,190,0.00041061400057189101,False
Q03_s0.1_seed420002,B3,56.091084334407242,-0.019059503569598846,1.9845687422472735,-4.5647437600995584,1.7936237631562058,210,0.00041061400055399517,False
Q03_s0.1_seed420002,B3,53.926823479298676,-0.023520921857851818,2.0276864252676425,-3.9846105023083904,1.7970351364036092,165,0.00041061400058912847,False
Q03_s0.1_seed420002,B3,50.240000000000002,0.0037910549246616687,2.4028764702712277,-2.799997035340104,1.797688182557611,190,0.00037171208616354039,False
Q03_s0.1_seed420002,B3,46.020000000000003,-0.0052898641284908343,1.9817196647416166,-2.3923855323812648,1.7980373228057744,240,0.00037033641589762382,False
Q03_s0.1_seed420002,B3,51.619999999999997,0.0058867603409799079,2.3134954384492561,-3.1441007522272599,1.7982455631328309,210,0.00037228349126803108,False
Q03_s0.1_seed420002,B3,48.68,-5.3716017426092076e-05,1.9826490577874318,-2.962215605068145,1.8011768329490823,225,0.00037081847520951635,False
Q03_s0.1_seed420002,B3,48.691562377524505,0.033621457059068049,2.0491734747084216,-2.9078745488887048,1.8017127743890022,190,0.00041061400057163888,False
Q03_s0.1_seed420002,B3,50.643752094377376,0.0372382055009437,2.0581792067862974,-3.318875198334938,1.8032960081568081,180,0.00041061400059372685,False
Q03_s0.1_seed420002,B3,49.07,0.00081945222899182434,2.0427449239681348,-2.9697818261125333,1.8033789739082364,215,0.00037098038405428986,False
Q03_s0.1_seed420002,B3,45.299999999999997,-0.006812914310303001,1.9815023095952526,-2.2380591570859609,1.8035668789030319,230,0.00037032695108174215,False
Q03_s0.1_seed420002,B3,56.090000000000003,0.011914022138853749,1.9862819421780378,-4.5461317013364893,1.8037350943786095,210,0.00037453526392833622,False
Q03_s0.1_seed420002,B3,48.547365257955214,-0.033072423623316638,1.9830894098121155,-2.9373380843139998,1.8038405125863015,175,0.00041061400053028969,False
Q03_s0.1_seed420002,B3,49.447819128387763,-0.031589894588169187,1.9841910870117778,-3.1169946732735028,1.8049207700091885,150,0.00041061400057484102,False
Q03_s0.1_seed420002,B3,54.197166403158043,-0.027750786424204144,2.04101948650242,-3.8007498280108116,1.8050711686499954,235,0.00041061400059195819,False
Q03_s0.1_seed420002,B3,46.615823792820464,-0.033467166587875852,1.984216320707628,-2.65730758834267,1.806355415599747,180,0.0004106140005746521,False
Q03_s0.1_seed420002,B3,55.119999999999997,0.010443771309293947,1.9458118351544196,-4.4190287356410956,1.8093276679528871,190,0.00037387380269114954,False
Q03_s0.1_seed420002,B3,46.350000000000001,-0.0046076127453979097,1.9818241620213266,-2.463106936823698,1.8094915642858755,220,0.00037035976548540223,False
Q03_s0.1_seed420002,B3,49.410495424881667,0.034976342439447805,2.0591574767212437,-3.0494528330826363,1.8098596566975664,175,0.00041061400059792883,False
Q03_s0.1_seed420002,B3,55.32,0.01081967645119959,1.9858332040349194,-4.3818262269506674,1.8119132597798673,190,0.00037404426851534448,False
Q03_s0.1_seed420002,B3,54.514950116412905,-0.020194503091134131,1.989739719176487,-4.2861812244319104,1.8129450555141757,235,0.00041061400057438679,False
Q03_s0.1_seed420002,B3,47.08434371347046,-0.033847750270109778,1.9859642718625388,-2.7051942701526048,1.8134031330807605,230,0.00041061400059287358,False
Q03_s0.1_seed420002,B3,46.448014616181155,-0.037079908681707074,1.9816949436590361,-2.4987216345120391,1.8139554277629699,180,0.00041061400053602116,False
Q03_s0.1_seed420002,B3,50.260916557824658,0.035738382210715791,1.8909052304794636,-3.4640395948491065,1.8143262257161401,195,0.00041061400054625728,False
Q03_s0.1_seed420002,B3,49.850843001411029,-0.03232613041084953,1.9813912149893866,-3.1431724036264086,1.8150775862350172,150,0.00041061399977938449,False
Q03_s0.1_seed420002,B3,58.370924918317854,-0.015507571782643836,1.9880338053779902,-5.0373260730304299,1.8151753373226664,150,0.00041061400059606514,False
Q03_s0.1_seed420002,B3,51.91192937542445,-0.026916315153298065,1.9852206718527858,-3.6436535899252434,1.8168170419791918,160,0.00041061400059612602,False
Q03_s0.1_seed420002,B3,52.68,0.0068247693526759801,1.9844198756806513,-3.817955711247258,1.8177997157614885,165,0.00037251010503740352,False
Q03_s0.1_seed420002,B3,51.899999999999999,0.005849231005855088,2.1038678926193533,-3.4689695522809103,1.8178804510061781,160,0.00037222414914931984,False
Q03_s0.1_seed420002,B3,51.874482553018481,0.036061449881167107,1.5172894926859359,-4.5899078502468953,1.8180989621322123,195,0.00041061400059200378,False
Q03_s0.1_seed420002,B3,55.183481736777885,-0.020977270454390684,1.9837416268644152,-4.353853023755951,1.8203915729880613,160,0.00041061400051784966,False
Q03_s0.1_seed420002,B3,48.289999999999999,-0.00078533493846169892,1.9825003656564246,-2.8787033004047853,1.8226057334813706,175,0.000370709262167211,False
Q03_s0.1_seed420002,B3,49.850000000000001,0.0020724571123411943,1.9831207117563248,-3.2126749287644554,1.822801328194088,150,0.00037121303431119436,False
Q03_s0.1_seed420002,B3,54.871270338664587,0.041986341578014397,2.0238455746414918,-4.2189768702764532,1.8247877607907383,250,0.00041061400060054816,False
Q03_s0.1_seed420002,B3,49.953660875394206,-0.028835056311589113,1.9797013790574922,-3.3063710944417632,1.824837859092034,225,0.00041061400058813323,False
Q03_s0.1_seed420002,B3,47.100000000000001,-0.0029571617943257205,2.0320402132744331,-2.5706650131954412,1.8255169859369555,245,0.00037047674479087438,False
Q03_s0.1_seed420002,B3,59.299999999999997,0.016189523489852486,1.9982955055765868,-5.2063238280731028,1.8271242196820454,165,0.00037674726422815452,False
Q03_s0.1_seed420002,B3,50.259999999999998,0.0025716664716991123,1.8934077048227371,-3.4354744840979685,1.8281297615012027,195,0.00037130185246369912,False
Q03_s0.1_seed420002,B3,52.031392380964341,0.038783281720547791,1.9904537565721929,-3.6994389446039069,1.8282038955147624,230,0.00041061400056480613,False
Q03_s0.1_seed420002,B3,54.649999999999999,0.0098423636491308201,1.9854561500819601,-4.2387996555262353,1.8285834377261621,225,0.00037363149576664781,False
Q03_s0.1_seed420002,B3,46.28918384557241,-0.035439141497458415,1.8979272187119496,-2.6402199213730935,1.8286328832123013,225,0.00041061400035298295,False
Q03_s0.1_seed420002,B3,54.053591616249456,0.037518625926754368,2.0220733862766522,-3.8979286880195918,1.83108113206635,155,0.00041061400058378515,False
Q03_s0.1_seed420002,B3,51.880000000000003,0.0044184943297065028,1.514966847927359,-4.6364068278286288,1.8316497240684686,195,0.00037167632487289322,False
Q03_s0.1_seed420002,B3,49.660677241014866,0.035566585447740273,2.0582990683152964,-3.1098011926393241,1.8320157276799762,220,0.00041061400059244456,False
Q03_s0.1_seed420002,B3,58.030000000000001,0.014562592174343986,1.9974549935427555,-4.9371785314967411,1.8330746536464795,235,0.00037585165456095922,False
Q03_s0.1_seed420002,B3,55.420000000000002,0.010963517416577239,1.9858905510243847,-4.4031687807379889,1.833463142542348,170,0.00037410706860918451,False
Q03_s0.1_seed420002,B3,46.301204554604922,0.028662244795617298,2.0396796367365257,-2.401722542678538,1.8348819826471756,220,0.00041061400054534595,False
Q03_s0.1_seed420002,B3,53.93,0.0088543327653391752,2.0249875688390655,-4.0133125016567215,1.8358007643908287,165,0.00037324776479705988,False
Q03_s0.1_seed420002,B3,54.351592314799262,-0.021912186129474875,1.9847260938222098,-4.1963106748393422,1.8370376796712999,245,0.0004106140005739491,False
Q03_s0.1_seed420002,B3,49.450000000000003,0.0013568787073244813,1.9829551485898045,-3.1270612624695207,1.8374182231327467,150,0.00037106742253689723,False
Q03_s0.1_seed420002,B3,50.530412708353957,0.036970401888753557,2.0588687247352442,-3.2904520681738383,1.8381997585678078,220,0.00041061400060011984,False
Q03_s0.1_seed420002,B3,54.460000000000001,0.0095828614577101231,1.9953306005300131,-4.1794619038644756,1.8394260799968505,235,0.00037352818822774674,False
Q03_s0.1_seed420002,B3,50.329463839579823,0.033796365213699886,1.876675111914994,-3.4127387077927605,1.8394465656522829,225,0.00041061400059325207,False
Q03_s0.1_seed420002,B3,45.682525444271278,-0.037572202122796661,1.9882276837364912,-2.3698103207300818,1.8402163742827093,175,0.00041061400059791637,False
Q03_s0.1_seed420002,B3,54.909999999999997,0.010202677488830093,1.9756232210212901,-4.3137527752336133,1.8412036426634253,250,0.00037377864148081162,False
Q03_s0.1_seed420002,B3,55.631737188949877,0.042414643912030314,1.8859121909894747,-4.6576962387770404,1.8412812473404117,170,0.00041061400059898127,False
Q03_s0.1_seed420002,B3,50.850669229554669,0.036580616668658195,1.891513048635532,-3.5925612445623418,1.8416760030182489,155,0.00041061400059930105,False
Q03_s0.1_seed420002,B3,54.869999999999997,0.01025303704246746,2.0254922669551045,-4.2100762579236841,1.8420293542533357,250,0.00037381084142467438,False
Q03_s0.1_seed420002,B3,50.289999999999999,0.0037058928035626402,2.3329529917505449,-2.8794065050127196,1.842573407865052,190,0.0003716742227318313,False
Q03_s0.1_seed420002,B3,45.75,-0.0058553903109327147,1.9816364462464979,-2.3345171059511842,1.8427559306201855,155,0.00037032602373998836,False
Q03_s0.1_seed420002,B3,51.399999999999999,0.0057153674506000007,2.3933259397338746,-3.0152392480526911,1.8433423119282419,195,0.00037224919146129913,False
Q03_s0.1_seed420002,B3,54.439999999999998,0.0095310902904518404,1.9853405387717957,-4.1939593399845574,1.8437390207192703,195,0.00037350512215825611,False
Q03_s0.1_seed420002,B3,47.670277049214697,0.03065130887666534,1.8819625510907667,-2.8655470525692017,1.8439677233263385,195,0.00041061400058737597,False
Q03_s0.1_seed420002,B3,57.692853781990785,-0.016771990120783897,1.9468770602838676,-4.9822157607202513,1.8447386402746837,170,0.00041061400057403974,False
Q03_s0.1_seed420002,B3,50.879376434936319,0.035355573326735446,1.865141175523078,-3.5887944904491889,1.844798533208003,240,0.00041061400059155497,False
Q03_s0.1_seed420002,B3,51.859999999999999,0.0044805916126000704,1.5548529101370621,-4.5235267461479065,1.845452217734959,195,0.00037170217486480971,False
Q03_s0.1_seed420002,B3,47.670000000000002,-0.0022398039426020418,1.8823526901845387,-2.8671746225047965,1.8461276465905838,195,0.00037050946876398822,False
Q03_s0.1_seed420002,B3,55.61777006396877,-0.021247315549498325,1.9793737325160699,-4.408653029333097,1.8462108093910912,245,0.0004106140006002203,False
Q03_s0.1_seed420002,B3,48.689999999999998,0.00014558168195019202,2.0525909521246977,-2.8789879888483876,1.8464040594255415,190,0.00037086668224779756,False
Q03_s0.1_seed420002,B3,52.479999999999997,0.0062733499688915487,1.884493802129749,-3.9513420420442498,1.8464362129138234,155,0.00037230774559598642,False
Q03_s0.1_seed420002,B3,50.880000000000003,0.003571748230268634,1.8637354326754376,-3.624605701099616,1.8474670336423769,240,0.00037153311871399725,False
Q03_s0.1_seed420002,B3,47.968807189017198,-0.035280010147786811,2.0253886302452377,-2.7181835173867643,1.8474718378478749,165,0.00041061400059966307,False
Q03_s0.1_seed420002,B3,50.667781325571156,0.03268733109776889,1.8196586594295852,-3.516235098394862,1.8476190750005981,180,0.00041061400047658184,False
Q03_s0.1_seed420002,B3,59.740000000000002,0.016717706515381292,1.9886327487109834,-5.3239077223552576,1.8493664279383264,250,0.00037705034127002887,False
Q03_s0.1_seed420002,B3,50.61986610105204,0.035811238252316357,1.9814020354842352,-3.3732912366967103,1.8496364349380647,160,0.00041061400039221318,False
Q03_s0.1_seed420002,B3,50.640000000000001,0.0036476941342307883,2.0633636563923221,-3.2683619132784947,1.8510715099154507,180,0.00037159760432007476,False
Q03_s0.1_seed420002,B3,51.909429825281954,-0.028367457665380513,2.0784006169658413,-3.429644284577213,1.8523805015043124,160,0.00041061400057769822,False
Q03_s0.1_seed420002,B3,45.202187810339339,0.025571716118959031,2.0310318579435891,-2.1512950132994284,1.8529260481538024,230,0.00041061400058878863,False
Q03_s0.1_seed420002,B3,49.382464947145778,0.034130391314089792,1.901022910727316,-3.242075860342819,1.8530681346440132,240,0.00041061400058501962,False
Q03_s0.1_seed420002,B3,56.93,0.013094783699761125,1.9967629067516228,-4.703881940119123,1.8532623462143862,245,0.00037510133030377958,False
Q03_s0.1_seed420002,B3,53.744735904462409,-0.021239863293213368,1.9859773228161781,-4.1409766623893187,1.8543681406691659,170,0.00041061400057032412,False
Q03_s0.1_seed420002,B3,58.369999999999997,0.01498510634412115,1.9877071442521204,-5.0321926745238228,1.8544138055161705,150,0.00037607562184565062,False
Q03_s0.1_seed420002,B3,54.82,0.01009260019890785,1.9855506386979505,-4.2750951130647383,1.854913374449767,150,0.00037373487363975702,False
Q03_s0.1_seed420002,B3,55.630000000000003,0.01104989953305861,1.8862644063993537,-4.659807130914337,1.8550468723141604,170,0.00037412305022176893,False
Q03_s0.1_seed420002,B3,50.850000000000001,0.0035933971493177,1.8936774591289816,-3.5677273758863,1.8572007063522586,155,0.00037154533403288819,False
Q03_s0.1_seed420002,B3,50.603731558615209,-0.02876886343445495,1.9880109658335705,-3.3841755837705136,1.8584195013783027,155,0.00041061399981717468,False
Q03_s0.1_seed420002,B3,58.682179982524502,-0.015096801730810405,1.9886243770334842,-5.0984067565295526,1.8586669789685271,245,0.000410614000596812,False
Q03_s0.1_seed420002,B3,46.299999999999997,-0.0045437790423023244,2.0417752913594214,-2.3940048019051261,1.8590439022524488,220,0.00037037652618791432,False
Q03_s0.1_seed420002,B3,51.07,0.0041857412819479144,1.9836533322197905,-3.473705543130257,1.8602731254555875,155,0.00037171899062958975,False
Q03_s0.1_seed420002,B3,47.867864322970227,0.030484332802672043,1.9829252642249555,-2.7526259346152884,1.8605631978354085,180,0.00041061400053159762,False
Q03_s0.1_seed420002,B3,47.672964501331769,-0.033396261444790909,1.9882284467288276,-2.8000531479100736,1.860811866959563,165,0.00041061400056561928,False
Q03_s0.1_seed420002,B3,49.950000000000003,0.002249561027825257,1.9831628024690133,-3.2340760976044067,1.8608805934384189,225,0.00037125108084349424,False
Q03_s0.1_seed420002,B3,57.587973099165126,-0.016782249940265892,1.987556939605591,-4.8699726556537239,1.8631886184581241,245,0.00041061400059279557,False
Q03_s0.1_seed420002,B3,50.398341933104014,-0.029877285416466393,1.9850502068747704,-3.3143306963581072,1.8632187345274296,175,0.00041061400058454837,False
Q03_s0.1_seed420002,B3,49.409999999999997,0.0014868546386145828,2.0628589772859649,-3.0153955648576027,1.8639349873805862,175,0.00037111123271709991,False
Q03_s0.1_seed420002,B3,59.591169463206533,-0.012996164006341182,1.9843126188918434,-5.3378001337016894,1.8675284364288929,250,0.00041061400055428243,False
Q03_s0.1_seed420002,B3,52.467113649378589,0.035711040382484072,2.0599613729643313,-3.5187624214733031,1.8678769536824837,250,0.00041061400057433952,False
Q03_s0.1_seed420002,B3,49.345287858107156,0.030594805823179527,1.8806681414621864,-3.1162102612949774,1.8712191956887259,220,0.00041061400059938551,False
Q03_s0.1_seed420002,B3,49.739849339130828,-0.032323777766262829,2.0437095251405371,-3.0409815985587514,1.8722507054231308,250,0.00041061400008498812,False
Q03_s0.1_seed420002,B3,54.509999999999998,0.0096571087108130241,1.9953579214214894,-4.1900850100465146,1.8730816751578685,235,0.00037355820520115958,False
Q03_s0.1_seed420002,B3,53.42214726451013,-0.023170258352530837,1.9817128753036608,-4.0192565680464565,1.8743683160626345,240,0.0004106140005624288,False
Q03_s0.1_seed420002,B3,50.270000000000003,0.0038181407639923744,2.3928955276971875,-2.8151062408349281,1.8745495142888322,190,0.00037171671493450983,False
Q03_s0.1_seed420002,B3,57.80132489581672,-0.016097168383411464,1.9867710601113431,-4.9340285599766283,1.874776856491015,150,0.00041061400059215074,False
Q03_s0.1_seed420002,B3,55.469728265384184,-0.020303339497111494,1.9859930310559428,-4.4191935773862827,1.8749430182334321,160,0.0004106140005730329,False
Q03_s0.1_seed420002,B3,57.049321058780563,-0.018340038784494972,1.9889355614133808,-4.7187712487837903,1.8751928607252988,225,0.00041061400058633161,False
Q03_s0.1_seed420002,B3,57.080980757880553,0.044231756060863603,1.9849488294493149,-4.7595570006664314,1.8752644348941276,230,0.00041061400045268261,False
Q03_s0.1_seed420002,B3,49.740000000000002,0.0020270474807469515,2.0430108329287684,-3.1089655258058695,1.8755184682615524,250,0.00037121712344332725,False
Q03_s0.1_seed420002,B3,50.280000000000001,0.0036642402869298723,2.3229578296029705,-2.8880117968764916,1.8759409906875502,190,0.00037166136880354247,False
Q03_s0.1_seed420002,B3,54.386132931624999,0.039773463384721097,2.040322781341974,-4.0138650365192117,1.8764947794947529,220,0.0004106140006004895,False
Q03_s0.1_seed420002,B3,45.68,-0.0059747671687131691,1.991610366337268,-2.3102112612425674,1.8765875868340014,175,0.00037032720158886528,False
Q03_s0.1_seed420002,B3,54.350000000000001,0.0093969510875812588,1.9852913666822061,-4.174740467126397,1.8769079671493656,245,0.00037345142191587047,False
Q03_s0.1_seed420002,B3,50.948820667900165,-0.028040027198993123,1.982398037208289,-3.4705295089606327,1.8778705214238764,250,0.00041061400057148536,False
Q03_s0.1_seed420002,B3,55.469999999999999,0.011035243419512222,1.9859193287295229,-4.4138395942233926,1.8779078618616989,160,0.00037413858011820596,False
Q03_s0.1_seed420002,B3,49.50840262558421,-0.030944101805356894,1.9825791755956832,-3.1542979885960882,1.8780401359423051,150,0.00041061400057871135,False
Q03_s0.1_seed420002,B3,54.799999999999997,0.010085071329082602,1.9955177472825287,-4.251693267962902,1.879202697705495,160,0.00037373395326188589,False
Q03_s0.1_seed420002,B3,50.199979440162082,-0.027616815811250639,2.0363209771588209,-3.303500740703873,1.8797331429528372,235,0.00041061400021649756,False
Q03_s0.1_seed420002,B3,48.549999999999997,-0.00029628301534720994,1.9825990198092258,-2.9343795627654279,1.879975928079197,175,0.00037078075912646825,False
Q03_s0.1_seed420002,B3,50.530000000000001,0.0034587273784457582,2.0633168654032081,-3.245743830040912,1.8806637229325582,220,0.00037155033873744522,False
Q03_s0.1_seed420002,B3,50.329999999999998,0.0026447406141961961,1.8734660054658112,-3.4831059458452556,1.8810274683807771,225,0.00037131384982854842,False
Q03_s0.1_seed420002,B3,50.670000000000002,0.003088347043014751,1.8137109474037207,-3.6627226477667998,1.8816170580884493,180,0.00037140357180835253,False
Q03_s0.1_seed420002,B3,50.536940560622128,0.033323862377161007,1.8793988144698508,-3.4197352448875744,1.8816351559672546,160,0.00041061400059086775,False
Q03_s0.1_seed420002,B3,50.479563635842197,-0.029014334829422062,1.9823846458808254,-3.3659575799177244,1.8817051197290131,165,0.00041061400052347326,False
Q03_s0.1_seed420002,B3,47.969999999999999,-0.0012889882367175341,2.0223500910709142,-2.7637354656140198,1.8817133912119015,165,0.00037065121262483007,False
Q03_s0.1_seed420002,B3,46.079999999999998,-0.005165091614334383,1.981738436354755,-2.4052445209146112,1.8818964786355474,155,0.000370339802684146,False
Q03_s0.1_seed420002,B3,45.149999999999999,-0.007165156495163195,1.9714631274528243,-2.2147186868116866,1.8825481083741944,160,0.00037033081438681969,False
Q03_s0.1_seed420002,B3,57.756622371660114,0.044307991692249971,2.0399391340748325,-4.75011702929074,1.8832623638653245,150,0.00041061400059773205,False
Q03_s0.1_seed420002,B3,53.248387159242,-0.02415214936798904,2.0662605677089032,-3.799883377409877,1.8835678182894555,230,0.00041061400058596298,False
Q03_s0.1_seed420002,B3,53.960242995128105,-0.022779885752695961,1.9850083113509429,-4.1034052417868612,1.8836803777871707,165,0.0004106140005875843,False
Q03_s0.1_seed420002,B3,50.399999999999999,0.0030378318258276645,1.9833556738304892,-3.3303699951989456,1.8837396124379759,175,0.00037143008696201323,False
Q03_s0.1_seed420002,B3,55.079409496785935,0.041262645621685579,2.0267323488665907,-4.2131524629441337,1.8837939843709994,155,0.00041061400056553564,False
Q03_s0.1_seed420002,B3,46.450000000000003,-0.0044027837175698746,1.9818564326572958,-2.4845361857543868,1.8842426994400132,180,0.00037036908341487907,False
Q03_s0.1_seed420002,B3,49.292699183054111,-0.031153047451799587,1.8923337602707366,-3.2529422144428377,1.8850804112497479,150,0.00041061400059882281,False
Q03_s0.1_seed420002,B3,52.231660939921802,0.038617395585375469,2.0728572247498791,-3.5846070825069329,1.885291960179416,220,0.00041061400056427487,False
Q03_s0.1_seed420002,B3,45.391084413007277,-0.039310353333654291,1.9814081007896864,-2.2717440928534192,1.8853157080212741,220,0.00041061400058591381,False
Q03_s0.1_seed420002,B3,51.540224938275188,0.036688983317906931,2.0746842026419117,-3.4007208328486769,1.8855438893531569,230,0.00041061400056382216,False
Q03_s0.1_seed420002,B3,53.130943105474266,-0.024380013770669784,1.9850194465600866,-3.9196225342051054,1.8855692735978151,240,0.00041061400059452905,False
Q03_s0.1_seed420002,B3,53.960000000000001,0.0088105106728840355,1.985080892677622,-4.0914477549379455,1.886277076243067,165,0.00037322201787310023,False
Q03_s0.1_seed420002,B3,57.079999999999998,0.013277655310332048,1.9868830769630208,-4.7572700496140454,1.8879527189097809,230,0.0003751896482684598,False
Q03_s0.1_seed420002,B3,48.479050263607398,0.032675930770950323,2.0715254167504247,-2.8127417091587823,1.8879911892312888,175,0.00041061400059710744,False
Q03_s0.1_seed420002,B3,52.229999999999997,0.0063136249799950498,2.0740617340390015,-3.5800426625456363,1.8888661699213658,220,0.00037236333546987422,False
Q03_s0.1_seed420002,B3,51.539999999999999,0.00518728274840362,2.0737454577339407,-3.4389285115145647,1.8889277197319394,230,0.00037201875901874093,False
Q03_s0.1_seed420002,B3,53.282701923787982,-0.022978783212536769,2.0712098823339717,-3.8459834865267446,1.8891888274270552,175,0.00041061400053727591,False
Q03_s0.1_seed420002,B3,55.079999999999998,0.010558992478278689,2.0256083120300272,-4.2540206846031978,1.8905566323202529,155,0.0003739406335335402,False
Q03_s0.1_seed420002,B3,53.25,0.0079025507688947651,2.0645692114516114,-3.8047187029385081,1.8937860759299263,230,0.00037290197488039221,False
Q03_s0.1_seed420002,B3,57.049999999999997,0.013237028418557346,1.9868644613004045,-4.7508738102614823,1.8938881107325898,225,0.00037516946947680689,False
Q03_s0.1_seed420002,B3,53.700663598544423,-0.02307736604113142,1.9835848848108766,-4.0576327837481738,1.8941068289343634,240,0.00041061400057278049,False
Q03_s0.1_seed420002,B3,53.420000000000002,0.0079843804516577885,1.9847964588032605,-3.9760905682630625,1.894264200770887,240,0.00037291367295399938,False
Q03_s0.1_seed420002,B3,45.200000000000003,-0.0068845118107204485,2.03145236058158,-2.1735776782514065,1.8951293379320338,230,0.00037033965626704724,False
Q03_s0.1_seed420002,B3,53.362047610710889,-0.02289945181178954,1.9826850194381738,-4.0212642694428204,1.8952028465706554,175,0.00041061400059703599,False
Q03_s0.1_seed420002,B3,57.799999999999997,0.014240049057000914,1.9873373369603082,-4.9107434120959805,1.8954032061868127,150,0.00037567991497493601,False
Q03_s0.1_seed420002,B3,49.380000000000003,0.0010276898964881125,1.9030129905971809,-3.2235508486620605,1.8959668266229757,240,0.00037098651772959239,False
Q03_s0.1_seed420002,B3,47.670000000000002,-0.001946429115183049,1.9922652339852975,-2.7344563342963126,1.8978954430367319,165,0.00037056616116484261,False
Q03_s0.1_seed420002,B3,52.469999999999999,0.0066521156878049997,2.0542049821643382,-3.6600187840456351,1.8982490897478359,250,0.000372468679280247,False
Q03_s0.1_seed420002,B3,50.479999999999997,0.0031764975703127544,1.9833905551915072,-3.347486937062409,1.8984284443428245,165,0.00037146320865108344,False
Q03_s0.1_seed420002,B3,54.619999999999997,0.0098199742453225526,1.9954182709977273,-4.2134548189408045,1.8991867175272723,165,0.00037362453957841897,False
Q03_s0.1_seed420002,B3,45.130000000000003,-0.0071507784653272915,1.9914489262440058,-2.192911002655169,1.8999209932270242,220,0.00037033517596490997,False
Q03_s0.1_seed420002,B3,53.059921433215258,-0.024425859336711042,1.9843534796024138,-3.9092458012471596,1.9006292767127391,240,0.00041061400059437493,False
Q03_s0.1_seed420002,B3,53.700000000000003,0.0084148182293226018,1.9849429292184311,-4.0359095363017925,1.9007814385705766,240,0.00037307216642093385,False
Q03_s0.1_seed420002,B3,55.338932312544699,-0.021541965316075107,2.0189141778215429,-4.2764964477673679,1.9009612708518058,245,0.00041061400050873597,False
Q03_s0.1_seed420002,B3,53.130000000000003,0.0075337871906432236,1.9846470601122876,-3.9141259653996676,1.9030788972101349,240,0.00037275279989716815,False
Q03_s0.1_seed420002,B3,53.060000000000002,0.0074242853818217575,1.9846113495211428,-3.8991675991405224,1.9032918384401265,240,0.00037271448395881417,False
Q03_s0.1_seed420002,B3,49.930214745813551,-0.030166559878916921,1.9830663269543503,-3.2425954546856559,1.9033900376234754,175,0.00041061400051564998,False
Q03_s0.1_seed420002,B3,55.640000000000001,0.011299515080256704,1.9959938219554119,-4.4300882554804089,1.9035778514376442,240,0.00037425801147935786,False
Q03_s0.1_seed420002,B3,59.579999999999998,0.01653888662076464,1.9984867872429004,-5.2656321146426475,1.9037973708883351,230,0.00037694835383925726,False
Q03_s0.1_seed420002,B3,51.909999999999997,0.0055830487565907303,1.9840442392189559,-3.6533475474827748,1.9038389850577917,160,0.00037211583185119075,False
Q03_s0.1_seed420002,B3,54.200000000000003,0.0092832032000293718,2.035110603635617,-4.0520689426446896,1.9047172615257724,235,0.0003734173577138624,False
Q03_s0.1_seed420002,B3,50.200000000000003,0.0028127997997398728,2.0332116372340496,-3.2180094874576302,1.9049650462307299,235,0.0003713887728847588,False
Q03_s0.1_seed420002,B3,45.390000000000001,-0.0066198906825337429,1.9815286807034982,-2.2573517831770094,1.9053784661732305,220,0.00037032488986623804,False
Q03_s0.1_seed420002,B3,49.93,0.0022141969958169288,1.9831543619337597,-3.2297959365347433,1.9054000924120182,175,0.00037124342006580359,False
Q03_s0.1_seed420002,B3,47.079999999999998,-0.0031052507831295178,1.992059526473416,-2.6087043040548723,1.9057432089047659,230,0.00037045518634174651,False
Q03_s0.1_seed420002,B3,46.141039756272299,-0.037880116030884814,1.9821508445420379,-2.4261077813667615,1.9070957267810538,230,0.0004106140005861094,False
Q03_s0.1_seed420002,B3,47.168181680300705,0.02791530512660767,2.0540234402178394,-2.4735135462409339,1.9076919525642548,250,0.00041061400055067833,False
Q03_s0.1_seed420002,B3,49.659999999999997,0.0019347080663847157,2.0629582577820078,-3.0668210844801731,1.9102993953937408,220,0.00037120229491703833,False
Q03_s0.1_seed420002,B3,53.359999999999999,0.0078915560859429117,1.9847653564515513,-3.9632710726172586,1.9104572674973004,175,0.00037288011055357017,False
Q03_s0.1_seed420002,B3,49.048905664470354,-0.032389876206025292,1.9841117386454417,-3.0308126172909748,1.9110692307766595,150,0.00041061400059036891,False
Q03_s0.1_seed420002,B3,46.741380445879059,0.029379754364128985,1.9800345714720946,-2.5555811796063246,1.9122522913304651,250,0.00041061400059651699,False
Q03_s0.1_seed420002,B3,50.41186951517119,0.036613676133915085,2.0594067767022755,-3.257929628333196,1.9127236724782144,180,0.00041061400058696332,False
Q03_s0.1_seed420002,B3,50.298267186509506,0.035502725630464305,2.062683920485771,-3.1914895160413668,1.9128235071985182,180,0.00041061400059235766,False
Q03_s0.1_seed420002,B3,58.049999999999997,0.014588764768566104,1.9974678857094372,-4.9414187797665452,1.9130541913876897,240,0.00037586553023539419,False
Q03_s0.1_seed420002,B3,52.57642618483932,0.034922535567213586,2.0615265852028637,-3.5000530431965036,1.9144395683208246,155,0.00041061400057875868,False
Q03_s0.1_seed420002,B3,52.792582623742057,0.039553729294675932,2.0624305676908312,-3.7244516222700081,1.9144539217181571,220,0.00041061400057266264,False
Q03_s0.1_seed420002,B3,50.951026855874417,-0.027989522248857313,2.0432156804574979,-3.377071827770683,1.9157346698920736,155,0.00041061400058973373,False
Q03_s0.1_seed420002,B3,49.049999999999997,0.00062962963680304707,1.982794066707019,-3.0414335000175203,1.9161330335419089,150,0.00037093276287737637,False
Q03_s0.1_seed420002,B3,53.157033748048661,-0.024616157293636753,1.9862067623096307,-3.9103710727230023,1.9161580633363706,235,0.00041061400056331931,False
Q03_s0.1_seed420002,B3,54.308776499235805,-0.022044679829679836,2.0348048374222669,-4.0872747175066682,1.9164234668223374,245,0.00041061400059330688,False
Q03_s0.1_seed420002,B3,53.560000000000002,0.0082227094570569027,1.994850664654864,-3.9881970952303187,1.9165727183947996,225,0.00037300307896145836,False
Q03_s0.1_seed420002,B3,57.590000000000003,0.013961836598302848,1.9872033604754049,-4.8659876200229544,1.9170289878045577,245,0.00037553576933369736,False
Q03_s0.1_seed420002,B3,47.230537115843511,-0.035432832557177107,1.9819859799717765,-2.667801902677466,1.9181937243150755,250,0.00041061400058000518,False
Q03_s0.1_seed420002,B3,55.97038453834822,0.04256697917799368,1.9462243342524088,-4.5842459687429553,1.9190310924377718,180,0.00041061400052761019,False
Q03_s0.1_seed420002,B3,59.627560169552503,-0.013879350616857522,1.9906238088004922,-5.2823556019051807,1.9192723445152833,245,0.00041061400059252105,False
Q03_s0.1_seed420002,B3,46.079996794121911,0.026441810349258965,1.9424342877786209,-2.3924048051636397,1.9197189698810611,180,0.00041061400059323928,False
Q03_s0.1_seed420002,B3,53.73266526601266,0.040079766041643872,2.0649622940680823,-3.8835083452083872,1.9197220019836378,155,0.00041061400058275445,False
Q03_s0.1_seed420002,B3,59.590000000000003,0.016531889459638974,1.9885288755088832,-5.2919814702303762,1.9197460499805048,250,0.00037694215477165926,False
Q03_s0.1_seed420002,B3,51.909999999999997,0.0057949825800822788,2.0739134736783793,-3.5146036099421192,1.9197910684891026,160,0.00037220066717745103,False
Q03_s0.1_seed420002,B3,47.170000000000002,-0.0027645035534699922,2.0520509116876711,-2.5646116996669388,1.9203776660655063,250,0.00037049819415240002,False
Q03_s0.1_seed420002,B3,53.280000000000001,0.0079717079126598988,2.0745674138085732,-3.7946992343183981,1.9208314926566248,175,0.00037292921438314696,False
Q03_s0.1_seed420002,B3,50.157633948720601,-0.030908466992208616,1.9860233746596649,-3.2370845696999293,1.9211120553226952,160,0.00041061400058919109,False
Q03_s0.1_seed420002,B3,48.687255951123412,0.032219495932446662,2.06438157900606,-2.8324602200113489,1.9226365347686218,225,0.00041061400059598199,False
Q03_s0.1_seed420002,B3,46.079999999999998,-0.005277072278129671,1.941760364616923,-2.4451878496508899,1.9230674843614435,180,0.0003703274390007709,False
Q03_s0.1_seed420002,B3,52.030000000000001,0.0058024753801882469,1.9940863152663921,-3.6628432969560527,1.9233464506259423,230,0.0003721849086841465,False
Q03_s0.1_seed420002,B3,57.787018644054015,0.044094743289271321,1.9489667143323137,-4.9540855980131777,1.9235612266719662,170,0.00041061400043533683,False
Q03_s0.1_seed420002,B3,55.969999999999999,0.011660644261630259,1.9463124445035138,-4.6041457582663385,1.9236496563877212,180,0.00037441009677315409,False
Q03_s0.1_seed420002,B3,46.140000000000001,-0.0050406435961846286,1.9817573092634,-2.4181032659378872,1.9239102611273731,230,0.00037034357458924454,False
Q03_s0.1_seed420002,B3,48.579172940771933,-0.031890483124790592,1.938653825164389,-3.0520577294302331,1.9239880894505377,225,0.00041061400059324595,False
Q03_s0.1_seed420002,B3,47.229999999999997,-0.0028348844935971061,1.9821177923427795,-2.6516598629242538,1.9243561056275107,250,0.00037047571133322284,False
Q03_s0.1_seed420002,B3,48.659464135471623,0.032618610897385381,1.8816214092233012,-3.0974365926296201,1.9244409326013463,225,0.00041061400058156351,False
Q03_s0.1_seed420002,B3,58.062251433601631,-0.015540284389917502,1.9856763124390875,-4.9993171464890676,1.9279062787417605,150,0.00041061400058678589,False
Q03_s0.1_seed420002,B3,52.789999999999999,0.0071831650574095312,2.0643434698052552,-3.7102334184308132,1.9281299639815199,220,0.00037264914062273022,False
Q03_s0.1_seed420002,B3,52.951004317629881,-0.023511700482102604,2.0504872791597468,-3.8158738330666111,1.9287230268017268,170,0.00041061400059028721,False
Q03_s0.1_seed420002,B3,50.950000000000003,0.0041275162804106447,2.0435219624324668,-3.360234564493024,1.9287625111773661,155,0.00037171714853259126,False
Q03_s0.1_seed420002,B3,46.982590379170638,-0.035508377247482237,2.0411248674037767,-2.5631267813937182,1.9293701419686107,245,0.00041061400047594389,False
Q03_s0.1_seed420002,B3,48.479999999999997,-0.00019372920461908788,2.0724963356893746,-2.812650395234654,1.9294210492820754,175,0.0003708172536912611,False
Q03_s0.1_seed420002,B3,55.619999999999997,0.011228264480367938,1.9760301412290835,-4.4660603859594792,1.9321855993058976,245,0.00037422182883205241,False
Q03_s0.1_seed420002,B3,57.759999999999998,0.014288548265470252,2.0371661899005722,-4.7929530551821635,1.9321992858907158,150,0.00037571609193557499,False
Q03_s0.1_seed420002,B3,47.869999999999997,-0.0015865637178901868,1.9823450073256441,-2.7887531893523438,1.933330626536512,180,0.00037060525689557006,False
Q03_s0.1_seed420002,B3,55.18,0.010617423251534495,1.9857533851719846,-4.3519445851394991,1.9338986142021615,160,0.00037395685500671207,False
Q03_s0.1_seed420002,B3,50.950000000000003,0.003982364880985397,1.9835990976636353,-3.4480366813064145,1.9344401639441309,250,0.00037166536548232775,False
Q03_s0.1_seed420002,B3,50.619999999999997,0.0034181080042624589,1.9834520282967509,-3.3774401312470808,1.9344492277371983,160,0.00037152208663215219,False
Q03_s0.1_seed420002,B3,46.289999999999999,-0.0049535464066931363,1.901852028186247,-2.5337176245407171,1.9359826054158911,225,0.00037032786915889188,False
Q03_s0.1_seed420002,B3,46.339408571746823,-0.037106896346809748,1.9406187885449686,-2.5298932871749251,1.9363074847680835,180,0.0004106140005952888,False
Q03_s0.1_seed420002,B3,57.689999999999998,0.014013283681478873,1.9473880363117542,-4.9784317329665626,1.936541825713743,170,0.00037555360077169697,False
Q03_s0.1_seed420002,B3,59.630000000000003,0.016581532079845373,1.9885565142425028,-5.3004954638276347,1.9367718262950717,245,0.00037697097186893837,False
Q03_s0.1_seed420002,B3,55.340000000000003,0.010913063151097517,2.0157760590630938,-4.3275515485307663,1.9382765436379756,245,0.00037409159755484296,False
Q03_s0.1_seed420002,B3,46.740000000000002,-0.0038137357768100589,1.9819516077115455,-2.5466770328854968,1.9387634497032782,250,0.00037040181939155734,False
Q03_s0.1_seed420002,B3,47.259999999999998,-0.0030998168923514566,1.8622174564635128,-2.799459866738581,1.9390920809395811,235,0.00037042559053859406,False
Q03_s0.1_seed420002,B3,50.247303580049049,-0.031228209792693917,1.9871885372530009,-3.233479544125073,1.9396662386634667,155,0.00041061400057203619,False
Q03_s0.1_seed420002,B3,46.609999999999999,-0.0040493702382013485,1.9919026215937556,-2.5085108968472678,1.9401983954333153,180,0.00037038998928471355,False
Q03_s0.1_seed420002,B3,46.340000000000003,-0.0047392134934097869,1.941844252655555,-2.5020639577224912,1.9439511238997282,180,0.00037034504651830419,False
Q03_s0.1_seed420002,B3,50.409999999999997,0.003251642205275566,2.0632661917606079,-3.2210684290728486,1.9463854385504711,180,0.00037149958282857253,False
Q03_s0.1_seed420002,B3,47.240000000000002,-0.0030583204171615473,1.8921868274306168,-2.7579511891741761,1.9466584884804468,235,0.00037043589801039588,False
Q03_s0.1_seed420002,B3,50.299999999999997,0.003060946994003764,2.0632200811205328,-3.1984482850914446,1.9469146214310624,180,0.00037145380736636576,False
Q03_s0.1_seed420002,B3,50.539999999999999,0.0030104249238467337,1.8735621619284426,-3.5306860166827199,1.9481127702077017,160,0.00037139863050779278,False
Q03_s0.1_seed420002,B3,54.310000000000002,0.0094476815916332453,2.035168974071639,-4.0749830259423661,1.9505325179803379,245,0.00037348278376753927,False
Q03_s0.1_seed420002,B3,46.781378981457955,-0.036438411638526347,1.9808354185541583,-2.5693953117635822,1.9505916932503937,235,0.0004106140004278405,False
Q03_s0.1_seed420002,B3,48.040402830219882,0.031369327306834727,1.8919481423113449,-2.936413666052001,1.9522506544129075,180,0.00041061400057820627,False
Q03_s0.1_seed420002,B3,58.060000000000002,0.01458171427022064,1.9875049050741012,-4.9661469315914202,1.9542450642752511,150,0.00037585962614329334,False
Q03_s0.1_seed420002,B3,50.600000000000001,0.0034081208374042269,1.9934307015478054,-3.3585386495339677,1.9546515615016111,155,0.00037152189632117314,False
Q03_s0.1_seed420002,B3,54.390000000000001,0.0095668846156797428,2.035211631660252,-4.091646996143826,1.9546843670119187,220,0.00037353062967709829,False
Q03_s0.1_seed420002,B3,49.289999999999999,0.00083864968732602044,1.8929863828826032,-3.2179594853137132,1.9548756187302487,150,0.00037094951002583296,False
Q03_s0.1_seed420002,B3,48.039999999999999,-0.0014979371013143798,1.8924841564986592,-2.9375144769522015,1.9562945691934803,180,0.00037059524067306837,False
Q03_s0.1_seed420002,B3,48.842818622332409,-0.031323553785852276,1.979341069344899,-3.0535225080017021,1.9572889573379302,170,0.00041061400041927953,False
Q03_s0.1_seed420002,B3,50.159999999999997,0.002619180777883695,1.9832521039766975,-3.2790155792337656,1.9573624915518557,160,0.00037133305137057436,False
Q03_s0.1_seed420002,B3,51.399999999999999,0.0048834726819847671,2.0437221906857119,-3.4536496980172973,1.9579260130727723,160,0.00037192453012974694,False
Q03_s0.1_seed420002,B3,48.689999999999998,0.0001713675309110741,2.062582454498251,-2.867263971945877,1.9586624136345396,225,0.00037087321299914103,False
Q03_s0.1_seed420002,B3,49.509999999999998,0.0014649525606051372,1.9829796974413134,-3.1399042204755849,1.9590559160448999,150,0.00037108858041341763,False
Q03_s0.1_seed420002,B3,49.350000000000001,0.00089700868922688512,1.8730345460528472,-3.2610000752769404,1.9603665215580097,220,0.00037095557287650141,False
Q03_s0.1_seed420002,B3,55.879480936671676,-0.019219911072315021,2.0452335198205316,-4.4008775794930628,1.9606173951742849,235,0.00041061400056371716,False
Q03_s0.1_seed420002,B3,48.659999999999997,-0.00034989409632431577,1.8827376288653312,-3.090521894610796,1.9608756738624034,225,0.00037074968345827822,False
Q03_s0.1_seed420002,B3,45.369475366150631,-0.038709252163512176,1.9395987705200628,-2.3350127282797377,1.9638736204447813,170,0.00041061400059508394,False
Q03_s0.1_seed420002,B3,46.780000000000001,-0.003733060915171916,1.9819649208627217,-2.5552477145451498,1.9641286048690314,235,0.00037040698908571832,False
Q03_s0.1_seed420002,B3,48.008618439224037,0.030326987885605838,1.9835809216033835,-2.7653589832117653,1.9653244097346083,245,0.00041061400059192197,False
Q03_s0.1_seed420002,B3,48.579999999999998,-0.00034393153044623046,1.9426472816929714,-2.991851195975531,1.9658594682433297,225,0.00037076433650602589,False
Q03_s0.1_seed420002,B3,52.579999999999998,0.0068274628973575141,2.0542577268824505,-3.6827285259263784,1.9669688598450485,155,0.00037252673162354829,False
Q03_s0.1_seed420002,B3,53.159999999999997,0.0075806282602303753,1.9846624064610798,-3.9205365287169789,1.9688082700938125,235,0.00037276928313422452,False
Q03_s0.1_seed420002,B3,54.060000000000002,0.0090284302580248849,2.0150752655695143,-4.0583312134767517,1.9712409777896844,155,0.00037331291731432508,False
Q03_s0.1_seed420002,B3,56.479916191714118,0.043297239580733837,1.9868683243969567,-4.6126443710380798,1.9722844368050745,170,0.00041061400059244705,False
Q03_s0.1_seed420002,B3,56.479999999999997,0.012456917497939519,1.9865155064381164,-4.62932266006991,1.9742955938156905,170,0.00037479013121538942,False
Q03_s0.1_seed420002,B3,45.369999999999997,-0.0067772583427964401,1.9415411764406334,-2.2898473280371503,1.9748590975356837,170,0.00037031716336662329,False
Q03_s0.1_seed420002,B3,58.68,0.015384236371420546,1.9879120433951827,-5.0982248752200467,1.9748613214345085,245,0.00037629340345855192,False
Q03_s0.1_seed420002,B3,50.25,0.0027766435468151401,1.9832907538233737,-3.2982741132311379,1.9756367407026343,155,0.00037136902598486262,False
Q03_s0.1_seed420002,B3,53.729999999999997,0.0086400936128866266,2.0648108134044483,-3.9032902365631714,1.9773874985332855,155,0.00037317483654846796,False
Q03_s0.1_seed420002,B3,55.880000000000003,0.011745913413046561,2.0460145667934748,-4.382576240809537,1.9787269440526292,235,0.00037447105074734608,False
Q03_s0.1_seed420002,B3,46.979999999999997,-0.003168649006972593,2.0419939524581219,-2.5353986516565659,1.9793487700573056,245,0.00037046170545786545,False
Q03_s0.1_seed420002,B3,48.009999999999998,-0.0013179298836289402,1.9823962434488784,-2.8187381213342144,1.9796334904879305,245,0.00037063831033527556,False
Q03_s0.1_seed420002,B3,48.840000000000003,0.00024305535006732715,1.9827112934389792,-2.9964734119876195,1.9859896973988176,170,0.00037086665229622427,False
Q03_s0.1_seed420002,B3,52.950000000000003,0.0074119249303546044,2.0544375337907028,-3.7591073951044316,1.9920114849732939,170,0.00037272586951567769,False
Q03_s0.1_seed420002,B3,57.249392371599754,0.044329047301196134,1.9857256274850275,-4.7900927708255363,2.0026829725237243,170,0.00041061400059306218,False
Q03_s0.1_seed420002,B3,57.789999999999999,0.014145755630102574,1.947453144737628,-5.0001795398790385,2.0069575948300513,170,0.00037562217023442859,False
Q03_s0.1_seed420002,B3,58.481386196643967,0.045844125219972831,1.9961982067533655,-5.0425275732743504,2.0093936372609065,170,0.00041061400059054092,False
Q03_s0.1_seed420002,B3,58.479999999999997,0.015147146078542515,1.9977477327218669,-5.032570804134548,2.0198606703722715,170,0.00037616570727322569,False
Q03_s0.1_seed420002,B3,53.740000000000002,0.008498383966328224,1.9949448565076637,-4.0264573715132519,2.0453147642303566,170,0.0003731057107497776,False
Q03_s0.1_seed420002,B3,57.25,0.013507070125383509,1.9869890370548311,-4.7935131334150114,2.0458343769210816,170,0.00037530438210464645,False
