case_id,historical_stage,frequencies_hz,conditioning_id,conditioning_type,horizontal_state,perturbed_axis,step_sign,z_label_m,effective_source_depth_m,effective_receiver_depth_m,J_z_db
S7_Z180,S7,"[201,235,283]",H0,H0,"[50.0,0.0,2.0,5.0]",NONE,0,150,"{""201"":150.0,""235"":150.0,""283"":150.0}","{""201"":200.0,""235"":200.0,""283"":200.0}",1.6846581363566822
S7_Z180,S7,"[201,235,283]",H0,H0,"[50.0,0.0,2.0,5.0]",NONE,0,155,"{""201"":154.0,""235"":154.0,""283"":154.0}","{""201"":200.0,""235"":200.0,""283"":200.0}",1.8862360623080399
S7_Z180,S7,"[201,235,283]",H0,H0,"[50.0,0.0,2.0,5.0]",NONE,0,160,"{""201"":160.0,""235"":160.0,""283"":160.0}","{""201"":200.0,""235"":200.0,""283"":200.0}",1.876741965721483
S7_Z180,S7,"[201,235,283]",H0,H0,"[50.0,0.0,2.0,5.0]",NONE,0,165,"{""201"":164.0,""235"":164.0,""283"":164.0}","{""201"":200.0,""235"":200.0,""283"":200.0}",1.6443232102145002
S7_Z180,S7,"[201,235,283]",H0,H0,"[50.0,0.0,2.0,5.0]",NONE,0,170,"{""201"":170.0,""235"":170.0,""283"":170.0}","{""201"":200.0,""235"":200.0,""283"":200.0}",1.7035000773099027
S7_Z180,S7,"[201,235,283]",H0,H0,"[50.0,0.0,2.0,5.0]",NONE,0,175,"{""201"":174.0,""235"":174.0,""283"":174.0}","{""201"":200.0,""235"":200.0,""283"":200.0}",2.0056327502816167
S7_Z180,S7,"[201,235,283]",H0,H0,"[50.0,0.0,2.0,5.0]",NONE,0,180,"{""201"":180.0,""235"":180.0,""283"":180.0}","{""201"":200.0,""235"":200.0,""283"":200.0}",9.580956294474306e-15
S7_Z180,S7,"[201,235,283]",H0,H0,"[50.0,0.0,2.0,5.0]",NONE,0,185,"{""201"":184.0,""235"":184.0,""283"":184.0}","{""201"":200.0,""235"":200.0,""283"":200.0}",2.046841296470142
S7_Z180,S7,"[201,235,283]",H0,H0,"[50.0,0.0,2.0,5.0]",NONE,0,190,"{""201"":190.0,""235"":190.0,""283"":190.0}","{""201"":200.0,""235"":200.0,""283"":200.0}",1.9313247559311773
S7_Z180,S7,"[201,235,283]",H0,H0,"[50.0,0.0,2.0,5.0]",NONE,0,195,"{""201"":194.0,""235"":194.0,""283"":194.0}","{""201"":200.0,""235"":200.0,""283"":200.0}",1.1856423245793588
S7_Z180,S7,"[201,235,283]",H0,H0,"[50.0,0.0,2.0,5.0]",NONE,0,200,"{""201"":200.0,""235"":200.0,""283"":200.0}","{""201"":200.0,""235"":200.0,""283"":200.0}",2.38952469437399
S7_Z180,S7,"[201,235,283]",H0,H0,"[50.0,0.0,2.0,5.0]",NONE,0,205,"{""201"":204.0,""235"":204.0,""283"":204.0}","{""201"":200.0,""235"":200.0,""283"":200.0}",1.5730165927690931
S7_Z180,S7,"[201,235,283]",H0,H0,"[50.0,0.0,2.0,5.0]",NONE,0,210,"{""201"":210.0,""235"":210.0,""283"":210.0}","{""201"":200.0,""235"":200.0,""283"":200.0}",1.7814454853494364
S7_Z180,S7,"[201,235,283]",H0,H0,"[50.0,0.0,2.0,5.0]",NONE,0,215,"{""201"":214.0,""235"":214.0,""283"":214.0}","{""201"":200.0,""235"":200.0,""283"":200.0}",1.6491909653261714
S7_Z180,S7,"[201,235,283]",H0,H0,"[50.0,0.0,2.0,5.0]",NONE,0,220,"{""201"":220.0,""235"":220.0,""283"":220.0}","{""201"":200.0,""235"":200.0,""283"":200.0}",1.4576871229168629
S7_Z180,S7,"[201,235,283]",H0,H0,"[50.0,0.0,2.0,5.0]",NONE,0,225,"{""201"":224.0,""235"":224.0,""283"":224.0}","{""201"":200.0,""235"":200.0,""283"":200.0}",1.3884857379734477
S7_Z180,S7,"[201,235,283]",H0,H0,"[50.0,0.0,2.0,5.0]",NONE,0,230,"{""201"":230.0,""235"":230.0,""283"":230.0}","{""201"":200.0,""235"":200.0,""283"":200.0}",1.5947229568429375
S7_Z180,S7,"[201,235,283]",H0,H0,"[50.0,0.0,2.0,5.0]",NONE,0,235,"{""201"":234.0,""235"":234.0,""283"":234.0}","{""201"":200.0,""235"":200.0,""283"":200.0}",1.116211013846807
S7_Z180,S7,"[201,235,283]",H0,H0,"[50.0,0.0,2.0,5.0]",NONE,0,240,"{""201"":240.0,""235"":240.0,""283"":240.0}","{""201"":200.0,""235"":200.0,""283"":200.0}",1.5672747702174916
S7_Z180,S7,"[201,235,283]",H0,H0,"[50.0,0.0,2.0,5.0]",NONE,0,245,"{""201"":244.0,""235"":244.0,""283"":244.0}","{""201"":200.0,""235"":200.0,""283"":200.0}",1.4992162987049695
S7_Z180,S7,"[201,235,283]",H0,H0,"[50.0,0.0,2.0,5.0]",NONE,0,250,"{""201"":250.0,""235"":250.0,""283"":250.0}","{""201"":200.0,""235"":200.0,""283"":200.0}",3.2069839635266133
S7_Z180,S7,"[201,235,283]",H1_r_km_MINUS,H1,"[49.0,0.0,2.0,5.0]",r_km,-1,150,"{""201"":150.0,""235"":150.0,""283"":150.0}","{""201"":200.0,""235"":200.0,""283"":200.0}",2.1140116552952786
S7_Z180,S7,"[201,235,283]",H1_r_km_MINUS,H1,"[49.0,0.0,2.0,5.0]",r_km,-1,155,"{""201"":154.0,""235"":154.0,""283"":154.0}","{""201"":200.0,""235"":200.0,""283"":200.0}",2.0725963794905433
S7_Z180,S7,"[201,235,283]",H1_r_km_MINUS,H1,"[49.0,0.0,2.0,5.0]",r_km,-1,160,"{""201"":160.0,""235"":160.0,""283"":160.0}","{""201"":200.0,""235"":200.0,""283"":200.0}",1.6313327942312479
S7_Z180,S7,"[201,235,283]",H1_r_km_MINUS,H1,"[49.0,0.0,2.0,5.0]",r_km,-1,165,"{""201"":164.0,""235"":164.0,""283"":164.0}","{""201"":200.0,""235"":200.0,""283"":200.0}",1.6131864005048049
S7_Z180,S7,"[201,235,283]",H1_r_km_MINUS,H1,"[49.0,0.0,2.0,5.0]",r_km,-1,170,"{""201"":170.0,""235"":170.0,""283"":170.0}","{""201"":200.0,""235"":200.0,""283"":200.0}",3.009987771411782
S7_Z180,S7,"[201,235,283]",H1_r_km_MINUS,H1,"[49.0,0.0,2.0,5.0]",r_km,-1,175,"{""201"":174.0,""235"":174.0,""283"":174.0}","{""201"":200.0,""235"":200.0,""283"":200.0}",2.185935020894397
S7_Z180,S7,"[201,235,283]",H1_r_km_MINUS,H1,"[49.0,0.0,2.0,5.0]",r_km,-1,180,"{""201"":180.0,""235"":180.0,""283"":180.0}","{""201"":200.0,""235"":200.0,""283"":200.0}",1.5706871751228915
S7_Z180,S7,"[201,235,283]",H1_r_km_MINUS,H1,"[49.0,0.0,2.0,5.0]",r_km,-1,185,"{""201"":184.0,""235"":184.0,""283"":184.0}","{""201"":200.0,""235"":200.0,""283"":200.0}",1.1850343007533848
S7_Z180,S7,"[201,235,283]",H1_r_km_MINUS,H1,"[49.0,0.0,2.0,5.0]",r_km,-1,190,"{""201"":190.0,""235"":190.0,""283"":190.0}","{""201"":200.0,""235"":200.0,""283"":200.0}",1.7304307725650898
S7_Z180,S7,"[201,235,283]",H1_r_km_MINUS,H1,"[49.0,0.0,2.0,5.0]",r_km,-1,195,"{""201"":194.0,""235"":194.0,""283"":194.0}","{""201"":200.0,""235"":200.0,""283"":200.0}",2.703152506023726
S7_Z180,S7,"[201,235,283]",H1_r_km_MINUS,H1,"[49.0,0.0,2.0,5.0]",r_km,-1,200,"{""201"":200.0,""235"":200.0,""283"":200.0}","{""201"":200.0,""235"":200.0,""283"":200.0}",3.086310146550552
S7_Z180,S7,"[201,235,283]",H1_r_km_MINUS,H1,"[49.0,0.0,2.0,5.0]",r_km,-1,205,"{""201"":204.0,""235"":204.0,""283"":204.0}","{""201"":200.0,""235"":200.0,""283"":200.0}",3.0376366663952092
S7_Z180,S7,"[201,235,283]",H1_r_km_MINUS,H1,"[49.0,0.0,2.0,5.0]",r_km,-1,210,"{""201"":210.0,""235"":210.0,""283"":210.0}","{""201"":200.0,""235"":200.0,""283"":200.0}",2.160458758788394
S7_Z180,S7,"[201,235,283]",H1_r_km_MINUS,H1,"[49.0,0.0,2.0,5.0]",r_km,-1,215,"{""201"":214.0,""235"":214.0,""283"":214.0}","{""201"":200.0,""235"":200.0,""283"":200.0}",2.113202125076756
S7_Z180,S7,"[201,235,283]",H1_r_km_MINUS,H1,"[49.0,0.0,2.0,5.0]",r_km,-1,220,"{""201"":220.0,""235"":220.0,""283"":220.0}","{""201"":200.0,""235"":200.0,""283"":200.0}",2.1048309711397994
S7_Z180,S7,"[201,235,283]",H1_r_km_MINUS,H1,"[49.0,0.0,2.0,5.0]",r_km,-1,225,"{""201"":224.0,""235"":224.0,""283"":224.0}","{""201"":200.0,""235"":200.0,""283"":200.0}",3.3400305105515034
S7_Z180,S7,"[201,235,283]",H1_r_km_MINUS,H1,"[49.0,0.0,2.0,5.0]",r_km,-1,230,"{""201"":230.0,""235"":230.0,""283"":230.0}","{""201"":200.0,""235"":200.0,""283"":200.0}",2.62804592285423
S7_Z180,S7,"[201,235,283]",H1_r_km_MINUS,H1,"[49.0,0.0,2.0,5.0]",r_km,-1,235,"{""201"":234.0,""235"":234.0,""283"":234.0}","{""201"":200.0,""235"":200.0,""283"":200.0}",1.908904193535296
S7_Z180,S7,"[201,235,283]",H1_r_km_MINUS,H1,"[49.0,0.0,2.0,5.0]",r_km,-1,240,"{""201"":240.0,""235"":240.0,""283"":240.0}","{""201"":200.0,""235"":200.0,""283"":200.0}",2.116668597619642
S7_Z180,S7,"[201,235,283]",H1_r_km_MINUS,H1,"[49.0,0.0,2.0,5.0]",r_km,-1,245,"{""201"":244.0,""235"":244.0,""283"":244.0}","{""201"":200.0,""235"":200.0,""283"":200.0}",1.4486373306106712
S7_Z180,S7,"[201,235,283]",H1_r_km_MINUS,H1,"[49.0,0.0,2.0,5.0]",r_km,-1,250,"{""201"":250.0,""235"":250.0,""283"":250.0}","{""201"":200.0,""235"":200.0,""283"":200.0}",1.9094306595317667
S7_Z180,S7,"[201,235,283]",H1_r_km_PLUS,H1,"[51.0,0.0,2.0,5.0]",r_km,1,150,"{""201"":150.0,""235"":150.0,""283"":150.0}","{""201"":200.0,""235"":200.0,""283"":200.0}",1.246213531485354
S7_Z180,S7,"[201,235,283]",H1_r_km_PLUS,H1,"[51.0,0.0,2.0,5.0]",r_km,1,155,"{""201"":154.0,""235"":154.0,""283"":154.0}","{""201"":200.0,""235"":200.0,""283"":200.0}",1.1480796038010972
S7_Z180,S7,"[201,235,283]",H1_r_km_PLUS,H1,"[51.0,0.0,2.0,5.0]",r_km,1,160,"{""201"":160.0,""235"":160.0,""283"":160.0}","{""201"":200.0,""235"":200.0,""283"":200.0}",3.483639855843055
S7_Z180,S7,"[201,235,283]",H1_r_km_PLUS,H1,"[51.0,0.0,2.0,5.0]",r_km,1,165,"{""201"":164.0,""235"":164.0,""283"":164.0}","{""201"":200.0,""235"":200.0,""283"":200.0}",2.0152839494112804
S7_Z180,S7,"[201,235,283]",H1_r_km_PLUS,H1,"[51.0,0.0,2.0,5.0]",r_km,1,170,"{""201"":170.0,""235"":170.0,""283"":170.0}","{""201"":200.0,""235"":200.0,""283"":200.0}",1.3266615836313964
S7_Z180,S7,"[201,235,283]",H1_r_km_PLUS,H1,"[51.0,0.0,2.0,5.0]",r_km,1,175,"{""201"":174.0,""235"":174.0,""283"":174.0}","{""201"":200.0,""235"":200.0,""283"":200.0}",1.8749724982828606
S7_Z180,S7,"[201,235,283]",H1_r_km_PLUS,H1,"[51.0,0.0,2.0,5.0]",r_km,1,180,"{""201"":180.0,""235"":180.0,""283"":180.0}","{""201"":200.0,""235"":200.0,""283"":200.0}",1.0176099477656684
S7_Z180,S7,"[201,235,283]",H1_r_km_PLUS,H1,"[51.0,0.0,2.0,5.0]",r_km,1,185,"{""201"":184.0,""235"":184.0,""283"":184.0}","{""201"":200.0,""235"":200.0,""283"":200.0}",1.3595970573857319
S7_Z180,S7,"[201,235,283]",H1_r_km_PLUS,H1,"[51.0,0.0,2.0,5.0]",r_km,1,190,"{""201"":190.0,""235"":190.0,""283"":190.0}","{""201"":200.0,""235"":200.0,""283"":200.0}",1.4155303029153814
S7_Z180,S7,"[201,235,283]",H1_r_km_PLUS,H1,"[51.0,0.0,2.0,5.0]",r_km,1,195,"{""201"":194.0,""235"":194.0,""283"":194.0}","{""201"":200.0,""235"":200.0,""283"":200.0}",1.0783589761884447
S7_Z180,S7,"[201,235,283]",H1_r_km_PLUS,H1,"[51.0,0.0,2.0,5.0]",r_km,1,200,"{""201"":200.0,""235"":200.0,""283"":200.0}","{""201"":200.0,""235"":200.0,""283"":200.0}",1.3239163726795053
S7_Z180,S7,"[201,235,283]",H1_r_km_PLUS,H1,"[51.0,0.0,2.0,5.0]",r_km,1,205,"{""201"":204.0,""235"":204.0,""283"":204.0}","{""201"":200.0,""235"":200.0,""283"":200.0}",1.566580083753396
S7_Z180,S7,"[201,235,283]",H1_r_km_PLUS,H1,"[51.0,0.0,2.0,5.0]",r_km,1,210,"{""201"":210.0,""235"":210.0,""283"":210.0}","{""201"":200.0,""235"":200.0,""283"":200.0}",0.9169600159540234
S7_Z180,S7,"[201,235,283]",H1_r_km_PLUS,H1,"[51.0,0.0,2.0,5.0]",r_km,1,215,"{""201"":214.0,""235"":214.0,""283"":214.0}","{""201"":200.0,""235"":200.0,""283"":200.0}",1.4550278790752158
S7_Z180,S7,"[201,235,283]",H1_r_km_PLUS,H1,"[51.0,0.0,2.0,5.0]",r_km,1,220,"{""201"":220.0,""235"":220.0,""283"":220.0}","{""201"":200.0,""235"":200.0,""283"":200.0}",1.4362607351537056
S7_Z180,S7,"[201,235,283]",H1_r_km_PLUS,H1,"[51.0,0.0,2.0,5.0]",r_km,1,225,"{""201"":224.0,""235"":224.0,""283"":224.0}","{""201"":200.0,""235"":200.0,""283"":200.0}",1.8795083417580785
S7_Z180,S7,"[201,235,283]",H1_r_km_PLUS,H1,"[51.0,0.0,2.0,5.0]",r_km,1,230,"{""201"":230.0,""235"":230.0,""283"":230.0}","{""201"":200.0,""235"":200.0,""283"":200.0}",2.792769081827031
S7_Z180,S7,"[201,235,283]",H1_r_km_PLUS,H1,"[51.0,0.0,2.0,5.0]",r_km,1,235,"{""201"":234.0,""235"":234.0,""283"":234.0}","{""201"":200.0,""235"":200.0,""283"":200.0}",1.073503297801007
S7_Z180,S7,"[201,235,283]",H1_r_km_PLUS,H1,"[51.0,0.0,2.0,5.0]",r_km,1,240,"{""201"":240.0,""235"":240.0,""283"":240.0}","{""201"":200.0,""235"":200.0,""283"":200.0}",3.1067337507720736
S7_Z180,S7,"[201,235,283]",H1_r_km_PLUS,H1,"[51.0,0.0,2.0,5.0]",r_km,1,245,"{""201"":244.0,""235"":244.0,""283"":244.0}","{""201"":200.0,""235"":200.0,""283"":200.0}",2.6215958646168454
S7_Z180,S7,"[201,235,283]",H1_r_km_PLUS,H1,"[51.0,0.0,2.0,5.0]",r_km,1,250,"{""201"":250.0,""235"":250.0,""283"":250.0}","{""201"":200.0,""235"":200.0,""283"":200.0}",1.1571948126630958
S7_Z180,S7,"[201,235,283]",H1_theta_deg_MINUS,H1,"[50.0,-0.5,2.0,5.0]",theta_deg,-1,150,"{""201"":150.0,""235"":150.0,""283"":150.0}","{""201"":200.0,""235"":200.0,""283"":200.0}",1.7240351529980622
S7_Z180,S7,"[201,235,283]",H1_theta_deg_MINUS,H1,"[50.0,-0.5,2.0,5.0]",theta_deg,-1,155,"{""201"":154.0,""235"":154.0,""283"":154.0}","{""201"":200.0,""235"":200.0,""283"":200.0}",1.9067668087648477
S7_Z180,S7,"[201,235,283]",H1_theta_deg_MINUS,H1,"[50.0,-0.5,2.0,5.0]",theta_deg,-1,160,"{""201"":160.0,""235"":160.0,""283"":160.0}","{""201"":200.0,""235"":200.0,""283"":200.0}",1.8975436230201375
S7_Z180,S7,"[201,235,283]",H1_theta_deg_MINUS,H1,"[50.0,-0.5,2.0,5.0]",theta_deg,-1,165,"{""201"":164.0,""235"":164.0,""283"":164.0}","{""201"":200.0,""235"":200.0,""283"":200.0}",1.6497370844476955
S7_Z180,S7,"[201,235,283]",H1_theta_deg_MINUS,H1,"[50.0,-0.5,2.0,5.0]",theta_deg,-1,170,"{""201"":170.0,""235"":170.0,""283"":170.0}","{""201"":200.0,""235"":200.0,""283"":200.0}",1.7325302889802914
S7_Z180,S7,"[201,235,283]",H1_theta_deg_MINUS,H1,"[50.0,-0.5,2.0,5.0]",theta_deg,-1,175,"{""201"":174.0,""235"":174.0,""283"":174.0}","{""201"":200.0,""235"":200.0,""283"":200.0}",2.0321922228325806
S7_Z180,S7,"[201,235,283]",H1_theta_deg_MINUS,H1,"[50.0,-0.5,2.0,5.0]",theta_deg,-1,180,"{""201"":180.0,""235"":180.0,""283"":180.0}","{""201"":200.0,""235"":200.0,""283"":200.0}",0.06302028190554791
S7_Z180,S7,"[201,235,283]",H1_theta_deg_MINUS,H1,"[50.0,-0.5,2.0,5.0]",theta_deg,-1,185,"{""201"":184.0,""235"":184.0,""283"":184.0}","{""201"":200.0,""235"":200.0,""283"":200.0}",2.140940575256043
S7_Z180,S7,"[201,235,283]",H1_theta_deg_MINUS,H1,"[50.0,-0.5,2.0,5.0]",theta_deg,-1,190,"{""201"":190.0,""235"":190.0,""283"":190.0}","{""201"":200.0,""235"":200.0,""283"":200.0}",1.9682145819018375
S7_Z180,S7,"[201,235,283]",H1_theta_deg_MINUS,H1,"[50.0,-0.5,2.0,5.0]",theta_deg,-1,195,"{""201"":194.0,""235"":194.0,""283"":194.0}","{""201"":200.0,""235"":200.0,""283"":200.0}",1.2264365879179393
S7_Z180,S7,"[201,235,283]",H1_theta_deg_MINUS,H1,"[50.0,-0.5,2.0,5.0]",theta_deg,-1,200,"{""201"":200.0,""235"":200.0,""283"":200.0}","{""201"":200.0,""235"":200.0,""283"":200.0}",2.4513975287450847
S7_Z180,S7,"[201,235,283]",H1_theta_deg_MINUS,H1,"[50.0,-0.5,2.0,5.0]",theta_deg,-1,205,"{""201"":204.0,""235"":204.0,""283"":204.0}","{""201"":200.0,""235"":200.0,""283"":200.0}",1.6103810727040158
S7_Z180,S7,"[201,235,283]",H1_theta_deg_MINUS,H1,"[50.0,-0.5,2.0,5.0]",theta_deg,-1,210,"{""201"":210.0,""235"":210.0,""283"":210.0}","{""201"":200.0,""235"":200.0,""283"":200.0}",1.852454513506734
S7_Z180,S7,"[201,235,283]",H1_theta_deg_MINUS,H1,"[50.0,-0.5,2.0,5.0]",theta_deg,-1,215,"{""201"":214.0,""235"":214.0,""283"":214.0}","{""201"":200.0,""235"":200.0,""283"":200.0}",1.6876191821481188
S7_Z180,S7,"[201,235,283]",H1_theta_deg_MINUS,H1,"[50.0,-0.5,2.0,5.0]",theta_deg,-1,220,"{""201"":220.0,""235"":220.0,""283"":220.0}","{""201"":200.0,""235"":200.0,""283"":200.0}",1.4652950130119688
S7_Z180,S7,"[201,235,283]",H1_theta_deg_MINUS,H1,"[50.0,-0.5,2.0,5.0]",theta_deg,-1,225,"{""201"":224.0,""235"":224.0,""283"":224.0}","{""201"":200.0,""235"":200.0,""283"":200.0}",1.3978854014822266
S7_Z180,S7,"[201,235,283]",H1_theta_deg_MINUS,H1,"[50.0,-0.5,2.0,5.0]",theta_deg,-1,230,"{""201"":230.0,""235"":230.0,""283"":230.0}","{""201"":200.0,""235"":200.0,""283"":200.0}",1.6360229554644372
S7_Z180,S7,"[201,235,283]",H1_theta_deg_MINUS,H1,"[50.0,-0.5,2.0,5.0]",theta_deg,-1,235,"{""201"":234.0,""235"":234.0,""283"":234.0}","{""201"":200.0,""235"":200.0,""283"":200.0}",1.1234051015318491
S7_Z180,S7,"[201,235,283]",H1_theta_deg_MINUS,H1,"[50.0,-0.5,2.0,5.0]",theta_deg,-1,240,"{""201"":240.0,""235"":240.0,""283"":240.0}","{""201"":200.0,""235"":200.0,""283"":200.0}",1.598764911728004
S7_Z180,S7,"[201,235,283]",H1_theta_deg_MINUS,H1,"[50.0,-0.5,2.0,5.0]",theta_deg,-1,245,"{""201"":244.0,""235"":244.0,""283"":244.0}","{""201"":200.0,""235"":200.0,""283"":200.0}",1.5291333028708305
S7_Z180,S7,"[201,235,283]",H1_theta_deg_MINUS,H1,"[50.0,-0.5,2.0,5.0]",theta_deg,-1,250,"{""201"":250.0,""235"":250.0,""283"":250.0}","{""201"":200.0,""235"":200.0,""283"":200.0}",3.2603032682529256
S7_Z180,S7,"[201,235,283]",H1_theta_deg_PLUS,H1,"[50.0,0.5,2.0,5.0]",theta_deg,1,150,"{""201"":150.0,""235"":150.0,""283"":150.0}","{""201"":200.0,""235"":200.0,""283"":200.0}",1.645820357681277
S7_Z180,S7,"[201,235,283]",H1_theta_deg_PLUS,H1,"[50.0,0.5,2.0,5.0]",theta_deg,1,155,"{""201"":154.0,""235"":154.0,""283"":154.0}","{""201"":200.0,""235"":200.0,""283"":200.0}",1.866676046118735
S7_Z180,S7,"[201,235,283]",H1_theta_deg_PLUS,H1,"[50.0,0.5,2.0,5.0]",theta_deg,1,160,"{""201"":160.0,""235"":160.0,""283"":160.0}","{""201"":200.0,""235"":200.0,""283"":200.0}",1.8488074522128009
S7_Z180,S7,"[201,235,283]",H1_theta_deg_PLUS,H1,"[50.0,0.5,2.0,5.0]",theta_deg,1,165,"{""201"":164.0,""235"":164.0,""283"":164.0}","{""201"":200.0,""235"":200.0,""283"":200.0}",1.6401879193900775
S7_Z180,S7,"[201,235,283]",H1_theta_deg_PLUS,H1,"[50.0,0.5,2.0,5.0]",theta_deg,1,170,"{""201"":170.0,""235"":170.0,""283"":170.0}","{""201"":200.0,""235"":200.0,""283"":200.0}",1.67353265533204
S7_Z180,S7,"[201,235,283]",H1_theta_deg_PLUS,H1,"[50.0,0.5,2.0,5.0]",theta_deg,1,175,"{""201"":174.0,""235"":174.0,""283"":174.0}","{""201"":200.0,""235"":200.0,""283"":200.0}",1.9765892618546943
S7_Z180,S7,"[201,235,283]",H1_theta_deg_PLUS,H1,"[50.0,0.5,2.0,5.0]",theta_deg,1,180,"{""201"":180.0,""235"":180.0,""283"":180.0}","{""201"":200.0,""235"":200.0,""283"":200.0}",0.06557180200440889
S7_Z180,S7,"[201,235,283]",H1_theta_deg_PLUS,H1,"[50.0,0.5,2.0,5.0]",theta_deg,1,185,"{""201"":184.0,""235"":184.0,""283"":184.0}","{""201"":200.0,""235"":200.0,""283"":200.0}",1.957410493812629
S7_Z180,S7,"[201,235,283]",H1_theta_deg_PLUS,H1,"[50.0,0.5,2.0,5.0]",theta_deg,1,190,"{""201"":190.0,""235"":190.0,""283"":190.0}","{""201"":200.0,""235"":200.0,""283"":200.0}",1.8949645827279598
S7_Z180,S7,"[201,235,283]",H1_theta_deg_PLUS,H1,"[50.0,0.5,2.0,5.0]",theta_deg,1,195,"{""201"":194.0,""235"":194.0,""283"":194.0}","{""201"":200.0,""235"":200.0,""283"":200.0}",1.149881276243765
S7_Z180,S7,"[201,235,283]",H1_theta_deg_PLUS,H1,"[50.0,0.5,2.0,5.0]",theta_deg,1,200,"{""201"":200.0,""235"":200.0,""283"":200.0}","{""201"":200.0,""235"":200.0,""283"":200.0}",2.326850130243578
S7_Z180,S7,"[201,235,283]",H1_theta_deg_PLUS,H1,"[50.0,0.5,2.0,5.0]",theta_deg,1,205,"{""201"":204.0,""235"":204.0,""283"":204.0}","{""201"":200.0,""235"":200.0,""283"":200.0}",1.5367011195122329
S7_Z180,S7,"[201,235,283]",H1_theta_deg_PLUS,H1,"[50.0,0.5,2.0,5.0]",theta_deg,1,210,"{""201"":210.0,""235"":210.0,""283"":210.0}","{""201"":200.0,""235"":200.0,""283"":200.0}",1.7159389072501665
S7_Z180,S7,"[201,235,283]",H1_theta_deg_PLUS,H1,"[50.0,0.5,2.0,5.0]",theta_deg,1,215,"{""201"":214.0,""235"":214.0,""283"":214.0}","{""201"":200.0,""235"":200.0,""283"":200.0}",1.6115379752794707
S7_Z180,S7,"[201,235,283]",H1_theta_deg_PLUS,H1,"[50.0,0.5,2.0,5.0]",theta_deg,1,220,"{""201"":220.0,""235"":220.0,""283"":220.0}","{""201"":200.0,""235"":200.0,""283"":200.0}",1.449461961679554
S7_Z180,S7,"[201,235,283]",H1_theta_deg_PLUS,H1,"[50.0,0.5,2.0,5.0]",theta_deg,1,225,"{""201"":224.0,""235"":224.0,""283"":224.0}","{""201"":200.0,""235"":200.0,""283"":200.0}",1.3796884245048213
S7_Z180,S7,"[201,235,283]",H1_theta_deg_PLUS,H1,"[50.0,0.5,2.0,5.0]",theta_deg,1,230,"{""201"":230.0,""235"":230.0,""283"":230.0}","{""201"":200.0,""235"":200.0,""283"":200.0}",1.5591929115704664
S7_Z180,S7,"[201,235,283]",H1_theta_deg_PLUS,H1,"[50.0,0.5,2.0,5.0]",theta_deg,1,235,"{""201"":234.0,""235"":234.0,""283"":234.0}","{""201"":200.0,""235"":200.0,""283"":200.0}",1.1133590630505872
S7_Z180,S7,"[201,235,283]",H1_theta_deg_PLUS,H1,"[50.0,0.5,2.0,5.0]",theta_deg,1,240,"{""201"":240.0,""235"":240.0,""283"":240.0}","{""201"":200.0,""235"":200.0,""283"":200.0}",1.5349589703320237
S7_Z180,S7,"[201,235,283]",H1_theta_deg_PLUS,H1,"[50.0,0.5,2.0,5.0]",theta_deg,1,245,"{""201"":244.0,""235"":244.0,""283"":244.0}","{""201"":200.0,""235"":200.0,""283"":200.0}",1.4677216852127273
S7_Z180,S7,"[201,235,283]",H1_theta_deg_PLUS,H1,"[50.0,0.5,2.0,5.0]",theta_deg,1,250,"{""201"":250.0,""235"":250.0,""283"":250.0}","{""201"":200.0,""235"":200.0,""283"":200.0}",3.1440037736060313
S7_Z180,S7,"[201,235,283]",H1_v_mps_MINUS,H1,"[50.0,0.0,1.8,5.0]",v_mps,-1,150,"{""201"":150.0,""235"":150.0,""283"":150.0}","{""201"":200.0,""235"":200.0,""283"":200.0}",4.034623526594626
S7_Z180,S7,"[201,235,283]",H1_v_mps_MINUS,H1,"[50.0,0.0,1.8,5.0]",v_mps,-1,155,"{""201"":154.0,""235"":154.0,""283"":154.0}","{""201"":200.0,""235"":200.0,""283"":200.0}",4.053118512261027
S7_Z180,S7,"[201,235,283]",H1_v_mps_MINUS,H1,"[50.0,0.0,1.8,5.0]",v_mps,-1,160,"{""201"":160.0,""235"":160.0,""283"":160.0}","{""201"":200.0,""235"":200.0,""283"":200.0}",2.7485917192182483
S7_Z180,S7,"[201,235,283]",H1_v_mps_MINUS,H1,"[50.0,0.0,1.8,5.0]",v_mps,-1,165,"{""201"":164.0,""235"":164.0,""283"":164.0}","{""201"":200.0,""235"":200.0,""283"":200.0}",3.567846651051854
S7_Z180,S7,"[201,235,283]",H1_v_mps_MINUS,H1,"[50.0,0.0,1.8,5.0]",v_mps,-1,170,"{""201"":170.0,""235"":170.0,""283"":170.0}","{""201"":200.0,""235"":200.0,""283"":200.0}",3.897929469300899
S7_Z180,S7,"[201,235,283]",H1_v_mps_MINUS,H1,"[50.0,0.0,1.8,5.0]",v_mps,-1,175,"{""201"":174.0,""235"":174.0,""283"":174.0}","{""201"":200.0,""235"":200.0,""283"":200.0}",2.90018831480178
S7_Z180,S7,"[201,235,283]",H1_v_mps_MINUS,H1,"[50.0,0.0,1.8,5.0]",v_mps,-1,180,"{""201"":180.0,""235"":180.0,""283"":180.0}","{""201"":200.0,""235"":200.0,""283"":200.0}",3.758274440313604
S7_Z180,S7,"[201,235,283]",H1_v_mps_MINUS,H1,"[50.0,0.0,1.8,5.0]",v_mps,-1,185,"{""201"":184.0,""235"":184.0,""283"":184.0}","{""201"":200.0,""235"":200.0,""283"":200.0}",4.322201110299485
S7_Z180,S7,"[201,235,283]",H1_v_mps_MINUS,H1,"[50.0,0.0,1.8,5.0]",v_mps,-1,190,"{""201"":190.0,""235"":190.0,""283"":190.0}","{""201"":200.0,""235"":200.0,""283"":200.0}",3.000775079291835
S7_Z180,S7,"[201,235,283]",H1_v_mps_MINUS,H1,"[50.0,0.0,1.8,5.0]",v_mps,-1,195,"{""201"":194.0,""235"":194.0,""283"":194.0}","{""201"":200.0,""235"":200.0,""283"":200.0}",2.4136839238975987
S7_Z180,S7,"[201,235,283]",H1_v_mps_MINUS,H1,"[50.0,0.0,1.8,5.0]",v_mps,-1,200,"{""201"":200.0,""235"":200.0,""283"":200.0}","{""201"":200.0,""235"":200.0,""283"":200.0}",3.5209899130170736
S7_Z180,S7,"[201,235,283]",H1_v_mps_MINUS,H1,"[50.0,0.0,1.8,5.0]",v_mps,-1,205,"{""201"":204.0,""235"":204.0,""283"":204.0}","{""201"":200.0,""235"":200.0,""283"":200.0}",2.701183850206998
S7_Z180,S7,"[201,235,283]",H1_v_mps_MINUS,H1,"[50.0,0.0,1.8,5.0]",v_mps,-1,210,"{""201"":210.0,""235"":210.0,""283"":210.0}","{""201"":200.0,""235"":200.0,""283"":200.0}",2.6348318017116337
S7_Z180,S7,"[201,235,283]",H1_v_mps_MINUS,H1,"[50.0,0.0,1.8,5.0]",v_mps,-1,215,"{""201"":214.0,""235"":214.0,""283"":214.0}","{""201"":200.0,""235"":200.0,""283"":200.0}",4.396078077772786
S7_Z180,S7,"[201,235,283]",H1_v_mps_MINUS,H1,"[50.0,0.0,1.8,5.0]",v_mps,-1,220,"{""201"":220.0,""235"":220.0,""283"":220.0}","{""201"":200.0,""235"":200.0,""283"":200.0}",3.3688232863061955
S7_Z180,S7,"[201,235,283]",H1_v_mps_MINUS,H1,"[50.0,0.0,1.8,5.0]",v_mps,-1,225,"{""201"":224.0,""235"":224.0,""283"":224.0}","{""201"":200.0,""235"":200.0,""283"":200.0}",3.4625219651115904
S7_Z180,S7,"[201,235,283]",H1_v_mps_MINUS,H1,"[50.0,0.0,1.8,5.0]",v_mps,-1,230,"{""201"":230.0,""235"":230.0,""283"":230.0}","{""201"":200.0,""235"":200.0,""283"":200.0}",3.8877318527973355
S7_Z180,S7,"[201,235,283]",H1_v_mps_MINUS,H1,"[50.0,0.0,1.8,5.0]",v_mps,-1,235,"{""201"":234.0,""235"":234.0,""283"":234.0}","{""201"":200.0,""235"":200.0,""283"":200.0}",3.5133055812752785
S7_Z180,S7,"[201,235,283]",H1_v_mps_MINUS,H1,"[50.0,0.0,1.8,5.0]",v_mps,-1,240,"{""201"":240.0,""235"":240.0,""283"":240.0}","{""201"":200.0,""235"":200.0,""283"":200.0}",2.4921400197483394
S7_Z180,S7,"[201,235,283]",H1_v_mps_MINUS,H1,"[50.0,0.0,1.8,5.0]",v_mps,-1,245,"{""201"":244.0,""235"":244.0,""283"":244.0}","{""201"":200.0,""235"":200.0,""283"":200.0}",2.613425648438525
S7_Z180,S7,"[201,235,283]",H1_v_mps_MINUS,H1,"[50.0,0.0,1.8,5.0]",v_mps,-1,250,"{""201"":250.0,""235"":250.0,""283"":250.0}","{""201"":200.0,""235"":200.0,""283"":200.0}",3.4263823398714055
S7_Z180,S7,"[201,235,283]",H1_v_mps_PLUS,H1,"[50.0,0.0,2.2,5.0]",v_mps,1,150,"{""201"":150.0,""235"":150.0,""283"":150.0}","{""201"":200.0,""235"":200.0,""283"":200.0}",4.2548004644564426
S7_Z180,S7,"[201,235,283]",H1_v_mps_PLUS,H1,"[50.0,0.0,2.2,5.0]",v_mps,1,155,"{""201"":154.0,""235"":154.0,""283"":154.0}","{""201"":200.0,""235"":200.0,""283"":200.0}",4.501233021499728
S7_Z180,S7,"[201,235,283]",H1_v_mps_PLUS,H1,"[50.0,0.0,2.2,5.0]",v_mps,1,160,"{""201"":160.0,""235"":160.0,""283"":160.0}","{""201"":200.0,""235"":200.0,""283"":200.0}",3.670762504358036
S7_Z180,S7,"[201,235,283]",H1_v_mps_PLUS,H1,"[50.0,0.0,2.2,5.0]",v_mps,1,165,"{""201"":164.0,""235"":164.0,""283"":164.0}","{""201"":200.0,""235"":200.0,""283"":200.0}",4.247000916770695
S7_Z180,S7,"[201,235,283]",H1_v_mps_PLUS,H1,"[50.0,0.0,2.2,5.0]",v_mps,1,170,"{""201"":170.0,""235"":170.0,""283"":170.0}","{""201"":200.0,""235"":200.0,""283"":200.0}",3.4035174169528317
S7_Z180,S7,"[201,235,283]",H1_v_mps_PLUS,H1,"[50.0,0.0,2.2,5.0]",v_mps,1,175,"{""201"":174.0,""235"":174.0,""283"":174.0}","{""201"":200.0,""235"":200.0,""283"":200.0}",2.05756857720149
S7_Z180,S7,"[201,235,283]",H1_v_mps_PLUS,H1,"[50.0,0.0,2.2,5.0]",v_mps,1,180,"{""201"":180.0,""235"":180.0,""283"":180.0}","{""201"":200.0,""235"":200.0,""283"":200.0}",2.548090805750883
S7_Z180,S7,"[201,235,283]",H1_v_mps_PLUS,H1,"[50.0,0.0,2.2,5.0]",v_mps,1,185,"{""201"":184.0,""235"":184.0,""283"":184.0}","{""201"":200.0,""235"":200.0,""283"":200.0}",2.545450438669247
S7_Z180,S7,"[201,235,283]",H1_v_mps_PLUS,H1,"[50.0,0.0,2.2,5.0]",v_mps,1,190,"{""201"":190.0,""235"":190.0,""283"":190.0}","{""201"":200.0,""235"":200.0,""283"":200.0}",2.9337123311692475
S7_Z180,S7,"[201,235,283]",H1_v_mps_PLUS,H1,"[50.0,0.0,2.2,5.0]",v_mps,1,195,"{""201"":194.0,""235"":194.0,""283"":194.0}","{""201"":200.0,""235"":200.0,""283"":200.0}",2.481794768982645
S7_Z180,S7,"[201,235,283]",H1_v_mps_PLUS,H1,"[50.0,0.0,2.2,5.0]",v_mps,1,200,"{""201"":200.0,""235"":200.0,""283"":200.0}","{""201"":200.0,""235"":200.0,""283"":200.0}",2.398335337033709
S7_Z180,S7,"[201,235,283]",H1_v_mps_PLUS,H1,"[50.0,0.0,2.2,5.0]",v_mps,1,205,"{""201"":204.0,""235"":204.0,""283"":204.0}","{""201"":200.0,""235"":200.0,""283"":200.0}",1.7249192967931017
S7_Z180,S7,"[201,235,283]",H1_v_mps_PLUS,H1,"[50.0,0.0,2.2,5.0]",v_mps,1,210,"{""201"":210.0,""235"":210.0,""283"":210.0}","{""201"":200.0,""235"":200.0,""283"":200.0}",1.9902452313376517
S7_Z180,S7,"[201,235,283]",H1_v_mps_PLUS,H1,"[50.0,0.0,2.2,5.0]",v_mps,1,215,"{""201"":214.0,""235"":214.0,""283"":214.0}","{""201"":200.0,""235"":200.0,""283"":200.0}",2.7549539114359423
S7_Z180,S7,"[201,235,283]",H1_v_mps_PLUS,H1,"[50.0,0.0,2.2,5.0]",v_mps,1,220,"{""201"":220.0,""235"":220.0,""283"":220.0}","{""201"":200.0,""235"":200.0,""283"":200.0}",3.218159652146044
S7_Z180,S7,"[201,235,283]",H1_v_mps_PLUS,H1,"[50.0,0.0,2.2,5.0]",v_mps,1,225,"{""201"":224.0,""235"":224.0,""283"":224.0}","{""201"":200.0,""235"":200.0,""283"":200.0}",2.4271844402426166
S7_Z180,S7,"[201,235,283]",H1_v_mps_PLUS,H1,"[50.0,0.0,2.2,5.0]",v_mps,1,230,"{""201"":230.0,""235"":230.0,""283"":230.0}","{""201"":200.0,""235"":200.0,""283"":200.0}",4.225926826080915
S7_Z180,S7,"[201,235,283]",H1_v_mps_PLUS,H1,"[50.0,0.0,2.2,5.0]",v_mps,1,235,"{""201"":234.0,""235"":234.0,""283"":234.0}","{""201"":200.0,""235"":200.0,""283"":200.0}",3.6935838167818287
S7_Z180,S7,"[201,235,283]",H1_v_mps_PLUS,H1,"[50.0,0.0,2.2,5.0]",v_mps,1,240,"{""201"":240.0,""235"":240.0,""283"":240.0}","{""201"":200.0,""235"":200.0,""283"":200.0}",5.151181106415681
S7_Z180,S7,"[201,235,283]",H1_v_mps_PLUS,H1,"[50.0,0.0,2.2,5.0]",v_mps,1,245,"{""201"":244.0,""235"":244.0,""283"":244.0}","{""201"":200.0,""235"":200.0,""283"":200.0}",3.727511464533269
S7_Z180,S7,"[201,235,283]",H1_v_mps_PLUS,H1,"[50.0,0.0,2.2,5.0]",v_mps,1,250,"{""201"":250.0,""235"":250.0,""283"":250.0}","{""201"":200.0,""235"":200.0,""283"":200.0}",4.958684363536793
S7_Z180,S7,"[201,235,283]",H1_psi_deg_MINUS,H1,"[50.0,0.0,2.0,4.0]",psi_deg,-1,150,"{""201"":150.0,""235"":150.0,""283"":150.0}","{""201"":200.0,""235"":200.0,""283"":200.0}",1.6023299905920791
S7_Z180,S7,"[201,235,283]",H1_psi_deg_MINUS,H1,"[50.0,0.0,2.0,4.0]",psi_deg,-1,155,"{""201"":154.0,""235"":154.0,""283"":154.0}","{""201"":200.0,""235"":200.0,""283"":200.0}",1.9328208401202
S7_Z180,S7,"[201,235,283]",H1_psi_deg_MINUS,H1,"[50.0,0.0,2.0,4.0]",psi_deg,-1,160,"{""201"":160.0,""235"":160.0,""283"":160.0}","{""201"":200.0,""235"":200.0,""283"":200.0}",1.8577263232274184
S7_Z180,S7,"[201,235,283]",H1_psi_deg_MINUS,H1,"[50.0,0.0,2.0,4.0]",psi_deg,-1,165,"{""201"":164.0,""235"":164.0,""283"":164.0}","{""201"":200.0,""235"":200.0,""283"":200.0}",1.206956013789386
S7_Z180,S7,"[201,235,283]",H1_psi_deg_MINUS,H1,"[50.0,0.0,2.0,4.0]",psi_deg,-1,170,"{""201"":170.0,""235"":170.0,""283"":170.0}","{""201"":200.0,""235"":200.0,""283"":200.0}",1.7529694578058557
S7_Z180,S7,"[201,235,283]",H1_psi_deg_MINUS,H1,"[50.0,0.0,2.0,4.0]",psi_deg,-1,175,"{""201"":174.0,""235"":174.0,""283"":174.0}","{""201"":200.0,""235"":200.0,""283"":200.0}",2.0289026155626493
S7_Z180,S7,"[201,235,283]",H1_psi_deg_MINUS,H1,"[50.0,0.0,2.0,4.0]",psi_deg,-1,180,"{""201"":180.0,""235"":180.0,""283"":180.0}","{""201"":200.0,""235"":200.0,""283"":200.0}",0.46387760895660063
S7_Z180,S7,"[201,235,283]",H1_psi_deg_MINUS,H1,"[50.0,0.0,2.0,4.0]",psi_deg,-1,185,"{""201"":184.0,""235"":184.0,""283"":184.0}","{""201"":200.0,""235"":200.0,""283"":200.0}",2.1094632684557877
S7_Z180,S7,"[201,235,283]",H1_psi_deg_MINUS,H1,"[50.0,0.0,2.0,4.0]",psi_deg,-1,190,"{""201"":190.0,""235"":190.0,""283"":190.0}","{""201"":200.0,""235"":200.0,""283"":200.0}",1.9118231280584308
S7_Z180,S7,"[201,235,283]",H1_psi_deg_MINUS,H1,"[50.0,0.0,2.0,4.0]",psi_deg,-1,195,"{""201"":194.0,""235"":194.0,""283"":194.0}","{""201"":200.0,""235"":200.0,""283"":200.0}",1.3169483034423926
S7_Z180,S7,"[201,235,283]",H1_psi_deg_MINUS,H1,"[50.0,0.0,2.0,4.0]",psi_deg,-1,200,"{""201"":200.0,""235"":200.0,""283"":200.0}","{""201"":200.0,""235"":200.0,""283"":200.0}",2.598880989639237
S7_Z180,S7,"[201,235,283]",H1_psi_deg_MINUS,H1,"[50.0,0.0,2.0,4.0]",psi_deg,-1,205,"{""201"":204.0,""235"":204.0,""283"":204.0}","{""201"":200.0,""235"":200.0,""283"":200.0}",1.6535873752014405
S7_Z180,S7,"[201,235,283]",H1_psi_deg_MINUS,H1,"[50.0,0.0,2.0,4.0]",psi_deg,-1,210,"{""201"":210.0,""235"":210.0,""283"":210.0}","{""201"":200.0,""235"":200.0,""283"":200.0}",1.6432663469648443
S7_Z180,S7,"[201,235,283]",H1_psi_deg_MINUS,H1,"[50.0,0.0,2.0,4.0]",psi_deg,-1,215,"{""201"":214.0,""235"":214.0,""283"":214.0}","{""201"":200.0,""235"":200.0,""283"":200.0}",1.7864877405792767
S7_Z180,S7,"[201,235,283]",H1_psi_deg_MINUS,H1,"[50.0,0.0,2.0,4.0]",psi_deg,-1,220,"{""201"":220.0,""235"":220.0,""283"":220.0}","{""201"":200.0,""235"":200.0,""283"":200.0}",1.2877913708086846
S7_Z180,S7,"[201,235,283]",H1_psi_deg_MINUS,H1,"[50.0,0.0,2.0,4.0]",psi_deg,-1,225,"{""201"":224.0,""235"":224.0,""283"":224.0}","{""201"":200.0,""235"":200.0,""283"":200.0}",1.2909154412235182
S7_Z180,S7,"[201,235,283]",H1_psi_deg_MINUS,H1,"[50.0,0.0,2.0,4.0]",psi_deg,-1,230,"{""201"":230.0,""235"":230.0,""283"":230.0}","{""201"":200.0,""235"":200.0,""283"":200.0}",1.6276666327738978
S7_Z180,S7,"[201,235,283]",H1_psi_deg_MINUS,H1,"[50.0,0.0,2.0,4.0]",psi_deg,-1,235,"{""201"":234.0,""235"":234.0,""283"":234.0}","{""201"":200.0,""235"":200.0,""283"":200.0}",1.5113205666635003
S7_Z180,S7,"[201,235,283]",H1_psi_deg_MINUS,H1,"[50.0,0.0,2.0,4.0]",psi_deg,-1,240,"{""201"":240.0,""235"":240.0,""283"":240.0}","{""201"":200.0,""235"":200.0,""283"":200.0}",1.5772157356351553
S7_Z180,S7,"[201,235,283]",H1_psi_deg_MINUS,H1,"[50.0,0.0,2.0,4.0]",psi_deg,-1,245,"{""201"":244.0,""235"":244.0,""283"":244.0}","{""201"":200.0,""235"":200.0,""283"":200.0}",1.6116925221054255
S7_Z180,S7,"[201,235,283]",H1_psi_deg_MINUS,H1,"[50.0,0.0,2.0,4.0]",psi_deg,-1,250,"{""201"":250.0,""235"":250.0,""283"":250.0}","{""201"":200.0,""235"":200.0,""283"":200.0}",3.353710527678526
S7_Z180,S7,"[201,235,283]",H1_psi_deg_PLUS,H1,"[50.0,0.0,2.0,6.0]",psi_deg,1,150,"{""201"":150.0,""235"":150.0,""283"":150.0}","{""201"":200.0,""235"":200.0,""283"":200.0}",1.9339935910791437
S7_Z180,S7,"[201,235,283]",H1_psi_deg_PLUS,H1,"[50.0,0.0,2.0,6.0]",psi_deg,1,155,"{""201"":154.0,""235"":154.0,""283"":154.0}","{""201"":200.0,""235"":200.0,""283"":200.0}",1.943846213377654
S7_Z180,S7,"[201,235,283]",H1_psi_deg_PLUS,H1,"[50.0,0.0,2.0,6.0]",psi_deg,1,160,"{""201"":160.0,""235"":160.0,""283"":160.0}","{""201"":200.0,""235"":200.0,""283"":200.0}",1.8593348085662298
S7_Z180,S7,"[201,235,283]",H1_psi_deg_PLUS,H1,"[50.0,0.0,2.0,6.0]",psi_deg,1,165,"{""201"":164.0,""235"":164.0,""283"":164.0}","{""201"":200.0,""235"":200.0,""283"":200.0}",2.214833133391101
S7_Z180,S7,"[201,235,283]",H1_psi_deg_PLUS,H1,"[50.0,0.0,2.0,6.0]",psi_deg,1,170,"{""201"":170.0,""235"":170.0,""283"":170.0}","{""201"":200.0,""235"":200.0,""283"":200.0}",1.6203269168731558
S7_Z180,S7,"[201,235,283]",H1_psi_deg_PLUS,H1,"[50.0,0.0,2.0,6.0]",psi_deg,1,175,"{""201"":174.0,""235"":174.0,""283"":174.0}","{""201"":200.0,""235"":200.0,""283"":200.0}",1.940907872902881
S7_Z180,S7,"[201,235,283]",H1_psi_deg_PLUS,H1,"[50.0,0.0,2.0,6.0]",psi_deg,1,180,"{""201"":180.0,""235"":180.0,""283"":180.0}","{""201"":200.0,""235"":200.0,""283"":200.0}",0.5979381275865363
S7_Z180,S7,"[201,235,283]",H1_psi_deg_PLUS,H1,"[50.0,0.0,2.0,6.0]",psi_deg,1,185,"{""201"":184.0,""235"":184.0,""283"":184.0}","{""201"":200.0,""235"":200.0,""283"":200.0}",2.0801338741674944
S7_Z180,S7,"[201,235,283]",H1_psi_deg_PLUS,H1,"[50.0,0.0,2.0,6.0]",psi_deg,1,190,"{""201"":190.0,""235"":190.0,""283"":190.0}","{""201"":200.0,""235"":200.0,""283"":200.0}",1.9689754593679494
S7_Z180,S7,"[201,235,283]",H1_psi_deg_PLUS,H1,"[50.0,0.0,2.0,6.0]",psi_deg,1,195,"{""201"":194.0,""235"":194.0,""283"":194.0}","{""201"":200.0,""235"":200.0,""283"":200.0}",1.225822625970701
S7_Z180,S7,"[201,235,283]",H1_psi_deg_PLUS,H1,"[50.0,0.0,2.0,6.0]",psi_deg,1,200,"{""201"":200.0,""235"":200.0,""283"":200.0}","{""201"":200.0,""235"":200.0,""283"":200.0}",2.093768357804358
S7_Z180,S7,"[201,235,283]",H1_psi_deg_PLUS,H1,"[50.0,0.0,2.0,6.0]",psi_deg,1,205,"{""201"":204.0,""235"":204.0,""283"":204.0}","{""201"":200.0,""235"":200.0,""283"":200.0}",1.48427033523014
S7_Z180,S7,"[201,235,283]",H1_psi_deg_PLUS,H1,"[50.0,0.0,2.0,6.0]",psi_deg,1,210,"{""201"":210.0,""235"":210.0,""283"":210.0}","{""201"":200.0,""235"":200.0,""283"":200.0}",1.9710513997385242
S7_Z180,S7,"[201,235,283]",H1_psi_deg_PLUS,H1,"[50.0,0.0,2.0,6.0]",psi_deg,1,215,"{""201"":214.0,""235"":214.0,""283"":214.0}","{""201"":200.0,""235"":200.0,""283"":200.0}",1.5288089132788756
S7_Z180,S7,"[201,235,283]",H1_psi_deg_PLUS,H1,"[50.0,0.0,2.0,6.0]",psi_deg,1,220,"{""201"":220.0,""235"":220.0,""283"":220.0}","{""201"":200.0,""235"":200.0,""283"":200.0}",1.6661866914904921
S7_Z180,S7,"[201,235,283]",H1_psi_deg_PLUS,H1,"[50.0,0.0,2.0,6.0]",psi_deg,1,225,"{""201"":224.0,""235"":224.0,""283"":224.0}","{""201"":200.0,""235"":200.0,""283"":200.0}",1.5209597914569113
S7_Z180,S7,"[201,235,283]",H1_psi_deg_PLUS,H1,"[50.0,0.0,2.0,6.0]",psi_deg,1,230,"{""201"":230.0,""235"":230.0,""283"":230.0}","{""201"":200.0,""235"":200.0,""283"":200.0}",1.5779393269121915
S7_Z180,S7,"[201,235,283]",H1_psi_deg_PLUS,H1,"[50.0,0.0,2.0,6.0]",psi_deg,1,235,"{""201"":234.0,""235"":234.0,""283"":234.0}","{""201"":200.0,""235"":200.0,""283"":200.0}",0.7766733995349278
S7_Z180,S7,"[201,235,283]",H1_psi_deg_PLUS,H1,"[50.0,0.0,2.0,6.0]",psi_deg,1,240,"{""201"":240.0,""235"":240.0,""283"":240.0}","{""201"":200.0,""235"":200.0,""283"":200.0}",1.55621782874095
S7_Z180,S7,"[201,235,283]",H1_psi_deg_PLUS,H1,"[50.0,0.0,2.0,6.0]",psi_deg,1,245,"{""201"":244.0,""235"":244.0,""283"":244.0}","{""201"":200.0,""235"":200.0,""283"":200.0}",1.4718186121903116
S7_Z180,S7,"[201,235,283]",H1_psi_deg_PLUS,H1,"[50.0,0.0,2.0,6.0]",psi_deg,1,250,"{""201"":250.0,""235"":250.0,""283"":250.0}","{""201"":200.0,""235"":200.0,""283"":200.0}",2.8776680123890754
S7_Z200,S7,"[201,235,283]",H0,H0,"[50.0,0.0,2.0,5.0]",NONE,0,150,"{""201"":150.0,""235"":150.0,""283"":150.0}","{""201"":200.0,""235"":200.0,""283"":200.0}",3.022682028707918
S7_Z200,S7,"[201,235,283]",H0,H0,"[50.0,0.0,2.0,5.0]",NONE,0,155,"{""201"":154.0,""235"":154.0,""283"":154.0}","{""201"":200.0,""235"":200.0,""283"":200.0}",2.749004206179199
S7_Z200,S7,"[201,235,283]",H0,H0,"[50.0,0.0,2.0,5.0]",NONE,0,160,"{""201"":160.0,""235"":160.0,""283"":160.0}","{""201"":200.0,""235"":200.0,""283"":200.0}",1.9177731808936331
S7_Z200,S7,"[201,235,283]",H0,H0,"[50.0,0.0,2.0,5.0]",NONE,0,165,"{""201"":164.0,""235"":164.0,""283"":164.0}","{""201"":200.0,""235"":200.0,""283"":200.0}",2.8189362491683734
S7_Z200,S7,"[201,235,283]",H0,H0,"[50.0,0.0,2.0,5.0]",NONE,0,170,"{""201"":170.0,""235"":170.0,""283"":170.0}","{""201"":200.0,""235"":200.0,""283"":200.0}",1.616297146508826
S7_Z200,S7,"[201,235,283]",H0,H0,"[50.0,0.0,2.0,5.0]",NONE,0,175,"{""201"":174.0,""235"":174.0,""283"":174.0}","{""201"":200.0,""235"":200.0,""283"":200.0}",1.8299290751200836
S7_Z200,S7,"[201,235,283]",H0,H0,"[50.0,0.0,2.0,5.0]",NONE,0,180,"{""201"":180.0,""235"":180.0,""283"":180.0}","{""201"":200.0,""235"":200.0,""283"":200.0}",2.3895246943739905
S7_Z200,S7,"[201,235,283]",H0,H0,"[50.0,0.0,2.0,5.0]",NONE,0,185,"{""201"":184.0,""235"":184.0,""283"":184.0}","{""201"":200.0,""235"":200.0,""283"":200.0}",1.8394362818456136
S7_Z200,S7,"[201,235,283]",H0,H0,"[50.0,0.0,2.0,5.0]",NONE,0,190,"{""201"":190.0,""235"":190.0,""283"":190.0}","{""201"":200.0,""235"":200.0,""283"":200.0}",3.0676596218881294
S7_Z200,S7,"[201,235,283]",H0,H0,"[50.0,0.0,2.0,5.0]",NONE,0,195,"{""201"":194.0,""235"":194.0,""283"":194.0}","{""201"":200.0,""235"":200.0,""283"":200.0}",2.802470866928515
S7_Z200,S7,"[201,235,283]",H0,H0,"[50.0,0.0,2.0,5.0]",NONE,0,200,"{""201"":200.0,""235"":200.0,""283"":200.0}","{""201"":200.0,""235"":200.0,""283"":200.0}",9.696393667097729e-15
S7_Z200,S7,"[201,235,283]",H0,H0,"[50.0,0.0,2.0,5.0]",NONE,0,205,"{""201"":204.0,""235"":204.0,""283"":204.0}","{""201"":200.0,""235"":200.0,""283"":200.0}",0.9822038657231308
S7_Z200,S7,"[201,235,283]",H0,H0,"[50.0,0.0,2.0,5.0]",NONE,0,210,"{""201"":210.0,""235"":210.0,""283"":210.0}","{""201"":200.0,""235"":200.0,""283"":200.0}",2.945956091322397
S7_Z200,S7,"[201,235,283]",H0,H0,"[50.0,0.0,2.0,5.0]",NONE,0,215,"{""201"":214.0,""235"":214.0,""283"":214.0}","{""201"":200.0,""235"":200.0,""283"":200.0}",2.5775545308181185
S7_Z200,S7,"[201,235,283]",H0,H0,"[50.0,0.0,2.0,5.0]",NONE,0,220,"{""201"":220.0,""235"":220.0,""283"":220.0}","{""201"":200.0,""235"":200.0,""283"":200.0}",1.6106756133115185
S7_Z200,S7,"[201,235,283]",H0,H0,"[50.0,0.0,2.0,5.0]",NONE,0,225,"{""201"":224.0,""235"":224.0,""283"":224.0}","{""201"":200.0,""235"":200.0,""283"":200.0}",2.730371087537956
S7_Z200,S7,"[201,235,283]",H0,H0,"[50.0,0.0,2.0,5.0]",NONE,0,230,"{""201"":230.0,""235"":230.0,""283"":230.0}","{""201"":200.0,""235"":200.0,""283"":200.0}",1.828721655252391
S7_Z200,S7,"[201,235,283]",H0,H0,"[50.0,0.0,2.0,5.0]",NONE,0,235,"{""201"":234.0,""235"":234.0,""283"":234.0}","{""201"":200.0,""235"":200.0,""283"":200.0}",2.8182334764621153
S7_Z200,S7,"[201,235,283]",H0,H0,"[50.0,0.0,2.0,5.0]",NONE,0,240,"{""201"":240.0,""235"":240.0,""283"":240.0}","{""201"":200.0,""235"":200.0,""283"":200.0}",1.8309274446975752
S7_Z200,S7,"[201,235,283]",H0,H0,"[50.0,0.0,2.0,5.0]",NONE,0,245,"{""201"":244.0,""235"":244.0,""283"":244.0}","{""201"":200.0,""235"":200.0,""283"":200.0}",2.6209036163124693
S7_Z200,S7,"[201,235,283]",H0,H0,"[50.0,0.0,2.0,5.0]",NONE,0,250,"{""201"":250.0,""235"":250.0,""283"":250.0}","{""201"":200.0,""235"":200.0,""283"":200.0}",3.3694338375173825
S7_Z200,S7,"[201,235,283]",H1_r_km_MINUS,H1,"[49.0,0.0,2.0,5.0]",r_km,-1,150,"{""201"":150.0,""235"":150.0,""283"":150.0}","{""201"":200.0,""235"":200.0,""283"":200.0}",1.417669774071362
S7_Z200,S7,"[201,235,283]",H1_r_km_MINUS,H1,"[49.0,0.0,2.0,5.0]",r_km,-1,155,"{""201"":154.0,""235"":154.0,""283"":154.0}","{""201"":200.0,""235"":200.0,""283"":200.0}",3.1710860904676483
S7_Z200,S7,"[201,235,283]",H1_r_km_MINUS,H1,"[49.0,0.0,2.0,5.0]",r_km,-1,160,"{""201"":160.0,""235"":160.0,""283"":160.0}","{""201"":200.0,""235"":200.0,""283"":200.0}",2.061926936415843
S7_Z200,S7,"[201,235,283]",H1_r_km_MINUS,H1,"[49.0,0.0,2.0,5.0]",r_km,-1,165,"{""201"":164.0,""235"":164.0,""283"":164.0}","{""201"":200.0,""235"":200.0,""283"":200.0}",2.6283428516641347
S7_Z200,S7,"[201,235,283]",H1_r_km_MINUS,H1,"[49.0,0.0,2.0,5.0]",r_km,-1,170,"{""201"":170.0,""235"":170.0,""283"":170.0}","{""201"":200.0,""235"":200.0,""283"":200.0}",2.926532919983376
S7_Z200,S7,"[201,235,283]",H1_r_km_MINUS,H1,"[49.0,0.0,2.0,5.0]",r_km,-1,175,"{""201"":174.0,""235"":174.0,""283"":174.0}","{""201"":200.0,""235"":200.0,""283"":200.0}",3.058275859684575
S7_Z200,S7,"[201,235,283]",H1_r_km_MINUS,H1,"[49.0,0.0,2.0,5.0]",r_km,-1,180,"{""201"":180.0,""235"":180.0,""283"":180.0}","{""201"":200.0,""235"":200.0,""283"":200.0}",1.6653024286730786
S7_Z200,S7,"[201,235,283]",H1_r_km_MINUS,H1,"[49.0,0.0,2.0,5.0]",r_km,-1,185,"{""201"":184.0,""235"":184.0,""283"":184.0}","{""201"":200.0,""235"":200.0,""283"":200.0}",1.5491631975571718
S7_Z200,S7,"[201,235,283]",H1_r_km_MINUS,H1,"[49.0,0.0,2.0,5.0]",r_km,-1,190,"{""201"":190.0,""235"":190.0,""283"":190.0}","{""201"":200.0,""235"":200.0,""283"":200.0}",2.412166856203086
S7_Z200,S7,"[201,235,283]",H1_r_km_MINUS,H1,"[49.0,0.0,2.0,5.0]",r_km,-1,195,"{""201"":194.0,""235"":194.0,""283"":194.0}","{""201"":200.0,""235"":200.0,""283"":200.0}",2.580572767557039
S7_Z200,S7,"[201,235,283]",H1_r_km_MINUS,H1,"[49.0,0.0,2.0,5.0]",r_km,-1,200,"{""201"":200.0,""235"":200.0,""283"":200.0}","{""201"":200.0,""235"":200.0,""283"":200.0}",3.830617804997597
S7_Z200,S7,"[201,235,283]",H1_r_km_MINUS,H1,"[49.0,0.0,2.0,5.0]",r_km,-1,205,"{""201"":204.0,""235"":204.0,""283"":204.0}","{""201"":200.0,""235"":200.0,""283"":200.0}",2.031524272593806
S7_Z200,S7,"[201,235,283]",H1_r_km_MINUS,H1,"[49.0,0.0,2.0,5.0]",r_km,-1,210,"{""201"":210.0,""235"":210.0,""283"":210.0}","{""201"":200.0,""235"":200.0,""283"":200.0}",3.5422740585433696
S7_Z200,S7,"[201,235,283]",H1_r_km_MINUS,H1,"[49.0,0.0,2.0,5.0]",r_km,-1,215,"{""201"":214.0,""235"":214.0,""283"":214.0}","{""201"":200.0,""235"":200.0,""283"":200.0}",2.7535681097224987
S7_Z200,S7,"[201,235,283]",H1_r_km_MINUS,H1,"[49.0,0.0,2.0,5.0]",r_km,-1,220,"{""201"":220.0,""235"":220.0,""283"":220.0}","{""201"":200.0,""235"":200.0,""283"":200.0}",2.5896213659769947
S7_Z200,S7,"[201,235,283]",H1_r_km_MINUS,H1,"[49.0,0.0,2.0,5.0]",r_km,-1,225,"{""201"":224.0,""235"":224.0,""283"":224.0}","{""201"":200.0,""235"":200.0,""283"":200.0}",3.942685252972677
S7_Z200,S7,"[201,235,283]",H1_r_km_MINUS,H1,"[49.0,0.0,2.0,5.0]",r_km,-1,230,"{""201"":230.0,""235"":230.0,""283"":230.0}","{""201"":200.0,""235"":200.0,""283"":200.0}",1.4174840141001608
S7_Z200,S7,"[201,235,283]",H1_r_km_MINUS,H1,"[49.0,0.0,2.0,5.0]",r_km,-1,235,"{""201"":234.0,""235"":234.0,""283"":234.0}","{""201"":200.0,""235"":200.0,""283"":200.0}",2.3107667515978645
S7_Z200,S7,"[201,235,283]",H1_r_km_MINUS,H1,"[49.0,0.0,2.0,5.0]",r_km,-1,240,"{""201"":240.0,""235"":240.0,""283"":240.0}","{""201"":200.0,""235"":200.0,""283"":200.0}",2.7368753740567278
S7_Z200,S7,"[201,235,283]",H1_r_km_MINUS,H1,"[49.0,0.0,2.0,5.0]",r_km,-1,245,"{""201"":244.0,""235"":244.0,""283"":244.0}","{""201"":200.0,""235"":200.0,""283"":200.0}",2.7414990180098684
S7_Z200,S7,"[201,235,283]",H1_r_km_MINUS,H1,"[49.0,0.0,2.0,5.0]",r_km,-1,250,"{""201"":250.0,""235"":250.0,""283"":250.0}","{""201"":200.0,""235"":200.0,""283"":200.0}",0.6156337565067974
S7_Z200,S7,"[201,235,283]",H1_r_km_PLUS,H1,"[51.0,0.0,2.0,5.0]",r_km,1,150,"{""201"":150.0,""235"":150.0,""283"":150.0}","{""201"":200.0,""235"":200.0,""283"":200.0}",1.4820603200070266
S7_Z200,S7,"[201,235,283]",H1_r_km_PLUS,H1,"[51.0,0.0,2.0,5.0]",r_km,1,155,"{""201"":154.0,""235"":154.0,""283"":154.0}","{""201"":200.0,""235"":200.0,""283"":200.0}",2.330073059646935
S7_Z200,S7,"[201,235,283]",H1_r_km_PLUS,H1,"[51.0,0.0,2.0,5.0]",r_km,1,160,"{""201"":160.0,""235"":160.0,""283"":160.0}","{""201"":200.0,""235"":200.0,""283"":200.0}",2.9572547156832694
S7_Z200,S7,"[201,235,283]",H1_r_km_PLUS,H1,"[51.0,0.0,2.0,5.0]",r_km,1,165,"{""201"":164.0,""235"":164.0,""283"":164.0}","{""201"":200.0,""235"":200.0,""283"":200.0}",2.1533096314589097
S7_Z200,S7,"[201,235,283]",H1_r_km_PLUS,H1,"[51.0,0.0,2.0,5.0]",r_km,1,170,"{""201"":170.0,""235"":170.0,""283"":170.0}","{""201"":200.0,""235"":200.0,""283"":200.0}",2.2906417033213473
S7_Z200,S7,"[201,235,283]",H1_r_km_PLUS,H1,"[51.0,0.0,2.0,5.0]",r_km,1,175,"{""201"":174.0,""235"":174.0,""283"":174.0}","{""201"":200.0,""235"":200.0,""283"":200.0}",2.6639603955002844
S7_Z200,S7,"[201,235,283]",H1_r_km_PLUS,H1,"[51.0,0.0,2.0,5.0]",r_km,1,180,"{""201"":180.0,""235"":180.0,""283"":180.0}","{""201"":200.0,""235"":200.0,""283"":200.0}",2.405703602696619
S7_Z200,S7,"[201,235,283]",H1_r_km_PLUS,H1,"[51.0,0.0,2.0,5.0]",r_km,1,185,"{""201"":184.0,""235"":184.0,""283"":184.0}","{""201"":200.0,""235"":200.0,""283"":200.0}",1.6886318165055723
S7_Z200,S7,"[201,235,283]",H1_r_km_PLUS,H1,"[51.0,0.0,2.0,5.0]",r_km,1,190,"{""201"":190.0,""235"":190.0,""283"":190.0}","{""201"":200.0,""235"":200.0,""283"":200.0}",2.059349801962588
S7_Z200,S7,"[201,235,283]",H1_r_km_PLUS,H1,"[51.0,0.0,2.0,5.0]",r_km,1,195,"{""201"":194.0,""235"":194.0,""283"":194.0}","{""201"":200.0,""235"":200.0,""283"":200.0}",2.2414185871546572
S7_Z200,S7,"[201,235,283]",H1_r_km_PLUS,H1,"[51.0,0.0,2.0,5.0]",r_km,1,200,"{""201"":200.0,""235"":200.0,""283"":200.0}","{""201"":200.0,""235"":200.0,""283"":200.0}",2.0217262575032318
S7_Z200,S7,"[201,235,283]",H1_r_km_PLUS,H1,"[51.0,0.0,2.0,5.0]",r_km,1,205,"{""201"":204.0,""235"":204.0,""283"":204.0}","{""201"":200.0,""235"":200.0,""283"":200.0}",1.9155250188173403
S7_Z200,S7,"[201,235,283]",H1_r_km_PLUS,H1,"[51.0,0.0,2.0,5.0]",r_km,1,210,"{""201"":210.0,""235"":210.0,""283"":210.0}","{""201"":200.0,""235"":200.0,""283"":200.0}",2.0046157762970775
S7_Z200,S7,"[201,235,283]",H1_r_km_PLUS,H1,"[51.0,0.0,2.0,5.0]",r_km,1,215,"{""201"":214.0,""235"":214.0,""283"":214.0}","{""201"":200.0,""235"":200.0,""283"":200.0}",1.6971512496948389
S7_Z200,S7,"[201,235,283]",H1_r_km_PLUS,H1,"[51.0,0.0,2.0,5.0]",r_km,1,220,"{""201"":220.0,""235"":220.0,""283"":220.0}","{""201"":200.0,""235"":200.0,""283"":200.0}",2.6718012503520323
S7_Z200,S7,"[201,235,283]",H1_r_km_PLUS,H1,"[51.0,0.0,2.0,5.0]",r_km,1,225,"{""201"":224.0,""235"":224.0,""283"":224.0}","{""201"":200.0,""235"":200.0,""283"":200.0}",3.3895940133669566
S7_Z200,S7,"[201,235,283]",H1_r_km_PLUS,H1,"[51.0,0.0,2.0,5.0]",r_km,1,230,"{""201"":230.0,""235"":230.0,""283"":230.0}","{""201"":200.0,""235"":200.0,""283"":200.0}",1.681407805970284
S7_Z200,S7,"[201,235,283]",H1_r_km_PLUS,H1,"[51.0,0.0,2.0,5.0]",r_km,1,235,"{""201"":234.0,""235"":234.0,""283"":234.0}","{""201"":200.0,""235"":200.0,""283"":200.0}",1.856250559990226
S7_Z200,S7,"[201,235,283]",H1_r_km_PLUS,H1,"[51.0,0.0,2.0,5.0]",r_km,1,240,"{""201"":240.0,""235"":240.0,""283"":240.0}","{""201"":200.0,""235"":200.0,""283"":200.0}",4.085635095019294
S7_Z200,S7,"[201,235,283]",H1_r_km_PLUS,H1,"[51.0,0.0,2.0,5.0]",r_km,1,245,"{""201"":244.0,""235"":244.0,""283"":244.0}","{""201"":200.0,""235"":200.0,""283"":200.0}",3.193453538157559
S7_Z200,S7,"[201,235,283]",H1_r_km_PLUS,H1,"[51.0,0.0,2.0,5.0]",r_km,1,250,"{""201"":250.0,""235"":250.0,""283"":250.0}","{""201"":200.0,""235"":200.0,""283"":200.0}",1.7275242689863104
S7_Z200,S7,"[201,235,283]",H1_theta_deg_MINUS,H1,"[50.0,-0.5,2.0,5.0]",theta_deg,-1,150,"{""201"":150.0,""235"":150.0,""283"":150.0}","{""201"":200.0,""235"":200.0,""283"":200.0}",3.0792013483070195
S7_Z200,S7,"[201,235,283]",H1_theta_deg_MINUS,H1,"[50.0,-0.5,2.0,5.0]",theta_deg,-1,155,"{""201"":154.0,""235"":154.0,""283"":154.0}","{""201"":200.0,""235"":200.0,""283"":200.0}",2.736798126426606
S7_Z200,S7,"[201,235,283]",H1_theta_deg_MINUS,H1,"[50.0,-0.5,2.0,5.0]",theta_deg,-1,160,"{""201"":160.0,""235"":160.0,""283"":160.0}","{""201"":200.0,""235"":200.0,""283"":200.0}",1.9189860670568748
S7_Z200,S7,"[201,235,283]",H1_theta_deg_MINUS,H1,"[50.0,-0.5,2.0,5.0]",theta_deg,-1,165,"{""201"":164.0,""235"":164.0,""283"":164.0}","{""201"":200.0,""235"":200.0,""283"":200.0}",2.8404046561558296
S7_Z200,S7,"[201,235,283]",H1_theta_deg_MINUS,H1,"[50.0,-0.5,2.0,5.0]",theta_deg,-1,170,"{""201"":170.0,""235"":170.0,""283"":170.0}","{""201"":200.0,""235"":200.0,""283"":200.0}",1.622029412913889
S7_Z200,S7,"[201,235,283]",H1_theta_deg_MINUS,H1,"[50.0,-0.5,2.0,5.0]",theta_deg,-1,175,"{""201"":174.0,""235"":174.0,""283"":174.0}","{""201"":200.0,""235"":200.0,""283"":200.0}",1.8323082113103597
S7_Z200,S7,"[201,235,283]",H1_theta_deg_MINUS,H1,"[50.0,-0.5,2.0,5.0]",theta_deg,-1,180,"{""201"":180.0,""235"":180.0,""283"":180.0}","{""201"":200.0,""235"":200.0,""283"":200.0}",2.39621630712958
S7_Z200,S7,"[201,235,283]",H1_theta_deg_MINUS,H1,"[50.0,-0.5,2.0,5.0]",theta_deg,-1,185,"{""201"":184.0,""235"":184.0,""283"":184.0}","{""201"":200.0,""235"":200.0,""283"":200.0}",1.8939509857845027
S7_Z200,S7,"[201,235,283]",H1_theta_deg_MINUS,H1,"[50.0,-0.5,2.0,5.0]",theta_deg,-1,190,"{""201"":190.0,""235"":190.0,""283"":190.0}","{""201"":200.0,""235"":200.0,""283"":200.0}",3.094466210171419
S7_Z200,S7,"[201,235,283]",H1_theta_deg_MINUS,H1,"[50.0,-0.5,2.0,5.0]",theta_deg,-1,195,"{""201"":194.0,""235"":194.0,""283"":194.0}","{""201"":200.0,""235"":200.0,""283"":200.0}",2.8568304408844374
S7_Z200,S7,"[201,235,283]",H1_theta_deg_MINUS,H1,"[50.0,-0.5,2.0,5.0]",theta_deg,-1,200,"{""201"":200.0,""235"":200.0,""283"":200.0}","{""201"":200.0,""235"":200.0,""283"":200.0}",0.08971945887203998
S7_Z200,S7,"[201,235,283]",H1_theta_deg_MINUS,H1,"[50.0,-0.5,2.0,5.0]",theta_deg,-1,205,"{""201"":204.0,""235"":204.0,""283"":204.0}","{""201"":200.0,""235"":200.0,""283"":200.0}",0.9412141380661536
S7_Z200,S7,"[201,235,283]",H1_theta_deg_MINUS,H1,"[50.0,-0.5,2.0,5.0]",theta_deg,-1,210,"{""201"":210.0,""235"":210.0,""283"":210.0}","{""201"":200.0,""235"":200.0,""283"":200.0}",3.0201243759191403
S7_Z200,S7,"[201,235,283]",H1_theta_deg_MINUS,H1,"[50.0,-0.5,2.0,5.0]",theta_deg,-1,215,"{""201"":214.0,""235"":214.0,""283"":214.0}","{""201"":200.0,""235"":200.0,""283"":200.0}",2.594980019491268
S7_Z200,S7,"[201,235,283]",H1_theta_deg_MINUS,H1,"[50.0,-0.5,2.0,5.0]",theta_deg,-1,220,"{""201"":220.0,""235"":220.0,""283"":220.0}","{""201"":200.0,""235"":200.0,""283"":200.0}",1.6301059885337137
S7_Z200,S7,"[201,235,283]",H1_theta_deg_MINUS,H1,"[50.0,-0.5,2.0,5.0]",theta_deg,-1,225,"{""201"":224.0,""235"":224.0,""283"":224.0}","{""201"":200.0,""235"":200.0,""283"":200.0}",2.7365388211891495
S7_Z200,S7,"[201,235,283]",H1_theta_deg_MINUS,H1,"[50.0,-0.5,2.0,5.0]",theta_deg,-1,230,"{""201"":230.0,""235"":230.0,""283"":230.0}","{""201"":200.0,""235"":200.0,""283"":200.0}",1.884759021527864
S7_Z200,S7,"[201,235,283]",H1_theta_deg_MINUS,H1,"[50.0,-0.5,2.0,5.0]",theta_deg,-1,235,"{""201"":234.0,""235"":234.0,""283"":234.0}","{""201"":200.0,""235"":200.0,""283"":200.0}",2.834380913660856
S7_Z200,S7,"[201,235,283]",H1_theta_deg_MINUS,H1,"[50.0,-0.5,2.0,5.0]",theta_deg,-1,240,"{""201"":240.0,""235"":240.0,""283"":240.0}","{""201"":200.0,""235"":200.0,""283"":200.0}",1.829996318812467
S7_Z200,S7,"[201,235,283]",H1_theta_deg_MINUS,H1,"[50.0,-0.5,2.0,5.0]",theta_deg,-1,245,"{""201"":244.0,""235"":244.0,""283"":244.0}","{""201"":200.0,""235"":200.0,""283"":200.0}",2.6371265500203465
S7_Z200,S7,"[201,235,283]",H1_theta_deg_MINUS,H1,"[50.0,-0.5,2.0,5.0]",theta_deg,-1,250,"{""201"":250.0,""235"":250.0,""283"":250.0}","{""201"":200.0,""235"":200.0,""283"":200.0}",3.458396374121485
S7_Z200,S7,"[201,235,283]",H1_theta_deg_PLUS,H1,"[50.0,0.5,2.0,5.0]",theta_deg,1,150,"{""201"":150.0,""235"":150.0,""283"":150.0}","{""201"":200.0,""235"":200.0,""283"":200.0}",2.965581515737204
S7_Z200,S7,"[201,235,283]",H1_theta_deg_PLUS,H1,"[50.0,0.5,2.0,5.0]",theta_deg,1,155,"{""201"":154.0,""235"":154.0,""283"":154.0}","{""201"":200.0,""235"":200.0,""283"":200.0}",2.7623817066234007
S7_Z200,S7,"[201,235,283]",H1_theta_deg_PLUS,H1,"[50.0,0.5,2.0,5.0]",theta_deg,1,160,"{""201"":160.0,""235"":160.0,""283"":160.0}","{""201"":200.0,""235"":200.0,""283"":200.0}",1.9149434249039128
S7_Z200,S7,"[201,235,283]",H1_theta_deg_PLUS,H1,"[50.0,0.5,2.0,5.0]",theta_deg,1,165,"{""201"":164.0,""235"":164.0,""283"":164.0}","{""201"":200.0,""235"":200.0,""283"":200.0}",2.7953222482001965
S7_Z200,S7,"[201,235,283]",H1_theta_deg_PLUS,H1,"[50.0,0.5,2.0,5.0]",theta_deg,1,170,"{""201"":170.0,""235"":170.0,""283"":170.0}","{""201"":200.0,""235"":200.0,""283"":200.0}",1.6132139763653701
S7_Z200,S7,"[201,235,283]",H1_theta_deg_PLUS,H1,"[50.0,0.5,2.0,5.0]",theta_deg,1,175,"{""201"":174.0,""235"":174.0,""283"":174.0}","{""201"":200.0,""235"":200.0,""283"":200.0}",1.828984350431579
S7_Z200,S7,"[201,235,283]",H1_theta_deg_PLUS,H1,"[50.0,0.5,2.0,5.0]",theta_deg,1,180,"{""201"":180.0,""235"":180.0,""283"":180.0}","{""201"":200.0,""235"":200.0,""283"":200.0}",2.3815662385330554
S7_Z200,S7,"[201,235,283]",H1_theta_deg_PLUS,H1,"[50.0,0.5,2.0,5.0]",theta_deg,1,185,"{""201"":184.0,""235"":184.0,""283"":184.0}","{""201"":200.0,""235"":200.0,""283"":200.0}",1.7921072117385992
S7_Z200,S7,"[201,235,283]",H1_theta_deg_PLUS,H1,"[50.0,0.5,2.0,5.0]",theta_deg,1,190,"{""201"":190.0,""235"":190.0,""283"":190.0}","{""201"":200.0,""235"":200.0,""283"":200.0}",3.0401077318719265
S7_Z200,S7,"[201,235,283]",H1_theta_deg_PLUS,H1,"[50.0,0.5,2.0,5.0]",theta_deg,1,195,"{""201"":194.0,""235"":194.0,""283"":194.0}","{""201"":200.0,""235"":200.0,""283"":200.0}",2.7490489388933805
S7_Z200,S7,"[201,235,283]",H1_theta_deg_PLUS,H1,"[50.0,0.5,2.0,5.0]",theta_deg,1,200,"{""201"":200.0,""235"":200.0,""283"":200.0}","{""201"":200.0,""235"":200.0,""283"":200.0}",0.09139838740728744
S7_Z200,S7,"[201,235,283]",H1_theta_deg_PLUS,H1,"[50.0,0.5,2.0,5.0]",theta_deg,1,205,"{""201"":204.0,""235"":204.0,""283"":204.0}","{""201"":200.0,""235"":200.0,""283"":200.0}",1.0254588652725551
S7_Z200,S7,"[201,235,283]",H1_theta_deg_PLUS,H1,"[50.0,0.5,2.0,5.0]",theta_deg,1,210,"{""201"":210.0,""235"":210.0,""283"":210.0}","{""201"":200.0,""235"":200.0,""283"":200.0}",2.8751951790362478
S7_Z200,S7,"[201,235,283]",H1_theta_deg_PLUS,H1,"[50.0,0.5,2.0,5.0]",theta_deg,1,215,"{""201"":214.0,""235"":214.0,""283"":214.0}","{""201"":200.0,""235"":200.0,""283"":200.0}",2.5598794545950354
S7_Z200,S7,"[201,235,283]",H1_theta_deg_PLUS,H1,"[50.0,0.5,2.0,5.0]",theta_deg,1,220,"{""201"":220.0,""235"":220.0,""283"":220.0}","{""201"":200.0,""235"":200.0,""283"":200.0}",1.5938624181542451
S7_Z200,S7,"[201,235,283]",H1_theta_deg_PLUS,H1,"[50.0,0.5,2.0,5.0]",theta_deg,1,225,"{""201"":224.0,""235"":224.0,""283"":224.0}","{""201"":200.0,""235"":200.0,""283"":200.0}",2.722182903022861
S7_Z200,S7,"[201,235,283]",H1_theta_deg_PLUS,H1,"[50.0,0.5,2.0,5.0]",theta_deg,1,230,"{""201"":230.0,""235"":230.0,""283"":230.0}","{""201"":200.0,""235"":200.0,""283"":200.0}",1.7786378775173974
S7_Z200,S7,"[201,235,283]",H1_theta_deg_PLUS,H1,"[50.0,0.5,2.0,5.0]",theta_deg,1,235,"{""201"":234.0,""235"":234.0,""283"":234.0}","{""201"":200.0,""235"":200.0,""283"":200.0}",2.8003112622730115
S7_Z200,S7,"[201,235,283]",H1_theta_deg_PLUS,H1,"[50.0,0.5,2.0,5.0]",theta_deg,1,240,"{""201"":240.0,""235"":240.0,""283"":240.0}","{""201"":200.0,""235"":200.0,""283"":200.0}",1.8319991832184837
S7_Z200,S7,"[201,235,283]",H1_theta_deg_PLUS,H1,"[50.0,0.5,2.0,5.0]",theta_deg,1,245,"{""201"":244.0,""235"":244.0,""283"":244.0}","{""201"":200.0,""235"":200.0,""283"":200.0}",2.60343099360324
S7_Z200,S7,"[201,235,283]",H1_theta_deg_PLUS,H1,"[50.0,0.5,2.0,5.0]",theta_deg,1,250,"{""201"":250.0,""235"":250.0,""283"":250.0}","{""201"":200.0,""235"":200.0,""283"":200.0}",3.2726616324741356
S7_Z200,S7,"[201,235,283]",H1_v_mps_MINUS,H1,"[50.0,0.0,1.8,5.0]",v_mps,-1,150,"{""201"":150.0,""235"":150.0,""283"":150.0}","{""201"":200.0,""235"":200.0,""283"":200.0}",4.700765920621301
S7_Z200,S7,"[201,235,283]",H1_v_mps_MINUS,H1,"[50.0,0.0,1.8,5.0]",v_mps,-1,155,"{""201"":154.0,""235"":154.0,""283"":154.0}","{""201"":200.0,""235"":200.0,""283"":200.0}",5.091720845845378
S7_Z200,S7,"[201,235,283]",H1_v_mps_MINUS,H1,"[50.0,0.0,1.8,5.0]",v_mps,-1,160,"{""201"":160.0,""235"":160.0,""283"":160.0}","{""201"":200.0,""235"":200.0,""283"":200.0}",3.357186955304513
S7_Z200,S7,"[201,235,283]",H1_v_mps_MINUS,H1,"[50.0,0.0,1.8,5.0]",v_mps,-1,165,"{""201"":164.0,""235"":164.0,""283"":164.0}","{""201"":200.0,""235"":200.0,""283"":200.0}",3.916431964017447
S7_Z200,S7,"[201,235,283]",H1_v_mps_MINUS,H1,"[50.0,0.0,1.8,5.0]",v_mps,-1,170,"{""201"":170.0,""235"":170.0,""283"":170.0}","{""201"":200.0,""235"":200.0,""283"":200.0}",2.928046574493395
S7_Z200,S7,"[201,235,283]",H1_v_mps_MINUS,H1,"[50.0,0.0,1.8,5.0]",v_mps,-1,175,"{""201"":174.0,""235"":174.0,""283"":174.0}","{""201"":200.0,""235"":200.0,""283"":200.0}",3.172174876029424
S7_Z200,S7,"[201,235,283]",H1_v_mps_MINUS,H1,"[50.0,0.0,1.8,5.0]",v_mps,-1,180,"{""201"":180.0,""235"":180.0,""283"":180.0}","{""201"":200.0,""235"":200.0,""283"":200.0}",4.706881537130619
S7_Z200,S7,"[201,235,283]",H1_v_mps_MINUS,H1,"[50.0,0.0,1.8,5.0]",v_mps,-1,185,"{""201"":184.0,""235"":184.0,""283"":184.0}","{""201"":200.0,""235"":200.0,""283"":200.0}",4.296021202723091
S7_Z200,S7,"[201,235,283]",H1_v_mps_MINUS,H1,"[50.0,0.0,1.8,5.0]",v_mps,-1,190,"{""201"":190.0,""235"":190.0,""283"":190.0}","{""201"":200.0,""235"":200.0,""283"":200.0}",2.9664316159058455
S7_Z200,S7,"[201,235,283]",H1_v_mps_MINUS,H1,"[50.0,0.0,1.8,5.0]",v_mps,-1,195,"{""201"":194.0,""235"":194.0,""283"":194.0}","{""201"":200.0,""235"":200.0,""283"":200.0}",2.9252209525441772
S7_Z200,S7,"[201,235,283]",H1_v_mps_MINUS,H1,"[50.0,0.0,1.8,5.0]",v_mps,-1,200,"{""201"":200.0,""235"":200.0,""283"":200.0}","{""201"":200.0,""235"":200.0,""283"":200.0}",3.3645400364336466
S7_Z200,S7,"[201,235,283]",H1_v_mps_MINUS,H1,"[50.0,0.0,1.8,5.0]",v_mps,-1,205,"{""201"":204.0,""235"":204.0,""283"":204.0}","{""201"":200.0,""235"":200.0,""283"":200.0}",3.245507238963302
S7_Z200,S7,"[201,235,283]",H1_v_mps_MINUS,H1,"[50.0,0.0,1.8,5.0]",v_mps,-1,210,"{""201"":210.0,""235"":210.0,""283"":210.0}","{""201"":200.0,""235"":200.0,""283"":200.0}",2.854907757072017
S7_Z200,S7,"[201,235,283]",H1_v_mps_MINUS,H1,"[50.0,0.0,1.8,5.0]",v_mps,-1,215,"{""201"":214.0,""235"":214.0,""283"":214.0}","{""201"":200.0,""235"":200.0,""283"":200.0}",3.989157792159289
S7_Z200,S7,"[201,235,283]",H1_v_mps_MINUS,H1,"[50.0,0.0,1.8,5.0]",v_mps,-1,220,"{""201"":220.0,""235"":220.0,""283"":220.0}","{""201"":200.0,""235"":200.0,""283"":200.0}",4.3238587417351635
S7_Z200,S7,"[201,235,283]",H1_v_mps_MINUS,H1,"[50.0,0.0,1.8,5.0]",v_mps,-1,225,"{""201"":224.0,""235"":224.0,""283"":224.0}","{""201"":200.0,""235"":200.0,""283"":200.0}",4.512122636547794
S7_Z200,S7,"[201,235,283]",H1_v_mps_MINUS,H1,"[50.0,0.0,1.8,5.0]",v_mps,-1,230,"{""201"":230.0,""235"":230.0,""283"":230.0}","{""201"":200.0,""235"":200.0,""283"":200.0}",3.798568412958844
S7_Z200,S7,"[201,235,283]",H1_v_mps_MINUS,H1,"[50.0,0.0,1.8,5.0]",v_mps,-1,235,"{""201"":234.0,""235"":234.0,""283"":234.0}","{""201"":200.0,""235"":200.0,""283"":200.0}",4.124146773921825
S7_Z200,S7,"[201,235,283]",H1_v_mps_MINUS,H1,"[50.0,0.0,1.8,5.0]",v_mps,-1,240,"{""201"":240.0,""235"":240.0,""283"":240.0}","{""201"":200.0,""235"":200.0,""283"":200.0}",3.540596179899496
S7_Z200,S7,"[201,235,283]",H1_v_mps_MINUS,H1,"[50.0,0.0,1.8,5.0]",v_mps,-1,245,"{""201"":244.0,""235"":244.0,""283"":244.0}","{""201"":200.0,""235"":200.0,""283"":200.0}",2.960098789658723
S7_Z200,S7,"[201,235,283]",H1_v_mps_MINUS,H1,"[50.0,0.0,1.8,5.0]",v_mps,-1,250,"{""201"":250.0,""235"":250.0,""283"":250.0}","{""201"":200.0,""235"":200.0,""283"":200.0}",3.121857567039879
S7_Z200,S7,"[201,235,283]",H1_v_mps_PLUS,H1,"[50.0,0.0,2.2,5.0]",v_mps,1,150,"{""201"":150.0,""235"":150.0,""283"":150.0}","{""201"":200.0,""235"":200.0,""283"":200.0}",4.402300165769388
S7_Z200,S7,"[201,235,283]",H1_v_mps_PLUS,H1,"[50.0,0.0,2.2,5.0]",v_mps,1,155,"{""201"":154.0,""235"":154.0,""283"":154.0}","{""201"":200.0,""235"":200.0,""283"":200.0}",4.3353864483299365
S7_Z200,S7,"[201,235,283]",H1_v_mps_PLUS,H1,"[50.0,0.0,2.2,5.0]",v_mps,1,160,"{""201"":160.0,""235"":160.0,""283"":160.0}","{""201"":200.0,""235"":200.0,""283"":200.0}",3.8986550676877045
S7_Z200,S7,"[201,235,283]",H1_v_mps_PLUS,H1,"[50.0,0.0,2.2,5.0]",v_mps,1,165,"{""201"":164.0,""235"":164.0,""283"":164.0}","{""201"":200.0,""235"":200.0,""283"":200.0}",4.294448062077932
S7_Z200,S7,"[201,235,283]",H1_v_mps_PLUS,H1,"[50.0,0.0,2.2,5.0]",v_mps,1,170,"{""201"":170.0,""235"":170.0,""283"":170.0}","{""201"":200.0,""235"":200.0,""283"":200.0}",4.430161850779683
S7_Z200,S7,"[201,235,283]",H1_v_mps_PLUS,H1,"[50.0,0.0,2.2,5.0]",v_mps,1,175,"{""201"":174.0,""235"":174.0,""283"":174.0}","{""201"":200.0,""235"":200.0,""283"":200.0}",3.3636796920432066
S7_Z200,S7,"[201,235,283]",H1_v_mps_PLUS,H1,"[50.0,0.0,2.2,5.0]",v_mps,1,180,"{""201"":180.0,""235"":180.0,""283"":180.0}","{""201"":200.0,""235"":200.0,""283"":200.0}",2.6417345251151514
S7_Z200,S7,"[201,235,283]",H1_v_mps_PLUS,H1,"[50.0,0.0,2.2,5.0]",v_mps,1,185,"{""201"":184.0,""235"":184.0,""283"":184.0}","{""201"":200.0,""235"":200.0,""283"":200.0}",2.284471207730272
S7_Z200,S7,"[201,235,283]",H1_v_mps_PLUS,H1,"[50.0,0.0,2.2,5.0]",v_mps,1,190,"{""201"":190.0,""235"":190.0,""283"":190.0}","{""201"":200.0,""235"":200.0,""283"":200.0}",3.2138629128116407
S7_Z200,S7,"[201,235,283]",H1_v_mps_PLUS,H1,"[50.0,0.0,2.2,5.0]",v_mps,1,195,"{""201"":194.0,""235"":194.0,""283"":194.0}","{""201"":200.0,""235"":200.0,""283"":200.0}",3.064553924002121
S7_Z200,S7,"[201,235,283]",H1_v_mps_PLUS,H1,"[50.0,0.0,2.2,5.0]",v_mps,1,200,"{""201"":200.0,""235"":200.0,""283"":200.0}","{""201"":200.0,""235"":200.0,""283"":200.0}",3.216252790521343
S7_Z200,S7,"[201,235,283]",H1_v_mps_PLUS,H1,"[50.0,0.0,2.2,5.0]",v_mps,1,205,"{""201"":204.0,""235"":204.0,""283"":204.0}","{""201"":200.0,""235"":200.0,""283"":200.0}",2.744220889693999
S7_Z200,S7,"[201,235,283]",H1_v_mps_PLUS,H1,"[50.0,0.0,2.2,5.0]",v_mps,1,210,"{""201"":210.0,""235"":210.0,""283"":210.0}","{""201"":200.0,""235"":200.0,""283"":200.0}",2.643235936411839
S7_Z200,S7,"[201,235,283]",H1_v_mps_PLUS,H1,"[50.0,0.0,2.2,5.0]",v_mps,1,215,"{""201"":214.0,""235"":214.0,""283"":214.0}","{""201"":200.0,""235"":200.0,""283"":200.0}",2.9130116854255736
S7_Z200,S7,"[201,235,283]",H1_v_mps_PLUS,H1,"[50.0,0.0,2.2,5.0]",v_mps,1,220,"{""201"":220.0,""235"":220.0,""283"":220.0}","{""201"":200.0,""235"":200.0,""283"":200.0}",2.7592391916180885
S7_Z200,S7,"[201,235,283]",H1_v_mps_PLUS,H1,"[50.0,0.0,2.2,5.0]",v_mps,1,225,"{""201"":224.0,""235"":224.0,""283"":224.0}","{""201"":200.0,""235"":200.0,""283"":200.0}",2.45665068394641
S7_Z200,S7,"[201,235,283]",H1_v_mps_PLUS,H1,"[50.0,0.0,2.2,5.0]",v_mps,1,230,"{""201"":230.0,""235"":230.0,""283"":230.0}","{""201"":200.0,""235"":200.0,""283"":200.0}",5.411740939539651
S7_Z200,S7,"[201,235,283]",H1_v_mps_PLUS,H1,"[50.0,0.0,2.2,5.0]",v_mps,1,235,"{""201"":234.0,""235"":234.0,""283"":234.0}","{""201"":200.0,""235"":200.0,""283"":200.0}",4.799867519578138
S7_Z200,S7,"[201,235,283]",H1_v_mps_PLUS,H1,"[50.0,0.0,2.2,5.0]",v_mps,1,240,"{""201"":240.0,""235"":240.0,""283"":240.0}","{""201"":200.0,""235"":200.0,""283"":200.0}",5.007897728946093
S7_Z200,S7,"[201,235,283]",H1_v_mps_PLUS,H1,"[50.0,0.0,2.2,5.0]",v_mps,1,245,"{""201"":244.0,""235"":244.0,""283"":244.0}","{""201"":200.0,""235"":200.0,""283"":200.0}",3.9487743102396418
S7_Z200,S7,"[201,235,283]",H1_v_mps_PLUS,H1,"[50.0,0.0,2.2,5.0]",v_mps,1,250,"{""201"":250.0,""235"":250.0,""283"":250.0}","{""201"":200.0,""235"":200.0,""283"":200.0}",5.223723292735567
S7_Z200,S7,"[201,235,283]",H1_psi_deg_MINUS,H1,"[50.0,0.0,2.0,4.0]",psi_deg,-1,150,"{""201"":150.0,""235"":150.0,""283"":150.0}","{""201"":200.0,""235"":200.0,""283"":200.0}",3.1762325412753922
S7_Z200,S7,"[201,235,283]",H1_psi_deg_MINUS,H1,"[50.0,0.0,2.0,4.0]",psi_deg,-1,155,"{""201"":154.0,""235"":154.0,""283"":154.0}","{""201"":200.0,""235"":200.0,""283"":200.0}",2.5932079889347563
S7_Z200,S7,"[201,235,283]",H1_psi_deg_MINUS,H1,"[50.0,0.0,2.0,4.0]",psi_deg,-1,160,"{""201"":160.0,""235"":160.0,""283"":160.0}","{""201"":200.0,""235"":200.0,""283"":200.0}",1.9309664201256682
S7_Z200,S7,"[201,235,283]",H1_psi_deg_MINUS,H1,"[50.0,0.0,2.0,4.0]",psi_deg,-1,165,"{""201"":164.0,""235"":164.0,""283"":164.0}","{""201"":200.0,""235"":200.0,""283"":200.0}",2.790299049613861
S7_Z200,S7,"[201,235,283]",H1_psi_deg_MINUS,H1,"[50.0,0.0,2.0,4.0]",psi_deg,-1,170,"{""201"":170.0,""235"":170.0,""283"":170.0}","{""201"":200.0,""235"":200.0,""283"":200.0}",1.7556547358995083
S7_Z200,S7,"[201,235,283]",H1_psi_deg_MINUS,H1,"[50.0,0.0,2.0,4.0]",psi_deg,-1,175,"{""201"":174.0,""235"":174.0,""283"":174.0}","{""201"":200.0,""235"":200.0,""283"":200.0}",1.8922764949004256
S7_Z200,S7,"[201,235,283]",H1_psi_deg_MINUS,H1,"[50.0,0.0,2.0,4.0]",psi_deg,-1,180,"{""201"":180.0,""235"":180.0,""283"":180.0}","{""201"":200.0,""235"":200.0,""283"":200.0}",2.3159554422385256
S7_Z200,S7,"[201,235,283]",H1_psi_deg_MINUS,H1,"[50.0,0.0,2.0,4.0]",psi_deg,-1,185,"{""201"":184.0,""235"":184.0,""283"":184.0}","{""201"":200.0,""235"":200.0,""283"":200.0}",2.0763651176375735
S7_Z200,S7,"[201,235,283]",H1_psi_deg_MINUS,H1,"[50.0,0.0,2.0,4.0]",psi_deg,-1,190,"{""201"":190.0,""235"":190.0,""283"":190.0}","{""201"":200.0,""235"":200.0,""283"":200.0}",2.9323723556392314
S7_Z200,S7,"[201,235,283]",H1_psi_deg_MINUS,H1,"[50.0,0.0,2.0,4.0]",psi_deg,-1,195,"{""201"":194.0,""235"":194.0,""283"":194.0}","{""201"":200.0,""235"":200.0,""283"":200.0}",2.9713168726449024
S7_Z200,S7,"[201,235,283]",H1_psi_deg_MINUS,H1,"[50.0,0.0,2.0,4.0]",psi_deg,-1,200,"{""201"":200.0,""235"":200.0,""283"":200.0}","{""201"":200.0,""235"":200.0,""283"":200.0}",0.3364384368183002
S7_Z200,S7,"[201,235,283]",H1_psi_deg_MINUS,H1,"[50.0,0.0,2.0,4.0]",psi_deg,-1,205,"{""201"":204.0,""235"":204.0,""283"":204.0}","{""201"":200.0,""235"":200.0,""283"":200.0}",0.8834473430954015
S7_Z200,S7,"[201,235,283]",H1_psi_deg_MINUS,H1,"[50.0,0.0,2.0,4.0]",psi_deg,-1,210,"{""201"":210.0,""235"":210.0,""283"":210.0}","{""201"":200.0,""235"":200.0,""283"":200.0}",2.8273869517701717
S7_Z200,S7,"[201,235,283]",H1_psi_deg_MINUS,H1,"[50.0,0.0,2.0,4.0]",psi_deg,-1,215,"{""201"":214.0,""235"":214.0,""283"":214.0}","{""201"":200.0,""235"":200.0,""283"":200.0}",2.551990825966503
S7_Z200,S7,"[201,235,283]",H1_psi_deg_MINUS,H1,"[50.0,0.0,2.0,4.0]",psi_deg,-1,220,"{""201"":220.0,""235"":220.0,""283"":220.0}","{""201"":200.0,""235"":200.0,""283"":200.0}",1.722096031368414
S7_Z200,S7,"[201,235,283]",H1_psi_deg_MINUS,H1,"[50.0,0.0,2.0,4.0]",psi_deg,-1,225,"{""201"":224.0,""235"":224.0,""283"":224.0}","{""201"":200.0,""235"":200.0,""283"":200.0}",2.557659270012455
S7_Z200,S7,"[201,235,283]",H1_psi_deg_MINUS,H1,"[50.0,0.0,2.0,4.0]",psi_deg,-1,230,"{""201"":230.0,""235"":230.0,""283"":230.0}","{""201"":200.0,""235"":200.0,""283"":200.0}",1.8402781248020719
S7_Z200,S7,"[201,235,283]",H1_psi_deg_MINUS,H1,"[50.0,0.0,2.0,4.0]",psi_deg,-1,235,"{""201"":234.0,""235"":234.0,""283"":234.0}","{""201"":200.0,""235"":200.0,""283"":200.0}",2.8358731759135
S7_Z200,S7,"[201,235,283]",H1_psi_deg_MINUS,H1,"[50.0,0.0,2.0,4.0]",psi_deg,-1,240,"{""201"":240.0,""235"":240.0,""283"":240.0}","{""201"":200.0,""235"":200.0,""283"":200.0}",1.8680340448970256
S7_Z200,S7,"[201,235,283]",H1_psi_deg_MINUS,H1,"[50.0,0.0,2.0,4.0]",psi_deg,-1,245,"{""201"":244.0,""235"":244.0,""283"":244.0}","{""201"":200.0,""235"":200.0,""283"":200.0}",2.4834394816215135
S7_Z200,S7,"[201,235,283]",H1_psi_deg_MINUS,H1,"[50.0,0.0,2.0,4.0]",psi_deg,-1,250,"{""201"":250.0,""235"":250.0,""283"":250.0}","{""201"":200.0,""235"":200.0,""283"":200.0}",3.8872099739110553
S7_Z200,S7,"[201,235,283]",H1_psi_deg_PLUS,H1,"[50.0,0.0,2.0,6.0]",psi_deg,1,150,"{""201"":150.0,""235"":150.0,""283"":150.0}","{""201"":200.0,""235"":200.0,""283"":200.0}",2.8695321327273646
S7_Z200,S7,"[201,235,283]",H1_psi_deg_PLUS,H1,"[50.0,0.0,2.0,6.0]",psi_deg,1,155,"{""201"":154.0,""235"":154.0,""283"":154.0}","{""201"":200.0,""235"":200.0,""283"":200.0}",2.946469598924366
S7_Z200,S7,"[201,235,283]",H1_psi_deg_PLUS,H1,"[50.0,0.0,2.0,6.0]",psi_deg,1,160,"{""201"":160.0,""235"":160.0,""283"":160.0}","{""201"":200.0,""235"":200.0,""283"":200.0}",1.8875793880528893
S7_Z200,S7,"[201,235,283]",H1_psi_deg_PLUS,H1,"[50.0,0.0,2.0,6.0]",psi_deg,1,165,"{""201"":164.0,""235"":164.0,""283"":164.0}","{""201"":200.0,""235"":200.0,""283"":200.0}",2.874120661109579
S7_Z200,S7,"[201,235,283]",H1_psi_deg_PLUS,H1,"[50.0,0.0,2.0,6.0]",psi_deg,1,170,"{""201"":170.0,""235"":170.0,""283"":170.0}","{""201"":200.0,""235"":200.0,""283"":200.0}",1.5051446539346363
S7_Z200,S7,"[201,235,283]",H1_psi_deg_PLUS,H1,"[50.0,0.0,2.0,6.0]",psi_deg,1,175,"{""201"":174.0,""235"":174.0,""283"":174.0}","{""201"":200.0,""235"":200.0,""283"":200.0}",1.7803272593989172
S7_Z200,S7,"[201,235,283]",H1_psi_deg_PLUS,H1,"[50.0,0.0,2.0,6.0]",psi_deg,1,180,"{""201"":180.0,""235"":180.0,""283"":180.0}","{""201"":200.0,""235"":200.0,""283"":200.0}",2.4726772713389904
S7_Z200,S7,"[201,235,283]",H1_psi_deg_PLUS,H1,"[50.0,0.0,2.0,6.0]",psi_deg,1,185,"{""201"":184.0,""235"":184.0,""283"":184.0}","{""201"":200.0,""235"":200.0,""283"":200.0}",1.651191248620217
S7_Z200,S7,"[201,235,283]",H1_psi_deg_PLUS,H1,"[50.0,0.0,2.0,6.0]",psi_deg,1,190,"{""201"":190.0,""235"":190.0,""283"":190.0}","{""201"":200.0,""235"":200.0,""283"":200.0}",3.184349227274263
S7_Z200,S7,"[201,235,283]",H1_psi_deg_PLUS,H1,"[50.0,0.0,2.0,6.0]",psi_deg,1,195,"{""201"":194.0,""235"":194.0,""283"":194.0}","{""201"":200.0,""235"":200.0,""283"":200.0}",2.662786612311345
S7_Z200,S7,"[201,235,283]",H1_psi_deg_PLUS,H1,"[50.0,0.0,2.0,6.0]",psi_deg,1,200,"{""201"":200.0,""235"":200.0,""283"":200.0}","{""201"":200.0,""235"":200.0,""283"":200.0}",0.43949100702726274
S7_Z200,S7,"[201,235,283]",H1_psi_deg_PLUS,H1,"[50.0,0.0,2.0,6.0]",psi_deg,1,205,"{""201"":204.0,""235"":204.0,""283"":204.0}","{""201"":200.0,""235"":200.0,""283"":200.0}",1.1177217508269373
S7_Z200,S7,"[201,235,283]",H1_psi_deg_PLUS,H1,"[50.0,0.0,2.0,6.0]",psi_deg,1,210,"{""201"":210.0,""235"":210.0,""283"":210.0}","{""201"":200.0,""235"":200.0,""283"":200.0}",3.1073275725092513
S7_Z200,S7,"[201,235,283]",H1_psi_deg_PLUS,H1,"[50.0,0.0,2.0,6.0]",psi_deg,1,215,"{""201"":214.0,""235"":214.0,""283"":214.0}","{""201"":200.0,""235"":200.0,""283"":200.0}",2.6050880022846563
S7_Z200,S7,"[201,235,283]",H1_psi_deg_PLUS,H1,"[50.0,0.0,2.0,6.0]",psi_deg,1,220,"{""201"":220.0,""235"":220.0,""283"":220.0}","{""201"":200.0,""235"":200.0,""283"":200.0}",1.5650227489848516
S7_Z200,S7,"[201,235,283]",H1_psi_deg_PLUS,H1,"[50.0,0.0,2.0,6.0]",psi_deg,1,225,"{""201"":224.0,""235"":224.0,""283"":224.0}","{""201"":200.0,""235"":200.0,""283"":200.0}",2.875791099285198
S7_Z200,S7,"[201,235,283]",H1_psi_deg_PLUS,H1,"[50.0,0.0,2.0,6.0]",psi_deg,1,230,"{""201"":230.0,""235"":230.0,""283"":230.0}","{""201"":200.0,""235"":200.0,""283"":200.0}",1.9448927667686269
S7_Z200,S7,"[201,235,283]",H1_psi_deg_PLUS,H1,"[50.0,0.0,2.0,6.0]",psi_deg,1,235,"{""201"":234.0,""235"":234.0,""283"":234.0}","{""201"":200.0,""235"":200.0,""283"":200.0}",2.782255203885981
S7_Z200,S7,"[201,235,283]",H1_psi_deg_PLUS,H1,"[50.0,0.0,2.0,6.0]",psi_deg,1,240,"{""201"":240.0,""235"":240.0,""283"":240.0}","{""201"":200.0,""235"":200.0,""283"":200.0}",1.7915956890242537
S7_Z200,S7,"[201,235,283]",H1_psi_deg_PLUS,H1,"[50.0,0.0,2.0,6.0]",psi_deg,1,245,"{""201"":244.0,""235"":244.0,""283"":244.0}","{""201"":200.0,""235"":200.0,""283"":200.0}",2.806007210698224
S7_Z200,S7,"[201,235,283]",H1_psi_deg_PLUS,H1,"[50.0,0.0,2.0,6.0]",psi_deg,1,250,"{""201"":250.0,""235"":250.0,""283"":250.0}","{""201"":200.0,""235"":200.0,""283"":200.0}",2.606918656777749
S7_Z220,S7,"[201,235,283]",H0,H0,"[50.0,0.0,2.0,5.0]",NONE,0,150,"{""201"":150.0,""235"":150.0,""283"":150.0}","{""201"":200.0,""235"":200.0,""283"":200.0}",1.924084969160326
S7_Z220,S7,"[201,235,283]",H0,H0,"[50.0,0.0,2.0,5.0]",NONE,0,155,"{""201"":154.0,""235"":154.0,""283"":154.0}","{""201"":200.0,""235"":200.0,""283"":200.0}",1.8735667627441932
S7_Z220,S7,"[201,235,283]",H0,H0,"[50.0,0.0,2.0,5.0]",NONE,0,160,"{""201"":160.0,""235"":160.0,""283"":160.0}","{""201"":200.0,""235"":200.0,""283"":200.0}",1.5921811605763894
S7_Z220,S7,"[201,235,283]",H0,H0,"[50.0,0.0,2.0,5.0]",NONE,0,165,"{""201"":164.0,""235"":164.0,""283"":164.0}","{""201"":200.0,""235"":200.0,""283"":200.0}",1.386803614129485
S7_Z220,S7,"[201,235,283]",H0,H0,"[50.0,0.0,2.0,5.0]",NONE,0,170,"{""201"":170.0,""235"":170.0,""283"":170.0}","{""201"":200.0,""235"":200.0,""283"":200.0}",0.8539710840078475
S7_Z220,S7,"[201,235,283]",H0,H0,"[50.0,0.0,2.0,5.0]",NONE,0,175,"{""201"":174.0,""235"":174.0,""283"":174.0}","{""201"":200.0,""235"":200.0,""283"":200.0}",1.4915236849888083
S7_Z220,S7,"[201,235,283]",H0,H0,"[50.0,0.0,2.0,5.0]",NONE,0,180,"{""201"":180.0,""235"":180.0,""283"":180.0}","{""201"":200.0,""235"":200.0,""283"":200.0}",1.457687122916863
S7_Z220,S7,"[201,235,283]",H0,H0,"[50.0,0.0,2.0,5.0]",NONE,0,185,"{""201"":184.0,""235"":184.0,""283"":184.0}","{""201"":200.0,""235"":200.0,""283"":200.0}",1.1485626350934521
S7_Z220,S7,"[201,235,283]",H0,H0,"[50.0,0.0,2.0,5.0]",NONE,0,190,"{""201"":190.0,""235"":190.0,""283"":190.0}","{""201"":200.0,""235"":200.0,""283"":200.0}",1.9794706244081415
S7_Z220,S7,"[201,235,283]",H0,H0,"[50.0,0.0,2.0,5.0]",NONE,0,195,"{""201"":194.0,""235"":194.0,""283"":194.0}","{""201"":200.0,""235"":200.0,""283"":200.0}",1.653852822512974
S7_Z220,S7,"[201,235,283]",H0,H0,"[50.0,0.0,2.0,5.0]",NONE,0,200,"{""201"":200.0,""235"":200.0,""283"":200.0}","{""201"":200.0,""235"":200.0,""283"":200.0}",1.6106756133115179
S7_Z220,S7,"[201,235,283]",H0,H0,"[50.0,0.0,2.0,5.0]",NONE,0,205,"{""201"":204.0,""235"":204.0,""283"":204.0}","{""201"":200.0,""235"":200.0,""283"":200.0}",0.8878948766645743
S7_Z220,S7,"[201,235,283]",H0,H0,"[50.0,0.0,2.0,5.0]",NONE,0,210,"{""201"":210.0,""235"":210.0,""283"":210.0}","{""201"":200.0,""235"":200.0,""283"":200.0}",1.9719799600993415
S7_Z220,S7,"[201,235,283]",H0,H0,"[50.0,0.0,2.0,5.0]",NONE,0,215,"{""201"":214.0,""235"":214.0,""283"":214.0}","{""201"":200.0,""235"":200.0,""283"":200.0}",1.7071019622721604
S7_Z220,S7,"[201,235,283]",H0,H0,"[50.0,0.0,2.0,5.0]",NONE,0,220,"{""201"":220.0,""235"":220.0,""283"":220.0}","{""201"":200.0,""235"":200.0,""283"":200.0}",1.3111311231987692e-14
S7_Z220,S7,"[201,235,283]",H0,H0,"[50.0,0.0,2.0,5.0]",NONE,0,225,"{""201"":224.0,""235"":224.0,""283"":224.0}","{""201"":200.0,""235"":200.0,""283"":200.0}",1.7486977745933459
S7_Z220,S7,"[201,235,283]",H0,H0,"[50.0,0.0,2.0,5.0]",NONE,0,230,"{""201"":230.0,""235"":230.0,""283"":230.0}","{""201"":200.0,""235"":200.0,""283"":200.0}",1.5469712679981542
S7_Z220,S7,"[201,235,283]",H0,H0,"[50.0,0.0,2.0,5.0]",NONE,0,235,"{""201"":234.0,""235"":234.0,""283"":234.0}","{""201"":200.0,""235"":200.0,""283"":200.0}",2.212864861276034
S7_Z220,S7,"[201,235,283]",H0,H0,"[50.0,0.0,2.0,5.0]",NONE,0,240,"{""201"":240.0,""235"":240.0,""283"":240.0}","{""201"":200.0,""235"":200.0,""283"":200.0}",1.3378119317890154
S7_Z220,S7,"[201,235,283]",H0,H0,"[50.0,0.0,2.0,5.0]",NONE,0,245,"{""201"":244.0,""235"":244.0,""283"":244.0}","{""201"":200.0,""235"":200.0,""283"":200.0}",2.0857333084318737
S7_Z220,S7,"[201,235,283]",H0,H0,"[50.0,0.0,2.0,5.0]",NONE,0,250,"{""201"":250.0,""235"":250.0,""283"":250.0}","{""201"":200.0,""235"":200.0,""283"":200.0}",2.4698907122353355
S7_Z220,S7,"[201,235,283]",H1_r_km_MINUS,H1,"[49.0,0.0,2.0,5.0]",r_km,-1,150,"{""201"":150.0,""235"":150.0,""283"":150.0}","{""201"":200.0,""235"":200.0,""283"":200.0}",1.4157490001432411
S7_Z220,S7,"[201,235,283]",H1_r_km_MINUS,H1,"[49.0,0.0,2.0,5.0]",r_km,-1,155,"{""201"":154.0,""235"":154.0,""283"":154.0}","{""201"":200.0,""235"":200.0,""283"":200.0}",2.1740527561790355
S7_Z220,S7,"[201,235,283]",H1_r_km_MINUS,H1,"[49.0,0.0,2.0,5.0]",r_km,-1,160,"{""201"":160.0,""235"":160.0,""283"":160.0}","{""201"":200.0,""235"":200.0,""283"":200.0}",1.6603261528737074
S7_Z220,S7,"[201,235,283]",H1_r_km_MINUS,H1,"[49.0,0.0,2.0,5.0]",r_km,-1,165,"{""201"":164.0,""235"":164.0,""283"":164.0}","{""201"":200.0,""235"":200.0,""283"":200.0}",1.821159144884576
S7_Z220,S7,"[201,235,283]",H1_r_km_MINUS,H1,"[49.0,0.0,2.0,5.0]",r_km,-1,170,"{""201"":170.0,""235"":170.0,""283"":170.0}","{""201"":200.0,""235"":200.0,""283"":200.0}",2.333323737922025
S7_Z220,S7,"[201,235,283]",H1_r_km_MINUS,H1,"[49.0,0.0,2.0,5.0]",r_km,-1,175,"{""201"":174.0,""235"":174.0,""283"":174.0}","{""201"":200.0,""235"":200.0,""283"":200.0}",2.3698365198432048
S7_Z220,S7,"[201,235,283]",H1_r_km_MINUS,H1,"[49.0,0.0,2.0,5.0]",r_km,-1,180,"{""201"":180.0,""235"":180.0,""283"":180.0}","{""201"":200.0,""235"":200.0,""283"":200.0}",0.9349342868686956
S7_Z220,S7,"[201,235,283]",H1_r_km_MINUS,H1,"[49.0,0.0,2.0,5.0]",r_km,-1,185,"{""201"":184.0,""235"":184.0,""283"":184.0}","{""201"":200.0,""235"":200.0,""283"":200.0}",0.9642152481221531
S7_Z220,S7,"[201,235,283]",H1_r_km_MINUS,H1,"[49.0,0.0,2.0,5.0]",r_km,-1,190,"{""201"":190.0,""235"":190.0,""283"":190.0}","{""201"":200.0,""235"":200.0,""283"":200.0}",1.578023552691216
S7_Z220,S7,"[201,235,283]",H1_r_km_MINUS,H1,"[49.0,0.0,2.0,5.0]",r_km,-1,195,"{""201"":194.0,""235"":194.0,""283"":194.0}","{""201"":200.0,""235"":200.0,""283"":200.0}",2.133916078867178
S7_Z220,S7,"[201,235,283]",H1_r_km_MINUS,H1,"[49.0,0.0,2.0,5.0]",r_km,-1,200,"{""201"":200.0,""235"":200.0,""283"":200.0}","{""201"":200.0,""235"":200.0,""283"":200.0}",3.7753578582083525
S7_Z220,S7,"[201,235,283]",H1_r_km_MINUS,H1,"[49.0,0.0,2.0,5.0]",r_km,-1,205,"{""201"":204.0,""235"":204.0,""283"":204.0}","{""201"":200.0,""235"":200.0,""283"":200.0}",2.0572513086782274
S7_Z220,S7,"[201,235,283]",H1_r_km_MINUS,H1,"[49.0,0.0,2.0,5.0]",r_km,-1,210,"{""201"":210.0,""235"":210.0,""283"":210.0}","{""201"":200.0,""235"":200.0,""283"":200.0}",2.179115439030063
S7_Z220,S7,"[201,235,283]",H1_r_km_MINUS,H1,"[49.0,0.0,2.0,5.0]",r_km,-1,215,"{""201"":214.0,""235"":214.0,""283"":214.0}","{""201"":200.0,""235"":200.0,""283"":200.0}",2.7799579178590084
S7_Z220,S7,"[201,235,283]",H1_r_km_MINUS,H1,"[49.0,0.0,2.0,5.0]",r_km,-1,220,"{""201"":220.0,""235"":220.0,""283"":220.0}","{""201"":200.0,""235"":200.0,""283"":200.0}",2.0220024033785546
S7_Z220,S7,"[201,235,283]",H1_r_km_MINUS,H1,"[49.0,0.0,2.0,5.0]",r_km,-1,225,"{""201"":224.0,""235"":224.0,""283"":224.0}","{""201"":200.0,""235"":200.0,""283"":200.0}",2.877570075837867
S7_Z220,S7,"[201,235,283]",H1_r_km_MINUS,H1,"[49.0,0.0,2.0,5.0]",r_km,-1,230,"{""201"":230.0,""235"":230.0,""283"":230.0}","{""201"":200.0,""235"":200.0,""283"":200.0}",2.0904124641426636
S7_Z220,S7,"[201,235,283]",H1_r_km_MINUS,H1,"[49.0,0.0,2.0,5.0]",r_km,-1,235,"{""201"":234.0,""235"":234.0,""283"":234.0}","{""201"":200.0,""235"":200.0,""283"":200.0}",1.861597219015171
S7_Z220,S7,"[201,235,283]",H1_r_km_MINUS,H1,"[49.0,0.0,2.0,5.0]",r_km,-1,240,"{""201"":240.0,""235"":240.0,""283"":240.0}","{""201"":200.0,""235"":200.0,""283"":200.0}",1.947651915856682
S7_Z220,S7,"[201,235,283]",H1_r_km_MINUS,H1,"[49.0,0.0,2.0,5.0]",r_km,-1,245,"{""201"":244.0,""235"":244.0,""283"":244.0}","{""201"":200.0,""235"":200.0,""283"":200.0}",1.648875617908928
S7_Z220,S7,"[201,235,283]",H1_r_km_MINUS,H1,"[49.0,0.0,2.0,5.0]",r_km,-1,250,"{""201"":250.0,""235"":250.0,""283"":250.0}","{""201"":200.0,""235"":200.0,""283"":200.0}",1.2188299747324916
S7_Z220,S7,"[201,235,283]",H1_r_km_PLUS,H1,"[51.0,0.0,2.0,5.0]",r_km,1,150,"{""201"":150.0,""235"":150.0,""283"":150.0}","{""201"":200.0,""235"":200.0,""283"":200.0}",1.1387784574605455
S7_Z220,S7,"[201,235,283]",H1_r_km_PLUS,H1,"[51.0,0.0,2.0,5.0]",r_km,1,155,"{""201"":154.0,""235"":154.0,""283"":154.0}","{""201"":200.0,""235"":200.0,""283"":200.0}",1.4198277833454038
S7_Z220,S7,"[201,235,283]",H1_r_km_PLUS,H1,"[51.0,0.0,2.0,5.0]",r_km,1,160,"{""201"":160.0,""235"":160.0,""283"":160.0}","{""201"":200.0,""235"":200.0,""283"":200.0}",2.749516943883315
S7_Z220,S7,"[201,235,283]",H1_r_km_PLUS,H1,"[51.0,0.0,2.0,5.0]",r_km,1,165,"{""201"":164.0,""235"":164.0,""283"":164.0}","{""201"":200.0,""235"":200.0,""283"":200.0}",1.8890594154605374
S7_Z220,S7,"[201,235,283]",H1_r_km_PLUS,H1,"[51.0,0.0,2.0,5.0]",r_km,1,170,"{""201"":170.0,""235"":170.0,""283"":170.0}","{""201"":200.0,""235"":200.0,""283"":200.0}",1.5740926398823014
S7_Z220,S7,"[201,235,283]",H1_r_km_PLUS,H1,"[51.0,0.0,2.0,5.0]",r_km,1,175,"{""201"":174.0,""235"":174.0,""283"":174.0}","{""201"":200.0,""235"":200.0,""283"":200.0}",1.6108061617260303
S7_Z220,S7,"[201,235,283]",H1_r_km_PLUS,H1,"[51.0,0.0,2.0,5.0]",r_km,1,180,"{""201"":180.0,""235"":180.0,""283"":180.0}","{""201"":200.0,""235"":200.0,""283"":200.0}",1.4648779099295226
S7_Z220,S7,"[201,235,283]",H1_r_km_PLUS,H1,"[51.0,0.0,2.0,5.0]",r_km,1,185,"{""201"":184.0,""235"":184.0,""283"":184.0}","{""201"":200.0,""235"":200.0,""283"":200.0}",0.9126718030329866
S7_Z220,S7,"[201,235,283]",H1_r_km_PLUS,H1,"[51.0,0.0,2.0,5.0]",r_km,1,190,"{""201"":190.0,""235"":190.0,""283"":190.0}","{""201"":200.0,""235"":200.0,""283"":200.0}",1.1612958867140328
S7_Z220,S7,"[201,235,283]",H1_r_km_PLUS,H1,"[51.0,0.0,2.0,5.0]",r_km,1,195,"{""201"":194.0,""235"":194.0,""283"":194.0}","{""201"":200.0,""235"":200.0,""283"":200.0}",1.4352322858810647
S7_Z220,S7,"[201,235,283]",H1_r_km_PLUS,H1,"[51.0,0.0,2.0,5.0]",r_km,1,200,"{""201"":200.0,""235"":200.0,""283"":200.0}","{""201"":200.0,""235"":200.0,""283"":200.0}",0.9634762838828302
S7_Z220,S7,"[201,235,283]",H1_r_km_PLUS,H1,"[51.0,0.0,2.0,5.0]",r_km,1,205,"{""201"":204.0,""235"":204.0,""283"":204.0}","{""201"":200.0,""235"":200.0,""283"":200.0}",1.048040164631611
S7_Z220,S7,"[201,235,283]",H1_r_km_PLUS,H1,"[51.0,0.0,2.0,5.0]",r_km,1,210,"{""201"":210.0,""235"":210.0,""283"":210.0}","{""201"":200.0,""235"":200.0,""283"":200.0}",1.1255327096861167
S7_Z220,S7,"[201,235,283]",H1_r_km_PLUS,H1,"[51.0,0.0,2.0,5.0]",r_km,1,215,"{""201"":214.0,""235"":214.0,""283"":214.0}","{""201"":200.0,""235"":200.0,""283"":200.0}",0.8036507885998647
S7_Z220,S7,"[201,235,283]",H1_r_km_PLUS,H1,"[51.0,0.0,2.0,5.0]",r_km,1,220,"{""201"":220.0,""235"":220.0,""283"":220.0}","{""201"":200.0,""235"":200.0,""283"":200.0}",1.7107187849679217
S7_Z220,S7,"[201,235,283]",H1_r_km_PLUS,H1,"[51.0,0.0,2.0,5.0]",r_km,1,225,"{""201"":224.0,""235"":224.0,""283"":224.0}","{""201"":200.0,""235"":200.0,""283"":200.0}",2.281659864694356
S7_Z220,S7,"[201,235,283]",H1_r_km_PLUS,H1,"[51.0,0.0,2.0,5.0]",r_km,1,230,"{""201"":230.0,""235"":230.0,""283"":230.0}","{""201"":200.0,""235"":200.0,""283"":200.0}",1.7983963897886763
S7_Z220,S7,"[201,235,283]",H1_r_km_PLUS,H1,"[51.0,0.0,2.0,5.0]",r_km,1,235,"{""201"":234.0,""235"":234.0,""283"":234.0}","{""201"":200.0,""235"":200.0,""283"":200.0}",1.1701323327821744
S7_Z220,S7,"[201,235,283]",H1_r_km_PLUS,H1,"[51.0,0.0,2.0,5.0]",r_km,1,240,"{""201"":240.0,""235"":240.0,""283"":240.0}","{""201"":200.0,""235"":200.0,""283"":200.0}",3.3860964510105918
S7_Z220,S7,"[201,235,283]",H1_r_km_PLUS,H1,"[51.0,0.0,2.0,5.0]",r_km,1,245,"{""201"":244.0,""235"":244.0,""283"":244.0}","{""201"":200.0,""235"":200.0,""283"":200.0}",2.485275122482107
S7_Z220,S7,"[201,235,283]",H1_r_km_PLUS,H1,"[51.0,0.0,2.0,5.0]",r_km,1,250,"{""201"":250.0,""235"":250.0,""283"":250.0}","{""201"":200.0,""235"":200.0,""283"":200.0}",0.8546660977200318
S7_Z220,S7,"[201,235,283]",H1_theta_deg_MINUS,H1,"[50.0,-0.5,2.0,5.0]",theta_deg,-1,150,"{""201"":150.0,""235"":150.0,""283"":150.0}","{""201"":200.0,""235"":200.0,""283"":200.0}",1.9844634992200314
S7_Z220,S7,"[201,235,283]",H1_theta_deg_MINUS,H1,"[50.0,-0.5,2.0,5.0]",theta_deg,-1,155,"{""201"":154.0,""235"":154.0,""283"":154.0}","{""201"":200.0,""235"":200.0,""283"":200.0}",1.8803771810780217
S7_Z220,S7,"[201,235,283]",H1_theta_deg_MINUS,H1,"[50.0,-0.5,2.0,5.0]",theta_deg,-1,160,"{""201"":160.0,""235"":160.0,""283"":160.0}","{""201"":200.0,""235"":200.0,""283"":200.0}",1.6006394435568927
S7_Z220,S7,"[201,235,283]",H1_theta_deg_MINUS,H1,"[50.0,-0.5,2.0,5.0]",theta_deg,-1,165,"{""201"":164.0,""235"":164.0,""283"":164.0}","{""201"":200.0,""235"":200.0,""283"":200.0}",1.4122138791811425
S7_Z220,S7,"[201,235,283]",H1_theta_deg_MINUS,H1,"[50.0,-0.5,2.0,5.0]",theta_deg,-1,170,"{""201"":170.0,""235"":170.0,""283"":170.0}","{""201"":200.0,""235"":200.0,""283"":200.0}",0.8782445139251592
S7_Z220,S7,"[201,235,283]",H1_theta_deg_MINUS,H1,"[50.0,-0.5,2.0,5.0]",theta_deg,-1,175,"{""201"":174.0,""235"":174.0,""283"":174.0}","{""201"":200.0,""235"":200.0,""283"":200.0}",1.517782443177172
S7_Z220,S7,"[201,235,283]",H1_theta_deg_MINUS,H1,"[50.0,-0.5,2.0,5.0]",theta_deg,-1,180,"{""201"":180.0,""235"":180.0,""283"":180.0}","{""201"":200.0,""235"":200.0,""283"":200.0}",1.4636754043415536
S7_Z220,S7,"[201,235,283]",H1_theta_deg_MINUS,H1,"[50.0,-0.5,2.0,5.0]",theta_deg,-1,185,"{""201"":184.0,""235"":184.0,""283"":184.0}","{""201"":200.0,""235"":200.0,""283"":200.0}",1.235786545221016
S7_Z220,S7,"[201,235,283]",H1_theta_deg_MINUS,H1,"[50.0,-0.5,2.0,5.0]",theta_deg,-1,190,"{""201"":190.0,""235"":190.0,""283"":190.0}","{""201"":200.0,""235"":200.0,""283"":200.0}",2.0136375803492754
S7_Z220,S7,"[201,235,283]",H1_theta_deg_MINUS,H1,"[50.0,-0.5,2.0,5.0]",theta_deg,-1,195,"{""201"":194.0,""235"":194.0,""283"":194.0}","{""201"":200.0,""235"":200.0,""283"":200.0}",1.694533939467294
S7_Z220,S7,"[201,235,283]",H1_theta_deg_MINUS,H1,"[50.0,-0.5,2.0,5.0]",theta_deg,-1,200,"{""201"":200.0,""235"":200.0,""283"":200.0}","{""201"":200.0,""235"":200.0,""283"":200.0}",1.678423684757265
S7_Z220,S7,"[201,235,283]",H1_theta_deg_MINUS,H1,"[50.0,-0.5,2.0,5.0]",theta_deg,-1,205,"{""201"":204.0,""235"":204.0,""283"":204.0}","{""201"":200.0,""235"":200.0,""283"":200.0}",0.9186903787187438
S7_Z220,S7,"[201,235,283]",H1_theta_deg_MINUS,H1,"[50.0,-0.5,2.0,5.0]",theta_deg,-1,210,"{""201"":210.0,""235"":210.0,""283"":210.0}","{""201"":200.0,""235"":200.0,""283"":200.0}",2.0540473731334465
S7_Z220,S7,"[201,235,283]",H1_theta_deg_MINUS,H1,"[50.0,-0.5,2.0,5.0]",theta_deg,-1,215,"{""201"":214.0,""235"":214.0,""283"":214.0}","{""201"":200.0,""235"":200.0,""283"":200.0}",1.737877999147828
S7_Z220,S7,"[201,235,283]",H1_theta_deg_MINUS,H1,"[50.0,-0.5,2.0,5.0]",theta_deg,-1,220,"{""201"":220.0,""235"":220.0,""283"":220.0}","{""201"":200.0,""235"":200.0,""283"":200.0}",0.04388325237944328
S7_Z220,S7,"[201,235,283]",H1_theta_deg_MINUS,H1,"[50.0,-0.5,2.0,5.0]",theta_deg,-1,225,"{""201"":224.0,""235"":224.0,""283"":224.0}","{""201"":200.0,""235"":200.0,""283"":200.0}",1.764724727299364
S7_Z220,S7,"[201,235,283]",H1_theta_deg_MINUS,H1,"[50.0,-0.5,2.0,5.0]",theta_deg,-1,230,"{""201"":230.0,""235"":230.0,""283"":230.0}","{""201"":200.0,""235"":200.0,""283"":200.0}",1.6195403427256876
S7_Z220,S7,"[201,235,283]",H1_theta_deg_MINUS,H1,"[50.0,-0.5,2.0,5.0]",theta_deg,-1,235,"{""201"":234.0,""235"":234.0,""283"":234.0}","{""201"":200.0,""235"":200.0,""283"":200.0}",2.2166922736608545
S7_Z220,S7,"[201,235,283]",H1_theta_deg_MINUS,H1,"[50.0,-0.5,2.0,5.0]",theta_deg,-1,240,"{""201"":240.0,""235"":240.0,""283"":240.0}","{""201"":200.0,""235"":200.0,""283"":200.0}",1.3579444780468606
S7_Z220,S7,"[201,235,283]",H1_theta_deg_MINUS,H1,"[50.0,-0.5,2.0,5.0]",theta_deg,-1,245,"{""201"":244.0,""235"":244.0,""283"":244.0}","{""201"":200.0,""235"":200.0,""283"":200.0}",2.114321040612591
S7_Z220,S7,"[201,235,283]",H1_theta_deg_MINUS,H1,"[50.0,-0.5,2.0,5.0]",theta_deg,-1,250,"{""201"":250.0,""235"":250.0,""283"":250.0}","{""201"":200.0,""235"":200.0,""283"":200.0}",2.548018838416524
S7_Z220,S7,"[201,235,283]",H1_theta_deg_PLUS,H1,"[50.0,0.5,2.0,5.0]",theta_deg,1,150,"{""201"":150.0,""235"":150.0,""283"":150.0}","{""201"":200.0,""235"":200.0,""283"":200.0}",1.863095918470643
S7_Z220,S7,"[201,235,283]",H1_theta_deg_PLUS,H1,"[50.0,0.5,2.0,5.0]",theta_deg,1,155,"{""201"":154.0,""235"":154.0,""283"":154.0}","{""201"":200.0,""235"":200.0,""283"":200.0}",1.8669958139693312
S7_Z220,S7,"[201,235,283]",H1_theta_deg_PLUS,H1,"[50.0,0.5,2.0,5.0]",theta_deg,1,160,"{""201"":160.0,""235"":160.0,""283"":160.0}","{""201"":200.0,""235"":200.0,""283"":200.0}",1.5787267212927152
S7_Z220,S7,"[201,235,283]",H1_theta_deg_PLUS,H1,"[50.0,0.5,2.0,5.0]",theta_deg,1,165,"{""201"":164.0,""235"":164.0,""283"":164.0}","{""201"":200.0,""235"":200.0,""283"":200.0}",1.3596359068362347
S7_Z220,S7,"[201,235,283]",H1_theta_deg_PLUS,H1,"[50.0,0.5,2.0,5.0]",theta_deg,1,170,"{""201"":170.0,""235"":170.0,""283"":170.0}","{""201"":200.0,""235"":200.0,""283"":200.0}",0.8323240797078799
S7_Z220,S7,"[201,235,283]",H1_theta_deg_PLUS,H1,"[50.0,0.5,2.0,5.0]",theta_deg,1,175,"{""201"":174.0,""235"":174.0,""283"":174.0}","{""201"":200.0,""235"":200.0,""283"":200.0}",1.465300012388265
S7_Z220,S7,"[201,235,283]",H1_theta_deg_PLUS,H1,"[50.0,0.5,2.0,5.0]",theta_deg,1,180,"{""201"":180.0,""235"":180.0,""283"":180.0}","{""201"":200.0,""235"":200.0,""283"":200.0}",1.4516559949448007
S7_Z220,S7,"[201,235,283]",H1_theta_deg_PLUS,H1,"[50.0,0.5,2.0,5.0]",theta_deg,1,185,"{""201"":184.0,""235"":184.0,""283"":184.0}","{""201"":200.0,""235"":200.0,""283"":200.0}",1.0688558689376015
S7_Z220,S7,"[201,235,283]",H1_theta_deg_PLUS,H1,"[50.0,0.5,2.0,5.0]",theta_deg,1,190,"{""201"":190.0,""235"":190.0,""283"":190.0}","{""201"":200.0,""235"":200.0,""283"":200.0}",1.944840408179427
S7_Z220,S7,"[201,235,283]",H1_theta_deg_PLUS,H1,"[50.0,0.5,2.0,5.0]",theta_deg,1,195,"{""201"":194.0,""235"":194.0,""283"":194.0}","{""201"":200.0,""235"":200.0,""283"":200.0}",1.6151221927565256
S7_Z220,S7,"[201,235,283]",H1_theta_deg_PLUS,H1,"[50.0,0.5,2.0,5.0]",theta_deg,1,200,"{""201"":200.0,""235"":200.0,""283"":200.0}","{""201"":200.0,""235"":200.0,""283"":200.0}",1.5426681957479957
S7_Z220,S7,"[201,235,283]",H1_theta_deg_PLUS,H1,"[50.0,0.5,2.0,5.0]",theta_deg,1,205,"{""201"":204.0,""235"":204.0,""283"":204.0}","{""201"":200.0,""235"":200.0,""283"":200.0}",0.8597658623494533
S7_Z220,S7,"[201,235,283]",H1_theta_deg_PLUS,H1,"[50.0,0.5,2.0,5.0]",theta_deg,1,210,"{""201"":210.0,""235"":210.0,""283"":210.0}","{""201"":200.0,""235"":200.0,""283"":200.0}",1.894232865156002
S7_Z220,S7,"[201,235,283]",H1_theta_deg_PLUS,H1,"[50.0,0.5,2.0,5.0]",theta_deg,1,215,"{""201"":214.0,""235"":214.0,""283"":214.0}","{""201"":200.0,""235"":200.0,""283"":200.0}",1.6757046283107064
S7_Z220,S7,"[201,235,283]",H1_theta_deg_PLUS,H1,"[50.0,0.5,2.0,5.0]",theta_deg,1,220,"{""201"":220.0,""235"":220.0,""283"":220.0}","{""201"":200.0,""235"":200.0,""283"":200.0}",0.045132196261880045
S7_Z220,S7,"[201,235,283]",H1_theta_deg_PLUS,H1,"[50.0,0.5,2.0,5.0]",theta_deg,1,225,"{""201"":224.0,""235"":224.0,""283"":224.0}","{""201"":200.0,""235"":200.0,""283"":200.0}",1.7310804180535215
S7_Z220,S7,"[201,235,283]",H1_theta_deg_PLUS,H1,"[50.0,0.5,2.0,5.0]",theta_deg,1,230,"{""201"":230.0,""235"":230.0,""283"":230.0}","{""201"":200.0,""235"":200.0,""283"":200.0}",1.4789339959540995
S7_Z220,S7,"[201,235,283]",H1_theta_deg_PLUS,H1,"[50.0,0.5,2.0,5.0]",theta_deg,1,235,"{""201"":234.0,""235"":234.0,""283"":234.0}","{""201"":200.0,""235"":200.0,""283"":200.0}",2.2095412918303543
S7_Z220,S7,"[201,235,283]",H1_theta_deg_PLUS,H1,"[50.0,0.5,2.0,5.0]",theta_deg,1,240,"{""201"":240.0,""235"":240.0,""283"":240.0}","{""201"":200.0,""235"":200.0,""283"":200.0}",1.3166998924557953
S7_Z220,S7,"[201,235,283]",H1_theta_deg_PLUS,H1,"[50.0,0.5,2.0,5.0]",theta_deg,1,245,"{""201"":244.0,""235"":244.0,""283"":244.0}","{""201"":200.0,""235"":200.0,""283"":200.0}",2.05424767921285
S7_Z220,S7,"[201,235,283]",H1_theta_deg_PLUS,H1,"[50.0,0.5,2.0,5.0]",theta_deg,1,250,"{""201"":250.0,""235"":250.0,""283"":250.0}","{""201"":200.0,""235"":200.0,""283"":200.0}",2.3831722995836238
S7_Z220,S7,"[201,235,283]",H1_v_mps_MINUS,H1,"[50.0,0.0,1.8,5.0]",v_mps,-1,150,"{""201"":150.0,""235"":150.0,""283"":150.0}","{""201"":200.0,""235"":200.0,""283"":200.0}",4.3043820866846705
S7_Z220,S7,"[201,235,283]",H1_v_mps_MINUS,H1,"[50.0,0.0,1.8,5.0]",v_mps,-1,155,"{""201"":154.0,""235"":154.0,""283"":154.0}","{""201"":200.0,""235"":200.0,""283"":200.0}",4.312842832237327
S7_Z220,S7,"[201,235,283]",H1_v_mps_MINUS,H1,"[50.0,0.0,1.8,5.0]",v_mps,-1,160,"{""201"":160.0,""235"":160.0,""283"":160.0}","{""201"":200.0,""235"":200.0,""283"":200.0}",2.8937068488106603
S7_Z220,S7,"[201,235,283]",H1_v_mps_MINUS,H1,"[50.0,0.0,1.8,5.0]",v_mps,-1,165,"{""201"":164.0,""235"":164.0,""283"":164.0}","{""201"":200.0,""235"":200.0,""283"":200.0}",3.49701629948714
S7_Z220,S7,"[201,235,283]",H1_v_mps_MINUS,H1,"[50.0,0.0,1.8,5.0]",v_mps,-1,170,"{""201"":170.0,""235"":170.0,""283"":170.0}","{""201"":200.0,""235"":200.0,""283"":200.0}",3.368400970169715
S7_Z220,S7,"[201,235,283]",H1_v_mps_MINUS,H1,"[50.0,0.0,1.8,5.0]",v_mps,-1,175,"{""201"":174.0,""235"":174.0,""283"":174.0}","{""201"":200.0,""235"":200.0,""283"":200.0}",2.862750296665001
S7_Z220,S7,"[201,235,283]",H1_v_mps_MINUS,H1,"[50.0,0.0,1.8,5.0]",v_mps,-1,180,"{""201"":180.0,""235"":180.0,""283"":180.0}","{""201"":200.0,""235"":200.0,""283"":200.0}",3.750332803584638
S7_Z220,S7,"[201,235,283]",H1_v_mps_MINUS,H1,"[50.0,0.0,1.8,5.0]",v_mps,-1,185,"{""201"":184.0,""235"":184.0,""283"":184.0}","{""201"":200.0,""235"":200.0,""283"":200.0}",3.7337451603324916
S7_Z220,S7,"[201,235,283]",H1_v_mps_MINUS,H1,"[50.0,0.0,1.8,5.0]",v_mps,-1,190,"{""201"":190.0,""235"":190.0,""283"":190.0}","{""201"":200.0,""235"":200.0,""283"":200.0}",2.776021394895732
S7_Z220,S7,"[201,235,283]",H1_v_mps_MINUS,H1,"[50.0,0.0,1.8,5.0]",v_mps,-1,195,"{""201"":194.0,""235"":194.0,""283"":194.0}","{""201"":200.0,""235"":200.0,""283"":200.0}",2.3972866636900605
S7_Z220,S7,"[201,235,283]",H1_v_mps_MINUS,H1,"[50.0,0.0,1.8,5.0]",v_mps,-1,200,"{""201"":200.0,""235"":200.0,""283"":200.0}","{""201"":200.0,""235"":200.0,""283"":200.0}",3.2426547955048504
S7_Z220,S7,"[201,235,283]",H1_v_mps_MINUS,H1,"[50.0,0.0,1.8,5.0]",v_mps,-1,205,"{""201"":204.0,""235"":204.0,""283"":204.0}","{""201"":200.0,""235"":200.0,""283"":200.0}",2.702916477229467
S7_Z220,S7,"[201,235,283]",H1_v_mps_MINUS,H1,"[50.0,0.0,1.8,5.0]",v_mps,-1,210,"{""201"":210.0,""235"":210.0,""283"":210.0}","{""201"":200.0,""235"":200.0,""283"":200.0}",2.3419486766563695
S7_Z220,S7,"[201,235,283]",H1_v_mps_MINUS,H1,"[50.0,0.0,1.8,5.0]",v_mps,-1,215,"{""201"":214.0,""235"":214.0,""283"":214.0}","{""201"":200.0,""235"":200.0,""283"":200.0}",3.6841406813725786
S7_Z220,S7,"[201,235,283]",H1_v_mps_MINUS,H1,"[50.0,0.0,1.8,5.0]",v_mps,-1,220,"{""201"":220.0,""235"":220.0,""283"":220.0}","{""201"":200.0,""235"":200.0,""283"":200.0}",3.559795014553614
S7_Z220,S7,"[201,235,283]",H1_v_mps_MINUS,H1,"[50.0,0.0,1.8,5.0]",v_mps,-1,225,"{""201"":224.0,""235"":224.0,""283"":224.0}","{""201"":200.0,""235"":200.0,""283"":200.0}",3.8595779296762487
S7_Z220,S7,"[201,235,283]",H1_v_mps_MINUS,H1,"[50.0,0.0,1.8,5.0]",v_mps,-1,230,"{""201"":230.0,""235"":230.0,""283"":230.0}","{""201"":200.0,""235"":200.0,""283"":200.0}",3.4872883437353983
S7_Z220,S7,"[201,235,283]",H1_v_mps_MINUS,H1,"[50.0,0.0,1.8,5.0]",v_mps,-1,235,"{""201"":234.0,""235"":234.0,""283"":234.0}","{""201"":200.0,""235"":200.0,""283"":200.0}",3.5051273251844677
S7_Z220,S7,"[201,235,283]",H1_v_mps_MINUS,H1,"[50.0,0.0,1.8,5.0]",v_mps,-1,240,"{""201"":240.0,""235"":240.0,""283"":240.0}","{""201"":200.0,""235"":200.0,""283"":200.0}",3.046701549842659
S7_Z220,S7,"[201,235,283]",H1_v_mps_MINUS,H1,"[50.0,0.0,1.8,5.0]",v_mps,-1,245,"{""201"":244.0,""235"":244.0,""283"":244.0}","{""201"":200.0,""235"":200.0,""283"":200.0}",2.8244048177211964
S7_Z220,S7,"[201,235,283]",H1_v_mps_MINUS,H1,"[50.0,0.0,1.8,5.0]",v_mps,-1,250,"{""201"":250.0,""235"":250.0,""283"":250.0}","{""201"":200.0,""235"":200.0,""283"":200.0}",3.1970874273200214
S7_Z220,S7,"[201,235,283]",H1_v_mps_PLUS,H1,"[50.0,0.0,2.2,5.0]",v_mps,1,150,"{""201"":150.0,""235"":150.0,""283"":150.0}","{""201"":200.0,""235"":200.0,""283"":200.0}",4.223453193671332
S7_Z220,S7,"[201,235,283]",H1_v_mps_PLUS,H1,"[50.0,0.0,2.2,5.0]",v_mps,1,155,"{""201"":154.0,""235"":154.0,""283"":154.0}","{""201"":200.0,""235"":200.0,""283"":200.0}",4.355279108797165
S7_Z220,S7,"[201,235,283]",H1_v_mps_PLUS,H1,"[50.0,0.0,2.2,5.0]",v_mps,1,160,"{""201"":160.0,""235"":160.0,""283"":160.0}","{""201"":200.0,""235"":200.0,""283"":200.0}",3.6426407544623927
S7_Z220,S7,"[201,235,283]",H1_v_mps_PLUS,H1,"[50.0,0.0,2.2,5.0]",v_mps,1,165,"{""201"":164.0,""235"":164.0,""283"":164.0}","{""201"":200.0,""235"":200.0,""283"":200.0}",3.9254045936852586
S7_Z220,S7,"[201,235,283]",H1_v_mps_PLUS,H1,"[50.0,0.0,2.2,5.0]",v_mps,1,170,"{""201"":170.0,""235"":170.0,""283"":170.0}","{""201"":200.0,""235"":200.0,""283"":200.0}",3.682403917593107
S7_Z220,S7,"[201,235,283]",H1_v_mps_PLUS,H1,"[50.0,0.0,2.2,5.0]",v_mps,1,175,"{""201"":174.0,""235"":174.0,""283"":174.0}","{""201"":200.0,""235"":200.0,""283"":200.0}",2.7342616728043674
S7_Z220,S7,"[201,235,283]",H1_v_mps_PLUS,H1,"[50.0,0.0,2.2,5.0]",v_mps,1,180,"{""201"":180.0,""235"":180.0,""283"":180.0}","{""201"":200.0,""235"":200.0,""283"":200.0}",2.6746807353560973
S7_Z220,S7,"[201,235,283]",H1_v_mps_PLUS,H1,"[50.0,0.0,2.2,5.0]",v_mps,1,185,"{""201"":184.0,""235"":184.0,""283"":184.0}","{""201"":200.0,""235"":200.0,""283"":200.0}",2.0582672601870375
S7_Z220,S7,"[201,235,283]",H1_v_mps_PLUS,H1,"[50.0,0.0,2.2,5.0]",v_mps,1,190,"{""201"":190.0,""235"":190.0,""283"":190.0}","{""201"":200.0,""235"":200.0,""283"":200.0}",2.535929513935887
S7_Z220,S7,"[201,235,283]",H1_v_mps_PLUS,H1,"[50.0,0.0,2.2,5.0]",v_mps,1,195,"{""201"":194.0,""235"":194.0,""283"":194.0}","{""201"":200.0,""235"":200.0,""283"":200.0}",2.2912130623960167
S7_Z220,S7,"[201,235,283]",H1_v_mps_PLUS,H1,"[50.0,0.0,2.2,5.0]",v_mps,1,200,"{""201"":200.0,""235"":200.0,""283"":200.0}","{""201"":200.0,""235"":200.0,""283"":200.0}",2.723510788684283
S7_Z220,S7,"[201,235,283]",H1_v_mps_PLUS,H1,"[50.0,0.0,2.2,5.0]",v_mps,1,205,"{""201"":204.0,""235"":204.0,""283"":204.0}","{""201"":200.0,""235"":200.0,""283"":200.0}",2.2826331696435704
S7_Z220,S7,"[201,235,283]",H1_v_mps_PLUS,H1,"[50.0,0.0,2.2,5.0]",v_mps,1,210,"{""201"":210.0,""235"":210.0,""283"":210.0}","{""201"":200.0,""235"":200.0,""283"":200.0}",1.9647372646509622
S7_Z220,S7,"[201,235,283]",H1_v_mps_PLUS,H1,"[50.0,0.0,2.2,5.0]",v_mps,1,215,"{""201"":214.0,""235"":214.0,""283"":214.0}","{""201"":200.0,""235"":200.0,""283"":200.0}",2.3246453254468986
S7_Z220,S7,"[201,235,283]",H1_v_mps_PLUS,H1,"[50.0,0.0,2.2,5.0]",v_mps,1,220,"{""201"":220.0,""235"":220.0,""283"":220.0}","{""201"":200.0,""235"":200.0,""283"":200.0}",2.7122807258806376
S7_Z220,S7,"[201,235,283]",H1_v_mps_PLUS,H1,"[50.0,0.0,2.2,5.0]",v_mps,1,225,"{""201"":224.0,""235"":224.0,""283"":224.0}","{""201"":200.0,""235"":200.0,""283"":200.0}",2.1974026750686324
S7_Z220,S7,"[201,235,283]",H1_v_mps_PLUS,H1,"[50.0,0.0,2.2,5.0]",v_mps,1,230,"{""201"":230.0,""235"":230.0,""283"":230.0}","{""201"":200.0,""235"":200.0,""283"":200.0}",4.545389422347026
S7_Z220,S7,"[201,235,283]",H1_v_mps_PLUS,H1,"[50.0,0.0,2.2,5.0]",v_mps,1,235,"{""201"":234.0,""235"":234.0,""283"":234.0}","{""201"":200.0,""235"":200.0,""283"":200.0}",3.8447790429604765
S7_Z220,S7,"[201,235,283]",H1_v_mps_PLUS,H1,"[50.0,0.0,2.2,5.0]",v_mps,1,240,"{""201"":240.0,""235"":240.0,""283"":240.0}","{""201"":200.0,""235"":200.0,""283"":200.0}",5.177240391555575
S7_Z220,S7,"[201,235,283]",H1_v_mps_PLUS,H1,"[50.0,0.0,2.2,5.0]",v_mps,1,245,"{""201"":244.0,""235"":244.0,""283"":244.0}","{""201"":200.0,""235"":200.0,""283"":200.0}",4.121731895951135
S7_Z220,S7,"[201,235,283]",H1_v_mps_PLUS,H1,"[50.0,0.0,2.2,5.0]",v_mps,1,250,"{""201"":250.0,""235"":250.0,""283"":250.0}","{""201"":200.0,""235"":200.0,""283"":200.0}",4.993650842318879
S7_Z220,S7,"[201,235,283]",H1_psi_deg_MINUS,H1,"[50.0,0.0,2.0,4.0]",psi_deg,-1,150,"{""201"":150.0,""235"":150.0,""283"":150.0}","{""201"":200.0,""235"":200.0,""283"":200.0}",2.1521804515297442
S7_Z220,S7,"[201,235,283]",H1_psi_deg_MINUS,H1,"[50.0,0.0,2.0,4.0]",psi_deg,-1,155,"{""201"":154.0,""235"":154.0,""283"":154.0}","{""201"":200.0,""235"":200.0,""283"":200.0}",1.8818890237791777
S7_Z220,S7,"[201,235,283]",H1_psi_deg_MINUS,H1,"[50.0,0.0,2.0,4.0]",psi_deg,-1,160,"{""201"":160.0,""235"":160.0,""283"":160.0}","{""201"":200.0,""235"":200.0,""283"":200.0}",1.526634319427215
S7_Z220,S7,"[201,235,283]",H1_psi_deg_MINUS,H1,"[50.0,0.0,2.0,4.0]",psi_deg,-1,165,"{""201"":164.0,""235"":164.0,""283"":164.0}","{""201"":200.0,""235"":200.0,""283"":200.0}",1.4416656256409994
S7_Z220,S7,"[201,235,283]",H1_psi_deg_MINUS,H1,"[50.0,0.0,2.0,4.0]",psi_deg,-1,170,"{""201"":170.0,""235"":170.0,""283"":170.0}","{""201"":200.0,""235"":200.0,""283"":200.0}",0.8648721232979281
S7_Z220,S7,"[201,235,283]",H1_psi_deg_MINUS,H1,"[50.0,0.0,2.0,4.0]",psi_deg,-1,175,"{""201"":174.0,""235"":174.0,""283"":174.0}","{""201"":200.0,""235"":200.0,""283"":200.0}",1.413800844975686
S7_Z220,S7,"[201,235,283]",H1_psi_deg_MINUS,H1,"[50.0,0.0,2.0,4.0]",psi_deg,-1,180,"{""201"":180.0,""235"":180.0,""283"":180.0}","{""201"":200.0,""235"":200.0,""283"":200.0}",1.674831240032251
S7_Z220,S7,"[201,235,283]",H1_psi_deg_MINUS,H1,"[50.0,0.0,2.0,4.0]",psi_deg,-1,185,"{""201"":184.0,""235"":184.0,""283"":184.0}","{""201"":200.0,""235"":200.0,""283"":200.0}",1.2202790859562802
S7_Z220,S7,"[201,235,283]",H1_psi_deg_MINUS,H1,"[50.0,0.0,2.0,4.0]",psi_deg,-1,190,"{""201"":190.0,""235"":190.0,""283"":190.0}","{""201"":200.0,""235"":200.0,""283"":200.0}",1.901369899058368
S7_Z220,S7,"[201,235,283]",H1_psi_deg_MINUS,H1,"[50.0,0.0,2.0,4.0]",psi_deg,-1,195,"{""201"":194.0,""235"":194.0,""283"":194.0}","{""201"":200.0,""235"":200.0,""283"":200.0}",1.8721669874312723
S7_Z220,S7,"[201,235,283]",H1_psi_deg_MINUS,H1,"[50.0,0.0,2.0,4.0]",psi_deg,-1,200,"{""201"":200.0,""235"":200.0,""283"":200.0}","{""201"":200.0,""235"":200.0,""283"":200.0}",1.7031537488058324
S7_Z220,S7,"[201,235,283]",H1_psi_deg_MINUS,H1,"[50.0,0.0,2.0,4.0]",psi_deg,-1,205,"{""201"":204.0,""235"":204.0,""283"":204.0}","{""201"":200.0,""235"":200.0,""283"":200.0}",0.9386099408667521
S7_Z220,S7,"[201,235,283]",H1_psi_deg_MINUS,H1,"[50.0,0.0,2.0,4.0]",psi_deg,-1,210,"{""201"":210.0,""235"":210.0,""283"":210.0}","{""201"":200.0,""235"":200.0,""283"":200.0}",1.8312678448055437
S7_Z220,S7,"[201,235,283]",H1_psi_deg_MINUS,H1,"[50.0,0.0,2.0,4.0]",psi_deg,-1,215,"{""201"":214.0,""235"":214.0,""283"":214.0}","{""201"":200.0,""235"":200.0,""283"":200.0}",1.711804678349548
S7_Z220,S7,"[201,235,283]",H1_psi_deg_MINUS,H1,"[50.0,0.0,2.0,4.0]",psi_deg,-1,220,"{""201"":220.0,""235"":220.0,""283"":220.0}","{""201"":200.0,""235"":200.0,""283"":200.0}",0.2962332843709658
S7_Z220,S7,"[201,235,283]",H1_psi_deg_MINUS,H1,"[50.0,0.0,2.0,4.0]",psi_deg,-1,225,"{""201"":224.0,""235"":224.0,""283"":224.0}","{""201"":200.0,""235"":200.0,""283"":200.0}",1.6649974515188695
S7_Z220,S7,"[201,235,283]",H1_psi_deg_MINUS,H1,"[50.0,0.0,2.0,4.0]",psi_deg,-1,230,"{""201"":230.0,""235"":230.0,""283"":230.0}","{""201"":200.0,""235"":200.0,""283"":200.0}",1.4528968139245628
S7_Z220,S7,"[201,235,283]",H1_psi_deg_MINUS,H1,"[50.0,0.0,2.0,4.0]",psi_deg,-1,235,"{""201"":234.0,""235"":234.0,""283"":234.0}","{""201"":200.0,""235"":200.0,""283"":200.0}",2.48890312343708
S7_Z220,S7,"[201,235,283]",H1_psi_deg_MINUS,H1,"[50.0,0.0,2.0,4.0]",psi_deg,-1,240,"{""201"":240.0,""235"":240.0,""283"":240.0}","{""201"":200.0,""235"":200.0,""283"":200.0}",1.2856344438306322
S7_Z220,S7,"[201,235,283]",H1_psi_deg_MINUS,H1,"[50.0,0.0,2.0,4.0]",psi_deg,-1,245,"{""201"":244.0,""235"":244.0,""283"":244.0}","{""201"":200.0,""235"":200.0,""283"":200.0}",2.082075236973051
S7_Z220,S7,"[201,235,283]",H1_psi_deg_MINUS,H1,"[50.0,0.0,2.0,4.0]",psi_deg,-1,250,"{""201"":250.0,""235"":250.0,""283"":250.0}","{""201"":200.0,""235"":200.0,""283"":200.0}",2.8461383686522503
S7_Z220,S7,"[201,235,283]",H1_psi_deg_PLUS,H1,"[50.0,0.0,2.0,6.0]",psi_deg,1,150,"{""201"":150.0,""235"":150.0,""283"":150.0}","{""201"":200.0,""235"":200.0,""283"":200.0}",1.7447622309077533
S7_Z220,S7,"[201,235,283]",H1_psi_deg_PLUS,H1,"[50.0,0.0,2.0,6.0]",psi_deg,1,155,"{""201"":154.0,""235"":154.0,""283"":154.0}","{""201"":200.0,""235"":200.0,""283"":200.0}",1.9035061406867437
S7_Z220,S7,"[201,235,283]",H1_psi_deg_PLUS,H1,"[50.0,0.0,2.0,6.0]",psi_deg,1,160,"{""201"":160.0,""235"":160.0,""283"":160.0}","{""201"":200.0,""235"":200.0,""283"":200.0}",1.6235093080450331
S7_Z220,S7,"[201,235,283]",H1_psi_deg_PLUS,H1,"[50.0,0.0,2.0,6.0]",psi_deg,1,165,"{""201"":164.0,""235"":164.0,""283"":164.0}","{""201"":200.0,""235"":200.0,""283"":200.0}",1.5182968610563172
S7_Z220,S7,"[201,235,283]",H1_psi_deg_PLUS,H1,"[50.0,0.0,2.0,6.0]",psi_deg,1,170,"{""201"":170.0,""235"":170.0,""283"":170.0}","{""201"":200.0,""235"":200.0,""283"":200.0}",0.8855576490079128
S7_Z220,S7,"[201,235,283]",H1_psi_deg_PLUS,H1,"[50.0,0.0,2.0,6.0]",psi_deg,1,175,"{""201"":174.0,""235"":174.0,""283"":174.0}","{""201"":200.0,""235"":200.0,""283"":200.0}",1.5758354170634283
S7_Z220,S7,"[201,235,283]",H1_psi_deg_PLUS,H1,"[50.0,0.0,2.0,6.0]",psi_deg,1,180,"{""201"":180.0,""235"":180.0,""283"":180.0}","{""201"":200.0,""235"":200.0,""283"":200.0}",1.2137951186094487
S7_Z220,S7,"[201,235,283]",H1_psi_deg_PLUS,H1,"[50.0,0.0,2.0,6.0]",psi_deg,1,185,"{""201"":184.0,""235"":184.0,""283"":184.0}","{""201"":200.0,""235"":200.0,""283"":200.0}",1.235920201063228
S7_Z220,S7,"[201,235,283]",H1_psi_deg_PLUS,H1,"[50.0,0.0,2.0,6.0]",psi_deg,1,190,"{""201"":190.0,""235"":190.0,""283"":190.0}","{""201"":200.0,""235"":200.0,""283"":200.0}",2.0439914570949975
S7_Z220,S7,"[201,235,283]",H1_psi_deg_PLUS,H1,"[50.0,0.0,2.0,6.0]",psi_deg,1,195,"{""201"":194.0,""235"":194.0,""283"":194.0}","{""201"":200.0,""235"":200.0,""283"":200.0}",1.4720767645887352
S7_Z220,S7,"[201,235,283]",H1_psi_deg_PLUS,H1,"[50.0,0.0,2.0,6.0]",psi_deg,1,200,"{""201"":200.0,""235"":200.0,""283"":200.0}","{""201"":200.0,""235"":200.0,""283"":200.0}",1.5038921788255761
S7_Z220,S7,"[201,235,283]",H1_psi_deg_PLUS,H1,"[50.0,0.0,2.0,6.0]",psi_deg,1,205,"{""201"":204.0,""235"":204.0,""283"":204.0}","{""201"":200.0,""235"":200.0,""283"":200.0}",0.8443418364919444
S7_Z220,S7,"[201,235,283]",H1_psi_deg_PLUS,H1,"[50.0,0.0,2.0,6.0]",psi_deg,1,210,"{""201"":210.0,""235"":210.0,""283"":210.0}","{""201"":200.0,""235"":200.0,""283"":200.0}",2.1612422880633972
S7_Z220,S7,"[201,235,283]",H1_psi_deg_PLUS,H1,"[50.0,0.0,2.0,6.0]",psi_deg,1,215,"{""201"":214.0,""235"":214.0,""283"":214.0}","{""201"":200.0,""235"":200.0,""283"":200.0}",1.7083325974015005
S7_Z220,S7,"[201,235,283]",H1_psi_deg_PLUS,H1,"[50.0,0.0,2.0,6.0]",psi_deg,1,220,"{""201"":220.0,""235"":220.0,""283"":220.0}","{""201"":200.0,""235"":200.0,""283"":200.0}",0.3279618871238383
S7_Z220,S7,"[201,235,283]",H1_psi_deg_PLUS,H1,"[50.0,0.0,2.0,6.0]",psi_deg,1,225,"{""201"":224.0,""235"":224.0,""283"":224.0}","{""201"":200.0,""235"":200.0,""283"":200.0}",1.8171386813143626
S7_Z220,S7,"[201,235,283]",H1_psi_deg_PLUS,H1,"[50.0,0.0,2.0,6.0]",psi_deg,1,230,"{""201"":230.0,""235"":230.0,""283"":230.0}","{""201"":200.0,""235"":200.0,""283"":200.0}",1.719162156097445
S7_Z220,S7,"[201,235,283]",H1_psi_deg_PLUS,H1,"[50.0,0.0,2.0,6.0]",psi_deg,1,235,"{""201"":234.0,""235"":234.0,""283"":234.0}","{""201"":200.0,""235"":200.0,""283"":200.0}",1.8294082932651805
S7_Z220,S7,"[201,235,283]",H1_psi_deg_PLUS,H1,"[50.0,0.0,2.0,6.0]",psi_deg,1,240,"{""201"":240.0,""235"":240.0,""283"":240.0}","{""201"":200.0,""235"":200.0,""283"":200.0}",1.3883369176696219
S7_Z220,S7,"[201,235,283]",H1_psi_deg_PLUS,H1,"[50.0,0.0,2.0,6.0]",psi_deg,1,245,"{""201"":244.0,""235"":244.0,""283"":244.0}","{""201"":200.0,""235"":200.0,""283"":200.0}",2.096384374024379
S7_Z220,S7,"[201,235,283]",H1_psi_deg_PLUS,H1,"[50.0,0.0,2.0,6.0]",psi_deg,1,250,"{""201"":250.0,""235"":250.0,""283"":250.0}","{""201"":200.0,""235"":200.0,""283"":200.0}",1.9213215056401034
S8_Z180,S8,"[201,235,283,338]",H0,H0,"[50.0,0.0,2.0,5.0]",NONE,0,150,"{""201"":150.0,""235"":150.0,""283"":150.0,""338"":150.0}","{""201"":200.0,""235"":200.0,""283"":200.0,""338"":200.0}",1.7127244133116701
S8_Z180,S8,"[201,235,283,338]",H0,H0,"[50.0,0.0,2.0,5.0]",NONE,0,155,"{""201"":154.0,""235"":154.0,""283"":154.0,""338"":154.0}","{""201"":200.0,""235"":200.0,""283"":200.0,""338"":200.0}",1.6772414163516849
S8_Z180,S8,"[201,235,283,338]",H0,H0,"[50.0,0.0,2.0,5.0]",NONE,0,160,"{""201"":160.0,""235"":160.0,""283"":160.0,""338"":160.0}","{""201"":200.0,""235"":200.0,""283"":200.0,""338"":200.0}",1.7770524292913032
S8_Z180,S8,"[201,235,283,338]",H0,H0,"[50.0,0.0,2.0,5.0]",NONE,0,165,"{""201"":164.0,""235"":164.0,""283"":164.0,""338"":164.0}","{""201"":200.0,""235"":200.0,""283"":200.0,""338"":200.0}",1.5501174693335058
S8_Z180,S8,"[201,235,283,338]",H0,H0,"[50.0,0.0,2.0,5.0]",NONE,0,170,"{""201"":170.0,""235"":170.0,""283"":170.0,""338"":170.0}","{""201"":200.0,""235"":200.0,""283"":200.0,""338"":200.0}",1.5326410922838305
S8_Z180,S8,"[201,235,283,338]",H0,H0,"[50.0,0.0,2.0,5.0]",NONE,0,175,"{""201"":174.0,""235"":174.0,""283"":174.0,""338"":174.0}","{""201"":200.0,""235"":200.0,""283"":200.0,""338"":200.0}",2.1266381376455668
S8_Z180,S8,"[201,235,283,338]",H0,H0,"[50.0,0.0,2.0,5.0]",NONE,0,180,"{""201"":180.0,""235"":180.0,""283"":180.0,""338"":180.0}","{""201"":200.0,""235"":200.0,""283"":200.0,""338"":200.0}",1.1716434463252157e-14
S8_Z180,S8,"[201,235,283,338]",H0,H0,"[50.0,0.0,2.0,5.0]",NONE,0,185,"{""201"":184.0,""235"":184.0,""283"":184.0,""338"":184.0}","{""201"":200.0,""235"":200.0,""283"":200.0,""338"":200.0}",1.9168492589105892
S8_Z180,S8,"[201,235,283,338]",H0,H0,"[50.0,0.0,2.0,5.0]",NONE,0,190,"{""201"":190.0,""235"":190.0,""283"":190.0,""338"":190.0}","{""201"":200.0,""235"":200.0,""283"":200.0,""338"":200.0}",2.893085603838461
S8_Z180,S8,"[201,235,283,338]",H0,H0,"[50.0,0.0,2.0,5.0]",NONE,0,195,"{""201"":194.0,""235"":194.0,""283"":194.0,""338"":194.0}","{""201"":200.0,""235"":200.0,""283"":200.0,""338"":200.0}",1.2041478735154791
S8_Z180,S8,"[201,235,283,338]",H0,H0,"[50.0,0.0,2.0,5.0]",NONE,0,200,"{""201"":200.0,""235"":200.0,""283"":200.0,""338"":200.0}","{""201"":200.0,""235"":200.0,""283"":200.0,""338"":200.0}",2.105054795110018
S8_Z180,S8,"[201,235,283,338]",H0,H0,"[50.0,0.0,2.0,5.0]",NONE,0,205,"{""201"":204.0,""235"":204.0,""283"":204.0,""338"":204.0}","{""201"":200.0,""235"":200.0,""283"":200.0,""338"":200.0}",1.467738595466458
S8_Z180,S8,"[201,235,283,338]",H0,H0,"[50.0,0.0,2.0,5.0]",NONE,0,210,"{""201"":210.0,""235"":210.0,""283"":210.0,""338"":210.0}","{""201"":200.0,""235"":200.0,""283"":200.0,""338"":200.0}",3.0148003073877745
S8_Z180,S8,"[201,235,283,338]",H0,H0,"[50.0,0.0,2.0,5.0]",NONE,0,215,"{""201"":214.0,""235"":214.0,""283"":214.0,""338"":214.0}","{""201"":200.0,""235"":200.0,""283"":200.0,""338"":200.0}",1.6626752891217549
S8_Z180,S8,"[201,235,283,338]",H0,H0,"[50.0,0.0,2.0,5.0]",NONE,0,220,"{""201"":220.0,""235"":220.0,""283"":220.0,""338"":220.0}","{""201"":200.0,""235"":200.0,""283"":200.0,""338"":200.0}",1.34986739584515
S8_Z180,S8,"[201,235,283,338]",H0,H0,"[50.0,0.0,2.0,5.0]",NONE,0,225,"{""201"":224.0,""235"":224.0,""283"":224.0,""338"":224.0}","{""201"":200.0,""235"":200.0,""283"":200.0,""338"":200.0}",1.4863741412873357
S8_Z180,S8,"[201,235,283,338]",H0,H0,"[50.0,0.0,2.0,5.0]",NONE,0,230,"{""201"":230.0,""235"":230.0,""283"":230.0,""338"":230.0}","{""201"":200.0,""235"":200.0,""283"":200.0,""338"":200.0}",1.4480742803139781
S8_Z180,S8,"[201,235,283,338]",H0,H0,"[50.0,0.0,2.0,5.0]",NONE,0,235,"{""201"":234.0,""235"":234.0,""283"":234.0,""338"":234.0}","{""201"":200.0,""235"":200.0,""283"":200.0,""338"":200.0}",1.361019586679726
S8_Z180,S8,"[201,235,283,338]",H0,H0,"[50.0,0.0,2.0,5.0]",NONE,0,240,"{""201"":240.0,""235"":240.0,""283"":240.0,""338"":240.0}","{""201"":200.0,""235"":200.0,""283"":200.0,""338"":200.0}",1.4747871824859373
S8_Z180,S8,"[201,235,283,338]",H0,H0,"[50.0,0.0,2.0,5.0]",NONE,0,245,"{""201"":244.0,""235"":244.0,""283"":244.0,""338"":244.0}","{""201"":200.0,""235"":200.0,""283"":200.0,""338"":200.0}",1.5528082959525142
S8_Z180,S8,"[201,235,283,338]",H0,H0,"[50.0,0.0,2.0,5.0]",NONE,0,250,"{""201"":250.0,""235"":250.0,""283"":250.0,""338"":250.0}","{""201"":200.0,""235"":200.0,""283"":200.0,""338"":200.0}",2.7963475628673433
S8_Z180,S8,"[201,235,283,338]",H1_r_km_MINUS,H1,"[49.0,0.0,2.0,5.0]",r_km,-1,150,"{""201"":150.0,""235"":150.0,""283"":150.0,""338"":150.0}","{""201"":200.0,""235"":200.0,""283"":200.0,""338"":200.0}",1.8931960627497266
S8_Z180,S8,"[201,235,283,338]",H1_r_km_MINUS,H1,"[49.0,0.0,2.0,5.0]",r_km,-1,155,"{""201"":154.0,""235"":154.0,""283"":154.0,""338"":154.0}","{""201"":200.0,""235"":200.0,""283"":200.0,""338"":200.0}",2.3307171003473353
S8_Z180,S8,"[201,235,283,338]",H1_r_km_MINUS,H1,"[49.0,0.0,2.0,5.0]",r_km,-1,160,"{""201"":160.0,""235"":160.0,""283"":160.0,""338"":160.0}","{""201"":200.0,""235"":200.0,""283"":200.0,""338"":200.0}",1.4967962502666843
S8_Z180,S8,"[201,235,283,338]",H1_r_km_MINUS,H1,"[49.0,0.0,2.0,5.0]",r_km,-1,165,"{""201"":164.0,""235"":164.0,""283"":164.0,""338"":164.0}","{""201"":200.0,""235"":200.0,""283"":200.0,""338"":200.0}",1.4440756024548473
S8_Z180,S8,"[201,235,283,338]",H1_r_km_MINUS,H1,"[49.0,0.0,2.0,5.0]",r_km,-1,170,"{""201"":170.0,""235"":170.0,""283"":170.0,""338"":170.0}","{""201"":200.0,""235"":200.0,""283"":200.0,""338"":200.0}",3.248308984012962
S8_Z180,S8,"[201,235,283,338]",H1_r_km_MINUS,H1,"[49.0,0.0,2.0,5.0]",r_km,-1,175,"{""201"":174.0,""235"":174.0,""283"":174.0,""338"":174.0}","{""201"":200.0,""235"":200.0,""283"":200.0,""338"":200.0}",2.096781934616746
S8_Z180,S8,"[201,235,283,338]",H1_r_km_MINUS,H1,"[49.0,0.0,2.0,5.0]",r_km,-1,180,"{""201"":180.0,""235"":180.0,""283"":180.0,""338"":180.0}","{""201"":200.0,""235"":200.0,""283"":200.0,""338"":200.0}",1.748698751546899
S8_Z180,S8,"[201,235,283,338]",H1_r_km_MINUS,H1,"[49.0,0.0,2.0,5.0]",r_km,-1,185,"{""201"":184.0,""235"":184.0,""283"":184.0,""338"":184.0}","{""201"":200.0,""235"":200.0,""283"":200.0,""338"":200.0}",1.2422042311492068
S8_Z180,S8,"[201,235,283,338]",H1_r_km_MINUS,H1,"[49.0,0.0,2.0,5.0]",r_km,-1,190,"{""201"":190.0,""235"":190.0,""283"":190.0,""338"":190.0}","{""201"":200.0,""235"":200.0,""283"":200.0,""338"":200.0}",2.0691025345684917
S8_Z180,S8,"[201,235,283,338]",H1_r_km_MINUS,H1,"[49.0,0.0,2.0,5.0]",r_km,-1,195,"{""201"":194.0,""235"":194.0,""283"":194.0,""338"":194.0}","{""201"":200.0,""235"":200.0,""283"":200.0,""338"":200.0}",3.277938442040914
S8_Z180,S8,"[201,235,283,338]",H1_r_km_MINUS,H1,"[49.0,0.0,2.0,5.0]",r_km,-1,200,"{""201"":200.0,""235"":200.0,""283"":200.0,""338"":200.0}","{""201"":200.0,""235"":200.0,""283"":200.0,""338"":200.0}",2.8057848005991133
S8_Z180,S8,"[201,235,283,338]",H1_r_km_MINUS,H1,"[49.0,0.0,2.0,5.0]",r_km,-1,205,"{""201"":204.0,""235"":204.0,""283"":204.0,""338"":204.0}","{""201"":200.0,""235"":200.0,""283"":200.0,""338"":200.0}",2.8789368024375404
S8_Z180,S8,"[201,235,283,338]",H1_r_km_MINUS,H1,"[49.0,0.0,2.0,5.0]",r_km,-1,210,"{""201"":210.0,""235"":210.0,""283"":210.0,""338"":210.0}","{""201"":200.0,""235"":200.0,""283"":200.0,""338"":200.0}",2.52479966380288
S8_Z180,S8,"[201,235,283,338]",H1_r_km_MINUS,H1,"[49.0,0.0,2.0,5.0]",r_km,-1,215,"{""201"":214.0,""235"":214.0,""283"":214.0,""338"":214.0}","{""201"":200.0,""235"":200.0,""283"":200.0,""338"":200.0}",2.2315222209826806
S8_Z180,S8,"[201,235,283,338]",H1_r_km_MINUS,H1,"[49.0,0.0,2.0,5.0]",r_km,-1,220,"{""201"":220.0,""235"":220.0,""283"":220.0,""338"":220.0}","{""201"":200.0,""235"":200.0,""283"":200.0,""338"":200.0}",2.4527447652251597
S8_Z180,S8,"[201,235,283,338]",H1_r_km_MINUS,H1,"[49.0,0.0,2.0,5.0]",r_km,-1,225,"{""201"":224.0,""235"":224.0,""283"":224.0,""338"":224.0}","{""201"":200.0,""235"":200.0,""283"":200.0,""338"":200.0}",2.922037937506008
S8_Z180,S8,"[201,235,283,338]",H1_r_km_MINUS,H1,"[49.0,0.0,2.0,5.0]",r_km,-1,230,"{""201"":230.0,""235"":230.0,""283"":230.0,""338"":230.0}","{""201"":200.0,""235"":200.0,""283"":200.0,""338"":200.0}",2.9768675425625326
S8_Z180,S8,"[201,235,283,338]",H1_r_km_MINUS,H1,"[49.0,0.0,2.0,5.0]",r_km,-1,235,"{""201"":234.0,""235"":234.0,""283"":234.0,""338"":234.0}","{""201"":200.0,""235"":200.0,""283"":200.0,""338"":200.0}",1.682203421824083
S8_Z180,S8,"[201,235,283,338]",H1_r_km_MINUS,H1,"[49.0,0.0,2.0,5.0]",r_km,-1,240,"{""201"":240.0,""235"":240.0,""283"":240.0,""338"":240.0}","{""201"":200.0,""235"":200.0,""283"":200.0,""338"":200.0}",2.5920217088334336
S8_Z180,S8,"[201,235,283,338]",H1_r_km_MINUS,H1,"[49.0,0.0,2.0,5.0]",r_km,-1,245,"{""201"":244.0,""235"":244.0,""283"":244.0,""338"":244.0}","{""201"":200.0,""235"":200.0,""283"":200.0,""338"":200.0}",1.7936342413455533
S8_Z180,S8,"[201,235,283,338]",H1_r_km_MINUS,H1,"[49.0,0.0,2.0,5.0]",r_km,-1,250,"{""201"":250.0,""235"":250.0,""283"":250.0,""338"":250.0}","{""201"":200.0,""235"":200.0,""283"":200.0,""338"":200.0}",1.7156809717482977
S8_Z180,S8,"[201,235,283,338]",H1_r_km_PLUS,H1,"[51.0,0.0,2.0,5.0]",r_km,1,150,"{""201"":150.0,""235"":150.0,""283"":150.0,""338"":150.0}","{""201"":200.0,""235"":200.0,""283"":200.0,""338"":200.0}",1.9471066179059489
S8_Z180,S8,"[201,235,283,338]",H1_r_km_PLUS,H1,"[51.0,0.0,2.0,5.0]",r_km,1,155,"{""201"":154.0,""235"":154.0,""283"":154.0,""338"":154.0}","{""201"":200.0,""235"":200.0,""283"":200.0,""338"":200.0}",2.1659604393780483
S8_Z180,S8,"[201,235,283,338]",H1_r_km_PLUS,H1,"[51.0,0.0,2.0,5.0]",r_km,1,160,"{""201"":160.0,""235"":160.0,""283"":160.0,""338"":160.0}","{""201"":200.0,""235"":200.0,""283"":200.0,""338"":200.0}",3.2388606224754226
S8_Z180,S8,"[201,235,283,338]",H1_r_km_PLUS,H1,"[51.0,0.0,2.0,5.0]",r_km,1,165,"{""201"":164.0,""235"":164.0,""283"":164.0,""338"":164.0}","{""201"":200.0,""235"":200.0,""283"":200.0,""338"":200.0}",1.9418747802981522
S8_Z180,S8,"[201,235,283,338]",H1_r_km_PLUS,H1,"[51.0,0.0,2.0,5.0]",r_km,1,170,"{""201"":170.0,""235"":170.0,""283"":170.0,""338"":170.0}","{""201"":200.0,""235"":200.0,""283"":200.0,""338"":200.0}",2.188391260709028
S8_Z180,S8,"[201,235,283,338]",H1_r_km_PLUS,H1,"[51.0,0.0,2.0,5.0]",r_km,1,175,"{""201"":174.0,""235"":174.0,""283"":174.0,""338"":174.0}","{""201"":200.0,""235"":200.0,""283"":200.0,""338"":200.0}",2.287333129209542
S8_Z180,S8,"[201,235,283,338]",H1_r_km_PLUS,H1,"[51.0,0.0,2.0,5.0]",r_km,1,180,"{""201"":180.0,""235"":180.0,""283"":180.0,""338"":180.0}","{""201"":200.0,""235"":200.0,""283"":200.0,""338"":200.0}",1.7358744218556725
S8_Z180,S8,"[201,235,283,338]",H1_r_km_PLUS,H1,"[51.0,0.0,2.0,5.0]",r_km,1,185,"{""201"":184.0,""235"":184.0,""283"":184.0,""338"":184.0}","{""201"":200.0,""235"":200.0,""283"":200.0,""338"":200.0}",1.2197477468767917
S8_Z180,S8,"[201,235,283,338]",H1_r_km_PLUS,H1,"[51.0,0.0,2.0,5.0]",r_km,1,190,"{""201"":190.0,""235"":190.0,""283"":190.0,""338"":190.0}","{""201"":200.0,""235"":200.0,""283"":200.0,""338"":200.0}",1.5989926997203636
S8_Z180,S8,"[201,235,283,338]",H1_r_km_PLUS,H1,"[51.0,0.0,2.0,5.0]",r_km,1,195,"{""201"":194.0,""235"":194.0,""283"":194.0,""338"":194.0}","{""201"":200.0,""235"":200.0,""283"":200.0,""338"":200.0}",0.9696687238292814
S8_Z180,S8,"[201,235,283,338]",H1_r_km_PLUS,H1,"[51.0,0.0,2.0,5.0]",r_km,1,200,"{""201"":200.0,""235"":200.0,""283"":200.0,""338"":200.0}","{""201"":200.0,""235"":200.0,""283"":200.0,""338"":200.0}",1.5899596453147413
S8_Z180,S8,"[201,235,283,338]",H1_r_km_PLUS,H1,"[51.0,0.0,2.0,5.0]",r_km,1,205,"{""201"":204.0,""235"":204.0,""283"":204.0,""338"":204.0}","{""201"":200.0,""235"":200.0,""283"":200.0,""338"":200.0}",1.3672689621381944
S8_Z180,S8,"[201,235,283,338]",H1_r_km_PLUS,H1,"[51.0,0.0,2.0,5.0]",r_km,1,210,"{""201"":210.0,""235"":210.0,""283"":210.0,""338"":210.0}","{""201"":200.0,""235"":200.0,""283"":200.0,""338"":200.0}",1.167111719309379
S8_Z180,S8,"[201,235,283,338]",H1_r_km_PLUS,H1,"[51.0,0.0,2.0,5.0]",r_km,1,215,"{""201"":214.0,""235"":214.0,""283"":214.0,""338"":214.0}","{""201"":200.0,""235"":200.0,""283"":200.0,""338"":200.0}",1.2988773627561307
S8_Z180,S8,"[201,235,283,338]",H1_r_km_PLUS,H1,"[51.0,0.0,2.0,5.0]",r_km,1,220,"{""201"":220.0,""235"":220.0,""283"":220.0,""338"":220.0}","{""201"":200.0,""235"":200.0,""283"":200.0,""338"":200.0}",1.7558067396869401
S8_Z180,S8,"[201,235,283,338]",H1_r_km_PLUS,H1,"[51.0,0.0,2.0,5.0]",r_km,1,225,"{""201"":224.0,""235"":224.0,""283"":224.0,""338"":224.0}","{""201"":200.0,""235"":200.0,""283"":200.0,""338"":200.0}",1.6628218957564258
S8_Z180,S8,"[201,235,283,338]",H1_r_km_PLUS,H1,"[51.0,0.0,2.0,5.0]",r_km,1,230,"{""201"":230.0,""235"":230.0,""283"":230.0,""338"":230.0}","{""201"":200.0,""235"":200.0,""283"":200.0,""338"":200.0}",2.562321129629238
S8_Z180,S8,"[201,235,283,338]",H1_r_km_PLUS,H1,"[51.0,0.0,2.0,5.0]",r_km,1,235,"{""201"":234.0,""235"":234.0,""283"":234.0,""338"":234.0}","{""201"":200.0,""235"":200.0,""283"":200.0,""338"":200.0}",1.1610136625786243
S8_Z180,S8,"[201,235,283,338]",H1_r_km_PLUS,H1,"[51.0,0.0,2.0,5.0]",r_km,1,240,"{""201"":240.0,""235"":240.0,""283"":240.0,""338"":240.0}","{""201"":200.0,""235"":200.0,""283"":200.0,""338"":200.0}",2.9950990867941516
S8_Z180,S8,"[201,235,283,338]",H1_r_km_PLUS,H1,"[51.0,0.0,2.0,5.0]",r_km,1,245,"{""201"":244.0,""235"":244.0,""283"":244.0,""338"":244.0}","{""201"":200.0,""235"":200.0,""283"":200.0,""338"":200.0}",3.0839515843743985
S8_Z180,S8,"[201,235,283,338]",H1_r_km_PLUS,H1,"[51.0,0.0,2.0,5.0]",r_km,1,250,"{""201"":250.0,""235"":250.0,""283"":250.0,""338"":250.0}","{""201"":200.0,""235"":200.0,""283"":200.0,""338"":200.0}",1.275921090864265
S8_Z180,S8,"[201,235,283,338]",H1_theta_deg_MINUS,H1,"[50.0,-0.5,2.0,5.0]",theta_deg,-1,150,"{""201"":150.0,""235"":150.0,""283"":150.0,""338"":150.0}","{""201"":200.0,""235"":200.0,""283"":200.0,""338"":200.0}",1.7720131649495805
S8_Z180,S8,"[201,235,283,338]",H1_theta_deg_MINUS,H1,"[50.0,-0.5,2.0,5.0]",theta_deg,-1,155,"{""201"":154.0,""235"":154.0,""283"":154.0,""338"":154.0}","{""201"":200.0,""235"":200.0,""283"":200.0,""338"":200.0}",1.6974078420475534
S8_Z180,S8,"[201,235,283,338]",H1_theta_deg_MINUS,H1,"[50.0,-0.5,2.0,5.0]",theta_deg,-1,160,"{""201"":160.0,""235"":160.0,""283"":160.0,""338"":160.0}","{""201"":200.0,""235"":200.0,""283"":200.0,""338"":200.0}",1.7994420230984747
S8_Z180,S8,"[201,235,283,338]",H1_theta_deg_MINUS,H1,"[50.0,-0.5,2.0,5.0]",theta_deg,-1,165,"{""201"":164.0,""235"":164.0,""283"":164.0,""338"":164.0}","{""201"":200.0,""235"":200.0,""283"":200.0,""338"":200.0}",1.5553619428444398
S8_Z180,S8,"[201,235,283,338]",H1_theta_deg_MINUS,H1,"[50.0,-0.5,2.0,5.0]",theta_deg,-1,170,"{""201"":170.0,""235"":170.0,""283"":170.0,""338"":170.0}","{""201"":200.0,""235"":200.0,""283"":200.0,""338"":200.0}",1.5712552937784516
S8_Z180,S8,"[201,235,283,338]",H1_theta_deg_MINUS,H1,"[50.0,-0.5,2.0,5.0]",theta_deg,-1,175,"{""201"":174.0,""235"":174.0,""283"":174.0,""338"":174.0}","{""201"":200.0,""235"":200.0,""283"":200.0,""338"":200.0}",2.1475434050102433
S8_Z180,S8,"[201,235,283,338]",H1_theta_deg_MINUS,H1,"[50.0,-0.5,2.0,5.0]",theta_deg,-1,180,"{""201"":180.0,""235"":180.0,""283"":180.0,""338"":180.0}","{""201"":200.0,""235"":200.0,""283"":200.0,""338"":200.0}",0.0563325799383596
S8_Z180,S8,"[201,235,283,338]",H1_theta_deg_MINUS,H1,"[50.0,-0.5,2.0,5.0]",theta_deg,-1,185,"{""201"":184.0,""235"":184.0,""283"":184.0,""338"":184.0}","{""201"":200.0,""235"":200.0,""283"":200.0,""338"":200.0}",1.992950872570517
S8_Z180,S8,"[201,235,283,338]",H1_theta_deg_MINUS,H1,"[50.0,-0.5,2.0,5.0]",theta_deg,-1,190,"{""201"":190.0,""235"":190.0,""283"":190.0,""338"":190.0}","{""201"":200.0,""235"":200.0,""283"":200.0,""338"":200.0}",2.9246176290586154
S8_Z180,S8,"[201,235,283,338]",H1_theta_deg_MINUS,H1,"[50.0,-0.5,2.0,5.0]",theta_deg,-1,195,"{""201"":194.0,""235"":194.0,""283"":194.0,""338"":194.0}","{""201"":200.0,""235"":200.0,""283"":200.0,""338"":200.0}",1.23883027250381
S8_Z180,S8,"[201,235,283,338]",H1_theta_deg_MINUS,H1,"[50.0,-0.5,2.0,5.0]",theta_deg,-1,200,"{""201"":200.0,""235"":200.0,""283"":200.0,""338"":200.0}","{""201"":200.0,""235"":200.0,""283"":200.0,""338"":200.0}",2.1587230857738424
S8_Z180,S8,"[201,235,283,338]",H1_theta_deg_MINUS,H1,"[50.0,-0.5,2.0,5.0]",theta_deg,-1,205,"{""201"":204.0,""235"":204.0,""283"":204.0,""338"":204.0}","{""201"":200.0,""235"":200.0,""283"":200.0,""338"":200.0}",1.4937683738327667
S8_Z180,S8,"[201,235,283,338]",H1_theta_deg_MINUS,H1,"[50.0,-0.5,2.0,5.0]",theta_deg,-1,210,"{""201"":210.0,""235"":210.0,""283"":210.0,""338"":210.0}","{""201"":200.0,""235"":200.0,""283"":200.0,""338"":200.0}",3.0572971706499237
S8_Z180,S8,"[201,235,283,338]",H1_theta_deg_MINUS,H1,"[50.0,-0.5,2.0,5.0]",theta_deg,-1,215,"{""201"":214.0,""235"":214.0,""283"":214.0,""338"":214.0}","{""201"":200.0,""235"":200.0,""283"":200.0,""338"":200.0}",1.6867565421598214
S8_Z180,S8,"[201,235,283,338]",H1_theta_deg_MINUS,H1,"[50.0,-0.5,2.0,5.0]",theta_deg,-1,220,"{""201"":220.0,""235"":220.0,""283"":220.0,""338"":220.0}","{""201"":200.0,""235"":200.0,""283"":200.0,""338"":200.0}",1.361930373170983
S8_Z180,S8,"[201,235,283,338]",H1_theta_deg_MINUS,H1,"[50.0,-0.5,2.0,5.0]",theta_deg,-1,225,"{""201"":224.0,""235"":224.0,""283"":224.0,""338"":224.0}","{""201"":200.0,""235"":200.0,""283"":200.0,""338"":200.0}",1.4906269770858638
S8_Z180,S8,"[201,235,283,338]",H1_theta_deg_MINUS,H1,"[50.0,-0.5,2.0,5.0]",theta_deg,-1,230,"{""201"":230.0,""235"":230.0,""283"":230.0,""338"":230.0}","{""201"":200.0,""235"":200.0,""283"":200.0,""338"":200.0}",1.4868871142537436
S8_Z180,S8,"[201,235,283,338]",H1_theta_deg_MINUS,H1,"[50.0,-0.5,2.0,5.0]",theta_deg,-1,235,"{""201"":234.0,""235"":234.0,""283"":234.0,""338"":234.0}","{""201"":200.0,""235"":200.0,""283"":200.0,""338"":200.0}",1.361335755276283
S8_Z180,S8,"[201,235,283,338]",H1_theta_deg_MINUS,H1,"[50.0,-0.5,2.0,5.0]",theta_deg,-1,240,"{""201"":240.0,""235"":240.0,""283"":240.0,""338"":240.0}","{""201"":200.0,""235"":200.0,""283"":200.0,""338"":200.0}",1.5152850178015076
S8_Z180,S8,"[201,235,283,338]",H1_theta_deg_MINUS,H1,"[50.0,-0.5,2.0,5.0]",theta_deg,-1,245,"{""201"":244.0,""235"":244.0,""283"":244.0,""338"":244.0}","{""201"":200.0,""235"":200.0,""283"":200.0,""338"":200.0}",1.56921334860188
S8_Z180,S8,"[201,235,283,338]",H1_theta_deg_MINUS,H1,"[50.0,-0.5,2.0,5.0]",theta_deg,-1,250,"{""201"":250.0,""235"":250.0,""283"":250.0,""338"":250.0}","{""201"":200.0,""235"":200.0,""283"":200.0,""338"":200.0}",2.843115181029069
S8_Z180,S8,"[201,235,283,338]",H1_theta_deg_PLUS,H1,"[50.0,0.5,2.0,5.0]",theta_deg,1,150,"{""201"":150.0,""235"":150.0,""283"":150.0,""338"":150.0}","{""201"":200.0,""235"":200.0,""283"":200.0,""338"":200.0}",1.653975580964612
S8_Z180,S8,"[201,235,283,338]",H1_theta_deg_PLUS,H1,"[50.0,0.5,2.0,5.0]",theta_deg,1,155,"{""201"":154.0,""235"":154.0,""283"":154.0,""338"":154.0}","{""201"":200.0,""235"":200.0,""283"":200.0,""338"":200.0}",1.6575785794156643
S8_Z180,S8,"[201,235,283,338]",H1_theta_deg_PLUS,H1,"[50.0,0.5,2.0,5.0]",theta_deg,1,160,"{""201"":160.0,""235"":160.0,""283"":160.0,""338"":160.0}","{""201"":200.0,""235"":200.0,""283"":200.0,""338"":200.0}",1.7492624178413352
S8_Z180,S8,"[201,235,283,338]",H1_theta_deg_PLUS,H1,"[50.0,0.5,2.0,5.0]",theta_deg,1,165,"{""201"":164.0,""235"":164.0,""283"":164.0,""338"":164.0}","{""201"":200.0,""235"":200.0,""283"":200.0,""338"":200.0}",1.5458151828351474
S8_Z180,S8,"[201,235,283,338]",H1_theta_deg_PLUS,H1,"[50.0,0.5,2.0,5.0]",theta_deg,1,170,"{""201"":170.0,""235"":170.0,""283"":170.0,""338"":170.0}","{""201"":200.0,""235"":200.0,""283"":200.0,""338"":200.0}",1.4946025033871313
S8_Z180,S8,"[201,235,283,338]",H1_theta_deg_PLUS,H1,"[50.0,0.5,2.0,5.0]",theta_deg,1,175,"{""201"":174.0,""235"":174.0,""283"":174.0,""338"":174.0}","{""201"":200.0,""235"":200.0,""283"":200.0,""338"":200.0}",2.1025246472825985
S8_Z180,S8,"[201,235,283,338]",H1_theta_deg_PLUS,H1,"[50.0,0.5,2.0,5.0]",theta_deg,1,180,"{""201"":180.0,""235"":180.0,""283"":180.0,""338"":180.0}","{""201"":200.0,""235"":200.0,""283"":200.0,""338"":200.0}",0.058554743808766074
S8_Z180,S8,"[201,235,283,338]",H1_theta_deg_PLUS,H1,"[50.0,0.5,2.0,5.0]",theta_deg,1,185,"{""201"":184.0,""235"":184.0,""283"":184.0,""338"":184.0}","{""201"":200.0,""235"":200.0,""283"":200.0,""338"":200.0}",1.8446322339188774
S8_Z180,S8,"[201,235,283,338]",H1_theta_deg_PLUS,H1,"[50.0,0.5,2.0,5.0]",theta_deg,1,190,"{""201"":190.0,""235"":190.0,""283"":190.0,""338"":190.0}","{""201"":200.0,""235"":200.0,""283"":200.0,""338"":200.0}",2.8606794753353513
S8_Z180,S8,"[201,235,283,338]",H1_theta_deg_PLUS,H1,"[50.0,0.5,2.0,5.0]",theta_deg,1,195,"{""201"":194.0,""235"":194.0,""283"":194.0,""338"":194.0}","{""201"":200.0,""235"":200.0,""283"":200.0,""338"":200.0}",1.1730455418286563
S8_Z180,S8,"[201,235,283,338]",H1_theta_deg_PLUS,H1,"[50.0,0.5,2.0,5.0]",theta_deg,1,200,"{""201"":200.0,""235"":200.0,""283"":200.0,""338"":200.0}","{""201"":200.0,""235"":200.0,""283"":200.0,""338"":200.0}",2.0506163604954177
S8_Z180,S8,"[201,235,283,338]",H1_theta_deg_PLUS,H1,"[50.0,0.5,2.0,5.0]",theta_deg,1,205,"{""201"":204.0,""235"":204.0,""283"":204.0,""338"":204.0}","{""201"":200.0,""235"":200.0,""283"":200.0,""338"":200.0}",1.442713043997001
S8_Z180,S8,"[201,235,283,338]",H1_theta_deg_PLUS,H1,"[50.0,0.5,2.0,5.0]",theta_deg,1,210,"{""201"":210.0,""235"":210.0,""283"":210.0,""338"":210.0}","{""201"":200.0,""235"":200.0,""283"":200.0,""338"":200.0}",2.9739276961352634
S8_Z180,S8,"[201,235,283,338]",H1_theta_deg_PLUS,H1,"[50.0,0.5,2.0,5.0]",theta_deg,1,215,"{""201"":214.0,""235"":214.0,""283"":214.0,""338"":214.0}","{""201"":200.0,""235"":200.0,""283"":200.0,""338"":200.0}",1.6396197331988502
S8_Z180,S8,"[201,235,283,338]",H1_theta_deg_PLUS,H1,"[50.0,0.5,2.0,5.0]",theta_deg,1,220,"{""201"":220.0,""235"":220.0,""283"":220.0,""338"":220.0}","{""201"":200.0,""235"":200.0,""283"":200.0,""338"":200.0}",1.33832974681821
S8_Z180,S8,"[201,235,283,338]",H1_theta_deg_PLUS,H1,"[50.0,0.5,2.0,5.0]",theta_deg,1,225,"{""201"":224.0,""235"":224.0,""283"":224.0,""338"":224.0}","{""201"":200.0,""235"":200.0,""283"":200.0,""338"":200.0}",1.481975857040794
S8_Z180,S8,"[201,235,283,338]",H1_theta_deg_PLUS,H1,"[50.0,0.5,2.0,5.0]",theta_deg,1,230,"{""201"":230.0,""235"":230.0,""283"":230.0,""338"":230.0}","{""201"":200.0,""235"":200.0,""283"":200.0,""338"":200.0}",1.4126899103213928
S8_Z180,S8,"[201,235,283,338]",H1_theta_deg_PLUS,H1,"[50.0,0.5,2.0,5.0]",theta_deg,1,235,"{""201"":234.0,""235"":234.0,""283"":234.0,""338"":234.0}","{""201"":200.0,""235"":200.0,""283"":200.0,""338"":200.0}",1.3625144492201997
S8_Z180,S8,"[201,235,283,338]",H1_theta_deg_PLUS,H1,"[50.0,0.5,2.0,5.0]",theta_deg,1,240,"{""201"":240.0,""235"":240.0,""283"":240.0,""338"":240.0}","{""201"":200.0,""235"":200.0,""283"":200.0,""338"":200.0}",1.4358299364715674
S8_Z180,S8,"[201,235,283,338]",H1_theta_deg_PLUS,H1,"[50.0,0.5,2.0,5.0]",theta_deg,1,245,"{""201"":244.0,""235"":244.0,""283"":244.0,""338"":244.0}","{""201"":200.0,""235"":200.0,""283"":200.0,""338"":200.0}",1.5349915043133993
S8_Z180,S8,"[201,235,283,338]",H1_theta_deg_PLUS,H1,"[50.0,0.5,2.0,5.0]",theta_deg,1,250,"{""201"":250.0,""235"":250.0,""283"":250.0,""338"":250.0}","{""201"":200.0,""235"":200.0,""283"":200.0,""338"":200.0}",2.741434540294912
S8_Z180,S8,"[201,235,283,338]",H1_v_mps_MINUS,H1,"[50.0,0.0,1.8,5.0]",v_mps,-1,150,"{""201"":150.0,""235"":150.0,""283"":150.0,""338"":150.0}","{""201"":200.0,""235"":200.0,""283"":200.0,""338"":200.0}",3.984138880395808
S8_Z180,S8,"[201,235,283,338]",H1_v_mps_MINUS,H1,"[50.0,0.0,1.8,5.0]",v_mps,-1,155,"{""201"":154.0,""235"":154.0,""283"":154.0,""338"":154.0}","{""201"":200.0,""235"":200.0,""283"":200.0,""338"":200.0}",3.644865303483791
S8_Z180,S8,"[201,235,283,338]",H1_v_mps_MINUS,H1,"[50.0,0.0,1.8,5.0]",v_mps,-1,160,"{""201"":160.0,""235"":160.0,""283"":160.0,""338"":160.0}","{""201"":200.0,""235"":200.0,""283"":200.0,""338"":200.0}",2.7994189455208502
S8_Z180,S8,"[201,235,283,338]",H1_v_mps_MINUS,H1,"[50.0,0.0,1.8,5.0]",v_mps,-1,165,"{""201"":164.0,""235"":164.0,""283"":164.0,""338"":164.0}","{""201"":200.0,""235"":200.0,""283"":200.0,""338"":200.0}",3.1552315213544517
S8_Z180,S8,"[201,235,283,338]",H1_v_mps_MINUS,H1,"[50.0,0.0,1.8,5.0]",v_mps,-1,170,"{""201"":170.0,""235"":170.0,""283"":170.0,""338"":170.0}","{""201"":200.0,""235"":200.0,""283"":200.0,""338"":200.0}",3.8457099183749226
S8_Z180,S8,"[201,235,283,338]",H1_v_mps_MINUS,H1,"[50.0,0.0,1.8,5.0]",v_mps,-1,175,"{""201"":174.0,""235"":174.0,""283"":174.0,""338"":174.0}","{""201"":200.0,""235"":200.0,""283"":200.0,""338"":200.0}",2.636727454225002
S8_Z180,S8,"[201,235,283,338]",H1_v_mps_MINUS,H1,"[50.0,0.0,1.8,5.0]",v_mps,-1,180,"{""201"":180.0,""235"":180.0,""283"":180.0,""338"":180.0}","{""201"":200.0,""235"":200.0,""283"":200.0,""338"":200.0}",3.9793811618501977
S8_Z180,S8,"[201,235,283,338]",H1_v_mps_MINUS,H1,"[50.0,0.0,1.8,5.0]",v_mps,-1,185,"{""201"":184.0,""235"":184.0,""283"":184.0,""338"":184.0}","{""201"":200.0,""235"":200.0,""283"":200.0,""338"":200.0}",3.8372260798903013
S8_Z180,S8,"[201,235,283,338]",H1_v_mps_MINUS,H1,"[50.0,0.0,1.8,5.0]",v_mps,-1,190,"{""201"":190.0,""235"":190.0,""283"":190.0,""338"":190.0}","{""201"":200.0,""235"":200.0,""283"":200.0,""338"":200.0}",3.733761491648787
S8_Z180,S8,"[201,235,283,338]",H1_v_mps_MINUS,H1,"[50.0,0.0,1.8,5.0]",v_mps,-1,195,"{""201"":194.0,""235"":194.0,""283"":194.0,""338"":194.0}","{""201"":200.0,""235"":200.0,""283"":200.0,""338"":200.0}",2.1709555913715697
S8_Z180,S8,"[201,235,283,338]",H1_v_mps_MINUS,H1,"[50.0,0.0,1.8,5.0]",v_mps,-1,200,"{""201"":200.0,""235"":200.0,""283"":200.0,""338"":200.0}","{""201"":200.0,""235"":200.0,""283"":200.0,""338"":200.0}",3.909885064166956
S8_Z180,S8,"[201,235,283,338]",H1_v_mps_MINUS,H1,"[50.0,0.0,1.8,5.0]",v_mps,-1,205,"{""201"":204.0,""235"":204.0,""283"":204.0,""338"":204.0}","{""201"":200.0,""235"":200.0,""283"":200.0,""338"":200.0}",2.862132669221123
S8_Z180,S8,"[201,235,283,338]",H1_v_mps_MINUS,H1,"[50.0,0.0,1.8,5.0]",v_mps,-1,210,"{""201"":210.0,""235"":210.0,""283"":210.0,""338"":210.0}","{""201"":200.0,""235"":200.0,""283"":200.0,""338"":200.0}",3.250704129740864
S8_Z180,S8,"[201,235,283,338]",H1_v_mps_MINUS,H1,"[50.0,0.0,1.8,5.0]",v_mps,-1,215,"{""201"":214.0,""235"":214.0,""283"":214.0,""338"":214.0}","{""201"":200.0,""235"":200.0,""283"":200.0,""338"":200.0}",3.8800867424811054
S8_Z180,S8,"[201,235,283,338]",H1_v_mps_MINUS,H1,"[50.0,0.0,1.8,5.0]",v_mps,-1,220,"{""201"":220.0,""235"":220.0,""283"":220.0,""338"":220.0}","{""201"":200.0,""235"":200.0,""283"":200.0,""338"":200.0}",3.1739957423175005
S8_Z180,S8,"[201,235,283,338]",H1_v_mps_MINUS,H1,"[50.0,0.0,1.8,5.0]",v_mps,-1,225,"{""201"":224.0,""235"":224.0,""283"":224.0,""338"":224.0}","{""201"":200.0,""235"":200.0,""283"":200.0,""338"":200.0}",3.1849591078994157
S8_Z180,S8,"[201,235,283,338]",H1_v_mps_MINUS,H1,"[50.0,0.0,1.8,5.0]",v_mps,-1,230,"{""201"":230.0,""235"":230.0,""283"":230.0,""338"":230.0}","{""201"":200.0,""235"":200.0,""283"":200.0,""338"":200.0}",3.688541363214958
S8_Z180,S8,"[201,235,283,338]",H1_v_mps_MINUS,H1,"[50.0,0.0,1.8,5.0]",v_mps,-1,235,"{""201"":234.0,""235"":234.0,""283"":234.0,""338"":234.0}","{""201"":200.0,""235"":200.0,""283"":200.0,""338"":200.0}",3.1928455445922803
S8_Z180,S8,"[201,235,283,338]",H1_v_mps_MINUS,H1,"[50.0,0.0,1.8,5.0]",v_mps,-1,240,"{""201"":240.0,""235"":240.0,""283"":240.0,""338"":240.0}","{""201"":200.0,""235"":200.0,""283"":200.0,""338"":200.0}",2.4846604376809083
S8_Z180,S8,"[201,235,283,338]",H1_v_mps_MINUS,H1,"[50.0,0.0,1.8,5.0]",v_mps,-1,245,"{""201"":244.0,""235"":244.0,""283"":244.0,""338"":244.0}","{""201"":200.0,""235"":200.0,""283"":200.0,""338"":200.0}",2.645551435951531
S8_Z180,S8,"[201,235,283,338]",H1_v_mps_MINUS,H1,"[50.0,0.0,1.8,5.0]",v_mps,-1,250,"{""201"":250.0,""235"":250.0,""283"":250.0,""338"":250.0}","{""201"":200.0,""235"":200.0,""283"":200.0,""338"":200.0}",3.543337891136777
S8_Z180,S8,"[201,235,283,338]",H1_v_mps_PLUS,H1,"[50.0,0.0,2.2,5.0]",v_mps,1,150,"{""201"":150.0,""235"":150.0,""283"":150.0,""338"":150.0}","{""201"":200.0,""235"":200.0,""283"":200.0,""338"":200.0}",4.558798985635583
S8_Z180,S8,"[201,235,283,338]",H1_v_mps_PLUS,H1,"[50.0,0.0,2.2,5.0]",v_mps,1,155,"{""201"":154.0,""235"":154.0,""283"":154.0,""338"":154.0}","{""201"":200.0,""235"":200.0,""283"":200.0,""338"":200.0}",4.180037515583041
S8_Z180,S8,"[201,235,283,338]",H1_v_mps_PLUS,H1,"[50.0,0.0,2.2,5.0]",v_mps,1,160,"{""201"":160.0,""235"":160.0,""283"":160.0,""338"":160.0}","{""201"":200.0,""235"":200.0,""283"":200.0,""338"":200.0}",3.8522068697052867
S8_Z180,S8,"[201,235,283,338]",H1_v_mps_PLUS,H1,"[50.0,0.0,2.2,5.0]",v_mps,1,165,"{""201"":164.0,""235"":164.0,""283"":164.0,""338"":164.0}","{""201"":200.0,""235"":200.0,""283"":200.0,""338"":200.0}",3.9183892930161233
S8_Z180,S8,"[201,235,283,338]",H1_v_mps_PLUS,H1,"[50.0,0.0,2.2,5.0]",v_mps,1,170,"{""201"":170.0,""235"":170.0,""283"":170.0,""338"":170.0}","{""201"":200.0,""235"":200.0,""283"":200.0,""338"":200.0}",3.672127230880887
S8_Z180,S8,"[201,235,283,338]",H1_v_mps_PLUS,H1,"[50.0,0.0,2.2,5.0]",v_mps,1,175,"{""201"":174.0,""235"":174.0,""283"":174.0,""338"":174.0}","{""201"":200.0,""235"":200.0,""283"":200.0,""338"":200.0}",2.3250832547581894
S8_Z180,S8,"[201,235,283,338]",H1_v_mps_PLUS,H1,"[50.0,0.0,2.2,5.0]",v_mps,1,180,"{""201"":180.0,""235"":180.0,""283"":180.0,""338"":180.0}","{""201"":200.0,""235"":200.0,""283"":200.0,""338"":200.0}",3.0324487616411226
S8_Z180,S8,"[201,235,283,338]",H1_v_mps_PLUS,H1,"[50.0,0.0,2.2,5.0]",v_mps,1,185,"{""201"":184.0,""235"":184.0,""283"":184.0,""338"":184.0}","{""201"":200.0,""235"":200.0,""283"":200.0,""338"":200.0}",2.393877638512173
S8_Z180,S8,"[201,235,283,338]",H1_v_mps_PLUS,H1,"[50.0,0.0,2.2,5.0]",v_mps,1,190,"{""201"":190.0,""235"":190.0,""283"":190.0,""338"":190.0}","{""201"":200.0,""235"":200.0,""283"":200.0,""338"":200.0}",3.552545287421668
S8_Z180,S8,"[201,235,283,338]",H1_v_mps_PLUS,H1,"[50.0,0.0,2.2,5.0]",v_mps,1,195,"{""201"":194.0,""235"":194.0,""283"":194.0,""338"":194.0}","{""201"":200.0,""235"":200.0,""283"":200.0,""338"":200.0}",2.7137313130869303
S8_Z180,S8,"[201,235,283,338]",H1_v_mps_PLUS,H1,"[50.0,0.0,2.2,5.0]",v_mps,1,200,"{""201"":200.0,""235"":200.0,""283"":200.0,""338"":200.0}","{""201"":200.0,""235"":200.0,""283"":200.0,""338"":200.0}",3.09727415798823
S8_Z180,S8,"[201,235,283,338]",H1_v_mps_PLUS,H1,"[50.0,0.0,2.2,5.0]",v_mps,1,205,"{""201"":204.0,""235"":204.0,""283"":204.0,""338"":204.0}","{""201"":200.0,""235"":200.0,""283"":200.0,""338"":200.0}",1.8073460289654917
S8_Z180,S8,"[201,235,283,338]",H1_v_mps_PLUS,H1,"[50.0,0.0,2.2,5.0]",v_mps,1,210,"{""201"":210.0,""235"":210.0,""283"":210.0,""338"":210.0}","{""201"":200.0,""235"":200.0,""283"":200.0,""338"":200.0}",3.6413706612242454
S8_Z180,S8,"[201,235,283,338]",H1_v_mps_PLUS,H1,"[50.0,0.0,2.2,5.0]",v_mps,1,215,"{""201"":214.0,""235"":214.0,""283"":214.0,""338"":214.0}","{""201"":200.0,""235"":200.0,""283"":200.0,""338"":200.0}",2.7816584988554087
S8_Z180,S8,"[201,235,283,338]",H1_v_mps_PLUS,H1,"[50.0,0.0,2.2,5.0]",v_mps,1,220,"{""201"":220.0,""235"":220.0,""283"":220.0,""338"":220.0}","{""201"":200.0,""235"":200.0,""283"":200.0,""338"":200.0}",3.5257110201209305
S8_Z180,S8,"[201,235,283,338]",H1_v_mps_PLUS,H1,"[50.0,0.0,2.2,5.0]",v_mps,1,225,"{""201"":224.0,""235"":224.0,""283"":224.0,""338"":224.0}","{""201"":200.0,""235"":200.0,""283"":200.0,""338"":200.0}",2.4145189548477544
S8_Z180,S8,"[201,235,283,338]",H1_v_mps_PLUS,H1,"[50.0,0.0,2.2,5.0]",v_mps,1,230,"{""201"":230.0,""235"":230.0,""283"":230.0,""338"":230.0}","{""201"":200.0,""235"":200.0,""283"":200.0,""338"":200.0}",3.980119966949768
S8_Z180,S8,"[201,235,283,338]",H1_v_mps_PLUS,H1,"[50.0,0.0,2.2,5.0]",v_mps,1,235,"{""201"":234.0,""235"":234.0,""283"":234.0,""338"":234.0}","{""201"":200.0,""235"":200.0,""283"":200.0,""338"":200.0}",3.3109333369391805
S8_Z180,S8,"[201,235,283,338]",H1_v_mps_PLUS,H1,"[50.0,0.0,2.2,5.0]",v_mps,1,240,"{""201"":240.0,""235"":240.0,""283"":240.0,""338"":240.0}","{""201"":200.0,""235"":200.0,""283"":200.0,""338"":200.0}",4.8649173793811205
S8_Z180,S8,"[201,235,283,338]",H1_v_mps_PLUS,H1,"[50.0,0.0,2.2,5.0]",v_mps,1,245,"{""201"":244.0,""235"":244.0,""283"":244.0,""338"":244.0}","{""201"":200.0,""235"":200.0,""283"":200.0,""338"":200.0}",3.5071299749576164
S8_Z180,S8,"[201,235,283,338]",H1_v_mps_PLUS,H1,"[50.0,0.0,2.2,5.0]",v_mps,1,250,"{""201"":250.0,""235"":250.0,""283"":250.0,""338"":250.0}","{""201"":200.0,""235"":200.0,""283"":200.0,""338"":200.0}",4.937866707997015
S8_Z180,S8,"[201,235,283,338]",H1_psi_deg_MINUS,H1,"[50.0,0.0,2.0,4.0]",psi_deg,-1,150,"{""201"":150.0,""235"":150.0,""283"":150.0,""338"":150.0}","{""201"":200.0,""235"":200.0,""283"":200.0,""338"":200.0}",1.6964482915716605
S8_Z180,S8,"[201,235,283,338]",H1_psi_deg_MINUS,H1,"[50.0,0.0,2.0,4.0]",psi_deg,-1,155,"{""201"":154.0,""235"":154.0,""283"":154.0,""338"":154.0}","{""201"":200.0,""235"":200.0,""283"":200.0,""338"":200.0}",1.7223786019127671
S8_Z180,S8,"[201,235,283,338]",H1_psi_deg_MINUS,H1,"[50.0,0.0,2.0,4.0]",psi_deg,-1,160,"{""201"":160.0,""235"":160.0,""283"":160.0,""338"":160.0}","{""201"":200.0,""235"":200.0,""283"":200.0,""338"":200.0}",1.7410566897915183
S8_Z180,S8,"[201,235,283,338]",H1_psi_deg_MINUS,H1,"[50.0,0.0,2.0,4.0]",psi_deg,-1,165,"{""201"":164.0,""235"":164.0,""283"":164.0,""338"":164.0}","{""201"":200.0,""235"":200.0,""283"":200.0,""338"":200.0}",1.2347259405151618
S8_Z180,S8,"[201,235,283,338]",H1_psi_deg_MINUS,H1,"[50.0,0.0,2.0,4.0]",psi_deg,-1,170,"{""201"":170.0,""235"":170.0,""283"":170.0,""338"":170.0}","{""201"":200.0,""235"":200.0,""283"":200.0,""338"":200.0}",1.646260662275856
S8_Z180,S8,"[201,235,283,338]",H1_psi_deg_MINUS,H1,"[50.0,0.0,2.0,4.0]",psi_deg,-1,175,"{""201"":174.0,""235"":174.0,""283"":174.0,""338"":174.0}","{""201"":200.0,""235"":200.0,""283"":200.0,""338"":200.0}",2.1354042032684903
S8_Z180,S8,"[201,235,283,338]",H1_psi_deg_MINUS,H1,"[50.0,0.0,2.0,4.0]",psi_deg,-1,180,"{""201"":180.0,""235"":180.0,""283"":180.0,""338"":180.0}","{""201"":200.0,""235"":200.0,""283"":200.0,""338"":200.0}",0.41005047180554793
S8_Z180,S8,"[201,235,283,338]",H1_psi_deg_MINUS,H1,"[50.0,0.0,2.0,4.0]",psi_deg,-1,185,"{""201"":184.0,""235"":184.0,""283"":184.0,""338"":184.0}","{""201"":200.0,""235"":200.0,""283"":200.0,""338"":200.0}",1.933213374429105
S8_Z180,S8,"[201,235,283,338]",H1_psi_deg_MINUS,H1,"[50.0,0.0,2.0,4.0]",psi_deg,-1,190,"{""201"":190.0,""235"":190.0,""283"":190.0,""338"":190.0}","{""201"":200.0,""235"":200.0,""283"":200.0,""338"":200.0}",2.9792182677628936
S8_Z180,S8,"[201,235,283,338]",H1_psi_deg_MINUS,H1,"[50.0,0.0,2.0,4.0]",psi_deg,-1,195,"{""201"":194.0,""235"":194.0,""283"":194.0,""338"":194.0}","{""201"":200.0,""235"":200.0,""283"":200.0,""338"":200.0}",1.2556810733140207
S8_Z180,S8,"[201,235,283,338]",H1_psi_deg_MINUS,H1,"[50.0,0.0,2.0,4.0]",psi_deg,-1,200,"{""201"":200.0,""235"":200.0,""283"":200.0,""338"":200.0}","{""201"":200.0,""235"":200.0,""283"":200.0,""338"":200.0}",2.300861894494459
S8_Z180,S8,"[201,235,283,338]",H1_psi_deg_MINUS,H1,"[50.0,0.0,2.0,4.0]",psi_deg,-1,205,"{""201"":204.0,""235"":204.0,""283"":204.0,""338"":204.0}","{""201"":200.0,""235"":200.0,""283"":200.0,""338"":200.0}",1.5057686802762154
S8_Z180,S8,"[201,235,283,338]",H1_psi_deg_MINUS,H1,"[50.0,0.0,2.0,4.0]",psi_deg,-1,210,"{""201"":210.0,""235"":210.0,""283"":210.0,""338"":210.0}","{""201"":200.0,""235"":200.0,""283"":200.0,""338"":200.0}",3.1674773428634895
S8_Z180,S8,"[201,235,283,338]",H1_psi_deg_MINUS,H1,"[50.0,0.0,2.0,4.0]",psi_deg,-1,215,"{""201"":214.0,""235"":214.0,""283"":214.0,""338"":214.0}","{""201"":200.0,""235"":200.0,""283"":200.0,""338"":200.0}",1.7645123244532497
S8_Z180,S8,"[201,235,283,338]",H1_psi_deg_MINUS,H1,"[50.0,0.0,2.0,4.0]",psi_deg,-1,220,"{""201"":220.0,""235"":220.0,""283"":220.0,""338"":220.0}","{""201"":200.0,""235"":200.0,""283"":200.0,""338"":200.0}",1.2098913775014632
S8_Z180,S8,"[201,235,283,338]",H1_psi_deg_MINUS,H1,"[50.0,0.0,2.0,4.0]",psi_deg,-1,225,"{""201"":224.0,""235"":224.0,""283"":224.0,""338"":224.0}","{""201"":200.0,""235"":200.0,""283"":200.0,""338"":200.0}",1.436758352346448
S8_Z180,S8,"[201,235,283,338]",H1_psi_deg_MINUS,H1,"[50.0,0.0,2.0,4.0]",psi_deg,-1,230,"{""201"":230.0,""235"":230.0,""283"":230.0,""338"":230.0}","{""201"":200.0,""235"":200.0,""283"":200.0,""338"":200.0}",1.4818877093140284
S8_Z180,S8,"[201,235,283,338]",H1_psi_deg_MINUS,H1,"[50.0,0.0,2.0,4.0]",psi_deg,-1,235,"{""201"":234.0,""235"":234.0,""283"":234.0,""338"":234.0}","{""201"":200.0,""235"":200.0,""283"":200.0,""338"":200.0}",1.6310449587465217
S8_Z180,S8,"[201,235,283,338]",H1_psi_deg_MINUS,H1,"[50.0,0.0,2.0,4.0]",psi_deg,-1,240,"{""201"":240.0,""235"":240.0,""283"":240.0,""338"":240.0}","{""201"":200.0,""235"":200.0,""283"":200.0,""338"":200.0}",1.478985770814067
S8_Z180,S8,"[201,235,283,338]",H1_psi_deg_MINUS,H1,"[50.0,0.0,2.0,4.0]",psi_deg,-1,245,"{""201"":244.0,""235"":244.0,""283"":244.0,""338"":244.0}","{""201"":200.0,""235"":200.0,""283"":200.0,""338"":200.0}",1.6471527160561958
S8_Z180,S8,"[201,235,283,338]",H1_psi_deg_MINUS,H1,"[50.0,0.0,2.0,4.0]",psi_deg,-1,250,"{""201"":250.0,""235"":250.0,""283"":250.0,""338"":250.0}","{""201"":200.0,""235"":200.0,""283"":200.0,""338"":200.0}",2.9199865235904667
S8_Z180,S8,"[201,235,283,338]",H1_psi_deg_PLUS,H1,"[50.0,0.0,2.0,6.0]",psi_deg,1,150,"{""201"":150.0,""235"":150.0,""283"":150.0,""338"":150.0}","{""201"":200.0,""235"":200.0,""283"":200.0,""338"":200.0}",1.9019588729173706
S8_Z180,S8,"[201,235,283,338]",H1_psi_deg_PLUS,H1,"[50.0,0.0,2.0,6.0]",psi_deg,1,155,"{""201"":154.0,""235"":154.0,""283"":154.0,""338"":154.0}","{""201"":200.0,""235"":200.0,""283"":200.0,""338"":200.0}",1.722667891757549
S8_Z180,S8,"[201,235,283,338]",H1_psi_deg_PLUS,H1,"[50.0,0.0,2.0,6.0]",psi_deg,1,160,"{""201"":160.0,""235"":160.0,""283"":160.0,""338"":160.0}","{""201"":200.0,""235"":200.0,""283"":200.0,""338"":200.0}",1.790158129040358
S8_Z180,S8,"[201,235,283,338]",H1_psi_deg_PLUS,H1,"[50.0,0.0,2.0,6.0]",psi_deg,1,165,"{""201"":164.0,""235"":164.0,""283"":164.0,""338"":164.0}","{""201"":200.0,""235"":200.0,""283"":200.0,""338"":200.0}",1.9951400522822986
S8_Z180,S8,"[201,235,283,338]",H1_psi_deg_PLUS,H1,"[50.0,0.0,2.0,6.0]",psi_deg,1,170,"{""201"":170.0,""235"":170.0,""283"":170.0,""338"":170.0}","{""201"":200.0,""235"":200.0,""283"":200.0,""338"":200.0}",1.4320838788903953
S8_Z180,S8,"[201,235,283,338]",H1_psi_deg_PLUS,H1,"[50.0,0.0,2.0,6.0]",psi_deg,1,175,"{""201"":174.0,""235"":174.0,""283"":174.0,""338"":174.0}","{""201"":200.0,""235"":200.0,""283"":200.0,""338"":200.0}",2.058649836735589
S8_Z180,S8,"[201,235,283,338]",H1_psi_deg_PLUS,H1,"[50.0,0.0,2.0,6.0]",psi_deg,1,180,"{""201"":180.0,""235"":180.0,""283"":180.0,""338"":180.0}","{""201"":200.0,""235"":200.0,""283"":200.0,""338"":200.0}",0.5262483215437564
S8_Z180,S8,"[201,235,283,338]",H1_psi_deg_PLUS,H1,"[50.0,0.0,2.0,6.0]",psi_deg,1,185,"{""201"":184.0,""235"":184.0,""283"":184.0,""338"":184.0}","{""201"":200.0,""235"":200.0,""283"":200.0,""338"":200.0}",1.9791893873778656
S8_Z180,S8,"[201,235,283,338]",H1_psi_deg_PLUS,H1,"[50.0,0.0,2.0,6.0]",psi_deg,1,190,"{""201"":190.0,""235"":190.0,""283"":190.0,""338"":190.0}","{""201"":200.0,""235"":200.0,""283"":200.0,""338"":200.0}",2.7327434656805356
S8_Z180,S8,"[201,235,283,338]",H1_psi_deg_PLUS,H1,"[50.0,0.0,2.0,6.0]",psi_deg,1,195,"{""201"":194.0,""235"":194.0,""283"":194.0,""338"":194.0}","{""201"":200.0,""235"":200.0,""283"":200.0,""338"":200.0}",1.3032372071209064
S8_Z180,S8,"[201,235,283,338]",H1_psi_deg_PLUS,H1,"[50.0,0.0,2.0,6.0]",psi_deg,1,200,"{""201"":200.0,""235"":200.0,""283"":200.0,""338"":200.0}","{""201"":200.0,""235"":200.0,""283"":200.0,""338"":200.0}",1.8311628507174116
S8_Z180,S8,"[201,235,283,338]",H1_psi_deg_PLUS,H1,"[50.0,0.0,2.0,6.0]",psi_deg,1,205,"{""201"":204.0,""235"":204.0,""283"":204.0,""338"":204.0}","{""201"":200.0,""235"":200.0,""283"":200.0,""338"":200.0}",1.4304566624183133
S8_Z180,S8,"[201,235,283,338]",H1_psi_deg_PLUS,H1,"[50.0,0.0,2.0,6.0]",psi_deg,1,210,"{""201"":210.0,""235"":210.0,""283"":210.0,""338"":210.0}","{""201"":200.0,""235"":200.0,""283"":200.0,""338"":200.0}",2.789644547840949
S8_Z180,S8,"[201,235,283,338]",H1_psi_deg_PLUS,H1,"[50.0,0.0,2.0,6.0]",psi_deg,1,215,"{""201"":214.0,""235"":214.0,""283"":214.0,""338"":214.0}","{""201"":200.0,""235"":200.0,""283"":200.0,""338"":200.0}",1.5551556457937443
S8_Z180,S8,"[201,235,283,338]",H1_psi_deg_PLUS,H1,"[50.0,0.0,2.0,6.0]",psi_deg,1,220,"{""201"":220.0,""235"":220.0,""283"":220.0,""338"":220.0}","{""201"":200.0,""235"":200.0,""283"":200.0,""338"":200.0}",1.5375186949818387
S8_Z180,S8,"[201,235,283,338]",H1_psi_deg_PLUS,H1,"[50.0,0.0,2.0,6.0]",psi_deg,1,225,"{""201"":224.0,""235"":224.0,""283"":224.0,""338"":224.0}","{""201"":200.0,""235"":200.0,""283"":200.0,""338"":200.0}",1.5379782627915661
S8_Z180,S8,"[201,235,283,338]",H1_psi_deg_PLUS,H1,"[50.0,0.0,2.0,6.0]",psi_deg,1,230,"{""201"":230.0,""235"":230.0,""283"":230.0,""338"":230.0}","{""201"":200.0,""235"":200.0,""283"":200.0,""338"":200.0}",1.4141153036170677
S8_Z180,S8,"[201,235,283,338]",H1_psi_deg_PLUS,H1,"[50.0,0.0,2.0,6.0]",psi_deg,1,235,"{""201"":234.0,""235"":234.0,""283"":234.0,""338"":234.0}","{""201"":200.0,""235"":200.0,""283"":200.0,""338"":200.0}",1.1152278162420046
S8_Z180,S8,"[201,235,283,338]",H1_psi_deg_PLUS,H1,"[50.0,0.0,2.0,6.0]",psi_deg,1,240,"{""201"":240.0,""235"":240.0,""283"":240.0,""338"":240.0}","{""201"":200.0,""235"":200.0,""283"":200.0,""338"":200.0}",1.4991885496659636
S8_Z180,S8,"[201,235,283,338]",H1_psi_deg_PLUS,H1,"[50.0,0.0,2.0,6.0]",psi_deg,1,245,"{""201"":244.0,""235"":244.0,""283"":244.0,""338"":244.0}","{""201"":200.0,""235"":200.0,""283"":200.0,""338"":200.0}",1.4882830859549947
S8_Z180,S8,"[201,235,283,338]",H1_psi_deg_PLUS,H1,"[50.0,0.0,2.0,6.0]",psi_deg,1,250,"{""201"":250.0,""235"":250.0,""283"":250.0,""338"":250.0}","{""201"":200.0,""235"":200.0,""283"":200.0,""338"":200.0}",2.526025883834387
S8_Z200,S8,"[201,235,283,338]",H0,H0,"[50.0,0.0,2.0,5.0]",NONE,0,150,"{""201"":150.0,""235"":150.0,""283"":150.0,""338"":150.0}","{""201"":200.0,""235"":200.0,""283"":200.0,""338"":200.0}",2.7196329270811144
S8_Z200,S8,"[201,235,283,338]",H0,H0,"[50.0,0.0,2.0,5.0]",NONE,0,155,"{""201"":154.0,""235"":154.0,""283"":154.0,""338"":154.0}","{""201"":200.0,""235"":200.0,""283"":200.0,""338"":200.0}",2.4733540464944443
S8_Z200,S8,"[201,235,283,338]",H0,H0,"[50.0,0.0,2.0,5.0]",NONE,0,160,"{""201"":160.0,""235"":160.0,""283"":160.0,""338"":160.0}","{""201"":200.0,""235"":200.0,""283"":200.0,""338"":200.0}",1.757096406316271
S8_Z200,S8,"[201,235,283,338]",H0,H0,"[50.0,0.0,2.0,5.0]",NONE,0,165,"{""201"":164.0,""235"":164.0,""283"":164.0,""338"":164.0}","{""201"":200.0,""235"":200.0,""283"":200.0,""338"":200.0}",2.465936816821499
S8_Z200,S8,"[201,235,283,338]",H0,H0,"[50.0,0.0,2.0,5.0]",NONE,0,170,"{""201"":170.0,""235"":170.0,""283"":170.0,""338"":170.0}","{""201"":200.0,""235"":200.0,""283"":200.0,""338"":200.0}",1.4309002778440914
S8_Z200,S8,"[201,235,283,338]",H0,H0,"[50.0,0.0,2.0,5.0]",NONE,0,175,"{""201"":174.0,""235"":174.0,""283"":174.0,""338"":174.0}","{""201"":200.0,""235"":200.0,""283"":200.0,""338"":200.0}",1.8686481567873336
S8_Z200,S8,"[201,235,283,338]",H0,H0,"[50.0,0.0,2.0,5.0]",NONE,0,180,"{""201"":180.0,""235"":180.0,""283"":180.0,""338"":180.0}","{""201"":200.0,""235"":200.0,""283"":200.0,""338"":200.0}",2.1050547951100183
S8_Z200,S8,"[201,235,283,338]",H0,H0,"[50.0,0.0,2.0,5.0]",NONE,0,185,"{""201"":184.0,""235"":184.0,""283"":184.0,""338"":184.0}","{""201"":200.0,""235"":200.0,""283"":200.0,""338"":200.0}",1.7102780046791808
S8_Z200,S8,"[201,235,283,338]",H0,H0,"[50.0,0.0,2.0,5.0]",NONE,0,190,"{""201"":190.0,""235"":190.0,""283"":190.0,""338"":190.0}","{""201"":200.0,""235"":200.0,""283"":200.0,""338"":200.0}",3.367214006435095
S8_Z200,S8,"[201,235,283,338]",H0,H0,"[50.0,0.0,2.0,5.0]",NONE,0,195,"{""201"":194.0,""235"":194.0,""283"":194.0,""338"":194.0}","{""201"":200.0,""235"":200.0,""283"":200.0,""338"":200.0}",2.50303145957274
S8_Z200,S8,"[201,235,283,338]",H0,H0,"[50.0,0.0,2.0,5.0]",NONE,0,200,"{""201"":200.0,""235"":200.0,""283"":200.0,""338"":200.0}","{""201"":200.0,""235"":200.0,""283"":200.0,""338"":200.0}",1.0711834781949522e-14
S8_Z200,S8,"[201,235,283,338]",H0,H0,"[50.0,0.0,2.0,5.0]",NONE,0,205,"{""201"":204.0,""235"":204.0,""283"":204.0,""338"":204.0}","{""201"":200.0,""235"":200.0,""283"":200.0,""338"":200.0}",0.9953004921592377
S8_Z200,S8,"[201,235,283,338]",H0,H0,"[50.0,0.0,2.0,5.0]",NONE,0,210,"{""201"":210.0,""235"":210.0,""283"":210.0,""338"":210.0}","{""201"":200.0,""235"":200.0,""283"":200.0,""338"":200.0}",3.390587985349356
S8_Z200,S8,"[201,235,283,338]",H0,H0,"[50.0,0.0,2.0,5.0]",NONE,0,215,"{""201"":214.0,""235"":214.0,""283"":214.0,""338"":214.0}","{""201"":200.0,""235"":200.0,""283"":200.0,""338"":200.0}",2.310818040360674
S8_Z200,S8,"[201,235,283,338]",H0,H0,"[50.0,0.0,2.0,5.0]",NONE,0,220,"{""201"":220.0,""235"":220.0,""283"":220.0,""338"":220.0}","{""201"":200.0,""235"":200.0,""283"":200.0,""338"":200.0}",1.4438480742434687
S8_Z200,S8,"[201,235,283,338]",H0,H0,"[50.0,0.0,2.0,5.0]",NONE,0,225,"{""201"":224.0,""235"":224.0,""283"":224.0,""338"":224.0}","{""201"":200.0,""235"":200.0,""283"":200.0,""338"":200.0}",2.4361243064888947
S8_Z200,S8,"[201,235,283,338]",H0,H0,"[50.0,0.0,2.0,5.0]",NONE,0,230,"{""201"":230.0,""235"":230.0,""283"":230.0,""338"":230.0}","{""201"":200.0,""235"":200.0,""283"":200.0,""338"":200.0}",1.783325612425575
S8_Z200,S8,"[201,235,283,338]",H0,H0,"[50.0,0.0,2.0,5.0]",NONE,0,235,"{""201"":234.0,""235"":234.0,""283"":234.0,""338"":234.0}","{""201"":200.0,""235"":200.0,""283"":200.0,""338"":200.0}",2.5349296958179344
S8_Z200,S8,"[201,235,283,338]",H0,H0,"[50.0,0.0,2.0,5.0]",NONE,0,240,"{""201"":240.0,""235"":240.0,""283"":240.0,""338"":240.0}","{""201"":200.0,""235"":200.0,""283"":200.0,""338"":200.0}",1.6496510783327947
S8_Z200,S8,"[201,235,283,338]",H0,H0,"[50.0,0.0,2.0,5.0]",NONE,0,245,"{""201"":244.0,""235"":244.0,""283"":244.0,""338"":244.0}","{""201"":200.0,""235"":200.0,""283"":200.0,""338"":200.0}",2.3346047935346714
S8_Z200,S8,"[201,235,283,338]",H0,H0,"[50.0,0.0,2.0,5.0]",NONE,0,250,"{""201"":250.0,""235"":250.0,""283"":250.0,""338"":250.0}","{""201"":200.0,""235"":200.0,""283"":200.0,""338"":200.0}",2.973309603224806
S8_Z200,S8,"[201,235,283,338]",H1_r_km_MINUS,H1,"[49.0,0.0,2.0,5.0]",r_km,-1,150,"{""201"":150.0,""235"":150.0,""283"":150.0,""338"":150.0}","{""201"":200.0,""235"":200.0,""283"":200.0,""338"":200.0}",1.4055688065569205
S8_Z200,S8,"[201,235,283,338]",H1_r_km_MINUS,H1,"[49.0,0.0,2.0,5.0]",r_km,-1,155,"{""201"":154.0,""235"":154.0,""283"":154.0,""338"":154.0}","{""201"":200.0,""235"":200.0,""283"":200.0,""338"":200.0}",3.140722680971771
S8_Z200,S8,"[201,235,283,338]",H1_r_km_MINUS,H1,"[49.0,0.0,2.0,5.0]",r_km,-1,160,"{""201"":160.0,""235"":160.0,""283"":160.0,""338"":160.0}","{""201"":200.0,""235"":200.0,""283"":200.0,""338"":200.0}",1.7934160439122235
S8_Z200,S8,"[201,235,283,338]",H1_r_km_MINUS,H1,"[49.0,0.0,2.0,5.0]",r_km,-1,165,"{""201"":164.0,""235"":164.0,""283"":164.0,""338"":164.0}","{""201"":200.0,""235"":200.0,""283"":200.0,""338"":200.0}",2.3529572948755795
S8_Z200,S8,"[201,235,283,338]",H1_r_km_MINUS,H1,"[49.0,0.0,2.0,5.0]",r_km,-1,170,"{""201"":170.0,""235"":170.0,""283"":170.0,""338"":170.0}","{""201"":200.0,""235"":200.0,""283"":200.0,""338"":200.0}",3.0985306905252066
S8_Z200,S8,"[201,235,283,338]",H1_r_km_MINUS,H1,"[49.0,0.0,2.0,5.0]",r_km,-1,175,"{""201"":174.0,""235"":174.0,""283"":174.0,""338"":174.0}","{""201"":200.0,""235"":200.0,""283"":200.0,""338"":200.0}",2.7171860445909526
S8_Z200,S8,"[201,235,283,338]",H1_r_km_MINUS,H1,"[49.0,0.0,2.0,5.0]",r_km,-1,180,"{""201"":180.0,""235"":180.0,""283"":180.0,""338"":180.0}","{""201"":200.0,""235"":200.0,""283"":200.0,""338"":200.0}",1.7528538563670848
S8_Z200,S8,"[201,235,283,338]",H1_r_km_MINUS,H1,"[49.0,0.0,2.0,5.0]",r_km,-1,185,"{""201"":184.0,""235"":184.0,""283"":184.0,""338"":184.0}","{""201"":200.0,""235"":200.0,""283"":200.0,""338"":200.0}",1.3990971948016204
S8_Z200,S8,"[201,235,283,338]",H1_r_km_MINUS,H1,"[49.0,0.0,2.0,5.0]",r_km,-1,190,"{""201"":190.0,""235"":190.0,""283"":190.0,""338"":190.0}","{""201"":200.0,""235"":200.0,""283"":200.0,""338"":200.0}",2.50446463869738
S8_Z200,S8,"[201,235,283,338]",H1_r_km_MINUS,H1,"[49.0,0.0,2.0,5.0]",r_km,-1,195,"{""201"":194.0,""235"":194.0,""283"":194.0,""338"":194.0}","{""201"":200.0,""235"":200.0,""283"":200.0,""338"":200.0}",3.08638590903846
S8_Z200,S8,"[201,235,283,338]",H1_r_km_MINUS,H1,"[49.0,0.0,2.0,5.0]",r_km,-1,200,"{""201"":200.0,""235"":200.0,""283"":200.0,""338"":200.0}","{""201"":200.0,""235"":200.0,""283"":200.0,""338"":200.0}",3.4234088853412517
S8_Z200,S8,"[201,235,283,338]",H1_r_km_MINUS,H1,"[49.0,0.0,2.0,5.0]",r_km,-1,205,"{""201"":204.0,""235"":204.0,""283"":204.0,""338"":204.0}","{""201"":200.0,""235"":200.0,""283"":200.0,""338"":200.0}",1.9481834876167572
S8_Z200,S8,"[201,235,283,338]",H1_r_km_MINUS,H1,"[49.0,0.0,2.0,5.0]",r_km,-1,210,"{""201"":210.0,""235"":210.0,""283"":210.0,""338"":210.0}","{""201"":200.0,""235"":200.0,""283"":200.0,""338"":200.0}",3.4780499463057435
S8_Z200,S8,"[201,235,283,338]",H1_r_km_MINUS,H1,"[49.0,0.0,2.0,5.0]",r_km,-1,215,"{""201"":214.0,""235"":214.0,""283"":214.0,""338"":214.0}","{""201"":200.0,""235"":200.0,""283"":200.0,""338"":200.0}",2.8780017075473996
S8_Z200,S8,"[201,235,283,338]",H1_r_km_MINUS,H1,"[49.0,0.0,2.0,5.0]",r_km,-1,220,"{""201"":220.0,""235"":220.0,""283"":220.0,""338"":220.0}","{""201"":200.0,""235"":200.0,""283"":200.0,""338"":200.0}",2.7135558260020054
S8_Z200,S8,"[201,235,283,338]",H1_r_km_MINUS,H1,"[49.0,0.0,2.0,5.0]",r_km,-1,225,"{""201"":224.0,""235"":224.0,""283"":224.0,""338"":224.0}","{""201"":200.0,""235"":200.0,""283"":200.0,""338"":200.0}",3.42730583228522
S8_Z200,S8,"[201,235,283,338]",H1_r_km_MINUS,H1,"[49.0,0.0,2.0,5.0]",r_km,-1,230,"{""201"":230.0,""235"":230.0,""283"":230.0,""338"":230.0}","{""201"":200.0,""235"":200.0,""283"":200.0,""338"":200.0}",2.0898581649306016
S8_Z200,S8,"[201,235,283,338]",H1_r_km_MINUS,H1,"[49.0,0.0,2.0,5.0]",r_km,-1,235,"{""201"":234.0,""235"":234.0,""283"":234.0,""338"":234.0}","{""201"":200.0,""235"":200.0,""283"":200.0,""338"":200.0}",2.1145739174630043
S8_Z200,S8,"[201,235,283,338]",H1_r_km_MINUS,H1,"[49.0,0.0,2.0,5.0]",r_km,-1,240,"{""201"":240.0,""235"":240.0,""283"":240.0,""338"":240.0}","{""201"":200.0,""235"":200.0,""283"":200.0,""338"":200.0}",2.8616188025357547
S8_Z200,S8,"[201,235,283,338]",H1_r_km_MINUS,H1,"[49.0,0.0,2.0,5.0]",r_km,-1,245,"{""201"":244.0,""235"":244.0,""283"":244.0,""338"":244.0}","{""201"":200.0,""235"":200.0,""283"":200.0,""338"":200.0}",2.5782119587990513
S8_Z200,S8,"[201,235,283,338]",H1_r_km_MINUS,H1,"[49.0,0.0,2.0,5.0]",r_km,-1,250,"{""201"":250.0,""235"":250.0,""283"":250.0,""338"":250.0}","{""201"":200.0,""235"":200.0,""283"":200.0,""338"":200.0}",0.5522715751287495
S8_Z200,S8,"[201,235,283,338]",H1_r_km_PLUS,H1,"[51.0,0.0,2.0,5.0]",r_km,1,150,"{""201"":150.0,""235"":150.0,""283"":150.0,""338"":150.0}","{""201"":200.0,""235"":200.0,""283"":200.0,""338"":200.0}",1.8592809029448458
S8_Z200,S8,"[201,235,283,338]",H1_r_km_PLUS,H1,"[51.0,0.0,2.0,5.0]",r_km,1,155,"{""201"":154.0,""235"":154.0,""283"":154.0,""338"":154.0}","{""201"":200.0,""235"":200.0,""283"":200.0,""338"":200.0}",2.652127165401779
S8_Z200,S8,"[201,235,283,338]",H1_r_km_PLUS,H1,"[51.0,0.0,2.0,5.0]",r_km,1,160,"{""201"":160.0,""235"":160.0,""283"":160.0,""338"":160.0}","{""201"":200.0,""235"":200.0,""283"":200.0,""338"":200.0}",2.8563922813940845
S8_Z200,S8,"[201,235,283,338]",H1_r_km_PLUS,H1,"[51.0,0.0,2.0,5.0]",r_km,1,165,"{""201"":164.0,""235"":164.0,""283"":164.0,""338"":164.0}","{""201"":200.0,""235"":200.0,""283"":200.0,""338"":200.0}",2.1685116047787893
S8_Z200,S8,"[201,235,283,338]",H1_r_km_PLUS,H1,"[51.0,0.0,2.0,5.0]",r_km,1,170,"{""201"":170.0,""235"":170.0,""283"":170.0,""338"":170.0}","{""201"":200.0,""235"":200.0,""283"":200.0,""338"":200.0}",2.5477343289264924
S8_Z200,S8,"[201,235,283,338]",H1_r_km_PLUS,H1,"[51.0,0.0,2.0,5.0]",r_km,1,175,"{""201"":174.0,""235"":174.0,""283"":174.0,""338"":174.0}","{""201"":200.0,""235"":200.0,""283"":200.0,""338"":200.0}",2.6930942483042695
S8_Z200,S8,"[201,235,283,338]",H1_r_km_PLUS,H1,"[51.0,0.0,2.0,5.0]",r_km,1,180,"{""201"":180.0,""235"":180.0,""283"":180.0,""338"":180.0}","{""201"":200.0,""235"":200.0,""283"":200.0,""338"":200.0}",2.4828173940236
S8_Z200,S8,"[201,235,283,338]",H1_r_km_PLUS,H1,"[51.0,0.0,2.0,5.0]",r_km,1,185,"{""201"":184.0,""235"":184.0,""283"":184.0,""338"":184.0}","{""201"":200.0,""235"":200.0,""283"":200.0,""338"":200.0}",1.5898084629809401
S8_Z200,S8,"[201,235,283,338]",H1_r_km_PLUS,H1,"[51.0,0.0,2.0,5.0]",r_km,1,190,"{""201"":190.0,""235"":190.0,""283"":190.0,""338"":190.0}","{""201"":200.0,""235"":200.0,""283"":200.0,""338"":200.0}",1.9692401253005405
S8_Z200,S8,"[201,235,283,338]",H1_r_km_PLUS,H1,"[51.0,0.0,2.0,5.0]",r_km,1,195,"{""201"":194.0,""235"":194.0,""283"":194.0,""338"":194.0}","{""201"":200.0,""235"":200.0,""283"":200.0,""338"":200.0}",1.967115546741515
S8_Z200,S8,"[201,235,283,338]",H1_r_km_PLUS,H1,"[51.0,0.0,2.0,5.0]",r_km,1,200,"{""201"":200.0,""235"":200.0,""283"":200.0,""338"":200.0}","{""201"":200.0,""235"":200.0,""283"":200.0,""338"":200.0}",1.9754401111872384
S8_Z200,S8,"[201,235,283,338]",H1_r_km_PLUS,H1,"[51.0,0.0,2.0,5.0]",r_km,1,205,"{""201"":204.0,""235"":204.0,""283"":204.0,""338"":204.0}","{""201"":200.0,""235"":200.0,""283"":200.0,""338"":200.0}",1.6910356717550037
S8_Z200,S8,"[201,235,283,338]",H1_r_km_PLUS,H1,"[51.0,0.0,2.0,5.0]",r_km,1,210,"{""201"":210.0,""235"":210.0,""283"":210.0,""338"":210.0}","{""201"":200.0,""235"":200.0,""283"":200.0,""338"":200.0}",1.8544347917978286
S8_Z200,S8,"[201,235,283,338]",H1_r_km_PLUS,H1,"[51.0,0.0,2.0,5.0]",r_km,1,215,"{""201"":214.0,""235"":214.0,""283"":214.0,""338"":214.0}","{""201"":200.0,""235"":200.0,""283"":200.0,""338"":200.0}",1.4931520487754055
S8_Z200,S8,"[201,235,283,338]",H1_r_km_PLUS,H1,"[51.0,0.0,2.0,5.0]",r_km,1,220,"{""201"":220.0,""235"":220.0,""283"":220.0,""338"":220.0}","{""201"":200.0,""235"":200.0,""283"":200.0,""338"":200.0}",2.5530984994347325
S8_Z200,S8,"[201,235,283,338]",H1_r_km_PLUS,H1,"[51.0,0.0,2.0,5.0]",r_km,1,225,"{""201"":224.0,""235"":224.0,""283"":224.0,""338"":224.0}","{""201"":200.0,""235"":200.0,""283"":200.0,""338"":200.0}",2.944551601065564
S8_Z200,S8,"[201,235,283,338]",H1_r_km_PLUS,H1,"[51.0,0.0,2.0,5.0]",r_km,1,230,"{""201"":230.0,""235"":230.0,""283"":230.0,""338"":230.0}","{""201"":200.0,""235"":200.0,""283"":200.0,""338"":200.0}",1.541035895765847
S8_Z200,S8,"[201,235,283,338]",H1_r_km_PLUS,H1,"[51.0,0.0,2.0,5.0]",r_km,1,235,"{""201"":234.0,""235"":234.0,""283"":234.0,""338"":234.0}","{""201"":200.0,""235"":200.0,""283"":200.0,""338"":200.0}",1.7902211083279713
S8_Z200,S8,"[201,235,283,338]",H1_r_km_PLUS,H1,"[51.0,0.0,2.0,5.0]",r_km,1,240,"{""201"":240.0,""235"":240.0,""283"":240.0,""338"":240.0}","{""201"":200.0,""235"":200.0,""283"":200.0,""338"":200.0}",3.7088985360988924
S8_Z200,S8,"[201,235,283,338]",H1_r_km_PLUS,H1,"[51.0,0.0,2.0,5.0]",r_km,1,245,"{""201"":244.0,""235"":244.0,""283"":244.0,""338"":244.0}","{""201"":200.0,""235"":200.0,""283"":200.0,""338"":200.0}",3.481184562319788
S8_Z200,S8,"[201,235,283,338]",H1_r_km_PLUS,H1,"[51.0,0.0,2.0,5.0]",r_km,1,250,"{""201"":250.0,""235"":250.0,""283"":250.0,""338"":250.0}","{""201"":200.0,""235"":200.0,""283"":200.0,""338"":200.0}",1.5663485005958218
S8_Z200,S8,"[201,235,283,338]",H1_theta_deg_MINUS,H1,"[50.0,-0.5,2.0,5.0]",theta_deg,-1,150,"{""201"":150.0,""235"":150.0,""283"":150.0,""338"":150.0}","{""201"":200.0,""235"":200.0,""283"":200.0,""338"":200.0}",2.781912607820736
S8_Z200,S8,"[201,235,283,338]",H1_theta_deg_MINUS,H1,"[50.0,-0.5,2.0,5.0]",theta_deg,-1,155,"{""201"":154.0,""235"":154.0,""283"":154.0,""338"":154.0}","{""201"":200.0,""235"":200.0,""283"":200.0,""338"":200.0}",2.463119464973702
S8_Z200,S8,"[201,235,283,338]",H1_theta_deg_MINUS,H1,"[50.0,-0.5,2.0,5.0]",theta_deg,-1,160,"{""201"":160.0,""235"":160.0,""283"":160.0,""338"":160.0}","{""201"":200.0,""235"":200.0,""283"":200.0,""338"":200.0}",1.7642758464679893
S8_Z200,S8,"[201,235,283,338]",H1_theta_deg_MINUS,H1,"[50.0,-0.5,2.0,5.0]",theta_deg,-1,165,"{""201"":164.0,""235"":164.0,""283"":164.0,""338"":164.0}","{""201"":200.0,""235"":200.0,""283"":200.0,""338"":200.0}",2.4841318457471564
S8_Z200,S8,"[201,235,283,338]",H1_theta_deg_MINUS,H1,"[50.0,-0.5,2.0,5.0]",theta_deg,-1,170,"{""201"":170.0,""235"":170.0,""283"":170.0,""338"":170.0}","{""201"":200.0,""235"":200.0,""283"":200.0,""338"":200.0}",1.4393468686876176
S8_Z200,S8,"[201,235,283,338]",H1_theta_deg_MINUS,H1,"[50.0,-0.5,2.0,5.0]",theta_deg,-1,175,"{""201"":174.0,""235"":174.0,""283"":174.0,""338"":174.0}","{""201"":200.0,""235"":200.0,""283"":200.0,""338"":200.0}",1.871964599962947
S8_Z200,S8,"[201,235,283,338]",H1_theta_deg_MINUS,H1,"[50.0,-0.5,2.0,5.0]",theta_deg,-1,180,"{""201"":180.0,""235"":180.0,""283"":180.0,""338"":180.0}","{""201"":200.0,""235"":200.0,""283"":200.0,""338"":200.0}",2.1114677033602147
S8_Z200,S8,"[201,235,283,338]",H1_theta_deg_MINUS,H1,"[50.0,-0.5,2.0,5.0]",theta_deg,-1,185,"{""201"":184.0,""235"":184.0,""283"":184.0,""338"":184.0}","{""201"":200.0,""235"":200.0,""283"":200.0,""338"":200.0}",1.7587754716594588
S8_Z200,S8,"[201,235,283,338]",H1_theta_deg_MINUS,H1,"[50.0,-0.5,2.0,5.0]",theta_deg,-1,190,"{""201"":190.0,""235"":190.0,""283"":190.0,""338"":190.0}","{""201"":200.0,""235"":200.0,""283"":200.0,""338"":200.0}",3.3938268285907105
S8_Z200,S8,"[201,235,283,338]",H1_theta_deg_MINUS,H1,"[50.0,-0.5,2.0,5.0]",theta_deg,-1,195,"{""201"":194.0,""235"":194.0,""283"":194.0,""338"":194.0}","{""201"":200.0,""235"":200.0,""283"":200.0,""338"":200.0}",2.551905719794498
S8_Z200,S8,"[201,235,283,338]",H1_theta_deg_MINUS,H1,"[50.0,-0.5,2.0,5.0]",theta_deg,-1,200,"{""201"":200.0,""235"":200.0,""283"":200.0,""338"":200.0}","{""201"":200.0,""235"":200.0,""283"":200.0,""338"":200.0}",0.07849404204203413
S8_Z200,S8,"[201,235,283,338]",H1_theta_deg_MINUS,H1,"[50.0,-0.5,2.0,5.0]",theta_deg,-1,205,"{""201"":204.0,""235"":204.0,""283"":204.0,""338"":204.0}","{""201"":200.0,""235"":200.0,""283"":200.0,""338"":200.0}",0.9652229847078058
S8_Z200,S8,"[201,235,283,338]",H1_theta_deg_MINUS,H1,"[50.0,-0.5,2.0,5.0]",theta_deg,-1,210,"{""201"":210.0,""235"":210.0,""283"":210.0,""338"":210.0}","{""201"":200.0,""235"":200.0,""283"":200.0,""338"":200.0}",3.4476987109715505
S8_Z200,S8,"[201,235,283,338]",H1_theta_deg_MINUS,H1,"[50.0,-0.5,2.0,5.0]",theta_deg,-1,215,"{""201"":214.0,""235"":214.0,""283"":214.0,""338"":214.0}","{""201"":200.0,""235"":200.0,""283"":200.0,""338"":200.0}",2.3232829658360385
S8_Z200,S8,"[201,235,283,338]",H1_theta_deg_MINUS,H1,"[50.0,-0.5,2.0,5.0]",theta_deg,-1,220,"{""201"":220.0,""235"":220.0,""283"":220.0,""338"":220.0}","{""201"":200.0,""235"":200.0,""283"":200.0,""338"":200.0}",1.4643564253003363
S8_Z200,S8,"[201,235,283,338]",H1_theta_deg_MINUS,H1,"[50.0,-0.5,2.0,5.0]",theta_deg,-1,225,"{""201"":224.0,""235"":224.0,""283"":224.0,""338"":224.0}","{""201"":200.0,""235"":200.0,""283"":200.0,""338"":200.0}",2.4400058697826656
S8_Z200,S8,"[201,235,283,338]",H1_theta_deg_MINUS,H1,"[50.0,-0.5,2.0,5.0]",theta_deg,-1,230,"{""201"":230.0,""235"":230.0,""283"":230.0,""338"":230.0}","{""201"":200.0,""235"":200.0,""283"":200.0,""338"":200.0}",1.8337448255693305
S8_Z200,S8,"[201,235,283,338]",H1_theta_deg_MINUS,H1,"[50.0,-0.5,2.0,5.0]",theta_deg,-1,235,"{""201"":234.0,""235"":234.0,""283"":234.0,""338"":234.0}","{""201"":200.0,""235"":200.0,""283"":200.0,""338"":200.0}",2.5465558436199096
S8_Z200,S8,"[201,235,283,338]",H1_theta_deg_MINUS,H1,"[50.0,-0.5,2.0,5.0]",theta_deg,-1,240,"{""201"":240.0,""235"":240.0,""283"":240.0,""338"":240.0}","{""201"":200.0,""235"":200.0,""283"":200.0,""338"":200.0}",1.6603257920525347
S8_Z200,S8,"[201,235,283,338]",H1_theta_deg_MINUS,H1,"[50.0,-0.5,2.0,5.0]",theta_deg,-1,245,"{""201"":244.0,""235"":244.0,""283"":244.0,""338"":244.0}","{""201"":200.0,""235"":200.0,""283"":200.0,""338"":200.0}",2.3461608261550766
S8_Z200,S8,"[201,235,283,338]",H1_theta_deg_MINUS,H1,"[50.0,-0.5,2.0,5.0]",theta_deg,-1,250,"{""201"":250.0,""235"":250.0,""283"":250.0,""338"":250.0}","{""201"":200.0,""235"":200.0,""283"":200.0,""338"":200.0}",3.0537078195254477
S8_Z200,S8,"[201,235,283,338]",H1_theta_deg_PLUS,H1,"[50.0,0.5,2.0,5.0]",theta_deg,1,150,"{""201"":150.0,""235"":150.0,""283"":150.0,""338"":150.0}","{""201"":200.0,""235"":200.0,""283"":200.0,""338"":200.0}",2.6576026687880407
S8_Z200,S8,"[201,235,283,338]",H1_theta_deg_PLUS,H1,"[50.0,0.5,2.0,5.0]",theta_deg,1,155,"{""201"":154.0,""235"":154.0,""283"":154.0,""338"":154.0}","{""201"":200.0,""235"":200.0,""283"":200.0,""338"":200.0}",2.4837257778833473
S8_Z200,S8,"[201,235,283,338]",H1_theta_deg_PLUS,H1,"[50.0,0.5,2.0,5.0]",theta_deg,1,160,"{""201"":160.0,""235"":160.0,""283"":160.0,""338"":160.0}","{""201"":200.0,""235"":200.0,""283"":200.0,""338"":200.0}",1.7489426738404703
S8_Z200,S8,"[201,235,283,338]",H1_theta_deg_PLUS,H1,"[50.0,0.5,2.0,5.0]",theta_deg,1,165,"{""201"":164.0,""235"":164.0,""283"":164.0,""338"":164.0}","{""201"":200.0,""235"":200.0,""283"":200.0,""338"":200.0}",2.445934684275008
S8_Z200,S8,"[201,235,283,338]",H1_theta_deg_PLUS,H1,"[50.0,0.5,2.0,5.0]",theta_deg,1,170,"{""201"":170.0,""235"":170.0,""283"":170.0,""338"":170.0}","{""201"":200.0,""235"":200.0,""283"":200.0,""338"":200.0}",1.426098580523043
S8_Z200,S8,"[201,235,283,338]",H1_theta_deg_PLUS,H1,"[50.0,0.5,2.0,5.0]",theta_deg,1,175,"{""201"":174.0,""235"":174.0,""283"":174.0,""338"":174.0}","{""201"":200.0,""235"":200.0,""283"":200.0,""338"":200.0}",1.8650850738797264
S8_Z200,S8,"[201,235,283,338]",H1_theta_deg_PLUS,H1,"[50.0,0.5,2.0,5.0]",theta_deg,1,180,"{""201"":180.0,""235"":180.0,""283"":180.0,""338"":180.0}","{""201"":200.0,""235"":200.0,""283"":200.0,""338"":200.0}",2.0973528166678013
S8_Z200,S8,"[201,235,283,338]",H1_theta_deg_PLUS,H1,"[50.0,0.5,2.0,5.0]",theta_deg,1,185,"{""201"":184.0,""235"":184.0,""283"":184.0,""338"":184.0}","{""201"":200.0,""235"":200.0,""283"":200.0,""338"":200.0}",1.6675603324785029
S8_Z200,S8,"[201,235,283,338]",H1_theta_deg_PLUS,H1,"[50.0,0.5,2.0,5.0]",theta_deg,1,190,"{""201"":190.0,""235"":190.0,""283"":190.0,""338"":190.0}","{""201"":200.0,""235"":200.0,""283"":200.0,""338"":200.0}",3.3394682241290052
S8_Z200,S8,"[201,235,283,338]",H1_theta_deg_PLUS,H1,"[50.0,0.5,2.0,5.0]",theta_deg,1,195,"{""201"":194.0,""235"":194.0,""283"":194.0,""338"":194.0}","{""201"":200.0,""235"":200.0,""283"":200.0,""338"":200.0}",2.454457412118462
S8_Z200,S8,"[201,235,283,338]",H1_theta_deg_PLUS,H1,"[50.0,0.5,2.0,5.0]",theta_deg,1,200,"{""201"":200.0,""235"":200.0,""283"":200.0,""338"":200.0}","{""201"":200.0,""235"":200.0,""283"":200.0,""338"":200.0}",0.08002315364629288
S8_Z200,S8,"[201,235,283,338]",H1_theta_deg_PLUS,H1,"[50.0,0.5,2.0,5.0]",theta_deg,1,205,"{""201"":204.0,""235"":204.0,""283"":204.0,""338"":204.0}","{""201"":200.0,""235"":200.0,""283"":200.0,""338"":200.0}",1.0271458735758097
S8_Z200,S8,"[201,235,283,338]",H1_theta_deg_PLUS,H1,"[50.0,0.5,2.0,5.0]",theta_deg,1,210,"{""201"":210.0,""235"":210.0,""283"":210.0,""338"":210.0}","{""201"":200.0,""235"":200.0,""283"":200.0,""338"":200.0}",3.334914022885368
S8_Z200,S8,"[201,235,283,338]",H1_theta_deg_PLUS,H1,"[50.0,0.5,2.0,5.0]",theta_deg,1,215,"{""201"":214.0,""235"":214.0,""283"":214.0,""338"":214.0}","{""201"":200.0,""235"":200.0,""283"":200.0,""338"":200.0}",2.298544929714912
S8_Z200,S8,"[201,235,283,338]",H1_theta_deg_PLUS,H1,"[50.0,0.5,2.0,5.0]",theta_deg,1,220,"{""201"":220.0,""235"":220.0,""283"":220.0,""338"":220.0}","{""201"":200.0,""235"":200.0,""283"":200.0,""338"":200.0}",1.426241403374604
S8_Z200,S8,"[201,235,283,338]",H1_theta_deg_PLUS,H1,"[50.0,0.5,2.0,5.0]",theta_deg,1,225,"{""201"":224.0,""235"":224.0,""283"":224.0,""338"":224.0}","{""201"":200.0,""235"":200.0,""283"":200.0,""338"":200.0}",2.4304826549442216
S8_Z200,S8,"[201,235,283,338]",H1_theta_deg_PLUS,H1,"[50.0,0.5,2.0,5.0]",theta_deg,1,230,"{""201"":230.0,""235"":230.0,""283"":230.0,""338"":230.0}","{""201"":200.0,""235"":200.0,""283"":200.0,""338"":200.0}",1.7350731810392812
S8_Z200,S8,"[201,235,283,338]",H1_theta_deg_PLUS,H1,"[50.0,0.5,2.0,5.0]",theta_deg,1,235,"{""201"":234.0,""235"":234.0,""283"":234.0,""338"":234.0}","{""201"":200.0,""235"":200.0,""283"":200.0,""338"":200.0}",2.521696901821905
S8_Z200,S8,"[201,235,283,338]",H1_theta_deg_PLUS,H1,"[50.0,0.5,2.0,5.0]",theta_deg,1,240,"{""201"":240.0,""235"":240.0,""283"":240.0,""338"":240.0}","{""201"":200.0,""235"":200.0,""283"":200.0,""338"":200.0}",1.6412962240837055
S8_Z200,S8,"[201,235,283,338]",H1_theta_deg_PLUS,H1,"[50.0,0.5,2.0,5.0]",theta_deg,1,245,"{""201"":244.0,""235"":244.0,""283"":244.0,""338"":244.0}","{""201"":200.0,""235"":200.0,""283"":200.0,""338"":200.0}",2.3220814360154
S8_Z200,S8,"[201,235,283,338]",H1_theta_deg_PLUS,H1,"[50.0,0.5,2.0,5.0]",theta_deg,1,250,"{""201"":250.0,""235"":250.0,""283"":250.0,""338"":250.0}","{""201"":200.0,""235"":200.0,""283"":200.0,""338"":200.0}",2.88615466106875
S8_Z200,S8,"[201,235,283,338]",H1_v_mps_MINUS,H1,"[50.0,0.0,1.8,5.0]",v_mps,-1,150,"{""201"":150.0,""235"":150.0,""283"":150.0,""338"":150.0}","{""201"":200.0,""235"":200.0,""283"":200.0,""338"":200.0}",4.393068765656553
S8_Z200,S8,"[201,235,283,338]",H1_v_mps_MINUS,H1,"[50.0,0.0,1.8,5.0]",v_mps,-1,155,"{""201"":154.0,""235"":154.0,""283"":154.0,""338"":154.0}","{""201"":200.0,""235"":200.0,""283"":200.0,""338"":200.0}",4.483098156242243
S8_Z200,S8,"[201,235,283,338]",H1_v_mps_MINUS,H1,"[50.0,0.0,1.8,5.0]",v_mps,-1,160,"{""201"":160.0,""235"":160.0,""283"":160.0,""338"":160.0}","{""201"":200.0,""235"":200.0,""283"":200.0,""338"":200.0}",3.2804572125912492
S8_Z200,S8,"[201,235,283,338]",H1_v_mps_MINUS,H1,"[50.0,0.0,1.8,5.0]",v_mps,-1,165,"{""201"":164.0,""235"":164.0,""283"":164.0,""338"":164.0}","{""201"":200.0,""235"":200.0,""283"":200.0,""338"":200.0}",3.456747608697688
S8_Z200,S8,"[201,235,283,338]",H1_v_mps_MINUS,H1,"[50.0,0.0,1.8,5.0]",v_mps,-1,170,"{""201"":170.0,""235"":170.0,""283"":170.0,""338"":170.0}","{""201"":200.0,""235"":200.0,""283"":200.0,""338"":200.0}",2.9788309013985628
S8_Z200,S8,"[201,235,283,338]",H1_v_mps_MINUS,H1,"[50.0,0.0,1.8,5.0]",v_mps,-1,175,"{""201"":174.0,""235"":174.0,""283"":174.0,""338"":174.0}","{""201"":200.0,""235"":200.0,""283"":200.0,""338"":200.0}",2.8860966871479206
S8_Z200,S8,"[201,235,283,338]",H1_v_mps_MINUS,H1,"[50.0,0.0,1.8,5.0]",v_mps,-1,180,"{""201"":180.0,""235"":180.0,""283"":180.0,""338"":180.0}","{""201"":200.0,""235"":200.0,""283"":200.0,""338"":200.0}",4.656909288155908
S8_Z200,S8,"[201,235,283,338]",H1_v_mps_MINUS,H1,"[50.0,0.0,1.8,5.0]",v_mps,-1,185,"{""201"":184.0,""235"":184.0,""283"":184.0,""338"":184.0}","{""201"":200.0,""235"":200.0,""283"":200.0,""338"":200.0}",3.806772330822388
S8_Z200,S8,"[201,235,283,338]",H1_v_mps_MINUS,H1,"[50.0,0.0,1.8,5.0]",v_mps,-1,190,"{""201"":190.0,""235"":190.0,""283"":190.0,""338"":190.0}","{""201"":200.0,""235"":200.0,""283"":200.0,""338"":200.0}",3.7158895175930966
S8_Z200,S8,"[201,235,283,338]",H1_v_mps_MINUS,H1,"[50.0,0.0,1.8,5.0]",v_mps,-1,195,"{""201"":194.0,""235"":194.0,""283"":194.0,""338"":194.0}","{""201"":200.0,""235"":200.0,""283"":200.0,""338"":200.0}",2.620881778386211
S8_Z200,S8,"[201,235,283,338]",H1_v_mps_MINUS,H1,"[50.0,0.0,1.8,5.0]",v_mps,-1,200,"{""201"":200.0,""235"":200.0,""283"":200.0,""338"":200.0}","{""201"":200.0,""235"":200.0,""283"":200.0,""338"":200.0}",3.800883073006153
S8_Z200,S8,"[201,235,283,338]",H1_v_mps_MINUS,H1,"[50.0,0.0,1.8,5.0]",v_mps,-1,205,"{""201"":204.0,""235"":204.0,""283"":204.0,""338"":204.0}","{""201"":200.0,""235"":200.0,""283"":200.0,""338"":200.0}",3.1526227343895528
S8_Z200,S8,"[201,235,283,338]",H1_v_mps_MINUS,H1,"[50.0,0.0,1.8,5.0]",v_mps,-1,210,"{""201"":210.0,""235"":210.0,""283"":210.0,""338"":210.0}","{""201"":200.0,""235"":200.0,""283"":200.0,""338"":200.0}",3.2493799523036233
S8_Z200,S8,"[201,235,283,338]",H1_v_mps_MINUS,H1,"[50.0,0.0,1.8,5.0]",v_mps,-1,215,"{""201"":214.0,""235"":214.0,""283"":214.0,""338"":214.0}","{""201"":200.0,""235"":200.0,""283"":200.0,""338"":200.0}",3.5837136051753187
S8_Z200,S8,"[201,235,283,338]",H1_v_mps_MINUS,H1,"[50.0,0.0,1.8,5.0]",v_mps,-1,220,"{""201"":220.0,""235"":220.0,""283"":220.0,""338"":220.0}","{""201"":200.0,""235"":200.0,""283"":200.0,""338"":200.0}",3.946979452105942
S8_Z200,S8,"[201,235,283,338]",H1_v_mps_MINUS,H1,"[50.0,0.0,1.8,5.0]",v_mps,-1,225,"{""201"":224.0,""235"":224.0,""283"":224.0,""338"":224.0}","{""201"":200.0,""235"":200.0,""283"":200.0,""338"":200.0}",4.036663594658546
S8_Z200,S8,"[201,235,283,338]",H1_v_mps_MINUS,H1,"[50.0,0.0,1.8,5.0]",v_mps,-1,230,"{""201"":230.0,""235"":230.0,""283"":230.0,""338"":230.0}","{""201"":200.0,""235"":200.0,""283"":200.0,""338"":200.0}",3.506479523486788
S8_Z200,S8,"[201,235,283,338]",H1_v_mps_MINUS,H1,"[50.0,0.0,1.8,5.0]",v_mps,-1,235,"{""201"":234.0,""235"":234.0,""283"":234.0,""338"":234.0}","{""201"":200.0,""235"":200.0,""283"":200.0,""338"":200.0}",3.7720890920641326
S8_Z200,S8,"[201,235,283,338]",H1_v_mps_MINUS,H1,"[50.0,0.0,1.8,5.0]",v_mps,-1,240,"{""201"":240.0,""235"":240.0,""283"":240.0,""338"":240.0}","{""201"":200.0,""235"":200.0,""283"":200.0,""338"":200.0}",3.292150031555033
S8_Z200,S8,"[201,235,283,338]",H1_v_mps_MINUS,H1,"[50.0,0.0,1.8,5.0]",v_mps,-1,245,"{""201"":244.0,""235"":244.0,""283"":244.0,""338"":244.0}","{""201"":200.0,""235"":200.0,""283"":200.0,""338"":200.0}",2.8832901588670654
S8_Z200,S8,"[201,235,283,338]",H1_v_mps_MINUS,H1,"[50.0,0.0,1.8,5.0]",v_mps,-1,250,"{""201"":250.0,""235"":250.0,""283"":250.0,""338"":250.0}","{""201"":200.0,""235"":200.0,""283"":200.0,""338"":200.0}",3.248009090162803
S8_Z200,S8,"[201,235,283,338]",H1_v_mps_PLUS,H1,"[50.0,0.0,2.2,5.0]",v_mps,1,150,"{""201"":150.0,""235"":150.0,""283"":150.0,""338"":150.0}","{""201"":200.0,""235"":200.0,""283"":200.0,""338"":200.0}",4.581161664527947
S8_Z200,S8,"[201,235,283,338]",H1_v_mps_PLUS,H1,"[50.0,0.0,2.2,5.0]",v_mps,1,155,"{""201"":154.0,""235"":154.0,""283"":154.0,""338"":154.0}","{""201"":200.0,""235"":200.0,""283"":200.0,""338"":200.0}",3.9731352408823803
S8_Z200,S8,"[201,235,283,338]",H1_v_mps_PLUS,H1,"[50.0,0.0,2.2,5.0]",v_mps,1,160,"{""201"":160.0,""235"":160.0,""283"":160.0,""338"":160.0}","{""201"":200.0,""235"":200.0,""283"":200.0,""338"":200.0}",4.0551123058073335
S8_Z200,S8,"[201,235,283,338]",H1_v_mps_PLUS,H1,"[50.0,0.0,2.2,5.0]",v_mps,1,165,"{""201"":164.0,""235"":164.0,""283"":164.0,""338"":164.0}","{""201"":200.0,""235"":200.0,""283"":200.0,""338"":200.0}",4.009455161408774
S8_Z200,S8,"[201,235,283,338]",H1_v_mps_PLUS,H1,"[50.0,0.0,2.2,5.0]",v_mps,1,170,"{""201"":170.0,""235"":170.0,""283"":170.0,""338"":170.0}","{""201"":200.0,""235"":200.0,""283"":200.0,""338"":200.0}",4.302756702933655
S8_Z200,S8,"[201,235,283,338]",H1_v_mps_PLUS,H1,"[50.0,0.0,2.2,5.0]",v_mps,1,175,"{""201"":174.0,""235"":174.0,""283"":174.0,""338"":174.0}","{""201"":200.0,""235"":200.0,""283"":200.0,""338"":200.0}",3.152199346001048
S8_Z200,S8,"[201,235,283,338]",H1_v_mps_PLUS,H1,"[50.0,0.0,2.2,5.0]",v_mps,1,180,"{""201"":180.0,""235"":180.0,""283"":180.0,""338"":180.0}","{""201"":200.0,""235"":200.0,""283"":200.0,""338"":200.0}",3.22412460908619
S8_Z200,S8,"[201,235,283,338]",H1_v_mps_PLUS,H1,"[50.0,0.0,2.2,5.0]",v_mps,1,185,"{""201"":184.0,""235"":184.0,""283"":184.0,""338"":184.0}","{""201"":200.0,""235"":200.0,""283"":200.0,""338"":200.0}",2.2959557297132527
S8_Z200,S8,"[201,235,283,338]",H1_v_mps_PLUS,H1,"[50.0,0.0,2.2,5.0]",v_mps,1,190,"{""201"":190.0,""235"":190.0,""283"":190.0,""338"":190.0}","{""201"":200.0,""235"":200.0,""283"":200.0,""338"":200.0}",3.5964705660368073
S8_Z200,S8,"[201,235,283,338]",H1_v_mps_PLUS,H1,"[50.0,0.0,2.2,5.0]",v_mps,1,195,"{""201"":194.0,""235"":194.0,""283"":194.0,""338"":194.0}","{""201"":200.0,""235"":200.0,""283"":200.0,""338"":200.0}",2.9981192679954995
S8_Z200,S8,"[201,235,283,338]",H1_v_mps_PLUS,H1,"[50.0,0.0,2.2,5.0]",v_mps,1,200,"{""201"":200.0,""235"":200.0,""283"":200.0,""338"":200.0}","{""201"":200.0,""235"":200.0,""283"":200.0,""338"":200.0}",3.692835824989953
S8_Z200,S8,"[201,235,283,338]",H1_v_mps_PLUS,H1,"[50.0,0.0,2.2,5.0]",v_mps,1,205,"{""201"":204.0,""235"":204.0,""283"":204.0,""338"":204.0}","{""201"":200.0,""235"":200.0,""283"":200.0,""338"":200.0}",2.645853264091271
S8_Z200,S8,"[201,235,283,338]",H1_v_mps_PLUS,H1,"[50.0,0.0,2.2,5.0]",v_mps,1,210,"{""201"":210.0,""235"":210.0,""283"":210.0,""338"":210.0}","{""201"":200.0,""235"":200.0,""283"":200.0,""338"":200.0}",3.800899926024874
S8_Z200,S8,"[201,235,283,338]",H1_v_mps_PLUS,H1,"[50.0,0.0,2.2,5.0]",v_mps,1,215,"{""201"":214.0,""235"":214.0,""283"":214.0,""338"":214.0}","{""201"":200.0,""235"":200.0,""283"":200.0,""338"":200.0}",2.76421751336161
S8_Z200,S8,"[201,235,283,338]",H1_v_mps_PLUS,H1,"[50.0,0.0,2.2,5.0]",v_mps,1,220,"{""201"":220.0,""235"":220.0,""283"":220.0,""338"":220.0}","{""201"":200.0,""235"":200.0,""283"":200.0,""338"":200.0}",3.2964960906488323
S8_Z200,S8,"[201,235,283,338]",H1_v_mps_PLUS,H1,"[50.0,0.0,2.2,5.0]",v_mps,1,225,"{""201"":224.0,""235"":224.0,""283"":224.0,""338"":224.0}","{""201"":200.0,""235"":200.0,""283"":200.0,""338"":200.0}",2.4232391502094424
S8_Z200,S8,"[201,235,283,338]",H1_v_mps_PLUS,H1,"[50.0,0.0,2.2,5.0]",v_mps,1,230,"{""201"":230.0,""235"":230.0,""283"":230.0,""338"":230.0}","{""201"":200.0,""235"":200.0,""283"":200.0,""338"":200.0}",4.9037335521084024
S8_Z200,S8,"[201,235,283,338]",H1_v_mps_PLUS,H1,"[50.0,0.0,2.2,5.0]",v_mps,1,235,"{""201"":234.0,""235"":234.0,""283"":234.0,""338"":234.0}","{""201"":200.0,""235"":200.0,""283"":200.0,""338"":200.0}",4.2554093967545
S8_Z200,S8,"[201,235,283,338]",H1_v_mps_PLUS,H1,"[50.0,0.0,2.2,5.0]",v_mps,1,240,"{""201"":240.0,""235"":240.0,""283"":240.0,""338"":240.0}","{""201"":200.0,""235"":200.0,""283"":200.0,""338"":200.0}",4.713924251184043
S8_Z200,S8,"[201,235,283,338]",H1_v_mps_PLUS,H1,"[50.0,0.0,2.2,5.0]",v_mps,1,245,"{""201"":244.0,""235"":244.0,""283"":244.0,""338"":244.0}","{""201"":200.0,""235"":200.0,""283"":200.0,""338"":200.0}",3.6074758409541166
S8_Z200,S8,"[201,235,283,338]",H1_v_mps_PLUS,H1,"[50.0,0.0,2.2,5.0]",v_mps,1,250,"{""201"":250.0,""235"":250.0,""283"":250.0,""338"":250.0}","{""201"":200.0,""235"":200.0,""283"":200.0,""338"":200.0}",5.2148411245435895
S8_Z200,S8,"[201,235,283,338]",H1_psi_deg_MINUS,H1,"[50.0,0.0,2.0,4.0]",psi_deg,-1,150,"{""201"":150.0,""235"":150.0,""283"":150.0,""338"":150.0}","{""201"":200.0,""235"":200.0,""283"":200.0,""338"":200.0}",2.833464727931049
S8_Z200,S8,"[201,235,283,338]",H1_psi_deg_MINUS,H1,"[50.0,0.0,2.0,4.0]",psi_deg,-1,155,"{""201"":154.0,""235"":154.0,""283"":154.0,""338"":154.0}","{""201"":200.0,""235"":200.0,""283"":200.0,""338"":200.0}",2.3155338914466026
S8_Z200,S8,"[201,235,283,338]",H1_psi_deg_MINUS,H1,"[50.0,0.0,2.0,4.0]",psi_deg,-1,160,"{""201"":160.0,""235"":160.0,""283"":160.0,""338"":160.0}","{""201"":200.0,""235"":200.0,""283"":200.0,""338"":200.0}",1.7542092364323585
S8_Z200,S8,"[201,235,283,338]",H1_psi_deg_MINUS,H1,"[50.0,0.0,2.0,4.0]",psi_deg,-1,165,"{""201"":164.0,""235"":164.0,""283"":164.0,""338"":164.0}","{""201"":200.0,""235"":200.0,""283"":200.0,""338"":200.0}",2.448994303727023
S8_Z200,S8,"[201,235,283,338]",H1_psi_deg_MINUS,H1,"[50.0,0.0,2.0,4.0]",psi_deg,-1,170,"{""201"":170.0,""235"":170.0,""283"":170.0,""338"":170.0}","{""201"":200.0,""235"":200.0,""283"":200.0,""338"":200.0}",1.560186827333365
S8_Z200,S8,"[201,235,283,338]",H1_psi_deg_MINUS,H1,"[50.0,0.0,2.0,4.0]",psi_deg,-1,175,"{""201"":174.0,""235"":174.0,""283"":174.0,""338"":174.0}","{""201"":200.0,""235"":200.0,""283"":200.0,""338"":200.0}",1.924874253198022
S8_Z200,S8,"[201,235,283,338]",H1_psi_deg_MINUS,H1,"[50.0,0.0,2.0,4.0]",psi_deg,-1,180,"{""201"":180.0,""235"":180.0,""283"":180.0,""338"":180.0}","{""201"":200.0,""235"":200.0,""283"":200.0,""338"":200.0}",2.0334756226442554
S8_Z200,S8,"[201,235,283,338]",H1_psi_deg_MINUS,H1,"[50.0,0.0,2.0,4.0]",psi_deg,-1,185,"{""201"":184.0,""235"":184.0,""283"":184.0,""338"":184.0}","{""201"":200.0,""235"":200.0,""283"":200.0,""338"":200.0}",1.8953184543305746
S8_Z200,S8,"[201,235,283,338]",H1_psi_deg_MINUS,H1,"[50.0,0.0,2.0,4.0]",psi_deg,-1,190,"{""201"":190.0,""235"":190.0,""283"":190.0,""338"":190.0}","{""201"":200.0,""235"":200.0,""283"":200.0,""338"":200.0}",3.3722313646714017
S8_Z200,S8,"[201,235,283,338]",H1_psi_deg_MINUS,H1,"[50.0,0.0,2.0,4.0]",psi_deg,-1,195,"{""201"":194.0,""235"":194.0,""283"":194.0,""338"":194.0}","{""201"":200.0,""235"":200.0,""283"":200.0,""338"":200.0}",2.6306984671725195
S8_Z200,S8,"[201,235,283,338]",H1_psi_deg_MINUS,H1,"[50.0,0.0,2.0,4.0]",psi_deg,-1,200,"{""201"":200.0,""235"":200.0,""283"":200.0,""338"":200.0}","{""201"":200.0,""235"":200.0,""283"":200.0,""338"":200.0}",0.31183011843567454
S8_Z200,S8,"[201,235,283,338]",H1_psi_deg_MINUS,H1,"[50.0,0.0,2.0,4.0]",psi_deg,-1,205,"{""201"":204.0,""235"":204.0,""283"":204.0,""338"":204.0}","{""201"":200.0,""235"":200.0,""283"":200.0,""338"":200.0}",0.9222636006979761
S8_Z200,S8,"[201,235,283,338]",H1_psi_deg_MINUS,H1,"[50.0,0.0,2.0,4.0]",psi_deg,-1,210,"{""201"":210.0,""235"":210.0,""283"":210.0,""338"":210.0}","{""201"":200.0,""235"":200.0,""283"":200.0,""338"":200.0}",3.5001069722213387
S8_Z200,S8,"[201,235,283,338]",H1_psi_deg_MINUS,H1,"[50.0,0.0,2.0,4.0]",psi_deg,-1,215,"{""201"":214.0,""235"":214.0,""283"":214.0,""338"":214.0}","{""201"":200.0,""235"":200.0,""283"":200.0,""338"":200.0}",2.3020199247401822
S8_Z200,S8,"[201,235,283,338]",H1_psi_deg_MINUS,H1,"[50.0,0.0,2.0,4.0]",psi_deg,-1,220,"{""201"":220.0,""235"":220.0,""283"":220.0,""338"":220.0}","{""201"":200.0,""235"":200.0,""283"":200.0,""338"":200.0}",1.5253592027945544
S8_Z200,S8,"[201,235,283,338]",H1_psi_deg_MINUS,H1,"[50.0,0.0,2.0,4.0]",psi_deg,-1,225,"{""201"":224.0,""235"":224.0,""283"":224.0,""338"":224.0}","{""201"":200.0,""235"":200.0,""283"":200.0,""338"":200.0}",2.3092275651672813
S8_Z200,S8,"[201,235,283,338]",H1_psi_deg_MINUS,H1,"[50.0,0.0,2.0,4.0]",psi_deg,-1,230,"{""201"":230.0,""235"":230.0,""283"":230.0,""338"":230.0}","{""201"":200.0,""235"":200.0,""283"":200.0,""338"":200.0}",1.7925323226409975
S8_Z200,S8,"[201,235,283,338]",H1_psi_deg_MINUS,H1,"[50.0,0.0,2.0,4.0]",psi_deg,-1,235,"{""201"":234.0,""235"":234.0,""283"":234.0,""338"":234.0}","{""201"":200.0,""235"":200.0,""283"":200.0,""338"":200.0}",2.565582408058719
S8_Z200,S8,"[201,235,283,338]",H1_psi_deg_MINUS,H1,"[50.0,0.0,2.0,4.0]",psi_deg,-1,240,"{""201"":240.0,""235"":240.0,""283"":240.0,""338"":240.0}","{""201"":200.0,""235"":200.0,""283"":200.0,""338"":200.0}",1.6623011521487632
S8_Z200,S8,"[201,235,283,338]",H1_psi_deg_MINUS,H1,"[50.0,0.0,2.0,4.0]",psi_deg,-1,245,"{""201"":244.0,""235"":244.0,""283"":244.0,""338"":244.0}","{""201"":200.0,""235"":200.0,""283"":200.0,""338"":200.0}",2.2389509904161424
S8_Z200,S8,"[201,235,283,338]",H1_psi_deg_MINUS,H1,"[50.0,0.0,2.0,4.0]",psi_deg,-1,250,"{""201"":250.0,""235"":250.0,""283"":250.0,""338"":250.0}","{""201"":200.0,""235"":200.0,""283"":200.0,""338"":200.0}",3.426733662191478
S8_Z200,S8,"[201,235,283,338]",H1_psi_deg_PLUS,H1,"[50.0,0.0,2.0,6.0]",psi_deg,1,150,"{""201"":150.0,""235"":150.0,""283"":150.0,""338"":150.0}","{""201"":200.0,""235"":200.0,""283"":200.0,""338"":200.0}",2.6583312480811605
S8_Z200,S8,"[201,235,283,338]",H1_psi_deg_PLUS,H1,"[50.0,0.0,2.0,6.0]",psi_deg,1,155,"{""201"":154.0,""235"":154.0,""283"":154.0,""338"":154.0}","{""201"":200.0,""235"":200.0,""283"":200.0,""338"":200.0}",2.6513885378708264
S8_Z200,S8,"[201,235,283,338]",H1_psi_deg_PLUS,H1,"[50.0,0.0,2.0,6.0]",psi_deg,1,160,"{""201"":160.0,""235"":160.0,""283"":160.0,""338"":160.0}","{""201"":200.0,""235"":200.0,""283"":200.0,""338"":200.0}",1.7507286608462758
S8_Z200,S8,"[201,235,283,338]",H1_psi_deg_PLUS,H1,"[50.0,0.0,2.0,6.0]",psi_deg,1,165,"{""201"":164.0,""235"":164.0,""283"":164.0,""338"":164.0}","{""201"":200.0,""235"":200.0,""283"":200.0,""338"":200.0}",2.5058952699148
S8_Z200,S8,"[201,235,283,338]",H1_psi_deg_PLUS,H1,"[50.0,0.0,2.0,6.0]",psi_deg,1,170,"{""201"":170.0,""235"":170.0,""283"":170.0,""338"":170.0}","{""201"":200.0,""235"":200.0,""283"":200.0,""338"":200.0}",1.3615657489392896
S8_Z200,S8,"[201,235,283,338]",H1_psi_deg_PLUS,H1,"[50.0,0.0,2.0,6.0]",psi_deg,1,175,"{""201"":174.0,""235"":174.0,""283"":174.0,""338"":174.0}","{""201"":200.0,""235"":200.0,""283"":200.0,""338"":200.0}",1.7937423787381346
S8_Z200,S8,"[201,235,283,338]",H1_psi_deg_PLUS,H1,"[50.0,0.0,2.0,6.0]",psi_deg,1,180,"{""201"":180.0,""235"":180.0,""283"":180.0,""338"":180.0}","{""201"":200.0,""235"":200.0,""283"":200.0,""338"":200.0}",2.1806845002705564
S8_Z200,S8,"[201,235,283,338]",H1_psi_deg_PLUS,H1,"[50.0,0.0,2.0,6.0]",psi_deg,1,185,"{""201"":184.0,""235"":184.0,""283"":184.0,""338"":184.0}","{""201"":200.0,""235"":200.0,""283"":200.0,""338"":200.0}",1.5738990335016143
S8_Z200,S8,"[201,235,283,338]",H1_psi_deg_PLUS,H1,"[50.0,0.0,2.0,6.0]",psi_deg,1,190,"{""201"":190.0,""235"":190.0,""283"":190.0,""338"":190.0}","{""201"":200.0,""235"":200.0,""283"":200.0,""338"":200.0}",3.294903397702789
S8_Z200,S8,"[201,235,283,338]",H1_psi_deg_PLUS,H1,"[50.0,0.0,2.0,6.0]",psi_deg,1,195,"{""201"":194.0,""235"":194.0,""283"":194.0,""338"":194.0}","{""201"":200.0,""235"":200.0,""283"":200.0,""338"":200.0}",2.4019061425880777
S8_Z200,S8,"[201,235,283,338]",H1_psi_deg_PLUS,H1,"[50.0,0.0,2.0,6.0]",psi_deg,1,200,"{""201"":200.0,""235"":200.0,""283"":200.0,""338"":200.0}","{""201"":200.0,""235"":200.0,""283"":200.0,""338"":200.0}",0.4052234583477486
S8_Z200,S8,"[201,235,283,338]",H1_psi_deg_PLUS,H1,"[50.0,0.0,2.0,6.0]",psi_deg,1,205,"{""201"":204.0,""235"":204.0,""283"":204.0,""338"":204.0}","{""201"":200.0,""235"":200.0,""283"":200.0,""338"":200.0}",1.0914654114322184
S8_Z200,S8,"[201,235,283,338]",H1_psi_deg_PLUS,H1,"[50.0,0.0,2.0,6.0]",psi_deg,1,210,"{""201"":210.0,""235"":210.0,""283"":210.0,""338"":210.0}","{""201"":200.0,""235"":200.0,""283"":200.0,""338"":200.0}",3.2674403811373205
S8_Z200,S8,"[201,235,283,338]",H1_psi_deg_PLUS,H1,"[50.0,0.0,2.0,6.0]",psi_deg,1,215,"{""201"":214.0,""235"":214.0,""283"":214.0,""338"":214.0}","{""201"":200.0,""235"":200.0,""283"":200.0,""338"":200.0}",2.313569608102323
S8_Z200,S8,"[201,235,283,338]",H1_psi_deg_PLUS,H1,"[50.0,0.0,2.0,6.0]",psi_deg,1,220,"{""201"":220.0,""235"":220.0,""283"":220.0,""338"":220.0}","{""201"":200.0,""235"":200.0,""283"":200.0,""338"":200.0}",1.427885002552224
S8_Z200,S8,"[201,235,283,338]",H1_psi_deg_PLUS,H1,"[50.0,0.0,2.0,6.0]",psi_deg,1,225,"{""201"":224.0,""235"":224.0,""283"":224.0,""338"":224.0}","{""201"":200.0,""235"":200.0,""283"":200.0,""338"":200.0}",2.5345688884660365
S8_Z200,S8,"[201,235,283,338]",H1_psi_deg_PLUS,H1,"[50.0,0.0,2.0,6.0]",psi_deg,1,230,"{""201"":230.0,""235"":230.0,""283"":230.0,""338"":230.0}","{""201"":200.0,""235"":200.0,""283"":200.0,""338"":200.0}",1.8309161988595872
S8_Z200,S8,"[201,235,283,338]",H1_psi_deg_PLUS,H1,"[50.0,0.0,2.0,6.0]",psi_deg,1,235,"{""201"":234.0,""235"":234.0,""283"":234.0,""338"":234.0}","{""201"":200.0,""235"":200.0,""283"":200.0,""338"":200.0}",2.477100157517451
S8_Z200,S8,"[201,235,283,338]",H1_psi_deg_PLUS,H1,"[50.0,0.0,2.0,6.0]",psi_deg,1,240,"{""201"":240.0,""235"":240.0,""283"":240.0,""338"":240.0}","{""201"":200.0,""235"":200.0,""283"":200.0,""338"":200.0}",1.6569214888155994
S8_Z200,S8,"[201,235,283,338]",H1_psi_deg_PLUS,H1,"[50.0,0.0,2.0,6.0]",psi_deg,1,245,"{""201"":244.0,""235"":244.0,""283"":244.0,""338"":244.0}","{""201"":200.0,""235"":200.0,""283"":200.0,""338"":200.0}",2.4655566214925377
S8_Z200,S8,"[201,235,283,338]",H1_psi_deg_PLUS,H1,"[50.0,0.0,2.0,6.0]",psi_deg,1,250,"{""201"":250.0,""235"":250.0,""283"":250.0,""338"":250.0}","{""201"":200.0,""235"":200.0,""283"":200.0,""338"":200.0}",2.312662683469829
S8_Z220,S8,"[201,235,283,338]",H0,H0,"[50.0,0.0,2.0,5.0]",NONE,0,150,"{""201"":150.0,""235"":150.0,""283"":150.0,""338"":150.0}","{""201"":200.0,""235"":200.0,""283"":200.0,""338"":200.0}",1.999963655183186
S8_Z220,S8,"[201,235,283,338]",H0,H0,"[50.0,0.0,2.0,5.0]",NONE,0,155,"{""201"":154.0,""235"":154.0,""283"":154.0,""338"":154.0}","{""201"":200.0,""235"":200.0,""283"":200.0,""338"":200.0}",1.831201406114838
S8_Z220,S8,"[201,235,283,338]",H0,H0,"[50.0,0.0,2.0,5.0]",NONE,0,160,"{""201"":160.0,""235"":160.0,""283"":160.0,""338"":160.0}","{""201"":200.0,""235"":200.0,""283"":200.0,""338"":200.0}",1.4009045259958182
S8_Z220,S8,"[201,235,283,338]",H0,H0,"[50.0,0.0,2.0,5.0]",NONE,0,165,"{""201"":164.0,""235"":164.0,""283"":164.0,""338"":164.0}","{""201"":200.0,""235"":200.0,""283"":200.0,""338"":200.0}",1.2266922790677801
S8_Z220,S8,"[201,235,283,338]",H0,H0,"[50.0,0.0,2.0,5.0]",NONE,0,170,"{""201"":170.0,""235"":170.0,""283"":170.0,""338"":170.0}","{""201"":200.0,""235"":200.0,""283"":200.0,""338"":200.0}",0.7944807437536134
S8_Z220,S8,"[201,235,283,338]",H0,H0,"[50.0,0.0,2.0,5.0]",NONE,0,175,"{""201"":174.0,""235"":174.0,""283"":174.0,""338"":174.0}","{""201"":200.0,""235"":200.0,""283"":200.0,""338"":200.0}",1.5076035643878059
S8_Z220,S8,"[201,235,283,338]",H0,H0,"[50.0,0.0,2.0,5.0]",NONE,0,180,"{""201"":180.0,""235"":180.0,""283"":180.0,""338"":180.0}","{""201"":200.0,""235"":200.0,""283"":200.0,""338"":200.0}",1.3498673958451504
S8_Z220,S8,"[201,235,283,338]",H0,H0,"[50.0,0.0,2.0,5.0]",NONE,0,185,"{""201"":184.0,""235"":184.0,""283"":184.0,""338"":184.0}","{""201"":200.0,""235"":200.0,""283"":200.0,""338"":200.0}",1.036653002486433
S8_Z220,S8,"[201,235,283,338]",H0,H0,"[50.0,0.0,2.0,5.0]",NONE,0,190,"{""201"":190.0,""235"":190.0,""283"":190.0,""338"":190.0}","{""201"":200.0,""235"":200.0,""283"":200.0,""338"":200.0}",2.5808478600823546
S8_Z220,S8,"[201,235,283,338]",H0,H0,"[50.0,0.0,2.0,5.0]",NONE,0,195,"{""201"":194.0,""235"":194.0,""283"":194.0,""338"":194.0}","{""201"":200.0,""235"":200.0,""283"":200.0,""338"":200.0}",1.454568157165196
S8_Z220,S8,"[201,235,283,338]",H0,H0,"[50.0,0.0,2.0,5.0]",NONE,0,200,"{""201"":200.0,""235"":200.0,""283"":200.0,""338"":200.0}","{""201"":200.0,""235"":200.0,""283"":200.0,""338"":200.0}",1.4438480742434685
S8_Z220,S8,"[201,235,283,338]",H0,H0,"[50.0,0.0,2.0,5.0]",NONE,0,205,"{""201"":204.0,""235"":204.0,""283"":204.0,""338"":204.0}","{""201"":200.0,""235"":200.0,""283"":200.0,""338"":200.0}",0.8068853922681247
S8_Z220,S8,"[201,235,283,338]",H0,H0,"[50.0,0.0,2.0,5.0]",NONE,0,210,"{""201"":210.0,""235"":210.0,""283"":210.0,""338"":210.0}","{""201"":200.0,""235"":200.0,""283"":200.0,""338"":200.0}",2.8717301567464397
S8_Z220,S8,"[201,235,283,338]",H0,H0,"[50.0,0.0,2.0,5.0]",NONE,0,215,"{""201"":214.0,""235"":214.0,""283"":214.0,""338"":214.0}","{""201"":200.0,""235"":200.0,""283"":200.0,""338"":200.0}",1.5634565790348698
S8_Z220,S8,"[201,235,283,338]",H0,H0,"[50.0,0.0,2.0,5.0]",NONE,0,220,"{""201"":220.0,""235"":220.0,""283"":220.0,""338"":220.0}","{""201"":200.0,""235"":200.0,""283"":200.0,""338"":200.0}",1.2391430002978722e-14
S8_Z220,S8,"[201,235,283,338]",H0,H0,"[50.0,0.0,2.0,5.0]",NONE,0,225,"{""201"":224.0,""235"":224.0,""283"":224.0,""338"":224.0}","{""201"":200.0,""235"":200.0,""283"":200.0,""338"":200.0}",1.595392573405177
S8_Z220,S8,"[201,235,283,338]",H0,H0,"[50.0,0.0,2.0,5.0]",NONE,0,230,"{""201"":230.0,""235"":230.0,""283"":230.0,""338"":230.0}","{""201"":200.0,""235"":200.0,""283"":200.0,""338"":200.0}",1.580567597498897
S8_Z220,S8,"[201,235,283,338]",H0,H0,"[50.0,0.0,2.0,5.0]",NONE,0,235,"{""201"":234.0,""235"":234.0,""283"":234.0,""338"":234.0}","{""201"":200.0,""235"":200.0,""283"":200.0,""338"":200.0}",1.9984795569617595
S8_Z220,S8,"[201,235,283,338]",H0,H0,"[50.0,0.0,2.0,5.0]",NONE,0,240,"{""201"":240.0,""235"":240.0,""283"":240.0,""338"":240.0}","{""201"":200.0,""235"":200.0,""283"":200.0,""338"":200.0}",1.1651314117998448
S8_Z220,S8,"[201,235,283,338]",H0,H0,"[50.0,0.0,2.0,5.0]",NONE,0,245,"{""201"":244.0,""235"":244.0,""283"":244.0,""338"":244.0}","{""201"":200.0,""235"":200.0,""283"":200.0,""338"":200.0}",1.8864203472351528
S8_Z220,S8,"[201,235,283,338]",H0,H0,"[50.0,0.0,2.0,5.0]",NONE,0,250,"{""201"":250.0,""235"":250.0,""283"":250.0,""338"":250.0}","{""201"":200.0,""235"":200.0,""283"":200.0,""338"":200.0}",2.1827119526893197
S8_Z220,S8,"[201,235,283,338]",H1_r_km_MINUS,H1,"[49.0,0.0,2.0,5.0]",r_km,-1,150,"{""201"":150.0,""235"":150.0,""283"":150.0,""338"":150.0}","{""201"":200.0,""235"":200.0,""283"":200.0,""338"":200.0}",1.52092081908816
S8_Z220,S8,"[201,235,283,338]",H1_r_km_MINUS,H1,"[49.0,0.0,2.0,5.0]",r_km,-1,155,"{""201"":154.0,""235"":154.0,""283"":154.0,""338"":154.0}","{""201"":200.0,""235"":200.0,""283"":200.0,""338"":200.0}",2.221403772992638
S8_Z220,S8,"[201,235,283,338]",H1_r_km_MINUS,H1,"[49.0,0.0,2.0,5.0]",r_km,-1,160,"{""201"":160.0,""235"":160.0,""283"":160.0,""338"":160.0}","{""201"":200.0,""235"":200.0,""283"":200.0,""338"":200.0}",1.4674807471753686
S8_Z220,S8,"[201,235,283,338]",H1_r_km_MINUS,H1,"[49.0,0.0,2.0,5.0]",r_km,-1,165,"{""201"":164.0,""235"":164.0,""283"":164.0,""338"":164.0}","{""201"":200.0,""235"":200.0,""283"":200.0,""338"":200.0}",1.6432873350620594
S8_Z220,S8,"[201,235,283,338]",H1_r_km_MINUS,H1,"[49.0,0.0,2.0,5.0]",r_km,-1,170,"{""201"":170.0,""235"":170.0,""283"":170.0,""338"":170.0}","{""201"":200.0,""235"":200.0,""283"":200.0,""338"":200.0}",2.509050550174445
S8_Z220,S8,"[201,235,283,338]",H1_r_km_MINUS,H1,"[49.0,0.0,2.0,5.0]",r_km,-1,175,"{""201"":174.0,""235"":174.0,""283"":174.0,""338"":174.0}","{""201"":200.0,""235"":200.0,""283"":200.0,""338"":200.0}",2.2616873732522476
S8_Z220,S8,"[201,235,283,338]",H1_r_km_MINUS,H1,"[49.0,0.0,2.0,5.0]",r_km,-1,180,"{""201"":180.0,""235"":180.0,""283"":180.0,""338"":180.0}","{""201"":200.0,""235"":200.0,""283"":200.0,""338"":200.0}",1.0481415167089856
S8_Z220,S8,"[201,235,283,338]",H1_r_km_MINUS,H1,"[49.0,0.0,2.0,5.0]",r_km,-1,185,"{""201"":184.0,""235"":184.0,""283"":184.0,""338"":184.0}","{""201"":200.0,""235"":200.0,""283"":200.0,""338"":200.0}",0.9045522414285777
S8_Z220,S8,"[201,235,283,338]",H1_r_km_MINUS,H1,"[49.0,0.0,2.0,5.0]",r_km,-1,190,"{""201"":190.0,""235"":190.0,""283"":190.0,""338"":190.0}","{""201"":200.0,""235"":200.0,""283"":200.0,""338"":200.0}",1.7374544134785899
S8_Z220,S8,"[201,235,283,338]",H1_r_km_MINUS,H1,"[49.0,0.0,2.0,5.0]",r_km,-1,195,"{""201"":194.0,""235"":194.0,""283"":194.0,""338"":194.0}","{""201"":200.0,""235"":200.0,""283"":200.0,""338"":200.0}",3.054426505000716
S8_Z220,S8,"[201,235,283,338]",H1_r_km_MINUS,H1,"[49.0,0.0,2.0,5.0]",r_km,-1,200,"{""201"":200.0,""235"":200.0,""283"":200.0,""338"":200.0}","{""201"":200.0,""235"":200.0,""283"":200.0,""338"":200.0}",3.30545206778997
S8_Z220,S8,"[201,235,283,338]",H1_r_km_MINUS,H1,"[49.0,0.0,2.0,5.0]",r_km,-1,205,"{""201"":204.0,""235"":204.0,""283"":204.0,""338"":204.0}","{""201"":200.0,""235"":200.0,""283"":200.0,""338"":200.0}",1.9444838688916404
S8_Z220,S8,"[201,235,283,338]",H1_r_km_MINUS,H1,"[49.0,0.0,2.0,5.0]",r_km,-1,210,"{""201"":210.0,""235"":210.0,""283"":210.0,""338"":210.0}","{""201"":200.0,""235"":200.0,""283"":200.0,""338"":200.0}",2.3753338641987742
S8_Z220,S8,"[201,235,283,338]",H1_r_km_MINUS,H1,"[49.0,0.0,2.0,5.0]",r_km,-1,215,"{""201"":214.0,""235"":214.0,""283"":214.0,""338"":214.0}","{""201"":200.0,""235"":200.0,""283"":200.0,""338"":200.0}",2.9613856708569872
S8_Z220,S8,"[201,235,283,338]",H1_r_km_MINUS,H1,"[49.0,0.0,2.0,5.0]",r_km,-1,220,"{""201"":220.0,""235"":220.0,""283"":220.0,""338"":220.0}","{""201"":200.0,""235"":200.0,""283"":200.0,""338"":200.0}",2.1259077926810184
S8_Z220,S8,"[201,235,283,338]",H1_r_km_MINUS,H1,"[49.0,0.0,2.0,5.0]",r_km,-1,225,"{""201"":224.0,""235"":224.0,""283"":224.0,""338"":224.0}","{""201"":200.0,""235"":200.0,""283"":200.0,""338"":200.0}",2.5515129325266304
S8_Z220,S8,"[201,235,283,338]",H1_r_km_MINUS,H1,"[49.0,0.0,2.0,5.0]",r_km,-1,230,"{""201"":230.0,""235"":230.0,""283"":230.0,""338"":230.0}","{""201"":200.0,""235"":200.0,""283"":200.0,""338"":200.0}",2.66287172761028
S8_Z220,S8,"[201,235,283,338]",H1_r_km_MINUS,H1,"[49.0,0.0,2.0,5.0]",r_km,-1,235,"{""201"":234.0,""235"":234.0,""283"":234.0,""338"":234.0}","{""201"":200.0,""235"":200.0,""283"":200.0,""338"":200.0}",1.7536801538187556
S8_Z220,S8,"[201,235,283,338]",H1_r_km_MINUS,H1,"[49.0,0.0,2.0,5.0]",r_km,-1,240,"{""201"":240.0,""235"":240.0,""283"":240.0,""338"":240.0}","{""201"":200.0,""235"":200.0,""283"":200.0,""338"":200.0}",2.196420307623511
S8_Z220,S8,"[201,235,283,338]",H1_r_km_MINUS,H1,"[49.0,0.0,2.0,5.0]",r_km,-1,245,"{""201"":244.0,""235"":244.0,""283"":244.0,""338"":244.0}","{""201"":200.0,""235"":200.0,""283"":200.0,""338"":200.0}",1.7878976573164318
S8_Z220,S8,"[201,235,283,338]",H1_r_km_MINUS,H1,"[49.0,0.0,2.0,5.0]",r_km,-1,250,"{""201"":250.0,""235"":250.0,""283"":250.0,""338"":250.0}","{""201"":200.0,""235"":200.0,""283"":200.0,""338"":200.0}",1.1312591257705735
S8_Z220,S8,"[201,235,283,338]",H1_r_km_PLUS,H1,"[51.0,0.0,2.0,5.0]",r_km,1,150,"{""201"":150.0,""235"":150.0,""283"":150.0,""338"":150.0}","{""201"":200.0,""235"":200.0,""283"":200.0,""338"":200.0}",1.9088537184210042
S8_Z220,S8,"[201,235,283,338]",H1_r_km_PLUS,H1,"[51.0,0.0,2.0,5.0]",r_km,1,155,"{""201"":154.0,""235"":154.0,""283"":154.0,""338"":154.0}","{""201"":200.0,""235"":200.0,""283"":200.0,""338"":200.0}",2.3364377298347665
S8_Z220,S8,"[201,235,283,338]",H1_r_km_PLUS,H1,"[51.0,0.0,2.0,5.0]",r_km,1,160,"{""201"":160.0,""235"":160.0,""283"":160.0,""338"":160.0}","{""201"":200.0,""235"":200.0,""283"":200.0,""338"":200.0}",2.837700560423667
S8_Z220,S8,"[201,235,283,338]",H1_r_km_PLUS,H1,"[51.0,0.0,2.0,5.0]",r_km,1,165,"{""201"":164.0,""235"":164.0,""283"":164.0,""338"":164.0}","{""201"":200.0,""235"":200.0,""283"":200.0,""338"":200.0}",1.8523351718490322
S8_Z220,S8,"[201,235,283,338]",H1_r_km_PLUS,H1,"[51.0,0.0,2.0,5.0]",r_km,1,170,"{""201"":170.0,""235"":170.0,""283"":170.0,""338"":170.0}","{""201"":200.0,""235"":200.0,""283"":200.0,""338"":200.0}",2.0934644610017434
S8_Z220,S8,"[201,235,283,338]",H1_r_km_PLUS,H1,"[51.0,0.0,2.0,5.0]",r_km,1,175,"{""201"":174.0,""235"":174.0,""283"":174.0,""338"":174.0}","{""201"":200.0,""235"":200.0,""283"":200.0,""338"":200.0}",2.137842875294868
S8_Z220,S8,"[201,235,283,338]",H1_r_km_PLUS,H1,"[51.0,0.0,2.0,5.0]",r_km,1,180,"{""201"":180.0,""235"":180.0,""283"":180.0,""338"":180.0}","{""201"":200.0,""235"":200.0,""283"":200.0,""338"":200.0}",1.6559471015530909
S8_Z220,S8,"[201,235,283,338]",H1_r_km_PLUS,H1,"[51.0,0.0,2.0,5.0]",r_km,1,185,"{""201"":184.0,""235"":184.0,""283"":184.0,""338"":184.0}","{""201"":200.0,""235"":200.0,""283"":200.0,""338"":200.0}",1.0938002585161952
S8_Z220,S8,"[201,235,283,338]",H1_r_km_PLUS,H1,"[51.0,0.0,2.0,5.0]",r_km,1,190,"{""201"":190.0,""235"":190.0,""283"":190.0,""338"":190.0}","{""201"":200.0,""235"":200.0,""283"":200.0,""338"":200.0}",1.175787112098422
S8_Z220,S8,"[201,235,283,338]",H1_r_km_PLUS,H1,"[51.0,0.0,2.0,5.0]",r_km,1,195,"{""201"":194.0,""235"":194.0,""283"":194.0,""338"":194.0}","{""201"":200.0,""235"":200.0,""283"":200.0,""338"":200.0}",1.3263057478538112
S8_Z220,S8,"[201,235,283,338]",H1_r_km_PLUS,H1,"[51.0,0.0,2.0,5.0]",r_km,1,200,"{""201"":200.0,""235"":200.0,""283"":200.0,""338"":200.0}","{""201"":200.0,""235"":200.0,""283"":200.0,""338"":200.0}",1.0601521688483535
S8_Z220,S8,"[201,235,283,338]",H1_r_km_PLUS,H1,"[51.0,0.0,2.0,5.0]",r_km,1,205,"{""201"":204.0,""235"":204.0,""283"":204.0,""338"":204.0}","{""201"":200.0,""235"":200.0,""283"":200.0,""338"":200.0}",0.9660213277097415
S8_Z220,S8,"[201,235,283,338]",H1_r_km_PLUS,H1,"[51.0,0.0,2.0,5.0]",r_km,1,210,"{""201"":210.0,""235"":210.0,""283"":210.0,""338"":210.0}","{""201"":200.0,""235"":200.0,""283"":200.0,""338"":200.0}",1.0855121342364369
S8_Z220,S8,"[201,235,283,338]",H1_r_km_PLUS,H1,"[51.0,0.0,2.0,5.0]",r_km,1,215,"{""201"":214.0,""235"":214.0,""283"":214.0,""338"":214.0}","{""201"":200.0,""235"":200.0,""283"":200.0,""338"":200.0}",0.7903123372228997
S8_Z220,S8,"[201,235,283,338]",H1_r_km_PLUS,H1,"[51.0,0.0,2.0,5.0]",r_km,1,220,"{""201"":220.0,""235"":220.0,""283"":220.0,""338"":220.0}","{""201"":200.0,""235"":200.0,""283"":200.0,""338"":200.0}",1.6810406599777383
S8_Z220,S8,"[201,235,283,338]",H1_r_km_PLUS,H1,"[51.0,0.0,2.0,5.0]",r_km,1,225,"{""201"":224.0,""235"":224.0,""283"":224.0,""338"":224.0}","{""201"":200.0,""235"":200.0,""283"":200.0,""338"":200.0}",2.0085033994915515
S8_Z220,S8,"[201,235,283,338]",H1_r_km_PLUS,H1,"[51.0,0.0,2.0,5.0]",r_km,1,230,"{""201"":230.0,""235"":230.0,""283"":230.0,""338"":230.0}","{""201"":200.0,""235"":200.0,""283"":200.0,""338"":200.0}",1.6654961096289802
S8_Z220,S8,"[201,235,283,338]",H1_r_km_PLUS,H1,"[51.0,0.0,2.0,5.0]",r_km,1,235,"{""201"":234.0,""235"":234.0,""283"":234.0,""338"":234.0}","{""201"":200.0,""235"":200.0,""283"":200.0,""338"":200.0}",1.1209215855410042
S8_Z220,S8,"[201,235,283,338]",H1_r_km_PLUS,H1,"[51.0,0.0,2.0,5.0]",r_km,1,240,"{""201"":240.0,""235"":240.0,""283"":240.0,""338"":240.0}","{""201"":200.0,""235"":200.0,""283"":200.0,""338"":200.0}",3.258538327038005
S8_Z220,S8,"[201,235,283,338]",H1_r_km_PLUS,H1,"[51.0,0.0,2.0,5.0]",r_km,1,245,"{""201"":244.0,""235"":244.0,""283"":244.0,""338"":244.0}","{""201"":200.0,""235"":200.0,""283"":200.0,""338"":200.0}",2.8275088175379444
S8_Z220,S8,"[201,235,283,338]",H1_r_km_PLUS,H1,"[51.0,0.0,2.0,5.0]",r_km,1,250,"{""201"":250.0,""235"":250.0,""283"":250.0,""338"":250.0}","{""201"":200.0,""235"":200.0,""283"":200.0,""338"":200.0}",0.85195631183326
S8_Z220,S8,"[201,235,283,338]",H1_theta_deg_MINUS,H1,"[50.0,-0.5,2.0,5.0]",theta_deg,-1,150,"{""201"":150.0,""235"":150.0,""283"":150.0,""338"":150.0}","{""201"":200.0,""235"":200.0,""283"":200.0,""338"":200.0}",2.073897694720309
S8_Z220,S8,"[201,235,283,338]",H1_theta_deg_MINUS,H1,"[50.0,-0.5,2.0,5.0]",theta_deg,-1,155,"{""201"":154.0,""235"":154.0,""283"":154.0,""338"":154.0}","{""201"":200.0,""235"":200.0,""283"":200.0,""338"":200.0}",1.8393591418070048
S8_Z220,S8,"[201,235,283,338]",H1_theta_deg_MINUS,H1,"[50.0,-0.5,2.0,5.0]",theta_deg,-1,160,"{""201"":160.0,""235"":160.0,""283"":160.0,""338"":160.0}","{""201"":200.0,""235"":200.0,""283"":200.0,""338"":200.0}",1.4107377800721859
S8_Z220,S8,"[201,235,283,338]",H1_theta_deg_MINUS,H1,"[50.0,-0.5,2.0,5.0]",theta_deg,-1,165,"{""201"":164.0,""235"":164.0,""283"":164.0,""338"":164.0}","{""201"":200.0,""235"":200.0,""283"":200.0,""338"":200.0}",1.2496490715934818
S8_Z220,S8,"[201,235,283,338]",H1_theta_deg_MINUS,H1,"[50.0,-0.5,2.0,5.0]",theta_deg,-1,170,"{""201"":170.0,""235"":170.0,""283"":170.0,""338"":170.0}","{""201"":200.0,""235"":200.0,""283"":200.0,""338"":200.0}",0.8202907197676805
S8_Z220,S8,"[201,235,283,338]",H1_theta_deg_MINUS,H1,"[50.0,-0.5,2.0,5.0]",theta_deg,-1,175,"{""201"":174.0,""235"":174.0,""283"":174.0,""338"":174.0}","{""201"":200.0,""235"":200.0,""283"":200.0,""338"":200.0}",1.5313882940113008
S8_Z220,S8,"[201,235,283,338]",H1_theta_deg_MINUS,H1,"[50.0,-0.5,2.0,5.0]",theta_deg,-1,180,"{""201"":180.0,""235"":180.0,""283"":180.0,""338"":180.0}","{""201"":200.0,""235"":200.0,""283"":200.0,""338"":200.0}",1.3566697424285166
S8_Z220,S8,"[201,235,283,338]",H1_theta_deg_MINUS,H1,"[50.0,-0.5,2.0,5.0]",theta_deg,-1,185,"{""201"":184.0,""235"":184.0,""283"":184.0,""338"":184.0}","{""201"":200.0,""235"":200.0,""283"":200.0,""338"":200.0}",1.1116465489878915
S8_Z220,S8,"[201,235,283,338]",H1_theta_deg_MINUS,H1,"[50.0,-0.5,2.0,5.0]",theta_deg,-1,190,"{""201"":190.0,""235"":190.0,""283"":190.0,""338"":190.0}","{""201"":200.0,""235"":200.0,""283"":200.0,""338"":200.0}",2.614340068519783
S8_Z220,S8,"[201,235,283,338]",H1_theta_deg_MINUS,H1,"[50.0,-0.5,2.0,5.0]",theta_deg,-1,195,"{""201"":194.0,""235"":194.0,""283"":194.0,""338"":194.0}","{""201"":200.0,""235"":200.0,""283"":200.0,""338"":200.0}",1.4913113430127454
S8_Z220,S8,"[201,235,283,338]",H1_theta_deg_MINUS,H1,"[50.0,-0.5,2.0,5.0]",theta_deg,-1,200,"{""201"":200.0,""235"":200.0,""283"":200.0,""338"":200.0}","{""201"":200.0,""235"":200.0,""283"":200.0,""338"":200.0}",1.5018500152456198
S8_Z220,S8,"[201,235,283,338]",H1_theta_deg_MINUS,H1,"[50.0,-0.5,2.0,5.0]",theta_deg,-1,205,"{""201"":204.0,""235"":204.0,""283"":204.0,""338"":204.0}","{""201"":200.0,""235"":200.0,""283"":200.0,""338"":200.0}",0.837748774338902
S8_Z220,S8,"[201,235,283,338]",H1_theta_deg_MINUS,H1,"[50.0,-0.5,2.0,5.0]",theta_deg,-1,210,"{""201"":210.0,""235"":210.0,""283"":210.0,""338"":210.0}","{""201"":200.0,""235"":200.0,""283"":200.0,""338"":200.0}",2.9235027229075694
S8_Z220,S8,"[201,235,283,338]",H1_theta_deg_MINUS,H1,"[50.0,-0.5,2.0,5.0]",theta_deg,-1,215,"{""201"":214.0,""235"":214.0,""283"":214.0,""338"":214.0}","{""201"":200.0,""235"":200.0,""283"":200.0,""338"":200.0}",1.5934018548919038
S8_Z220,S8,"[201,235,283,338]",H1_theta_deg_MINUS,H1,"[50.0,-0.5,2.0,5.0]",theta_deg,-1,220,"{""201"":220.0,""235"":220.0,""283"":220.0,""338"":220.0}","{""201"":200.0,""235"":200.0,""283"":200.0,""338"":200.0}",0.04575781795008817
S8_Z220,S8,"[201,235,283,338]",H1_theta_deg_MINUS,H1,"[50.0,-0.5,2.0,5.0]",theta_deg,-1,225,"{""201"":224.0,""235"":224.0,""283"":224.0,""338"":224.0}","{""201"":200.0,""235"":200.0,""283"":200.0,""338"":200.0}",1.6112138035498405
S8_Z220,S8,"[201,235,283,338]",H1_theta_deg_MINUS,H1,"[50.0,-0.5,2.0,5.0]",theta_deg,-1,230,"{""201"":230.0,""235"":230.0,""283"":230.0,""338"":230.0}","{""201"":200.0,""235"":200.0,""283"":200.0,""338"":200.0}",1.6419836451948806
S8_Z220,S8,"[201,235,283,338]",H1_theta_deg_MINUS,H1,"[50.0,-0.5,2.0,5.0]",theta_deg,-1,235,"{""201"":234.0,""235"":234.0,""283"":234.0,""338"":234.0}","{""201"":200.0,""235"":200.0,""283"":200.0,""338"":200.0}",2.0031467380253543
S8_Z220,S8,"[201,235,283,338]",H1_theta_deg_MINUS,H1,"[50.0,-0.5,2.0,5.0]",theta_deg,-1,240,"{""201"":240.0,""235"":240.0,""283"":240.0,""338"":240.0}","{""201"":200.0,""235"":200.0,""283"":200.0,""338"":200.0}",1.1884167581322602
S8_Z220,S8,"[201,235,283,338]",H1_theta_deg_MINUS,H1,"[50.0,-0.5,2.0,5.0]",theta_deg,-1,245,"{""201"":244.0,""235"":244.0,""283"":244.0,""338"":244.0}","{""201"":200.0,""235"":200.0,""283"":200.0,""338"":200.0}",1.9121876704424094
S8_Z220,S8,"[201,235,283,338]",H1_theta_deg_MINUS,H1,"[50.0,-0.5,2.0,5.0]",theta_deg,-1,250,"{""201"":250.0,""235"":250.0,""283"":250.0,""338"":250.0}","{""201"":200.0,""235"":200.0,""283"":200.0,""338"":200.0}",2.2552254141400634
S8_Z220,S8,"[201,235,283,338]",H1_theta_deg_PLUS,H1,"[50.0,0.5,2.0,5.0]",theta_deg,1,150,"{""201"":150.0,""235"":150.0,""283"":150.0,""338"":150.0}","{""201"":200.0,""235"":200.0,""283"":200.0,""338"":200.0}",1.9257063178245668
S8_Z220,S8,"[201,235,283,338]",H1_theta_deg_PLUS,H1,"[50.0,0.5,2.0,5.0]",theta_deg,1,155,"{""201"":154.0,""235"":154.0,""283"":154.0,""338"":154.0}","{""201"":200.0,""235"":200.0,""283"":200.0,""338"":200.0}",1.8216770283439476
S8_Z220,S8,"[201,235,283,338]",H1_theta_deg_PLUS,H1,"[50.0,0.5,2.0,5.0]",theta_deg,1,160,"{""201"":160.0,""235"":160.0,""283"":160.0,""338"":160.0}","{""201"":200.0,""235"":200.0,""283"":200.0,""338"":200.0}",1.3871937970679817
S8_Z220,S8,"[201,235,283,338]",H1_theta_deg_PLUS,H1,"[50.0,0.5,2.0,5.0]",theta_deg,1,165,"{""201"":164.0,""235"":164.0,""283"":164.0,""338"":164.0}","{""201"":200.0,""235"":200.0,""283"":200.0,""338"":200.0}",1.202126514742306
S8_Z220,S8,"[201,235,283,338]",H1_theta_deg_PLUS,H1,"[50.0,0.5,2.0,5.0]",theta_deg,1,170,"{""201"":170.0,""235"":170.0,""283"":170.0,""338"":170.0}","{""201"":200.0,""235"":200.0,""283"":200.0,""338"":200.0}",0.7734983873318159
S8_Z220,S8,"[201,235,283,338]",H1_theta_deg_PLUS,H1,"[50.0,0.5,2.0,5.0]",theta_deg,1,175,"{""201"":174.0,""235"":174.0,""283"":174.0,""338"":174.0}","{""201"":200.0,""235"":200.0,""283"":200.0,""338"":200.0}",1.4829100332806284
S8_Z220,S8,"[201,235,283,338]",H1_theta_deg_PLUS,H1,"[50.0,0.5,2.0,5.0]",theta_deg,1,180,"{""201"":180.0,""235"":180.0,""283"":180.0,""338"":180.0}","{""201"":200.0,""235"":200.0,""283"":200.0,""338"":200.0}",1.342365163965117
S8_Z220,S8,"[201,235,283,338]",H1_theta_deg_PLUS,H1,"[50.0,0.5,2.0,5.0]",theta_deg,1,185,"{""201"":184.0,""235"":184.0,""283"":184.0,""338"":184.0}","{""201"":200.0,""235"":200.0,""283"":200.0,""338"":200.0}",0.9683281310659251
S8_Z220,S8,"[201,235,283,338]",H1_theta_deg_PLUS,H1,"[50.0,0.5,2.0,5.0]",theta_deg,1,190,"{""201"":190.0,""235"":190.0,""283"":190.0,""338"":190.0}","{""201"":200.0,""235"":200.0,""283"":200.0,""338"":200.0}",2.545475740545414
S8_Z220,S8,"[201,235,283,338]",H1_theta_deg_PLUS,H1,"[50.0,0.5,2.0,5.0]",theta_deg,1,195,"{""201"":194.0,""235"":194.0,""283"":194.0,""338"":194.0}","{""201"":200.0,""235"":200.0,""283"":200.0,""338"":200.0}",1.4192838641130054
S8_Z220,S8,"[201,235,283,338]",H1_theta_deg_PLUS,H1,"[50.0,0.5,2.0,5.0]",theta_deg,1,200,"{""201"":200.0,""235"":200.0,""283"":200.0,""338"":200.0}","{""201"":200.0,""235"":200.0,""283"":200.0,""338"":200.0}",1.3852298088975623
S8_Z220,S8,"[201,235,283,338]",H1_theta_deg_PLUS,H1,"[50.0,0.5,2.0,5.0]",theta_deg,1,205,"{""201"":204.0,""235"":204.0,""283"":204.0,""338"":204.0}","{""201"":200.0,""235"":200.0,""283"":200.0,""338"":200.0}",0.778927896099539
S8_Z220,S8,"[201,235,283,338]",H1_theta_deg_PLUS,H1,"[50.0,0.5,2.0,5.0]",theta_deg,1,210,"{""201"":210.0,""235"":210.0,""283"":210.0,""338"":210.0}","{""201"":200.0,""235"":200.0,""283"":200.0,""338"":200.0}",2.8214110670849686
S8_Z220,S8,"[201,235,283,338]",H1_theta_deg_PLUS,H1,"[50.0,0.5,2.0,5.0]",theta_deg,1,215,"{""201"":214.0,""235"":214.0,""283"":214.0,""338"":214.0}","{""201"":200.0,""235"":200.0,""283"":200.0,""338"":200.0}",1.5335329767270365
S8_Z220,S8,"[201,235,283,338]",H1_theta_deg_PLUS,H1,"[50.0,0.5,2.0,5.0]",theta_deg,1,220,"{""201"":220.0,""235"":220.0,""283"":220.0,""338"":220.0}","{""201"":200.0,""235"":200.0,""283"":200.0,""338"":200.0}",0.045522661111991956
S8_Z220,S8,"[201,235,283,338]",H1_theta_deg_PLUS,H1,"[50.0,0.5,2.0,5.0]",theta_deg,1,225,"{""201"":224.0,""235"":224.0,""283"":224.0,""338"":224.0}","{""201"":200.0,""235"":200.0,""283"":200.0,""338"":200.0}",1.578124758575899
S8_Z220,S8,"[201,235,283,338]",H1_theta_deg_PLUS,H1,"[50.0,0.5,2.0,5.0]",theta_deg,1,230,"{""201"":230.0,""235"":230.0,""283"":230.0,""338"":230.0}","{""201"":200.0,""235"":200.0,""283"":200.0,""338"":200.0}",1.5200093830493993
S8_Z220,S8,"[201,235,283,338]",H1_theta_deg_PLUS,H1,"[50.0,0.5,2.0,5.0]",theta_deg,1,235,"{""201"":234.0,""235"":234.0,""283"":234.0,""338"":234.0}","{""201"":200.0,""235"":200.0,""283"":200.0,""338"":200.0}",1.9940066351192967
S8_Z220,S8,"[201,235,283,338]",H1_theta_deg_PLUS,H1,"[50.0,0.5,2.0,5.0]",theta_deg,1,240,"{""201"":240.0,""235"":240.0,""283"":240.0,""338"":240.0}","{""201"":200.0,""235"":200.0,""283"":200.0,""338"":200.0}",1.1431449291569833
S8_Z220,S8,"[201,235,283,338]",H1_theta_deg_PLUS,H1,"[50.0,0.5,2.0,5.0]",theta_deg,1,245,"{""201"":244.0,""235"":244.0,""283"":244.0,""338"":244.0}","{""201"":200.0,""235"":200.0,""283"":200.0,""338"":200.0}",1.8578938557608784
S8_Z220,S8,"[201,235,283,338]",H1_theta_deg_PLUS,H1,"[50.0,0.5,2.0,5.0]",theta_deg,1,250,"{""201"":250.0,""235"":250.0,""283"":250.0,""338"":250.0}","{""201"":200.0,""235"":200.0,""283"":200.0,""338"":200.0}",2.1029826905872
S8_Z220,S8,"[201,235,283,338]",H1_v_mps_MINUS,H1,"[50.0,0.0,1.8,5.0]",v_mps,-1,150,"{""201"":150.0,""235"":150.0,""283"":150.0,""338"":150.0}","{""201"":200.0,""235"":200.0,""283"":200.0,""338"":200.0}",4.038449289530114
S8_Z220,S8,"[201,235,283,338]",H1_v_mps_MINUS,H1,"[50.0,0.0,1.8,5.0]",v_mps,-1,155,"{""201"":154.0,""235"":154.0,""283"":154.0,""338"":154.0}","{""201"":200.0,""235"":200.0,""283"":200.0,""338"":200.0}",3.8082207216998127
S8_Z220,S8,"[201,235,283,338]",H1_v_mps_MINUS,H1,"[50.0,0.0,1.8,5.0]",v_mps,-1,160,"{""201"":160.0,""235"":160.0,""283"":160.0,""338"":160.0}","{""201"":200.0,""235"":200.0,""283"":200.0,""338"":200.0}",2.8878223475974605
S8_Z220,S8,"[201,235,283,338]",H1_v_mps_MINUS,H1,"[50.0,0.0,1.8,5.0]",v_mps,-1,165,"{""201"":164.0,""235"":164.0,""283"":164.0,""338"":164.0}","{""201"":200.0,""235"":200.0,""283"":200.0,""338"":200.0}",3.059743854837794
S8_Z220,S8,"[201,235,283,338]",H1_v_mps_MINUS,H1,"[50.0,0.0,1.8,5.0]",v_mps,-1,170,"{""201"":170.0,""235"":170.0,""283"":170.0,""338"":170.0}","{""201"":200.0,""235"":200.0,""283"":200.0,""338"":200.0}",3.4053362582900926
S8_Z220,S8,"[201,235,283,338]",H1_v_mps_MINUS,H1,"[50.0,0.0,1.8,5.0]",v_mps,-1,175,"{""201"":174.0,""235"":174.0,""283"":174.0,""338"":174.0}","{""201"":200.0,""235"":200.0,""283"":200.0,""338"":200.0}",2.5881384433279866
S8_Z220,S8,"[201,235,283,338]",H1_v_mps_MINUS,H1,"[50.0,0.0,1.8,5.0]",v_mps,-1,180,"{""201"":180.0,""235"":180.0,""283"":180.0,""338"":180.0}","{""201"":200.0,""235"":200.0,""283"":200.0,""338"":200.0}",3.8973959046916296
S8_Z220,S8,"[201,235,283,338]",H1_v_mps_MINUS,H1,"[50.0,0.0,1.8,5.0]",v_mps,-1,185,"{""201"":184.0,""235"":184.0,""283"":184.0,""338"":184.0}","{""201"":200.0,""235"":200.0,""283"":200.0,""338"":200.0}",3.287298458065642
S8_Z220,S8,"[201,235,283,338]",H1_v_mps_MINUS,H1,"[50.0,0.0,1.8,5.0]",v_mps,-1,190,"{""201"":190.0,""235"":190.0,""283"":190.0,""338"":190.0}","{""201"":200.0,""235"":200.0,""283"":200.0,""338"":200.0}",3.80027450754877
S8_Z220,S8,"[201,235,283,338]",H1_v_mps_MINUS,H1,"[50.0,0.0,1.8,5.0]",v_mps,-1,195,"{""201"":194.0,""235"":194.0,""283"":194.0,""338"":194.0}","{""201"":200.0,""235"":200.0,""283"":200.0,""338"":200.0}",2.1932432651324074
S8_Z220,S8,"[201,235,283,338]",H1_v_mps_MINUS,H1,"[50.0,0.0,1.8,5.0]",v_mps,-1,200,"{""201"":200.0,""235"":200.0,""283"":200.0,""338"":200.0}","{""201"":200.0,""235"":200.0,""283"":200.0,""338"":200.0}",3.5909640561636604
S8_Z220,S8,"[201,235,283,338]",H1_v_mps_MINUS,H1,"[50.0,0.0,1.8,5.0]",v_mps,-1,205,"{""201"":204.0,""235"":204.0,""283"":204.0,""338"":204.0}","{""201"":200.0,""235"":200.0,""283"":200.0,""338"":200.0}",2.7501940385901573
S8_Z220,S8,"[201,235,283,338]",H1_v_mps_MINUS,H1,"[50.0,0.0,1.8,5.0]",v_mps,-1,210,"{""201"":210.0,""235"":210.0,""283"":210.0,""338"":210.0}","{""201"":200.0,""235"":200.0,""283"":200.0,""338"":200.0}",3.0082902395396953
S8_Z220,S8,"[201,235,283,338]",H1_v_mps_MINUS,H1,"[50.0,0.0,1.8,5.0]",v_mps,-1,215,"{""201"":214.0,""235"":214.0,""283"":214.0,""338"":214.0}","{""201"":200.0,""235"":200.0,""283"":200.0,""338"":200.0}",3.3352854439161277
S8_Z220,S8,"[201,235,283,338]",H1_v_mps_MINUS,H1,"[50.0,0.0,1.8,5.0]",v_mps,-1,220,"{""201"":220.0,""235"":220.0,""283"":220.0,""338"":220.0}","{""201"":200.0,""235"":200.0,""283"":200.0,""338"":200.0}",3.307707440044296
S8_Z220,S8,"[201,235,283,338]",H1_v_mps_MINUS,H1,"[50.0,0.0,1.8,5.0]",v_mps,-1,225,"{""201"":224.0,""235"":224.0,""283"":224.0,""338"":224.0}","{""201"":200.0,""235"":200.0,""283"":200.0,""338"":200.0}",3.423898850224968
S8_Z220,S8,"[201,235,283,338]",H1_v_mps_MINUS,H1,"[50.0,0.0,1.8,5.0]",v_mps,-1,230,"{""201"":230.0,""235"":230.0,""283"":230.0,""338"":230.0}","{""201"":200.0,""235"":200.0,""283"":200.0,""338"":200.0}",3.2378488721173233
S8_Z220,S8,"[201,235,283,338]",H1_v_mps_MINUS,H1,"[50.0,0.0,1.8,5.0]",v_mps,-1,235,"{""201"":234.0,""235"":234.0,""283"":234.0,""338"":234.0}","{""201"":200.0,""235"":200.0,""283"":200.0,""338"":200.0}",3.274077535527159
S8_Z220,S8,"[201,235,283,338]",H1_v_mps_MINUS,H1,"[50.0,0.0,1.8,5.0]",v_mps,-1,240,"{""201"":240.0,""235"":240.0,""283"":240.0,""338"":240.0}","{""201"":200.0,""235"":200.0,""283"":200.0,""338"":200.0}",2.9502259625744736
S8_Z220,S8,"[201,235,283,338]",H1_v_mps_MINUS,H1,"[50.0,0.0,1.8,5.0]",v_mps,-1,245,"{""201"":244.0,""235"":244.0,""283"":244.0,""338"":244.0}","{""201"":200.0,""235"":200.0,""283"":200.0,""338"":200.0}",2.677233074247186
S8_Z220,S8,"[201,235,283,338]",H1_v_mps_MINUS,H1,"[50.0,0.0,1.8,5.0]",v_mps,-1,250,"{""201"":250.0,""235"":250.0,""283"":250.0,""338"":250.0}","{""201"":200.0,""235"":200.0,""283"":200.0,""338"":200.0}",3.213588774155178
S8_Z220,S8,"[201,235,283,338]",H1_v_mps_PLUS,H1,"[50.0,0.0,2.2,5.0]",v_mps,1,150,"{""201"":150.0,""235"":150.0,""283"":150.0,""338"":150.0}","{""201"":200.0,""235"":200.0,""283"":200.0,""338"":200.0}",4.602017466242183
S8_Z220,S8,"[201,235,283,338]",H1_v_mps_PLUS,H1,"[50.0,0.0,2.2,5.0]",v_mps,1,155,"{""201"":154.0,""235"":154.0,""283"":154.0,""338"":154.0}","{""201"":200.0,""235"":200.0,""283"":200.0,""338"":200.0}",4.085223361786913
S8_Z220,S8,"[201,235,283,338]",H1_v_mps_PLUS,H1,"[50.0,0.0,2.2,5.0]",v_mps,1,160,"{""201"":160.0,""235"":160.0,""283"":160.0,""338"":160.0}","{""201"":200.0,""235"":200.0,""283"":200.0,""338"":200.0}",3.7425251486354516
S8_Z220,S8,"[201,235,283,338]",H1_v_mps_PLUS,H1,"[50.0,0.0,2.2,5.0]",v_mps,1,165,"{""201"":164.0,""235"":164.0,""283"":164.0,""338"":164.0}","{""201"":200.0,""235"":200.0,""283"":200.0,""338"":200.0}",3.618407178697963
S8_Z220,S8,"[201,235,283,338]",H1_v_mps_PLUS,H1,"[50.0,0.0,2.2,5.0]",v_mps,1,170,"{""201"":170.0,""235"":170.0,""283"":170.0,""338"":170.0}","{""201"":200.0,""235"":200.0,""283"":200.0,""338"":200.0}",3.855017476537506
S8_Z220,S8,"[201,235,283,338]",H1_v_mps_PLUS,H1,"[50.0,0.0,2.2,5.0]",v_mps,1,175,"{""201"":174.0,""235"":174.0,""283"":174.0,""338"":174.0}","{""201"":200.0,""235"":200.0,""283"":200.0,""338"":200.0}",2.7240161303716426
S8_Z220,S8,"[201,235,283,338]",H1_v_mps_PLUS,H1,"[50.0,0.0,2.2,5.0]",v_mps,1,180,"{""201"":180.0,""235"":180.0,""283"":180.0,""338"":180.0}","{""201"":200.0,""235"":200.0,""283"":200.0,""338"":200.0}",3.1681055960404225
S8_Z220,S8,"[201,235,283,338]",H1_v_mps_PLUS,H1,"[50.0,0.0,2.2,5.0]",v_mps,1,185,"{""201"":184.0,""235"":184.0,""283"":184.0,""338"":184.0}","{""201"":200.0,""235"":200.0,""283"":200.0,""338"":200.0}",2.059767782898502
S8_Z220,S8,"[201,235,283,338]",H1_v_mps_PLUS,H1,"[50.0,0.0,2.2,5.0]",v_mps,1,190,"{""201"":190.0,""235"":190.0,""283"":190.0,""338"":190.0}","{""201"":200.0,""235"":200.0,""283"":200.0,""338"":200.0}",3.158369535314272
S8_Z220,S8,"[201,235,283,338]",H1_v_mps_PLUS,H1,"[50.0,0.0,2.2,5.0]",v_mps,1,195,"{""201"":194.0,""235"":194.0,""283"":194.0,""338"":194.0}","{""201"":200.0,""235"":200.0,""283"":200.0,""338"":200.0}",2.4058989563160256
S8_Z220,S8,"[201,235,283,338]",H1_v_mps_PLUS,H1,"[50.0,0.0,2.2,5.0]",v_mps,1,200,"{""201"":200.0,""235"":200.0,""283"":200.0,""338"":200.0}","{""201"":200.0,""235"":200.0,""283"":200.0,""338"":200.0}",3.344796289625955
S8_Z220,S8,"[201,235,283,338]",H1_v_mps_PLUS,H1,"[50.0,0.0,2.2,5.0]",v_mps,1,205,"{""201"":204.0,""235"":204.0,""283"":204.0,""338"":204.0}","{""201"":200.0,""235"":200.0,""283"":200.0,""338"":200.0}",2.2272395908057643
S8_Z220,S8,"[201,235,283,338]",H1_v_mps_PLUS,H1,"[50.0,0.0,2.2,5.0]",v_mps,1,210,"{""201"":210.0,""235"":210.0,""283"":210.0,""338"":210.0}","{""201"":200.0,""235"":200.0,""283"":200.0,""338"":200.0}",3.5524755574475217
S8_Z220,S8,"[201,235,283,338]",H1_v_mps_PLUS,H1,"[50.0,0.0,2.2,5.0]",v_mps,1,215,"{""201"":214.0,""235"":214.0,""283"":214.0,""338"":214.0}","{""201"":200.0,""235"":200.0,""283"":200.0,""338"":200.0}",2.3976564161225937
S8_Z220,S8,"[201,235,283,338]",H1_v_mps_PLUS,H1,"[50.0,0.0,2.2,5.0]",v_mps,1,220,"{""201"":220.0,""235"":220.0,""283"":220.0,""338"":220.0}","{""201"":200.0,""235"":200.0,""283"":200.0,""338"":200.0}",3.1071183545477394
S8_Z220,S8,"[201,235,283,338]",H1_v_mps_PLUS,H1,"[50.0,0.0,2.2,5.0]",v_mps,1,225,"{""201"":224.0,""235"":224.0,""283"":224.0,""338"":224.0}","{""201"":200.0,""235"":200.0,""283"":200.0,""338"":200.0}",2.106328648833743
S8_Z220,S8,"[201,235,283,338]",H1_v_mps_PLUS,H1,"[50.0,0.0,2.2,5.0]",v_mps,1,230,"{""201"":230.0,""235"":230.0,""283"":230.0,""338"":230.0}","{""201"":200.0,""235"":200.0,""283"":200.0,""338"":200.0}",4.278197711990829
S8_Z220,S8,"[201,235,283,338]",H1_v_mps_PLUS,H1,"[50.0,0.0,2.2,5.0]",v_mps,1,235,"{""201"":234.0,""235"":234.0,""283"":234.0,""338"":234.0}","{""201"":200.0,""235"":200.0,""283"":200.0,""338"":200.0}",3.4615623227820853
S8_Z220,S8,"[201,235,283,338]",H1_v_mps_PLUS,H1,"[50.0,0.0,2.2,5.0]",v_mps,1,240,"{""201"":240.0,""235"":240.0,""283"":240.0,""338"":240.0}","{""201"":200.0,""235"":200.0,""283"":200.0,""338"":200.0}",4.762091248499504
S8_Z220,S8,"[201,235,283,338]",H1_v_mps_PLUS,H1,"[50.0,0.0,2.2,5.0]",v_mps,1,245,"{""201"":244.0,""235"":244.0,""283"":244.0,""338"":244.0}","{""201"":200.0,""235"":200.0,""283"":200.0,""338"":200.0}",3.714807845547085
S8_Z220,S8,"[201,235,283,338]",H1_v_mps_PLUS,H1,"[50.0,0.0,2.2,5.0]",v_mps,1,250,"{""201"":250.0,""235"":250.0,""283"":250.0,""338"":250.0}","{""201"":200.0,""235"":200.0,""283"":200.0,""338"":200.0}",5.0512134597218
S8_Z220,S8,"[201,235,283,338]",H1_psi_deg_MINUS,H1,"[50.0,0.0,2.0,4.0]",psi_deg,-1,150,"{""201"":150.0,""235"":150.0,""283"":150.0,""338"":150.0}","{""201"":200.0,""235"":200.0,""283"":200.0,""338"":200.0}",2.1253893366366134
S8_Z220,S8,"[201,235,283,338]",H1_psi_deg_MINUS,H1,"[50.0,0.0,2.0,4.0]",psi_deg,-1,155,"{""201"":154.0,""235"":154.0,""283"":154.0,""338"":154.0}","{""201"":200.0,""235"":200.0,""283"":200.0,""338"":200.0}",1.8206046591633303
S8_Z220,S8,"[201,235,283,338]",H1_psi_deg_MINUS,H1,"[50.0,0.0,2.0,4.0]",psi_deg,-1,160,"{""201"":160.0,""235"":160.0,""283"":160.0,""338"":160.0}","{""201"":200.0,""235"":200.0,""283"":200.0,""338"":200.0}",1.3371669226418885
S8_Z220,S8,"[201,235,283,338]",H1_psi_deg_MINUS,H1,"[50.0,0.0,2.0,4.0]",psi_deg,-1,165,"{""201"":164.0,""235"":164.0,""283"":164.0,""338"":164.0}","{""201"":200.0,""235"":200.0,""283"":200.0,""338"":200.0}",1.2774254150250883
S8_Z220,S8,"[201,235,283,338]",H1_psi_deg_MINUS,H1,"[50.0,0.0,2.0,4.0]",psi_deg,-1,170,"{""201"":170.0,""235"":170.0,""283"":170.0,""338"":170.0}","{""201"":200.0,""235"":200.0,""283"":200.0,""338"":200.0}",0.8624362491313973
S8_Z220,S8,"[201,235,283,338]",H1_psi_deg_MINUS,H1,"[50.0,0.0,2.0,4.0]",psi_deg,-1,175,"{""201"":174.0,""235"":174.0,""283"":174.0,""338"":174.0}","{""201"":200.0,""235"":200.0,""283"":200.0,""338"":200.0}",1.4401099956893133
S8_Z220,S8,"[201,235,283,338]",H1_psi_deg_MINUS,H1,"[50.0,0.0,2.0,4.0]",psi_deg,-1,180,"{""201"":180.0,""235"":180.0,""283"":180.0,""338"":180.0}","{""201"":200.0,""235"":200.0,""283"":200.0,""338"":200.0}",1.530416534394561
S8_Z220,S8,"[201,235,283,338]",H1_psi_deg_MINUS,H1,"[50.0,0.0,2.0,4.0]",psi_deg,-1,185,"{""201"":184.0,""235"":184.0,""283"":184.0,""338"":184.0}","{""201"":200.0,""235"":200.0,""283"":200.0,""338"":200.0}",1.0898814422830803
S8_Z220,S8,"[201,235,283,338]",H1_psi_deg_MINUS,H1,"[50.0,0.0,2.0,4.0]",psi_deg,-1,190,"{""201"":190.0,""235"":190.0,""283"":190.0,""338"":190.0}","{""201"":200.0,""235"":200.0,""283"":200.0,""338"":200.0}",2.6140952287699277
S8_Z220,S8,"[201,235,283,338]",H1_psi_deg_MINUS,H1,"[50.0,0.0,2.0,4.0]",psi_deg,-1,195,"{""201"":194.0,""235"":194.0,""283"":194.0,""338"":194.0}","{""201"":200.0,""235"":200.0,""283"":200.0,""338"":200.0}",1.634457033433285
S8_Z220,S8,"[201,235,283,338]",H1_psi_deg_MINUS,H1,"[50.0,0.0,2.0,4.0]",psi_deg,-1,200,"{""201"":200.0,""235"":200.0,""283"":200.0,""338"":200.0}","{""201"":200.0,""235"":200.0,""283"":200.0,""338"":200.0}",1.5210259498467633
S8_Z220,S8,"[201,235,283,338]",H1_psi_deg_MINUS,H1,"[50.0,0.0,2.0,4.0]",psi_deg,-1,205,"{""201"":204.0,""235"":204.0,""283"":204.0,""338"":204.0}","{""201"":200.0,""235"":200.0,""283"":200.0,""338"":200.0}",0.8503439078318946
S8_Z220,S8,"[201,235,283,338]",H1_psi_deg_MINUS,H1,"[50.0,0.0,2.0,4.0]",psi_deg,-1,210,"{""201"":210.0,""235"":210.0,""283"":210.0,""338"":210.0}","{""201"":200.0,""235"":200.0,""283"":200.0,""338"":200.0}",2.9550150215016835
S8_Z220,S8,"[201,235,283,338]",H1_psi_deg_MINUS,H1,"[50.0,0.0,2.0,4.0]",psi_deg,-1,215,"{""201"":214.0,""235"":214.0,""283"":214.0,""338"":214.0}","{""201"":200.0,""235"":200.0,""283"":200.0,""338"":200.0}",1.5538610469385892
S8_Z220,S8,"[201,235,283,338]",H1_psi_deg_MINUS,H1,"[50.0,0.0,2.0,4.0]",psi_deg,-1,220,"{""201"":220.0,""235"":220.0,""283"":220.0,""338"":220.0}","{""201"":200.0,""235"":200.0,""283"":200.0,""338"":200.0}",0.26423358551620657
S8_Z220,S8,"[201,235,283,338]",H1_psi_deg_MINUS,H1,"[50.0,0.0,2.0,4.0]",psi_deg,-1,225,"{""201"":224.0,""235"":224.0,""283"":224.0,""338"":224.0}","{""201"":200.0,""235"":200.0,""283"":200.0,""338"":200.0}",1.5255868357014775
S8_Z220,S8,"[201,235,283,338]",H1_psi_deg_MINUS,H1,"[50.0,0.0,2.0,4.0]",psi_deg,-1,230,"{""201"":230.0,""235"":230.0,""283"":230.0,""338"":230.0}","{""201"":200.0,""235"":200.0,""283"":200.0,""338"":200.0}",1.5486824157017296
S8_Z220,S8,"[201,235,283,338]",H1_psi_deg_MINUS,H1,"[50.0,0.0,2.0,4.0]",psi_deg,-1,235,"{""201"":234.0,""235"":234.0,""283"":234.0,""338"":234.0}","{""201"":200.0,""235"":200.0,""283"":200.0,""338"":200.0}",2.226186253411887
S8_Z220,S8,"[201,235,283,338]",H1_psi_deg_MINUS,H1,"[50.0,0.0,2.0,4.0]",psi_deg,-1,240,"{""201"":240.0,""235"":240.0,""283"":240.0,""338"":240.0}","{""201"":200.0,""235"":200.0,""283"":200.0,""338"":200.0}",1.1207848466062726
S8_Z220,S8,"[201,235,283,338]",H1_psi_deg_MINUS,H1,"[50.0,0.0,2.0,4.0]",psi_deg,-1,245,"{""201"":244.0,""235"":244.0,""283"":244.0,""338"":244.0}","{""201"":200.0,""235"":200.0,""283"":200.0,""338"":200.0}",1.8771182570633862
S8_Z220,S8,"[201,235,283,338]",H1_psi_deg_MINUS,H1,"[50.0,0.0,2.0,4.0]",psi_deg,-1,250,"{""201"":250.0,""235"":250.0,""283"":250.0,""338"":250.0}","{""201"":200.0,""235"":200.0,""283"":200.0,""338"":200.0}",2.530404700265067
S8_Z220,S8,"[201,235,283,338]",H1_psi_deg_PLUS,H1,"[50.0,0.0,2.0,6.0]",psi_deg,1,150,"{""201"":150.0,""235"":150.0,""283"":150.0,""338"":150.0}","{""201"":200.0,""235"":200.0,""283"":200.0,""338"":200.0}",1.9737516758297557
S8_Z220,S8,"[201,235,283,338]",H1_psi_deg_PLUS,H1,"[50.0,0.0,2.0,6.0]",psi_deg,1,155,"{""201"":154.0,""235"":154.0,""283"":154.0,""338"":154.0}","{""201"":200.0,""235"":200.0,""283"":200.0,""338"":200.0}",1.8474441898819947
S8_Z220,S8,"[201,235,283,338]",H1_psi_deg_PLUS,H1,"[50.0,0.0,2.0,6.0]",psi_deg,1,160,"{""201"":160.0,""235"":160.0,""283"":160.0,""338"":160.0}","{""201"":200.0,""235"":200.0,""283"":200.0,""338"":200.0}",1.4394831459603135
S8_Z220,S8,"[201,235,283,338]",H1_psi_deg_PLUS,H1,"[50.0,0.0,2.0,6.0]",psi_deg,1,165,"{""201"":164.0,""235"":164.0,""283"":164.0,""338"":164.0}","{""201"":200.0,""235"":200.0,""283"":200.0,""338"":200.0}",1.333524034719701
S8_Z220,S8,"[201,235,283,338]",H1_psi_deg_PLUS,H1,"[50.0,0.0,2.0,6.0]",psi_deg,1,170,"{""201"":170.0,""235"":170.0,""283"":170.0,""338"":170.0}","{""201"":200.0,""235"":200.0,""283"":200.0,""338"":200.0}",0.8080739431142829
S8_Z220,S8,"[201,235,283,338]",H1_psi_deg_PLUS,H1,"[50.0,0.0,2.0,6.0]",psi_deg,1,175,"{""201"":174.0,""235"":174.0,""283"":174.0,""338"":174.0}","{""201"":200.0,""235"":200.0,""283"":200.0,""338"":200.0}",1.5606734234095088
S8_Z220,S8,"[201,235,283,338]",H1_psi_deg_PLUS,H1,"[50.0,0.0,2.0,6.0]",psi_deg,1,180,"{""201"":180.0,""235"":180.0,""283"":180.0,""338"":180.0}","{""201"":200.0,""235"":200.0,""283"":200.0,""338"":200.0}",1.1369247357022194
S8_Z220,S8,"[201,235,283,338]",H1_psi_deg_PLUS,H1,"[50.0,0.0,2.0,6.0]",psi_deg,1,185,"{""201"":184.0,""235"":184.0,""283"":184.0,""338"":184.0}","{""201"":200.0,""235"":200.0,""283"":200.0,""338"":200.0}",1.1279603951565373
S8_Z220,S8,"[201,235,283,338]",H1_psi_deg_PLUS,H1,"[50.0,0.0,2.0,6.0]",psi_deg,1,190,"{""201"":190.0,""235"":190.0,""283"":190.0,""338"":190.0}","{""201"":200.0,""235"":200.0,""283"":200.0,""338"":200.0}",2.47611762523675
S8_Z220,S8,"[201,235,283,338]",H1_psi_deg_PLUS,H1,"[50.0,0.0,2.0,6.0]",psi_deg,1,195,"{""201"":194.0,""235"":194.0,""283"":194.0,""338"":194.0}","{""201"":200.0,""235"":200.0,""283"":200.0,""338"":200.0}",1.3155376182197225
S8_Z220,S8,"[201,235,283,338]",H1_psi_deg_PLUS,H1,"[50.0,0.0,2.0,6.0]",psi_deg,1,200,"{""201"":200.0,""235"":200.0,""283"":200.0,""338"":200.0}","{""201"":200.0,""235"":200.0,""283"":200.0,""338"":200.0}",1.3553516595903212
S8_Z220,S8,"[201,235,283,338]",H1_psi_deg_PLUS,H1,"[50.0,0.0,2.0,6.0]",psi_deg,1,205,"{""201"":204.0,""235"":204.0,""283"":204.0,""338"":204.0}","{""201"":200.0,""235"":200.0,""283"":200.0,""338"":200.0}",0.7819662948911936
S8_Z220,S8,"[201,235,283,338]",H1_psi_deg_PLUS,H1,"[50.0,0.0,2.0,6.0]",psi_deg,1,210,"{""201"":210.0,""235"":210.0,""283"":210.0,""338"":210.0}","{""201"":200.0,""235"":200.0,""283"":200.0,""338"":200.0}",2.7586220548099916
S8_Z220,S8,"[201,235,283,338]",H1_psi_deg_PLUS,H1,"[50.0,0.0,2.0,6.0]",psi_deg,1,215,"{""201"":214.0,""235"":214.0,""283"":214.0,""338"":214.0}","{""201"":200.0,""235"":200.0,""283"":200.0,""338"":200.0}",1.577709257792872
S8_Z220,S8,"[201,235,283,338]",H1_psi_deg_PLUS,H1,"[50.0,0.0,2.0,6.0]",psi_deg,1,220,"{""201"":220.0,""235"":220.0,""283"":220.0,""338"":220.0}","{""201"":200.0,""235"":200.0,""283"":200.0,""338"":200.0}",0.2958356611828534
S8_Z220,S8,"[201,235,283,338]",H1_psi_deg_PLUS,H1,"[50.0,0.0,2.0,6.0]",psi_deg,1,225,"{""201"":224.0,""235"":224.0,""283"":224.0,""338"":224.0}","{""201"":200.0,""235"":200.0,""283"":200.0,""338"":200.0}",1.6461056936104541
S8_Z220,S8,"[201,235,283,338]",H1_psi_deg_PLUS,H1,"[50.0,0.0,2.0,6.0]",psi_deg,1,230,"{""201"":230.0,""235"":230.0,""283"":230.0,""338"":230.0}","{""201"":200.0,""235"":200.0,""283"":200.0,""338"":200.0}",1.6294550204765061
S8_Z220,S8,"[201,235,283,338]",H1_psi_deg_PLUS,H1,"[50.0,0.0,2.0,6.0]",psi_deg,1,235,"{""201"":234.0,""235"":234.0,""283"":234.0,""338"":234.0}","{""201"":200.0,""235"":200.0,""283"":200.0,""338"":200.0}",1.6763567025094035
S8_Z220,S8,"[201,235,283,338]",H1_psi_deg_PLUS,H1,"[50.0,0.0,2.0,6.0]",psi_deg,1,240,"{""201"":240.0,""235"":240.0,""283"":240.0,""338"":240.0}","{""201"":200.0,""235"":200.0,""283"":200.0,""338"":200.0}",1.2240163572897733
S8_Z220,S8,"[201,235,283,338]",H1_psi_deg_PLUS,H1,"[50.0,0.0,2.0,6.0]",psi_deg,1,245,"{""201"":244.0,""235"":244.0,""283"":244.0,""338"":244.0}","{""201"":200.0,""235"":200.0,""283"":200.0,""338"":200.0}",1.8950190387355206
S8_Z220,S8,"[201,235,283,338]",H1_psi_deg_PLUS,H1,"[50.0,0.0,2.0,6.0]",psi_deg,1,250,"{""201"":250.0,""235"":250.0,""283"":250.0,""338"":250.0}","{""201"":200.0,""235"":200.0,""283"":200.0,""338"":200.0}",1.6867407470628686
