cell_id,range_km,baseline_km,alpha_deg,sigma_deg,branch,side,aux_x_km,aux_y_km,aux_range_km,unique_noiseless_finite_forward_intersection,jacobian_condition,fim_condition,linear_range_sigma_km,linear_cross_sigma_km,linear_range_p95_relative,n_samples,failure_rate,behind_sensor_rate,parallel_rate,ill_conditioned_rate,numerical_failure_rate,fraction_range_le1pct,fraction_range_le5pct,fraction_range_le10pct,fraction_le5pct_wilson_low,fraction_le5pct_wilson_high,relative_range_p95_mc_ci_low,relative_range_p95_mc_ci_high,range_abs_km_median,range_abs_km_p90,range_abs_km_p95,range_abs_km_p99,relative_range_median,relative_range_p90,relative_range_p95,relative_range_p99,cross_range_abs_km_median,cross_range_abs_km_p90,cross_range_abs_km_p95,cross_range_abs_km_p99,position_2d_km_median,position_2d_km_p90,position_2d_km_p95,position_2d_km_p99,alpha_max_deg,geometry_status
G0001,50,0.5,2,0.05,NEAR,-1,,,,,,,,,,,,,,,,,,,,,,,,,,,,,,,,,,,,,,,0.5729673448571527,INFEASIBLE_TRIANGLE
G0002,50,0.5,2,0.05,NEAR,1,,,,,,,,,,,,,,,,,,,,,,,,,,,,,,,,,,,,,,,0.5729673448571527,INFEASIBLE_TRIANGLE
G0003,50,0.5,2,0.05,FAR,-1,,,,,,,,,,,,,,,,,,,,,,,,,,,,,,,,,,,,,,,0.5729673448571527,INFEASIBLE_TRIANGLE
G0004,50,0.5,2,0.05,FAR,1,,,,,,,,,,,,,,,,,,,,,,,,,,,,,,,,,,,,,,,0.5729673448571527,INFEASIBLE_TRIANGLE
G0005,50,0.5,2,0.1,NEAR,-1,,,,,,,,,,,,,,,,,,,,,,,,,,,,,,,,,,,,,,,0.5729673448571527,INFEASIBLE_TRIANGLE
G0006,50,0.5,2,0.1,NEAR,1,,,,,,,,,,,,,,,,,,,,,,,,,,,,,,,,,,,,,,,0.5729673448571527,INFEASIBLE_TRIANGLE
G0007,50,0.5,2,0.1,FAR,-1,,,,,,,,,,,,,,,,,,,,,,,,,,,,,,,,,,,,,,,0.5729673448571527,INFEASIBLE_TRIANGLE
G0008,50,0.5,2,0.1,FAR,1,,,,,,,,,,,,,,,,,,,,,,,,,,,,,,,,,,,,,,,0.5729673448571527,INFEASIBLE_TRIANGLE
G0009,50,0.5,2,0.2,NEAR,-1,,,,,,,,,,,,,,,,,,,,,,,,,,,,,,,,,,,,,,,0.5729673448571527,INFEASIBLE_TRIANGLE
G0010,50,0.5,2,0.2,NEAR,1,,,,,,,,,,,,,,,,,,,,,,,,,,,,,,,,,,,,,,,0.5729673448571527,INFEASIBLE_TRIANGLE
G0011,50,0.5,2,0.2,FAR,-1,,,,,,,,,,,,,,,,,,,,,,,,,,,,,,,,,,,,,,,0.5729673448571527,INFEASIBLE_TRIANGLE
G0012,50,0.5,2,0.2,FAR,1,,,,,,,,,,,,,,,,,,,,,,,,,,,,,,,,,,,,,,,0.5729673448571527,INFEASIBLE_TRIANGLE
G0013,50,0.5,2,0.5,NEAR,-1,,,,,,,,,,,,,,,,,,,,,,,,,,,,,,,,,,,,,,,0.5729673448571527,INFEASIBLE_TRIANGLE
G0014,50,0.5,2,0.5,NEAR,1,,,,,,,,,,,,,,,,,,,,,,,,,,,,,,,,,,,,,,,0.5729673448571527,INFEASIBLE_TRIANGLE
G0015,50,0.5,2,0.5,FAR,-1,,,,,,,,,,,,,,,,,,,,,,,,,,,,,,,,,,,,,,,0.5729673448571527,INFEASIBLE_TRIANGLE
G0016,50,0.5,2,0.5,FAR,1,,,,,,,,,,,,,,,,,,,,,,,,,,,,,,,,,,,,,,,0.5729673448571527,INFEASIBLE_TRIANGLE
G0017,50,0.5,5,0.05,NEAR,-1,,,,,,,,,,,,,,,,,,,,,,,,,,,,,,,,,,,,,,,0.5729673448571527,INFEASIBLE_TRIANGLE
G0018,50,0.5,5,0.05,NEAR,1,,,,,,,,,,,,,,,,,,,,,,,,,,,,,,,,,,,,,,,0.5729673448571527,INFEASIBLE_TRIANGLE
G0019,50,0.5,5,0.05,FAR,-1,,,,,,,,,,,,,,,,,,,,,,,,,,,,,,,,,,,,,,,0.5729673448571527,INFEASIBLE_TRIANGLE
G0020,50,0.5,5,0.05,FAR,1,,,,,,,,,,,,,,,,,,,,,,,,,,,,,,,,,,,,,,,0.5729673448571527,INFEASIBLE_TRIANGLE
G0021,50,0.5,5,0.1,NEAR,-1,,,,,,,,,,,,,,,,,,,,,,,,,,,,,,,,,,,,,,,0.5729673448571527,INFEASIBLE_TRIANGLE
G0022,50,0.5,5,0.1,NEAR,1,,,,,,,,,,,,,,,,,,,,,,,,,,,,,,,,,,,,,,,0.5729673448571527,INFEASIBLE_TRIANGLE
G0023,50,0.5,5,0.1,FAR,-1,,,,,,,,,,,,,,,,,,,,,,,,,,,,,,,,,,,,,,,0.5729673448571527,INFEASIBLE_TRIANGLE
G0024,50,0.5,5,0.1,FAR,1,,,,,,,,,,,,,,,,,,,,,,,,,,,,,,,,,,,,,,,0.5729673448571527,INFEASIBLE_TRIANGLE
G0025,50,0.5,5,0.2,NEAR,-1,,,,,,,,,,,,,,,,,,,,,,,,,,,,,,,,,,,,,,,0.5729673448571527,INFEASIBLE_TRIANGLE
G0026,50,0.5,5,0.2,NEAR,1,,,,,,,,,,,,,,,,,,,,,,,,,,,,,,,,,,,,,,,0.5729673448571527,INFEASIBLE_TRIANGLE
G0027,50,0.5,5,0.2,FAR,-1,,,,,,,,,,,,,,,,,,,,,,,,,,,,,,,,,,,,,,,0.5729673448571527,INFEASIBLE_TRIANGLE
G0028,50,0.5,5,0.2,FAR,1,,,,,,,,,,,,,,,,,,,,,,,,,,,,,,,,,,,,,,,0.5729673448571527,INFEASIBLE_TRIANGLE
G0029,50,0.5,5,0.5,NEAR,-1,,,,,,,,,,,,,,,,,,,,,,,,,,,,,,,,,,,,,,,0.5729673448571527,INFEASIBLE_TRIANGLE
G0030,50,0.5,5,0.5,NEAR,1,,,,,,,,,,,,,,,,,,,,,,,,,,,,,,,,,,,,,,,0.5729673448571527,INFEASIBLE_TRIANGLE
G0031,50,0.5,5,0.5,FAR,-1,,,,,,,,,,,,,,,,,,,,,,,,,,,,,,,,,,,,,,,0.5729673448571527,INFEASIBLE_TRIANGLE
G0032,50,0.5,5,0.5,FAR,1,,,,,,,,,,,,,,,,,,,,,,,,,,,,,,,,,,,,,,,0.5729673448571527,INFEASIBLE_TRIANGLE
G0033,50,0.5,10,0.05,NEAR,-1,,,,,,,,,,,,,,,,,,,,,,,,,,,,,,,,,,,,,,,0.5729673448571527,INFEASIBLE_TRIANGLE
G0034,50,0.5,10,0.05,NEAR,1,,,,,,,,,,,,,,,,,,,,,,,,,,,,,,,,,,,,,,,0.5729673448571527,INFEASIBLE_TRIANGLE
G0035,50,0.5,10,0.05,FAR,-1,,,,,,,,,,,,,,,,,,,,,,,,,,,,,,,,,,,,,,,0.5729673448571527,INFEASIBLE_TRIANGLE
G0036,50,0.5,10,0.05,FAR,1,,,,,,,,,,,,,,,,,,,,,,,,,,,,,,,,,,,,,,,0.5729673448571527,INFEASIBLE_TRIANGLE
G0037,50,0.5,10,0.1,NEAR,-1,,,,,,,,,,,,,,,,,,,,,,,,,,,,,,,,,,,,,,,0.5729673448571527,INFEASIBLE_TRIANGLE
G0038,50,0.5,10,0.1,NEAR,1,,,,,,,,,,,,,,,,,,,,,,,,,,,,,,,,,,,,,,,0.5729673448571527,INFEASIBLE_TRIANGLE
G0039,50,0.5,10,0.1,FAR,-1,,,,,,,,,,,,,,,,,,,,,,,,,,,,,,,,,,,,,,,0.5729673448571527,INFEASIBLE_TRIANGLE
G0040,50,0.5,10,0.1,FAR,1,,,,,,,,,,,,,,,,,,,,,,,,,,,,,,,,,,,,,,,0.5729673448571527,INFEASIBLE_TRIANGLE
G0041,50,0.5,10,0.2,NEAR,-1,,,,,,,,,,,,,,,,,,,,,,,,,,,,,,,,,,,,,,,0.5729673448571527,INFEASIBLE_TRIANGLE
G0042,50,0.5,10,0.2,NEAR,1,,,,,,,,,,,,,,,,,,,,,,,,,,,,,,,,,,,,,,,0.5729673448571527,INFEASIBLE_TRIANGLE
G0043,50,0.5,10,0.2,FAR,-1,,,,,,,,,,,,,,,,,,,,,,,,,,,,,,,,,,,,,,,0.5729673448571527,INFEASIBLE_TRIANGLE
G0044,50,0.5,10,0.2,FAR,1,,,,,,,,,,,,,,,,,,,,,,,,,,,,,,,,,,,,,,,0.5729673448571527,INFEASIBLE_TRIANGLE
G0045,50,0.5,10,0.5,NEAR,-1,,,,,,,,,,,,,,,,,,,,,,,,,,,,,,,,,,,,,,,0.5729673448571527,INFEASIBLE_TRIANGLE
G0046,50,0.5,10,0.5,NEAR,1,,,,,,,,,,,,,,,,,,,,,,,,,,,,,,,,,,,,,,,0.5729673448571527,INFEASIBLE_TRIANGLE
G0047,50,0.5,10,0.5,FAR,-1,,,,,,,,,,,,,,,,,,,,,,,,,,,,,,,,,,,,,,,0.5729673448571527,INFEASIBLE_TRIANGLE
G0048,50,0.5,10,0.5,FAR,1,,,,,,,,,,,,,,,,,,,,,,,,,,,,,,,,,,,,,,,0.5729673448571527,INFEASIBLE_TRIANGLE
G0049,50,0.5,20,0.05,NEAR,-1,,,,,,,,,,,,,,,,,,,,,,,,,,,,,,,,,,,,,,,0.5729673448571527,INFEASIBLE_TRIANGLE
G0050,50,0.5,20,0.05,NEAR,1,,,,,,,,,,,,,,,,,,,,,,,,,,,,,,,,,,,,,,,0.5729673448571527,INFEASIBLE_TRIANGLE
G0051,50,0.5,20,0.05,FAR,-1,,,,,,,,,,,,,,,,,,,,,,,,,,,,,,,,,,,,,,,0.5729673448571527,INFEASIBLE_TRIANGLE
G0052,50,0.5,20,0.05,FAR,1,,,,,,,,,,,,,,,,,,,,,,,,,,,,,,,,,,,,,,,0.5729673448571527,INFEASIBLE_TRIANGLE
G0053,50,0.5,20,0.1,NEAR,-1,,,,,,,,,,,,,,,,,,,,,,,,,,,,,,,,,,,,,,,0.5729673448571527,INFEASIBLE_TRIANGLE
G0054,50,0.5,20,0.1,NEAR,1,,,,,,,,,,,,,,,,,,,,,,,,,,,,,,,,,,,,,,,0.5729673448571527,INFEASIBLE_TRIANGLE
G0055,50,0.5,20,0.1,FAR,-1,,,,,,,,,,,,,,,,,,,,,,,,,,,,,,,,,,,,,,,0.5729673448571527,INFEASIBLE_TRIANGLE
G0056,50,0.5,20,0.1,FAR,1,,,,,,,,,,,,,,,,,,,,,,,,,,,,,,,,,,,,,,,0.5729673448571527,INFEASIBLE_TRIANGLE
G0057,50,0.5,20,0.2,NEAR,-1,,,,,,,,,,,,,,,,,,,,,,,,,,,,,,,,,,,,,,,0.5729673448571527,INFEASIBLE_TRIANGLE
G0058,50,0.5,20,0.2,NEAR,1,,,,,,,,,,,,,,,,,,,,,,,,,,,,,,,,,,,,,,,0.5729673448571527,INFEASIBLE_TRIANGLE
G0059,50,0.5,20,0.2,FAR,-1,,,,,,,,,,,,,,,,,,,,,,,,,,,,,,,,,,,,,,,0.5729673448571527,INFEASIBLE_TRIANGLE
G0060,50,0.5,20,0.2,FAR,1,,,,,,,,,,,,,,,,,,,,,,,,,,,,,,,,,,,,,,,0.5729673448571527,INFEASIBLE_TRIANGLE
G0061,50,0.5,20,0.5,NEAR,-1,,,,,,,,,,,,,,,,,,,,,,,,,,,,,,,,,,,,,,,0.5729673448571527,INFEASIBLE_TRIANGLE
G0062,50,0.5,20,0.5,NEAR,1,,,,,,,,,,,,,,,,,,,,,,,,,,,,,,,,,,,,,,,0.5729673448571527,INFEASIBLE_TRIANGLE
G0063,50,0.5,20,0.5,FAR,-1,,,,,,,,,,,,,,,,,,,,,,,,,,,,,,,,,,,,,,,0.5729673448571527,INFEASIBLE_TRIANGLE
G0064,50,0.5,20,0.5,FAR,1,,,,,,,,,,,,,,,,,,,,,,,,,,,,,,,,,,,,,,,0.5729673448571527,INFEASIBLE_TRIANGLE
G0065,50,0.5,30,0.05,NEAR,-1,,,,,,,,,,,,,,,,,,,,,,,,,,,,,,,,,,,,,,,0.5729673448571527,INFEASIBLE_TRIANGLE
G0066,50,0.5,30,0.05,NEAR,1,,,,,,,,,,,,,,,,,,,,,,,,,,,,,,,,,,,,,,,0.5729673448571527,INFEASIBLE_TRIANGLE
G0067,50,0.5,30,0.05,FAR,-1,,,,,,,,,,,,,,,,,,,,,,,,,,,,,,,,,,,,,,,0.5729673448571527,INFEASIBLE_TRIANGLE
G0068,50,0.5,30,0.05,FAR,1,,,,,,,,,,,,,,,,,,,,,,,,,,,,,,,,,,,,,,,0.5729673448571527,INFEASIBLE_TRIANGLE
G0069,50,0.5,30,0.1,NEAR,-1,,,,,,,,,,,,,,,,,,,,,,,,,,,,,,,,,,,,,,,0.5729673448571527,INFEASIBLE_TRIANGLE
G0070,50,0.5,30,0.1,NEAR,1,,,,,,,,,,,,,,,,,,,,,,,,,,,,,,,,,,,,,,,0.5729673448571527,INFEASIBLE_TRIANGLE
G0071,50,0.5,30,0.1,FAR,-1,,,,,,,,,,,,,,,,,,,,,,,,,,,,,,,,,,,,,,,0.5729673448571527,INFEASIBLE_TRIANGLE
G0072,50,0.5,30,0.1,FAR,1,,,,,,,,,,,,,,,,,,,,,,,,,,,,,,,,,,,,,,,0.5729673448571527,INFEASIBLE_TRIANGLE
G0073,50,0.5,30,0.2,NEAR,-1,,,,,,,,,,,,,,,,,,,,,,,,,,,,,,,,,,,,,,,0.5729673448571527,INFEASIBLE_TRIANGLE
G0074,50,0.5,30,0.2,NEAR,1,,,,,,,,,,,,,,,,,,,,,,,,,,,,,,,,,,,,,,,0.5729673448571527,INFEASIBLE_TRIANGLE
G0075,50,0.5,30,0.2,FAR,-1,,,,,,,,,,,,,,,,,,,,,,,,,,,,,,,,,,,,,,,0.5729673448571527,INFEASIBLE_TRIANGLE
G0076,50,0.5,30,0.2,FAR,1,,,,,,,,,,,,,,,,,,,,,,,,,,,,,,,,,,,,,,,0.5729673448571527,INFEASIBLE_TRIANGLE
G0077,50,0.5,30,0.5,NEAR,-1,,,,,,,,,,,,,,,,,,,,,,,,,,,,,,,,,,,,,,,0.5729673448571527,INFEASIBLE_TRIANGLE
G0078,50,0.5,30,0.5,NEAR,1,,,,,,,,,,,,,,,,,,,,,,,,,,,,,,,,,,,,,,,0.5729673448571527,INFEASIBLE_TRIANGLE
G0079,50,0.5,30,0.5,FAR,-1,,,,,,,,,,,,,,,,,,,,,,,,,,,,,,,,,,,,,,,0.5729673448571527,INFEASIBLE_TRIANGLE
G0080,50,0.5,30,0.5,FAR,1,,,,,,,,,,,,,,,,,,,,,,,,,,,,,,,,,,,,,,,0.5729673448571527,INFEASIBLE_TRIANGLE
G0081,50,0.5,45,0.05,NEAR,-1,,,,,,,,,,,,,,,,,,,,,,,,,,,,,,,,,,,,,,,0.5729673448571527,INFEASIBLE_TRIANGLE
G0082,50,0.5,45,0.05,NEAR,1,,,,,,,,,,,,,,,,,,,,,,,,,,,,,,,,,,,,,,,0.5729673448571527,INFEASIBLE_TRIANGLE
G0083,50,0.5,45,0.05,FAR,-1,,,,,,,,,,,,,,,,,,,,,,,,,,,,,,,,,,,,,,,0.5729673448571527,INFEASIBLE_TRIANGLE
G0084,50,0.5,45,0.05,FAR,1,,,,,,,,,,,,,,,,,,,,,,,,,,,,,,,,,,,,,,,0.5729673448571527,INFEASIBLE_TRIANGLE
G0085,50,0.5,45,0.1,NEAR,-1,,,,,,,,,,,,,,,,,,,,,,,,,,,,,,,,,,,,,,,0.5729673448571527,INFEASIBLE_TRIANGLE
G0086,50,0.5,45,0.1,NEAR,1,,,,,,,,,,,,,,,,,,,,,,,,,,,,,,,,,,,,,,,0.5729673448571527,INFEASIBLE_TRIANGLE
G0087,50,0.5,45,0.1,FAR,-1,,,,,,,,,,,,,,,,,,,,,,,,,,,,,,,,,,,,,,,0.5729673448571527,INFEASIBLE_TRIANGLE
G0088,50,0.5,45,0.1,FAR,1,,,,,,,,,,,,,,,,,,,,,,,,,,,,,,,,,,,,,,,0.5729673448571527,INFEASIBLE_TRIANGLE
G0089,50,0.5,45,0.2,NEAR,-1,,,,,,,,,,,,,,,,,,,,,,,,,,,,,,,,,,,,,,,0.5729673448571527,INFEASIBLE_TRIANGLE
G0090,50,0.5,45,0.2,NEAR,1,,,,,,,,,,,,,,,,,,,,,,,,,,,,,,,,,,,,,,,0.5729673448571527,INFEASIBLE_TRIANGLE
G0091,50,0.5,45,0.2,FAR,-1,,,,,,,,,,,,,,,,,,,,,,,,,,,,,,,,,,,,,,,0.5729673448571527,INFEASIBLE_TRIANGLE
G0092,50,0.5,45,0.2,FAR,1,,,,,,,,,,,,,,,,,,,,,,,,,,,,,,,,,,,,,,,0.5729673448571527,INFEASIBLE_TRIANGLE
G0093,50,0.5,45,0.5,NEAR,-1,,,,,,,,,,,,,,,,,,,,,,,,,,,,,,,,,,,,,,,0.5729673448571527,INFEASIBLE_TRIANGLE
G0094,50,0.5,45,0.5,NEAR,1,,,,,,,,,,,,,,,,,,,,,,,,,,,,,,,,,,,,,,,0.5729673448571527,INFEASIBLE_TRIANGLE
G0095,50,0.5,45,0.5,FAR,-1,,,,,,,,,,,,,,,,,,,,,,,,,,,,,,,,,,,,,,,0.5729673448571527,INFEASIBLE_TRIANGLE
G0096,50,0.5,45,0.5,FAR,1,,,,,,,,,,,,,,,,,,,,,,,,,,,,,,,,,,,,,,,0.5729673448571527,INFEASIBLE_TRIANGLE
G0097,50,0.5,60,0.05,NEAR,-1,,,,,,,,,,,,,,,,,,,,,,,,,,,,,,,,,,,,,,,0.5729673448571527,INFEASIBLE_TRIANGLE
G0098,50,0.5,60,0.05,NEAR,1,,,,,,,,,,,,,,,,,,,,,,,,,,,,,,,,,,,,,,,0.5729673448571527,INFEASIBLE_TRIANGLE
G0099,50,0.5,60,0.05,FAR,-1,,,,,,,,,,,,,,,,,,,,,,,,,,,,,,,,,,,,,,,0.5729673448571527,INFEASIBLE_TRIANGLE
G0100,50,0.5,60,0.05,FAR,1,,,,,,,,,,,,,,,,,,,,,,,,,,,,,,,,,,,,,,,0.5729673448571527,INFEASIBLE_TRIANGLE
G0101,50,0.5,60,0.1,NEAR,-1,,,,,,,,,,,,,,,,,,,,,,,,,,,,,,,,,,,,,,,0.5729673448571527,INFEASIBLE_TRIANGLE
G0102,50,0.5,60,0.1,NEAR,1,,,,,,,,,,,,,,,,,,,,,,,,,,,,,,,,,,,,,,,0.5729673448571527,INFEASIBLE_TRIANGLE
G0103,50,0.5,60,0.1,FAR,-1,,,,,,,,,,,,,,,,,,,,,,,,,,,,,,,,,,,,,,,0.5729673448571527,INFEASIBLE_TRIANGLE
G0104,50,0.5,60,0.1,FAR,1,,,,,,,,,,,,,,,,,,,,,,,,,,,,,,,,,,,,,,,0.5729673448571527,INFEASIBLE_TRIANGLE
G0105,50,0.5,60,0.2,NEAR,-1,,,,,,,,,,,,,,,,,,,,,,,,,,,,,,,,,,,,,,,0.5729673448571527,INFEASIBLE_TRIANGLE
G0106,50,0.5,60,0.2,NEAR,1,,,,,,,,,,,,,,,,,,,,,,,,,,,,,,,,,,,,,,,0.5729673448571527,INFEASIBLE_TRIANGLE
G0107,50,0.5,60,0.2,FAR,-1,,,,,,,,,,,,,,,,,,,,,,,,,,,,,,,,,,,,,,,0.5729673448571527,INFEASIBLE_TRIANGLE
G0108,50,0.5,60,0.2,FAR,1,,,,,,,,,,,,,,,,,,,,,,,,,,,,,,,,,,,,,,,0.5729673448571527,INFEASIBLE_TRIANGLE
G0109,50,0.5,60,0.5,NEAR,-1,,,,,,,,,,,,,,,,,,,,,,,,,,,,,,,,,,,,,,,0.5729673448571527,INFEASIBLE_TRIANGLE
G0110,50,0.5,60,0.5,NEAR,1,,,,,,,,,,,,,,,,,,,,,,,,,,,,,,,,,,,,,,,0.5729673448571527,INFEASIBLE_TRIANGLE
G0111,50,0.5,60,0.5,FAR,-1,,,,,,,,,,,,,,,,,,,,,,,,,,,,,,,,,,,,,,,0.5729673448571527,INFEASIBLE_TRIANGLE
G0112,50,0.5,60,0.5,FAR,1,,,,,,,,,,,,,,,,,,,,,,,,,,,,,,,,,,,,,,,0.5729673448571527,INFEASIBLE_TRIANGLE
G0113,50,0.5,90,0.05,NEAR,-1,,,,,,,,,,,,,,,,,,,,,,,,,,,,,,,,,,,,,,,0.5729673448571527,INFEASIBLE_TRIANGLE
G0114,50,0.5,90,0.05,NEAR,1,,,,,,,,,,,,,,,,,,,,,,,,,,,,,,,,,,,,,,,0.5729673448571527,INFEASIBLE_TRIANGLE
G0115,50,0.5,90,0.05,FAR,-1,,,,,,,,,,,,,,,,,,,,,,,,,,,,,,,,,,,,,,,0.5729673448571527,INFEASIBLE_TRIANGLE
G0116,50,0.5,90,0.05,FAR,1,,,,,,,,,,,,,,,,,,,,,,,,,,,,,,,,,,,,,,,0.5729673448571527,INFEASIBLE_TRIANGLE
G0117,50,0.5,90,0.1,NEAR,-1,,,,,,,,,,,,,,,,,,,,,,,,,,,,,,,,,,,,,,,0.5729673448571527,INFEASIBLE_TRIANGLE
G0118,50,0.5,90,0.1,NEAR,1,,,,,,,,,,,,,,,,,,,,,,,,,,,,,,,,,,,,,,,0.5729673448571527,INFEASIBLE_TRIANGLE
G0119,50,0.5,90,0.1,FAR,-1,,,,,,,,,,,,,,,,,,,,,,,,,,,,,,,,,,,,,,,0.5729673448571527,INFEASIBLE_TRIANGLE
G0120,50,0.5,90,0.1,FAR,1,,,,,,,,,,,,,,,,,,,,,,,,,,,,,,,,,,,,,,,0.5729673448571527,INFEASIBLE_TRIANGLE
G0121,50,0.5,90,0.2,NEAR,-1,,,,,,,,,,,,,,,,,,,,,,,,,,,,,,,,,,,,,,,0.5729673448571527,INFEASIBLE_TRIANGLE
G0122,50,0.5,90,0.2,NEAR,1,,,,,,,,,,,,,,,,,,,,,,,,,,,,,,,,,,,,,,,0.5729673448571527,INFEASIBLE_TRIANGLE
G0123,50,0.5,90,0.2,FAR,-1,,,,,,,,,,,,,,,,,,,,,,,,,,,,,,,,,,,,,,,0.5729673448571527,INFEASIBLE_TRIANGLE
G0124,50,0.5,90,0.2,FAR,1,,,,,,,,,,,,,,,,,,,,,,,,,,,,,,,,,,,,,,,0.5729673448571527,INFEASIBLE_TRIANGLE
G0125,50,0.5,90,0.5,NEAR,-1,,,,,,,,,,,,,,,,,,,,,,,,,,,,,,,,,,,,,,,0.5729673448571527,INFEASIBLE_TRIANGLE
G0126,50,0.5,90,0.5,NEAR,1,,,,,,,,,,,,,,,,,,,,,,,,,,,,,,,,,,,,,,,0.5729673448571527,INFEASIBLE_TRIANGLE
G0127,50,0.5,90,0.5,FAR,-1,,,,,,,,,,,,,,,,,,,,,,,,,,,,,,,,,,,,,,,0.5729673448571527,INFEASIBLE_TRIANGLE
G0128,50,0.5,90,0.5,FAR,1,,,,,,,,,,,,,,,,,,,,,,,,,,,,,,,,,,,,,,,0.5729673448571527,INFEASIBLE_TRIANGLE
G0129,50,1,2,0.05,NEAR,-1,,,,,,,,,,,,,,,,,,,,,,,,,,,,,,,,,,,,,,,1.1459919983885924,INFEASIBLE_TRIANGLE
G0130,50,1,2,0.05,NEAR,1,,,,,,,,,,,,,,,,,,,,,,,,,,,,,,,,,,,,,,,1.1459919983885924,INFEASIBLE_TRIANGLE
G0131,50,1,2,0.05,FAR,-1,,,,,,,,,,,,,,,,,,,,,,,,,,,,,,,,,,,,,,,1.1459919983885924,INFEASIBLE_TRIANGLE
G0132,50,1,2,0.05,FAR,1,,,,,,,,,,,,,,,,,,,,,,,,,,,,,,,,,,,,,,,1.1459919983885924,INFEASIBLE_TRIANGLE
G0133,50,1,2,0.1,NEAR,-1,,,,,,,,,,,,,,,,,,,,,,,,,,,,,,,,,,,,,,,1.1459919983885924,INFEASIBLE_TRIANGLE
G0134,50,1,2,0.1,NEAR,1,,,,,,,,,,,,,,,,,,,,,,,,,,,,,,,,,,,,,,,1.1459919983885924,INFEASIBLE_TRIANGLE
G0135,50,1,2,0.1,FAR,-1,,,,,,,,,,,,,,,,,,,,,,,,,,,,,,,,,,,,,,,1.1459919983885924,INFEASIBLE_TRIANGLE
G0136,50,1,2,0.1,FAR,1,,,,,,,,,,,,,,,,,,,,,,,,,,,,,,,,,,,,,,,1.1459919983885924,INFEASIBLE_TRIANGLE
G0137,50,1,2,0.2,NEAR,-1,,,,,,,,,,,,,,,,,,,,,,,,,,,,,,,,,,,,,,,1.1459919983885924,INFEASIBLE_TRIANGLE
G0138,50,1,2,0.2,NEAR,1,,,,,,,,,,,,,,,,,,,,,,,,,,,,,,,,,,,,,,,1.1459919983885924,INFEASIBLE_TRIANGLE
G0139,50,1,2,0.2,FAR,-1,,,,,,,,,,,,,,,,,,,,,,,,,,,,,,,,,,,,,,,1.1459919983885924,INFEASIBLE_TRIANGLE
G0140,50,1,2,0.2,FAR,1,,,,,,,,,,,,,,,,,,,,,,,,,,,,,,,,,,,,,,,1.1459919983885924,INFEASIBLE_TRIANGLE
G0141,50,1,2,0.5,NEAR,-1,,,,,,,,,,,,,,,,,,,,,,,,,,,,,,,,,,,,,,,1.1459919983885924,INFEASIBLE_TRIANGLE
G0142,50,1,2,0.5,NEAR,1,,,,,,,,,,,,,,,,,,,,,,,,,,,,,,,,,,,,,,,1.1459919983885924,INFEASIBLE_TRIANGLE
G0143,50,1,2,0.5,FAR,-1,,,,,,,,,,,,,,,,,,,,,,,,,,,,,,,,,,,,,,,1.1459919983885924,INFEASIBLE_TRIANGLE
G0144,50,1,2,0.5,FAR,1,,,,,,,,,,,,,,,,,,,,,,,,,,,,,,,,,,,,,,,1.1459919983885924,INFEASIBLE_TRIANGLE
G0145,50,1,5,0.05,NEAR,-1,,,,,,,,,,,,,,,,,,,,,,,,,,,,,,,,,,,,,,,1.1459919983885924,INFEASIBLE_TRIANGLE
G0146,50,1,5,0.05,NEAR,1,,,,,,,,,,,,,,,,,,,,,,,,,,,,,,,,,,,,,,,1.1459919983885924,INFEASIBLE_TRIANGLE
G0147,50,1,5,0.05,FAR,-1,,,,,,,,,,,,,,,,,,,,,,,,,,,,,,,,,,,,,,,1.1459919983885924,INFEASIBLE_TRIANGLE
G0148,50,1,5,0.05,FAR,1,,,,,,,,,,,,,,,,,,,,,,,,,,,,,,,,,,,,,,,1.1459919983885924,INFEASIBLE_TRIANGLE
G0149,50,1,5,0.1,NEAR,-1,,,,,,,,,,,,,,,,,,,,,,,,,,,,,,,,,,,,,,,1.1459919983885924,INFEASIBLE_TRIANGLE
G0150,50,1,5,0.1,NEAR,1,,,,,,,,,,,,,,,,,,,,,,,,,,,,,,,,,,,,,,,1.1459919983885924,INFEASIBLE_TRIANGLE
G0151,50,1,5,0.1,FAR,-1,,,,,,,,,,,,,,,,,,,,,,,,,,,,,,,,,,,,,,,1.1459919983885924,INFEASIBLE_TRIANGLE
G0152,50,1,5,0.1,FAR,1,,,,,,,,,,,,,,,,,,,,,,,,,,,,,,,,,,,,,,,1.1459919983885924,INFEASIBLE_TRIANGLE
G0153,50,1,5,0.2,NEAR,-1,,,,,,,,,,,,,,,,,,,,,,,,,,,,,,,,,,,,,,,1.1459919983885924,INFEASIBLE_TRIANGLE
G0154,50,1,5,0.2,NEAR,1,,,,,,,,,,,,,,,,,,,,,,,,,,,,,,,,,,,,,,,1.1459919983885924,INFEASIBLE_TRIANGLE
G0155,50,1,5,0.2,FAR,-1,,,,,,,,,,,,,,,,,,,,,,,,,,,,,,,,,,,,,,,1.1459919983885924,INFEASIBLE_TRIANGLE
G0156,50,1,5,0.2,FAR,1,,,,,,,,,,,,,,,,,,,,,,,,,,,,,,,,,,,,,,,1.1459919983885924,INFEASIBLE_TRIANGLE
G0157,50,1,5,0.5,NEAR,-1,,,,,,,,,,,,,,,,,,,,,,,,,,,,,,,,,,,,,,,1.1459919983885924,INFEASIBLE_TRIANGLE
G0158,50,1,5,0.5,NEAR,1,,,,,,,,,,,,,,,,,,,,,,,,,,,,,,,,,,,,,,,1.1459919983885924,INFEASIBLE_TRIANGLE
G0159,50,1,5,0.5,FAR,-1,,,,,,,,,,,,,,,,,,,,,,,,,,,,,,,,,,,,,,,1.1459919983885924,INFEASIBLE_TRIANGLE
G0160,50,1,5,0.5,FAR,1,,,,,,,,,,,,,,,,,,,,,,,,,,,,,,,,,,,,,,,1.1459919983885924,INFEASIBLE_TRIANGLE
G0161,50,1,10,0.05,NEAR,-1,,,,,,,,,,,,,,,,,,,,,,,,,,,,,,,,,,,,,,,1.1459919983885924,INFEASIBLE_TRIANGLE
G0162,50,1,10,0.05,NEAR,1,,,,,,,,,,,,,,,,,,,,,,,,,,,,,,,,,,,,,,,1.1459919983885924,INFEASIBLE_TRIANGLE
G0163,50,1,10,0.05,FAR,-1,,,,,,,,,,,,,,,,,,,,,,,,,,,,,,,,,,,,,,,1.1459919983885924,INFEASIBLE_TRIANGLE
G0164,50,1,10,0.05,FAR,1,,,,,,,,,,,,,,,,,,,,,,,,,,,,,,,,,,,,,,,1.1459919983885924,INFEASIBLE_TRIANGLE
G0165,50,1,10,0.1,NEAR,-1,,,,,,,,,,,,,,,,,,,,,,,,,,,,,,,,,,,,,,,1.1459919983885924,INFEASIBLE_TRIANGLE
G0166,50,1,10,0.1,NEAR,1,,,,,,,,,,,,,,,,,,,,,,,,,,,,,,,,,,,,,,,1.1459919983885924,INFEASIBLE_TRIANGLE
G0167,50,1,10,0.1,FAR,-1,,,,,,,,,,,,,,,,,,,,,,,,,,,,,,,,,,,,,,,1.1459919983885924,INFEASIBLE_TRIANGLE
G0168,50,1,10,0.1,FAR,1,,,,,,,,,,,,,,,,,,,,,,,,,,,,,,,,,,,,,,,1.1459919983885924,INFEASIBLE_TRIANGLE
G0169,50,1,10,0.2,NEAR,-1,,,,,,,,,,,,,,,,,,,,,,,,,,,,,,,,,,,,,,,1.1459919983885924,INFEASIBLE_TRIANGLE
G0170,50,1,10,0.2,NEAR,1,,,,,,,,,,,,,,,,,,,,,,,,,,,,,,,,,,,,,,,1.1459919983885924,INFEASIBLE_TRIANGLE
G0171,50,1,10,0.2,FAR,-1,,,,,,,,,,,,,,,,,,,,,,,,,,,,,,,,,,,,,,,1.1459919983885924,INFEASIBLE_TRIANGLE
G0172,50,1,10,0.2,FAR,1,,,,,,,,,,,,,,,,,,,,,,,,,,,,,,,,,,,,,,,1.1459919983885924,INFEASIBLE_TRIANGLE
G0173,50,1,10,0.5,NEAR,-1,,,,,,,,,,,,,,,,,,,,,,,,,,,,,,,,,,,,,,,1.1459919983885924,INFEASIBLE_TRIANGLE
G0174,50,1,10,0.5,NEAR,1,,,,,,,,,,,,,,,,,,,,,,,,,,,,,,,,,,,,,,,1.1459919983885924,INFEASIBLE_TRIANGLE
G0175,50,1,10,0.5,FAR,-1,,,,,,,,,,,,,,,,,,,,,,,,,,,,,,,,,,,,,,,1.1459919983885924,INFEASIBLE_TRIANGLE
G0176,50,1,10,0.5,FAR,1,,,,,,,,,,,,,,,,,,,,,,,,,,,,,,,,,,,,,,,1.1459919983885924,INFEASIBLE_TRIANGLE
G0177,50,1,20,0.05,NEAR,-1,,,,,,,,,,,,,,,,,,,,,,,,,,,,,,,,,,,,,,,1.1459919983885924,INFEASIBLE_TRIANGLE
G0178,50,1,20,0.05,NEAR,1,,,,,,,,,,,,,,,,,,,,,,,,,,,,,,,,,,,,,,,1.1459919983885924,INFEASIBLE_TRIANGLE
G0179,50,1,20,0.05,FAR,-1,,,,,,,,,,,,,,,,,,,,,,,,,,,,,,,,,,,,,,,1.1459919983885924,INFEASIBLE_TRIANGLE
G0180,50,1,20,0.05,FAR,1,,,,,,,,,,,,,,,,,,,,,,,,,,,,,,,,,,,,,,,1.1459919983885924,INFEASIBLE_TRIANGLE
G0181,50,1,20,0.1,NEAR,-1,,,,,,,,,,,,,,,,,,,,,,,,,,,,,,,,,,,,,,,1.1459919983885924,INFEASIBLE_TRIANGLE
G0182,50,1,20,0.1,NEAR,1,,,,,,,,,,,,,,,,,,,,,,,,,,,,,,,,,,,,,,,1.1459919983885924,INFEASIBLE_TRIANGLE
G0183,50,1,20,0.1,FAR,-1,,,,,,,,,,,,,,,,,,,,,,,,,,,,,,,,,,,,,,,1.1459919983885924,INFEASIBLE_TRIANGLE
G0184,50,1,20,0.1,FAR,1,,,,,,,,,,,,,,,,,,,,,,,,,,,,,,,,,,,,,,,1.1459919983885924,INFEASIBLE_TRIANGLE
G0185,50,1,20,0.2,NEAR,-1,,,,,,,,,,,,,,,,,,,,,,,,,,,,,,,,,,,,,,,1.1459919983885924,INFEASIBLE_TRIANGLE
G0186,50,1,20,0.2,NEAR,1,,,,,,,,,,,,,,,,,,,,,,,,,,,,,,,,,,,,,,,1.1459919983885924,INFEASIBLE_TRIANGLE
G0187,50,1,20,0.2,FAR,-1,,,,,,,,,,,,,,,,,,,,,,,,,,,,,,,,,,,,,,,1.1459919983885924,INFEASIBLE_TRIANGLE
G0188,50,1,20,0.2,FAR,1,,,,,,,,,,,,,,,,,,,,,,,,,,,,,,,,,,,,,,,1.1459919983885924,INFEASIBLE_TRIANGLE
G0189,50,1,20,0.5,NEAR,-1,,,,,,,,,,,,,,,,,,,,,,,,,,,,,,,,,,,,,,,1.1459919983885924,INFEASIBLE_TRIANGLE
G0190,50,1,20,0.5,NEAR,1,,,,,,,,,,,,,,,,,,,,,,,,,,,,,,,,,,,,,,,1.1459919983885924,INFEASIBLE_TRIANGLE
G0191,50,1,20,0.5,FAR,-1,,,,,,,,,,,,,,,,,,,,,,,,,,,,,,,,,,,,,,,1.1459919983885924,INFEASIBLE_TRIANGLE
G0192,50,1,20,0.5,FAR,1,,,,,,,,,,,,,,,,,,,,,,,,,,,,,,,,,,,,,,,1.1459919983885924,INFEASIBLE_TRIANGLE
G0193,50,1,30,0.05,NEAR,-1,,,,,,,,,,,,,,,,,,,,,,,,,,,,,,,,,,,,,,,1.1459919983885924,INFEASIBLE_TRIANGLE
G0194,50,1,30,0.05,NEAR,1,,,,,,,,,,,,,,,,,,,,,,,,,,,,,,,,,,,,,,,1.1459919983885924,INFEASIBLE_TRIANGLE
G0195,50,1,30,0.05,FAR,-1,,,,,,,,,,,,,,,,,,,,,,,,,,,,,,,,,,,,,,,1.1459919983885924,INFEASIBLE_TRIANGLE
G0196,50,1,30,0.05,FAR,1,,,,,,,,,,,,,,,,,,,,,,,,,,,,,,,,,,,,,,,1.1459919983885924,INFEASIBLE_TRIANGLE
G0197,50,1,30,0.1,NEAR,-1,,,,,,,,,,,,,,,,,,,,,,,,,,,,,,,,,,,,,,,1.1459919983885924,INFEASIBLE_TRIANGLE
G0198,50,1,30,0.1,NEAR,1,,,,,,,,,,,,,,,,,,,,,,,,,,,,,,,,,,,,,,,1.1459919983885924,INFEASIBLE_TRIANGLE
G0199,50,1,30,0.1,FAR,-1,,,,,,,,,,,,,,,,,,,,,,,,,,,,,,,,,,,,,,,1.1459919983885924,INFEASIBLE_TRIANGLE
G0200,50,1,30,0.1,FAR,1,,,,,,,,,,,,,,,,,,,,,,,,,,,,,,,,,,,,,,,1.1459919983885924,INFEASIBLE_TRIANGLE
G0201,50,1,30,0.2,NEAR,-1,,,,,,,,,,,,,,,,,,,,,,,,,,,,,,,,,,,,,,,1.1459919983885924,INFEASIBLE_TRIANGLE
G0202,50,1,30,0.2,NEAR,1,,,,,,,,,,,,,,,,,,,,,,,,,,,,,,,,,,,,,,,1.1459919983885924,INFEASIBLE_TRIANGLE
G0203,50,1,30,0.2,FAR,-1,,,,,,,,,,,,,,,,,,,,,,,,,,,,,,,,,,,,,,,1.1459919983885924,INFEASIBLE_TRIANGLE
G0204,50,1,30,0.2,FAR,1,,,,,,,,,,,,,,,,,,,,,,,,,,,,,,,,,,,,,,,1.1459919983885924,INFEASIBLE_TRIANGLE
G0205,50,1,30,0.5,NEAR,-1,,,,,,,,,,,,,,,,,,,,,,,,,,,,,,,,,,,,,,,1.1459919983885924,INFEASIBLE_TRIANGLE
G0206,50,1,30,0.5,NEAR,1,,,,,,,,,,,,,,,,,,,,,,,,,,,,,,,,,,,,,,,1.1459919983885924,INFEASIBLE_TRIANGLE
G0207,50,1,30,0.5,FAR,-1,,,,,,,,,,,,,,,,,,,,,,,,,,,,,,,,,,,,,,,1.1459919983885924,INFEASIBLE_TRIANGLE
G0208,50,1,30,0.5,FAR,1,,,,,,,,,,,,,,,,,,,,,,,,,,,,,,,,,,,,,,,1.1459919983885924,INFEASIBLE_TRIANGLE
G0209,50,1,45,0.05,NEAR,-1,,,,,,,,,,,,,,,,,,,,,,,,,,,,,,,,,,,,,,,1.1459919983885924,INFEASIBLE_TRIANGLE
G0210,50,1,45,0.05,NEAR,1,,,,,,,,,,,,,,,,,,,,,,,,,,,,,,,,,,,,,,,1.1459919983885924,INFEASIBLE_TRIANGLE
G0211,50,1,45,0.05,FAR,-1,,,,,,,,,,,,,,,,,,,,,,,,,,,,,,,,,,,,,,,1.1459919983885924,INFEASIBLE_TRIANGLE
G0212,50,1,45,0.05,FAR,1,,,,,,,,,,,,,,,,,,,,,,,,,,,,,,,,,,,,,,,1.1459919983885924,INFEASIBLE_TRIANGLE
G0213,50,1,45,0.1,NEAR,-1,,,,,,,,,,,,,,,,,,,,,,,,,,,,,,,,,,,,,,,1.1459919983885924,INFEASIBLE_TRIANGLE
G0214,50,1,45,0.1,NEAR,1,,,,,,,,,,,,,,,,,,,,,,,,,,,,,,,,,,,,,,,1.1459919983885924,INFEASIBLE_TRIANGLE
G0215,50,1,45,0.1,FAR,-1,,,,,,,,,,,,,,,,,,,,,,,,,,,,,,,,,,,,,,,1.1459919983885924,INFEASIBLE_TRIANGLE
G0216,50,1,45,0.1,FAR,1,,,,,,,,,,,,,,,,,,,,,,,,,,,,,,,,,,,,,,,1.1459919983885924,INFEASIBLE_TRIANGLE
G0217,50,1,45,0.2,NEAR,-1,,,,,,,,,,,,,,,,,,,,,,,,,,,,,,,,,,,,,,,1.1459919983885924,INFEASIBLE_TRIANGLE
G0218,50,1,45,0.2,NEAR,1,,,,,,,,,,,,,,,,,,,,,,,,,,,,,,,,,,,,,,,1.1459919983885924,INFEASIBLE_TRIANGLE
G0219,50,1,45,0.2,FAR,-1,,,,,,,,,,,,,,,,,,,,,,,,,,,,,,,,,,,,,,,1.1459919983885924,INFEASIBLE_TRIANGLE
G0220,50,1,45,0.2,FAR,1,,,,,,,,,,,,,,,,,,,,,,,,,,,,,,,,,,,,,,,1.1459919983885924,INFEASIBLE_TRIANGLE
G0221,50,1,45,0.5,NEAR,-1,,,,,,,,,,,,,,,,,,,,,,,,,,,,,,,,,,,,,,,1.1459919983885924,INFEASIBLE_TRIANGLE
G0222,50,1,45,0.5,NEAR,1,,,,,,,,,,,,,,,,,,,,,,,,,,,,,,,,,,,,,,,1.1459919983885924,INFEASIBLE_TRIANGLE
G0223,50,1,45,0.5,FAR,-1,,,,,,,,,,,,,,,,,,,,,,,,,,,,,,,,,,,,,,,1.1459919983885924,INFEASIBLE_TRIANGLE
G0224,50,1,45,0.5,FAR,1,,,,,,,,,,,,,,,,,,,,,,,,,,,,,,,,,,,,,,,1.1459919983885924,INFEASIBLE_TRIANGLE
G0225,50,1,60,0.05,NEAR,-1,,,,,,,,,,,,,,,,,,,,,,,,,,,,,,,,,,,,,,,1.1459919983885924,INFEASIBLE_TRIANGLE
G0226,50,1,60,0.05,NEAR,1,,,,,,,,,,,,,,,,,,,,,,,,,,,,,,,,,,,,,,,1.1459919983885924,INFEASIBLE_TRIANGLE
G0227,50,1,60,0.05,FAR,-1,,,,,,,,,,,,,,,,,,,,,,,,,,,,,,,,,,,,,,,1.1459919983885924,INFEASIBLE_TRIANGLE
G0228,50,1,60,0.05,FAR,1,,,,,,,,,,,,,,,,,,,,,,,,,,,,,,,,,,,,,,,1.1459919983885924,INFEASIBLE_TRIANGLE
G0229,50,1,60,0.1,NEAR,-1,,,,,,,,,,,,,,,,,,,,,,,,,,,,,,,,,,,,,,,1.1459919983885924,INFEASIBLE_TRIANGLE
G0230,50,1,60,0.1,NEAR,1,,,,,,,,,,,,,,,,,,,,,,,,,,,,,,,,,,,,,,,1.1459919983885924,INFEASIBLE_TRIANGLE
G0231,50,1,60,0.1,FAR,-1,,,,,,,,,,,,,,,,,,,,,,,,,,,,,,,,,,,,,,,1.1459919983885924,INFEASIBLE_TRIANGLE
G0232,50,1,60,0.1,FAR,1,,,,,,,,,,,,,,,,,,,,,,,,,,,,,,,,,,,,,,,1.1459919983885924,INFEASIBLE_TRIANGLE
G0233,50,1,60,0.2,NEAR,-1,,,,,,,,,,,,,,,,,,,,,,,,,,,,,,,,,,,,,,,1.1459919983885924,INFEASIBLE_TRIANGLE
G0234,50,1,60,0.2,NEAR,1,,,,,,,,,,,,,,,,,,,,,,,,,,,,,,,,,,,,,,,1.1459919983885924,INFEASIBLE_TRIANGLE
G0235,50,1,60,0.2,FAR,-1,,,,,,,,,,,,,,,,,,,,,,,,,,,,,,,,,,,,,,,1.1459919983885924,INFEASIBLE_TRIANGLE
G0236,50,1,60,0.2,FAR,1,,,,,,,,,,,,,,,,,,,,,,,,,,,,,,,,,,,,,,,1.1459919983885924,INFEASIBLE_TRIANGLE
G0237,50,1,60,0.5,NEAR,-1,,,,,,,,,,,,,,,,,,,,,,,,,,,,,,,,,,,,,,,1.1459919983885924,INFEASIBLE_TRIANGLE
G0238,50,1,60,0.5,NEAR,1,,,,,,,,,,,,,,,,,,,,,,,,,,,,,,,,,,,,,,,1.1459919983885924,INFEASIBLE_TRIANGLE
G0239,50,1,60,0.5,FAR,-1,,,,,,,,,,,,,,,,,,,,,,,,,,,,,,,,,,,,,,,1.1459919983885924,INFEASIBLE_TRIANGLE
G0240,50,1,60,0.5,FAR,1,,,,,,,,,,,,,,,,,,,,,,,,,,,,,,,,,,,,,,,1.1459919983885924,INFEASIBLE_TRIANGLE
G0241,50,1,90,0.05,NEAR,-1,,,,,,,,,,,,,,,,,,,,,,,,,,,,,,,,,,,,,,,1.1459919983885924,INFEASIBLE_TRIANGLE
G0242,50,1,90,0.05,NEAR,1,,,,,,,,,,,,,,,,,,,,,,,,,,,,,,,,,,,,,,,1.1459919983885924,INFEASIBLE_TRIANGLE
G0243,50,1,90,0.05,FAR,-1,,,,,,,,,,,,,,,,,,,,,,,,,,,,,,,,,,,,,,,1.1459919983885924,INFEASIBLE_TRIANGLE
G0244,50,1,90,0.05,FAR,1,,,,,,,,,,,,,,,,,,,,,,,,,,,,,,,,,,,,,,,1.1459919983885924,INFEASIBLE_TRIANGLE
G0245,50,1,90,0.1,NEAR,-1,,,,,,,,,,,,,,,,,,,,,,,,,,,,,,,,,,,,,,,1.1459919983885924,INFEASIBLE_TRIANGLE
G0246,50,1,90,0.1,NEAR,1,,,,,,,,,,,,,,,,,,,,,,,,,,,,,,,,,,,,,,,1.1459919983885924,INFEASIBLE_TRIANGLE
G0247,50,1,90,0.1,FAR,-1,,,,,,,,,,,,,,,,,,,,,,,,,,,,,,,,,,,,,,,1.1459919983885924,INFEASIBLE_TRIANGLE
G0248,50,1,90,0.1,FAR,1,,,,,,,,,,,,,,,,,,,,,,,,,,,,,,,,,,,,,,,1.1459919983885924,INFEASIBLE_TRIANGLE
G0249,50,1,90,0.2,NEAR,-1,,,,,,,,,,,,,,,,,,,,,,,,,,,,,,,,,,,,,,,1.1459919983885924,INFEASIBLE_TRIANGLE
G0250,50,1,90,0.2,NEAR,1,,,,,,,,,,,,,,,,,,,,,,,,,,,,,,,,,,,,,,,1.1459919983885924,INFEASIBLE_TRIANGLE
G0251,50,1,90,0.2,FAR,-1,,,,,,,,,,,,,,,,,,,,,,,,,,,,,,,,,,,,,,,1.1459919983885924,INFEASIBLE_TRIANGLE
G0252,50,1,90,0.2,FAR,1,,,,,,,,,,,,,,,,,,,,,,,,,,,,,,,,,,,,,,,1.1459919983885924,INFEASIBLE_TRIANGLE
G0253,50,1,90,0.5,NEAR,-1,,,,,,,,,,,,,,,,,,,,,,,,,,,,,,,,,,,,,,,1.1459919983885924,INFEASIBLE_TRIANGLE
G0254,50,1,90,0.5,NEAR,1,,,,,,,,,,,,,,,,,,,,,,,,,,,,,,,,,,,,,,,1.1459919983885924,INFEASIBLE_TRIANGLE
G0255,50,1,90,0.5,FAR,-1,,,,,,,,,,,,,,,,,,,,,,,,,,,,,,,,,,,,,,,1.1459919983885924,INFEASIBLE_TRIANGLE
G0256,50,1,90,0.5,FAR,1,,,,,,,,,,,,,,,,,,,,,,,,,,,,,,,,,,,,,,,1.1459919983885924,INFEASIBLE_TRIANGLE
G0257,50,2,2,0.05,NEAR,-1,1.0375765728116733,-1.7098055022581924,48.99226819324487,True,57.30184406805482,3283.5013335995172,1.7498548009767354,0.04363323129985824,0.0685930477617781,20000,0.0,0.0,0.0,0.0,0.0,0.23135,0.85075,0.9948,0.8457442015827367,0.855621085123906,0.06756053245646043,0.069254770553286,1.1661092124549413,2.859887333554333,3.4236660618110335,4.4979492088438136,0.023322184249098824,0.05719774667108666,0.06847332123622067,0.08995898417687627,0.029511137339500334,0.07150651963784217,0.08537269277099734,0.11267310413089501,1.1668939874063586,2.8606288275334197,3.4241858191653924,4.5003091069062995,2.292442775955887,FEASIBLE
G0258,50,2,2,0.05,NEAR,1,1.0375765728116733,1.7098055022581924,48.99226819324487,True,57.30184406805481,3283.5013335995172,1.7498548009767354,0.04363323129985824,0.0685930477617781,20000,0.0,0.0,0.0,0.0,0.0,0.23135,0.85075,0.9948,0.8457442015827367,0.855621085123906,0.06756053245646043,0.069254770553286,1.1661092124549413,2.859887333554333,3.4236660618110335,4.4979492088438136,0.023322184249098824,0.05719774667108666,0.06847332123622067,0.08995898417687627,0.029511137339500334,0.07150651963784217,0.08537269277099734,0.11267310413089501,1.1668939874063586,2.8606288275334197,3.4241858191653924,4.5003091069062995,2.292442775955887,FEASIBLE
G0259,50,2,2,0.05,FAR,-1,-0.9157790858028818,-1.7780181849480723,50.9468145086647,True,57.300048489135165,3283.2955568571706,1.7844119901984956,0.043633231299858244,0.06994766468740982,20000,0.0,0.0,0.0,0.0,0.0,0.22775,0.84325,0.99445,0.8381454763911542,0.84822269085633,0.0687932051212016,0.07064102528969514,1.1888087761529746,2.921160726685123,3.4897363698717285,4.601167073078983,0.02377617552305949,0.058423214533702465,0.06979472739743457,0.09202334146157966,0.029506584319213,0.07147762435114079,0.08540773331244642,0.11275345527767935,1.1891286521224198,2.921794613329712,3.4903934036089597,4.602079357106035,2.292442775955887,FEASIBLE
G0260,50,2,2,0.05,FAR,1,-0.9157790858028818,1.7780181849480723,50.9468145086647,True,57.30004848913516,3283.2955568571706,1.7844119901984956,0.043633231299858244,0.06994766468740982,20000,0.0,0.0,0.0,0.0,0.0,0.22775,0.84325,0.99445,0.8381454763911542,0.84822269085633,0.0687932051212016,0.07064102528969514,1.1888087761529746,2.921160726685123,3.4897363698717285,4.601167073078983,0.02377617552305949,0.058423214533702465,0.06979472739743457,0.09202334146157966,0.029506584319213,0.07147762435114079,0.08540773331244642,0.11275345527767935,1.1891286521224198,2.921794613329712,3.4903934036089597,4.602079357106035,2.292442775955887,FEASIBLE
G0261,50,2,2,0.1,NEAR,-1,1.0375765728116733,-1.7098055022581924,48.99226819324487,True,57.30184406805482,3283.5013335995172,3.499709601953471,0.08726646259971647,0.1371860955235562,20000,0.0,0.0,0.0,0.0,0.0,0.11835,0.5286,0.85105,0.5216769961946591,0.5355120193429316,0.13665611587314871,0.14049407406311076,2.333953272757263,5.7477303154798705,6.947841816949726,9.501681521183528,0.04667906545514526,0.1149546063095974,0.13895683633899453,0.19003363042367055,0.05896480572356099,0.14372154712917487,0.17213084263520878,0.2319592931993806,2.334532644492373,5.748258988047073,6.950180640838311,9.502588731137143,2.292442775955887,FEASIBLE
G0262,50,2,2,0.1,NEAR,1,1.0375765728116733,1.7098055022581924,48.99226819324487,True,57.30184406805481,3283.5013335995172,3.499709601953471,0.08726646259971647,0.1371860955235562,20000,0.0,0.0,0.0,0.0,0.0,0.11835,0.5286,0.85105,0.5216769961946591,0.5355120193429316,0.13665611587314871,0.14049407406311076,2.333953272757263,5.7477303154798705,6.947841816949726,9.501681521183528,0.04667906545514526,0.1149546063095974,0.13895683633899453,0.19003363042367055,0.05896480572356099,0.14372154712917487,0.17213084263520878,0.2319592931993806,2.334532644492373,5.748258988047073,6.950180640838311,9.502588731137143,2.292442775955887,FEASIBLE
G0263,50,2,2,0.1,FAR,-1,-0.9157790858028818,-1.7780181849480723,50.9468145086647,True,57.300048489135165,3283.2955568571706,3.5688239803969912,0.08726646259971649,0.13989532937481963,20000,0.0,0.0,0.0,0.0,0.0,0.11675,0.52095,0.84335,0.5140232067988394,0.5278687468904099,0.13956986019067544,0.14314828225686327,2.3781027672882473,5.855248678508644,7.066541107092974,9.660888529718662,0.04756205534576494,0.11710497357017288,0.14133082214185946,0.19321777059437323,0.05894557670703123,0.14373097889495054,0.17220035237245077,0.23197605618555533,2.378340010317711,5.858116966629666,7.068534547998486,9.661294412615769,2.292442775955887,FEASIBLE
G0264,50,2,2,0.1,FAR,1,-0.9157790858028818,1.7780181849480723,50.9468145086647,True,57.30004848913516,3283.2955568571706,3.5688239803969912,0.08726646259971649,0.13989532937481963,20000,0.0,0.0,0.0,0.0,0.0,0.11675,0.52095,0.84335,0.5140232067988394,0.5278687468904099,0.13956986019067544,0.14314828225686327,2.3781027672882473,5.855248678508644,7.066541107092974,9.660888529718662,0.04756205534576494,0.11710497357017288,0.14133082214185946,0.19321777059437323,0.05894557670703123,0.14373097889495054,0.17220035237245077,0.23197605618555533,2.378340010317711,5.858116966629666,7.068534547998486,9.661294412615769,2.292442775955887,FEASIBLE
G0265,50,2,2,0.2,NEAR,-1,1.0375765728116733,-1.7098055022581924,48.99226819324487,True,57.30184406805482,3283.5013335995172,6.999419203906942,0.17453292519943295,0.2743721910471124,20000,0.0,0.0,0.0,0.0,0.0,0.05995,0.28555,0.5322,0.2793318529559463,0.291850511308517,0.2944264205729803,0.30795279541280735,4.647556802046182,11.712477363218582,15.047533620263337,23.303319442494626,0.09295113604092364,0.23424954726437164,0.30095067240526674,0.46606638884989254,0.11801447834386342,0.2924430867744755,0.3620450007835903,0.5361824147129567,4.650055543960224,11.715266054189042,15.04941291295585,23.306216442423125,2.292442775955887,FEASIBLE
G0266,50,2,2,0.2,NEAR,1,1.0375765728116733,1.7098055022581924,48.99226819324487,True,57.30184406805481,3283.5013335995172,6.999419203906942,0.17453292519943295,0.2743721910471124,20000,0.0,0.0,0.0,0.0,0.0,0.05995,0.28555,0.5322,0.2793318529559463,0.291850511308517,0.2944264205729803,0.30795279541280735,4.647556802046182,11.712477363218582,15.047533620263337,23.303319442494626,0.09295113604092364,0.23424954726437164,0.30095067240526674,0.46606638884989254,0.11801447834386342,0.2924430867744755,0.3620450007835903,0.5361824147129567,4.650055543960224,11.715266054189042,15.04941291295585,23.306216442423125,2.292442775955887,FEASIBLE
G0267,50,2,2,0.2,FAR,-1,-0.9157790858028818,-1.7780181849480723,50.9468145086647,True,57.300048489135165,3283.2955568571706,7.1376479607939824,0.17453292519943298,0.27979065874963926,20000,0.0,0.0,0.0,0.0,0.0,0.05835,0.2821,0.5225,0.27590543428504016,0.2883782550282103,0.3004719795753539,0.31346798948342924,4.740548567014407,11.95098695472231,15.318540625049392,23.794399784143693,0.09481097134028815,0.2390197390944462,0.30637081250098785,0.4758879956828739,0.11802845972023142,0.2924217425869727,0.36236571473474444,0.5394753221280175,4.743199690776207,11.95378034214157,15.324340409164696,23.795860986372393,2.292442775955887,FEASIBLE
G0268,50,2,2,0.2,FAR,1,-0.9157790858028818,1.7780181849480723,50.9468145086647,True,57.30004848913516,3283.2955568571706,7.1376479607939824,0.17453292519943298,0.27979065874963926,20000,0.0,0.0,0.0,0.0,0.0,0.05835,0.2821,0.5225,0.27590543428504016,0.2883782550282103,0.3004719795753539,0.31346798948342924,4.740548567014407,11.95098695472231,15.318540625049392,23.794399784143693,0.09481097134028815,0.2390197390944462,0.30637081250098785,0.4758879956828739,0.11802845972023142,0.2924217425869727,0.36236571473474444,0.5394753221280175,4.743199690776207,11.95378034214157,15.324340409164696,23.795860986372393,2.292442775955887,FEASIBLE
G0269,50,2,2,0.5,NEAR,-1,1.0375765728116733,-1.7098055022581924,48.99226819324487,True,57.30184406805482,3283.5013335995877,17.49854800976735,0.4363323129985822,0.6859304776177809,20000,0.00215,0.00215,0.0,0.0013,0.0,0.0252,0.1185,0.2337,0.1140938620607609,0.12305266145004691,1.3041879658703737,1.4196279497347737,11.176584817546455,40.54244785457884,68.33407764108121,197.34445619668224,0.22353169635092912,0.8108489570915768,1.366681552821624,3.9468891239336448,0.2932496798892589,0.9020062308249772,1.3936939592665858,3.932293356739691,11.182780348462984,40.550691342021494,68.34026211175093,197.34814703172563,2.292442775955887,FEASIBLE
G0270,50,2,2,0.5,NEAR,1,1.0375765728116733,1.7098055022581924,48.99226819324487,True,57.30184406805481,3283.5013335995877,17.49854800976735,0.4363323129985822,0.6859304776177809,20000,0.00215,0.00215,0.0,0.0013,0.0,0.0252,0.1185,0.2337,0.1140938620607609,0.12305266145004691,1.3041879658703737,1.4196279497347737,11.176584817546455,40.54244785457884,68.33407764108121,197.34445619668224,0.22353169635092912,0.8108489570915768,1.366681552821624,3.9468891239336448,0.2932496798892589,0.9020062308249772,1.3936939592665858,3.932293356739691,11.182780348462984,40.550691342021494,68.34026211175093,197.34814703172563,2.292442775955887,FEASIBLE
G0271,50,2,2,0.5,FAR,-1,-0.9157790858028818,-1.7780181849480723,50.9468145086647,True,57.300048489135165,3283.2955568572247,17.844119901984953,0.4363323129985824,0.6994766468740982,20000,0.00215,0.00215,0.0,0.0013,0.0,0.0237,0.11605,0.2286,0.11168470583185507,0.12056275865562767,1.3291894706831144,1.4550302583994286,11.411980374734846,41.17518606004438,69.48896500713572,201.0981534520631,0.2282396074946969,0.8235037212008877,1.3897793001427143,4.021963069041262,0.29282528746468894,0.9041801574593838,1.4046222504834243,3.9762305253273116,11.417668424837224,41.17957148749252,69.49553930759224,201.09816769704057,2.292442775955887,FEASIBLE
G0272,50,2,2,0.5,FAR,1,-0.9157790858028818,1.7780181849480723,50.9468145086647,True,57.30004848913516,3283.2955568572247,17.844119901984953,0.4363323129985824,0.6994766468740982,20000,0.00215,0.00215,0.0,0.0013,0.0,0.0237,0.11605,0.2286,0.11168470583185507,0.12056275865562767,1.3291894706831144,1.4550302583994286,11.411980374734846,41.17518606004438,69.48896500713572,201.0981534520631,0.2282396074946969,0.8235037212008877,1.3897793001427143,4.021963069041262,0.29282528746468894,0.9041801574593838,1.4046222504834243,3.9762305253273116,11.417668424837224,41.17957148749252,69.49553930759224,201.09816769704057,2.292442775955887,FEASIBLE
G0273,50,2,5,0.05,NEAR,-1,,,,,,,,,,,,,,,,,,,,,,,,,,,,,,,,,,,,,,,2.292442775955887,INFEASIBLE_TRIANGLE
G0274,50,2,5,0.05,NEAR,1,,,,,,,,,,,,,,,,,,,,,,,,,,,,,,,,,,,,,,,2.292442775955887,INFEASIBLE_TRIANGLE
G0275,50,2,5,0.05,FAR,-1,,,,,,,,,,,,,,,,,,,,,,,,,,,,,,,,,,,,,,,2.292442775955887,INFEASIBLE_TRIANGLE
G0276,50,2,5,0.05,FAR,1,,,,,,,,,,,,,,,,,,,,,,,,,,,,,,,,,,,,,,,2.292442775955887,INFEASIBLE_TRIANGLE
G0277,50,2,5,0.1,NEAR,-1,,,,,,,,,,,,,,,,,,,,,,,,,,,,,,,,,,,,,,,2.292442775955887,INFEASIBLE_TRIANGLE
G0278,50,2,5,0.1,NEAR,1,,,,,,,,,,,,,,,,,,,,,,,,,,,,,,,,,,,,,,,2.292442775955887,INFEASIBLE_TRIANGLE
G0279,50,2,5,0.1,FAR,-1,,,,,,,,,,,,,,,,,,,,,,,,,,,,,,,,,,,,,,,2.292442775955887,INFEASIBLE_TRIANGLE
G0280,50,2,5,0.1,FAR,1,,,,,,,,,,,,,,,,,,,,,,,,,,,,,,,,,,,,,,,2.292442775955887,INFEASIBLE_TRIANGLE
G0281,50,2,5,0.2,NEAR,-1,,,,,,,,,,,,,,,,,,,,,,,,,,,,,,,,,,,,,,,2.292442775955887,INFEASIBLE_TRIANGLE
G0282,50,2,5,0.2,NEAR,1,,,,,,,,,,,,,,,,,,,,,,,,,,,,,,,,,,,,,,,2.292442775955887,INFEASIBLE_TRIANGLE
G0283,50,2,5,0.2,FAR,-1,,,,,,,,,,,,,,,,,,,,,,,,,,,,,,,,,,,,,,,2.292442775955887,INFEASIBLE_TRIANGLE
G0284,50,2,5,0.2,FAR,1,,,,,,,,,,,,,,,,,,,,,,,,,,,,,,,,,,,,,,,2.292442775955887,INFEASIBLE_TRIANGLE
G0285,50,2,5,0.5,NEAR,-1,,,,,,,,,,,,,,,,,,,,,,,,,,,,,,,,,,,,,,,2.292442775955887,INFEASIBLE_TRIANGLE
G0286,50,2,5,0.5,NEAR,1,,,,,,,,,,,,,,,,,,,,,,,,,,,,,,,,,,,,,,,2.292442775955887,INFEASIBLE_TRIANGLE
G0287,50,2,5,0.5,FAR,-1,,,,,,,,,,,,,,,,,,,,,,,,,,,,,,,,,,,,,,,2.292442775955887,INFEASIBLE_TRIANGLE
G0288,50,2,5,0.5,FAR,1,,,,,,,,,,,,,,,,,,,,,,,,,,,,,,,,,,,,,,,2.292442775955887,INFEASIBLE_TRIANGLE
G0289,50,2,10,0.05,NEAR,-1,,,,,,,,,,,,,,,,,,,,,,,,,,,,,,,,,,,,,,,2.292442775955887,INFEASIBLE_TRIANGLE
G0290,50,2,10,0.05,NEAR,1,,,,,,,,,,,,,,,,,,,,,,,,,,,,,,,,,,,,,,,2.292442775955887,INFEASIBLE_TRIANGLE
G0291,50,2,10,0.05,FAR,-1,,,,,,,,,,,,,,,,,,,,,,,,,,,,,,,,,,,,,,,2.292442775955887,INFEASIBLE_TRIANGLE
G0292,50,2,10,0.05,FAR,1,,,,,,,,,,,,,,,,,,,,,,,,,,,,,,,,,,,,,,,2.292442775955887,INFEASIBLE_TRIANGLE
G0293,50,2,10,0.1,NEAR,-1,,,,,,,,,,,,,,,,,,,,,,,,,,,,,,,,,,,,,,,2.292442775955887,INFEASIBLE_TRIANGLE
G0294,50,2,10,0.1,NEAR,1,,,,,,,,,,,,,,,,,,,,,,,,,,,,,,,,,,,,,,,2.292442775955887,INFEASIBLE_TRIANGLE
G0295,50,2,10,0.1,FAR,-1,,,,,,,,,,,,,,,,,,,,,,,,,,,,,,,,,,,,,,,2.292442775955887,INFEASIBLE_TRIANGLE
G0296,50,2,10,0.1,FAR,1,,,,,,,,,,,,,,,,,,,,,,,,,,,,,,,,,,,,,,,2.292442775955887,INFEASIBLE_TRIANGLE
G0297,50,2,10,0.2,NEAR,-1,,,,,,,,,,,,,,,,,,,,,,,,,,,,,,,,,,,,,,,2.292442775955887,INFEASIBLE_TRIANGLE
G0298,50,2,10,0.2,NEAR,1,,,,,,,,,,,,,,,,,,,,,,,,,,,,,,,,,,,,,,,2.292442775955887,INFEASIBLE_TRIANGLE
G0299,50,2,10,0.2,FAR,-1,,,,,,,,,,,,,,,,,,,,,,,,,,,,,,,,,,,,,,,2.292442775955887,INFEASIBLE_TRIANGLE
G0300,50,2,10,0.2,FAR,1,,,,,,,,,,,,,,,,,,,,,,,,,,,,,,,,,,,,,,,2.292442775955887,INFEASIBLE_TRIANGLE
G0301,50,2,10,0.5,NEAR,-1,,,,,,,,,,,,,,,,,,,,,,,,,,,,,,,,,,,,,,,2.292442775955887,INFEASIBLE_TRIANGLE
G0302,50,2,10,0.5,NEAR,1,,,,,,,,,,,,,,,,,,,,,,,,,,,,,,,,,,,,,,,2.292442775955887,INFEASIBLE_TRIANGLE
G0303,50,2,10,0.5,FAR,-1,,,,,,,,,,,,,,,,,,,,,,,,,,,,,,,,,,,,,,,2.292442775955887,INFEASIBLE_TRIANGLE
G0304,50,2,10,0.5,FAR,1,,,,,,,,,,,,,,,,,,,,,,,,,,,,,,,,,,,,,,,2.292442775955887,INFEASIBLE_TRIANGLE
G0305,50,2,20,0.05,NEAR,-1,,,,,,,,,,,,,,,,,,,,,,,,,,,,,,,,,,,,,,,2.292442775955887,INFEASIBLE_TRIANGLE
G0306,50,2,20,0.05,NEAR,1,,,,,,,,,,,,,,,,,,,,,,,,,,,,,,,,,,,,,,,2.292442775955887,INFEASIBLE_TRIANGLE
G0307,50,2,20,0.05,FAR,-1,,,,,,,,,,,,,,,,,,,,,,,,,,,,,,,,,,,,,,,2.292442775955887,INFEASIBLE_TRIANGLE
G0308,50,2,20,0.05,FAR,1,,,,,,,,,,,,,,,,,,,,,,,,,,,,,,,,,,,,,,,2.292442775955887,INFEASIBLE_TRIANGLE
G0309,50,2,20,0.1,NEAR,-1,,,,,,,,,,,,,,,,,,,,,,,,,,,,,,,,,,,,,,,2.292442775955887,INFEASIBLE_TRIANGLE
G0310,50,2,20,0.1,NEAR,1,,,,,,,,,,,,,,,,,,,,,,,,,,,,,,,,,,,,,,,2.292442775955887,INFEASIBLE_TRIANGLE
G0311,50,2,20,0.1,FAR,-1,,,,,,,,,,,,,,,,,,,,,,,,,,,,,,,,,,,,,,,2.292442775955887,INFEASIBLE_TRIANGLE
G0312,50,2,20,0.1,FAR,1,,,,,,,,,,,,,,,,,,,,,,,,,,,,,,,,,,,,,,,2.292442775955887,INFEASIBLE_TRIANGLE
G0313,50,2,20,0.2,NEAR,-1,,,,,,,,,,,,,,,,,,,,,,,,,,,,,,,,,,,,,,,2.292442775955887,INFEASIBLE_TRIANGLE
G0314,50,2,20,0.2,NEAR,1,,,,,,,,,,,,,,,,,,,,,,,,,,,,,,,,,,,,,,,2.292442775955887,INFEASIBLE_TRIANGLE
G0315,50,2,20,0.2,FAR,-1,,,,,,,,,,,,,,,,,,,,,,,,,,,,,,,,,,,,,,,2.292442775955887,INFEASIBLE_TRIANGLE
G0316,50,2,20,0.2,FAR,1,,,,,,,,,,,,,,,,,,,,,,,,,,,,,,,,,,,,,,,2.292442775955887,INFEASIBLE_TRIANGLE
G0317,50,2,20,0.5,NEAR,-1,,,,,,,,,,,,,,,,,,,,,,,,,,,,,,,,,,,,,,,2.292442775955887,INFEASIBLE_TRIANGLE
G0318,50,2,20,0.5,NEAR,1,,,,,,,,,,,,,,,,,,,,,,,,,,,,,,,,,,,,,,,2.292442775955887,INFEASIBLE_TRIANGLE
G0319,50,2,20,0.5,FAR,-1,,,,,,,,,,,,,,,,,,,,,,,,,,,,,,,,,,,,,,,2.292442775955887,INFEASIBLE_TRIANGLE
G0320,50,2,20,0.5,FAR,1,,,,,,,,,,,,,,,,,,,,,,,,,,,,,,,,,,,,,,,2.292442775955887,INFEASIBLE_TRIANGLE
G0321,50,2,30,0.05,NEAR,-1,,,,,,,,,,,,,,,,,,,,,,,,,,,,,,,,,,,,,,,2.292442775955887,INFEASIBLE_TRIANGLE
G0322,50,2,30,0.05,NEAR,1,,,,,,,,,,,,,,,,,,,,,,,,,,,,,,,,,,,,,,,2.292442775955887,INFEASIBLE_TRIANGLE
G0323,50,2,30,0.05,FAR,-1,,,,,,,,,,,,,,,,,,,,,,,,,,,,,,,,,,,,,,,2.292442775955887,INFEASIBLE_TRIANGLE
G0324,50,2,30,0.05,FAR,1,,,,,,,,,,,,,,,,,,,,,,,,,,,,,,,,,,,,,,,2.292442775955887,INFEASIBLE_TRIANGLE
G0325,50,2,30,0.1,NEAR,-1,,,,,,,,,,,,,,,,,,,,,,,,,,,,,,,,,,,,,,,2.292442775955887,INFEASIBLE_TRIANGLE
G0326,50,2,30,0.1,NEAR,1,,,,,,,,,,,,,,,,,,,,,,,,,,,,,,,,,,,,,,,2.292442775955887,INFEASIBLE_TRIANGLE
G0327,50,2,30,0.1,FAR,-1,,,,,,,,,,,,,,,,,,,,,,,,,,,,,,,,,,,,,,,2.292442775955887,INFEASIBLE_TRIANGLE
G0328,50,2,30,0.1,FAR,1,,,,,,,,,,,,,,,,,,,,,,,,,,,,,,,,,,,,,,,2.292442775955887,INFEASIBLE_TRIANGLE
G0329,50,2,30,0.2,NEAR,-1,,,,,,,,,,,,,,,,,,,,,,,,,,,,,,,,,,,,,,,2.292442775955887,INFEASIBLE_TRIANGLE
G0330,50,2,30,0.2,NEAR,1,,,,,,,,,,,,,,,,,,,,,,,,,,,,,,,,,,,,,,,2.292442775955887,INFEASIBLE_TRIANGLE
G0331,50,2,30,0.2,FAR,-1,,,,,,,,,,,,,,,,,,,,,,,,,,,,,,,,,,,,,,,2.292442775955887,INFEASIBLE_TRIANGLE
G0332,50,2,30,0.2,FAR,1,,,,,,,,,,,,,,,,,,,,,,,,,,,,,,,,,,,,,,,2.292442775955887,INFEASIBLE_TRIANGLE
G0333,50,2,30,0.5,NEAR,-1,,,,,,,,,,,,,,,,,,,,,,,,,,,,,,,,,,,,,,,2.292442775955887,INFEASIBLE_TRIANGLE
G0334,50,2,30,0.5,NEAR,1,,,,,,,,,,,,,,,,,,,,,,,,,,,,,,,,,,,,,,,2.292442775955887,INFEASIBLE_TRIANGLE
G0335,50,2,30,0.5,FAR,-1,,,,,,,,,,,,,,,,,,,,,,,,,,,,,,,,,,,,,,,2.292442775955887,INFEASIBLE_TRIANGLE
G0336,50,2,30,0.5,FAR,1,,,,,,,,,,,,,,,,,,,,,,,,,,,,,,,,,,,,,,,2.292442775955887,INFEASIBLE_TRIANGLE
G0337,50,2,45,0.05,NEAR,-1,,,,,,,,,,,,,,,,,,,,,,,,,,,,,,,,,,,,,,,2.292442775955887,INFEASIBLE_TRIANGLE
G0338,50,2,45,0.05,NEAR,1,,,,,,,,,,,,,,,,,,,,,,,,,,,,,,,,,,,,,,,2.292442775955887,INFEASIBLE_TRIANGLE
G0339,50,2,45,0.05,FAR,-1,,,,,,,,,,,,,,,,,,,,,,,,,,,,,,,,,,,,,,,2.292442775955887,INFEASIBLE_TRIANGLE
G0340,50,2,45,0.05,FAR,1,,,,,,,,,,,,,,,,,,,,,,,,,,,,,,,,,,,,,,,2.292442775955887,INFEASIBLE_TRIANGLE
G0341,50,2,45,0.1,NEAR,-1,,,,,,,,,,,,,,,,,,,,,,,,,,,,,,,,,,,,,,,2.292442775955887,INFEASIBLE_TRIANGLE
G0342,50,2,45,0.1,NEAR,1,,,,,,,,,,,,,,,,,,,,,,,,,,,,,,,,,,,,,,,2.292442775955887,INFEASIBLE_TRIANGLE
G0343,50,2,45,0.1,FAR,-1,,,,,,,,,,,,,,,,,,,,,,,,,,,,,,,,,,,,,,,2.292442775955887,INFEASIBLE_TRIANGLE
G0344,50,2,45,0.1,FAR,1,,,,,,,,,,,,,,,,,,,,,,,,,,,,,,,,,,,,,,,2.292442775955887,INFEASIBLE_TRIANGLE
G0345,50,2,45,0.2,NEAR,-1,,,,,,,,,,,,,,,,,,,,,,,,,,,,,,,,,,,,,,,2.292442775955887,INFEASIBLE_TRIANGLE
G0346,50,2,45,0.2,NEAR,1,,,,,,,,,,,,,,,,,,,,,,,,,,,,,,,,,,,,,,,2.292442775955887,INFEASIBLE_TRIANGLE
G0347,50,2,45,0.2,FAR,-1,,,,,,,,,,,,,,,,,,,,,,,,,,,,,,,,,,,,,,,2.292442775955887,INFEASIBLE_TRIANGLE
G0348,50,2,45,0.2,FAR,1,,,,,,,,,,,,,,,,,,,,,,,,,,,,,,,,,,,,,,,2.292442775955887,INFEASIBLE_TRIANGLE
G0349,50,2,45,0.5,NEAR,-1,,,,,,,,,,,,,,,,,,,,,,,,,,,,,,,,,,,,,,,2.292442775955887,INFEASIBLE_TRIANGLE
G0350,50,2,45,0.5,NEAR,1,,,,,,,,,,,,,,,,,,,,,,,,,,,,,,,,,,,,,,,2.292442775955887,INFEASIBLE_TRIANGLE
G0351,50,2,45,0.5,FAR,-1,,,,,,,,,,,,,,,,,,,,,,,,,,,,,,,,,,,,,,,2.292442775955887,INFEASIBLE_TRIANGLE
G0352,50,2,45,0.5,FAR,1,,,,,,,,,,,,,,,,,,,,,,,,,,,,,,,,,,,,,,,2.292442775955887,INFEASIBLE_TRIANGLE
G0353,50,2,60,0.05,NEAR,-1,,,,,,,,,,,,,,,,,,,,,,,,,,,,,,,,,,,,,,,2.292442775955887,INFEASIBLE_TRIANGLE
G0354,50,2,60,0.05,NEAR,1,,,,,,,,,,,,,,,,,,,,,,,,,,,,,,,,,,,,,,,2.292442775955887,INFEASIBLE_TRIANGLE
G0355,50,2,60,0.05,FAR,-1,,,,,,,,,,,,,,,,,,,,,,,,,,,,,,,,,,,,,,,2.292442775955887,INFEASIBLE_TRIANGLE
G0356,50,2,60,0.05,FAR,1,,,,,,,,,,,,,,,,,,,,,,,,,,,,,,,,,,,,,,,2.292442775955887,INFEASIBLE_TRIANGLE
G0357,50,2,60,0.1,NEAR,-1,,,,,,,,,,,,,,,,,,,,,,,,,,,,,,,,,,,,,,,2.292442775955887,INFEASIBLE_TRIANGLE
G0358,50,2,60,0.1,NEAR,1,,,,,,,,,,,,,,,,,,,,,,,,,,,,,,,,,,,,,,,2.292442775955887,INFEASIBLE_TRIANGLE
G0359,50,2,60,0.1,FAR,-1,,,,,,,,,,,,,,,,,,,,,,,,,,,,,,,,,,,,,,,2.292442775955887,INFEASIBLE_TRIANGLE
G0360,50,2,60,0.1,FAR,1,,,,,,,,,,,,,,,,,,,,,,,,,,,,,,,,,,,,,,,2.292442775955887,INFEASIBLE_TRIANGLE
G0361,50,2,60,0.2,NEAR,-1,,,,,,,,,,,,,,,,,,,,,,,,,,,,,,,,,,,,,,,2.292442775955887,INFEASIBLE_TRIANGLE
G0362,50,2,60,0.2,NEAR,1,,,,,,,,,,,,,,,,,,,,,,,,,,,,,,,,,,,,,,,2.292442775955887,INFEASIBLE_TRIANGLE
G0363,50,2,60,0.2,FAR,-1,,,,,,,,,,,,,,,,,,,,,,,,,,,,,,,,,,,,,,,2.292442775955887,INFEASIBLE_TRIANGLE
G0364,50,2,60,0.2,FAR,1,,,,,,,,,,,,,,,,,,,,,,,,,,,,,,,,,,,,,,,2.292442775955887,INFEASIBLE_TRIANGLE
G0365,50,2,60,0.5,NEAR,-1,,,,,,,,,,,,,,,,,,,,,,,,,,,,,,,,,,,,,,,2.292442775955887,INFEASIBLE_TRIANGLE
G0366,50,2,60,0.5,NEAR,1,,,,,,,,,,,,,,,,,,,,,,,,,,,,,,,,,,,,,,,2.292442775955887,INFEASIBLE_TRIANGLE
G0367,50,2,60,0.5,FAR,-1,,,,,,,,,,,,,,,,,,,,,,,,,,,,,,,,,,,,,,,2.292442775955887,INFEASIBLE_TRIANGLE
G0368,50,2,60,0.5,FAR,1,,,,,,,,,,,,,,,,,,,,,,,,,,,,,,,,,,,,,,,2.292442775955887,INFEASIBLE_TRIANGLE
G0369,50,2,90,0.05,NEAR,-1,,,,,,,,,,,,,,,,,,,,,,,,,,,,,,,,,,,,,,,2.292442775955887,INFEASIBLE_TRIANGLE
G0370,50,2,90,0.05,NEAR,1,,,,,,,,,,,,,,,,,,,,,,,,,,,,,,,,,,,,,,,2.292442775955887,INFEASIBLE_TRIANGLE
G0371,50,2,90,0.05,FAR,-1,,,,,,,,,,,,,,,,,,,,,,,,,,,,,,,,,,,,,,,2.292442775955887,INFEASIBLE_TRIANGLE
G0372,50,2,90,0.05,FAR,1,,,,,,,,,,,,,,,,,,,,,,,,,,,,,,,,,,,,,,,2.292442775955887,INFEASIBLE_TRIANGLE
G0373,50,2,90,0.1,NEAR,-1,,,,,,,,,,,,,,,,,,,,,,,,,,,,,,,,,,,,,,,2.292442775955887,INFEASIBLE_TRIANGLE
G0374,50,2,90,0.1,NEAR,1,,,,,,,,,,,,,,,,,,,,,,,,,,,,,,,,,,,,,,,2.292442775955887,INFEASIBLE_TRIANGLE
G0375,50,2,90,0.1,FAR,-1,,,,,,,,,,,,,,,,,,,,,,,,,,,,,,,,,,,,,,,2.292442775955887,INFEASIBLE_TRIANGLE
G0376,50,2,90,0.1,FAR,1,,,,,,,,,,,,,,,,,,,,,,,,,,,,,,,,,,,,,,,2.292442775955887,INFEASIBLE_TRIANGLE
G0377,50,2,90,0.2,NEAR,-1,,,,,,,,,,,,,,,,,,,,,,,,,,,,,,,,,,,,,,,2.292442775955887,INFEASIBLE_TRIANGLE
G0378,50,2,90,0.2,NEAR,1,,,,,,,,,,,,,,,,,,,,,,,,,,,,,,,,,,,,,,,2.292442775955887,INFEASIBLE_TRIANGLE
G0379,50,2,90,0.2,FAR,-1,,,,,,,,,,,,,,,,,,,,,,,,,,,,,,,,,,,,,,,2.292442775955887,INFEASIBLE_TRIANGLE
G0380,50,2,90,0.2,FAR,1,,,,,,,,,,,,,,,,,,,,,,,,,,,,,,,,,,,,,,,2.292442775955887,INFEASIBLE_TRIANGLE
G0381,50,2,90,0.5,NEAR,-1,,,,,,,,,,,,,,,,,,,,,,,,,,,,,,,,,,,,,,,2.292442775955887,INFEASIBLE_TRIANGLE
G0382,50,2,90,0.5,NEAR,1,,,,,,,,,,,,,,,,,,,,,,,,,,,,,,,,,,,,,,,2.292442775955887,INFEASIBLE_TRIANGLE
G0383,50,2,90,0.5,FAR,-1,,,,,,,,,,,,,,,,,,,,,,,,,,,,,,,,,,,,,,,2.292442775955887,INFEASIBLE_TRIANGLE
G0384,50,2,90,0.5,FAR,1,,,,,,,,,,,,,,,,,,,,,,,,,,,,,,,,,,,,,,,2.292442775955887,INFEASIBLE_TRIANGLE
G0385,50,5,2,0.05,NEAR,-1,4.743667380751866,-1.5803859594386276,45.283918358781776,True,57.57151527682075,3314.479371269136,1.6862376403876822,0.04363323129985824,0.0660993008907132,20000,0.0,0.0,0.0,0.0,0.0,0.23995,0.86545,0.996,0.8606504639244829,0.8701091769221104,0.06521664173773757,0.06678053172959891,1.1264757053996703,2.7592418373542245,3.304560073916925,4.329112827508652,0.022529514107993406,0.05518483674708449,0.0660912014783385,0.08658225655017304,0.029495601869061947,0.07150914949850326,0.08534288849588015,0.11250239813785451,1.1272088510977993,2.7601412302404427,3.3049666216704456,4.3299422931199,5.739170477266787,FEASIBLE
G0386,50,5,2,0.05,NEAR,1,4.743667380751866,1.5803859594386276,45.283918358781776,True,57.57151527682074,3314.479371269136,1.6862376403876822,0.04363323129985824,0.0660993008907132,20000,0.0,0.0,0.0,0.0,0.0,0.23995,0.86545,0.996,0.8606504639244829,0.8701091769221104,0.06521664173773757,0.06678053172959891,1.1264757053996703,2.7592418373542245,3.304560073916925,4.329112827508652,0.022529514107993406,0.05518483674708449,0.0660912014783385,0.08658225655017304,0.029495601869061947,0.07150914949850326,0.08534288849588015,0.11250239813785451,1.1272088510977993,2.7601412302404427,3.3049666216704456,4.3299422931199,5.739170477266787,FEASIBLE
G0387,50,5,2,0.05,FAR,-1,-4.6218698937430815,-1.907437727767637,54.655164343127794,True,57.51725223343962,3308.234304485068,1.85175086326796,0.04363323129985824,0.07258730000692311,20000,0.0,0.0,0.0,0.0,0.0,0.2203,0.82755,0.99275,0.822251679436588,0.8327225177430579,0.07118340751504121,0.07318744084550928,1.2356366070027534,3.036578283918651,3.611460751466204,4.7707531098801255,0.024712732140055066,0.06073156567837302,0.07222921502932408,0.09541506219760251,0.029506993511905243,0.07149839283537097,0.08536392646797615,0.11265499259449809,1.2361093330995467,3.037142666820994,3.611670825778059,4.771782137158765,5.739170477266787,FEASIBLE
G0388,50,5,2,0.05,FAR,1,-4.6218698937430815,1.907437727767637,54.655164343127794,True,57.51725223343963,3308.234304485068,1.85175086326796,0.04363323129985824,0.07258730000692311,20000,0.0,0.0,0.0,0.0,0.0,0.2203,0.82755,0.99275,0.822251679436588,0.8327225177430579,0.07118340751504121,0.07318744084550928,1.2356366070027534,3.036578283918651,3.611460751466204,4.7707531098801255,0.024712732140055066,0.06073156567837302,0.07222921502932408,0.09541506219760251,0.029506993511905243,0.07149839283537097,0.08536392646797615,0.11265499259449809,1.2361093330995467,3.037142666820994,3.611670825778059,4.771782137158765,5.739170477266787,FEASIBLE
G0389,50,5,2,0.1,NEAR,-1,4.743667380751866,-1.5803859594386276,45.283918358781776,True,57.57151527682075,3314.479371269136,3.3724752807753644,0.08726646259971647,0.1321986017814264,20000,0.0,0.0,0.0,0.0,0.0,0.12215,0.5463,0.8641,0.5393920198554163,0.5531901976057885,0.1319906637578133,0.13601956834381185,2.250143452552841,5.533686920470153,6.706345094070009,9.135529545022166,0.04500286905105682,0.11067373840940306,0.1341269018814002,0.1827105909004433,0.05894342665945263,0.14377165434773637,0.1718033856153691,0.23222660469095843,2.2507748457291736,5.535653749801788,6.708133816854112,9.1355372412371,5.739170477266787,FEASIBLE
G0390,50,5,2,0.1,NEAR,1,4.743667380751866,1.5803859594386276,45.283918358781776,True,57.57151527682074,3314.479371269136,3.3724752807753644,0.08726646259971647,0.1321986017814264,20000,0.0,0.0,0.0,0.0,0.0,0.12215,0.5463,0.8641,0.5393920198554163,0.5531901976057885,0.1319906637578133,0.13601956834381185,2.250143452552841,5.533686920470153,6.706345094070009,9.135529545022166,0.04500286905105682,0.11067373840940306,0.1341269018814002,0.1827105909004433,0.05894342665945263,0.14377165434773637,0.1718033856153691,0.23222660469095843,2.2507748457291736,5.535653749801788,6.708133816854112,9.1355372412371,5.739170477266787,FEASIBLE
G0391,50,5,2,0.1,FAR,-1,-4.6218698937430815,-1.907437727767637,54.655164343127794,True,57.51725223343962,3308.234304485068,3.70350172653592,0.08726646259971647,0.14517460001384622,20000,0.0,0.0,0.0,0.0,0.0,0.1102,0.50515,0.82785,0.49822052476348033,0.5120774972651418,0.14474884415801767,0.14862211242352685,2.4672921943573343,6.091372271305993,7.323006782455735,10.092608130929342,0.04934584388714668,0.12182744542611985,0.1464601356491147,0.20185216261858685,0.05890807946258465,0.14371945082875373,0.17232156476180185,0.2328607608913242,2.4690802435117467,6.092557461916866,7.324696473490723,10.093691558167444,5.739170477266787,FEASIBLE
G0392,50,5,2,0.1,FAR,1,-4.6218698937430815,1.907437727767637,54.655164343127794,True,57.51725223343963,3308.234304485068,3.70350172653592,0.08726646259971647,0.14517460001384622,20000,0.0,0.0,0.0,0.0,0.0,0.1102,0.50515,0.82785,0.49822052476348033,0.5120774972651418,0.14474884415801767,0.14862211242352685,2.4672921943573343,6.091372271305993,7.323006782455735,10.092608130929342,0.04934584388714668,0.12182744542611985,0.1464601356491147,0.20185216261858685,0.05890807946258465,0.14371945082875373,0.17232156476180185,0.2328607608913242,2.4690802435117467,6.092557461916866,7.324696473490723,10.093691558167444,5.739170477266787,FEASIBLE
G0393,50,5,2,0.2,NEAR,-1,4.743667380751866,-1.5803859594386276,45.283918358781776,True,57.57151527682075,3314.479371269136,6.744950561550729,0.17453292519943295,0.2643972035628528,20000,0.0,0.0,0.0,0.0,0.0,0.0631,0.29655,0.5481,0.29025963036394575,0.30291850910728324,0.28350521513875404,0.29481634625218617,4.487200175220629,11.294629524499705,14.45651079211018,22.45849397906592,0.08974400350441257,0.2258925904899941,0.2891302158422036,0.44916987958131843,0.11789688237756273,0.29213350731446935,0.36037942498034836,0.5365174834197761,4.491054229788934,11.297076453326676,14.458698151599073,22.461736883314945,5.739170477266787,FEASIBLE
G0394,50,5,2,0.2,NEAR,1,4.743667380751866,1.5803859594386276,45.283918358781776,True,57.57151527682074,3314.479371269136,6.744950561550729,0.17453292519943295,0.2643972035628528,20000,0.0,0.0,0.0,0.0,0.0,0.0631,0.29655,0.5481,0.29025963036394575,0.30291850910728324,0.28350521513875404,0.29481634625218617,4.487200175220629,11.294629524499705,14.45651079211018,22.45849397906592,0.08974400350441257,0.2258925904899941,0.2891302158422036,0.44916987958131843,0.11789688237756273,0.29213350731446935,0.36037942498034836,0.5365174834197761,4.491054229788934,11.297076453326676,14.458698151599073,22.461736883314945,5.739170477266787,FEASIBLE
G0395,50,5,2,0.2,FAR,-1,-4.6218698937430815,-1.907437727767637,54.655164343127794,True,57.51725223343962,3308.234304485068,7.40700345307184,0.17453292519943295,0.29034920002769243,20000,0.0,0.0,0.0,0.0,0.0,0.0563,0.2714,0.50735,0.26528147064780816,0.2776063282370428,0.3107640338207051,0.32473983567517933,4.90466649706471,12.39014613331927,15.882317207163801,24.792500013411598,0.0980933299412942,0.2478029226663854,0.317646344143276,0.49585000026823195,0.11788971019931141,0.2929304258338556,0.36315875019477534,0.5424919242933173,4.906840389340387,12.394899998374642,15.882945318764033,24.79488136102965,5.739170477266787,FEASIBLE
G0396,50,5,2,0.2,FAR,1,-4.6218698937430815,1.907437727767637,54.655164343127794,True,57.51725223343963,3308.234304485068,7.40700345307184,0.17453292519943295,0.29034920002769243,20000,0.0,0.0,0.0,0.0,0.0,0.0563,0.2714,0.50735,0.26528147064780816,0.2776063282370428,0.3107640338207051,0.32473983567517933,4.90466649706471,12.39014613331927,15.882317207163801,24.792500013411598,0.0980933299412942,0.2478029226663854,0.317646344143276,0.49585000026823195,0.11788971019931141,0.2929304258338556,0.36315875019477534,0.5424919242933173,4.906840389340387,12.394899998374642,15.882945318764033,24.79488136102965,5.739170477266787,FEASIBLE
G0397,50,5,2,0.5,NEAR,-1,4.743667380751866,-1.5803859594386276,45.283918358781776,True,57.57151527682075,3314.479371269189,16.862376403876823,0.4363323129985824,0.6609930089071321,20000,0.00215,0.00215,0.0,0.0013,0.0,0.0258,0.1219,0.24275,0.11743819747276833,0.12650702019285798,1.2594054447881893,1.3705922997642381,10.786274248726663,39.07061456553518,65.66068276103648,191.43727726337204,0.21572548497453325,0.7814122913107036,1.3132136552207296,3.8287455452674406,0.2935638592547077,0.8930361146478839,1.3796071174049067,3.9013478992935897,10.792849078577596,39.07714694242033,65.67720694250359,191.45628057820426,5.739170477266787,FEASIBLE
G0398,50,5,2,0.5,NEAR,1,4.743667380751866,1.5803859594386276,45.283918358781776,True,57.57151527682074,3314.479371269189,16.862376403876823,0.4363323129985824,0.6609930089071321,20000,0.00215,0.00215,0.0,0.0013,0.0,0.0258,0.1219,0.24275,0.11743819747276833,0.12650702019285798,1.2594054447881893,1.3705922997642381,10.786274248726663,39.07061456553518,65.66068276103648,191.43727726337204,0.21572548497453325,0.7814122913107036,1.3132136552207296,3.8287455452674406,0.2935638592547077,0.8930361146478839,1.3796071174049067,3.9013478992935897,10.792849078577596,39.07714694242033,65.67720694250359,191.45628057820426,5.739170477266787,FEASIBLE
G0399,50,5,2,0.5,FAR,-1,-4.6218698937430815,-1.907437727767637,54.655164343127794,True,57.51725223343962,3308.2343044851004,18.517508632679597,0.43633231299858233,0.7258730000692311,20000,0.00215,0.00215,0.0,0.0013,0.0,0.02325,0.1102,0.22085,0.10593482302748936,0.11461488828184982,1.3781629183410538,1.507130275154686,11.862521390179786,42.865432255657325,71.94833800798447,210.05765440569184,0.23725042780359573,0.8573086451131465,1.4389667601596896,4.201153088113837,0.29179940542592075,0.9104322557357084,1.4235608416896057,4.013317587503412,11.869133980232862,42.87205276123932,71.9535351601707,210.06986907972893,5.739170477266787,FEASIBLE
G0400,50,5,2,0.5,FAR,1,-4.6218698937430815,1.907437727767637,54.655164343127794,True,57.51725223343963,3308.2343044851004,18.517508632679597,0.43633231299858233,0.7258730000692311,20000,0.00215,0.00215,0.0,0.0013,0.0,0.02325,0.1102,0.22085,0.10593482302748936,0.11461488828184982,1.3781629183410538,1.507130275154686,11.862521390179786,42.865432255657325,71.94833800798447,210.05765440569184,0.23725042780359573,0.8573086451131465,1.4389667601596896,4.201153088113837,0.29179940542592075,0.9104322557357084,1.4235608416896057,4.013317587503412,11.869133980232862,42.87205276123932,71.9535351601707,210.06986907972893,5.739170477266787,FEASIBLE
G0401,50,5,5,0.05,NEAR,-1,2.821944767864508,-4.12754500001176,47.35826773873332,True,22.937645535007654,526.135582689662,0.6881732924002939,0.04363323129985824,0.026975897364538554,20000,0.0,0.0,0.0,0.0,0.0,0.53605,0.99965,1.0,0.9992776515467302,0.9998304468224045,0.02639213750836177,0.027158798681770263,0.4596261804188017,1.1250522613422973,1.3383595793125025,1.7331294151357213,0.009192523608376035,0.022501045226845946,0.02676719158625005,0.034662588302714424,0.029506789036528057,0.07113561619117309,0.08538880229730646,0.11129342618309154,0.46090837465325113,1.1269182914155633,1.3401602236984662,1.734403807006397,5.739170477266787,FEASIBLE
G0402,50,5,5,0.05,NEAR,1,2.821944767864508,4.12754500001176,47.35826773873332,True,22.937645535007654,526.135582689662,0.6881732924002939,0.04363323129985824,0.026975897364538554,20000,0.0,0.0,0.0,0.0,0.0,0.53605,0.99965,1.0,0.9992776515467302,0.9998304468224045,0.02639213750836177,0.027158798681770263,0.4596261804188017,1.1250522613422973,1.3383595793125025,1.7331294151357213,0.009192523608376035,0.022501045226845946,0.02676719158625005,0.034662588302714424,0.029506789036528057,0.07113561619117309,0.08538880229730646,0.11129342618309154,0.46090837465325113,1.1269182914155633,1.3401602236984662,1.734403807006397,5.739170477266787,FEASIBLE
G0403,50,5,5,0.05,FAR,-1,-2.0623324184749237,-4.5548638833347574,52.26120207044124,True,22.926259264231323,525.6133638507594,0.7228758037402504,0.04363323129985824,0.028336210812526706,20000,0.0,0.0,0.0,0.0,0.0,0.51585,0.99945,1.0,0.9990153237654903,0.9996928514180666,0.02768531659980738,0.02848164806812335,0.4818383793634595,1.1794484326470638,1.4050947870437867,1.816791592097438,0.00963676758726919,0.023588968652941276,0.028101895740875734,0.03633583184194876,0.02950720076530983,0.0711448163778414,0.08541712134662595,0.1112222043192433,0.48358080174714274,1.1812422199258428,1.4076637034644228,1.8178298581349785,5.739170477266787,FEASIBLE
G0404,50,5,5,0.05,FAR,1,-2.0623324184749237,4.5548638833347574,52.26120207044124,True,22.92625926423132,525.6133638507594,0.7228758037402504,0.04363323129985824,0.028336210812526706,20000,0.0,0.0,0.0,0.0,0.0,0.51585,0.99945,1.0,0.9990153237654903,0.9996928514180666,0.02768531659980738,0.02848164806812335,0.4818383793634595,1.1794484326470638,1.4050947870437867,1.816791592097438,0.00963676758726919,0.023588968652941276,0.028101895740875734,0.03633583184194876,0.02950720076530983,0.0711448163778414,0.08541712134662595,0.1112222043192433,0.48358080174714274,1.1812422199258428,1.4076637034644228,1.8178298581349785,5.739170477266787,FEASIBLE
G0405,50,5,5,0.1,NEAR,-1,2.821944767864508,-4.12754500001176,47.35826773873332,True,22.937645535007654,526.135582689662,1.3763465848005878,0.08726646259971647,0.05395179472907711,20000,0.0,0.0,0.0,0.0,0.0,0.29005,0.9318,0.9996,0.9282227220717103,0.9352114355902377,0.05309741370853018,0.054403524457255374,0.9185899529856344,2.251017484850699,2.6841382178376207,3.499505572348987,0.018371799059712687,0.04502034969701398,0.05368276435675241,0.06999011144697974,0.05898070585912854,0.1427880248242678,0.1706238131405513,0.2241908958253197,0.9219194827019961,2.2540576892939534,2.6879293173872725,3.5086428780669454,5.739170477266787,FEASIBLE
G0406,50,5,5,0.1,NEAR,1,2.821944767864508,4.12754500001176,47.35826773873332,True,22.937645535007654,526.135582689662,1.3763465848005878,0.08726646259971647,0.05395179472907711,20000,0.0,0.0,0.0,0.0,0.0,0.29005,0.9318,0.9996,0.9282227220717103,0.9352114355902377,0.05309741370853018,0.054403524457255374,0.9185899529856344,2.251017484850699,2.6841382178376207,3.499505572348987,0.018371799059712687,0.04502034969701398,0.05368276435675241,0.06999011144697974,0.05898070585912854,0.1427880248242678,0.1706238131405513,0.2241908958253197,0.9219194827019961,2.2540576892939534,2.6879293173872725,3.5086428780669454,5.739170477266787,FEASIBLE
G0407,50,5,5,0.1,FAR,-1,-2.0623324184749237,-4.5548638833347574,52.26120207044124,True,22.926259264231323,525.6133638507594,1.4457516074805008,0.08726646259971647,0.05667242162505341,20000,0.0,0.0,0.0,0.0,0.0,0.27715,0.9173,0.9993,0.9134022183409868,0.9210375083665884,0.05570140329228721,0.056962046958072964,0.9646002970231677,2.364686723561313,2.8196888225555696,3.7070506539161197,0.019292005940463354,0.047293734471226256,0.05639377645111139,0.0741410130783224,0.05899217316826975,0.14278082310243098,0.17040503679341132,0.22408316803947254,0.967487430662178,2.3675176473805744,2.822164212139939,3.7147171138972195,5.739170477266787,FEASIBLE
G0408,50,5,5,0.1,FAR,1,-2.0623324184749237,4.5548638833347574,52.26120207044124,True,22.92625926423132,525.6133638507594,1.4457516074805008,0.08726646259971647,0.05667242162505341,20000,0.0,0.0,0.0,0.0,0.0,0.27715,0.9173,0.9993,0.9134022183409868,0.9210375083665884,0.05570140329228721,0.056962046958072964,0.9646002970231677,2.364686723561313,2.8196888225555696,3.7070506539161197,0.019292005940463354,0.047293734471226256,0.05639377645111139,0.0741410130783224,0.05899217316826975,0.14278082310243098,0.17040503679341132,0.22408316803947254,0.967487430662178,2.3675176473805744,2.822164212139939,3.7147171138972195,5.739170477266787,FEASIBLE
G0409,50,5,5,0.2,NEAR,-1,2.821944767864508,-4.12754500001176,47.35826773873332,True,22.937645535007654,526.135582689662,2.7526931696011756,0.17453292519943295,0.10790358945815422,20000,0.0,0.0,0.0,0.0,0.0,0.1483,0.643,0.92975,0.6363330491926588,0.6496120284952954,0.10701095253748591,0.10952377576038444,1.839070831308277,4.508198402300252,5.416252983425402,7.27223370269148,0.03678141662616554,0.09016396804600504,0.10832505966850803,0.1454446740538296,0.11796658839136946,0.2868026792759871,0.3429197737238006,0.4586329710958596,1.8433934592835226,4.51401751864282,5.423438998277885,7.296273490850054,5.739170477266787,FEASIBLE
G0410,50,5,5,0.2,NEAR,1,2.821944767864508,4.12754500001176,47.35826773873332,True,22.937645535007654,526.135582689662,2.7526931696011756,0.17453292519943295,0.10790358945815422,20000,0.0,0.0,0.0,0.0,0.0,0.1483,0.643,0.92975,0.6363330491926588,0.6496120284952954,0.10701095253748591,0.10952377576038444,1.839070831308277,4.508198402300252,5.416252983425402,7.27223370269148,0.03678141662616554,0.09016396804600504,0.10832505966850803,0.1454446740538296,0.11796658839136946,0.2868026792759871,0.3429197737238006,0.4586329710958596,1.8433934592835226,4.51401751864282,5.423438998277885,7.296273490850054,5.739170477266787,FEASIBLE
G0411,50,5,5,0.2,FAR,-1,-2.0623324184749237,-4.5548638833347574,52.26120207044124,True,22.926259264231323,525.6133638507594,2.8915032149610016,0.17453292519943295,0.11334484325010682,20000,0.0,0.0,0.0,0.0,0.0,0.14165,0.61895,0.9166,0.6121971946089213,0.6256571200133314,0.11223821995930607,0.1151293677568664,1.9292692656971513,4.747445972800122,5.667958304420665,7.635326658152267,0.038585385313943024,0.09494891945600244,0.1133591660884133,0.15270653316304533,0.11793089374865225,0.28735684096518577,0.3429447324199792,0.45887885173867704,1.934575665904404,4.751293180806134,5.67408546474523,7.636336578458396,5.739170477266787,FEASIBLE
G0412,50,5,5,0.2,FAR,1,-2.0623324184749237,4.5548638833347574,52.26120207044124,True,22.92625926423132,525.6133638507594,2.8915032149610016,0.17453292519943295,0.11334484325010682,20000,0.0,0.0,0.0,0.0,0.0,0.14165,0.61895,0.9166,0.6121971946089213,0.6256571200133314,0.11223821995930607,0.1151293677568664,1.9292692656971513,4.747445972800122,5.667958304420665,7.635326658152267,0.038585385313943024,0.09494891945600244,0.1133591660884133,0.15270653316304533,0.11793089374865225,0.28735684096518577,0.3429447324199792,0.45887885173867704,1.934575665904404,4.751293180806134,5.67408546474523,7.636336578458396,5.739170477266787,FEASIBLE
G0413,50,5,5,0.5,NEAR,-1,2.821944767864508,-4.12754500001176,47.35826773873332,True,22.937645535007654,526.1355826896552,6.881732924002938,0.4363323129985824,0.2697589736453855,20000,0.0,0.0,0.0,0.0,0.0,0.06185,0.29065,0.53945,0.28439781171464457,0.29698259378204644,0.28933901835899745,0.30198321312794063,4.576165936562177,11.534370454965483,14.787791327218017,22.86214155369072,0.09152331873124353,0.23068740909930965,0.29575582654436033,0.45724283107381436,0.29481283692982263,0.7304148335991845,0.9024360786286504,1.3400424712976051,4.592872306534395,11.553587444364545,14.801113439271637,22.882155104913178,5.739170477266787,FEASIBLE
G0414,50,5,5,0.5,NEAR,1,2.821944767864508,4.12754500001176,47.35826773873332,True,22.937645535007654,526.1355826896552,6.881732924002938,0.4363323129985824,0.2697589736453855,20000,0.0,0.0,0.0,0.0,0.0,0.06185,0.29065,0.53945,0.28439781171464457,0.29698259378204644,0.28933901835899745,0.30198321312794063,4.576165936562177,11.534370454965483,14.787791327218017,22.86214155369072,0.09152331873124353,0.23068740909930965,0.29575582654436033,0.45724283107381436,0.29481283692982263,0.7304148335991845,0.9024360786286504,1.3400424712976051,4.592872306534395,11.553587444364545,14.801113439271637,22.882155104913178,5.739170477266787,FEASIBLE
G0415,50,5,5,0.5,FAR,-1,-2.0623324184749237,-4.5548638833347574,52.26120207044124,True,22.926259264231323,525.6133638507533,7.2287580374025024,0.43633231299858233,0.28336210812526696,20000,0.0,0.0,0.0,0.0,0.0,0.0567,0.2778,0.5178,0.2716354593376088,0.2840498814857241,0.30386145730356245,0.316965031256936,4.798515470863194,12.09517882338804,15.481333407568625,24.099872539740332,0.09597030941726388,0.24190357646776078,0.3096266681513725,0.48199745079480666,0.29507817187299773,0.7318948573305131,0.9069472146810104,1.351061010714989,4.813909192802719,12.115363085896353,15.49454665018344,24.121697592329912,5.739170477266787,FEASIBLE
G0416,50,5,5,0.5,FAR,1,-2.0623324184749237,4.5548638833347574,52.26120207044124,True,22.92625926423132,525.6133638507533,7.2287580374025024,0.43633231299858233,0.28336210812526696,20000,0.0,0.0,0.0,0.0,0.0,0.0567,0.2778,0.5178,0.2716354593376088,0.2840498814857241,0.30386145730356245,0.316965031256936,4.798515470863194,12.09517882338804,15.481333407568625,24.099872539740332,0.09597030941726388,0.24190357646776078,0.3096266681513725,0.48199745079480666,0.29507817187299773,0.7318948573305131,0.9069472146810104,1.351061010714989,4.813909192802719,12.115363085896353,15.49454665018344,24.121697592329912,5.739170477266787,FEASIBLE
G0417,50,5,10,0.05,NEAR,-1,,,,,,,,,,,,,,,,,,,,,,,,,,,,,,,,,,,,,,,5.739170477266787,INFEASIBLE_TRIANGLE
G0418,50,5,10,0.05,NEAR,1,,,,,,,,,,,,,,,,,,,,,,,,,,,,,,,,,,,,,,,5.739170477266787,INFEASIBLE_TRIANGLE
G0419,50,5,10,0.05,FAR,-1,,,,,,,,,,,,,,,,,,,,,,,,,,,,,,,,,,,,,,,5.739170477266787,INFEASIBLE_TRIANGLE
G0420,50,5,10,0.05,FAR,1,,,,,,,,,,,,,,,,,,,,,,,,,,,,,,,,,,,,,,,5.739170477266787,INFEASIBLE_TRIANGLE
G0421,50,5,10,0.1,NEAR,-1,,,,,,,,,,,,,,,,,,,,,,,,,,,,,,,,,,,,,,,5.739170477266787,INFEASIBLE_TRIANGLE
G0422,50,5,10,0.1,NEAR,1,,,,,,,,,,,,,,,,,,,,,,,,,,,,,,,,,,,,,,,5.739170477266787,INFEASIBLE_TRIANGLE
G0423,50,5,10,0.1,FAR,-1,,,,,,,,,,,,,,,,,,,,,,,,,,,,,,,,,,,,,,,5.739170477266787,INFEASIBLE_TRIANGLE
G0424,50,5,10,0.1,FAR,1,,,,,,,,,,,,,,,,,,,,,,,,,,,,,,,,,,,,,,,5.739170477266787,INFEASIBLE_TRIANGLE
G0425,50,5,10,0.2,NEAR,-1,,,,,,,,,,,,,,,,,,,,,,,,,,,,,,,,,,,,,,,5.739170477266787,INFEASIBLE_TRIANGLE
G0426,50,5,10,0.2,NEAR,1,,,,,,,,,,,,,,,,,,,,,,,,,,,,,,,,,,,,,,,5.739170477266787,INFEASIBLE_TRIANGLE
G0427,50,5,10,0.2,FAR,-1,,,,,,,,,,,,,,,,,,,,,,,,,,,,,,,,,,,,,,,5.739170477266787,INFEASIBLE_TRIANGLE
G0428,50,5,10,0.2,FAR,1,,,,,,,,,,,,,,,,,,,,,,,,,,,,,,,,,,,,,,,5.739170477266787,INFEASIBLE_TRIANGLE
G0429,50,5,10,0.5,NEAR,-1,,,,,,,,,,,,,,,,,,,,,,,,,,,,,,,,,,,,,,,5.739170477266787,INFEASIBLE_TRIANGLE
G0430,50,5,10,0.5,NEAR,1,,,,,,,,,,,,,,,,,,,,,,,,,,,,,,,,,,,,,,,5.739170477266787,INFEASIBLE_TRIANGLE
G0431,50,5,10,0.5,FAR,-1,,,,,,,,,,,,,,,,,,,,,,,,,,,,,,,,,,,,,,,5.739170477266787,INFEASIBLE_TRIANGLE
G0432,50,5,10,0.5,FAR,1,,,,,,,,,,,,,,,,,,,,,,,,,,,,,,,,,,,,,,,5.739170477266787,INFEASIBLE_TRIANGLE
G0433,50,5,20,0.05,NEAR,-1,,,,,,,,,,,,,,,,,,,,,,,,,,,,,,,,,,,,,,,5.739170477266787,INFEASIBLE_TRIANGLE
G0434,50,5,20,0.05,NEAR,1,,,,,,,,,,,,,,,,,,,,,,,,,,,,,,,,,,,,,,,5.739170477266787,INFEASIBLE_TRIANGLE
G0435,50,5,20,0.05,FAR,-1,,,,,,,,,,,,,,,,,,,,,,,,,,,,,,,,,,,,,,,5.739170477266787,INFEASIBLE_TRIANGLE
G0436,50,5,20,0.05,FAR,1,,,,,,,,,,,,,,,,,,,,,,,,,,,,,,,,,,,,,,,5.739170477266787,INFEASIBLE_TRIANGLE
G0437,50,5,20,0.1,NEAR,-1,,,,,,,,,,,,,,,,,,,,,,,,,,,,,,,,,,,,,,,5.739170477266787,INFEASIBLE_TRIANGLE
G0438,50,5,20,0.1,NEAR,1,,,,,,,,,,,,,,,,,,,,,,,,,,,,,,,,,,,,,,,5.739170477266787,INFEASIBLE_TRIANGLE
G0439,50,5,20,0.1,FAR,-1,,,,,,,,,,,,,,,,,,,,,,,,,,,,,,,,,,,,,,,5.739170477266787,INFEASIBLE_TRIANGLE
G0440,50,5,20,0.1,FAR,1,,,,,,,,,,,,,,,,,,,,,,,,,,,,,,,,,,,,,,,5.739170477266787,INFEASIBLE_TRIANGLE
G0441,50,5,20,0.2,NEAR,-1,,,,,,,,,,,,,,,,,,,,,,,,,,,,,,,,,,,,,,,5.739170477266787,INFEASIBLE_TRIANGLE
G0442,50,5,20,0.2,NEAR,1,,,,,,,,,,,,,,,,,,,,,,,,,,,,,,,,,,,,,,,5.739170477266787,INFEASIBLE_TRIANGLE
G0443,50,5,20,0.2,FAR,-1,,,,,,,,,,,,,,,,,,,,,,,,,,,,,,,,,,,,,,,5.739170477266787,INFEASIBLE_TRIANGLE
G0444,50,5,20,0.2,FAR,1,,,,,,,,,,,,,,,,,,,,,,,,,,,,,,,,,,,,,,,5.739170477266787,INFEASIBLE_TRIANGLE
G0445,50,5,20,0.5,NEAR,-1,,,,,,,,,,,,,,,,,,,,,,,,,,,,,,,,,,,,,,,5.739170477266787,INFEASIBLE_TRIANGLE
G0446,50,5,20,0.5,NEAR,1,,,,,,,,,,,,,,,,,,,,,,,,,,,,,,,,,,,,,,,5.739170477266787,INFEASIBLE_TRIANGLE
G0447,50,5,20,0.5,FAR,-1,,,,,,,,,,,,,,,,,,,,,,,,,,,,,,,,,,,,,,,5.739170477266787,INFEASIBLE_TRIANGLE
G0448,50,5,20,0.5,FAR,1,,,,,,,,,,,,,,,,,,,,,,,,,,,,,,,,,,,,,,,5.739170477266787,INFEASIBLE_TRIANGLE
G0449,50,5,30,0.05,NEAR,-1,,,,,,,,,,,,,,,,,,,,,,,,,,,,,,,,,,,,,,,5.739170477266787,INFEASIBLE_TRIANGLE
G0450,50,5,30,0.05,NEAR,1,,,,,,,,,,,,,,,,,,,,,,,,,,,,,,,,,,,,,,,5.739170477266787,INFEASIBLE_TRIANGLE
G0451,50,5,30,0.05,FAR,-1,,,,,,,,,,,,,,,,,,,,,,,,,,,,,,,,,,,,,,,5.739170477266787,INFEASIBLE_TRIANGLE
G0452,50,5,30,0.05,FAR,1,,,,,,,,,,,,,,,,,,,,,,,,,,,,,,,,,,,,,,,5.739170477266787,INFEASIBLE_TRIANGLE
G0453,50,5,30,0.1,NEAR,-1,,,,,,,,,,,,,,,,,,,,,,,,,,,,,,,,,,,,,,,5.739170477266787,INFEASIBLE_TRIANGLE
G0454,50,5,30,0.1,NEAR,1,,,,,,,,,,,,,,,,,,,,,,,,,,,,,,,,,,,,,,,5.739170477266787,INFEASIBLE_TRIANGLE
G0455,50,5,30,0.1,FAR,-1,,,,,,,,,,,,,,,,,,,,,,,,,,,,,,,,,,,,,,,5.739170477266787,INFEASIBLE_TRIANGLE
G0456,50,5,30,0.1,FAR,1,,,,,,,,,,,,,,,,,,,,,,,,,,,,,,,,,,,,,,,5.739170477266787,INFEASIBLE_TRIANGLE
G0457,50,5,30,0.2,NEAR,-1,,,,,,,,,,,,,,,,,,,,,,,,,,,,,,,,,,,,,,,5.739170477266787,INFEASIBLE_TRIANGLE
G0458,50,5,30,0.2,NEAR,1,,,,,,,,,,,,,,,,,,,,,,,,,,,,,,,,,,,,,,,5.739170477266787,INFEASIBLE_TRIANGLE
G0459,50,5,30,0.2,FAR,-1,,,,,,,,,,,,,,,,,,,,,,,,,,,,,,,,,,,,,,,5.739170477266787,INFEASIBLE_TRIANGLE
G0460,50,5,30,0.2,FAR,1,,,,,,,,,,,,,,,,,,,,,,,,,,,,,,,,,,,,,,,5.739170477266787,INFEASIBLE_TRIANGLE
G0461,50,5,30,0.5,NEAR,-1,,,,,,,,,,,,,,,,,,,,,,,,,,,,,,,,,,,,,,,5.739170477266787,INFEASIBLE_TRIANGLE
G0462,50,5,30,0.5,NEAR,1,,,,,,,,,,,,,,,,,,,,,,,,,,,,,,,,,,,,,,,5.739170477266787,INFEASIBLE_TRIANGLE
G0463,50,5,30,0.5,FAR,-1,,,,,,,,,,,,,,,,,,,,,,,,,,,,,,,,,,,,,,,5.739170477266787,INFEASIBLE_TRIANGLE
G0464,50,5,30,0.5,FAR,1,,,,,,,,,,,,,,,,,,,,,,,,,,,,,,,,,,,,,,,5.739170477266787,INFEASIBLE_TRIANGLE
G0465,50,5,45,0.05,NEAR,-1,,,,,,,,,,,,,,,,,,,,,,,,,,,,,,,,,,,,,,,5.739170477266787,INFEASIBLE_TRIANGLE
G0466,50,5,45,0.05,NEAR,1,,,,,,,,,,,,,,,,,,,,,,,,,,,,,,,,,,,,,,,5.739170477266787,INFEASIBLE_TRIANGLE
G0467,50,5,45,0.05,FAR,-1,,,,,,,,,,,,,,,,,,,,,,,,,,,,,,,,,,,,,,,5.739170477266787,INFEASIBLE_TRIANGLE
G0468,50,5,45,0.05,FAR,1,,,,,,,,,,,,,,,,,,,,,,,,,,,,,,,,,,,,,,,5.739170477266787,INFEASIBLE_TRIANGLE
G0469,50,5,45,0.1,NEAR,-1,,,,,,,,,,,,,,,,,,,,,,,,,,,,,,,,,,,,,,,5.739170477266787,INFEASIBLE_TRIANGLE
G0470,50,5,45,0.1,NEAR,1,,,,,,,,,,,,,,,,,,,,,,,,,,,,,,,,,,,,,,,5.739170477266787,INFEASIBLE_TRIANGLE
G0471,50,5,45,0.1,FAR,-1,,,,,,,,,,,,,,,,,,,,,,,,,,,,,,,,,,,,,,,5.739170477266787,INFEASIBLE_TRIANGLE
G0472,50,5,45,0.1,FAR,1,,,,,,,,,,,,,,,,,,,,,,,,,,,,,,,,,,,,,,,5.739170477266787,INFEASIBLE_TRIANGLE
G0473,50,5,45,0.2,NEAR,-1,,,,,,,,,,,,,,,,,,,,,,,,,,,,,,,,,,,,,,,5.739170477266787,INFEASIBLE_TRIANGLE
G0474,50,5,45,0.2,NEAR,1,,,,,,,,,,,,,,,,,,,,,,,,,,,,,,,,,,,,,,,5.739170477266787,INFEASIBLE_TRIANGLE
G0475,50,5,45,0.2,FAR,-1,,,,,,,,,,,,,,,,,,,,,,,,,,,,,,,,,,,,,,,5.739170477266787,INFEASIBLE_TRIANGLE
G0476,50,5,45,0.2,FAR,1,,,,,,,,,,,,,,,,,,,,,,,,,,,,,,,,,,,,,,,5.739170477266787,INFEASIBLE_TRIANGLE
G0477,50,5,45,0.5,NEAR,-1,,,,,,,,,,,,,,,,,,,,,,,,,,,,,,,,,,,,,,,5.739170477266787,INFEASIBLE_TRIANGLE
G0478,50,5,45,0.5,NEAR,1,,,,,,,,,,,,,,,,,,,,,,,,,,,,,,,,,,,,,,,5.739170477266787,INFEASIBLE_TRIANGLE
G0479,50,5,45,0.5,FAR,-1,,,,,,,,,,,,,,,,,,,,,,,,,,,,,,,,,,,,,,,5.739170477266787,INFEASIBLE_TRIANGLE
G0480,50,5,45,0.5,FAR,1,,,,,,,,,,,,,,,,,,,,,,,,,,,,,,,,,,,,,,,5.739170477266787,INFEASIBLE_TRIANGLE
G0481,50,5,60,0.05,NEAR,-1,,,,,,,,,,,,,,,,,,,,,,,,,,,,,,,,,,,,,,,5.739170477266787,INFEASIBLE_TRIANGLE
G0482,50,5,60,0.05,NEAR,1,,,,,,,,,,,,,,,,,,,,,,,,,,,,,,,,,,,,,,,5.739170477266787,INFEASIBLE_TRIANGLE
G0483,50,5,60,0.05,FAR,-1,,,,,,,,,,,,,,,,,,,,,,,,,,,,,,,,,,,,,,,5.739170477266787,INFEASIBLE_TRIANGLE
G0484,50,5,60,0.05,FAR,1,,,,,,,,,,,,,,,,,,,,,,,,,,,,,,,,,,,,,,,5.739170477266787,INFEASIBLE_TRIANGLE
G0485,50,5,60,0.1,NEAR,-1,,,,,,,,,,,,,,,,,,,,,,,,,,,,,,,,,,,,,,,5.739170477266787,INFEASIBLE_TRIANGLE
G0486,50,5,60,0.1,NEAR,1,,,,,,,,,,,,,,,,,,,,,,,,,,,,,,,,,,,,,,,5.739170477266787,INFEASIBLE_TRIANGLE
G0487,50,5,60,0.1,FAR,-1,,,,,,,,,,,,,,,,,,,,,,,,,,,,,,,,,,,,,,,5.739170477266787,INFEASIBLE_TRIANGLE
G0488,50,5,60,0.1,FAR,1,,,,,,,,,,,,,,,,,,,,,,,,,,,,,,,,,,,,,,,5.739170477266787,INFEASIBLE_TRIANGLE
G0489,50,5,60,0.2,NEAR,-1,,,,,,,,,,,,,,,,,,,,,,,,,,,,,,,,,,,,,,,5.739170477266787,INFEASIBLE_TRIANGLE
G0490,50,5,60,0.2,NEAR,1,,,,,,,,,,,,,,,,,,,,,,,,,,,,,,,,,,,,,,,5.739170477266787,INFEASIBLE_TRIANGLE
G0491,50,5,60,0.2,FAR,-1,,,,,,,,,,,,,,,,,,,,,,,,,,,,,,,,,,,,,,,5.739170477266787,INFEASIBLE_TRIANGLE
G0492,50,5,60,0.2,FAR,1,,,,,,,,,,,,,,,,,,,,,,,,,,,,,,,,,,,,,,,5.739170477266787,INFEASIBLE_TRIANGLE
G0493,50,5,60,0.5,NEAR,-1,,,,,,,,,,,,,,,,,,,,,,,,,,,,,,,,,,,,,,,5.739170477266787,INFEASIBLE_TRIANGLE
G0494,50,5,60,0.5,NEAR,1,,,,,,,,,,,,,,,,,,,,,,,,,,,,,,,,,,,,,,,5.739170477266787,INFEASIBLE_TRIANGLE
G0495,50,5,60,0.5,FAR,-1,,,,,,,,,,,,,,,,,,,,,,,,,,,,,,,,,,,,,,,5.739170477266787,INFEASIBLE_TRIANGLE
G0496,50,5,60,0.5,FAR,1,,,,,,,,,,,,,,,,,,,,,,,,,,,,,,,,,,,,,,,5.739170477266787,INFEASIBLE_TRIANGLE
G0497,50,5,90,0.05,NEAR,-1,,,,,,,,,,,,,,,,,,,,,,,,,,,,,,,,,,,,,,,5.739170477266787,INFEASIBLE_TRIANGLE
G0498,50,5,90,0.05,NEAR,1,,,,,,,,,,,,,,,,,,,,,,,,,,,,,,,,,,,,,,,5.739170477266787,INFEASIBLE_TRIANGLE
G0499,50,5,90,0.05,FAR,-1,,,,,,,,,,,,,,,,,,,,,,,,,,,,,,,,,,,,,,,5.739170477266787,INFEASIBLE_TRIANGLE
G0500,50,5,90,0.05,FAR,1,,,,,,,,,,,,,,,,,,,,,,,,,,,,,,,,,,,,,,,5.739170477266787,INFEASIBLE_TRIANGLE
G0501,50,5,90,0.1,NEAR,-1,,,,,,,,,,,,,,,,,,,,,,,,,,,,,,,,,,,,,,,5.739170477266787,INFEASIBLE_TRIANGLE
G0502,50,5,90,0.1,NEAR,1,,,,,,,,,,,,,,,,,,,,,,,,,,,,,,,,,,,,,,,5.739170477266787,INFEASIBLE_TRIANGLE
G0503,50,5,90,0.1,FAR,-1,,,,,,,,,,,,,,,,,,,,,,,,,,,,,,,,,,,,,,,5.739170477266787,INFEASIBLE_TRIANGLE
G0504,50,5,90,0.1,FAR,1,,,,,,,,,,,,,,,,,,,,,,,,,,,,,,,,,,,,,,,5.739170477266787,INFEASIBLE_TRIANGLE
G0505,50,5,90,0.2,NEAR,-1,,,,,,,,,,,,,,,,,,,,,,,,,,,,,,,,,,,,,,,5.739170477266787,INFEASIBLE_TRIANGLE
G0506,50,5,90,0.2,NEAR,1,,,,,,,,,,,,,,,,,,,,,,,,,,,,,,,,,,,,,,,5.739170477266787,INFEASIBLE_TRIANGLE
G0507,50,5,90,0.2,FAR,-1,,,,,,,,,,,,,,,,,,,,,,,,,,,,,,,,,,,,,,,5.739170477266787,INFEASIBLE_TRIANGLE
G0508,50,5,90,0.2,FAR,1,,,,,,,,,,,,,,,,,,,,,,,,,,,,,,,,,,,,,,,5.739170477266787,INFEASIBLE_TRIANGLE
G0509,50,5,90,0.5,NEAR,-1,,,,,,,,,,,,,,,,,,,,,,,,,,,,,,,,,,,,,,,5.739170477266787,INFEASIBLE_TRIANGLE
G0510,50,5,90,0.5,NEAR,1,,,,,,,,,,,,,,,,,,,,,,,,,,,,,,,,,,,,,,,5.739170477266787,INFEASIBLE_TRIANGLE
G0511,50,5,90,0.5,FAR,-1,,,,,,,,,,,,,,,,,,,,,,,,,,,,,,,,,,,,,,,5.739170477266787,INFEASIBLE_TRIANGLE
G0512,50,5,90,0.5,FAR,1,,,,,,,,,,,,,,,,,,,,,,,,,,,,,,,,,,,,,,,5.739170477266787,INFEASIBLE_TRIANGLE
G0513,50,10,2,0.05,NEAR,-1,9.90147667341948,-1.4002712900469876,40.122965152865405,True,58.683760732102904,3443.7837736627166,1.6024348287855115,0.043633231299858244,0.0628142910398442,20000,0.0,0.0,0.0,0.0,0.0,0.2517,0.8844,0.99745,0.8798946386820476,0.8887577239980191,0.062043532965213755,0.06351003767648862,1.0687716496903121,2.619574749960968,3.140728493328183,4.109450124503525,0.021375432993806242,0.052391494999219364,0.06281456986656365,0.0821890024900705,0.02950843258997635,0.07151436364405223,0.08541630776394725,0.11259526409807868,1.0698764304657638,2.6198464070826337,3.1412189826600385,4.110459329160874,11.536959032815489,FEASIBLE
G0514,50,10,2,0.05,NEAR,1,9.90147667341948,1.4002712900469876,40.122965152865405,True,58.683760732102904,3443.7837736627166,1.6024348287855115,0.043633231299858244,0.0628142910398442,20000,0.0,0.0,0.0,0.0,0.0,0.2517,0.8844,0.99745,0.8798946386820476,0.8887577239980191,0.062043532965213755,0.06351003767648862,1.0687716496903121,2.619574749960968,3.140728493328183,4.109450124503525,0.021375432993806242,0.052391494999219364,0.06281456986656365,0.0821890024900705,0.02950843258997635,0.07151436364405223,0.08541630776394725,0.11259526409807868,1.0698764304657638,2.6198464070826337,3.1412189826600385,4.110459329160874,11.536959032815489,FEASIBLE
G0515,50,10,2,0.05,FAR,-1,-9.779679186410696,-2.087552397159277,59.816117549044165,True,58.21338817148654,3388.7985624041203,1.9489405700091131,0.04363323129985824,0.07639706650453651,20000,0.0,0.0,0.0,0.0,0.0,0.21005,0.80425,0.9896,0.7986928438955536,0.8096903021643067,0.07477945422246705,0.07702334265814258,1.3052369256439391,3.190805366403183,3.8039317750018573,5.030192030695318,0.026104738512878783,0.06381610732806366,0.07607863550003714,0.10060384061390636,0.029495522841995594,0.07154134590084692,0.0852735814023095,0.11253492821772972,1.3056445602980762,3.1908877263117232,3.803954757585419,5.030651003439773,11.536959032815489,FEASIBLE
G0516,50,10,2,0.05,FAR,1,-9.779679186410696,2.087552397159277,59.816117549044165,True,58.213388171486535,3388.7985624041203,1.9489405700091131,0.04363323129985824,0.07639706650453651,20000,0.0,0.0,0.0,0.0,0.0,0.21005,0.80425,0.9896,0.7986928438955536,0.8096903021643067,0.07477945422246705,0.07702334265814258,1.3052369256439391,3.190805366403183,3.8039317750018573,5.030192030695318,0.026104738512878783,0.06381610732806366,0.07607863550003714,0.10060384061390636,0.029495522841995594,0.07154134590084692,0.0852735814023095,0.11253492821772972,1.3056445602980762,3.1908877263117232,3.803954757585419,5.030651003439773,11.536959032815489,FEASIBLE
G0517,50,10,2,0.1,NEAR,-1,9.90147667341948,-1.4002712900469876,40.122965152865405,True,58.683760732102904,3443.7837736627166,3.204869657571023,0.08726646259971649,0.1256285820796884,20000,0.0,0.0,0.0,0.0,0.0,0.12965,0.57205,0.88195,0.5651796116502384,0.5788927159540768,0.12562778290039658,0.12955811707699993,2.136663775271124,5.263292882616945,6.38066778340356,8.74326840033725,0.04273327550542248,0.1052658576523389,0.1276133556680712,0.17486536800674501,0.05893208410516953,0.14372876666991807,0.1716937890395048,0.2317912671373296,2.1375197708976494,5.264305214621658,6.382053990218476,8.745541352092387,11.536959032815489,FEASIBLE
G0518,50,10,2,0.1,NEAR,1,9.90147667341948,1.4002712900469876,40.122965152865405,True,58.683760732102904,3443.7837736627166,3.204869657571023,0.08726646259971649,0.1256285820796884,20000,0.0,0.0,0.0,0.0,0.0,0.12965,0.57205,0.88195,0.5651796116502384,0.5788927159540768,0.12562778290039658,0.12955811707699993,2.136663775271124,5.263292882616945,6.38066778340356,8.74326840033725,0.04273327550542248,0.1052658576523389,0.1276133556680712,0.17486536800674501,0.05893208410516953,0.14372876666991807,0.1716937890395048,0.2317912671373296,2.1375197708976494,5.264305214621658,6.382053990218476,8.745541352092387,11.536959032815489,FEASIBLE
G0519,50,10,2,0.1,FAR,-1,-9.779679186410696,-2.087552397159277,59.816117549044165,True,58.21338817148654,3388.7985624041203,3.8978811400182263,0.08726646259971647,0.15279413300907302,20000,0.0,0.0,0.0,0.0,0.0,0.10585,0.48245,0.80435,0.4755287852055606,0.48937795526000866,0.15196063983539673,0.15629375269751322,2.6115243392448946,6.415690585077883,7.703970874120379,10.627601246836036,0.05223048678489789,0.12831381170155765,0.15407941748240758,0.21255202493672073,0.05886940188472793,0.14395453731566382,0.17244264295568593,0.23292607455460212,2.6129065167845713,6.417271989427635,7.7057560737972315,10.627830594339747,11.536959032815489,FEASIBLE
G0520,50,10,2,0.1,FAR,1,-9.779679186410696,2.087552397159277,59.816117549044165,True,58.213388171486535,3388.7985624041203,3.8978811400182263,0.08726646259971647,0.15279413300907302,20000,0.0,0.0,0.0,0.0,0.0,0.10585,0.48245,0.80435,0.4755287852055606,0.48937795526000866,0.15196063983539673,0.15629375269751322,2.6115243392448946,6.415690585077883,7.703970874120379,10.627601246836036,0.05223048678489789,0.12831381170155765,0.15407941748240758,0.21255202493672073,0.05886940188472793,0.14395453731566382,0.17244264295568593,0.23292607455460212,2.6129065167845713,6.417271989427635,7.7057560737972315,10.627830594339747,11.536959032815489,FEASIBLE
G0521,50,10,2,0.2,NEAR,-1,9.90147667341948,-1.4002712900469876,40.122965152865405,True,58.683760732102904,3443.7837736627166,6.409739315142046,0.17453292519943298,0.2512571641593768,20000,0.0,0.0,0.0,0.0,0.0,0.06475,0.3106,0.5728,0.30422376292554293,0.31704898033250944,0.26817443536108754,0.2800843078044201,4.256698283757487,10.724747757818882,13.7161742520279,21.438344811140055,0.08513396567514973,0.21449495515637765,0.274323485040558,0.4287668962228011,0.11786497760383764,0.2916335907383055,0.36043845377941447,0.5332808448835257,4.259239212970821,10.728449965633224,13.720153568684054,21.44340374596696,11.536959032815489,FEASIBLE
G0522,50,10,2,0.2,NEAR,1,9.90147667341948,1.4002712900469876,40.122965152865405,True,58.683760732102904,3443.7837736627166,6.409739315142046,0.17453292519943298,0.2512571641593768,20000,0.0,0.0,0.0,0.0,0.0,0.06475,0.3106,0.5728,0.30422376292554293,0.31704898033250944,0.26817443536108754,0.2800843078044201,4.256698283757487,10.724747757818882,13.7161742520279,21.438344811140055,0.08513396567514973,0.21449495515637765,0.274323485040558,0.4287668962228011,0.11786497760383764,0.2916335907383055,0.36043845377941447,0.5332808448835257,4.259239212970821,10.728449965633224,13.720153568684054,21.44340374596696,11.536959032815489,FEASIBLE
G0523,50,10,2,0.2,FAR,-1,-9.779679186410696,-2.087552397159277,59.816117549044165,True,58.21338817148654,3388.7985624041203,7.7957622800364526,0.17453292519943295,0.30558826601814604,20000,0.0,0.0,0.0,0.0,0.0,0.05225,0.2585,0.4849,0.25247915411792793,0.2646135992971706,0.3272547907049247,0.3416968523258117,5.170023691213778,12.970364663518644,16.68467084954409,26.02372739804575,0.10340047382427557,0.2594072932703729,0.33369341699088184,0.520474547960915,0.11790320906697802,0.29375442070565927,0.3643377801749911,0.5451412135551122,5.17358365386158,12.97549066228399,16.686745920059337,26.02615285980005,11.536959032815489,FEASIBLE
G0524,50,10,2,0.2,FAR,1,-9.779679186410696,2.087552397159277,59.816117549044165,True,58.213388171486535,3388.7985624041203,7.7957622800364526,0.17453292519943295,0.30558826601814604,20000,0.0,0.0,0.0,0.0,0.0,0.05225,0.2585,0.4849,0.25247915411792793,0.2646135992971706,0.3272547907049247,0.3416968523258117,5.170023691213778,12.970364663518644,16.68467084954409,26.02372739804575,0.10340047382427557,0.2594072932703729,0.33369341699088184,0.520474547960915,0.11790320906697802,0.29375442070565927,0.3643377801749911,0.5451412135551122,5.17358365386158,12.97549066228399,16.686745920059337,26.02615285980005,11.536959032815489,FEASIBLE
G0525,50,10,2,0.5,NEAR,-1,9.90147667341948,-1.4002712900469876,40.122965152865405,True,58.683760732102904,3443.783773662651,16.02434828785511,0.4363323129985824,0.6281429103984418,20000,0.00215,0.00215,0.0,0.0013,0.0,0.02665,0.13015,0.2554,0.12555780310467904,0.13488424596602147,1.192012728374564,1.2873271744034127,10.238498153325722,37.12484741418346,61.98436461004071,179.9056503239337,0.20476996306651443,0.7424969482836693,1.2396872922008142,3.598113006478674,0.29438851075209227,0.8822300994526282,1.3679539320439797,3.7950409111449552,10.24679668721651,37.133998967978584,61.99445261923454,179.9136786376619,11.536959032815489,FEASIBLE
G0526,50,10,2,0.5,NEAR,1,9.90147667341948,1.4002712900469876,40.122965152865405,True,58.683760732102904,3443.783773662651,16.02434828785511,0.4363323129985824,0.6281429103984418,20000,0.00215,0.00215,0.0,0.0013,0.0,0.02665,0.13015,0.2554,0.12555780310467904,0.13488424596602147,1.192012728374564,1.2873271744034127,10.238498153325722,37.12484741418346,61.98436461004071,179.9056503239337,0.20476996306651443,0.7424969482836693,1.2396872922008142,3.598113006478674,0.29438851075209227,0.8822300994526282,1.3679539320439797,3.7950409111449552,10.24679668721651,37.133998967978584,61.99445261923454,179.9136786376619,11.536959032815489,FEASIBLE
G0527,50,10,2,0.5,FAR,-1,-9.779679186410696,-2.087552397159277,59.816117549044165,True,58.21338817148654,3388.7985624041185,19.489405700091126,0.4363323129985822,0.7639706650453649,20000,0.00215,0.00215,0.0,0.0013,0.0,0.02215,0.1055,0.2121,0.10131804358901465,0.1098334728592519,1.4421585173315006,1.5811598312780655,12.482260781228447,45.164517663426906,75.17639075155448,223.45146475321914,0.24964521562456896,0.9032903532685381,1.5035278150310896,4.469029295064383,0.2907628794352153,0.9151087844505031,1.442175505258561,4.138958367253341,12.486409528806117,45.16453610505502,75.17828138549002,223.45148623134187,11.536959032815489,FEASIBLE
G0528,50,10,2,0.5,FAR,1,-9.779679186410696,2.087552397159277,59.816117549044165,True,58.213388171486535,3388.7985624041185,19.489405700091126,0.4363323129985822,0.7639706650453649,20000,0.00215,0.00215,0.0,0.0013,0.0,0.02215,0.1055,0.2121,0.10131804358901465,0.1098334728592519,1.4421585173315006,1.5811598312780655,12.482260781228447,45.164517663426906,75.17639075155448,223.45146475321914,0.24964521562456896,0.9032903532685381,1.5035278150310896,4.469029295064383,0.2907628794352153,0.9151087844505031,1.442175505258561,4.138958367253341,12.486409528806117,45.16453610505502,75.17828138549002,223.45148623134187,11.536959032815489,FEASIBLE
G0529,50,10,5,0.05,NEAR,-1,9.346094796315604,-3.556755833379955,40.80919651706512,True,23.379642528270217,546.6076847496983,0.6447435001720706,0.04363323129985822,0.025273480792071052,20000,0.0,0.0,0.0,0.0,0.0,0.5681,0.9999,1.0,0.9996354263863794,0.9999725759647273,0.02483500807405349,0.02541589045747287,0.43056514174757865,1.0488603319489513,1.2560441655815993,1.6259539434882626,0.008611302834951573,0.020977206638979028,0.025120883311631984,0.03251907886976525,0.029504346849866095,0.07116360653354879,0.0853452320917757,0.11137492411894041,0.43145242490765373,1.0509515014485034,1.257884119354155,1.628467793118392,11.536959032815489,FEASIBLE
G0530,50,10,5,0.05,NEAR,1,9.346094796315604,3.556755833379955,40.80919651706512,True,23.379642528270217,546.6076847496983,0.6447435001720706,0.04363323129985822,0.025273480792071052,20000,0.0,0.0,0.0,0.0,0.0,0.5681,0.9999,1.0,0.9996354263863794,0.9999725759647273,0.02483500807405349,0.02541589045747287,0.43056514174757865,1.0488603319489513,1.2560441655815993,1.6259539434882626,0.008611302834951573,0.020977206638979028,0.025120883311631984,0.03251907886976525,0.029504346849866095,0.07116360653354879,0.0853452320917757,0.11137492411894041,0.43145242490765373,1.0509515014485034,1.257884119354155,1.628467793118392,11.536959032815489,FEASIBLE
G0531,50,10,5,0.05,FAR,-1,-8.586482446926013,-5.125653049966562,58.81027329210944,True,23.207208728421236,538.5745369645103,0.7716708250507792,0.04363323129985823,0.030248940500396726,20000,0.0,0.0,0.0,0.0,0.0,0.48655,0.99895,1.0,0.9983952643143006,0.9993131029053126,0.029645705986114167,0.03036048855980624,0.5173367015279666,1.2590730455029089,1.4987244620220181,1.9481560602527566,0.010346734030559333,0.025181460910058177,0.029974489240440362,0.03896312120505513,0.02949988600890723,0.07116400193075145,0.0854306375019026,0.11130181325172317,0.5181836276347197,1.2595900034917893,1.500839405385585,1.9483796870391676,11.536959032815489,FEASIBLE
G0532,50,10,5,0.05,FAR,1,-8.586482446926013,5.125653049966562,58.81027329210944,True,23.207208728421236,538.5745369645103,0.7716708250507792,0.04363323129985823,0.030248940500396726,20000,0.0,0.0,0.0,0.0,0.0,0.48655,0.99895,1.0,0.9983952643143006,0.9993131029053126,0.029645705986114167,0.03036048855980624,0.5173367015279666,1.2590730455029089,1.4987244620220181,1.9481560602527566,0.010346734030559333,0.025181460910058177,0.029974489240440362,0.03896312120505513,0.02949988600890723,0.07116400193075145,0.0854306375019026,0.11130181325172317,0.5181836276347197,1.2595900034917893,1.500839405385585,1.9483796870391676,11.536959032815489,FEASIBLE
G0533,50,10,5,0.1,NEAR,-1,9.346094796315604,-3.556755833379955,40.80919651706512,True,23.379642528270217,546.6076847496983,1.2894870003441412,0.08726646259971645,0.050546961584142104,20000,0.0,0.0,0.0,0.0,0.0,0.30895,0.9476,0.9998,0.9444249035607993,0.9506031857617757,0.04986259702772586,0.051052125966225645,0.8615678513894593,2.1032712105949116,2.522508972350245,3.2831517163573314,0.017231357027789187,0.04206542421189823,0.050450179447004896,0.06566303432714662,0.05902017699251666,0.1428645908366607,0.17052206232824924,0.22430086550482206,0.8643286235336128,2.107228745652114,2.5269088250917764,3.2889810389367677,11.536959032815489,FEASIBLE
G0534,50,10,5,0.1,NEAR,1,9.346094796315604,3.556755833379955,40.80919651706512,True,23.379642528270217,546.6076847496983,1.2894870003441412,0.08726646259971645,0.050546961584142104,20000,0.0,0.0,0.0,0.0,0.0,0.30895,0.9476,0.9998,0.9444249035607993,0.9506031857617757,0.04986259702772586,0.051052125966225645,0.8615678513894593,2.1032712105949116,2.522508972350245,3.2831517163573314,0.017231357027789187,0.04206542421189823,0.050450179447004896,0.06566303432714662,0.05902017699251666,0.1428645908366607,0.17052206232824924,0.22430086550482206,0.8643286235336128,2.107228745652114,2.5269088250917764,3.2889810389367677,11.536959032815489,FEASIBLE
G0535,50,10,5,0.1,FAR,-1,-8.586482446926013,-5.125653049966562,58.81027329210944,True,23.207208728421236,538.5745369645103,1.5433416501015584,0.08726646259971646,0.06049788100079345,20000,0.0,0.0,0.0,0.0,0.0,0.26045,0.8973,0.99855,0.8930162744491239,0.9014311337006953,0.059418559710723004,0.06075548642192203,1.033481020003208,2.5248921769067962,3.004834965959269,3.9566506592482753,0.020669620400064162,0.050497843538135925,0.060096699319185376,0.0791330131849655,0.05899385176524607,0.14271519609552896,0.17050430073230657,0.2239392711617389,1.0359730978998192,2.5268100745166344,3.0089569947549104,3.957088140175117,11.536959032815489,FEASIBLE
G0536,50,10,5,0.1,FAR,1,-8.586482446926013,5.125653049966562,58.81027329210944,True,23.207208728421236,538.5745369645103,1.5433416501015584,0.08726646259971646,0.06049788100079345,20000,0.0,0.0,0.0,0.0,0.0,0.26045,0.8973,0.99855,0.8930162744491239,0.9014311337006953,0.059418559710723004,0.06075548642192203,1.033481020003208,2.5248921769067962,3.004834965959269,3.9566506592482753,0.020669620400064162,0.050497843538135925,0.060096699319185376,0.0791330131849655,0.05899385176524607,0.14271519609552896,0.17050430073230657,0.2239392711617389,1.0359730978998192,2.5268100745166344,3.0089569947549104,3.957088140175117,11.536959032815489,FEASIBLE
G0537,50,10,5,0.2,NEAR,-1,9.346094796315604,-3.556755833379955,40.80919651706512,True,23.379642528270217,546.6076847496983,2.5789740006882824,0.1745329251994329,0.10109392316828421,20000,0.0,0.0,0.0,0.0,0.0,0.16005,0.6745,0.9465,0.6679732169549356,0.6809597624614839,0.10026370078275065,0.1034517896424417,1.7219783796322545,4.217320437641064,5.082868008648944,6.839756929103097,0.03443956759264509,0.08434640875282128,0.10165736017297888,0.13679513858206194,0.11794343561367802,0.286993018989322,0.3424375437546339,0.4581913612476832,1.7291228231205598,4.224022641186113,5.091373197688415,6.85528705405364,11.536959032815489,FEASIBLE
G0538,50,10,5,0.2,NEAR,1,9.346094796315604,3.556755833379955,40.80919651706512,True,23.379642528270217,546.6076847496983,2.5789740006882824,0.1745329251994329,0.10109392316828421,20000,0.0,0.0,0.0,0.0,0.0,0.16005,0.6745,0.9465,0.6679732169549356,0.6809597624614839,0.10026370078275065,0.1034517896424417,1.7219783796322545,4.217320437641064,5.082868008648944,6.839756929103097,0.03443956759264509,0.08434640875282128,0.10165736017297888,0.13679513858206194,0.11794343561367802,0.286993018989322,0.3424375437546339,0.4581913612476832,1.7291228231205598,4.224022641186113,5.091373197688415,6.85528705405364,11.536959032815489,FEASIBLE
G0539,50,10,5,0.2,FAR,-1,-8.586482446926013,-5.125653049966562,58.81027329210944,True,23.207208728421236,538.5745369645103,3.086683300203117,0.17453292519943292,0.1209957620015869,20000,0.0,0.0,0.0,0.0,0.0,0.13075,0.58855,0.8955,0.5817136456202463,0.5953523447942175,0.11949430048691795,0.122354191514858,2.067710078971359,5.068454858008934,6.040764888549639,8.20875830723844,0.04135420157942718,0.10136909716017868,0.12081529777099277,0.16417516614476882,0.11787828756035822,0.2875679527219482,0.34261398861452574,0.4588833393511975,2.071949226614233,5.074476663172695,6.045668348866313,8.217732435602809,11.536959032815489,FEASIBLE
G0540,50,10,5,0.2,FAR,1,-8.586482446926013,5.125653049966562,58.81027329210944,True,23.207208728421236,538.5745369645103,3.086683300203117,0.17453292519943292,0.1209957620015869,20000,0.0,0.0,0.0,0.0,0.0,0.13075,0.58855,0.8955,0.5817136456202463,0.5953523447942175,0.11949430048691795,0.122354191514858,2.067710078971359,5.068454858008934,6.040764888549639,8.20875830723844,0.04135420157942718,0.10136909716017868,0.12081529777099277,0.16417516614476882,0.11787828756035822,0.2875679527219482,0.34261398861452574,0.4588833393511975,2.071949226614233,5.074476663172695,6.045668348866313,8.217732435602809,11.536959032815489,FEASIBLE
G0541,50,10,5,0.5,NEAR,-1,9.346094796315604,-3.556755833379955,40.80919651706512,True,23.379642528270217,546.6076847497018,6.447435001720707,0.4363323129985823,0.2527348079207105,20000,0.0,0.0,0.0,0.0,0.0,0.06465,0.3091,0.57025,0.3027325965625008,0.31554072280372,0.2699756782017597,0.2817767137171441,4.285385233028599,10.774853781863762,13.816020659001872,21.543313685873812,0.08570770466057198,0.21549707563727524,0.2763204131800374,0.43086627371747627,0.29472344075354273,0.7291489081850998,0.9005558916073193,1.3350678478556288,4.298222179013879,10.788697067352995,13.838863246698986,21.56249125693571,11.536959032815489,FEASIBLE
G0542,50,10,5,0.5,NEAR,1,9.346094796315604,3.556755833379955,40.80919651706512,True,23.379642528270217,546.6076847497018,6.447435001720707,0.4363323129985823,0.2527348079207105,20000,0.0,0.0,0.0,0.0,0.0,0.06465,0.3091,0.57025,0.3027325965625008,0.31554072280372,0.2699756782017597,0.2817767137171441,4.285385233028599,10.774853781863762,13.816020659001872,21.543313685873812,0.08570770466057198,0.21549707563727524,0.2763204131800374,0.43086627371747627,0.29472344075354273,0.7291489081850998,0.9005558916073193,1.3350678478556288,4.298222179013879,10.788697067352995,13.838863246698986,21.56249125693571,11.536959032815489,FEASIBLE
G0543,50,10,5,0.5,FAR,-1,-8.586482446926013,-5.125653049966562,58.81027329210944,True,23.207208728421236,538.5745369645136,7.716708250507794,0.4363323129985824,0.3024894050039673,20000,0.0,0.0,0.0,0.0,0.0,0.0533,0.2615,0.48965,0.2554558360043523,0.2676357651944097,0.32343730084859146,0.3382450206402376,5.118821348385239,12.857228774624453,16.504630125354495,25.768723877805442,0.10237642696770478,0.25714457549248904,0.3300926025070899,0.5153744775561089,0.29458370595895134,0.7342524710472154,0.9107694102535381,1.361477520816951,5.1322208622767755,12.866707251460566,16.51669084546973,25.79574129792108,11.536959032815489,FEASIBLE
G0544,50,10,5,0.5,FAR,1,-8.586482446926013,5.125653049966562,58.81027329210944,True,23.207208728421236,538.5745369645136,7.716708250507794,0.4363323129985824,0.3024894050039673,20000,0.0,0.0,0.0,0.0,0.0,0.0533,0.2615,0.48965,0.2554558360043523,0.2676357651944097,0.32343730084859146,0.3382450206402376,5.118821348385239,12.857228774624453,16.504630125354495,25.768723877805442,0.10237642696770478,0.25714457549248904,0.3300926025070899,0.5153744775561089,0.29458370595895134,0.7342524710472154,0.9107694102535381,1.361477520816951,5.1322208622767755,12.866707251460566,16.51669084546973,25.79574129792108,11.536959032815489,FEASIBLE
G0545,50,10,10,0.05,NEAR,-1,6.393738052917385,-7.6889605091115065,44.27895882592839,True,11.515839909263637,132.61456881578997,0.3327928009302206,0.04363323129985824,0.013045238082748805,20000,0.0,0.0,0.0,0.0,0.0,0.87055,1.0,1.0,0.9998079639438954,0.9999999999999999,0.012763767121939225,0.01310119132936606,0.2225653255535036,0.5446075292707633,0.6457488906903492,0.8361108868735841,0.004451306511070072,0.010892150585415266,0.012914977813806985,0.016722217737471682,0.029487872904330078,0.07123576558889476,0.08532566736836752,0.11146926715867143,0.22569787098534735,0.5477442050660262,0.6496427952579678,0.8419784137212161,11.536959032815489,FEASIBLE
G0546,50,10,10,0.05,NEAR,1,6.393738052917385,7.6889605091115065,44.27895882592839,True,11.515839909263637,132.61456881578997,0.3327928009302206,0.04363323129985824,0.013045238082748805,20000,0.0,0.0,0.0,0.0,0.0,0.87055,1.0,1.0,0.9998079639438954,0.9999999999999999,0.012763767121939225,0.01310119132936606,0.2225653255535036,0.5446075292707633,0.6457488906903492,0.8361108868735841,0.004451306511070072,0.010892150585415266,0.012914977813806985,0.016722217737471682,0.029487872904330078,0.07123576558889476,0.08532566736836752,0.11146926715867143,0.22569787098534735,0.5477442050660262,0.6496427952579678,0.8419784137212161,11.536959032815489,FEASIBLE
G0547,50,10,10,0.05,FAR,-1,-3.378369092212793,-9.412046657171928,54.20181647529241,True,11.46785702344308,131.5117447101323,0.3680093717235959,0.04363323129985824,0.014425702291029217,20000,0.0,0.0,0.0,0.0,0.0,0.8308,1.0,1.0,0.9998079639438954,0.9999999999999999,0.014105564222595887,0.014477304953170601,0.24572447157640906,0.5996711724788284,0.7141533425980171,0.9291218541903845,0.004914489431528181,0.011993423449576568,0.014283066851960341,0.01858243708380769,0.029484098576051408,0.07121485811208447,0.08532432672406395,0.11131611272625583,0.24862790203556503,0.6023049518196847,0.717644975681309,0.9319360521913884,11.536959032815489,FEASIBLE
G0548,50,10,10,0.05,FAR,1,-3.378369092212793,9.412046657171928,54.20181647529241,True,11.467857023443083,131.5117447101323,0.3680093717235959,0.04363323129985824,0.014425702291029217,20000,0.0,0.0,0.0,0.0,0.0,0.8308,1.0,1.0,0.9998079639438954,0.9999999999999999,0.014105564222595887,0.014477304953170601,0.24572447157640906,0.5996711724788284,0.7141533425980171,0.9291218541903845,0.004914489431528181,0.011993423449576568,0.014283066851960341,0.01858243708380769,0.029484098576051408,0.07121485811208447,0.08532432672406395,0.11131611272625583,0.24862790203556503,0.6023049518196847,0.717644975681309,0.9319360521913884,11.536959032815489,FEASIBLE
G0549,50,10,10,0.1,NEAR,-1,6.393738052917385,-7.6889605091115065,44.27895882592839,True,11.515839909263637,132.61456881578997,0.6655856018604412,0.08726646259971647,0.02609047616549761,20000,0.0,0.0,0.0,0.0,0.0,0.55205,0.9998,1.0,0.9994858195143681,0.9999222212439498,0.02555427256497424,0.026248209722941028,0.4449217766246392,1.0870577366166074,1.2954808773856925,1.675007050695207,0.008898435532492784,0.02174115473233215,0.02590961754771385,0.03350014101390414,0.05901357226721107,0.14231421196179586,0.1707548579501794,0.22263747225384112,0.45150579568920246,1.0926886731951209,1.3024769783355128,1.6825787359632833,11.536959032815489,FEASIBLE
G0550,50,10,10,0.1,NEAR,1,6.393738052917385,7.6889605091115065,44.27895882592839,True,11.515839909263637,132.61456881578997,0.6655856018604412,0.08726646259971647,0.02609047616549761,20000,0.0,0.0,0.0,0.0,0.0,0.55205,0.9998,1.0,0.9994858195143681,0.9999222212439498,0.02555427256497424,0.026248209722941028,0.4449217766246392,1.0870577366166074,1.2954808773856925,1.675007050695207,0.008898435532492784,0.02174115473233215,0.02590961754771385,0.03350014101390414,0.05901357226721107,0.14231421196179586,0.1707548579501794,0.22263747225384112,0.45150579568920246,1.0926886731951209,1.3024769783355128,1.6825787359632833,11.536959032815489,FEASIBLE
G0551,50,10,10,0.1,FAR,-1,-3.378369092212793,-9.412046657171928,54.20181647529241,True,11.46785702344308,131.5117447101323,0.7360187434471918,0.08726646259971647,0.028851404582058433,20000,0.0,0.0,0.0,0.0,0.0,0.50745,0.9993,1.0,0.9988252697172566,0.9995829630771171,0.028218280692723283,0.0289867758074206,0.4912438977744457,1.1983891273582898,1.4281470608912485,1.854835531455187,0.009824877955488915,0.023967782547165795,0.02856294121782497,0.03709671062910374,0.05899949946090345,0.14229946791775455,0.17086345382024884,0.22243476418808558,0.49719066335941214,1.2048092463130733,1.4346849240530746,1.861928762957009,11.536959032815489,FEASIBLE
G0552,50,10,10,0.1,FAR,1,-3.378369092212793,9.412046657171928,54.20181647529241,True,11.467857023443083,131.5117447101323,0.7360187434471918,0.08726646259971647,0.028851404582058433,20000,0.0,0.0,0.0,0.0,0.0,0.50745,0.9993,1.0,0.9988252697172566,0.9995829630771171,0.028218280692723283,0.0289867758074206,0.4912438977744457,1.1983891273582898,1.4281470608912485,1.854835531455187,0.009824877955488915,0.023967782547165795,0.02856294121782497,0.03709671062910374,0.05899949946090345,0.14229946791775455,0.17086345382024884,0.22243476418808558,0.49719066335941214,1.2048092463130733,1.4346849240530746,1.861928762957009,11.536959032815489,FEASIBLE
G0553,50,10,10,0.2,NEAR,-1,6.393738052917385,-7.6889605091115065,44.27895882592839,True,11.515839909263637,132.61456881578997,1.3311712037208825,0.17453292519943295,0.05218095233099522,20000,0.0,0.0,0.0,0.0,0.0,0.29945,0.93995,0.99965,0.9365721232957485,0.9431589041784849,0.05139242131842451,0.05259848083296362,0.8905202012644935,2.174376796596434,2.60153274007439,3.391603140081884,0.01781040402528987,0.043487535931928674,0.0520306548014878,0.06783206280163767,0.11800481100712067,0.28573445754321175,0.3411708937506766,0.44819761675979713,0.9026865313693886,2.1894114466970342,2.6148504041265586,3.4105218074824633,11.536959032815489,FEASIBLE
G0554,50,10,10,0.2,NEAR,1,6.393738052917385,7.6889605091115065,44.27895882592839,True,11.515839909263637,132.61456881578997,1.3311712037208825,0.17453292519943295,0.05218095233099522,20000,0.0,0.0,0.0,0.0,0.0,0.29945,0.93995,0.99965,0.9365721232957485,0.9431589041784849,0.05139242131842451,0.05259848083296362,0.8905202012644935,2.174376796596434,2.60153274007439,3.391603140081884,0.01781040402528987,0.043487535931928674,0.0520306548014878,0.06783206280163767,0.11800481100712067,0.28573445754321175,0.3411708937506766,0.44819761675979713,0.9026865313693886,2.1894114466970342,2.6148504041265586,3.4105218074824633,11.536959032815489,FEASIBLE
G0555,50,10,10,0.2,FAR,-1,-3.378369092212793,-9.412046657171928,54.20181647529241,True,11.46785702344308,131.5117447101323,1.4720374868943835,0.17453292519943295,0.05770280916411687,20000,0.0,0.0,0.0,0.0,0.0,0.2714,0.9121,0.9992,0.9080962622343426,0.915945461648216,0.056635772061254815,0.05798251579398752,0.9823714464297808,2.4089504002390996,2.8653578430537934,3.776435437393012,0.019647428928595615,0.04817900800478199,0.05730715686107587,0.07552870874786023,0.11803204487358243,0.28554268457329557,0.34097366192371686,0.44791487307826705,0.9948361633171254,2.4183156742810863,2.879273442783188,3.7901878241460487,11.536959032815489,FEASIBLE
G0556,50,10,10,0.2,FAR,1,-3.378369092212793,9.412046657171928,54.20181647529241,True,11.467857023443083,131.5117447101323,1.4720374868943835,0.17453292519943295,0.05770280916411687,20000,0.0,0.0,0.0,0.0,0.0,0.2714,0.9121,0.9992,0.9080962622343426,0.915945461648216,0.056635772061254815,0.05798251579398752,0.9823714464297808,2.4089504002390996,2.8653578430537934,3.776435437393012,0.019647428928595615,0.04817900800478199,0.05730715686107587,0.07552870874786023,0.11803204487358243,0.28554268457329557,0.34097366192371686,0.44791487307826705,0.9948361633171254,2.4183156742810863,2.879273442783188,3.7901878241460487,11.536959032815489,FEASIBLE
G0557,50,10,10,0.5,NEAR,-1,6.393738052917385,-7.6889605091115065,44.27895882592839,True,11.515839909263637,132.61456881578937,3.3279280093022057,0.4363323129985824,0.13045238082748803,20000,0.0,0.0,0.0,0.0,0.0,0.12385,0.5525,0.86935,0.5455993581667388,0.5593804780473702,0.13022728307928702,0.1341029677937796,2.219255385034799,5.464780139507738,6.6183245151549315,9.030929008321394,0.04438510770069598,0.10929560279015477,0.13236649030309863,0.18061858016642787,0.29466737885350786,0.7191730537065638,0.8588275940784071,1.1595346545659713,2.253142526745477,5.490614890213703,6.655872200155403,9.074162327699314,11.536959032815489,FEASIBLE
G0558,50,10,10,0.5,NEAR,1,6.393738052917385,7.6889605091115065,44.27895882592839,True,11.515839909263637,132.61456881578937,3.3279280093022057,0.4363323129985824,0.13045238082748803,20000,0.0,0.0,0.0,0.0,0.0,0.12385,0.5525,0.86935,0.5455993581667388,0.5593804780473702,0.13022728307928702,0.1341029677937796,2.219255385034799,5.464780139507738,6.6183245151549315,9.030929008321394,0.04438510770069598,0.10929560279015477,0.13236649030309863,0.18061858016642787,0.29466737885350786,0.7191730537065638,0.8588275940784071,1.1595346545659713,2.253142526745477,5.490614890213703,6.655872200155403,9.074162327699314,11.536959032815489,FEASIBLE
G0559,50,10,10,0.5,FAR,-1,-3.378369092212793,-9.412046657171928,54.20181647529241,True,11.46785702344308,131.51174471013343,3.680093717235959,0.43633231299858244,0.1442570229102922,20000,0.0,0.0,0.0,0.0,0.0,0.11075,0.50765,0.8302,0.5007204880725246,0.5145765737758171,0.14383288103702496,0.1476785544475446,2.453442107120523,6.05671236955105,7.276362441050495,10.026942193250406,0.04906884214241046,0.12113424739102101,0.1455272488210099,0.20053884386500812,0.29451135552732005,0.7186517746669827,0.8615440566059959,1.1628820505181472,2.4836621821092737,6.081046684045798,7.304026425391168,10.05666418748704,11.536959032815489,FEASIBLE
G0560,50,10,10,0.5,FAR,1,-3.378369092212793,9.412046657171928,54.20181647529241,True,11.467857023443083,131.51174471013343,3.680093717235959,0.43633231299858244,0.1442570229102922,20000,0.0,0.0,0.0,0.0,0.0,0.11075,0.50765,0.8302,0.5007204880725246,0.5145765737758171,0.14383288103702496,0.1476785544475446,2.453442107120523,6.05671236955105,7.276362441050495,10.026942193250406,0.04906884214241046,0.12113424739102101,0.1455272488210099,0.20053884386500812,0.29451135552732005,0.7186517746669827,0.8615440566059959,1.1628820505181472,2.4836621821092737,6.081046684045798,7.304026425391168,10.05666418748704,11.536959032815489,FEASIBLE
G0561,50,10,20,0.05,NEAR,-1,,,,,,,,,,,,,,,,,,,,,,,,,,,,,,,,,,,,,,,11.536959032815489,INFEASIBLE_TRIANGLE
G0562,50,10,20,0.05,NEAR,1,,,,,,,,,,,,,,,,,,,,,,,,,,,,,,,,,,,,,,,11.536959032815489,INFEASIBLE_TRIANGLE
G0563,50,10,20,0.05,FAR,-1,,,,,,,,,,,,,,,,,,,,,,,,,,,,,,,,,,,,,,,11.536959032815489,INFEASIBLE_TRIANGLE
G0564,50,10,20,0.05,FAR,1,,,,,,,,,,,,,,,,,,,,,,,,,,,,,,,,,,,,,,,11.536959032815489,INFEASIBLE_TRIANGLE
G0565,50,10,20,0.1,NEAR,-1,,,,,,,,,,,,,,,,,,,,,,,,,,,,,,,,,,,,,,,11.536959032815489,INFEASIBLE_TRIANGLE
G0566,50,10,20,0.1,NEAR,1,,,,,,,,,,,,,,,,,,,,,,,,,,,,,,,,,,,,,,,11.536959032815489,INFEASIBLE_TRIANGLE
G0567,50,10,20,0.1,FAR,-1,,,,,,,,,,,,,,,,,,,,,,,,,,,,,,,,,,,,,,,11.536959032815489,INFEASIBLE_TRIANGLE
G0568,50,10,20,0.1,FAR,1,,,,,,,,,,,,,,,,,,,,,,,,,,,,,,,,,,,,,,,11.536959032815489,INFEASIBLE_TRIANGLE
G0569,50,10,20,0.2,NEAR,-1,,,,,,,,,,,,,,,,,,,,,,,,,,,,,,,,,,,,,,,11.536959032815489,INFEASIBLE_TRIANGLE
G0570,50,10,20,0.2,NEAR,1,,,,,,,,,,,,,,,,,,,,,,,,,,,,,,,,,,,,,,,11.536959032815489,INFEASIBLE_TRIANGLE
G0571,50,10,20,0.2,FAR,-1,,,,,,,,,,,,,,,,,,,,,,,,,,,,,,,,,,,,,,,11.536959032815489,INFEASIBLE_TRIANGLE
G0572,50,10,20,0.2,FAR,1,,,,,,,,,,,,,,,,,,,,,,,,,,,,,,,,,,,,,,,11.536959032815489,INFEASIBLE_TRIANGLE
G0573,50,10,20,0.5,NEAR,-1,,,,,,,,,,,,,,,,,,,,,,,,,,,,,,,,,,,,,,,11.536959032815489,INFEASIBLE_TRIANGLE
G0574,50,10,20,0.5,NEAR,1,,,,,,,,,,,,,,,,,,,,,,,,,,,,,,,,,,,,,,,11.536959032815489,INFEASIBLE_TRIANGLE
G0575,50,10,20,0.5,FAR,-1,,,,,,,,,,,,,,,,,,,,,,,,,,,,,,,,,,,,,,,11.536959032815489,INFEASIBLE_TRIANGLE
G0576,50,10,20,0.5,FAR,1,,,,,,,,,,,,,,,,,,,,,,,,,,,,,,,,,,,,,,,11.536959032815489,INFEASIBLE_TRIANGLE
G0577,50,10,30,0.05,NEAR,-1,,,,,,,,,,,,,,,,,,,,,,,,,,,,,,,,,,,,,,,11.536959032815489,INFEASIBLE_TRIANGLE
G0578,50,10,30,0.05,NEAR,1,,,,,,,,,,,,,,,,,,,,,,,,,,,,,,,,,,,,,,,11.536959032815489,INFEASIBLE_TRIANGLE
G0579,50,10,30,0.05,FAR,-1,,,,,,,,,,,,,,,,,,,,,,,,,,,,,,,,,,,,,,,11.536959032815489,INFEASIBLE_TRIANGLE
G0580,50,10,30,0.05,FAR,1,,,,,,,,,,,,,,,,,,,,,,,,,,,,,,,,,,,,,,,11.536959032815489,INFEASIBLE_TRIANGLE
G0581,50,10,30,0.1,NEAR,-1,,,,,,,,,,,,,,,,,,,,,,,,,,,,,,,,,,,,,,,11.536959032815489,INFEASIBLE_TRIANGLE
G0582,50,10,30,0.1,NEAR,1,,,,,,,,,,,,,,,,,,,,,,,,,,,,,,,,,,,,,,,11.536959032815489,INFEASIBLE_TRIANGLE
G0583,50,10,30,0.1,FAR,-1,,,,,,,,,,,,,,,,,,,,,,,,,,,,,,,,,,,,,,,11.536959032815489,INFEASIBLE_TRIANGLE
G0584,50,10,30,0.1,FAR,1,,,,,,,,,,,,,,,,,,,,,,,,,,,,,,,,,,,,,,,11.536959032815489,INFEASIBLE_TRIANGLE
G0585,50,10,30,0.2,NEAR,-1,,,,,,,,,,,,,,,,,,,,,,,,,,,,,,,,,,,,,,,11.536959032815489,INFEASIBLE_TRIANGLE
G0586,50,10,30,0.2,NEAR,1,,,,,,,,,,,,,,,,,,,,,,,,,,,,,,,,,,,,,,,11.536959032815489,INFEASIBLE_TRIANGLE
G0587,50,10,30,0.2,FAR,-1,,,,,,,,,,,,,,,,,,,,,,,,,,,,,,,,,,,,,,,11.536959032815489,INFEASIBLE_TRIANGLE
G0588,50,10,30,0.2,FAR,1,,,,,,,,,,,,,,,,,,,,,,,,,,,,,,,,,,,,,,,11.536959032815489,INFEASIBLE_TRIANGLE
G0589,50,10,30,0.5,NEAR,-1,,,,,,,,,,,,,,,,,,,,,,,,,,,,,,,,,,,,,,,11.536959032815489,INFEASIBLE_TRIANGLE
G0590,50,10,30,0.5,NEAR,1,,,,,,,,,,,,,,,,,,,,,,,,,,,,,,,,,,,,,,,11.536959032815489,INFEASIBLE_TRIANGLE
G0591,50,10,30,0.5,FAR,-1,,,,,,,,,,,,,,,,,,,,,,,,,,,,,,,,,,,,,,,11.536959032815489,INFEASIBLE_TRIANGLE
G0592,50,10,30,0.5,FAR,1,,,,,,,,,,,,,,,,,,,,,,,,,,,,,,,,,,,,,,,11.536959032815489,INFEASIBLE_TRIANGLE
G0593,50,10,45,0.05,NEAR,-1,,,,,,,,,,,,,,,,,,,,,,,,,,,,,,,,,,,,,,,11.536959032815489,INFEASIBLE_TRIANGLE
G0594,50,10,45,0.05,NEAR,1,,,,,,,,,,,,,,,,,,,,,,,,,,,,,,,,,,,,,,,11.536959032815489,INFEASIBLE_TRIANGLE
G0595,50,10,45,0.05,FAR,-1,,,,,,,,,,,,,,,,,,,,,,,,,,,,,,,,,,,,,,,11.536959032815489,INFEASIBLE_TRIANGLE
G0596,50,10,45,0.05,FAR,1,,,,,,,,,,,,,,,,,,,,,,,,,,,,,,,,,,,,,,,11.536959032815489,INFEASIBLE_TRIANGLE
G0597,50,10,45,0.1,NEAR,-1,,,,,,,,,,,,,,,,,,,,,,,,,,,,,,,,,,,,,,,11.536959032815489,INFEASIBLE_TRIANGLE
G0598,50,10,45,0.1,NEAR,1,,,,,,,,,,,,,,,,,,,,,,,,,,,,,,,,,,,,,,,11.536959032815489,INFEASIBLE_TRIANGLE
G0599,50,10,45,0.1,FAR,-1,,,,,,,,,,,,,,,,,,,,,,,,,,,,,,,,,,,,,,,11.536959032815489,INFEASIBLE_TRIANGLE
G0600,50,10,45,0.1,FAR,1,,,,,,,,,,,,,,,,,,,,,,,,,,,,,,,,,,,,,,,11.536959032815489,INFEASIBLE_TRIANGLE
G0601,50,10,45,0.2,NEAR,-1,,,,,,,,,,,,,,,,,,,,,,,,,,,,,,,,,,,,,,,11.536959032815489,INFEASIBLE_TRIANGLE
G0602,50,10,45,0.2,NEAR,1,,,,,,,,,,,,,,,,,,,,,,,,,,,,,,,,,,,,,,,11.536959032815489,INFEASIBLE_TRIANGLE
G0603,50,10,45,0.2,FAR,-1,,,,,,,,,,,,,,,,,,,,,,,,,,,,,,,,,,,,,,,11.536959032815489,INFEASIBLE_TRIANGLE
G0604,50,10,45,0.2,FAR,1,,,,,,,,,,,,,,,,,,,,,,,,,,,,,,,,,,,,,,,11.536959032815489,INFEASIBLE_TRIANGLE
G0605,50,10,45,0.5,NEAR,-1,,,,,,,,,,,,,,,,,,,,,,,,,,,,,,,,,,,,,,,11.536959032815489,INFEASIBLE_TRIANGLE
G0606,50,10,45,0.5,NEAR,1,,,,,,,,,,,,,,,,,,,,,,,,,,,,,,,,,,,,,,,11.536959032815489,INFEASIBLE_TRIANGLE
G0607,50,10,45,0.5,FAR,-1,,,,,,,,,,,,,,,,,,,,,,,,,,,,,,,,,,,,,,,11.536959032815489,INFEASIBLE_TRIANGLE
G0608,50,10,45,0.5,FAR,1,,,,,,,,,,,,,,,,,,,,,,,,,,,,,,,,,,,,,,,11.536959032815489,INFEASIBLE_TRIANGLE
G0609,50,10,60,0.05,NEAR,-1,,,,,,,,,,,,,,,,,,,,,,,,,,,,,,,,,,,,,,,11.536959032815489,INFEASIBLE_TRIANGLE
G0610,50,10,60,0.05,NEAR,1,,,,,,,,,,,,,,,,,,,,,,,,,,,,,,,,,,,,,,,11.536959032815489,INFEASIBLE_TRIANGLE
G0611,50,10,60,0.05,FAR,-1,,,,,,,,,,,,,,,,,,,,,,,,,,,,,,,,,,,,,,,11.536959032815489,INFEASIBLE_TRIANGLE
G0612,50,10,60,0.05,FAR,1,,,,,,,,,,,,,,,,,,,,,,,,,,,,,,,,,,,,,,,11.536959032815489,INFEASIBLE_TRIANGLE
G0613,50,10,60,0.1,NEAR,-1,,,,,,,,,,,,,,,,,,,,,,,,,,,,,,,,,,,,,,,11.536959032815489,INFEASIBLE_TRIANGLE
G0614,50,10,60,0.1,NEAR,1,,,,,,,,,,,,,,,,,,,,,,,,,,,,,,,,,,,,,,,11.536959032815489,INFEASIBLE_TRIANGLE
G0615,50,10,60,0.1,FAR,-1,,,,,,,,,,,,,,,,,,,,,,,,,,,,,,,,,,,,,,,11.536959032815489,INFEASIBLE_TRIANGLE
G0616,50,10,60,0.1,FAR,1,,,,,,,,,,,,,,,,,,,,,,,,,,,,,,,,,,,,,,,11.536959032815489,INFEASIBLE_TRIANGLE
G0617,50,10,60,0.2,NEAR,-1,,,,,,,,,,,,,,,,,,,,,,,,,,,,,,,,,,,,,,,11.536959032815489,INFEASIBLE_TRIANGLE
G0618,50,10,60,0.2,NEAR,1,,,,,,,,,,,,,,,,,,,,,,,,,,,,,,,,,,,,,,,11.536959032815489,INFEASIBLE_TRIANGLE
G0619,50,10,60,0.2,FAR,-1,,,,,,,,,,,,,,,,,,,,,,,,,,,,,,,,,,,,,,,11.536959032815489,INFEASIBLE_TRIANGLE
G0620,50,10,60,0.2,FAR,1,,,,,,,,,,,,,,,,,,,,,,,,,,,,,,,,,,,,,,,11.536959032815489,INFEASIBLE_TRIANGLE
G0621,50,10,60,0.5,NEAR,-1,,,,,,,,,,,,,,,,,,,,,,,,,,,,,,,,,,,,,,,11.536959032815489,INFEASIBLE_TRIANGLE
G0622,50,10,60,0.5,NEAR,1,,,,,,,,,,,,,,,,,,,,,,,,,,,,,,,,,,,,,,,11.536959032815489,INFEASIBLE_TRIANGLE
G0623,50,10,60,0.5,FAR,-1,,,,,,,,,,,,,,,,,,,,,,,,,,,,,,,,,,,,,,,11.536959032815489,INFEASIBLE_TRIANGLE
G0624,50,10,60,0.5,FAR,1,,,,,,,,,,,,,,,,,,,,,,,,,,,,,,,,,,,,,,,11.536959032815489,INFEASIBLE_TRIANGLE
G0625,50,10,90,0.05,NEAR,-1,,,,,,,,,,,,,,,,,,,,,,,,,,,,,,,,,,,,,,,11.536959032815489,INFEASIBLE_TRIANGLE
G0626,50,10,90,0.05,NEAR,1,,,,,,,,,,,,,,,,,,,,,,,,,,,,,,,,,,,,,,,11.536959032815489,INFEASIBLE_TRIANGLE
G0627,50,10,90,0.05,FAR,-1,,,,,,,,,,,,,,,,,,,,,,,,,,,,,,,,,,,,,,,11.536959032815489,INFEASIBLE_TRIANGLE
G0628,50,10,90,0.05,FAR,1,,,,,,,,,,,,,,,,,,,,,,,,,,,,,,,,,,,,,,,11.536959032815489,INFEASIBLE_TRIANGLE
G0629,50,10,90,0.1,NEAR,-1,,,,,,,,,,,,,,,,,,,,,,,,,,,,,,,,,,,,,,,11.536959032815489,INFEASIBLE_TRIANGLE
G0630,50,10,90,0.1,NEAR,1,,,,,,,,,,,,,,,,,,,,,,,,,,,,,,,,,,,,,,,11.536959032815489,INFEASIBLE_TRIANGLE
G0631,50,10,90,0.1,FAR,-1,,,,,,,,,,,,,,,,,,,,,,,,,,,,,,,,,,,,,,,11.536959032815489,INFEASIBLE_TRIANGLE
G0632,50,10,90,0.1,FAR,1,,,,,,,,,,,,,,,,,,,,,,,,,,,,,,,,,,,,,,,11.536959032815489,INFEASIBLE_TRIANGLE
G0633,50,10,90,0.2,NEAR,-1,,,,,,,,,,,,,,,,,,,,,,,,,,,,,,,,,,,,,,,11.536959032815489,INFEASIBLE_TRIANGLE
G0634,50,10,90,0.2,NEAR,1,,,,,,,,,,,,,,,,,,,,,,,,,,,,,,,,,,,,,,,11.536959032815489,INFEASIBLE_TRIANGLE
G0635,50,10,90,0.2,FAR,-1,,,,,,,,,,,,,,,,,,,,,,,,,,,,,,,,,,,,,,,11.536959032815489,INFEASIBLE_TRIANGLE
G0636,50,10,90,0.2,FAR,1,,,,,,,,,,,,,,,,,,,,,,,,,,,,,,,,,,,,,,,11.536959032815489,INFEASIBLE_TRIANGLE
G0637,50,10,90,0.5,NEAR,-1,,,,,,,,,,,,,,,,,,,,,,,,,,,,,,,,,,,,,,,11.536959032815489,INFEASIBLE_TRIANGLE
G0638,50,10,90,0.5,NEAR,1,,,,,,,,,,,,,,,,,,,,,,,,,,,,,,,,,,,,,,,11.536959032815489,INFEASIBLE_TRIANGLE
G0639,50,10,90,0.5,FAR,-1,,,,,,,,,,,,,,,,,,,,,,,,,,,,,,,,,,,,,,,11.536959032815489,INFEASIBLE_TRIANGLE
G0640,50,10,90,0.5,FAR,1,,,,,,,,,,,,,,,,,,,,,,,,,,,,,,,,,,,,,,,11.536959032815489,INFEASIBLE_TRIANGLE
G0641,55,0.5,2,0.05,NEAR,-1,,,,,,,,,,,,,,,,,,,,,,,,,,,,,,,,,,,,,,,0.5208778976409002,INFEASIBLE_TRIANGLE
G0642,55,0.5,2,0.05,NEAR,1,,,,,,,,,,,,,,,,,,,,,,,,,,,,,,,,,,,,,,,0.5208778976409002,INFEASIBLE_TRIANGLE
G0643,55,0.5,2,0.05,FAR,-1,,,,,,,,,,,,,,,,,,,,,,,,,,,,,,,,,,,,,,,0.5208778976409002,INFEASIBLE_TRIANGLE
G0644,55,0.5,2,0.05,FAR,1,,,,,,,,,,,,,,,,,,,,,,,,,,,,,,,,,,,,,,,0.5208778976409002,INFEASIBLE_TRIANGLE
G0645,55,0.5,2,0.1,NEAR,-1,,,,,,,,,,,,,,,,,,,,,,,,,,,,,,,,,,,,,,,0.5208778976409002,INFEASIBLE_TRIANGLE
G0646,55,0.5,2,0.1,NEAR,1,,,,,,,,,,,,,,,,,,,,,,,,,,,,,,,,,,,,,,,0.5208778976409002,INFEASIBLE_TRIANGLE
G0647,55,0.5,2,0.1,FAR,-1,,,,,,,,,,,,,,,,,,,,,,,,,,,,,,,,,,,,,,,0.5208778976409002,INFEASIBLE_TRIANGLE
G0648,55,0.5,2,0.1,FAR,1,,,,,,,,,,,,,,,,,,,,,,,,,,,,,,,,,,,,,,,0.5208778976409002,INFEASIBLE_TRIANGLE
G0649,55,0.5,2,0.2,NEAR,-1,,,,,,,,,,,,,,,,,,,,,,,,,,,,,,,,,,,,,,,0.5208778976409002,INFEASIBLE_TRIANGLE
G0650,55,0.5,2,0.2,NEAR,1,,,,,,,,,,,,,,,,,,,,,,,,,,,,,,,,,,,,,,,0.5208778976409002,INFEASIBLE_TRIANGLE
G0651,55,0.5,2,0.2,FAR,-1,,,,,,,,,,,,,,,,,,,,,,,,,,,,,,,,,,,,,,,0.5208778976409002,INFEASIBLE_TRIANGLE
G0652,55,0.5,2,0.2,FAR,1,,,,,,,,,,,,,,,,,,,,,,,,,,,,,,,,,,,,,,,0.5208778976409002,INFEASIBLE_TRIANGLE
G0653,55,0.5,2,0.5,NEAR,-1,,,,,,,,,,,,,,,,,,,,,,,,,,,,,,,,,,,,,,,0.5208778976409002,INFEASIBLE_TRIANGLE
G0654,55,0.5,2,0.5,NEAR,1,,,,,,,,,,,,,,,,,,,,,,,,,,,,,,,,,,,,,,,0.5208778976409002,INFEASIBLE_TRIANGLE
G0655,55,0.5,2,0.5,FAR,-1,,,,,,,,,,,,,,,,,,,,,,,,,,,,,,,,,,,,,,,0.5208778976409002,INFEASIBLE_TRIANGLE
G0656,55,0.5,2,0.5,FAR,1,,,,,,,,,,,,,,,,,,,,,,,,,,,,,,,,,,,,,,,0.5208778976409002,INFEASIBLE_TRIANGLE
G0657,55,0.5,5,0.05,NEAR,-1,,,,,,,,,,,,,,,,,,,,,,,,,,,,,,,,,,,,,,,0.5208778976409002,INFEASIBLE_TRIANGLE
G0658,55,0.5,5,0.05,NEAR,1,,,,,,,,,,,,,,,,,,,,,,,,,,,,,,,,,,,,,,,0.5208778976409002,INFEASIBLE_TRIANGLE
G0659,55,0.5,5,0.05,FAR,-1,,,,,,,,,,,,,,,,,,,,,,,,,,,,,,,,,,,,,,,0.5208778976409002,INFEASIBLE_TRIANGLE
G0660,55,0.5,5,0.05,FAR,1,,,,,,,,,,,,,,,,,,,,,,,,,,,,,,,,,,,,,,,0.5208778976409002,INFEASIBLE_TRIANGLE
G0661,55,0.5,5,0.1,NEAR,-1,,,,,,,,,,,,,,,,,,,,,,,,,,,,,,,,,,,,,,,0.5208778976409002,INFEASIBLE_TRIANGLE
G0662,55,0.5,5,0.1,NEAR,1,,,,,,,,,,,,,,,,,,,,,,,,,,,,,,,,,,,,,,,0.5208778976409002,INFEASIBLE_TRIANGLE
G0663,55,0.5,5,0.1,FAR,-1,,,,,,,,,,,,,,,,,,,,,,,,,,,,,,,,,,,,,,,0.5208778976409002,INFEASIBLE_TRIANGLE
G0664,55,0.5,5,0.1,FAR,1,,,,,,,,,,,,,,,,,,,,,,,,,,,,,,,,,,,,,,,0.5208778976409002,INFEASIBLE_TRIANGLE
G0665,55,0.5,5,0.2,NEAR,-1,,,,,,,,,,,,,,,,,,,,,,,,,,,,,,,,,,,,,,,0.5208778976409002,INFEASIBLE_TRIANGLE
G0666,55,0.5,5,0.2,NEAR,1,,,,,,,,,,,,,,,,,,,,,,,,,,,,,,,,,,,,,,,0.5208778976409002,INFEASIBLE_TRIANGLE
G0667,55,0.5,5,0.2,FAR,-1,,,,,,,,,,,,,,,,,,,,,,,,,,,,,,,,,,,,,,,0.5208778976409002,INFEASIBLE_TRIANGLE
G0668,55,0.5,5,0.2,FAR,1,,,,,,,,,,,,,,,,,,,,,,,,,,,,,,,,,,,,,,,0.5208778976409002,INFEASIBLE_TRIANGLE
G0669,55,0.5,5,0.5,NEAR,-1,,,,,,,,,,,,,,,,,,,,,,,,,,,,,,,,,,,,,,,0.5208778976409002,INFEASIBLE_TRIANGLE
G0670,55,0.5,5,0.5,NEAR,1,,,,,,,,,,,,,,,,,,,,,,,,,,,,,,,,,,,,,,,0.5208778976409002,INFEASIBLE_TRIANGLE
G0671,55,0.5,5,0.5,FAR,-1,,,,,,,,,,,,,,,,,,,,,,,,,,,,,,,,,,,,,,,0.5208778976409002,INFEASIBLE_TRIANGLE
G0672,55,0.5,5,0.5,FAR,1,,,,,,,,,,,,,,,,,,,,,,,,,,,,,,,,,,,,,,,0.5208778976409002,INFEASIBLE_TRIANGLE
G0673,55,0.5,10,0.05,NEAR,-1,,,,,,,,,,,,,,,,,,,,,,,,,,,,,,,,,,,,,,,0.5208778976409002,INFEASIBLE_TRIANGLE
G0674,55,0.5,10,0.05,NEAR,1,,,,,,,,,,,,,,,,,,,,,,,,,,,,,,,,,,,,,,,0.5208778976409002,INFEASIBLE_TRIANGLE
G0675,55,0.5,10,0.05,FAR,-1,,,,,,,,,,,,,,,,,,,,,,,,,,,,,,,,,,,,,,,0.5208778976409002,INFEASIBLE_TRIANGLE
G0676,55,0.5,10,0.05,FAR,1,,,,,,,,,,,,,,,,,,,,,,,,,,,,,,,,,,,,,,,0.5208778976409002,INFEASIBLE_TRIANGLE
G0677,55,0.5,10,0.1,NEAR,-1,,,,,,,,,,,,,,,,,,,,,,,,,,,,,,,,,,,,,,,0.5208778976409002,INFEASIBLE_TRIANGLE
G0678,55,0.5,10,0.1,NEAR,1,,,,,,,,,,,,,,,,,,,,,,,,,,,,,,,,,,,,,,,0.5208778976409002,INFEASIBLE_TRIANGLE
G0679,55,0.5,10,0.1,FAR,-1,,,,,,,,,,,,,,,,,,,,,,,,,,,,,,,,,,,,,,,0.5208778976409002,INFEASIBLE_TRIANGLE
G0680,55,0.5,10,0.1,FAR,1,,,,,,,,,,,,,,,,,,,,,,,,,,,,,,,,,,,,,,,0.5208778976409002,INFEASIBLE_TRIANGLE
G0681,55,0.5,10,0.2,NEAR,-1,,,,,,,,,,,,,,,,,,,,,,,,,,,,,,,,,,,,,,,0.5208778976409002,INFEASIBLE_TRIANGLE
G0682,55,0.5,10,0.2,NEAR,1,,,,,,,,,,,,,,,,,,,,,,,,,,,,,,,,,,,,,,,0.5208778976409002,INFEASIBLE_TRIANGLE
G0683,55,0.5,10,0.2,FAR,-1,,,,,,,,,,,,,,,,,,,,,,,,,,,,,,,,,,,,,,,0.5208778976409002,INFEASIBLE_TRIANGLE
G0684,55,0.5,10,0.2,FAR,1,,,,,,,,,,,,,,,,,,,,,,,,,,,,,,,,,,,,,,,0.5208778976409002,INFEASIBLE_TRIANGLE
G0685,55,0.5,10,0.5,NEAR,-1,,,,,,,,,,,,,,,,,,,,,,,,,,,,,,,,,,,,,,,0.5208778976409002,INFEASIBLE_TRIANGLE
G0686,55,0.5,10,0.5,NEAR,1,,,,,,,,,,,,,,,,,,,,,,,,,,,,,,,,,,,,,,,0.5208778976409002,INFEASIBLE_TRIANGLE
G0687,55,0.5,10,0.5,FAR,-1,,,,,,,,,,,,,,,,,,,,,,,,,,,,,,,,,,,,,,,0.5208778976409002,INFEASIBLE_TRIANGLE
G0688,55,0.5,10,0.5,FAR,1,,,,,,,,,,,,,,,,,,,,,,,,,,,,,,,,,,,,,,,0.5208778976409002,INFEASIBLE_TRIANGLE
G0689,55,0.5,20,0.05,NEAR,-1,,,,,,,,,,,,,,,,,,,,,,,,,,,,,,,,,,,,,,,0.5208778976409002,INFEASIBLE_TRIANGLE
G0690,55,0.5,20,0.05,NEAR,1,,,,,,,,,,,,,,,,,,,,,,,,,,,,,,,,,,,,,,,0.5208778976409002,INFEASIBLE_TRIANGLE
G0691,55,0.5,20,0.05,FAR,-1,,,,,,,,,,,,,,,,,,,,,,,,,,,,,,,,,,,,,,,0.5208778976409002,INFEASIBLE_TRIANGLE
G0692,55,0.5,20,0.05,FAR,1,,,,,,,,,,,,,,,,,,,,,,,,,,,,,,,,,,,,,,,0.5208778976409002,INFEASIBLE_TRIANGLE
G0693,55,0.5,20,0.1,NEAR,-1,,,,,,,,,,,,,,,,,,,,,,,,,,,,,,,,,,,,,,,0.5208778976409002,INFEASIBLE_TRIANGLE
G0694,55,0.5,20,0.1,NEAR,1,,,,,,,,,,,,,,,,,,,,,,,,,,,,,,,,,,,,,,,0.5208778976409002,INFEASIBLE_TRIANGLE
G0695,55,0.5,20,0.1,FAR,-1,,,,,,,,,,,,,,,,,,,,,,,,,,,,,,,,,,,,,,,0.5208778976409002,INFEASIBLE_TRIANGLE
G0696,55,0.5,20,0.1,FAR,1,,,,,,,,,,,,,,,,,,,,,,,,,,,,,,,,,,,,,,,0.5208778976409002,INFEASIBLE_TRIANGLE
G0697,55,0.5,20,0.2,NEAR,-1,,,,,,,,,,,,,,,,,,,,,,,,,,,,,,,,,,,,,,,0.5208778976409002,INFEASIBLE_TRIANGLE
G0698,55,0.5,20,0.2,NEAR,1,,,,,,,,,,,,,,,,,,,,,,,,,,,,,,,,,,,,,,,0.5208778976409002,INFEASIBLE_TRIANGLE
G0699,55,0.5,20,0.2,FAR,-1,,,,,,,,,,,,,,,,,,,,,,,,,,,,,,,,,,,,,,,0.5208778976409002,INFEASIBLE_TRIANGLE
G0700,55,0.5,20,0.2,FAR,1,,,,,,,,,,,,,,,,,,,,,,,,,,,,,,,,,,,,,,,0.5208778976409002,INFEASIBLE_TRIANGLE
G0701,55,0.5,20,0.5,NEAR,-1,,,,,,,,,,,,,,,,,,,,,,,,,,,,,,,,,,,,,,,0.5208778976409002,INFEASIBLE_TRIANGLE
G0702,55,0.5,20,0.5,NEAR,1,,,,,,,,,,,,,,,,,,,,,,,,,,,,,,,,,,,,,,,0.5208778976409002,INFEASIBLE_TRIANGLE
G0703,55,0.5,20,0.5,FAR,-1,,,,,,,,,,,,,,,,,,,,,,,,,,,,,,,,,,,,,,,0.5208778976409002,INFEASIBLE_TRIANGLE
G0704,55,0.5,20,0.5,FAR,1,,,,,,,,,,,,,,,,,,,,,,,,,,,,,,,,,,,,,,,0.5208778976409002,INFEASIBLE_TRIANGLE
G0705,55,0.5,30,0.05,NEAR,-1,,,,,,,,,,,,,,,,,,,,,,,,,,,,,,,,,,,,,,,0.5208778976409002,INFEASIBLE_TRIANGLE
G0706,55,0.5,30,0.05,NEAR,1,,,,,,,,,,,,,,,,,,,,,,,,,,,,,,,,,,,,,,,0.5208778976409002,INFEASIBLE_TRIANGLE
G0707,55,0.5,30,0.05,FAR,-1,,,,,,,,,,,,,,,,,,,,,,,,,,,,,,,,,,,,,,,0.5208778976409002,INFEASIBLE_TRIANGLE
G0708,55,0.5,30,0.05,FAR,1,,,,,,,,,,,,,,,,,,,,,,,,,,,,,,,,,,,,,,,0.5208778976409002,INFEASIBLE_TRIANGLE
G0709,55,0.5,30,0.1,NEAR,-1,,,,,,,,,,,,,,,,,,,,,,,,,,,,,,,,,,,,,,,0.5208778976409002,INFEASIBLE_TRIANGLE
G0710,55,0.5,30,0.1,NEAR,1,,,,,,,,,,,,,,,,,,,,,,,,,,,,,,,,,,,,,,,0.5208778976409002,INFEASIBLE_TRIANGLE
G0711,55,0.5,30,0.1,FAR,-1,,,,,,,,,,,,,,,,,,,,,,,,,,,,,,,,,,,,,,,0.5208778976409002,INFEASIBLE_TRIANGLE
G0712,55,0.5,30,0.1,FAR,1,,,,,,,,,,,,,,,,,,,,,,,,,,,,,,,,,,,,,,,0.5208778976409002,INFEASIBLE_TRIANGLE
G0713,55,0.5,30,0.2,NEAR,-1,,,,,,,,,,,,,,,,,,,,,,,,,,,,,,,,,,,,,,,0.5208778976409002,INFEASIBLE_TRIANGLE
G0714,55,0.5,30,0.2,NEAR,1,,,,,,,,,,,,,,,,,,,,,,,,,,,,,,,,,,,,,,,0.5208778976409002,INFEASIBLE_TRIANGLE
G0715,55,0.5,30,0.2,FAR,-1,,,,,,,,,,,,,,,,,,,,,,,,,,,,,,,,,,,,,,,0.5208778976409002,INFEASIBLE_TRIANGLE
G0716,55,0.5,30,0.2,FAR,1,,,,,,,,,,,,,,,,,,,,,,,,,,,,,,,,,,,,,,,0.5208778976409002,INFEASIBLE_TRIANGLE
G0717,55,0.5,30,0.5,NEAR,-1,,,,,,,,,,,,,,,,,,,,,,,,,,,,,,,,,,,,,,,0.5208778976409002,INFEASIBLE_TRIANGLE
G0718,55,0.5,30,0.5,NEAR,1,,,,,,,,,,,,,,,,,,,,,,,,,,,,,,,,,,,,,,,0.5208778976409002,INFEASIBLE_TRIANGLE
G0719,55,0.5,30,0.5,FAR,-1,,,,,,,,,,,,,,,,,,,,,,,,,,,,,,,,,,,,,,,0.5208778976409002,INFEASIBLE_TRIANGLE
G0720,55,0.5,30,0.5,FAR,1,,,,,,,,,,,,,,,,,,,,,,,,,,,,,,,,,,,,,,,0.5208778976409002,INFEASIBLE_TRIANGLE
G0721,55,0.5,45,0.05,NEAR,-1,,,,,,,,,,,,,,,,,,,,,,,,,,,,,,,,,,,,,,,0.5208778976409002,INFEASIBLE_TRIANGLE
G0722,55,0.5,45,0.05,NEAR,1,,,,,,,,,,,,,,,,,,,,,,,,,,,,,,,,,,,,,,,0.5208778976409002,INFEASIBLE_TRIANGLE
G0723,55,0.5,45,0.05,FAR,-1,,,,,,,,,,,,,,,,,,,,,,,,,,,,,,,,,,,,,,,0.5208778976409002,INFEASIBLE_TRIANGLE
G0724,55,0.5,45,0.05,FAR,1,,,,,,,,,,,,,,,,,,,,,,,,,,,,,,,,,,,,,,,0.5208778976409002,INFEASIBLE_TRIANGLE
G0725,55,0.5,45,0.1,NEAR,-1,,,,,,,,,,,,,,,,,,,,,,,,,,,,,,,,,,,,,,,0.5208778976409002,INFEASIBLE_TRIANGLE
G0726,55,0.5,45,0.1,NEAR,1,,,,,,,,,,,,,,,,,,,,,,,,,,,,,,,,,,,,,,,0.5208778976409002,INFEASIBLE_TRIANGLE
G0727,55,0.5,45,0.1,FAR,-1,,,,,,,,,,,,,,,,,,,,,,,,,,,,,,,,,,,,,,,0.5208778976409002,INFEASIBLE_TRIANGLE
G0728,55,0.5,45,0.1,FAR,1,,,,,,,,,,,,,,,,,,,,,,,,,,,,,,,,,,,,,,,0.5208778976409002,INFEASIBLE_TRIANGLE
G0729,55,0.5,45,0.2,NEAR,-1,,,,,,,,,,,,,,,,,,,,,,,,,,,,,,,,,,,,,,,0.5208778976409002,INFEASIBLE_TRIANGLE
G0730,55,0.5,45,0.2,NEAR,1,,,,,,,,,,,,,,,,,,,,,,,,,,,,,,,,,,,,,,,0.5208778976409002,INFEASIBLE_TRIANGLE
G0731,55,0.5,45,0.2,FAR,-1,,,,,,,,,,,,,,,,,,,,,,,,,,,,,,,,,,,,,,,0.5208778976409002,INFEASIBLE_TRIANGLE
G0732,55,0.5,45,0.2,FAR,1,,,,,,,,,,,,,,,,,,,,,,,,,,,,,,,,,,,,,,,0.5208778976409002,INFEASIBLE_TRIANGLE
G0733,55,0.5,45,0.5,NEAR,-1,,,,,,,,,,,,,,,,,,,,,,,,,,,,,,,,,,,,,,,0.5208778976409002,INFEASIBLE_TRIANGLE
G0734,55,0.5,45,0.5,NEAR,1,,,,,,,,,,,,,,,,,,,,,,,,,,,,,,,,,,,,,,,0.5208778976409002,INFEASIBLE_TRIANGLE
G0735,55,0.5,45,0.5,FAR,-1,,,,,,,,,,,,,,,,,,,,,,,,,,,,,,,,,,,,,,,0.5208778976409002,INFEASIBLE_TRIANGLE
G0736,55,0.5,45,0.5,FAR,1,,,,,,,,,,,,,,,,,,,,,,,,,,,,,,,,,,,,,,,0.5208778976409002,INFEASIBLE_TRIANGLE
G0737,55,0.5,60,0.05,NEAR,-1,,,,,,,,,,,,,,,,,,,,,,,,,,,,,,,,,,,,,,,0.5208778976409002,INFEASIBLE_TRIANGLE
G0738,55,0.5,60,0.05,NEAR,1,,,,,,,,,,,,,,,,,,,,,,,,,,,,,,,,,,,,,,,0.5208778976409002,INFEASIBLE_TRIANGLE
G0739,55,0.5,60,0.05,FAR,-1,,,,,,,,,,,,,,,,,,,,,,,,,,,,,,,,,,,,,,,0.5208778976409002,INFEASIBLE_TRIANGLE
G0740,55,0.5,60,0.05,FAR,1,,,,,,,,,,,,,,,,,,,,,,,,,,,,,,,,,,,,,,,0.5208778976409002,INFEASIBLE_TRIANGLE
G0741,55,0.5,60,0.1,NEAR,-1,,,,,,,,,,,,,,,,,,,,,,,,,,,,,,,,,,,,,,,0.5208778976409002,INFEASIBLE_TRIANGLE
G0742,55,0.5,60,0.1,NEAR,1,,,,,,,,,,,,,,,,,,,,,,,,,,,,,,,,,,,,,,,0.5208778976409002,INFEASIBLE_TRIANGLE
G0743,55,0.5,60,0.1,FAR,-1,,,,,,,,,,,,,,,,,,,,,,,,,,,,,,,,,,,,,,,0.5208778976409002,INFEASIBLE_TRIANGLE
G0744,55,0.5,60,0.1,FAR,1,,,,,,,,,,,,,,,,,,,,,,,,,,,,,,,,,,,,,,,0.5208778976409002,INFEASIBLE_TRIANGLE
G0745,55,0.5,60,0.2,NEAR,-1,,,,,,,,,,,,,,,,,,,,,,,,,,,,,,,,,,,,,,,0.5208778976409002,INFEASIBLE_TRIANGLE
G0746,55,0.5,60,0.2,NEAR,1,,,,,,,,,,,,,,,,,,,,,,,,,,,,,,,,,,,,,,,0.5208778976409002,INFEASIBLE_TRIANGLE
G0747,55,0.5,60,0.2,FAR,-1,,,,,,,,,,,,,,,,,,,,,,,,,,,,,,,,,,,,,,,0.5208778976409002,INFEASIBLE_TRIANGLE
G0748,55,0.5,60,0.2,FAR,1,,,,,,,,,,,,,,,,,,,,,,,,,,,,,,,,,,,,,,,0.5208778976409002,INFEASIBLE_TRIANGLE
G0749,55,0.5,60,0.5,NEAR,-1,,,,,,,,,,,,,,,,,,,,,,,,,,,,,,,,,,,,,,,0.5208778976409002,INFEASIBLE_TRIANGLE
G0750,55,0.5,60,0.5,NEAR,1,,,,,,,,,,,,,,,,,,,,,,,,,,,,,,,,,,,,,,,0.5208778976409002,INFEASIBLE_TRIANGLE
G0751,55,0.5,60,0.5,FAR,-1,,,,,,,,,,,,,,,,,,,,,,,,,,,,,,,,,,,,,,,0.5208778976409002,INFEASIBLE_TRIANGLE
G0752,55,0.5,60,0.5,FAR,1,,,,,,,,,,,,,,,,,,,,,,,,,,,,,,,,,,,,,,,0.5208778976409002,INFEASIBLE_TRIANGLE
G0753,55,0.5,90,0.05,NEAR,-1,,,,,,,,,,,,,,,,,,,,,,,,,,,,,,,,,,,,,,,0.5208778976409002,INFEASIBLE_TRIANGLE
G0754,55,0.5,90,0.05,NEAR,1,,,,,,,,,,,,,,,,,,,,,,,,,,,,,,,,,,,,,,,0.5208778976409002,INFEASIBLE_TRIANGLE
G0755,55,0.5,90,0.05,FAR,-1,,,,,,,,,,,,,,,,,,,,,,,,,,,,,,,,,,,,,,,0.5208778976409002,INFEASIBLE_TRIANGLE
G0756,55,0.5,90,0.05,FAR,1,,,,,,,,,,,,,,,,,,,,,,,,,,,,,,,,,,,,,,,0.5208778976409002,INFEASIBLE_TRIANGLE
G0757,55,0.5,90,0.1,NEAR,-1,,,,,,,,,,,,,,,,,,,,,,,,,,,,,,,,,,,,,,,0.5208778976409002,INFEASIBLE_TRIANGLE
G0758,55,0.5,90,0.1,NEAR,1,,,,,,,,,,,,,,,,,,,,,,,,,,,,,,,,,,,,,,,0.5208778976409002,INFEASIBLE_TRIANGLE
G0759,55,0.5,90,0.1,FAR,-1,,,,,,,,,,,,,,,,,,,,,,,,,,,,,,,,,,,,,,,0.5208778976409002,INFEASIBLE_TRIANGLE
G0760,55,0.5,90,0.1,FAR,1,,,,,,,,,,,,,,,,,,,,,,,,,,,,,,,,,,,,,,,0.5208778976409002,INFEASIBLE_TRIANGLE
G0761,55,0.5,90,0.2,NEAR,-1,,,,,,,,,,,,,,,,,,,,,,,,,,,,,,,,,,,,,,,0.5208778976409002,INFEASIBLE_TRIANGLE
G0762,55,0.5,90,0.2,NEAR,1,,,,,,,,,,,,,,,,,,,,,,,,,,,,,,,,,,,,,,,0.5208778976409002,INFEASIBLE_TRIANGLE
G0763,55,0.5,90,0.2,FAR,-1,,,,,,,,,,,,,,,,,,,,,,,,,,,,,,,,,,,,,,,0.5208778976409002,INFEASIBLE_TRIANGLE
G0764,55,0.5,90,0.2,FAR,1,,,,,,,,,,,,,,,,,,,,,,,,,,,,,,,,,,,,,,,0.5208778976409002,INFEASIBLE_TRIANGLE
G0765,55,0.5,90,0.5,NEAR,-1,,,,,,,,,,,,,,,,,,,,,,,,,,,,,,,,,,,,,,,0.5208778976409002,INFEASIBLE_TRIANGLE
G0766,55,0.5,90,0.5,NEAR,1,,,,,,,,,,,,,,,,,,,,,,,,,,,,,,,,,,,,,,,0.5208778976409002,INFEASIBLE_TRIANGLE
G0767,55,0.5,90,0.5,FAR,-1,,,,,,,,,,,,,,,,,,,,,,,,,,,,,,,,,,,,,,,0.5208778976409002,INFEASIBLE_TRIANGLE
G0768,55,0.5,90,0.5,FAR,1,,,,,,,,,,,,,,,,,,,,,,,,,,,,,,,,,,,,,,,0.5208778976409002,INFEASIBLE_TRIANGLE
G0769,55,1,2,0.05,NEAR,-1,,,,,,,,,,,,,,,,,,,,,,,,,,,,,,,,,,,,,,,1.0417988504552704,INFEASIBLE_TRIANGLE
G0770,55,1,2,0.05,NEAR,1,,,,,,,,,,,,,,,,,,,,,,,,,,,,,,,,,,,,,,,1.0417988504552704,INFEASIBLE_TRIANGLE
G0771,55,1,2,0.05,FAR,-1,,,,,,,,,,,,,,,,,,,,,,,,,,,,,,,,,,,,,,,1.0417988504552704,INFEASIBLE_TRIANGLE
G0772,55,1,2,0.05,FAR,1,,,,,,,,,,,,,,,,,,,,,,,,,,,,,,,,,,,,,,,1.0417988504552704,INFEASIBLE_TRIANGLE
G0773,55,1,2,0.1,NEAR,-1,,,,,,,,,,,,,,,,,,,,,,,,,,,,,,,,,,,,,,,1.0417988504552704,INFEASIBLE_TRIANGLE
G0774,55,1,2,0.1,NEAR,1,,,,,,,,,,,,,,,,,,,,,,,,,,,,,,,,,,,,,,,1.0417988504552704,INFEASIBLE_TRIANGLE
G0775,55,1,2,0.1,FAR,-1,,,,,,,,,,,,,,,,,,,,,,,,,,,,,,,,,,,,,,,1.0417988504552704,INFEASIBLE_TRIANGLE
G0776,55,1,2,0.1,FAR,1,,,,,,,,,,,,,,,,,,,,,,,,,,,,,,,,,,,,,,,1.0417988504552704,INFEASIBLE_TRIANGLE
G0777,55,1,2,0.2,NEAR,-1,,,,,,,,,,,,,,,,,,,,,,,,,,,,,,,,,,,,,,,1.0417988504552704,INFEASIBLE_TRIANGLE
G0778,55,1,2,0.2,NEAR,1,,,,,,,,,,,,,,,,,,,,,,,,,,,,,,,,,,,,,,,1.0417988504552704,INFEASIBLE_TRIANGLE
G0779,55,1,2,0.2,FAR,-1,,,,,,,,,,,,,,,,,,,,,,,,,,,,,,,,,,,,,,,1.0417988504552704,INFEASIBLE_TRIANGLE
G0780,55,1,2,0.2,FAR,1,,,,,,,,,,,,,,,,,,,,,,,,,,,,,,,,,,,,,,,1.0417988504552704,INFEASIBLE_TRIANGLE
G0781,55,1,2,0.5,NEAR,-1,,,,,,,,,,,,,,,,,,,,,,,,,,,,,,,,,,,,,,,1.0417988504552704,INFEASIBLE_TRIANGLE
G0782,55,1,2,0.5,NEAR,1,,,,,,,,,,,,,,,,,,,,,,,,,,,,,,,,,,,,,,,1.0417988504552704,INFEASIBLE_TRIANGLE
G0783,55,1,2,0.5,FAR,-1,,,,,,,,,,,,,,,,,,,,,,,,,,,,,,,,,,,,,,,1.0417988504552704,INFEASIBLE_TRIANGLE
G0784,55,1,2,0.5,FAR,1,,,,,,,,,,,,,,,,,,,,,,,,,,,,,,,,,,,,,,,1.0417988504552704,INFEASIBLE_TRIANGLE
G0785,55,1,5,0.05,NEAR,-1,,,,,,,,,,,,,,,,,,,,,,,,,,,,,,,,,,,,,,,1.0417988504552704,INFEASIBLE_TRIANGLE
G0786,55,1,5,0.05,NEAR,1,,,,,,,,,,,,,,,,,,,,,,,,,,,,,,,,,,,,,,,1.0417988504552704,INFEASIBLE_TRIANGLE
G0787,55,1,5,0.05,FAR,-1,,,,,,,,,,,,,,,,,,,,,,,,,,,,,,,,,,,,,,,1.0417988504552704,INFEASIBLE_TRIANGLE
G0788,55,1,5,0.05,FAR,1,,,,,,,,,,,,,,,,,,,,,,,,,,,,,,,,,,,,,,,1.0417988504552704,INFEASIBLE_TRIANGLE
G0789,55,1,5,0.1,NEAR,-1,,,,,,,,,,,,,,,,,,,,,,,,,,,,,,,,,,,,,,,1.0417988504552704,INFEASIBLE_TRIANGLE
G0790,55,1,5,0.1,NEAR,1,,,,,,,,,,,,,,,,,,,,,,,,,,,,,,,,,,,,,,,1.0417988504552704,INFEASIBLE_TRIANGLE
G0791,55,1,5,0.1,FAR,-1,,,,,,,,,,,,,,,,,,,,,,,,,,,,,,,,,,,,,,,1.0417988504552704,INFEASIBLE_TRIANGLE
G0792,55,1,5,0.1,FAR,1,,,,,,,,,,,,,,,,,,,,,,,,,,,,,,,,,,,,,,,1.0417988504552704,INFEASIBLE_TRIANGLE
G0793,55,1,5,0.2,NEAR,-1,,,,,,,,,,,,,,,,,,,,,,,,,,,,,,,,,,,,,,,1.0417988504552704,INFEASIBLE_TRIANGLE
G0794,55,1,5,0.2,NEAR,1,,,,,,,,,,,,,,,,,,,,,,,,,,,,,,,,,,,,,,,1.0417988504552704,INFEASIBLE_TRIANGLE
G0795,55,1,5,0.2,FAR,-1,,,,,,,,,,,,,,,,,,,,,,,,,,,,,,,,,,,,,,,1.0417988504552704,INFEASIBLE_TRIANGLE
G0796,55,1,5,0.2,FAR,1,,,,,,,,,,,,,,,,,,,,,,,,,,,,,,,,,,,,,,,1.0417988504552704,INFEASIBLE_TRIANGLE
G0797,55,1,5,0.5,NEAR,-1,,,,,,,,,,,,,,,,,,,,,,,,,,,,,,,,,,,,,,,1.0417988504552704,INFEASIBLE_TRIANGLE
G0798,55,1,5,0.5,NEAR,1,,,,,,,,,,,,,,,,,,,,,,,,,,,,,,,,,,,,,,,1.0417988504552704,INFEASIBLE_TRIANGLE
G0799,55,1,5,0.5,FAR,-1,,,,,,,,,,,,,,,,,,,,,,,,,,,,,,,,,,,,,,,1.0417988504552704,INFEASIBLE_TRIANGLE
G0800,55,1,5,0.5,FAR,1,,,,,,,,,,,,,,,,,,,,,,,,,,,,,,,,,,,,,,,1.0417988504552704,INFEASIBLE_TRIANGLE
G0801,55,1,10,0.05,NEAR,-1,,,,,,,,,,,,,,,,,,,,,,,,,,,,,,,,,,,,,,,1.0417988504552704,INFEASIBLE_TRIANGLE
G0802,55,1,10,0.05,NEAR,1,,,,,,,,,,,,,,,,,,,,,,,,,,,,,,,,,,,,,,,1.0417988504552704,INFEASIBLE_TRIANGLE
G0803,55,1,10,0.05,FAR,-1,,,,,,,,,,,,,,,,,,,,,,,,,,,,,,,,,,,,,,,1.0417988504552704,INFEASIBLE_TRIANGLE
G0804,55,1,10,0.05,FAR,1,,,,,,,,,,,,,,,,,,,,,,,,,,,,,,,,,,,,,,,1.0417988504552704,INFEASIBLE_TRIANGLE
G0805,55,1,10,0.1,NEAR,-1,,,,,,,,,,,,,,,,,,,,,,,,,,,,,,,,,,,,,,,1.0417988504552704,INFEASIBLE_TRIANGLE
G0806,55,1,10,0.1,NEAR,1,,,,,,,,,,,,,,,,,,,,,,,,,,,,,,,,,,,,,,,1.0417988504552704,INFEASIBLE_TRIANGLE
G0807,55,1,10,0.1,FAR,-1,,,,,,,,,,,,,,,,,,,,,,,,,,,,,,,,,,,,,,,1.0417988504552704,INFEASIBLE_TRIANGLE
G0808,55,1,10,0.1,FAR,1,,,,,,,,,,,,,,,,,,,,,,,,,,,,,,,,,,,,,,,1.0417988504552704,INFEASIBLE_TRIANGLE
G0809,55,1,10,0.2,NEAR,-1,,,,,,,,,,,,,,,,,,,,,,,,,,,,,,,,,,,,,,,1.0417988504552704,INFEASIBLE_TRIANGLE
G0810,55,1,10,0.2,NEAR,1,,,,,,,,,,,,,,,,,,,,,,,,,,,,,,,,,,,,,,,1.0417988504552704,INFEASIBLE_TRIANGLE
G0811,55,1,10,0.2,FAR,-1,,,,,,,,,,,,,,,,,,,,,,,,,,,,,,,,,,,,,,,1.0417988504552704,INFEASIBLE_TRIANGLE
G0812,55,1,10,0.2,FAR,1,,,,,,,,,,,,,,,,,,,,,,,,,,,,,,,,,,,,,,,1.0417988504552704,INFEASIBLE_TRIANGLE
G0813,55,1,10,0.5,NEAR,-1,,,,,,,,,,,,,,,,,,,,,,,,,,,,,,,,,,,,,,,1.0417988504552704,INFEASIBLE_TRIANGLE
G0814,55,1,10,0.5,NEAR,1,,,,,,,,,,,,,,,,,,,,,,,,,,,,,,,,,,,,,,,1.0417988504552704,INFEASIBLE_TRIANGLE
G0815,55,1,10,0.5,FAR,-1,,,,,,,,,,,,,,,,,,,,,,,,,,,,,,,,,,,,,,,1.0417988504552704,INFEASIBLE_TRIANGLE
G0816,55,1,10,0.5,FAR,1,,,,,,,,,,,,,,,,,,,,,,,,,,,,,,,,,,,,,,,1.0417988504552704,INFEASIBLE_TRIANGLE
G0817,55,1,20,0.05,NEAR,-1,,,,,,,,,,,,,,,,,,,,,,,,,,,,,,,,,,,,,,,1.0417988504552704,INFEASIBLE_TRIANGLE
G0818,55,1,20,0.05,NEAR,1,,,,,,,,,,,,,,,,,,,,,,,,,,,,,,,,,,,,,,,1.0417988504552704,INFEASIBLE_TRIANGLE
G0819,55,1,20,0.05,FAR,-1,,,,,,,,,,,,,,,,,,,,,,,,,,,,,,,,,,,,,,,1.0417988504552704,INFEASIBLE_TRIANGLE
G0820,55,1,20,0.05,FAR,1,,,,,,,,,,,,,,,,,,,,,,,,,,,,,,,,,,,,,,,1.0417988504552704,INFEASIBLE_TRIANGLE
G0821,55,1,20,0.1,NEAR,-1,,,,,,,,,,,,,,,,,,,,,,,,,,,,,,,,,,,,,,,1.0417988504552704,INFEASIBLE_TRIANGLE
G0822,55,1,20,0.1,NEAR,1,,,,,,,,,,,,,,,,,,,,,,,,,,,,,,,,,,,,,,,1.0417988504552704,INFEASIBLE_TRIANGLE
G0823,55,1,20,0.1,FAR,-1,,,,,,,,,,,,,,,,,,,,,,,,,,,,,,,,,,,,,,,1.0417988504552704,INFEASIBLE_TRIANGLE
G0824,55,1,20,0.1,FAR,1,,,,,,,,,,,,,,,,,,,,,,,,,,,,,,,,,,,,,,,1.0417988504552704,INFEASIBLE_TRIANGLE
G0825,55,1,20,0.2,NEAR,-1,,,,,,,,,,,,,,,,,,,,,,,,,,,,,,,,,,,,,,,1.0417988504552704,INFEASIBLE_TRIANGLE
G0826,55,1,20,0.2,NEAR,1,,,,,,,,,,,,,,,,,,,,,,,,,,,,,,,,,,,,,,,1.0417988504552704,INFEASIBLE_TRIANGLE
G0827,55,1,20,0.2,FAR,-1,,,,,,,,,,,,,,,,,,,,,,,,,,,,,,,,,,,,,,,1.0417988504552704,INFEASIBLE_TRIANGLE
G0828,55,1,20,0.2,FAR,1,,,,,,,,,,,,,,,,,,,,,,,,,,,,,,,,,,,,,,,1.0417988504552704,INFEASIBLE_TRIANGLE
G0829,55,1,20,0.5,NEAR,-1,,,,,,,,,,,,,,,,,,,,,,,,,,,,,,,,,,,,,,,1.0417988504552704,INFEASIBLE_TRIANGLE
G0830,55,1,20,0.5,NEAR,1,,,,,,,,,,,,,,,,,,,,,,,,,,,,,,,,,,,,,,,1.0417988504552704,INFEASIBLE_TRIANGLE
G0831,55,1,20,0.5,FAR,-1,,,,,,,,,,,,,,,,,,,,,,,,,,,,,,,,,,,,,,,1.0417988504552704,INFEASIBLE_TRIANGLE
G0832,55,1,20,0.5,FAR,1,,,,,,,,,,,,,,,,,,,,,,,,,,,,,,,,,,,,,,,1.0417988504552704,INFEASIBLE_TRIANGLE
G0833,55,1,30,0.05,NEAR,-1,,,,,,,,,,,,,,,,,,,,,,,,,,,,,,,,,,,,,,,1.0417988504552704,INFEASIBLE_TRIANGLE
G0834,55,1,30,0.05,NEAR,1,,,,,,,,,,,,,,,,,,,,,,,,,,,,,,,,,,,,,,,1.0417988504552704,INFEASIBLE_TRIANGLE
G0835,55,1,30,0.05,FAR,-1,,,,,,,,,,,,,,,,,,,,,,,,,,,,,,,,,,,,,,,1.0417988504552704,INFEASIBLE_TRIANGLE
G0836,55,1,30,0.05,FAR,1,,,,,,,,,,,,,,,,,,,,,,,,,,,,,,,,,,,,,,,1.0417988504552704,INFEASIBLE_TRIANGLE
G0837,55,1,30,0.1,NEAR,-1,,,,,,,,,,,,,,,,,,,,,,,,,,,,,,,,,,,,,,,1.0417988504552704,INFEASIBLE_TRIANGLE
G0838,55,1,30,0.1,NEAR,1,,,,,,,,,,,,,,,,,,,,,,,,,,,,,,,,,,,,,,,1.0417988504552704,INFEASIBLE_TRIANGLE
G0839,55,1,30,0.1,FAR,-1,,,,,,,,,,,,,,,,,,,,,,,,,,,,,,,,,,,,,,,1.0417988504552704,INFEASIBLE_TRIANGLE
G0840,55,1,30,0.1,FAR,1,,,,,,,,,,,,,,,,,,,,,,,,,,,,,,,,,,,,,,,1.0417988504552704,INFEASIBLE_TRIANGLE
G0841,55,1,30,0.2,NEAR,-1,,,,,,,,,,,,,,,,,,,,,,,,,,,,,,,,,,,,,,,1.0417988504552704,INFEASIBLE_TRIANGLE
G0842,55,1,30,0.2,NEAR,1,,,,,,,,,,,,,,,,,,,,,,,,,,,,,,,,,,,,,,,1.0417988504552704,INFEASIBLE_TRIANGLE
G0843,55,1,30,0.2,FAR,-1,,,,,,,,,,,,,,,,,,,,,,,,,,,,,,,,,,,,,,,1.0417988504552704,INFEASIBLE_TRIANGLE
G0844,55,1,30,0.2,FAR,1,,,,,,,,,,,,,,,,,,,,,,,,,,,,,,,,,,,,,,,1.0417988504552704,INFEASIBLE_TRIANGLE
G0845,55,1,30,0.5,NEAR,-1,,,,,,,,,,,,,,,,,,,,,,,,,,,,,,,,,,,,,,,1.0417988504552704,INFEASIBLE_TRIANGLE
G0846,55,1,30,0.5,NEAR,1,,,,,,,,,,,,,,,,,,,,,,,,,,,,,,,,,,,,,,,1.0417988504552704,INFEASIBLE_TRIANGLE
G0847,55,1,30,0.5,FAR,-1,,,,,,,,,,,,,,,,,,,,,,,,,,,,,,,,,,,,,,,1.0417988504552704,INFEASIBLE_TRIANGLE
G0848,55,1,30,0.5,FAR,1,,,,,,,,,,,,,,,,,,,,,,,,,,,,,,,,,,,,,,,1.0417988504552704,INFEASIBLE_TRIANGLE
G0849,55,1,45,0.05,NEAR,-1,,,,,,,,,,,,,,,,,,,,,,,,,,,,,,,,,,,,,,,1.0417988504552704,INFEASIBLE_TRIANGLE
G0850,55,1,45,0.05,NEAR,1,,,,,,,,,,,,,,,,,,,,,,,,,,,,,,,,,,,,,,,1.0417988504552704,INFEASIBLE_TRIANGLE
G0851,55,1,45,0.05,FAR,-1,,,,,,,,,,,,,,,,,,,,,,,,,,,,,,,,,,,,,,,1.0417988504552704,INFEASIBLE_TRIANGLE
G0852,55,1,45,0.05,FAR,1,,,,,,,,,,,,,,,,,,,,,,,,,,,,,,,,,,,,,,,1.0417988504552704,INFEASIBLE_TRIANGLE
G0853,55,1,45,0.1,NEAR,-1,,,,,,,,,,,,,,,,,,,,,,,,,,,,,,,,,,,,,,,1.0417988504552704,INFEASIBLE_TRIANGLE
G0854,55,1,45,0.1,NEAR,1,,,,,,,,,,,,,,,,,,,,,,,,,,,,,,,,,,,,,,,1.0417988504552704,INFEASIBLE_TRIANGLE
G0855,55,1,45,0.1,FAR,-1,,,,,,,,,,,,,,,,,,,,,,,,,,,,,,,,,,,,,,,1.0417988504552704,INFEASIBLE_TRIANGLE
G0856,55,1,45,0.1,FAR,1,,,,,,,,,,,,,,,,,,,,,,,,,,,,,,,,,,,,,,,1.0417988504552704,INFEASIBLE_TRIANGLE
G0857,55,1,45,0.2,NEAR,-1,,,,,,,,,,,,,,,,,,,,,,,,,,,,,,,,,,,,,,,1.0417988504552704,INFEASIBLE_TRIANGLE
G0858,55,1,45,0.2,NEAR,1,,,,,,,,,,,,,,,,,,,,,,,,,,,,,,,,,,,,,,,1.0417988504552704,INFEASIBLE_TRIANGLE
G0859,55,1,45,0.2,FAR,-1,,,,,,,,,,,,,,,,,,,,,,,,,,,,,,,,,,,,,,,1.0417988504552704,INFEASIBLE_TRIANGLE
G0860,55,1,45,0.2,FAR,1,,,,,,,,,,,,,,,,,,,,,,,,,,,,,,,,,,,,,,,1.0417988504552704,INFEASIBLE_TRIANGLE
G0861,55,1,45,0.5,NEAR,-1,,,,,,,,,,,,,,,,,,,,,,,,,,,,,,,,,,,,,,,1.0417988504552704,INFEASIBLE_TRIANGLE
G0862,55,1,45,0.5,NEAR,1,,,,,,,,,,,,,,,,,,,,,,,,,,,,,,,,,,,,,,,1.0417988504552704,INFEASIBLE_TRIANGLE
G0863,55,1,45,0.5,FAR,-1,,,,,,,,,,,,,,,,,,,,,,,,,,,,,,,,,,,,,,,1.0417988504552704,INFEASIBLE_TRIANGLE
G0864,55,1,45,0.5,FAR,1,,,,,,,,,,,,,,,,,,,,,,,,,,,,,,,,,,,,,,,1.0417988504552704,INFEASIBLE_TRIANGLE
G0865,55,1,60,0.05,NEAR,-1,,,,,,,,,,,,,,,,,,,,,,,,,,,,,,,,,,,,,,,1.0417988504552704,INFEASIBLE_TRIANGLE
G0866,55,1,60,0.05,NEAR,1,,,,,,,,,,,,,,,,,,,,,,,,,,,,,,,,,,,,,,,1.0417988504552704,INFEASIBLE_TRIANGLE
G0867,55,1,60,0.05,FAR,-1,,,,,,,,,,,,,,,,,,,,,,,,,,,,,,,,,,,,,,,1.0417988504552704,INFEASIBLE_TRIANGLE
G0868,55,1,60,0.05,FAR,1,,,,,,,,,,,,,,,,,,,,,,,,,,,,,,,,,,,,,,,1.0417988504552704,INFEASIBLE_TRIANGLE
G0869,55,1,60,0.1,NEAR,-1,,,,,,,,,,,,,,,,,,,,,,,,,,,,,,,,,,,,,,,1.0417988504552704,INFEASIBLE_TRIANGLE
G0870,55,1,60,0.1,NEAR,1,,,,,,,,,,,,,,,,,,,,,,,,,,,,,,,,,,,,,,,1.0417988504552704,INFEASIBLE_TRIANGLE
G0871,55,1,60,0.1,FAR,-1,,,,,,,,,,,,,,,,,,,,,,,,,,,,,,,,,,,,,,,1.0417988504552704,INFEASIBLE_TRIANGLE
G0872,55,1,60,0.1,FAR,1,,,,,,,,,,,,,,,,,,,,,,,,,,,,,,,,,,,,,,,1.0417988504552704,INFEASIBLE_TRIANGLE
G0873,55,1,60,0.2,NEAR,-1,,,,,,,,,,,,,,,,,,,,,,,,,,,,,,,,,,,,,,,1.0417988504552704,INFEASIBLE_TRIANGLE
G0874,55,1,60,0.2,NEAR,1,,,,,,,,,,,,,,,,,,,,,,,,,,,,,,,,,,,,,,,1.0417988504552704,INFEASIBLE_TRIANGLE
G0875,55,1,60,0.2,FAR,-1,,,,,,,,,,,,,,,,,,,,,,,,,,,,,,,,,,,,,,,1.0417988504552704,INFEASIBLE_TRIANGLE
G0876,55,1,60,0.2,FAR,1,,,,,,,,,,,,,,,,,,,,,,,,,,,,,,,,,,,,,,,1.0417988504552704,INFEASIBLE_TRIANGLE
G0877,55,1,60,0.5,NEAR,-1,,,,,,,,,,,,,,,,,,,,,,,,,,,,,,,,,,,,,,,1.0417988504552704,INFEASIBLE_TRIANGLE
G0878,55,1,60,0.5,NEAR,1,,,,,,,,,,,,,,,,,,,,,,,,,,,,,,,,,,,,,,,1.0417988504552704,INFEASIBLE_TRIANGLE
G0879,55,1,60,0.5,FAR,-1,,,,,,,,,,,,,,,,,,,,,,,,,,,,,,,,,,,,,,,1.0417988504552704,INFEASIBLE_TRIANGLE
G0880,55,1,60,0.5,FAR,1,,,,,,,,,,,,,,,,,,,,,,,,,,,,,,,,,,,,,,,1.0417988504552704,INFEASIBLE_TRIANGLE
G0881,55,1,90,0.05,NEAR,-1,,,,,,,,,,,,,,,,,,,,,,,,,,,,,,,,,,,,,,,1.0417988504552704,INFEASIBLE_TRIANGLE
G0882,55,1,90,0.05,NEAR,1,,,,,,,,,,,,,,,,,,,,,,,,,,,,,,,,,,,,,,,1.0417988504552704,INFEASIBLE_TRIANGLE
G0883,55,1,90,0.05,FAR,-1,,,,,,,,,,,,,,,,,,,,,,,,,,,,,,,,,,,,,,,1.0417988504552704,INFEASIBLE_TRIANGLE
G0884,55,1,90,0.05,FAR,1,,,,,,,,,,,,,,,,,,,,,,,,,,,,,,,,,,,,,,,1.0417988504552704,INFEASIBLE_TRIANGLE
G0885,55,1,90,0.1,NEAR,-1,,,,,,,,,,,,,,,,,,,,,,,,,,,,,,,,,,,,,,,1.0417988504552704,INFEASIBLE_TRIANGLE
G0886,55,1,90,0.1,NEAR,1,,,,,,,,,,,,,,,,,,,,,,,,,,,,,,,,,,,,,,,1.0417988504552704,INFEASIBLE_TRIANGLE
G0887,55,1,90,0.1,FAR,-1,,,,,,,,,,,,,,,,,,,,,,,,,,,,,,,,,,,,,,,1.0417988504552704,INFEASIBLE_TRIANGLE
G0888,55,1,90,0.1,FAR,1,,,,,,,,,,,,,,,,,,,,,,,,,,,,,,,,,,,,,,,1.0417988504552704,INFEASIBLE_TRIANGLE
G0889,55,1,90,0.2,NEAR,-1,,,,,,,,,,,,,,,,,,,,,,,,,,,,,,,,,,,,,,,1.0417988504552704,INFEASIBLE_TRIANGLE
G0890,55,1,90,0.2,NEAR,1,,,,,,,,,,,,,,,,,,,,,,,,,,,,,,,,,,,,,,,1.0417988504552704,INFEASIBLE_TRIANGLE
G0891,55,1,90,0.2,FAR,-1,,,,,,,,,,,,,,,,,,,,,,,,,,,,,,,,,,,,,,,1.0417988504552704,INFEASIBLE_TRIANGLE
G0892,55,1,90,0.2,FAR,1,,,,,,,,,,,,,,,,,,,,,,,,,,,,,,,,,,,,,,,1.0417988504552704,INFEASIBLE_TRIANGLE
G0893,55,1,90,0.5,NEAR,-1,,,,,,,,,,,,,,,,,,,,,,,,,,,,,,,,,,,,,,,1.0417988504552704,INFEASIBLE_TRIANGLE
G0894,55,1,90,0.5,NEAR,1,,,,,,,,,,,,,,,,,,,,,,,,,,,,,,,,,,,,,,,1.0417988504552704,INFEASIBLE_TRIANGLE
G0895,55,1,90,0.5,FAR,-1,,,,,,,,,,,,,,,,,,,,,,,,,,,,,,,,,,,,,,,1.0417988504552704,INFEASIBLE_TRIANGLE
G0896,55,1,90,0.5,FAR,1,,,,,,,,,,,,,,,,,,,,,,,,,,,,,,,,,,,,,,,1.0417988504552704,INFEASIBLE_TRIANGLE
G0897,55,2,2,0.05,NEAR,-1,0.6284524131488141,-1.8986962801900227,54.40468945370087,True,57.29335632994856,3282.528679550444,1.9338458687553546,0.04799655442984407,0.06891396826203758,20000,0.0,0.0,0.0,0.0,0.0,0.23095,0.849,0.9947,0.8439707901702116,0.8538951686626273,0.06789224165782018,0.06959354518399423,1.2888854522543411,3.1599661658979414,3.781216670007211,4.96963693855254,0.02343428095007893,0.05745393028905348,0.06874939400013111,0.09035703524640983,0.032465138001827674,0.07861403653323762,0.09392402468975002,0.12393584628625937,1.2901525399054723,3.160642890130787,3.781557565244005,4.969640884051086,2.083942334608279,FEASIBLE
G0898,55,2,2,0.05,NEAR,1,0.6284524131488141,1.8986962801900227,54.40468945370087,True,57.293356329948516,3282.528679550444,1.9338458687553546,0.04799655442984407,0.06891396826203758,20000,0.0,0.0,0.0,0.0,0.0,0.23095,0.849,0.9947,0.8439707901702116,0.8538951686626273,0.06789224165782018,0.06959354518399423,1.2888854522543411,3.1599661658979414,3.781216670007211,4.96963693855254,0.02343428095007893,0.05745393028905348,0.06874939400013111,0.09035703524640983,0.032465138001827674,0.07861403653323762,0.09392402468975002,0.12393584628625937,1.2901525399054723,3.160642890130787,3.781557565244005,4.969640884051086,2.083942334608279,FEASIBLE
G0899,55,2,2,0.05,FAR,-1,-0.49447517743915625,-1.9379097757368688,55.52830151839967,True,57.29258101861383,3282.439839774389,1.953712486370692,0.04799655442984406,0.06962192926241377,20000,0.0,0.0,0.0,0.0,0.0,0.22835,0.84485,0.9946,0.8397661893534543,0.8498013633786503,0.0684694856718813,0.07026388779183605,1.3024278645600305,3.197814181015353,3.8199406032072716,5.040141321519101,0.02368050662836419,0.05814207601846096,0.06945346551285948,0.09163893311852911,0.032465717887828996,0.07862394861551585,0.09395481409929225,0.12399414343351894,1.3031186663534107,3.1988430617390056,3.820476726387492,5.041149469252128,2.083942334608279,FEASIBLE
G0900,55,2,2,0.05,FAR,1,-0.49447517743915625,1.9379097757368688,55.52830151839967,True,57.292581018613845,3282.439839774389,1.953712486370692,0.04799655442984406,0.06962192926241377,20000,0.0,0.0,0.0,0.0,0.0,0.22835,0.84485,0.9946,0.8397661893534543,0.8498013633786503,0.0684694856718813,0.07026388779183605,1.3024278645600305,3.197814181015353,3.8199406032072716,5.040141321519101,0.02368050662836419,0.05814207601846096,0.06945346551285948,0.09163893311852911,0.032465717887828996,0.07862394861551585,0.09395481409929225,0.12399414343351894,1.3031186663534107,3.1988430617390056,3.820476726387492,5.041149469252128,2.083942334608279,FEASIBLE
G0901,55,2,2,0.1,NEAR,-1,0.6284524131488141,-1.8986962801900227,54.40468945370087,True,57.29335632994856,3282.528679550444,3.867691737510709,0.09599310885968813,0.13782793652407516,20000,0.0,0.0,0.0,0.0,0.0,0.1183,0.5267,0.84925,0.5197759030802098,0.5336138421943941,0.13727491950651075,0.14107370604223193,2.576986616766149,6.350104414470117,7.669198281221129,10.496250331105813,0.04685430212302089,0.11545644389945667,0.13943996874947506,0.19084091511101478,0.06485115661363552,0.15806572022192614,0.18932072335264766,0.2550968180108305,2.5784637635645886,6.352259742320194,7.6701061476589985,10.49895900044542,2.083942334608279,FEASIBLE
G0902,55,2,2,0.1,NEAR,1,0.6284524131488141,1.8986962801900227,54.40468945370087,True,57.293356329948516,3282.528679550444,3.867691737510709,0.09599310885968813,0.13782793652407516,20000,0.0,0.0,0.0,0.0,0.0,0.1183,0.5267,0.84925,0.5197759030802098,0.5336138421943941,0.13727491950651075,0.14107370604223193,2.576986616766149,6.350104414470117,7.669198281221129,10.496250331105813,0.04685430212302089,0.11545644389945667,0.13943996874947506,0.19084091511101478,0.06485115661363552,0.15806572022192614,0.18932072335264766,0.2550968180108305,2.5784637635645886,6.352259742320194,7.6701061476589985,10.49895900044542,2.083942334608279,FEASIBLE
G0903,55,2,2,0.1,FAR,-1,-0.49447517743915625,-1.9379097757368688,55.52830151839967,True,57.29258101861383,3282.439839774389,3.907424972741384,0.09599310885968812,0.13924385852482754,20000,0.0,0.0,0.0,0.0,0.0,0.117,0.5228,0.845,0.5158739740014163,0.5297172691544253,0.13895316137000396,0.1425038669971006,2.6025230083643436,6.415578801972352,7.731689943423298,10.577504165194497,0.04731860015207898,0.11664688730858822,0.1405761807895145,0.19231825754899087,0.0648496094507892,0.1580647839381173,0.18939346301564453,0.2550806982625613,2.6043365066540773,6.416434618198959,7.73217090908714,10.578093389210725,2.083942334608279,FEASIBLE
G0904,55,2,2,0.1,FAR,1,-0.49447517743915625,1.9379097757368688,55.52830151839967,True,57.292581018613845,3282.439839774389,3.907424972741384,0.09599310885968812,0.13924385852482754,20000,0.0,0.0,0.0,0.0,0.0,0.117,0.5228,0.845,0.5158739740014163,0.5297172691544253,0.13895316137000396,0.1425038669971006,2.6025230083643436,6.415578801972352,7.731689943423298,10.577504165194497,0.04731860015207898,0.11664688730858822,0.1405761807895145,0.19231825754899087,0.0648496094507892,0.1580647839381173,0.18939346301564453,0.2550806982625613,2.6043365066540773,6.416434618198959,7.73217090908714,10.578093389210725,2.083942334608279,FEASIBLE
G0905,55,2,2,0.2,NEAR,-1,0.6284524131488141,-1.8986962801900227,54.40468945370087,True,57.29335632994856,3282.528679550444,7.735383475021418,0.19198621771937627,0.2756558730481503,20000,0.0,0.0,0.0,0.0,0.0,0.05995,0.2842,0.5304,0.2779910268815005,0.2904918558803143,0.29550200239363617,0.3095725819715449,5.137144868169308,12.95155618289219,16.618129753895843,25.712669242406378,0.0934026339667147,0.23548283968894893,0.3021478137071972,0.46750307713466144,0.12986785056032563,0.32173163819328654,0.3981813949655611,0.5907871567282491,5.138484703601261,12.95763144235845,16.62326220999629,25.71357701381559,2.083942334608279,FEASIBLE
G0906,55,2,2,0.2,NEAR,1,0.6284524131488141,1.8986962801900227,54.40468945370087,True,57.293356329948516,3282.528679550444,7.735383475021418,0.19198621771937627,0.2756558730481503,20000,0.0,0.0,0.0,0.0,0.0,0.05995,0.2842,0.5304,0.2779910268815005,0.2904918558803143,0.29550200239363617,0.3095725819715449,5.137144868169308,12.95155618289219,16.618129753895843,25.712669242406378,0.0934026339667147,0.23548283968894893,0.3021478137071972,0.46750307713466144,0.12986785056032563,0.32173163819328654,0.3981813949655611,0.5907871567282491,5.138484703601261,12.95763144235845,16.62326220999629,25.71357701381559,2.083942334608279,FEASIBLE
G0907,55,2,2,0.2,FAR,-1,-0.49447517743915625,-1.9379097757368688,55.52830151839967,True,57.29258101861383,3282.439839774389,7.814849945482768,0.19198621771937624,0.2784877170496551,20000,0.0,0.0,0.0,0.0,0.0,0.05965,0.28295,0.52495,0.2767495825915301,0.28923378026042484,0.298580385231087,0.3122460977898777,5.185781161951908,13.099220585951059,16.783461840411377,26.02624143442283,0.09428693021730743,0.23816764701729198,0.30515385164384323,0.4732043897167787,0.12985311540224226,0.3214399289530832,0.3983834531461843,0.592639337277773,5.188516520520855,13.09982467437724,16.785999839188545,26.02785493257705,2.083942334608279,FEASIBLE
G0908,55,2,2,0.2,FAR,1,-0.49447517743915625,1.9379097757368688,55.52830151839967,True,57.292581018613845,3282.439839774389,7.814849945482768,0.19198621771937624,0.2784877170496551,20000,0.0,0.0,0.0,0.0,0.0,0.05965,0.28295,0.52495,0.2767495825915301,0.28923378026042484,0.298580385231087,0.3122460977898777,5.185781161951908,13.099220585951059,16.783461840411377,26.02624143442283,0.09428693021730743,0.23816764701729198,0.30515385164384323,0.4732043897167787,0.12985311540224226,0.3214399289530832,0.3983834531461843,0.592639337277773,5.188516520520855,13.09982467437724,16.785999839188545,26.02785493257705,2.083942334608279,FEASIBLE
G0909,55,2,2,0.5,NEAR,-1,0.6284524131488141,-1.8986962801900227,54.40468945370087,True,57.29335632994856,3282.5286795503653,19.338458687553548,0.47996554429844074,0.6891396826203758,20000,0.00215,0.00215,0.0,0.0013,0.0,0.0254,0.11825,0.232,0.11384800130787927,0.1227986182209566,1.3115073218540436,1.429356822369357,12.354221609810537,44.72807329522642,75.5679560029763,218.3325176514088,0.2246222110874643,0.8132376962768441,1.373962836417751,3.969682139116524,0.3226167946239531,0.9916784857281633,1.538531927603847,4.342450673640423,12.364876743707802,44.72841332892757,75.5738068454965,218.3365728579369,2.083942334608279,FEASIBLE
G0910,55,2,2,0.5,NEAR,1,0.6284524131488141,1.8986962801900227,54.40468945370087,True,57.293356329948516,3282.5286795503653,19.338458687553548,0.47996554429844074,0.6891396826203758,20000,0.00215,0.00215,0.0,0.0013,0.0,0.0254,0.11825,0.232,0.11384800130787927,0.1227986182209566,1.3115073218540436,1.429356822369357,12.354221609810537,44.72807329522642,75.5679560029763,218.3325176514088,0.2246222110874643,0.8132376962768441,1.373962836417751,3.969682139116524,0.3226167946239531,0.9916784857281633,1.538531927603847,4.342450673640423,12.364876743707802,44.72841332892757,75.5738068454965,218.3365728579369,2.083942334608279,FEASIBLE
G0911,55,2,2,0.5,FAR,-1,-0.49447517743915625,-1.9379097757368688,55.52830151839967,True,57.29258101861383,3282.439839774376,19.537124863706925,0.47996554429844074,0.696219292624138,20000,0.00215,0.00215,0.0,0.0013,0.0,0.0246,0.117,0.23025,0.11261879430927252,0.12152830530970363,1.3249820430935715,1.4443516103214857,12.492241394956501,45.18418462067142,76.12860833321548,220.51644651502653,0.22713166172648183,0.821530629466753,1.3841565151493724,4.009389936636846,0.3223769709418497,0.9932739094757773,1.5419610583166308,4.368721140254023,12.498293838603603,45.198424097524764,76.12959174753811,220.51772575411698,2.083942334608279,FEASIBLE
G0912,55,2,2,0.5,FAR,1,-0.49447517743915625,1.9379097757368688,55.52830151839967,True,57.292581018613845,3282.439839774376,19.537124863706925,0.47996554429844074,0.696219292624138,20000,0.00215,0.00215,0.0,0.0013,0.0,0.0246,0.117,0.23025,0.11261879430927252,0.12152830530970363,1.3249820430935715,1.4443516103214857,12.492241394956501,45.18418462067142,76.12860833321548,220.51644651502653,0.22713166172648183,0.821530629466753,1.3841565151493724,4.009389936636846,0.3223769709418497,0.9932739094757773,1.5419610583166308,4.368721140254023,12.498293838603603,45.198424097524764,76.12959174753811,220.51772575411698,2.083942334608279,FEASIBLE
G0913,55,2,5,0.05,NEAR,-1,,,,,,,,,,,,,,,,,,,,,,,,,,,,,,,,,,,,,,,2.083942334608279,INFEASIBLE_TRIANGLE
G0914,55,2,5,0.05,NEAR,1,,,,,,,,,,,,,,,,,,,,,,,,,,,,,,,,,,,,,,,2.083942334608279,INFEASIBLE_TRIANGLE
G0915,55,2,5,0.05,FAR,-1,,,,,,,,,,,,,,,,,,,,,,,,,,,,,,,,,,,,,,,2.083942334608279,INFEASIBLE_TRIANGLE
G0916,55,2,5,0.05,FAR,1,,,,,,,,,,,,,,,,,,,,,,,,,,,,,,,,,,,,,,,2.083942334608279,INFEASIBLE_TRIANGLE
G0917,55,2,5,0.1,NEAR,-1,,,,,,,,,,,,,,,,,,,,,,,,,,,,,,,,,,,,,,,2.083942334608279,INFEASIBLE_TRIANGLE
G0918,55,2,5,0.1,NEAR,1,,,,,,,,,,,,,,,,,,,,,,,,,,,,,,,,,,,,,,,2.083942334608279,INFEASIBLE_TRIANGLE
G0919,55,2,5,0.1,FAR,-1,,,,,,,,,,,,,,,,,,,,,,,,,,,,,,,,,,,,,,,2.083942334608279,INFEASIBLE_TRIANGLE
G0920,55,2,5,0.1,FAR,1,,,,,,,,,,,,,,,,,,,,,,,,,,,,,,,,,,,,,,,2.083942334608279,INFEASIBLE_TRIANGLE
G0921,55,2,5,0.2,NEAR,-1,,,,,,,,,,,,,,,,,,,,,,,,,,,,,,,,,,,,,,,2.083942334608279,INFEASIBLE_TRIANGLE
G0922,55,2,5,0.2,NEAR,1,,,,,,,,,,,,,,,,,,,,,,,,,,,,,,,,,,,,,,,2.083942334608279,INFEASIBLE_TRIANGLE
G0923,55,2,5,0.2,FAR,-1,,,,,,,,,,,,,,,,,,,,,,,,,,,,,,,,,,,,,,,2.083942334608279,INFEASIBLE_TRIANGLE
G0924,55,2,5,0.2,FAR,1,,,,,,,,,,,,,,,,,,,,,,,,,,,,,,,,,,,,,,,2.083942334608279,INFEASIBLE_TRIANGLE
G0925,55,2,5,0.5,NEAR,-1,,,,,,,,,,,,,,,,,,,,,,,,,,,,,,,,,,,,,,,2.083942334608279,INFEASIBLE_TRIANGLE
G0926,55,2,5,0.5,NEAR,1,,,,,,,,,,,,,,,,,,,,,,,,,,,,,,,,,,,,,,,2.083942334608279,INFEASIBLE_TRIANGLE
G0927,55,2,5,0.5,FAR,-1,,,,,,,,,,,,,,,,,,,,,,,,,,,,,,,,,,,,,,,2.083942334608279,INFEASIBLE_TRIANGLE
G0928,55,2,5,0.5,FAR,1,,,,,,,,,,,,,,,,,,,,,,,,,,,,,,,,,,,,,,,2.083942334608279,INFEASIBLE_TRIANGLE
G0929,55,2,10,0.05,NEAR,-1,,,,,,,,,,,,,,,,,,,,,,,,,,,,,,,,,,,,,,,2.083942334608279,INFEASIBLE_TRIANGLE
G0930,55,2,10,0.05,NEAR,1,,,,,,,,,,,,,,,,,,,,,,,,,,,,,,,,,,,,,,,2.083942334608279,INFEASIBLE_TRIANGLE
G0931,55,2,10,0.05,FAR,-1,,,,,,,,,,,,,,,,,,,,,,,,,,,,,,,,,,,,,,,2.083942334608279,INFEASIBLE_TRIANGLE
G0932,55,2,10,0.05,FAR,1,,,,,,,,,,,,,,,,,,,,,,,,,,,,,,,,,,,,,,,2.083942334608279,INFEASIBLE_TRIANGLE
G0933,55,2,10,0.1,NEAR,-1,,,,,,,,,,,,,,,,,,,,,,,,,,,,,,,,,,,,,,,2.083942334608279,INFEASIBLE_TRIANGLE
G0934,55,2,10,0.1,NEAR,1,,,,,,,,,,,,,,,,,,,,,,,,,,,,,,,,,,,,,,,2.083942334608279,INFEASIBLE_TRIANGLE
G0935,55,2,10,0.1,FAR,-1,,,,,,,,,,,,,,,,,,,,,,,,,,,,,,,,,,,,,,,2.083942334608279,INFEASIBLE_TRIANGLE
G0936,55,2,10,0.1,FAR,1,,,,,,,,,,,,,,,,,,,,,,,,,,,,,,,,,,,,,,,2.083942334608279,INFEASIBLE_TRIANGLE
G0937,55,2,10,0.2,NEAR,-1,,,,,,,,,,,,,,,,,,,,,,,,,,,,,,,,,,,,,,,2.083942334608279,INFEASIBLE_TRIANGLE
G0938,55,2,10,0.2,NEAR,1,,,,,,,,,,,,,,,,,,,,,,,,,,,,,,,,,,,,,,,2.083942334608279,INFEASIBLE_TRIANGLE
G0939,55,2,10,0.2,FAR,-1,,,,,,,,,,,,,,,,,,,,,,,,,,,,,,,,,,,,,,,2.083942334608279,INFEASIBLE_TRIANGLE
G0940,55,2,10,0.2,FAR,1,,,,,,,,,,,,,,,,,,,,,,,,,,,,,,,,,,,,,,,2.083942334608279,INFEASIBLE_TRIANGLE
G0941,55,2,10,0.5,NEAR,-1,,,,,,,,,,,,,,,,,,,,,,,,,,,,,,,,,,,,,,,2.083942334608279,INFEASIBLE_TRIANGLE
G0942,55,2,10,0.5,NEAR,1,,,,,,,,,,,,,,,,,,,,,,,,,,,,,,,,,,,,,,,2.083942334608279,INFEASIBLE_TRIANGLE
G0943,55,2,10,0.5,FAR,-1,,,,,,,,,,,,,,,,,,,,,,,,,,,,,,,,,,,,,,,2.083942334608279,INFEASIBLE_TRIANGLE
G0944,55,2,10,0.5,FAR,1,,,,,,,,,,,,,,,,,,,,,,,,,,,,,,,,,,,,,,,2.083942334608279,INFEASIBLE_TRIANGLE
G0945,55,2,20,0.05,NEAR,-1,,,,,,,,,,,,,,,,,,,,,,,,,,,,,,,,,,,,,,,2.083942334608279,INFEASIBLE_TRIANGLE
G0946,55,2,20,0.05,NEAR,1,,,,,,,,,,,,,,,,,,,,,,,,,,,,,,,,,,,,,,,2.083942334608279,INFEASIBLE_TRIANGLE
G0947,55,2,20,0.05,FAR,-1,,,,,,,,,,,,,,,,,,,,,,,,,,,,,,,,,,,,,,,2.083942334608279,INFEASIBLE_TRIANGLE
G0948,55,2,20,0.05,FAR,1,,,,,,,,,,,,,,,,,,,,,,,,,,,,,,,,,,,,,,,2.083942334608279,INFEASIBLE_TRIANGLE
G0949,55,2,20,0.1,NEAR,-1,,,,,,,,,,,,,,,,,,,,,,,,,,,,,,,,,,,,,,,2.083942334608279,INFEASIBLE_TRIANGLE
G0950,55,2,20,0.1,NEAR,1,,,,,,,,,,,,,,,,,,,,,,,,,,,,,,,,,,,,,,,2.083942334608279,INFEASIBLE_TRIANGLE
G0951,55,2,20,0.1,FAR,-1,,,,,,,,,,,,,,,,,,,,,,,,,,,,,,,,,,,,,,,2.083942334608279,INFEASIBLE_TRIANGLE
G0952,55,2,20,0.1,FAR,1,,,,,,,,,,,,,,,,,,,,,,,,,,,,,,,,,,,,,,,2.083942334608279,INFEASIBLE_TRIANGLE
G0953,55,2,20,0.2,NEAR,-1,,,,,,,,,,,,,,,,,,,,,,,,,,,,,,,,,,,,,,,2.083942334608279,INFEASIBLE_TRIANGLE
G0954,55,2,20,0.2,NEAR,1,,,,,,,,,,,,,,,,,,,,,,,,,,,,,,,,,,,,,,,2.083942334608279,INFEASIBLE_TRIANGLE
G0955,55,2,20,0.2,FAR,-1,,,,,,,,,,,,,,,,,,,,,,,,,,,,,,,,,,,,,,,2.083942334608279,INFEASIBLE_TRIANGLE
G0956,55,2,20,0.2,FAR,1,,,,,,,,,,,,,,,,,,,,,,,,,,,,,,,,,,,,,,,2.083942334608279,INFEASIBLE_TRIANGLE
G0957,55,2,20,0.5,NEAR,-1,,,,,,,,,,,,,,,,,,,,,,,,,,,,,,,,,,,,,,,2.083942334608279,INFEASIBLE_TRIANGLE
G0958,55,2,20,0.5,NEAR,1,,,,,,,,,,,,,,,,,,,,,,,,,,,,,,,,,,,,,,,2.083942334608279,INFEASIBLE_TRIANGLE
G0959,55,2,20,0.5,FAR,-1,,,,,,,,,,,,,,,,,,,,,,,,,,,,,,,,,,,,,,,2.083942334608279,INFEASIBLE_TRIANGLE
G0960,55,2,20,0.5,FAR,1,,,,,,,,,,,,,,,,,,,,,,,,,,,,,,,,,,,,,,,2.083942334608279,INFEASIBLE_TRIANGLE
G0961,55,2,30,0.05,NEAR,-1,,,,,,,,,,,,,,,,,,,,,,,,,,,,,,,,,,,,,,,2.083942334608279,INFEASIBLE_TRIANGLE
G0962,55,2,30,0.05,NEAR,1,,,,,,,,,,,,,,,,,,,,,,,,,,,,,,,,,,,,,,,2.083942334608279,INFEASIBLE_TRIANGLE
G0963,55,2,30,0.05,FAR,-1,,,,,,,,,,,,,,,,,,,,,,,,,,,,,,,,,,,,,,,2.083942334608279,INFEASIBLE_TRIANGLE
G0964,55,2,30,0.05,FAR,1,,,,,,,,,,,,,,,,,,,,,,,,,,,,,,,,,,,,,,,2.083942334608279,INFEASIBLE_TRIANGLE
G0965,55,2,30,0.1,NEAR,-1,,,,,,,,,,,,,,,,,,,,,,,,,,,,,,,,,,,,,,,2.083942334608279,INFEASIBLE_TRIANGLE
G0966,55,2,30,0.1,NEAR,1,,,,,,,,,,,,,,,,,,,,,,,,,,,,,,,,,,,,,,,2.083942334608279,INFEASIBLE_TRIANGLE
G0967,55,2,30,0.1,FAR,-1,,,,,,,,,,,,,,,,,,,,,,,,,,,,,,,,,,,,,,,2.083942334608279,INFEASIBLE_TRIANGLE
G0968,55,2,30,0.1,FAR,1,,,,,,,,,,,,,,,,,,,,,,,,,,,,,,,,,,,,,,,2.083942334608279,INFEASIBLE_TRIANGLE
G0969,55,2,30,0.2,NEAR,-1,,,,,,,,,,,,,,,,,,,,,,,,,,,,,,,,,,,,,,,2.083942334608279,INFEASIBLE_TRIANGLE
G0970,55,2,30,0.2,NEAR,1,,,,,,,,,,,,,,,,,,,,,,,,,,,,,,,,,,,,,,,2.083942334608279,INFEASIBLE_TRIANGLE
G0971,55,2,30,0.2,FAR,-1,,,,,,,,,,,,,,,,,,,,,,,,,,,,,,,,,,,,,,,2.083942334608279,INFEASIBLE_TRIANGLE
G0972,55,2,30,0.2,FAR,1,,,,,,,,,,,,,,,,,,,,,,,,,,,,,,,,,,,,,,,2.083942334608279,INFEASIBLE_TRIANGLE
G0973,55,2,30,0.5,NEAR,-1,,,,,,,,,,,,,,,,,,,,,,,,,,,,,,,,,,,,,,,2.083942334608279,INFEASIBLE_TRIANGLE
G0974,55,2,30,0.5,NEAR,1,,,,,,,,,,,,,,,,,,,,,,,,,,,,,,,,,,,,,,,2.083942334608279,INFEASIBLE_TRIANGLE
G0975,55,2,30,0.5,FAR,-1,,,,,,,,,,,,,,,,,,,,,,,,,,,,,,,,,,,,,,,2.083942334608279,INFEASIBLE_TRIANGLE
G0976,55,2,30,0.5,FAR,1,,,,,,,,,,,,,,,,,,,,,,,,,,,,,,,,,,,,,,,2.083942334608279,INFEASIBLE_TRIANGLE
G0977,55,2,45,0.05,NEAR,-1,,,,,,,,,,,,,,,,,,,,,,,,,,,,,,,,,,,,,,,2.083942334608279,INFEASIBLE_TRIANGLE
G0978,55,2,45,0.05,NEAR,1,,,,,,,,,,,,,,,,,,,,,,,,,,,,,,,,,,,,,,,2.083942334608279,INFEASIBLE_TRIANGLE
G0979,55,2,45,0.05,FAR,-1,,,,,,,,,,,,,,,,,,,,,,,,,,,,,,,,,,,,,,,2.083942334608279,INFEASIBLE_TRIANGLE
G0980,55,2,45,0.05,FAR,1,,,,,,,,,,,,,,,,,,,,,,,,,,,,,,,,,,,,,,,2.083942334608279,INFEASIBLE_TRIANGLE
G0981,55,2,45,0.1,NEAR,-1,,,,,,,,,,,,,,,,,,,,,,,,,,,,,,,,,,,,,,,2.083942334608279,INFEASIBLE_TRIANGLE
G0982,55,2,45,0.1,NEAR,1,,,,,,,,,,,,,,,,,,,,,,,,,,,,,,,,,,,,,,,2.083942334608279,INFEASIBLE_TRIANGLE
G0983,55,2,45,0.1,FAR,-1,,,,,,,,,,,,,,,,,,,,,,,,,,,,,,,,,,,,,,,2.083942334608279,INFEASIBLE_TRIANGLE
G0984,55,2,45,0.1,FAR,1,,,,,,,,,,,,,,,,,,,,,,,,,,,,,,,,,,,,,,,2.083942334608279,INFEASIBLE_TRIANGLE
G0985,55,2,45,0.2,NEAR,-1,,,,,,,,,,,,,,,,,,,,,,,,,,,,,,,,,,,,,,,2.083942334608279,INFEASIBLE_TRIANGLE
G0986,55,2,45,0.2,NEAR,1,,,,,,,,,,,,,,,,,,,,,,,,,,,,,,,,,,,,,,,2.083942334608279,INFEASIBLE_TRIANGLE
G0987,55,2,45,0.2,FAR,-1,,,,,,,,,,,,,,,,,,,,,,,,,,,,,,,,,,,,,,,2.083942334608279,INFEASIBLE_TRIANGLE
G0988,55,2,45,0.2,FAR,1,,,,,,,,,,,,,,,,,,,,,,,,,,,,,,,,,,,,,,,2.083942334608279,INFEASIBLE_TRIANGLE
G0989,55,2,45,0.5,NEAR,-1,,,,,,,,,,,,,,,,,,,,,,,,,,,,,,,,,,,,,,,2.083942334608279,INFEASIBLE_TRIANGLE
G0990,55,2,45,0.5,NEAR,1,,,,,,,,,,,,,,,,,,,,,,,,,,,,,,,,,,,,,,,2.083942334608279,INFEASIBLE_TRIANGLE
G0991,55,2,45,0.5,FAR,-1,,,,,,,,,,,,,,,,,,,,,,,,,,,,,,,,,,,,,,,2.083942334608279,INFEASIBLE_TRIANGLE
G0992,55,2,45,0.5,FAR,1,,,,,,,,,,,,,,,,,,,,,,,,,,,,,,,,,,,,,,,2.083942334608279,INFEASIBLE_TRIANGLE
G0993,55,2,60,0.05,NEAR,-1,,,,,,,,,,,,,,,,,,,,,,,,,,,,,,,,,,,,,,,2.083942334608279,INFEASIBLE_TRIANGLE
G0994,55,2,60,0.05,NEAR,1,,,,,,,,,,,,,,,,,,,,,,,,,,,,,,,,,,,,,,,2.083942334608279,INFEASIBLE_TRIANGLE
G0995,55,2,60,0.05,FAR,-1,,,,,,,,,,,,,,,,,,,,,,,,,,,,,,,,,,,,,,,2.083942334608279,INFEASIBLE_TRIANGLE
G0996,55,2,60,0.05,FAR,1,,,,,,,,,,,,,,,,,,,,,,,,,,,,,,,,,,,,,,,2.083942334608279,INFEASIBLE_TRIANGLE
G0997,55,2,60,0.1,NEAR,-1,,,,,,,,,,,,,,,,,,,,,,,,,,,,,,,,,,,,,,,2.083942334608279,INFEASIBLE_TRIANGLE
G0998,55,2,60,0.1,NEAR,1,,,,,,,,,,,,,,,,,,,,,,,,,,,,,,,,,,,,,,,2.083942334608279,INFEASIBLE_TRIANGLE
G0999,55,2,60,0.1,FAR,-1,,,,,,,,,,,,,,,,,,,,,,,,,,,,,,,,,,,,,,,2.083942334608279,INFEASIBLE_TRIANGLE
G1000,55,2,60,0.1,FAR,1,,,,,,,,,,,,,,,,,,,,,,,,,,,,,,,,,,,,,,,2.083942334608279,INFEASIBLE_TRIANGLE
G1001,55,2,60,0.2,NEAR,-1,,,,,,,,,,,,,,,,,,,,,,,,,,,,,,,,,,,,,,,2.083942334608279,INFEASIBLE_TRIANGLE
G1002,55,2,60,0.2,NEAR,1,,,,,,,,,,,,,,,,,,,,,,,,,,,,,,,,,,,,,,,2.083942334608279,INFEASIBLE_TRIANGLE
G1003,55,2,60,0.2,FAR,-1,,,,,,,,,,,,,,,,,,,,,,,,,,,,,,,,,,,,,,,2.083942334608279,INFEASIBLE_TRIANGLE
G1004,55,2,60,0.2,FAR,1,,,,,,,,,,,,,,,,,,,,,,,,,,,,,,,,,,,,,,,2.083942334608279,INFEASIBLE_TRIANGLE
G1005,55,2,60,0.5,NEAR,-1,,,,,,,,,,,,,,,,,,,,,,,,,,,,,,,,,,,,,,,2.083942334608279,INFEASIBLE_TRIANGLE
G1006,55,2,60,0.5,NEAR,1,,,,,,,,,,,,,,,,,,,,,,,,,,,,,,,,,,,,,,,2.083942334608279,INFEASIBLE_TRIANGLE
G1007,55,2,60,0.5,FAR,-1,,,,,,,,,,,,,,,,,,,,,,,,,,,,,,,,,,,,,,,2.083942334608279,INFEASIBLE_TRIANGLE
G1008,55,2,60,0.5,FAR,1,,,,,,,,,,,,,,,,,,,,,,,,,,,,,,,,,,,,,,,2.083942334608279,INFEASIBLE_TRIANGLE
G1009,55,2,90,0.05,NEAR,-1,,,,,,,,,,,,,,,,,,,,,,,,,,,,,,,,,,,,,,,2.083942334608279,INFEASIBLE_TRIANGLE
G1010,55,2,90,0.05,NEAR,1,,,,,,,,,,,,,,,,,,,,,,,,,,,,,,,,,,,,,,,2.083942334608279,INFEASIBLE_TRIANGLE
G1011,55,2,90,0.05,FAR,-1,,,,,,,,,,,,,,,,,,,,,,,,,,,,,,,,,,,,,,,2.083942334608279,INFEASIBLE_TRIANGLE
G1012,55,2,90,0.05,FAR,1,,,,,,,,,,,,,,,,,,,,,,,,,,,,,,,,,,,,,,,2.083942334608279,INFEASIBLE_TRIANGLE
G1013,55,2,90,0.1,NEAR,-1,,,,,,,,,,,,,,,,,,,,,,,,,,,,,,,,,,,,,,,2.083942334608279,INFEASIBLE_TRIANGLE
G1014,55,2,90,0.1,NEAR,1,,,,,,,,,,,,,,,,,,,,,,,,,,,,,,,,,,,,,,,2.083942334608279,INFEASIBLE_TRIANGLE
G1015,55,2,90,0.1,FAR,-1,,,,,,,,,,,,,,,,,,,,,,,,,,,,,,,,,,,,,,,2.083942334608279,INFEASIBLE_TRIANGLE
G1016,55,2,90,0.1,FAR,1,,,,,,,,,,,,,,,,,,,,,,,,,,,,,,,,,,,,,,,2.083942334608279,INFEASIBLE_TRIANGLE
G1017,55,2,90,0.2,NEAR,-1,,,,,,,,,,,,,,,,,,,,,,,,,,,,,,,,,,,,,,,2.083942334608279,INFEASIBLE_TRIANGLE
G1018,55,2,90,0.2,NEAR,1,,,,,,,,,,,,,,,,,,,,,,,,,,,,,,,,,,,,,,,2.083942334608279,INFEASIBLE_TRIANGLE
G1019,55,2,90,0.2,FAR,-1,,,,,,,,,,,,,,,,,,,,,,,,,,,,,,,,,,,,,,,2.083942334608279,INFEASIBLE_TRIANGLE
G1020,55,2,90,0.2,FAR,1,,,,,,,,,,,,,,,,,,,,,,,,,,,,,,,,,,,,,,,2.083942334608279,INFEASIBLE_TRIANGLE
G1021,55,2,90,0.5,NEAR,-1,,,,,,,,,,,,,,,,,,,,,,,,,,,,,,,,,,,,,,,2.083942334608279,INFEASIBLE_TRIANGLE
G1022,55,2,90,0.5,NEAR,1,,,,,,,,,,,,,,,,,,,,,,,,,,,,,,,,,,,,,,,2.083942334608279,INFEASIBLE_TRIANGLE
G1023,55,2,90,0.5,FAR,-1,,,,,,,,,,,,,,,,,,,,,,,,,,,,,,,,,,,,,,,2.083942334608279,INFEASIBLE_TRIANGLE
G1024,55,2,90,0.5,FAR,1,,,,,,,,,,,,,,,,,,,,,,,,,,,,,,,,,,,,,,,2.083942334608279,INFEASIBLE_TRIANGLE
G1025,55,5,2,0.05,NEAR,-1,4.681061018798928,-1.7571760692318417,50.34961060357982,True,57.51379894975293,3307.8370696325865,1.863909907942916,0.04799655442984407,0.0664217507271906,20000,0.0,0.0,0.0,0.0,0.0,0.23905,0.8636,0.996,0.8587735203162579,0.8682868310637428,0.0655038982064551,0.06707623207159992,1.2444333162924437,3.049394465961214,3.651949519681935,4.785300118976146,0.02262606029622625,0.05544353574474935,0.06639908217603518,0.0870054567086572,0.03244664550637919,0.07865745864443185,0.09389644460338256,0.12380373178188517,1.245181270497386,3.0502635692041435,3.6528546792231102,4.78649138898546,5.215908570454124,FEASIBLE
G1026,55,5,2,0.05,NEAR,1,4.681061018798928,1.7571760692318417,50.34961060357982,True,57.51379894975292,3307.8370696325865,1.863909907942916,0.04799655442984407,0.0664217507271906,20000,0.0,0.0,0.0,0.0,0.0,0.23905,0.8636,0.996,0.8587735203162579,0.8682868310637428,0.0655038982064551,0.06707623207159992,1.2444333162924437,3.049394465961214,3.651949519681935,4.785300118976146,0.02262606029622625,0.05544353574474935,0.06639908217603518,0.0870054567086572,0.03244664550637919,0.07865745864443185,0.09389644460338256,0.12380373178188517,1.245181270497386,3.0502635692041435,3.6528546792231102,4.78649138898546,5.215908570454124,FEASIBLE
G1027,55,5,2,0.05,FAR,-1,-4.547083783089278,-2.07942998669505,59.58338036852072,True,57.473698675183996,3303.226039405835,2.02703054806372,0.047996554429844074,0.07223467035940688,20000,0.0,0.0,0.0,0.0,0.0,0.221,0.82995,0.99315,0.8246802340494434,0.835093041357133,0.07087780581181537,0.07285567592276772,1.3510566891337206,3.3226037409112408,3.9527932786264803,5.231349505482505,0.024564667075158555,0.06041097710747711,0.07186896870229964,0.09511544555422737,0.03246394531248693,0.07866495517982287,0.09391526069010252,0.12393769802045049,1.3518408844070289,3.32308210669608,3.953471251514746,5.231679109434325,5.215908570454124,FEASIBLE
G1028,55,5,2,0.05,FAR,1,-4.547083783089278,2.07942998669505,59.58338036852072,True,57.473698675183996,3303.226039405835,2.02703054806372,0.047996554429844074,0.07223467035940688,20000,0.0,0.0,0.0,0.0,0.0,0.221,0.82995,0.99315,0.8246802340494434,0.835093041357133,0.07087780581181537,0.07285567592276772,1.3510566891337206,3.3226037409112408,3.9527932786264803,5.231349505482505,0.024564667075158555,0.06041097710747711,0.07186896870229964,0.09511544555422737,0.03246394531248693,0.07866495517982287,0.09391526069010252,0.12393769802045049,1.3518408844070289,3.32308210669608,3.953471251514746,5.231679109434325,5.215908570454124,FEASIBLE
G1029,55,5,2,0.1,NEAR,-1,4.681061018798928,-1.7571760692318417,50.34961060357982,True,57.51379894975293,3307.8370696325865,3.727819815885832,0.09599310885968813,0.1328435014543812,20000,0.0,0.0,0.0,0.0,0.0,0.12105,0.54365,0.8627,0.5367392127067161,0.550544022545586,0.1325786256867435,0.13665470939568847,2.4905651044097397,6.117471230857198,7.411902176876112,10.115029556254726,0.045283001898358904,0.11122674965194906,0.13476185776138386,0.18390962829554047,0.06482609056730237,0.1582258966601694,0.18898605136269478,0.25549458761043314,2.491297000452863,6.117629036194894,7.413095494683687,10.11546616304558,5.215908570454124,FEASIBLE
G1030,55,5,2,0.1,NEAR,1,4.681061018798928,1.7571760692318417,50.34961060357982,True,57.51379894975292,3307.8370696325865,3.727819815885832,0.09599310885968813,0.1328435014543812,20000,0.0,0.0,0.0,0.0,0.0,0.12105,0.54365,0.8627,0.5367392127067161,0.550544022545586,0.1325786256867435,0.13665470939568847,2.4905651044097397,6.117471230857198,7.411902176876112,10.115029556254726,0.045283001898358904,0.11122674965194906,0.13476185776138386,0.18390962829554047,0.06482609056730237,0.1582258966601694,0.18898605136269478,0.25549458761043314,2.491297000452863,6.117629036194894,7.413095494683687,10.11546616304558,5.215908570454124,FEASIBLE
G1031,55,5,2,0.1,FAR,-1,-4.547083783089278,-2.07942998669505,59.58338036852072,True,57.473698675183996,3303.226039405835,4.05406109612744,0.09599310885968815,0.14446934071881376,20000,0.0,0.0,0.0,0.0,0.0,0.11125,0.5076,0.8292,0.5006704871086262,0.5145265939433211,0.1441247887884524,0.14779916409018484,2.7037998992924273,6.664983332749472,8.02171322156336,11.047941646242748,0.04915999816895322,0.12118151514089949,0.145849331301152,0.2008716662953227,0.06479799263473097,0.15808552111591917,0.18959169086426297,0.2560481357071691,2.7052733887040783,6.666388196351085,8.022936984601104,11.049138255888893,5.215908570454124,FEASIBLE
G1032,55,5,2,0.1,FAR,1,-4.547083783089278,2.07942998669505,59.58338036852072,True,57.473698675183996,3303.226039405835,4.05406109612744,0.09599310885968815,0.14446934071881376,20000,0.0,0.0,0.0,0.0,0.0,0.11125,0.5076,0.8292,0.5006704871086262,0.5145265939433211,0.1441247887884524,0.14779916409018484,2.7037998992924273,6.664983332749472,8.02171322156336,11.047941646242748,0.04915999816895322,0.12118151514089949,0.145849331301152,0.2008716662953227,0.06479799263473097,0.15808552111591917,0.18959169086426297,0.2560481357071691,2.7052733887040783,6.666388196351085,8.022936984601104,11.049138255888893,5.215908570454124,FEASIBLE
G1033,55,5,2,0.2,NEAR,-1,4.681061018798928,-1.7571760692318417,50.34961060357982,True,57.51379894975293,3307.8370696325865,7.455639631771664,0.19198621771937627,0.2656870029087624,20000,0.0,0.0,0.0,0.0,0.0,0.0621,0.2956,0.5464,0.28931569215686714,0.30196281218286836,0.2849809644538448,0.296664633139245,4.958935825990039,12.493367868164839,15.986565465455215,24.812629133048517,0.09016246956345526,0.22715214305754253,0.2906648266446403,0.45113871150997303,0.12972298267378982,0.32127809928586787,0.3966394427703784,0.5909228460383192,4.962563320344959,12.499117767742264,15.98722725376155,24.816185587095344,5.215908570454124,FEASIBLE
G1034,55,5,2,0.2,NEAR,1,4.681061018798928,1.7571760692318417,50.34961060357982,True,57.51379894975292,3307.8370696325865,7.455639631771664,0.19198621771937627,0.2656870029087624,20000,0.0,0.0,0.0,0.0,0.0,0.0621,0.2956,0.5464,0.28931569215686714,0.30196281218286836,0.2849809644538448,0.296664633139245,4.958935825990039,12.493367868164839,15.986565465455215,24.812629133048517,0.09016246956345526,0.22715214305754253,0.2906648266446403,0.45113871150997303,0.12972298267378982,0.32127809928586787,0.3966394427703784,0.5909228460383192,4.962563320344959,12.499117767742264,15.98722725376155,24.816185587095344,5.215908570454124,FEASIBLE
G1035,55,5,2,0.2,FAR,-1,-4.547083783089278,-2.07942998669505,59.58338036852072,True,57.473698675183996,3303.226039405835,8.10812219225488,0.1919862177193763,0.2889386814376275,20000,0.0,0.0,0.0,0.0,0.0,0.05625,0.2725,0.50945,0.2663734486161309,0.27871392778939674,0.30944983338589227,0.3233575475769479,5.371722663733173,13.564082151555823,17.389368011620718,27.141339297858778,0.0976676847951486,0.24661967548283314,0.316170327484013,0.49347889632470504,0.12970733336066015,0.3221941998867037,0.3995557942818664,0.5961375874428276,5.376368379828997,13.564768588856802,17.39116934200808,27.147243203806127,5.215908570454124,FEASIBLE
G1036,55,5,2,0.2,FAR,1,-4.547083783089278,2.07942998669505,59.58338036852072,True,57.473698675183996,3303.226039405835,8.10812219225488,0.1919862177193763,0.2889386814376275,20000,0.0,0.0,0.0,0.0,0.0,0.05625,0.2725,0.50945,0.2663734486161309,0.27871392778939674,0.30944983338589227,0.3233575475769479,5.371722663733173,13.564082151555823,17.389368011620718,27.141339297858778,0.0976676847951486,0.24661967548283314,0.316170327484013,0.49347889632470504,0.12970733336066015,0.3221941998867037,0.3995557942818664,0.5961375874428276,5.376368379828997,13.564768588856802,17.39116934200808,27.147243203806127,5.215908570454124,FEASIBLE
G1037,55,5,2,0.5,NEAR,-1,4.681061018798928,-1.7571760692318417,50.34961060357982,True,57.51379894975293,3307.8370696325105,18.639099079429158,0.4799655442984406,0.664217507271906,20000,0.00215,0.00215,0.0,0.0013,0.0,0.02575,0.12135,0.241,0.11689712344989941,0.12594830545538863,1.262727075795107,1.3753481227774351,11.90318301941035,43.254297620894036,72.55814452323428,210.82017044416546,0.21642150944382452,0.7864417749253461,1.3192389913315323,3.8330940080757356,0.322743147241793,0.9840191781686902,1.5209454298182181,4.304033590671525,11.907821302282127,43.25565171816059,72.5622984667722,210.8410691808547,5.215908570454124,FEASIBLE
G1038,55,5,2,0.5,NEAR,1,4.681061018798928,1.7571760692318417,50.34961060357982,True,57.51379894975292,3307.8370696325105,18.639099079429158,0.4799655442984406,0.664217507271906,20000,0.00215,0.00215,0.0,0.0013,0.0,0.02575,0.12135,0.241,0.11689712344989941,0.12594830545538863,1.262727075795107,1.3753481227774351,11.90318301941035,43.254297620894036,72.55814452323428,210.82017044416546,0.21642150944382452,0.7864417749253461,1.3192389913315323,3.8330940080757356,0.322743147241793,0.9840191781686902,1.5209454298182181,4.304033590671525,11.907821302282127,43.25565171816059,72.5622984667722,210.8410691808547,5.215908570454124,FEASIBLE
G1039,55,5,2,0.5,FAR,-1,-4.547083783089278,-2.07942998669505,59.58338036852072,True,57.473698675183996,3303.2260394058553,20.270305480637198,0.4799655442984407,0.7223467035940686,20000,0.00215,0.00215,0.0,0.0013,0.0,0.02295,0.1112,0.22235,0.10691744274227723,0.11563188449494972,1.3726033741171204,1.5023425369987153,13.001458429605357,46.90935414295467,78.80710325905324,230.42224085297607,0.23639015326555193,0.8528973480537213,1.432856422891877,4.189495288235928,0.32103476485970084,1.001314764816463,1.5618522799402679,4.4015376279032985,13.00585768923735,46.91029584943814,78.81283012094819,230.4356841814797,5.215908570454124,FEASIBLE
G1040,55,5,2,0.5,FAR,1,-4.547083783089278,2.07942998669505,59.58338036852072,True,57.473698675183996,3303.2260394058553,20.270305480637198,0.4799655442984407,0.7223467035940686,20000,0.00215,0.00215,0.0,0.0013,0.0,0.02295,0.1112,0.22235,0.10691744274227723,0.11563188449494972,1.3726033741171204,1.5023425369987153,13.001458429605357,46.90935414295467,78.80710325905324,230.42224085297607,0.23639015326555193,0.8528973480537213,1.432856422891877,4.189495288235928,0.32103476485970084,1.001314764816463,1.5618522799402679,4.4015376279032985,13.00585768923735,46.91029584943814,78.81283012094819,230.4356841814797,5.215908570454124,FEASIBLE
G1041,55,5,5,0.05,NEAR,-1,1.8342503982354685,-4.651400378012305,53.368834128113555,True,22.91418579842249,525.0599108046252,0.7658412089607781,0.04799655442984406,0.02729129431708616,20000,0.0,0.0,0.0,0.0,0.0,0.5314,0.99955,1.0,0.9991449078924859,0.99976322888386,0.026719519547456567,0.027462568248114393,0.5110896119378836,1.2527069751294277,1.4890922108172475,1.9312942342203885,0.009292538398870611,0.022776490456898685,0.027074403833040862,0.03511444062218888,0.03245689448738442,0.07825110119748527,0.09394453084938004,0.12240661938410012,0.5127599168043395,1.2543011050394377,1.489935258831584,1.9330376851642488,5.215908570454124,FEASIBLE
G1042,55,5,5,0.05,NEAR,1,1.8342503982354685,4.651400378012305,53.368834128113555,True,22.914185798422498,525.0599108046252,0.7658412089607781,0.04799655442984406,0.02729129431708616,20000,0.0,0.0,0.0,0.0,0.0,0.5314,0.99955,1.0,0.9991449078924859,0.99976322888386,0.026719519547456567,0.027462568248114393,0.5110896119378836,1.2527069751294277,1.4890922108172475,1.9312942342203885,0.009292538398870611,0.022776490456898685,0.027074403833040862,0.03511444062218888,0.03245689448738442,0.07825110119748527,0.09394453084938004,0.12240661938410012,0.5127599168043395,1.2543011050394377,1.489935258831584,1.9330376851642488,5.215908570454124,FEASIBLE
G1043,55,5,5,0.05,FAR,-1,-0.9986768139069113,-4.899249393668864,56.21258266197845,True,22.90923267274942,524.8329416541717,0.7859733976910336,0.04799655442984407,0.028008719132381867,20000,0.0,0.0,0.0,0.0,0.0,0.52095,0.9995,1.0,0.9990797771249671,0.9997283788549844,0.027404544316998687,0.028146464843767014,0.5239440253104064,1.283120933950869,1.5272453456864739,1.977941344009686,0.009526255005643752,0.023329471526379434,0.027768097194299523,0.0359625698910852,0.032452625935199014,0.07825343504601183,0.09395690896956385,0.12236367500990229,0.5255958381280444,1.2844974460857508,1.5281175300791445,1.9813496038820588,5.215908570454124,FEASIBLE
G1044,55,5,5,0.05,FAR,1,-0.9986768139069113,4.899249393668864,56.21258266197845,True,22.909232672749425,524.8329416541717,0.7859733976910336,0.04799655442984407,0.028008719132381867,20000,0.0,0.0,0.0,0.0,0.0,0.52095,0.9995,1.0,0.9990797771249671,0.9997283788549844,0.027404544316998687,0.028146464843767014,0.5239440253104064,1.283120933950869,1.5272453456864739,1.977941344009686,0.009526255005643752,0.023329471526379434,0.027768097194299523,0.0359625698910852,0.032452625935199014,0.07825343504601183,0.09395690896956385,0.12236367500990229,0.5255958381280444,1.2844974460857508,1.5281175300791445,1.9813496038820588,5.215908570454124,FEASIBLE
G1045,55,5,5,0.1,NEAR,-1,1.8342503982354685,-4.651400378012305,53.368834128113555,True,22.91418579842249,525.0599108046252,1.5316824179215562,0.09599310885968812,0.05458258863417232,20000,0.0,0.0,0.0,0.0,0.0,0.28705,0.92885,0.99955,0.9252042201262993,0.9323310705483796,0.05370817716098564,0.0551328690911487,1.0216913875341973,2.5074238273591902,2.986406512828225,3.9011152317183853,0.018576207046076314,0.04558952413380346,0.054298300233240455,0.07092936784942519,0.06489834166580752,0.1570886956925665,0.18762163366242768,0.2465819766957174,1.025638253912859,2.5098606640155205,2.991826078544284,3.902792721126707,5.215908570454124,FEASIBLE
G1046,55,5,5,0.1,NEAR,1,1.8342503982354685,4.651400378012305,53.368834128113555,True,22.914185798422498,525.0599108046252,1.5316824179215562,0.09599310885968812,0.05458258863417232,20000,0.0,0.0,0.0,0.0,0.0,0.28705,0.92885,0.99955,0.9252042201262993,0.9323310705483796,0.05370817716098564,0.0551328690911487,1.0216913875341973,2.5074238273591902,2.986406512828225,3.9011152317183853,0.018576207046076314,0.04558952413380346,0.054298300233240455,0.07092936784942519,0.06489834166580752,0.1570886956925665,0.18762163366242768,0.2465819766957174,1.025638253912859,2.5098606640155205,2.991826078544284,3.902792721126707,5.215908570454124,FEASIBLE
G1047,55,5,5,0.1,FAR,-1,-0.9986768139069113,-4.899249393668864,56.21258266197845,True,22.90923267274942,524.8329416541717,1.5719467953820672,0.09599310885968813,0.056017438264763735,20000,0.0,0.0,0.0,0.0,0.0,0.28005,0.9213,0.99945,0.9174867539336058,0.9249514364855205,0.055013819462131026,0.05645634307568809,1.0468801394821838,2.572490970688449,3.0674587578073655,4.025998433950853,0.019034184354221523,0.04677256310342635,0.055771977414679375,0.07319997152637915,0.06490414942077548,0.15709435958596488,0.18748672838074076,0.24651949355555414,1.049948826443032,2.5735027822398426,3.072389310973237,4.026009783675699,5.215908570454124,FEASIBLE
G1048,55,5,5,0.1,FAR,1,-0.9986768139069113,4.899249393668864,56.21258266197845,True,22.909232672749425,524.8329416541717,1.5719467953820672,0.09599310885968813,0.056017438264763735,20000,0.0,0.0,0.0,0.0,0.0,0.28005,0.9213,0.99945,0.9174867539336058,0.9249514364855205,0.055013819462131026,0.05645634307568809,1.0468801394821838,2.572490970688449,3.0674587578073655,4.025998433950853,0.019034184354221523,0.04677256310342635,0.055771977414679375,0.07319997152637915,0.06490414942077548,0.15709435958596488,0.18748672838074076,0.24651949355555414,1.049948826443032,2.5735027822398426,3.072389310973237,4.026009783675699,5.215908570454124,FEASIBLE
G1049,55,5,5,0.2,NEAR,-1,1.8342503982354685,-4.651400378012305,53.368834128113555,True,22.91418579842249,525.0599108046252,3.0633648358431125,0.19198621771937624,0.10916517726834464,20000,0.0,0.0,0.0,0.0,0.0,0.14645,0.6377,0.9268,0.6310125910948956,0.6443345221752532,0.10806612966712753,0.1109127804883108,2.0428970670082123,5.014148536989424,6.017356833059502,8.098003339493879,0.03714358303651295,0.09116633703617134,0.10940648787380912,0.14723642435443415,0.12975482392215998,0.31558090323067306,0.37737054295154443,0.5035355548610145,2.0530982370432245,5.018553044746957,6.023405453941484,8.115217308582244,5.215908570454124,FEASIBLE
G1050,55,5,5,0.2,NEAR,1,1.8342503982354685,4.651400378012305,53.368834128113555,True,22.914185798422498,525.0599108046252,3.0633648358431125,0.19198621771937624,0.10916517726834464,20000,0.0,0.0,0.0,0.0,0.0,0.14645,0.6377,0.9268,0.6310125910948956,0.6443345221752532,0.10806612966712753,0.1109127804883108,2.0428970670082123,5.014148536989424,6.017356833059502,8.098003339493879,0.03714358303651295,0.09116633703617134,0.10940648787380912,0.14723642435443415,0.12975482392215998,0.31558090323067306,0.37737054295154443,0.5035355548610145,2.0530982370432245,5.018553044746957,6.023405453941484,8.115217308582244,5.215908570454124,FEASIBLE
G1051,55,5,5,0.2,FAR,-1,-0.9986768139069113,-4.899249393668864,56.21258266197845,True,22.90923267274942,524.8329416541717,3.1438935907641343,0.19198621771937627,0.11203487652952747,20000,0.0,0.0,0.0,0.0,0.0,0.1426,0.62465,0.9201,0.6179159357862349,0.6313361896249783,0.11084556881862863,0.11381048006434702,2.093333829809538,5.156558683368466,6.15871983770667,8.28982917278956,0.03806061508744614,0.0937556124248812,0.11197672432193945,0.150724166777992,0.12975835899081203,0.31599191015064526,0.3772430396966594,0.5042988534619425,2.1015600887294084,5.159765825651015,6.165722971405246,8.292384247855015,5.215908570454124,FEASIBLE
G1052,55,5,5,0.2,FAR,1,-0.9986768139069113,4.899249393668864,56.21258266197845,True,22.909232672749425,524.8329416541717,3.1438935907641343,0.19198621771937627,0.11203487652952747,20000,0.0,0.0,0.0,0.0,0.0,0.1426,0.62465,0.9201,0.6179159357862349,0.6313361896249783,0.11084556881862863,0.11381048006434702,2.093333829809538,5.156558683368466,6.15871983770667,8.28982917278956,0.03806061508744614,0.0937556124248812,0.11197672432193945,0.150724166777992,0.12975835899081203,0.31599191015064526,0.3772430396966594,0.5042988534619425,2.1015600887294084,5.159765825651015,6.165722971405246,8.292384247855015,5.215908570454124,FEASIBLE
G1053,55,5,5,0.5,NEAR,-1,1.8342503982354685,-4.651400378012305,53.368834128113555,True,22.91418579842249,525.0599108046272,7.658412089607782,0.4799655442984407,0.2729129431708616,20000,0.0,0.0,0.0,0.0,0.0,0.0603,0.2871,0.53455,0.2808714043900233,0.29341036456266617,0.2925937561723577,0.3061950919176266,5.083104441108773,12.832602193649379,16.45205700696195,25.500623123466326,0.09242008074743224,0.23332003988453415,0.29912830921749,0.4636476931539332,0.324465561732977,0.8039434372897888,0.9946554600240529,1.472627533909686,5.102503831316232,12.858392731715146,16.474830994688293,25.55289515138828,5.215908570454124,FEASIBLE
G1054,55,5,5,0.5,NEAR,1,1.8342503982354685,4.651400378012305,53.368834128113555,True,22.914185798422498,525.0599108046272,7.658412089607782,0.4799655442984407,0.2729129431708616,20000,0.0,0.0,0.0,0.0,0.0,0.0603,0.2871,0.53455,0.2808714043900233,0.29341036456266617,0.2925937561723577,0.3061950919176266,5.083104441108773,12.832602193649379,16.45205700696195,25.500623123466326,0.09242008074743224,0.23332003988453415,0.29912830921749,0.4636476931539332,0.324465561732977,0.8039434372897888,0.9946554600240529,1.472627533909686,5.102503831316232,12.858392731715146,16.474830994688293,25.55289515138828,5.215908570454124,FEASIBLE
G1055,55,5,5,0.5,FAR,-1,-0.9986768139069113,-4.899249393668864,56.21258266197845,True,22.90923267274942,524.8329416541703,7.859733976910335,0.47996554429844057,0.28008719132381865,20000,0.0,0.0,0.0,0.0,0.0,0.0583,0.28155,0.52215,0.27535923530142103,0.2878246652514911,0.3007921277954208,0.31364555019634033,5.22029523537126,13.158957388783364,16.860149219048935,26.190232144850953,0.094914458824932,0.23925377070515208,0.30654816761907155,0.47618603899729006,0.32457163525049115,0.8046995439301121,0.9964278054162519,1.48405852743179,5.2355547997003145,13.178928143479137,16.877760217643207,26.2238555591606,5.215908570454124,FEASIBLE
G1056,55,5,5,0.5,FAR,1,-0.9986768139069113,4.899249393668864,56.21258266197845,True,22.909232672749425,524.8329416541703,7.859733976910335,0.47996554429844057,0.28008719132381865,20000,0.0,0.0,0.0,0.0,0.0,0.0583,0.28155,0.52215,0.27535923530142103,0.2878246652514911,0.3007921277954208,0.31364555019634033,5.22029523537126,13.158957388783364,16.860149219048935,26.190232144850953,0.094914458824932,0.23925377070515208,0.30654816761907155,0.47618603899729006,0.32457163525049115,0.8046995439301121,0.9964278054162519,1.48405852743179,5.2355547997003145,13.178928143479137,16.877760217643207,26.2238555591606,5.215908570454124,FEASIBLE
G1057,55,5,10,0.05,NEAR,-1,,,,,,,,,,,,,,,,,,,,,,,,,,,,,,,,,,,,,,,5.215908570454124,INFEASIBLE_TRIANGLE
G1058,55,5,10,0.05,NEAR,1,,,,,,,,,,,,,,,,,,,,,,,,,,,,,,,,,,,,,,,5.215908570454124,INFEASIBLE_TRIANGLE
G1059,55,5,10,0.05,FAR,-1,,,,,,,,,,,,,,,,,,,,,,,,,,,,,,,,,,,,,,,5.215908570454124,INFEASIBLE_TRIANGLE
G1060,55,5,10,0.05,FAR,1,,,,,,,,,,,,,,,,,,,,,,,,,,,,,,,,,,,,,,,5.215908570454124,INFEASIBLE_TRIANGLE
G1061,55,5,10,0.1,NEAR,-1,,,,,,,,,,,,,,,,,,,,,,,,,,,,,,,,,,,,,,,5.215908570454124,INFEASIBLE_TRIANGLE
G1062,55,5,10,0.1,NEAR,1,,,,,,,,,,,,,,,,,,,,,,,,,,,,,,,,,,,,,,,5.215908570454124,INFEASIBLE_TRIANGLE
G1063,55,5,10,0.1,FAR,-1,,,,,,,,,,,,,,,,,,,,,,,,,,,,,,,,,,,,,,,5.215908570454124,INFEASIBLE_TRIANGLE
G1064,55,5,10,0.1,FAR,1,,,,,,,,,,,,,,,,,,,,,,,,,,,,,,,,,,,,,,,5.215908570454124,INFEASIBLE_TRIANGLE
G1065,55,5,10,0.2,NEAR,-1,,,,,,,,,,,,,,,,,,,,,,,,,,,,,,,,,,,,,,,5.215908570454124,INFEASIBLE_TRIANGLE
G1066,55,5,10,0.2,NEAR,1,,,,,,,,,,,,,,,,,,,,,,,,,,,,,,,,,,,,,,,5.215908570454124,INFEASIBLE_TRIANGLE
G1067,55,5,10,0.2,FAR,-1,,,,,,,,,,,,,,,,,,,,,,,,,,,,,,,,,,,,,,,5.215908570454124,INFEASIBLE_TRIANGLE
G1068,55,5,10,0.2,FAR,1,,,,,,,,,,,,,,,,,,,,,,,,,,,,,,,,,,,,,,,5.215908570454124,INFEASIBLE_TRIANGLE
G1069,55,5,10,0.5,NEAR,-1,,,,,,,,,,,,,,,,,,,,,,,,,,,,,,,,,,,,,,,5.215908570454124,INFEASIBLE_TRIANGLE
G1070,55,5,10,0.5,NEAR,1,,,,,,,,,,,,,,,,,,,,,,,,,,,,,,,,,,,,,,,5.215908570454124,INFEASIBLE_TRIANGLE
G1071,55,5,10,0.5,FAR,-1,,,,,,,,,,,,,,,,,,,,,,,,,,,,,,,,,,,,,,,5.215908570454124,INFEASIBLE_TRIANGLE
G1072,55,5,10,0.5,FAR,1,,,,,,,,,,,,,,,,,,,,,,,,,,,,,,,,,,,,,,,5.215908570454124,INFEASIBLE_TRIANGLE
G1073,55,5,20,0.05,NEAR,-1,,,,,,,,,,,,,,,,,,,,,,,,,,,,,,,,,,,,,,,5.215908570454124,INFEASIBLE_TRIANGLE
G1074,55,5,20,0.05,NEAR,1,,,,,,,,,,,,,,,,,,,,,,,,,,,,,,,,,,,,,,,5.215908570454124,INFEASIBLE_TRIANGLE
G1075,55,5,20,0.05,FAR,-1,,,,,,,,,,,,,,,,,,,,,,,,,,,,,,,,,,,,,,,5.215908570454124,INFEASIBLE_TRIANGLE
G1076,55,5,20,0.05,FAR,1,,,,,,,,,,,,,,,,,,,,,,,,,,,,,,,,,,,,,,,5.215908570454124,INFEASIBLE_TRIANGLE
G1077,55,5,20,0.1,NEAR,-1,,,,,,,,,,,,,,,,,,,,,,,,,,,,,,,,,,,,,,,5.215908570454124,INFEASIBLE_TRIANGLE
G1078,55,5,20,0.1,NEAR,1,,,,,,,,,,,,,,,,,,,,,,,,,,,,,,,,,,,,,,,5.215908570454124,INFEASIBLE_TRIANGLE
G1079,55,5,20,0.1,FAR,-1,,,,,,,,,,,,,,,,,,,,,,,,,,,,,,,,,,,,,,,5.215908570454124,INFEASIBLE_TRIANGLE
G1080,55,5,20,0.1,FAR,1,,,,,,,,,,,,,,,,,,,,,,,,,,,,,,,,,,,,,,,5.215908570454124,INFEASIBLE_TRIANGLE
G1081,55,5,20,0.2,NEAR,-1,,,,,,,,,,,,,,,,,,,,,,,,,,,,,,,,,,,,,,,5.215908570454124,INFEASIBLE_TRIANGLE
G1082,55,5,20,0.2,NEAR,1,,,,,,,,,,,,,,,,,,,,,,,,,,,,,,,,,,,,,,,5.215908570454124,INFEASIBLE_TRIANGLE
G1083,55,5,20,0.2,FAR,-1,,,,,,,,,,,,,,,,,,,,,,,,,,,,,,,,,,,,,,,5.215908570454124,INFEASIBLE_TRIANGLE
G1084,55,5,20,0.2,FAR,1,,,,,,,,,,,,,,,,,,,,,,,,,,,,,,,,,,,,,,,5.215908570454124,INFEASIBLE_TRIANGLE
G1085,55,5,20,0.5,NEAR,-1,,,,,,,,,,,,,,,,,,,,,,,,,,,,,,,,,,,,,,,5.215908570454124,INFEASIBLE_TRIANGLE
G1086,55,5,20,0.5,NEAR,1,,,,,,,,,,,,,,,,,,,,,,,,,,,,,,,,,,,,,,,5.215908570454124,INFEASIBLE_TRIANGLE
G1087,55,5,20,0.5,FAR,-1,,,,,,,,,,,,,,,,,,,,,,,,,,,,,,,,,,,,,,,5.215908570454124,INFEASIBLE_TRIANGLE
G1088,55,5,20,0.5,FAR,1,,,,,,,,,,,,,,,,,,,,,,,,,,,,,,,,,,,,,,,5.215908570454124,INFEASIBLE_TRIANGLE
G1089,55,5,30,0.05,NEAR,-1,,,,,,,,,,,,,,,,,,,,,,,,,,,,,,,,,,,,,,,5.215908570454124,INFEASIBLE_TRIANGLE
G1090,55,5,30,0.05,NEAR,1,,,,,,,,,,,,,,,,,,,,,,,,,,,,,,,,,,,,,,,5.215908570454124,INFEASIBLE_TRIANGLE
G1091,55,5,30,0.05,FAR,-1,,,,,,,,,,,,,,,,,,,,,,,,,,,,,,,,,,,,,,,5.215908570454124,INFEASIBLE_TRIANGLE
G1092,55,5,30,0.05,FAR,1,,,,,,,,,,,,,,,,,,,,,,,,,,,,,,,,,,,,,,,5.215908570454124,INFEASIBLE_TRIANGLE
G1093,55,5,30,0.1,NEAR,-1,,,,,,,,,,,,,,,,,,,,,,,,,,,,,,,,,,,,,,,5.215908570454124,INFEASIBLE_TRIANGLE
G1094,55,5,30,0.1,NEAR,1,,,,,,,,,,,,,,,,,,,,,,,,,,,,,,,,,,,,,,,5.215908570454124,INFEASIBLE_TRIANGLE
G1095,55,5,30,0.1,FAR,-1,,,,,,,,,,,,,,,,,,,,,,,,,,,,,,,,,,,,,,,5.215908570454124,INFEASIBLE_TRIANGLE
G1096,55,5,30,0.1,FAR,1,,,,,,,,,,,,,,,,,,,,,,,,,,,,,,,,,,,,,,,5.215908570454124,INFEASIBLE_TRIANGLE
G1097,55,5,30,0.2,NEAR,-1,,,,,,,,,,,,,,,,,,,,,,,,,,,,,,,,,,,,,,,5.215908570454124,INFEASIBLE_TRIANGLE
G1098,55,5,30,0.2,NEAR,1,,,,,,,,,,,,,,,,,,,,,,,,,,,,,,,,,,,,,,,5.215908570454124,INFEASIBLE_TRIANGLE
G1099,55,5,30,0.2,FAR,-1,,,,,,,,,,,,,,,,,,,,,,,,,,,,,,,,,,,,,,,5.215908570454124,INFEASIBLE_TRIANGLE
G1100,55,5,30,0.2,FAR,1,,,,,,,,,,,,,,,,,,,,,,,,,,,,,,,,,,,,,,,5.215908570454124,INFEASIBLE_TRIANGLE
G1101,55,5,30,0.5,NEAR,-1,,,,,,,,,,,,,,,,,,,,,,,,,,,,,,,,,,,,,,,5.215908570454124,INFEASIBLE_TRIANGLE
G1102,55,5,30,0.5,NEAR,1,,,,,,,,,,,,,,,,,,,,,,,,,,,,,,,,,,,,,,,5.215908570454124,INFEASIBLE_TRIANGLE
G1103,55,5,30,0.5,FAR,-1,,,,,,,,,,,,,,,,,,,,,,,,,,,,,,,,,,,,,,,5.215908570454124,INFEASIBLE_TRIANGLE
G1104,55,5,30,0.5,FAR,1,,,,,,,,,,,,,,,,,,,,,,,,,,,,,,,,,,,,,,,5.215908570454124,INFEASIBLE_TRIANGLE
G1105,55,5,45,0.05,NEAR,-1,,,,,,,,,,,,,,,,,,,,,,,,,,,,,,,,,,,,,,,5.215908570454124,INFEASIBLE_TRIANGLE
G1106,55,5,45,0.05,NEAR,1,,,,,,,,,,,,,,,,,,,,,,,,,,,,,,,,,,,,,,,5.215908570454124,INFEASIBLE_TRIANGLE
G1107,55,5,45,0.05,FAR,-1,,,,,,,,,,,,,,,,,,,,,,,,,,,,,,,,,,,,,,,5.215908570454124,INFEASIBLE_TRIANGLE
G1108,55,5,45,0.05,FAR,1,,,,,,,,,,,,,,,,,,,,,,,,,,,,,,,,,,,,,,,5.215908570454124,INFEASIBLE_TRIANGLE
G1109,55,5,45,0.1,NEAR,-1,,,,,,,,,,,,,,,,,,,,,,,,,,,,,,,,,,,,,,,5.215908570454124,INFEASIBLE_TRIANGLE
G1110,55,5,45,0.1,NEAR,1,,,,,,,,,,,,,,,,,,,,,,,,,,,,,,,,,,,,,,,5.215908570454124,INFEASIBLE_TRIANGLE
G1111,55,5,45,0.1,FAR,-1,,,,,,,,,,,,,,,,,,,,,,,,,,,,,,,,,,,,,,,5.215908570454124,INFEASIBLE_TRIANGLE
G1112,55,5,45,0.1,FAR,1,,,,,,,,,,,,,,,,,,,,,,,,,,,,,,,,,,,,,,,5.215908570454124,INFEASIBLE_TRIANGLE
G1113,55,5,45,0.2,NEAR,-1,,,,,,,,,,,,,,,,,,,,,,,,,,,,,,,,,,,,,,,5.215908570454124,INFEASIBLE_TRIANGLE
G1114,55,5,45,0.2,NEAR,1,,,,,,,,,,,,,,,,,,,,,,,,,,,,,,,,,,,,,,,5.215908570454124,INFEASIBLE_TRIANGLE
G1115,55,5,45,0.2,FAR,-1,,,,,,,,,,,,,,,,,,,,,,,,,,,,,,,,,,,,,,,5.215908570454124,INFEASIBLE_TRIANGLE
G1116,55,5,45,0.2,FAR,1,,,,,,,,,,,,,,,,,,,,,,,,,,,,,,,,,,,,,,,5.215908570454124,INFEASIBLE_TRIANGLE
G1117,55,5,45,0.5,NEAR,-1,,,,,,,,,,,,,,,,,,,,,,,,,,,,,,,,,,,,,,,5.215908570454124,INFEASIBLE_TRIANGLE
G1118,55,5,45,0.5,NEAR,1,,,,,,,,,,,,,,,,,,,,,,,,,,,,,,,,,,,,,,,5.215908570454124,INFEASIBLE_TRIANGLE
G1119,55,5,45,0.5,FAR,-1,,,,,,,,,,,,,,,,,,,,,,,,,,,,,,,,,,,,,,,5.215908570454124,INFEASIBLE_TRIANGLE
G1120,55,5,45,0.5,FAR,1,,,,,,,,,,,,,,,,,,,,,,,,,,,,,,,,,,,,,,,5.215908570454124,INFEASIBLE_TRIANGLE
G1121,55,5,60,0.05,NEAR,-1,,,,,,,,,,,,,,,,,,,,,,,,,,,,,,,,,,,,,,,5.215908570454124,INFEASIBLE_TRIANGLE
G1122,55,5,60,0.05,NEAR,1,,,,,,,,,,,,,,,,,,,,,,,,,,,,,,,,,,,,,,,5.215908570454124,INFEASIBLE_TRIANGLE
G1123,55,5,60,0.05,FAR,-1,,,,,,,,,,,,,,,,,,,,,,,,,,,,,,,,,,,,,,,5.215908570454124,INFEASIBLE_TRIANGLE
G1124,55,5,60,0.05,FAR,1,,,,,,,,,,,,,,,,,,,,,,,,,,,,,,,,,,,,,,,5.215908570454124,INFEASIBLE_TRIANGLE
G1125,55,5,60,0.1,NEAR,-1,,,,,,,,,,,,,,,,,,,,,,,,,,,,,,,,,,,,,,,5.215908570454124,INFEASIBLE_TRIANGLE
G1126,55,5,60,0.1,NEAR,1,,,,,,,,,,,,,,,,,,,,,,,,,,,,,,,,,,,,,,,5.215908570454124,INFEASIBLE_TRIANGLE
G1127,55,5,60,0.1,FAR,-1,,,,,,,,,,,,,,,,,,,,,,,,,,,,,,,,,,,,,,,5.215908570454124,INFEASIBLE_TRIANGLE
G1128,55,5,60,0.1,FAR,1,,,,,,,,,,,,,,,,,,,,,,,,,,,,,,,,,,,,,,,5.215908570454124,INFEASIBLE_TRIANGLE
G1129,55,5,60,0.2,NEAR,-1,,,,,,,,,,,,,,,,,,,,,,,,,,,,,,,,,,,,,,,5.215908570454124,INFEASIBLE_TRIANGLE
G1130,55,5,60,0.2,NEAR,1,,,,,,,,,,,,,,,,,,,,,,,,,,,,,,,,,,,,,,,5.215908570454124,INFEASIBLE_TRIANGLE
G1131,55,5,60,0.2,FAR,-1,,,,,,,,,,,,,,,,,,,,,,,,,,,,,,,,,,,,,,,5.215908570454124,INFEASIBLE_TRIANGLE
G1132,55,5,60,0.2,FAR,1,,,,,,,,,,,,,,,,,,,,,,,,,,,,,,,,,,,,,,,5.215908570454124,INFEASIBLE_TRIANGLE
G1133,55,5,60,0.5,NEAR,-1,,,,,,,,,,,,,,,,,,,,,,,,,,,,,,,,,,,,,,,5.215908570454124,INFEASIBLE_TRIANGLE
G1134,55,5,60,0.5,NEAR,1,,,,,,,,,,,,,,,,,,,,,,,,,,,,,,,,,,,,,,,5.215908570454124,INFEASIBLE_TRIANGLE
G1135,55,5,60,0.5,FAR,-1,,,,,,,,,,,,,,,,,,,,,,,,,,,,,,,,,,,,,,,5.215908570454124,INFEASIBLE_TRIANGLE
G1136,55,5,60,0.5,FAR,1,,,,,,,,,,,,,,,,,,,,,,,,,,,,,,,,,,,,,,,5.215908570454124,INFEASIBLE_TRIANGLE
G1137,55,5,90,0.05,NEAR,-1,,,,,,,,,,,,,,,,,,,,,,,,,,,,,,,,,,,,,,,5.215908570454124,INFEASIBLE_TRIANGLE
G1138,55,5,90,0.05,NEAR,1,,,,,,,,,,,,,,,,,,,,,,,,,,,,,,,,,,,,,,,5.215908570454124,INFEASIBLE_TRIANGLE
G1139,55,5,90,0.05,FAR,-1,,,,,,,,,,,,,,,,,,,,,,,,,,,,,,,,,,,,,,,5.215908570454124,INFEASIBLE_TRIANGLE
G1140,55,5,90,0.05,FAR,1,,,,,,,,,,,,,,,,,,,,,,,,,,,,,,,,,,,,,,,5.215908570454124,INFEASIBLE_TRIANGLE
G1141,55,5,90,0.1,NEAR,-1,,,,,,,,,,,,,,,,,,,,,,,,,,,,,,,,,,,,,,,5.215908570454124,INFEASIBLE_TRIANGLE
G1142,55,5,90,0.1,NEAR,1,,,,,,,,,,,,,,,,,,,,,,,,,,,,,,,,,,,,,,,5.215908570454124,INFEASIBLE_TRIANGLE
G1143,55,5,90,0.1,FAR,-1,,,,,,,,,,,,,,,,,,,,,,,,,,,,,,,,,,,,,,,5.215908570454124,INFEASIBLE_TRIANGLE
G1144,55,5,90,0.1,FAR,1,,,,,,,,,,,,,,,,,,,,,,,,,,,,,,,,,,,,,,,5.215908570454124,INFEASIBLE_TRIANGLE
G1145,55,5,90,0.2,NEAR,-1,,,,,,,,,,,,,,,,,,,,,,,,,,,,,,,,,,,,,,,5.215908570454124,INFEASIBLE_TRIANGLE
G1146,55,5,90,0.2,NEAR,1,,,,,,,,,,,,,,,,,,,,,,,,,,,,,,,,,,,,,,,5.215908570454124,INFEASIBLE_TRIANGLE
G1147,55,5,90,0.2,FAR,-1,,,,,,,,,,,,,,,,,,,,,,,,,,,,,,,,,,,,,,,5.215908570454124,INFEASIBLE_TRIANGLE
G1148,55,5,90,0.2,FAR,1,,,,,,,,,,,,,,,,,,,,,,,,,,,,,,,,,,,,,,,5.215908570454124,INFEASIBLE_TRIANGLE
G1149,55,5,90,0.5,NEAR,-1,,,,,,,,,,,,,,,,,,,,,,,,,,,,,,,,,,,,,,,5.215908570454124,INFEASIBLE_TRIANGLE
G1150,55,5,90,0.5,NEAR,1,,,,,,,,,,,,,,,,,,,,,,,,,,,,,,,,,,,,,,,5.215908570454124,INFEASIBLE_TRIANGLE
G1151,55,5,90,0.5,FAR,-1,,,,,,,,,,,,,,,,,,,,,,,,,,,,,,,,,,,,,,,5.215908570454124,INFEASIBLE_TRIANGLE
G1152,55,5,90,0.5,FAR,1,,,,,,,,,,,,,,,,,,,,,,,,,,,,,,,,,,,,,,,5.215908570454124,INFEASIBLE_TRIANGLE
G1153,55,10,2,0.05,NEAR,-1,9.875062639083332,-1.575797535910126,45.1524430092197,True,58.409202869906125,3411.6349798979136,1.7787134417707828,0.04799655442984408,0.06338571426705486,20000,0.0,0.0,0.0,0.0,0.0,0.25,0.881,0.9973,0.8764392713036141,0.8854143972216341,0.06253927770961125,0.06408767996043242,1.1875548738945128,2.9090925248487665,3.4865070790546895,4.551328176764194,0.02159190679808205,0.052892591360886664,0.06339103780099435,0.08275142139571262,0.032454573655275765,0.07862443836033742,0.09395069708185792,0.12382314593050008,1.188813460610062,2.909936176860048,3.4873911472795647,4.553450462856086,10.4756816963899,FEASIBLE
G1154,55,10,2,0.05,NEAR,1,9.875062639083332,1.575797535910126,45.1524430092197,True,58.40920286990611,3411.6349798979136,1.7787134417707828,0.04799655442984408,0.06338571426705486,20000,0.0,0.0,0.0,0.0,0.0,0.25,0.881,0.9973,0.8764392713036141,0.8854143972216341,0.06253927770961125,0.06408767996043242,1.1875548738945128,2.9090925248487665,3.4865070790546895,4.551328176764194,0.02159190679808205,0.052892591360886664,0.06339103780099435,0.08275142139571262,0.032454573655275765,0.07862443836033742,0.09395069708185792,0.12382314593050008,1.188813460610062,2.909936176860048,3.4873911472795647,4.553450462856086,10.4756816963899,FEASIBLE
G1155,55,10,2,0.05,FAR,-1,-9.741085403373674,-2.2608085200167656,64.78054796288083,True,58.05950037446434,3370.9055837323876,2.1243774538046796,0.04799655442984407,0.07570369634592862,20000,0.0,0.0,0.0,0.0,0.0,0.21155,0.8097,0.9901,0.8042005275765483,0.8150805252903004,0.07416235061071706,0.07633845658426398,1.4233153549835649,3.474571203827139,4.147916071318022,5.482663496890922,0.02587846099970118,0.06317402188776616,0.07541665584214585,0.09968479085256221,0.032442863901488775,0.07867773398483194,0.09382373645564948,0.12381348294649665,1.4240490398711607,3.4750279493535614,4.148021177116432,5.485245049386497,10.4756816963899,FEASIBLE
G1156,55,10,2,0.05,FAR,1,-9.741085403373674,2.2608085200167656,64.78054796288083,True,58.05950037446434,3370.9055837323876,2.1243774538046796,0.04799655442984407,0.07570369634592862,20000,0.0,0.0,0.0,0.0,0.0,0.21155,0.8097,0.9901,0.8042005275765483,0.8150805252903004,0.07416235061071706,0.07633845658426398,1.4233153549835649,3.474571203827139,4.147916071318022,5.482663496890922,0.02587846099970118,0.06317402188776616,0.07541665584214585,0.09968479085256221,0.032442863901488775,0.07867773398483194,0.09382373645564948,0.12381348294649665,1.4240490398711607,3.4750279493535614,4.148021177116432,5.485245049386497,10.4756816963899,FEASIBLE
G1157,55,10,2,0.1,NEAR,-1,9.875062639083332,-1.575797535910126,45.1524430092197,True,58.409202869906125,3411.6349798979136,3.5574268835415657,0.09599310885968816,0.12677142853410972,20000,0.0,0.0,0.0,0.0,0.0,0.1286,0.56765,0.87855,0.5607718557787597,0.5745021617428493,0.1268599987180795,0.1306769593320598,2.3724704102695355,5.843229937703931,7.075846794128935,9.710119257918478,0.04313582564126428,0.10624054432188966,0.12865175989325336,0.17654762287124506,0.0648160708954031,0.15815927987636674,0.18885414465161182,0.2550561952948946,2.3732022886913104,5.844312655003397,7.077971084991091,9.710582371967865,10.4756816963899,FEASIBLE
G1158,55,10,2,0.1,NEAR,1,9.875062639083332,1.575797535910126,45.1524430092197,True,58.40920286990611,3411.6349798979136,3.5574268835415657,0.09599310885968816,0.12677142853410972,20000,0.0,0.0,0.0,0.0,0.0,0.1286,0.56765,0.87855,0.5607718557787597,0.5745021617428493,0.1268599987180795,0.1306769593320598,2.3724704102695355,5.843229937703931,7.075846794128935,9.710119257918478,0.04313582564126428,0.10624054432188966,0.12865175989325336,0.17654762287124506,0.0648160708954031,0.15815927987636674,0.18885414465161182,0.2550561952948946,2.3732022886913104,5.844312655003397,7.077971084991091,9.710582371967865,10.4756816963899,FEASIBLE
G1159,55,10,2,0.1,FAR,-1,-9.741085403373674,-2.2608085200167656,64.78054796288083,True,58.05950037446434,3370.9055837323876,4.248754907609359,0.09599310885968813,0.15140739269185724,20000,0.0,0.0,0.0,0.0,0.0,0.1063,0.4866,0.80825,0.4796762078110078,0.49352893875529574,0.1507503150682329,0.15475785799901703,2.8370383448024796,6.990701180854971,8.397904810360949,11.577842565657988,0.051582515360045086,0.12710365783372674,0.15268917837019907,0.21050622846650888,0.06477235023012218,0.15828190422309757,0.18962963962050874,0.25639867077125855,2.838752411972327,6.9907503374188,8.398594025313841,11.579606748477257,10.4756816963899,FEASIBLE
G1160,55,10,2,0.1,FAR,1,-9.741085403373674,2.2608085200167656,64.78054796288083,True,58.05950037446434,3370.9055837323876,4.248754907609359,0.09599310885968813,0.15140739269185724,20000,0.0,0.0,0.0,0.0,0.0,0.1063,0.4866,0.80825,0.4796762078110078,0.49352893875529574,0.1507503150682329,0.15475785799901703,2.8370383448024796,6.990701180854971,8.397904810360949,11.577842565657988,0.051582515360045086,0.12710365783372674,0.15268917837019907,0.21050622846650888,0.06477235023012218,0.15828190422309757,0.18962963962050874,0.25639867077125855,2.838752411972327,6.9907503374188,8.398594025313841,11.579606748477257,10.4756816963899,FEASIBLE
G1161,55,10,2,0.2,NEAR,-1,9.875062639083332,-1.575797535910126,45.1524430092197,True,58.409202869906125,3411.6349798979136,7.114853767083131,0.19198621771937632,0.25354285706821944,20000,0.0,0.0,0.0,0.0,0.0,0.0649,0.3082,0.5689,0.3018379346279723,0.31463573040314935,0.2707753823010599,0.28247882434005656,4.729810280135887,11.89206903775304,15.247574148277693,23.76548230623139,0.08599655054792521,0.21621943705005525,0.2772286208777762,0.4320996782951162,0.129687467713207,0.320795658064266,0.39639109388886695,0.5880356611430921,4.731886952652308,11.895868822370296,15.249035707318006,23.77005776530784,10.4756816963899,FEASIBLE
G1162,55,10,2,0.2,NEAR,1,9.875062639083332,1.575797535910126,45.1524430092197,True,58.40920286990611,3411.6349798979136,7.114853767083131,0.19198621771937632,0.25354285706821944,20000,0.0,0.0,0.0,0.0,0.0,0.0649,0.3082,0.5689,0.3018379346279723,0.31463573040314935,0.2707753823010599,0.28247882434005656,4.729810280135887,11.89206903775304,15.247574148277693,23.76548230623139,0.08599655054792521,0.21621943705005525,0.2772286208777762,0.4320996782951162,0.129687467713207,0.320795658064266,0.39639109388886695,0.5880356611430921,4.731886952652308,11.895868822370296,15.249035707318006,23.77005776530784,10.4756816963899,FEASIBLE
G1163,55,10,2,0.2,FAR,-1,-9.741085403373674,-2.2608085200167656,64.78054796288083,True,58.05950037446434,3370.9055837323876,8.497509815218718,0.19198621771937627,0.3028147853837145,20000,0.0,0.0,0.0,0.0,0.0,0.0531,0.261,0.48935,0.25495969673859353,0.2671320964962245,0.32389132615061944,0.3387012845608604,5.635306845387639,14.159889455320778,18.174340083885113,28.381585041123945,0.10246012446159343,0.2574525355512869,0.3304425469797293,0.5160288189295262,0.12961521542983798,0.32313999465342136,0.4008584414690668,0.5993313004966787,5.639173852569629,14.159895591866333,18.179253694126558,28.390080394957813,10.4756816963899,FEASIBLE
G1164,55,10,2,0.2,FAR,1,-9.741085403373674,2.2608085200167656,64.78054796288083,True,58.05950037446434,3370.9055837323876,8.497509815218718,0.19198621771937627,0.3028147853837145,20000,0.0,0.0,0.0,0.0,0.0,0.0531,0.261,0.48935,0.25495969673859353,0.2671320964962245,0.32389132615061944,0.3387012845608604,5.635306845387639,14.159889455320778,18.174340083885113,28.381585041123945,0.10246012446159343,0.2574525355512869,0.3304425469797293,0.5160288189295262,0.12961521542983798,0.32313999465342136,0.4008584414690668,0.5993313004966787,5.639173852569629,14.159895591866333,18.179253694126558,28.390080394957813,10.4756816963899,FEASIBLE
G1165,55,10,2,0.5,NEAR,-1,9.875062639083332,-1.575797535910126,45.1524430092197,True,58.409202869906125,3411.6349798977153,17.787134417707822,0.4799655442984407,0.6338571426705483,20000,0.00215,0.00215,0.0,0.0013,0.0,0.02515,0.1285,0.2541,0.12393337034742903,0.13320931244225667,1.2049806655727764,1.301965855727498,11.368665949699782,41.20077089091126,68.88673908589888,199.6178464844598,0.20670301726726875,0.7491049252892956,1.2524861651981616,3.6294153906265416,0.32389484321446466,0.9728556049407424,1.5050256015146093,4.182631973986228,11.373486270925389,41.20463053703098,68.8951701788033,199.62666106713073,10.4756816963899,FEASIBLE
G1166,55,10,2,0.5,NEAR,1,9.875062639083332,1.575797535910126,45.1524430092197,True,58.40920286990611,3411.6349798977153,17.787134417707822,0.4799655442984407,0.6338571426705483,20000,0.00215,0.00215,0.0,0.0013,0.0,0.02515,0.1285,0.2541,0.12393337034742903,0.13320931244225667,1.2049806655727764,1.301965855727498,11.368665949699782,41.20077089091126,68.88673908589888,199.6178464844598,0.20670301726726875,0.7491049252892956,1.2524861651981616,3.6294153906265416,0.32389484321446466,0.9728556049407424,1.5050256015146093,4.182631973986228,11.373486270925389,41.20463053703098,68.8951701788033,199.62666106713073,10.4756816963899,FEASIBLE
G1167,55,10,2,0.5,FAR,-1,-9.741085403373674,-2.2608085200167656,64.78054796288083,True,58.05950037446434,3370.9055837323754,21.243774538046793,0.47996554429844057,0.7570369634592861,20000,0.00215,0.00215,0.0,0.0013,0.0,0.02185,0.1065,0.21395,0.10230012126777116,0.11085101110838316,1.4307277630149833,1.566018833558841,13.590897672409838,49.23241193398357,82.0578072360889,241.9005093705277,0.2471072304074516,0.8951347624360649,1.4919601315652529,4.39819107946414,0.320179564744658,1.0062742099076298,1.5818831934667406,4.521365015795678,13.594384052133764,49.23317632198999,82.06344085738101,241.90053306604074,10.4756816963899,FEASIBLE
G1168,55,10,2,0.5,FAR,1,-9.741085403373674,2.2608085200167656,64.78054796288083,True,58.05950037446434,3370.9055837323754,21.243774538046793,0.47996554429844057,0.7570369634592861,20000,0.00215,0.00215,0.0,0.0013,0.0,0.02185,0.1065,0.21395,0.10230012126777116,0.11085101110838316,1.4307277630149833,1.566018833558841,13.590897672409838,49.23241193398357,82.0578072360889,241.9005093705277,0.2471072304074516,0.8951347624360649,1.4919601315652529,4.39819107946414,0.320179564744658,1.0062742099076298,1.5818831934667406,4.521365015795678,13.594384052133764,49.23317632198999,82.06344085738101,241.90053306604074,10.4756816963899,FEASIBLE
G1169,55,10,5,0.05,NEAR,-1,9.16059297126273,-4.01042845776507,46.014506116670425,True,23.27049521811391,541.5159476962677,0.7164057295298918,0.047996554429844074,0.02552962596721329,20000,0.0,0.0,0.0,0.0,0.0,0.5639,0.9999,1.0,0.9996354263863794,0.9999725759647273,0.025093930433075166,0.02565999166391257,0.4793109287673687,1.168640439975995,1.3940721545013446,1.8078993278419875,0.008714744159406703,0.021248007999563546,0.025346766445478994,0.03287089686985432,0.032455061740256204,0.0782751616108853,0.09388532135433683,0.1224915439691536,0.4809608397464521,1.1696330523276004,1.3969849653337294,1.8117140746261253,10.4756816963899,FEASIBLE
G1170,55,10,5,0.05,NEAR,1,9.16059297126273,4.01042845776507,46.014506116670425,True,23.270495218113904,541.5159476962677,0.7164057295298918,0.047996554429844074,0.02552962596721329,20000,0.0,0.0,0.0,0.0,0.0,0.5639,0.9999,1.0,0.9996354263863794,0.9999725759647273,0.025093930433075166,0.02565999166391257,0.4793109287673687,1.168640439975995,1.3940721545013446,1.8078993278419875,0.008714744159406703,0.021248007999563546,0.025346766445478994,0.03287089686985432,0.032455061740256204,0.0782751616108853,0.09388532135433683,0.1224915439691536,0.4809608397464521,1.1696330523276004,1.3969849653337294,1.8117140746261253,10.4756816963899,FEASIBLE
G1171,55,10,5,0.05,FAR,-1,-8.325019386934173,-5.540221313916097,63.56691067342158,True,23.145077427797858,535.6946091387598,0.8402784688183722,0.04799655442984407,0.029943918833972225,20000,0.0,0.0,0.0,0.0,0.0,0.49045,0.99905,1.0,0.9985166196635774,0.9993917091488246,0.02936293871753564,0.030044454320749155,0.5624058711745121,1.3692702162923496,1.6309232077956537,2.118992585770002,0.01022556129408204,0.024895822114406357,0.029653149232648248,0.03852713792309094,0.03245167302935899,0.07824982467730565,0.09397971311789098,0.12241575567478437,0.5640039035892657,1.3710364427202557,1.633159846883135,2.11977387317576,10.4756816963899,FEASIBLE
G1172,55,10,5,0.05,FAR,1,-8.325019386934173,5.540221313916097,63.56691067342158,True,23.145077427797858,535.6946091387598,0.8402784688183722,0.04799655442984407,0.029943918833972225,20000,0.0,0.0,0.0,0.0,0.0,0.49045,0.99905,1.0,0.9985166196635774,0.9993917091488246,0.02936293871753564,0.030044454320749155,0.5624058711745121,1.3692702162923496,1.6309232077956537,2.118992585770002,0.01022556129408204,0.024895822114406357,0.029653149232648248,0.03852713792309094,0.03245167302935899,0.07824982467730565,0.09397971311789098,0.12241575567478437,0.5640039035892657,1.3710364427202557,1.633159846883135,2.11977387317576,10.4756816963899,FEASIBLE
G1173,55,10,5,0.1,NEAR,-1,9.16059297126273,-4.01042845776507,46.014506116670425,True,23.27049521811391,541.5159476962677,1.4328114590597836,0.09599310885968815,0.05105925193442658,20000,0.0,0.0,0.0,0.0,0.0,0.30525,0.945,0.99975,0.9417541046261332,0.9480749832839336,0.05033231272687082,0.051648003681857284,0.9584384864965116,2.3375070949661634,2.797269889387046,3.64092093125317,0.017426154299936575,0.04250012899938479,0.05085945253430992,0.06619856238642127,0.06491004886208858,0.15714159831545166,0.18764888764655008,0.24674356675984346,0.9614664831563405,2.34130861676591,2.8022665308848254,3.64669097663681,10.4756816963899,FEASIBLE
G1174,55,10,5,0.1,NEAR,1,9.16059297126273,4.01042845776507,46.014506116670425,True,23.270495218113904,541.5159476962677,1.4328114590597836,0.09599310885968815,0.05105925193442658,20000,0.0,0.0,0.0,0.0,0.0,0.30525,0.945,0.99975,0.9417541046261332,0.9480749832839336,0.05033231272687082,0.051648003681857284,0.9584384864965116,2.3375070949661634,2.797269889387046,3.64092093125317,0.017426154299936575,0.04250012899938479,0.05085945253430992,0.06619856238642127,0.06491004886208858,0.15714159831545166,0.18764888764655008,0.24674356675984346,0.9614664831563405,2.34130861676591,2.8022665308848254,3.64669097663681,10.4756816963899,FEASIBLE
G1175,55,10,5,0.1,FAR,-1,-8.325019386934173,-5.540221313916097,63.56691067342158,True,23.145077427797858,535.6946091387598,1.6805569376367444,0.09599310885968813,0.05988783766794445,20000,0.0,0.0,0.0,0.0,0.0,0.26295,0.90045,0.9987,0.8962234019529929,0.9045227963696729,0.058751658304362825,0.06017368020700683,1.1248920605139006,2.748138938026031,3.2697621255415754,4.299715103518537,0.020452582918434555,0.0499661625095642,0.05945022046439228,0.07817663824579157,0.0648867650684008,0.15702184985937526,0.18755281709847305,0.24635790349142803,1.1275155513173056,2.7501788043724766,3.270797461834441,4.305052802053937,10.4756816963899,FEASIBLE
G1176,55,10,5,0.1,FAR,1,-8.325019386934173,5.540221313916097,63.56691067342158,True,23.145077427797858,535.6946091387598,1.6805569376367444,0.09599310885968813,0.05988783766794445,20000,0.0,0.0,0.0,0.0,0.0,0.26295,0.90045,0.9987,0.8962234019529929,0.9045227963696729,0.058751658304362825,0.06017368020700683,1.1248920605139006,2.748138938026031,3.2697621255415754,4.299715103518537,0.020452582918434555,0.0499661625095642,0.05945022046439228,0.07817663824579157,0.0648867650684008,0.15702184985937526,0.18755281709847305,0.24635790349142803,1.1275155513173056,2.7501788043724766,3.270797461834441,4.305052802053937,10.4756816963899,FEASIBLE
G1177,55,10,5,0.2,NEAR,-1,9.16059297126273,-4.01042845776507,46.014506116670425,True,23.27049521811391,541.5159476962677,2.865622918119567,0.1919862177193763,0.10211850386885316,20000,0.0,0.0,0.0,0.0,0.0,0.15865,0.6712,0.94375,0.6646570062522924,0.6776772406020973,0.10113540575513634,0.10440565821708868,1.9123497444387783,4.688636197091853,5.643092311131781,7.609574362946638,0.03476999535343233,0.0852479308562155,0.1026016783842142,0.1383558975081207,0.12977760476631722,0.3157020294413569,0.3768804938366752,0.5036648548817261,1.9188262985321853,4.696253986874918,5.653686073891849,7.626005301000409,10.4756816963899,FEASIBLE
G1178,55,10,5,0.2,NEAR,1,9.16059297126273,4.01042845776507,46.014506116670425,True,23.270495218113904,541.5159476962677,2.865622918119567,0.1919862177193763,0.10211850386885316,20000,0.0,0.0,0.0,0.0,0.0,0.15865,0.6712,0.94375,0.6646570062522924,0.6776772406020973,0.10113540575513634,0.10440565821708868,1.9123497444387783,4.688636197091853,5.643092311131781,7.609574362946638,0.03476999535343233,0.0852479308562155,0.1026016783842142,0.1383558975081207,0.12977760476631722,0.3157020294413569,0.3768804938366752,0.5036648548817261,1.9188262985321853,4.696253986874918,5.653686073891849,7.626005301000409,10.4756816963899,FEASIBLE
G1179,55,10,5,0.2,FAR,-1,-8.325019386934173,-5.540221313916097,63.56691067342158,True,23.145077427797858,535.6946091387598,3.361113875273489,0.19198621771937627,0.1197756753358889,20000,0.0,0.0,0.0,0.0,0.0,0.13185,0.59205,0.899,0.5852218777131506,0.5988427684489204,0.11826954679643635,0.12127740535152366,2.250790723584636,5.517122140488574,6.581228627760829,8.940543262337549,0.04092346770153884,0.1003113116452468,0.11965870232292417,0.1625553320425009,0.1297122615899415,0.3162053349620807,0.3768754840984215,0.5043867269287213,2.2565057601038556,5.522898671326459,6.590520034345557,8.94243840814389,10.4756816963899,FEASIBLE
G1180,55,10,5,0.2,FAR,1,-8.325019386934173,5.540221313916097,63.56691067342158,True,23.145077427797858,535.6946091387598,3.361113875273489,0.19198621771937627,0.1197756753358889,20000,0.0,0.0,0.0,0.0,0.0,0.13185,0.59205,0.899,0.5852218777131506,0.5988427684489204,0.11826954679643635,0.12127740535152366,2.250790723584636,5.517122140488574,6.581228627760829,8.940543262337549,0.04092346770153884,0.1003113116452468,0.11965870232292417,0.1625553320425009,0.1297122615899415,0.3162053349620807,0.3768754840984215,0.5043867269287213,2.2565057601038556,5.522898671326459,6.590520034345557,8.94243840814389,10.4756816963899,FEASIBLE
G1181,55,10,5,0.5,NEAR,-1,9.16059297126273,-4.01042845776507,46.014506116670425,True,23.27049521811391,541.5159476962655,7.164057295298917,0.47996554429844074,0.2552962596721329,20000,0.0,0.0,0.0,0.0,0.0,0.0642,0.30595,0.5656,0.2996014046162937,0.31237312457708055,0.2731423634099896,0.28378782583739803,4.76523287996222,11.996087557579486,15.363830697212805,23.922513876844775,0.0866405978174949,0.21811068286508156,0.2793423763129601,0.4349547977608141,0.32415791137074607,0.8021394095956866,0.9903185829143133,1.469756632451903,4.780543312561427,12.006476192576825,15.379245683811542,23.9453020317477,10.4756816963899,FEASIBLE
G1182,55,10,5,0.5,NEAR,1,9.16059297126273,4.01042845776507,46.014506116670425,True,23.270495218113904,541.5159476962655,7.164057295298917,0.47996554429844074,0.2552962596721329,20000,0.0,0.0,0.0,0.0,0.0,0.0642,0.30595,0.5656,0.2996014046162937,0.31237312457708055,0.2731423634099896,0.28378782583739803,4.76523287996222,11.996087557579486,15.363830697212805,23.922513876844775,0.0866405978174949,0.21811068286508156,0.2793423763129601,0.4349547977608141,0.32415791137074607,0.8021394095956866,0.9903185829143133,1.469756632451903,4.780543312561427,12.006476192576825,15.379245683811542,23.9453020317477,10.4756816963899,FEASIBLE
G1183,55,10,5,0.5,FAR,-1,-8.325019386934173,-5.540221313916097,63.56691067342158,True,23.145077427797858,535.6946091387599,8.402784688183722,0.4799655442984406,0.2994391883397222,20000,0.0,0.0,0.0,0.0,0.0,0.05435,0.2639,0.49425,0.25783744617147664,0.27005323325421604,0.3203108065318048,0.33480791307532315,5.567511622224522,14.00445007383577,17.98503500663596,28.098067260393325,0.10122748404044586,0.2546263649788322,0.3270006364842902,0.5108739501889695,0.32414926021910095,0.8075465602007476,1.0007767350244563,1.4945812800178808,5.581527451703981,14.02414409633861,17.998510812811944,28.113721194982514,10.4756816963899,FEASIBLE
G1184,55,10,5,0.5,FAR,1,-8.325019386934173,5.540221313916097,63.56691067342158,True,23.145077427797858,535.6946091387599,8.402784688183722,0.4799655442984406,0.2994391883397222,20000,0.0,0.0,0.0,0.0,0.0,0.05435,0.2639,0.49425,0.25783744617147664,0.27005323325421604,0.3203108065318048,0.33480791307532315,5.567511622224522,14.00445007383577,17.98503500663596,28.098067260393325,0.10122748404044586,0.2546263649788322,0.3270006364842902,0.5108739501889695,0.32414926021910095,0.8075465602007476,1.0007767350244563,1.4945812800178808,5.581527451703981,14.02414409633861,17.998510812811944,28.113721194982514,10.4756816963899,FEASIBLE
G1185,55,10,10,0.05,NEAR,-1,4.577388709397269,-8.890866808308536,51.20046134524864,True,11.459802047077646,131.32706295820512,0.37456726408044133,0.047996554429844074,0.013347969952461245,20000,0.0,0.0,0.0,0.0,0.0,0.86165,1.0,1.0,0.9998079639438954,0.9999999999999999,0.013050536176837888,0.013411294119180442,0.25029236663556986,0.6116478766560718,0.7276358594438435,0.9405921137904159,0.004550770302464906,0.01112087048465585,0.013229742898978972,0.01710167479618938,0.03243187045543024,0.07834267570236692,0.09384253243808872,0.12257770628128561,0.2533973044475891,0.6158944065794606,0.7314896753959468,0.9458017430797657,10.4756816963899,FEASIBLE
G1186,55,10,10,0.05,NEAR,1,4.577388709397269,8.890866808308536,51.20046134524864,True,11.459802047077646,131.32706295820512,0.37456726408044133,0.047996554429844074,0.013347969952461245,20000,0.0,0.0,0.0,0.0,0.0,0.86165,1.0,1.0,0.9998079639438954,0.9999999999999999,0.013050536176837888,0.013411294119180442,0.25029236663556986,0.6116478766560718,0.7276358594438435,0.9405921137904159,0.004550770302464906,0.01112087048465585,0.013229742898978972,0.01710167479618938,0.03243187045543024,0.07834267570236692,0.09384253243808872,0.12257770628128561,0.2533973044475891,0.6158944065794606,0.7314896753959468,0.9458017430797657,10.4756816963899,FEASIBLE
G1187,55,10,10,0.05,FAR,-1,-1.260482852622225,-9.920241074603243,57.128391486094245,True,11.438418973018642,130.8374286023131,0.3956245600225987,0.04799655442984406,0.014098361618978152,20000,0.0,0.0,0.0,0.0,0.0,0.8402,1.0,1.0,0.9998079639438954,0.9999999999999999,0.013784254584786156,0.01415838869369023,0.26383873124122204,0.6450105046950441,0.7680176290756293,0.99600465523406,0.004797067840749491,0.011727463721728074,0.01396395689228417,0.018109175549710182,0.032441031935857984,0.07831990327336576,0.0938700085441371,0.1224862115921344,0.26727626846327557,0.6484556687143573,0.7712010266635999,1.0014676814922605,10.4756816963899,FEASIBLE
G1188,55,10,10,0.05,FAR,1,-1.260482852622225,9.920241074603243,57.128391486094245,True,11.43841897301864,130.8374286023131,0.3956245600225987,0.04799655442984406,0.014098361618978152,20000,0.0,0.0,0.0,0.0,0.0,0.8402,1.0,1.0,0.9998079639438954,0.9999999999999999,0.013784254584786156,0.01415838869369023,0.26383873124122204,0.6450105046950441,0.7680176290756293,0.99600465523406,0.004797067840749491,0.011727463721728074,0.01396395689228417,0.018109175549710182,0.032441031935857984,0.07831990327336576,0.0938700085441371,0.1224862115921344,0.26727626846327557,0.6484556687143573,0.7712010266635999,1.0014676814922605,10.4756816963899,FEASIBLE
G1189,55,10,10,0.1,NEAR,-1,4.577388709397269,-8.890866808308536,51.20046134524864,True,11.459802047077646,131.32706295820512,0.7491345281608827,0.09599310885968815,0.02669593990492249,20000,0.0,0.0,0.0,0.0,0.0,0.5416,0.99965,1.0,0.9992776515467302,0.9998304468224045,0.0261287522914202,0.02685437526655557,0.5003724422485263,1.224794421410678,1.4565106994637915,1.8851698806629782,0.009097680768155023,0.022268989480194148,0.02648201271752348,0.03427581601205415,0.06491650849689612,0.15652423347012337,0.18785428665666265,0.2448847558360309,0.5069998045178498,1.2323685346050455,1.4656821426815327,1.8914598278637773,10.4756816963899,FEASIBLE
G1190,55,10,10,0.1,NEAR,1,4.577388709397269,8.890866808308536,51.20046134524864,True,11.459802047077646,131.32706295820512,0.7491345281608827,0.09599310885968815,0.02669593990492249,20000,0.0,0.0,0.0,0.0,0.0,0.5416,0.99965,1.0,0.9992776515467302,0.9998304468224045,0.0261287522914202,0.02685437526655557,0.5003724422485263,1.224794421410678,1.4565106994637915,1.8851698806629782,0.009097680768155023,0.022268989480194148,0.02648201271752348,0.03427581601205415,0.06491650849689612,0.15652423347012337,0.18785428665666265,0.2448847558360309,0.5069998045178498,1.2323685346050455,1.4656821426815327,1.8914598278637773,10.4756816963899,FEASIBLE
G1191,55,10,10,0.1,FAR,-1,-1.260482852622225,-9.920241074603243,57.128391486094245,True,11.438418973018642,130.8374286023131,0.7912491200451974,0.09599310885968812,0.028196723237956304,20000,0.0,0.0,0.0,0.0,0.0,0.5179,0.9995,1.0,0.9990797771249671,0.9997283788549844,0.027533883534960196,0.02833300564658559,0.5272988882249976,1.2914709020636579,1.538170712233594,1.9891551908533671,0.009587252513181774,0.023481289128430144,0.027966740222428982,0.03616645801551577,0.06491427479045865,0.1565339214519839,0.1878869203124655,0.24473518424365176,0.534595931217885,1.297449529447291,1.5449600715255745,1.9947619675939001,10.4756816963899,FEASIBLE
G1192,55,10,10,0.1,FAR,1,-1.260482852622225,9.920241074603243,57.128391486094245,True,11.43841897301864,130.8374286023131,0.7912491200451974,0.09599310885968812,0.028196723237956304,20000,0.0,0.0,0.0,0.0,0.0,0.5179,0.9995,1.0,0.9990797771249671,0.9997283788549844,0.027533883534960196,0.02833300564658559,0.5272988882249976,1.2914709020636579,1.538170712233594,1.9891551908533671,0.009587252513181774,0.023481289128430144,0.027966740222428982,0.03616645801551577,0.06491427479045865,0.1565339214519839,0.1878869203124655,0.24473518424365176,0.534595931217885,1.297449529447291,1.5449600715255745,1.9947619675939001,10.4756816963899,FEASIBLE
G1193,55,10,10,0.2,NEAR,-1,4.577388709397269,-8.890866808308536,51.20046134524864,True,11.459802047077646,131.32706295820512,1.4982690563217653,0.1919862177193763,0.05339187980984498,20000,0.0,0.0,0.0,0.0,0.0,0.29345,0.9348,0.99965,0.9312943148703673,0.9381386905752441,0.05250376167299503,0.05389364083066978,1.0012346974956898,2.449644863789352,2.921213214366901,3.8177452673904924,0.01820426722719436,0.044538997523442765,0.05311296753394366,0.06941355031619077,0.12977305600628805,0.31409590879867855,0.37524471463301434,0.4930648044552719,1.0151219704934782,2.464854170374328,2.9393297435056667,3.837596460990851,10.4756816963899,FEASIBLE
G1194,55,10,10,0.2,NEAR,1,4.577388709397269,8.890866808308536,51.20046134524864,True,11.459802047077646,131.32706295820512,1.4982690563217653,0.1919862177193763,0.05339187980984498,20000,0.0,0.0,0.0,0.0,0.0,0.29345,0.9348,0.99965,0.9312943148703673,0.9381386905752441,0.05250376167299503,0.05389364083066978,1.0012346974956898,2.449644863789352,2.921213214366901,3.8177452673904924,0.01820426722719436,0.044538997523442765,0.05311296753394366,0.06941355031619077,0.12977305600628805,0.31409590879867855,0.37524471463301434,0.4930648044552719,1.0151219704934782,2.464854170374328,2.9393297435056667,3.837596460990851,10.4756816963899,FEASIBLE
G1195,55,10,10,0.2,FAR,-1,-1.260482852622225,-9.920241074603243,57.128391486094245,True,11.438418973018642,130.8374286023131,1.5824982400903949,0.19198621771937624,0.05639344647591261,20000,0.0,0.0,0.0,0.0,0.0,0.2777,0.9189,0.9993,0.915035704367609,0.9226034078245866,0.05541586816013648,0.05665978650340549,1.0553997259069376,2.5889708023596825,3.0856795033492475,4.056025911524593,0.019189085925580683,0.04707219640653968,0.05610326369725904,0.0737459256640835,0.1297936738680638,0.3141856726724428,0.3750011495268349,0.4928033999006685,1.0687923432968398,2.6029097118658617,3.097711439442527,4.0763006900420855,10.4756816963899,FEASIBLE
G1196,55,10,10,0.2,FAR,1,-1.260482852622225,9.920241074603243,57.128391486094245,True,11.43841897301864,130.8374286023131,1.5824982400903949,0.19198621771937624,0.05639344647591261,20000,0.0,0.0,0.0,0.0,0.0,0.2777,0.9189,0.9993,0.915035704367609,0.9226034078245866,0.05541586816013648,0.05665978650340549,1.0553997259069376,2.5889708023596825,3.0856795033492475,4.056025911524593,0.019189085925580683,0.04707219640653968,0.05610326369725904,0.0737459256640835,0.1297936738680638,0.3141856726724428,0.3750011495268349,0.4928033999006685,1.0687923432968398,2.6029097118658617,3.097711439442527,4.0763006900420855,10.4756816963899,FEASIBLE
G1197,55,10,10,0.5,NEAR,-1,4.577388709397269,-8.890866808308536,51.20046134524864,True,11.459802047077646,131.32706295820523,3.745672640804413,0.4799655442984407,0.13347969952461244,20000,0.0,0.0,0.0,0.0,0.0,0.12135,0.5415,0.86075,0.5345870798563895,0.5483969811509538,0.13291637025975947,0.13717520865772573,2.5003929879224884,6.150356680914577,7.437423709003405,10.17356626495146,0.04546169068949979,0.11182466692571957,0.13522588561824372,0.18497393209002655,0.32419435637647037,0.7909549414742099,0.9451168580296545,1.2762790605999368,2.5334333215299,6.183402245547288,7.476474996343997,10.215805910341526,10.4756816963899,FEASIBLE
G1198,55,10,10,0.5,NEAR,1,4.577388709397269,8.890866808308536,51.20046134524864,True,11.459802047077646,131.32706295820523,3.745672640804413,0.4799655442984407,0.13347969952461244,20000,0.0,0.0,0.0,0.0,0.0,0.12135,0.5415,0.86075,0.5345870798563895,0.5483969811509538,0.13291637025975947,0.13717520865772573,2.5003929879224884,6.150356680914577,7.437423709003405,10.17356626495146,0.04546169068949979,0.11182466692571957,0.13522588561824372,0.18497393209002655,0.32419435637647037,0.7909549414742099,0.9451168580296545,1.2762790605999368,2.5334333215299,6.183402245547288,7.476474996343997,10.215805910341526,10.4756816963899,FEASIBLE
G1199,55,10,10,0.5,FAR,-1,-1.260482852622225,-9.920241074603243,57.128391486094245,True,11.438418973018642,130.83742860231325,3.956245600225986,0.47996554429844057,0.14098361618978147,20000,0.0,0.0,0.0,0.0,0.0,0.11505,0.51845,0.8394,0.5115223211023393,0.5253705927671904,0.14022200396918588,0.1441183277285315,2.636774508004578,6.49205360446075,7.833421085895452,10.754627326886009,0.047941354690992324,0.11803733826292273,0.14242583792537186,0.19553867867065472,0.3240761756757132,0.7906210367902794,0.9472333891279671,1.2768720142152488,2.6707684931387616,6.52658513141814,7.873680055513887,10.78858044395426,10.4756816963899,FEASIBLE
G1200,55,10,10,0.5,FAR,1,-1.260482852622225,9.920241074603243,57.128391486094245,True,11.43841897301864,130.83742860231325,3.956245600225986,0.47996554429844057,0.14098361618978147,20000,0.0,0.0,0.0,0.0,0.0,0.11505,0.51845,0.8394,0.5115223211023393,0.5253705927671904,0.14022200396918588,0.1441183277285315,2.636774508004578,6.49205360446075,7.833421085895452,10.754627326886009,0.047941354690992324,0.11803733826292273,0.14242583792537186,0.19553867867065472,0.3240761756757132,0.7906210367902794,0.9472333891279671,1.2768720142152488,2.6707684931387616,6.52658513141814,7.873680055513887,10.78858044395426,10.4756816963899,FEASIBLE
G1201,55,10,20,0.05,NEAR,-1,,,,,,,,,,,,,,,,,,,,,,,,,,,,,,,,,,,,,,,10.4756816963899,INFEASIBLE_TRIANGLE
G1202,55,10,20,0.05,NEAR,1,,,,,,,,,,,,,,,,,,,,,,,,,,,,,,,,,,,,,,,10.4756816963899,INFEASIBLE_TRIANGLE
G1203,55,10,20,0.05,FAR,-1,,,,,,,,,,,,,,,,,,,,,,,,,,,,,,,,,,,,,,,10.4756816963899,INFEASIBLE_TRIANGLE
G1204,55,10,20,0.05,FAR,1,,,,,,,,,,,,,,,,,,,,,,,,,,,,,,,,,,,,,,,10.4756816963899,INFEASIBLE_TRIANGLE
G1205,55,10,20,0.1,NEAR,-1,,,,,,,,,,,,,,,,,,,,,,,,,,,,,,,,,,,,,,,10.4756816963899,INFEASIBLE_TRIANGLE
G1206,55,10,20,0.1,NEAR,1,,,,,,,,,,,,,,,,,,,,,,,,,,,,,,,,,,,,,,,10.4756816963899,INFEASIBLE_TRIANGLE
G1207,55,10,20,0.1,FAR,-1,,,,,,,,,,,,,,,,,,,,,,,,,,,,,,,,,,,,,,,10.4756816963899,INFEASIBLE_TRIANGLE
G1208,55,10,20,0.1,FAR,1,,,,,,,,,,,,,,,,,,,,,,,,,,,,,,,,,,,,,,,10.4756816963899,INFEASIBLE_TRIANGLE
G1209,55,10,20,0.2,NEAR,-1,,,,,,,,,,,,,,,,,,,,,,,,,,,,,,,,,,,,,,,10.4756816963899,INFEASIBLE_TRIANGLE
G1210,55,10,20,0.2,NEAR,1,,,,,,,,,,,,,,,,,,,,,,,,,,,,,,,,,,,,,,,10.4756816963899,INFEASIBLE_TRIANGLE
G1211,55,10,20,0.2,FAR,-1,,,,,,,,,,,,,,,,,,,,,,,,,,,,,,,,,,,,,,,10.4756816963899,INFEASIBLE_TRIANGLE
G1212,55,10,20,0.2,FAR,1,,,,,,,,,,,,,,,,,,,,,,,,,,,,,,,,,,,,,,,10.4756816963899,INFEASIBLE_TRIANGLE
G1213,55,10,20,0.5,NEAR,-1,,,,,,,,,,,,,,,,,,,,,,,,,,,,,,,,,,,,,,,10.4756816963899,INFEASIBLE_TRIANGLE
G1214,55,10,20,0.5,NEAR,1,,,,,,,,,,,,,,,,,,,,,,,,,,,,,,,,,,,,,,,10.4756816963899,INFEASIBLE_TRIANGLE
G1215,55,10,20,0.5,FAR,-1,,,,,,,,,,,,,,,,,,,,,,,,,,,,,,,,,,,,,,,10.4756816963899,INFEASIBLE_TRIANGLE
G1216,55,10,20,0.5,FAR,1,,,,,,,,,,,,,,,,,,,,,,,,,,,,,,,,,,,,,,,10.4756816963899,INFEASIBLE_TRIANGLE
G1217,55,10,30,0.05,NEAR,-1,,,,,,,,,,,,,,,,,,,,,,,,,,,,,,,,,,,,,,,10.4756816963899,INFEASIBLE_TRIANGLE
G1218,55,10,30,0.05,NEAR,1,,,,,,,,,,,,,,,,,,,,,,,,,,,,,,,,,,,,,,,10.4756816963899,INFEASIBLE_TRIANGLE
G1219,55,10,30,0.05,FAR,-1,,,,,,,,,,,,,,,,,,,,,,,,,,,,,,,,,,,,,,,10.4756816963899,INFEASIBLE_TRIANGLE
G1220,55,10,30,0.05,FAR,1,,,,,,,,,,,,,,,,,,,,,,,,,,,,,,,,,,,,,,,10.4756816963899,INFEASIBLE_TRIANGLE
G1221,55,10,30,0.1,NEAR,-1,,,,,,,,,,,,,,,,,,,,,,,,,,,,,,,,,,,,,,,10.4756816963899,INFEASIBLE_TRIANGLE
G1222,55,10,30,0.1,NEAR,1,,,,,,,,,,,,,,,,,,,,,,,,,,,,,,,,,,,,,,,10.4756816963899,INFEASIBLE_TRIANGLE
G1223,55,10,30,0.1,FAR,-1,,,,,,,,,,,,,,,,,,,,,,,,,,,,,,,,,,,,,,,10.4756816963899,INFEASIBLE_TRIANGLE
G1224,55,10,30,0.1,FAR,1,,,,,,,,,,,,,,,,,,,,,,,,,,,,,,,,,,,,,,,10.4756816963899,INFEASIBLE_TRIANGLE
G1225,55,10,30,0.2,NEAR,-1,,,,,,,,,,,,,,,,,,,,,,,,,,,,,,,,,,,,,,,10.4756816963899,INFEASIBLE_TRIANGLE
G1226,55,10,30,0.2,NEAR,1,,,,,,,,,,,,,,,,,,,,,,,,,,,,,,,,,,,,,,,10.4756816963899,INFEASIBLE_TRIANGLE
G1227,55,10,30,0.2,FAR,-1,,,,,,,,,,,,,,,,,,,,,,,,,,,,,,,,,,,,,,,10.4756816963899,INFEASIBLE_TRIANGLE
G1228,55,10,30,0.2,FAR,1,,,,,,,,,,,,,,,,,,,,,,,,,,,,,,,,,,,,,,,10.4756816963899,INFEASIBLE_TRIANGLE
G1229,55,10,30,0.5,NEAR,-1,,,,,,,,,,,,,,,,,,,,,,,,,,,,,,,,,,,,,,,10.4756816963899,INFEASIBLE_TRIANGLE
G1230,55,10,30,0.5,NEAR,1,,,,,,,,,,,,,,,,,,,,,,,,,,,,,,,,,,,,,,,10.4756816963899,INFEASIBLE_TRIANGLE
G1231,55,10,30,0.5,FAR,-1,,,,,,,,,,,,,,,,,,,,,,,,,,,,,,,,,,,,,,,10.4756816963899,INFEASIBLE_TRIANGLE
G1232,55,10,30,0.5,FAR,1,,,,,,,,,,,,,,,,,,,,,,,,,,,,,,,,,,,,,,,10.4756816963899,INFEASIBLE_TRIANGLE
G1233,55,10,45,0.05,NEAR,-1,,,,,,,,,,,,,,,,,,,,,,,,,,,,,,,,,,,,,,,10.4756816963899,INFEASIBLE_TRIANGLE
G1234,55,10,45,0.05,NEAR,1,,,,,,,,,,,,,,,,,,,,,,,,,,,,,,,,,,,,,,,10.4756816963899,INFEASIBLE_TRIANGLE
G1235,55,10,45,0.05,FAR,-1,,,,,,,,,,,,,,,,,,,,,,,,,,,,,,,,,,,,,,,10.4756816963899,INFEASIBLE_TRIANGLE
G1236,55,10,45,0.05,FAR,1,,,,,,,,,,,,,,,,,,,,,,,,,,,,,,,,,,,,,,,10.4756816963899,INFEASIBLE_TRIANGLE
G1237,55,10,45,0.1,NEAR,-1,,,,,,,,,,,,,,,,,,,,,,,,,,,,,,,,,,,,,,,10.4756816963899,INFEASIBLE_TRIANGLE
G1238,55,10,45,0.1,NEAR,1,,,,,,,,,,,,,,,,,,,,,,,,,,,,,,,,,,,,,,,10.4756816963899,INFEASIBLE_TRIANGLE
G1239,55,10,45,0.1,FAR,-1,,,,,,,,,,,,,,,,,,,,,,,,,,,,,,,,,,,,,,,10.4756816963899,INFEASIBLE_TRIANGLE
G1240,55,10,45,0.1,FAR,1,,,,,,,,,,,,,,,,,,,,,,,,,,,,,,,,,,,,,,,10.4756816963899,INFEASIBLE_TRIANGLE
G1241,55,10,45,0.2,NEAR,-1,,,,,,,,,,,,,,,,,,,,,,,,,,,,,,,,,,,,,,,10.4756816963899,INFEASIBLE_TRIANGLE
G1242,55,10,45,0.2,NEAR,1,,,,,,,,,,,,,,,,,,,,,,,,,,,,,,,,,,,,,,,10.4756816963899,INFEASIBLE_TRIANGLE
G1243,55,10,45,0.2,FAR,-1,,,,,,,,,,,,,,,,,,,,,,,,,,,,,,,,,,,,,,,10.4756816963899,INFEASIBLE_TRIANGLE
G1244,55,10,45,0.2,FAR,1,,,,,,,,,,,,,,,,,,,,,,,,,,,,,,,,,,,,,,,10.4756816963899,INFEASIBLE_TRIANGLE
G1245,55,10,45,0.5,NEAR,-1,,,,,,,,,,,,,,,,,,,,,,,,,,,,,,,,,,,,,,,10.4756816963899,INFEASIBLE_TRIANGLE
G1246,55,10,45,0.5,NEAR,1,,,,,,,,,,,,,,,,,,,,,,,,,,,,,,,,,,,,,,,10.4756816963899,INFEASIBLE_TRIANGLE
G1247,55,10,45,0.5,FAR,-1,,,,,,,,,,,,,,,,,,,,,,,,,,,,,,,,,,,,,,,10.4756816963899,INFEASIBLE_TRIANGLE
G1248,55,10,45,0.5,FAR,1,,,,,,,,,,,,,,,,,,,,,,,,,,,,,,,,,,,,,,,10.4756816963899,INFEASIBLE_TRIANGLE
G1249,55,10,60,0.05,NEAR,-1,,,,,,,,,,,,,,,,,,,,,,,,,,,,,,,,,,,,,,,10.4756816963899,INFEASIBLE_TRIANGLE
G1250,55,10,60,0.05,NEAR,1,,,,,,,,,,,,,,,,,,,,,,,,,,,,,,,,,,,,,,,10.4756816963899,INFEASIBLE_TRIANGLE
G1251,55,10,60,0.05,FAR,-1,,,,,,,,,,,,,,,,,,,,,,,,,,,,,,,,,,,,,,,10.4756816963899,INFEASIBLE_TRIANGLE
G1252,55,10,60,0.05,FAR,1,,,,,,,,,,,,,,,,,,,,,,,,,,,,,,,,,,,,,,,10.4756816963899,INFEASIBLE_TRIANGLE
G1253,55,10,60,0.1,NEAR,-1,,,,,,,,,,,,,,,,,,,,,,,,,,,,,,,,,,,,,,,10.4756816963899,INFEASIBLE_TRIANGLE
G1254,55,10,60,0.1,NEAR,1,,,,,,,,,,,,,,,,,,,,,,,,,,,,,,,,,,,,,,,10.4756816963899,INFEASIBLE_TRIANGLE
G1255,55,10,60,0.1,FAR,-1,,,,,,,,,,,,,,,,,,,,,,,,,,,,,,,,,,,,,,,10.4756816963899,INFEASIBLE_TRIANGLE
G1256,55,10,60,0.1,FAR,1,,,,,,,,,,,,,,,,,,,,,,,,,,,,,,,,,,,,,,,10.4756816963899,INFEASIBLE_TRIANGLE
G1257,55,10,60,0.2,NEAR,-1,,,,,,,,,,,,,,,,,,,,,,,,,,,,,,,,,,,,,,,10.4756816963899,INFEASIBLE_TRIANGLE
G1258,55,10,60,0.2,NEAR,1,,,,,,,,,,,,,,,,,,,,,,,,,,,,,,,,,,,,,,,10.4756816963899,INFEASIBLE_TRIANGLE
G1259,55,10,60,0.2,FAR,-1,,,,,,,,,,,,,,,,,,,,,,,,,,,,,,,,,,,,,,,10.4756816963899,INFEASIBLE_TRIANGLE
G1260,55,10,60,0.2,FAR,1,,,,,,,,,,,,,,,,,,,,,,,,,,,,,,,,,,,,,,,10.4756816963899,INFEASIBLE_TRIANGLE
G1261,55,10,60,0.5,NEAR,-1,,,,,,,,,,,,,,,,,,,,,,,,,,,,,,,,,,,,,,,10.4756816963899,INFEASIBLE_TRIANGLE
G1262,55,10,60,0.5,NEAR,1,,,,,,,,,,,,,,,,,,,,,,,,,,,,,,,,,,,,,,,10.4756816963899,INFEASIBLE_TRIANGLE
G1263,55,10,60,0.5,FAR,-1,,,,,,,,,,,,,,,,,,,,,,,,,,,,,,,,,,,,,,,10.4756816963899,INFEASIBLE_TRIANGLE
G1264,55,10,60,0.5,FAR,1,,,,,,,,,,,,,,,,,,,,,,,,,,,,,,,,,,,,,,,10.4756816963899,INFEASIBLE_TRIANGLE
G1265,55,10,90,0.05,NEAR,-1,,,,,,,,,,,,,,,,,,,,,,,,,,,,,,,,,,,,,,,10.4756816963899,INFEASIBLE_TRIANGLE
G1266,55,10,90,0.05,NEAR,1,,,,,,,,,,,,,,,,,,,,,,,,,,,,,,,,,,,,,,,10.4756816963899,INFEASIBLE_TRIANGLE
G1267,55,10,90,0.05,FAR,-1,,,,,,,,,,,,,,,,,,,,,,,,,,,,,,,,,,,,,,,10.4756816963899,INFEASIBLE_TRIANGLE
G1268,55,10,90,0.05,FAR,1,,,,,,,,,,,,,,,,,,,,,,,,,,,,,,,,,,,,,,,10.4756816963899,INFEASIBLE_TRIANGLE
G1269,55,10,90,0.1,NEAR,-1,,,,,,,,,,,,,,,,,,,,,,,,,,,,,,,,,,,,,,,10.4756816963899,INFEASIBLE_TRIANGLE
G1270,55,10,90,0.1,NEAR,1,,,,,,,,,,,,,,,,,,,,,,,,,,,,,,,,,,,,,,,10.4756816963899,INFEASIBLE_TRIANGLE
G1271,55,10,90,0.1,FAR,-1,,,,,,,,,,,,,,,,,,,,,,,,,,,,,,,,,,,,,,,10.4756816963899,INFEASIBLE_TRIANGLE
G1272,55,10,90,0.1,FAR,1,,,,,,,,,,,,,,,,,,,,,,,,,,,,,,,,,,,,,,,10.4756816963899,INFEASIBLE_TRIANGLE
G1273,55,10,90,0.2,NEAR,-1,,,,,,,,,,,,,,,,,,,,,,,,,,,,,,,,,,,,,,,10.4756816963899,INFEASIBLE_TRIANGLE
G1274,55,10,90,0.2,NEAR,1,,,,,,,,,,,,,,,,,,,,,,,,,,,,,,,,,,,,,,,10.4756816963899,INFEASIBLE_TRIANGLE
G1275,55,10,90,0.2,FAR,-1,,,,,,,,,,,,,,,,,,,,,,,,,,,,,,,,,,,,,,,10.4756816963899,INFEASIBLE_TRIANGLE
G1276,55,10,90,0.2,FAR,1,,,,,,,,,,,,,,,,,,,,,,,,,,,,,,,,,,,,,,,10.4756816963899,INFEASIBLE_TRIANGLE
G1277,55,10,90,0.5,NEAR,-1,,,,,,,,,,,,,,,,,,,,,,,,,,,,,,,,,,,,,,,10.4756816963899,INFEASIBLE_TRIANGLE
G1278,55,10,90,0.5,NEAR,1,,,,,,,,,,,,,,,,,,,,,,,,,,,,,,,,,,,,,,,10.4756816963899,INFEASIBLE_TRIANGLE
G1279,55,10,90,0.5,FAR,-1,,,,,,,,,,,,,,,,,,,,,,,,,,,,,,,,,,,,,,,10.4756816963899,INFEASIBLE_TRIANGLE
G1280,55,10,90,0.5,FAR,1,,,,,,,,,,,,,,,,,,,,,,,,,,,,,,,,,,,,,,,10.4756816963899,INFEASIBLE_TRIANGLE
G1281,60,0.5,2,0.05,NEAR,-1,,,,,,,,,,,,,,,,,,,,,,,,,,,,,,,,,,,,,,,0.4774703556616891,INFEASIBLE_TRIANGLE
G1282,60,0.5,2,0.05,NEAR,1,,,,,,,,,,,,,,,,,,,,,,,,,,,,,,,,,,,,,,,0.4774703556616891,INFEASIBLE_TRIANGLE
G1283,60,0.5,2,0.05,FAR,-1,,,,,,,,,,,,,,,,,,,,,,,,,,,,,,,,,,,,,,,0.4774703556616891,INFEASIBLE_TRIANGLE
G1284,60,0.5,2,0.05,FAR,1,,,,,,,,,,,,,,,,,,,,,,,,,,,,,,,,,,,,,,,0.4774703556616891,INFEASIBLE_TRIANGLE
G1285,60,0.5,2,0.1,NEAR,-1,,,,,,,,,,,,,,,,,,,,,,,,,,,,,,,,,,,,,,,0.4774703556616891,INFEASIBLE_TRIANGLE
G1286,60,0.5,2,0.1,NEAR,1,,,,,,,,,,,,,,,,,,,,,,,,,,,,,,,,,,,,,,,0.4774703556616891,INFEASIBLE_TRIANGLE
G1287,60,0.5,2,0.1,FAR,-1,,,,,,,,,,,,,,,,,,,,,,,,,,,,,,,,,,,,,,,0.4774703556616891,INFEASIBLE_TRIANGLE
G1288,60,0.5,2,0.1,FAR,1,,,,,,,,,,,,,,,,,,,,,,,,,,,,,,,,,,,,,,,0.4774703556616891,INFEASIBLE_TRIANGLE
G1289,60,0.5,2,0.2,NEAR,-1,,,,,,,,,,,,,,,,,,,,,,,,,,,,,,,,,,,,,,,0.4774703556616891,INFEASIBLE_TRIANGLE
G1290,60,0.5,2,0.2,NEAR,1,,,,,,,,,,,,,,,,,,,,,,,,,,,,,,,,,,,,,,,0.4774703556616891,INFEASIBLE_TRIANGLE
G1291,60,0.5,2,0.2,FAR,-1,,,,,,,,,,,,,,,,,,,,,,,,,,,,,,,,,,,,,,,0.4774703556616891,INFEASIBLE_TRIANGLE
G1292,60,0.5,2,0.2,FAR,1,,,,,,,,,,,,,,,,,,,,,,,,,,,,,,,,,,,,,,,0.4774703556616891,INFEASIBLE_TRIANGLE
G1293,60,0.5,2,0.5,NEAR,-1,,,,,,,,,,,,,,,,,,,,,,,,,,,,,,,,,,,,,,,0.4774703556616891,INFEASIBLE_TRIANGLE
G1294,60,0.5,2,0.5,NEAR,1,,,,,,,,,,,,,,,,,,,,,,,,,,,,,,,,,,,,,,,0.4774703556616891,INFEASIBLE_TRIANGLE
G1295,60,0.5,2,0.5,FAR,-1,,,,,,,,,,,,,,,,,,,,,,,,,,,,,,,,,,,,,,,0.4774703556616891,INFEASIBLE_TRIANGLE
G1296,60,0.5,2,0.5,FAR,1,,,,,,,,,,,,,,,,,,,,,,,,,,,,,,,,,,,,,,,0.4774703556616891,INFEASIBLE_TRIANGLE
G1297,60,0.5,5,0.05,NEAR,-1,,,,,,,,,,,,,,,,,,,,,,,,,,,,,,,,,,,,,,,0.4774703556616891,INFEASIBLE_TRIANGLE
G1298,60,0.5,5,0.05,NEAR,1,,,,,,,,,,,,,,,,,,,,,,,,,,,,,,,,,,,,,,,0.4774703556616891,INFEASIBLE_TRIANGLE
G1299,60,0.5,5,0.05,FAR,-1,,,,,,,,,,,,,,,,,,,,,,,,,,,,,,,,,,,,,,,0.4774703556616891,INFEASIBLE_TRIANGLE
G1300,60,0.5,5,0.05,FAR,1,,,,,,,,,,,,,,,,,,,,,,,,,,,,,,,,,,,,,,,0.4774703556616891,INFEASIBLE_TRIANGLE
G1301,60,0.5,5,0.1,NEAR,-1,,,,,,,,,,,,,,,,,,,,,,,,,,,,,,,,,,,,,,,0.4774703556616891,INFEASIBLE_TRIANGLE
G1302,60,0.5,5,0.1,NEAR,1,,,,,,,,,,,,,,,,,,,,,,,,,,,,,,,,,,,,,,,0.4774703556616891,INFEASIBLE_TRIANGLE
G1303,60,0.5,5,0.1,FAR,-1,,,,,,,,,,,,,,,,,,,,,,,,,,,,,,,,,,,,,,,0.4774703556616891,INFEASIBLE_TRIANGLE
G1304,60,0.5,5,0.1,FAR,1,,,,,,,,,,,,,,,,,,,,,,,,,,,,,,,,,,,,,,,0.4774703556616891,INFEASIBLE_TRIANGLE
G1305,60,0.5,5,0.2,NEAR,-1,,,,,,,,,,,,,,,,,,,,,,,,,,,,,,,,,,,,,,,0.4774703556616891,INFEASIBLE_TRIANGLE
G1306,60,0.5,5,0.2,NEAR,1,,,,,,,,,,,,,,,,,,,,,,,,,,,,,,,,,,,,,,,0.4774703556616891,INFEASIBLE_TRIANGLE
G1307,60,0.5,5,0.2,FAR,-1,,,,,,,,,,,,,,,,,,,,,,,,,,,,,,,,,,,,,,,0.4774703556616891,INFEASIBLE_TRIANGLE
G1308,60,0.5,5,0.2,FAR,1,,,,,,,,,,,,,,,,,,,,,,,,,,,,,,,,,,,,,,,0.4774703556616891,INFEASIBLE_TRIANGLE
G1309,60,0.5,5,0.5,NEAR,-1,,,,,,,,,,,,,,,,,,,,,,,,,,,,,,,,,,,,,,,0.4774703556616891,INFEASIBLE_TRIANGLE
G1310,60,0.5,5,0.5,NEAR,1,,,,,,,,,,,,,,,,,,,,,,,,,,,,,,,,,,,,,,,0.4774703556616891,INFEASIBLE_TRIANGLE
G1311,60,0.5,5,0.5,FAR,-1,,,,,,,,,,,,,,,,,,,,,,,,,,,,,,,,,,,,,,,0.4774703556616891,INFEASIBLE_TRIANGLE
G1312,60,0.5,5,0.5,FAR,1,,,,,,,,,,,,,,,,,,,,,,,,,,,,,,,,,,,,,,,0.4774703556616891,INFEASIBLE_TRIANGLE
G1313,60,0.5,10,0.05,NEAR,-1,,,,,,,,,,,,,,,,,,,,,,,,,,,,,,,,,,,,,,,0.4774703556616891,INFEASIBLE_TRIANGLE
G1314,60,0.5,10,0.05,NEAR,1,,,,,,,,,,,,,,,,,,,,,,,,,,,,,,,,,,,,,,,0.4774703556616891,INFEASIBLE_TRIANGLE
G1315,60,0.5,10,0.05,FAR,-1,,,,,,,,,,,,,,,,,,,,,,,,,,,,,,,,,,,,,,,0.4774703556616891,INFEASIBLE_TRIANGLE
G1316,60,0.5,10,0.05,FAR,1,,,,,,,,,,,,,,,,,,,,,,,,,,,,,,,,,,,,,,,0.4774703556616891,INFEASIBLE_TRIANGLE
G1317,60,0.5,10,0.1,NEAR,-1,,,,,,,,,,,,,,,,,,,,,,,,,,,,,,,,,,,,,,,0.4774703556616891,INFEASIBLE_TRIANGLE
G1318,60,0.5,10,0.1,NEAR,1,,,,,,,,,,,,,,,,,,,,,,,,,,,,,,,,,,,,,,,0.4774703556616891,INFEASIBLE_TRIANGLE
G1319,60,0.5,10,0.1,FAR,-1,,,,,,,,,,,,,,,,,,,,,,,,,,,,,,,,,,,,,,,0.4774703556616891,INFEASIBLE_TRIANGLE
G1320,60,0.5,10,0.1,FAR,1,,,,,,,,,,,,,,,,,,,,,,,,,,,,,,,,,,,,,,,0.4774703556616891,INFEASIBLE_TRIANGLE
G1321,60,0.5,10,0.2,NEAR,-1,,,,,,,,,,,,,,,,,,,,,,,,,,,,,,,,,,,,,,,0.4774703556616891,INFEASIBLE_TRIANGLE
G1322,60,0.5,10,0.2,NEAR,1,,,,,,,,,,,,,,,,,,,,,,,,,,,,,,,,,,,,,,,0.4774703556616891,INFEASIBLE_TRIANGLE
G1323,60,0.5,10,0.2,FAR,-1,,,,,,,,,,,,,,,,,,,,,,,,,,,,,,,,,,,,,,,0.4774703556616891,INFEASIBLE_TRIANGLE
G1324,60,0.5,10,0.2,FAR,1,,,,,,,,,,,,,,,,,,,,,,,,,,,,,,,,,,,,,,,0.4774703556616891,INFEASIBLE_TRIANGLE
G1325,60,0.5,10,0.5,NEAR,-1,,,,,,,,,,,,,,,,,,,,,,,,,,,,,,,,,,,,,,,0.4774703556616891,INFEASIBLE_TRIANGLE
G1326,60,0.5,10,0.5,NEAR,1,,,,,,,,,,,,,,,,,,,,,,,,,,,,,,,,,,,,,,,0.4774703556616891,INFEASIBLE_TRIANGLE
G1327,60,0.5,10,0.5,FAR,-1,,,,,,,,,,,,,,,,,,,,,,,,,,,,,,,,,,,,,,,0.4774703556616891,INFEASIBLE_TRIANGLE
G1328,60,0.5,10,0.5,FAR,1,,,,,,,,,,,,,,,,,,,,,,,,,,,,,,,,,,,,,,,0.4774703556616891,INFEASIBLE_TRIANGLE
G1329,60,0.5,20,0.05,NEAR,-1,,,,,,,,,,,,,,,,,,,,,,,,,,,,,,,,,,,,,,,0.4774703556616891,INFEASIBLE_TRIANGLE
G1330,60,0.5,20,0.05,NEAR,1,,,,,,,,,,,,,,,,,,,,,,,,,,,,,,,,,,,,,,,0.4774703556616891,INFEASIBLE_TRIANGLE
G1331,60,0.5,20,0.05,FAR,-1,,,,,,,,,,,,,,,,,,,,,,,,,,,,,,,,,,,,,,,0.4774703556616891,INFEASIBLE_TRIANGLE
G1332,60,0.5,20,0.05,FAR,1,,,,,,,,,,,,,,,,,,,,,,,,,,,,,,,,,,,,,,,0.4774703556616891,INFEASIBLE_TRIANGLE
G1333,60,0.5,20,0.1,NEAR,-1,,,,,,,,,,,,,,,,,,,,,,,,,,,,,,,,,,,,,,,0.4774703556616891,INFEASIBLE_TRIANGLE
G1334,60,0.5,20,0.1,NEAR,1,,,,,,,,,,,,,,,,,,,,,,,,,,,,,,,,,,,,,,,0.4774703556616891,INFEASIBLE_TRIANGLE
G1335,60,0.5,20,0.1,FAR,-1,,,,,,,,,,,,,,,,,,,,,,,,,,,,,,,,,,,,,,,0.4774703556616891,INFEASIBLE_TRIANGLE
G1336,60,0.5,20,0.1,FAR,1,,,,,,,,,,,,,,,,,,,,,,,,,,,,,,,,,,,,,,,0.4774703556616891,INFEASIBLE_TRIANGLE
G1337,60,0.5,20,0.2,NEAR,-1,,,,,,,,,,,,,,,,,,,,,,,,,,,,,,,,,,,,,,,0.4774703556616891,INFEASIBLE_TRIANGLE
G1338,60,0.5,20,0.2,NEAR,1,,,,,,,,,,,,,,,,,,,,,,,,,,,,,,,,,,,,,,,0.4774703556616891,INFEASIBLE_TRIANGLE
G1339,60,0.5,20,0.2,FAR,-1,,,,,,,,,,,,,,,,,,,,,,,,,,,,,,,,,,,,,,,0.4774703556616891,INFEASIBLE_TRIANGLE
G1340,60,0.5,20,0.2,FAR,1,,,,,,,,,,,,,,,,,,,,,,,,,,,,,,,,,,,,,,,0.4774703556616891,INFEASIBLE_TRIANGLE
G1341,60,0.5,20,0.5,NEAR,-1,,,,,,,,,,,,,,,,,,,,,,,,,,,,,,,,,,,,,,,0.4774703556616891,INFEASIBLE_TRIANGLE
G1342,60,0.5,20,0.5,NEAR,1,,,,,,,,,,,,,,,,,,,,,,,,,,,,,,,,,,,,,,,0.4774703556616891,INFEASIBLE_TRIANGLE
G1343,60,0.5,20,0.5,FAR,-1,,,,,,,,,,,,,,,,,,,,,,,,,,,,,,,,,,,,,,,0.4774703556616891,INFEASIBLE_TRIANGLE
G1344,60,0.5,20,0.5,FAR,1,,,,,,,,,,,,,,,,,,,,,,,,,,,,,,,,,,,,,,,0.4774703556616891,INFEASIBLE_TRIANGLE
G1345,60,0.5,30,0.05,NEAR,-1,,,,,,,,,,,,,,,,,,,,,,,,,,,,,,,,,,,,,,,0.4774703556616891,INFEASIBLE_TRIANGLE
G1346,60,0.5,30,0.05,NEAR,1,,,,,,,,,,,,,,,,,,,,,,,,,,,,,,,,,,,,,,,0.4774703556616891,INFEASIBLE_TRIANGLE
G1347,60,0.5,30,0.05,FAR,-1,,,,,,,,,,,,,,,,,,,,,,,,,,,,,,,,,,,,,,,0.4774703556616891,INFEASIBLE_TRIANGLE
G1348,60,0.5,30,0.05,FAR,1,,,,,,,,,,,,,,,,,,,,,,,,,,,,,,,,,,,,,,,0.4774703556616891,INFEASIBLE_TRIANGLE
G1349,60,0.5,30,0.1,NEAR,-1,,,,,,,,,,,,,,,,,,,,,,,,,,,,,,,,,,,,,,,0.4774703556616891,INFEASIBLE_TRIANGLE
G1350,60,0.5,30,0.1,NEAR,1,,,,,,,,,,,,,,,,,,,,,,,,,,,,,,,,,,,,,,,0.4774703556616891,INFEASIBLE_TRIANGLE
G1351,60,0.5,30,0.1,FAR,-1,,,,,,,,,,,,,,,,,,,,,,,,,,,,,,,,,,,,,,,0.4774703556616891,INFEASIBLE_TRIANGLE
G1352,60,0.5,30,0.1,FAR,1,,,,,,,,,,,,,,,,,,,,,,,,,,,,,,,,,,,,,,,0.4774703556616891,INFEASIBLE_TRIANGLE
G1353,60,0.5,30,0.2,NEAR,-1,,,,,,,,,,,,,,,,,,,,,,,,,,,,,,,,,,,,,,,0.4774703556616891,INFEASIBLE_TRIANGLE
G1354,60,0.5,30,0.2,NEAR,1,,,,,,,,,,,,,,,,,,,,,,,,,,,,,,,,,,,,,,,0.4774703556616891,INFEASIBLE_TRIANGLE
G1355,60,0.5,30,0.2,FAR,-1,,,,,,,,,,,,,,,,,,,,,,,,,,,,,,,,,,,,,,,0.4774703556616891,INFEASIBLE_TRIANGLE
G1356,60,0.5,30,0.2,FAR,1,,,,,,,,,,,,,,,,,,,,,,,,,,,,,,,,,,,,,,,0.4774703556616891,INFEASIBLE_TRIANGLE
G1357,60,0.5,30,0.5,NEAR,-1,,,,,,,,,,,,,,,,,,,,,,,,,,,,,,,,,,,,,,,0.4774703556616891,INFEASIBLE_TRIANGLE
G1358,60,0.5,30,0.5,NEAR,1,,,,,,,,,,,,,,,,,,,,,,,,,,,,,,,,,,,,,,,0.4774703556616891,INFEASIBLE_TRIANGLE
G1359,60,0.5,30,0.5,FAR,-1,,,,,,,,,,,,,,,,,,,,,,,,,,,,,,,,,,,,,,,0.4774703556616891,INFEASIBLE_TRIANGLE
G1360,60,0.5,30,0.5,FAR,1,,,,,,,,,,,,,,,,,,,,,,,,,,,,,,,,,,,,,,,0.4774703556616891,INFEASIBLE_TRIANGLE
G1361,60,0.5,45,0.05,NEAR,-1,,,,,,,,,,,,,,,,,,,,,,,,,,,,,,,,,,,,,,,0.4774703556616891,INFEASIBLE_TRIANGLE
G1362,60,0.5,45,0.05,NEAR,1,,,,,,,,,,,,,,,,,,,,,,,,,,,,,,,,,,,,,,,0.4774703556616891,INFEASIBLE_TRIANGLE
G1363,60,0.5,45,0.05,FAR,-1,,,,,,,,,,,,,,,,,,,,,,,,,,,,,,,,,,,,,,,0.4774703556616891,INFEASIBLE_TRIANGLE
G1364,60,0.5,45,0.05,FAR,1,,,,,,,,,,,,,,,,,,,,,,,,,,,,,,,,,,,,,,,0.4774703556616891,INFEASIBLE_TRIANGLE
G1365,60,0.5,45,0.1,NEAR,-1,,,,,,,,,,,,,,,,,,,,,,,,,,,,,,,,,,,,,,,0.4774703556616891,INFEASIBLE_TRIANGLE
G1366,60,0.5,45,0.1,NEAR,1,,,,,,,,,,,,,,,,,,,,,,,,,,,,,,,,,,,,,,,0.4774703556616891,INFEASIBLE_TRIANGLE
G1367,60,0.5,45,0.1,FAR,-1,,,,,,,,,,,,,,,,,,,,,,,,,,,,,,,,,,,,,,,0.4774703556616891,INFEASIBLE_TRIANGLE
G1368,60,0.5,45,0.1,FAR,1,,,,,,,,,,,,,,,,,,,,,,,,,,,,,,,,,,,,,,,0.4774703556616891,INFEASIBLE_TRIANGLE
G1369,60,0.5,45,0.2,NEAR,-1,,,,,,,,,,,,,,,,,,,,,,,,,,,,,,,,,,,,,,,0.4774703556616891,INFEASIBLE_TRIANGLE
G1370,60,0.5,45,0.2,NEAR,1,,,,,,,,,,,,,,,,,,,,,,,,,,,,,,,,,,,,,,,0.4774703556616891,INFEASIBLE_TRIANGLE
G1371,60,0.5,45,0.2,FAR,-1,,,,,,,,,,,,,,,,,,,,,,,,,,,,,,,,,,,,,,,0.4774703556616891,INFEASIBLE_TRIANGLE
G1372,60,0.5,45,0.2,FAR,1,,,,,,,,,,,,,,,,,,,,,,,,,,,,,,,,,,,,,,,0.4774703556616891,INFEASIBLE_TRIANGLE
G1373,60,0.5,45,0.5,NEAR,-1,,,,,,,,,,,,,,,,,,,,,,,,,,,,,,,,,,,,,,,0.4774703556616891,INFEASIBLE_TRIANGLE
G1374,60,0.5,45,0.5,NEAR,1,,,,,,,,,,,,,,,,,,,,,,,,,,,,,,,,,,,,,,,0.4774703556616891,INFEASIBLE_TRIANGLE
G1375,60,0.5,45,0.5,FAR,-1,,,,,,,,,,,,,,,,,,,,,,,,,,,,,,,,,,,,,,,0.4774703556616891,INFEASIBLE_TRIANGLE
G1376,60,0.5,45,0.5,FAR,1,,,,,,,,,,,,,,,,,,,,,,,,,,,,,,,,,,,,,,,0.4774703556616891,INFEASIBLE_TRIANGLE
G1377,60,0.5,60,0.05,NEAR,-1,,,,,,,,,,,,,,,,,,,,,,,,,,,,,,,,,,,,,,,0.4774703556616891,INFEASIBLE_TRIANGLE
G1378,60,0.5,60,0.05,NEAR,1,,,,,,,,,,,,,,,,,,,,,,,,,,,,,,,,,,,,,,,0.4774703556616891,INFEASIBLE_TRIANGLE
G1379,60,0.5,60,0.05,FAR,-1,,,,,,,,,,,,,,,,,,,,,,,,,,,,,,,,,,,,,,,0.4774703556616891,INFEASIBLE_TRIANGLE
G1380,60,0.5,60,0.05,FAR,1,,,,,,,,,,,,,,,,,,,,,,,,,,,,,,,,,,,,,,,0.4774703556616891,INFEASIBLE_TRIANGLE
G1381,60,0.5,60,0.1,NEAR,-1,,,,,,,,,,,,,,,,,,,,,,,,,,,,,,,,,,,,,,,0.4774703556616891,INFEASIBLE_TRIANGLE
G1382,60,0.5,60,0.1,NEAR,1,,,,,,,,,,,,,,,,,,,,,,,,,,,,,,,,,,,,,,,0.4774703556616891,INFEASIBLE_TRIANGLE
G1383,60,0.5,60,0.1,FAR,-1,,,,,,,,,,,,,,,,,,,,,,,,,,,,,,,,,,,,,,,0.4774703556616891,INFEASIBLE_TRIANGLE
G1384,60,0.5,60,0.1,FAR,1,,,,,,,,,,,,,,,,,,,,,,,,,,,,,,,,,,,,,,,0.4774703556616891,INFEASIBLE_TRIANGLE
G1385,60,0.5,60,0.2,NEAR,-1,,,,,,,,,,,,,,,,,,,,,,,,,,,,,,,,,,,,,,,0.4774703556616891,INFEASIBLE_TRIANGLE
G1386,60,0.5,60,0.2,NEAR,1,,,,,,,,,,,,,,,,,,,,,,,,,,,,,,,,,,,,,,,0.4774703556616891,INFEASIBLE_TRIANGLE
G1387,60,0.5,60,0.2,FAR,-1,,,,,,,,,,,,,,,,,,,,,,,,,,,,,,,,,,,,,,,0.4774703556616891,INFEASIBLE_TRIANGLE
G1388,60,0.5,60,0.2,FAR,1,,,,,,,,,,,,,,,,,,,,,,,,,,,,,,,,,,,,,,,0.4774703556616891,INFEASIBLE_TRIANGLE
G1389,60,0.5,60,0.5,NEAR,-1,,,,,,,,,,,,,,,,,,,,,,,,,,,,,,,,,,,,,,,0.4774703556616891,INFEASIBLE_TRIANGLE
G1390,60,0.5,60,0.5,NEAR,1,,,,,,,,,,,,,,,,,,,,,,,,,,,,,,,,,,,,,,,0.4774703556616891,INFEASIBLE_TRIANGLE
G1391,60,0.5,60,0.5,FAR,-1,,,,,,,,,,,,,,,,,,,,,,,,,,,,,,,,,,,,,,,0.4774703556616891,INFEASIBLE_TRIANGLE
G1392,60,0.5,60,0.5,FAR,1,,,,,,,,,,,,,,,,,,,,,,,,,,,,,,,,,,,,,,,0.4774703556616891,INFEASIBLE_TRIANGLE
G1393,60,0.5,90,0.05,NEAR,-1,,,,,,,,,,,,,,,,,,,,,,,,,,,,,,,,,,,,,,,0.4774703556616891,INFEASIBLE_TRIANGLE
G1394,60,0.5,90,0.05,NEAR,1,,,,,,,,,,,,,,,,,,,,,,,,,,,,,,,,,,,,,,,0.4774703556616891,INFEASIBLE_TRIANGLE
G1395,60,0.5,90,0.05,FAR,-1,,,,,,,,,,,,,,,,,,,,,,,,,,,,,,,,,,,,,,,0.4774703556616891,INFEASIBLE_TRIANGLE
G1396,60,0.5,90,0.05,FAR,1,,,,,,,,,,,,,,,,,,,,,,,,,,,,,,,,,,,,,,,0.4774703556616891,INFEASIBLE_TRIANGLE
G1397,60,0.5,90,0.1,NEAR,-1,,,,,,,,,,,,,,,,,,,,,,,,,,,,,,,,,,,,,,,0.4774703556616891,INFEASIBLE_TRIANGLE
G1398,60,0.5,90,0.1,NEAR,1,,,,,,,,,,,,,,,,,,,,,,,,,,,,,,,,,,,,,,,0.4774703556616891,INFEASIBLE_TRIANGLE
G1399,60,0.5,90,0.1,FAR,-1,,,,,,,,,,,,,,,,,,,,,,,,,,,,,,,,,,,,,,,0.4774703556616891,INFEASIBLE_TRIANGLE
G1400,60,0.5,90,0.1,FAR,1,,,,,,,,,,,,,,,,,,,,,,,,,,,,,,,,,,,,,,,0.4774703556616891,INFEASIBLE_TRIANGLE
G1401,60,0.5,90,0.2,NEAR,-1,,,,,,,,,,,,,,,,,,,,,,,,,,,,,,,,,,,,,,,0.4774703556616891,INFEASIBLE_TRIANGLE
G1402,60,0.5,90,0.2,NEAR,1,,,,,,,,,,,,,,,,,,,,,,,,,,,,,,,,,,,,,,,0.4774703556616891,INFEASIBLE_TRIANGLE
G1403,60,0.5,90,0.2,FAR,-1,,,,,,,,,,,,,,,,,,,,,,,,,,,,,,,,,,,,,,,0.4774703556616891,INFEASIBLE_TRIANGLE
G1404,60,0.5,90,0.2,FAR,1,,,,,,,,,,,,,,,,,,,,,,,,,,,,,,,,,,,,,,,0.4774703556616891,INFEASIBLE_TRIANGLE
G1405,60,0.5,90,0.5,NEAR,-1,,,,,,,,,,,,,,,,,,,,,,,,,,,,,,,,,,,,,,,0.4774703556616891,INFEASIBLE_TRIANGLE
G1406,60,0.5,90,0.5,NEAR,1,,,,,,,,,,,,,,,,,,,,,,,,,,,,,,,,,,,,,,,0.4774703556616891,INFEASIBLE_TRIANGLE
G1407,60,0.5,90,0.5,FAR,-1,,,,,,,,,,,,,,,,,,,,,,,,,,,,,,,,,,,,,,,0.4774703556616891,INFEASIBLE_TRIANGLE
G1408,60,0.5,90,0.5,FAR,1,,,,,,,,,,,,,,,,,,,,,,,,,,,,,,,,,,,,,,,0.4774703556616891,INFEASIBLE_TRIANGLE
G1409,60,1,2,0.05,NEAR,-1,,,,,,,,,,,,,,,,,,,,,,,,,,,,,,,,,,,,,,,0.9549738737849137,INFEASIBLE_TRIANGLE
G1410,60,1,2,0.05,NEAR,1,,,,,,,,,,,,,,,,,,,,,,,,,,,,,,,,,,,,,,,0.9549738737849137,INFEASIBLE_TRIANGLE
G1411,60,1,2,0.05,FAR,-1,,,,,,,,,,,,,,,,,,,,,,,,,,,,,,,,,,,,,,,0.9549738737849137,INFEASIBLE_TRIANGLE
G1412,60,1,2,0.05,FAR,1,,,,,,,,,,,,,,,,,,,,,,,,,,,,,,,,,,,,,,,0.9549738737849137,INFEASIBLE_TRIANGLE
G1413,60,1,2,0.1,NEAR,-1,,,,,,,,,,,,,,,,,,,,,,,,,,,,,,,,,,,,,,,0.9549738737849137,INFEASIBLE_TRIANGLE
G1414,60,1,2,0.1,NEAR,1,,,,,,,,,,,,,,,,,,,,,,,,,,,,,,,,,,,,,,,0.9549738737849137,INFEASIBLE_TRIANGLE
G1415,60,1,2,0.1,FAR,-1,,,,,,,,,,,,,,,,,,,,,,,,,,,,,,,,,,,,,,,0.9549738737849137,INFEASIBLE_TRIANGLE
G1416,60,1,2,0.1,FAR,1,,,,,,,,,,,,,,,,,,,,,,,,,,,,,,,,,,,,,,,0.9549738737849137,INFEASIBLE_TRIANGLE
G1417,60,1,2,0.2,NEAR,-1,,,,,,,,,,,,,,,,,,,,,,,,,,,,,,,,,,,,,,,0.9549738737849137,INFEASIBLE_TRIANGLE
G1418,60,1,2,0.2,NEAR,1,,,,,,,,,,,,,,,,,,,,,,,,,,,,,,,,,,,,,,,0.9549738737849137,INFEASIBLE_TRIANGLE
G1419,60,1,2,0.2,FAR,-1,,,,,,,,,,,,,,,,,,,,,,,,,,,,,,,,,,,,,,,0.9549738737849137,INFEASIBLE_TRIANGLE
G1420,60,1,2,0.2,FAR,1,,,,,,,,,,,,,,,,,,,,,,,,,,,,,,,,,,,,,,,0.9549738737849137,INFEASIBLE_TRIANGLE
G1421,60,1,2,0.5,NEAR,-1,,,,,,,,,,,,,,,,,,,,,,,,,,,,,,,,,,,,,,,0.9549738737849137,INFEASIBLE_TRIANGLE
G1422,60,1,2,0.5,NEAR,1,,,,,,,,,,,,,,,,,,,,,,,,,,,,,,,,,,,,,,,0.9549738737849137,INFEASIBLE_TRIANGLE
G1423,60,1,2,0.5,FAR,-1,,,,,,,,,,,,,,,,,,,,,,,,,,,,,,,,,,,,,,,0.9549738737849137,INFEASIBLE_TRIANGLE
G1424,60,1,2,0.5,FAR,1,,,,,,,,,,,,,,,,,,,,,,,,,,,,,,,,,,,,,,,0.9549738737849137,INFEASIBLE_TRIANGLE
G1425,60,1,5,0.05,NEAR,-1,,,,,,,,,,,,,,,,,,,,,,,,,,,,,,,,,,,,,,,0.9549738737849137,INFEASIBLE_TRIANGLE
G1426,60,1,5,0.05,NEAR,1,,,,,,,,,,,,,,,,,,,,,,,,,,,,,,,,,,,,,,,0.9549738737849137,INFEASIBLE_TRIANGLE
G1427,60,1,5,0.05,FAR,-1,,,,,,,,,,,,,,,,,,,,,,,,,,,,,,,,,,,,,,,0.9549738737849137,INFEASIBLE_TRIANGLE
G1428,60,1,5,0.05,FAR,1,,,,,,,,,,,,,,,,,,,,,,,,,,,,,,,,,,,,,,,0.9549738737849137,INFEASIBLE_TRIANGLE
G1429,60,1,5,0.1,NEAR,-1,,,,,,,,,,,,,,,,,,,,,,,,,,,,,,,,,,,,,,,0.9549738737849137,INFEASIBLE_TRIANGLE
G1430,60,1,5,0.1,NEAR,1,,,,,,,,,,,,,,,,,,,,,,,,,,,,,,,,,,,,,,,0.9549738737849137,INFEASIBLE_TRIANGLE
G1431,60,1,5,0.1,FAR,-1,,,,,,,,,,,,,,,,,,,,,,,,,,,,,,,,,,,,,,,0.9549738737849137,INFEASIBLE_TRIANGLE
G1432,60,1,5,0.1,FAR,1,,,,,,,,,,,,,,,,,,,,,,,,,,,,,,,,,,,,,,,0.9549738737849137,INFEASIBLE_TRIANGLE
G1433,60,1,5,0.2,NEAR,-1,,,,,,,,,,,,,,,,,,,,,,,,,,,,,,,,,,,,,,,0.9549738737849137,INFEASIBLE_TRIANGLE
G1434,60,1,5,0.2,NEAR,1,,,,,,,,,,,,,,,,,,,,,,,,,,,,,,,,,,,,,,,0.9549738737849137,INFEASIBLE_TRIANGLE
G1435,60,1,5,0.2,FAR,-1,,,,,,,,,,,,,,,,,,,,,,,,,,,,,,,,,,,,,,,0.9549738737849137,INFEASIBLE_TRIANGLE
G1436,60,1,5,0.2,FAR,1,,,,,,,,,,,,,,,,,,,,,,,,,,,,,,,,,,,,,,,0.9549738737849137,INFEASIBLE_TRIANGLE
G1437,60,1,5,0.5,NEAR,-1,,,,,,,,,,,,,,,,,,,,,,,,,,,,,,,,,,,,,,,0.9549738737849137,INFEASIBLE_TRIANGLE
G1438,60,1,5,0.5,NEAR,1,,,,,,,,,,,,,,,,,,,,,,,,,,,,,,,,,,,,,,,0.9549738737849137,INFEASIBLE_TRIANGLE
G1439,60,1,5,0.5,FAR,-1,,,,,,,,,,,,,,,,,,,,,,,,,,,,,,,,,,,,,,,0.9549738737849137,INFEASIBLE_TRIANGLE
G1440,60,1,5,0.5,FAR,1,,,,,,,,,,,,,,,,,,,,,,,,,,,,,,,,,,,,,,,0.9549738737849137,INFEASIBLE_TRIANGLE
G1441,60,1,10,0.05,NEAR,-1,,,,,,,,,,,,,,,,,,,,,,,,,,,,,,,,,,,,,,,0.9549738737849137,INFEASIBLE_TRIANGLE
G1442,60,1,10,0.05,NEAR,1,,,,,,,,,,,,,,,,,,,,,,,,,,,,,,,,,,,,,,,0.9549738737849137,INFEASIBLE_TRIANGLE
G1443,60,1,10,0.05,FAR,-1,,,,,,,,,,,,,,,,,,,,,,,,,,,,,,,,,,,,,,,0.9549738737849137,INFEASIBLE_TRIANGLE
G1444,60,1,10,0.05,FAR,1,,,,,,,,,,,,,,,,,,,,,,,,,,,,,,,,,,,,,,,0.9549738737849137,INFEASIBLE_TRIANGLE
G1445,60,1,10,0.1,NEAR,-1,,,,,,,,,,,,,,,,,,,,,,,,,,,,,,,,,,,,,,,0.9549738737849137,INFEASIBLE_TRIANGLE
G1446,60,1,10,0.1,NEAR,1,,,,,,,,,,,,,,,,,,,,,,,,,,,,,,,,,,,,,,,0.9549738737849137,INFEASIBLE_TRIANGLE
G1447,60,1,10,0.1,FAR,-1,,,,,,,,,,,,,,,,,,,,,,,,,,,,,,,,,,,,,,,0.9549738737849137,INFEASIBLE_TRIANGLE
G1448,60,1,10,0.1,FAR,1,,,,,,,,,,,,,,,,,,,,,,,,,,,,,,,,,,,,,,,0.9549738737849137,INFEASIBLE_TRIANGLE
G1449,60,1,10,0.2,NEAR,-1,,,,,,,,,,,,,,,,,,,,,,,,,,,,,,,,,,,,,,,0.9549738737849137,INFEASIBLE_TRIANGLE
G1450,60,1,10,0.2,NEAR,1,,,,,,,,,,,,,,,,,,,,,,,,,,,,,,,,,,,,,,,0.9549738737849137,INFEASIBLE_TRIANGLE
G1451,60,1,10,0.2,FAR,-1,,,,,,,,,,,,,,,,,,,,,,,,,,,,,,,,,,,,,,,0.9549738737849137,INFEASIBLE_TRIANGLE
G1452,60,1,10,0.2,FAR,1,,,,,,,,,,,,,,,,,,,,,,,,,,,,,,,,,,,,,,,0.9549738737849137,INFEASIBLE_TRIANGLE
G1453,60,1,10,0.5,NEAR,-1,,,,,,,,,,,,,,,,,,,,,,,,,,,,,,,,,,,,,,,0.9549738737849137,INFEASIBLE_TRIANGLE
G1454,60,1,10,0.5,NEAR,1,,,,,,,,,,,,,,,,,,,,,,,,,,,,,,,,,,,,,,,0.9549738737849137,INFEASIBLE_TRIANGLE
G1455,60,1,10,0.5,FAR,-1,,,,,,,,,,,,,,,,,,,,,,,,,,,,,,,,,,,,,,,0.9549738737849137,INFEASIBLE_TRIANGLE
G1456,60,1,10,0.5,FAR,1,,,,,,,,,,,,,,,,,,,,,,,,,,,,,,,,,,,,,,,0.9549738737849137,INFEASIBLE_TRIANGLE
G1457,60,1,20,0.05,NEAR,-1,,,,,,,,,,,,,,,,,,,,,,,,,,,,,,,,,,,,,,,0.9549738737849137,INFEASIBLE_TRIANGLE
G1458,60,1,20,0.05,NEAR,1,,,,,,,,,,,,,,,,,,,,,,,,,,,,,,,,,,,,,,,0.9549738737849137,INFEASIBLE_TRIANGLE
G1459,60,1,20,0.05,FAR,-1,,,,,,,,,,,,,,,,,,,,,,,,,,,,,,,,,,,,,,,0.9549738737849137,INFEASIBLE_TRIANGLE
G1460,60,1,20,0.05,FAR,1,,,,,,,,,,,,,,,,,,,,,,,,,,,,,,,,,,,,,,,0.9549738737849137,INFEASIBLE_TRIANGLE
G1461,60,1,20,0.1,NEAR,-1,,,,,,,,,,,,,,,,,,,,,,,,,,,,,,,,,,,,,,,0.9549738737849137,INFEASIBLE_TRIANGLE
G1462,60,1,20,0.1,NEAR,1,,,,,,,,,,,,,,,,,,,,,,,,,,,,,,,,,,,,,,,0.9549738737849137,INFEASIBLE_TRIANGLE
G1463,60,1,20,0.1,FAR,-1,,,,,,,,,,,,,,,,,,,,,,,,,,,,,,,,,,,,,,,0.9549738737849137,INFEASIBLE_TRIANGLE
G1464,60,1,20,0.1,FAR,1,,,,,,,,,,,,,,,,,,,,,,,,,,,,,,,,,,,,,,,0.9549738737849137,INFEASIBLE_TRIANGLE
G1465,60,1,20,0.2,NEAR,-1,,,,,,,,,,,,,,,,,,,,,,,,,,,,,,,,,,,,,,,0.9549738737849137,INFEASIBLE_TRIANGLE
G1466,60,1,20,0.2,NEAR,1,,,,,,,,,,,,,,,,,,,,,,,,,,,,,,,,,,,,,,,0.9549738737849137,INFEASIBLE_TRIANGLE
G1467,60,1,20,0.2,FAR,-1,,,,,,,,,,,,,,,,,,,,,,,,,,,,,,,,,,,,,,,0.9549738737849137,INFEASIBLE_TRIANGLE
G1468,60,1,20,0.2,FAR,1,,,,,,,,,,,,,,,,,,,,,,,,,,,,,,,,,,,,,,,0.9549738737849137,INFEASIBLE_TRIANGLE
G1469,60,1,20,0.5,NEAR,-1,,,,,,,,,,,,,,,,,,,,,,,,,,,,,,,,,,,,,,,0.9549738737849137,INFEASIBLE_TRIANGLE
G1470,60,1,20,0.5,NEAR,1,,,,,,,,,,,,,,,,,,,,,,,,,,,,,,,,,,,,,,,0.9549738737849137,INFEASIBLE_TRIANGLE
G1471,60,1,20,0.5,FAR,-1,,,,,,,,,,,,,,,,,,,,,,,,,,,,,,,,,,,,,,,0.9549738737849137,INFEASIBLE_TRIANGLE
G1472,60,1,20,0.5,FAR,1,,,,,,,,,,,,,,,,,,,,,,,,,,,,,,,,,,,,,,,0.9549738737849137,INFEASIBLE_TRIANGLE
G1473,60,1,30,0.05,NEAR,-1,,,,,,,,,,,,,,,,,,,,,,,,,,,,,,,,,,,,,,,0.9549738737849137,INFEASIBLE_TRIANGLE
G1474,60,1,30,0.05,NEAR,1,,,,,,,,,,,,,,,,,,,,,,,,,,,,,,,,,,,,,,,0.9549738737849137,INFEASIBLE_TRIANGLE
G1475,60,1,30,0.05,FAR,-1,,,,,,,,,,,,,,,,,,,,,,,,,,,,,,,,,,,,,,,0.9549738737849137,INFEASIBLE_TRIANGLE
G1476,60,1,30,0.05,FAR,1,,,,,,,,,,,,,,,,,,,,,,,,,,,,,,,,,,,,,,,0.9549738737849137,INFEASIBLE_TRIANGLE
G1477,60,1,30,0.1,NEAR,-1,,,,,,,,,,,,,,,,,,,,,,,,,,,,,,,,,,,,,,,0.9549738737849137,INFEASIBLE_TRIANGLE
G1478,60,1,30,0.1,NEAR,1,,,,,,,,,,,,,,,,,,,,,,,,,,,,,,,,,,,,,,,0.9549738737849137,INFEASIBLE_TRIANGLE
G1479,60,1,30,0.1,FAR,-1,,,,,,,,,,,,,,,,,,,,,,,,,,,,,,,,,,,,,,,0.9549738737849137,INFEASIBLE_TRIANGLE
G1480,60,1,30,0.1,FAR,1,,,,,,,,,,,,,,,,,,,,,,,,,,,,,,,,,,,,,,,0.9549738737849137,INFEASIBLE_TRIANGLE
G1481,60,1,30,0.2,NEAR,-1,,,,,,,,,,,,,,,,,,,,,,,,,,,,,,,,,,,,,,,0.9549738737849137,INFEASIBLE_TRIANGLE
G1482,60,1,30,0.2,NEAR,1,,,,,,,,,,,,,,,,,,,,,,,,,,,,,,,,,,,,,,,0.9549738737849137,INFEASIBLE_TRIANGLE
G1483,60,1,30,0.2,FAR,-1,,,,,,,,,,,,,,,,,,,,,,,,,,,,,,,,,,,,,,,0.9549738737849137,INFEASIBLE_TRIANGLE
G1484,60,1,30,0.2,FAR,1,,,,,,,,,,,,,,,,,,,,,,,,,,,,,,,,,,,,,,,0.9549738737849137,INFEASIBLE_TRIANGLE
G1485,60,1,30,0.5,NEAR,-1,,,,,,,,,,,,,,,,,,,,,,,,,,,,,,,,,,,,,,,0.9549738737849137,INFEASIBLE_TRIANGLE
G1486,60,1,30,0.5,NEAR,1,,,,,,,,,,,,,,,,,,,,,,,,,,,,,,,,,,,,,,,0.9549738737849137,INFEASIBLE_TRIANGLE
G1487,60,1,30,0.5,FAR,-1,,,,,,,,,,,,,,,,,,,,,,,,,,,,,,,,,,,,,,,0.9549738737849137,INFEASIBLE_TRIANGLE
G1488,60,1,30,0.5,FAR,1,,,,,,,,,,,,,,,,,,,,,,,,,,,,,,,,,,,,,,,0.9549738737849137,INFEASIBLE_TRIANGLE
G1489,60,1,45,0.05,NEAR,-1,,,,,,,,,,,,,,,,,,,,,,,,,,,,,,,,,,,,,,,0.9549738737849137,INFEASIBLE_TRIANGLE
G1490,60,1,45,0.05,NEAR,1,,,,,,,,,,,,,,,,,,,,,,,,,,,,,,,,,,,,,,,0.9549738737849137,INFEASIBLE_TRIANGLE
G1491,60,1,45,0.05,FAR,-1,,,,,,,,,,,,,,,,,,,,,,,,,,,,,,,,,,,,,,,0.9549738737849137,INFEASIBLE_TRIANGLE
G1492,60,1,45,0.05,FAR,1,,,,,,,,,,,,,,,,,,,,,,,,,,,,,,,,,,,,,,,0.9549738737849137,INFEASIBLE_TRIANGLE
G1493,60,1,45,0.1,NEAR,-1,,,,,,,,,,,,,,,,,,,,,,,,,,,,,,,,,,,,,,,0.9549738737849137,INFEASIBLE_TRIANGLE
G1494,60,1,45,0.1,NEAR,1,,,,,,,,,,,,,,,,,,,,,,,,,,,,,,,,,,,,,,,0.9549738737849137,INFEASIBLE_TRIANGLE
G1495,60,1,45,0.1,FAR,-1,,,,,,,,,,,,,,,,,,,,,,,,,,,,,,,,,,,,,,,0.9549738737849137,INFEASIBLE_TRIANGLE
G1496,60,1,45,0.1,FAR,1,,,,,,,,,,,,,,,,,,,,,,,,,,,,,,,,,,,,,,,0.9549738737849137,INFEASIBLE_TRIANGLE
G1497,60,1,45,0.2,NEAR,-1,,,,,,,,,,,,,,,,,,,,,,,,,,,,,,,,,,,,,,,0.9549738737849137,INFEASIBLE_TRIANGLE
G1498,60,1,45,0.2,NEAR,1,,,,,,,,,,,,,,,,,,,,,,,,,,,,,,,,,,,,,,,0.9549738737849137,INFEASIBLE_TRIANGLE
G1499,60,1,45,0.2,FAR,-1,,,,,,,,,,,,,,,,,,,,,,,,,,,,,,,,,,,,,,,0.9549738737849137,INFEASIBLE_TRIANGLE
G1500,60,1,45,0.2,FAR,1,,,,,,,,,,,,,,,,,,,,,,,,,,,,,,,,,,,,,,,0.9549738737849137,INFEASIBLE_TRIANGLE
G1501,60,1,45,0.5,NEAR,-1,,,,,,,,,,,,,,,,,,,,,,,,,,,,,,,,,,,,,,,0.9549738737849137,INFEASIBLE_TRIANGLE
G1502,60,1,45,0.5,NEAR,1,,,,,,,,,,,,,,,,,,,,,,,,,,,,,,,,,,,,,,,0.9549738737849137,INFEASIBLE_TRIANGLE
G1503,60,1,45,0.5,FAR,-1,,,,,,,,,,,,,,,,,,,,,,,,,,,,,,,,,,,,,,,0.9549738737849137,INFEASIBLE_TRIANGLE
G1504,60,1,45,0.5,FAR,1,,,,,,,,,,,,,,,,,,,,,,,,,,,,,,,,,,,,,,,0.9549738737849137,INFEASIBLE_TRIANGLE
G1505,60,1,60,0.05,NEAR,-1,,,,,,,,,,,,,,,,,,,,,,,,,,,,,,,,,,,,,,,0.9549738737849137,INFEASIBLE_TRIANGLE
G1506,60,1,60,0.05,NEAR,1,,,,,,,,,,,,,,,,,,,,,,,,,,,,,,,,,,,,,,,0.9549738737849137,INFEASIBLE_TRIANGLE
G1507,60,1,60,0.05,FAR,-1,,,,,,,,,,,,,,,,,,,,,,,,,,,,,,,,,,,,,,,0.9549738737849137,INFEASIBLE_TRIANGLE
G1508,60,1,60,0.05,FAR,1,,,,,,,,,,,,,,,,,,,,,,,,,,,,,,,,,,,,,,,0.9549738737849137,INFEASIBLE_TRIANGLE
G1509,60,1,60,0.1,NEAR,-1,,,,,,,,,,,,,,,,,,,,,,,,,,,,,,,,,,,,,,,0.9549738737849137,INFEASIBLE_TRIANGLE
G1510,60,1,60,0.1,NEAR,1,,,,,,,,,,,,,,,,,,,,,,,,,,,,,,,,,,,,,,,0.9549738737849137,INFEASIBLE_TRIANGLE
G1511,60,1,60,0.1,FAR,-1,,,,,,,,,,,,,,,,,,,,,,,,,,,,,,,,,,,,,,,0.9549738737849137,INFEASIBLE_TRIANGLE
G1512,60,1,60,0.1,FAR,1,,,,,,,,,,,,,,,,,,,,,,,,,,,,,,,,,,,,,,,0.9549738737849137,INFEASIBLE_TRIANGLE
G1513,60,1,60,0.2,NEAR,-1,,,,,,,,,,,,,,,,,,,,,,,,,,,,,,,,,,,,,,,0.9549738737849137,INFEASIBLE_TRIANGLE
G1514,60,1,60,0.2,NEAR,1,,,,,,,,,,,,,,,,,,,,,,,,,,,,,,,,,,,,,,,0.9549738737849137,INFEASIBLE_TRIANGLE
G1515,60,1,60,0.2,FAR,-1,,,,,,,,,,,,,,,,,,,,,,,,,,,,,,,,,,,,,,,0.9549738737849137,INFEASIBLE_TRIANGLE
G1516,60,1,60,0.2,FAR,1,,,,,,,,,,,,,,,,,,,,,,,,,,,,,,,,,,,,,,,0.9549738737849137,INFEASIBLE_TRIANGLE
G1517,60,1,60,0.5,NEAR,-1,,,,,,,,,,,,,,,,,,,,,,,,,,,,,,,,,,,,,,,0.9549738737849137,INFEASIBLE_TRIANGLE
G1518,60,1,60,0.5,NEAR,1,,,,,,,,,,,,,,,,,,,,,,,,,,,,,,,,,,,,,,,0.9549738737849137,INFEASIBLE_TRIANGLE
G1519,60,1,60,0.5,FAR,-1,,,,,,,,,,,,,,,,,,,,,,,,,,,,,,,,,,,,,,,0.9549738737849137,INFEASIBLE_TRIANGLE
G1520,60,1,60,0.5,FAR,1,,,,,,,,,,,,,,,,,,,,,,,,,,,,,,,,,,,,,,,0.9549738737849137,INFEASIBLE_TRIANGLE
G1521,60,1,90,0.05,NEAR,-1,,,,,,,,,,,,,,,,,,,,,,,,,,,,,,,,,,,,,,,0.9549738737849137,INFEASIBLE_TRIANGLE
G1522,60,1,90,0.05,NEAR,1,,,,,,,,,,,,,,,,,,,,,,,,,,,,,,,,,,,,,,,0.9549738737849137,INFEASIBLE_TRIANGLE
G1523,60,1,90,0.05,FAR,-1,,,,,,,,,,,,,,,,,,,,,,,,,,,,,,,,,,,,,,,0.9549738737849137,INFEASIBLE_TRIANGLE
G1524,60,1,90,0.05,FAR,1,,,,,,,,,,,,,,,,,,,,,,,,,,,,,,,,,,,,,,,0.9549738737849137,INFEASIBLE_TRIANGLE
G1525,60,1,90,0.1,NEAR,-1,,,,,,,,,,,,,,,,,,,,,,,,,,,,,,,,,,,,,,,0.9549738737849137,INFEASIBLE_TRIANGLE
G1526,60,1,90,0.1,NEAR,1,,,,,,,,,,,,,,,,,,,,,,,,,,,,,,,,,,,,,,,0.9549738737849137,INFEASIBLE_TRIANGLE
G1527,60,1,90,0.1,FAR,-1,,,,,,,,,,,,,,,,,,,,,,,,,,,,,,,,,,,,,,,0.9549738737849137,INFEASIBLE_TRIANGLE
G1528,60,1,90,0.1,FAR,1,,,,,,,,,,,,,,,,,,,,,,,,,,,,,,,,,,,,,,,0.9549738737849137,INFEASIBLE_TRIANGLE
G1529,60,1,90,0.2,NEAR,-1,,,,,,,,,,,,,,,,,,,,,,,,,,,,,,,,,,,,,,,0.9549738737849137,INFEASIBLE_TRIANGLE
G1530,60,1,90,0.2,NEAR,1,,,,,,,,,,,,,,,,,,,,,,,,,,,,,,,,,,,,,,,0.9549738737849137,INFEASIBLE_TRIANGLE
G1531,60,1,90,0.2,FAR,-1,,,,,,,,,,,,,,,,,,,,,,,,,,,,,,,,,,,,,,,0.9549738737849137,INFEASIBLE_TRIANGLE
G1532,60,1,90,0.2,FAR,1,,,,,,,,,,,,,,,,,,,,,,,,,,,,,,,,,,,,,,,0.9549738737849137,INFEASIBLE_TRIANGLE
G1533,60,1,90,0.5,NEAR,-1,,,,,,,,,,,,,,,,,,,,,,,,,,,,,,,,,,,,,,,0.9549738737849137,INFEASIBLE_TRIANGLE
G1534,60,1,90,0.5,NEAR,1,,,,,,,,,,,,,,,,,,,,,,,,,,,,,,,,,,,,,,,0.9549738737849137,INFEASIBLE_TRIANGLE
G1535,60,1,90,0.5,FAR,-1,,,,,,,,,,,,,,,,,,,,,,,,,,,,,,,,,,,,,,,0.9549738737849137,INFEASIBLE_TRIANGLE
G1536,60,1,90,0.5,FAR,1,,,,,,,,,,,,,,,,,,,,,,,,,,,,,,,,,,,,,,,0.9549738737849137,INFEASIBLE_TRIANGLE
G1537,60,2,2,0.05,NEAR,-1,,,,,,,,,,,,,,,,,,,,,,,,,,,,,,,,,,,,,,,1.9102131717099304,INFEASIBLE_TRIANGLE
G1538,60,2,2,0.05,NEAR,1,,,,,,,,,,,,,,,,,,,,,,,,,,,,,,,,,,,,,,,1.9102131717099304,INFEASIBLE_TRIANGLE
G1539,60,2,2,0.05,FAR,-1,,,,,,,,,,,,,,,,,,,,,,,,,,,,,,,,,,,,,,,1.9102131717099304,INFEASIBLE_TRIANGLE
G1540,60,2,2,0.05,FAR,1,,,,,,,,,,,,,,,,,,,,,,,,,,,,,,,,,,,,,,,1.9102131717099304,INFEASIBLE_TRIANGLE
G1541,60,2,2,0.1,NEAR,-1,,,,,,,,,,,,,,,,,,,,,,,,,,,,,,,,,,,,,,,1.9102131717099304,INFEASIBLE_TRIANGLE
G1542,60,2,2,0.1,NEAR,1,,,,,,,,,,,,,,,,,,,,,,,,,,,,,,,,,,,,,,,1.9102131717099304,INFEASIBLE_TRIANGLE
G1543,60,2,2,0.1,FAR,-1,,,,,,,,,,,,,,,,,,,,,,,,,,,,,,,,,,,,,,,1.9102131717099304,INFEASIBLE_TRIANGLE
G1544,60,2,2,0.1,FAR,1,,,,,,,,,,,,,,,,,,,,,,,,,,,,,,,,,,,,,,,1.9102131717099304,INFEASIBLE_TRIANGLE
G1545,60,2,2,0.2,NEAR,-1,,,,,,,,,,,,,,,,,,,,,,,,,,,,,,,,,,,,,,,1.9102131717099304,INFEASIBLE_TRIANGLE
G1546,60,2,2,0.2,NEAR,1,,,,,,,,,,,,,,,,,,,,,,,,,,,,,,,,,,,,,,,1.9102131717099304,INFEASIBLE_TRIANGLE
G1547,60,2,2,0.2,FAR,-1,,,,,,,,,,,,,,,,,,,,,,,,,,,,,,,,,,,,,,,1.9102131717099304,INFEASIBLE_TRIANGLE
G1548,60,2,2,0.2,FAR,1,,,,,,,,,,,,,,,,,,,,,,,,,,,,,,,,,,,,,,,1.9102131717099304,INFEASIBLE_TRIANGLE
G1549,60,2,2,0.5,NEAR,-1,,,,,,,,,,,,,,,,,,,,,,,,,,,,,,,,,,,,,,,1.9102131717099304,INFEASIBLE_TRIANGLE
G1550,60,2,2,0.5,NEAR,1,,,,,,,,,,,,,,,,,,,,,,,,,,,,,,,,,,,,,,,1.9102131717099304,INFEASIBLE_TRIANGLE
G1551,60,2,2,0.5,FAR,-1,,,,,,,,,,,,,,,,,,,,,,,,,,,,,,,,,,,,,,,1.9102131717099304,INFEASIBLE_TRIANGLE
G1552,60,2,2,0.5,FAR,1,,,,,,,,,,,,,,,,,,,,,,,,,,,,,,,,,,,,,,,1.9102131717099304,INFEASIBLE_TRIANGLE
G1553,60,2,5,0.05,NEAR,-1,,,,,,,,,,,,,,,,,,,,,,,,,,,,,,,,,,,,,,,1.9102131717099304,INFEASIBLE_TRIANGLE
G1554,60,2,5,0.05,NEAR,1,,,,,,,,,,,,,,,,,,,,,,,,,,,,,,,,,,,,,,,1.9102131717099304,INFEASIBLE_TRIANGLE
G1555,60,2,5,0.05,FAR,-1,,,,,,,,,,,,,,,,,,,,,,,,,,,,,,,,,,,,,,,1.9102131717099304,INFEASIBLE_TRIANGLE
G1556,60,2,5,0.05,FAR,1,,,,,,,,,,,,,,,,,,,,,,,,,,,,,,,,,,,,,,,1.9102131717099304,INFEASIBLE_TRIANGLE
G1557,60,2,5,0.1,NEAR,-1,,,,,,,,,,,,,,,,,,,,,,,,,,,,,,,,,,,,,,,1.9102131717099304,INFEASIBLE_TRIANGLE
G1558,60,2,5,0.1,NEAR,1,,,,,,,,,,,,,,,,,,,,,,,,,,,,,,,,,,,,,,,1.9102131717099304,INFEASIBLE_TRIANGLE
G1559,60,2,5,0.1,FAR,-1,,,,,,,,,,,,,,,,,,,,,,,,,,,,,,,,,,,,,,,1.9102131717099304,INFEASIBLE_TRIANGLE
G1560,60,2,5,0.1,FAR,1,,,,,,,,,,,,,,,,,,,,,,,,,,,,,,,,,,,,,,,1.9102131717099304,INFEASIBLE_TRIANGLE
G1561,60,2,5,0.2,NEAR,-1,,,,,,,,,,,,,,,,,,,,,,,,,,,,,,,,,,,,,,,1.9102131717099304,INFEASIBLE_TRIANGLE
G1562,60,2,5,0.2,NEAR,1,,,,,,,,,,,,,,,,,,,,,,,,,,,,,,,,,,,,,,,1.9102131717099304,INFEASIBLE_TRIANGLE
G1563,60,2,5,0.2,FAR,-1,,,,,,,,,,,,,,,,,,,,,,,,,,,,,,,,,,,,,,,1.9102131717099304,INFEASIBLE_TRIANGLE
G1564,60,2,5,0.2,FAR,1,,,,,,,,,,,,,,,,,,,,,,,,,,,,,,,,,,,,,,,1.9102131717099304,INFEASIBLE_TRIANGLE
G1565,60,2,5,0.5,NEAR,-1,,,,,,,,,,,,,,,,,,,,,,,,,,,,,,,,,,,,,,,1.9102131717099304,INFEASIBLE_TRIANGLE
G1566,60,2,5,0.5,NEAR,1,,,,,,,,,,,,,,,,,,,,,,,,,,,,,,,,,,,,,,,1.9102131717099304,INFEASIBLE_TRIANGLE
G1567,60,2,5,0.5,FAR,-1,,,,,,,,,,,,,,,,,,,,,,,,,,,,,,,,,,,,,,,1.9102131717099304,INFEASIBLE_TRIANGLE
G1568,60,2,5,0.5,FAR,1,,,,,,,,,,,,,,,,,,,,,,,,,,,,,,,,,,,,,,,1.9102131717099304,INFEASIBLE_TRIANGLE
G1569,60,2,10,0.05,NEAR,-1,,,,,,,,,,,,,,,,,,,,,,,,,,,,,,,,,,,,,,,1.9102131717099304,INFEASIBLE_TRIANGLE
G1570,60,2,10,0.05,NEAR,1,,,,,,,,,,,,,,,,,,,,,,,,,,,,,,,,,,,,,,,1.9102131717099304,INFEASIBLE_TRIANGLE
G1571,60,2,10,0.05,FAR,-1,,,,,,,,,,,,,,,,,,,,,,,,,,,,,,,,,,,,,,,1.9102131717099304,INFEASIBLE_TRIANGLE
G1572,60,2,10,0.05,FAR,1,,,,,,,,,,,,,,,,,,,,,,,,,,,,,,,,,,,,,,,1.9102131717099304,INFEASIBLE_TRIANGLE
G1573,60,2,10,0.1,NEAR,-1,,,,,,,,,,,,,,,,,,,,,,,,,,,,,,,,,,,,,,,1.9102131717099304,INFEASIBLE_TRIANGLE
G1574,60,2,10,0.1,NEAR,1,,,,,,,,,,,,,,,,,,,,,,,,,,,,,,,,,,,,,,,1.9102131717099304,INFEASIBLE_TRIANGLE
G1575,60,2,10,0.1,FAR,-1,,,,,,,,,,,,,,,,,,,,,,,,,,,,,,,,,,,,,,,1.9102131717099304,INFEASIBLE_TRIANGLE
G1576,60,2,10,0.1,FAR,1,,,,,,,,,,,,,,,,,,,,,,,,,,,,,,,,,,,,,,,1.9102131717099304,INFEASIBLE_TRIANGLE
G1577,60,2,10,0.2,NEAR,-1,,,,,,,,,,,,,,,,,,,,,,,,,,,,,,,,,,,,,,,1.9102131717099304,INFEASIBLE_TRIANGLE
G1578,60,2,10,0.2,NEAR,1,,,,,,,,,,,,,,,,,,,,,,,,,,,,,,,,,,,,,,,1.9102131717099304,INFEASIBLE_TRIANGLE
G1579,60,2,10,0.2,FAR,-1,,,,,,,,,,,,,,,,,,,,,,,,,,,,,,,,,,,,,,,1.9102131717099304,INFEASIBLE_TRIANGLE
G1580,60,2,10,0.2,FAR,1,,,,,,,,,,,,,,,,,,,,,,,,,,,,,,,,,,,,,,,1.9102131717099304,INFEASIBLE_TRIANGLE
G1581,60,2,10,0.5,NEAR,-1,,,,,,,,,,,,,,,,,,,,,,,,,,,,,,,,,,,,,,,1.9102131717099304,INFEASIBLE_TRIANGLE
G1582,60,2,10,0.5,NEAR,1,,,,,,,,,,,,,,,,,,,,,,,,,,,,,,,,,,,,,,,1.9102131717099304,INFEASIBLE_TRIANGLE
G1583,60,2,10,0.5,FAR,-1,,,,,,,,,,,,,,,,,,,,,,,,,,,,,,,,,,,,,,,1.9102131717099304,INFEASIBLE_TRIANGLE
G1584,60,2,10,0.5,FAR,1,,,,,,,,,,,,,,,,,,,,,,,,,,,,,,,,,,,,,,,1.9102131717099304,INFEASIBLE_TRIANGLE
G1585,60,2,20,0.05,NEAR,-1,,,,,,,,,,,,,,,,,,,,,,,,,,,,,,,,,,,,,,,1.9102131717099304,INFEASIBLE_TRIANGLE
G1586,60,2,20,0.05,NEAR,1,,,,,,,,,,,,,,,,,,,,,,,,,,,,,,,,,,,,,,,1.9102131717099304,INFEASIBLE_TRIANGLE
G1587,60,2,20,0.05,FAR,-1,,,,,,,,,,,,,,,,,,,,,,,,,,,,,,,,,,,,,,,1.9102131717099304,INFEASIBLE_TRIANGLE
G1588,60,2,20,0.05,FAR,1,,,,,,,,,,,,,,,,,,,,,,,,,,,,,,,,,,,,,,,1.9102131717099304,INFEASIBLE_TRIANGLE
G1589,60,2,20,0.1,NEAR,-1,,,,,,,,,,,,,,,,,,,,,,,,,,,,,,,,,,,,,,,1.9102131717099304,INFEASIBLE_TRIANGLE
G1590,60,2,20,0.1,NEAR,1,,,,,,,,,,,,,,,,,,,,,,,,,,,,,,,,,,,,,,,1.9102131717099304,INFEASIBLE_TRIANGLE
G1591,60,2,20,0.1,FAR,-1,,,,,,,,,,,,,,,,,,,,,,,,,,,,,,,,,,,,,,,1.9102131717099304,INFEASIBLE_TRIANGLE
G1592,60,2,20,0.1,FAR,1,,,,,,,,,,,,,,,,,,,,,,,,,,,,,,,,,,,,,,,1.9102131717099304,INFEASIBLE_TRIANGLE
G1593,60,2,20,0.2,NEAR,-1,,,,,,,,,,,,,,,,,,,,,,,,,,,,,,,,,,,,,,,1.9102131717099304,INFEASIBLE_TRIANGLE
G1594,60,2,20,0.2,NEAR,1,,,,,,,,,,,,,,,,,,,,,,,,,,,,,,,,,,,,,,,1.9102131717099304,INFEASIBLE_TRIANGLE
G1595,60,2,20,0.2,FAR,-1,,,,,,,,,,,,,,,,,,,,,,,,,,,,,,,,,,,,,,,1.9102131717099304,INFEASIBLE_TRIANGLE
G1596,60,2,20,0.2,FAR,1,,,,,,,,,,,,,,,,,,,,,,,,,,,,,,,,,,,,,,,1.9102131717099304,INFEASIBLE_TRIANGLE
G1597,60,2,20,0.5,NEAR,-1,,,,,,,,,,,,,,,,,,,,,,,,,,,,,,,,,,,,,,,1.9102131717099304,INFEASIBLE_TRIANGLE
G1598,60,2,20,0.5,NEAR,1,,,,,,,,,,,,,,,,,,,,,,,,,,,,,,,,,,,,,,,1.9102131717099304,INFEASIBLE_TRIANGLE
G1599,60,2,20,0.5,FAR,-1,,,,,,,,,,,,,,,,,,,,,,,,,,,,,,,,,,,,,,,1.9102131717099304,INFEASIBLE_TRIANGLE
G1600,60,2,20,0.5,FAR,1,,,,,,,,,,,,,,,,,,,,,,,,,,,,,,,,,,,,,,,1.9102131717099304,INFEASIBLE_TRIANGLE
G1601,60,2,30,0.05,NEAR,-1,,,,,,,,,,,,,,,,,,,,,,,,,,,,,,,,,,,,,,,1.9102131717099304,INFEASIBLE_TRIANGLE
G1602,60,2,30,0.05,NEAR,1,,,,,,,,,,,,,,,,,,,,,,,,,,,,,,,,,,,,,,,1.9102131717099304,INFEASIBLE_TRIANGLE
G1603,60,2,30,0.05,FAR,-1,,,,,,,,,,,,,,,,,,,,,,,,,,,,,,,,,,,,,,,1.9102131717099304,INFEASIBLE_TRIANGLE
G1604,60,2,30,0.05,FAR,1,,,,,,,,,,,,,,,,,,,,,,,,,,,,,,,,,,,,,,,1.9102131717099304,INFEASIBLE_TRIANGLE
G1605,60,2,30,0.1,NEAR,-1,,,,,,,,,,,,,,,,,,,,,,,,,,,,,,,,,,,,,,,1.9102131717099304,INFEASIBLE_TRIANGLE
G1606,60,2,30,0.1,NEAR,1,,,,,,,,,,,,,,,,,,,,,,,,,,,,,,,,,,,,,,,1.9102131717099304,INFEASIBLE_TRIANGLE
G1607,60,2,30,0.1,FAR,-1,,,,,,,,,,,,,,,,,,,,,,,,,,,,,,,,,,,,,,,1.9102131717099304,INFEASIBLE_TRIANGLE
G1608,60,2,30,0.1,FAR,1,,,,,,,,,,,,,,,,,,,,,,,,,,,,,,,,,,,,,,,1.9102131717099304,INFEASIBLE_TRIANGLE
G1609,60,2,30,0.2,NEAR,-1,,,,,,,,,,,,,,,,,,,,,,,,,,,,,,,,,,,,,,,1.9102131717099304,INFEASIBLE_TRIANGLE
G1610,60,2,30,0.2,NEAR,1,,,,,,,,,,,,,,,,,,,,,,,,,,,,,,,,,,,,,,,1.9102131717099304,INFEASIBLE_TRIANGLE
G1611,60,2,30,0.2,FAR,-1,,,,,,,,,,,,,,,,,,,,,,,,,,,,,,,,,,,,,,,1.9102131717099304,INFEASIBLE_TRIANGLE
G1612,60,2,30,0.2,FAR,1,,,,,,,,,,,,,,,,,,,,,,,,,,,,,,,,,,,,,,,1.9102131717099304,INFEASIBLE_TRIANGLE
G1613,60,2,30,0.5,NEAR,-1,,,,,,,,,,,,,,,,,,,,,,,,,,,,,,,,,,,,,,,1.9102131717099304,INFEASIBLE_TRIANGLE
G1614,60,2,30,0.5,NEAR,1,,,,,,,,,,,,,,,,,,,,,,,,,,,,,,,,,,,,,,,1.9102131717099304,INFEASIBLE_TRIANGLE
G1615,60,2,30,0.5,FAR,-1,,,,,,,,,,,,,,,,,,,,,,,,,,,,,,,,,,,,,,,1.9102131717099304,INFEASIBLE_TRIANGLE
G1616,60,2,30,0.5,FAR,1,,,,,,,,,,,,,,,,,,,,,,,,,,,,,,,,,,,,,,,1.9102131717099304,INFEASIBLE_TRIANGLE
G1617,60,2,45,0.05,NEAR,-1,,,,,,,,,,,,,,,,,,,,,,,,,,,,,,,,,,,,,,,1.9102131717099304,INFEASIBLE_TRIANGLE
G1618,60,2,45,0.05,NEAR,1,,,,,,,,,,,,,,,,,,,,,,,,,,,,,,,,,,,,,,,1.9102131717099304,INFEASIBLE_TRIANGLE
G1619,60,2,45,0.05,FAR,-1,,,,,,,,,,,,,,,,,,,,,,,,,,,,,,,,,,,,,,,1.9102131717099304,INFEASIBLE_TRIANGLE
G1620,60,2,45,0.05,FAR,1,,,,,,,,,,,,,,,,,,,,,,,,,,,,,,,,,,,,,,,1.9102131717099304,INFEASIBLE_TRIANGLE
G1621,60,2,45,0.1,NEAR,-1,,,,,,,,,,,,,,,,,,,,,,,,,,,,,,,,,,,,,,,1.9102131717099304,INFEASIBLE_TRIANGLE
G1622,60,2,45,0.1,NEAR,1,,,,,,,,,,,,,,,,,,,,,,,,,,,,,,,,,,,,,,,1.9102131717099304,INFEASIBLE_TRIANGLE
G1623,60,2,45,0.1,FAR,-1,,,,,,,,,,,,,,,,,,,,,,,,,,,,,,,,,,,,,,,1.9102131717099304,INFEASIBLE_TRIANGLE
G1624,60,2,45,0.1,FAR,1,,,,,,,,,,,,,,,,,,,,,,,,,,,,,,,,,,,,,,,1.9102131717099304,INFEASIBLE_TRIANGLE
G1625,60,2,45,0.2,NEAR,-1,,,,,,,,,,,,,,,,,,,,,,,,,,,,,,,,,,,,,,,1.9102131717099304,INFEASIBLE_TRIANGLE
G1626,60,2,45,0.2,NEAR,1,,,,,,,,,,,,,,,,,,,,,,,,,,,,,,,,,,,,,,,1.9102131717099304,INFEASIBLE_TRIANGLE
G1627,60,2,45,0.2,FAR,-1,,,,,,,,,,,,,,,,,,,,,,,,,,,,,,,,,,,,,,,1.9102131717099304,INFEASIBLE_TRIANGLE
G1628,60,2,45,0.2,FAR,1,,,,,,,,,,,,,,,,,,,,,,,,,,,,,,,,,,,,,,,1.9102131717099304,INFEASIBLE_TRIANGLE
G1629,60,2,45,0.5,NEAR,-1,,,,,,,,,,,,,,,,,,,,,,,,,,,,,,,,,,,,,,,1.9102131717099304,INFEASIBLE_TRIANGLE
G1630,60,2,45,0.5,NEAR,1,,,,,,,,,,,,,,,,,,,,,,,,,,,,,,,,,,,,,,,1.9102131717099304,INFEASIBLE_TRIANGLE
G1631,60,2,45,0.5,FAR,-1,,,,,,,,,,,,,,,,,,,,,,,,,,,,,,,,,,,,,,,1.9102131717099304,INFEASIBLE_TRIANGLE
G1632,60,2,45,0.5,FAR,1,,,,,,,,,,,,,,,,,,,,,,,,,,,,,,,,,,,,,,,1.9102131717099304,INFEASIBLE_TRIANGLE
G1633,60,2,60,0.05,NEAR,-1,,,,,,,,,,,,,,,,,,,,,,,,,,,,,,,,,,,,,,,1.9102131717099304,INFEASIBLE_TRIANGLE
G1634,60,2,60,0.05,NEAR,1,,,,,,,,,,,,,,,,,,,,,,,,,,,,,,,,,,,,,,,1.9102131717099304,INFEASIBLE_TRIANGLE
G1635,60,2,60,0.05,FAR,-1,,,,,,,,,,,,,,,,,,,,,,,,,,,,,,,,,,,,,,,1.9102131717099304,INFEASIBLE_TRIANGLE
G1636,60,2,60,0.05,FAR,1,,,,,,,,,,,,,,,,,,,,,,,,,,,,,,,,,,,,,,,1.9102131717099304,INFEASIBLE_TRIANGLE
G1637,60,2,60,0.1,NEAR,-1,,,,,,,,,,,,,,,,,,,,,,,,,,,,,,,,,,,,,,,1.9102131717099304,INFEASIBLE_TRIANGLE
G1638,60,2,60,0.1,NEAR,1,,,,,,,,,,,,,,,,,,,,,,,,,,,,,,,,,,,,,,,1.9102131717099304,INFEASIBLE_TRIANGLE
G1639,60,2,60,0.1,FAR,-1,,,,,,,,,,,,,,,,,,,,,,,,,,,,,,,,,,,,,,,1.9102131717099304,INFEASIBLE_TRIANGLE
G1640,60,2,60,0.1,FAR,1,,,,,,,,,,,,,,,,,,,,,,,,,,,,,,,,,,,,,,,1.9102131717099304,INFEASIBLE_TRIANGLE
G1641,60,2,60,0.2,NEAR,-1,,,,,,,,,,,,,,,,,,,,,,,,,,,,,,,,,,,,,,,1.9102131717099304,INFEASIBLE_TRIANGLE
G1642,60,2,60,0.2,NEAR,1,,,,,,,,,,,,,,,,,,,,,,,,,,,,,,,,,,,,,,,1.9102131717099304,INFEASIBLE_TRIANGLE
G1643,60,2,60,0.2,FAR,-1,,,,,,,,,,,,,,,,,,,,,,,,,,,,,,,,,,,,,,,1.9102131717099304,INFEASIBLE_TRIANGLE
G1644,60,2,60,0.2,FAR,1,,,,,,,,,,,,,,,,,,,,,,,,,,,,,,,,,,,,,,,1.9102131717099304,INFEASIBLE_TRIANGLE
G1645,60,2,60,0.5,NEAR,-1,,,,,,,,,,,,,,,,,,,,,,,,,,,,,,,,,,,,,,,1.9102131717099304,INFEASIBLE_TRIANGLE
G1646,60,2,60,0.5,NEAR,1,,,,,,,,,,,,,,,,,,,,,,,,,,,,,,,,,,,,,,,1.9102131717099304,INFEASIBLE_TRIANGLE
G1647,60,2,60,0.5,FAR,-1,,,,,,,,,,,,,,,,,,,,,,,,,,,,,,,,,,,,,,,1.9102131717099304,INFEASIBLE_TRIANGLE
G1648,60,2,60,0.5,FAR,1,,,,,,,,,,,,,,,,,,,,,,,,,,,,,,,,,,,,,,,1.9102131717099304,INFEASIBLE_TRIANGLE
G1649,60,2,90,0.05,NEAR,-1,,,,,,,,,,,,,,,,,,,,,,,,,,,,,,,,,,,,,,,1.9102131717099304,INFEASIBLE_TRIANGLE
G1650,60,2,90,0.05,NEAR,1,,,,,,,,,,,,,,,,,,,,,,,,,,,,,,,,,,,,,,,1.9102131717099304,INFEASIBLE_TRIANGLE
G1651,60,2,90,0.05,FAR,-1,,,,,,,,,,,,,,,,,,,,,,,,,,,,,,,,,,,,,,,1.9102131717099304,INFEASIBLE_TRIANGLE
G1652,60,2,90,0.05,FAR,1,,,,,,,,,,,,,,,,,,,,,,,,,,,,,,,,,,,,,,,1.9102131717099304,INFEASIBLE_TRIANGLE
G1653,60,2,90,0.1,NEAR,-1,,,,,,,,,,,,,,,,,,,,,,,,,,,,,,,,,,,,,,,1.9102131717099304,INFEASIBLE_TRIANGLE
G1654,60,2,90,0.1,NEAR,1,,,,,,,,,,,,,,,,,,,,,,,,,,,,,,,,,,,,,,,1.9102131717099304,INFEASIBLE_TRIANGLE
G1655,60,2,90,0.1,FAR,-1,,,,,,,,,,,,,,,,,,,,,,,,,,,,,,,,,,,,,,,1.9102131717099304,INFEASIBLE_TRIANGLE
G1656,60,2,90,0.1,FAR,1,,,,,,,,,,,,,,,,,,,,,,,,,,,,,,,,,,,,,,,1.9102131717099304,INFEASIBLE_TRIANGLE
G1657,60,2,90,0.2,NEAR,-1,,,,,,,,,,,,,,,,,,,,,,,,,,,,,,,,,,,,,,,1.9102131717099304,INFEASIBLE_TRIANGLE
G1658,60,2,90,0.2,NEAR,1,,,,,,,,,,,,,,,,,,,,,,,,,,,,,,,,,,,,,,,1.9102131717099304,INFEASIBLE_TRIANGLE
G1659,60,2,90,0.2,FAR,-1,,,,,,,,,,,,,,,,,,,,,,,,,,,,,,,,,,,,,,,1.9102131717099304,INFEASIBLE_TRIANGLE
G1660,60,2,90,0.2,FAR,1,,,,,,,,,,,,,,,,,,,,,,,,,,,,,,,,,,,,,,,1.9102131717099304,INFEASIBLE_TRIANGLE
G1661,60,2,90,0.5,NEAR,-1,,,,,,,,,,,,,,,,,,,,,,,,,,,,,,,,,,,,,,,1.9102131717099304,INFEASIBLE_TRIANGLE
G1662,60,2,90,0.5,NEAR,1,,,,,,,,,,,,,,,,,,,,,,,,,,,,,,,,,,,,,,,1.9102131717099304,INFEASIBLE_TRIANGLE
G1663,60,2,90,0.5,FAR,-1,,,,,,,,,,,,,,,,,,,,,,,,,,,,,,,,,,,,,,,1.9102131717099304,INFEASIBLE_TRIANGLE
G1664,60,2,90,0.5,FAR,1,,,,,,,,,,,,,,,,,,,,,,,,,,,,,,,,,,,,,,,1.9102131717099304,INFEASIBLE_TRIANGLE
G1665,60,5,2,0.05,NEAR,-1,4.610719020272072,-1.9342363134067255,55.423043200164955,True,57.47052297054031,3302.8610105074267,2.041757461032842,0.052359877559829876,0.0666961848131719,20000,0.0,0.0,0.0,0.0,0.0,0.23825,0.8622,0.99595,0.8573533256860264,0.8669075633949312,0.06573288798232753,0.0673276585428481,1.3625509463257828,3.339603685514824,3.998110683131174,5.237731251724952,0.022709182438763045,0.055660061425247064,0.06663517805218623,0.08729552086208253,0.03539714823069913,0.08581427188025918,0.10245197705872656,0.13510580148383367,1.3635148120404814,3.3401970392478617,3.999285433808637,5.238719127217298,4.780191847199159,FEASIBLE
G1666,60,5,2,0.05,NEAR,1,4.610719020272072,1.9342363134067255,55.423043200164955,True,57.47052297054031,3302.8610105074267,2.041757461032842,0.052359877559829876,0.0666961848131719,20000,0.0,0.0,0.0,0.0,0.0,0.23825,0.8622,0.99595,0.8573533256860264,0.8669075633949312,0.06573288798232753,0.0673276585428481,1.3625509463257828,3.339603685514824,3.998110683131174,5.237731251724952,0.022709182438763045,0.055660061425247064,0.06663517805218623,0.08729552086208253,0.03539714823069913,0.08581427188025918,0.10245197705872656,0.13510580148383367,1.3635148120404814,3.3401970392478617,3.999285433808637,5.238719127217298,4.780191847199159,FEASIBLE
G1667,60,5,2,0.05,FAR,-1,-4.464562035861547,-2.2511521112407924,64.50385604212654,True,57.44018756167141,3299.3751471199566,2.202202562241985,0.05235987755982989,0.07193729514426864,20000,0.0,0.0,0.0,0.0,0.0,0.22195,0.8315,0.99325,0.826248875124218,0.8366238049705846,0.07064915348296784,0.07258545895561355,1.4692959683725988,3.6091559073592236,4.297839635160173,5.676757019690164,0.024488266139543313,0.06015259845598706,0.07163066058600288,0.09461261699483607,0.035413813051547144,0.08583175843675556,0.10247724020586028,0.13522065131850466,1.4695103268788703,3.609560951133792,4.298115583230512,5.6771186993384335,4.780191847199159,FEASIBLE
G1668,60,5,2,0.05,FAR,1,-4.464562035861547,2.2511521112407924,64.50385604212654,True,57.440187561671415,3299.3751471199566,2.202202562241985,0.05235987755982989,0.07193729514426864,20000,0.0,0.0,0.0,0.0,0.0,0.22195,0.8315,0.99325,0.826248875124218,0.8366238049705846,0.07064915348296784,0.07258545895561355,1.4692959683725988,3.6091559073592236,4.297839635160173,5.676757019690164,0.024488266139543313,0.06015259845598706,0.07163066058600288,0.09461261699483607,0.035413813051547144,0.08583175843675556,0.10247724020586028,0.13522065131850466,1.4695103268788703,3.609560951133792,4.298115583230512,5.6771186993384335,4.780191847199159,FEASIBLE
G1669,60,5,2,0.1,NEAR,-1,4.610719020272072,-1.9342363134067255,55.423043200164955,True,57.47052297054031,3302.8610105074267,4.083514922065684,0.10471975511965975,0.1333923696263438,20000,0.0,0.0,0.0,0.0,0.0,0.12085,0.54145,0.8612,0.5345370317957044,0.5483470484152445,0.13283701543149296,0.1373202740656391,2.726465628972335,6.695029425677532,8.118352552576823,11.086942508556305,0.04544109381620558,0.11158382376129221,0.13530587587628037,0.1847823751426051,0.07071099590734521,0.17259196709217367,0.20617954992960938,0.2787632234453049,2.727900476772209,6.69633989906009,8.119867397900151,11.088539504928708,4.780191847199159,FEASIBLE
G1670,60,5,2,0.1,NEAR,1,4.610719020272072,1.9342363134067255,55.423043200164955,True,57.47052297054031,3302.8610105074267,4.083514922065684,0.10471975511965975,0.1333923696263438,20000,0.0,0.0,0.0,0.0,0.0,0.12085,0.54145,0.8612,0.5345370317957044,0.5483470484152445,0.13283701543149296,0.1373202740656391,2.726465628972335,6.695029425677532,8.118352552576823,11.086942508556305,0.04544109381620558,0.11158382376129221,0.13530587587628037,0.1847823751426051,0.07071099590734521,0.17259196709217367,0.20617954992960938,0.2787632234453049,2.727900476772209,6.69633989906009,8.119867397900151,11.088539504928708,4.780191847199159,FEASIBLE
G1671,60,5,2,0.1,FAR,-1,-4.464562035861547,-2.2511521112407924,64.50385604212654,True,57.44018756167141,3299.3751471199566,4.40440512448397,0.10471975511965978,0.14387459028853727,20000,0.0,0.0,0.0,0.0,0.0,0.11155,0.5094,0.83075,0.502470565470093,0.5163258242520523,0.1434574986867484,0.14719777749835097,2.9369868411282383,7.230492462557265,8.713646897887543,11.991571444166908,0.04894978068547064,0.12050820770928776,0.1452274482981257,0.19985952406944846,0.07068662905307864,0.17243979834850548,0.2067751617059239,0.2793165707098737,2.9386165492928416,7.230961738701742,8.714758070787672,11.995882170294744,4.780191847199159,FEASIBLE
G1672,60,5,2,0.1,FAR,1,-4.464562035861547,2.2511521112407924,64.50385604212654,True,57.440187561671415,3299.3751471199566,4.40440512448397,0.10471975511965978,0.14387459028853727,20000,0.0,0.0,0.0,0.0,0.0,0.11155,0.5094,0.83075,0.502470565470093,0.5163258242520523,0.1434574986867484,0.14719777749835097,2.9369868411282383,7.230492462557265,8.713646897887543,11.991571444166908,0.04894978068547064,0.12050820770928776,0.1452274482981257,0.19985952406944846,0.07068662905307864,0.17243979834850548,0.2067751617059239,0.2793165707098737,2.9386165492928416,7.230961738701742,8.714758070787672,11.995882170294744,4.780191847199159,FEASIBLE
G1673,60,5,2,0.2,NEAR,-1,4.610719020272072,-1.9342363134067255,55.423043200164955,True,57.47052297054031,3302.8610105074267,8.167029844131369,0.2094395102393195,0.2667847392526876,20000,0.0,0.0,0.0,0.0,0.0,0.06265,0.29435,0.54435,0.28807371833842726,0.3007052660914486,0.28615988373976387,0.2982292797708908,5.432320261056731,13.686430537786592,17.50140717246161,27.159715036909517,0.09053867101761218,0.22810717562977653,0.29169011954102686,0.4526619172818253,0.14151178078620863,0.3504346476604382,0.4328402612527466,0.6446109041382081,5.433603832735461,13.696035096924748,17.50214681454706,27.166312435897755,4.780191847199159,FEASIBLE
G1674,60,5,2,0.2,NEAR,1,4.610719020272072,1.9342363134067255,55.423043200164955,True,57.47052297054031,3302.8610105074267,8.167029844131369,0.2094395102393195,0.2667847392526876,20000,0.0,0.0,0.0,0.0,0.0,0.06265,0.29435,0.54435,0.28807371833842726,0.3007052660914486,0.28615988373976387,0.2982292797708908,5.432320261056731,13.686430537786592,17.50140717246161,27.159715036909517,0.09053867101761218,0.22810717562977653,0.29169011954102686,0.4526619172818253,0.14151178078620863,0.3504346476604382,0.4328402612527466,0.6446109041382081,5.433603832735461,13.696035096924748,17.50214681454706,27.166312435897755,4.780191847199159,FEASIBLE
G1675,60,5,2,0.2,FAR,-1,-4.464562035861547,-2.2511521112407924,64.50385604212654,True,57.44018756167141,3299.3751471199566,8.80881024896794,0.20943951023931956,0.28774918057707455,20000,0.0,0.0,0.0,0.0,0.0,0.0565,0.27315,0.51125,0.2670187306533526,0.27936839610530206,0.30786224749604946,0.3224246068470099,5.841667519102451,14.726519337385497,18.904060044695328,29.521847784390843,0.09736112531837418,0.24544198895642494,0.3150676674115888,0.49203079640651404,0.1415058120777139,0.35142100150133077,0.4357836645987636,0.6497745561471783,5.843736096009258,14.728257738657678,18.90591534303307,29.523562251455594,4.780191847199159,FEASIBLE
G1676,60,5,2,0.2,FAR,1,-4.464562035861547,2.2511521112407924,64.50385604212654,True,57.440187561671415,3299.3751471199566,8.80881024896794,0.20943951023931956,0.28774918057707455,20000,0.0,0.0,0.0,0.0,0.0,0.0565,0.27315,0.51125,0.2670187306533526,0.27936839610530206,0.30786224749604946,0.3224246068470099,5.841667519102451,14.726519337385497,18.904060044695328,29.521847784390843,0.09736112531837418,0.24544198895642494,0.3150676674115888,0.49203079640651404,0.1415058120777139,0.35142100150133077,0.4357836645987636,0.6497745561471783,5.843736096009258,14.728257738657678,18.90591534303307,29.523562251455594,4.780191847199159,FEASIBLE
G1677,60,5,2,0.5,NEAR,-1,4.610719020272072,-1.9342363134067255,55.423043200164955,True,57.47052297054031,3302.8610105073394,20.41757461032843,0.5235987755982989,0.6669618481317191,20000,0.00215,0.00215,0.0,0.0013,0.0,0.0255,0.1211,0.2397,0.11665119064648684,0.12569433427682924,1.2648405978891977,1.3837512497999034,13.030028880089375,47.41309514784048,79.6254277980714,230.89147278295468,0.2171671480014896,0.790218252464008,1.32709046330119,3.848191213049245,0.35210496536655955,1.0746510315079298,1.6591549293303438,4.706900090384692,13.044509152392484,47.41562243924037,79.62633949550421,230.89473840899367,4.780191847199159,FEASIBLE
G1678,60,5,2,0.5,NEAR,1,4.610719020272072,1.9342363134067255,55.423043200164955,True,57.47052297054031,3302.8610105073394,20.41757461032843,0.5235987755982989,0.6669618481317191,20000,0.00215,0.00215,0.0,0.0013,0.0,0.0255,0.1211,0.2397,0.11665119064648684,0.12569433427682924,1.2648405978891977,1.3837512497999034,13.030028880089375,47.41309514784048,79.6254277980714,230.89147278295468,0.2171671480014896,0.790218252464008,1.32709046330119,3.848191213049245,0.35210496536655955,1.0746510315079298,1.6591549293303438,4.706900090384692,13.044509152392484,47.41562243924037,79.62633949550421,230.89473840899367,4.780191847199159,FEASIBLE
G1679,60,5,2,0.5,FAR,-1,-4.464562035861547,-2.2511521112407924,64.50385604212654,True,57.44018756167141,3299.3751471199535,22.022025622419854,0.5235987755982988,0.7193729514426863,20000,0.00215,0.00215,0.0,0.0013,0.0,0.023,0.1118,0.2228,0.10750706814149105,0.11624202865246858,1.3670597152795632,1.4967279750828135,14.117984657701157,50.96099430049604,85.66993148957721,250.7692186219373,0.2352997442950193,0.8493499050082673,1.4278321914929535,4.179486977032289,0.35059629085466526,1.0907693710964708,1.7012689312021934,4.788485972319159,14.125742470489492,50.96337806868637,85.66996835232705,250.77359780065674,4.780191847199159,FEASIBLE
G1680,60,5,2,0.5,FAR,1,-4.464562035861547,2.2511521112407924,64.50385604212654,True,57.440187561671415,3299.3751471199535,22.022025622419854,0.5235987755982988,0.7193729514426863,20000,0.00215,0.00215,0.0,0.0013,0.0,0.023,0.1118,0.2228,0.10750706814149105,0.11624202865246858,1.3670597152795632,1.4967279750828135,14.117984657701157,50.96099430049604,85.66993148957721,250.7692186219373,0.2352997442950193,0.8493499050082673,1.4278321914929535,4.179486977032289,0.35059629085466526,1.0907693710964708,1.7012689312021934,4.788485972319159,14.125742470489492,50.96337806868637,85.66996835232705,250.77359780065674,4.780191847199159,FEASIBLE
G1681,60,5,5,0.05,NEAR,-1,,,,,,,,,,,,,,,,,,,,,,,,,,,,,,,,,,,,,,,4.780191847199159,INFEASIBLE_TRIANGLE
G1682,60,5,5,0.05,NEAR,1,,,,,,,,,,,,,,,,,,,,,,,,,,,,,,,,,,,,,,,4.780191847199159,INFEASIBLE_TRIANGLE
G1683,60,5,5,0.05,FAR,-1,,,,,,,,,,,,,,,,,,,,,,,,,,,,,,,,,,,,,,,4.780191847199159,INFEASIBLE_TRIANGLE
G1684,60,5,5,0.05,FAR,1,,,,,,,,,,,,,,,,,,,,,,,,,,,,,,,,,,,,,,,4.780191847199159,INFEASIBLE_TRIANGLE
G1685,60,5,5,0.1,NEAR,-1,,,,,,,,,,,,,,,,,,,,,,,,,,,,,,,,,,,,,,,4.780191847199159,INFEASIBLE_TRIANGLE
G1686,60,5,5,0.1,NEAR,1,,,,,,,,,,,,,,,,,,,,,,,,,,,,,,,,,,,,,,,4.780191847199159,INFEASIBLE_TRIANGLE
G1687,60,5,5,0.1,FAR,-1,,,,,,,,,,,,,,,,,,,,,,,,,,,,,,,,,,,,,,,4.780191847199159,INFEASIBLE_TRIANGLE
G1688,60,5,5,0.1,FAR,1,,,,,,,,,,,,,,,,,,,,,,,,,,,,,,,,,,,,,,,4.780191847199159,INFEASIBLE_TRIANGLE
G1689,60,5,5,0.2,NEAR,-1,,,,,,,,,,,,,,,,,,,,,,,,,,,,,,,,,,,,,,,4.780191847199159,INFEASIBLE_TRIANGLE
G1690,60,5,5,0.2,NEAR,1,,,,,,,,,,,,,,,,,,,,,,,,,,,,,,,,,,,,,,,4.780191847199159,INFEASIBLE_TRIANGLE
G1691,60,5,5,0.2,FAR,-1,,,,,,,,,,,,,,,,,,,,,,,,,,,,,,,,,,,,,,,4.780191847199159,INFEASIBLE_TRIANGLE
G1692,60,5,5,0.2,FAR,1,,,,,,,,,,,,,,,,,,,,,,,,,,,,,,,,,,,,,,,4.780191847199159,INFEASIBLE_TRIANGLE
G1693,60,5,5,0.5,NEAR,-1,,,,,,,,,,,,,,,,,,,,,,,,,,,,,,,,,,,,,,,4.780191847199159,INFEASIBLE_TRIANGLE
G1694,60,5,5,0.5,NEAR,1,,,,,,,,,,,,,,,,,,,,,,,,,,,,,,,,,,,,,,,4.780191847199159,INFEASIBLE_TRIANGLE
G1695,60,5,5,0.5,FAR,-1,,,,,,,,,,,,,,,,,,,,,,,,,,,,,,,,,,,,,,,4.780191847199159,INFEASIBLE_TRIANGLE
G1696,60,5,5,0.5,FAR,1,,,,,,,,,,,,,,,,,,,,,,,,,,,,,,,,,,,,,,,4.780191847199159,INFEASIBLE_TRIANGLE
G1697,60,5,10,0.05,NEAR,-1,,,,,,,,,,,,,,,,,,,,,,,,,,,,,,,,,,,,,,,4.780191847199159,INFEASIBLE_TRIANGLE
G1698,60,5,10,0.05,NEAR,1,,,,,,,,,,,,,,,,,,,,,,,,,,,,,,,,,,,,,,,4.780191847199159,INFEASIBLE_TRIANGLE
G1699,60,5,10,0.05,FAR,-1,,,,,,,,,,,,,,,,,,,,,,,,,,,,,,,,,,,,,,,4.780191847199159,INFEASIBLE_TRIANGLE
G1700,60,5,10,0.05,FAR,1,,,,,,,,,,,,,,,,,,,,,,,,,,,,,,,,,,,,,,,4.780191847199159,INFEASIBLE_TRIANGLE
G1701,60,5,10,0.1,NEAR,-1,,,,,,,,,,,,,,,,,,,,,,,,,,,,,,,,,,,,,,,4.780191847199159,INFEASIBLE_TRIANGLE
G1702,60,5,10,0.1,NEAR,1,,,,,,,,,,,,,,,,,,,,,,,,,,,,,,,,,,,,,,,4.780191847199159,INFEASIBLE_TRIANGLE
G1703,60,5,10,0.1,FAR,-1,,,,,,,,,,,,,,,,,,,,,,,,,,,,,,,,,,,,,,,4.780191847199159,INFEASIBLE_TRIANGLE
G1704,60,5,10,0.1,FAR,1,,,,,,,,,,,,,,,,,,,,,,,,,,,,,,,,,,,,,,,4.780191847199159,INFEASIBLE_TRIANGLE
G1705,60,5,10,0.2,NEAR,-1,,,,,,,,,,,,,,,,,,,,,,,,,,,,,,,,,,,,,,,4.780191847199159,INFEASIBLE_TRIANGLE
G1706,60,5,10,0.2,NEAR,1,,,,,,,,,,,,,,,,,,,,,,,,,,,,,,,,,,,,,,,4.780191847199159,INFEASIBLE_TRIANGLE
G1707,60,5,10,0.2,FAR,-1,,,,,,,,,,,,,,,,,,,,,,,,,,,,,,,,,,,,,,,4.780191847199159,INFEASIBLE_TRIANGLE
G1708,60,5,10,0.2,FAR,1,,,,,,,,,,,,,,,,,,,,,,,,,,,,,,,,,,,,,,,4.780191847199159,INFEASIBLE_TRIANGLE
G1709,60,5,10,0.5,NEAR,-1,,,,,,,,,,,,,,,,,,,,,,,,,,,,,,,,,,,,,,,4.780191847199159,INFEASIBLE_TRIANGLE
G1710,60,5,10,0.5,NEAR,1,,,,,,,,,,,,,,,,,,,,,,,,,,,,,,,,,,,,,,,4.780191847199159,INFEASIBLE_TRIANGLE
G1711,60,5,10,0.5,FAR,-1,,,,,,,,,,,,,,,,,,,,,,,,,,,,,,,,,,,,,,,4.780191847199159,INFEASIBLE_TRIANGLE
G1712,60,5,10,0.5,FAR,1,,,,,,,,,,,,,,,,,,,,,,,,,,,,,,,,,,,,,,,4.780191847199159,INFEASIBLE_TRIANGLE
G1713,60,5,20,0.05,NEAR,-1,,,,,,,,,,,,,,,,,,,,,,,,,,,,,,,,,,,,,,,4.780191847199159,INFEASIBLE_TRIANGLE
G1714,60,5,20,0.05,NEAR,1,,,,,,,,,,,,,,,,,,,,,,,,,,,,,,,,,,,,,,,4.780191847199159,INFEASIBLE_TRIANGLE
G1715,60,5,20,0.05,FAR,-1,,,,,,,,,,,,,,,,,,,,,,,,,,,,,,,,,,,,,,,4.780191847199159,INFEASIBLE_TRIANGLE
G1716,60,5,20,0.05,FAR,1,,,,,,,,,,,,,,,,,,,,,,,,,,,,,,,,,,,,,,,4.780191847199159,INFEASIBLE_TRIANGLE
G1717,60,5,20,0.1,NEAR,-1,,,,,,,,,,,,,,,,,,,,,,,,,,,,,,,,,,,,,,,4.780191847199159,INFEASIBLE_TRIANGLE
G1718,60,5,20,0.1,NEAR,1,,,,,,,,,,,,,,,,,,,,,,,,,,,,,,,,,,,,,,,4.780191847199159,INFEASIBLE_TRIANGLE
G1719,60,5,20,0.1,FAR,-1,,,,,,,,,,,,,,,,,,,,,,,,,,,,,,,,,,,,,,,4.780191847199159,INFEASIBLE_TRIANGLE
G1720,60,5,20,0.1,FAR,1,,,,,,,,,,,,,,,,,,,,,,,,,,,,,,,,,,,,,,,4.780191847199159,INFEASIBLE_TRIANGLE
G1721,60,5,20,0.2,NEAR,-1,,,,,,,,,,,,,,,,,,,,,,,,,,,,,,,,,,,,,,,4.780191847199159,INFEASIBLE_TRIANGLE
G1722,60,5,20,0.2,NEAR,1,,,,,,,,,,,,,,,,,,,,,,,,,,,,,,,,,,,,,,,4.780191847199159,INFEASIBLE_TRIANGLE
G1723,60,5,20,0.2,FAR,-1,,,,,,,,,,,,,,,,,,,,,,,,,,,,,,,,,,,,,,,4.780191847199159,INFEASIBLE_TRIANGLE
G1724,60,5,20,0.2,FAR,1,,,,,,,,,,,,,,,,,,,,,,,,,,,,,,,,,,,,,,,4.780191847199159,INFEASIBLE_TRIANGLE
G1725,60,5,20,0.5,NEAR,-1,,,,,,,,,,,,,,,,,,,,,,,,,,,,,,,,,,,,,,,4.780191847199159,INFEASIBLE_TRIANGLE
G1726,60,5,20,0.5,NEAR,1,,,,,,,,,,,,,,,,,,,,,,,,,,,,,,,,,,,,,,,4.780191847199159,INFEASIBLE_TRIANGLE
G1727,60,5,20,0.5,FAR,-1,,,,,,,,,,,,,,,,,,,,,,,,,,,,,,,,,,,,,,,4.780191847199159,INFEASIBLE_TRIANGLE
G1728,60,5,20,0.5,FAR,1,,,,,,,,,,,,,,,,,,,,,,,,,,,,,,,,,,,,,,,4.780191847199159,INFEASIBLE_TRIANGLE
G1729,60,5,30,0.05,NEAR,-1,,,,,,,,,,,,,,,,,,,,,,,,,,,,,,,,,,,,,,,4.780191847199159,INFEASIBLE_TRIANGLE
G1730,60,5,30,0.05,NEAR,1,,,,,,,,,,,,,,,,,,,,,,,,,,,,,,,,,,,,,,,4.780191847199159,INFEASIBLE_TRIANGLE
G1731,60,5,30,0.05,FAR,-1,,,,,,,,,,,,,,,,,,,,,,,,,,,,,,,,,,,,,,,4.780191847199159,INFEASIBLE_TRIANGLE
G1732,60,5,30,0.05,FAR,1,,,,,,,,,,,,,,,,,,,,,,,,,,,,,,,,,,,,,,,4.780191847199159,INFEASIBLE_TRIANGLE
G1733,60,5,30,0.1,NEAR,-1,,,,,,,,,,,,,,,,,,,,,,,,,,,,,,,,,,,,,,,4.780191847199159,INFEASIBLE_TRIANGLE
G1734,60,5,30,0.1,NEAR,1,,,,,,,,,,,,,,,,,,,,,,,,,,,,,,,,,,,,,,,4.780191847199159,INFEASIBLE_TRIANGLE
G1735,60,5,30,0.1,FAR,-1,,,,,,,,,,,,,,,,,,,,,,,,,,,,,,,,,,,,,,,4.780191847199159,INFEASIBLE_TRIANGLE
G1736,60,5,30,0.1,FAR,1,,,,,,,,,,,,,,,,,,,,,,,,,,,,,,,,,,,,,,,4.780191847199159,INFEASIBLE_TRIANGLE
G1737,60,5,30,0.2,NEAR,-1,,,,,,,,,,,,,,,,,,,,,,,,,,,,,,,,,,,,,,,4.780191847199159,INFEASIBLE_TRIANGLE
G1738,60,5,30,0.2,NEAR,1,,,,,,,,,,,,,,,,,,,,,,,,,,,,,,,,,,,,,,,4.780191847199159,INFEASIBLE_TRIANGLE
G1739,60,5,30,0.2,FAR,-1,,,,,,,,,,,,,,,,,,,,,,,,,,,,,,,,,,,,,,,4.780191847199159,INFEASIBLE_TRIANGLE
G1740,60,5,30,0.2,FAR,1,,,,,,,,,,,,,,,,,,,,,,,,,,,,,,,,,,,,,,,4.780191847199159,INFEASIBLE_TRIANGLE
G1741,60,5,30,0.5,NEAR,-1,,,,,,,,,,,,,,,,,,,,,,,,,,,,,,,,,,,,,,,4.780191847199159,INFEASIBLE_TRIANGLE
G1742,60,5,30,0.5,NEAR,1,,,,,,,,,,,,,,,,,,,,,,,,,,,,,,,,,,,,,,,4.780191847199159,INFEASIBLE_TRIANGLE
G1743,60,5,30,0.5,FAR,-1,,,,,,,,,,,,,,,,,,,,,,,,,,,,,,,,,,,,,,,4.780191847199159,INFEASIBLE_TRIANGLE
G1744,60,5,30,0.5,FAR,1,,,,,,,,,,,,,,,,,,,,,,,,,,,,,,,,,,,,,,,4.780191847199159,INFEASIBLE_TRIANGLE
G1745,60,5,45,0.05,NEAR,-1,,,,,,,,,,,,,,,,,,,,,,,,,,,,,,,,,,,,,,,4.780191847199159,INFEASIBLE_TRIANGLE
G1746,60,5,45,0.05,NEAR,1,,,,,,,,,,,,,,,,,,,,,,,,,,,,,,,,,,,,,,,4.780191847199159,INFEASIBLE_TRIANGLE
G1747,60,5,45,0.05,FAR,-1,,,,,,,,,,,,,,,,,,,,,,,,,,,,,,,,,,,,,,,4.780191847199159,INFEASIBLE_TRIANGLE
G1748,60,5,45,0.05,FAR,1,,,,,,,,,,,,,,,,,,,,,,,,,,,,,,,,,,,,,,,4.780191847199159,INFEASIBLE_TRIANGLE
G1749,60,5,45,0.1,NEAR,-1,,,,,,,,,,,,,,,,,,,,,,,,,,,,,,,,,,,,,,,4.780191847199159,INFEASIBLE_TRIANGLE
G1750,60,5,45,0.1,NEAR,1,,,,,,,,,,,,,,,,,,,,,,,,,,,,,,,,,,,,,,,4.780191847199159,INFEASIBLE_TRIANGLE
G1751,60,5,45,0.1,FAR,-1,,,,,,,,,,,,,,,,,,,,,,,,,,,,,,,,,,,,,,,4.780191847199159,INFEASIBLE_TRIANGLE
G1752,60,5,45,0.1,FAR,1,,,,,,,,,,,,,,,,,,,,,,,,,,,,,,,,,,,,,,,4.780191847199159,INFEASIBLE_TRIANGLE
G1753,60,5,45,0.2,NEAR,-1,,,,,,,,,,,,,,,,,,,,,,,,,,,,,,,,,,,,,,,4.780191847199159,INFEASIBLE_TRIANGLE
G1754,60,5,45,0.2,NEAR,1,,,,,,,,,,,,,,,,,,,,,,,,,,,,,,,,,,,,,,,4.780191847199159,INFEASIBLE_TRIANGLE
G1755,60,5,45,0.2,FAR,-1,,,,,,,,,,,,,,,,,,,,,,,,,,,,,,,,,,,,,,,4.780191847199159,INFEASIBLE_TRIANGLE
G1756,60,5,45,0.2,FAR,1,,,,,,,,,,,,,,,,,,,,,,,,,,,,,,,,,,,,,,,4.780191847199159,INFEASIBLE_TRIANGLE
G1757,60,5,45,0.5,NEAR,-1,,,,,,,,,,,,,,,,,,,,,,,,,,,,,,,,,,,,,,,4.780191847199159,INFEASIBLE_TRIANGLE
G1758,60,5,45,0.5,NEAR,1,,,,,,,,,,,,,,,,,,,,,,,,,,,,,,,,,,,,,,,4.780191847199159,INFEASIBLE_TRIANGLE
G1759,60,5,45,0.5,FAR,-1,,,,,,,,,,,,,,,,,,,,,,,,,,,,,,,,,,,,,,,4.780191847199159,INFEASIBLE_TRIANGLE
G1760,60,5,45,0.5,FAR,1,,,,,,,,,,,,,,,,,,,,,,,,,,,,,,,,,,,,,,,4.780191847199159,INFEASIBLE_TRIANGLE
G1761,60,5,60,0.05,NEAR,-1,,,,,,,,,,,,,,,,,,,,,,,,,,,,,,,,,,,,,,,4.780191847199159,INFEASIBLE_TRIANGLE
G1762,60,5,60,0.05,NEAR,1,,,,,,,,,,,,,,,,,,,,,,,,,,,,,,,,,,,,,,,4.780191847199159,INFEASIBLE_TRIANGLE
G1763,60,5,60,0.05,FAR,-1,,,,,,,,,,,,,,,,,,,,,,,,,,,,,,,,,,,,,,,4.780191847199159,INFEASIBLE_TRIANGLE
G1764,60,5,60,0.05,FAR,1,,,,,,,,,,,,,,,,,,,,,,,,,,,,,,,,,,,,,,,4.780191847199159,INFEASIBLE_TRIANGLE
G1765,60,5,60,0.1,NEAR,-1,,,,,,,,,,,,,,,,,,,,,,,,,,,,,,,,,,,,,,,4.780191847199159,INFEASIBLE_TRIANGLE
G1766,60,5,60,0.1,NEAR,1,,,,,,,,,,,,,,,,,,,,,,,,,,,,,,,,,,,,,,,4.780191847199159,INFEASIBLE_TRIANGLE
G1767,60,5,60,0.1,FAR,-1,,,,,,,,,,,,,,,,,,,,,,,,,,,,,,,,,,,,,,,4.780191847199159,INFEASIBLE_TRIANGLE
G1768,60,5,60,0.1,FAR,1,,,,,,,,,,,,,,,,,,,,,,,,,,,,,,,,,,,,,,,4.780191847199159,INFEASIBLE_TRIANGLE
G1769,60,5,60,0.2,NEAR,-1,,,,,,,,,,,,,,,,,,,,,,,,,,,,,,,,,,,,,,,4.780191847199159,INFEASIBLE_TRIANGLE
G1770,60,5,60,0.2,NEAR,1,,,,,,,,,,,,,,,,,,,,,,,,,,,,,,,,,,,,,,,4.780191847199159,INFEASIBLE_TRIANGLE
G1771,60,5,60,0.2,FAR,-1,,,,,,,,,,,,,,,,,,,,,,,,,,,,,,,,,,,,,,,4.780191847199159,INFEASIBLE_TRIANGLE
G1772,60,5,60,0.2,FAR,1,,,,,,,,,,,,,,,,,,,,,,,,,,,,,,,,,,,,,,,4.780191847199159,INFEASIBLE_TRIANGLE
G1773,60,5,60,0.5,NEAR,-1,,,,,,,,,,,,,,,,,,,,,,,,,,,,,,,,,,,,,,,4.780191847199159,INFEASIBLE_TRIANGLE
G1774,60,5,60,0.5,NEAR,1,,,,,,,,,,,,,,,,,,,,,,,,,,,,,,,,,,,,,,,4.780191847199159,INFEASIBLE_TRIANGLE
G1775,60,5,60,0.5,FAR,-1,,,,,,,,,,,,,,,,,,,,,,,,,,,,,,,,,,,,,,,4.780191847199159,INFEASIBLE_TRIANGLE
G1776,60,5,60,0.5,FAR,1,,,,,,,,,,,,,,,,,,,,,,,,,,,,,,,,,,,,,,,4.780191847199159,INFEASIBLE_TRIANGLE
G1777,60,5,90,0.05,NEAR,-1,,,,,,,,,,,,,,,,,,,,,,,,,,,,,,,,,,,,,,,4.780191847199159,INFEASIBLE_TRIANGLE
G1778,60,5,90,0.05,NEAR,1,,,,,,,,,,,,,,,,,,,,,,,,,,,,,,,,,,,,,,,4.780191847199159,INFEASIBLE_TRIANGLE
G1779,60,5,90,0.05,FAR,-1,,,,,,,,,,,,,,,,,,,,,,,,,,,,,,,,,,,,,,,4.780191847199159,INFEASIBLE_TRIANGLE
G1780,60,5,90,0.05,FAR,1,,,,,,,,,,,,,,,,,,,,,,,,,,,,,,,,,,,,,,,4.780191847199159,INFEASIBLE_TRIANGLE
G1781,60,5,90,0.1,NEAR,-1,,,,,,,,,,,,,,,,,,,,,,,,,,,,,,,,,,,,,,,4.780191847199159,INFEASIBLE_TRIANGLE
G1782,60,5,90,0.1,NEAR,1,,,,,,,,,,,,,,,,,,,,,,,,,,,,,,,,,,,,,,,4.780191847199159,INFEASIBLE_TRIANGLE
G1783,60,5,90,0.1,FAR,-1,,,,,,,,,,,,,,,,,,,,,,,,,,,,,,,,,,,,,,,4.780191847199159,INFEASIBLE_TRIANGLE
G1784,60,5,90,0.1,FAR,1,,,,,,,,,,,,,,,,,,,,,,,,,,,,,,,,,,,,,,,4.780191847199159,INFEASIBLE_TRIANGLE
G1785,60,5,90,0.2,NEAR,-1,,,,,,,,,,,,,,,,,,,,,,,,,,,,,,,,,,,,,,,4.780191847199159,INFEASIBLE_TRIANGLE
G1786,60,5,90,0.2,NEAR,1,,,,,,,,,,,,,,,,,,,,,,,,,,,,,,,,,,,,,,,4.780191847199159,INFEASIBLE_TRIANGLE
G1787,60,5,90,0.2,FAR,-1,,,,,,,,,,,,,,,,,,,,,,,,,,,,,,,,,,,,,,,4.780191847199159,INFEASIBLE_TRIANGLE
G1788,60,5,90,0.2,FAR,1,,,,,,,,,,,,,,,,,,,,,,,,,,,,,,,,,,,,,,,4.780191847199159,INFEASIBLE_TRIANGLE
G1789,60,5,90,0.5,NEAR,-1,,,,,,,,,,,,,,,,,,,,,,,,,,,,,,,,,,,,,,,4.780191847199159,INFEASIBLE_TRIANGLE
G1790,60,5,90,0.5,NEAR,1,,,,,,,,,,,,,,,,,,,,,,,,,,,,,,,,,,,,,,,4.780191847199159,INFEASIBLE_TRIANGLE
G1791,60,5,90,0.5,FAR,-1,,,,,,,,,,,,,,,,,,,,,,,,,,,,,,,,,,,,,,,4.780191847199159,INFEASIBLE_TRIANGLE
G1792,60,5,90,0.5,FAR,1,,,,,,,,,,,,,,,,,,,,,,,,,,,,,,,,,,,,,,,4.780191847199159,INFEASIBLE_TRIANGLE
G1793,60,10,2,0.05,NEAR,-1,9.845428948809754,-1.7514362146360982,50.18514248403435,True,58.20692645978503,3388.046287894819,1.9552250077733873,0.05235987755982989,0.06386950994846477,20000,0.0,0.0,0.0,0.0,0.0,0.24885,0.8787,0.997,0.8741024882825529,0.8831520636085536,0.06305546573262728,0.06450976291445158,1.3066200669035695,3.1969743189398727,3.827735025143354,4.999876557623111,0.02177700111505949,0.05328290531566455,0.06379558375238924,0.08333127596038518,0.03541029054146988,0.08579285534471358,0.1025049175942847,0.13505092753816256,1.3071045824954783,3.1974213817559396,3.827996501281072,5.000117789838938,9.594068226860461,FEASIBLE
G1794,60,10,2,0.05,NEAR,1,9.845428948809754,1.7514362146360982,50.18514248403435,True,58.206926459785024,3388.046287894819,1.9552250077733873,0.05235987755982989,0.06386950994846477,20000,0.0,0.0,0.0,0.0,0.0,0.24885,0.8787,0.997,0.8741024882825529,0.8831520636085536,0.06305546573262728,0.06450976291445158,1.3066200669035695,3.1969743189398727,3.827735025143354,4.999876557623111,0.02177700111505949,0.05328290531566455,0.06379558375238924,0.08333127596038518,0.03541029054146988,0.08579285534471358,0.1025049175942847,0.13505092753816256,1.3071045824954783,3.1974213817559396,3.827996501281072,5.000117789838938,9.594068226860461,FEASIBLE
G1795,60,10,2,0.05,FAR,-1,-9.699271964399216,-2.43395221001142,69.74175675825714,True,57.940004684075774,3357.04414279078,2.2998593240162415,0.05235987755982988,0.07512735740967447,20000,0.0,0.0,0.0,0.0,0.0,0.2131,0.81265,0.99085,0.8071824568034836,0.8179974630506341,0.07364596951572047,0.07566327669089219,1.540720846363314,3.7680489574791314,4.484839634297757,5.94245900539137,0.0256786807727219,0.06280081595798552,0.07474732723829594,0.09904098342318951,0.03538897037372909,0.08581157869830067,0.10238785074857028,0.13509792834249001,1.5414229237077899,3.768445328872481,4.484842834887857,5.9429511376402,9.594068226860461,FEASIBLE
G1796,60,10,2,0.05,FAR,1,-9.699271964399216,2.43395221001142,69.74175675825714,True,57.940004684075774,3357.04414279078,2.2998593240162415,0.05235987755982988,0.07512735740967447,20000,0.0,0.0,0.0,0.0,0.0,0.2131,0.81265,0.99085,0.8071824568034836,0.8179974630506341,0.07364596951572047,0.07566327669089219,1.540720846363314,3.7680489574791314,4.484839634297757,5.94245900539137,0.0256786807727219,0.06280081595798552,0.07474732723829594,0.09904098342318951,0.03538897037372909,0.08581157869830067,0.10238785074857028,0.13509792834249001,1.5414229237077899,3.768445328872481,4.484842834887857,5.9429511376402,9.594068226860461,FEASIBLE
G1797,60,10,2,0.1,NEAR,-1,9.845428948809754,-1.7514362146360982,50.18514248403435,True,58.20692645978503,3388.046287894819,3.9104500155467745,0.10471975511965978,0.12773901989692954,20000,0.0,0.0,0.0,0.0,0.0,0.1272,0.56315,0.8763,0.5562644941190625,0.5700112517270516,0.12778578143402655,0.13153450946985928,2.6114496608780016,6.416008927591783,7.785924265585528,10.663761900124328,0.04352416101463336,0.10693348212652971,0.12976540442642548,0.17772936500207212,0.07072269288347305,0.1725240625569275,0.20603157292116173,0.2783213952029374,2.61227508979299,6.417634442932452,7.787346276759977,10.670701389471235,9.594068226860461,FEASIBLE
G1798,60,10,2,0.1,NEAR,1,9.845428948809754,1.7514362146360982,50.18514248403435,True,58.206926459785024,3388.046287894819,3.9104500155467745,0.10471975511965978,0.12773901989692954,20000,0.0,0.0,0.0,0.0,0.0,0.1272,0.56315,0.8763,0.5562644941190625,0.5700112517270516,0.12778578143402655,0.13153450946985928,2.6114496608780016,6.416008927591783,7.785924265585528,10.663761900124328,0.04352416101463336,0.10693348212652971,0.12976540442642548,0.17772936500207212,0.07072269288347305,0.1725240625569275,0.20603157292116173,0.2783213952029374,2.61227508979299,6.417634442932452,7.787346276759977,10.670701389471235,9.594068226860461,FEASIBLE
G1799,60,10,2,0.1,FAR,-1,-9.699271964399216,-2.43395221001142,69.74175675825714,True,57.940004684075774,3357.04414279078,4.599718648032483,0.10471975511965977,0.15025471481934893,20000,0.0,0.0,0.0,0.0,0.0,0.107,0.4903,0.81175,0.48337431276266557,0.4972294127368229,0.1494141271252815,0.15357728865871736,3.0741258973632952,7.564133992882084,9.0999152701864,12.544032864331129,0.05123543162272159,0.12606889988136807,0.15166525450310667,0.20906721440551881,0.07067964307149581,0.17269596695460154,0.20687737185451655,0.27985908290119244,3.0744170567224725,7.564774316069911,9.102892550526507,12.544169667716458,9.594068226860461,FEASIBLE
G1800,60,10,2,0.1,FAR,1,-9.699271964399216,2.43395221001142,69.74175675825714,True,57.940004684075774,3357.04414279078,4.599718648032483,0.10471975511965977,0.15025471481934893,20000,0.0,0.0,0.0,0.0,0.0,0.107,0.4903,0.81175,0.48337431276266557,0.4972294127368229,0.1494141271252815,0.15357728865871736,3.0741258973632952,7.564133992882084,9.0999152701864,12.544032864331129,0.05123543162272159,0.12606889988136807,0.15166525450310667,0.20906721440551881,0.07067964307149581,0.17269596695460154,0.20687737185451655,0.27985908290119244,3.0744170567224725,7.564774316069911,9.102892550526507,12.544169667716458,9.594068226860461,FEASIBLE
G1801,60,10,2,0.2,NEAR,-1,9.845428948809754,-1.7514362146360982,50.18514248403435,True,58.20692645978503,3388.046287894819,7.820900031093549,0.20943951023931956,0.2554780397938591,20000,0.0,0.0,0.0,0.0,0.0,0.06405,0.3059,0.56505,0.2995517059806147,0.31232284241636515,0.2731537640337713,0.28394964520360816,5.203289533305991,13.087985721306055,16.770820666034552,26.11269498045783,0.08672149222176652,0.21813309535510092,0.27951367776724256,0.4352115830076305,0.14145020930186467,0.35004979137012815,0.43225282516322133,0.641595976002261,5.206032278418467,13.089716705686557,16.77177691349342,26.116672574554073,9.594068226860461,FEASIBLE
G1802,60,10,2,0.2,NEAR,1,9.845428948809754,1.7514362146360982,50.18514248403435,True,58.206926459785024,3388.046287894819,7.820900031093549,0.20943951023931956,0.2554780397938591,20000,0.0,0.0,0.0,0.0,0.0,0.06405,0.3059,0.56505,0.2995517059806147,0.31232284241636515,0.2731537640337713,0.28394964520360816,5.203289533305991,13.087985721306055,16.770820666034552,26.11269498045783,0.08672149222176652,0.21813309535510092,0.27951367776724256,0.4352115830076305,0.14145020930186467,0.35004979137012815,0.43225282516322133,0.641595976002261,5.206032278418467,13.089716705686557,16.77177691349342,26.116672574554073,9.594068226860461,FEASIBLE
G1803,60,10,2,0.2,FAR,-1,-9.699271964399216,-2.43395221001142,69.74175675825714,True,57.940004684075774,3357.04414279078,9.199437296064966,0.20943951023931953,0.30050942963869787,20000,0.0,0.0,0.0,0.0,0.0,0.05425,0.26295,0.49245,0.25689469750430977,0.26909634678988953,0.32159241417836903,0.3360174781297204,6.093675382104266,15.332638478046176,19.705866393713563,30.756668793575642,0.10156125636840443,0.25554397463410294,0.3284311065618927,0.512611146559594,0.1414363859640694,0.3524158645028618,0.4369430462997015,0.6525667928690111,6.095764237778765,15.333738486128219,19.7079318927836,30.75960870842675,9.594068226860461,FEASIBLE
G1804,60,10,2,0.2,FAR,1,-9.699271964399216,2.43395221001142,69.74175675825714,True,57.940004684075774,3357.04414279078,9.199437296064966,0.20943951023931953,0.30050942963869787,20000,0.0,0.0,0.0,0.0,0.0,0.05425,0.26295,0.49245,0.25689469750430977,0.26909634678988953,0.32159241417836903,0.3360174781297204,6.093675382104266,15.332638478046176,19.705866393713563,30.756668793575642,0.10156125636840443,0.25554397463410294,0.3284311065618927,0.512611146559594,0.1414363859640694,0.3524158645028618,0.4369430462997015,0.6525667928690111,6.095764237778765,15.333738486128219,19.7079318927836,30.75960870842675,9.594068226860461,FEASIBLE
G1805,60,10,2,0.5,NEAR,-1,9.845428948809754,-1.7514362146360982,50.18514248403435,True,58.20692645978503,3388.046287894735,19.552250077733873,0.5235987755982989,0.6386950994846478,20000,0.00215,0.00215,0.0,0.0013,0.0,0.0244,0.1269,0.25215,0.12235840301679636,0.1315848942882689,1.2149389450057404,1.314582073626282,12.493822146112159,45.36216675215691,75.69814696049073,219.33549539800094,0.20823036910186932,0.7560361125359485,1.2616357826748454,3.6555915899666824,0.35305624156352655,1.064108438581291,1.6433554105617905,4.584546981036174,12.500895892184328,45.36966462216757,75.70022758247963,219.34509643471577,9.594068226860461,FEASIBLE
G1806,60,10,2,0.5,NEAR,1,9.845428948809754,1.7514362146360982,50.18514248403435,True,58.206926459785024,3388.046287894735,19.552250077733873,0.5235987755982989,0.6386950994846478,20000,0.00215,0.00215,0.0,0.0013,0.0,0.0244,0.1269,0.25215,0.12235840301679636,0.1315848942882689,1.2149389450057404,1.314582073626282,12.493822146112159,45.36216675215691,75.69814696049073,219.33549539800094,0.20823036910186932,0.7560361125359485,1.2616357826748454,3.6555915899666824,0.35305624156352655,1.064108438581291,1.6433554105617905,4.584546981036174,12.500895892184328,45.36966462216757,75.70022758247963,219.34509643471577,9.594068226860461,FEASIBLE
G1807,60,10,2,0.5,FAR,-1,-9.699271964399216,-2.43395221001142,69.74175675825714,True,57.940004684075774,3357.0441427906844,22.998593240162414,0.5235987755982988,0.7512735740967447,20000,0.00215,0.00215,0.0,0.0013,0.0,0.0215,0.1073,0.215,0.10308586840282971,0.11166495671563487,1.4214201168947491,1.554836558230728,14.725086853651618,53.28351676355226,89.06374463788649,261.6025438065363,0.24541811422752696,0.8880586127258709,1.4843957439647748,4.360042396775605,0.3495772436389197,1.098878608883436,1.7212205770285973,4.892351037268837,14.731071041274783,53.290921769247625,89.06536496771356,261.6143348546577,9.594068226860461,FEASIBLE
G1808,60,10,2,0.5,FAR,1,-9.699271964399216,2.43395221001142,69.74175675825714,True,57.940004684075774,3357.0441427906844,22.998593240162414,0.5235987755982988,0.7512735740967447,20000,0.00215,0.00215,0.0,0.0013,0.0,0.0215,0.1073,0.215,0.10308586840282971,0.11166495671563487,1.4214201168947491,1.554836558230728,14.725086853651618,53.28351676355226,89.06374463788649,261.6025438065363,0.24541811422752696,0.8880586127258709,1.4843957439647748,4.360042396775605,0.3495772436389197,1.098878608883436,1.7212205770285973,4.892351037268837,14.731071041274783,53.290921769247625,89.06536496771356,261.6143348546577,9.594068226860461,FEASIBLE
G1809,60,10,5,0.05,NEAR,-1,8.947061009802646,-4.466553401322902,51.24795292325033,True,23.19012659607389,537.781971541942,0.7883379145814877,0.05235987755982987,0.025751898670452154,20000,0.0,0.0,0.0,0.0,0.0,0.5592,0.9999,1.0,0.9996354263863794,0.9999725759647273,0.025251634870582743,0.025909254460198382,0.5266317866582924,1.2871760206251395,1.5343565196243603,1.9869780712695404,0.008777196444304873,0.02145293367708566,0.025572608660406004,0.03311630118782567,0.0354057836426242,0.08538245981656989,0.10243117322808888,0.13360045961985456,0.5279195559126466,1.289175407266413,1.5364577771518244,1.9890923739308042,9.594068226860461,FEASIBLE
G1810,60,10,5,0.05,NEAR,1,8.947061009802646,4.466553401322902,51.24795292325033,True,23.19012659607389,537.781971541942,0.7883379145814877,0.05235987755982987,0.025751898670452154,20000,0.0,0.0,0.0,0.0,0.0,0.5592,0.9999,1.0,0.9996354263863794,0.9999725759647273,0.025251634870582743,0.025909254460198382,0.5266317866582924,1.2871760206251395,1.5343565196243603,1.9869780712695404,0.008777196444304873,0.02145293367708566,0.025572608660406004,0.03311630118782567,0.0354057836426242,0.08538245981656989,0.10243117322808888,0.13360045961985456,0.5279195559126466,1.289175407266413,1.5364577771518244,1.9890923739308042,9.594068226860461,FEASIBLE
G1811,60,10,5,0.05,FAR,-1,-8.035526190535137,-5.952337258692919,68.29541084775914,True,23.096810639823698,533.4626617318731,0.9087275840623575,0.05235987755982989,0.029684555608671923,20000,0.0,0.0,0.0,0.0,0.0,0.49425,0.9991,1.0,0.9985777005831638,0.9994306090256326,0.029072527207084895,0.029796962992649747,0.6074608846373337,1.4816531671463693,1.7650709928626824,2.2915378024030986,0.010124348077288896,0.02469421945243949,0.02941784988104471,0.03819229670671831,0.035400963824115714,0.08534136828921852,0.10252504111611374,0.13352929172872902,0.6093793991864813,1.4834878882550737,1.767321512767234,2.29451304795674,9.594068226860461,FEASIBLE
G1812,60,10,5,0.05,FAR,1,-8.035526190535137,5.952337258692919,68.29541084775914,True,23.09681063982369,533.4626617318731,0.9087275840623575,0.05235987755982989,0.029684555608671923,20000,0.0,0.0,0.0,0.0,0.0,0.49425,0.9991,1.0,0.9985777005831638,0.9994306090256326,0.029072527207084895,0.029796962992649747,0.6074608846373337,1.4816531671463693,1.7650709928626824,2.2915378024030986,0.010124348077288896,0.02469421945243949,0.02941784988104471,0.03819229670671831,0.035400963824115714,0.08534136828921852,0.10252504111611374,0.13352929172872902,0.6093793991864813,1.4834878882550737,1.767321512767234,2.29451304795674,9.594068226860461,FEASIBLE
G1813,60,10,5,0.1,NEAR,-1,8.947061009802646,-4.466553401322902,51.24795292325033,True,23.19012659607389,537.781971541942,1.5766758291629754,0.10471975511965974,0.05150379734090431,20000,0.0,0.0,0.0,0.0,0.0,0.3028,0.9431,0.9997,0.9398036233729674,0.9462261942741128,0.050730108311522075,0.052050271596662395,1.0535876507960182,2.5742618820939285,3.085174266325879,4.007124664847936,0.017559794179933638,0.04290436470156547,0.051419571105431314,0.06678541108079893,0.07081344218937757,0.17138217840826578,0.20462810816369215,0.26915172258297954,1.0575537785678322,2.577518589872887,3.0884531415851573,4.013766114983076,9.594068226860461,FEASIBLE
G1814,60,10,5,0.1,NEAR,1,8.947061009802646,4.466553401322902,51.24795292325033,True,23.19012659607389,537.781971541942,1.5766758291629754,0.10471975511965974,0.05150379734090431,20000,0.0,0.0,0.0,0.0,0.0,0.3028,0.9431,0.9997,0.9398036233729674,0.9462261942741128,0.050730108311522075,0.052050271596662395,1.0535876507960182,2.5742618820939285,3.085174266325879,4.007124664847936,0.017559794179933638,0.04290436470156547,0.051419571105431314,0.06678541108079893,0.07081344218937757,0.17138217840826578,0.20462810816369215,0.26915172258297954,1.0575537785678322,2.577518589872887,3.0884531415851573,4.013766114983076,9.594068226860461,FEASIBLE
G1815,60,10,5,0.1,FAR,-1,-8.035526190535137,-5.952337258692919,68.29541084775914,True,23.096810639823698,533.4626617318731,1.817455168124715,0.10471975511965978,0.059369111217343846,20000,0.0,0.0,0.0,0.0,0.0,0.2654,0.90295,0.9989,0.8987696498327783,0.906975588309607,0.0582341678019219,0.0596307383582148,1.216744768789546,2.9741992118680542,3.5384151858485993,4.656223287557523,0.020279079479825768,0.04956998686446757,0.058973586430809986,0.07760372145929205,0.07080813622122697,0.17131806880733313,0.20458454008502336,0.2687771540547712,1.219300555291328,2.9780492158426783,3.541764199160213,4.660864639075199,9.594068226860461,FEASIBLE
G1816,60,10,5,0.1,FAR,1,-8.035526190535137,5.952337258692919,68.29541084775914,True,23.09681063982369,533.4626617318731,1.817455168124715,0.10471975511965978,0.059369111217343846,20000,0.0,0.0,0.0,0.0,0.0,0.2654,0.90295,0.9989,0.8987696498327783,0.906975588309607,0.0582341678019219,0.0596307383582148,1.216744768789546,2.9741992118680542,3.5384151858485993,4.656223287557523,0.020279079479825768,0.04956998686446757,0.058973586430809986,0.07760372145929205,0.07080813622122697,0.17131806880733313,0.20458454008502336,0.2687771540547712,1.219300555291328,2.9780492158426783,3.541764199160213,4.660864639075199,9.594068226860461,FEASIBLE
G1817,60,10,5,0.2,NEAR,-1,8.947061009802646,-4.466553401322902,51.24795292325033,True,23.19012659607389,537.781971541942,3.153351658325951,0.20943951023931948,0.10300759468180862,20000,0.0,0.0,0.0,0.0,0.0,0.15655,0.667,0.9418,0.6604369002785201,0.673498959678741,0.10219449261697472,0.10510202740206083,2.1079427034701723,5.163197755550669,6.212602199662562,8.370842934832453,0.03513237839116954,0.08605329592584449,0.10354336999437604,0.13951404891387423,0.14158415831193102,0.3445328382464862,0.4109595337270763,0.5497754059666,2.1153323890464004,5.176494543353538,6.228005909557538,8.37331942414315,9.594068226860461,FEASIBLE
G1818,60,10,5,0.2,NEAR,1,8.947061009802646,4.466553401322902,51.24795292325033,True,23.19012659607389,537.781971541942,3.153351658325951,0.20943951023931948,0.10300759468180862,20000,0.0,0.0,0.0,0.0,0.0,0.15655,0.667,0.9418,0.6604369002785201,0.673498959678741,0.10219449261697472,0.10510202740206083,2.1079427034701723,5.163197755550669,6.212602199662562,8.370842934832453,0.03513237839116954,0.08605329592584449,0.10354336999437604,0.13951404891387423,0.14158415831193102,0.3445328382464862,0.4109595337270763,0.5497754059666,2.1153323890464004,5.176494543353538,6.228005909557538,8.37331942414315,9.594068226860461,FEASIBLE
G1819,60,10,5,0.2,FAR,-1,-8.035526190535137,-5.952337258692919,68.29541084775914,True,23.096810639823698,533.4626617318731,3.63491033624943,0.20943951023931956,0.11873822243468769,20000,0.0,0.0,0.0,0.0,0.0,0.1339,0.5959,0.9022,0.589081345947586,0.6026818215368531,0.11716062480578202,0.12039209703660086,2.4322366163439426,5.963494310917525,7.1251411195327705,9.649116312430507,0.04053727693906571,0.09939157184862542,0.11875235199221285,0.1608186052071751,0.14149249215401827,0.3449329352923863,0.41100988727839827,0.550231341479463,2.43650552666608,5.965757820305367,7.131398196865966,9.652625404836797,9.594068226860461,FEASIBLE
G1820,60,10,5,0.2,FAR,1,-8.035526190535137,5.952337258692919,68.29541084775914,True,23.09681063982369,533.4626617318731,3.63491033624943,0.20943951023931956,0.11873822243468769,20000,0.0,0.0,0.0,0.0,0.0,0.1339,0.5959,0.9022,0.589081345947586,0.6026818215368531,0.11716062480578202,0.12039209703660086,2.4322366163439426,5.963494310917525,7.1251411195327705,9.649116312430507,0.04053727693906571,0.09939157184862542,0.11875235199221285,0.1608186052071751,0.14149249215401827,0.3449329352923863,0.41100988727839827,0.550231341479463,2.43650552666608,5.965757820305367,7.131398196865966,9.652625404836797,9.594068226860461,FEASIBLE
G1821,60,10,5,0.5,NEAR,-1,8.947061009802646,-4.466553401322902,51.24795292325033,True,23.19012659607389,537.781971541936,7.883379145814878,0.5235987755982988,0.2575189867045216,20000,0.0,0.0,0.0,0.0,0.0,0.0634,0.3025,0.56165,0.2961724070261286,0.30890344721603274,0.2760599273217968,0.2871626344643943,5.24526561284145,13.192354315119758,16.899786447565447,26.314027308312276,0.08742109354735751,0.21987257191866263,0.28166310745942413,0.43856712180520463,0.35382870609134015,0.8756675876814661,1.080138747035597,1.6031002043708145,5.26393188715158,13.212808497971803,16.925560264548057,26.35806091620939,9.594068226860461,FEASIBLE
G1822,60,10,5,0.5,NEAR,1,8.947061009802646,4.466553401322902,51.24795292325033,True,23.19012659607389,537.781971541936,7.883379145814878,0.5235987755982988,0.2575189867045216,20000,0.0,0.0,0.0,0.0,0.0,0.0634,0.3025,0.56165,0.2961724070261286,0.30890344721603274,0.2760599273217968,0.2871626344643943,5.24526561284145,13.192354315119758,16.899786447565447,26.314027308312276,0.08742109354735751,0.21987257191866263,0.28166310745942413,0.43856712180520463,0.35382870609134015,0.8756675876814661,1.080138747035597,1.6031002043708145,5.26393188715158,13.212808497971803,16.925560264548057,26.35806091620939,9.594068226860461,FEASIBLE
G1823,60,10,5,0.5,FAR,-1,-8.035526190535137,-5.952337258692919,68.29541084775914,True,23.096810639823698,533.4626617318721,9.087275840623574,0.5235987755982988,0.29684555608671914,20000,0.0,0.0,0.0,0.0,0.0,0.0548,0.2656,0.49875,0.2595245611395387,0.27176546536356316,0.317638633300141,0.33189544624896,6.0171028457626505,15.15037514237365,19.444853655982214,30.380192706121946,0.10028504742937751,0.25250625237289415,0.32408089426637027,0.5063365451020324,0.3536779099911647,0.8805468764928571,1.09038717697061,1.6311848639261355,6.034801207462367,15.158815893735522,19.47253217694569,30.397801032816904,9.594068226860461,FEASIBLE
G1824,60,10,5,0.5,FAR,1,-8.035526190535137,5.952337258692919,68.29541084775914,True,23.09681063982369,533.4626617318721,9.087275840623574,0.5235987755982988,0.29684555608671914,20000,0.0,0.0,0.0,0.0,0.0,0.0548,0.2656,0.49875,0.2595245611395387,0.27176546536356316,0.317638633300141,0.33189544624896,6.0171028457626505,15.15037514237365,19.444853655982214,30.380192706121946,0.10028504742937751,0.25250625237289415,0.32408089426637027,0.5063365451020324,0.3536779099911647,0.8805468764928571,1.09038717697061,1.6311848639261355,6.034801207462367,15.158815893735522,19.47253217694569,30.397801032816904,9.594068226860461,FEASIBLE
G1825,60,10,10,0.05,NEAR,-1,,,,,,,,,,,,,,,,,,,,,,,,,,,,,,,,,,,,,,,9.594068226860461,INFEASIBLE_TRIANGLE
G1826,60,10,10,0.05,NEAR,1,,,,,,,,,,,,,,,,,,,,,,,,,,,,,,,,,,,,,,,9.594068226860461,INFEASIBLE_TRIANGLE
G1827,60,10,10,0.05,FAR,-1,,,,,,,,,,,,,,,,,,,,,,,,,,,,,,,,,,,,,,,9.594068226860461,INFEASIBLE_TRIANGLE
G1828,60,10,10,0.05,FAR,1,,,,,,,,,,,,,,,,,,,,,,,,,,,,,,,,,,,,,,,9.594068226860461,INFEASIBLE_TRIANGLE
G1829,60,10,10,0.1,NEAR,-1,,,,,,,,,,,,,,,,,,,,,,,,,,,,,,,,,,,,,,,9.594068226860461,INFEASIBLE_TRIANGLE
G1830,60,10,10,0.1,NEAR,1,,,,,,,,,,,,,,,,,,,,,,,,,,,,,,,,,,,,,,,9.594068226860461,INFEASIBLE_TRIANGLE
G1831,60,10,10,0.1,FAR,-1,,,,,,,,,,,,,,,,,,,,,,,,,,,,,,,,,,,,,,,9.594068226860461,INFEASIBLE_TRIANGLE
G1832,60,10,10,0.1,FAR,1,,,,,,,,,,,,,,,,,,,,,,,,,,,,,,,,,,,,,,,9.594068226860461,INFEASIBLE_TRIANGLE
G1833,60,10,10,0.2,NEAR,-1,,,,,,,,,,,,,,,,,,,,,,,,,,,,,,,,,,,,,,,9.594068226860461,INFEASIBLE_TRIANGLE
G1834,60,10,10,0.2,NEAR,1,,,,,,,,,,,,,,,,,,,,,,,,,,,,,,,,,,,,,,,9.594068226860461,INFEASIBLE_TRIANGLE
G1835,60,10,10,0.2,FAR,-1,,,,,,,,,,,,,,,,,,,,,,,,,,,,,,,,,,,,,,,9.594068226860461,INFEASIBLE_TRIANGLE
G1836,60,10,10,0.2,FAR,1,,,,,,,,,,,,,,,,,,,,,,,,,,,,,,,,,,,,,,,9.594068226860461,INFEASIBLE_TRIANGLE
G1837,60,10,10,0.5,NEAR,-1,,,,,,,,,,,,,,,,,,,,,,,,,,,,,,,,,,,,,,,9.594068226860461,INFEASIBLE_TRIANGLE
G1838,60,10,10,0.5,NEAR,1,,,,,,,,,,,,,,,,,,,,,,,,,,,,,,,,,,,,,,,9.594068226860461,INFEASIBLE_TRIANGLE
G1839,60,10,10,0.5,FAR,-1,,,,,,,,,,,,,,,,,,,,,,,,,,,,,,,,,,,,,,,9.594068226860461,INFEASIBLE_TRIANGLE
G1840,60,10,10,0.5,FAR,1,,,,,,,,,,,,,,,,,,,,,,,,,,,,,,,,,,,,,,,9.594068226860461,INFEASIBLE_TRIANGLE
G1841,60,10,20,0.05,NEAR,-1,,,,,,,,,,,,,,,,,,,,,,,,,,,,,,,,,,,,,,,9.594068226860461,INFEASIBLE_TRIANGLE
G1842,60,10,20,0.05,NEAR,1,,,,,,,,,,,,,,,,,,,,,,,,,,,,,,,,,,,,,,,9.594068226860461,INFEASIBLE_TRIANGLE
G1843,60,10,20,0.05,FAR,-1,,,,,,,,,,,,,,,,,,,,,,,,,,,,,,,,,,,,,,,9.594068226860461,INFEASIBLE_TRIANGLE
G1844,60,10,20,0.05,FAR,1,,,,,,,,,,,,,,,,,,,,,,,,,,,,,,,,,,,,,,,9.594068226860461,INFEASIBLE_TRIANGLE
G1845,60,10,20,0.1,NEAR,-1,,,,,,,,,,,,,,,,,,,,,,,,,,,,,,,,,,,,,,,9.594068226860461,INFEASIBLE_TRIANGLE
G1846,60,10,20,0.1,NEAR,1,,,,,,,,,,,,,,,,,,,,,,,,,,,,,,,,,,,,,,,9.594068226860461,INFEASIBLE_TRIANGLE
G1847,60,10,20,0.1,FAR,-1,,,,,,,,,,,,,,,,,,,,,,,,,,,,,,,,,,,,,,,9.594068226860461,INFEASIBLE_TRIANGLE
G1848,60,10,20,0.1,FAR,1,,,,,,,,,,,,,,,,,,,,,,,,,,,,,,,,,,,,,,,9.594068226860461,INFEASIBLE_TRIANGLE
G1849,60,10,20,0.2,NEAR,-1,,,,,,,,,,,,,,,,,,,,,,,,,,,,,,,,,,,,,,,9.594068226860461,INFEASIBLE_TRIANGLE
G1850,60,10,20,0.2,NEAR,1,,,,,,,,,,,,,,,,,,,,,,,,,,,,,,,,,,,,,,,9.594068226860461,INFEASIBLE_TRIANGLE
G1851,60,10,20,0.2,FAR,-1,,,,,,,,,,,,,,,,,,,,,,,,,,,,,,,,,,,,,,,9.594068226860461,INFEASIBLE_TRIANGLE
G1852,60,10,20,0.2,FAR,1,,,,,,,,,,,,,,,,,,,,,,,,,,,,,,,,,,,,,,,9.594068226860461,INFEASIBLE_TRIANGLE
G1853,60,10,20,0.5,NEAR,-1,,,,,,,,,,,,,,,,,,,,,,,,,,,,,,,,,,,,,,,9.594068226860461,INFEASIBLE_TRIANGLE
G1854,60,10,20,0.5,NEAR,1,,,,,,,,,,,,,,,,,,,,,,,,,,,,,,,,,,,,,,,9.594068226860461,INFEASIBLE_TRIANGLE
G1855,60,10,20,0.5,FAR,-1,,,,,,,,,,,,,,,,,,,,,,,,,,,,,,,,,,,,,,,9.594068226860461,INFEASIBLE_TRIANGLE
G1856,60,10,20,0.5,FAR,1,,,,,,,,,,,,,,,,,,,,,,,,,,,,,,,,,,,,,,,9.594068226860461,INFEASIBLE_TRIANGLE
G1857,60,10,30,0.05,NEAR,-1,,,,,,,,,,,,,,,,,,,,,,,,,,,,,,,,,,,,,,,9.594068226860461,INFEASIBLE_TRIANGLE
G1858,60,10,30,0.05,NEAR,1,,,,,,,,,,,,,,,,,,,,,,,,,,,,,,,,,,,,,,,9.594068226860461,INFEASIBLE_TRIANGLE
G1859,60,10,30,0.05,FAR,-1,,,,,,,,,,,,,,,,,,,,,,,,,,,,,,,,,,,,,,,9.594068226860461,INFEASIBLE_TRIANGLE
G1860,60,10,30,0.05,FAR,1,,,,,,,,,,,,,,,,,,,,,,,,,,,,,,,,,,,,,,,9.594068226860461,INFEASIBLE_TRIANGLE
G1861,60,10,30,0.1,NEAR,-1,,,,,,,,,,,,,,,,,,,,,,,,,,,,,,,,,,,,,,,9.594068226860461,INFEASIBLE_TRIANGLE
G1862,60,10,30,0.1,NEAR,1,,,,,,,,,,,,,,,,,,,,,,,,,,,,,,,,,,,,,,,9.594068226860461,INFEASIBLE_TRIANGLE
G1863,60,10,30,0.1,FAR,-1,,,,,,,,,,,,,,,,,,,,,,,,,,,,,,,,,,,,,,,9.594068226860461,INFEASIBLE_TRIANGLE
G1864,60,10,30,0.1,FAR,1,,,,,,,,,,,,,,,,,,,,,,,,,,,,,,,,,,,,,,,9.594068226860461,INFEASIBLE_TRIANGLE
G1865,60,10,30,0.2,NEAR,-1,,,,,,,,,,,,,,,,,,,,,,,,,,,,,,,,,,,,,,,9.594068226860461,INFEASIBLE_TRIANGLE
G1866,60,10,30,0.2,NEAR,1,,,,,,,,,,,,,,,,,,,,,,,,,,,,,,,,,,,,,,,9.594068226860461,INFEASIBLE_TRIANGLE
G1867,60,10,30,0.2,FAR,-1,,,,,,,,,,,,,,,,,,,,,,,,,,,,,,,,,,,,,,,9.594068226860461,INFEASIBLE_TRIANGLE
G1868,60,10,30,0.2,FAR,1,,,,,,,,,,,,,,,,,,,,,,,,,,,,,,,,,,,,,,,9.594068226860461,INFEASIBLE_TRIANGLE
G1869,60,10,30,0.5,NEAR,-1,,,,,,,,,,,,,,,,,,,,,,,,,,,,,,,,,,,,,,,9.594068226860461,INFEASIBLE_TRIANGLE
G1870,60,10,30,0.5,NEAR,1,,,,,,,,,,,,,,,,,,,,,,,,,,,,,,,,,,,,,,,9.594068226860461,INFEASIBLE_TRIANGLE
G1871,60,10,30,0.5,FAR,-1,,,,,,,,,,,,,,,,,,,,,,,,,,,,,,,,,,,,,,,9.594068226860461,INFEASIBLE_TRIANGLE
G1872,60,10,30,0.5,FAR,1,,,,,,,,,,,,,,,,,,,,,,,,,,,,,,,,,,,,,,,9.594068226860461,INFEASIBLE_TRIANGLE
G1873,60,10,45,0.05,NEAR,-1,,,,,,,,,,,,,,,,,,,,,,,,,,,,,,,,,,,,,,,9.594068226860461,INFEASIBLE_TRIANGLE
G1874,60,10,45,0.05,NEAR,1,,,,,,,,,,,,,,,,,,,,,,,,,,,,,,,,,,,,,,,9.594068226860461,INFEASIBLE_TRIANGLE
G1875,60,10,45,0.05,FAR,-1,,,,,,,,,,,,,,,,,,,,,,,,,,,,,,,,,,,,,,,9.594068226860461,INFEASIBLE_TRIANGLE
G1876,60,10,45,0.05,FAR,1,,,,,,,,,,,,,,,,,,,,,,,,,,,,,,,,,,,,,,,9.594068226860461,INFEASIBLE_TRIANGLE
G1877,60,10,45,0.1,NEAR,-1,,,,,,,,,,,,,,,,,,,,,,,,,,,,,,,,,,,,,,,9.594068226860461,INFEASIBLE_TRIANGLE
G1878,60,10,45,0.1,NEAR,1,,,,,,,,,,,,,,,,,,,,,,,,,,,,,,,,,,,,,,,9.594068226860461,INFEASIBLE_TRIANGLE
G1879,60,10,45,0.1,FAR,-1,,,,,,,,,,,,,,,,,,,,,,,,,,,,,,,,,,,,,,,9.594068226860461,INFEASIBLE_TRIANGLE
G1880,60,10,45,0.1,FAR,1,,,,,,,,,,,,,,,,,,,,,,,,,,,,,,,,,,,,,,,9.594068226860461,INFEASIBLE_TRIANGLE
G1881,60,10,45,0.2,NEAR,-1,,,,,,,,,,,,,,,,,,,,,,,,,,,,,,,,,,,,,,,9.594068226860461,INFEASIBLE_TRIANGLE
G1882,60,10,45,0.2,NEAR,1,,,,,,,,,,,,,,,,,,,,,,,,,,,,,,,,,,,,,,,9.594068226860461,INFEASIBLE_TRIANGLE
G1883,60,10,45,0.2,FAR,-1,,,,,,,,,,,,,,,,,,,,,,,,,,,,,,,,,,,,,,,9.594068226860461,INFEASIBLE_TRIANGLE
G1884,60,10,45,0.2,FAR,1,,,,,,,,,,,,,,,,,,,,,,,,,,,,,,,,,,,,,,,9.594068226860461,INFEASIBLE_TRIANGLE
G1885,60,10,45,0.5,NEAR,-1,,,,,,,,,,,,,,,,,,,,,,,,,,,,,,,,,,,,,,,9.594068226860461,INFEASIBLE_TRIANGLE
G1886,60,10,45,0.5,NEAR,1,,,,,,,,,,,,,,,,,,,,,,,,,,,,,,,,,,,,,,,9.594068226860461,INFEASIBLE_TRIANGLE
G1887,60,10,45,0.5,FAR,-1,,,,,,,,,,,,,,,,,,,,,,,,,,,,,,,,,,,,,,,9.594068226860461,INFEASIBLE_TRIANGLE
G1888,60,10,45,0.5,FAR,1,,,,,,,,,,,,,,,,,,,,,,,,,,,,,,,,,,,,,,,9.594068226860461,INFEASIBLE_TRIANGLE
G1889,60,10,60,0.05,NEAR,-1,,,,,,,,,,,,,,,,,,,,,,,,,,,,,,,,,,,,,,,9.594068226860461,INFEASIBLE_TRIANGLE
G1890,60,10,60,0.05,NEAR,1,,,,,,,,,,,,,,,,,,,,,,,,,,,,,,,,,,,,,,,9.594068226860461,INFEASIBLE_TRIANGLE
G1891,60,10,60,0.05,FAR,-1,,,,,,,,,,,,,,,,,,,,,,,,,,,,,,,,,,,,,,,9.594068226860461,INFEASIBLE_TRIANGLE
G1892,60,10,60,0.05,FAR,1,,,,,,,,,,,,,,,,,,,,,,,,,,,,,,,,,,,,,,,9.594068226860461,INFEASIBLE_TRIANGLE
G1893,60,10,60,0.1,NEAR,-1,,,,,,,,,,,,,,,,,,,,,,,,,,,,,,,,,,,,,,,9.594068226860461,INFEASIBLE_TRIANGLE
G1894,60,10,60,0.1,NEAR,1,,,,,,,,,,,,,,,,,,,,,,,,,,,,,,,,,,,,,,,9.594068226860461,INFEASIBLE_TRIANGLE
G1895,60,10,60,0.1,FAR,-1,,,,,,,,,,,,,,,,,,,,,,,,,,,,,,,,,,,,,,,9.594068226860461,INFEASIBLE_TRIANGLE
G1896,60,10,60,0.1,FAR,1,,,,,,,,,,,,,,,,,,,,,,,,,,,,,,,,,,,,,,,9.594068226860461,INFEASIBLE_TRIANGLE
G1897,60,10,60,0.2,NEAR,-1,,,,,,,,,,,,,,,,,,,,,,,,,,,,,,,,,,,,,,,9.594068226860461,INFEASIBLE_TRIANGLE
G1898,60,10,60,0.2,NEAR,1,,,,,,,,,,,,,,,,,,,,,,,,,,,,,,,,,,,,,,,9.594068226860461,INFEASIBLE_TRIANGLE
G1899,60,10,60,0.2,FAR,-1,,,,,,,,,,,,,,,,,,,,,,,,,,,,,,,,,,,,,,,9.594068226860461,INFEASIBLE_TRIANGLE
G1900,60,10,60,0.2,FAR,1,,,,,,,,,,,,,,,,,,,,,,,,,,,,,,,,,,,,,,,9.594068226860461,INFEASIBLE_TRIANGLE
G1901,60,10,60,0.5,NEAR,-1,,,,,,,,,,,,,,,,,,,,,,,,,,,,,,,,,,,,,,,9.594068226860461,INFEASIBLE_TRIANGLE
G1902,60,10,60,0.5,NEAR,1,,,,,,,,,,,,,,,,,,,,,,,,,,,,,,,,,,,,,,,9.594068226860461,INFEASIBLE_TRIANGLE
G1903,60,10,60,0.5,FAR,-1,,,,,,,,,,,,,,,,,,,,,,,,,,,,,,,,,,,,,,,9.594068226860461,INFEASIBLE_TRIANGLE
G1904,60,10,60,0.5,FAR,1,,,,,,,,,,,,,,,,,,,,,,,,,,,,,,,,,,,,,,,9.594068226860461,INFEASIBLE_TRIANGLE
G1905,60,10,90,0.05,NEAR,-1,,,,,,,,,,,,,,,,,,,,,,,,,,,,,,,,,,,,,,,9.594068226860461,INFEASIBLE_TRIANGLE
G1906,60,10,90,0.05,NEAR,1,,,,,,,,,,,,,,,,,,,,,,,,,,,,,,,,,,,,,,,9.594068226860461,INFEASIBLE_TRIANGLE
G1907,60,10,90,0.05,FAR,-1,,,,,,,,,,,,,,,,,,,,,,,,,,,,,,,,,,,,,,,9.594068226860461,INFEASIBLE_TRIANGLE
G1908,60,10,90,0.05,FAR,1,,,,,,,,,,,,,,,,,,,,,,,,,,,,,,,,,,,,,,,9.594068226860461,INFEASIBLE_TRIANGLE
G1909,60,10,90,0.1,NEAR,-1,,,,,,,,,,,,,,,,,,,,,,,,,,,,,,,,,,,,,,,9.594068226860461,INFEASIBLE_TRIANGLE
G1910,60,10,90,0.1,NEAR,1,,,,,,,,,,,,,,,,,,,,,,,,,,,,,,,,,,,,,,,9.594068226860461,INFEASIBLE_TRIANGLE
G1911,60,10,90,0.1,FAR,-1,,,,,,,,,,,,,,,,,,,,,,,,,,,,,,,,,,,,,,,9.594068226860461,INFEASIBLE_TRIANGLE
G1912,60,10,90,0.1,FAR,1,,,,,,,,,,,,,,,,,,,,,,,,,,,,,,,,,,,,,,,9.594068226860461,INFEASIBLE_TRIANGLE
G1913,60,10,90,0.2,NEAR,-1,,,,,,,,,,,,,,,,,,,,,,,,,,,,,,,,,,,,,,,9.594068226860461,INFEASIBLE_TRIANGLE
G1914,60,10,90,0.2,NEAR,1,,,,,,,,,,,,,,,,,,,,,,,,,,,,,,,,,,,,,,,9.594068226860461,INFEASIBLE_TRIANGLE
G1915,60,10,90,0.2,FAR,-1,,,,,,,,,,,,,,,,,,,,,,,,,,,,,,,,,,,,,,,9.594068226860461,INFEASIBLE_TRIANGLE
G1916,60,10,90,0.2,FAR,1,,,,,,,,,,,,,,,,,,,,,,,,,,,,,,,,,,,,,,,9.594068226860461,INFEASIBLE_TRIANGLE
G1917,60,10,90,0.5,NEAR,-1,,,,,,,,,,,,,,,,,,,,,,,,,,,,,,,,,,,,,,,9.594068226860461,INFEASIBLE_TRIANGLE
G1918,60,10,90,0.5,NEAR,1,,,,,,,,,,,,,,,,,,,,,,,,,,,,,,,,,,,,,,,9.594068226860461,INFEASIBLE_TRIANGLE
G1919,60,10,90,0.5,FAR,-1,,,,,,,,,,,,,,,,,,,,,,,,,,,,,,,,,,,,,,,9.594068226860461,INFEASIBLE_TRIANGLE
G1920,60,10,90,0.5,FAR,1,,,,,,,,,,,,,,,,,,,,,,,,,,,,,,,,,,,,,,,9.594068226860461,INFEASIBLE_TRIANGLE
