cell_id,anchor,family,lambda_value,sign_common,sign_diff,sign_beta,b_common_deg,b_diff_deg,sigma_pos_m,beta_deg,range_km,side,baseline_km,sigma_random_deg,true_aux_x_km,true_aux_y_km,crossing_angle_deg,n_trials,execution_valid,failure_rate,behind_sensor_rate,parallel_rate,nonfinite_rate,ill_conditioned_rate,relative_range_median,relative_range_p90,relative_range_p95,relative_range_p99,position_2d_km_median,position_2d_km_p90,position_2d_km_p95,position_2d_km_p99,p95_rank_ci_low,p95_rank_ci_high,fraction_le5pct,fraction_5pct_wilson_low,fraction_5pct_wilson_high,fraction_le10pct,fraction_10pct_wilson_low,fraction_10pct_wilson_high
T10_BUDGET_FAMILY-0001,A,T10_BUDGET_FAMILY,0,0,0,0,0.0,0.0,0,0,50,-1,5.0,0.05,-0.0,-5.0,5.710593137499642,30000,True,0.0,0.0,0.0,0.0,0.0,0.008398238092215848,0.020341857524790327,0.024237371597153015,0.03159249886393496,0.4214086337479175,1.0187917424269919,1.2141048503062029,1.5825318430966555,0.023943278644398873,0.02447660396105647,0.9998666666666667,0.9996571871547361,0.9999481480875213,1.0,0.9998719677669952,1.0
T10_BUDGET_FAMILY-0002,A,T10_BUDGET_FAMILY,0,0,0,0,0.0,0.0,0,0,50,1,5.0,0.05,-0.0,5.0,5.710593137499642,30000,True,0.0,0.0,0.0,0.0,0.0,0.008398238092215848,0.020341857524790327,0.024237371597153015,0.03159249886393496,0.4214086337479175,1.0187917424269919,1.2141048503062029,1.5825318430966555,0.023943278644398873,0.02447660396105647,0.9998666666666667,0.9996571871547361,0.9999481480875213,1.0,0.9998719677669952,1.0
T10_BUDGET_FAMILY-0003,A,T10_BUDGET_FAMILY,0,0,0,0,0.0,0.0,0,0,51,-1,5.0,0.05,-0.0,-5.0,5.599339336520571,30000,True,0.0,0.0,0.0,0.0,0.0,0.008562918116207307,0.020739209085965514,0.02472536031356405,0.03224215188446206,0.4382660133523446,1.0594961761123665,1.262556929254556,1.6456856784839369,0.024412838952137025,0.024957093460060923,0.9998333333333334,0.9996098691834452,0.9999288079276276,1.0,0.9998719677669952,1.0
T10_BUDGET_FAMILY-0004,A,T10_BUDGET_FAMILY,0,0,0,0,0.0,0.0,0,0,51,1,5.0,0.05,-0.0,5.0,5.599339336520571,30000,True,0.0,0.0,0.0,0.0,0.0,0.008562918116207307,0.020739209085965514,0.02472536031356405,0.03224215188446206,0.4382660133523446,1.0594961761123665,1.262556929254556,1.6456856784839369,0.024412838952137025,0.024957093460060923,0.9998333333333334,0.9996098691834452,0.9999288079276276,1.0,0.9998719677669952,1.0
T10_BUDGET_FAMILY-0005,A,T10_BUDGET_FAMILY,0,0,0,0,0.0,0.0,0,0,52,-1,5.0,0.05,-0.0,-5.0,5.492324557127438,30000,True,0.0,0.0,0.0,0.0,0.0,0.008727578534847479,0.021139162076380422,0.025205576083078923,0.0328525643037796,0.45547468019547505,1.1007895737515931,1.3122227033967382,1.7094963176736655,0.02489046938222554,0.0254371533675942,0.9998,0.9995636838949538,0.9999083350849347,1.0,0.9998719677669952,1.0
T10_BUDGET_FAMILY-0006,A,T10_BUDGET_FAMILY,0,0,0,0,0.0,0.0,0,0,52,1,5.0,0.05,-0.0,5.0,5.492324557127438,30000,True,0.0,0.0,0.0,0.0,0.0,0.008727578534847479,0.021139162076380422,0.025205576083078923,0.0328525643037796,0.45547468019547505,1.1007895737515931,1.3122227033967382,1.7094963176736655,0.02489046938222554,0.0254371533675942,0.9998,0.9995636838949538,0.9999083350849347,1.0,0.9998719677669952,1.0
T10_BUDGET_FAMILY-0007,A,T10_BUDGET_FAMILY,0,0,0,0,0.0,0.0,0,0,53,-1,5.0,0.05,-0.0,-5.0,5.389311759973409,30000,True,0.0,0.0,0.0,0.0,0.0,0.008894128442075662,0.02154304263867172,0.02568613477457096,0.033469113142557017,0.4730005266082958,1.1432080567918637,1.362663919241705,1.7761626875610907,0.02536040989804044,0.025919226323837617,0.9998,0.9995636838949538,0.9999083350849347,1.0,0.9998719677669952,1.0
T10_BUDGET_FAMILY-0008,A,T10_BUDGET_FAMILY,0,0,0,0,0.0,0.0,0,0,53,1,5.0,0.05,-0.0,5.0,5.389311759973409,30000,True,0.0,0.0,0.0,0.0,0.0,0.008894128442075662,0.02154304263867172,0.02568613477457096,0.033469113142557017,0.4730005266082958,1.1432080567918637,1.362663919241705,1.7761626875610907,0.02536040989804044,0.025919226323837617,0.9998,0.9995636838949538,0.9999083350849347,1.0,0.9998719677669952,1.0
T10_BUDGET_FAMILY-0009,A,T10_BUDGET_FAMILY,0,0,0,0,0.0,0.0,0,0,54,-1,5.0,0.05,-0.0,-5.0,5.290081205371269,30000,True,0.0,0.0,0.0,0.0,0.0,0.009061568836418317,0.021944594429003778,0.026154827994771094,0.0341048706383173,0.490855709803707,1.1867167517285004,1.4144642563391145,1.8433615823048353,0.025832309594245224,0.026395942347369566,0.9998,0.9995636838949538,0.9999083350849347,1.0,0.9998719677669952,1.0
T10_BUDGET_FAMILY-0010,A,T10_BUDGET_FAMILY,0,0,0,0,0.0,0.0,0,0,54,1,5.0,0.05,-0.0,5.0,5.290081205371269,30000,True,0.0,0.0,0.0,0.0,0.0,0.009061568836418317,0.021944594429003778,0.026154827994771094,0.0341048706383173,0.490855709803707,1.1867167517285004,1.4144642563391145,1.8433615823048353,0.025832309594245224,0.026395942347369566,0.9998,0.9995636838949538,0.9999083350849347,1.0,0.9998719677669952,1.0
T10_BUDGET_FAMILY-0011,A,T10_BUDGET_FAMILY,0,0,0,0,0.0,0.0,0,0,55,-1,5.0,0.05,-0.0,-5.0,5.194428907734806,30000,True,0.0,0.0,0.0,0.0,0.0,0.009227087962065639,0.022351679003706177,0.02663168200043512,0.034752606724397464,0.5090455921216396,1.2307618255356882,1.467074250018602,1.9123124008002461,0.026308341006421706,0.02687730959650284,0.9997333333333334,0.9994738353303702,0.9998648673871494,1.0,0.9998719677669952,1.0
T10_BUDGET_FAMILY-0012,A,T10_BUDGET_FAMILY,0,0,0,0,0.0,0.0,0,0,55,1,5.0,0.05,-0.0,5.0,5.194428907734806,30000,True,0.0,0.0,0.0,0.0,0.0,0.009227087962065639,0.022351679003706177,0.02663168200043512,0.034752606724397464,0.5090455921216396,1.2307618255356882,1.467074250018602,1.9123124008002461,0.026308341006421706,0.02687730959650284,0.9997333333333334,0.9994738353303702,0.9998648673871494,1.0,0.9998719677669952,1.0
T10_BUDGET_FAMILY-0013,A,T10_BUDGET_FAMILY,0,0,0,0,0.0,0.0,0,0,56,-1,5.0,0.05,-0.0,-5.0,5.10216525235819,30000,True,0.0,0.0,0.0,0.0,0.0,0.009392686327882847,0.022760536164569904,0.027111068412197854,0.035401257817418194,0.527656330606307,1.2757529027847754,1.5204128160285482,1.9832334615667309,0.026792386196523132,0.027363123937501652,0.9997333333333334,0.9994738353303702,0.9998648673871494,1.0,0.9998719677669952,1.0
T10_BUDGET_FAMILY-0014,A,T10_BUDGET_FAMILY,0,0,0,0,0.0,0.0,0,0,56,1,5.0,0.05,-0.0,5.0,5.10216525235819,30000,True,0.0,0.0,0.0,0.0,0.0,0.009392686327882847,0.022760536164569904,0.027111068412197854,0.035401257817418194,0.527656330606307,1.2757529027847754,1.5204128160285482,1.9832334615667309,0.026792386196523132,0.027363123937501652,0.9997333333333334,0.9994738353303702,0.9998648673871494,1.0,0.9998719677669952,1.0
T10_BUDGET_FAMILY-0015,A,T10_BUDGET_FAMILY,0,0,0,0,0.0,0.0,0,0,57,-1,5.0,0.05,-0.0,-5.0,5.013113755035808,30000,True,0.0,0.0,0.0,0.0,0.0,0.009560248953357785,0.02316420557007267,0.02759714628789405,0.036049518345058915,0.5465400316377832,1.3210455253167663,1.5744083275118903,2.0555292149302735,0.027273420792720583,0.027848718078413458,0.9996666666666667,0.9993864623645906,0.9998189240905601,1.0,0.9998719677669952,1.0
T10_BUDGET_FAMILY-0016,A,T10_BUDGET_FAMILY,0,0,0,0,0.0,0.0,0,0,57,1,5.0,0.05,-0.0,5.0,5.013113755035808,30000,True,0.0,0.0,0.0,0.0,0.0,0.009560248953357785,0.02316420557007267,0.02759714628789405,0.036049518345058915,0.5465400316377832,1.3210455253167663,1.5744083275118903,2.0555292149302735,0.027273420792720583,0.027848718078413458,0.9996666666666667,0.9993864623645906,0.9998189240905601,1.0,0.9998719677669952,1.0
T10_BUDGET_FAMILY-0017,A,T10_BUDGET_FAMILY,0,0,0,0,0.0,0.0,0,0,58,-1,5.0,0.05,-0.0,-5.0,4.927109947649014,30000,True,0.0,0.0,0.0,0.0,0.0,0.00972676711650471,0.02356801539670503,0.028069704335945436,0.036694722578157736,0.5657151766341543,1.3680166551195967,1.6297246323719121,2.12911649953328,0.027745002397443302,0.028344104759532092,0.9996666666666667,0.9993864623645906,0.9998189240905601,1.0,0.9998719677669952,1.0
T10_BUDGET_FAMILY-0018,A,T10_BUDGET_FAMILY,0,0,0,0,0.0,0.0,0,0,58,1,5.0,0.05,-0.0,5.0,4.927109947649014,30000,True,0.0,0.0,0.0,0.0,0.0,0.00972676711650471,0.02356801539670503,0.028069704335945436,0.036694722578157736,0.5657151766341543,1.3680166551195967,1.6297246323719121,2.12911649953328,0.027745002397443302,0.028344104759532092,0.9996666666666667,0.9993864623645906,0.9998189240905601,1.0,0.9998719677669952,1.0
T10_BUDGET_FAMILY-0019,A,T10_BUDGET_FAMILY,0,0,0,0,0.0,0.0,0,0,59,-1,5.0,0.05,-0.0,-5.0,4.84400037508068,30000,True,0.0,0.0,0.0,0.0,0.0,0.0098919527831315,0.02396567352522406,0.028562592928181363,0.03733627083223648,0.585268854496739,1.4158906958288164,1.6861232570774052,2.2037020538906806,0.028213352746705576,0.028830637185387812,0.9995666666666667,0.9992586823523686,0.9997467297092286,1.0,0.9998719677669952,1.0
T10_BUDGET_FAMILY-0020,A,T10_BUDGET_FAMILY,0,0,0,0,0.0,0.0,0,0,59,1,5.0,0.05,-0.0,5.0,4.84400037508068,30000,True,0.0,0.0,0.0,0.0,0.0,0.0098919527831315,0.02396567352522406,0.028562592928181363,0.03733627083223648,0.585268854496739,1.4158906958288164,1.6861232570774052,2.2037020538906806,0.028213352746705576,0.028830637185387812,0.9995666666666667,0.9992586823523686,0.9997467297092286,1.0,0.9998719677669952,1.0
T10_BUDGET_FAMILY-0021,A,T10_BUDGET_FAMILY,0,0,0,0,0.0,0.0,0,0,60,-1,5.0,0.05,-0.0,-5.0,4.763641690726178,30000,True,0.0,0.0,0.0,0.0,0.0,0.010057831721110114,0.024367982831374018,0.029030519218505073,0.03796090326149285,0.6050510588427457,1.463903047913554,1.7431921784409048,2.2793346206436094,0.02868024681196708,0.02933056749748566,0.9994333333333333,0.9990926240450774,0.9996461554917818,1.0,0.9998719677669952,1.0
T10_BUDGET_FAMILY-0022,A,T10_BUDGET_FAMILY,0,0,0,0,0.0,0.0,0,0,60,1,5.0,0.05,-0.0,5.0,4.763641690726178,30000,True,0.0,0.0,0.0,0.0,0.0,0.010057831721110114,0.024367982831374018,0.029030519218505073,0.03796090326149285,0.6050510588427457,1.463903047913554,1.7431921784409048,2.2793346206436094,0.02868024681196708,0.02933056749748566,0.9994333333333333,0.9990926240450774,0.9996461554917818,1.0,0.9998719677669952,1.0
T10_BUDGET_FAMILY-0023,A,T10_BUDGET_FAMILY,0.25,-1,-1,-1,-0.025,-0.025,25.0,-5.0,50,-1,5.0,0.05,0.4357787137382908,-4.9809734904587275,5.738691901997113,30000,True,0.0,0.0,0.0,0.0,0.0,0.011438188808057248,0.027753366098567368,0.032990229190084645,0.04292645489908921,0.5749017246856432,1.3882033137249812,1.6491010920644498,2.1485922553447496,0.032706636949535975,0.03335240282167277,0.9972333333333333,0.9965719295782975,0.9977674133003869,1.0,0.9998719677669952,1.0
T10_BUDGET_FAMILY-0024,A,T10_BUDGET_FAMILY,0.25,-1,-1,-1,-0.025,-0.025,25.0,-5.0,50,1,5.0,0.05,0.4357787137382908,4.9809734904587275,5.738691901997113,30000,True,0.0,0.0,0.0,0.0,0.0,0.011550813752526779,0.026890558040865358,0.031627904505293146,0.04068846379215472,0.5798976692887742,1.3461657329299574,1.5830295201868008,2.036939075998691,0.03134382419619442,0.03195516281955037,0.9988333333333334,0.9983779622664656,0.9991609709090733,1.0,0.9998719677669952,1.0
T10_BUDGET_FAMILY-0025,A,T10_BUDGET_FAMILY,0.25,-1,-1,-1,-0.025,-0.025,25.0,-5.0,51,-1,5.0,0.05,0.4357787137382908,-4.9809734904587275,5.6259341265778495,30000,True,0.0,0.0,0.0,0.0,0.0,0.011637359963597955,0.028211451836011526,0.03353446358817257,0.04371779923668951,0.5955447464990204,1.4402629426649967,1.711592701507726,2.228595847330134,0.033274332852794616,0.033888619963837706,0.9966666666666667,0.9959477948400624,0.9972583598084863,1.0,0.9998719677669952,1.0
T10_BUDGET_FAMILY-0026,A,T10_BUDGET_FAMILY,0.25,-1,-1,-1,-0.025,-0.025,25.0,-5.0,51,1,5.0,0.05,0.4357787137382908,4.9809734904587275,5.6259341265778495,30000,True,0.0,0.0,0.0,0.0,0.0,0.011745111358316632,0.027328872442625392,0.03212544585021695,0.04131960532220036,0.6014427274880128,1.395337302244227,1.6396313331648416,2.1080247579580926,0.031812213071780504,0.03248017562312253,0.9985333333333334,0.9980318073240265,0.9989072026708522,1.0,0.9998719677669952,1.0
T10_BUDGET_FAMILY-0027,A,T10_BUDGET_FAMILY,0.25,-1,-1,-1,-0.025,-0.025,25.0,-5.0,52,-1,5.0,0.05,0.4357787137382908,-4.9809734904587275,5.517508605390486,30000,True,0.0,0.0,0.0,0.0,0.0,0.011840839076207988,0.02868117456758098,0.03410558535888724,0.04444842414403665,0.6176241722594465,1.492720579781962,1.7736929019626708,2.3106389310620328,0.03383222741237683,0.034455769901066254,0.9961333333333333,0.9953647032985726,0.9967749212510244,1.0,0.9998719677669952,1.0
T10_BUDGET_FAMILY-0028,A,T10_BUDGET_FAMILY,0.25,-1,-1,-1,-0.025,-0.025,25.0,-5.0,52,1,5.0,0.05,0.4357787137382908,4.9809734904587275,5.517508605390486,30000,True,0.0,0.0,0.0,0.0,0.0,0.01193373130907474,0.027781202898807214,0.03264726638300243,0.04193417903595982,0.6234886463525007,1.4448197385556272,1.6968853059214697,2.187590364673428,0.032339418959674814,0.032954484339380516,0.9984,0.9978794659659608,0.9987929115041799,1.0,0.9998719677669952,1.0
T10_BUDGET_FAMILY-0029,A,T10_BUDGET_FAMILY,0.25,-1,-1,-1,-0.025,-0.025,25.0,-5.0,53,-1,5.0,0.05,0.4357787137382908,-4.9809734904587275,5.413171104525138,30000,True,0.0,0.0,0.0,0.0,0.0,0.012028610060032623,0.02914163177311761,0.03468758753297595,0.04509812604668117,0.6398268954528555,1.5463269744567725,1.8376766168494139,2.3906012798915985,0.03436011400166423,0.034982458135646655,0.9957,0.9948934333754642,0.9963796354687349,1.0,0.9998719677669952,1.0
T10_BUDGET_FAMILY-0030,A,T10_BUDGET_FAMILY,0.25,-1,-1,-1,-0.025,-0.025,25.0,-5.0,53,1,5.0,0.05,0.4357787137382908,4.9809734904587275,5.413171104525138,30000,True,0.0,0.0,0.0,0.0,0.0,0.012125280351782087,0.028220736412314994,0.03310797239222283,0.04255087505491203,0.6456623703272051,1.495764103106385,1.754747674916039,2.266364176180419,0.032855484927005255,0.03344297538069173,0.9979,0.9973143650440183,0.9983581404583556,1.0,0.9998719677669952,1.0
T10_BUDGET_FAMILY-0031,A,T10_BUDGET_FAMILY,0.25,-1,-1,-1,-0.025,-0.025,25.0,-5.0,54,-1,5.0,0.05,0.4357787137382908,-4.9809734904587275,5.312695357434603,30000,True,0.0,0.0,0.0,0.0,0.0,0.012219250315408546,0.029581993711499034,0.03528087377868924,0.04576567293522134,0.6623467761338107,1.601203332974461,1.8996743401507823,2.471449046415323,0.03492560513102455,0.035527302524807396,0.9949666666666667,0.9941000507749713,0.9957065391831694,1.0,0.9998719677669952,1.0
T10_BUDGET_FAMILY-0032,A,T10_BUDGET_FAMILY,0.25,-1,-1,-1,-0.025,-0.025,25.0,-5.0,54,1,5.0,0.05,0.4357787137382908,4.9809734904587275,5.312695357434603,30000,True,0.0,0.0,0.0,0.0,0.0,0.012328309112076562,0.028674927650379826,0.03365870290661982,0.04318624661549188,0.6685303269635826,1.5476975610532964,1.8153814978009366,2.340568084727084,0.03335813928133159,0.03396022621557898,0.9977,0.9970905153201308,0.9981820413951363,1.0,0.9998719677669952,1.0
T10_BUDGET_FAMILY-0033,A,T10_BUDGET_FAMILY,0.25,-1,-1,-1,-0.025,-0.025,25.0,-5.0,55,-1,5.0,0.05,0.4357787137382908,-4.9809734904587275,5.215871447149576,30000,True,0.0,0.0,0.0,0.0,0.0,0.012410032692534401,0.0300848392063628,0.035808914868155094,0.0465761125201182,0.6859100211393723,1.6556457428152016,1.9661024442210029,2.5597386439048617,0.03546649825882636,0.03609802842045362,0.9942666666666666,0.9933467355911132,0.9950600336121538,1.0,0.9998719677669952,1.0
T10_BUDGET_FAMILY-0034,A,T10_BUDGET_FAMILY,0.25,-1,-1,-1,-0.025,-0.025,25.0,-5.0,55,1,5.0,0.05,0.4357787137382908,4.9809734904587275,5.215871447149576,30000,True,0.0,0.0,0.0,0.0,0.0,0.01253404824112788,0.029090337596196555,0.03416777749564698,0.04384044401075213,0.6916016179609445,1.5997888232638557,1.876571243350082,2.4144987316136586,0.03387807075656326,0.034459657804183697,0.9970333333333333,0.9963510277406685,0.9975883663509092,1.0,0.9998719677669952,1.0
T10_BUDGET_FAMILY-0035,A,T10_BUDGET_FAMILY,0.25,-1,-1,-1,-0.025,-0.025,25.0,-5.0,56,-1,5.0,0.05,0.4357787137382908,-4.9809734904587275,5.122504359721599,30000,True,0.0,0.0,0.0,0.0,0.0,0.012614760145267872,0.030557166738238654,0.0363623930609502,0.047184175269032735,0.708868437530509,1.710335841095771,2.0340588662402976,2.6455728462245824,0.036011571000869554,0.03668757044522332,0.9935333333333334,0.9925609804345922,0.9943793098826167,1.0,0.9998719677669952,1.0
T10_BUDGET_FAMILY-0036,A,T10_BUDGET_FAMILY,0.25,-1,-1,-1,-0.025,-0.025,25.0,-5.0,56,1,5.0,0.05,0.4357787137382908,4.9809734904587275,5.122504359721599,30000,True,0.0,0.0,0.0,0.0,0.0,0.012725983698830363,0.029540237828599,0.03469609889158815,0.044448421228741965,0.7142604889810413,1.6536418755587772,1.939844255844528,2.4895544005971573,0.034387432158922086,0.03497147039191452,0.9964666666666666,0.9957286976417112,0.9970775082197305,1.0,0.9998719677669952,1.0
T10_BUDGET_FAMILY-0037,A,T10_BUDGET_FAMILY,0.25,-1,-1,-1,-0.025,-0.025,25.0,-5.0,57,-1,5.0,0.05,0.4357787137382908,-4.9809734904587275,5.032412688173951,30000,True,0.0,0.0,0.0,0.0,0.0,0.012804636171148158,0.031040588281834976,0.03692492212065184,0.04786381059312979,0.732004346773431,1.7700609918104193,2.102114770985161,2.73596300814069,0.036544696753725396,0.03725569527783123,0.9927333333333334,0.9917071345585109,0.9936333606102707,1.0,0.9998719677669952,1.0
T10_BUDGET_FAMILY-0038,A,T10_BUDGET_FAMILY,0.25,-1,-1,-1,-0.025,-0.025,25.0,-5.0,57,1,5.0,0.05,0.4357787137382908,4.9809734904587275,5.032412688173951,30000,True,0.0,0.0,0.0,0.0,0.0,0.012926355224802365,0.02996114584863519,0.03520457826095162,0.04510175885212151,0.7382106762294192,1.7076487564448046,2.004388247011965,2.565674771287606,0.03491449806042767,0.03549778117329706,0.9961666666666666,0.9954010413966066,0.996805241284175,1.0,0.9998719677669952,1.0
T10_BUDGET_FAMILY-0039,A,T10_BUDGET_FAMILY,0.25,-1,-1,-1,-0.025,-0.025,25.0,-5.0,58,-1,5.0,0.05,0.4357787137382908,-4.9809734904587275,4.945427469049711,30000,True,0.0,0.0,0.0,0.0,0.0,0.012991065980140422,0.031513843805484006,0.03747681678464969,0.048655855868753456,0.7565435613553523,1.828287200088081,2.169417048763278,2.8266444390796663,0.0371024306274284,0.03782564347136473,0.9919333333333333,0.9908562351026965,0.9928844649176579,1.0,0.9998719677669952,1.0
T10_BUDGET_FAMILY-0040,A,T10_BUDGET_FAMILY,0.25,-1,-1,-1,-0.025,-0.025,25.0,-5.0,58,1,5.0,0.05,0.4357787137382908,4.9809734904587275,4.945427469049711,30000,True,0.0,0.0,0.0,0.0,0.0,0.013124308317878834,0.03040253217057347,0.03571136333519233,0.04569593232049227,0.7629004833377574,1.7620034860455212,2.069985897809715,2.646636062491481,0.035432810059948264,0.035998154729798976,0.9958,0.9950020106285569,0.9964710326091957,1.0,0.9998719677669952,1.0
T10_BUDGET_FAMILY-0041,A,T10_BUDGET_FAMILY,0.25,-1,-1,-1,-0.025,-0.025,25.0,-5.0,59,-1,5.0,0.05,0.4357787137382908,-4.9809734904587275,4.86139113603524,30000,True,0.0,0.0,0.0,0.0,0.0,0.01318795094444302,0.03198869524414963,0.03805011380320263,0.049407489681445614,0.781694078293964,1.8871523406160255,2.2411116107427147,2.9169070991683417,0.03763526416131307,0.03837305466003543,0.9908333333333333,0.9896902965497864,0.9918506851414807,1.0,0.9998719677669952,1.0
T10_BUDGET_FAMILY-0042,A,T10_BUDGET_FAMILY,0.25,-1,-1,-1,-0.025,-0.025,25.0,-5.0,59,1,5.0,0.05,0.4357787137382908,4.9809734904587275,4.86139113603524,30000,True,0.0,0.0,0.0,0.0,0.0,0.013314723776431586,0.030827025835438157,0.03620313484692173,0.04628925101152176,0.787734452267775,1.8185234215645036,2.1368444182383772,2.7299543859047954,0.03591884991332648,0.03652268908922078,0.9951666666666666,0.9943159633957672,0.9958905753494802,1.0,0.9998719677669952,1.0
T10_BUDGET_FAMILY-0043,A,T10_BUDGET_FAMILY,0.25,-1,-1,-1,-0.025,-0.025,25.0,-5.0,60,-1,5.0,0.05,0.4357787137382908,-4.9809734904587275,4.780156577174489,30000,True,0.0,0.0,0.0,0.0,0.0,0.013409078785362164,0.032498463946118744,0.038606588358646714,0.050116753296402076,0.8074700312495262,1.9479535987183023,2.313413953551021,3.0151627456944716,0.03815533390053408,0.03899322343343978,0.9896333333333334,0.9884228474489554,0.9907184415196708,0.9999666666666667,0.9998111938118758,0.999994115823935
T10_BUDGET_FAMILY-0044,A,T10_BUDGET_FAMILY,0.25,-1,-1,-1,-0.025,-0.025,25.0,-5.0,60,1,5.0,0.05,0.4357787137382908,4.9809734904587275,4.780156577174489,30000,True,0.0,0.0,0.0,0.0,0.0,0.013509906417798827,0.0312784306269999,0.03671467658807544,0.04688445907258038,0.8129260034530111,1.8764883074504453,2.203690443772734,2.814309653722062,0.03641698199999735,0.03704705604707297,0.9944666666666667,0.993561615078407,0.9952451029119669,1.0,0.9998719677669952,1.0
T10_BUDGET_FAMILY-0045,A,T10_BUDGET_FAMILY,0.25,-1,-1,1,-0.025,-0.025,25.0,5.0,50,-1,5.0,0.05,-0.4357787137382908,-4.9809734904587275,5.640169182434962,30000,True,0.0,0.0,0.0,0.0,0.0,0.011757318561066512,0.02851971916553225,0.03387203443808673,0.04412890832996069,0.5899150552082438,1.4266389794191063,1.6945677080334112,2.20365998166668,0.03361666798678755,0.034262233417760656,0.9963333333333333,0.995582932697406,0.9969566406392977,1.0,0.9998719677669952,1.0
T10_BUDGET_FAMILY-0046,A,T10_BUDGET_FAMILY,0.25,-1,-1,1,-0.025,-0.025,25.0,5.0,50,1,5.0,0.05,-0.4357787137382908,4.9809734904587275,5.640169182434962,30000,True,0.0,0.0,0.0,0.0,0.0,0.011864470535653595,0.027605951286844573,0.03246162704907874,0.04179332490463608,0.595832528915952,1.3808858891564517,1.623692649979126,2.0890610395827713,0.032166080750010054,0.03278443293090206,0.9983666666666666,0.9978415039658698,0.9987642153730866,1.0,0.9998719677669952,1.0
T10_BUDGET_FAMILY-0047,A,T10_BUDGET_FAMILY,0.25,-1,-1,1,-0.025,-0.025,25.0,5.0,51,-1,5.0,0.05,-0.4357787137382908,-4.9809734904587275,5.531201283480402,30000,True,0.0,0.0,0.0,0.0,0.0,0.011959746260031932,0.02898196938588798,0.0344221887201676,0.04484660068712134,0.6118489168229301,1.4797425530866017,1.7576099644128218,2.2867434896897807,0.0341589648626799,0.03481346517412072,0.9959333333333333,0.9951469418181507,0.9965927339443397,1.0,0.9998719677669952,1.0
T10_BUDGET_FAMILY-0048,A,T10_BUDGET_FAMILY,0.25,-1,-1,1,-0.025,-0.025,25.0,5.0,51,1,5.0,0.05,-0.4357787137382908,4.9809734904587275,5.531201283480402,30000,True,0.0,0.0,0.0,0.0,0.0,0.012060518290750269,0.0280467408833624,0.03294840443458483,0.04241255155411982,0.618463424800998,1.4312815225337434,1.6801795995199524,2.1656811517790597,0.03266582208102109,0.033277841496667036,0.9979666666666667,0.9973892303737024,0.9984165913910403,1.0,0.9998719677669952,1.0
T10_BUDGET_FAMILY-0049,A,T10_BUDGET_FAMILY,0.25,-1,-1,1,-0.025,-0.025,25.0,5.0,52,-1,5.0,0.05,-0.4357787137382908,-4.9809734904587275,5.4263517330611455,30000,True,0.0,0.0,0.0,0.0,0.0,0.01214557407917369,0.029457910151852874,0.03500067699675705,0.04555352444160818,0.6346209465683017,1.5323911769259055,1.8214694691855702,2.368741510202934,0.03470104941828371,0.03534624467272147,0.9952333333333333,0.9943880079159038,0.9959518470917126,1.0,0.9998719677669952,1.0
T10_BUDGET_FAMILY-0050,A,T10_BUDGET_FAMILY,0.25,-1,-1,1,-0.025,-0.025,25.0,5.0,52,1,5.0,0.05,-0.4357787137382908,4.9809734904587275,5.4263517330611455,30000,True,0.0,0.0,0.0,0.0,0.0,0.012265128711372761,0.02848919336069896,0.033466351194947834,0.043031077030483436,0.6401249722037806,1.4817550443664573,1.737418650472355,2.2427992842185414,0.033172875596150404,0.03377170829431719,0.9977,0.9970905153201308,0.9981820413951363,1.0,0.9998719677669952,1.0
T10_BUDGET_FAMILY-0051,A,T10_BUDGET_FAMILY,0.25,-1,-1,1,-0.025,-0.025,25.0,5.0,53,-1,5.0,0.05,-0.4357787137382908,-4.9809734904587275,5.325392051266367,30000,True,0.0,0.0,0.0,0.0,0.0,0.012344423856272317,0.029903691632758977,0.035593713871044354,0.04622634822257818,0.6566324368390178,1.5852839630742928,1.884317454094745,2.4493411192356835,0.035235074183340216,0.035874183999211114,0.9945333333333334,0.9936333019356788,0.995306732317064,1.0,0.9998719677669952,1.0
T10_BUDGET_FAMILY-0052,A,T10_BUDGET_FAMILY,0.25,-1,-1,1,-0.025,-0.025,25.0,5.0,53,1,5.0,0.05,-0.4357787137382908,4.9809734904587275,5.325392051266367,30000,True,0.0,0.0,0.0,0.0,0.0,0.012447607943712621,0.028938889083221262,0.03396088341172971,0.04362416354003328,0.6633584389681875,1.5339059331234537,1.7982921191576002,2.320777933431225,0.03368070403518028,0.03427304265002281,0.9973,0.9966457302158677,0.9978269289251857,1.0,0.9998719677669952,1.0
T10_BUDGET_FAMILY-0053,A,T10_BUDGET_FAMILY,0.25,-1,-1,1,-0.025,-0.025,25.0,5.0,54,-1,5.0,0.05,-0.4357787137382908,-4.9809734904587275,5.228110305500496,30000,True,0.0,0.0,0.0,0.0,0.0,0.012530926604286233,0.03037669465952688,0.03617456240869643,0.046978973757753104,0.680006336506631,1.6412041566457414,1.9500723628068455,2.533305039141736,0.035780626551632395,0.03646959491035457,0.9938333333333333,0.9928820409162402,0.9946581725816288,1.0,0.9998719677669952,1.0
T10_BUDGET_FAMILY-0054,A,T10_BUDGET_FAMILY,0.25,-1,-1,1,-0.025,-0.025,25.0,5.0,54,1,5.0,0.05,-0.4357787137382908,4.9809734904587275,5.228110305500496,30000,True,0.0,0.0,0.0,0.0,0.0,0.012648192632791407,0.02935933392765175,0.03449736738408128,0.04429125630032905,0.6858648097076776,1.5867168299301841,1.8597913671891655,2.3957321867122277,0.03417001815665404,0.034794411329597645,0.9967666666666667,0.9960575588171449,0.997348570224957,1.0,0.9998719677669952,1.0
T10_BUDGET_FAMILY-0055,A,T10_BUDGET_FAMILY,0.25,-1,-1,1,-0.025,-0.025,25.0,5.0,55,-1,5.0,0.05,-0.4357787137382908,-4.9809734904587275,5.13430964315738,30000,True,0.0,0.0,0.0,0.0,0.0,0.012731619445279757,0.030851860194458295,0.03670687209120328,0.04770202112462388,0.7031703321719771,1.6964079636673228,2.0169094797199545,2.621117009567076,0.036351720244552285,0.037022383039437626,0.9929666666666667,0.9919558467204662,0.9938512553666067,1.0,0.9998719677669952,1.0
T10_BUDGET_FAMILY-0056,A,T10_BUDGET_FAMILY,0.25,-1,-1,1,-0.025,-0.025,25.0,5.0,55,1,5.0,0.05,-0.4357787137382908,4.9809734904587275,5.13430964315738,30000,True,0.0,0.0,0.0,0.0,0.0,0.01284948149554039,0.029820201475550333,0.035012359046400314,0.04487374010492147,0.7086864593197014,1.639531257963656,1.9222664019220272,2.4710600275311716,0.03468500893373581,0.03528776955297714,0.9962666666666666,0.9955101353104284,0.9968961217639064,1.0,0.9998719677669952,1.0
T10_BUDGET_FAMILY-0057,A,T10_BUDGET_FAMILY,0.25,-1,-1,1,-0.025,-0.025,25.0,5.0,56,-1,5.0,0.05,-0.4357787137382908,-4.9809734904587275,5.04380697729673,30000,True,0.0,0.0,0.0,0.0,0.0,0.012940104781299842,0.03132879900565401,0.03724998581287396,0.048365941347570995,0.7266375713316691,1.7524521772323938,2.0829297234479527,2.7116222576073636,0.036871615130582826,0.03758913057428729,0.9923333333333333,0.9912813456357885,0.9932592519587793,1.0,0.9998719677669952,1.0
T10_BUDGET_FAMILY-0058,A,T10_BUDGET_FAMILY,0.25,-1,-1,1,-0.025,-0.025,25.0,5.0,56,1,5.0,0.05,-0.4357787137382908,4.9809734904587275,5.04380697729673,30000,True,0.0,0.0,0.0,0.0,0.0,0.013043059384439917,0.03022842292316622,0.035496245090863986,0.04549808534309146,0.7334817227134118,1.694027846881942,1.9853802147776614,2.5449345026041077,0.03521938032838217,0.035793146202672536,0.996,0.9952194791557739,0.9966535128690853,1.0,0.9998719677669952,1.0
T10_BUDGET_FAMILY-0059,A,T10_BUDGET_FAMILY,0.25,-1,-1,1,-0.025,-0.025,25.0,5.0,57,-1,5.0,0.05,-0.4357787137382908,-4.9809734904587275,4.956431807076443,30000,True,0.0,0.0,0.0,0.0,0.0,0.013119888815863763,0.03179891612152212,0.037802955446297894,0.04905581644289507,0.7504590457674541,1.8104356569511757,2.152821898827961,2.798209245474289,0.03740889601597231,0.03818581205483016,0.9913,0.9901844124554261,0.9922897830724232,1.0,0.9998719677669952,1.0
T10_BUDGET_FAMILY-0060,A,T10_BUDGET_FAMILY,0.25,-1,-1,1,-0.025,-0.025,25.0,5.0,57,1,5.0,0.05,-0.4357787137382908,4.9809734904587275,4.956431807076443,30000,True,0.0,0.0,0.0,0.0,0.0,0.013243576089250478,0.030666229716411652,0.03599621600363864,0.04610718689503108,0.7577970738423012,1.7476959132455556,2.0501019942662873,2.624885912708045,0.035757310360583154,0.03628806234393809,0.9953666666666666,0.9945322120484754,0.996074275483879,1.0,0.9998719677669952,1.0
T10_BUDGET_FAMILY-0061,A,T10_BUDGET_FAMILY,0.25,-1,-1,1,-0.025,-0.025,25.0,5.0,58,-1,5.0,0.05,-0.4357787137382908,-4.9809734904587275,4.8720251571331366,30000,True,0.0,0.0,0.0,0.0,0.0,0.013321903455980395,0.03228547988993924,0.038353866466837236,0.04981851258900262,0.7757973893940903,1.869721469166,2.2222669778571813,2.8896055995740872,0.037949199157296096,0.03874196781406451,0.9902,0.9890208342545325,0.9912536429442295,1.0,0.9998719677669952,1.0
T10_BUDGET_FAMILY-0062,A,T10_BUDGET_FAMILY,0.25,-1,-1,1,-0.025,-0.025,25.0,5.0,58,1,5.0,0.05,-0.4357787137382908,4.9809734904587275,4.8720251571331366,30000,True,0.0,0.0,0.0,0.0,0.0,0.01344053138403565,0.03110239064849968,0.03651748933142979,0.046702014795327734,0.7819128446699085,1.8019193361738066,2.1170970336471866,2.7065691983082916,0.036255054705097566,0.036829148494902354,0.9947666666666667,0.9938844545645001,0.9955221866065339,1.0,0.9998719677669952,1.0
T10_BUDGET_FAMILY-0063,A,T10_BUDGET_FAMILY,0.25,-1,-1,1,-0.025,-0.025,25.0,5.0,59,-1,5.0,0.05,-0.4357787137382908,-4.9809734904587275,4.790438622182299,30000,True,0.0,0.0,0.0,0.0,0.0,0.013545874423899477,0.03276537717440181,0.03892796905070901,0.05055514203706417,0.8012033944870349,1.93120882815158,2.2953805991590723,2.9847110961647214,0.038488281735049666,0.03932455520733416,0.9888666666666667,0.9876151801078753,0.9899929718435082,0.9999666666666667,0.9998111938118758,0.999994115823935
T10_BUDGET_FAMILY-0064,A,T10_BUDGET_FAMILY,0.25,-1,-1,1,-0.025,-0.025,25.0,5.0,59,1,5.0,0.05,-0.4357787137382908,4.9809734904587275,4.790438622182299,30000,True,0.0,0.0,0.0,0.0,0.0,0.013638883532730177,0.03152627250958074,0.037032998272087864,0.047255933793087575,0.8070678538281547,1.85885933066573,2.1839914804042446,2.7886395334565828,0.03672765667543686,0.03731668025587167,0.994,0.9930606330567747,0.9948128710970164,1.0,0.9998719677669952,1.0
T10_BUDGET_FAMILY-0065,A,T10_BUDGET_FAMILY,0.25,-1,-1,1,-0.025,-0.025,25.0,5.0,60,-1,5.0,0.05,-0.4357787137382908,-4.9809734904587275,4.711533504886566,30000,True,0.0,0.0,0.0,0.0,0.0,0.013755262084354906,0.03324031896138149,0.03947383386811379,0.051292460153995495,0.8271042787350018,1.9941318027271822,2.368673451763287,3.0843050979168716,0.03905510315414181,0.03987478679326806,0.9874333333333334,0.9861089380181399,0.9886329142923115,0.9999666666666667,0.9998111938118758,0.999994115823935
T10_BUDGET_FAMILY-0066,A,T10_BUDGET_FAMILY,0.25,-1,-1,1,-0.025,-0.025,25.0,5.0,60,1,5.0,0.05,-0.4357787137382908,4.9809734904587275,4.711533504886566,30000,True,0.0,0.0,0.0,0.0,0.0,0.013845696566597353,0.03198365633150798,0.037526513922481776,0.0478563659496416,0.8324398141263449,1.9179617369446444,2.252702216812655,2.8747928943654935,0.03722528004247667,0.03786827162905375,0.9930666666666667,0.9920625171484408,0.9939445593321853,1.0,0.9998719677669952,1.0
T10_BUDGET_FAMILY-0067,A,T10_BUDGET_FAMILY,0.25,-1,1,-1,-0.025,0.025,25.0,-5.0,50,-1,5.0,0.05,0.4357787137382908,-4.9809734904587275,5.738691901997113,30000,True,0.0,0.0,0.0,0.0,0.0,0.011543263577740532,0.026875542816489142,0.031618169435930384,0.040678175803891034,0.5805631048196255,1.3475349714631673,1.5846490386300907,2.0384657266620207,0.03133570728369023,0.03194151452861632,0.9988333333333334,0.9983779622664656,0.9991609709090733,1.0,0.9998719677669952,1.0
T10_BUDGET_FAMILY-0068,A,T10_BUDGET_FAMILY,0.25,-1,1,-1,-0.025,0.025,25.0,-5.0,50,1,5.0,0.05,0.4357787137382908,4.9809734904587275,5.738691901997113,30000,True,0.0,0.0,0.0,0.0,0.0,0.011433783181811066,0.027737830907001496,0.032975083079220584,0.04291909002365926,0.5751384765888631,1.3896373434489442,1.6509182596391094,2.150816181210299,0.03269870331084533,0.033348924343440556,0.9972333333333333,0.9965719295782975,0.9977674133003869,1.0,0.9998719677669952,1.0
T10_BUDGET_FAMILY-0069,A,T10_BUDGET_FAMILY,0.25,-1,1,-1,-0.025,0.025,25.0,-5.0,51,-1,5.0,0.05,0.4357787137382908,-4.9809734904587275,5.6259341265778495,30000,True,0.0,0.0,0.0,0.0,0.0,0.011741553881442433,0.02731816809274274,0.03211089199284345,0.041308549993843396,0.6019391471106516,1.3970678306104738,1.6410519570147828,2.1090680996756364,0.03180323101415142,0.0324647632573991,0.9985333333333334,0.9980318073240265,0.9989072026708522,1.0,0.9998719677669952,1.0
T10_BUDGET_FAMILY-0070,A,T10_BUDGET_FAMILY,0.25,-1,1,-1,-0.025,0.025,25.0,-5.0,51,1,5.0,0.05,0.4357787137382908,4.9809734904587275,5.6259341265778495,30000,True,0.0,0.0,0.0,0.0,0.0,0.011632697087203865,0.02820645310755584,0.03353762185067735,0.043707821455444475,0.5958132590451042,1.440399162772863,1.7131248260884198,2.2311318502438833,0.033268065125123994,0.03388602232310498,0.9966666666666667,0.9959477948400624,0.9972583598084863,1.0,0.9998719677669952,1.0
T10_BUDGET_FAMILY-0071,A,T10_BUDGET_FAMILY,0.25,-1,1,-1,-0.025,0.025,25.0,-5.0,52,-1,5.0,0.05,0.4357787137382908,-4.9809734904587275,5.517508605390486,30000,True,0.0,0.0,0.0,0.0,0.0,0.011930666266042368,0.027765414493109722,0.03264100171378322,0.041927132332690374,0.6239768482717323,1.4460656767093498,1.6976964212877106,2.1889908217532863,0.032325598406265144,0.0329485894879142,0.9984,0.9978794659659608,0.9987929115041799,1.0,0.9998719677669952,1.0
T10_BUDGET_FAMILY-0072,A,T10_BUDGET_FAMILY,0.25,-1,1,-1,-0.025,0.025,25.0,-5.0,52,1,5.0,0.05,0.4357787137382908,4.9809734904587275,5.517508605390486,30000,True,0.0,0.0,0.0,0.0,0.0,0.011838816699084376,0.028677157292361217,0.03410280600052081,0.04444158543750854,0.6182708311122205,1.4942950473358183,1.7755730290007516,2.311965706936811,0.03382476533952414,0.03444672941396066,0.9961333333333333,0.9953647032985726,0.9967749212510244,1.0,0.9998719677669952,1.0
T10_BUDGET_FAMILY-0073,A,T10_BUDGET_FAMILY,0.25,-1,1,-1,-0.025,0.025,25.0,-5.0,53,-1,5.0,0.05,0.4357787137382908,-4.9809734904587275,5.413171104525138,30000,True,0.0,0.0,0.0,0.0,0.0,0.012121165892173815,0.028225725910132435,0.03309949826943181,0.042545523318225344,0.6462735083732146,1.4974027350991719,1.756357611525092,2.2678028197400466,0.032849386393478223,0.033440128466281346,0.9979,0.9973143650440183,0.9983581404583556,1.0,0.9998719677669952,1.0
T10_BUDGET_FAMILY-0074,A,T10_BUDGET_FAMILY,0.25,-1,1,-1,-0.025,0.025,25.0,-5.0,53,1,5.0,0.05,0.4357787137382908,4.9809734904587275,5.413171104525138,30000,True,0.0,0.0,0.0,0.0,0.0,0.012024713424084342,0.029139557473523432,0.03468943558359642,0.04508587449565147,0.6410140228914137,1.5481095855207687,1.8392039619734375,2.3919241639021673,0.03435780925650198,0.034974813727683504,0.9957,0.9948934333754642,0.9963796354687349,1.0,0.9998719677669952,1.0
T10_BUDGET_FAMILY-0075,A,T10_BUDGET_FAMILY,0.25,-1,1,-1,-0.025,0.025,25.0,-5.0,54,-1,5.0,0.05,0.4357787137382908,-4.9809734904587275,5.312695357434603,30000,True,0.0,0.0,0.0,0.0,0.0,0.012329810162260202,0.028661323944558812,0.0336419617643147,0.04317438789744549,0.6696546762854616,1.5493533064075704,1.8164233034442852,2.342431043500741,0.03335034004427465,0.03395150345470318,0.9977,0.9970905153201308,0.9981820413951363,1.0,0.9998719677669952,1.0
T10_BUDGET_FAMILY-0076,A,T10_BUDGET_FAMILY,0.25,-1,1,-1,-0.025,0.025,25.0,-5.0,54,1,5.0,0.05,0.4357787137382908,4.9809734904587275,5.312695357434603,30000,True,0.0,0.0,0.0,0.0,0.0,0.012218842123771938,0.029584369551987857,0.03528249623533387,0.04576413746628797,0.6634195853703729,1.603692548705501,1.902081974816643,2.4737333902643086,0.03491938049149231,0.035525376398594204,0.9949666666666667,0.9941000507749713,0.9957065391831694,1.0,0.9998719677669952,1.0
T10_BUDGET_FAMILY-0077,A,T10_BUDGET_FAMILY,0.25,-1,1,-1,-0.025,0.025,25.0,-5.0,55,-1,5.0,0.05,0.4357787137382908,-4.9809734904587275,5.215871447149576,30000,True,0.0,0.0,0.0,0.0,0.0,0.012535488143395473,0.02908730136629484,0.03416508794293365,0.0438337780269544,0.6924186773968225,1.6013835828546008,1.8785481517116234,2.41642495865762,0.03387254042486438,0.034453329209634245,0.9970333333333333,0.9963510277406685,0.9975883663509092,1.0,0.9998719677669952,1.0
T10_BUDGET_FAMILY-0078,A,T10_BUDGET_FAMILY,0.25,-1,1,-1,-0.025,0.025,25.0,-5.0,55,1,5.0,0.05,0.4357787137382908,4.9809734904587275,5.215871447149576,30000,True,0.0,0.0,0.0,0.0,0.0,0.012409905504238272,0.03008148660395694,0.03581349962912089,0.04656795554100664,0.6867114195612023,1.6578134789185657,1.968443239395782,2.561730845379741,0.0354683183271866,0.03609923879286948,0.9942666666666666,0.9933467355911132,0.9950600336121538,1.0,0.9998719677669952,1.0
T10_BUDGET_FAMILY-0079,A,T10_BUDGET_FAMILY,0.25,-1,1,-1,-0.025,0.025,25.0,-5.0,56,-1,5.0,0.05,0.4357787137382908,-4.9809734904587275,5.122504359721599,30000,True,0.0,0.0,0.0,0.0,0.0,0.012721616991338764,0.029537049180931696,0.03469182249536486,0.04445140502713788,0.7155359493769963,1.6553449601004782,1.9410410190693255,2.491876908390182,0.034388939084953406,0.03497412297744835,0.9964666666666666,0.9957286976417112,0.9970775082197305,1.0,0.9998719677669952,1.0
T10_BUDGET_FAMILY-0080,A,T10_BUDGET_FAMILY,0.25,-1,1,-1,-0.025,0.025,25.0,-5.0,56,1,5.0,0.05,0.4357787137382908,4.9809734904587275,5.122504359721599,30000,True,0.0,0.0,0.0,0.0,0.0,0.012617570330117392,0.030560505206265885,0.03636847247319392,0.047187442807105864,0.7102743243855353,1.7127796763995333,2.035908924432574,2.648520488516304,0.03601081213366238,0.03669369977541732,0.9935333333333334,0.9925609804345922,0.9943793098826167,1.0,0.9998719677669952,1.0
T10_BUDGET_FAMILY-0081,A,T10_BUDGET_FAMILY,0.25,-1,1,-1,-0.025,0.025,25.0,-5.0,57,-1,5.0,0.05,0.4357787137382908,-4.9809734904587275,5.032412688173951,30000,True,0.0,0.0,0.0,0.0,0.0,0.012926902515165102,0.029959579828239817,0.03519587950546379,0.04510369201787886,0.7393938161954314,1.7099009415893411,2.0060116765214873,2.5677781741944408,0.03491317030229661,0.03549866125988444,0.9961666666666666,0.9954010413966066,0.996805241284175,1.0,0.9998719677669952,1.0
T10_BUDGET_FAMILY-0082,A,T10_BUDGET_FAMILY,0.25,-1,1,-1,-0.025,0.025,25.0,-5.0,57,1,5.0,0.05,0.4357787137382908,4.9809734904587275,5.032412688173951,30000,True,0.0,0.0,0.0,0.0,0.0,0.012802887006667063,0.03103747986982117,0.03692924175206607,0.04787162098620537,0.7340360441244801,1.7717424247498565,2.103596979336678,2.7376749183255766,0.036539947272564224,0.037259674587896315,0.9927333333333334,0.9917071345585109,0.9936333606102707,1.0,0.9998719677669952,1.0
T10_BUDGET_FAMILY-0083,A,T10_BUDGET_FAMILY,0.25,-1,1,-1,-0.025,0.025,25.0,-5.0,58,-1,5.0,0.05,0.4357787137382908,-4.9809734904587275,4.945427469049711,30000,True,0.0,0.0,0.0,0.0,0.0,0.013125250563744166,0.030395760152138105,0.03570686317814728,0.04569912861218116,0.7633401139042947,1.7646728388809934,2.0726223972175517,2.6481126142597495,0.03543224062392588,0.03599832365992851,0.9958,0.9950020106285569,0.9964710326091957,1.0,0.9998719677669952,1.0
T10_BUDGET_FAMILY-0084,A,T10_BUDGET_FAMILY,0.25,-1,1,-1,-0.025,0.025,25.0,-5.0,58,1,5.0,0.05,0.4357787137382908,4.9809734904587275,4.945427469049711,30000,True,0.0,0.0,0.0,0.0,0.0,0.012993544897885949,0.031517767758779326,0.03748311932389678,0.04864768633634338,0.7583825783338759,1.829901050768109,2.1708675160468927,2.8289843000291097,0.037097763308525294,0.037833155386723355,0.9919333333333333,0.9908562351026965,0.9928844649176579,1.0,0.9998719677669952,1.0
T10_BUDGET_FAMILY-0085,A,T10_BUDGET_FAMILY,0.25,-1,1,-1,-0.025,0.025,25.0,-5.0,59,-1,5.0,0.05,0.4357787137382908,-4.9809734904587275,4.86139113603524,30000,True,0.0,0.0,0.0,0.0,0.0,0.013316843061361912,0.03083470025025545,0.03620038144155073,0.04629366603569921,0.7888924425936817,1.8216635961205971,2.1391197146735603,2.7317089084489004,0.03591948209118823,0.03652386942271024,0.9951666666666666,0.9943159633957672,0.9958905753494802,1.0,0.9998719677669952,1.0
T10_BUDGET_FAMILY-0086,A,T10_BUDGET_FAMILY,0.25,-1,1,-1,-0.025,0.025,25.0,-5.0,59,1,5.0,0.05,0.4357787137382908,4.9809734904587275,4.86139113603524,30000,True,0.0,0.0,0.0,0.0,0.0,0.013188566601333641,0.031994657039994816,0.03805615098869405,0.049403390349343886,0.7830065371628389,1.8898023726231397,2.2433244549097267,2.9201308336785985,0.037648060938960344,0.0383816100720186,0.9908333333333333,0.9896902965497864,0.9918506851414807,1.0,0.9998719677669952,1.0
T10_BUDGET_FAMILY-0087,A,T10_BUDGET_FAMILY,0.25,-1,1,-1,-0.025,0.025,25.0,-5.0,60,-1,5.0,0.05,0.4357787137382908,-4.9809734904587275,4.780156577174489,30000,True,0.0,0.0,0.0,0.0,0.0,0.013517500717035228,0.031277568224063045,0.03671686032024345,0.04688815296592305,0.8148712944590341,1.8785199963104162,2.2058637382912787,2.8167450659082043,0.036417709359737434,0.037049233605391765,0.9944666666666667,0.993561615078407,0.9952451029119669,1.0,0.9998719677669952,1.0
T10_BUDGET_FAMILY-0088,A,T10_BUDGET_FAMILY,0.25,-1,1,-1,-0.025,0.025,25.0,-5.0,60,1,5.0,0.05,0.4357787137382908,4.9809734904587275,4.780156577174489,30000,True,0.0,0.0,0.0,0.0,0.0,0.013410397391044644,0.03250626123341031,0.03860533451839115,0.050124178167652404,0.8084087814179178,1.9506170692290712,2.3150577415537117,3.0180222236133485,0.03815487767979976,0.039004634404948155,0.9896333333333334,0.9884228474489554,0.9907184415196708,0.9999666666666667,0.9998111938118758,0.999994115823935
T10_BUDGET_FAMILY-0089,A,T10_BUDGET_FAMILY,0.25,-1,1,1,-0.025,0.025,25.0,5.0,50,-1,5.0,0.05,-0.4357787137382908,-4.9809734904587275,5.640169182434962,30000,True,0.0,0.0,0.0,0.0,0.0,0.011814090044209564,0.027464176749653717,0.03231870146739198,0.04163537393146882,0.5935475743509012,1.3758821419445235,1.6187525443909572,2.082996004762097,0.03202475316585009,0.03267812728215873,0.9984666666666666,0.997955534850402,0.9988501588821076,1.0,0.9998719677669952,1.0
T10_BUDGET_FAMILY-0090,A,T10_BUDGET_FAMILY,0.25,-1,1,1,-0.025,0.025,25.0,5.0,50,1,5.0,0.05,-0.4357787137382908,4.9809734904587275,5.640169182434962,30000,True,0.0,0.0,0.0,0.0,0.0,0.011695468071441156,0.028357366610748898,0.033713269499618406,0.04396046797804644,0.5876695356659294,1.4211866949904723,1.6889688024422258,2.1978217732974032,0.03346003280682666,0.0341176134068337,0.9965,0.9957651754792087,0.9971076885134176,1.0,0.9998719677669952,1.0
T10_BUDGET_FAMILY-0091,A,T10_BUDGET_FAMILY,0.25,-1,1,1,-0.025,0.025,25.0,5.0,51,-1,5.0,0.05,-0.4357787137382908,-4.9809734904587275,5.531201283480402,30000,True,0.0,0.0,0.0,0.0,0.0,0.011991880186727562,0.027924735972398335,0.03280146154631018,0.04225565408072947,0.6155855997909043,1.4258822436153669,1.6758630744099088,2.159721169432478,0.03253241666495473,0.03315398164754023,0.9981,0.9975393710051829,0.9985330832842977,1.0,0.9998719677669952,1.0
T10_BUDGET_FAMILY-0092,A,T10_BUDGET_FAMILY,0.25,-1,1,1,-0.025,0.025,25.0,5.0,51,1,5.0,0.05,-0.4357787137382908,4.9809734904587275,5.531201283480402,30000,True,0.0,0.0,0.0,0.0,0.0,0.011889640507812195,0.02883936692069966,0.034270257925296546,0.04467210524183531,0.6094780732623335,1.4743638349338657,1.7515957700710012,2.2815580673420177,0.034009185674969,0.034667047770387635,0.9959666666666667,0.9951832043869616,0.9966231295067131,1.0,0.9998719677669952,1.0
T10_BUDGET_FAMILY-0093,A,T10_BUDGET_FAMILY,0.25,-1,1,1,-0.025,0.025,25.0,5.0,52,-1,5.0,0.05,-0.4357787137382908,-4.9809734904587275,5.4263517330611455,30000,True,0.0,0.0,0.0,0.0,0.0,0.012174555646950854,0.028384747238898618,0.03331910553260296,0.04287655602618411,0.6373671926427686,1.4769178903747635,1.732321362612533,2.237083796135874,0.03303949949101929,0.03367881123260515,0.9977333333333334,0.9971277498909644,0.9982114649554871,1.0,0.9998719677669952,1.0
T10_BUDGET_FAMILY-0094,A,T10_BUDGET_FAMILY,0.25,-1,1,1,-0.025,0.025,25.0,5.0,52,1,5.0,0.05,-0.4357787137382908,4.9809734904587275,5.4263517330611455,30000,True,0.0,0.0,0.0,0.0,0.0,0.012091162348628205,0.029314045150837405,0.03484858170797677,0.0454018846007317,0.6315318929113564,1.526653209297053,1.8159793465363654,2.361846056788372,0.03454627564255857,0.03520081223523629,0.9953666666666666,0.9945322120484754,0.996074275483879,1.0,0.9998719677669952,1.0
T10_BUDGET_FAMILY-0095,A,T10_BUDGET_FAMILY,0.25,-1,1,1,-0.025,0.025,25.0,5.0,53,-1,5.0,0.05,-0.4357787137382908,-4.9809734904587275,5.325392051266367,30000,True,0.0,0.0,0.0,0.0,0.0,0.012378012157047931,0.028816923338499497,0.03383554108220117,0.04349599635205987,0.660060854979305,1.5294172177397167,1.7932620736820293,2.3149262727952435,0.03355812113250617,0.03418751876548176,0.9974666666666666,0.9968306259817193,0.9979753238152563,1.0,0.9998719677669952,1.0
T10_BUDGET_FAMILY-0096,A,T10_BUDGET_FAMILY,0.25,-1,1,1,-0.025,0.025,25.0,5.0,53,1,5.0,0.05,-0.4357787137382908,4.9809734904587275,5.325392051266367,30000,True,0.0,0.0,0.0,0.0,0.0,0.012282222094145662,0.029773798982731272,0.0354350456392514,0.04610106893032986,0.6536213624705213,1.5810889768526801,1.8786585150268695,2.4430341072770747,0.03508265624413299,0.035740241524747855,0.9946333333333334,0.9937408906939705,0.9953991179523257,1.0,0.9998719677669952,1.0
T10_BUDGET_FAMILY-0097,A,T10_BUDGET_FAMILY,0.25,-1,1,1,-0.025,0.025,25.0,5.0,54,-1,5.0,0.05,-0.4357787137382908,-4.9809734904587275,5.228110305500496,30000,True,0.0,0.0,0.0,0.0,0.0,0.012574759320330952,0.02922888986130103,0.03436000455620019,0.04414343558322655,0.6828356850876972,1.5808032671599688,1.8541292997764625,2.389527753660055,0.034027984660404534,0.034678808708421584,0.9969,0.996204149071724,0.9974686124951159,1.0,0.9998719677669952,1.0
T10_BUDGET_FAMILY-0098,A,T10_BUDGET_FAMILY,0.25,-1,1,1,-0.025,0.025,25.0,5.0,54,1,5.0,0.05,-0.4357787137382908,4.9809734904587275,5.228110305500496,30000,True,0.0,0.0,0.0,0.0,0.0,0.012473898107722271,0.03024435973558102,0.036032494161653605,0.04682934754978347,0.6765634748586129,1.637009649996436,1.9440931292530987,2.5282546594434185,0.03562913297292446,0.03631905434751809,0.994,0.9930606330567747,0.9948128710970164,1.0,0.9998719677669952,1.0
T10_BUDGET_FAMILY-0099,A,T10_BUDGET_FAMILY,0.25,-1,1,1,-0.025,0.025,25.0,5.0,55,-1,5.0,0.05,-0.4357787137382908,-4.9809734904587275,5.13430964315738,30000,True,0.0,0.0,0.0,0.0,0.0,0.01276677006123686,0.029682874211989164,0.03488014132450572,0.04474573865160894,0.7059517400262328,1.6339759734829267,1.9168134453584729,2.465269797348114,0.03455590971628895,0.03516856054927938,0.9963333333333333,0.995582932697406,0.9969566406392977,1.0,0.9998719677669952,1.0
T10_BUDGET_FAMILY-0100,A,T10_BUDGET_FAMILY,0.25,-1,1,1,-0.025,0.025,25.0,5.0,55,1,5.0,0.05,-0.4357787137382908,4.9809734904587275,5.13430964315738,30000,True,0.0,0.0,0.0,0.0,0.0,0.01267043599490837,0.030708756046532348,0.036555390572210134,0.04754603050644241,0.6997712208155888,1.6913565356432823,2.011376855958713,2.6164677338178857,0.03620066882954001,0.036884254124468635,0.9932333333333333,0.9922404110021452,0.9940999561344033,1.0,0.9998719677669952,1.0
T10_BUDGET_FAMILY-0101,A,T10_BUDGET_FAMILY,0.25,-1,1,1,-0.025,0.025,25.0,5.0,56,-1,5.0,0.05,-0.4357787137382908,-4.9809734904587275,5.04380697729673,30000,True,0.0,0.0,0.0,0.0,0.0,0.012967061188298093,0.030103143735670784,0.035374308945546495,0.045360651652787354,0.7295168069927719,1.687308340852741,1.98007484416344,2.538334744019829,0.03508553930416675,0.03566306015583187,0.9960666666666667,0.995292065900496,0.9967142423867321,1.0,0.9998719677669952,1.0
T10_BUDGET_FAMILY-0102,A,T10_BUDGET_FAMILY,0.25,-1,1,1,-0.025,0.025,25.0,5.0,56,1,5.0,0.05,-0.4357787137382908,4.9809734904587275,5.04380697729673,30000,True,0.0,0.0,0.0,0.0,0.0,0.012866482550590672,0.031193329661491274,0.03710820151203225,0.04820803000047797,0.7239927273515296,1.7489654463595863,2.0786121973505685,2.7042094938137846,0.0367247983413919,0.03746344941856134,0.9925333333333334,0.9914941519643705,0.9934463944173042,1.0,0.9998719677669952,1.0
T10_BUDGET_FAMILY-0103,A,T10_BUDGET_FAMILY,0.25,-1,1,1,-0.025,0.025,25.0,5.0,57,-1,5.0,0.05,-0.4357787137382908,-4.9809734904587275,4.956431807076443,30000,True,0.0,0.0,0.0,0.0,0.0,0.013170513448690389,0.030526631472718474,0.0358975786968584,0.04595678022720824,0.7545244927918021,1.7421345952197924,2.0437918769509134,2.6187339380582606,0.035609971321768547,0.036178136122030365,0.9955,0.9946765751433141,0.9961965449137783,1.0,0.9998719677669952,1.0
T10_BUDGET_FAMILY-0104,A,T10_BUDGET_FAMILY,0.25,-1,1,1,-0.025,0.025,25.0,5.0,57,1,5.0,0.05,-0.4357787137382908,4.9809734904587275,4.956431807076443,30000,True,0.0,0.0,0.0,0.0,0.0,0.013054694252557167,0.031660562133048506,0.03765157753424045,0.04889781554251141,0.7474803661784584,1.8051964731477232,2.1472265168000213,2.7908579714988746,0.03727005627092283,0.03804282343955441,0.9915,0.990396407194548,0.9924777371204084,1.0,0.9998719677669952,1.0
T10_BUDGET_FAMILY-0105,A,T10_BUDGET_FAMILY,0.25,-1,1,1,-0.025,0.025,25.0,5.0,58,-1,5.0,0.05,-0.4357787137382908,-4.9809734904587275,4.8720251571331366,30000,True,0.0,0.0,0.0,0.0,0.0,0.013388243080759248,0.03099973366551196,0.036398066612971416,0.046557295082550965,0.7784872006469695,1.7963980921822658,2.1113062642424674,2.699878780235942,0.036120401005788824,0.03670013075937033,0.9949,0.9940281511281668,0.9956451225676051,1.0,0.9998719677669952,1.0
T10_BUDGET_FAMILY-0106,A,T10_BUDGET_FAMILY,0.25,-1,1,1,-0.025,0.025,25.0,5.0,58,1,5.0,0.05,-0.4357787137382908,4.9809734904587275,4.8720251571331366,30000,True,0.0,0.0,0.0,0.0,0.0,0.013260815054285684,0.03213504641881313,0.03819340765710434,0.04966178609691645,0.7722898091246361,1.8644701255101235,2.2160458780369896,2.8827364385009515,0.03781304376125613,0.03861109944538899,0.9905,0.9893377934766658,0.9915366069027565,1.0,0.9998719677669952,1.0
T10_BUDGET_FAMILY-0107,A,T10_BUDGET_FAMILY,0.25,-1,1,1,-0.025,0.025,25.0,5.0,59,-1,5.0,0.05,-0.4357787137382908,-4.9809734904587275,4.790438622182299,30000,True,0.0,0.0,0.0,0.0,0.0,0.013581149344755938,0.03141603675219555,0.036906232920482944,0.04710364693830142,0.8039616595096698,1.8527744204916314,2.1795176586359637,2.782677161544819,0.03658884486178009,0.03719359152405855,0.9941,0.99316786914978,0.9949056093975647,1.0,0.9998719677669952,1.0
T10_BUDGET_FAMILY-0108,A,T10_BUDGET_FAMILY,0.25,-1,1,1,-0.025,0.025,25.0,5.0,59,1,5.0,0.05,-0.4357787137382908,4.9809734904587275,4.790438622182299,30000,True,0.0,0.0,0.0,0.0,0.0,0.0134576301512928,0.032619295723607805,0.038781584328060795,0.05039695324401251,0.7969660563813223,1.9248880679001974,2.288744445076429,2.9791342637585365,0.03834825734444102,0.03918111740751307,0.9892333333333333,0.9880012675420368,0.9903401238523758,0.9999666666666667,0.9998111938118758,0.999994115823935
T10_BUDGET_FAMILY-0109,A,T10_BUDGET_FAMILY,0.25,-1,1,1,-0.025,0.025,25.0,5.0,60,-1,5.0,0.05,-0.4357787137382908,-4.9809734904587275,4.711533504886566,30000,True,0.0,0.0,0.0,0.0,0.0,0.013773175963935696,0.03185234703578163,0.03739837681248493,0.04771169576713786,0.8296169303514143,1.9124942723804683,2.2477363469274105,2.8674919447013165,0.037117139497004695,0.03774996970401752,0.9933666666666666,0.9923828278110864,0.9942241718501998,1.0,0.9998719677669952,1.0
T10_BUDGET_FAMILY-0110,A,T10_BUDGET_FAMILY,0.25,-1,1,1,-0.025,0.025,25.0,5.0,60,1,5.0,0.05,-0.4357787137382908,4.9809734904587275,4.711533504886566,30000,True,0.0,0.0,0.0,0.0,0.0,0.013671604582558672,0.033091548565092783,0.0393351488141608,0.05114245432182661,0.8231970160577152,1.9882718363484966,2.3622823784778504,3.078611659211662,0.03890494569810213,0.03974501049867089,0.9877,0.9863888291704719,0.9888862881894553,0.9999666666666667,0.9998111938118758,0.999994115823935
T10_BUDGET_FAMILY-0111,A,T10_BUDGET_FAMILY,0.25,1,-1,-1,0.025,-0.025,25.0,-5.0,50,-1,5.0,0.05,0.4357787137382908,-4.9809734904587275,5.738691901997113,30000,True,0.0,0.0,0.0,0.0,0.0,0.011433783181811066,0.027737830907001496,0.032975083079220584,0.04291909002365926,0.5751384765888631,1.3896373434489442,1.6509182596391094,2.150816181210299,0.03269870331084533,0.033348924343440556,0.9972333333333333,0.9965719295782975,0.9977674133003869,1.0,0.9998719677669952,1.0
T10_BUDGET_FAMILY-0112,A,T10_BUDGET_FAMILY,0.25,1,-1,-1,0.025,-0.025,25.0,-5.0,50,1,5.0,0.05,0.4357787137382908,4.9809734904587275,5.738691901997113,30000,True,0.0,0.0,0.0,0.0,0.0,0.011543263577740532,0.026875542816489142,0.031618169435930384,0.040678175803891034,0.5805631048196255,1.3475349714631673,1.5846490386300907,2.0384657266620207,0.03133570728369023,0.03194151452861632,0.9988333333333334,0.9983779622664656,0.9991609709090733,1.0,0.9998719677669952,1.0
T10_BUDGET_FAMILY-0113,A,T10_BUDGET_FAMILY,0.25,1,-1,-1,0.025,-0.025,25.0,-5.0,51,-1,5.0,0.05,0.4357787137382908,-4.9809734904587275,5.6259341265778495,30000,True,0.0,0.0,0.0,0.0,0.0,0.011632697087203865,0.02820645310755584,0.03353762185067735,0.043707821455444475,0.5958132590451042,1.440399162772863,1.7131248260884198,2.2311318502438833,0.033268065125123994,0.03388602232310498,0.9966666666666667,0.9959477948400624,0.9972583598084863,1.0,0.9998719677669952,1.0
T10_BUDGET_FAMILY-0114,A,T10_BUDGET_FAMILY,0.25,1,-1,-1,0.025,-0.025,25.0,-5.0,51,1,5.0,0.05,0.4357787137382908,4.9809734904587275,5.6259341265778495,30000,True,0.0,0.0,0.0,0.0,0.0,0.011741553881442433,0.02731816809274274,0.03211089199284345,0.041308549993843396,0.6019391471106516,1.3970678306104738,1.6410519570147828,2.1090680996756364,0.03180323101415142,0.0324647632573991,0.9985333333333334,0.9980318073240265,0.9989072026708522,1.0,0.9998719677669952,1.0
T10_BUDGET_FAMILY-0115,A,T10_BUDGET_FAMILY,0.25,1,-1,-1,0.025,-0.025,25.0,-5.0,52,-1,5.0,0.05,0.4357787137382908,-4.9809734904587275,5.517508605390486,30000,True,0.0,0.0,0.0,0.0,0.0,0.011838816699084376,0.028677157292361217,0.03410280600052081,0.04444158543750854,0.6182708311122205,1.4942950473358183,1.7755730290007516,2.311965706936811,0.03382476533952414,0.03444672941396066,0.9961333333333333,0.9953647032985726,0.9967749212510244,1.0,0.9998719677669952,1.0
T10_BUDGET_FAMILY-0116,A,T10_BUDGET_FAMILY,0.25,1,-1,-1,0.025,-0.025,25.0,-5.0,52,1,5.0,0.05,0.4357787137382908,4.9809734904587275,5.517508605390486,30000,True,0.0,0.0,0.0,0.0,0.0,0.011930666266042368,0.027765414493109722,0.03264100171378322,0.041927132332690374,0.6239768482717323,1.4460656767093498,1.6976964212877106,2.1889908217532863,0.032325598406265144,0.0329485894879142,0.9984,0.9978794659659608,0.9987929115041799,1.0,0.9998719677669952,1.0
T10_BUDGET_FAMILY-0117,A,T10_BUDGET_FAMILY,0.25,1,-1,-1,0.025,-0.025,25.0,-5.0,53,-1,5.0,0.05,0.4357787137382908,-4.9809734904587275,5.413171104525138,30000,True,0.0,0.0,0.0,0.0,0.0,0.012024713424084342,0.029139557473523432,0.03468943558359642,0.04508587449565147,0.6410140228914137,1.5481095855207687,1.8392039619734375,2.3919241639021673,0.03435780925650198,0.034974813727683504,0.9957,0.9948934333754642,0.9963796354687349,1.0,0.9998719677669952,1.0
T10_BUDGET_FAMILY-0118,A,T10_BUDGET_FAMILY,0.25,1,-1,-1,0.025,-0.025,25.0,-5.0,53,1,5.0,0.05,0.4357787137382908,4.9809734904587275,5.413171104525138,30000,True,0.0,0.0,0.0,0.0,0.0,0.012121165892173815,0.028225725910132435,0.03309949826943181,0.042545523318225344,0.6462735083732146,1.4974027350991719,1.756357611525092,2.2678028197400466,0.032849386393478223,0.033440128466281346,0.9979,0.9973143650440183,0.9983581404583556,1.0,0.9998719677669952,1.0
T10_BUDGET_FAMILY-0119,A,T10_BUDGET_FAMILY,0.25,1,-1,-1,0.025,-0.025,25.0,-5.0,54,-1,5.0,0.05,0.4357787137382908,-4.9809734904587275,5.312695357434603,30000,True,0.0,0.0,0.0,0.0,0.0,0.012218842123771938,0.029584369551987857,0.03528249623533387,0.04576413746628797,0.6634195853703729,1.603692548705501,1.902081974816643,2.4737333902643086,0.03491938049149231,0.035525376398594204,0.9949666666666667,0.9941000507749713,0.9957065391831694,1.0,0.9998719677669952,1.0
T10_BUDGET_FAMILY-0120,A,T10_BUDGET_FAMILY,0.25,1,-1,-1,0.025,-0.025,25.0,-5.0,54,1,5.0,0.05,0.4357787137382908,4.9809734904587275,5.312695357434603,30000,True,0.0,0.0,0.0,0.0,0.0,0.012329810162260202,0.028661323944558812,0.0336419617643147,0.04317438789744549,0.6696546762854616,1.5493533064075704,1.8164233034442852,2.342431043500741,0.03335034004427465,0.03395150345470318,0.9977,0.9970905153201308,0.9981820413951363,1.0,0.9998719677669952,1.0
T10_BUDGET_FAMILY-0121,A,T10_BUDGET_FAMILY,0.25,1,-1,-1,0.025,-0.025,25.0,-5.0,55,-1,5.0,0.05,0.4357787137382908,-4.9809734904587275,5.215871447149576,30000,True,0.0,0.0,0.0,0.0,0.0,0.012409905504238272,0.03008148660395694,0.03581349962912089,0.04656795554100664,0.6867114195612023,1.6578134789185657,1.968443239395782,2.561730845379741,0.0354683183271866,0.03609923879286948,0.9942666666666666,0.9933467355911132,0.9950600336121538,1.0,0.9998719677669952,1.0
T10_BUDGET_FAMILY-0122,A,T10_BUDGET_FAMILY,0.25,1,-1,-1,0.025,-0.025,25.0,-5.0,55,1,5.0,0.05,0.4357787137382908,4.9809734904587275,5.215871447149576,30000,True,0.0,0.0,0.0,0.0,0.0,0.012535488143395473,0.02908730136629484,0.03416508794293365,0.0438337780269544,0.6924186773968225,1.6013835828546008,1.8785481517116234,2.41642495865762,0.03387254042486438,0.034453329209634245,0.9970333333333333,0.9963510277406685,0.9975883663509092,1.0,0.9998719677669952,1.0
T10_BUDGET_FAMILY-0123,A,T10_BUDGET_FAMILY,0.25,1,-1,-1,0.025,-0.025,25.0,-5.0,56,-1,5.0,0.05,0.4357787137382908,-4.9809734904587275,5.122504359721599,30000,True,0.0,0.0,0.0,0.0,0.0,0.012617570330117392,0.030560505206265885,0.03636847247319392,0.047187442807105864,0.7102743243855353,1.7127796763995333,2.035908924432574,2.648520488516304,0.03601081213366238,0.03669369977541732,0.9935333333333334,0.9925609804345922,0.9943793098826167,1.0,0.9998719677669952,1.0
T10_BUDGET_FAMILY-0124,A,T10_BUDGET_FAMILY,0.25,1,-1,-1,0.025,-0.025,25.0,-5.0,56,1,5.0,0.05,0.4357787137382908,4.9809734904587275,5.122504359721599,30000,True,0.0,0.0,0.0,0.0,0.0,0.012721616991338764,0.029537049180931696,0.03469182249536486,0.04445140502713788,0.7155359493769963,1.6553449601004782,1.9410410190693255,2.491876908390182,0.034388939084953406,0.03497412297744835,0.9964666666666666,0.9957286976417112,0.9970775082197305,1.0,0.9998719677669952,1.0
T10_BUDGET_FAMILY-0125,A,T10_BUDGET_FAMILY,0.25,1,-1,-1,0.025,-0.025,25.0,-5.0,57,-1,5.0,0.05,0.4357787137382908,-4.9809734904587275,5.032412688173951,30000,True,0.0,0.0,0.0,0.0,0.0,0.012802887006667063,0.03103747986982117,0.03692924175206607,0.04787162098620537,0.7340360441244801,1.7717424247498565,2.103596979336678,2.7376749183255766,0.036539947272564224,0.037259674587896315,0.9927333333333334,0.9917071345585109,0.9936333606102707,1.0,0.9998719677669952,1.0
T10_BUDGET_FAMILY-0126,A,T10_BUDGET_FAMILY,0.25,1,-1,-1,0.025,-0.025,25.0,-5.0,57,1,5.0,0.05,0.4357787137382908,4.9809734904587275,5.032412688173951,30000,True,0.0,0.0,0.0,0.0,0.0,0.012926902515165102,0.029959579828239817,0.03519587950546379,0.04510369201787886,0.7393938161954314,1.7099009415893411,2.0060116765214873,2.5677781741944408,0.03491317030229661,0.03549866125988444,0.9961666666666666,0.9954010413966066,0.996805241284175,1.0,0.9998719677669952,1.0
T10_BUDGET_FAMILY-0127,A,T10_BUDGET_FAMILY,0.25,1,-1,-1,0.025,-0.025,25.0,-5.0,58,-1,5.0,0.05,0.4357787137382908,-4.9809734904587275,4.945427469049711,30000,True,0.0,0.0,0.0,0.0,0.0,0.012993544897885949,0.031517767758779326,0.03748311932389678,0.04864768633634338,0.7583825783338759,1.829901050768109,2.1708675160468927,2.8289843000291097,0.037097763308525294,0.037833155386723355,0.9919333333333333,0.9908562351026965,0.9928844649176579,1.0,0.9998719677669952,1.0
T10_BUDGET_FAMILY-0128,A,T10_BUDGET_FAMILY,0.25,1,-1,-1,0.025,-0.025,25.0,-5.0,58,1,5.0,0.05,0.4357787137382908,4.9809734904587275,4.945427469049711,30000,True,0.0,0.0,0.0,0.0,0.0,0.013125250563744166,0.030395760152138105,0.03570686317814728,0.04569912861218116,0.7633401139042947,1.7646728388809934,2.0726223972175517,2.6481126142597495,0.03543224062392588,0.03599832365992851,0.9958,0.9950020106285569,0.9964710326091957,1.0,0.9998719677669952,1.0
T10_BUDGET_FAMILY-0129,A,T10_BUDGET_FAMILY,0.25,1,-1,-1,0.025,-0.025,25.0,-5.0,59,-1,5.0,0.05,0.4357787137382908,-4.9809734904587275,4.86139113603524,30000,True,0.0,0.0,0.0,0.0,0.0,0.013188566601333641,0.031994657039994816,0.03805615098869405,0.049403390349343886,0.7830065371628389,1.8898023726231397,2.2433244549097267,2.9201308336785985,0.037648060938960344,0.0383816100720186,0.9908333333333333,0.9896902965497864,0.9918506851414807,1.0,0.9998719677669952,1.0
T10_BUDGET_FAMILY-0130,A,T10_BUDGET_FAMILY,0.25,1,-1,-1,0.025,-0.025,25.0,-5.0,59,1,5.0,0.05,0.4357787137382908,4.9809734904587275,4.86139113603524,30000,True,0.0,0.0,0.0,0.0,0.0,0.013316843061361912,0.03083470025025545,0.03620038144155073,0.04629366603569921,0.7888924425936817,1.8216635961205971,2.1391197146735603,2.7317089084489004,0.03591948209118823,0.03652386942271024,0.9951666666666666,0.9943159633957672,0.9958905753494802,1.0,0.9998719677669952,1.0
T10_BUDGET_FAMILY-0131,A,T10_BUDGET_FAMILY,0.25,1,-1,-1,0.025,-0.025,25.0,-5.0,60,-1,5.0,0.05,0.4357787137382908,-4.9809734904587275,4.780156577174489,30000,True,0.0,0.0,0.0,0.0,0.0,0.013410397391044644,0.03250626123341031,0.03860533451839115,0.050124178167652404,0.8084087814179178,1.9506170692290712,2.3150577415537117,3.0180222236133485,0.03815487767979976,0.039004634404948155,0.9896333333333334,0.9884228474489554,0.9907184415196708,0.9999666666666667,0.9998111938118758,0.999994115823935
T10_BUDGET_FAMILY-0132,A,T10_BUDGET_FAMILY,0.25,1,-1,-1,0.025,-0.025,25.0,-5.0,60,1,5.0,0.05,0.4357787137382908,4.9809734904587275,4.780156577174489,30000,True,0.0,0.0,0.0,0.0,0.0,0.013517500717035228,0.031277568224063045,0.03671686032024345,0.04688815296592305,0.8148712944590341,1.8785199963104162,2.2058637382912787,2.8167450659082043,0.036417709359737434,0.037049233605391765,0.9944666666666667,0.993561615078407,0.9952451029119669,1.0,0.9998719677669952,1.0
T10_BUDGET_FAMILY-0133,A,T10_BUDGET_FAMILY,0.25,1,-1,1,0.025,-0.025,25.0,5.0,50,-1,5.0,0.05,-0.4357787137382908,-4.9809734904587275,5.640169182434962,30000,True,0.0,0.0,0.0,0.0,0.0,0.011695468071441156,0.028357366610748898,0.033713269499618406,0.04396046797804644,0.5876695356659294,1.4211866949904723,1.6889688024422258,2.1978217732974032,0.03346003280682666,0.0341176134068337,0.9965,0.9957651754792087,0.9971076885134176,1.0,0.9998719677669952,1.0
T10_BUDGET_FAMILY-0134,A,T10_BUDGET_FAMILY,0.25,1,-1,1,0.025,-0.025,25.0,5.0,50,1,5.0,0.05,-0.4357787137382908,4.9809734904587275,5.640169182434962,30000,True,0.0,0.0,0.0,0.0,0.0,0.011814090044209564,0.027464176749653717,0.03231870146739198,0.04163537393146882,0.5935475743509012,1.3758821419445235,1.6187525443909572,2.082996004762097,0.03202475316585009,0.03267812728215873,0.9984666666666666,0.997955534850402,0.9988501588821076,1.0,0.9998719677669952,1.0
T10_BUDGET_FAMILY-0135,A,T10_BUDGET_FAMILY,0.25,1,-1,1,0.025,-0.025,25.0,5.0,51,-1,5.0,0.05,-0.4357787137382908,-4.9809734904587275,5.531201283480402,30000,True,0.0,0.0,0.0,0.0,0.0,0.011889640507812195,0.02883936692069966,0.034270257925296546,0.04467210524183531,0.6094780732623335,1.4743638349338657,1.7515957700710012,2.2815580673420177,0.034009185674969,0.034667047770387635,0.9959666666666667,0.9951832043869616,0.9966231295067131,1.0,0.9998719677669952,1.0
T10_BUDGET_FAMILY-0136,A,T10_BUDGET_FAMILY,0.25,1,-1,1,0.025,-0.025,25.0,5.0,51,1,5.0,0.05,-0.4357787137382908,4.9809734904587275,5.531201283480402,30000,True,0.0,0.0,0.0,0.0,0.0,0.011991880186727562,0.027924735972398335,0.03280146154631018,0.04225565408072947,0.6155855997909043,1.4258822436153669,1.6758630744099088,2.159721169432478,0.03253241666495473,0.03315398164754023,0.9981,0.9975393710051829,0.9985330832842977,1.0,0.9998719677669952,1.0
T10_BUDGET_FAMILY-0137,A,T10_BUDGET_FAMILY,0.25,1,-1,1,0.025,-0.025,25.0,5.0,52,-1,5.0,0.05,-0.4357787137382908,-4.9809734904587275,5.4263517330611455,30000,True,0.0,0.0,0.0,0.0,0.0,0.012091162348628205,0.029314045150837405,0.03484858170797677,0.0454018846007317,0.6315318929113564,1.526653209297053,1.8159793465363654,2.361846056788372,0.03454627564255857,0.03520081223523629,0.9953666666666666,0.9945322120484754,0.996074275483879,1.0,0.9998719677669952,1.0
T10_BUDGET_FAMILY-0138,A,T10_BUDGET_FAMILY,0.25,1,-1,1,0.025,-0.025,25.0,5.0,52,1,5.0,0.05,-0.4357787137382908,4.9809734904587275,5.4263517330611455,30000,True,0.0,0.0,0.0,0.0,0.0,0.012174555646950854,0.028384747238898618,0.03331910553260296,0.04287655602618411,0.6373671926427686,1.4769178903747635,1.732321362612533,2.237083796135874,0.03303949949101929,0.03367881123260515,0.9977333333333334,0.9971277498909644,0.9982114649554871,1.0,0.9998719677669952,1.0
T10_BUDGET_FAMILY-0139,A,T10_BUDGET_FAMILY,0.25,1,-1,1,0.025,-0.025,25.0,5.0,53,-1,5.0,0.05,-0.4357787137382908,-4.9809734904587275,5.325392051266367,30000,True,0.0,0.0,0.0,0.0,0.0,0.012282222094145662,0.029773798982731272,0.0354350456392514,0.04610106893032986,0.6536213624705213,1.5810889768526801,1.8786585150268695,2.4430341072770747,0.03508265624413299,0.035740241524747855,0.9946333333333334,0.9937408906939705,0.9953991179523257,1.0,0.9998719677669952,1.0
T10_BUDGET_FAMILY-0140,A,T10_BUDGET_FAMILY,0.25,1,-1,1,0.025,-0.025,25.0,5.0,53,1,5.0,0.05,-0.4357787137382908,4.9809734904587275,5.325392051266367,30000,True,0.0,0.0,0.0,0.0,0.0,0.012378012157047931,0.028816923338499497,0.03383554108220117,0.04349599635205987,0.660060854979305,1.5294172177397167,1.7932620736820293,2.3149262727952435,0.03355812113250617,0.03418751876548176,0.9974666666666666,0.9968306259817193,0.9979753238152563,1.0,0.9998719677669952,1.0
T10_BUDGET_FAMILY-0141,A,T10_BUDGET_FAMILY,0.25,1,-1,1,0.025,-0.025,25.0,5.0,54,-1,5.0,0.05,-0.4357787137382908,-4.9809734904587275,5.228110305500496,30000,True,0.0,0.0,0.0,0.0,0.0,0.012473898107722271,0.03024435973558102,0.036032494161653605,0.04682934754978347,0.6765634748586129,1.637009649996436,1.9440931292530987,2.5282546594434185,0.03562913297292446,0.03631905434751809,0.994,0.9930606330567747,0.9948128710970164,1.0,0.9998719677669952,1.0
T10_BUDGET_FAMILY-0142,A,T10_BUDGET_FAMILY,0.25,1,-1,1,0.025,-0.025,25.0,5.0,54,1,5.0,0.05,-0.4357787137382908,4.9809734904587275,5.228110305500496,30000,True,0.0,0.0,0.0,0.0,0.0,0.012574759320330952,0.02922888986130103,0.03436000455620019,0.04414343558322655,0.6828356850876972,1.5808032671599688,1.8541292997764625,2.389527753660055,0.034027984660404534,0.034678808708421584,0.9969,0.996204149071724,0.9974686124951159,1.0,0.9998719677669952,1.0
T10_BUDGET_FAMILY-0143,A,T10_BUDGET_FAMILY,0.25,1,-1,1,0.025,-0.025,25.0,5.0,55,-1,5.0,0.05,-0.4357787137382908,-4.9809734904587275,5.13430964315738,30000,True,0.0,0.0,0.0,0.0,0.0,0.01267043599490837,0.030708756046532348,0.036555390572210134,0.04754603050644241,0.6997712208155888,1.6913565356432823,2.011376855958713,2.6164677338178857,0.03620066882954001,0.036884254124468635,0.9932333333333333,0.9922404110021452,0.9940999561344033,1.0,0.9998719677669952,1.0
T10_BUDGET_FAMILY-0144,A,T10_BUDGET_FAMILY,0.25,1,-1,1,0.025,-0.025,25.0,5.0,55,1,5.0,0.05,-0.4357787137382908,4.9809734904587275,5.13430964315738,30000,True,0.0,0.0,0.0,0.0,0.0,0.01276677006123686,0.029682874211989164,0.03488014132450572,0.04474573865160894,0.7059517400262328,1.6339759734829267,1.9168134453584729,2.465269797348114,0.03455590971628895,0.03516856054927938,0.9963333333333333,0.995582932697406,0.9969566406392977,1.0,0.9998719677669952,1.0
T10_BUDGET_FAMILY-0145,A,T10_BUDGET_FAMILY,0.25,1,-1,1,0.025,-0.025,25.0,5.0,56,-1,5.0,0.05,-0.4357787137382908,-4.9809734904587275,5.04380697729673,30000,True,0.0,0.0,0.0,0.0,0.0,0.012866482550590672,0.031193329661491274,0.03710820151203225,0.04820803000047797,0.7239927273515296,1.7489654463595863,2.0786121973505685,2.7042094938137846,0.0367247983413919,0.03746344941856134,0.9925333333333334,0.9914941519643705,0.9934463944173042,1.0,0.9998719677669952,1.0
T10_BUDGET_FAMILY-0146,A,T10_BUDGET_FAMILY,0.25,1,-1,1,0.025,-0.025,25.0,5.0,56,1,5.0,0.05,-0.4357787137382908,4.9809734904587275,5.04380697729673,30000,True,0.0,0.0,0.0,0.0,0.0,0.012967061188298093,0.030103143735670784,0.035374308945546495,0.045360651652787354,0.7295168069927719,1.687308340852741,1.98007484416344,2.538334744019829,0.03508553930416675,0.03566306015583187,0.9960666666666667,0.995292065900496,0.9967142423867321,1.0,0.9998719677669952,1.0
T10_BUDGET_FAMILY-0147,A,T10_BUDGET_FAMILY,0.25,1,-1,1,0.025,-0.025,25.0,5.0,57,-1,5.0,0.05,-0.4357787137382908,-4.9809734904587275,4.956431807076443,30000,True,0.0,0.0,0.0,0.0,0.0,0.013054694252557167,0.031660562133048506,0.03765157753424045,0.04889781554251141,0.7474803661784584,1.8051964731477232,2.1472265168000213,2.7908579714988746,0.03727005627092283,0.03804282343955441,0.9915,0.990396407194548,0.9924777371204084,1.0,0.9998719677669952,1.0
T10_BUDGET_FAMILY-0148,A,T10_BUDGET_FAMILY,0.25,1,-1,1,0.025,-0.025,25.0,5.0,57,1,5.0,0.05,-0.4357787137382908,4.9809734904587275,4.956431807076443,30000,True,0.0,0.0,0.0,0.0,0.0,0.013170513448690389,0.030526631472718474,0.0358975786968584,0.04595678022720824,0.7545244927918021,1.7421345952197924,2.0437918769509134,2.6187339380582606,0.035609971321768547,0.036178136122030365,0.9955,0.9946765751433141,0.9961965449137783,1.0,0.9998719677669952,1.0
T10_BUDGET_FAMILY-0149,A,T10_BUDGET_FAMILY,0.25,1,-1,1,0.025,-0.025,25.0,5.0,58,-1,5.0,0.05,-0.4357787137382908,-4.9809734904587275,4.8720251571331366,30000,True,0.0,0.0,0.0,0.0,0.0,0.013260815054285684,0.03213504641881313,0.03819340765710434,0.04966178609691645,0.7722898091246361,1.8644701255101235,2.2160458780369896,2.8827364385009515,0.03781304376125613,0.03861109944538899,0.9905,0.9893377934766658,0.9915366069027565,1.0,0.9998719677669952,1.0
T10_BUDGET_FAMILY-0150,A,T10_BUDGET_FAMILY,0.25,1,-1,1,0.025,-0.025,25.0,5.0,58,1,5.0,0.05,-0.4357787137382908,4.9809734904587275,4.8720251571331366,30000,True,0.0,0.0,0.0,0.0,0.0,0.013388243080759248,0.03099973366551196,0.036398066612971416,0.046557295082550965,0.7784872006469695,1.7963980921822658,2.1113062642424674,2.699878780235942,0.036120401005788824,0.03670013075937033,0.9949,0.9940281511281668,0.9956451225676051,1.0,0.9998719677669952,1.0
T10_BUDGET_FAMILY-0151,A,T10_BUDGET_FAMILY,0.25,1,-1,1,0.025,-0.025,25.0,5.0,59,-1,5.0,0.05,-0.4357787137382908,-4.9809734904587275,4.790438622182299,30000,True,0.0,0.0,0.0,0.0,0.0,0.0134576301512928,0.032619295723607805,0.038781584328060795,0.05039695324401251,0.7969660563813223,1.9248880679001974,2.288744445076429,2.9791342637585365,0.03834825734444102,0.03918111740751307,0.9892333333333333,0.9880012675420368,0.9903401238523758,0.9999666666666667,0.9998111938118758,0.999994115823935
T10_BUDGET_FAMILY-0152,A,T10_BUDGET_FAMILY,0.25,1,-1,1,0.025,-0.025,25.0,5.0,59,1,5.0,0.05,-0.4357787137382908,4.9809734904587275,4.790438622182299,30000,True,0.0,0.0,0.0,0.0,0.0,0.013581149344755938,0.03141603675219555,0.036906232920482944,0.04710364693830142,0.8039616595096698,1.8527744204916314,2.1795176586359637,2.782677161544819,0.03658884486178009,0.03719359152405855,0.9941,0.99316786914978,0.9949056093975647,1.0,0.9998719677669952,1.0
T10_BUDGET_FAMILY-0153,A,T10_BUDGET_FAMILY,0.25,1,-1,1,0.025,-0.025,25.0,5.0,60,-1,5.0,0.05,-0.4357787137382908,-4.9809734904587275,4.711533504886566,30000,True,0.0,0.0,0.0,0.0,0.0,0.013671604582558672,0.033091548565092783,0.0393351488141608,0.05114245432182661,0.8231970160577152,1.9882718363484966,2.3622823784778504,3.078611659211662,0.03890494569810213,0.03974501049867089,0.9877,0.9863888291704719,0.9888862881894553,0.9999666666666667,0.9998111938118758,0.999994115823935
T10_BUDGET_FAMILY-0154,A,T10_BUDGET_FAMILY,0.25,1,-1,1,0.025,-0.025,25.0,5.0,60,1,5.0,0.05,-0.4357787137382908,4.9809734904587275,4.711533504886566,30000,True,0.0,0.0,0.0,0.0,0.0,0.013773175963935696,0.03185234703578163,0.03739837681248493,0.04771169576713786,0.8296169303514143,1.9124942723804683,2.2477363469274105,2.8674919447013165,0.037117139497004695,0.03774996970401752,0.9933666666666666,0.9923828278110864,0.9942241718501998,1.0,0.9998719677669952,1.0
T10_BUDGET_FAMILY-0155,A,T10_BUDGET_FAMILY,0.25,1,1,-1,0.025,0.025,25.0,-5.0,50,-1,5.0,0.05,0.4357787137382908,-4.9809734904587275,5.738691901997113,30000,True,0.0,0.0,0.0,0.0,0.0,0.011550813752526779,0.026890558040865358,0.031627904505293146,0.04068846379215472,0.5798976692887742,1.3461657329299574,1.5830295201868008,2.036939075998691,0.03134382419619442,0.03195516281955037,0.9988333333333334,0.9983779622664656,0.9991609709090733,1.0,0.9998719677669952,1.0
T10_BUDGET_FAMILY-0156,A,T10_BUDGET_FAMILY,0.25,1,1,-1,0.025,0.025,25.0,-5.0,50,1,5.0,0.05,0.4357787137382908,4.9809734904587275,5.738691901997113,30000,True,0.0,0.0,0.0,0.0,0.0,0.011438188808057248,0.027753366098567368,0.032990229190084645,0.04292645489908921,0.5749017246856432,1.3882033137249812,1.6491010920644498,2.1485922553447496,0.032706636949535975,0.03335240282167277,0.9972333333333333,0.9965719295782975,0.9977674133003869,1.0,0.9998719677669952,1.0
T10_BUDGET_FAMILY-0157,A,T10_BUDGET_FAMILY,0.25,1,1,-1,0.025,0.025,25.0,-5.0,51,-1,5.0,0.05,0.4357787137382908,-4.9809734904587275,5.6259341265778495,30000,True,0.0,0.0,0.0,0.0,0.0,0.011745111358316632,0.027328872442625392,0.03212544585021695,0.04131960532220036,0.6014427274880128,1.395337302244227,1.6396313331648416,2.1080247579580926,0.031812213071780504,0.03248017562312253,0.9985333333333334,0.9980318073240265,0.9989072026708522,1.0,0.9998719677669952,1.0
T10_BUDGET_FAMILY-0158,A,T10_BUDGET_FAMILY,0.25,1,1,-1,0.025,0.025,25.0,-5.0,51,1,5.0,0.05,0.4357787137382908,4.9809734904587275,5.6259341265778495,30000,True,0.0,0.0,0.0,0.0,0.0,0.011637359963597955,0.028211451836011526,0.03353446358817257,0.04371779923668951,0.5955447464990204,1.4402629426649967,1.711592701507726,2.228595847330134,0.033274332852794616,0.033888619963837706,0.9966666666666667,0.9959477948400624,0.9972583598084863,1.0,0.9998719677669952,1.0
T10_BUDGET_FAMILY-0159,A,T10_BUDGET_FAMILY,0.25,1,1,-1,0.025,0.025,25.0,-5.0,52,-1,5.0,0.05,0.4357787137382908,-4.9809734904587275,5.517508605390486,30000,True,0.0,0.0,0.0,0.0,0.0,0.01193373130907474,0.027781202898807214,0.03264726638300243,0.04193417903595982,0.6234886463525007,1.4448197385556272,1.6968853059214697,2.187590364673428,0.032339418959674814,0.032954484339380516,0.9984,0.9978794659659608,0.9987929115041799,1.0,0.9998719677669952,1.0
T10_BUDGET_FAMILY-0160,A,T10_BUDGET_FAMILY,0.25,1,1,-1,0.025,0.025,25.0,-5.0,52,1,5.0,0.05,0.4357787137382908,4.9809734904587275,5.517508605390486,30000,True,0.0,0.0,0.0,0.0,0.0,0.011840839076207988,0.02868117456758098,0.03410558535888724,0.04444842414403665,0.6176241722594465,1.492720579781962,1.7736929019626708,2.3106389310620328,0.03383222741237683,0.034455769901066254,0.9961333333333333,0.9953647032985726,0.9967749212510244,1.0,0.9998719677669952,1.0
T10_BUDGET_FAMILY-0161,A,T10_BUDGET_FAMILY,0.25,1,1,-1,0.025,0.025,25.0,-5.0,53,-1,5.0,0.05,0.4357787137382908,-4.9809734904587275,5.413171104525138,30000,True,0.0,0.0,0.0,0.0,0.0,0.012125280351782087,0.028220736412314994,0.03310797239222283,0.04255087505491203,0.6456623703272051,1.495764103106385,1.754747674916039,2.266364176180419,0.032855484927005255,0.03344297538069173,0.9979,0.9973143650440183,0.9983581404583556,1.0,0.9998719677669952,1.0
T10_BUDGET_FAMILY-0162,A,T10_BUDGET_FAMILY,0.25,1,1,-1,0.025,0.025,25.0,-5.0,53,1,5.0,0.05,0.4357787137382908,4.9809734904587275,5.413171104525138,30000,True,0.0,0.0,0.0,0.0,0.0,0.012028610060032623,0.02914163177311761,0.03468758753297595,0.04509812604668117,0.6398268954528555,1.5463269744567725,1.8376766168494139,2.3906012798915985,0.03436011400166423,0.034982458135646655,0.9957,0.9948934333754642,0.9963796354687349,1.0,0.9998719677669952,1.0
T10_BUDGET_FAMILY-0163,A,T10_BUDGET_FAMILY,0.25,1,1,-1,0.025,0.025,25.0,-5.0,54,-1,5.0,0.05,0.4357787137382908,-4.9809734904587275,5.312695357434603,30000,True,0.0,0.0,0.0,0.0,0.0,0.012328309112076562,0.028674927650379826,0.03365870290661982,0.04318624661549188,0.6685303269635826,1.5476975610532964,1.8153814978009366,2.340568084727084,0.03335813928133159,0.03396022621557898,0.9977,0.9970905153201308,0.9981820413951363,1.0,0.9998719677669952,1.0
T10_BUDGET_FAMILY-0164,A,T10_BUDGET_FAMILY,0.25,1,1,-1,0.025,0.025,25.0,-5.0,54,1,5.0,0.05,0.4357787137382908,4.9809734904587275,5.312695357434603,30000,True,0.0,0.0,0.0,0.0,0.0,0.012219250315408546,0.029581993711499034,0.03528087377868924,0.04576567293522134,0.6623467761338107,1.601203332974461,1.8996743401507823,2.471449046415323,0.03492560513102455,0.035527302524807396,0.9949666666666667,0.9941000507749713,0.9957065391831694,1.0,0.9998719677669952,1.0
T10_BUDGET_FAMILY-0165,A,T10_BUDGET_FAMILY,0.25,1,1,-1,0.025,0.025,25.0,-5.0,55,-1,5.0,0.05,0.4357787137382908,-4.9809734904587275,5.215871447149576,30000,True,0.0,0.0,0.0,0.0,0.0,0.01253404824112788,0.029090337596196555,0.03416777749564698,0.04384044401075213,0.6916016179609445,1.5997888232638557,1.876571243350082,2.4144987316136586,0.03387807075656326,0.034459657804183697,0.9970333333333333,0.9963510277406685,0.9975883663509092,1.0,0.9998719677669952,1.0
T10_BUDGET_FAMILY-0166,A,T10_BUDGET_FAMILY,0.25,1,1,-1,0.025,0.025,25.0,-5.0,55,1,5.0,0.05,0.4357787137382908,4.9809734904587275,5.215871447149576,30000,True,0.0,0.0,0.0,0.0,0.0,0.012410032692534401,0.0300848392063628,0.035808914868155094,0.0465761125201182,0.6859100211393723,1.6556457428152016,1.9661024442210029,2.5597386439048617,0.03546649825882636,0.03609802842045362,0.9942666666666666,0.9933467355911132,0.9950600336121538,1.0,0.9998719677669952,1.0
T10_BUDGET_FAMILY-0167,A,T10_BUDGET_FAMILY,0.25,1,1,-1,0.025,0.025,25.0,-5.0,56,-1,5.0,0.05,0.4357787137382908,-4.9809734904587275,5.122504359721599,30000,True,0.0,0.0,0.0,0.0,0.0,0.012725983698830363,0.029540237828599,0.03469609889158815,0.044448421228741965,0.7142604889810413,1.6536418755587772,1.939844255844528,2.4895544005971573,0.034387432158922086,0.03497147039191452,0.9964666666666666,0.9957286976417112,0.9970775082197305,1.0,0.9998719677669952,1.0
T10_BUDGET_FAMILY-0168,A,T10_BUDGET_FAMILY,0.25,1,1,-1,0.025,0.025,25.0,-5.0,56,1,5.0,0.05,0.4357787137382908,4.9809734904587275,5.122504359721599,30000,True,0.0,0.0,0.0,0.0,0.0,0.012614760145267872,0.030557166738238654,0.0363623930609502,0.047184175269032735,0.708868437530509,1.710335841095771,2.0340588662402976,2.6455728462245824,0.036011571000869554,0.03668757044522332,0.9935333333333334,0.9925609804345922,0.9943793098826167,1.0,0.9998719677669952,1.0
T10_BUDGET_FAMILY-0169,A,T10_BUDGET_FAMILY,0.25,1,1,-1,0.025,0.025,25.0,-5.0,57,-1,5.0,0.05,0.4357787137382908,-4.9809734904587275,5.032412688173951,30000,True,0.0,0.0,0.0,0.0,0.0,0.012926355224802365,0.02996114584863519,0.03520457826095162,0.04510175885212151,0.7382106762294192,1.7076487564448046,2.004388247011965,2.565674771287606,0.03491449806042767,0.03549778117329706,0.9961666666666666,0.9954010413966066,0.996805241284175,1.0,0.9998719677669952,1.0
T10_BUDGET_FAMILY-0170,A,T10_BUDGET_FAMILY,0.25,1,1,-1,0.025,0.025,25.0,-5.0,57,1,5.0,0.05,0.4357787137382908,4.9809734904587275,5.032412688173951,30000,True,0.0,0.0,0.0,0.0,0.0,0.012804636171148158,0.031040588281834976,0.03692492212065184,0.04786381059312979,0.732004346773431,1.7700609918104193,2.102114770985161,2.73596300814069,0.036544696753725396,0.03725569527783123,0.9927333333333334,0.9917071345585109,0.9936333606102707,1.0,0.9998719677669952,1.0
T10_BUDGET_FAMILY-0171,A,T10_BUDGET_FAMILY,0.25,1,1,-1,0.025,0.025,25.0,-5.0,58,-1,5.0,0.05,0.4357787137382908,-4.9809734904587275,4.945427469049711,30000,True,0.0,0.0,0.0,0.0,0.0,0.013124308317878834,0.03040253217057347,0.03571136333519233,0.04569593232049227,0.7629004833377574,1.7620034860455212,2.069985897809715,2.646636062491481,0.035432810059948264,0.035998154729798976,0.9958,0.9950020106285569,0.9964710326091957,1.0,0.9998719677669952,1.0
T10_BUDGET_FAMILY-0172,A,T10_BUDGET_FAMILY,0.25,1,1,-1,0.025,0.025,25.0,-5.0,58,1,5.0,0.05,0.4357787137382908,4.9809734904587275,4.945427469049711,30000,True,0.0,0.0,0.0,0.0,0.0,0.012991065980140422,0.031513843805484006,0.03747681678464969,0.048655855868753456,0.7565435613553523,1.828287200088081,2.169417048763278,2.8266444390796663,0.0371024306274284,0.03782564347136473,0.9919333333333333,0.9908562351026965,0.9928844649176579,1.0,0.9998719677669952,1.0
T10_BUDGET_FAMILY-0173,A,T10_BUDGET_FAMILY,0.25,1,1,-1,0.025,0.025,25.0,-5.0,59,-1,5.0,0.05,0.4357787137382908,-4.9809734904587275,4.86139113603524,30000,True,0.0,0.0,0.0,0.0,0.0,0.013314723776431586,0.030827025835438157,0.03620313484692173,0.04628925101152176,0.787734452267775,1.8185234215645036,2.1368444182383772,2.7299543859047954,0.03591884991332648,0.03652268908922078,0.9951666666666666,0.9943159633957672,0.9958905753494802,1.0,0.9998719677669952,1.0
T10_BUDGET_FAMILY-0174,A,T10_BUDGET_FAMILY,0.25,1,1,-1,0.025,0.025,25.0,-5.0,59,1,5.0,0.05,0.4357787137382908,4.9809734904587275,4.86139113603524,30000,True,0.0,0.0,0.0,0.0,0.0,0.01318795094444302,0.03198869524414963,0.03805011380320263,0.049407489681445614,0.781694078293964,1.8871523406160255,2.2411116107427147,2.9169070991683417,0.03763526416131307,0.03837305466003543,0.9908333333333333,0.9896902965497864,0.9918506851414807,1.0,0.9998719677669952,1.0
T10_BUDGET_FAMILY-0175,A,T10_BUDGET_FAMILY,0.25,1,1,-1,0.025,0.025,25.0,-5.0,60,-1,5.0,0.05,0.4357787137382908,-4.9809734904587275,4.780156577174489,30000,True,0.0,0.0,0.0,0.0,0.0,0.013509906417798827,0.0312784306269999,0.03671467658807544,0.04688445907258038,0.8129260034530111,1.8764883074504453,2.203690443772734,2.814309653722062,0.03641698199999735,0.03704705604707297,0.9944666666666667,0.993561615078407,0.9952451029119669,1.0,0.9998719677669952,1.0
T10_BUDGET_FAMILY-0176,A,T10_BUDGET_FAMILY,0.25,1,1,-1,0.025,0.025,25.0,-5.0,60,1,5.0,0.05,0.4357787137382908,4.9809734904587275,4.780156577174489,30000,True,0.0,0.0,0.0,0.0,0.0,0.013409078785362164,0.032498463946118744,0.038606588358646714,0.050116753296402076,0.8074700312495262,1.9479535987183023,2.313413953551021,3.0151627456944716,0.03815533390053408,0.03899322343343978,0.9896333333333334,0.9884228474489554,0.9907184415196708,0.9999666666666667,0.9998111938118758,0.999994115823935
T10_BUDGET_FAMILY-0177,A,T10_BUDGET_FAMILY,0.25,1,1,1,0.025,0.025,25.0,5.0,50,-1,5.0,0.05,-0.4357787137382908,-4.9809734904587275,5.640169182434962,30000,True,0.0,0.0,0.0,0.0,0.0,0.011864470535653595,0.027605951286844573,0.03246162704907874,0.04179332490463608,0.595832528915952,1.3808858891564517,1.623692649979126,2.0890610395827713,0.032166080750010054,0.03278443293090206,0.9983666666666666,0.9978415039658698,0.9987642153730866,1.0,0.9998719677669952,1.0
T10_BUDGET_FAMILY-0178,A,T10_BUDGET_FAMILY,0.25,1,1,1,0.025,0.025,25.0,5.0,50,1,5.0,0.05,-0.4357787137382908,4.9809734904587275,5.640169182434962,30000,True,0.0,0.0,0.0,0.0,0.0,0.011757318561066512,0.02851971916553225,0.03387203443808673,0.04412890832996069,0.5899150552082438,1.4266389794191063,1.6945677080334112,2.20365998166668,0.03361666798678755,0.034262233417760656,0.9963333333333333,0.995582932697406,0.9969566406392977,1.0,0.9998719677669952,1.0
T10_BUDGET_FAMILY-0179,A,T10_BUDGET_FAMILY,0.25,1,1,1,0.025,0.025,25.0,5.0,51,-1,5.0,0.05,-0.4357787137382908,-4.9809734904587275,5.531201283480402,30000,True,0.0,0.0,0.0,0.0,0.0,0.012060518290750269,0.0280467408833624,0.03294840443458483,0.04241255155411982,0.618463424800998,1.4312815225337434,1.6801795995199524,2.1656811517790597,0.03266582208102109,0.033277841496667036,0.9979666666666667,0.9973892303737024,0.9984165913910403,1.0,0.9998719677669952,1.0
T10_BUDGET_FAMILY-0180,A,T10_BUDGET_FAMILY,0.25,1,1,1,0.025,0.025,25.0,5.0,51,1,5.0,0.05,-0.4357787137382908,4.9809734904587275,5.531201283480402,30000,True,0.0,0.0,0.0,0.0,0.0,0.011959746260031932,0.02898196938588798,0.0344221887201676,0.04484660068712134,0.6118489168229301,1.4797425530866017,1.7576099644128218,2.2867434896897807,0.0341589648626799,0.03481346517412072,0.9959333333333333,0.9951469418181507,0.9965927339443397,1.0,0.9998719677669952,1.0
T10_BUDGET_FAMILY-0181,A,T10_BUDGET_FAMILY,0.25,1,1,1,0.025,0.025,25.0,5.0,52,-1,5.0,0.05,-0.4357787137382908,-4.9809734904587275,5.4263517330611455,30000,True,0.0,0.0,0.0,0.0,0.0,0.012265128711372761,0.02848919336069896,0.033466351194947834,0.043031077030483436,0.6401249722037806,1.4817550443664573,1.737418650472355,2.2427992842185414,0.033172875596150404,0.03377170829431719,0.9977,0.9970905153201308,0.9981820413951363,1.0,0.9998719677669952,1.0
T10_BUDGET_FAMILY-0182,A,T10_BUDGET_FAMILY,0.25,1,1,1,0.025,0.025,25.0,5.0,52,1,5.0,0.05,-0.4357787137382908,4.9809734904587275,5.4263517330611455,30000,True,0.0,0.0,0.0,0.0,0.0,0.01214557407917369,0.029457910151852874,0.03500067699675705,0.04555352444160818,0.6346209465683017,1.5323911769259055,1.8214694691855702,2.368741510202934,0.03470104941828371,0.03534624467272147,0.9952333333333333,0.9943880079159038,0.9959518470917126,1.0,0.9998719677669952,1.0
T10_BUDGET_FAMILY-0183,A,T10_BUDGET_FAMILY,0.25,1,1,1,0.025,0.025,25.0,5.0,53,-1,5.0,0.05,-0.4357787137382908,-4.9809734904587275,5.325392051266367,30000,True,0.0,0.0,0.0,0.0,0.0,0.012447607943712621,0.028938889083221262,0.03396088341172971,0.04362416354003328,0.6633584389681875,1.5339059331234537,1.7982921191576002,2.320777933431225,0.03368070403518028,0.03427304265002281,0.9973,0.9966457302158677,0.9978269289251857,1.0,0.9998719677669952,1.0
T10_BUDGET_FAMILY-0184,A,T10_BUDGET_FAMILY,0.25,1,1,1,0.025,0.025,25.0,5.0,53,1,5.0,0.05,-0.4357787137382908,4.9809734904587275,5.325392051266367,30000,True,0.0,0.0,0.0,0.0,0.0,0.012344423856272317,0.029903691632758977,0.035593713871044354,0.04622634822257818,0.6566324368390178,1.5852839630742928,1.884317454094745,2.4493411192356835,0.035235074183340216,0.035874183999211114,0.9945333333333334,0.9936333019356788,0.995306732317064,1.0,0.9998719677669952,1.0
T10_BUDGET_FAMILY-0185,A,T10_BUDGET_FAMILY,0.25,1,1,1,0.025,0.025,25.0,5.0,54,-1,5.0,0.05,-0.4357787137382908,-4.9809734904587275,5.228110305500496,30000,True,0.0,0.0,0.0,0.0,0.0,0.012648192632791407,0.02935933392765175,0.03449736738408128,0.04429125630032905,0.6858648097076776,1.5867168299301841,1.8597913671891655,2.3957321867122277,0.03417001815665404,0.034794411329597645,0.9967666666666667,0.9960575588171449,0.997348570224957,1.0,0.9998719677669952,1.0
T10_BUDGET_FAMILY-0186,A,T10_BUDGET_FAMILY,0.25,1,1,1,0.025,0.025,25.0,5.0,54,1,5.0,0.05,-0.4357787137382908,4.9809734904587275,5.228110305500496,30000,True,0.0,0.0,0.0,0.0,0.0,0.012530926604286233,0.03037669465952688,0.03617456240869643,0.046978973757753104,0.680006336506631,1.6412041566457414,1.9500723628068455,2.533305039141736,0.035780626551632395,0.03646959491035457,0.9938333333333333,0.9928820409162402,0.9946581725816288,1.0,0.9998719677669952,1.0
T10_BUDGET_FAMILY-0187,A,T10_BUDGET_FAMILY,0.25,1,1,1,0.025,0.025,25.0,5.0,55,-1,5.0,0.05,-0.4357787137382908,-4.9809734904587275,5.13430964315738,30000,True,0.0,0.0,0.0,0.0,0.0,0.01284948149554039,0.029820201475550333,0.035012359046400314,0.04487374010492147,0.7086864593197014,1.639531257963656,1.9222664019220272,2.4710600275311716,0.03468500893373581,0.03528776955297714,0.9962666666666666,0.9955101353104284,0.9968961217639064,1.0,0.9998719677669952,1.0
T10_BUDGET_FAMILY-0188,A,T10_BUDGET_FAMILY,0.25,1,1,1,0.025,0.025,25.0,5.0,55,1,5.0,0.05,-0.4357787137382908,4.9809734904587275,5.13430964315738,30000,True,0.0,0.0,0.0,0.0,0.0,0.012731619445279757,0.030851860194458295,0.03670687209120328,0.04770202112462388,0.7031703321719771,1.6964079636673228,2.0169094797199545,2.621117009567076,0.036351720244552285,0.037022383039437626,0.9929666666666667,0.9919558467204662,0.9938512553666067,1.0,0.9998719677669952,1.0
T10_BUDGET_FAMILY-0189,A,T10_BUDGET_FAMILY,0.25,1,1,1,0.025,0.025,25.0,5.0,56,-1,5.0,0.05,-0.4357787137382908,-4.9809734904587275,5.04380697729673,30000,True,0.0,0.0,0.0,0.0,0.0,0.013043059384439917,0.03022842292316622,0.035496245090863986,0.04549808534309146,0.7334817227134118,1.694027846881942,1.9853802147776614,2.5449345026041077,0.03521938032838217,0.035793146202672536,0.996,0.9952194791557739,0.9966535128690853,1.0,0.9998719677669952,1.0
T10_BUDGET_FAMILY-0190,A,T10_BUDGET_FAMILY,0.25,1,1,1,0.025,0.025,25.0,5.0,56,1,5.0,0.05,-0.4357787137382908,4.9809734904587275,5.04380697729673,30000,True,0.0,0.0,0.0,0.0,0.0,0.012940104781299842,0.03132879900565401,0.03724998581287396,0.048365941347570995,0.7266375713316691,1.7524521772323938,2.0829297234479527,2.7116222576073636,0.036871615130582826,0.03758913057428729,0.9923333333333333,0.9912813456357885,0.9932592519587793,1.0,0.9998719677669952,1.0
T10_BUDGET_FAMILY-0191,A,T10_BUDGET_FAMILY,0.25,1,1,1,0.025,0.025,25.0,5.0,57,-1,5.0,0.05,-0.4357787137382908,-4.9809734904587275,4.956431807076443,30000,True,0.0,0.0,0.0,0.0,0.0,0.013243576089250478,0.030666229716411652,0.03599621600363864,0.04610718689503108,0.7577970738423012,1.7476959132455556,2.0501019942662873,2.624885912708045,0.035757310360583154,0.03628806234393809,0.9953666666666666,0.9945322120484754,0.996074275483879,1.0,0.9998719677669952,1.0
T10_BUDGET_FAMILY-0192,A,T10_BUDGET_FAMILY,0.25,1,1,1,0.025,0.025,25.0,5.0,57,1,5.0,0.05,-0.4357787137382908,4.9809734904587275,4.956431807076443,30000,True,0.0,0.0,0.0,0.0,0.0,0.013119888815863763,0.03179891612152212,0.037802955446297894,0.04905581644289507,0.7504590457674541,1.8104356569511757,2.152821898827961,2.798209245474289,0.03740889601597231,0.03818581205483016,0.9913,0.9901844124554261,0.9922897830724232,1.0,0.9998719677669952,1.0
T10_BUDGET_FAMILY-0193,A,T10_BUDGET_FAMILY,0.25,1,1,1,0.025,0.025,25.0,5.0,58,-1,5.0,0.05,-0.4357787137382908,-4.9809734904587275,4.8720251571331366,30000,True,0.0,0.0,0.0,0.0,0.0,0.01344053138403565,0.03110239064849968,0.03651748933142979,0.046702014795327734,0.7819128446699085,1.8019193361738066,2.1170970336471866,2.7065691983082916,0.036255054705097566,0.036829148494902354,0.9947666666666667,0.9938844545645001,0.9955221866065339,1.0,0.9998719677669952,1.0
T10_BUDGET_FAMILY-0194,A,T10_BUDGET_FAMILY,0.25,1,1,1,0.025,0.025,25.0,5.0,58,1,5.0,0.05,-0.4357787137382908,4.9809734904587275,4.8720251571331366,30000,True,0.0,0.0,0.0,0.0,0.0,0.013321903455980395,0.03228547988993924,0.038353866466837236,0.04981851258900262,0.7757973893940903,1.869721469166,2.2222669778571813,2.8896055995740872,0.037949199157296096,0.03874196781406451,0.9902,0.9890208342545325,0.9912536429442295,1.0,0.9998719677669952,1.0
T10_BUDGET_FAMILY-0195,A,T10_BUDGET_FAMILY,0.25,1,1,1,0.025,0.025,25.0,5.0,59,-1,5.0,0.05,-0.4357787137382908,-4.9809734904587275,4.790438622182299,30000,True,0.0,0.0,0.0,0.0,0.0,0.013638883532730177,0.03152627250958074,0.037032998272087864,0.047255933793087575,0.8070678538281547,1.85885933066573,2.1839914804042446,2.7886395334565828,0.03672765667543686,0.03731668025587167,0.994,0.9930606330567747,0.9948128710970164,1.0,0.9998719677669952,1.0
T10_BUDGET_FAMILY-0196,A,T10_BUDGET_FAMILY,0.25,1,1,1,0.025,0.025,25.0,5.0,59,1,5.0,0.05,-0.4357787137382908,4.9809734904587275,4.790438622182299,30000,True,0.0,0.0,0.0,0.0,0.0,0.013545874423899477,0.03276537717440181,0.03892796905070901,0.05055514203706417,0.8012033944870349,1.93120882815158,2.2953805991590723,2.9847110961647214,0.038488281735049666,0.03932455520733416,0.9888666666666667,0.9876151801078753,0.9899929718435082,0.9999666666666667,0.9998111938118758,0.999994115823935
T10_BUDGET_FAMILY-0197,A,T10_BUDGET_FAMILY,0.25,1,1,1,0.025,0.025,25.0,5.0,60,-1,5.0,0.05,-0.4357787137382908,-4.9809734904587275,4.711533504886566,30000,True,0.0,0.0,0.0,0.0,0.0,0.013845696566597353,0.03198365633150798,0.037526513922481776,0.0478563659496416,0.8324398141263449,1.9179617369446444,2.252702216812655,2.8747928943654935,0.03722528004247667,0.03786827162905375,0.9930666666666667,0.9920625171484408,0.9939445593321853,1.0,0.9998719677669952,1.0
T10_BUDGET_FAMILY-0198,A,T10_BUDGET_FAMILY,0.25,1,1,1,0.025,0.025,25.0,5.0,60,1,5.0,0.05,-0.4357787137382908,4.9809734904587275,4.711533504886566,30000,True,0.0,0.0,0.0,0.0,0.0,0.013755262084354906,0.03324031896138149,0.03947383386811379,0.051292460153995495,0.8271042787350018,1.9941318027271822,2.368673451763287,3.0843050979168716,0.03905510315414181,0.03987478679326806,0.9874333333333334,0.9861089380181399,0.9886329142923115,0.9999666666666667,0.9998111938118758,0.999994115823935
T10_BUDGET_FAMILY-0199,A,T10_BUDGET_FAMILY,0.5,-1,-1,-1,-0.05,-0.05,50.0,-10.0,50,-1,5.0,0.05,0.8682408883346516,-4.92403876506104,5.723135327316111,30000,True,0.0,0.0,0.0,0.0,0.0,0.01872945587303363,0.042594519551903146,0.04988055607226414,0.06325673296562485,0.9416881566341522,2.1293607770630034,2.4874992740084045,3.1642549251606265,0.049365466716508453,0.0502865537775925,0.9508,0.9482943048906562,0.9531902612480665,0.9999666666666667,0.9998111938118758,0.999994115823935
T10_BUDGET_FAMILY-0200,A,T10_BUDGET_FAMILY,0.5,-1,-1,-1,-0.05,-0.05,50.0,-10.0,50,1,5.0,0.05,0.8682408883346516,4.92403876506104,5.723135327316111,30000,True,0.0,0.0,0.0,0.0,0.0,0.018498536336875874,0.04047703972756935,0.04658333505564414,0.05898655506985179,0.9248632899305589,2.0222169732133537,2.3314356728775882,2.9558044123466,0.04619687243365462,0.04710147172217859,0.9660333333333333,0.9639231360722632,0.9680241960177608,1.0,0.9998719677669952,1.0
T10_BUDGET_FAMILY-0201,A,T10_BUDGET_FAMILY,0.5,-1,-1,-1,-0.05,-0.05,50.0,-10.0,51,-1,5.0,0.05,0.8682408883346516,-4.92403876506104,5.609708961044603,30000,True,0.0,0.0,0.0,0.0,0.0,0.019058795930254915,0.043210456059128016,0.05056210585988141,0.06407216734873958,0.97571733677905,2.201953662264654,2.573293578570345,3.2749850367265205,0.049994490993177876,0.05092994086767672,0.9476,0.9450206643540157,0.9500647211909984,0.9999666666666667,0.9998111938118758,0.999994115823935
T10_BUDGET_FAMILY-0202,A,T10_BUDGET_FAMILY,0.5,-1,-1,-1,-0.05,-0.05,50.0,-10.0,51,1,5.0,0.05,0.8682408883346516,4.92403876506104,5.609708961044603,30000,True,0.0,0.0,0.0,0.0,0.0,0.01880399266372191,0.04098921678791774,0.0471563675531928,0.05965945181697746,0.9604578378162052,2.08951580690037,2.4064467604259723,3.048048545143423,0.04676653065586647,0.04763367113452688,0.9637666666666667,0.9615919946815178,0.9658225844879625,1.0,0.9998719677669952,1.0
T10_BUDGET_FAMILY-0203,A,T10_BUDGET_FAMILY,0.5,-1,-1,-1,-0.05,-0.05,50.0,-10.0,52,-1,5.0,0.05,0.8682408883346516,-4.92403876506104,5.500677642369767,30000,True,0.0,0.0,0.0,0.0,0.0,0.01938994745170046,0.04380248649929992,0.051223352993819304,0.06488811884673755,1.0106183793704708,2.2746281561122306,2.661465315147231,3.380792601306133,0.05063503791596237,0.05164628268166091,0.9438666666666666,0.9412047112740686,0.9464149635782851,0.9999666666666667,0.9998111938118758,0.999994115823935
T10_BUDGET_FAMILY-0204,A,T10_BUDGET_FAMILY,0.5,-1,-1,-1,-0.05,-0.05,50.0,-10.0,52,1,5.0,0.05,0.8682408883346516,4.92403876506104,5.500677642369767,30000,True,0.0,0.0,0.0,0.0,0.0,0.019105084818685388,0.04148964946696136,0.047763474009952844,0.06035405212663911,0.9941920988509405,2.1578705956139688,2.4823063551800044,3.141349752281729,0.04737683470033333,0.04816570856073536,0.9614,0.9591603821803396,0.9635214696750436,1.0,0.9998719677669952,1.0
T10_BUDGET_FAMILY-0205,A,T10_BUDGET_FAMILY,0.5,-1,-1,-1,-0.05,-0.05,50.0,-10.0,53,-1,5.0,0.05,0.8682408883346516,-4.92403876506104,5.39579152295727,30000,True,0.0,0.0,0.0,0.0,0.0,0.019709507377653188,0.044424359805420865,0.051859363737620436,0.06569340170784765,1.047350907808989,2.3517157112913023,2.748842024458655,3.4870565601894326,0.05134714326905912,0.05238076314888647,0.9400666666666667,0.9373239359182444,0.9426967119790803,0.9999666666666667,0.9998111938118758,0.999994115823935
T10_BUDGET_FAMILY-0206,A,T10_BUDGET_FAMILY,0.5,-1,-1,-1,-0.05,-0.05,50.0,-10.0,53,1,5.0,0.05,0.8682408883346516,4.92403876506104,5.39579152295727,30000,True,0.0,0.0,0.0,0.0,0.0,0.019385878437508525,0.042047046624608106,0.04835323884198599,0.06106936685299905,1.0282687016708807,2.2299567873347,2.5610862437306348,3.2352540577218027,0.04801738514479447,0.048806329484769956,0.9588333333333333,0.9565257802433995,0.9610233955107796,1.0,0.9998719677669952,1.0
T10_BUDGET_FAMILY-0207,A,T10_BUDGET_FAMILY,0.5,-1,-1,-1,-0.05,-0.05,50.0,-10.0,54,-1,5.0,0.05,0.8682408883346516,-4.92403876506104,5.294819286258032,30000,True,0.0,0.0,0.0,0.0,0.0,0.02002593896805999,0.04503455208697407,0.0525358946800762,0.06654260594230121,1.0826673027623643,2.4295226958235787,2.83549291034952,3.5930130149092667,0.05208843666486005,0.05305750660493671,0.9362333333333334,0.9334122137762951,0.938942749034816,0.9999666666666667,0.9998111938118758,0.999994115823935
T10_BUDGET_FAMILY-0208,A,T10_BUDGET_FAMILY,0.5,-1,-1,-1,-0.05,-0.05,50.0,-10.0,54,1,5.0,0.05,0.8682408883346516,4.92403876506104,5.294819286258032,30000,True,0.0,0.0,0.0,0.0,0.0,0.019725227533971962,0.04251962755502032,0.048973324207703076,0.06176768628654214,1.0643650943840557,2.2989028188696956,2.642143857540649,3.3328686073394356,0.04857226650536467,0.04935792414885451,0.9559333333333333,0.9535518708849579,0.9581980474561728,1.0,0.9998719677669952,1.0
T10_BUDGET_FAMILY-0209,A,T10_BUDGET_FAMILY,0.5,-1,-1,-1,-0.05,-0.05,50.0,-10.0,55,-1,5.0,0.05,0.8682408883346516,-4.92403876506104,5.197546465374913,30000,True,0.0,0.0,0.0,0.0,0.0,0.02034165986742354,0.045633902797258166,0.053263864009622484,0.0673399309338769,1.1213833053055131,2.507710362964468,2.924045885475137,3.7107748341215396,0.05276750723068165,0.05376392979531747,0.9321666666666667,0.929265497714746,0.9349571730918603,0.9999666666666667,0.9998111938118758,0.999994115823935
T10_BUDGET_FAMILY-0210,A,T10_BUDGET_FAMILY,0.5,-1,-1,-1,-0.05,-0.05,50.0,-10.0,55,1,5.0,0.05,0.8682408883346516,4.92403876506104,5.197546465374913,30000,True,0.0,0.0,0.0,0.0,0.0,0.020014539755981466,0.04306273267276556,0.049538529848368804,0.06246529693305418,1.1016446951403913,2.369089319966813,2.725359477492786,3.4384855931969804,0.04912316256351077,0.04998499218018279,0.9526,0.9501369688197762,0.954947136402908,1.0,0.9998719677669952,1.0
T10_BUDGET_FAMILY-0211,A,T10_BUDGET_FAMILY,0.5,-1,-1,-1,-0.05,-0.05,50.0,-10.0,56,-1,5.0,0.05,0.8682408883346516,-4.92403876506104,5.103773940389332,30000,True,0.0,0.0,0.0,0.0,0.0,0.020687683888388392,0.046239995665432944,0.053959978470492054,0.06815628611591684,1.1602400445636636,2.5855626685567983,3.014348829427354,3.8204724361666202,0.0534669942848132,0.05446431636696784,0.9280333333333334,0.9250538173320652,0.9309032452076672,0.9999666666666667,0.9998111938118758,0.999994115823935
T10_BUDGET_FAMILY-0212,A,T10_BUDGET_FAMILY,0.5,-1,-1,-1,-0.05,-0.05,50.0,-10.0,56,1,5.0,0.05,0.8682408883346516,4.92403876506104,5.103773940389332,30000,True,0.0,0.0,0.0,0.0,0.0,0.02030889400073819,0.043572685393281976,0.050097959615817214,0.06313286073595174,1.1395648933939317,2.441237653933733,2.806679855448244,3.534715186307683,0.04968206248031797,0.05056670072946571,0.9492666666666667,0.9467253441055621,0.9516929479986753,1.0,0.9998719677669952,1.0
T10_BUDGET_FAMILY-0213,A,T10_BUDGET_FAMILY,0.5,-1,-1,-1,-0.05,-0.05,50.0,-10.0,57,-1,5.0,0.05,0.8682408883346516,-4.92403876506104,5.013316593260984,30000,True,0.0,0.0,0.0,0.0,0.0,0.021013397489783727,0.046830805180697904,0.05465948010028585,0.0690169380346986,1.1990335246666604,2.665812111917333,3.1082540027057037,3.9333622691984664,0.054217246527267296,0.0551883592423848,0.9235333333333333,0.9204716974461007,0.9264865173837287,0.9999666666666667,0.9998111938118758,0.999994115823935
T10_BUDGET_FAMILY-0214,A,T10_BUDGET_FAMILY,0.5,-1,-1,-1,-0.05,-0.05,50.0,-10.0,57,1,5.0,0.05,0.8682408883346516,4.92403876506104,5.013316593260984,30000,True,0.0,0.0,0.0,0.0,0.0,0.020624340358905913,0.04413389829421576,0.0506630385405049,0.0638656988062759,1.1762507657581525,2.514265446887207,2.8881833373033743,3.6390633550599953,0.05028067116016731,0.051133726556777254,0.9458666666666666,0.9432485498611286,0.9483706128622932,1.0,0.9998719677669952,1.0
T10_BUDGET_FAMILY-0215,A,T10_BUDGET_FAMILY,0.5,-1,-1,-1,-0.05,-0.05,50.0,-10.0,58,-1,5.0,0.05,0.8682408883346516,-4.92403876506104,4.926002101404179,30000,True,0.0,0.0,0.0,0.0,0.0,0.021351553807397946,0.047464382508965106,0.05540061739907189,0.06983505122241192,1.2380730333149188,2.7482425404802,3.2071793358303027,4.050815817773712,0.05487228668328164,0.05589113099762905,0.9187,0.9155535558740866,0.921739229933995,0.9999666666666667,0.9998111938118758,0.999994115823935
T10_BUDGET_FAMILY-0216,A,T10_BUDGET_FAMILY,0.5,-1,-1,-1,-0.05,-0.05,50.0,-10.0,58,1,5.0,0.05,0.8682408883346516,4.92403876506104,4.926002101404179,30000,True,0.0,0.0,0.0,0.0,0.0,0.020943904764491643,0.04466334607809757,0.05125292366087821,0.06453760684505053,1.214462049756149,2.591080347085809,2.9738170378838062,3.743270219053404,0.05083963180445713,0.05172994557701326,0.9423666666666667,0.939672443433029,0.9449476155160239,1.0,0.9998719677669952,1.0
T10_BUDGET_FAMILY-0217,A,T10_BUDGET_FAMILY,0.5,-1,-1,-1,-0.05,-0.05,50.0,-10.0,59,-1,5.0,0.05,0.8682408883346516,-4.92403876506104,4.841669853583944,30000,True,0.0,0.0,0.0,0.0,0.0,0.02166371812882291,0.04809778481126978,0.05612592743797025,0.07075221343424386,1.2794973861583676,2.831454545203609,3.3048771918725173,4.171418442327906,0.05555170825780799,0.05665726346261859,0.9140666666666667,0.9108419674041076,0.9171853381693335,0.9999333333333333,0.999756934099615,0.9999817174050113
T10_BUDGET_FAMILY-0218,A,T10_BUDGET_FAMILY,0.5,-1,-1,-1,-0.05,-0.05,50.0,-10.0,59,1,5.0,0.05,0.8682408883346516,4.92403876506104,4.841669853583944,30000,True,0.0,0.0,0.0,0.0,0.0,0.02125450417970745,0.045204923499007066,0.051820302679216446,0.06523083626961156,1.2539315456378344,2.6657620082026545,3.058510656741041,3.8415389932894417,0.05135762421300921,0.05234978477697039,0.9380333333333334,0.9352486525723331,0.9407058493227392,1.0,0.9998719677669952,1.0
T10_BUDGET_FAMILY-0219,A,T10_BUDGET_FAMILY,0.5,-1,-1,-1,-0.05,-0.05,50.0,-10.0,60,-1,5.0,0.05,0.8682408883346516,-4.92403876506104,4.760169973937955,30000,True,0.0,0.0,0.0,0.0,0.0,0.022003397094133584,0.048702025227633075,0.05682669166186223,0.07155619191690098,1.320644400214505,2.915839842921412,3.402113788636834,4.291803144720871,0.05628212118282552,0.057358946630606054,0.9097666666666666,0.9064718149851405,0.9129565916655042,0.9998333333333334,0.9996098691834452,0.9999288079276276
T10_BUDGET_FAMILY-0220,A,T10_BUDGET_FAMILY,0.5,-1,-1,-1,-0.05,-0.05,50.0,-10.0,60,1,5.0,0.05,0.8682408883346516,4.92403876506104,4.760169973937955,30000,True,0.0,0.0,0.0,0.0,0.0,0.02157196829059309,0.04577928797113332,0.05242397319852957,0.0659599321793003,1.2956916733521282,2.740803884168846,3.145191984955105,3.9485443503305433,0.05190989234905471,0.052935187807480945,0.9343,0.9314404413034088,0.9370483498990034,1.0,0.9998719677669952,1.0
T10_BUDGET_FAMILY-0221,A,T10_BUDGET_FAMILY,0.5,-1,-1,1,-0.05,-0.05,50.0,10.0,50,-1,5.0,0.05,-0.8682408883346516,-4.92403876506104,5.528997271039993,30000,True,0.0,0.0,0.0,0.0,0.0,0.019944448935080884,0.044898133642042384,0.05248590016393905,0.06655847127186704,0.9986610903443117,2.2468104619958114,2.6225832052695814,3.3288463905424,0.05204606486979756,0.052992065757173065,0.9365333333333333,0.9337182426273275,0.9392366433644438,0.9999666666666667,0.9998111938118758,0.999994115823935
T10_BUDGET_FAMILY-0222,A,T10_BUDGET_FAMILY,0.5,-1,-1,1,-0.05,-0.05,50.0,10.0,50,1,5.0,0.05,-0.8682408883346516,4.92403876506104,5.528997271039993,30000,True,0.0,0.0,0.0,0.0,0.0,0.019651236299044684,0.042636383332828987,0.04897944054866628,0.062039689808659516,0.9831725204327805,2.129832128915936,2.4479886420832373,3.1015779146278564,0.04860187845037686,0.049516473328908434,0.9552333333333334,0.9528344527537498,0.9575156448325073,1.0,0.9998719677669952,1.0
T10_BUDGET_FAMILY-0223,A,T10_BUDGET_FAMILY,0.5,-1,-1,1,-0.05,-0.05,50.0,10.0,51,-1,5.0,0.05,-0.8682408883346516,-4.92403876506104,5.423041988620561,30000,True,0.0,0.0,0.0,0.0,0.0,0.0202446626897847,0.045558058150006964,0.05318148170896555,0.06739351591575594,1.035420692388136,2.3224428086975832,2.7111414718561204,3.4404456340951963,0.052688154230947686,0.0537087101594689,0.9325666666666667,0.9296732369174182,0.9353493314634015,0.9999666666666667,0.9998111938118758,0.999994115823935
T10_BUDGET_FAMILY-0224,A,T10_BUDGET_FAMILY,0.5,-1,-1,1,-0.05,-0.05,50.0,10.0,51,1,5.0,0.05,-0.8682408883346516,4.92403876506104,5.423041988620561,30000,True,0.0,0.0,0.0,0.0,0.0,0.01995443509173662,0.04315727992082504,0.049565477101202786,0.06269551573306048,1.0171206568194149,2.2004190937763837,2.5274529111552755,3.1935127160522114,0.04917609461314749,0.05007056252081652,0.9520666666666666,0.9495908971042115,0.954426678019521,1.0,0.9998719677669952,1.0
T10_BUDGET_FAMILY-0225,A,T10_BUDGET_FAMILY,0.5,-1,-1,1,-0.05,-0.05,50.0,10.0,52,-1,5.0,0.05,-0.8682408883346516,-4.92403876506104,5.321059844606539,30000,True,0.0,0.0,0.0,0.0,0.0,0.02056152261662529,0.04611783949251825,0.05385342617589144,0.06811216798230564,1.0712666352839535,2.3990486133578677,2.7984013356606035,3.5521696198781965,0.05332823473484156,0.054398490738024725,0.9289666666666667,0.9260045891054498,0.9318189011074478,0.9999666666666667,0.9998111938118758,0.999994115823935
T10_BUDGET_FAMILY-0226,A,T10_BUDGET_FAMILY,0.5,-1,-1,1,-0.05,-0.05,50.0,10.0,52,1,5.0,0.05,-0.8682408883346516,4.92403876506104,5.321059844606539,30000,True,0.0,0.0,0.0,0.0,0.0,0.02028313876942834,0.04363508372197181,0.05017153969442134,0.06340000435204264,1.0527599019627172,2.2706561252441513,2.6049868510735625,3.2908197101384338,0.04976312332385181,0.050613701617560874,0.9489,0.9463502520114182,0.9513348006497899,1.0,0.9998719677669952,1.0
T10_BUDGET_FAMILY-0227,A,T10_BUDGET_FAMILY,0.5,-1,-1,1,-0.05,-0.05,50.0,10.0,53,-1,5.0,0.05,-0.8682408883346516,-4.92403876506104,5.222832084647105,30000,True,0.0,0.0,0.0,0.0,0.0,0.020882742845575227,0.046747723363804214,0.05456054559790321,0.06902100584252158,1.108452961143632,2.47728115605318,2.886134041387088,3.6580738052155057,0.05395372478329229,0.05506603597959753,0.9247,0.9216593511911348,0.9276318982301508,0.9999666666666667,0.9998111938118758,0.999994115823935
T10_BUDGET_FAMILY-0228,A,T10_BUDGET_FAMILY,0.5,-1,-1,1,-0.05,-0.05,50.0,10.0,53,1,5.0,0.05,-0.8682408883346516,4.92403876506104,5.222832084647105,30000,True,0.0,0.0,0.0,0.0,0.0,0.020566172197725188,0.04412757914738657,0.050812832941314334,0.0640730246251137,1.0892638669684767,2.3400315955417077,2.686279266692805,3.3888622841827942,0.05032312675753906,0.05116048117262791,0.9456,0.9429759827597533,0.9481099149141929,1.0,0.9998719677669952,1.0
T10_BUDGET_FAMILY-0229,A,T10_BUDGET_FAMILY,0.5,-1,-1,1,-0.05,-0.05,50.0,10.0,54,-1,5.0,0.05,-0.8682408883346516,-4.92403876506104,5.128155681223732,30000,True,0.0,0.0,0.0,0.0,0.0,0.021211801299647597,0.047369939719423035,0.05527135065059649,0.06988254786660901,1.1475613697801634,2.5549194710536804,2.978951587482433,3.7733873379221095,0.054697588692326056,0.05574424848692298,0.9199666666666667,0.9168421241643082,0.9229836706287834,0.9999666666666667,0.9998111938118758,0.999994115823935
T10_BUDGET_FAMILY-0230,A,T10_BUDGET_FAMILY,0.5,-1,-1,1,-0.05,-0.05,50.0,10.0,54,1,5.0,0.05,-0.8682408883346516,4.92403876506104,5.128155681223732,30000,True,0.0,0.0,0.0,0.0,0.0,0.020872021839226273,0.044631449895613795,0.05135411313578068,0.06468610802600239,1.1261622805809388,2.4110952757863684,2.7691824399014604,3.4901754103472,0.05086761211447837,0.051791241856398704,0.9423,0.9396043544400028,0.9448823882466812,1.0,0.9998719677669952,1.0
T10_BUDGET_FAMILY-0231,A,T10_BUDGET_FAMILY,0.5,-1,-1,1,-0.05,-0.05,50.0,10.0,55,-1,5.0,0.05,-0.8682408883346516,-4.92403876506104,5.036841948973768,30000,True,0.0,0.0,0.0,0.0,0.0,0.021565775144469383,0.04797100664221419,0.055923961703719015,0.07059202041010557,1.1879204059732018,2.6334217863444853,3.0707308109631017,3.8859107660966195,0.05540794423620732,0.05648944082134826,0.9156,0.9124008826051939,0.9186926970027325,0.9999333333333333,0.999756934099615,0.9999817174050113
T10_BUDGET_FAMILY-0232,A,T10_BUDGET_FAMILY,0.5,-1,-1,1,-0.05,-0.05,50.0,10.0,55,1,5.0,0.05,-0.8682408883346516,4.92403876506104,5.036841948973768,30000,True,0.0,0.0,0.0,0.0,0.0,0.021176829292844767,0.0451754401965294,0.05186483181856157,0.06528848414364331,1.1642256546095637,2.4847111889312785,2.85112367568717,3.593744296039527,0.05144470689500635,0.0524049858059646,0.9385,0.9357248719600638,0.941162843771591,1.0,0.9998719677669952,1.0
T10_BUDGET_FAMILY-0233,A,T10_BUDGET_FAMILY,0.5,-1,-1,1,-0.05,-0.05,50.0,10.0,56,-1,5.0,0.05,-0.8682408883346516,-4.92403876506104,4.948715303406763,30000,True,0.0,0.0,0.0,0.0,0.0,0.02191590657897827,0.04853127551042429,0.05662213763029568,0.07145509895081188,1.226226552516238,2.716065023069342,3.1642853768656614,3.9978411456490788,0.056100092615804745,0.05714575605482634,0.9109333333333334,0.9076572893569123,0.914104151885189,0.9998666666666667,0.9996571871547361,0.9999481480875213
T10_BUDGET_FAMILY-0234,A,T10_BUDGET_FAMILY,0.5,-1,-1,1,-0.05,-0.05,50.0,10.0,56,1,5.0,0.05,-0.8682408883346516,4.92403876506104,4.948715303406763,30000,True,0.0,0.0,0.0,0.0,0.0,0.021483255385925024,0.04569861386790005,0.05244506699784931,0.06608022051741548,1.2014985925718182,2.5583466474604535,2.9368198778588663,3.6923815747113995,0.051991446855620564,0.05294685095524227,0.9345333333333333,0.9316783764034897,0.9372770217172135,1.0,0.9998719677669952,1.0
T10_BUDGET_FAMILY-0235,A,T10_BUDGET_FAMILY,0.5,-1,-1,1,-0.05,-0.05,50.0,10.0,57,-1,5.0,0.05,-0.8682408883346516,-4.92403876506104,4.863612146026789,30000,True,0.0,0.0,0.0,0.0,0.0,0.022233966704589353,0.04916812728780908,0.057304761478601245,0.07232144968708659,1.2658285547926877,2.7992902063516008,3.262976335116011,4.112200030885616,0.05678742123927393,0.05784762541146031,0.9059333333333334,0.9025778220008173,0.9091848995636139,0.9998333333333334,0.9996098691834452,0.9999288079276276
T10_BUDGET_FAMILY-0236,A,T10_BUDGET_FAMILY,0.5,-1,-1,1,-0.05,-0.05,50.0,10.0,57,1,5.0,0.05,-0.8682408883346516,4.92403876506104,4.863612146026789,30000,True,0.0,0.0,0.0,0.0,0.0,0.02179914788919621,0.046222695468270535,0.053010509047297955,0.06661654057257843,1.2423655904635924,2.635080364291974,3.0242606280122573,3.794385158316072,0.05252616334748333,0.05348229733115411,0.9309333333333333,0.9280084799015502,0.9337478400512307,1.0,0.9998719677669952,1.0
T10_BUDGET_FAMILY-0237,A,T10_BUDGET_FAMILY,0.5,-1,-1,1,-0.05,-0.05,50.0,10.0,58,-1,5.0,0.05,-0.8682408883346516,-4.92403876506104,4.781379861129761,30000,True,0.0,0.0,0.0,0.0,0.0,0.02253363663259184,0.049813620066045,0.058037536196750644,0.07310507849471747,1.3077853329908111,2.883938392762312,3.3606636479458905,4.236677196312528,0.05748163149952905,0.05856827342397792,0.9014,0.8979749014313241,0.9047223142920195,0.9998,0.9995636838949538,0.9999083350849347
T10_BUDGET_FAMILY-0238,A,T10_BUDGET_FAMILY,0.5,-1,-1,1,-0.05,-0.05,50.0,10.0,58,1,5.0,0.05,-0.8682408883346516,4.92403876506104,4.781379861129761,30000,True,0.0,0.0,0.0,0.0,0.0,0.022112337303340477,0.04676848577216734,0.05361811900333903,0.06735762599502225,1.2816614292594766,2.7104162373937584,3.109913259370732,3.8986989648681973,0.0530676923078994,0.05407577553848144,0.9267,0.9236958188229527,0.929594918469401,1.0,0.9998719677669952,1.0
T10_BUDGET_FAMILY-0239,A,T10_BUDGET_FAMILY,0.5,-1,-1,1,-0.05,-0.05,50.0,10.0,59,-1,5.0,0.05,-0.8682408883346516,-4.92403876506104,4.701875911469932,30000,True,0.0,0.0,0.0,0.0,0.0,0.022852040069942587,0.050421795153827935,0.05873894673962475,0.073843027174769,1.3504300281835298,2.9697813329986995,3.4624553110129184,4.362041612857427,0.058189638159353615,0.059275154742567476,0.8971666666666667,0.8936785697717424,0.900553063291174,0.9997666666666667,0.9995183940812257,0.9998869667674782
T10_BUDGET_FAMILY-0240,A,T10_BUDGET_FAMILY,0.5,-1,-1,1,-0.05,-0.05,50.0,10.0,59,1,5.0,0.05,-0.8682408883346516,4.92403876506104,4.701875911469932,30000,True,0.0,0.0,0.0,0.0,0.0,0.02242063011271292,0.047310157404668644,0.05418443380278811,0.06801395621740902,1.3220286931751857,2.7853156608997294,3.1966841300094044,4.00810402669438,0.05365191529534488,0.05467351012155753,0.9230666666666667,0.9199966936031228,0.9260283073901241,1.0,0.9998719677669952,1.0
T10_BUDGET_FAMILY-0241,A,T10_BUDGET_FAMILY,0.5,-1,-1,1,-0.05,-0.05,50.0,10.0,60,-1,5.0,0.05,-0.8682408883346516,-4.92403876506104,4.624967021637014,30000,True,0.0,0.0,0.0,0.0,0.0,0.023184899246340863,0.051016535960827385,0.059489274688703256,0.07466031527287266,1.3934625511771068,3.058257803866007,3.565223073142334,4.4865931859046935,0.058903753555075274,0.06004327403041406,0.8926,0.8890459698042654,0.8960534992863791,0.9997333333333334,0.9994738353303702,0.9998648673871494
T10_BUDGET_FAMILY-0242,A,T10_BUDGET_FAMILY,0.5,-1,-1,1,-0.05,-0.05,50.0,10.0,60,1,5.0,0.05,-0.8682408883346516,4.92403876506104,4.624967021637014,30000,True,0.0,0.0,0.0,0.0,0.0,0.02274321357766702,0.04784348237597153,0.054762531218905744,0.06872567862282951,1.3623063635816735,2.865295023860527,3.2835401017328882,4.113763709690901,0.05424600012937238,0.05525793476258478,0.9191666666666667,0.9160282654527044,0.9221977341919599,1.0,0.9998719677669952,1.0
T10_BUDGET_FAMILY-0243,A,T10_BUDGET_FAMILY,0.5,-1,1,-1,-0.05,0.05,50.0,-10.0,50,-1,5.0,0.05,0.8682408883346516,-4.92403876506104,5.723135327316111,30000,True,0.0,0.0,0.0,0.0,0.0,0.018593108826265164,0.040609089656135494,0.04671980175132404,0.059123723955659103,0.9335961774232749,2.0322287158809402,2.3415333273551986,2.965301195960049,0.04632516252339386,0.047197739385247815,0.9657,0.9635801734464436,0.9677005773317356,1.0,0.9998719677669952,1.0
T10_BUDGET_FAMILY-0244,A,T10_BUDGET_FAMILY,0.5,-1,1,-1,-0.05,0.05,50.0,-10.0,50,1,5.0,0.05,0.8682408883346516,4.92403876506104,5.723135327316111,30000,True,0.0,0.0,0.0,0.0,0.0,0.01882266136474115,0.04273544848858279,0.05001014859805565,0.06338594635789292,0.9498365430760778,2.139926788643149,2.4990718567434906,3.1751973156617166,0.049497193722753255,0.05041321540793362,0.9498,0.9472709968850783,0.9522138253181105,0.9999666666666667,0.9998111938118758,0.999994115823935
T10_BUDGET_FAMILY-0245,A,T10_BUDGET_FAMILY,0.5,-1,1,-1,-0.05,0.05,50.0,-10.0,51,-1,5.0,0.05,0.8682408883346516,-4.92403876506104,5.609708961044603,30000,True,0.0,0.0,0.0,0.0,0.0,0.018892403939536468,0.04111961200803375,0.04730102785093981,0.05978608764155357,0.9683400615817387,2.0991195794671227,2.4173377590248064,3.0582935153501767,0.04689551410363319,0.04777222498076435,0.9634,0.9612151127750578,0.9654662269513935,1.0,0.9998719677669952,1.0
T10_BUDGET_FAMILY-0246,A,T10_BUDGET_FAMILY,0.5,-1,1,-1,-0.05,0.05,50.0,-10.0,51,1,5.0,0.05,0.8682408883346516,4.92403876506104,5.609708961044603,30000,True,0.0,0.0,0.0,0.0,0.0,0.019163011252196886,0.04335222157525409,0.050670972752630036,0.06419172951391447,0.9835223643016635,2.21331503478005,2.584466999379536,3.2839134634482434,0.05015182132981977,0.051059464855025924,0.9467333333333333,0.944134513373592,0.9492177607606259,0.9999666666666667,0.9998111938118758,0.999994115823935
T10_BUDGET_FAMILY-0247,A,T10_BUDGET_FAMILY,0.5,-1,1,-1,-0.05,0.05,50.0,-10.0,52,-1,5.0,0.05,0.8682408883346516,-4.92403876506104,5.500677642369767,30000,True,0.0,0.0,0.0,0.0,0.0,0.019189189227800166,0.04162471648992435,0.04789845825162823,0.06049416736328753,1.0016821465925274,2.1682230503164286,2.4940604123591337,3.150911699420558,0.047501637562377505,0.04830055750586673,0.9609,0.9586469513071659,0.9630350285804502,1.0,0.9998719677669952,1.0
T10_BUDGET_FAMILY-0248,A,T10_BUDGET_FAMILY,0.5,-1,1,-1,-0.05,0.05,50.0,-10.0,52,1,5.0,0.05,0.8682408883346516,4.92403876506104,5.500677642369767,30000,True,0.0,0.0,0.0,0.0,0.0,0.019484672105311036,0.043923851289397305,0.051365349747783964,0.06504667621324518,1.019927048564822,2.2875003909650427,2.6723053745258043,3.3927857210736456,0.05078300503272537,0.05177766640013391,0.9427666666666666,0.940080998290016,0.9453389582332503,0.9999666666666667,0.9998111938118758,0.999994115823935
T10_BUDGET_FAMILY-0249,A,T10_BUDGET_FAMILY,0.5,-1,1,-1,-0.05,0.05,50.0,-10.0,53,-1,5.0,0.05,0.8682408883346516,-4.92403876506104,5.39579152295727,30000,True,0.0,0.0,0.0,0.0,0.0,0.01949253638303589,0.04216726967119494,0.04848636104127574,0.0612303385285105,1.0365219510684665,2.241041238852681,2.573290337425433,3.2471077940830835,0.0481402155216911,0.04893035169958222,0.9583666666666667,0.9560470232044517,0.9605689387131452,1.0,0.9998719677669952,1.0
T10_BUDGET_FAMILY-0250,A,T10_BUDGET_FAMILY,0.5,-1,1,-1,-0.05,0.05,50.0,-10.0,53,1,5.0,0.05,0.8682408883346516,4.92403876506104,5.39579152295727,30000,True,0.0,0.0,0.0,0.0,0.0,0.01983211604634036,0.04456339690368606,0.052033528371239465,0.06586591442672933,1.0558484931900873,2.3636161439011376,2.761925822204889,3.5002668017394396,0.051500936383460996,0.052546604028231116,0.9391,0.9363372193282491,0.9417503427647262,0.9999666666666667,0.9998111938118758,0.999994115823935
T10_BUDGET_FAMILY-0251,A,T10_BUDGET_FAMILY,0.5,-1,1,-1,-0.05,0.05,50.0,-10.0,54,-1,5.0,0.05,0.8682408883346516,-4.92403876506104,5.294819286258032,30000,True,0.0,0.0,0.0,0.0,0.0,0.01981039576820141,0.0426648351732092,0.04911874919111336,0.06190187298226504,1.0734468149805958,2.30969071974696,2.6534710968466237,3.3444878112327996,0.048702415047463594,0.049492244198604485,0.9552333333333334,0.9528344527537498,0.9575156448325073,1.0,0.9998719677669952,1.0
T10_BUDGET_FAMILY-0252,A,T10_BUDGET_FAMILY,0.5,-1,1,-1,-0.05,0.05,50.0,-10.0,54,1,5.0,0.05,0.8682408883346516,4.92403876506104,5.294819286258032,30000,True,0.0,0.0,0.0,0.0,0.0,0.02013826224307675,0.045184130573978284,0.052684238826288865,0.06668823874548585,1.0925494966749005,2.440530205488714,2.8480212528933255,3.607955820599437,0.05224112127794943,0.053211765304791214,0.9350333333333334,0.9321882716431598,0.9377669984453105,0.9999666666666667,0.9998111938118758,0.999994115823935
T10_BUDGET_FAMILY-0253,A,T10_BUDGET_FAMILY,0.5,-1,1,-1,-0.05,0.05,50.0,-10.0,55,-1,5.0,0.05,0.8682408883346516,-4.92403876506104,5.197546465374913,30000,True,0.0,0.0,0.0,0.0,0.0,0.02012746636738156,0.04319682853049742,0.04969182445943894,0.06263900891007679,1.1107004884696485,2.381341521886726,2.7376046122357423,3.447012423132712,0.04926004425485062,0.05011960197466372,0.9517666666666666,0.9492837680834771,0.9541338838595952,1.0,0.9998719677669952,1.0
T10_BUDGET_FAMILY-0254,A,T10_BUDGET_FAMILY,0.5,-1,1,-1,-0.05,0.05,50.0,-10.0,55,1,5.0,0.05,0.8682408883346516,4.92403876506104,5.197546465374913,30000,True,0.0,0.0,0.0,0.0,0.0,0.020464567959591694,0.0457943389765669,0.053411526935855394,0.06750155599368733,1.1311779726307545,2.520437502416398,2.937261018644428,3.72412817155418,0.052923924552411385,0.05393085402095104,0.9313,0.9283821600516018,0.9341073993442084,0.9999666666666667,0.9998111938118758,0.999994115823935
T10_BUDGET_FAMILY-0255,A,T10_BUDGET_FAMILY,0.5,-1,1,-1,-0.05,0.05,50.0,-10.0,56,-1,5.0,0.05,0.8682408883346516,-4.92403876506104,5.103773940389332,30000,True,0.0,0.0,0.0,0.0,0.0,0.020417347279836257,0.04372810111297097,0.050242223503617164,0.06329152769174039,1.1487078400976005,2.4529596404650005,2.8193759347848104,3.5480337562350908,0.04983121103634185,0.050703444070283536,0.9484,0.9458388200719097,0.9508463606215316,1.0,0.9998719677669952,1.0
T10_BUDGET_FAMILY-0256,A,T10_BUDGET_FAMILY,0.5,-1,1,-1,-0.05,0.05,50.0,-10.0,56,1,5.0,0.05,0.8682408883346516,4.92403876506104,5.103773940389332,30000,True,0.0,0.0,0.0,0.0,0.0,0.020810815795670505,0.04639201042296775,0.05412597823677169,0.06832604629118423,1.1705261494346912,2.5992820954138027,3.027550301913358,3.8326832080490307,0.0536506260383925,0.054619480177265825,0.9271,0.924103188240038,0.9299874466265293,0.9999666666666667,0.9998111938118758,0.999994115823935
T10_BUDGET_FAMILY-0257,A,T10_BUDGET_FAMILY,0.5,-1,1,-1,-0.05,0.05,50.0,-10.0,57,-1,5.0,0.05,0.8682408883346516,-4.92403876506104,5.013316593260984,30000,True,0.0,0.0,0.0,0.0,0.0,0.02073529524589103,0.04426623090035507,0.05081411784156879,0.06400863822682692,1.1856609160554687,2.5269403336486365,2.9007681009790365,3.6511343862617296,0.05044344814170219,0.051263277249628016,0.9449333333333333,0.942294640114294,0.9474580949359628,1.0,0.9998719677669952,1.0
T10_BUDGET_FAMILY-0258,A,T10_BUDGET_FAMILY,0.5,-1,1,-1,-0.05,0.05,50.0,-10.0,57,1,5.0,0.05,0.8682408883346516,4.92403876506104,5.013316593260984,30000,True,0.0,0.0,0.0,0.0,0.0,0.02113896710377199,0.04699961846123108,0.05482673610145358,0.06917159980330032,1.209585520150595,2.6794783179334978,3.1221394047971387,3.9448953124357695,0.054393014470994226,0.05533288386888632,0.9223,0.9192164006489341,0.9252754633270701,0.9999666666666667,0.9998111938118758,0.999994115823935
T10_BUDGET_FAMILY-0259,A,T10_BUDGET_FAMILY,0.5,-1,1,-1,-0.05,0.05,50.0,-10.0,58,-1,5.0,0.05,0.8682408883346516,-4.92403876506104,4.926002101404179,30000,True,0.0,0.0,0.0,0.0,0.0,0.021064954982186756,0.04480811642499401,0.05141141951987098,0.06472045325609184,1.2244251889407896,2.6041244237421415,2.985520559419477,3.7556240857479533,0.05097457843401285,0.051892499120247175,0.9414666666666667,0.9387533251148497,0.9440669642922226,1.0,0.9998719677669952,1.0
T10_BUDGET_FAMILY-0260,A,T10_BUDGET_FAMILY,0.5,-1,1,-1,-0.05,0.05,50.0,-10.0,58,1,5.0,0.05,0.8682408883346516,4.92403876506104,4.926002101404179,30000,True,0.0,0.0,0.0,0.0,0.0,0.02147397776660594,0.04764183530205079,0.05553794803705663,0.07001525780803199,1.2493622499058545,2.7625031883721882,3.219220219479637,4.064498438214589,0.05502883077298379,0.0560520620169539,0.9176333333333333,0.91446861829477,0.9206911073154088,0.9999666666666667,0.9998111938118758,0.999994115823935
T10_BUDGET_FAMILY-0261,A,T10_BUDGET_FAMILY,0.5,-1,1,-1,-0.05,0.05,50.0,-10.0,59,-1,5.0,0.05,0.8682408883346516,-4.92403876506104,4.841669853583944,30000,True,0.0,0.0,0.0,0.0,0.0,0.021383181424009287,0.045342049193396426,0.051966485755878394,0.06537777830739681,1.2641824596141613,2.677925237183855,3.0715987487000818,3.856568943655656,0.05150772163116873,0.052493493191461696,0.9369333333333333,0.9341263084243915,0.9396284751415932,1.0,0.9998719677669952,1.0
T10_BUDGET_FAMILY-0262,A,T10_BUDGET_FAMILY,0.5,-1,1,-1,-0.05,0.05,50.0,-10.0,59,1,5.0,0.05,0.8682408883346516,4.92403876506104,4.841669853583944,30000,True,0.0,0.0,0.0,0.0,0.0,0.02179482895854645,0.04826610928170141,0.0562837013051442,0.07092698370931762,1.290078928184203,2.8458799541199267,3.31915091726635,4.18527170464553,0.05571978812351637,0.05682187573988408,0.9129,0.9096560389493255,0.9160382320326593,0.9999333333333333,0.999756934099615,0.9999817174050113
T10_BUDGET_FAMILY-0263,A,T10_BUDGET_FAMILY,0.5,-1,1,-1,-0.05,0.05,50.0,-10.0,60,-1,5.0,0.05,0.8682408883346516,-4.92403876506104,4.760169973937955,30000,True,0.0,0.0,0.0,0.0,0.0,0.02169855239499559,0.04592192361777414,0.052588889013679224,0.06610007116301908,1.305478272818183,2.7550927184004745,3.1596711115548315,3.9644739109359604,0.0520684525122924,0.05306865375665251,0.9333,0.9304208334507927,0.9360682138160853,1.0,0.9998719677669952,1.0
T10_BUDGET_FAMILY-0264,A,T10_BUDGET_FAMILY,0.5,-1,1,-1,-0.05,0.05,50.0,-10.0,60,1,5.0,0.05,0.8682408883346516,4.92403876506104,4.760169973937955,30000,True,0.0,0.0,0.0,0.0,0.0,0.022133655341161903,0.04886486912282386,0.057007610774894246,0.07169974826081216,1.3322268191890625,2.931345284838,3.4165812199284056,4.308066392019931,0.05643231687538221,0.057530191821501236,0.9089666666666667,0.9056590130119897,0.912169598490228,0.9998333333333334,0.9996098691834452,0.9999288079276276
T10_BUDGET_FAMILY-0265,A,T10_BUDGET_FAMILY,0.5,-1,1,1,-0.05,0.05,50.0,10.0,50,-1,5.0,0.05,-0.8682408883346516,-4.92403876506104,5.528997271039993,30000,True,0.0,0.0,0.0,0.0,0.0,0.01928068208431796,0.04217280130602745,0.04851547103918861,0.061566805762149526,0.968876484653187,2.110598137945312,2.429681125060785,3.0834067104667686,0.04812185687775241,0.04901733773106585,0.9576333333333333,0.9552948462387075,0.959854636792831,1.0,0.9998719677669952,1.0
T10_BUDGET_FAMILY-0266,A,T10_BUDGET_FAMILY,0.5,-1,1,1,-0.05,0.05,50.0,10.0,50,1,5.0,0.05,-0.8682408883346516,4.92403876506104,5.528997271039993,30000,True,0.0,0.0,0.0,0.0,0.0,0.019571468166359268,0.044438518297165074,0.05202601114446395,0.06606342063192998,0.9851091466592385,2.2260457797470634,2.6026597141170957,3.3087963138082372,0.05156651208437239,0.05251863164388695,0.9392,0.9364392844286813,0.9418482520578473,0.9999666666666667,0.9998111938118758,0.999994115823935
T10_BUDGET_FAMILY-0267,A,T10_BUDGET_FAMILY,0.5,-1,1,1,-0.05,0.05,50.0,10.0,51,-1,5.0,0.05,-0.8682408883346516,-4.92403876506104,5.423041988620561,30000,True,0.0,0.0,0.0,0.0,0.0,0.01959935266806054,0.04269631984878616,0.0491121680979729,0.0622312169593521,1.003754126761554,2.180340609325283,2.508251800488405,3.174525961253768,0.048717819038124055,0.04959901595878739,0.9548,0.9523904154628642,0.9570931264179947,1.0,0.9998719677669952,1.0
T10_BUDGET_FAMILY-0268,A,T10_BUDGET_FAMILY,0.5,-1,1,1,-0.05,0.05,50.0,10.0,51,1,5.0,0.05,-0.8682408883346516,4.92403876506104,5.423041988620561,30000,True,0.0,0.0,0.0,0.0,0.0,0.019875276209694058,0.04508959419316343,0.05268471509822069,0.06689484997813491,1.0194131133163238,2.301039503496818,2.691316313073604,3.418456434594029,0.05221766484857737,0.05322390962216565,0.9353666666666667,0.9325282279945736,0.9380936234057414,0.9999666666666667,0.9998111938118758,0.999994115823935
T10_BUDGET_FAMILY-0269,A,T10_BUDGET_FAMILY,0.5,-1,1,1,-0.05,0.05,50.0,10.0,52,-1,5.0,0.05,-0.8682408883346516,-4.92403876506104,5.321059844606539,30000,True,0.0,0.0,0.0,0.0,0.0,0.019921039292195283,0.04318753618699325,0.04971329688989566,0.06292595180200217,1.0381154957773628,2.251475750243435,2.58578968995494,3.2698348492162697,0.04930022190622948,0.050152800790525816,0.9516333333333333,0.9491472746103402,0.9540037448079943,1.0,0.9998719677669952,1.0
T10_BUDGET_FAMILY-0270,A,T10_BUDGET_FAMILY,0.5,-1,1,1,-0.05,0.05,50.0,10.0,52,1,5.0,0.05,-0.8682408883346516,4.92403876506104,5.321059844606539,30000,True,0.0,0.0,0.0,0.0,0.0,0.020197079915691418,0.04568087771869828,0.05335318649201849,0.06763451210431885,1.0567853764555701,2.3781327143719917,2.7772033487669674,3.5296032242980218,0.05285028704847396,0.05388767074994501,0.9317333333333333,0.9288238123381114,0.9345323027630967,0.9999666666666667,0.9998111938118758,0.999994115823935
T10_BUDGET_FAMILY-0271,A,T10_BUDGET_FAMILY,0.5,-1,1,1,-0.05,0.05,50.0,10.0,53,-1,5.0,0.05,-0.8682408883346516,-4.92403876506104,5.222832084647105,30000,True,0.0,0.0,0.0,0.0,0.0,0.020208799051827497,0.043679300814410335,0.05035206312825835,0.06360063119192567,1.0730532270060997,2.3206202326510446,2.6670225255016433,3.366504792080661,0.04984580895606508,0.05069263691048119,0.9482666666666667,0.9457024492811419,0.9507160988875616,1.0,0.9998719677669952,1.0
T10_BUDGET_FAMILY-0272,A,T10_BUDGET_FAMILY,0.5,-1,1,1,-0.05,0.05,50.0,10.0,53,1,5.0,0.05,-0.8682408883346516,4.92403876506104,5.222832084647105,30000,True,0.0,0.0,0.0,0.0,0.0,0.020537693913740197,0.046270899538303815,0.054079743584773125,0.06853858517617017,1.0923226459803619,2.4563763593778964,2.866289787384442,3.6374955426871907,0.053473044773933616,0.05456785570128711,0.9275666666666667,0.9245784851101958,0.930445363592954,0.9999666666666667,0.9998111938118758,0.999994115823935
T10_BUDGET_FAMILY-0273,A,T10_BUDGET_FAMILY,0.5,-1,1,1,-0.05,0.05,50.0,10.0,54,-1,5.0,0.05,-0.8682408883346516,-4.92403876506104,5.128155681223732,30000,True,0.0,0.0,0.0,0.0,0.0,0.020499503417098504,0.04419209943130298,0.050892596471597044,0.06420037910532023,1.11061934269102,2.390865718788411,2.7494819890047033,3.4683547457411747,0.050406516808308106,0.05130991546784437,0.9452,0.9425671643707177,0.9477188357290148,1.0,0.9998719677669952,1.0
T10_BUDGET_FAMILY-0274,A,T10_BUDGET_FAMILY,0.5,-1,1,1,-0.05,0.05,50.0,10.0,54,1,5.0,0.05,-0.8682408883346516,4.92403876506104,5.128155681223732,30000,True,0.0,0.0,0.0,0.0,0.0,0.020847104045479098,0.04687928836672931,0.05478768003942675,0.06936700437433793,1.1311047849297937,2.533645787084007,2.9575838832619925,3.751141444646752,0.05419032755545369,0.05526576225344958,0.9234,0.9203359787267925,0.926355603578299,0.9999666666666667,0.9998111938118758,0.999994115823935
T10_BUDGET_FAMILY-0275,A,T10_BUDGET_FAMILY,0.5,-1,1,1,-0.05,0.05,50.0,10.0,55,-1,5.0,0.05,-0.8682408883346516,-4.92403876506104,5.036841948973768,30000,True,0.0,0.0,0.0,0.0,0.0,0.020802344859805803,0.04473332453980871,0.05142123894579229,0.06484123599689673,1.1477034889019007,2.46439067437984,2.8319698586505564,3.5713486634241565,0.050978688997312296,0.05194976737660281,0.9415,0.9387873633542255,0.9440995841840313,1.0,0.9998719677669952,1.0
T10_BUDGET_FAMILY-0276,A,T10_BUDGET_FAMILY,0.5,-1,1,1,-0.05,0.05,50.0,10.0,55,1,5.0,0.05,-0.8682408883346516,4.92403876506104,5.036841948973768,30000,True,0.0,0.0,0.0,0.0,0.0,0.021171770140944606,0.047495587973906274,0.05545180138271865,0.07014142761934633,1.1698276542419426,2.6115047096797137,3.04920116683312,3.8629396736374457,0.05491874988044042,0.05600602613258587,0.9188,0.9156552768079473,0.9218374833936878,0.9999333333333333,0.999756934099615,0.9999817174050113
T10_BUDGET_FAMILY-0277,A,T10_BUDGET_FAMILY,0.5,-1,1,1,-0.05,0.05,50.0,10.0,56,-1,5.0,0.05,-0.8682408883346516,-4.92403876506104,4.948715303406763,30000,True,0.0,0.0,0.0,0.0,0.0,0.021108576570512256,0.045245473766560886,0.05202107303516636,0.06558126147310553,1.1859190353527804,2.537898816232113,2.9161699705646003,3.6713360415061906,0.051538384760669916,0.05248741189286082,0.9377,0.9349085227873972,0.9403793977958304,1.0,0.9998719677669952,1.0
T10_BUDGET_FAMILY-0278,A,T10_BUDGET_FAMILY,0.5,-1,1,1,-0.05,0.05,50.0,10.0,56,1,5.0,0.05,-0.8682408883346516,4.92403876506104,4.948715303406763,30000,True,0.0,0.0,0.0,0.0,0.0,0.021520569192095503,0.04804183787206538,0.05613875489252873,0.0709918250592788,1.2081836181769265,2.6932652272963096,3.140982764519849,3.976107489579383,0.05562400178232517,0.05667071794957934,0.9146333333333333,0.9114180526708496,0.9177424411327272,0.9998666666666667,0.9996571871547361,0.9999481480875213
T10_BUDGET_FAMILY-0279,A,T10_BUDGET_FAMILY,0.5,-1,1,1,-0.05,0.05,50.0,10.0,57,-1,5.0,0.05,-0.8682408883346516,-4.92403876506104,4.863612146026789,30000,True,0.0,0.0,0.0,0.0,0.0,0.021428311012988064,0.045779294459860786,0.05257331612565464,0.06617348359874983,1.2238178669224227,2.6140770969282747,3.003122528505705,3.7771041378770094,0.0520749223096999,0.053047557099560175,0.9339,0.9310325760764384,0.9366563175517599,1.0,0.9998719677669952,1.0
T10_BUDGET_FAMILY-0280,A,T10_BUDGET_FAMILY,0.5,-1,1,1,-0.05,0.05,50.0,10.0,57,1,5.0,0.05,-0.8682408883346516,4.92403876506104,4.863612146026789,30000,True,0.0,0.0,0.0,0.0,0.0,0.02185560537058251,0.048697673116714746,0.05683881770020187,0.07184224342370184,1.247752916409557,2.7771251233061887,3.239018168852996,4.091984924405458,0.056311881544442575,0.05738079735961246,0.9100666666666667,0.9067766355099924,0.9132516943213127,0.9998333333333334,0.9996098691834452,0.9999288079276276
T10_BUDGET_FAMILY-0281,A,T10_BUDGET_FAMILY,0.5,-1,1,1,-0.05,0.05,50.0,10.0,58,-1,5.0,0.05,-0.8682408883346516,-4.92403876506104,4.781379861129761,30000,True,0.0,0.0,0.0,0.0,0.0,0.02173392519361638,0.046331445734546076,0.05316657453324668,0.06693658118107848,1.2643868849541315,2.689633722267251,3.0906220669284883,3.878200856654319,0.05262732331947938,0.0536324495640281,0.9299,0.9269555061612265,0.932734411724836,1.0,0.9998719677669952,1.0
T10_BUDGET_FAMILY-0282,A,T10_BUDGET_FAMILY,0.5,-1,1,1,-0.05,0.05,50.0,10.0,58,1,5.0,0.05,-0.8682408883346516,4.92403876506104,4.781379861129761,30000,True,0.0,0.0,0.0,0.0,0.0,0.022164625694125365,0.04933783802887946,0.05755979428023137,0.07264304748155985,1.289380636512217,2.860566846941283,3.337727760234828,4.214234650389239,0.05702206650246272,0.058132949992595634,0.9049,0.901528426630852,0.9081678928668607,0.9998,0.9995636838949538,0.9999083350849347
T10_BUDGET_FAMILY-0283,A,T10_BUDGET_FAMILY,0.5,-1,1,1,-0.05,0.05,50.0,10.0,59,-1,5.0,0.05,-0.8682408883346516,-4.92403876506104,4.701875911469932,30000,True,0.0,0.0,0.0,0.0,0.0,0.0220694686357007,0.04686719787340522,0.05375233673543425,0.06756707000286875,1.3041549957686056,2.7630967989574553,3.1762808468538046,3.9893143847014976,0.05321609754585328,0.054241034776404864,0.9256,0.9225756840909979,0.9285153348722684,1.0,0.9998719677669952,1.0
T10_BUDGET_FAMILY-0284,A,T10_BUDGET_FAMILY,0.5,-1,1,1,-0.05,0.05,50.0,10.0,59,1,5.0,0.05,-0.8682408883346516,4.92403876506104,4.701875911469932,30000,True,0.0,0.0,0.0,0.0,0.0,0.022493589276311884,0.04995716237017388,0.058279288452016985,0.07337797550454737,1.3305918809174295,2.946628085473013,3.438103265705955,4.339540856501996,0.05773430239155994,0.0588186571663857,0.9004,0.8969598513902245,0.9037376203975852,0.9998,0.9995636838949538,0.9999083350849347
T10_BUDGET_FAMILY-0285,A,T10_BUDGET_FAMILY,0.5,-1,1,1,-0.05,0.05,50.0,10.0,60,-1,5.0,0.05,-0.8682408883346516,-4.92403876506104,4.624967021637014,30000,True,0.0,0.0,0.0,0.0,0.0,0.02240435049887175,0.04741819066977288,0.05430891799904328,0.0682919128248333,1.3459823206646682,2.843104057349847,3.2618474580377983,4.091062549674126,0.05381269137711702,0.05483452387114151,0.9220666666666667,0.9189789374316779,0.925046319626035,1.0,0.9998719677669952,1.0
T10_BUDGET_FAMILY-0286,A,T10_BUDGET_FAMILY,0.5,-1,1,1,-0.05,0.05,50.0,10.0,60,1,5.0,0.05,-0.8682408883346516,4.92403876506104,4.624967021637014,30000,True,0.0,0.0,0.0,0.0,0.0,0.02281287680589396,0.05055997548813842,0.059039052206991134,0.07420806325363997,1.3735440450302236,3.0361117138360316,3.540784416664825,4.461749559838832,0.05847014677064545,0.059566222413025824,0.8959333333333334,0.8924272272602649,0.8993380549488263,0.9997333333333334,0.9994738353303702,0.9998648673871494
T10_BUDGET_FAMILY-0287,A,T10_BUDGET_FAMILY,0.5,1,-1,-1,0.05,-0.05,50.0,-10.0,50,-1,5.0,0.05,0.8682408883346516,-4.92403876506104,5.723135327316111,30000,True,0.0,0.0,0.0,0.0,0.0,0.01882266136474115,0.04273544848858279,0.05001014859805565,0.06338594635789292,0.9498365430760778,2.139926788643149,2.4990718567434906,3.1751973156617166,0.049497193722753255,0.05041321540793362,0.9498,0.9472709968850783,0.9522138253181105,0.9999666666666667,0.9998111938118758,0.999994115823935
T10_BUDGET_FAMILY-0288,A,T10_BUDGET_FAMILY,0.5,1,-1,-1,0.05,-0.05,50.0,-10.0,50,1,5.0,0.05,0.8682408883346516,4.92403876506104,5.723135327316111,30000,True,0.0,0.0,0.0,0.0,0.0,0.018593108826265164,0.040609089656135494,0.04671980175132404,0.059123723955659103,0.9335961774232749,2.0322287158809402,2.3415333273551986,2.965301195960049,0.04632516252339386,0.047197739385247815,0.9657,0.9635801734464436,0.9677005773317356,1.0,0.9998719677669952,1.0
T10_BUDGET_FAMILY-0289,A,T10_BUDGET_FAMILY,0.5,1,-1,-1,0.05,-0.05,50.0,-10.0,51,-1,5.0,0.05,0.8682408883346516,-4.92403876506104,5.609708961044603,30000,True,0.0,0.0,0.0,0.0,0.0,0.019163011252196886,0.04335222157525409,0.050670972752630036,0.06419172951391447,0.9835223643016635,2.21331503478005,2.584466999379536,3.2839134634482434,0.05015182132981977,0.051059464855025924,0.9467333333333333,0.944134513373592,0.9492177607606259,0.9999666666666667,0.9998111938118758,0.999994115823935
T10_BUDGET_FAMILY-0290,A,T10_BUDGET_FAMILY,0.5,1,-1,-1,0.05,-0.05,50.0,-10.0,51,1,5.0,0.05,0.8682408883346516,4.92403876506104,5.609708961044603,30000,True,0.0,0.0,0.0,0.0,0.0,0.018892403939536468,0.04111961200803375,0.04730102785093981,0.05978608764155357,0.9683400615817387,2.0991195794671227,2.4173377590248064,3.0582935153501767,0.04689551410363319,0.04777222498076435,0.9634,0.9612151127750578,0.9654662269513935,1.0,0.9998719677669952,1.0
T10_BUDGET_FAMILY-0291,A,T10_BUDGET_FAMILY,0.5,1,-1,-1,0.05,-0.05,50.0,-10.0,52,-1,5.0,0.05,0.8682408883346516,-4.92403876506104,5.500677642369767,30000,True,0.0,0.0,0.0,0.0,0.0,0.019484672105311036,0.043923851289397305,0.051365349747783964,0.06504667621324518,1.019927048564822,2.2875003909650427,2.6723053745258043,3.3927857210736456,0.05078300503272537,0.05177766640013391,0.9427666666666666,0.940080998290016,0.9453389582332503,0.9999666666666667,0.9998111938118758,0.999994115823935
T10_BUDGET_FAMILY-0292,A,T10_BUDGET_FAMILY,0.5,1,-1,-1,0.05,-0.05,50.0,-10.0,52,1,5.0,0.05,0.8682408883346516,4.92403876506104,5.500677642369767,30000,True,0.0,0.0,0.0,0.0,0.0,0.019189189227800166,0.04162471648992435,0.04789845825162823,0.06049416736328753,1.0016821465925274,2.1682230503164286,2.4940604123591337,3.150911699420558,0.047501637562377505,0.04830055750586673,0.9609,0.9586469513071659,0.9630350285804502,1.0,0.9998719677669952,1.0
T10_BUDGET_FAMILY-0293,A,T10_BUDGET_FAMILY,0.5,1,-1,-1,0.05,-0.05,50.0,-10.0,53,-1,5.0,0.05,0.8682408883346516,-4.92403876506104,5.39579152295727,30000,True,0.0,0.0,0.0,0.0,0.0,0.01983211604634036,0.04456339690368606,0.052033528371239465,0.06586591442672933,1.0558484931900873,2.3636161439011376,2.761925822204889,3.5002668017394396,0.051500936383460996,0.052546604028231116,0.9391,0.9363372193282491,0.9417503427647262,0.9999666666666667,0.9998111938118758,0.999994115823935
T10_BUDGET_FAMILY-0294,A,T10_BUDGET_FAMILY,0.5,1,-1,-1,0.05,-0.05,50.0,-10.0,53,1,5.0,0.05,0.8682408883346516,4.92403876506104,5.39579152295727,30000,True,0.0,0.0,0.0,0.0,0.0,0.01949253638303589,0.04216726967119494,0.04848636104127574,0.0612303385285105,1.0365219510684665,2.241041238852681,2.573290337425433,3.2471077940830835,0.0481402155216911,0.04893035169958222,0.9583666666666667,0.9560470232044517,0.9605689387131452,1.0,0.9998719677669952,1.0
T10_BUDGET_FAMILY-0295,A,T10_BUDGET_FAMILY,0.5,1,-1,-1,0.05,-0.05,50.0,-10.0,54,-1,5.0,0.05,0.8682408883346516,-4.92403876506104,5.294819286258032,30000,True,0.0,0.0,0.0,0.0,0.0,0.02013826224307675,0.045184130573978284,0.052684238826288865,0.06668823874548585,1.0925494966749005,2.440530205488714,2.8480212528933255,3.607955820599437,0.05224112127794943,0.053211765304791214,0.9350333333333334,0.9321882716431598,0.9377669984453105,0.9999666666666667,0.9998111938118758,0.999994115823935
T10_BUDGET_FAMILY-0296,A,T10_BUDGET_FAMILY,0.5,1,-1,-1,0.05,-0.05,50.0,-10.0,54,1,5.0,0.05,0.8682408883346516,4.92403876506104,5.294819286258032,30000,True,0.0,0.0,0.0,0.0,0.0,0.01981039576820141,0.0426648351732092,0.04911874919111336,0.06190187298226504,1.0734468149805958,2.30969071974696,2.6534710968466237,3.3444878112327996,0.048702415047463594,0.049492244198604485,0.9552333333333334,0.9528344527537498,0.9575156448325073,1.0,0.9998719677669952,1.0
T10_BUDGET_FAMILY-0297,A,T10_BUDGET_FAMILY,0.5,1,-1,-1,0.05,-0.05,50.0,-10.0,55,-1,5.0,0.05,0.8682408883346516,-4.92403876506104,5.197546465374913,30000,True,0.0,0.0,0.0,0.0,0.0,0.020464567959591694,0.0457943389765669,0.053411526935855394,0.06750155599368733,1.1311779726307545,2.520437502416398,2.937261018644428,3.72412817155418,0.052923924552411385,0.05393085402095104,0.9313,0.9283821600516018,0.9341073993442084,0.9999666666666667,0.9998111938118758,0.999994115823935
T10_BUDGET_FAMILY-0298,A,T10_BUDGET_FAMILY,0.5,1,-1,-1,0.05,-0.05,50.0,-10.0,55,1,5.0,0.05,0.8682408883346516,4.92403876506104,5.197546465374913,30000,True,0.0,0.0,0.0,0.0,0.0,0.02012746636738156,0.04319682853049742,0.04969182445943894,0.06263900891007679,1.1107004884696485,2.381341521886726,2.7376046122357423,3.447012423132712,0.04926004425485062,0.05011960197466372,0.9517666666666666,0.9492837680834771,0.9541338838595952,1.0,0.9998719677669952,1.0
T10_BUDGET_FAMILY-0299,A,T10_BUDGET_FAMILY,0.5,1,-1,-1,0.05,-0.05,50.0,-10.0,56,-1,5.0,0.05,0.8682408883346516,-4.92403876506104,5.103773940389332,30000,True,0.0,0.0,0.0,0.0,0.0,0.020810815795670505,0.04639201042296775,0.05412597823677169,0.06832604629118423,1.1705261494346912,2.5992820954138027,3.027550301913358,3.8326832080490307,0.0536506260383925,0.054619480177265825,0.9271,0.924103188240038,0.9299874466265293,0.9999666666666667,0.9998111938118758,0.999994115823935
T10_BUDGET_FAMILY-0300,A,T10_BUDGET_FAMILY,0.5,1,-1,-1,0.05,-0.05,50.0,-10.0,56,1,5.0,0.05,0.8682408883346516,4.92403876506104,5.103773940389332,30000,True,0.0,0.0,0.0,0.0,0.0,0.020417347279836257,0.04372810111297097,0.050242223503617164,0.06329152769174039,1.1487078400976005,2.4529596404650005,2.8193759347848104,3.5480337562350908,0.04983121103634185,0.050703444070283536,0.9484,0.9458388200719097,0.9508463606215316,1.0,0.9998719677669952,1.0
T10_BUDGET_FAMILY-0301,A,T10_BUDGET_FAMILY,0.5,1,-1,-1,0.05,-0.05,50.0,-10.0,57,-1,5.0,0.05,0.8682408883346516,-4.92403876506104,5.013316593260984,30000,True,0.0,0.0,0.0,0.0,0.0,0.02113896710377199,0.04699961846123108,0.05482673610145358,0.06917159980330032,1.209585520150595,2.6794783179334978,3.1221394047971387,3.9448953124357695,0.054393014470994226,0.05533288386888632,0.9223,0.9192164006489341,0.9252754633270701,0.9999666666666667,0.9998111938118758,0.999994115823935
T10_BUDGET_FAMILY-0302,A,T10_BUDGET_FAMILY,0.5,1,-1,-1,0.05,-0.05,50.0,-10.0,57,1,5.0,0.05,0.8682408883346516,4.92403876506104,5.013316593260984,30000,True,0.0,0.0,0.0,0.0,0.0,0.02073529524589103,0.04426623090035507,0.05081411784156879,0.06400863822682692,1.1856609160554687,2.5269403336486365,2.9007681009790365,3.6511343862617296,0.05044344814170219,0.051263277249628016,0.9449333333333333,0.942294640114294,0.9474580949359628,1.0,0.9998719677669952,1.0
T10_BUDGET_FAMILY-0303,A,T10_BUDGET_FAMILY,0.5,1,-1,-1,0.05,-0.05,50.0,-10.0,58,-1,5.0,0.05,0.8682408883346516,-4.92403876506104,4.926002101404179,30000,True,0.0,0.0,0.0,0.0,0.0,0.02147397776660594,0.04764183530205079,0.05553794803705663,0.07001525780803199,1.2493622499058545,2.7625031883721882,3.219220219479637,4.064498438214589,0.05502883077298379,0.0560520620169539,0.9176333333333333,0.91446861829477,0.9206911073154088,0.9999666666666667,0.9998111938118758,0.999994115823935
T10_BUDGET_FAMILY-0304,A,T10_BUDGET_FAMILY,0.5,1,-1,-1,0.05,-0.05,50.0,-10.0,58,1,5.0,0.05,0.8682408883346516,4.92403876506104,4.926002101404179,30000,True,0.0,0.0,0.0,0.0,0.0,0.021064954982186756,0.04480811642499401,0.05141141951987098,0.06472045325609184,1.2244251889407896,2.6041244237421415,2.985520559419477,3.7556240857479533,0.05097457843401285,0.051892499120247175,0.9414666666666667,0.9387533251148497,0.9440669642922226,1.0,0.9998719677669952,1.0
T10_BUDGET_FAMILY-0305,A,T10_BUDGET_FAMILY,0.5,1,-1,-1,0.05,-0.05,50.0,-10.0,59,-1,5.0,0.05,0.8682408883346516,-4.92403876506104,4.841669853583944,30000,True,0.0,0.0,0.0,0.0,0.0,0.02179482895854645,0.04826610928170141,0.0562837013051442,0.07092698370931762,1.290078928184203,2.8458799541199267,3.31915091726635,4.18527170464553,0.05571978812351637,0.05682187573988408,0.9129,0.9096560389493255,0.9160382320326593,0.9999333333333333,0.999756934099615,0.9999817174050113
T10_BUDGET_FAMILY-0306,A,T10_BUDGET_FAMILY,0.5,1,-1,-1,0.05,-0.05,50.0,-10.0,59,1,5.0,0.05,0.8682408883346516,4.92403876506104,4.841669853583944,30000,True,0.0,0.0,0.0,0.0,0.0,0.021383181424009287,0.045342049193396426,0.051966485755878394,0.06537777830739681,1.2641824596141613,2.677925237183855,3.0715987487000818,3.856568943655656,0.05150772163116873,0.052493493191461696,0.9369333333333333,0.9341263084243915,0.9396284751415932,1.0,0.9998719677669952,1.0
T10_BUDGET_FAMILY-0307,A,T10_BUDGET_FAMILY,0.5,1,-1,-1,0.05,-0.05,50.0,-10.0,60,-1,5.0,0.05,0.8682408883346516,-4.92403876506104,4.760169973937955,30000,True,0.0,0.0,0.0,0.0,0.0,0.022133655341161903,0.04886486912282386,0.057007610774894246,0.07169974826081216,1.3322268191890625,2.931345284838,3.4165812199284056,4.308066392019931,0.05643231687538221,0.057530191821501236,0.9089666666666667,0.9056590130119897,0.912169598490228,0.9998333333333334,0.9996098691834452,0.9999288079276276
T10_BUDGET_FAMILY-0308,A,T10_BUDGET_FAMILY,0.5,1,-1,-1,0.05,-0.05,50.0,-10.0,60,1,5.0,0.05,0.8682408883346516,4.92403876506104,4.760169973937955,30000,True,0.0,0.0,0.0,0.0,0.0,0.02169855239499559,0.04592192361777414,0.052588889013679224,0.06610007116301908,1.305478272818183,2.7550927184004745,3.1596711115548315,3.9644739109359604,0.0520684525122924,0.05306865375665251,0.9333,0.9304208334507927,0.9360682138160853,1.0,0.9998719677669952,1.0
T10_BUDGET_FAMILY-0309,A,T10_BUDGET_FAMILY,0.5,1,-1,1,0.05,-0.05,50.0,10.0,50,-1,5.0,0.05,-0.8682408883346516,-4.92403876506104,5.528997271039993,30000,True,0.0,0.0,0.0,0.0,0.0,0.019571468166359268,0.044438518297165074,0.05202601114446395,0.06606342063192998,0.9851091466592385,2.2260457797470634,2.6026597141170957,3.3087963138082372,0.05156651208437239,0.05251863164388695,0.9392,0.9364392844286813,0.9418482520578473,0.9999666666666667,0.9998111938118758,0.999994115823935
T10_BUDGET_FAMILY-0310,A,T10_BUDGET_FAMILY,0.5,1,-1,1,0.05,-0.05,50.0,10.0,50,1,5.0,0.05,-0.8682408883346516,4.92403876506104,5.528997271039993,30000,True,0.0,0.0,0.0,0.0,0.0,0.01928068208431796,0.04217280130602745,0.04851547103918861,0.061566805762149526,0.968876484653187,2.110598137945312,2.429681125060785,3.0834067104667686,0.04812185687775241,0.04901733773106585,0.9576333333333333,0.9552948462387075,0.959854636792831,1.0,0.9998719677669952,1.0
T10_BUDGET_FAMILY-0311,A,T10_BUDGET_FAMILY,0.5,1,-1,1,0.05,-0.05,50.0,10.0,51,-1,5.0,0.05,-0.8682408883346516,-4.92403876506104,5.423041988620561,30000,True,0.0,0.0,0.0,0.0,0.0,0.019875276209694058,0.04508959419316343,0.05268471509822069,0.06689484997813491,1.0194131133163238,2.301039503496818,2.691316313073604,3.418456434594029,0.05221766484857737,0.05322390962216565,0.9353666666666667,0.9325282279945736,0.9380936234057414,0.9999666666666667,0.9998111938118758,0.999994115823935
T10_BUDGET_FAMILY-0312,A,T10_BUDGET_FAMILY,0.5,1,-1,1,0.05,-0.05,50.0,10.0,51,1,5.0,0.05,-0.8682408883346516,4.92403876506104,5.423041988620561,30000,True,0.0,0.0,0.0,0.0,0.0,0.01959935266806054,0.04269631984878616,0.0491121680979729,0.0622312169593521,1.003754126761554,2.180340609325283,2.508251800488405,3.174525961253768,0.048717819038124055,0.04959901595878739,0.9548,0.9523904154628642,0.9570931264179947,1.0,0.9998719677669952,1.0
T10_BUDGET_FAMILY-0313,A,T10_BUDGET_FAMILY,0.5,1,-1,1,0.05,-0.05,50.0,10.0,52,-1,5.0,0.05,-0.8682408883346516,-4.92403876506104,5.321059844606539,30000,True,0.0,0.0,0.0,0.0,0.0,0.020197079915691418,0.04568087771869828,0.05335318649201849,0.06763451210431885,1.0567853764555701,2.3781327143719917,2.7772033487669674,3.5296032242980218,0.05285028704847396,0.05388767074994501,0.9317333333333333,0.9288238123381114,0.9345323027630967,0.9999666666666667,0.9998111938118758,0.999994115823935
T10_BUDGET_FAMILY-0314,A,T10_BUDGET_FAMILY,0.5,1,-1,1,0.05,-0.05,50.0,10.0,52,1,5.0,0.05,-0.8682408883346516,4.92403876506104,5.321059844606539,30000,True,0.0,0.0,0.0,0.0,0.0,0.019921039292195283,0.04318753618699325,0.04971329688989566,0.06292595180200217,1.0381154957773628,2.251475750243435,2.58578968995494,3.2698348492162697,0.04930022190622948,0.050152800790525816,0.9516333333333333,0.9491472746103402,0.9540037448079943,1.0,0.9998719677669952,1.0
T10_BUDGET_FAMILY-0315,A,T10_BUDGET_FAMILY,0.5,1,-1,1,0.05,-0.05,50.0,10.0,53,-1,5.0,0.05,-0.8682408883346516,-4.92403876506104,5.222832084647105,30000,True,0.0,0.0,0.0,0.0,0.0,0.020537693913740197,0.046270899538303815,0.054079743584773125,0.06853858517617017,1.0923226459803619,2.4563763593778964,2.866289787384442,3.6374955426871907,0.053473044773933616,0.05456785570128711,0.9275666666666667,0.9245784851101958,0.930445363592954,0.9999666666666667,0.9998111938118758,0.999994115823935
T10_BUDGET_FAMILY-0316,A,T10_BUDGET_FAMILY,0.5,1,-1,1,0.05,-0.05,50.0,10.0,53,1,5.0,0.05,-0.8682408883346516,4.92403876506104,5.222832084647105,30000,True,0.0,0.0,0.0,0.0,0.0,0.020208799051827497,0.043679300814410335,0.05035206312825835,0.06360063119192567,1.0730532270060997,2.3206202326510446,2.6670225255016433,3.366504792080661,0.04984580895606508,0.05069263691048119,0.9482666666666667,0.9457024492811419,0.9507160988875616,1.0,0.9998719677669952,1.0
T10_BUDGET_FAMILY-0317,A,T10_BUDGET_FAMILY,0.5,1,-1,1,0.05,-0.05,50.0,10.0,54,-1,5.0,0.05,-0.8682408883346516,-4.92403876506104,5.128155681223732,30000,True,0.0,0.0,0.0,0.0,0.0,0.020847104045479098,0.04687928836672931,0.05478768003942675,0.06936700437433793,1.1311047849297937,2.533645787084007,2.9575838832619925,3.751141444646752,0.05419032755545369,0.05526576225344958,0.9234,0.9203359787267925,0.926355603578299,0.9999666666666667,0.9998111938118758,0.999994115823935
T10_BUDGET_FAMILY-0318,A,T10_BUDGET_FAMILY,0.5,1,-1,1,0.05,-0.05,50.0,10.0,54,1,5.0,0.05,-0.8682408883346516,4.92403876506104,5.128155681223732,30000,True,0.0,0.0,0.0,0.0,0.0,0.020499503417098504,0.04419209943130298,0.050892596471597044,0.06420037910532023,1.11061934269102,2.390865718788411,2.7494819890047033,3.4683547457411747,0.050406516808308106,0.05130991546784437,0.9452,0.9425671643707177,0.9477188357290148,1.0,0.9998719677669952,1.0
T10_BUDGET_FAMILY-0319,A,T10_BUDGET_FAMILY,0.5,1,-1,1,0.05,-0.05,50.0,10.0,55,-1,5.0,0.05,-0.8682408883346516,-4.92403876506104,5.036841948973768,30000,True,0.0,0.0,0.0,0.0,0.0,0.021171770140944606,0.047495587973906274,0.05545180138271865,0.07014142761934633,1.1698276542419426,2.6115047096797137,3.04920116683312,3.8629396736374457,0.05491874988044042,0.05600602613258587,0.9188,0.9156552768079473,0.9218374833936878,0.9999333333333333,0.999756934099615,0.9999817174050113
T10_BUDGET_FAMILY-0320,A,T10_BUDGET_FAMILY,0.5,1,-1,1,0.05,-0.05,50.0,10.0,55,1,5.0,0.05,-0.8682408883346516,4.92403876506104,5.036841948973768,30000,True,0.0,0.0,0.0,0.0,0.0,0.020802344859805803,0.04473332453980871,0.05142123894579229,0.06484123599689673,1.1477034889019007,2.46439067437984,2.8319698586505564,3.5713486634241565,0.050978688997312296,0.05194976737660281,0.9415,0.9387873633542255,0.9440995841840313,1.0,0.9998719677669952,1.0
T10_BUDGET_FAMILY-0321,A,T10_BUDGET_FAMILY,0.5,1,-1,1,0.05,-0.05,50.0,10.0,56,-1,5.0,0.05,-0.8682408883346516,-4.92403876506104,4.948715303406763,30000,True,0.0,0.0,0.0,0.0,0.0,0.021520569192095503,0.04804183787206538,0.05613875489252873,0.0709918250592788,1.2081836181769265,2.6932652272963096,3.140982764519849,3.976107489579383,0.05562400178232517,0.05667071794957934,0.9146333333333333,0.9114180526708496,0.9177424411327272,0.9998666666666667,0.9996571871547361,0.9999481480875213
T10_BUDGET_FAMILY-0322,A,T10_BUDGET_FAMILY,0.5,1,-1,1,0.05,-0.05,50.0,10.0,56,1,5.0,0.05,-0.8682408883346516,4.92403876506104,4.948715303406763,30000,True,0.0,0.0,0.0,0.0,0.0,0.021108576570512256,0.045245473766560886,0.05202107303516636,0.06558126147310553,1.1859190353527804,2.537898816232113,2.9161699705646003,3.6713360415061906,0.051538384760669916,0.05248741189286082,0.9377,0.9349085227873972,0.9403793977958304,1.0,0.9998719677669952,1.0
T10_BUDGET_FAMILY-0323,A,T10_BUDGET_FAMILY,0.5,1,-1,1,0.05,-0.05,50.0,10.0,57,-1,5.0,0.05,-0.8682408883346516,-4.92403876506104,4.863612146026789,30000,True,0.0,0.0,0.0,0.0,0.0,0.02185560537058251,0.048697673116714746,0.05683881770020187,0.07184224342370184,1.247752916409557,2.7771251233061887,3.239018168852996,4.091984924405458,0.056311881544442575,0.05738079735961246,0.9100666666666667,0.9067766355099924,0.9132516943213127,0.9998333333333334,0.9996098691834452,0.9999288079276276
T10_BUDGET_FAMILY-0324,A,T10_BUDGET_FAMILY,0.5,1,-1,1,0.05,-0.05,50.0,10.0,57,1,5.0,0.05,-0.8682408883346516,4.92403876506104,4.863612146026789,30000,True,0.0,0.0,0.0,0.0,0.0,0.021428311012988064,0.045779294459860786,0.05257331612565464,0.06617348359874983,1.2238178669224227,2.6140770969282747,3.003122528505705,3.7771041378770094,0.0520749223096999,0.053047557099560175,0.9339,0.9310325760764384,0.9366563175517599,1.0,0.9998719677669952,1.0
T10_BUDGET_FAMILY-0325,A,T10_BUDGET_FAMILY,0.5,1,-1,1,0.05,-0.05,50.0,10.0,58,-1,5.0,0.05,-0.8682408883346516,-4.92403876506104,4.781379861129761,30000,True,0.0,0.0,0.0,0.0,0.0,0.022164625694125365,0.04933783802887946,0.05755979428023137,0.07264304748155985,1.289380636512217,2.860566846941283,3.337727760234828,4.214234650389239,0.05702206650246272,0.058132949992595634,0.9049,0.901528426630852,0.9081678928668607,0.9998,0.9995636838949538,0.9999083350849347
T10_BUDGET_FAMILY-0326,A,T10_BUDGET_FAMILY,0.5,1,-1,1,0.05,-0.05,50.0,10.0,58,1,5.0,0.05,-0.8682408883346516,4.92403876506104,4.781379861129761,30000,True,0.0,0.0,0.0,0.0,0.0,0.02173392519361638,0.046331445734546076,0.05316657453324668,0.06693658118107848,1.2643868849541315,2.689633722267251,3.0906220669284883,3.878200856654319,0.05262732331947938,0.0536324495640281,0.9299,0.9269555061612265,0.932734411724836,1.0,0.9998719677669952,1.0
T10_BUDGET_FAMILY-0327,A,T10_BUDGET_FAMILY,0.5,1,-1,1,0.05,-0.05,50.0,10.0,59,-1,5.0,0.05,-0.8682408883346516,-4.92403876506104,4.701875911469932,30000,True,0.0,0.0,0.0,0.0,0.0,0.022493589276311884,0.04995716237017388,0.058279288452016985,0.07337797550454737,1.3305918809174295,2.946628085473013,3.438103265705955,4.339540856501996,0.05773430239155994,0.0588186571663857,0.9004,0.8969598513902245,0.9037376203975852,0.9998,0.9995636838949538,0.9999083350849347
T10_BUDGET_FAMILY-0328,A,T10_BUDGET_FAMILY,0.5,1,-1,1,0.05,-0.05,50.0,10.0,59,1,5.0,0.05,-0.8682408883346516,4.92403876506104,4.701875911469932,30000,True,0.0,0.0,0.0,0.0,0.0,0.0220694686357007,0.04686719787340522,0.05375233673543425,0.06756707000286875,1.3041549957686056,2.7630967989574553,3.1762808468538046,3.9893143847014976,0.05321609754585328,0.054241034776404864,0.9256,0.9225756840909979,0.9285153348722684,1.0,0.9998719677669952,1.0
T10_BUDGET_FAMILY-0329,A,T10_BUDGET_FAMILY,0.5,1,-1,1,0.05,-0.05,50.0,10.0,60,-1,5.0,0.05,-0.8682408883346516,-4.92403876506104,4.624967021637014,30000,True,0.0,0.0,0.0,0.0,0.0,0.02281287680589396,0.05055997548813842,0.059039052206991134,0.07420806325363997,1.3735440450302236,3.0361117138360316,3.540784416664825,4.461749559838832,0.05847014677064545,0.059566222413025824,0.8959333333333334,0.8924272272602649,0.8993380549488263,0.9997333333333334,0.9994738353303702,0.9998648673871494
T10_BUDGET_FAMILY-0330,A,T10_BUDGET_FAMILY,0.5,1,-1,1,0.05,-0.05,50.0,10.0,60,1,5.0,0.05,-0.8682408883346516,4.92403876506104,4.624967021637014,30000,True,0.0,0.0,0.0,0.0,0.0,0.02240435049887175,0.04741819066977288,0.05430891799904328,0.0682919128248333,1.3459823206646682,2.843104057349847,3.2618474580377983,4.091062549674126,0.05381269137711702,0.05483452387114151,0.9220666666666667,0.9189789374316779,0.925046319626035,1.0,0.9998719677669952,1.0
T10_BUDGET_FAMILY-0331,A,T10_BUDGET_FAMILY,0.5,1,1,-1,0.05,0.05,50.0,-10.0,50,-1,5.0,0.05,0.8682408883346516,-4.92403876506104,5.723135327316111,30000,True,0.0,0.0,0.0,0.0,0.0,0.018498536336875874,0.04047703972756935,0.04658333505564414,0.05898655506985179,0.9248632899305589,2.0222169732133537,2.3314356728775882,2.9558044123466,0.04619687243365462,0.04710147172217859,0.9660333333333333,0.9639231360722632,0.9680241960177608,1.0,0.9998719677669952,1.0
T10_BUDGET_FAMILY-0332,A,T10_BUDGET_FAMILY,0.5,1,1,-1,0.05,0.05,50.0,-10.0,50,1,5.0,0.05,0.8682408883346516,4.92403876506104,5.723135327316111,30000,True,0.0,0.0,0.0,0.0,0.0,0.01872945587303363,0.042594519551903146,0.04988055607226414,0.06325673296562485,0.9416881566341522,2.1293607770630034,2.4874992740084045,3.1642549251606265,0.049365466716508453,0.0502865537775925,0.9508,0.9482943048906562,0.9531902612480665,0.9999666666666667,0.9998111938118758,0.999994115823935
T10_BUDGET_FAMILY-0333,A,T10_BUDGET_FAMILY,0.5,1,1,-1,0.05,0.05,50.0,-10.0,51,-1,5.0,0.05,0.8682408883346516,-4.92403876506104,5.609708961044603,30000,True,0.0,0.0,0.0,0.0,0.0,0.01880399266372191,0.04098921678791774,0.0471563675531928,0.05965945181697746,0.9604578378162052,2.08951580690037,2.4064467604259723,3.048048545143423,0.04676653065586647,0.04763367113452688,0.9637666666666667,0.9615919946815178,0.9658225844879625,1.0,0.9998719677669952,1.0
T10_BUDGET_FAMILY-0334,A,T10_BUDGET_FAMILY,0.5,1,1,-1,0.05,0.05,50.0,-10.0,51,1,5.0,0.05,0.8682408883346516,4.92403876506104,5.609708961044603,30000,True,0.0,0.0,0.0,0.0,0.0,0.019058795930254915,0.043210456059128016,0.05056210585988141,0.06407216734873958,0.97571733677905,2.201953662264654,2.573293578570345,3.2749850367265205,0.049994490993177876,0.05092994086767672,0.9476,0.9450206643540157,0.9500647211909984,0.9999666666666667,0.9998111938118758,0.999994115823935
T10_BUDGET_FAMILY-0335,A,T10_BUDGET_FAMILY,0.5,1,1,-1,0.05,0.05,50.0,-10.0,52,-1,5.0,0.05,0.8682408883346516,-4.92403876506104,5.500677642369767,30000,True,0.0,0.0,0.0,0.0,0.0,0.019105084818685388,0.04148964946696136,0.047763474009952844,0.06035405212663911,0.9941920988509405,2.1578705956139688,2.4823063551800044,3.141349752281729,0.04737683470033333,0.04816570856073536,0.9614,0.9591603821803396,0.9635214696750436,1.0,0.9998719677669952,1.0
T10_BUDGET_FAMILY-0336,A,T10_BUDGET_FAMILY,0.5,1,1,-1,0.05,0.05,50.0,-10.0,52,1,5.0,0.05,0.8682408883346516,4.92403876506104,5.500677642369767,30000,True,0.0,0.0,0.0,0.0,0.0,0.01938994745170046,0.04380248649929992,0.051223352993819304,0.06488811884673755,1.0106183793704708,2.2746281561122306,2.661465315147231,3.380792601306133,0.05063503791596237,0.05164628268166091,0.9438666666666666,0.9412047112740686,0.9464149635782851,0.9999666666666667,0.9998111938118758,0.999994115823935
T10_BUDGET_FAMILY-0337,A,T10_BUDGET_FAMILY,0.5,1,1,-1,0.05,0.05,50.0,-10.0,53,-1,5.0,0.05,0.8682408883346516,-4.92403876506104,5.39579152295727,30000,True,0.0,0.0,0.0,0.0,0.0,0.019385878437508525,0.042047046624608106,0.04835323884198599,0.06106936685299905,1.0282687016708807,2.2299567873347,2.5610862437306348,3.2352540577218027,0.04801738514479447,0.048806329484769956,0.9588333333333333,0.9565257802433995,0.9610233955107796,1.0,0.9998719677669952,1.0
T10_BUDGET_FAMILY-0338,A,T10_BUDGET_FAMILY,0.5,1,1,-1,0.05,0.05,50.0,-10.0,53,1,5.0,0.05,0.8682408883346516,4.92403876506104,5.39579152295727,30000,True,0.0,0.0,0.0,0.0,0.0,0.019709507377653188,0.044424359805420865,0.051859363737620436,0.06569340170784765,1.047350907808989,2.3517157112913023,2.748842024458655,3.4870565601894326,0.05134714326905912,0.05238076314888647,0.9400666666666667,0.9373239359182444,0.9426967119790803,0.9999666666666667,0.9998111938118758,0.999994115823935
T10_BUDGET_FAMILY-0339,A,T10_BUDGET_FAMILY,0.5,1,1,-1,0.05,0.05,50.0,-10.0,54,-1,5.0,0.05,0.8682408883346516,-4.92403876506104,5.294819286258032,30000,True,0.0,0.0,0.0,0.0,0.0,0.019725227533971962,0.04251962755502032,0.048973324207703076,0.06176768628654214,1.0643650943840557,2.2989028188696956,2.642143857540649,3.3328686073394356,0.04857226650536467,0.04935792414885451,0.9559333333333333,0.9535518708849579,0.9581980474561728,1.0,0.9998719677669952,1.0
T10_BUDGET_FAMILY-0340,A,T10_BUDGET_FAMILY,0.5,1,1,-1,0.05,0.05,50.0,-10.0,54,1,5.0,0.05,0.8682408883346516,4.92403876506104,5.294819286258032,30000,True,0.0,0.0,0.0,0.0,0.0,0.02002593896805999,0.04503455208697407,0.0525358946800762,0.06654260594230121,1.0826673027623643,2.4295226958235787,2.83549291034952,3.5930130149092667,0.05208843666486005,0.05305750660493671,0.9362333333333334,0.9334122137762951,0.938942749034816,0.9999666666666667,0.9998111938118758,0.999994115823935
T10_BUDGET_FAMILY-0341,A,T10_BUDGET_FAMILY,0.5,1,1,-1,0.05,0.05,50.0,-10.0,55,-1,5.0,0.05,0.8682408883346516,-4.92403876506104,5.197546465374913,30000,True,0.0,0.0,0.0,0.0,0.0,0.020014539755981466,0.04306273267276556,0.049538529848368804,0.06246529693305418,1.1016446951403913,2.369089319966813,2.725359477492786,3.4384855931969804,0.04912316256351077,0.04998499218018279,0.9526,0.9501369688197762,0.954947136402908,1.0,0.9998719677669952,1.0
T10_BUDGET_FAMILY-0342,A,T10_BUDGET_FAMILY,0.5,1,1,-1,0.05,0.05,50.0,-10.0,55,1,5.0,0.05,0.8682408883346516,4.92403876506104,5.197546465374913,30000,True,0.0,0.0,0.0,0.0,0.0,0.02034165986742354,0.045633902797258166,0.053263864009622484,0.0673399309338769,1.1213833053055131,2.507710362964468,2.924045885475137,3.7107748341215396,0.05276750723068165,0.05376392979531747,0.9321666666666667,0.929265497714746,0.9349571730918603,0.9999666666666667,0.9998111938118758,0.999994115823935
T10_BUDGET_FAMILY-0343,A,T10_BUDGET_FAMILY,0.5,1,1,-1,0.05,0.05,50.0,-10.0,56,-1,5.0,0.05,0.8682408883346516,-4.92403876506104,5.103773940389332,30000,True,0.0,0.0,0.0,0.0,0.0,0.02030889400073819,0.043572685393281976,0.050097959615817214,0.06313286073595174,1.1395648933939317,2.441237653933733,2.806679855448244,3.534715186307683,0.04968206248031797,0.05056670072946571,0.9492666666666667,0.9467253441055621,0.9516929479986753,1.0,0.9998719677669952,1.0
T10_BUDGET_FAMILY-0344,A,T10_BUDGET_FAMILY,0.5,1,1,-1,0.05,0.05,50.0,-10.0,56,1,5.0,0.05,0.8682408883346516,4.92403876506104,5.103773940389332,30000,True,0.0,0.0,0.0,0.0,0.0,0.020687683888388392,0.046239995665432944,0.053959978470492054,0.06815628611591684,1.1602400445636636,2.5855626685567983,3.014348829427354,3.8204724361666202,0.0534669942848132,0.05446431636696784,0.9280333333333334,0.9250538173320652,0.9309032452076672,0.9999666666666667,0.9998111938118758,0.999994115823935
T10_BUDGET_FAMILY-0345,A,T10_BUDGET_FAMILY,0.5,1,1,-1,0.05,0.05,50.0,-10.0,57,-1,5.0,0.05,0.8682408883346516,-4.92403876506104,5.013316593260984,30000,True,0.0,0.0,0.0,0.0,0.0,0.020624340358905913,0.04413389829421576,0.0506630385405049,0.0638656988062759,1.1762507657581525,2.514265446887207,2.8881833373033743,3.6390633550599953,0.05028067116016731,0.051133726556777254,0.9458666666666666,0.9432485498611286,0.9483706128622932,1.0,0.9998719677669952,1.0
T10_BUDGET_FAMILY-0346,A,T10_BUDGET_FAMILY,0.5,1,1,-1,0.05,0.05,50.0,-10.0,57,1,5.0,0.05,0.8682408883346516,4.92403876506104,5.013316593260984,30000,True,0.0,0.0,0.0,0.0,0.0,0.021013397489783727,0.046830805180697904,0.05465948010028585,0.0690169380346986,1.1990335246666604,2.665812111917333,3.1082540027057037,3.9333622691984664,0.054217246527267296,0.0551883592423848,0.9235333333333333,0.9204716974461007,0.9264865173837287,0.9999666666666667,0.9998111938118758,0.999994115823935
T10_BUDGET_FAMILY-0347,A,T10_BUDGET_FAMILY,0.5,1,1,-1,0.05,0.05,50.0,-10.0,58,-1,5.0,0.05,0.8682408883346516,-4.92403876506104,4.926002101404179,30000,True,0.0,0.0,0.0,0.0,0.0,0.020943904764491643,0.04466334607809757,0.05125292366087821,0.06453760684505053,1.214462049756149,2.591080347085809,2.9738170378838062,3.743270219053404,0.05083963180445713,0.05172994557701326,0.9423666666666667,0.939672443433029,0.9449476155160239,1.0,0.9998719677669952,1.0
T10_BUDGET_FAMILY-0348,A,T10_BUDGET_FAMILY,0.5,1,1,-1,0.05,0.05,50.0,-10.0,58,1,5.0,0.05,0.8682408883346516,4.92403876506104,4.926002101404179,30000,True,0.0,0.0,0.0,0.0,0.0,0.021351553807397946,0.047464382508965106,0.05540061739907189,0.06983505122241192,1.2380730333149188,2.7482425404802,3.2071793358303027,4.050815817773712,0.05487228668328164,0.05589113099762905,0.9187,0.9155535558740866,0.921739229933995,0.9999666666666667,0.9998111938118758,0.999994115823935
T10_BUDGET_FAMILY-0349,A,T10_BUDGET_FAMILY,0.5,1,1,-1,0.05,0.05,50.0,-10.0,59,-1,5.0,0.05,0.8682408883346516,-4.92403876506104,4.841669853583944,30000,True,0.0,0.0,0.0,0.0,0.0,0.02125450417970745,0.045204923499007066,0.051820302679216446,0.06523083626961156,1.2539315456378344,2.6657620082026545,3.058510656741041,3.8415389932894417,0.05135762421300921,0.05234978477697039,0.9380333333333334,0.9352486525723331,0.9407058493227392,1.0,0.9998719677669952,1.0
T10_BUDGET_FAMILY-0350,A,T10_BUDGET_FAMILY,0.5,1,1,-1,0.05,0.05,50.0,-10.0,59,1,5.0,0.05,0.8682408883346516,4.92403876506104,4.841669853583944,30000,True,0.0,0.0,0.0,0.0,0.0,0.02166371812882291,0.04809778481126978,0.05612592743797025,0.07075221343424386,1.2794973861583676,2.831454545203609,3.3048771918725173,4.171418442327906,0.05555170825780799,0.05665726346261859,0.9140666666666667,0.9108419674041076,0.9171853381693335,0.9999333333333333,0.999756934099615,0.9999817174050113
T10_BUDGET_FAMILY-0351,A,T10_BUDGET_FAMILY,0.5,1,1,-1,0.05,0.05,50.0,-10.0,60,-1,5.0,0.05,0.8682408883346516,-4.92403876506104,4.760169973937955,30000,True,0.0,0.0,0.0,0.0,0.0,0.02157196829059309,0.04577928797113332,0.05242397319852957,0.0659599321793003,1.2956916733521282,2.740803884168846,3.145191984955105,3.9485443503305433,0.05190989234905471,0.052935187807480945,0.9343,0.9314404413034088,0.9370483498990034,1.0,0.9998719677669952,1.0
T10_BUDGET_FAMILY-0352,A,T10_BUDGET_FAMILY,0.5,1,1,-1,0.05,0.05,50.0,-10.0,60,1,5.0,0.05,0.8682408883346516,4.92403876506104,4.760169973937955,30000,True,0.0,0.0,0.0,0.0,0.0,0.022003397094133584,0.048702025227633075,0.05682669166186223,0.07155619191690098,1.320644400214505,2.915839842921412,3.402113788636834,4.291803144720871,0.05628212118282552,0.057358946630606054,0.9097666666666666,0.9064718149851405,0.9129565916655042,0.9998333333333334,0.9996098691834452,0.9999288079276276
T10_BUDGET_FAMILY-0353,A,T10_BUDGET_FAMILY,0.5,1,1,1,0.05,0.05,50.0,10.0,50,-1,5.0,0.05,-0.8682408883346516,-4.92403876506104,5.528997271039993,30000,True,0.0,0.0,0.0,0.0,0.0,0.019651236299044684,0.042636383332828987,0.04897944054866628,0.062039689808659516,0.9831725204327805,2.129832128915936,2.4479886420832373,3.1015779146278564,0.04860187845037686,0.049516473328908434,0.9552333333333334,0.9528344527537498,0.9575156448325073,1.0,0.9998719677669952,1.0
T10_BUDGET_FAMILY-0354,A,T10_BUDGET_FAMILY,0.5,1,1,1,0.05,0.05,50.0,10.0,50,1,5.0,0.05,-0.8682408883346516,4.92403876506104,5.528997271039993,30000,True,0.0,0.0,0.0,0.0,0.0,0.019944448935080884,0.044898133642042384,0.05248590016393905,0.06655847127186704,0.9986610903443117,2.2468104619958114,2.6225832052695814,3.3288463905424,0.05204606486979756,0.052992065757173065,0.9365333333333333,0.9337182426273275,0.9392366433644438,0.9999666666666667,0.9998111938118758,0.999994115823935
T10_BUDGET_FAMILY-0355,A,T10_BUDGET_FAMILY,0.5,1,1,1,0.05,0.05,50.0,10.0,51,-1,5.0,0.05,-0.8682408883346516,-4.92403876506104,5.423041988620561,30000,True,0.0,0.0,0.0,0.0,0.0,0.01995443509173662,0.04315727992082504,0.049565477101202786,0.06269551573306048,1.0171206568194149,2.2004190937763837,2.5274529111552755,3.1935127160522114,0.04917609461314749,0.05007056252081652,0.9520666666666666,0.9495908971042115,0.954426678019521,1.0,0.9998719677669952,1.0
T10_BUDGET_FAMILY-0356,A,T10_BUDGET_FAMILY,0.5,1,1,1,0.05,0.05,50.0,10.0,51,1,5.0,0.05,-0.8682408883346516,4.92403876506104,5.423041988620561,30000,True,0.0,0.0,0.0,0.0,0.0,0.0202446626897847,0.045558058150006964,0.05318148170896555,0.06739351591575594,1.035420692388136,2.3224428086975832,2.7111414718561204,3.4404456340951963,0.052688154230947686,0.0537087101594689,0.9325666666666667,0.9296732369174182,0.9353493314634015,0.9999666666666667,0.9998111938118758,0.999994115823935
T10_BUDGET_FAMILY-0357,A,T10_BUDGET_FAMILY,0.5,1,1,1,0.05,0.05,50.0,10.0,52,-1,5.0,0.05,-0.8682408883346516,-4.92403876506104,5.321059844606539,30000,True,0.0,0.0,0.0,0.0,0.0,0.02028313876942834,0.04363508372197181,0.05017153969442134,0.06340000435204264,1.0527599019627172,2.2706561252441513,2.6049868510735625,3.2908197101384338,0.04976312332385181,0.050613701617560874,0.9489,0.9463502520114182,0.9513348006497899,1.0,0.9998719677669952,1.0
T10_BUDGET_FAMILY-0358,A,T10_BUDGET_FAMILY,0.5,1,1,1,0.05,0.05,50.0,10.0,52,1,5.0,0.05,-0.8682408883346516,4.92403876506104,5.321059844606539,30000,True,0.0,0.0,0.0,0.0,0.0,0.02056152261662529,0.04611783949251825,0.05385342617589144,0.06811216798230564,1.0712666352839535,2.3990486133578677,2.7984013356606035,3.5521696198781965,0.05332823473484156,0.054398490738024725,0.9289666666666667,0.9260045891054498,0.9318189011074478,0.9999666666666667,0.9998111938118758,0.999994115823935
T10_BUDGET_FAMILY-0359,A,T10_BUDGET_FAMILY,0.5,1,1,1,0.05,0.05,50.0,10.0,53,-1,5.0,0.05,-0.8682408883346516,-4.92403876506104,5.222832084647105,30000,True,0.0,0.0,0.0,0.0,0.0,0.020566172197725188,0.04412757914738657,0.050812832941314334,0.0640730246251137,1.0892638669684767,2.3400315955417077,2.686279266692805,3.3888622841827942,0.05032312675753906,0.05116048117262791,0.9456,0.9429759827597533,0.9481099149141929,1.0,0.9998719677669952,1.0
T10_BUDGET_FAMILY-0360,A,T10_BUDGET_FAMILY,0.5,1,1,1,0.05,0.05,50.0,10.0,53,1,5.0,0.05,-0.8682408883346516,4.92403876506104,5.222832084647105,30000,True,0.0,0.0,0.0,0.0,0.0,0.020882742845575227,0.046747723363804214,0.05456054559790321,0.06902100584252158,1.108452961143632,2.47728115605318,2.886134041387088,3.6580738052155057,0.05395372478329229,0.05506603597959753,0.9247,0.9216593511911348,0.9276318982301508,0.9999666666666667,0.9998111938118758,0.999994115823935
T10_BUDGET_FAMILY-0361,A,T10_BUDGET_FAMILY,0.5,1,1,1,0.05,0.05,50.0,10.0,54,-1,5.0,0.05,-0.8682408883346516,-4.92403876506104,5.128155681223732,30000,True,0.0,0.0,0.0,0.0,0.0,0.020872021839226273,0.044631449895613795,0.05135411313578068,0.06468610802600239,1.1261622805809388,2.4110952757863684,2.7691824399014604,3.4901754103472,0.05086761211447837,0.051791241856398704,0.9423,0.9396043544400028,0.9448823882466812,1.0,0.9998719677669952,1.0
T10_BUDGET_FAMILY-0362,A,T10_BUDGET_FAMILY,0.5,1,1,1,0.05,0.05,50.0,10.0,54,1,5.0,0.05,-0.8682408883346516,4.92403876506104,5.128155681223732,30000,True,0.0,0.0,0.0,0.0,0.0,0.021211801299647597,0.047369939719423035,0.05527135065059649,0.06988254786660901,1.1475613697801634,2.5549194710536804,2.978951587482433,3.7733873379221095,0.054697588692326056,0.05574424848692298,0.9199666666666667,0.9168421241643082,0.9229836706287834,0.9999666666666667,0.9998111938118758,0.999994115823935
T10_BUDGET_FAMILY-0363,A,T10_BUDGET_FAMILY,0.5,1,1,1,0.05,0.05,50.0,10.0,55,-1,5.0,0.05,-0.8682408883346516,-4.92403876506104,5.036841948973768,30000,True,0.0,0.0,0.0,0.0,0.0,0.021176829292844767,0.0451754401965294,0.05186483181856157,0.06528848414364331,1.1642256546095637,2.4847111889312785,2.85112367568717,3.593744296039527,0.05144470689500635,0.0524049858059646,0.9385,0.9357248719600638,0.941162843771591,1.0,0.9998719677669952,1.0
T10_BUDGET_FAMILY-0364,A,T10_BUDGET_FAMILY,0.5,1,1,1,0.05,0.05,50.0,10.0,55,1,5.0,0.05,-0.8682408883346516,4.92403876506104,5.036841948973768,30000,True,0.0,0.0,0.0,0.0,0.0,0.021565775144469383,0.04797100664221419,0.055923961703719015,0.07059202041010557,1.1879204059732018,2.6334217863444853,3.0707308109631017,3.8859107660966195,0.05540794423620732,0.05648944082134826,0.9156,0.9124008826051939,0.9186926970027325,0.9999333333333333,0.999756934099615,0.9999817174050113
T10_BUDGET_FAMILY-0365,A,T10_BUDGET_FAMILY,0.5,1,1,1,0.05,0.05,50.0,10.0,56,-1,5.0,0.05,-0.8682408883346516,-4.92403876506104,4.948715303406763,30000,True,0.0,0.0,0.0,0.0,0.0,0.021483255385925024,0.04569861386790005,0.05244506699784931,0.06608022051741548,1.2014985925718182,2.5583466474604535,2.9368198778588663,3.6923815747113995,0.051991446855620564,0.05294685095524227,0.9345333333333333,0.9316783764034897,0.9372770217172135,1.0,0.9998719677669952,1.0
T10_BUDGET_FAMILY-0366,A,T10_BUDGET_FAMILY,0.5,1,1,1,0.05,0.05,50.0,10.0,56,1,5.0,0.05,-0.8682408883346516,4.92403876506104,4.948715303406763,30000,True,0.0,0.0,0.0,0.0,0.0,0.02191590657897827,0.04853127551042429,0.05662213763029568,0.07145509895081188,1.226226552516238,2.716065023069342,3.1642853768656614,3.9978411456490788,0.056100092615804745,0.05714575605482634,0.9109333333333334,0.9076572893569123,0.914104151885189,0.9998666666666667,0.9996571871547361,0.9999481480875213
T10_BUDGET_FAMILY-0367,A,T10_BUDGET_FAMILY,0.5,1,1,1,0.05,0.05,50.0,10.0,57,-1,5.0,0.05,-0.8682408883346516,-4.92403876506104,4.863612146026789,30000,True,0.0,0.0,0.0,0.0,0.0,0.02179914788919621,0.046222695468270535,0.053010509047297955,0.06661654057257843,1.2423655904635924,2.635080364291974,3.0242606280122573,3.794385158316072,0.05252616334748333,0.05348229733115411,0.9309333333333333,0.9280084799015502,0.9337478400512307,1.0,0.9998719677669952,1.0
T10_BUDGET_FAMILY-0368,A,T10_BUDGET_FAMILY,0.5,1,1,1,0.05,0.05,50.0,10.0,57,1,5.0,0.05,-0.8682408883346516,4.92403876506104,4.863612146026789,30000,True,0.0,0.0,0.0,0.0,0.0,0.022233966704589353,0.04916812728780908,0.057304761478601245,0.07232144968708659,1.2658285547926877,2.7992902063516008,3.262976335116011,4.112200030885616,0.05678742123927393,0.05784762541146031,0.9059333333333334,0.9025778220008173,0.9091848995636139,0.9998333333333334,0.9996098691834452,0.9999288079276276
T10_BUDGET_FAMILY-0369,A,T10_BUDGET_FAMILY,0.5,1,1,1,0.05,0.05,50.0,10.0,58,-1,5.0,0.05,-0.8682408883346516,-4.92403876506104,4.781379861129761,30000,True,0.0,0.0,0.0,0.0,0.0,0.022112337303340477,0.04676848577216734,0.05361811900333903,0.06735762599502225,1.2816614292594766,2.7104162373937584,3.109913259370732,3.8986989648681973,0.0530676923078994,0.05407577553848144,0.9267,0.9236958188229527,0.929594918469401,1.0,0.9998719677669952,1.0
T10_BUDGET_FAMILY-0370,A,T10_BUDGET_FAMILY,0.5,1,1,1,0.05,0.05,50.0,10.0,58,1,5.0,0.05,-0.8682408883346516,4.92403876506104,4.781379861129761,30000,True,0.0,0.0,0.0,0.0,0.0,0.02253363663259184,0.049813620066045,0.058037536196750644,0.07310507849471747,1.3077853329908111,2.883938392762312,3.3606636479458905,4.236677196312528,0.05748163149952905,0.05856827342397792,0.9014,0.8979749014313241,0.9047223142920195,0.9998,0.9995636838949538,0.9999083350849347
T10_BUDGET_FAMILY-0371,A,T10_BUDGET_FAMILY,0.5,1,1,1,0.05,0.05,50.0,10.0,59,-1,5.0,0.05,-0.8682408883346516,-4.92403876506104,4.701875911469932,30000,True,0.0,0.0,0.0,0.0,0.0,0.02242063011271292,0.047310157404668644,0.05418443380278811,0.06801395621740902,1.3220286931751857,2.7853156608997294,3.1966841300094044,4.00810402669438,0.05365191529534488,0.05467351012155753,0.9230666666666667,0.9199966936031228,0.9260283073901241,1.0,0.9998719677669952,1.0
T10_BUDGET_FAMILY-0372,A,T10_BUDGET_FAMILY,0.5,1,1,1,0.05,0.05,50.0,10.0,59,1,5.0,0.05,-0.8682408883346516,4.92403876506104,4.701875911469932,30000,True,0.0,0.0,0.0,0.0,0.0,0.022852040069942587,0.050421795153827935,0.05873894673962475,0.073843027174769,1.3504300281835298,2.9697813329986995,3.4624553110129184,4.362041612857427,0.058189638159353615,0.059275154742567476,0.8971666666666667,0.8936785697717424,0.900553063291174,0.9997666666666667,0.9995183940812257,0.9998869667674782
T10_BUDGET_FAMILY-0373,A,T10_BUDGET_FAMILY,0.5,1,1,1,0.05,0.05,50.0,10.0,60,-1,5.0,0.05,-0.8682408883346516,-4.92403876506104,4.624967021637014,30000,True,0.0,0.0,0.0,0.0,0.0,0.02274321357766702,0.04784348237597153,0.054762531218905744,0.06872567862282951,1.3623063635816735,2.865295023860527,3.2835401017328882,4.113763709690901,0.05424600012937238,0.05525793476258478,0.9191666666666667,0.9160282654527044,0.9221977341919599,1.0,0.9998719677669952,1.0
T10_BUDGET_FAMILY-0374,A,T10_BUDGET_FAMILY,0.5,1,1,1,0.05,0.05,50.0,10.0,60,1,5.0,0.05,-0.8682408883346516,4.92403876506104,4.624967021637014,30000,True,0.0,0.0,0.0,0.0,0.0,0.023184899246340863,0.051016535960827385,0.059489274688703256,0.07466031527287266,1.3934625511771068,3.058257803866007,3.565223073142334,4.4865931859046935,0.058903753555075274,0.06004327403041406,0.8926,0.8890459698042654,0.8960534992863791,0.9997333333333334,0.9994738353303702,0.9998648673871494
T10_BUDGET_FAMILY-0375,A,T10_BUDGET_FAMILY,0.75,-1,-1,-1,-0.07500000000000001,-0.07500000000000001,75.0,-15.0,50,-1,5.0,0.05,1.2940952255126037,-4.8296291314453415,5.662880884361687,30000,True,0.0,0.0,0.0,0.0,0.0,0.02752986885422871,0.05990743334898269,0.06935056080238723,0.08752146594451063,1.3813247614176571,2.9920297446651567,3.4596160444406316,4.3654961547188105,0.06867709473956111,0.06994544675423768,0.8171,0.8126849573633906,0.8214338445944379,0.9977666666666667,0.9971650130807452,0.9982408598968908
T10_BUDGET_FAMILY-0376,A,T10_BUDGET_FAMILY,0.75,-1,-1,-1,-0.07500000000000001,-0.07500000000000001,75.0,-15.0,50,1,5.0,0.05,1.2940952255126037,4.8296291314453415,5.662880884361687,30000,True,0.0,0.0,0.0,0.0,0.0,0.026559386720318087,0.05592570012818044,0.06431481176239658,0.08090458450933938,1.324819599499289,2.7916825136064323,3.2173523955656003,4.046761550863001,0.06377590672180787,0.06489055630399462,0.8483666666666667,0.8442634759543077,0.8523806530545501,0.9991,0.9986908330889575,0.9993813651360572
T10_BUDGET_FAMILY-0377,A,T10_BUDGET_FAMILY,0.75,-1,-1,-1,-0.07500000000000001,-0.07500000000000001,75.0,-15.0,51,-1,5.0,0.05,1.2940952255126037,-4.8296291314453415,5.549671615735859,30000,True,0.0,0.0,0.0,0.0,0.0,0.02801430694017533,0.06072341200526191,0.07016516374128474,0.08846666502629143,1.4314350802777362,3.0923851968273546,3.571216693498231,4.5028971261817725,0.06959434366133635,0.0707802098883818,0.8100666666666667,0.8055884499104738,0.8144654863674322,0.9974333333333333,0.9967936000755769,0.9979456915902142
T10_BUDGET_FAMILY-0378,A,T10_BUDGET_FAMILY,0.75,-1,-1,-1,-0.07500000000000001,-0.07500000000000001,75.0,-15.0,51,1,5.0,0.05,1.2940952255126037,4.8296291314453415,5.549671615735859,30000,True,0.0,0.0,0.0,0.0,0.0,0.027005998326252025,0.05654089013757195,0.0649759157598478,0.08169699644076803,1.3743770603829724,2.88100224858089,3.31323332870997,4.1675227375635835,0.0644520011118381,0.06560972564385768,0.8418,0.837626792990449,0.8458856841750689,0.999,0.9985728132946441,0.9992994105368171
T10_BUDGET_FAMILY-0379,A,T10_BUDGET_FAMILY,0.75,-1,-1,-1,-0.07500000000000001,-0.07500000000000001,75.0,-15.0,52,-1,5.0,0.05,1.2940952255126037,-4.8296291314453415,5.440886718856414,30000,True,0.0,0.0,0.0,0.0,0.0,0.028526681687759438,0.06151449158614074,0.07103037100224413,0.08947205797668409,1.485220125718704,3.1936301305814894,3.6878895718405946,4.648792387820698,0.07046989437132303,0.07167192518281472,0.8025666666666667,0.7980236365552481,0.807032220206153,0.9969333333333333,0.996240840977983,0.9974985787200412
T10_BUDGET_FAMILY-0380,A,T10_BUDGET_FAMILY,0.75,-1,-1,-1,-0.07500000000000001,-0.07500000000000001,75.0,-15.0,52,1,5.0,0.05,1.2940952255126037,4.8296291314453415,5.440886718856414,30000,True,0.0,0.0,0.0,0.0,0.0,0.027463920273181504,0.05715848462406948,0.06567192283136254,0.08246095163130626,1.4248034981919837,2.972026425186376,3.4132314162017168,4.287326089795322,0.06513106633491074,0.06626305375391808,0.8356666666666667,0.8314303334793832,0.8398170475481929,0.9988333333333334,0.9983779622664656,0.9991609709090733
T10_BUDGET_FAMILY-0381,A,T10_BUDGET_FAMILY,0.75,-1,-1,-1,-0.07500000000000001,-0.07500000000000001,75.0,-15.0,53,-1,5.0,0.05,1.2940952255126037,-4.8296291314453415,5.336272539460846,30000,True,0.0,0.0,0.0,0.0,0.0,0.02902085380981711,0.06235078728993268,0.07189323484843373,0.0905273829215547,1.5406832553690222,3.296994101088724,3.802154813493019,4.786566381983734,0.07127540460772655,0.07254838608130411,0.7949,0.7902933231415198,0.7994311634474541,0.9966333333333334,0.9959112395354275,0.9972282569819366
T10_BUDGET_FAMILY-0382,A,T10_BUDGET_FAMILY,0.75,-1,-1,-1,-0.07500000000000001,-0.07500000000000001,75.0,-15.0,53,1,5.0,0.05,1.2940952255126037,4.8296291314453415,5.336272539460846,30000,True,0.0,0.0,0.0,0.0,0.0,0.027921292213212722,0.05778518757102413,0.06637329667574624,0.08315719791494879,1.4754795430200074,3.0645174868698524,3.5167403701814237,4.406444555914031,0.06579709828268958,0.06694860659197173,0.8289,0.8245964446932801,0.8331193357038493,0.9987,0.9982234733217052,0.9990488273290958
T10_BUDGET_FAMILY-0383,A,T10_BUDGET_FAMILY,0.75,-1,-1,-1,-0.07500000000000001,-0.07500000000000001,75.0,-15.0,54,-1,5.0,0.05,1.2940952255126037,-4.8296291314453415,5.235594395605787,30000,True,0.0,0.0,0.0,0.0,0.0,0.02951466516191585,0.06316522144175786,0.0727741367425532,0.09155912554353451,1.5981047723131168,3.401582787113219,3.9260840342658403,4.935571128075833,0.07213682751653565,0.07349511275663387,0.7866666666666666,0.781994448918186,0.7912654792682245,0.9961,0.9953283781879225,0.9967445882304902
T10_BUDGET_FAMILY-0384,A,T10_BUDGET_FAMILY,0.75,-1,-1,-1,-0.07500000000000001,-0.07500000000000001,75.0,-15.0,54,1,5.0,0.05,1.2940952255126037,4.8296291314453415,5.235594395605787,30000,True,0.0,0.0,0.0,0.0,0.0,0.028365946123714885,0.05844070368023443,0.06703973489128316,0.08395107424436629,1.5299701458061665,3.1578955948782914,3.6201516967866607,4.526884532264597,0.06643871179973412,0.06764876060769832,0.8223,0.8179332156313219,0.8265842547912832,0.9986333333333334,0.9981466282203537,0.9989923561680785
T10_BUDGET_FAMILY-0385,A,T10_BUDGET_FAMILY,0.75,-1,-1,-1,-0.07500000000000001,-0.07500000000000001,75.0,-15.0,55,-1,5.0,0.05,1.2940952255126037,-4.8296291314453415,5.138634841214079,30000,True,0.0,0.0,0.0,0.0,0.0,0.030042301646093186,0.06393210499437807,0.07360997241755482,0.09250867935295187,1.6560902567979607,3.508955482683035,4.046144152222403,5.083093485327438,0.07289167483015549,0.07440454972343544,0.7791,0.7743700109244787,0.783758521483058,0.9954333333333333,0.9946043732978299,0.9961354304968933
T10_BUDGET_FAMILY-0386,A,T10_BUDGET_FAMILY,0.75,-1,-1,-1,-0.07500000000000001,-0.07500000000000001,75.0,-15.0,55,1,5.0,0.05,1.2940952255126037,4.8296291314453415,5.138634841214079,30000,True,0.0,0.0,0.0,0.0,0.0,0.028815879684424704,0.0590829964573274,0.06772439434271123,0.0846213597444515,1.5827776165062057,3.2525950004782285,3.723910772212538,4.646967994589062,0.06722450457888891,0.06833260179123861,0.8159666666666666,0.8115412834241643,0.8203111420733921,0.9986,0.9981082971108366,0.998964029146411
T10_BUDGET_FAMILY-0387,A,T10_BUDGET_FAMILY,0.75,-1,-1,-1,-0.07500000000000001,-0.07500000000000001,75.0,-15.0,56,-1,5.0,0.05,1.2940952255126037,-4.8296291314453415,5.045192116403294,30000,True,0.0,0.0,0.0,0.0,0.0,0.030587151330790263,0.06467651724840552,0.0744956363169684,0.09355568074372046,1.716457960396067,3.618856786295305,4.169455515681512,5.239232672156672,0.07385973701233325,0.07530900122217332,0.772,0.7672178671228629,0.7767124833423826,0.9949,0.9940281511281668,0.9956451225676051
T10_BUDGET_FAMILY-0388,A,T10_BUDGET_FAMILY,0.75,-1,-1,-1,-0.07500000000000001,-0.07500000000000001,75.0,-15.0,56,1,5.0,0.05,1.2940952255126037,4.8296291314453415,5.045192116403294,30000,True,0.0,0.0,0.0,0.0,0.0,0.02924282657943435,0.05975746154014721,0.06837950930940069,0.08537931547161293,1.6368839901205914,3.347108244291549,3.828398399716222,4.770985349288666,0.06787045204013076,0.06904057611234078,0.8094333333333333,0.8049495431823235,0.8138378886030777,0.9983333333333333,0.9978035883347138,0.998735472873058
T10_BUDGET_FAMILY-0389,A,T10_BUDGET_FAMILY,0.75,-1,-1,-1,-0.07500000000000001,-0.07500000000000001,75.0,-15.0,57,-1,5.0,0.05,1.2940952255126037,-4.8296291314453415,4.955078761630056,30000,True,0.0,0.0,0.0,0.0,0.0,0.031085413268794014,0.06547327116719034,0.07537463004805887,0.09450468502032176,1.7761874444718242,3.729348281263363,4.294114928404775,5.3901023293804,0.07481118936086978,0.07619926758731135,0.7641333333333333,0.7592956785758573,0.7689033529298539,0.9944666666666667,0.993561615078407,0.9952451029119669
T10_BUDGET_FAMILY-0390,A,T10_BUDGET_FAMILY,0.75,-1,-1,-1,-0.07500000000000001,-0.07500000000000001,75.0,-15.0,57,1,5.0,0.05,1.2940952255126037,4.8296291314453415,4.955078761630056,30000,True,0.0,0.0,0.0,0.0,0.0,0.029747121171711643,0.06043466547472707,0.06904327427302866,0.0860918629724174,1.692338860804501,3.443473464227488,3.9342764402047865,4.89255262397471,0.06857285436279893,0.0696786085074101,0.8032,0.7986623439676539,0.807660017286252,0.9981666666666666,0.9976146604345322,0.9985911101173173
T10_BUDGET_FAMILY-0391,A,T10_BUDGET_FAMILY,0.75,-1,-1,-1,-0.07500000000000001,-0.07500000000000001,75.0,-15.0,58,-1,5.0,0.05,1.2940952255126037,-4.8296291314453415,4.8681203758475915,30000,True,0.0,0.0,0.0,0.0,0.0,0.03161946926650339,0.06621908587345321,0.07633542154041523,0.09554612384280405,1.8389242905592842,3.843660034163626,4.420580472649767,5.539326296369567,0.07571192450176975,0.07706405880060713,0.7564,0.7515099949615011,0.7612243501094139,0.9934666666666667,0.9924897015286788,0.9943172725261612
T10_BUDGET_FAMILY-0392,A,T10_BUDGET_FAMILY,0.75,-1,-1,-1,-0.07500000000000001,-0.07500000000000001,75.0,-15.0,58,1,5.0,0.05,1.2940952255126037,4.8296291314453415,4.8681203758475915,30000,True,0.0,0.0,0.0,0.0,0.0,0.0302224224346379,0.06107769192421486,0.06972481274320073,0.08677302623131201,1.7499610645250077,3.5424152433421385,4.0388995680224,5.021310706703471,0.06926982364381841,0.07032239833018922,0.7963333333333333,0.7917383604914904,0.8008524257384154,0.9979333333333333,0.9973517813106187,0.9983873823229394
T10_BUDGET_FAMILY-0393,A,T10_BUDGET_FAMILY,0.75,-1,-1,-1,-0.07500000000000001,-0.07500000000000001,75.0,-15.0,59,-1,5.0,0.05,1.2940952255126037,-4.8296291314453415,4.78415450155651,30000,True,0.0,0.0,0.0,0.0,0.0,0.032152630413782995,0.06703741988551763,0.07726826288901499,0.09667734201954298,1.9017304428938466,3.9583188212052978,4.549531200774398,5.699273409371009,0.07651344464986534,0.07790951953186429,0.7481666666666666,0.7432232759037619,0.75304651076459,0.9925666666666667,0.9915296366331818,0.9934775678796774
T10_BUDGET_FAMILY-0394,A,T10_BUDGET_FAMILY,0.75,-1,-1,-1,-0.07500000000000001,-0.07500000000000001,75.0,-15.0,59,1,5.0,0.05,1.2940952255126037,4.8296291314453415,4.78415450155651,30000,True,0.0,0.0,0.0,0.0,0.0,0.030684731964356615,0.06176195411232357,0.07039466305699799,0.08750874689266629,1.8072549344401647,3.640300501060662,4.149392914826443,5.152244316706264,0.06991549709065059,0.0709894947157568,0.7883333333333333,0.7836741539564325,0.7929186807892015,0.9977666666666667,0.9971650130807452,0.9982408598968908
T10_BUDGET_FAMILY-0395,A,T10_BUDGET_FAMILY,0.75,-1,-1,-1,-0.07500000000000001,-0.07500000000000001,75.0,-15.0,60,-1,5.0,0.05,1.2940952255126037,-4.8296291314453415,4.7030296219102965,30000,True,0.0,0.0,0.0,0.0,0.0,0.032718454371927545,0.06786249992248135,0.07817284134852756,0.09771496067352435,1.9663485917699466,4.072285079692151,4.6839273381442785,5.858790591290905,0.0775016417822537,0.0788527944887908,0.7397,0.7347041552297051,0.7446344661177924,0.9919333333333333,0.9908562351026965,0.9928844649176579
T10_BUDGET_FAMILY-0396,A,T10_BUDGET_FAMILY,0.75,-1,-1,-1,-0.07500000000000001,-0.07500000000000001,75.0,-15.0,60,1,5.0,0.05,1.2940952255126037,4.8296291314453415,4.7030296219102965,30000,True,0.0,0.0,0.0,0.0,0.0,0.031172281894059375,0.06241457973483643,0.07106342960353942,0.08820469778721633,1.868676709428585,3.7405703893560545,4.260106653197579,5.289610534128297,0.0705614313178349,0.07164606279927987,0.7806666666666666,0.775948450058912,0.7853130145142946,0.9975,0.996867676171893,0.9980049317562673
T10_BUDGET_FAMILY-0397,A,T10_BUDGET_FAMILY,0.75,-1,-1,1,-0.07500000000000001,-0.07500000000000001,75.0,15.0,50,-1,5.0,0.05,-1.2940952255126037,-4.8296291314453415,5.378863991708586,30000,True,0.0,0.0,0.0,0.0,0.0,0.030292698711313192,0.06498910012528014,0.07491606386450514,0.09430328580596338,1.5159239284868382,3.2408897510240373,3.7400430228835857,4.703876723344867,0.0743290915858131,0.07558337694736479,0.7714666666666666,0.7666806956501887,0.7761831247161052,0.9944333333333333,0.9935257831349505,0.9952142767242386
T10_BUDGET_FAMILY-0398,A,T10_BUDGET_FAMILY,0.75,-1,-1,1,-0.07500000000000001,-0.07500000000000001,75.0,15.0,50,1,5.0,0.05,-1.2940952255126037,4.8296291314453415,5.378863991708586,30000,True,0.0,0.0,0.0,0.0,0.0,0.029145426560540814,0.06038810593258731,0.06916396029607341,0.08680349097272043,1.455248727467469,3.0157370985186622,3.458919717992361,4.340958976879246,0.0686400300854261,0.06977175913677741,0.8064333333333333,0.8019233961133825,0.8108648038654167,0.9978666666666667,0.9972769808092973,0.998328866561892
T10_BUDGET_FAMILY-0399,A,T10_BUDGET_FAMILY,0.75,-1,-1,1,-0.07500000000000001,-0.07500000000000001,75.0,15.0,51,-1,5.0,0.05,-1.2940952255126037,-4.8296291314453415,5.276592231365191,30000,True,0.0,0.0,0.0,0.0,0.0,0.03074840468596256,0.06577701500905378,0.07578239126907736,0.09536740893805984,1.5718375166517484,3.3447973860500926,3.858182016214855,4.850256528142615,0.07514925428115815,0.07634751393580674,0.7643666666666666,0.7595306254282865,0.769135012995716,0.9939,0.9929534578993215,0.9947200718609164
T10_BUDGET_FAMILY-0400,A,T10_BUDGET_FAMILY,0.75,-1,-1,1,-0.07500000000000001,-0.07500000000000001,75.0,15.0,51,1,5.0,0.05,-1.2940952255126037,4.8296291314453415,5.276592231365191,30000,True,0.0,0.0,0.0,0.0,0.0,0.029610444867323615,0.060963832103275745,0.06982442726118694,0.08739595449139369,1.5073169161667563,3.1064230469937044,3.5649082457641526,4.46192356359911,0.06928471921426384,0.07041564968759115,0.8003333333333333,0.7957714956175856,0.8048182663544561,0.9977333333333334,0.9971277498909644,0.9982114649554871
T10_BUDGET_FAMILY-0401,A,T10_BUDGET_FAMILY,0.75,-1,-1,1,-0.07500000000000001,-0.07500000000000001,75.0,15.0,52,-1,5.0,0.05,-1.2940952255126037,-4.8296291314453415,5.178126622699566,30000,True,0.0,0.0,0.0,0.0,0.0,0.03125521508947165,0.06656421255473664,0.07661477373504934,0.09624842260378859,1.6286643298068963,3.4526115574740732,3.978788569406405,4.998910883261877,0.07593951724983296,0.07724769367757457,0.7567333333333334,0.7518455401655655,0.7615553862171944,0.9930666666666667,0.9920625171484408,0.9939445593321853
T10_BUDGET_FAMILY-0402,A,T10_BUDGET_FAMILY,0.75,-1,-1,1,-0.07500000000000001,-0.07500000000000001,75.0,15.0,52,1,5.0,0.05,-1.2940952255126037,4.8296291314453415,5.178126622699566,30000,True,0.0,0.0,0.0,0.0,0.0,0.030051900615750318,0.06157477574373328,0.07051465891513153,0.08811347129338916,1.5611116762791104,3.2001326604291487,3.6675399779911633,4.585711679406074,0.06994197499991578,0.07109195968847414,0.7929666666666667,0.7883443426877361,0.7975139722925386,0.9976333333333334,0.997016129616468,0.9981231108364302
T10_BUDGET_FAMILY-0403,A,T10_BUDGET_FAMILY,0.75,-1,-1,1,-0.07500000000000001,-0.07500000000000001,75.0,15.0,53,-1,5.0,0.05,-1.2940952255126037,-4.8296291314453415,5.083259122803727,30000,True,0.0,0.0,0.0,0.0,0.0,0.03177705196095922,0.06736499334156307,0.07740376334231729,0.09722318327855897,1.6863233952546584,3.561991072947988,4.103210487146371,5.149853365807173,0.07682185128056103,0.07822656477528606,0.7489666666666667,0.7440283591062098,0.7538412227105693,0.9922,0.9911395693119793,0.9931343957578507
T10_BUDGET_FAMILY-0404,A,T10_BUDGET_FAMILY,0.75,-1,-1,1,-0.07500000000000001,-0.07500000000000001,75.0,15.0,53,1,5.0,0.05,-1.2940952255126037,4.8296291314453415,5.083259122803727,30000,True,0.0,0.0,0.0,0.0,0.0,0.03049018734742812,0.0622032286732635,0.07116140692831098,0.08882623300156547,1.6142787505867944,3.295021576785295,3.773684187544029,4.708109324573639,0.0705914469762827,0.07180037564909846,0.7862333333333333,0.7815577443650632,0.7908356281159494,0.9974333333333333,0.9967936000755769,0.9979456915902142
T10_BUDGET_FAMILY-0405,A,T10_BUDGET_FAMILY,0.75,-1,-1,1,-0.07500000000000001,-0.07500000000000001,75.0,15.0,54,-1,5.0,0.05,-1.2940952255126037,-4.8296291314453415,4.991796541312607,30000,True,0.0,0.0,0.0,0.0,0.0,0.03232360296716973,0.06811212041403548,0.07820232307473629,0.09814242423868054,1.7466311809954935,3.6735206243800747,4.226540587657006,5.299032199611372,0.07763149522668511,0.07904669609624154,0.7409,0.7359114419073276,0.7458268721628107,0.9915,0.990396407194548,0.9924777371204084
T10_BUDGET_FAMILY-0406,A,T10_BUDGET_FAMILY,0.75,-1,-1,1,-0.07500000000000001,-0.07500000000000001,75.0,15.0,54,1,5.0,0.05,-1.2940952255126037,4.8296291314453415,4.991796541312607,30000,True,0.0,0.0,0.0,0.0,0.0,0.03096236386629822,0.06280470844954712,0.07181332495992752,0.08947233668581063,1.6695158812063313,3.392235208199447,3.87797891431968,4.8303065861060235,0.07127071003105627,0.07243899653535116,0.7794,0.7746722576777165,0.7840561979104803,0.9972,0.9965350614301917,0.9977376233173084
T10_BUDGET_FAMILY-0407,A,T10_BUDGET_FAMILY,0.75,-1,-1,1,-0.07500000000000001,-0.07500000000000001,75.0,15.0,55,-1,5.0,0.05,-1.2940952255126037,-4.8296291314453415,4.903559241472042,30000,True,0.0,0.0,0.0,0.0,0.0,0.03282896622768151,0.06886988235364361,0.07908859686745663,0.09918484447224488,1.8107658662516655,3.7850262539640833,4.3524315209426145,5.453138062118531,0.0785450931271068,0.07991227940891732,0.7336333333333334,0.7286013838326371,0.7386054576392875,0.9907666666666667,0.9896197676456457,0.9917878977832524
T10_BUDGET_FAMILY-0408,A,T10_BUDGET_FAMILY,0.75,-1,-1,1,-0.07500000000000001,-0.07500000000000001,75.0,15.0,55,1,5.0,0.05,-1.2940952255126037,4.8296291314453415,4.903559241472042,30000,True,0.0,0.0,0.0,0.0,0.0,0.031392551234832734,0.06343784360351841,0.07247934348923156,0.09020318269044351,1.7261339138618461,3.490539439716212,3.9828747966479656,4.95311325645194,0.0719125299811881,0.07311464260686439,0.7720666666666667,0.767285014322364,0.7767786524052505,0.9967,0.9959843663257998,0.9972884464539332
T10_BUDGET_FAMILY-0409,A,T10_BUDGET_FAMILY,0.75,-1,-1,1,-0.07500000000000001,-0.07500000000000001,75.0,15.0,56,-1,5.0,0.05,-1.2940952255126037,-4.8296291314453415,4.818379974852597,30000,True,0.0,0.0,0.0,0.0,0.0,0.03332941020653912,0.06963206202231932,0.07999281936105541,0.10022953611428166,1.870928314860383,3.899516927911608,4.477059783388141,5.606079475327027,0.07933046264834724,0.08080770766281033,0.7256666666666667,0.7205891312056445,0.7306864169131928,0.9898,0.9885986323261216,0.990875947298427
T10_BUDGET_FAMILY-0410,A,T10_BUDGET_FAMILY,0.75,-1,-1,1,-0.07500000000000001,-0.07500000000000001,75.0,15.0,56,1,5.0,0.05,-1.2940952255126037,4.8296291314453415,4.818379974852597,30000,True,0.0,0.0,0.0,0.0,0.0,0.03186049722762111,0.064077675440289,0.07310044808654391,0.0909614033223285,1.7849608105315342,3.589042445404614,4.092087569763865,5.081819135363816,0.07263292066741313,0.07372732814140763,0.7658666666666667,0.7610410462410955,0.7706242080862082,0.9964666666666666,0.9957286976417112,0.9970775082197305
T10_BUDGET_FAMILY-0411,A,T10_BUDGET_FAMILY,0.75,-1,-1,1,-0.07500000000000001,-0.07500000000000001,75.0,15.0,57,-1,5.0,0.05,-1.2940952255126037,-4.8296291314453415,4.736102833975285,30000,True,0.0,0.0,0.0,0.0,0.0,0.03386028784196844,0.0703833438479732,0.08089732617320017,0.10125206195551889,1.9371599504541117,4.013253889645727,4.603913153115127,5.75816997694254,0.08024262137465343,0.08168792258242556,0.7182666666666667,0.7131485996568807,0.723328843339005,0.9890333333333333,0.9877906327747425,0.9901508098325631
T10_BUDGET_FAMILY-0412,A,T10_BUDGET_FAMILY,0.75,-1,-1,1,-0.07500000000000001,-0.07500000000000001,75.0,15.0,57,1,5.0,0.05,-1.2940952255126037,4.8296291314453415,4.736102833975285,30000,True,0.0,0.0,0.0,0.0,0.0,0.03231613089432908,0.0646998186445797,0.07374710855763161,0.09161472496745372,1.842645634114161,3.6891442724303314,4.200647296377058,5.211253586325444,0.07328079647049104,0.07429610428197109,0.7585333333333333,0.7536575531595499,0.763342912307171,0.9962333333333333,0.9954737572292957,0.9968658417138548
T10_BUDGET_FAMILY-0413,A,T10_BUDGET_FAMILY,0.75,-1,-1,1,-0.07500000000000001,-0.07500000000000001,75.0,15.0,58,-1,5.0,0.05,-1.2940952255126037,-4.8296291314453415,4.656582309192214,30000,True,0.0,0.0,0.0,0.0,0.0,0.034438510248146745,0.07114294100695932,0.08181149100493236,0.10220781325976519,2.001016963328318,4.128477535260745,4.739921573372529,5.919251269911065,0.08116993604804461,0.08260293024580877,0.7093666666666667,0.7042021026663385,0.7144776193032947,0.9880666666666666,0.9867739248755205,0.9892344319274358
T10_BUDGET_FAMILY-0414,A,T10_BUDGET_FAMILY,0.75,-1,-1,1,-0.07500000000000001,-0.07500000000000001,75.0,15.0,58,1,5.0,0.05,-1.2940952255126037,4.8296291314453415,4.656582309192214,30000,True,0.0,0.0,0.0,0.0,0.0,0.032807256511582276,0.06533728255140317,0.07442997941346839,0.09221541322299462,1.9009627296391198,3.789348923963322,4.31137014420523,5.344468428801918,0.07388330194917554,0.07491009230951476,0.7518333333333334,0.7469134234089876,0.7566887576896557,0.9959,0.9951106913014163,0.9965623263298895
T10_BUDGET_FAMILY-0415,A,T10_BUDGET_FAMILY,0.75,-1,-1,1,-0.07500000000000001,-0.07500000000000001,75.0,15.0,59,-1,5.0,0.05,-1.2940952255126037,-4.8296291314453415,4.579682437939447,30000,True,0.0,0.0,0.0,0.0,0.0,0.034976677912693765,0.07198815156048087,0.08271558323163232,0.10320802482619593,2.0673832784857216,4.247123506084145,4.876807154014641,6.080917672822626,0.08205724499033722,0.08352618891956884,0.7015666666666667,0.6963633228518995,0.7067183964205686,0.9871333333333333,0.9857942335636639,0.9883476955661271
T10_BUDGET_FAMILY-0416,A,T10_BUDGET_FAMILY,0.75,-1,-1,1,-0.07500000000000001,-0.07500000000000001,75.0,15.0,59,1,5.0,0.05,-1.2940952255126037,4.8296291314453415,4.579682437939447,30000,True,0.0,0.0,0.0,0.0,0.0,0.03329826264250502,0.06596318057813745,0.07507078031751072,0.09286594841534063,1.9634922397212367,3.8916040974717867,4.422222920288984,5.474650951953479,0.07453303662444323,0.07558899987902307,0.7439,0.7389298709299226,0.7488076749468178,0.9953,0.9944600905321205,0.996013080737865
T10_BUDGET_FAMILY-0417,A,T10_BUDGET_FAMILY,0.75,-1,-1,1,-0.07500000000000001,-0.07500000000000001,75.0,15.0,60,-1,5.0,0.05,-1.2940952255126037,-4.8296291314453415,4.505276035999039,30000,True,0.0,0.0,0.0,0.0,0.0,0.035521823749672284,0.07279056125795383,0.083564816290581,0.1042327015040082,2.1363629670828557,4.368796942401122,5.014384898863268,6.247588377114169,0.08293109720484702,0.0844133667365971,0.6945666666666667,0.6893300510980519,0.6997534606256782,0.9856,0.9841883903296751,0.9868872647656308
T10_BUDGET_FAMILY-0418,A,T10_BUDGET_FAMILY,0.75,-1,-1,1,-0.07500000000000001,-0.07500000000000001,75.0,15.0,60,1,5.0,0.05,-1.2940952255126037,4.8296291314453415,4.505276035999039,30000,True,0.0,0.0,0.0,0.0,0.0,0.033741338911805606,0.06659389671669078,0.07562712771464355,0.09357056921824085,2.025573241256373,3.995614759520052,4.535265129018312,5.613903359152695,0.07514812329343018,0.07629180074870981,0.7363666666666666,0.7313508333850294,0.7413219748440214,0.9947333333333334,0.9938485513519736,0.9954914316878759
T10_BUDGET_FAMILY-0419,A,T10_BUDGET_FAMILY,0.75,-1,1,-1,-0.07500000000000001,0.07500000000000001,75.0,-15.0,50,-1,5.0,0.05,1.2940952255126037,-4.8296291314453415,5.662880884361687,30000,True,0.0,0.0,0.0,0.0,0.0,0.026903026831375597,0.05631956848289619,0.06472262705790272,0.08125191773425001,1.3470198340123094,2.8180552469929334,3.2451714207685636,4.073145121008071,0.06415971944106928,0.06529200991518877,0.8437333333333333,0.8395804737867351,0.847798174987482,0.9990666666666667,0.9986513899129869,0.9993541501808433
T10_BUDGET_FAMILY-0420,A,T10_BUDGET_FAMILY,0.75,-1,1,-1,-0.07500000000000001,0.07500000000000001,75.0,-15.0,50,1,5.0,0.05,1.2940952255126037,4.8296291314453415,5.662880884361687,30000,True,0.0,0.0,0.0,0.0,0.0,0.0279131646015945,0.06037197967966705,0.06978145561367115,0.08796831695177332,1.4033361420605748,3.0213233430853985,3.4895964145335436,4.394969925844277,0.06914014803555248,0.07038040569502144,0.8127,0.808245159205899,0.8170747694355798,0.9975333333333334,0.9969047511260063,0.9980345149333385
T10_BUDGET_FAMILY-0421,A,T10_BUDGET_FAMILY,0.75,-1,1,-1,-0.07500000000000001,0.07500000000000001,75.0,-15.0,51,-1,5.0,0.05,1.2940952255126037,-4.8296291314453415,5.549671615735859,30000,True,0.0,0.0,0.0,0.0,0.0,0.0273716913449738,0.056943140085643607,0.0653907192166326,0.08207952760038857,1.3975305249257262,2.9080597648473994,3.3426835743029684,4.195604624193919,0.06487803502301125,0.06600937387999853,0.8377666666666667,0.8335517071381484,0.841895136154049,0.9989333333333333,0.9984946169670792,0.9992442906020131
T10_BUDGET_FAMILY-0422,A,T10_BUDGET_FAMILY,0.75,-1,1,-1,-0.07500000000000001,0.07500000000000001,75.0,-15.0,51,1,5.0,0.05,1.2940952255126037,4.8296291314453415,5.549671615735859,30000,True,0.0,0.0,0.0,0.0,0.0,0.028413242254882693,0.061188691053527214,0.07062113015599836,0.08891418674241129,1.456872699534871,3.1216777214514377,3.602012722487531,4.534072187372354,0.07004699699475049,0.07124967398004563,0.8052,0.8006794335592576,0.8096424155657164,0.9972666666666666,0.9966088190450048,0.9977971819648642
T10_BUDGET_FAMILY-0423,A,T10_BUDGET_FAMILY,0.75,-1,1,-1,-0.07500000000000001,0.07500000000000001,75.0,-15.0,52,-1,5.0,0.05,1.2940952255126037,-4.8296291314453415,5.440886718856414,30000,True,0.0,0.0,0.0,0.0,0.0,0.02780692968840653,0.05758673844977316,0.06607751931783572,0.08278928852895608,1.4484805404187673,2.999651575049637,3.4419794033852886,4.315232598362475,0.06555485239457354,0.0666925456223256,0.8313666666666667,0.8270873289929072,0.8355611531118728,0.9987333333333334,0.9982619918854745,0.9990769668965112
T10_BUDGET_FAMILY-0424,A,T10_BUDGET_FAMILY,0.75,-1,1,-1,-0.07500000000000001,0.07500000000000001,75.0,-15.0,52,1,5.0,0.05,1.2940952255126037,4.8296291314453415,5.440886718856414,30000,True,0.0,0.0,0.0,0.0,0.0,0.028915064748257616,0.06197110149402226,0.07144881516935414,0.08999182389591016,1.5106007129336774,3.225060218265767,3.7176708724825525,4.679832038751356,0.07097979512536781,0.07212018304677606,0.7976,0.7930154442619426,0.802108350952973,0.9969,0.996204149071724,0.9974686124951159
T10_BUDGET_FAMILY-0425,A,T10_BUDGET_FAMILY,0.75,-1,1,-1,-0.07500000000000001,0.07500000000000001,75.0,-15.0,53,-1,5.0,0.05,1.2940952255126037,-4.8296291314453415,5.336272539460846,30000,True,0.0,0.0,0.0,0.0,0.0,0.028269782755254772,0.058216119953406226,0.06680806220682992,0.0835551027631083,1.5016020038374198,3.0918523878855884,3.5467198391266286,4.4342217076648325,0.06619270490711135,0.06737778868781258,0.8243333333333334,0.8199857889710855,0.828597827453772,0.9986333333333334,0.9981466282203537,0.9989923561680785
T10_BUDGET_FAMILY-0426,A,T10_BUDGET_FAMILY,0.75,-1,1,-1,-0.07500000000000001,0.07500000000000001,75.0,-15.0,53,1,5.0,0.05,1.2940952255126037,4.8296291314453415,5.336272539460846,30000,True,0.0,0.0,0.0,0.0,0.0,0.029415758016641612,0.0628159706650517,0.0723822029317945,0.0910285544040584,1.5667054552711708,3.3270494161847273,3.8331607028984562,4.816542857302848,0.07176154566623304,0.0729933992276707,0.7893333333333333,0.7846820322382501,0.7939105464429178,0.9964,0.9956557862914845,0.9970171033075883
T10_BUDGET_FAMILY-0427,A,T10_BUDGET_FAMILY,0.75,-1,1,-1,-0.07500000000000001,0.07500000000000001,75.0,-15.0,54,-1,5.0,0.05,1.2940952255126037,-4.8296291314453415,5.235594395605787,30000,True,0.0,0.0,0.0,0.0,0.0,0.028753462209700535,0.058886143970468124,0.06748311339536134,0.08432062149622575,1.5546394154046093,3.186311792869999,3.649828099078342,4.555329413701047,0.06688378028929533,0.06809123478214342,0.8176666666666667,0.8132568178825111,0.8219951723054532,0.9986333333333334,0.9981466282203537,0.9989923561680785
T10_BUDGET_FAMILY-0428,A,T10_BUDGET_FAMILY,0.75,-1,1,-1,-0.07500000000000001,0.07500000000000001,75.0,-15.0,54,1,5.0,0.05,1.2940952255126037,4.8296291314453415,5.235594395605787,30000,True,0.0,0.0,0.0,0.0,0.0,0.029905424376627004,0.0636266295588636,0.07323992786364471,0.09204741725684672,1.6239118081778217,3.4335639633279187,3.957344709995653,4.9675045115596275,0.0726006975604859,0.0739688154864249,0.7817,0.7769896017859296,0.7863382648539955,0.9959666666666667,0.9951832043869616,0.9966231295067131
T10_BUDGET_FAMILY-0429,A,T10_BUDGET_FAMILY,0.75,-1,1,-1,-0.07500000000000001,0.07500000000000001,75.0,-15.0,55,-1,5.0,0.05,1.2940952255126037,-4.8296291314453415,5.138634841214079,30000,True,0.0,0.0,0.0,0.0,0.0,0.029221561022820905,0.059527639521484134,0.06814053181666886,0.08501915930231832,1.608188400961887,3.281584577689727,3.7537199149984484,4.676532462577793,0.06764750788464563,0.06876348405903705,0.8114,0.806933578233405,0.8157866832918798,0.9984,0.9978794659659608,0.9987929115041799
T10_BUDGET_FAMILY-0430,A,T10_BUDGET_FAMILY,0.75,-1,1,-1,-0.07500000000000001,0.07500000000000001,75.0,-15.0,55,1,5.0,0.05,1.2940952255126037,4.8296291314453415,5.138634841214079,30000,True,0.0,0.0,0.0,0.0,0.0,0.030454738592620666,0.06442887746828671,0.07410417446602509,0.0930081438249108,1.6834269755268363,3.5414741024319922,4.079193655561493,5.117111512312474,0.07338718630780364,0.07488370912040575,0.7745,0.7697360040604361,0.7791937062436441,0.9951666666666666,0.9943159633957672,0.9958905753494802
T10_BUDGET_FAMILY-0431,A,T10_BUDGET_FAMILY,0.75,-1,1,-1,-0.07500000000000001,0.07500000000000001,75.0,-15.0,56,-1,5.0,0.05,1.2940952255126037,-4.8296291314453415,5.045192116403294,30000,True,0.0,0.0,0.0,0.0,0.0,0.029666577148438504,0.060180083366883456,0.06882221158103123,0.08578962019515313,1.6626898843119828,3.377455439084173,3.859039677898622,4.801601167059888,0.06831069046782659,0.06944828013422313,0.8054666666666667,0.8009483925508901,0.8099067216235595,0.9983,0.9977657177163923,0.9987066853601949
T10_BUDGET_FAMILY-0432,A,T10_BUDGET_FAMILY,0.75,-1,1,-1,-0.07500000000000001,0.07500000000000001,75.0,-15.0,56,1,5.0,0.05,1.2940952255126037,4.8296291314453415,5.045192116403294,30000,True,0.0,0.0,0.0,0.0,0.0,0.031006643115314807,0.06519046072179562,0.0750111697021295,0.09398084589003172,1.7445163451617804,3.6510141500985935,4.202737998254224,5.272787697586431,0.07432624681648115,0.0758034116864726,0.7671,0.7622830105551771,0.7718485946259518,0.9947,0.9938126563535109,0.9954606685551542
T10_BUDGET_FAMILY-0433,A,T10_BUDGET_FAMILY,0.75,-1,1,-1,-0.07500000000000001,0.07500000000000001,75.0,-15.0,57,-1,5.0,0.05,1.2940952255126037,-4.8296291314453415,4.955078761630056,30000,True,0.0,0.0,0.0,0.0,0.0,0.030105790202505908,0.06085660302647829,0.06950113674089652,0.08647956058350409,1.71931221878421,3.476064623817552,3.964674721617071,4.923504210404143,0.06901008309943348,0.07010909905607476,0.7981,0.7935195755069984,0.8026040916756843,0.9980333333333333,0.9974642301043469,0.9984749079227647
T10_BUDGET_FAMILY-0434,A,T10_BUDGET_FAMILY,0.75,-1,1,-1,-0.07500000000000001,0.07500000000000001,75.0,-15.0,57,1,5.0,0.05,1.2940952255126037,4.8296291314453415,4.955078761630056,30000,True,0.0,0.0,0.0,0.0,0.0,0.031504140699448235,0.06594613216443584,0.07583940720590239,0.09500523106673335,1.8071849001249556,3.7630146213018483,4.3268900020433705,5.421130818975716,0.07525416537384264,0.076686144807136,0.7588333333333334,0.7539595666664586,0.7636408219809226,0.9939,0.9929534578993215,0.9947200718609164
T10_BUDGET_FAMILY-0435,A,T10_BUDGET_FAMILY,0.75,-1,1,-1,-0.07500000000000001,0.07500000000000001,75.0,-15.0,58,-1,5.0,0.05,1.2940952255126037,-4.8296291314453415,4.8681203758475915,30000,True,0.0,0.0,0.0,0.0,0.0,0.030616632467933426,0.061533532739212304,0.07016494724732143,0.0871802320036294,1.777142155422878,3.573254721935692,4.072635327259713,5.053260144652663,0.06972061097367054,0.07077107971659621,0.7909,0.7862611254858599,0.7954643853609781,0.9978,0.9972023055220507,0.9982702255867697
T10_BUDGET_FAMILY-0436,A,T10_BUDGET_FAMILY,0.75,-1,1,-1,-0.07500000000000001,0.07500000000000001,75.0,-15.0,58,1,5.0,0.05,1.2940952255126037,4.8296291314453415,4.8681203758475915,30000,True,0.0,0.0,0.0,0.0,0.0,0.03203994819510643,0.06671636168997781,0.0768310853693561,0.09601957679839353,1.8689353872664873,3.8769244480105374,4.454324246870258,5.574218970102596,0.07619987606015745,0.07753481704592234,0.7508,0.7458734253024095,0.7556623537295153,0.9931333333333333,0.992133658021755,0.99400673472124
T10_BUDGET_FAMILY-0437,A,T10_BUDGET_FAMILY,0.75,-1,1,-1,-0.07500000000000001,0.07500000000000001,75.0,-15.0,59,-1,5.0,0.05,1.2940952255126037,-4.8296291314453415,4.78415450155651,30000,True,0.0,0.0,0.0,0.0,0.0,0.031097542806699872,0.062181886735249194,0.07084180338435647,0.0879488715218545,1.8361709311611627,3.6733434962868365,4.181769383417975,5.186805335569259,0.07035923264569602,0.07140255430826775,0.7826333333333333,0.7779300337098488,0.7872642606032413,0.9977,0.9970905153201308,0.9981820413951363
T10_BUDGET_FAMILY-0438,A,T10_BUDGET_FAMILY,0.75,-1,1,-1,-0.07500000000000001,0.07500000000000001,75.0,-15.0,59,1,5.0,0.05,1.2940952255126037,4.8296291314453415,4.78415450155651,30000,True,0.0,0.0,0.0,0.0,0.0,0.032590118276087744,0.06754637425914238,0.0777581592190421,0.09718570393507098,1.9326124505622866,3.99191976678453,4.585451508017425,5.734891931044516,0.07703611339030803,0.07843585457902559,0.7426333333333334,0.7376553859849181,0.7475491509068125,0.9923,0.9912458945691712,0.9932280448942122
T10_BUDGET_FAMILY-0439,A,T10_BUDGET_FAMILY,0.75,-1,1,-1,-0.07500000000000001,0.07500000000000001,75.0,-15.0,60,-1,5.0,0.05,1.2940952255126037,-4.8296291314453415,4.7030296219102965,30000,True,0.0,0.0,0.0,0.0,0.0,0.031590607156694026,0.06285649533446515,0.07150710150744324,0.08867701792219217,1.8993864539096112,3.7732766712239143,4.291948787688399,5.323147854870825,0.07102274856210791,0.07205940560207438,0.7747333333333334,0.7699710424874152,0.7794252747349565,0.9974333333333333,0.9967936000755769,0.9979456915902142
T10_BUDGET_FAMILY-0440,A,T10_BUDGET_FAMILY,0.75,-1,1,-1,-0.07500000000000001,0.07500000000000001,75.0,-15.0,60,1,5.0,0.05,1.2940952255126037,4.8296291314453415,4.7030296219102965,30000,True,0.0,0.0,0.0,0.0,0.0,0.0331635124133476,0.06837530953266034,0.07868336028979026,0.0982422539051728,1.9988080406364044,4.109775090862708,4.7206176004004625,5.894603238018957,0.0780089400894345,0.07934614323186556,0.7336,0.7285678554746445,0.7385723278660957,0.9914333333333334,0.9903257263692042,0.9924151016833833
T10_BUDGET_FAMILY-0441,A,T10_BUDGET_FAMILY,0.75,-1,1,1,-0.07500000000000001,0.07500000000000001,75.0,15.0,50,-1,5.0,0.05,-1.2940952255126037,-4.8296291314453415,5.378863991708586,30000,True,0.0,0.0,0.0,0.0,0.0,0.028361847485254686,0.059447960893968456,0.06821892122539097,0.08585468730883405,1.4200158693963696,2.974140443001773,3.4160038594621907,4.298428939216229,0.0676883499549271,0.06882060455949429,0.8155333333333333,0.8111040128511254,0.819881856941033,0.9981,0.9975393710051829,0.9985330832842977
T10_BUDGET_FAMILY-0442,A,T10_BUDGET_FAMILY,0.75,-1,1,1,-0.07500000000000001,0.07500000000000001,75.0,15.0,50,1,5.0,0.05,-1.2940952255126037,4.8296291314453415,5.378863991708586,30000,True,0.0,0.0,0.0,0.0,0.0,0.029456225356749143,0.06398510115578247,0.07388995253791165,0.09331830047518011,1.4789733760550308,3.197699007175875,3.695060194586363,4.655980321591459,0.07334626295275214,0.0745307795125197,0.7825333333333333,0.7778292714699978,0.7871650484495388,0.9948666666666667,0.9939922142697715,0.995614401294816
T10_BUDGET_FAMILY-0443,A,T10_BUDGET_FAMILY,0.75,-1,1,1,-0.07500000000000001,0.07500000000000001,75.0,15.0,51,-1,5.0,0.05,-1.2940952255126037,-4.8296291314453415,5.276592231365191,30000,True,0.0,0.0,0.0,0.0,0.0,0.028840244941893817,0.060042491325530876,0.06889441711584143,0.08649119290133929,1.4711952204806624,3.06398225401353,3.5227150770432063,4.420389158043417,0.0683395039088628,0.06948419229607854,0.8098333333333333,0.8053530610381312,0.8142342683214834,0.9979666666666667,0.9973892303737024,0.9984165913910403
T10_BUDGET_FAMILY-0444,A,T10_BUDGET_FAMILY,0.75,-1,1,1,-0.07500000000000001,0.07500000000000001,75.0,15.0,51,1,5.0,0.05,-1.2940952255126037,4.8296291314453415,5.276592231365191,30000,True,0.0,0.0,0.0,0.0,0.0,0.029926539872462295,0.06477642479480485,0.0747717490569367,0.09434121530431379,1.5335038771843799,3.3007110518473395,3.8141196158511126,4.803673894148839,0.07413729553600504,0.07536779787538413,0.7748333333333334,0.7700717738882207,0.7795245177277045,0.9944333333333333,0.9935257831349505,0.9952142767242386
T10_BUDGET_FAMILY-0445,A,T10_BUDGET_FAMILY,0.75,-1,1,1,-0.07500000000000001,0.07500000000000001,75.0,15.0,52,-1,5.0,0.05,-1.2940952255126037,-4.8296291314453415,5.178126622699566,30000,True,0.0,0.0,0.0,0.0,0.0,0.029252996627630222,0.06064185879198984,0.06961611787409588,0.08718539913315346,1.523942910728857,3.157487772593923,3.6257110412460904,4.542894644623718,0.06901500872898704,0.07018223430225735,0.8039333333333334,0.799401922473763,0.8083869176662013,0.9978,0.9972023055220507,0.9982702255867697
T10_BUDGET_FAMILY-0446,A,T10_BUDGET_FAMILY,0.75,-1,1,1,-0.07500000000000001,0.07500000000000001,75.0,15.0,52,1,5.0,0.05,-1.2940952255126037,4.8296291314453415,5.178126622699566,30000,True,0.0,0.0,0.0,0.0,0.0,0.030424633886637135,0.06558283470287171,0.07563680375903846,0.09526552190669567,1.5903377872269786,3.4058846275086436,3.9322081984780555,4.953076192592659,0.07494576910831004,0.07625851300202727,0.7682666666666667,0.7634578940914112,0.773006745681174,0.9938666666666667,0.9929177461312843,0.9946891254977691
T10_BUDGET_FAMILY-0447,A,T10_BUDGET_FAMILY,0.75,-1,1,1,-0.07500000000000001,0.07500000000000001,75.0,15.0,53,-1,5.0,0.05,-1.2940952255126037,-4.8296291314453415,5.083259122803727,30000,True,0.0,0.0,0.0,0.0,0.0,0.029685167659614282,0.06128710641833352,0.07026320545661624,0.08790824370725228,1.5763265272802036,3.2533117241263017,3.729505299852769,4.664260774856239,0.06965277405313794,0.07087722324708658,0.7972,0.7926121471156853,0.8017117505250166,0.9976666666666667,0.9970533087581824,0.9981525898259002
T10_BUDGET_FAMILY-0448,A,T10_BUDGET_FAMILY,0.75,-1,1,1,-0.07500000000000001,0.07500000000000001,75.0,15.0,53,1,5.0,0.05,-1.2940952255126037,4.8296291314453415,5.083259122803727,30000,True,0.0,0.0,0.0,0.0,0.0,0.030916659935942205,0.06638036828272435,0.07640714650003079,0.09621136586202593,1.6466215370410935,3.5164208670922052,4.056038186358719,5.100495672976194,0.07584601333743869,0.07721702575948501,0.7602666666666666,0.7554025650369021,0.765064123251411,0.993,0.9919913981303263,0.9938823620879309
T10_BUDGET_FAMILY-0449,A,T10_BUDGET_FAMILY,0.75,-1,1,1,-0.07500000000000001,0.07500000000000001,75.0,15.0,54,-1,5.0,0.05,-1.2940952255126037,-4.8296291314453415,4.991796541312607,30000,True,0.0,0.0,0.0,0.0,0.0,0.03013699074095773,0.061880385257676015,0.0708858480976165,0.08861942179230724,1.6317621019282584,3.3489293751421823,3.8332918727756784,4.786113873680802,0.07032895943472263,0.07155066408519405,0.7901666666666667,0.7855219626574925,0.7947370693032871,0.9974666666666666,0.9968306259817193,0.9979753238152563
T10_BUDGET_FAMILY-0450,A,T10_BUDGET_FAMILY,0.75,-1,1,1,-0.07500000000000001,0.07500000000000001,75.0,15.0,54,1,5.0,0.05,-1.2940952255126037,4.8296291314453415,4.991796541312607,30000,True,0.0,0.0,0.0,0.0,0.0,0.03146613301624131,0.06714850370901004,0.07725826065489069,0.09715977078422317,1.7073170176843497,3.6249855942864477,4.179593756333111,5.251611367023377,0.07665630153816638,0.07805407522803297,0.7523666666666666,0.747450211276433,0.7572184999211617,0.9922333333333333,0.9911750064369557,0.9931656167640589
T10_BUDGET_FAMILY-0451,A,T10_BUDGET_FAMILY,0.75,-1,1,1,-0.07500000000000001,0.07500000000000001,75.0,15.0,55,-1,5.0,0.05,-1.2940952255126037,-4.8296291314453415,4.903559241472042,30000,True,0.0,0.0,0.0,0.0,0.0,0.03059719568425343,0.06252387428041947,0.07154100930237335,0.08932720443909184,1.6851873765564773,3.4478886504266515,3.9369502092858966,4.910482611003041,0.07101388957310995,0.07216394732733497,0.7833,0.7786017922858562,0.7879256646509233,0.9972666666666666,0.9966088190450048,0.9977971819648642
T10_BUDGET_FAMILY-0452,A,T10_BUDGET_FAMILY,0.75,-1,1,1,-0.07500000000000001,0.07500000000000001,75.0,15.0,55,1,5.0,0.05,-1.2940952255126037,4.8296291314453415,4.903559241472042,30000,True,0.0,0.0,0.0,0.0,0.0,0.03199054604533609,0.0679237257021029,0.07810940563882204,0.09820510921058744,1.767614318966685,3.7363449518605725,4.301969160522817,5.403574141190078,0.07753475472065438,0.0789147639251093,0.7449666666666667,0.740003163725298,0.7498674423493452,0.9913333333333333,0.9902197350236173,0.9923211186354166
T10_BUDGET_FAMILY-0453,A,T10_BUDGET_FAMILY,0.75,-1,1,1,-0.07500000000000001,0.07500000000000001,75.0,15.0,56,-1,5.0,0.05,-1.2940952255126037,-4.8296291314453415,4.818379974852597,30000,True,0.0,0.0,0.0,0.0,0.0,0.031071414342466346,0.06316368205909585,0.07217179237856262,0.09007886222749065,1.7431292890885073,3.5449640016476356,4.04497660674414,5.037579388807538,0.07171351976096206,0.07282131333297885,0.7759666666666667,0.7712134235985826,0.7806492444776143,0.9968,0.9960941803266046,0.9973786068466819
T10_BUDGET_FAMILY-0454,A,T10_BUDGET_FAMILY,0.75,-1,1,1,-0.07500000000000001,0.07500000000000001,75.0,15.0,56,1,5.0,0.05,-1.2940952255126037,4.8296291314453415,4.818379974852597,30000,True,0.0,0.0,0.0,0.0,0.0,0.03249571773488099,0.06865285271831174,0.0790116448995221,0.09921431129610576,1.8302866721845197,3.850473387303248,4.4286137390959555,5.557522290701754,0.07833222380311332,0.07976204299896127,0.7369333333333333,0.7319208720545956,0.7418851244045912,0.9907333333333334,0.9895845085636977,0.9917564987340158
T10_BUDGET_FAMILY-0455,A,T10_BUDGET_FAMILY,0.75,-1,1,1,-0.07500000000000001,0.07500000000000001,75.0,15.0,57,-1,5.0,0.05,-1.2940952255126037,-4.8296291314453415,4.736102833975285,30000,True,0.0,0.0,0.0,0.0,0.0,0.03150519465408813,0.06379266294805842,0.07283562740264048,0.09072405629681898,1.8006679176737943,3.645307614101848,4.154920043874275,5.1674109284454985,0.0723639878854834,0.07338772392004705,0.7694666666666666,0.7646663991940202,0.7741979333012056,0.9965,0.9957651754792087,0.9971076885134176
T10_BUDGET_FAMILY-0456,A,T10_BUDGET_FAMILY,0.75,-1,1,1,-0.07500000000000001,0.07500000000000001,75.0,15.0,57,1,5.0,0.05,-1.2940952255126037,4.8296291314453415,4.736102833975285,30000,True,0.0,0.0,0.0,0.0,0.0,0.03301601677383609,0.06941414344635563,0.07993311833072257,0.10021055488364676,1.8952093088077555,3.9644848493615332,4.555703104665782,5.705278173620446,0.0792639028453403,0.08072984471103607,0.7288666666666667,0.7238071958927768,0.7338675328197692,0.9897333333333334,0.988528309226766,0.9908129541354136
T10_BUDGET_FAMILY-0457,A,T10_BUDGET_FAMILY,0.75,-1,1,1,-0.07500000000000001,0.07500000000000001,75.0,15.0,58,-1,5.0,0.05,-1.2940952255126037,-4.8296291314453415,4.656582309192214,30000,True,0.0,0.0,0.0,0.0,0.0,0.03196982388026689,0.06445487069203146,0.07354376518974422,0.09133336168535704,1.8601582359540394,3.743701100043708,4.264856035889558,5.2963463991092485,0.07299232631585564,0.0740120382676554,0.7623666666666666,0.7575168604185747,0.76714929013436,0.9962666666666666,0.9955101353104284,0.9968961217639064
T10_BUDGET_FAMILY-0458,A,T10_BUDGET_FAMILY,0.75,-1,1,1,-0.07500000000000001,0.07500000000000001,75.0,15.0,58,1,5.0,0.05,-1.2940952255126037,4.8296291314453415,4.656582309192214,30000,True,0.0,0.0,0.0,0.0,0.0,0.03355901099072769,0.07019246581717822,0.08083762340976879,0.1012410440364765,1.9581808148914073,4.0781164190338925,4.68804165285235,5.868823108503549,0.08015357708002997,0.08159111990386371,0.7211,0.7159972485577134,0.7261461355888518,0.9889,0.9876502651743007,0.9900245449082672
T10_BUDGET_FAMILY-0459,A,T10_BUDGET_FAMILY,0.75,-1,1,1,-0.07500000000000001,0.07500000000000001,75.0,15.0,59,-1,5.0,0.05,-1.2940952255126037,-4.8296291314453415,4.579682437939447,30000,True,0.0,0.0,0.0,0.0,0.0,0.032477249844295335,0.06506871020074209,0.07419279959082883,0.0920232836885127,1.9214240657485786,3.8447518164086874,4.372892745382285,5.429091466743036,0.07363985255379465,0.07470546428742886,0.7556666666666667,0.7507718094900809,0.7604960566947759,0.9959666666666667,0.9951832043869616,0.9966231295067131
T10_BUDGET_FAMILY-0460,A,T10_BUDGET_FAMILY,0.75,-1,1,1,-0.07500000000000001,0.07500000000000001,75.0,15.0,59,1,5.0,0.05,-1.2940952255126037,4.8296291314453415,4.579682437939447,30000,True,0.0,0.0,0.0,0.0,0.0,0.03409843258590443,0.071022020418895,0.08175697783346003,0.10216552495535011,2.0230068658552343,4.1953311285322235,4.823075719787629,6.03175459946327,0.0810708043345597,0.08254277787740043,0.7134333333333334,0.7082897142071961,0.7185222997669419,0.9880666666666666,0.9867739248755205,0.9892344319274358
T10_BUDGET_FAMILY-0461,A,T10_BUDGET_FAMILY,0.75,-1,1,1,-0.07500000000000001,0.07500000000000001,75.0,15.0,60,-1,5.0,0.05,-1.2940952255126037,-4.8296291314453415,4.505276035999039,30000,True,0.0,0.0,0.0,0.0,0.0,0.03296305984321819,0.06571199934704204,0.07472870611978107,0.09264182106812377,1.9817025929322096,3.94787630875983,4.485464725941019,5.568394631617507,0.07424797252152816,0.07539797639695382,0.7481,0.7431561866368922,0.7529802837690908,0.9953,0.9944600905321205,0.996013080737865
T10_BUDGET_FAMILY-0462,A,T10_BUDGET_FAMILY,0.75,-1,1,1,-0.07500000000000001,0.07500000000000001,75.0,15.0,60,1,5.0,0.05,-1.2940952255126037,4.8296291314453415,4.505276035999039,30000,True,0.0,0.0,0.0,0.0,0.0,0.03466064521462305,0.0718479122477928,0.08260230901545663,0.10327812345651827,2.0890721922147435,4.316905641538601,4.96168826401056,6.196855810078087,0.08195205696000347,0.08344843280473266,0.7049333333333333,0.6997465050744259,0.7100676854476732,0.9871,0.9857592774536782,0.9883159935449285
T10_BUDGET_FAMILY-0463,A,T10_BUDGET_FAMILY,0.75,1,-1,-1,0.07500000000000001,-0.07500000000000001,75.0,-15.0,50,-1,5.0,0.05,1.2940952255126037,-4.8296291314453415,5.662880884361687,30000,True,0.0,0.0,0.0,0.0,0.0,0.0279131646015945,0.06037197967966705,0.06978145561367115,0.08796831695177332,1.4033361420605748,3.0213233430853985,3.4895964145335436,4.394969925844277,0.06914014803555248,0.07038040569502144,0.8127,0.808245159205899,0.8170747694355798,0.9975333333333334,0.9969047511260063,0.9980345149333385
T10_BUDGET_FAMILY-0464,A,T10_BUDGET_FAMILY,0.75,1,-1,-1,0.07500000000000001,-0.07500000000000001,75.0,-15.0,50,1,5.0,0.05,1.2940952255126037,4.8296291314453415,5.662880884361687,30000,True,0.0,0.0,0.0,0.0,0.0,0.026903026831375597,0.05631956848289619,0.06472262705790272,0.08125191773425001,1.3470198340123094,2.8180552469929334,3.2451714207685636,4.073145121008071,0.06415971944106928,0.06529200991518877,0.8437333333333333,0.8395804737867351,0.847798174987482,0.9990666666666667,0.9986513899129869,0.9993541501808433
T10_BUDGET_FAMILY-0465,A,T10_BUDGET_FAMILY,0.75,1,-1,-1,0.07500000000000001,-0.07500000000000001,75.0,-15.0,51,-1,5.0,0.05,1.2940952255126037,-4.8296291314453415,5.549671615735859,30000,True,0.0,0.0,0.0,0.0,0.0,0.028413242254882693,0.061188691053527214,0.07062113015599836,0.08891418674241129,1.456872699534871,3.1216777214514377,3.602012722487531,4.534072187372354,0.07004699699475049,0.07124967398004563,0.8052,0.8006794335592576,0.8096424155657164,0.9972666666666666,0.9966088190450048,0.9977971819648642
T10_BUDGET_FAMILY-0466,A,T10_BUDGET_FAMILY,0.75,1,-1,-1,0.07500000000000001,-0.07500000000000001,75.0,-15.0,51,1,5.0,0.05,1.2940952255126037,4.8296291314453415,5.549671615735859,30000,True,0.0,0.0,0.0,0.0,0.0,0.0273716913449738,0.056943140085643607,0.0653907192166326,0.08207952760038857,1.3975305249257262,2.9080597648473994,3.3426835743029684,4.195604624193919,0.06487803502301125,0.06600937387999853,0.8377666666666667,0.8335517071381484,0.841895136154049,0.9989333333333333,0.9984946169670792,0.9992442906020131
T10_BUDGET_FAMILY-0467,A,T10_BUDGET_FAMILY,0.75,1,-1,-1,0.07500000000000001,-0.07500000000000001,75.0,-15.0,52,-1,5.0,0.05,1.2940952255126037,-4.8296291314453415,5.440886718856414,30000,True,0.0,0.0,0.0,0.0,0.0,0.028915064748257616,0.06197110149402226,0.07144881516935414,0.08999182389591016,1.5106007129336774,3.225060218265767,3.7176708724825525,4.679832038751356,0.07097979512536781,0.07212018304677606,0.7976,0.7930154442619426,0.802108350952973,0.9969,0.996204149071724,0.9974686124951159
T10_BUDGET_FAMILY-0468,A,T10_BUDGET_FAMILY,0.75,1,-1,-1,0.07500000000000001,-0.07500000000000001,75.0,-15.0,52,1,5.0,0.05,1.2940952255126037,4.8296291314453415,5.440886718856414,30000,True,0.0,0.0,0.0,0.0,0.0,0.02780692968840653,0.05758673844977316,0.06607751931783572,0.08278928852895608,1.4484805404187673,2.999651575049637,3.4419794033852886,4.315232598362475,0.06555485239457354,0.0666925456223256,0.8313666666666667,0.8270873289929072,0.8355611531118728,0.9987333333333334,0.9982619918854745,0.9990769668965112
T10_BUDGET_FAMILY-0469,A,T10_BUDGET_FAMILY,0.75,1,-1,-1,0.07500000000000001,-0.07500000000000001,75.0,-15.0,53,-1,5.0,0.05,1.2940952255126037,-4.8296291314453415,5.336272539460846,30000,True,0.0,0.0,0.0,0.0,0.0,0.029415758016641612,0.0628159706650517,0.0723822029317945,0.0910285544040584,1.5667054552711708,3.3270494161847273,3.8331607028984562,4.816542857302848,0.07176154566623304,0.0729933992276707,0.7893333333333333,0.7846820322382501,0.7939105464429178,0.9964,0.9956557862914845,0.9970171033075883
T10_BUDGET_FAMILY-0470,A,T10_BUDGET_FAMILY,0.75,1,-1,-1,0.07500000000000001,-0.07500000000000001,75.0,-15.0,53,1,5.0,0.05,1.2940952255126037,4.8296291314453415,5.336272539460846,30000,True,0.0,0.0,0.0,0.0,0.0,0.028269782755254772,0.058216119953406226,0.06680806220682992,0.0835551027631083,1.5016020038374198,3.0918523878855884,3.5467198391266286,4.4342217076648325,0.06619270490711135,0.06737778868781258,0.8243333333333334,0.8199857889710855,0.828597827453772,0.9986333333333334,0.9981466282203537,0.9989923561680785
T10_BUDGET_FAMILY-0471,A,T10_BUDGET_FAMILY,0.75,1,-1,-1,0.07500000000000001,-0.07500000000000001,75.0,-15.0,54,-1,5.0,0.05,1.2940952255126037,-4.8296291314453415,5.235594395605787,30000,True,0.0,0.0,0.0,0.0,0.0,0.029905424376627004,0.0636266295588636,0.07323992786364471,0.09204741725684672,1.6239118081778217,3.4335639633279187,3.957344709995653,4.9675045115596275,0.0726006975604859,0.0739688154864249,0.7817,0.7769896017859296,0.7863382648539955,0.9959666666666667,0.9951832043869616,0.9966231295067131
T10_BUDGET_FAMILY-0472,A,T10_BUDGET_FAMILY,0.75,1,-1,-1,0.07500000000000001,-0.07500000000000001,75.0,-15.0,54,1,5.0,0.05,1.2940952255126037,4.8296291314453415,5.235594395605787,30000,True,0.0,0.0,0.0,0.0,0.0,0.028753462209700535,0.058886143970468124,0.06748311339536134,0.08432062149622575,1.5546394154046093,3.186311792869999,3.649828099078342,4.555329413701047,0.06688378028929533,0.06809123478214342,0.8176666666666667,0.8132568178825111,0.8219951723054532,0.9986333333333334,0.9981466282203537,0.9989923561680785
T10_BUDGET_FAMILY-0473,A,T10_BUDGET_FAMILY,0.75,1,-1,-1,0.07500000000000001,-0.07500000000000001,75.0,-15.0,55,-1,5.0,0.05,1.2940952255126037,-4.8296291314453415,5.138634841214079,30000,True,0.0,0.0,0.0,0.0,0.0,0.030454738592620666,0.06442887746828671,0.07410417446602509,0.0930081438249108,1.6834269755268363,3.5414741024319922,4.079193655561493,5.117111512312474,0.07338718630780364,0.07488370912040575,0.7745,0.7697360040604361,0.7791937062436441,0.9951666666666666,0.9943159633957672,0.9958905753494802
T10_BUDGET_FAMILY-0474,A,T10_BUDGET_FAMILY,0.75,1,-1,-1,0.07500000000000001,-0.07500000000000001,75.0,-15.0,55,1,5.0,0.05,1.2940952255126037,4.8296291314453415,5.138634841214079,30000,True,0.0,0.0,0.0,0.0,0.0,0.029221561022820905,0.059527639521484134,0.06814053181666886,0.08501915930231832,1.608188400961887,3.281584577689727,3.7537199149984484,4.676532462577793,0.06764750788464563,0.06876348405903705,0.8114,0.806933578233405,0.8157866832918798,0.9984,0.9978794659659608,0.9987929115041799
T10_BUDGET_FAMILY-0475,A,T10_BUDGET_FAMILY,0.75,1,-1,-1,0.07500000000000001,-0.07500000000000001,75.0,-15.0,56,-1,5.0,0.05,1.2940952255126037,-4.8296291314453415,5.045192116403294,30000,True,0.0,0.0,0.0,0.0,0.0,0.031006643115314807,0.06519046072179562,0.0750111697021295,0.09398084589003172,1.7445163451617804,3.6510141500985935,4.202737998254224,5.272787697586431,0.07432624681648115,0.0758034116864726,0.7671,0.7622830105551771,0.7718485946259518,0.9947,0.9938126563535109,0.9954606685551542
T10_BUDGET_FAMILY-0476,A,T10_BUDGET_FAMILY,0.75,1,-1,-1,0.07500000000000001,-0.07500000000000001,75.0,-15.0,56,1,5.0,0.05,1.2940952255126037,4.8296291314453415,5.045192116403294,30000,True,0.0,0.0,0.0,0.0,0.0,0.029666577148438504,0.060180083366883456,0.06882221158103123,0.08578962019515313,1.6626898843119828,3.377455439084173,3.859039677898622,4.801601167059888,0.06831069046782659,0.06944828013422313,0.8054666666666667,0.8009483925508901,0.8099067216235595,0.9983,0.9977657177163923,0.9987066853601949
T10_BUDGET_FAMILY-0477,A,T10_BUDGET_FAMILY,0.75,1,-1,-1,0.07500000000000001,-0.07500000000000001,75.0,-15.0,57,-1,5.0,0.05,1.2940952255126037,-4.8296291314453415,4.955078761630056,30000,True,0.0,0.0,0.0,0.0,0.0,0.031504140699448235,0.06594613216443584,0.07583940720590239,0.09500523106673335,1.8071849001249556,3.7630146213018483,4.3268900020433705,5.421130818975716,0.07525416537384264,0.076686144807136,0.7588333333333334,0.7539595666664586,0.7636408219809226,0.9939,0.9929534578993215,0.9947200718609164
T10_BUDGET_FAMILY-0478,A,T10_BUDGET_FAMILY,0.75,1,-1,-1,0.07500000000000001,-0.07500000000000001,75.0,-15.0,57,1,5.0,0.05,1.2940952255126037,4.8296291314453415,4.955078761630056,30000,True,0.0,0.0,0.0,0.0,0.0,0.030105790202505908,0.06085660302647829,0.06950113674089652,0.08647956058350409,1.71931221878421,3.476064623817552,3.964674721617071,4.923504210404143,0.06901008309943348,0.07010909905607476,0.7981,0.7935195755069984,0.8026040916756843,0.9980333333333333,0.9974642301043469,0.9984749079227647
T10_BUDGET_FAMILY-0479,A,T10_BUDGET_FAMILY,0.75,1,-1,-1,0.07500000000000001,-0.07500000000000001,75.0,-15.0,58,-1,5.0,0.05,1.2940952255126037,-4.8296291314453415,4.8681203758475915,30000,True,0.0,0.0,0.0,0.0,0.0,0.03203994819510643,0.06671636168997781,0.0768310853693561,0.09601957679839353,1.8689353872664873,3.8769244480105374,4.454324246870258,5.574218970102596,0.07619987606015745,0.07753481704592234,0.7508,0.7458734253024095,0.7556623537295153,0.9931333333333333,0.992133658021755,0.99400673472124
T10_BUDGET_FAMILY-0480,A,T10_BUDGET_FAMILY,0.75,1,-1,-1,0.07500000000000001,-0.07500000000000001,75.0,-15.0,58,1,5.0,0.05,1.2940952255126037,4.8296291314453415,4.8681203758475915,30000,True,0.0,0.0,0.0,0.0,0.0,0.030616632467933426,0.061533532739212304,0.07016494724732143,0.0871802320036294,1.777142155422878,3.573254721935692,4.072635327259713,5.053260144652663,0.06972061097367054,0.07077107971659621,0.7909,0.7862611254858599,0.7954643853609781,0.9978,0.9972023055220507,0.9982702255867697
T10_BUDGET_FAMILY-0481,A,T10_BUDGET_FAMILY,0.75,1,-1,-1,0.07500000000000001,-0.07500000000000001,75.0,-15.0,59,-1,5.0,0.05,1.2940952255126037,-4.8296291314453415,4.78415450155651,30000,True,0.0,0.0,0.0,0.0,0.0,0.032590118276087744,0.06754637425914238,0.0777581592190421,0.09718570393507098,1.9326124505622866,3.99191976678453,4.585451508017425,5.734891931044516,0.07703611339030803,0.07843585457902559,0.7426333333333334,0.7376553859849181,0.7475491509068125,0.9923,0.9912458945691712,0.9932280448942122
T10_BUDGET_FAMILY-0482,A,T10_BUDGET_FAMILY,0.75,1,-1,-1,0.07500000000000001,-0.07500000000000001,75.0,-15.0,59,1,5.0,0.05,1.2940952255126037,4.8296291314453415,4.78415450155651,30000,True,0.0,0.0,0.0,0.0,0.0,0.031097542806699872,0.062181886735249194,0.07084180338435647,0.0879488715218545,1.8361709311611627,3.6733434962868365,4.181769383417975,5.186805335569259,0.07035923264569602,0.07140255430826775,0.7826333333333333,0.7779300337098488,0.7872642606032413,0.9977,0.9970905153201308,0.9981820413951363
T10_BUDGET_FAMILY-0483,A,T10_BUDGET_FAMILY,0.75,1,-1,-1,0.07500000000000001,-0.07500000000000001,75.0,-15.0,60,-1,5.0,0.05,1.2940952255126037,-4.8296291314453415,4.7030296219102965,30000,True,0.0,0.0,0.0,0.0,0.0,0.0331635124133476,0.06837530953266034,0.07868336028979026,0.0982422539051728,1.9988080406364044,4.109775090862708,4.7206176004004625,5.894603238018957,0.0780089400894345,0.07934614323186556,0.7336,0.7285678554746445,0.7385723278660957,0.9914333333333334,0.9903257263692042,0.9924151016833833
T10_BUDGET_FAMILY-0484,A,T10_BUDGET_FAMILY,0.75,1,-1,-1,0.07500000000000001,-0.07500000000000001,75.0,-15.0,60,1,5.0,0.05,1.2940952255126037,4.8296291314453415,4.7030296219102965,30000,True,0.0,0.0,0.0,0.0,0.0,0.031590607156694026,0.06285649533446515,0.07150710150744324,0.08867701792219217,1.8993864539096112,3.7732766712239143,4.291948787688399,5.323147854870825,0.07102274856210791,0.07205940560207438,0.7747333333333334,0.7699710424874152,0.7794252747349565,0.9974333333333333,0.9967936000755769,0.9979456915902142
T10_BUDGET_FAMILY-0485,A,T10_BUDGET_FAMILY,0.75,1,-1,1,0.07500000000000001,-0.07500000000000001,75.0,15.0,50,-1,5.0,0.05,-1.2940952255126037,-4.8296291314453415,5.378863991708586,30000,True,0.0,0.0,0.0,0.0,0.0,0.029456225356749143,0.06398510115578247,0.07388995253791165,0.09331830047518011,1.4789733760550308,3.197699007175875,3.695060194586363,4.655980321591459,0.07334626295275214,0.0745307795125197,0.7825333333333333,0.7778292714699978,0.7871650484495388,0.9948666666666667,0.9939922142697715,0.995614401294816
T10_BUDGET_FAMILY-0486,A,T10_BUDGET_FAMILY,0.75,1,-1,1,0.07500000000000001,-0.07500000000000001,75.0,15.0,50,1,5.0,0.05,-1.2940952255126037,4.8296291314453415,5.378863991708586,30000,True,0.0,0.0,0.0,0.0,0.0,0.028361847485254686,0.059447960893968456,0.06821892122539097,0.08585468730883405,1.4200158693963696,2.974140443001773,3.4160038594621907,4.298428939216229,0.0676883499549271,0.06882060455949429,0.8155333333333333,0.8111040128511254,0.819881856941033,0.9981,0.9975393710051829,0.9985330832842977
T10_BUDGET_FAMILY-0487,A,T10_BUDGET_FAMILY,0.75,1,-1,1,0.07500000000000001,-0.07500000000000001,75.0,15.0,51,-1,5.0,0.05,-1.2940952255126037,-4.8296291314453415,5.276592231365191,30000,True,0.0,0.0,0.0,0.0,0.0,0.029926539872462295,0.06477642479480485,0.0747717490569367,0.09434121530431379,1.5335038771843799,3.3007110518473395,3.8141196158511126,4.803673894148839,0.07413729553600504,0.07536779787538413,0.7748333333333334,0.7700717738882207,0.7795245177277045,0.9944333333333333,0.9935257831349505,0.9952142767242386
T10_BUDGET_FAMILY-0488,A,T10_BUDGET_FAMILY,0.75,1,-1,1,0.07500000000000001,-0.07500000000000001,75.0,15.0,51,1,5.0,0.05,-1.2940952255126037,4.8296291314453415,5.276592231365191,30000,True,0.0,0.0,0.0,0.0,0.0,0.028840244941893817,0.060042491325530876,0.06889441711584143,0.08649119290133929,1.4711952204806624,3.06398225401353,3.5227150770432063,4.420389158043417,0.0683395039088628,0.06948419229607854,0.8098333333333333,0.8053530610381312,0.8142342683214834,0.9979666666666667,0.9973892303737024,0.9984165913910403
T10_BUDGET_FAMILY-0489,A,T10_BUDGET_FAMILY,0.75,1,-1,1,0.07500000000000001,-0.07500000000000001,75.0,15.0,52,-1,5.0,0.05,-1.2940952255126037,-4.8296291314453415,5.178126622699566,30000,True,0.0,0.0,0.0,0.0,0.0,0.030424633886637135,0.06558283470287171,0.07563680375903846,0.09526552190669567,1.5903377872269786,3.4058846275086436,3.9322081984780555,4.953076192592659,0.07494576910831004,0.07625851300202727,0.7682666666666667,0.7634578940914112,0.773006745681174,0.9938666666666667,0.9929177461312843,0.9946891254977691
T10_BUDGET_FAMILY-0490,A,T10_BUDGET_FAMILY,0.75,1,-1,1,0.07500000000000001,-0.07500000000000001,75.0,15.0,52,1,5.0,0.05,-1.2940952255126037,4.8296291314453415,5.178126622699566,30000,True,0.0,0.0,0.0,0.0,0.0,0.029252996627630222,0.06064185879198984,0.06961611787409588,0.08718539913315346,1.523942910728857,3.157487772593923,3.6257110412460904,4.542894644623718,0.06901500872898704,0.07018223430225735,0.8039333333333334,0.799401922473763,0.8083869176662013,0.9978,0.9972023055220507,0.9982702255867697
T10_BUDGET_FAMILY-0491,A,T10_BUDGET_FAMILY,0.75,1,-1,1,0.07500000000000001,-0.07500000000000001,75.0,15.0,53,-1,5.0,0.05,-1.2940952255126037,-4.8296291314453415,5.083259122803727,30000,True,0.0,0.0,0.0,0.0,0.0,0.030916659935942205,0.06638036828272435,0.07640714650003079,0.09621136586202593,1.6466215370410935,3.5164208670922052,4.056038186358719,5.100495672976194,0.07584601333743869,0.07721702575948501,0.7602666666666666,0.7554025650369021,0.765064123251411,0.993,0.9919913981303263,0.9938823620879309
T10_BUDGET_FAMILY-0492,A,T10_BUDGET_FAMILY,0.75,1,-1,1,0.07500000000000001,-0.07500000000000001,75.0,15.0,53,1,5.0,0.05,-1.2940952255126037,4.8296291314453415,5.083259122803727,30000,True,0.0,0.0,0.0,0.0,0.0,0.029685167659614282,0.06128710641833352,0.07026320545661624,0.08790824370725228,1.5763265272802036,3.2533117241263017,3.729505299852769,4.664260774856239,0.06965277405313794,0.07087722324708658,0.7972,0.7926121471156853,0.8017117505250166,0.9976666666666667,0.9970533087581824,0.9981525898259002
T10_BUDGET_FAMILY-0493,A,T10_BUDGET_FAMILY,0.75,1,-1,1,0.07500000000000001,-0.07500000000000001,75.0,15.0,54,-1,5.0,0.05,-1.2940952255126037,-4.8296291314453415,4.991796541312607,30000,True,0.0,0.0,0.0,0.0,0.0,0.03146613301624131,0.06714850370901004,0.07725826065489069,0.09715977078422317,1.7073170176843497,3.6249855942864477,4.179593756333111,5.251611367023377,0.07665630153816638,0.07805407522803297,0.7523666666666666,0.747450211276433,0.7572184999211617,0.9922333333333333,0.9911750064369557,0.9931656167640589
T10_BUDGET_FAMILY-0494,A,T10_BUDGET_FAMILY,0.75,1,-1,1,0.07500000000000001,-0.07500000000000001,75.0,15.0,54,1,5.0,0.05,-1.2940952255126037,4.8296291314453415,4.991796541312607,30000,True,0.0,0.0,0.0,0.0,0.0,0.03013699074095773,0.061880385257676015,0.0708858480976165,0.08861942179230724,1.6317621019282584,3.3489293751421823,3.8332918727756784,4.786113873680802,0.07032895943472263,0.07155066408519405,0.7901666666666667,0.7855219626574925,0.7947370693032871,0.9974666666666666,0.9968306259817193,0.9979753238152563
T10_BUDGET_FAMILY-0495,A,T10_BUDGET_FAMILY,0.75,1,-1,1,0.07500000000000001,-0.07500000000000001,75.0,15.0,55,-1,5.0,0.05,-1.2940952255126037,-4.8296291314453415,4.903559241472042,30000,True,0.0,0.0,0.0,0.0,0.0,0.03199054604533609,0.0679237257021029,0.07810940563882204,0.09820510921058744,1.767614318966685,3.7363449518605725,4.301969160522817,5.403574141190078,0.07753475472065438,0.0789147639251093,0.7449666666666667,0.740003163725298,0.7498674423493452,0.9913333333333333,0.9902197350236173,0.9923211186354166
T10_BUDGET_FAMILY-0496,A,T10_BUDGET_FAMILY,0.75,1,-1,1,0.07500000000000001,-0.07500000000000001,75.0,15.0,55,1,5.0,0.05,-1.2940952255126037,4.8296291314453415,4.903559241472042,30000,True,0.0,0.0,0.0,0.0,0.0,0.03059719568425343,0.06252387428041947,0.07154100930237335,0.08932720443909184,1.6851873765564773,3.4478886504266515,3.9369502092858966,4.910482611003041,0.07101388957310995,0.07216394732733497,0.7833,0.7786017922858562,0.7879256646509233,0.9972666666666666,0.9966088190450048,0.9977971819648642
T10_BUDGET_FAMILY-0497,A,T10_BUDGET_FAMILY,0.75,1,-1,1,0.07500000000000001,-0.07500000000000001,75.0,15.0,56,-1,5.0,0.05,-1.2940952255126037,-4.8296291314453415,4.818379974852597,30000,True,0.0,0.0,0.0,0.0,0.0,0.03249571773488099,0.06865285271831174,0.0790116448995221,0.09921431129610576,1.8302866721845197,3.850473387303248,4.4286137390959555,5.557522290701754,0.07833222380311332,0.07976204299896127,0.7369333333333333,0.7319208720545956,0.7418851244045912,0.9907333333333334,0.9895845085636977,0.9917564987340158
T10_BUDGET_FAMILY-0498,A,T10_BUDGET_FAMILY,0.75,1,-1,1,0.07500000000000001,-0.07500000000000001,75.0,15.0,56,1,5.0,0.05,-1.2940952255126037,4.8296291314453415,4.818379974852597,30000,True,0.0,0.0,0.0,0.0,0.0,0.031071414342466346,0.06316368205909585,0.07217179237856262,0.09007886222749065,1.7431292890885073,3.5449640016476356,4.04497660674414,5.037579388807538,0.07171351976096206,0.07282131333297885,0.7759666666666667,0.7712134235985826,0.7806492444776143,0.9968,0.9960941803266046,0.9973786068466819
T10_BUDGET_FAMILY-0499,A,T10_BUDGET_FAMILY,0.75,1,-1,1,0.07500000000000001,-0.07500000000000001,75.0,15.0,57,-1,5.0,0.05,-1.2940952255126037,-4.8296291314453415,4.736102833975285,30000,True,0.0,0.0,0.0,0.0,0.0,0.03301601677383609,0.06941414344635563,0.07993311833072257,0.10021055488364676,1.8952093088077555,3.9644848493615332,4.555703104665782,5.705278173620446,0.0792639028453403,0.08072984471103607,0.7288666666666667,0.7238071958927768,0.7338675328197692,0.9897333333333334,0.988528309226766,0.9908129541354136
T10_BUDGET_FAMILY-0500,A,T10_BUDGET_FAMILY,0.75,1,-1,1,0.07500000000000001,-0.07500000000000001,75.0,15.0,57,1,5.0,0.05,-1.2940952255126037,4.8296291314453415,4.736102833975285,30000,True,0.0,0.0,0.0,0.0,0.0,0.03150519465408813,0.06379266294805842,0.07283562740264048,0.09072405629681898,1.8006679176737943,3.645307614101848,4.154920043874275,5.1674109284454985,0.0723639878854834,0.07338772392004705,0.7694666666666666,0.7646663991940202,0.7741979333012056,0.9965,0.9957651754792087,0.9971076885134176
T10_BUDGET_FAMILY-0501,A,T10_BUDGET_FAMILY,0.75,1,-1,1,0.07500000000000001,-0.07500000000000001,75.0,15.0,58,-1,5.0,0.05,-1.2940952255126037,-4.8296291314453415,4.656582309192214,30000,True,0.0,0.0,0.0,0.0,0.0,0.03355901099072769,0.07019246581717822,0.08083762340976879,0.1012410440364765,1.9581808148914073,4.0781164190338925,4.68804165285235,5.868823108503549,0.08015357708002997,0.08159111990386371,0.7211,0.7159972485577134,0.7261461355888518,0.9889,0.9876502651743007,0.9900245449082672
T10_BUDGET_FAMILY-0502,A,T10_BUDGET_FAMILY,0.75,1,-1,1,0.07500000000000001,-0.07500000000000001,75.0,15.0,58,1,5.0,0.05,-1.2940952255126037,4.8296291314453415,4.656582309192214,30000,True,0.0,0.0,0.0,0.0,0.0,0.03196982388026689,0.06445487069203146,0.07354376518974422,0.09133336168535704,1.8601582359540394,3.743701100043708,4.264856035889558,5.2963463991092485,0.07299232631585564,0.0740120382676554,0.7623666666666666,0.7575168604185747,0.76714929013436,0.9962666666666666,0.9955101353104284,0.9968961217639064
T10_BUDGET_FAMILY-0503,A,T10_BUDGET_FAMILY,0.75,1,-1,1,0.07500000000000001,-0.07500000000000001,75.0,15.0,59,-1,5.0,0.05,-1.2940952255126037,-4.8296291314453415,4.579682437939447,30000,True,0.0,0.0,0.0,0.0,0.0,0.03409843258590443,0.071022020418895,0.08175697783346003,0.10216552495535011,2.0230068658552343,4.1953311285322235,4.823075719787629,6.03175459946327,0.0810708043345597,0.08254277787740043,0.7134333333333334,0.7082897142071961,0.7185222997669419,0.9880666666666666,0.9867739248755205,0.9892344319274358
T10_BUDGET_FAMILY-0504,A,T10_BUDGET_FAMILY,0.75,1,-1,1,0.07500000000000001,-0.07500000000000001,75.0,15.0,59,1,5.0,0.05,-1.2940952255126037,4.8296291314453415,4.579682437939447,30000,True,0.0,0.0,0.0,0.0,0.0,0.032477249844295335,0.06506871020074209,0.07419279959082883,0.0920232836885127,1.9214240657485786,3.8447518164086874,4.372892745382285,5.429091466743036,0.07363985255379465,0.07470546428742886,0.7556666666666667,0.7507718094900809,0.7604960566947759,0.9959666666666667,0.9951832043869616,0.9966231295067131
T10_BUDGET_FAMILY-0505,A,T10_BUDGET_FAMILY,0.75,1,-1,1,0.07500000000000001,-0.07500000000000001,75.0,15.0,60,-1,5.0,0.05,-1.2940952255126037,-4.8296291314453415,4.505276035999039,30000,True,0.0,0.0,0.0,0.0,0.0,0.03466064521462305,0.0718479122477928,0.08260230901545663,0.10327812345651827,2.0890721922147435,4.316905641538601,4.96168826401056,6.196855810078087,0.08195205696000347,0.08344843280473266,0.7049333333333333,0.6997465050744259,0.7100676854476732,0.9871,0.9857592774536782,0.9883159935449285
T10_BUDGET_FAMILY-0506,A,T10_BUDGET_FAMILY,0.75,1,-1,1,0.07500000000000001,-0.07500000000000001,75.0,15.0,60,1,5.0,0.05,-1.2940952255126037,4.8296291314453415,4.505276035999039,30000,True,0.0,0.0,0.0,0.0,0.0,0.03296305984321819,0.06571199934704204,0.07472870611978107,0.09264182106812377,1.9817025929322096,3.94787630875983,4.485464725941019,5.568394631617507,0.07424797252152816,0.07539797639695382,0.7481,0.7431561866368922,0.7529802837690908,0.9953,0.9944600905321205,0.996013080737865
T10_BUDGET_FAMILY-0507,A,T10_BUDGET_FAMILY,0.75,1,1,-1,0.07500000000000001,0.07500000000000001,75.0,-15.0,50,-1,5.0,0.05,1.2940952255126037,-4.8296291314453415,5.662880884361687,30000,True,0.0,0.0,0.0,0.0,0.0,0.026559386720318087,0.05592570012818044,0.06431481176239658,0.08090458450933938,1.324819599499289,2.7916825136064323,3.2173523955656003,4.046761550863001,0.06377590672180787,0.06489055630399462,0.8483666666666667,0.8442634759543077,0.8523806530545501,0.9991,0.9986908330889575,0.9993813651360572
T10_BUDGET_FAMILY-0508,A,T10_BUDGET_FAMILY,0.75,1,1,-1,0.07500000000000001,0.07500000000000001,75.0,-15.0,50,1,5.0,0.05,1.2940952255126037,4.8296291314453415,5.662880884361687,30000,True,0.0,0.0,0.0,0.0,0.0,0.02752986885422871,0.05990743334898269,0.06935056080238723,0.08752146594451063,1.3813247614176571,2.9920297446651567,3.4596160444406316,4.3654961547188105,0.06867709473956111,0.06994544675423768,0.8171,0.8126849573633906,0.8214338445944379,0.9977666666666667,0.9971650130807452,0.9982408598968908
T10_BUDGET_FAMILY-0509,A,T10_BUDGET_FAMILY,0.75,1,1,-1,0.07500000000000001,0.07500000000000001,75.0,-15.0,51,-1,5.0,0.05,1.2940952255126037,-4.8296291314453415,5.549671615735859,30000,True,0.0,0.0,0.0,0.0,0.0,0.027005998326252025,0.05654089013757195,0.0649759157598478,0.08169699644076803,1.3743770603829724,2.88100224858089,3.31323332870997,4.1675227375635835,0.0644520011118381,0.06560972564385768,0.8418,0.837626792990449,0.8458856841750689,0.999,0.9985728132946441,0.9992994105368171
T10_BUDGET_FAMILY-0510,A,T10_BUDGET_FAMILY,0.75,1,1,-1,0.07500000000000001,0.07500000000000001,75.0,-15.0,51,1,5.0,0.05,1.2940952255126037,4.8296291314453415,5.549671615735859,30000,True,0.0,0.0,0.0,0.0,0.0,0.02801430694017533,0.06072341200526191,0.07016516374128474,0.08846666502629143,1.4314350802777362,3.0923851968273546,3.571216693498231,4.5028971261817725,0.06959434366133635,0.0707802098883818,0.8100666666666667,0.8055884499104738,0.8144654863674322,0.9974333333333333,0.9967936000755769,0.9979456915902142
T10_BUDGET_FAMILY-0511,A,T10_BUDGET_FAMILY,0.75,1,1,-1,0.07500000000000001,0.07500000000000001,75.0,-15.0,52,-1,5.0,0.05,1.2940952255126037,-4.8296291314453415,5.440886718856414,30000,True,0.0,0.0,0.0,0.0,0.0,0.027463920273181504,0.05715848462406948,0.06567192283136254,0.08246095163130626,1.4248034981919837,2.972026425186376,3.4132314162017168,4.287326089795322,0.06513106633491074,0.06626305375391808,0.8356666666666667,0.8314303334793832,0.8398170475481929,0.9988333333333334,0.9983779622664656,0.9991609709090733
T10_BUDGET_FAMILY-0512,A,T10_BUDGET_FAMILY,0.75,1,1,-1,0.07500000000000001,0.07500000000000001,75.0,-15.0,52,1,5.0,0.05,1.2940952255126037,4.8296291314453415,5.440886718856414,30000,True,0.0,0.0,0.0,0.0,0.0,0.028526681687759438,0.06151449158614074,0.07103037100224413,0.08947205797668409,1.485220125718704,3.1936301305814894,3.6878895718405946,4.648792387820698,0.07046989437132303,0.07167192518281472,0.8025666666666667,0.7980236365552481,0.807032220206153,0.9969333333333333,0.996240840977983,0.9974985787200412
T10_BUDGET_FAMILY-0513,A,T10_BUDGET_FAMILY,0.75,1,1,-1,0.07500000000000001,0.07500000000000001,75.0,-15.0,53,-1,5.0,0.05,1.2940952255126037,-4.8296291314453415,5.336272539460846,30000,True,0.0,0.0,0.0,0.0,0.0,0.027921292213212722,0.05778518757102413,0.06637329667574624,0.08315719791494879,1.4754795430200074,3.0645174868698524,3.5167403701814237,4.406444555914031,0.06579709828268958,0.06694860659197173,0.8289,0.8245964446932801,0.8331193357038493,0.9987,0.9982234733217052,0.9990488273290958
T10_BUDGET_FAMILY-0514,A,T10_BUDGET_FAMILY,0.75,1,1,-1,0.07500000000000001,0.07500000000000001,75.0,-15.0,53,1,5.0,0.05,1.2940952255126037,4.8296291314453415,5.336272539460846,30000,True,0.0,0.0,0.0,0.0,0.0,0.02902085380981711,0.06235078728993268,0.07189323484843373,0.0905273829215547,1.5406832553690222,3.296994101088724,3.802154813493019,4.786566381983734,0.07127540460772655,0.07254838608130411,0.7949,0.7902933231415198,0.7994311634474541,0.9966333333333334,0.9959112395354275,0.9972282569819366
T10_BUDGET_FAMILY-0515,A,T10_BUDGET_FAMILY,0.75,1,1,-1,0.07500000000000001,0.07500000000000001,75.0,-15.0,54,-1,5.0,0.05,1.2940952255126037,-4.8296291314453415,5.235594395605787,30000,True,0.0,0.0,0.0,0.0,0.0,0.028365946123714885,0.05844070368023443,0.06703973489128316,0.08395107424436629,1.5299701458061665,3.1578955948782914,3.6201516967866607,4.526884532264597,0.06643871179973412,0.06764876060769832,0.8223,0.8179332156313219,0.8265842547912832,0.9986333333333334,0.9981466282203537,0.9989923561680785
T10_BUDGET_FAMILY-0516,A,T10_BUDGET_FAMILY,0.75,1,1,-1,0.07500000000000001,0.07500000000000001,75.0,-15.0,54,1,5.0,0.05,1.2940952255126037,4.8296291314453415,5.235594395605787,30000,True,0.0,0.0,0.0,0.0,0.0,0.02951466516191585,0.06316522144175786,0.0727741367425532,0.09155912554353451,1.5981047723131168,3.401582787113219,3.9260840342658403,4.935571128075833,0.07213682751653565,0.07349511275663387,0.7866666666666666,0.781994448918186,0.7912654792682245,0.9961,0.9953283781879225,0.9967445882304902
T10_BUDGET_FAMILY-0517,A,T10_BUDGET_FAMILY,0.75,1,1,-1,0.07500000000000001,0.07500000000000001,75.0,-15.0,55,-1,5.0,0.05,1.2940952255126037,-4.8296291314453415,5.138634841214079,30000,True,0.0,0.0,0.0,0.0,0.0,0.028815879684424704,0.0590829964573274,0.06772439434271123,0.0846213597444515,1.5827776165062057,3.2525950004782285,3.723910772212538,4.646967994589062,0.06722450457888891,0.06833260179123861,0.8159666666666666,0.8115412834241643,0.8203111420733921,0.9986,0.9981082971108366,0.998964029146411
T10_BUDGET_FAMILY-0518,A,T10_BUDGET_FAMILY,0.75,1,1,-1,0.07500000000000001,0.07500000000000001,75.0,-15.0,55,1,5.0,0.05,1.2940952255126037,4.8296291314453415,5.138634841214079,30000,True,0.0,0.0,0.0,0.0,0.0,0.030042301646093186,0.06393210499437807,0.07360997241755482,0.09250867935295187,1.6560902567979607,3.508955482683035,4.046144152222403,5.083093485327438,0.07289167483015549,0.07440454972343544,0.7791,0.7743700109244787,0.783758521483058,0.9954333333333333,0.9946043732978299,0.9961354304968933
T10_BUDGET_FAMILY-0519,A,T10_BUDGET_FAMILY,0.75,1,1,-1,0.07500000000000001,0.07500000000000001,75.0,-15.0,56,-1,5.0,0.05,1.2940952255126037,-4.8296291314453415,5.045192116403294,30000,True,0.0,0.0,0.0,0.0,0.0,0.02924282657943435,0.05975746154014721,0.06837950930940069,0.08537931547161293,1.6368839901205914,3.347108244291549,3.828398399716222,4.770985349288666,0.06787045204013076,0.06904057611234078,0.8094333333333333,0.8049495431823235,0.8138378886030777,0.9983333333333333,0.9978035883347138,0.998735472873058
T10_BUDGET_FAMILY-0520,A,T10_BUDGET_FAMILY,0.75,1,1,-1,0.07500000000000001,0.07500000000000001,75.0,-15.0,56,1,5.0,0.05,1.2940952255126037,4.8296291314453415,5.045192116403294,30000,True,0.0,0.0,0.0,0.0,0.0,0.030587151330790263,0.06467651724840552,0.0744956363169684,0.09355568074372046,1.716457960396067,3.618856786295305,4.169455515681512,5.239232672156672,0.07385973701233325,0.07530900122217332,0.772,0.7672178671228629,0.7767124833423826,0.9949,0.9940281511281668,0.9956451225676051
T10_BUDGET_FAMILY-0521,A,T10_BUDGET_FAMILY,0.75,1,1,-1,0.07500000000000001,0.07500000000000001,75.0,-15.0,57,-1,5.0,0.05,1.2940952255126037,-4.8296291314453415,4.955078761630056,30000,True,0.0,0.0,0.0,0.0,0.0,0.029747121171711643,0.06043466547472707,0.06904327427302866,0.0860918629724174,1.692338860804501,3.443473464227488,3.9342764402047865,4.89255262397471,0.06857285436279893,0.0696786085074101,0.8032,0.7986623439676539,0.807660017286252,0.9981666666666666,0.9976146604345322,0.9985911101173173
T10_BUDGET_FAMILY-0522,A,T10_BUDGET_FAMILY,0.75,1,1,-1,0.07500000000000001,0.07500000000000001,75.0,-15.0,57,1,5.0,0.05,1.2940952255126037,4.8296291314453415,4.955078761630056,30000,True,0.0,0.0,0.0,0.0,0.0,0.031085413268794014,0.06547327116719034,0.07537463004805887,0.09450468502032176,1.7761874444718242,3.729348281263363,4.294114928404775,5.3901023293804,0.07481118936086978,0.07619926758731135,0.7641333333333333,0.7592956785758573,0.7689033529298539,0.9944666666666667,0.993561615078407,0.9952451029119669
T10_BUDGET_FAMILY-0523,A,T10_BUDGET_FAMILY,0.75,1,1,-1,0.07500000000000001,0.07500000000000001,75.0,-15.0,58,-1,5.0,0.05,1.2940952255126037,-4.8296291314453415,4.8681203758475915,30000,True,0.0,0.0,0.0,0.0,0.0,0.0302224224346379,0.06107769192421486,0.06972481274320073,0.08677302623131201,1.7499610645250077,3.5424152433421385,4.0388995680224,5.021310706703471,0.06926982364381841,0.07032239833018922,0.7963333333333333,0.7917383604914904,0.8008524257384154,0.9979333333333333,0.9973517813106187,0.9983873823229394
T10_BUDGET_FAMILY-0524,A,T10_BUDGET_FAMILY,0.75,1,1,-1,0.07500000000000001,0.07500000000000001,75.0,-15.0,58,1,5.0,0.05,1.2940952255126037,4.8296291314453415,4.8681203758475915,30000,True,0.0,0.0,0.0,0.0,0.0,0.03161946926650339,0.06621908587345321,0.07633542154041523,0.09554612384280405,1.8389242905592842,3.843660034163626,4.420580472649767,5.539326296369567,0.07571192450176975,0.07706405880060713,0.7564,0.7515099949615011,0.7612243501094139,0.9934666666666667,0.9924897015286788,0.9943172725261612
T10_BUDGET_FAMILY-0525,A,T10_BUDGET_FAMILY,0.75,1,1,-1,0.07500000000000001,0.07500000000000001,75.0,-15.0,59,-1,5.0,0.05,1.2940952255126037,-4.8296291314453415,4.78415450155651,30000,True,0.0,0.0,0.0,0.0,0.0,0.030684731964356615,0.06176195411232357,0.07039466305699799,0.08750874689266629,1.8072549344401647,3.640300501060662,4.149392914826443,5.152244316706264,0.06991549709065059,0.0709894947157568,0.7883333333333333,0.7836741539564325,0.7929186807892015,0.9977666666666667,0.9971650130807452,0.9982408598968908
T10_BUDGET_FAMILY-0526,A,T10_BUDGET_FAMILY,0.75,1,1,-1,0.07500000000000001,0.07500000000000001,75.0,-15.0,59,1,5.0,0.05,1.2940952255126037,4.8296291314453415,4.78415450155651,30000,True,0.0,0.0,0.0,0.0,0.0,0.032152630413782995,0.06703741988551763,0.07726826288901499,0.09667734201954298,1.9017304428938466,3.9583188212052978,4.549531200774398,5.699273409371009,0.07651344464986534,0.07790951953186429,0.7481666666666666,0.7432232759037619,0.75304651076459,0.9925666666666667,0.9915296366331818,0.9934775678796774
T10_BUDGET_FAMILY-0527,A,T10_BUDGET_FAMILY,0.75,1,1,-1,0.07500000000000001,0.07500000000000001,75.0,-15.0,60,-1,5.0,0.05,1.2940952255126037,-4.8296291314453415,4.7030296219102965,30000,True,0.0,0.0,0.0,0.0,0.0,0.031172281894059375,0.06241457973483643,0.07106342960353942,0.08820469778721633,1.868676709428585,3.7405703893560545,4.260106653197579,5.289610534128297,0.0705614313178349,0.07164606279927987,0.7806666666666666,0.775948450058912,0.7853130145142946,0.9975,0.996867676171893,0.9980049317562673
T10_BUDGET_FAMILY-0528,A,T10_BUDGET_FAMILY,0.75,1,1,-1,0.07500000000000001,0.07500000000000001,75.0,-15.0,60,1,5.0,0.05,1.2940952255126037,4.8296291314453415,4.7030296219102965,30000,True,0.0,0.0,0.0,0.0,0.0,0.032718454371927545,0.06786249992248135,0.07817284134852756,0.09771496067352435,1.9663485917699466,4.072285079692151,4.6839273381442785,5.858790591290905,0.0775016417822537,0.0788527944887908,0.7397,0.7347041552297051,0.7446344661177924,0.9919333333333333,0.9908562351026965,0.9928844649176579
T10_BUDGET_FAMILY-0529,A,T10_BUDGET_FAMILY,0.75,1,1,1,0.07500000000000001,0.07500000000000001,75.0,15.0,50,-1,5.0,0.05,-1.2940952255126037,-4.8296291314453415,5.378863991708586,30000,True,0.0,0.0,0.0,0.0,0.0,0.029145426560540814,0.06038810593258731,0.06916396029607341,0.08680349097272043,1.455248727467469,3.0157370985186622,3.458919717992361,4.340958976879246,0.0686400300854261,0.06977175913677741,0.8064333333333333,0.8019233961133825,0.8108648038654167,0.9978666666666667,0.9972769808092973,0.998328866561892
T10_BUDGET_FAMILY-0530,A,T10_BUDGET_FAMILY,0.75,1,1,1,0.07500000000000001,0.07500000000000001,75.0,15.0,50,1,5.0,0.05,-1.2940952255126037,4.8296291314453415,5.378863991708586,30000,True,0.0,0.0,0.0,0.0,0.0,0.030292698711313192,0.06498910012528014,0.07491606386450514,0.09430328580596338,1.5159239284868382,3.2408897510240373,3.7400430228835857,4.703876723344867,0.0743290915858131,0.07558337694736479,0.7714666666666666,0.7666806956501887,0.7761831247161052,0.9944333333333333,0.9935257831349505,0.9952142767242386
T10_BUDGET_FAMILY-0531,A,T10_BUDGET_FAMILY,0.75,1,1,1,0.07500000000000001,0.07500000000000001,75.0,15.0,51,-1,5.0,0.05,-1.2940952255126037,-4.8296291314453415,5.276592231365191,30000,True,0.0,0.0,0.0,0.0,0.0,0.029610444867323615,0.060963832103275745,0.06982442726118694,0.08739595449139369,1.5073169161667563,3.1064230469937044,3.5649082457641526,4.46192356359911,0.06928471921426384,0.07041564968759115,0.8003333333333333,0.7957714956175856,0.8048182663544561,0.9977333333333334,0.9971277498909644,0.9982114649554871
T10_BUDGET_FAMILY-0532,A,T10_BUDGET_FAMILY,0.75,1,1,1,0.07500000000000001,0.07500000000000001,75.0,15.0,51,1,5.0,0.05,-1.2940952255126037,4.8296291314453415,5.276592231365191,30000,True,0.0,0.0,0.0,0.0,0.0,0.03074840468596256,0.06577701500905378,0.07578239126907736,0.09536740893805984,1.5718375166517484,3.3447973860500926,3.858182016214855,4.850256528142615,0.07514925428115815,0.07634751393580674,0.7643666666666666,0.7595306254282865,0.769135012995716,0.9939,0.9929534578993215,0.9947200718609164
T10_BUDGET_FAMILY-0533,A,T10_BUDGET_FAMILY,0.75,1,1,1,0.07500000000000001,0.07500000000000001,75.0,15.0,52,-1,5.0,0.05,-1.2940952255126037,-4.8296291314453415,5.178126622699566,30000,True,0.0,0.0,0.0,0.0,0.0,0.030051900615750318,0.06157477574373328,0.07051465891513153,0.08811347129338916,1.5611116762791104,3.2001326604291487,3.6675399779911633,4.585711679406074,0.06994197499991578,0.07109195968847414,0.7929666666666667,0.7883443426877361,0.7975139722925386,0.9976333333333334,0.997016129616468,0.9981231108364302
T10_BUDGET_FAMILY-0534,A,T10_BUDGET_FAMILY,0.75,1,1,1,0.07500000000000001,0.07500000000000001,75.0,15.0,52,1,5.0,0.05,-1.2940952255126037,4.8296291314453415,5.178126622699566,30000,True,0.0,0.0,0.0,0.0,0.0,0.03125521508947165,0.06656421255473664,0.07661477373504934,0.09624842260378859,1.6286643298068963,3.4526115574740732,3.978788569406405,4.998910883261877,0.07593951724983296,0.07724769367757457,0.7567333333333334,0.7518455401655655,0.7615553862171944,0.9930666666666667,0.9920625171484408,0.9939445593321853
T10_BUDGET_FAMILY-0535,A,T10_BUDGET_FAMILY,0.75,1,1,1,0.07500000000000001,0.07500000000000001,75.0,15.0,53,-1,5.0,0.05,-1.2940952255126037,-4.8296291314453415,5.083259122803727,30000,True,0.0,0.0,0.0,0.0,0.0,0.03049018734742812,0.0622032286732635,0.07116140692831098,0.08882623300156547,1.6142787505867944,3.295021576785295,3.773684187544029,4.708109324573639,0.0705914469762827,0.07180037564909846,0.7862333333333333,0.7815577443650632,0.7908356281159494,0.9974333333333333,0.9967936000755769,0.9979456915902142
T10_BUDGET_FAMILY-0536,A,T10_BUDGET_FAMILY,0.75,1,1,1,0.07500000000000001,0.07500000000000001,75.0,15.0,53,1,5.0,0.05,-1.2940952255126037,4.8296291314453415,5.083259122803727,30000,True,0.0,0.0,0.0,0.0,0.0,0.03177705196095922,0.06736499334156307,0.07740376334231729,0.09722318327855897,1.6863233952546584,3.561991072947988,4.103210487146371,5.149853365807173,0.07682185128056103,0.07822656477528606,0.7489666666666667,0.7440283591062098,0.7538412227105693,0.9922,0.9911395693119793,0.9931343957578507
T10_BUDGET_FAMILY-0537,A,T10_BUDGET_FAMILY,0.75,1,1,1,0.07500000000000001,0.07500000000000001,75.0,15.0,54,-1,5.0,0.05,-1.2940952255126037,-4.8296291314453415,4.991796541312607,30000,True,0.0,0.0,0.0,0.0,0.0,0.03096236386629822,0.06280470844954712,0.07181332495992752,0.08947233668581063,1.6695158812063313,3.392235208199447,3.87797891431968,4.8303065861060235,0.07127071003105627,0.07243899653535116,0.7794,0.7746722576777165,0.7840561979104803,0.9972,0.9965350614301917,0.9977376233173084
T10_BUDGET_FAMILY-0538,A,T10_BUDGET_FAMILY,0.75,1,1,1,0.07500000000000001,0.07500000000000001,75.0,15.0,54,1,5.0,0.05,-1.2940952255126037,4.8296291314453415,4.991796541312607,30000,True,0.0,0.0,0.0,0.0,0.0,0.03232360296716973,0.06811212041403548,0.07820232307473629,0.09814242423868054,1.7466311809954935,3.6735206243800747,4.226540587657006,5.299032199611372,0.07763149522668511,0.07904669609624154,0.7409,0.7359114419073276,0.7458268721628107,0.9915,0.990396407194548,0.9924777371204084
T10_BUDGET_FAMILY-0539,A,T10_BUDGET_FAMILY,0.75,1,1,1,0.07500000000000001,0.07500000000000001,75.0,15.0,55,-1,5.0,0.05,-1.2940952255126037,-4.8296291314453415,4.903559241472042,30000,True,0.0,0.0,0.0,0.0,0.0,0.031392551234832734,0.06343784360351841,0.07247934348923156,0.09020318269044351,1.7261339138618461,3.490539439716212,3.9828747966479656,4.95311325645194,0.0719125299811881,0.07311464260686439,0.7720666666666667,0.767285014322364,0.7767786524052505,0.9967,0.9959843663257998,0.9972884464539332
T10_BUDGET_FAMILY-0540,A,T10_BUDGET_FAMILY,0.75,1,1,1,0.07500000000000001,0.07500000000000001,75.0,15.0,55,1,5.0,0.05,-1.2940952255126037,4.8296291314453415,4.903559241472042,30000,True,0.0,0.0,0.0,0.0,0.0,0.03282896622768151,0.06886988235364361,0.07908859686745663,0.09918484447224488,1.8107658662516655,3.7850262539640833,4.3524315209426145,5.453138062118531,0.0785450931271068,0.07991227940891732,0.7336333333333334,0.7286013838326371,0.7386054576392875,0.9907666666666667,0.9896197676456457,0.9917878977832524
T10_BUDGET_FAMILY-0541,A,T10_BUDGET_FAMILY,0.75,1,1,1,0.07500000000000001,0.07500000000000001,75.0,15.0,56,-1,5.0,0.05,-1.2940952255126037,-4.8296291314453415,4.818379974852597,30000,True,0.0,0.0,0.0,0.0,0.0,0.03186049722762111,0.064077675440289,0.07310044808654391,0.0909614033223285,1.7849608105315342,3.589042445404614,4.092087569763865,5.081819135363816,0.07263292066741313,0.07372732814140763,0.7658666666666667,0.7610410462410955,0.7706242080862082,0.9964666666666666,0.9957286976417112,0.9970775082197305
T10_BUDGET_FAMILY-0542,A,T10_BUDGET_FAMILY,0.75,1,1,1,0.07500000000000001,0.07500000000000001,75.0,15.0,56,1,5.0,0.05,-1.2940952255126037,4.8296291314453415,4.818379974852597,30000,True,0.0,0.0,0.0,0.0,0.0,0.03332941020653912,0.06963206202231932,0.07999281936105541,0.10022953611428166,1.870928314860383,3.899516927911608,4.477059783388141,5.606079475327027,0.07933046264834724,0.08080770766281033,0.7256666666666667,0.7205891312056445,0.7306864169131928,0.9898,0.9885986323261216,0.990875947298427
T10_BUDGET_FAMILY-0543,A,T10_BUDGET_FAMILY,0.75,1,1,1,0.07500000000000001,0.07500000000000001,75.0,15.0,57,-1,5.0,0.05,-1.2940952255126037,-4.8296291314453415,4.736102833975285,30000,True,0.0,0.0,0.0,0.0,0.0,0.03231613089432908,0.0646998186445797,0.07374710855763161,0.09161472496745372,1.842645634114161,3.6891442724303314,4.200647296377058,5.211253586325444,0.07328079647049104,0.07429610428197109,0.7585333333333333,0.7536575531595499,0.763342912307171,0.9962333333333333,0.9954737572292957,0.9968658417138548
T10_BUDGET_FAMILY-0544,A,T10_BUDGET_FAMILY,0.75,1,1,1,0.07500000000000001,0.07500000000000001,75.0,15.0,57,1,5.0,0.05,-1.2940952255126037,4.8296291314453415,4.736102833975285,30000,True,0.0,0.0,0.0,0.0,0.0,0.03386028784196844,0.0703833438479732,0.08089732617320017,0.10125206195551889,1.9371599504541117,4.013253889645727,4.603913153115127,5.75816997694254,0.08024262137465343,0.08168792258242556,0.7182666666666667,0.7131485996568807,0.723328843339005,0.9890333333333333,0.9877906327747425,0.9901508098325631
T10_BUDGET_FAMILY-0545,A,T10_BUDGET_FAMILY,0.75,1,1,1,0.07500000000000001,0.07500000000000001,75.0,15.0,58,-1,5.0,0.05,-1.2940952255126037,-4.8296291314453415,4.656582309192214,30000,True,0.0,0.0,0.0,0.0,0.0,0.032807256511582276,0.06533728255140317,0.07442997941346839,0.09221541322299462,1.9009627296391198,3.789348923963322,4.31137014420523,5.344468428801918,0.07388330194917554,0.07491009230951476,0.7518333333333334,0.7469134234089876,0.7566887576896557,0.9959,0.9951106913014163,0.9965623263298895
T10_BUDGET_FAMILY-0546,A,T10_BUDGET_FAMILY,0.75,1,1,1,0.07500000000000001,0.07500000000000001,75.0,15.0,58,1,5.0,0.05,-1.2940952255126037,4.8296291314453415,4.656582309192214,30000,True,0.0,0.0,0.0,0.0,0.0,0.034438510248146745,0.07114294100695932,0.08181149100493236,0.10220781325976519,2.001016963328318,4.128477535260745,4.739921573372529,5.919251269911065,0.08116993604804461,0.08260293024580877,0.7093666666666667,0.7042021026663385,0.7144776193032947,0.9880666666666666,0.9867739248755205,0.9892344319274358
T10_BUDGET_FAMILY-0547,A,T10_BUDGET_FAMILY,0.75,1,1,1,0.07500000000000001,0.07500000000000001,75.0,15.0,59,-1,5.0,0.05,-1.2940952255126037,-4.8296291314453415,4.579682437939447,30000,True,0.0,0.0,0.0,0.0,0.0,0.03329826264250502,0.06596318057813745,0.07507078031751072,0.09286594841534063,1.9634922397212367,3.8916040974717867,4.422222920288984,5.474650951953479,0.07453303662444323,0.07558899987902307,0.7439,0.7389298709299226,0.7488076749468178,0.9953,0.9944600905321205,0.996013080737865
T10_BUDGET_FAMILY-0548,A,T10_BUDGET_FAMILY,0.75,1,1,1,0.07500000000000001,0.07500000000000001,75.0,15.0,59,1,5.0,0.05,-1.2940952255126037,4.8296291314453415,4.579682437939447,30000,True,0.0,0.0,0.0,0.0,0.0,0.034976677912693765,0.07198815156048087,0.08271558323163232,0.10320802482619593,2.0673832784857216,4.247123506084145,4.876807154014641,6.080917672822626,0.08205724499033722,0.08352618891956884,0.7015666666666667,0.6963633228518995,0.7067183964205686,0.9871333333333333,0.9857942335636639,0.9883476955661271
T10_BUDGET_FAMILY-0549,A,T10_BUDGET_FAMILY,0.75,1,1,1,0.07500000000000001,0.07500000000000001,75.0,15.0,60,-1,5.0,0.05,-1.2940952255126037,-4.8296291314453415,4.505276035999039,30000,True,0.0,0.0,0.0,0.0,0.0,0.033741338911805606,0.06659389671669078,0.07562712771464355,0.09357056921824085,2.025573241256373,3.995614759520052,4.535265129018312,5.613903359152695,0.07514812329343018,0.07629180074870981,0.7363666666666666,0.7313508333850294,0.7413219748440214,0.9947333333333334,0.9938485513519736,0.9954914316878759
T10_BUDGET_FAMILY-0550,A,T10_BUDGET_FAMILY,0.75,1,1,1,0.07500000000000001,0.07500000000000001,75.0,15.0,60,1,5.0,0.05,-1.2940952255126037,4.8296291314453415,4.505276035999039,30000,True,0.0,0.0,0.0,0.0,0.0,0.035521823749672284,0.07279056125795383,0.083564816290581,0.1042327015040082,2.1363629670828557,4.368796942401122,5.014384898863268,6.247588377114169,0.08293109720484702,0.0844133667365971,0.6945666666666667,0.6893300510980519,0.6997534606256782,0.9856,0.9841883903296751,0.9868872647656308
T10_BUDGET_FAMILY-0551,A,T10_BUDGET_FAMILY,1.0,-1,-1,-1,-0.1,-0.1,100.0,-20.0,50,-1,5.0,0.05,1.7101007166283435,-4.698463103929543,5.557216244391504,30000,True,0.0,0.0,0.0,0.0,0.0,0.03721595580175716,0.07933864950857966,0.0913389618354762,0.1143357080263516,1.8658925210555888,3.957866655723047,4.566737371948811,5.706533006733069,0.09045848850879863,0.0922389384149585,0.6572,0.6518091609708112,0.6625505856951321,0.9707333333333333,0.9687649121510611,0.9725812164359726
T10_BUDGET_FAMILY-0552,A,T10_BUDGET_FAMILY,1.0,-1,-1,-1,-0.1,-0.1,100.0,-20.0,50,1,5.0,0.05,1.7101007166283435,4.698463103929543,5.557216244391504,30000,True,0.0,0.0,0.0,0.0,0.0,0.034943298808484256,0.07258283758250045,0.08337036150623106,0.10464270226757648,1.7489302544454186,3.6276173853033846,4.1690534343035655,5.248239055047358,0.08270774044965279,0.08420416636800297,0.6991666666666667,0.6939517538766363,0.7043305799505503,0.9854333333333334,0.9840140902011864,0.9867282742381972
T10_BUDGET_FAMILY-0553,A,T10_BUDGET_FAMILY,1.0,-1,-1,-1,-0.1,-0.1,100.0,-20.0,51,-1,5.0,0.05,1.7101007166283435,-4.698463103929543,5.445155293081866,30000,True,0.0,0.0,0.0,0.0,0.0,0.037933771657446505,0.08028362826103505,0.09244054639468179,0.11547929703240421,1.9390900350876794,4.0863890105621286,4.712812998797005,5.876352952542655,0.09147263433836907,0.0933359043541287,0.6476666666666666,0.6422425208982717,0.653053000248914,0.9682333333333333,0.9661880503677072,0.9701587183804914
T10_BUDGET_FAMILY-0554,A,T10_BUDGET_FAMILY,1.0,-1,-1,-1,-0.1,-0.1,100.0,-20.0,51,1,5.0,0.05,1.7101007166283435,4.698463103929543,5.445155293081866,30000,True,0.0,0.0,0.0,0.0,0.0,0.03558338513746406,0.07336619319378736,0.08425404713479195,0.1055101023458918,1.8134426127150178,3.7365058497309787,4.289854204439579,5.3957048685059945,0.08352161515997533,0.0850202231981171,0.6907,0.685445615662568,0.695905552843764,0.9844666666666667,0.9830040242531595,0.9858052543818745
T10_BUDGET_FAMILY-0555,A,T10_BUDGET_FAMILY,1.0,-1,-1,-1,-0.1,-0.1,100.0,-20.0,52,-1,5.0,0.05,1.7101007166283435,-4.698463103929543,5.337511590690841,30000,True,0.0,0.0,0.0,0.0,0.0,0.03864779840964776,0.08131729734918011,0.09347777617517299,0.11675778502930192,2.012396382734372,4.2207541072769805,4.859877269255967,6.053320077962353,0.09253599598591809,0.09442006594989899,0.6391333333333333,0.6336813761699952,0.6445496633939672,0.9662,0.9640946371409694,0.9681859856049767
T10_BUDGET_FAMILY-0556,A,T10_BUDGET_FAMILY,1.0,-1,-1,-1,-0.1,-0.1,100.0,-20.0,52,1,5.0,0.05,1.7101007166283435,4.698463103929543,5.337511590690841,30000,True,0.0,0.0,0.0,0.0,0.0,0.036167576735216075,0.07412283259349522,0.08504714060960844,0.10636391614708447,1.881853463735381,3.850299350265584,4.416475997665694,5.544890445013719,0.08430102248079557,0.08576168793245838,0.6825333333333333,0.6772428223090422,0.6877771040570956,0.9838,0.9823082474566452,0.9851678685546993
T10_BUDGET_FAMILY-0557,A,T10_BUDGET_FAMILY,1.0,-1,-1,-1,-0.1,-0.1,100.0,-20.0,53,-1,5.0,0.05,1.7101007166283435,-4.698463103929543,5.234029721853347,30000,True,0.0,0.0,0.0,0.0,0.0,0.03935703160519894,0.08227886321544638,0.09452614985582708,0.11793980471006288,2.089504086156203,4.357740546754059,5.008996692550053,6.233446430023173,0.09365228699193442,0.09550375596244988,0.63,0.6245203355331148,0.635446376086304,0.9637666666666667,0.9615919946815178,0.9658225844879625
T10_BUDGET_FAMILY-0558,A,T10_BUDGET_FAMILY,1.0,-1,-1,-1,-0.1,-0.1,100.0,-20.0,53,1,5.0,0.05,1.7101007166283435,4.698463103929543,5.234029721853347,30000,True,0.0,0.0,0.0,0.0,0.0,0.03678591470224974,0.0749359684593019,0.08584501219370902,0.1073964349188338,1.9505531546279473,3.9674942041095194,4.548383890819983,5.691689134709771,0.0850935151169417,0.08653054833912449,0.6732666666666667,0.6679374261883143,0.6785515397085419,0.9826,0.9810573957826351,0.9840190275060688
T10_BUDGET_FAMILY-0559,A,T10_BUDGET_FAMILY,1.0,-1,-1,-1,-0.1,-0.1,100.0,-20.0,54,-1,5.0,0.05,1.7101007166283435,-4.698463103929543,5.134473537930269,30000,True,0.0,0.0,0.0,0.0,0.0,0.04003485228009212,0.0833284048685721,0.09558928891363479,0.11917972242712614,2.1659484445610304,4.495069295485562,5.159203641767219,6.419991202870562,0.09476179092217671,0.09647520063701673,0.6203,0.6147932043215645,0.6257759911231744,0.9610333333333333,0.9587838566489002,0.9631647557634537
T10_BUDGET_FAMILY-0560,A,T10_BUDGET_FAMILY,1.0,-1,-1,-1,-0.1,-0.1,100.0,-20.0,54,1,5.0,0.05,1.7101007166283435,4.698463103929543,5.134473537930269,30000,True,0.0,0.0,0.0,0.0,0.0,0.037417535586540235,0.07573953151749271,0.08662825448332177,0.10831077416791264,2.0210492366806503,4.083128849020102,4.679970855486382,5.843453820550639,0.0859420751210654,0.08735934794079672,0.6655,0.6601401149100088,0.6708175064208666,0.9814333333333334,0.9798430361973012,0.9829003524999465
T10_BUDGET_FAMILY-0561,A,T10_BUDGET_FAMILY,1.0,-1,-1,-1,-0.1,-0.1,100.0,-20.0,55,-1,5.0,0.05,1.7101007166283435,-4.698463103929543,5.038624378676505,30000,True,0.0,0.0,0.0,0.0,0.0,0.040760431787597765,0.08432086753439708,0.09676086052650497,0.12047340185002003,2.2461500675919703,4.631319009217124,5.3150803933297714,6.609248181185543,0.09591611642807087,0.0975456366490992,0.6109666666666667,0.6054359638881993,0.6164689548248891,0.9587666666666667,0.9564573816062197,0.9609584778855905
T10_BUDGET_FAMILY-0562,A,T10_BUDGET_FAMILY,1.0,-1,-1,-1,-0.1,-0.1,100.0,-20.0,55,1,5.0,0.05,1.7101007166283435,4.698463103929543,5.038624378676505,30000,True,0.0,0.0,0.0,0.0,0.0,0.03804939886234448,0.07652963944550674,0.08736336686843048,0.1092432392229035,2.0921097764690155,4.2005177178269,4.812174663592925,5.998749978825984,0.08669783659213873,0.08813720682851285,0.6565,0.6511066341664568,0.6618532917446126,0.9804666666666667,0.978838042781981,0.981972260110917
T10_BUDGET_FAMILY-0563,A,T10_BUDGET_FAMILY,1.0,-1,-1,-1,-0.1,-0.1,100.0,-20.0,56,-1,5.0,0.05,1.7101007166283435,-4.698463103929543,4.946279486806863,30000,True,0.0,0.0,0.0,0.0,0.0,0.04144980796757203,0.08534265705631519,0.0978462529330957,0.1216469400503563,2.3277412158050765,4.773508007099403,5.47113929711369,6.797771150917391,0.09701726039644866,0.09865051806045079,0.6028,0.5972501237978121,0.6083235527750821,0.9560666666666666,0.9536885400048108,0.9583280108610576
T10_BUDGET_FAMILY-0564,A,T10_BUDGET_FAMILY,1.0,-1,-1,-1,-0.1,-0.1,100.0,-20.0,56,1,5.0,0.05,1.7101007166283435,4.698463103929543,4.946279486806863,30000,True,0.0,0.0,0.0,0.0,0.0,0.038679142198359884,0.07727962497600847,0.08816820449706153,0.11007218866082814,2.1657823341863707,4.319433643882545,4.9484568749082385,6.1580808063497425,0.08752371022569465,0.0889428458413103,0.6477666666666667,0.6423428579534529,0.6531526375872865,0.9793333333333333,0.9776610374625723,0.9808828889700536
T10_BUDGET_FAMILY-0565,A,T10_BUDGET_FAMILY,1.0,-1,-1,-1,-0.1,-0.1,100.0,-20.0,57,-1,5.0,0.05,1.7101007166283435,-4.698463103929543,4.85725059154318,30000,True,0.0,0.0,0.0,0.0,0.0,0.04219859816547935,0.08638783586959868,0.09897570786231794,0.12303662296594298,2.412460101024003,4.916942381011288,5.63315043485918,6.995935428385163,0.09813954038211953,0.09972971633117592,0.5935666666666667,0.5879970513549897,0.5991123228798074,0.9533666666666667,0.9509220940379921,0.9556951482019347
T10_BUDGET_FAMILY-0566,A,T10_BUDGET_FAMILY,1.0,-1,-1,-1,-0.1,-0.1,100.0,-20.0,57,1,5.0,0.05,1.7101007166283435,4.698463103929543,4.85725059154318,30000,True,0.0,0.0,0.0,0.0,0.0,0.03932991678416187,0.07805868552607202,0.08891809757558983,0.11081845726926151,2.238076719570734,4.43980357216146,5.0806306683691576,6.316429815738076,0.08831608727115131,0.0897363747657076,0.6385666666666666,0.6331129288130594,0.6439849225207671,0.978,0.9762779312742262,0.9795996699110212
T10_BUDGET_FAMILY-0567,A,T10_BUDGET_FAMILY,1.0,-1,-1,-1,-0.1,-0.1,100.0,-20.0,58,-1,5.0,0.05,1.7101007166283435,-4.698463103929543,4.771362640547646,30000,True,0.0,0.0,0.0,0.0,0.0,0.04292747232665012,0.08740600013225584,0.10014012323323987,0.12427433644772144,2.4951919830044544,5.062610597487184,5.796561455549266,7.191159020780374,0.09927062541330058,0.10080921985648832,0.5848,0.5792135270961892,0.5903647586370931,0.9497,0.9471686811424284,0.952116166667207
T10_BUDGET_FAMILY-0568,A,T10_BUDGET_FAMILY,1.0,-1,-1,-1,-0.1,-0.1,100.0,-20.0,58,1,5.0,0.05,1.7101007166283435,4.698463103929543,4.771362640547646,30000,True,0.0,0.0,0.0,0.0,0.0,0.03997291483162123,0.07886299834593327,0.08972962961642751,0.11167462507034544,2.3124129607212303,4.562781214165971,5.217974552921936,6.478066259605762,0.08908381018989112,0.09064961602935787,0.6304333333333333,0.6249549358141294,0.6358783315106874,0.9763,0.9745167615094725,0.977961274985367
T10_BUDGET_FAMILY-0569,A,T10_BUDGET_FAMILY,1.0,-1,-1,-1,-0.1,-0.1,100.0,-20.0,59,-1,5.0,0.05,1.7101007166283435,-4.698463103929543,4.688452662460041,30000,True,0.0,0.0,0.0,0.0,0.0,0.04368906219773525,0.08839897716826856,0.1012029332148484,0.12570664545990154,2.5829692849638586,5.209103488987424,5.959031578722,7.399336634616985,0.10042731236007625,0.10194429400043802,0.5755333333333333,0.5699310164366552,0.5811163088273456,0.9466,0.9439981992005563,0.9490874424089238
T10_BUDGET_FAMILY-0570,A,T10_BUDGET_FAMILY,1.0,-1,-1,-1,-0.1,-0.1,100.0,-20.0,59,1,5.0,0.05,1.7101007166283435,4.698463103929543,4.688452662460041,30000,True,0.0,0.0,0.0,0.0,0.0,0.04062233094142213,0.07968876964717732,0.09059633817306362,0.11246556162857502,2.390933321811033,4.688322532686959,5.3544623003520195,6.636900141829835,0.08994191897507862,0.09142589970180176,0.6212333333333333,0.6157290464219487,0.6267065766959554,0.9749333333333333,0.9731026137686316,0.9766424393476449
T10_BUDGET_FAMILY-0571,A,T10_BUDGET_FAMILY,1.0,-1,-1,-1,-0.1,-0.1,100.0,-20.0,60,-1,5.0,0.05,1.7101007166283435,-4.698463103929543,4.60836874464548,30000,True,0.0,0.0,0.0,0.0,0.0,0.044448782593436556,0.08945953938189367,0.1023075690127854,0.1269911556758321,2.6719352597270762,5.358220505632088,6.130115286686176,7.600424046008787,0.10146225359640344,0.10304922032926006,0.5658,0.560183207111491,0.5713999438466454,0.943,0.9403193385965024,0.9455672248450552
T10_BUDGET_FAMILY-0572,A,T10_BUDGET_FAMILY,1.0,-1,-1,-1,-0.1,-0.1,100.0,-20.0,60,1,5.0,0.05,1.7101007166283435,4.698463103929543,4.60836874464548,30000,True,0.0,0.0,0.0,0.0,0.0,0.041283413614719204,0.08043008425098547,0.0913579317417895,0.1132800805780499,2.4705159825955985,4.814099462175175,5.493316539843555,6.804401370916671,0.09073079410773548,0.09222070081833257,0.6133333333333333,0.6078084903651363,0.6188291556620492,0.9734,0.9715176484673906,0.9751611306144006
T10_BUDGET_FAMILY-0573,A,T10_BUDGET_FAMILY,1.0,-1,-1,1,-0.1,-0.1,100.0,20.0,50,-1,5.0,0.05,-1.7101007166283435,-4.698463103929543,5.19173084870971,30000,True,0.0,0.0,0.0,0.0,0.0,0.042272927249018294,0.0881046254657646,0.10123572546277089,0.12587578841985617,2.120728223834153,4.3973824954623275,5.058227227304356,6.2905750270528,0.10026922710087931,0.10219969984128027,0.5904666666666667,0.5848908815828767,0.5960192864517649,0.9470333333333333,0.9444412365089059,0.9495109608059722
T10_BUDGET_FAMILY-0574,A,T10_BUDGET_FAMILY,1.0,-1,-1,1,-0.1,-0.1,100.0,20.0,50,1,5.0,0.05,-1.7101007166283435,4.698463103929543,5.19173084870971,30000,True,0.0,0.0,0.0,0.0,0.0,0.0395656848338146,0.0801981931640735,0.09182155535941278,0.11457146158746881,1.9770088518779565,4.005404021902353,4.588546805133522,5.730781846602638,0.09094562321471912,0.0925435736229295,0.6309,0.6254229721676162,0.6363435089937831,0.9715333333333334,0.9695902657820274,0.9733556579534335
T10_BUDGET_FAMILY-0575,A,T10_BUDGET_FAMILY,1.0,-1,-1,1,-0.1,-0.1,100.0,20.0,51,-1,5.0,0.05,-1.7101007166283435,-4.698463103929543,5.093758046972551,30000,True,0.0,0.0,0.0,0.0,0.0,0.042988946285027245,0.08908613086918811,0.10221585930712335,0.12710581902008797,2.1959771522547014,4.5354810617665775,5.212452774431333,6.471210222607072,0.10124395082315778,0.10318771501176886,0.5813,0.5757073053159733,0.5868718766429403,0.9441,0.9414431104274484,0.9466431713431968
T10_BUDGET_FAMILY-0576,A,T10_BUDGET_FAMILY,1.0,-1,-1,1,-0.1,-0.1,100.0,20.0,51,1,5.0,0.05,-1.7101007166283435,4.698463103929543,5.093758046972551,30000,True,0.0,0.0,0.0,0.0,0.0,0.040175878302508274,0.08094568980508357,0.0925533414645078,0.1154222301875885,2.0505651590734058,4.122731924144543,4.718089405423267,5.8838481644450615,0.09172627445733166,0.0932446599312591,0.6226,0.6170994255948442,0.6280691809016231,0.9694666666666667,0.9674588685462628,0.9713542510557613
T10_BUDGET_FAMILY-0577,A,T10_BUDGET_FAMILY,1.0,-1,-1,1,-0.1,-0.1,100.0,20.0,52,-1,5.0,0.05,-1.7101007166283435,-4.698463103929543,4.999405219057296,30000,True,0.0,0.0,0.0,0.0,0.0,0.04371294509007511,0.09007485057443983,0.10327842217434248,0.1284186337736221,2.274363896766193,4.676853587375877,5.364845907045809,6.6568744610090755,0.10230979212475716,0.10413509563668814,0.5729333333333333,0.5673269331356181,0.5785210578959943,0.9408666666666666,0.9381406781325332,0.9434797649132187
T10_BUDGET_FAMILY-0578,A,T10_BUDGET_FAMILY,1.0,-1,-1,1,-0.1,-0.1,100.0,20.0,52,1,5.0,0.05,-1.7101007166283435,4.698463103929543,4.999405219057296,30000,True,0.0,0.0,0.0,0.0,0.0,0.040818034202823754,0.08167669714218097,0.0932142994746033,0.11612308502573931,2.1252739521897626,4.241090636868306,4.852324216793072,6.0420032872441665,0.09247079054858832,0.09400561791703328,0.6141666666666666,0.6086439196416037,0.6196601796651936,0.9680666666666666,0.9660163802872993,0.9699970978049771
T10_BUDGET_FAMILY-0579,A,T10_BUDGET_FAMILY,1.0,-1,-1,1,-0.1,-0.1,100.0,20.0,53,-1,5.0,0.05,-1.7101007166283435,-4.698463103929543,4.908475858483556,30000,True,0.0,0.0,0.0,0.0,0.0,0.04443101734342908,0.0910778318099693,0.10435376973185183,0.12957531797948918,2.3564120355321885,4.818679650183205,5.523213782167643,6.85090193565767,0.10350240324884437,0.1051841763254829,0.5634333333333333,0.557813353869807,0.5690370697742325,0.9375,0.9347044556039699,0.940183516192151
T10_BUDGET_FAMILY-0580,A,T10_BUDGET_FAMILY,1.0,-1,-1,1,-0.1,-0.1,100.0,20.0,53,1,5.0,0.05,-1.7101007166283435,4.698463103929543,4.908475858483556,30000,True,0.0,0.0,0.0,0.0,0.0,0.04148021024007152,0.08242641695227831,0.09390513343720198,0.11688153632902216,2.198494345846754,4.361930583149649,4.987863842565566,6.197578614607131,0.09319437969901105,0.09473929594222422,0.6053333333333333,0.5997892317293976,0.6108504628135161,0.9660666666666666,0.9639574352268806,0.9680565549943277
T10_BUDGET_FAMILY-0581,A,T10_BUDGET_FAMILY,1.0,-1,-1,1,-0.1,-0.1,100.0,20.0,54,-1,5.0,0.05,-1.7101007166283435,-4.698463103929543,4.820787395443206,30000,True,0.0,0.0,0.0,0.0,0.0,0.04518659847844449,0.09200729270742448,0.10539269708055975,0.13055740606550614,2.4417369499039263,4.962593139327795,5.683634195391875,7.048907398619713,0.10454340573601038,0.10609863601651552,0.5544,0.5487690495119854,0.5600170205810638,0.9337333333333333,0.9308626409494928,0.9364929620227832
T10_BUDGET_FAMILY-0582,A,T10_BUDGET_FAMILY,1.0,-1,-1,1,-0.1,-0.1,100.0,20.0,54,1,5.0,0.05,-1.7101007166283435,4.698463103929543,4.820787395443206,30000,True,0.0,0.0,0.0,0.0,0.0,0.04210751868065148,0.08311815292890744,0.09463151418190695,0.117732435606007,2.273719506323588,4.481505099272381,5.123740131163376,6.360060694418483,0.09392110877474195,0.09549283973774897,0.5970666666666666,0.5915042929719573,0.6026041850372087,0.9642333333333334,0.9620717468570348,0.9662760461490281
T10_BUDGET_FAMILY-0583,A,T10_BUDGET_FAMILY,1.0,-1,-1,1,-0.1,-0.1,100.0,20.0,55,-1,5.0,0.05,-1.7101007166283435,-4.698463103929543,4.736169985633234,30000,True,0.0,0.0,0.0,0.0,0.0,0.04590643436641231,0.0930406774152308,0.1064092404642821,0.13184347336141722,2.5290972610110485,5.106214231281069,5.844604929441314,7.248633466957813,0.10565828071553343,0.10721149201747963,0.5459333333333334,0.5402938069120702,0.5515610978601246,0.9295666666666667,0.9266158760821576,0.9324074604920601
T10_BUDGET_FAMILY-0584,A,T10_BUDGET_FAMILY,1.0,-1,-1,1,-0.1,-0.1,100.0,20.0,55,1,5.0,0.05,-1.7101007166283435,4.698463103929543,4.736169985633234,30000,True,0.0,0.0,0.0,0.0,0.0,0.04273921151909367,0.08387363189419662,0.09541247116811759,0.11862578001062758,2.3509081792029978,4.602433522656619,5.257416076589662,6.519033533130308,0.09469631341888177,0.09627629715341031,0.5899,0.5843231118426707,0.595453867961835,0.9623,0.9600848080026672,0.9643968133946967
T10_BUDGET_FAMILY-0585,A,T10_BUDGET_FAMILY,1.0,-1,-1,1,-0.1,-0.1,100.0,20.0,56,-1,5.0,0.05,-1.7101007166283435,-4.698463103929543,4.654465422955058,30000,True,0.0,0.0,0.0,0.0,0.0,0.04668387407615907,0.09404163430312071,0.1075214820126998,0.1331509202442208,2.6198024505321076,5.256432975493576,6.012329422097875,7.451648443466974,0.10669721793847627,0.10820939127959368,0.5377666666666666,0.5321204248818763,0.5434032377501239,0.9250666666666667,0.9220326568406587,0.9279918320236562
T10_BUDGET_FAMILY-0586,A,T10_BUDGET_FAMILY,1.0,-1,-1,1,-0.1,-0.1,100.0,20.0,56,1,5.0,0.05,-1.7101007166283435,4.698463103929543,4.654465422955058,30000,True,0.0,0.0,0.0,0.0,0.0,0.043370466226223696,0.08459053966074125,0.09618599629508992,0.11932955793379982,2.426975215463964,4.729199064864136,5.393444979836505,6.678781109395165,0.09540737508402243,0.09699772994277277,0.5820333333333333,0.5764419183307388,0.5876037425142329,0.9605,0.9582362765304098,0.9626458057829927
T10_BUDGET_FAMILY-0587,A,T10_BUDGET_FAMILY,1.0,-1,-1,1,-0.1,-0.1,100.0,20.0,57,-1,5.0,0.05,-1.7101007166283435,-4.698463103929543,4.575526161581398,30000,True,0.0,0.0,0.0,0.0,0.0,0.04741341173172773,0.09501452409588813,0.10859984810300735,0.13441162693224018,2.7092727030552304,5.409825195075385,6.178842510206246,7.655127776068439,0.10775203352075692,0.10931594392472882,0.529,0.5233482434279184,0.5346443307025674,0.9212,0.918097000893799,0.9241951447531178
T10_BUDGET_FAMILY-0588,A,T10_BUDGET_FAMILY,1.0,-1,-1,1,-0.1,-0.1,100.0,20.0,57,1,5.0,0.05,-1.7101007166283435,4.698463103929543,4.575526161581398,30000,True,0.0,0.0,0.0,0.0,0.0,0.04402682492718344,0.08536997091409329,0.09688339920143606,0.11994731560522466,2.5067137565890483,4.8557115950757614,5.533914429881927,6.836108743177119,0.09617664803527154,0.09772497642748117,0.5734333333333334,0.5678277061055718,0.5790201568938077,0.9583333333333334,0.9560128292422642,0.9605364745441481
T10_BUDGET_FAMILY-0589,A,T10_BUDGET_FAMILY,1.0,-1,-1,1,-0.1,-0.1,100.0,20.0,58,-1,5.0,0.05,-1.7101007166283435,-4.698463103929543,4.499214434795293,30000,True,0.0,0.0,0.0,0.0,0.0,0.04818105536134991,0.0960055251850196,0.10974727528373861,0.13576422707962083,2.800943346980896,5.563003141153259,6.345855422083711,7.857812199698958,0.10880995424486932,0.11037520585466708,0.5198,0.5141443356583842,0.5254505942651889,0.9174333333333333,0.9142652098157134,0.9204945670073588
T10_BUDGET_FAMILY-0590,A,T10_BUDGET_FAMILY,1.0,-1,-1,1,-0.1,-0.1,100.0,20.0,58,1,5.0,0.05,-1.7101007166283435,4.698463103929543,4.499214434795293,30000,True,0.0,0.0,0.0,0.0,0.0,0.04466156058249296,0.08612473891619045,0.09765325325115491,0.12066415998230538,2.5870911486001402,4.9842271240462965,5.675084572959154,7.002704516265476,0.0969410327766094,0.09854786214339606,0.5654,0.5597826594057524,0.5710005939781706,0.9563333333333334,0.9539618957767712,0.9585879201385733
T10_BUDGET_FAMILY-0591,A,T10_BUDGET_FAMILY,1.0,-1,-1,1,-0.1,-0.1,100.0,20.0,59,-1,5.0,0.05,-1.7101007166283435,-4.698463103929543,4.425401459633302,30000,True,0.0,0.0,0.0,0.0,0.0,0.04891943935845267,0.09696948634265679,0.11076392742610366,0.13709948170821026,2.8934288748899846,5.71720487229282,6.526749489051303,8.064193549102484,0.10986409536757848,0.11156839921808072,0.5105333333333333,0.5048756736721007,0.5161882957821906,0.9136333333333333,0.9104014594573403,0.9167592904107026
T10_BUDGET_FAMILY-0592,A,T10_BUDGET_FAMILY,1.0,-1,-1,1,-0.1,-0.1,100.0,20.0,59,1,5.0,0.05,-1.7101007166283435,4.698463103929543,4.425401459633302,30000,True,0.0,0.0,0.0,0.0,0.0,0.04530420684865894,0.08691577813116592,0.09844573345463709,0.12143386595715136,2.6668626270117577,5.11732471516368,5.817304284423786,7.168944592242556,0.09770825914397313,0.09926440328853947,0.5578,0.5521729575944311,0.5634122418794335,0.9546,0.9521854951860581,0.9568980979076939
T10_BUDGET_FAMILY-0593,A,T10_BUDGET_FAMILY,1.0,-1,-1,1,-0.1,-0.1,100.0,20.0,60,-1,5.0,0.05,-1.7101007166283435,-4.698463103929543,4.353966717760111,30000,True,0.0,0.0,0.0,0.0,0.0,0.04969399376272226,0.0979943834380381,0.11196357557166058,0.13840961321926598,2.9880188790579707,5.872198341261245,6.707990501838643,8.281343167601758,0.11087454776373941,0.11263208204473543,0.5028333333333334,0.4971754949396457,0.5084904462110339,0.9089,0.9055912829582259,0.912104012281623
T10_BUDGET_FAMILY-0594,A,T10_BUDGET_FAMILY,1.0,-1,-1,1,-0.1,-0.1,100.0,20.0,60,1,5.0,0.05,-1.7101007166283435,4.698463103929543,4.353966717760111,30000,True,0.0,0.0,0.0,0.0,0.0,0.045955702234095716,0.08768246299629692,0.09920377162164501,0.12226885231850192,2.7477823054143524,5.247477781271681,5.962778328758392,7.342935626135143,0.09846664257682344,0.10001053236725367,0.5499,0.544264286407235,0.5555229359759112,0.9524,0.9499321821802739,0.9547519742553033
T10_BUDGET_FAMILY-0595,A,T10_BUDGET_FAMILY,1.0,-1,1,-1,-0.1,0.1,100.0,-20.0,50,-1,5.0,0.05,1.7101007166283435,-4.698463103929543,5.557216244391504,30000,True,0.0,0.0,0.0,0.0,0.0,0.03571237956398278,0.07345029717394568,0.08423365709815187,0.1054612546789889,1.7911202868551286,3.677287971759555,4.218975091195119,5.2944574862075955,0.08364384834119391,0.08503412783281661,0.6898,0.6845415414330424,0.695009857531309,0.9845333333333334,0.9830736377135754,0.9858689571838275
T10_BUDGET_FAMILY-0596,A,T10_BUDGET_FAMILY,1.0,-1,1,-1,-0.1,0.1,100.0,-20.0,50,1,5.0,0.05,1.7101007166283435,4.698463103929543,5.557216244391504,30000,True,0.0,0.0,0.0,0.0,0.0,0.038011814026695276,0.08029461680696101,0.09231786987130633,0.11535271310631956,1.9149352897883363,4.010820452321149,4.621880770766203,5.760664059772125,0.09139275097524972,0.09316156561986318,0.6469333333333334,0.6415067237517873,0.6523223185093403,0.9686666666666667,0.9666344609272983,0.9705788635262986
T10_BUDGET_FAMILY-0597,A,T10_BUDGET_FAMILY,1.0,-1,1,-1,-0.1,0.1,100.0,-20.0,51,-1,5.0,0.05,1.7101007166283435,-4.698463103929543,5.445155293081866,30000,True,0.0,0.0,0.0,0.0,0.0,0.03630780656157496,0.07423388330220144,0.08509231946540186,0.10631109450512927,1.8591399796050472,3.7889416248259407,4.3438757005340625,5.445305856424422,0.0843865823470081,0.08580063770738298,0.6807666666666666,0.6754685878830156,0.6860184575303454,0.9838333333333333,0.9823430211775646,0.9851997529649645
T10_BUDGET_FAMILY-0598,A,T10_BUDGET_FAMILY,1.0,-1,1,-1,-0.1,0.1,100.0,-20.0,51,1,5.0,0.05,1.7101007166283435,4.698463103929543,5.445155293081866,30000,True,0.0,0.0,0.0,0.0,0.0,0.03874293695482773,0.08128184719086158,0.09338981424837389,0.11639275684407138,1.9892274488228006,4.143029662513139,4.771333432821307,5.9396097672913735,0.09244679657963394,0.09431112401983938,0.6382333333333333,0.632778551841679,0.643652718180303,0.9664666666666667,0.9643690665457857,0.9684448212496365
T10_BUDGET_FAMILY-0599,A,T10_BUDGET_FAMILY,1.0,-1,1,-1,-0.1,0.1,100.0,-20.0,52,-1,5.0,0.05,1.7101007166283435,-4.698463103929543,5.337511590690841,30000,True,0.0,0.0,0.0,0.0,0.0,0.03692315551350644,0.07500235918284236,0.08590238208308093,0.10727982626805649,1.9283953296702745,3.9035660898482094,4.470415926148253,5.593465843732454,0.08512590428708346,0.08660246721962914,0.6718,0.6664648468100767,0.6770911613146628,0.9826,0.9810573957826351,0.9840190275060688
T10_BUDGET_FAMILY-0600,A,T10_BUDGET_FAMILY,1.0,-1,1,-1,-0.1,0.1,100.0,-20.0,52,1,5.0,0.05,1.7101007166283435,4.698463103929543,5.337511590690841,30000,True,0.0,0.0,0.0,0.0,0.0,0.03944343930529101,0.0822621037371625,0.09442594058113694,0.11763828225355756,2.0653444857587195,4.278541706157304,4.918996741610394,6.115096084975947,0.09350430838446427,0.09539098477122411,0.6290666666666667,0.6235842894134781,0.6345159945327755,0.9641,0.9619346650831947,0.9661464953981301
T10_BUDGET_FAMILY-0601,A,T10_BUDGET_FAMILY,1.0,-1,1,-1,-0.1,0.1,100.0,-20.0,53,-1,5.0,0.05,1.7101007166283435,-4.698463103929543,5.234029721853347,30000,True,0.0,0.0,0.0,0.0,0.0,0.037538177310797116,0.07583165959066676,0.08670030791695021,0.10828337471007643,1.9989399585035832,4.02125305094696,4.605104269215707,5.74128764053598,0.08591847492684719,0.08736426879980098,0.6634333333333333,0.6580655686938204,0.668759248503618,0.9815333333333334,0.9799470608565535,0.9829963022342474
T10_BUDGET_FAMILY-0602,A,T10_BUDGET_FAMILY,1.0,-1,1,-1,-0.1,0.1,100.0,-20.0,53,1,5.0,0.05,1.7101007166283435,4.698463103929543,5.234029721853347,30000,True,0.0,0.0,0.0,0.0,0.0,0.04017836060390444,0.08324644472848171,0.09552509174665817,0.11882585313764712,2.144045928390727,4.417446103362676,5.071840356693414,6.294341080694809,0.09463188451230993,0.09646604179440502,0.6191666666666666,0.6136568536036631,0.6246459653808041,0.9614333333333334,0.9591946143979989,0.9635538955885689
T10_BUDGET_FAMILY-0603,A,T10_BUDGET_FAMILY,1.0,-1,1,-1,-0.1,0.1,100.0,-20.0,54,-1,5.0,0.05,1.7101007166283435,-4.698463103929543,5.134473537930269,30000,True,0.0,0.0,0.0,0.0,0.0,0.038171763507239304,0.07661735684028376,0.08749954682865635,0.10908640614753638,2.069697775400296,4.137790902608392,4.738282090986526,5.894515558100737,0.08679475443706652,0.08819362835338988,0.6542666666666667,0.6488653255448051,0.6596285055769051,0.9803333333333333,0.9786995027609297,0.9818441676072304
T10_BUDGET_FAMILY-0604,A,T10_BUDGET_FAMILY,1.0,-1,1,-1,-0.1,0.1,100.0,-20.0,54,1,5.0,0.05,1.7101007166283435,4.698463103929543,5.134473537930269,30000,True,0.0,0.0,0.0,0.0,0.0,0.040897877877240876,0.08428205793827946,0.09659973120712213,0.12015110903960864,2.219763804432563,4.555322617732911,5.2226594236329476,6.4827241147425525,0.09570312736528598,0.09746220207205314,0.6099666666666667,0.6044335290253708,0.6154716457521836,0.9589666666666666,0.9566625823255105,0.9611532259534065
T10_BUDGET_FAMILY-0605,A,T10_BUDGET_FAMILY,1.0,-1,1,-1,-0.1,0.1,100.0,-20.0,55,-1,5.0,0.05,1.7101007166283435,-4.698463103929543,5.038624378676505,30000,True,0.0,0.0,0.0,0.0,0.0,0.038852393481105,0.07738870108288463,0.08828676272282791,0.11000668071909624,2.1452310848377154,4.259003375601799,4.870835319574676,6.047806206762135,0.08759371139892974,0.08901363475749997,0.6456333333333333,0.6402023903145498,0.6510269848303835,0.9792666666666666,0.9775918420859468,0.9808187680843101
T10_BUDGET_FAMILY-0606,A,T10_BUDGET_FAMILY,1.0,-1,1,-1,-0.1,0.1,100.0,-20.0,55,1,5.0,0.05,1.7101007166283435,4.698463103929543,5.038624378676505,30000,True,0.0,0.0,0.0,0.0,0.0,0.041577384677390486,0.08529071186462109,0.09777689597679246,0.12152751514880811,2.3007766911840104,4.693024943488365,5.380555804622979,6.677307156699422,0.09689814053430336,0.09855675814801763,0.6014,0.5958469990751767,0.6069270359879699,0.9563333333333334,0.9539618957767712,0.9585879201385733
T10_BUDGET_FAMILY-0607,A,T10_BUDGET_FAMILY,1.0,-1,1,-1,-0.1,0.1,100.0,-20.0,56,-1,5.0,0.05,1.7101007166283435,-4.698463103929543,4.946279486806863,30000,True,0.0,0.0,0.0,0.0,0.0,0.03950609320077092,0.07815228039586446,0.08906780290722198,0.11083803708163373,2.2180089325872965,4.37758025877625,5.006018919481075,6.204982035028594,0.0884386873105025,0.08982364551335006,0.6367333333333334,0.6312738904992974,0.6421577636193836,0.9779333333333333,0.9762088189210283,0.9795354660018503
T10_BUDGET_FAMILY-0608,A,T10_BUDGET_FAMILY,1.0,-1,1,-1,-0.1,0.1,100.0,-20.0,56,1,5.0,0.05,1.7101007166283435,4.698463103929543,4.946279486806863,30000,True,0.0,0.0,0.0,0.0,0.0,0.042360865107018926,0.08632807536196552,0.09885381173491695,0.12272366681482705,2.3855017093694,4.836810761763072,5.535008355441504,6.865300419928944,0.0980178464863182,0.0996380106828846,0.5925666666666667,0.58699503608183,0.598114594217433,0.9533333333333334,0.95088795450421,0.9556626296045324
T10_BUDGET_FAMILY-0609,A,T10_BUDGET_FAMILY,1.0,-1,1,-1,-0.1,0.1,100.0,-20.0,57,-1,5.0,0.05,1.7101007166283435,-4.698463103929543,4.85725059154318,30000,True,0.0,0.0,0.0,0.0,0.0,0.04017069744381262,0.0789558182729488,0.0898460120246196,0.11167067709711208,2.2919672481986764,4.500429801456499,5.140466368642888,6.3643178379165715,0.08920771693432802,0.09063076891707161,0.6281666666666667,0.6226816942143755,0.6336188201898977,0.9763333333333334,0.9745512711382013,0.9779934234878228
T10_BUDGET_FAMILY-0610,A,T10_BUDGET_FAMILY,1.0,-1,1,-1,-0.1,0.1,100.0,-20.0,57,1,5.0,0.05,1.7101007166283435,4.698463103929543,4.85725059154318,30000,True,0.0,0.0,0.0,0.0,0.0,0.043094487174197275,0.0873896026823088,0.09998778996275173,0.1239631830553276,2.4712571065833275,4.982845890152709,5.6991785604427205,7.064830892977741,0.09910566801078041,0.10074045058650483,0.5833,0.577710825220282,0.5888678446096993,0.95,0.9474756365215194,0.9524091344687761
T10_BUDGET_FAMILY-0611,A,T10_BUDGET_FAMILY,1.0,-1,1,-1,-0.1,0.1,100.0,-20.0,58,-1,5.0,0.05,1.7101007166283435,-4.698463103929543,4.771362640547646,30000,True,0.0,0.0,0.0,0.0,0.0,0.040819560112969,0.07980245483384447,0.09062438957025325,0.11247447235676099,2.3693425331378926,4.623015861452073,5.278564430127571,6.534505786348301,0.0899934589547747,0.09147133231710262,0.6189666666666667,0.6134563244191397,0.6244465457782208,0.9747333333333333,0.9728957838178911,0.9764493205112785
T10_BUDGET_FAMILY-0612,A,T10_BUDGET_FAMILY,1.0,-1,1,-1,-0.1,0.1,100.0,-20.0,58,1,5.0,0.05,1.7101007166283435,4.698463103929543,4.771362640547646,30000,True,0.0,0.0,0.0,0.0,0.0,0.043847237507078723,0.088377310635436,0.10113253467824034,0.1252905368976386,2.5567745926373124,5.129145271798955,5.865872835645124,7.262511483412947,0.10031828354951906,0.10181914398292885,0.5736666666666667,0.5680614021583132,0.5792530677593573,0.9466333333333333,0.9440322773287256,0.9491200224119388
T10_BUDGET_FAMILY-0613,A,T10_BUDGET_FAMILY,1.0,-1,1,-1,-0.1,0.1,100.0,-20.0,59,-1,5.0,0.05,1.7101007166283435,-4.698463103929543,4.688452662460041,30000,True,0.0,0.0,0.0,0.0,0.0,0.04147145629854966,0.08055552012584265,0.09147540633570998,0.11336247465265142,2.4477221712821207,4.749169171529125,5.412922684458122,6.703062863782897,0.09081323759665871,0.09231099299224381,0.6102,0.6046674283119925,0.6157043533838532,0.9731666666666666,0.9712766012283874,0.9749355709351123
T10_BUDGET_FAMILY-0614,A,T10_BUDGET_FAMILY,1.0,-1,1,-1,-0.1,0.1,100.0,-20.0,59,1,5.0,0.05,1.7101007166283435,4.698463103929543,4.688452662460041,30000,True,0.0,0.0,0.0,0.0,0.0,0.044619212392813946,0.08942121399446026,0.10220528174457544,0.12673897707716672,2.6446666638056757,5.278970084311251,6.029830740466782,7.474123145794961,0.10147079530686172,0.10297618203698398,0.5640333333333334,0.5584141494364614,0.5696361205688987,0.9436666666666667,0.9410003791883411,0.9462193468769059
T10_BUDGET_FAMILY-0615,A,T10_BUDGET_FAMILY,1.0,-1,1,-1,-0.1,0.1,100.0,-20.0,60,-1,5.0,0.05,1.7101007166283435,-4.698463103929543,4.60836874464548,30000,True,0.0,0.0,0.0,0.0,0.0,0.042136713903653346,0.0813247716714212,0.09226774471965485,0.11415285228947501,2.527023991424969,4.877745753305324,5.556434806973913,6.864612609665332,0.09161837001226125,0.09312514768454569,0.6016,0.5960474425703435,0.6071265412799101,0.9712666666666666,0.9693151050198715,0.9730975536661136
T10_BUDGET_FAMILY-0616,A,T10_BUDGET_FAMILY,1.0,-1,1,-1,-0.1,0.1,100.0,-20.0,60,1,5.0,0.05,1.7101007166283435,4.698463103929543,4.60836874464548,30000,True,0.0,0.0,0.0,0.0,0.0,0.04535103342807337,0.09046970874250207,0.10336029811017843,0.1280406351443394,2.736338302437599,5.427644940602582,6.199932914583007,7.67318828440881,0.10253073705561372,0.10412530943970376,0.5546,0.54896927202201,0.5602167468581459,0.9397,0.9369496410983176,0.9423377673559781
T10_BUDGET_FAMILY-0617,A,T10_BUDGET_FAMILY,1.0,-1,1,1,-0.1,0.1,100.0,20.0,50,-1,5.0,0.05,-1.7101007166283435,-4.698463103929543,5.19173084870971,30000,True,0.0,0.0,0.0,0.0,0.0,0.038183973652619156,0.07864624349927311,0.09029054903004735,0.11308255730799274,1.9159706750183643,3.936498875764402,4.518055435907744,5.657585356842532,0.08938532743971081,0.09098382406046056,0.6484333333333333,0.6430117782891485,0.6538168798752801,0.9749666666666666,0.97313708829188,0.9766746229555809
T10_BUDGET_FAMILY-0618,A,T10_BUDGET_FAMILY,1.0,-1,1,1,-0.1,0.1,100.0,20.0,50,1,5.0,0.05,-1.7101007166283435,4.698463103929543,5.19173084870971,30000,True,0.0,0.0,0.0,0.0,0.0,0.04082164542601873,0.08642877204471049,0.0995225520642326,0.12409652398647011,2.052692539427838,4.320442578063845,4.979631767547585,6.216828869956146,0.09852878078914273,0.10046896129406349,0.6069,0.6013595472882042,0.6124130794203794,0.9513333333333334,0.9488401828677349,0.9537109133699395
T10_BUDGET_FAMILY-0619,A,T10_BUDGET_FAMILY,1.0,-1,1,1,-0.1,0.1,100.0,20.0,51,-1,5.0,0.05,-1.7101007166283435,-4.698463103929543,5.093758046972551,30000,True,0.0,0.0,0.0,0.0,0.0,0.03880801651384019,0.07939315965630193,0.09097416982920599,0.11384300122842712,1.985653214239699,4.049234943129904,4.646631791257701,5.810494368336292,0.09010842882723329,0.09170131861063628,0.6398,0.6343501482646031,0.6452140539230488,0.9732333333333333,0.9713454681301897,0.9750000202956789
T10_BUDGET_FAMILY-0620,A,T10_BUDGET_FAMILY,1.0,-1,1,1,-0.1,0.1,100.0,20.0,51,1,5.0,0.05,-1.7101007166283435,4.698463103929543,5.093758046972551,30000,True,0.0,0.0,0.0,0.0,0.0,0.04154514645877871,0.08734366165532688,0.10053117633535208,0.1253065718028508,2.128292898711926,4.456342536838366,5.132648924414616,6.390252549647113,0.09959161482446094,0.10146531722598584,0.5987666666666667,0.5932079161976938,0.6043001265018801,0.9486333333333333,0.9460774801335776,0.9510743074781549
T10_BUDGET_FAMILY-0621,A,T10_BUDGET_FAMILY,1.0,-1,1,1,-0.1,0.1,100.0,20.0,52,-1,5.0,0.05,-1.7101007166283435,-4.698463103929543,4.999405219057296,30000,True,0.0,0.0,0.0,0.0,0.0,0.03943537011681846,0.08012639867463975,0.09168844254732865,0.11455953223837631,2.0616709406753038,4.166196775480943,4.779269568826641,5.972060853091079,0.09090695059731953,0.09243578193735989,0.6326,0.6271280081278438,0.6380380377239635,0.9716666666666667,0.9697278625001099,0.9734846937600888
T10_BUDGET_FAMILY-0622,A,T10_BUDGET_FAMILY,1.0,-1,1,1,-0.1,0.1,100.0,20.0,52,1,5.0,0.05,-1.7101007166283435,4.698463103929543,4.999405219057296,30000,True,0.0,0.0,0.0,0.0,0.0,0.04224208949469353,0.08840886870059925,0.10152217614427733,0.12673741829185425,2.2065007574238304,4.595553819740635,5.285865003210968,6.5740702397596955,0.1006566404808546,0.10239796370255282,0.5902,0.5846236948716513,0.5957532081135145,0.9458666666666666,0.9432485498611286,0.9483706128622932
T10_BUDGET_FAMILY-0623,A,T10_BUDGET_FAMILY,1.0,-1,1,1,-0.1,0.1,100.0,20.0,53,-1,5.0,0.05,-1.7101007166283435,-4.698463103929543,4.908475858483556,30000,True,0.0,0.0,0.0,0.0,0.0,0.04008399221476473,0.08087176154985329,0.09236758057563013,0.11534898015386119,2.1324512052580364,4.287178053435731,4.91308258767179,6.127234673012225,0.09163695231318085,0.09319879647200278,0.6245333333333334,0.6190380900060026,0.6299966880991636,0.9698,0.9678024757160838,0.9716772251977849
T10_BUDGET_FAMILY-0624,A,T10_BUDGET_FAMILY,1.0,-1,1,1,-0.1,0.1,100.0,20.0,53,1,5.0,0.05,-1.7101007166283435,4.698463103929543,4.908475858483556,30000,True,0.0,0.0,0.0,0.0,0.0,0.04290093282839603,0.08939090954811396,0.10268508003946449,0.12792576567068759,2.2853370691687056,4.738510978466179,5.442631874409433,6.767109023508623,0.10174495298947828,0.1034272851734855,0.5814333333333334,0.5758408703761763,0.5870049441074751,0.9427,0.9400129033177584,0.945273736943139
T10_BUDGET_FAMILY-0625,A,T10_BUDGET_FAMILY,1.0,-1,1,1,-0.1,0.1,100.0,20.0,54,-1,5.0,0.05,-1.7101007166283435,-4.698463103929543,4.820787395443206,30000,True,0.0,0.0,0.0,0.0,0.0,0.0406938253925966,0.08160954016031562,0.09312478844835799,0.11614809611073743,2.206315333655768,4.403094184761131,5.046284366693169,6.289949690021341,0.09238628802153735,0.09394497991121621,0.6163333333333333,0.6108161155001572,0.6218207623336303,0.9679333333333333,0.9658790546217159,0.9698677909458228
T10_BUDGET_FAMILY-0626,A,T10_BUDGET_FAMILY,1.0,-1,1,1,-0.1,0.1,100.0,20.0,54,1,5.0,0.05,-1.7101007166283435,4.698463103929543,4.820787395443206,30000,True,0.0,0.0,0.0,0.0,0.0,0.043643521096588984,0.09034903013100451,0.1037035983148621,0.1289466532940136,2.3675774006421717,4.879118097873174,5.60062288437788,6.964372055474684,0.10276468891820485,0.10440482494983001,0.5727,0.5670932410824916,0.5782881430308295,0.9397666666666666,0.9370176925993124,0.9424030321173521
T10_BUDGET_FAMILY-0627,A,T10_BUDGET_FAMILY,1.0,-1,1,1,-0.1,0.1,100.0,20.0,55,-1,5.0,0.05,-1.7101007166283435,-4.698463103929543,4.736169985633234,30000,True,0.0,0.0,0.0,0.0,0.0,0.041317567998768304,0.08232977411639514,0.09387219623271195,0.11695223482674622,2.2805023135331055,4.5255521779832355,5.182054528481164,6.442017389111857,0.09314035483011429,0.09467968466417848,0.6071666666666666,0.6016268409726685,0.6126790507853906,0.9665333333333334,0.9644376792611571,0.968509524796634
T10_BUDGET_FAMILY-0628,A,T10_BUDGET_FAMILY,1.0,-1,1,1,-0.1,0.1,100.0,20.0,55,1,5.0,0.05,-1.7101007166283435,4.698463103929543,4.736169985633234,30000,True,0.0,0.0,0.0,0.0,0.0,0.04440133786534271,0.09134791508240131,0.10476974872212734,0.13009515631467072,2.452173582295826,5.020854289154111,5.759162133265639,7.165631430675531,0.10394036575180339,0.10546167675110199,0.5633666666666667,0.5577465993221338,0.5689705080595369,0.9357,0.9328682054753193,0.9384202272368402
T10_BUDGET_FAMILY-0629,A,T10_BUDGET_FAMILY,1.0,-1,1,1,-0.1,0.1,100.0,20.0,56,-1,5.0,0.05,-1.7101007166283435,-4.698463103929543,4.654465422955058,30000,True,0.0,0.0,0.0,0.0,0.0,0.041946923446150794,0.08307935912411361,0.09460821818026233,0.11766880280175902,2.3546333749515833,4.6499216611492145,5.3160063594352875,6.5986460986452204,0.09391183292561449,0.09547447312659786,0.5998,0.5942434857951876,0.6053309589711046,0.9645666666666667,0.9624144856919817,0.9665998886259258
T10_BUDGET_FAMILY-0630,A,T10_BUDGET_FAMILY,1.0,-1,1,1,-0.1,0.1,100.0,20.0,56,1,5.0,0.05,-1.7101007166283435,4.698463103929543,4.654465422955058,30000,True,0.0,0.0,0.0,0.0,0.0,0.04512746657737602,0.09237068614255481,0.10582351936375188,0.13135698989253722,2.539394220420779,5.169519110898116,5.925870443547815,7.368775590123246,0.10499171216976766,0.10655805337728808,0.5552,0.5495699450817346,0.5608159201597418,0.9321,0.9291975439528172,0.9348918105914202
T10_BUDGET_FAMILY-0631,A,T10_BUDGET_FAMILY,1.0,-1,1,1,-0.1,0.1,100.0,20.0,57,-1,5.0,0.05,-1.7101007166283435,-4.698463103929543,4.575526161581398,30000,True,0.0,0.0,0.0,0.0,0.0,0.04261714987211886,0.08383491281362279,0.09532765733671442,0.11837636049169638,2.4326637124021686,4.777795507693064,5.457284287728823,6.7577571174512885,0.09464767355617304,0.096236037800854,0.5917666666666667,0.5861934410311825,0.5973163941196532,0.9623333333333334,0.9601190522869842,0.964429227241564
T10_BUDGET_FAMILY-0632,A,T10_BUDGET_FAMILY,1.0,-1,1,1,-0.1,0.1,100.0,20.0,57,1,5.0,0.05,-1.7101007166283435,4.698463103929543,4.575526161581398,30000,True,0.0,0.0,0.0,0.0,0.0,0.045904163898582886,0.09332290375779576,0.10691121310720282,0.1327175194423226,2.628591210275387,5.321543424494509,6.089495019235598,7.5716063753072795,0.10611742335146208,0.10761060622612947,0.5465666666666666,0.5409277248052639,0.5521936844594356,0.9277,0.9247142906953435,0.9305761905325441
T10_BUDGET_FAMILY-0633,A,T10_BUDGET_FAMILY,1.0,-1,1,1,-0.1,0.1,100.0,20.0,58,-1,5.0,0.05,-1.7101007166283435,-4.698463103929543,4.499214434795293,30000,True,0.0,0.0,0.0,0.0,0.0,0.04324581367426045,0.08460939572911459,0.09610225267319805,0.119108411841576,2.5105049139423237,4.903856220561255,5.5945459605102466,6.918256252258237,0.09542355718705703,0.09700196596934088,0.5834333333333334,0.5778443965686512,0.5890009057860682,0.9601,0.9578256629280313,0.9622565218111576
T10_BUDGET_FAMILY-0634,A,T10_BUDGET_FAMILY,1.0,-1,1,1,-0.1,0.1,100.0,20.0,58,1,5.0,0.05,-1.7101007166283435,4.698463103929543,4.499214434795293,30000,True,0.0,0.0,0.0,0.0,0.0,0.046650172244682396,0.09435371879654177,0.1080673970221515,0.13396790581194173,2.7188669213620673,5.472998458385231,6.255262907693853,7.769114340876351,0.1071150429221623,0.10878361948696895,0.5378666666666667,0.532220497893587,0.5435031391319668,0.9238,0.9207431429253822,0.9267483369539228
T10_BUDGET_FAMILY-0635,A,T10_BUDGET_FAMILY,1.0,-1,1,1,-0.1,0.1,100.0,20.0,59,-1,5.0,0.05,-1.7101007166283435,-4.698463103929543,4.425401459633302,30000,True,0.0,0.0,0.0,0.0,0.0,0.043886827769640036,0.08540850140050961,0.09693467274707754,0.11991657506853454,2.5904826250050594,5.034831703186392,5.739685022574185,7.086346740971726,0.09617565306682999,0.097750616790387,0.5756333333333333,0.570031176646587,0.5812161230109673,0.9582666666666667,0.9559444424978301,0.9604715450262133
T10_BUDGET_FAMILY-0636,A,T10_BUDGET_FAMILY,1.0,-1,1,1,-0.1,0.1,100.0,20.0,59,1,5.0,0.05,-1.7101007166283435,4.698463103929543,4.425401459633302,30000,True,0.0,0.0,0.0,0.0,0.0,0.047386440716943465,0.09531379370693957,0.10909859055450798,0.13536115934034854,2.810221354156221,5.6293528454078485,6.432145374921233,7.97198550632084,0.10814221862037075,0.10989221613960212,0.5287666666666667,0.5231147872178318,0.5344111799943628,0.9198333333333333,0.9167064747897371,0.9228526874786165
T10_BUDGET_FAMILY-0637,A,T10_BUDGET_FAMILY,1.0,-1,1,1,-0.1,0.1,100.0,20.0,60,-1,5.0,0.05,-1.7101007166283435,-4.698463103929543,4.353966717760111,30000,True,0.0,0.0,0.0,0.0,0.0,0.04454987704195427,0.08614438807948091,0.09773156637993358,0.1207330808775468,2.6711811355427932,5.165129168861504,5.881180028794404,7.257945205125785,0.09698292223223817,0.09849015767411065,0.5671666666666667,0.5615517731548666,0.5727643611818333,0.9562,0.9538252149602747,0.9584579684303317
T10_BUDGET_FAMILY-0638,A,T10_BUDGET_FAMILY,1.0,-1,1,1,-0.1,0.1,100.0,20.0,60,1,5.0,0.05,-1.7101007166283435,4.698463103929543,4.353966717760111,30000,True,0.0,0.0,0.0,0.0,0.0,0.04815693684547154,0.09634101125388266,0.11032504049660333,0.13668856809991467,2.9027837284799713,5.783132435208487,6.611521804784324,8.186610741505076,0.10915487878894628,0.11103586387957473,0.5201666666666667,0.5145111213082243,0.5258170480583779,0.9157333333333333,0.9125364549631528,0.9188237571695114
T10_BUDGET_FAMILY-0639,A,T10_BUDGET_FAMILY,1.0,1,-1,-1,0.1,-0.1,100.0,-20.0,50,-1,5.0,0.05,1.7101007166283435,-4.698463103929543,5.557216244391504,30000,True,0.0,0.0,0.0,0.0,0.0,0.038011814026695276,0.08029461680696101,0.09231786987130633,0.11535271310631956,1.9149352897883363,4.010820452321149,4.621880770766203,5.760664059772125,0.09139275097524972,0.09316156561986318,0.6469333333333334,0.6415067237517873,0.6523223185093403,0.9686666666666667,0.9666344609272983,0.9705788635262986
T10_BUDGET_FAMILY-0640,A,T10_BUDGET_FAMILY,1.0,1,-1,-1,0.1,-0.1,100.0,-20.0,50,1,5.0,0.05,1.7101007166283435,4.698463103929543,5.557216244391504,30000,True,0.0,0.0,0.0,0.0,0.0,0.03571237956398278,0.07345029717394568,0.08423365709815187,0.1054612546789889,1.7911202868551286,3.677287971759555,4.218975091195119,5.2944574862075955,0.08364384834119391,0.08503412783281661,0.6898,0.6845415414330424,0.695009857531309,0.9845333333333334,0.9830736377135754,0.9858689571838275
T10_BUDGET_FAMILY-0641,A,T10_BUDGET_FAMILY,1.0,1,-1,-1,0.1,-0.1,100.0,-20.0,51,-1,5.0,0.05,1.7101007166283435,-4.698463103929543,5.445155293081866,30000,True,0.0,0.0,0.0,0.0,0.0,0.03874293695482773,0.08128184719086158,0.09338981424837389,0.11639275684407138,1.9892274488228006,4.143029662513139,4.771333432821307,5.9396097672913735,0.09244679657963394,0.09431112401983938,0.6382333333333333,0.632778551841679,0.643652718180303,0.9664666666666667,0.9643690665457857,0.9684448212496365
T10_BUDGET_FAMILY-0642,A,T10_BUDGET_FAMILY,1.0,1,-1,-1,0.1,-0.1,100.0,-20.0,51,1,5.0,0.05,1.7101007166283435,4.698463103929543,5.445155293081866,30000,True,0.0,0.0,0.0,0.0,0.0,0.03630780656157496,0.07423388330220144,0.08509231946540186,0.10631109450512927,1.8591399796050472,3.7889416248259407,4.3438757005340625,5.445305856424422,0.0843865823470081,0.08580063770738298,0.6807666666666666,0.6754685878830156,0.6860184575303454,0.9838333333333333,0.9823430211775646,0.9851997529649645
T10_BUDGET_FAMILY-0643,A,T10_BUDGET_FAMILY,1.0,1,-1,-1,0.1,-0.1,100.0,-20.0,52,-1,5.0,0.05,1.7101007166283435,-4.698463103929543,5.337511590690841,30000,True,0.0,0.0,0.0,0.0,0.0,0.03944343930529101,0.0822621037371625,0.09442594058113694,0.11763828225355756,2.0653444857587195,4.278541706157304,4.918996741610394,6.115096084975947,0.09350430838446427,0.09539098477122411,0.6290666666666667,0.6235842894134781,0.6345159945327755,0.9641,0.9619346650831947,0.9661464953981301
T10_BUDGET_FAMILY-0644,A,T10_BUDGET_FAMILY,1.0,1,-1,-1,0.1,-0.1,100.0,-20.0,52,1,5.0,0.05,1.7101007166283435,4.698463103929543,5.337511590690841,30000,True,0.0,0.0,0.0,0.0,0.0,0.03692315551350644,0.07500235918284236,0.08590238208308093,0.10727982626805649,1.9283953296702745,3.9035660898482094,4.470415926148253,5.593465843732454,0.08512590428708346,0.08660246721962914,0.6718,0.6664648468100767,0.6770911613146628,0.9826,0.9810573957826351,0.9840190275060688
T10_BUDGET_FAMILY-0645,A,T10_BUDGET_FAMILY,1.0,1,-1,-1,0.1,-0.1,100.0,-20.0,53,-1,5.0,0.05,1.7101007166283435,-4.698463103929543,5.234029721853347,30000,True,0.0,0.0,0.0,0.0,0.0,0.04017836060390444,0.08324644472848171,0.09552509174665817,0.11882585313764712,2.144045928390727,4.417446103362676,5.071840356693414,6.294341080694809,0.09463188451230993,0.09646604179440502,0.6191666666666666,0.6136568536036631,0.6246459653808041,0.9614333333333334,0.9591946143979989,0.9635538955885689
T10_BUDGET_FAMILY-0646,A,T10_BUDGET_FAMILY,1.0,1,-1,-1,0.1,-0.1,100.0,-20.0,53,1,5.0,0.05,1.7101007166283435,4.698463103929543,5.234029721853347,30000,True,0.0,0.0,0.0,0.0,0.0,0.037538177310797116,0.07583165959066676,0.08670030791695021,0.10828337471007643,1.9989399585035832,4.02125305094696,4.605104269215707,5.74128764053598,0.08591847492684719,0.08736426879980098,0.6634333333333333,0.6580655686938204,0.668759248503618,0.9815333333333334,0.9799470608565535,0.9829963022342474
T10_BUDGET_FAMILY-0647,A,T10_BUDGET_FAMILY,1.0,1,-1,-1,0.1,-0.1,100.0,-20.0,54,-1,5.0,0.05,1.7101007166283435,-4.698463103929543,5.134473537930269,30000,True,0.0,0.0,0.0,0.0,0.0,0.040897877877240876,0.08428205793827946,0.09659973120712213,0.12015110903960864,2.219763804432563,4.555322617732911,5.2226594236329476,6.4827241147425525,0.09570312736528598,0.09746220207205314,0.6099666666666667,0.6044335290253708,0.6154716457521836,0.9589666666666666,0.9566625823255105,0.9611532259534065
T10_BUDGET_FAMILY-0648,A,T10_BUDGET_FAMILY,1.0,1,-1,-1,0.1,-0.1,100.0,-20.0,54,1,5.0,0.05,1.7101007166283435,4.698463103929543,5.134473537930269,30000,True,0.0,0.0,0.0,0.0,0.0,0.038171763507239304,0.07661735684028376,0.08749954682865635,0.10908640614753638,2.069697775400296,4.137790902608392,4.738282090986526,5.894515558100737,0.08679475443706652,0.08819362835338988,0.6542666666666667,0.6488653255448051,0.6596285055769051,0.9803333333333333,0.9786995027609297,0.9818441676072304
T10_BUDGET_FAMILY-0649,A,T10_BUDGET_FAMILY,1.0,1,-1,-1,0.1,-0.1,100.0,-20.0,55,-1,5.0,0.05,1.7101007166283435,-4.698463103929543,5.038624378676505,30000,True,0.0,0.0,0.0,0.0,0.0,0.041577384677390486,0.08529071186462109,0.09777689597679246,0.12152751514880811,2.3007766911840104,4.693024943488365,5.380555804622979,6.677307156699422,0.09689814053430336,0.09855675814801763,0.6014,0.5958469990751767,0.6069270359879699,0.9563333333333334,0.9539618957767712,0.9585879201385733
T10_BUDGET_FAMILY-0650,A,T10_BUDGET_FAMILY,1.0,1,-1,-1,0.1,-0.1,100.0,-20.0,55,1,5.0,0.05,1.7101007166283435,4.698463103929543,5.038624378676505,30000,True,0.0,0.0,0.0,0.0,0.0,0.038852393481105,0.07738870108288463,0.08828676272282791,0.11000668071909624,2.1452310848377154,4.259003375601799,4.870835319574676,6.047806206762135,0.08759371139892974,0.08901363475749997,0.6456333333333333,0.6402023903145498,0.6510269848303835,0.9792666666666666,0.9775918420859468,0.9808187680843101
T10_BUDGET_FAMILY-0651,A,T10_BUDGET_FAMILY,1.0,1,-1,-1,0.1,-0.1,100.0,-20.0,56,-1,5.0,0.05,1.7101007166283435,-4.698463103929543,4.946279486806863,30000,True,0.0,0.0,0.0,0.0,0.0,0.042360865107018926,0.08632807536196552,0.09885381173491695,0.12272366681482705,2.3855017093694,4.836810761763072,5.535008355441504,6.865300419928944,0.0980178464863182,0.0996380106828846,0.5925666666666667,0.58699503608183,0.598114594217433,0.9533333333333334,0.95088795450421,0.9556626296045324
T10_BUDGET_FAMILY-0652,A,T10_BUDGET_FAMILY,1.0,1,-1,-1,0.1,-0.1,100.0,-20.0,56,1,5.0,0.05,1.7101007166283435,4.698463103929543,4.946279486806863,30000,True,0.0,0.0,0.0,0.0,0.0,0.03950609320077092,0.07815228039586446,0.08906780290722198,0.11083803708163373,2.2180089325872965,4.37758025877625,5.006018919481075,6.204982035028594,0.0884386873105025,0.08982364551335006,0.6367333333333334,0.6312738904992974,0.6421577636193836,0.9779333333333333,0.9762088189210283,0.9795354660018503
T10_BUDGET_FAMILY-0653,A,T10_BUDGET_FAMILY,1.0,1,-1,-1,0.1,-0.1,100.0,-20.0,57,-1,5.0,0.05,1.7101007166283435,-4.698463103929543,4.85725059154318,30000,True,0.0,0.0,0.0,0.0,0.0,0.043094487174197275,0.0873896026823088,0.09998778996275173,0.1239631830553276,2.4712571065833275,4.982845890152709,5.6991785604427205,7.064830892977741,0.09910566801078041,0.10074045058650483,0.5833,0.577710825220282,0.5888678446096993,0.95,0.9474756365215194,0.9524091344687761
T10_BUDGET_FAMILY-0654,A,T10_BUDGET_FAMILY,1.0,1,-1,-1,0.1,-0.1,100.0,-20.0,57,1,5.0,0.05,1.7101007166283435,4.698463103929543,4.85725059154318,30000,True,0.0,0.0,0.0,0.0,0.0,0.04017069744381262,0.0789558182729488,0.0898460120246196,0.11167067709711208,2.2919672481986764,4.500429801456499,5.140466368642888,6.3643178379165715,0.08920771693432802,0.09063076891707161,0.6281666666666667,0.6226816942143755,0.6336188201898977,0.9763333333333334,0.9745512711382013,0.9779934234878228
T10_BUDGET_FAMILY-0655,A,T10_BUDGET_FAMILY,1.0,1,-1,-1,0.1,-0.1,100.0,-20.0,58,-1,5.0,0.05,1.7101007166283435,-4.698463103929543,4.771362640547646,30000,True,0.0,0.0,0.0,0.0,0.0,0.043847237507078723,0.088377310635436,0.10113253467824034,0.1252905368976386,2.5567745926373124,5.129145271798955,5.865872835645124,7.262511483412947,0.10031828354951906,0.10181914398292885,0.5736666666666667,0.5680614021583132,0.5792530677593573,0.9466333333333333,0.9440322773287256,0.9491200224119388
T10_BUDGET_FAMILY-0656,A,T10_BUDGET_FAMILY,1.0,1,-1,-1,0.1,-0.1,100.0,-20.0,58,1,5.0,0.05,1.7101007166283435,4.698463103929543,4.771362640547646,30000,True,0.0,0.0,0.0,0.0,0.0,0.040819560112969,0.07980245483384447,0.09062438957025325,0.11247447235676099,2.3693425331378926,4.623015861452073,5.278564430127571,6.534505786348301,0.0899934589547747,0.09147133231710262,0.6189666666666667,0.6134563244191397,0.6244465457782208,0.9747333333333333,0.9728957838178911,0.9764493205112785
T10_BUDGET_FAMILY-0657,A,T10_BUDGET_FAMILY,1.0,1,-1,-1,0.1,-0.1,100.0,-20.0,59,-1,5.0,0.05,1.7101007166283435,-4.698463103929543,4.688452662460041,30000,True,0.0,0.0,0.0,0.0,0.0,0.044619212392813946,0.08942121399446026,0.10220528174457544,0.12673897707716672,2.6446666638056757,5.278970084311251,6.029830740466782,7.474123145794961,0.10147079530686172,0.10297618203698398,0.5640333333333334,0.5584141494364614,0.5696361205688987,0.9436666666666667,0.9410003791883411,0.9462193468769059
T10_BUDGET_FAMILY-0658,A,T10_BUDGET_FAMILY,1.0,1,-1,-1,0.1,-0.1,100.0,-20.0,59,1,5.0,0.05,1.7101007166283435,4.698463103929543,4.688452662460041,30000,True,0.0,0.0,0.0,0.0,0.0,0.04147145629854966,0.08055552012584265,0.09147540633570998,0.11336247465265142,2.4477221712821207,4.749169171529125,5.412922684458122,6.703062863782897,0.09081323759665871,0.09231099299224381,0.6102,0.6046674283119925,0.6157043533838532,0.9731666666666666,0.9712766012283874,0.9749355709351123
T10_BUDGET_FAMILY-0659,A,T10_BUDGET_FAMILY,1.0,1,-1,-1,0.1,-0.1,100.0,-20.0,60,-1,5.0,0.05,1.7101007166283435,-4.698463103929543,4.60836874464548,30000,True,0.0,0.0,0.0,0.0,0.0,0.04535103342807337,0.09046970874250207,0.10336029811017843,0.1280406351443394,2.736338302437599,5.427644940602582,6.199932914583007,7.67318828440881,0.10253073705561372,0.10412530943970376,0.5546,0.54896927202201,0.5602167468581459,0.9397,0.9369496410983176,0.9423377673559781
T10_BUDGET_FAMILY-0660,A,T10_BUDGET_FAMILY,1.0,1,-1,-1,0.1,-0.1,100.0,-20.0,60,1,5.0,0.05,1.7101007166283435,4.698463103929543,4.60836874464548,30000,True,0.0,0.0,0.0,0.0,0.0,0.042136713903653346,0.0813247716714212,0.09226774471965485,0.11415285228947501,2.527023991424969,4.877745753305324,5.556434806973913,6.864612609665332,0.09161837001226125,0.09312514768454569,0.6016,0.5960474425703435,0.6071265412799101,0.9712666666666666,0.9693151050198715,0.9730975536661136
T10_BUDGET_FAMILY-0661,A,T10_BUDGET_FAMILY,1.0,1,-1,1,0.1,-0.1,100.0,20.0,50,-1,5.0,0.05,-1.7101007166283435,-4.698463103929543,5.19173084870971,30000,True,0.0,0.0,0.0,0.0,0.0,0.04082164542601873,0.08642877204471049,0.0995225520642326,0.12409652398647011,2.052692539427838,4.320442578063845,4.979631767547585,6.216828869956146,0.09852878078914273,0.10046896129406349,0.6069,0.6013595472882042,0.6124130794203794,0.9513333333333334,0.9488401828677349,0.9537109133699395
T10_BUDGET_FAMILY-0662,A,T10_BUDGET_FAMILY,1.0,1,-1,1,0.1,-0.1,100.0,20.0,50,1,5.0,0.05,-1.7101007166283435,4.698463103929543,5.19173084870971,30000,True,0.0,0.0,0.0,0.0,0.0,0.038183973652619156,0.07864624349927311,0.09029054903004735,0.11308255730799274,1.9159706750183643,3.936498875764402,4.518055435907744,5.657585356842532,0.08938532743971081,0.09098382406046056,0.6484333333333333,0.6430117782891485,0.6538168798752801,0.9749666666666666,0.97313708829188,0.9766746229555809
T10_BUDGET_FAMILY-0663,A,T10_BUDGET_FAMILY,1.0,1,-1,1,0.1,-0.1,100.0,20.0,51,-1,5.0,0.05,-1.7101007166283435,-4.698463103929543,5.093758046972551,30000,True,0.0,0.0,0.0,0.0,0.0,0.04154514645877871,0.08734366165532688,0.10053117633535208,0.1253065718028508,2.128292898711926,4.456342536838366,5.132648924414616,6.390252549647113,0.09959161482446094,0.10146531722598584,0.5987666666666667,0.5932079161976938,0.6043001265018801,0.9486333333333333,0.9460774801335776,0.9510743074781549
T10_BUDGET_FAMILY-0664,A,T10_BUDGET_FAMILY,1.0,1,-1,1,0.1,-0.1,100.0,20.0,51,1,5.0,0.05,-1.7101007166283435,4.698463103929543,5.093758046972551,30000,True,0.0,0.0,0.0,0.0,0.0,0.03880801651384019,0.07939315965630193,0.09097416982920599,0.11384300122842712,1.985653214239699,4.049234943129904,4.646631791257701,5.810494368336292,0.09010842882723329,0.09170131861063628,0.6398,0.6343501482646031,0.6452140539230488,0.9732333333333333,0.9713454681301897,0.9750000202956789
T10_BUDGET_FAMILY-0665,A,T10_BUDGET_FAMILY,1.0,1,-1,1,0.1,-0.1,100.0,20.0,52,-1,5.0,0.05,-1.7101007166283435,-4.698463103929543,4.999405219057296,30000,True,0.0,0.0,0.0,0.0,0.0,0.04224208949469353,0.08840886870059925,0.10152217614427733,0.12673741829185425,2.2065007574238304,4.595553819740635,5.285865003210968,6.5740702397596955,0.1006566404808546,0.10239796370255282,0.5902,0.5846236948716513,0.5957532081135145,0.9458666666666666,0.9432485498611286,0.9483706128622932
T10_BUDGET_FAMILY-0666,A,T10_BUDGET_FAMILY,1.0,1,-1,1,0.1,-0.1,100.0,20.0,52,1,5.0,0.05,-1.7101007166283435,4.698463103929543,4.999405219057296,30000,True,0.0,0.0,0.0,0.0,0.0,0.03943537011681846,0.08012639867463975,0.09168844254732865,0.11455953223837631,2.0616709406753038,4.166196775480943,4.779269568826641,5.972060853091079,0.09090695059731953,0.09243578193735989,0.6326,0.6271280081278438,0.6380380377239635,0.9716666666666667,0.9697278625001099,0.9734846937600888
T10_BUDGET_FAMILY-0667,A,T10_BUDGET_FAMILY,1.0,1,-1,1,0.1,-0.1,100.0,20.0,53,-1,5.0,0.05,-1.7101007166283435,-4.698463103929543,4.908475858483556,30000,True,0.0,0.0,0.0,0.0,0.0,0.04290093282839603,0.08939090954811396,0.10268508003946449,0.12792576567068759,2.2853370691687056,4.738510978466179,5.442631874409433,6.767109023508623,0.10174495298947828,0.1034272851734855,0.5814333333333334,0.5758408703761763,0.5870049441074751,0.9427,0.9400129033177584,0.945273736943139
T10_BUDGET_FAMILY-0668,A,T10_BUDGET_FAMILY,1.0,1,-1,1,0.1,-0.1,100.0,20.0,53,1,5.0,0.05,-1.7101007166283435,4.698463103929543,4.908475858483556,30000,True,0.0,0.0,0.0,0.0,0.0,0.04008399221476473,0.08087176154985329,0.09236758057563013,0.11534898015386119,2.1324512052580364,4.287178053435731,4.91308258767179,6.127234673012225,0.09163695231318085,0.09319879647200278,0.6245333333333334,0.6190380900060026,0.6299966880991636,0.9698,0.9678024757160838,0.9716772251977849
T10_BUDGET_FAMILY-0669,A,T10_BUDGET_FAMILY,1.0,1,-1,1,0.1,-0.1,100.0,20.0,54,-1,5.0,0.05,-1.7101007166283435,-4.698463103929543,4.820787395443206,30000,True,0.0,0.0,0.0,0.0,0.0,0.043643521096588984,0.09034903013100451,0.1037035983148621,0.1289466532940136,2.3675774006421717,4.879118097873174,5.60062288437788,6.964372055474684,0.10276468891820485,0.10440482494983001,0.5727,0.5670932410824916,0.5782881430308295,0.9397666666666666,0.9370176925993124,0.9424030321173521
T10_BUDGET_FAMILY-0670,A,T10_BUDGET_FAMILY,1.0,1,-1,1,0.1,-0.1,100.0,20.0,54,1,5.0,0.05,-1.7101007166283435,4.698463103929543,4.820787395443206,30000,True,0.0,0.0,0.0,0.0,0.0,0.0406938253925966,0.08160954016031562,0.09312478844835799,0.11614809611073743,2.206315333655768,4.403094184761131,5.046284366693169,6.289949690021341,0.09238628802153735,0.09394497991121621,0.6163333333333333,0.6108161155001572,0.6218207623336303,0.9679333333333333,0.9658790546217159,0.9698677909458228
T10_BUDGET_FAMILY-0671,A,T10_BUDGET_FAMILY,1.0,1,-1,1,0.1,-0.1,100.0,20.0,55,-1,5.0,0.05,-1.7101007166283435,-4.698463103929543,4.736169985633234,30000,True,0.0,0.0,0.0,0.0,0.0,0.04440133786534271,0.09134791508240131,0.10476974872212734,0.13009515631467072,2.452173582295826,5.020854289154111,5.759162133265639,7.165631430675531,0.10394036575180339,0.10546167675110199,0.5633666666666667,0.5577465993221338,0.5689705080595369,0.9357,0.9328682054753193,0.9384202272368402
T10_BUDGET_FAMILY-0672,A,T10_BUDGET_FAMILY,1.0,1,-1,1,0.1,-0.1,100.0,20.0,55,1,5.0,0.05,-1.7101007166283435,4.698463103929543,4.736169985633234,30000,True,0.0,0.0,0.0,0.0,0.0,0.041317567998768304,0.08232977411639514,0.09387219623271195,0.11695223482674622,2.2805023135331055,4.5255521779832355,5.182054528481164,6.442017389111857,0.09314035483011429,0.09467968466417848,0.6071666666666666,0.6016268409726685,0.6126790507853906,0.9665333333333334,0.9644376792611571,0.968509524796634
T10_BUDGET_FAMILY-0673,A,T10_BUDGET_FAMILY,1.0,1,-1,1,0.1,-0.1,100.0,20.0,56,-1,5.0,0.05,-1.7101007166283435,-4.698463103929543,4.654465422955058,30000,True,0.0,0.0,0.0,0.0,0.0,0.04512746657737602,0.09237068614255481,0.10582351936375188,0.13135698989253722,2.539394220420779,5.169519110898116,5.925870443547815,7.368775590123246,0.10499171216976766,0.10655805337728808,0.5552,0.5495699450817346,0.5608159201597418,0.9321,0.9291975439528172,0.9348918105914202
T10_BUDGET_FAMILY-0674,A,T10_BUDGET_FAMILY,1.0,1,-1,1,0.1,-0.1,100.0,20.0,56,1,5.0,0.05,-1.7101007166283435,4.698463103929543,4.654465422955058,30000,True,0.0,0.0,0.0,0.0,0.0,0.041946923446150794,0.08307935912411361,0.09460821818026233,0.11766880280175902,2.3546333749515833,4.6499216611492145,5.3160063594352875,6.5986460986452204,0.09391183292561449,0.09547447312659786,0.5998,0.5942434857951876,0.6053309589711046,0.9645666666666667,0.9624144856919817,0.9665998886259258
T10_BUDGET_FAMILY-0675,A,T10_BUDGET_FAMILY,1.0,1,-1,1,0.1,-0.1,100.0,20.0,57,-1,5.0,0.05,-1.7101007166283435,-4.698463103929543,4.575526161581398,30000,True,0.0,0.0,0.0,0.0,0.0,0.045904163898582886,0.09332290375779576,0.10691121310720282,0.1327175194423226,2.628591210275387,5.321543424494509,6.089495019235598,7.5716063753072795,0.10611742335146208,0.10761060622612947,0.5465666666666666,0.5409277248052639,0.5521936844594356,0.9277,0.9247142906953435,0.9305761905325441
T10_BUDGET_FAMILY-0676,A,T10_BUDGET_FAMILY,1.0,1,-1,1,0.1,-0.1,100.0,20.0,57,1,5.0,0.05,-1.7101007166283435,4.698463103929543,4.575526161581398,30000,True,0.0,0.0,0.0,0.0,0.0,0.04261714987211886,0.08383491281362279,0.09532765733671442,0.11837636049169638,2.4326637124021686,4.777795507693064,5.457284287728823,6.7577571174512885,0.09464767355617304,0.096236037800854,0.5917666666666667,0.5861934410311825,0.5973163941196532,0.9623333333333334,0.9601190522869842,0.964429227241564
T10_BUDGET_FAMILY-0677,A,T10_BUDGET_FAMILY,1.0,1,-1,1,0.1,-0.1,100.0,20.0,58,-1,5.0,0.05,-1.7101007166283435,-4.698463103929543,4.499214434795293,30000,True,0.0,0.0,0.0,0.0,0.0,0.046650172244682396,0.09435371879654177,0.1080673970221515,0.13396790581194173,2.7188669213620673,5.472998458385231,6.255262907693853,7.769114340876351,0.1071150429221623,0.10878361948696895,0.5378666666666667,0.532220497893587,0.5435031391319668,0.9238,0.9207431429253822,0.9267483369539228
T10_BUDGET_FAMILY-0678,A,T10_BUDGET_FAMILY,1.0,1,-1,1,0.1,-0.1,100.0,20.0,58,1,5.0,0.05,-1.7101007166283435,4.698463103929543,4.499214434795293,30000,True,0.0,0.0,0.0,0.0,0.0,0.04324581367426045,0.08460939572911459,0.09610225267319805,0.119108411841576,2.5105049139423237,4.903856220561255,5.5945459605102466,6.918256252258237,0.09542355718705703,0.09700196596934088,0.5834333333333334,0.5778443965686512,0.5890009057860682,0.9601,0.9578256629280313,0.9622565218111576
T10_BUDGET_FAMILY-0679,A,T10_BUDGET_FAMILY,1.0,1,-1,1,0.1,-0.1,100.0,20.0,59,-1,5.0,0.05,-1.7101007166283435,-4.698463103929543,4.425401459633302,30000,True,0.0,0.0,0.0,0.0,0.0,0.047386440716943465,0.09531379370693957,0.10909859055450798,0.13536115934034854,2.810221354156221,5.6293528454078485,6.432145374921233,7.97198550632084,0.10814221862037075,0.10989221613960212,0.5287666666666667,0.5231147872178318,0.5344111799943628,0.9198333333333333,0.9167064747897371,0.9228526874786165
T10_BUDGET_FAMILY-0680,A,T10_BUDGET_FAMILY,1.0,1,-1,1,0.1,-0.1,100.0,20.0,59,1,5.0,0.05,-1.7101007166283435,4.698463103929543,4.425401459633302,30000,True,0.0,0.0,0.0,0.0,0.0,0.043886827769640036,0.08540850140050961,0.09693467274707754,0.11991657506853454,2.5904826250050594,5.034831703186392,5.739685022574185,7.086346740971726,0.09617565306682999,0.097750616790387,0.5756333333333333,0.570031176646587,0.5812161230109673,0.9582666666666667,0.9559444424978301,0.9604715450262133
T10_BUDGET_FAMILY-0681,A,T10_BUDGET_FAMILY,1.0,1,-1,1,0.1,-0.1,100.0,20.0,60,-1,5.0,0.05,-1.7101007166283435,-4.698463103929543,4.353966717760111,30000,True,0.0,0.0,0.0,0.0,0.0,0.04815693684547154,0.09634101125388266,0.11032504049660333,0.13668856809991467,2.9027837284799713,5.783132435208487,6.611521804784324,8.186610741505076,0.10915487878894628,0.11103586387957473,0.5201666666666667,0.5145111213082243,0.5258170480583779,0.9157333333333333,0.9125364549631528,0.9188237571695114
T10_BUDGET_FAMILY-0682,A,T10_BUDGET_FAMILY,1.0,1,-1,1,0.1,-0.1,100.0,20.0,60,1,5.0,0.05,-1.7101007166283435,4.698463103929543,4.353966717760111,30000,True,0.0,0.0,0.0,0.0,0.0,0.04454987704195427,0.08614438807948091,0.09773156637993358,0.1207330808775468,2.6711811355427932,5.165129168861504,5.881180028794404,7.257945205125785,0.09698292223223817,0.09849015767411065,0.5671666666666667,0.5615517731548666,0.5727643611818333,0.9562,0.9538252149602747,0.9584579684303317
T10_BUDGET_FAMILY-0683,A,T10_BUDGET_FAMILY,1.0,1,1,-1,0.1,0.1,100.0,-20.0,50,-1,5.0,0.05,1.7101007166283435,-4.698463103929543,5.557216244391504,30000,True,0.0,0.0,0.0,0.0,0.0,0.034943298808484256,0.07258283758250045,0.08337036150623106,0.10464270226757648,1.7489302544454186,3.6276173853033846,4.1690534343035655,5.248239055047358,0.08270774044965279,0.08420416636800297,0.6991666666666667,0.6939517538766363,0.7043305799505503,0.9854333333333334,0.9840140902011864,0.9867282742381972
T10_BUDGET_FAMILY-0684,A,T10_BUDGET_FAMILY,1.0,1,1,-1,0.1,0.1,100.0,-20.0,50,1,5.0,0.05,1.7101007166283435,4.698463103929543,5.557216244391504,30000,True,0.0,0.0,0.0,0.0,0.0,0.03721595580175716,0.07933864950857966,0.0913389618354762,0.1143357080263516,1.8658925210555888,3.957866655723047,4.566737371948811,5.706533006733069,0.09045848850879863,0.0922389384149585,0.6572,0.6518091609708112,0.6625505856951321,0.9707333333333333,0.9687649121510611,0.9725812164359726
T10_BUDGET_FAMILY-0685,A,T10_BUDGET_FAMILY,1.0,1,1,-1,0.1,0.1,100.0,-20.0,51,-1,5.0,0.05,1.7101007166283435,-4.698463103929543,5.445155293081866,30000,True,0.0,0.0,0.0,0.0,0.0,0.03558338513746406,0.07336619319378736,0.08425404713479195,0.1055101023458918,1.8134426127150178,3.7365058497309787,4.289854204439579,5.3957048685059945,0.08352161515997533,0.0850202231981171,0.6907,0.685445615662568,0.695905552843764,0.9844666666666667,0.9830040242531595,0.9858052543818745
T10_BUDGET_FAMILY-0686,A,T10_BUDGET_FAMILY,1.0,1,1,-1,0.1,0.1,100.0,-20.0,51,1,5.0,0.05,1.7101007166283435,4.698463103929543,5.445155293081866,30000,True,0.0,0.0,0.0,0.0,0.0,0.037933771657446505,0.08028362826103505,0.09244054639468179,0.11547929703240421,1.9390900350876794,4.0863890105621286,4.712812998797005,5.876352952542655,0.09147263433836907,0.0933359043541287,0.6476666666666666,0.6422425208982717,0.653053000248914,0.9682333333333333,0.9661880503677072,0.9701587183804914
T10_BUDGET_FAMILY-0687,A,T10_BUDGET_FAMILY,1.0,1,1,-1,0.1,0.1,100.0,-20.0,52,-1,5.0,0.05,1.7101007166283435,-4.698463103929543,5.337511590690841,30000,True,0.0,0.0,0.0,0.0,0.0,0.036167576735216075,0.07412283259349522,0.08504714060960844,0.10636391614708447,1.881853463735381,3.850299350265584,4.416475997665694,5.544890445013719,0.08430102248079557,0.08576168793245838,0.6825333333333333,0.6772428223090422,0.6877771040570956,0.9838,0.9823082474566452,0.9851678685546993
T10_BUDGET_FAMILY-0688,A,T10_BUDGET_FAMILY,1.0,1,1,-1,0.1,0.1,100.0,-20.0,52,1,5.0,0.05,1.7101007166283435,4.698463103929543,5.337511590690841,30000,True,0.0,0.0,0.0,0.0,0.0,0.03864779840964776,0.08131729734918011,0.09347777617517299,0.11675778502930192,2.012396382734372,4.2207541072769805,4.859877269255967,6.053320077962353,0.09253599598591809,0.09442006594989899,0.6391333333333333,0.6336813761699952,0.6445496633939672,0.9662,0.9640946371409694,0.9681859856049767
T10_BUDGET_FAMILY-0689,A,T10_BUDGET_FAMILY,1.0,1,1,-1,0.1,0.1,100.0,-20.0,53,-1,5.0,0.05,1.7101007166283435,-4.698463103929543,5.234029721853347,30000,True,0.0,0.0,0.0,0.0,0.0,0.03678591470224974,0.0749359684593019,0.08584501219370902,0.1073964349188338,1.9505531546279473,3.9674942041095194,4.548383890819983,5.691689134709771,0.0850935151169417,0.08653054833912449,0.6732666666666667,0.6679374261883143,0.6785515397085419,0.9826,0.9810573957826351,0.9840190275060688
T10_BUDGET_FAMILY-0690,A,T10_BUDGET_FAMILY,1.0,1,1,-1,0.1,0.1,100.0,-20.0,53,1,5.0,0.05,1.7101007166283435,4.698463103929543,5.234029721853347,30000,True,0.0,0.0,0.0,0.0,0.0,0.03935703160519894,0.08227886321544638,0.09452614985582708,0.11793980471006288,2.089504086156203,4.357740546754059,5.008996692550053,6.233446430023173,0.09365228699193442,0.09550375596244988,0.63,0.6245203355331148,0.635446376086304,0.9637666666666667,0.9615919946815178,0.9658225844879625
T10_BUDGET_FAMILY-0691,A,T10_BUDGET_FAMILY,1.0,1,1,-1,0.1,0.1,100.0,-20.0,54,-1,5.0,0.05,1.7101007166283435,-4.698463103929543,5.134473537930269,30000,True,0.0,0.0,0.0,0.0,0.0,0.037417535586540235,0.07573953151749271,0.08662825448332177,0.10831077416791264,2.0210492366806503,4.083128849020102,4.679970855486382,5.843453820550639,0.0859420751210654,0.08735934794079672,0.6655,0.6601401149100088,0.6708175064208666,0.9814333333333334,0.9798430361973012,0.9829003524999465
T10_BUDGET_FAMILY-0692,A,T10_BUDGET_FAMILY,1.0,1,1,-1,0.1,0.1,100.0,-20.0,54,1,5.0,0.05,1.7101007166283435,4.698463103929543,5.134473537930269,30000,True,0.0,0.0,0.0,0.0,0.0,0.04003485228009212,0.0833284048685721,0.09558928891363479,0.11917972242712614,2.1659484445610304,4.495069295485562,5.159203641767219,6.419991202870562,0.09476179092217671,0.09647520063701673,0.6203,0.6147932043215645,0.6257759911231744,0.9610333333333333,0.9587838566489002,0.9631647557634537
T10_BUDGET_FAMILY-0693,A,T10_BUDGET_FAMILY,1.0,1,1,-1,0.1,0.1,100.0,-20.0,55,-1,5.0,0.05,1.7101007166283435,-4.698463103929543,5.038624378676505,30000,True,0.0,0.0,0.0,0.0,0.0,0.03804939886234448,0.07652963944550674,0.08736336686843048,0.1092432392229035,2.0921097764690155,4.2005177178269,4.812174663592925,5.998749978825984,0.08669783659213873,0.08813720682851285,0.6565,0.6511066341664568,0.6618532917446126,0.9804666666666667,0.978838042781981,0.981972260110917
T10_BUDGET_FAMILY-0694,A,T10_BUDGET_FAMILY,1.0,1,1,-1,0.1,0.1,100.0,-20.0,55,1,5.0,0.05,1.7101007166283435,4.698463103929543,5.038624378676505,30000,True,0.0,0.0,0.0,0.0,0.0,0.040760431787597765,0.08432086753439708,0.09676086052650497,0.12047340185002003,2.2461500675919703,4.631319009217124,5.3150803933297714,6.609248181185543,0.09591611642807087,0.0975456366490992,0.6109666666666667,0.6054359638881993,0.6164689548248891,0.9587666666666667,0.9564573816062197,0.9609584778855905
T10_BUDGET_FAMILY-0695,A,T10_BUDGET_FAMILY,1.0,1,1,-1,0.1,0.1,100.0,-20.0,56,-1,5.0,0.05,1.7101007166283435,-4.698463103929543,4.946279486806863,30000,True,0.0,0.0,0.0,0.0,0.0,0.038679142198359884,0.07727962497600847,0.08816820449706153,0.11007218866082814,2.1657823341863707,4.319433643882545,4.9484568749082385,6.1580808063497425,0.08752371022569465,0.0889428458413103,0.6477666666666667,0.6423428579534529,0.6531526375872865,0.9793333333333333,0.9776610374625723,0.9808828889700536
T10_BUDGET_FAMILY-0696,A,T10_BUDGET_FAMILY,1.0,1,1,-1,0.1,0.1,100.0,-20.0,56,1,5.0,0.05,1.7101007166283435,4.698463103929543,4.946279486806863,30000,True,0.0,0.0,0.0,0.0,0.0,0.04144980796757203,0.08534265705631519,0.0978462529330957,0.1216469400503563,2.3277412158050765,4.773508007099403,5.47113929711369,6.797771150917391,0.09701726039644866,0.09865051806045079,0.6028,0.5972501237978121,0.6083235527750821,0.9560666666666666,0.9536885400048108,0.9583280108610576
T10_BUDGET_FAMILY-0697,A,T10_BUDGET_FAMILY,1.0,1,1,-1,0.1,0.1,100.0,-20.0,57,-1,5.0,0.05,1.7101007166283435,-4.698463103929543,4.85725059154318,30000,True,0.0,0.0,0.0,0.0,0.0,0.03932991678416187,0.07805868552607202,0.08891809757558983,0.11081845726926151,2.238076719570734,4.43980357216146,5.0806306683691576,6.316429815738076,0.08831608727115131,0.0897363747657076,0.6385666666666666,0.6331129288130594,0.6439849225207671,0.978,0.9762779312742262,0.9795996699110212
T10_BUDGET_FAMILY-0698,A,T10_BUDGET_FAMILY,1.0,1,1,-1,0.1,0.1,100.0,-20.0,57,1,5.0,0.05,1.7101007166283435,4.698463103929543,4.85725059154318,30000,True,0.0,0.0,0.0,0.0,0.0,0.04219859816547935,0.08638783586959868,0.09897570786231794,0.12303662296594298,2.412460101024003,4.916942381011288,5.63315043485918,6.995935428385163,0.09813954038211953,0.09972971633117592,0.5935666666666667,0.5879970513549897,0.5991123228798074,0.9533666666666667,0.9509220940379921,0.9556951482019347
T10_BUDGET_FAMILY-0699,A,T10_BUDGET_FAMILY,1.0,1,1,-1,0.1,0.1,100.0,-20.0,58,-1,5.0,0.05,1.7101007166283435,-4.698463103929543,4.771362640547646,30000,True,0.0,0.0,0.0,0.0,0.0,0.03997291483162123,0.07886299834593327,0.08972962961642751,0.11167462507034544,2.3124129607212303,4.562781214165971,5.217974552921936,6.478066259605762,0.08908381018989112,0.09064961602935787,0.6304333333333333,0.6249549358141294,0.6358783315106874,0.9763,0.9745167615094725,0.977961274985367
T10_BUDGET_FAMILY-0700,A,T10_BUDGET_FAMILY,1.0,1,1,-1,0.1,0.1,100.0,-20.0,58,1,5.0,0.05,1.7101007166283435,4.698463103929543,4.771362640547646,30000,True,0.0,0.0,0.0,0.0,0.0,0.04292747232665012,0.08740600013225584,0.10014012323323987,0.12427433644772144,2.4951919830044544,5.062610597487184,5.796561455549266,7.191159020780374,0.09927062541330058,0.10080921985648832,0.5848,0.5792135270961892,0.5903647586370931,0.9497,0.9471686811424284,0.952116166667207
T10_BUDGET_FAMILY-0701,A,T10_BUDGET_FAMILY,1.0,1,1,-1,0.1,0.1,100.0,-20.0,59,-1,5.0,0.05,1.7101007166283435,-4.698463103929543,4.688452662460041,30000,True,0.0,0.0,0.0,0.0,0.0,0.04062233094142213,0.07968876964717732,0.09059633817306362,0.11246556162857502,2.390933321811033,4.688322532686959,5.3544623003520195,6.636900141829835,0.08994191897507862,0.09142589970180176,0.6212333333333333,0.6157290464219487,0.6267065766959554,0.9749333333333333,0.9731026137686316,0.9766424393476449
T10_BUDGET_FAMILY-0702,A,T10_BUDGET_FAMILY,1.0,1,1,-1,0.1,0.1,100.0,-20.0,59,1,5.0,0.05,1.7101007166283435,4.698463103929543,4.688452662460041,30000,True,0.0,0.0,0.0,0.0,0.0,0.04368906219773525,0.08839897716826856,0.1012029332148484,0.12570664545990154,2.5829692849638586,5.209103488987424,5.959031578722,7.399336634616985,0.10042731236007625,0.10194429400043802,0.5755333333333333,0.5699310164366552,0.5811163088273456,0.9466,0.9439981992005563,0.9490874424089238
T10_BUDGET_FAMILY-0703,A,T10_BUDGET_FAMILY,1.0,1,1,-1,0.1,0.1,100.0,-20.0,60,-1,5.0,0.05,1.7101007166283435,-4.698463103929543,4.60836874464548,30000,True,0.0,0.0,0.0,0.0,0.0,0.041283413614719204,0.08043008425098547,0.0913579317417895,0.1132800805780499,2.4705159825955985,4.814099462175175,5.493316539843555,6.804401370916671,0.09073079410773548,0.09222070081833257,0.6133333333333333,0.6078084903651363,0.6188291556620492,0.9734,0.9715176484673906,0.9751611306144006
T10_BUDGET_FAMILY-0704,A,T10_BUDGET_FAMILY,1.0,1,1,-1,0.1,0.1,100.0,-20.0,60,1,5.0,0.05,1.7101007166283435,4.698463103929543,4.60836874464548,30000,True,0.0,0.0,0.0,0.0,0.0,0.044448782593436556,0.08945953938189367,0.1023075690127854,0.1269911556758321,2.6719352597270762,5.358220505632088,6.130115286686176,7.600424046008787,0.10146225359640344,0.10304922032926006,0.5658,0.560183207111491,0.5713999438466454,0.943,0.9403193385965024,0.9455672248450552
T10_BUDGET_FAMILY-0705,A,T10_BUDGET_FAMILY,1.0,1,1,1,0.1,0.1,100.0,20.0,50,-1,5.0,0.05,-1.7101007166283435,-4.698463103929543,5.19173084870971,30000,True,0.0,0.0,0.0,0.0,0.0,0.0395656848338146,0.0801981931640735,0.09182155535941278,0.11457146158746881,1.9770088518779565,4.005404021902353,4.588546805133522,5.730781846602638,0.09094562321471912,0.0925435736229295,0.6309,0.6254229721676162,0.6363435089937831,0.9715333333333334,0.9695902657820274,0.9733556579534335
T10_BUDGET_FAMILY-0706,A,T10_BUDGET_FAMILY,1.0,1,1,1,0.1,0.1,100.0,20.0,50,1,5.0,0.05,-1.7101007166283435,4.698463103929543,5.19173084870971,30000,True,0.0,0.0,0.0,0.0,0.0,0.042272927249018294,0.0881046254657646,0.10123572546277089,0.12587578841985617,2.120728223834153,4.3973824954623275,5.058227227304356,6.2905750270528,0.10026922710087931,0.10219969984128027,0.5904666666666667,0.5848908815828767,0.5960192864517649,0.9470333333333333,0.9444412365089059,0.9495109608059722
T10_BUDGET_FAMILY-0707,A,T10_BUDGET_FAMILY,1.0,1,1,1,0.1,0.1,100.0,20.0,51,-1,5.0,0.05,-1.7101007166283435,-4.698463103929543,5.093758046972551,30000,True,0.0,0.0,0.0,0.0,0.0,0.040175878302508274,0.08094568980508357,0.0925533414645078,0.1154222301875885,2.0505651590734058,4.122731924144543,4.718089405423267,5.8838481644450615,0.09172627445733166,0.0932446599312591,0.6226,0.6170994255948442,0.6280691809016231,0.9694666666666667,0.9674588685462628,0.9713542510557613
T10_BUDGET_FAMILY-0708,A,T10_BUDGET_FAMILY,1.0,1,1,1,0.1,0.1,100.0,20.0,51,1,5.0,0.05,-1.7101007166283435,4.698463103929543,5.093758046972551,30000,True,0.0,0.0,0.0,0.0,0.0,0.042988946285027245,0.08908613086918811,0.10221585930712335,0.12710581902008797,2.1959771522547014,4.5354810617665775,5.212452774431333,6.471210222607072,0.10124395082315778,0.10318771501176886,0.5813,0.5757073053159733,0.5868718766429403,0.9441,0.9414431104274484,0.9466431713431968
T10_BUDGET_FAMILY-0709,A,T10_BUDGET_FAMILY,1.0,1,1,1,0.1,0.1,100.0,20.0,52,-1,5.0,0.05,-1.7101007166283435,-4.698463103929543,4.999405219057296,30000,True,0.0,0.0,0.0,0.0,0.0,0.040818034202823754,0.08167669714218097,0.0932142994746033,0.11612308502573931,2.1252739521897626,4.241090636868306,4.852324216793072,6.0420032872441665,0.09247079054858832,0.09400561791703328,0.6141666666666666,0.6086439196416037,0.6196601796651936,0.9680666666666666,0.9660163802872993,0.9699970978049771
T10_BUDGET_FAMILY-0710,A,T10_BUDGET_FAMILY,1.0,1,1,1,0.1,0.1,100.0,20.0,52,1,5.0,0.05,-1.7101007166283435,4.698463103929543,4.999405219057296,30000,True,0.0,0.0,0.0,0.0,0.0,0.04371294509007511,0.09007485057443983,0.10327842217434248,0.1284186337736221,2.274363896766193,4.676853587375877,5.364845907045809,6.6568744610090755,0.10230979212475716,0.10413509563668814,0.5729333333333333,0.5673269331356181,0.5785210578959943,0.9408666666666666,0.9381406781325332,0.9434797649132187
T10_BUDGET_FAMILY-0711,A,T10_BUDGET_FAMILY,1.0,1,1,1,0.1,0.1,100.0,20.0,53,-1,5.0,0.05,-1.7101007166283435,-4.698463103929543,4.908475858483556,30000,True,0.0,0.0,0.0,0.0,0.0,0.04148021024007152,0.08242641695227831,0.09390513343720198,0.11688153632902216,2.198494345846754,4.361930583149649,4.987863842565566,6.197578614607131,0.09319437969901105,0.09473929594222422,0.6053333333333333,0.5997892317293976,0.6108504628135161,0.9660666666666666,0.9639574352268806,0.9680565549943277
T10_BUDGET_FAMILY-0712,A,T10_BUDGET_FAMILY,1.0,1,1,1,0.1,0.1,100.0,20.0,53,1,5.0,0.05,-1.7101007166283435,4.698463103929543,4.908475858483556,30000,True,0.0,0.0,0.0,0.0,0.0,0.04443101734342908,0.0910778318099693,0.10435376973185183,0.12957531797948918,2.3564120355321885,4.818679650183205,5.523213782167643,6.85090193565767,0.10350240324884437,0.1051841763254829,0.5634333333333333,0.557813353869807,0.5690370697742325,0.9375,0.9347044556039699,0.940183516192151
T10_BUDGET_FAMILY-0713,A,T10_BUDGET_FAMILY,1.0,1,1,1,0.1,0.1,100.0,20.0,54,-1,5.0,0.05,-1.7101007166283435,-4.698463103929543,4.820787395443206,30000,True,0.0,0.0,0.0,0.0,0.0,0.04210751868065148,0.08311815292890744,0.09463151418190695,0.117732435606007,2.273719506323588,4.481505099272381,5.123740131163376,6.360060694418483,0.09392110877474195,0.09549283973774897,0.5970666666666666,0.5915042929719573,0.6026041850372087,0.9642333333333334,0.9620717468570348,0.9662760461490281
T10_BUDGET_FAMILY-0714,A,T10_BUDGET_FAMILY,1.0,1,1,1,0.1,0.1,100.0,20.0,54,1,5.0,0.05,-1.7101007166283435,4.698463103929543,4.820787395443206,30000,True,0.0,0.0,0.0,0.0,0.0,0.04518659847844449,0.09200729270742448,0.10539269708055975,0.13055740606550614,2.4417369499039263,4.962593139327795,5.683634195391875,7.048907398619713,0.10454340573601038,0.10609863601651552,0.5544,0.5487690495119854,0.5600170205810638,0.9337333333333333,0.9308626409494928,0.9364929620227832
T10_BUDGET_FAMILY-0715,A,T10_BUDGET_FAMILY,1.0,1,1,1,0.1,0.1,100.0,20.0,55,-1,5.0,0.05,-1.7101007166283435,-4.698463103929543,4.736169985633234,30000,True,0.0,0.0,0.0,0.0,0.0,0.04273921151909367,0.08387363189419662,0.09541247116811759,0.11862578001062758,2.3509081792029978,4.602433522656619,5.257416076589662,6.519033533130308,0.09469631341888177,0.09627629715341031,0.5899,0.5843231118426707,0.595453867961835,0.9623,0.9600848080026672,0.9643968133946967
T10_BUDGET_FAMILY-0716,A,T10_BUDGET_FAMILY,1.0,1,1,1,0.1,0.1,100.0,20.0,55,1,5.0,0.05,-1.7101007166283435,4.698463103929543,4.736169985633234,30000,True,0.0,0.0,0.0,0.0,0.0,0.04590643436641231,0.0930406774152308,0.1064092404642821,0.13184347336141722,2.5290972610110485,5.106214231281069,5.844604929441314,7.248633466957813,0.10565828071553343,0.10721149201747963,0.5459333333333334,0.5402938069120702,0.5515610978601246,0.9295666666666667,0.9266158760821576,0.9324074604920601
T10_BUDGET_FAMILY-0717,A,T10_BUDGET_FAMILY,1.0,1,1,1,0.1,0.1,100.0,20.0,56,-1,5.0,0.05,-1.7101007166283435,-4.698463103929543,4.654465422955058,30000,True,0.0,0.0,0.0,0.0,0.0,0.043370466226223696,0.08459053966074125,0.09618599629508992,0.11932955793379982,2.426975215463964,4.729199064864136,5.393444979836505,6.678781109395165,0.09540737508402243,0.09699772994277277,0.5820333333333333,0.5764419183307388,0.5876037425142329,0.9605,0.9582362765304098,0.9626458057829927
T10_BUDGET_FAMILY-0718,A,T10_BUDGET_FAMILY,1.0,1,1,1,0.1,0.1,100.0,20.0,56,1,5.0,0.05,-1.7101007166283435,4.698463103929543,4.654465422955058,30000,True,0.0,0.0,0.0,0.0,0.0,0.04668387407615907,0.09404163430312071,0.1075214820126998,0.1331509202442208,2.6198024505321076,5.256432975493576,6.012329422097875,7.451648443466974,0.10669721793847627,0.10820939127959368,0.5377666666666666,0.5321204248818763,0.5434032377501239,0.9250666666666667,0.9220326568406587,0.9279918320236562
T10_BUDGET_FAMILY-0719,A,T10_BUDGET_FAMILY,1.0,1,1,1,0.1,0.1,100.0,20.0,57,-1,5.0,0.05,-1.7101007166283435,-4.698463103929543,4.575526161581398,30000,True,0.0,0.0,0.0,0.0,0.0,0.04402682492718344,0.08536997091409329,0.09688339920143606,0.11994731560522466,2.5067137565890483,4.8557115950757614,5.533914429881927,6.836108743177119,0.09617664803527154,0.09772497642748117,0.5734333333333334,0.5678277061055718,0.5790201568938077,0.9583333333333334,0.9560128292422642,0.9605364745441481
T10_BUDGET_FAMILY-0720,A,T10_BUDGET_FAMILY,1.0,1,1,1,0.1,0.1,100.0,20.0,57,1,5.0,0.05,-1.7101007166283435,4.698463103929543,4.575526161581398,30000,True,0.0,0.0,0.0,0.0,0.0,0.04741341173172773,0.09501452409588813,0.10859984810300735,0.13441162693224018,2.7092727030552304,5.409825195075385,6.178842510206246,7.655127776068439,0.10775203352075692,0.10931594392472882,0.529,0.5233482434279184,0.5346443307025674,0.9212,0.918097000893799,0.9241951447531178
T10_BUDGET_FAMILY-0721,A,T10_BUDGET_FAMILY,1.0,1,1,1,0.1,0.1,100.0,20.0,58,-1,5.0,0.05,-1.7101007166283435,-4.698463103929543,4.499214434795293,30000,True,0.0,0.0,0.0,0.0,0.0,0.04466156058249296,0.08612473891619045,0.09765325325115491,0.12066415998230538,2.5870911486001402,4.9842271240462965,5.675084572959154,7.002704516265476,0.0969410327766094,0.09854786214339606,0.5654,0.5597826594057524,0.5710005939781706,0.9563333333333334,0.9539618957767712,0.9585879201385733
T10_BUDGET_FAMILY-0722,A,T10_BUDGET_FAMILY,1.0,1,1,1,0.1,0.1,100.0,20.0,58,1,5.0,0.05,-1.7101007166283435,4.698463103929543,4.499214434795293,30000,True,0.0,0.0,0.0,0.0,0.0,0.04818105536134991,0.0960055251850196,0.10974727528373861,0.13576422707962083,2.800943346980896,5.563003141153259,6.345855422083711,7.857812199698958,0.10880995424486932,0.11037520585466708,0.5198,0.5141443356583842,0.5254505942651889,0.9174333333333333,0.9142652098157134,0.9204945670073588
T10_BUDGET_FAMILY-0723,A,T10_BUDGET_FAMILY,1.0,1,1,1,0.1,0.1,100.0,20.0,59,-1,5.0,0.05,-1.7101007166283435,-4.698463103929543,4.425401459633302,30000,True,0.0,0.0,0.0,0.0,0.0,0.04530420684865894,0.08691577813116592,0.09844573345463709,0.12143386595715136,2.6668626270117577,5.11732471516368,5.817304284423786,7.168944592242556,0.09770825914397313,0.09926440328853947,0.5578,0.5521729575944311,0.5634122418794335,0.9546,0.9521854951860581,0.9568980979076939
T10_BUDGET_FAMILY-0724,A,T10_BUDGET_FAMILY,1.0,1,1,1,0.1,0.1,100.0,20.0,59,1,5.0,0.05,-1.7101007166283435,4.698463103929543,4.425401459633302,30000,True,0.0,0.0,0.0,0.0,0.0,0.04891943935845267,0.09696948634265679,0.11076392742610366,0.13709948170821026,2.8934288748899846,5.71720487229282,6.526749489051303,8.064193549102484,0.10986409536757848,0.11156839921808072,0.5105333333333333,0.5048756736721007,0.5161882957821906,0.9136333333333333,0.9104014594573403,0.9167592904107026
T10_BUDGET_FAMILY-0725,A,T10_BUDGET_FAMILY,1.0,1,1,1,0.1,0.1,100.0,20.0,60,-1,5.0,0.05,-1.7101007166283435,-4.698463103929543,4.353966717760111,30000,True,0.0,0.0,0.0,0.0,0.0,0.045955702234095716,0.08768246299629692,0.09920377162164501,0.12226885231850192,2.7477823054143524,5.247477781271681,5.962778328758392,7.342935626135143,0.09846664257682344,0.10001053236725367,0.5499,0.544264286407235,0.5555229359759112,0.9524,0.9499321821802739,0.9547519742553033
T10_BUDGET_FAMILY-0726,A,T10_BUDGET_FAMILY,1.0,1,1,1,0.1,0.1,100.0,20.0,60,1,5.0,0.05,-1.7101007166283435,4.698463103929543,4.353966717760111,30000,True,0.0,0.0,0.0,0.0,0.0,0.04969399376272226,0.0979943834380381,0.11196357557166058,0.13840961321926598,2.9880188790579707,5.872198341261245,6.707990501838643,8.281343167601758,0.11087454776373941,0.11263208204473543,0.5028333333333334,0.4971754949396457,0.5084904462110339,0.9089,0.9055912829582259,0.912104012281623
T10_BUDGET_FAMILY-0727,B,T10_BUDGET_FAMILY,0,0,0,0,0.0,0.0,0,0,50,-1,7.0,0.075,-0.0,-7.0,7.96961039432136,30000,True,0.0,0.0,0.0,0.0,0.0,0.00904723084229758,0.02190033807038205,0.02611476527663598,0.0340351917904475,0.4554916715682497,1.0986506379913947,1.3085709247932096,1.7056176713634719,0.025788010797232773,0.02635364205045917,0.9998,0.9995636838949538,0.9999083350849347,1.0,0.9998719677669952,1.0
T10_BUDGET_FAMILY-0728,B,T10_BUDGET_FAMILY,0,0,0,0,0.0,0.0,0,0,50,1,7.0,0.075,-0.0,7.0,7.96961039432136,30000,True,0.0,0.0,0.0,0.0,0.0,0.00904723084229758,0.02190033807038205,0.02611476527663598,0.0340351917904475,0.4554916715682497,1.0986506379913947,1.3085709247932096,1.7056176713634719,0.025788010797232773,0.02635364205045917,0.9998,0.9995636838949538,0.9999083350849347,1.0,0.9998719677669952,1.0
T10_BUDGET_FAMILY-0729,B,T10_BUDGET_FAMILY,0,0,0,0,0.0,0.0,0,0,51,-1,7.0,0.075,-0.0,-7.0,7.815293546766876,30000,True,0.0,0.0,0.0,0.0,0.0,0.009224791763665061,0.02231803662281922,0.026633759985963908,0.03472181887433527,0.4735921116090675,1.142315906422303,1.3605391392435686,1.7748901699650879,0.0262975810373193,0.02686109579398263,0.9997666666666667,0.9995183940812257,0.9998869667674782,1.0,0.9998719677669952,1.0
T10_BUDGET_FAMILY-0730,B,T10_BUDGET_FAMILY,0,0,0,0,0.0,0.0,0,0,51,1,7.0,0.075,-0.0,7.0,7.815293546766876,30000,True,0.0,0.0,0.0,0.0,0.0,0.009224791763665061,0.02231803662281922,0.026633759985963908,0.03472181887433527,0.4735921116090675,1.142315906422303,1.3605391392435686,1.7748901699650879,0.0262975810373193,0.02686109579398263,0.9997666666666667,0.9995183940812257,0.9998869667674782,1.0,0.9998719677669952,1.0
T10_BUDGET_FAMILY-0731,B,T10_BUDGET_FAMILY,0,0,0,0,0.0,0.0,0,0,52,-1,7.0,0.075,-0.0,-7.0,7.666804261814177,30000,True,0.0,0.0,0.0,0.0,0.0,0.009404318856263206,0.022746118306476257,0.02714085372067415,0.03541875995957433,0.4920043749091846,1.1869281745601072,1.4136048797453409,1.8456057937719428,0.026810186673160093,0.027378434577968437,0.9997333333333334,0.9994738353303702,0.9998648673871494,1.0,0.9998719677669952,1.0
T10_BUDGET_FAMILY-0732,B,T10_BUDGET_FAMILY,0,0,0,0,0.0,0.0,0,0,52,1,7.0,0.075,-0.0,7.0,7.666804261814177,30000,True,0.0,0.0,0.0,0.0,0.0,0.009404318856263206,0.022746118306476257,0.02714085372067415,0.03541875995957433,0.4920043749091846,1.1869281745601072,1.4136048797453409,1.8456057937719428,0.026810186673160093,0.027378434577968437,0.9997333333333334,0.9994738353303702,0.9998648673871494,1.0,0.9998719677669952,1.0
T10_BUDGET_FAMILY-0733,B,T10_BUDGET_FAMILY,0,0,0,0,0.0,0.0,0,0,53,-1,7.0,0.075,-0.0,-7.0,7.523820438638627,30000,True,0.0,0.0,0.0,0.0,0.0,0.009582512174258205,0.023180711889215763,0.027648043329643605,0.03609835456319536,0.5107610037973055,1.2325714401711605,1.4678658802967566,1.9169080674896644,0.027312053797909613,0.027889824439061007,0.9996666666666667,0.9993864623645906,0.9998189240905601,1.0,0.9998719677669952,1.0
T10_BUDGET_FAMILY-0734,B,T10_BUDGET_FAMILY,0,0,0,0,0.0,0.0,0,0,53,1,7.0,0.075,-0.0,7.0,7.523820438638627,30000,True,0.0,0.0,0.0,0.0,0.0,0.009582512174258205,0.023180711889215763,0.027648043329643605,0.03609835456319536,0.5107610037973055,1.2325714401711605,1.4678658802967566,1.9169080674896644,0.027312053797909613,0.027889824439061007,0.9996666666666667,0.9993864623645906,0.9998189240905601,1.0,0.9998719677669952,1.0
T10_BUDGET_FAMILY-0735,B,T10_BUDGET_FAMILY,0,0,0,0,0.0,0.0,0,0,54,-1,7.0,0.075,-0.0,-7.0,7.386043151267269,30000,True,0.0,0.0,0.0,0.0,0.0,0.00976015742657705,0.023612280923226574,0.02816533924144456,0.03679290367359879,0.5297949635406193,1.279015105150053,1.5232204519369152,1.990311002780038,0.0278084230250198,0.028398418541525566,0.9996666666666667,0.9993864623645906,0.9998189240905601,1.0,0.9998719677669952,1.0
T10_BUDGET_FAMILY-0736,B,T10_BUDGET_FAMILY,0,0,0,0,0.0,0.0,0,0,54,1,7.0,0.075,-0.0,7.0,7.386043151267269,30000,True,0.0,0.0,0.0,0.0,0.0,0.00976015742657705,0.023612280923226574,0.02816533924144456,0.03679290367359879,0.5297949635406193,1.279015105150053,1.5232204519369152,1.990311002780038,0.0278084230250198,0.028398418541525566,0.9996666666666667,0.9993864623645906,0.9998189240905601,1.0,0.9998719677669952,1.0
T10_BUDGET_FAMILY-0737,B,T10_BUDGET_FAMILY,0,0,0,0,0.0,0.0,0,0,55,-1,7.0,0.075,-0.0,-7.0,7.253194612725333,30000,True,0.0,0.0,0.0,0.0,0.0,0.009936543688270273,0.02404771822740292,0.02867184714805611,0.03745749482958186,0.549323596524731,1.3261011036790311,1.5794795361601561,2.0650251374582016,0.028311575671686094,0.02892142763684482,0.9995333333333334,0.9992167687510664,0.9997219851793465,1.0,0.9998719677669952,1.0
T10_BUDGET_FAMILY-0738,B,T10_BUDGET_FAMILY,0,0,0,0,0.0,0.0,0,0,55,1,7.0,0.075,-0.0,7.0,7.253194612725333,30000,True,0.0,0.0,0.0,0.0,0.0,0.009936543688270273,0.02404771822740292,0.02867184714805611,0.03745749482958186,0.549323596524731,1.3261011036790311,1.5794795361601561,2.0650251374582016,0.028311575671686094,0.02892142763684482,0.9995333333333334,0.9992167687510664,0.9997219851793465,1.0,0.9998719677669952,1.0
T10_BUDGET_FAMILY-0739,B,T10_BUDGET_FAMILY,0,0,0,0,0.0,0.0,0,0,56,-1,7.0,0.075,-0.0,-7.0,7.125016348901798,30000,True,0.0,0.0,0.0,0.0,0.0,0.010111786793589721,0.02448239096773592,0.029190175912074956,0.03815046251986498,0.5691578112934182,1.374061359171206,1.6365221812828363,2.139866758225074,0.02883401133558345,0.029434134423448936,0.9994,0.9990516991690099,0.9996204222366647,1.0,0.9998719677669952,1.0
T10_BUDGET_FAMILY-0740,B,T10_BUDGET_FAMILY,0,0,0,0,0.0,0.0,0,0,56,1,7.0,0.075,-0.0,7.0,7.125016348901798,30000,True,0.0,0.0,0.0,0.0,0.0,0.010111786793589721,0.02448239096773592,0.029190175912074956,0.03815046251986498,0.5691578112934182,1.374061359171206,1.6365221812828363,2.139866758225074,0.02883401133558345,0.029434134423448936,0.9994,0.9990516991690099,0.9996204222366647,1.0,0.9998719677669952,1.0
T10_BUDGET_FAMILY-0741,B,T10_BUDGET_FAMILY,0,0,0,0,0.0,0.0,0,0,57,-1,7.0,0.075,-0.0,-7.0,7.001267557495338,30000,True,0.0,0.0,0.0,0.0,0.0,0.010285338894870495,0.024912375444798174,0.029712769385507716,0.038835925101394594,0.5893466842939794,1.423109952234399,1.695915203413519,2.2165733555225717,0.02934967396667014,0.029948875352271455,0.9991666666666666,0.9987700576335687,0.9994354568538149,1.0,0.9998719677669952,1.0
T10_BUDGET_FAMILY-0742,B,T10_BUDGET_FAMILY,0,0,0,0,0.0,0.0,0,0,57,1,7.0,0.075,-0.0,7.0,7.001267557495338,30000,True,0.0,0.0,0.0,0.0,0.0,0.010285338894870495,0.024912375444798174,0.029712769385507716,0.038835925101394594,0.5893466842939794,1.423109952234399,1.695915203413519,2.2165733555225717,0.02934967396667014,0.029948875352271455,0.9991666666666666,0.9987700576335687,0.9994354568538149,1.0,0.9998719677669952,1.0
T10_BUDGET_FAMILY-0743,B,T10_BUDGET_FAMILY,0,0,0,0,0.0,0.0,0,0,58,-1,7.0,0.075,-0.0,-7.0,6.88172363063695,30000,True,0.0,0.0,0.0,0.0,0.0,0.010465618460115128,0.025340999389065765,0.030218819901403415,0.03947521862263317,0.6099818479117289,1.4734558263272166,1.7554422308277164,2.2940817064771672,0.029862073776723987,0.030471737383767586,0.999,0.9985728132946441,0.9992994105368171,1.0,0.9998719677669952,1.0
T10_BUDGET_FAMILY-0744,B,T10_BUDGET_FAMILY,0,0,0,0,0.0,0.0,0,0,58,1,7.0,0.075,-0.0,7.0,6.88172363063695,30000,True,0.0,0.0,0.0,0.0,0.0,0.010465618460115128,0.025340999389065765,0.030218819901403415,0.03947521862263317,0.6099818479117289,1.4734558263272166,1.7554422308277164,2.2940817064771672,0.029862073776723987,0.030471737383767586,0.999,0.9985728132946441,0.9992994105368171,1.0,0.9998719677669952,1.0
T10_BUDGET_FAMILY-0745,B,T10_BUDGET_FAMILY,0,0,0,0,0.0,0.0,0,0,59,-1,7.0,0.075,-0.0,-7.0,6.766174822553061,30000,True,0.0,0.0,0.0,0.0,0.0,0.010641047408636514,0.025769828811286914,0.030721911895033413,0.04015393607216157,0.6308510573441475,1.524407589578182,1.8151547609989722,2.3715714885351904,0.0303737138822454,0.030996793714792175,0.9985666666666667,0.9980700241353684,0.9989356439906949,1.0,0.9998719677669952,1.0
T10_BUDGET_FAMILY-0746,B,T10_BUDGET_FAMILY,0,0,0,0,0.0,0.0,0,0,59,1,7.0,0.075,-0.0,7.0,6.766174822553061,30000,True,0.0,0.0,0.0,0.0,0.0,0.010641047408636514,0.025769828811286914,0.030721911895033413,0.04015393607216157,0.6308510573441475,1.524407589578182,1.8151547609989722,2.3715714885351904,0.0303737138822454,0.030996793714792175,0.9985666666666667,0.9980700241353684,0.9989356439906949,1.0,0.9998719677669952,1.0
T10_BUDGET_FAMILY-0747,B,T10_BUDGET_FAMILY,0,0,0,0,0.0,0.0,0,0,60,-1,7.0,0.075,-0.0,-7.0,6.654425046006596,30000,True,0.0,0.0,0.0,0.0,0.0,0.010818806800744697,0.026194267615242475,0.031222836137123622,0.04084727825680865,0.6522102747976897,1.5758366282147118,1.8763051084875146,2.451596758705126,0.030869803175872335,0.03151182039722862,0.9983333333333333,0.9978035883347138,0.998735472873058,1.0,0.9998719677669952,1.0
T10_BUDGET_FAMILY-0748,B,T10_BUDGET_FAMILY,0,0,0,0,0.0,0.0,0,0,60,1,7.0,0.075,-0.0,7.0,6.654425046006596,30000,True,0.0,0.0,0.0,0.0,0.0,0.010818806800744697,0.026194267615242475,0.031222836137123622,0.04084727825680865,0.6522102747976897,1.5758366282147118,1.8763051084875146,2.451596758705126,0.030869803175872335,0.03151182039722862,0.9983333333333333,0.9978035883347138,0.998735472873058,1.0,0.9998719677669952,1.0
T10_BUDGET_FAMILY-0749,B,T10_BUDGET_FAMILY,0.25,-1,-1,-1,-0.025,-0.025,50.0,-5.0,50,-1,7.0,0.075,0.6100901992336072,-6.973362886642219,8.036472470270963,30000,True,0.0,0.0,0.0,0.0,0.0,0.012018999715279364,0.029541277997850557,0.03551861086792755,0.046601965997068645,0.6069756273434969,1.4803083024833277,1.7742051265239183,2.327273677150319,0.03512213812621596,0.03593996149385347,0.9945,0.9935974546557448,0.9952759214658137,1.0,0.9998719677669952,1.0
T10_BUDGET_FAMILY-0750,B,T10_BUDGET_FAMILY,0.25,-1,-1,-1,-0.025,-0.025,50.0,-5.0,50,1,7.0,0.075,0.6100901992336072,6.973362886642219,8.036472470270963,30000,True,0.0,0.0,0.0,0.0,0.0,0.012069040050558043,0.028956104310028083,0.03420541762950435,0.044463137612510764,0.606704874394165,1.4469729147507318,1.7152915726459337,2.219617565807107,0.03391175891750194,0.03452196209046221,0.9966,0.9958747001752205,0.9971981382109593,1.0,0.9998719677669952,1.0
T10_BUDGET_FAMILY-0751,B,T10_BUDGET_FAMILY,0.25,-1,-1,-1,-0.025,-0.025,50.0,-5.0,51,-1,7.0,0.075,0.6100901992336072,-6.973362886642219,7.879009608423327,30000,True,0.0,0.0,0.0,0.0,0.0,0.012202921631907965,0.02994250208627582,0.036056393273442185,0.0472648843506351,0.6269595060717863,1.5301300122105428,1.83565240977841,2.4070507225767153,0.035630763778368144,0.036414789416092636,0.9936333333333334,0.9926679443493043,0.9944723203614578,1.0,0.9998719677669952,1.0
T10_BUDGET_FAMILY-0752,B,T10_BUDGET_FAMILY,0.25,-1,-1,-1,-0.025,-0.025,50.0,-5.0,51,1,7.0,0.075,0.6100901992336072,6.973362886642219,7.879009608423327,30000,True,0.0,0.0,0.0,0.0,0.0,0.012223645186004996,0.02934465834698641,0.03464419789424107,0.04497722541514228,0.6262636051844401,1.49602790979839,1.7701354908891092,2.29389166795522,0.03434627204442085,0.034998386001115274,0.9957333333333334,0.9949296145252114,0.9964101124501722,1.0,0.9998719677669952,1.0
T10_BUDGET_FAMILY-0753,B,T10_BUDGET_FAMILY,0.25,-1,-1,-1,-0.025,-0.025,50.0,-5.0,52,-1,7.0,0.075,0.6100901992336072,-6.973362886642219,7.727561923501718,30000,True,0.0,0.0,0.0,0.0,0.0,0.012375828475996378,0.03033937988479174,0.03656243737532609,0.04792426647214972,0.6473898748292529,1.5801820629042769,1.8967266703313233,2.4873969602680446,0.03612798304263155,0.036880762723743334,0.9926,0.9915651262297849,0.993508736414259,1.0,0.9998719677669952,1.0
T10_BUDGET_FAMILY-0754,B,T10_BUDGET_FAMILY,0.25,-1,-1,-1,-0.025,-0.025,50.0,-5.0,52,1,7.0,0.075,0.6100901992336072,6.973362886642219,7.727561923501718,30000,True,0.0,0.0,0.0,0.0,0.0,0.012387059729438175,0.0296898331821005,0.03511367057727974,0.04557935120037303,0.6471642419900627,1.545373672442267,1.8254342212014012,2.368685614404193,0.034794055637210844,0.035462310988657,0.9953,0.9944600905321205,0.996013080737865,1.0,0.9998719677669952,1.0
T10_BUDGET_FAMILY-0755,B,T10_BUDGET_FAMILY,0.25,-1,-1,-1,-0.025,-0.025,50.0,-5.0,53,-1,7.0,0.075,0.6100901992336072,-6.973362886642219,7.581793200634859,30000,True,0.0,0.0,0.0,0.0,0.0,0.012529065174675494,0.030780344216847794,0.03700963838047915,0.04849670372236993,0.6679515944842556,1.631747849281534,1.9592613818765443,2.5697588320689664,0.036621979118167676,0.03736451305812949,0.9918,0.9907146736487205,0.9927593938468962,1.0,0.9998719677669952,1.0
T10_BUDGET_FAMILY-0756,B,T10_BUDGET_FAMILY,0.25,-1,-1,-1,-0.025,-0.025,50.0,-5.0,53,1,7.0,0.075,0.6100901992336072,6.973362886642219,7.581793200634859,30000,True,0.0,0.0,0.0,0.0,0.0,0.012564243156409412,0.030007667013597215,0.03558422514571352,0.04612302108494115,0.6680775714715116,1.5947527340731948,1.8854901732276896,2.443273266452289,0.03525014790838152,0.035913575318121775,0.9948333333333333,0.9939562859438184,0.9955836714895846,1.0,0.9998719677669952,1.0
T10_BUDGET_FAMILY-0757,B,T10_BUDGET_FAMILY,0.25,-1,-1,-1,-0.025,-0.025,50.0,-5.0,54,-1,7.0,0.075,0.6100901992336072,-6.973362886642219,7.44139168055048,30000,True,0.0,0.0,0.0,0.0,0.0,0.01270390122943281,0.031204603072799552,0.03747252702195451,0.04914421245566124,0.6890833375509251,1.6858598262196294,2.02222472597009,2.657147974667377,0.037103791836790745,0.037871338010872314,0.9910333333333333,0.9899019705880946,0.9920389598902791,0.9999666666666667,0.9998111938118758,0.999994115823935
T10_BUDGET_FAMILY-0758,B,T10_BUDGET_FAMILY,0.25,-1,-1,-1,-0.025,-0.025,50.0,-5.0,54,1,7.0,0.075,0.6100901992336072,6.973362886642219,7.44139168055048,30000,True,0.0,0.0,0.0,0.0,0.0,0.012736256131348466,0.030389802763509475,0.03603376351322791,0.04661996977558442,0.689595509767743,1.6461576509353282,1.9458002195020476,2.5188146528468733,0.03569699811545964,0.03642434855457553,0.994,0.9930606330567747,0.9948128710970164,1.0,0.9998719677669952,1.0
T10_BUDGET_FAMILY-0759,B,T10_BUDGET_FAMILY,0.25,-1,-1,-1,-0.025,-0.025,50.0,-5.0,55,-1,7.0,0.075,0.6100901992336072,-6.973362886642219,7.30606788826707,30000,True,0.0,0.0,0.0,0.0,0.0,0.012861473767394216,0.03166455775767322,0.03795284577233001,0.04995415386209407,0.7113158981130862,1.739448714113097,2.0864997658034494,2.741484049040593,0.03759479417945047,0.03837304588921714,0.9901333333333333,0.9889504352956456,0.9911907256407474,0.9999666666666667,0.9998111938118758,0.999994115823935
T10_BUDGET_FAMILY-0760,B,T10_BUDGET_FAMILY,0.25,-1,-1,-1,-0.025,-0.025,50.0,-5.0,55,1,7.0,0.075,0.6100901992336072,6.973362886642219,7.30606788826707,30000,True,0.0,0.0,0.0,0.0,0.0,0.012904140759709875,0.030787342264317435,0.03650059840918826,0.047160910837637,0.7111647665823374,1.6991536556374311,2.0073105895272993,2.5927100150141134,0.03611850118840633,0.036898691159304324,0.9933333333333333,0.9923472149651358,0.9941931265649662,1.0,0.9998719677669952,1.0
T10_BUDGET_FAMILY-0761,B,T10_BUDGET_FAMILY,0.25,-1,-1,-1,-0.025,-0.025,50.0,-5.0,56,-1,7.0,0.075,0.6100901992336072,-6.973362886642219,7.17555268778523,30000,True,0.0,0.0,0.0,0.0,0.0,0.013035359151265398,0.032050494365845825,0.03843876664491524,0.05063680638484591,0.7333878262079044,1.795612626356578,2.1505495745090126,2.82894856947293,0.038077227823959045,0.0388507954619148,0.9890333333333333,0.9877906327747425,0.9901508098325631,0.9999666666666667,0.9998111938118758,0.999994115823935
T10_BUDGET_FAMILY-0762,B,T10_BUDGET_FAMILY,0.25,-1,-1,-1,-0.025,-0.025,50.0,-5.0,56,1,7.0,0.075,0.6100901992336072,6.973362886642219,7.17555268778523,30000,True,0.0,0.0,0.0,0.0,0.0,0.013078332993190753,0.031165829261427445,0.036959362054089215,0.04771627436620258,0.7335265159293106,1.7518774819278085,2.0701172211945087,2.669727140844234,0.03658964628296297,0.03734908447812822,0.9927666666666667,0.9917426492956783,0.9936645040042876,1.0,0.9998719677669952,1.0
T10_BUDGET_FAMILY-0763,B,T10_BUDGET_FAMILY,0.25,-1,-1,-1,-0.025,-0.025,50.0,-5.0,57,-1,7.0,0.075,0.6100901992336072,-6.973362886642219,7.049595535958187,30000,True,0.0,0.0,0.0,0.0,0.0,0.013182179341293133,0.0324777911564502,0.038936974346548595,0.051275935915051626,0.7554461782899266,1.8514007620236335,2.218026280343666,2.9158121605978433,0.03853758353921602,0.03932735045836192,0.9880666666666666,0.9867739248755205,0.9892344319274358,0.9999666666666667,0.9998111938118758,0.999994115823935
T10_BUDGET_FAMILY-0764,B,T10_BUDGET_FAMILY,0.25,-1,-1,-1,-0.025,-0.025,50.0,-5.0,57,1,7.0,0.075,0.6100901992336072,6.973362886642219,7.049595535958187,30000,True,0.0,0.0,0.0,0.0,0.0,0.013235042455743383,0.03157409923276383,0.037435593035043714,0.04829346068872653,0.7557415841213129,1.8058976933901383,2.131821473080512,2.7473413281979875,0.03701274880264748,0.03780007259715733,0.9921666666666666,0.9911041367753644,0.9931031701632813,1.0,0.9998719677669952,1.0
T10_BUDGET_FAMILY-0765,B,T10_BUDGET_FAMILY,0.25,-1,-1,-1,-0.025,-0.025,50.0,-5.0,58,-1,7.0,0.075,0.6100901992336072,-6.973362886642219,6.927962912277178,30000,True,0.0,0.0,0.0,0.0,0.0,0.013359185320746219,0.03288212327511175,0.0394510716903407,0.051890697358971394,0.7790760635144,1.9092675369666352,2.2852634153028455,3.0065735574211154,0.03901284654747736,0.03984669699048014,0.9870666666666666,0.985724323523027,0.9882842893443952,0.9999666666666667,0.9998111938118758,0.999994115823935
T10_BUDGET_FAMILY-0766,B,T10_BUDGET_FAMILY,0.25,-1,-1,-1,-0.025,-0.025,50.0,-5.0,58,1,7.0,0.075,0.6100901992336072,6.973362886642219,6.927962912277178,30000,True,0.0,0.0,0.0,0.0,0.0,0.013419706285086815,0.03199717894749431,0.037888962781401365,0.048882381399807946,0.7790728298110808,1.861387396216123,2.19612641272471,2.8300138389593896,0.03747603128589987,0.038245839449932754,0.9915333333333334,0.990431753655101,0.9925090487910397,1.0,0.9998719677669952,1.0
T10_BUDGET_FAMILY-0767,B,T10_BUDGET_FAMILY,0.25,-1,-1,-1,-0.025,-0.025,50.0,-5.0,59,-1,7.0,0.075,0.6100901992336072,-6.973362886642219,6.810436904344831,30000,True,0.0,0.0,0.0,0.0,0.0,0.01353013597154454,0.03329776579664137,0.03996980264346808,0.05256496666147741,0.8037696556191772,1.9673546614336554,2.3549482668244615,3.095548445996525,0.03951064295267842,0.040381655259295955,0.9858333333333333,0.9844324885081753,0.9871097735054216,0.9999666666666667,0.9998111938118758,0.999994115823935
T10_BUDGET_FAMILY-0768,B,T10_BUDGET_FAMILY,0.25,-1,-1,-1,-0.025,-0.025,50.0,-5.0,59,1,7.0,0.075,0.6100901992336072,6.973362886642219,6.810436904344831,30000,True,0.0,0.0,0.0,0.0,0.0,0.013584359938455628,0.03238377847534019,0.03836206376138319,0.04945690684100687,0.8034818674249866,1.9136746577524053,2.2593561325427025,2.915563069095508,0.037949928513764476,0.03871212777007041,0.9908666666666667,0.9897255664105349,0.9918820734119165,1.0,0.9998719677669952,1.0
T10_BUDGET_FAMILY-0769,B,T10_BUDGET_FAMILY,0.25,-1,-1,-1,-0.025,-0.025,50.0,-5.0,60,-1,7.0,0.075,0.6100901992336072,-6.973362886642219,6.696813931410638,30000,True,0.0,0.0,0.0,0.0,0.0,0.013694007060838469,0.03373903365387368,0.04045791969063058,0.053167355444105384,0.8288761856765576,2.0256074210376585,2.426194701915509,3.1850961572583354,0.04000628705443994,0.040869274257189406,0.9842333333333333,0.9827604290652093,0.9855822426515332,0.9999666666666667,0.9998111938118758,0.999994115823935
T10_BUDGET_FAMILY-0770,B,T10_BUDGET_FAMILY,0.25,-1,-1,-1,-0.025,-0.025,50.0,-5.0,60,1,7.0,0.075,0.6100901992336072,6.973362886642219,6.696813931410638,30000,True,0.0,0.0,0.0,0.0,0.0,0.013746809190720792,0.0327980656073039,0.03875639049215174,0.05004771843013162,0.8286676360312342,1.9701838715760394,2.3224570967853695,3.0003497736027294,0.038436141175388745,0.03916627264033608,0.9898666666666667,0.9886689677612651,0.9909389281256523,1.0,0.9998719677669952,1.0
T10_BUDGET_FAMILY-0771,B,T10_BUDGET_FAMILY,0.25,-1,-1,1,-0.025,-0.025,50.0,5.0,50,-1,7.0,0.075,-0.6100901992336072,-6.973362886642219,7.845159530798516,30000,True,0.0,0.0,0.0,0.0,0.0,0.012441859261211902,0.03060787167778429,0.036744490604310585,0.04819875645448064,0.6279536280056516,1.5327966625628362,1.8356496431957798,2.410417095819006,0.0363478586570632,0.03712620310063414,0.9922666666666666,0.9912104481795095,0.9931968331526894,1.0,0.9998719677669952,1.0
T10_BUDGET_FAMILY-0772,B,T10_BUDGET_FAMILY,0.25,-1,-1,1,-0.025,-0.025,50.0,5.0,50,1,7.0,0.075,-0.6100901992336072,6.973362886642219,7.845159530798516,30000,True,0.0,0.0,0.0,0.0,0.0,0.012479596789031717,0.02991936195528112,0.0353926106069666,0.04594733805354039,0.6265266372109471,1.4954588951644212,1.7697981374696645,2.2972030533416135,0.03507134987402878,0.03576694725868805,0.9950333333333333,0.9941719855633401,0.9957679206571696,1.0,0.9998719677669952,1.0
T10_BUDGET_FAMILY-0773,B,T10_BUDGET_FAMILY,0.25,-1,-1,1,-0.025,-0.025,50.0,5.0,51,-1,7.0,0.075,-0.6100901992336072,-6.973362886642219,7.694990216436938,30000,True,0.0,0.0,0.0,0.0,0.0,0.012623457011708954,0.030980644605972066,0.03725797844685344,0.04882671129686228,0.6472626757197318,1.5831228085870703,1.8979030314949603,2.492832217221526,0.03686764900266456,0.03763558769378004,0.9914666666666667,0.9903610647737012,0.9924464214100707,1.0,0.9998719677669952,1.0
T10_BUDGET_FAMILY-0774,B,T10_BUDGET_FAMILY,0.25,-1,-1,1,-0.025,-0.025,50.0,5.0,51,1,7.0,0.075,-0.6100901992336072,6.973362886642219,7.694990216436938,30000,True,0.0,0.0,0.0,0.0,0.0,0.01264389222910583,0.03027225538415284,0.03580962468750048,0.046492256103503875,0.6467797028179669,1.5454128006150705,1.8266942785604274,2.3707042182438762,0.035469268250286394,0.03622388209427348,0.9943666666666666,0.9934541418799021,0.9951526017169181,1.0,0.9998719677669952,1.0
T10_BUDGET_FAMILY-0775,B,T10_BUDGET_FAMILY,0.25,-1,-1,1,-0.025,-0.025,50.0,5.0,52,-1,7.0,0.075,-0.6100901992336072,-6.973362886642219,7.5504292009056275,30000,True,0.0,0.0,0.0,0.0,0.0,0.012782294861377608,0.031404218179713686,0.037738897103267825,0.04953480831824632,0.668098246911132,1.6330056472842576,1.9603001820171735,2.5734596204110014,0.03731666238007355,0.03812322950223427,0.9905333333333334,0.98937302806603,0.9915680304445769,0.9999666666666667,0.9998111938118758,0.999994115823935
T10_BUDGET_FAMILY-0776,B,T10_BUDGET_FAMILY,0.25,-1,-1,1,-0.025,-0.025,50.0,5.0,52,1,7.0,0.075,-0.6100901992336072,6.973362886642219,7.5504292009056275,30000,True,0.0,0.0,0.0,0.0,0.0,0.012810851586635317,0.03064512279746582,0.036274807998181904,0.047017440842025755,0.6678584583581626,1.595219118376042,1.8868584979412282,2.4447177684272843,0.03591621524400601,0.036699997951013794,0.9936333333333334,0.9926679443493043,0.9944723203614578,1.0,0.9998719677669952,1.0
T10_BUDGET_FAMILY-0777,B,T10_BUDGET_FAMILY,0.25,-1,-1,1,-0.025,-0.025,50.0,5.0,53,-1,7.0,0.075,-0.6100901992336072,-6.973362886642219,7.411169809562242,30000,True,0.0,0.0,0.0,0.0,0.0,0.012952491465231274,0.03180357780809493,0.03820044282625968,0.050176648016103206,0.6890916781811554,1.6846477009246288,2.025546198013727,2.6569075543405005,0.03783061561780618,0.038625381616628,0.9898333333333333,0.9886337984942475,0.9909074392614854,0.9999666666666667,0.9998111938118758,0.999994115823935
T10_BUDGET_FAMILY-0778,B,T10_BUDGET_FAMILY,0.25,-1,-1,1,-0.025,-0.025,50.0,5.0,53,1,7.0,0.075,-0.6100901992336072,6.973362886642219,7.411169809562242,30000,True,0.0,0.0,0.0,0.0,0.0,0.012989750518827854,0.031010720620089458,0.03675019251103888,0.04761261138768795,0.6911136345701433,1.6464653795092214,1.9459890099121273,2.5173171631805613,0.03634895323141239,0.03714924101956754,0.9929666666666667,0.9919558467204662,0.9938512553666067,1.0,0.9998719677669952,1.0
T10_BUDGET_FAMILY-0779,B,T10_BUDGET_FAMILY,0.25,-1,-1,1,-0.025,-0.025,50.0,5.0,54,-1,7.0,0.075,-0.6100901992336072,-6.973362886642219,7.276927205330937,30000,True,0.0,0.0,0.0,0.0,0.0,0.013111234590427467,0.03223648102745055,0.03871795590215004,0.05085683074935148,0.7119045017568195,1.739966915136066,2.089655350855379,2.741883884472212,0.038301502181299074,0.0391155279072465,0.9886666666666667,0.98740472618852,0.9898034769757565,0.9999666666666667,0.9998111938118758,0.999994115823935
T10_BUDGET_FAMILY-0780,B,T10_BUDGET_FAMILY,0.25,-1,-1,1,-0.025,-0.025,50.0,5.0,54,1,7.0,0.075,-0.6100901992336072,6.973362886642219,7.276927205330937,30000,True,0.0,0.0,0.0,0.0,0.0,0.013157120543712266,0.03138146338490528,0.03721001578233198,0.048008111311203784,0.7122077982067231,1.6999116056565302,2.0085235951526683,2.5965530555332603,0.0368183463131465,0.0376312381970744,0.9924333333333333,0.9913877272007288,0.9933528447873925,1.0,0.9998719677669952,1.0
T10_BUDGET_FAMILY-0781,B,T10_BUDGET_FAMILY,0.25,-1,-1,1,-0.025,-0.025,50.0,5.0,55,-1,7.0,0.075,-0.6100901992336072,-6.973362886642219,7.147436489418579,30000,True,0.0,0.0,0.0,0.0,0.0,0.013267140691363916,0.03268202593627982,0.03918673746105748,0.051517951268990135,0.7339268757909969,1.7953239460237633,2.152250035024681,2.8288366190383467,0.038731268702622786,0.03958675761935395,0.9875333333333334,0.9862138799632687,0.9887279467407362,0.9999666666666667,0.9998111938118758,0.999994115823935
T10_BUDGET_FAMILY-0782,B,T10_BUDGET_FAMILY,0.25,-1,-1,1,-0.025,-0.025,50.0,5.0,55,1,7.0,0.075,-0.6100901992336072,6.973362886642219,7.147436489418579,30000,True,0.0,0.0,0.0,0.0,0.0,0.013315680825667702,0.031732856824449776,0.037629752318951985,0.04858138823337609,0.7337121369695117,1.7542474401064039,2.071156864895344,2.672829178425607,0.03727200014396239,0.0380595655835943,0.9917333333333334,0.9906439185894447,0.9926968326438028,1.0,0.9998719677669952,1.0
T10_BUDGET_FAMILY-0783,B,T10_BUDGET_FAMILY,0.25,-1,-1,1,-0.025,-0.025,50.0,5.0,56,-1,7.0,0.075,-0.6100901992336072,-6.973362886642219,7.022450995802023,30000,True,0.0,0.0,0.0,0.0,0.0,0.01342675131678485,0.03308693848698268,0.03968574571601342,0.052143333316413,0.7563978969270166,1.8525563614822371,2.218800182912123,2.9222470861171836,0.03922882015091706,0.04009787181823464,0.9865333333333334,0.9851653504163287,0.9877767323521423,0.9999666666666667,0.9998111938118758,0.999994115823935
T10_BUDGET_FAMILY-0784,B,T10_BUDGET_FAMILY,0.25,-1,-1,1,-0.025,-0.025,50.0,5.0,56,1,7.0,0.075,-0.6100901992336072,6.973362886642219,7.022450995802023,30000,True,0.0,0.0,0.0,0.0,0.0,0.013470952301552661,0.03214953588156418,0.03810717114671126,0.04913076848498031,0.7570637130743347,1.8073947000013952,2.135656317979717,2.749995581843162,0.03771455602753626,0.03847935420889786,0.9913,0.9901844124554261,0.9922897830724232,1.0,0.9998719677669952,1.0
T10_BUDGET_FAMILY-0785,B,T10_BUDGET_FAMILY,0.25,-1,-1,1,-0.025,-0.025,50.0,5.0,57,-1,7.0,0.075,-0.6100901992336072,-6.973362886642219,6.9017407569323295,30000,True,0.0,0.0,0.0,0.0,0.0,0.013595873404466101,0.03349416691222591,0.040197704121951505,0.052819236656642794,0.7790387133375152,1.9113067863379347,2.2871132321793834,3.0101264907590415,0.03970283948738995,0.040602997074424454,0.9852,0.9837701463610816,0.9865056111600105,0.9999666666666667,0.9998111938118758,0.999994115823935
T10_BUDGET_FAMILY-0786,B,T10_BUDGET_FAMILY,0.25,-1,-1,1,-0.025,-0.025,50.0,5.0,57,1,7.0,0.075,-0.6100901992336072,6.973362886642219,6.9017407569323295,30000,True,0.0,0.0,0.0,0.0,0.0,0.01365174002427064,0.032537509957366935,0.038576675405198206,0.049726943488235746,0.7797114254794402,1.8611820089885363,2.198293158536169,2.8335606461162333,0.03817624682065557,0.038910208107246796,0.9904,0.9892321101947711,0.9914423157910978,1.0,0.9998719677669952,1.0
T10_BUDGET_FAMILY-0787,B,T10_BUDGET_FAMILY,0.25,-1,-1,1,-0.025,-0.025,50.0,5.0,58,-1,7.0,0.075,-0.6100901992336072,-6.973362886642219,6.785091121036654,30000,True,0.0,0.0,0.0,0.0,0.0,0.013755449736554373,0.03388557478673508,0.040669022302922186,0.05354446575098211,0.8033942929833862,1.9689662877716745,2.3580116843488934,3.099310345639725,0.04020601759288091,0.04113631145367642,0.9836666666666667,0.9821691681016511,0.9850403153849556,0.9999666666666667,0.9998111938118758,0.999994115823935
T10_BUDGET_FAMILY-0788,B,T10_BUDGET_FAMILY,0.25,-1,-1,1,-0.025,-0.025,50.0,5.0,58,1,7.0,0.075,-0.6100901992336072,6.973362886642219,6.785091121036654,30000,True,0.0,0.0,0.0,0.0,0.0,0.013827287802033917,0.03294313259572492,0.03902250122139373,0.050276180945686845,0.804168667121879,1.914296394605305,2.260111580662382,2.912548124982841,0.0386084064702487,0.03937230599814048,0.9893333333333333,0.9881066231847555,0.9904347426032103,1.0,0.9998719677669952,1.0
T10_BUDGET_FAMILY-0789,B,T10_BUDGET_FAMILY,0.25,-1,-1,1,-0.025,-0.025,50.0,5.0,59,-1,7.0,0.075,-0.6100901992336072,-6.973362886642219,6.672301503912944,30000,True,0.0,0.0,0.0,0.0,0.0,0.013929607264043228,0.034326793148482235,0.04115813067464919,0.054108521871532846,0.8286968500748642,2.026622794813303,2.4274698440531193,3.1891261242100177,0.04071532532624066,0.0416285800639454,0.9822666666666666,0.9807102677324886,0.9836995742443704,0.9999666666666667,0.9998111938118758,0.999994115823935
T10_BUDGET_FAMILY-0790,B,T10_BUDGET_FAMILY,0.25,-1,-1,1,-0.025,-0.025,50.0,5.0,59,1,7.0,0.075,-0.6100901992336072,6.973362886642219,6.672301503912944,30000,True,0.0,0.0,0.0,0.0,0.0,0.01398806119180295,0.033349512882493305,0.0394682946127529,0.05087280297990617,0.828608171696217,1.9707558328504842,2.3246058193551726,2.9944188714483313,0.03911710490527021,0.03984519691868901,0.9882,0.9869140323397927,0.9893609569879014,1.0,0.9998719677669952,1.0
T10_BUDGET_FAMILY-0791,B,T10_BUDGET_FAMILY,0.25,-1,-1,1,-0.025,-0.025,50.0,5.0,60,-1,7.0,0.075,-0.6100901992336072,-6.973362886642219,6.563184260272165,30000,True,0.0,0.0,0.0,0.0,0.0,0.014115446861323615,0.03477321359808959,0.04167701364245471,0.054802935592125006,0.8530575182425885,2.0877408232438115,2.496451179767733,3.2807983158297085,0.04122011585200921,0.04212000705017178,0.9806333333333334,0.979011244448418,0.9821323491004024,0.9999666666666667,0.9998111938118758,0.999994115823935
T10_BUDGET_FAMILY-0792,B,T10_BUDGET_FAMILY,0.25,-1,-1,1,-0.025,-0.025,50.0,5.0,60,1,7.0,0.075,-0.6100901992336072,6.973362886642219,6.563184260272165,30000,True,0.0,0.0,0.0,0.0,0.0,0.014149968792706838,0.03373255792692405,0.03994609507236765,0.051447876956489225,0.8539200868971228,2.0261649821048953,2.390347584991304,3.0831531554996108,0.03955868567127148,0.04027484460522039,0.9868,0.9854447695501721,0.9880305782677744,1.0,0.9998719677669952,1.0
T10_BUDGET_FAMILY-0793,B,T10_BUDGET_FAMILY,0.25,-1,1,-1,-0.025,0.025,50.0,-5.0,50,-1,7.0,0.075,0.6100901992336072,-6.973362886642219,8.036472470270963,30000,True,0.0,0.0,0.0,0.0,0.0,0.01205668459411129,0.02892575203791722,0.03417361291370199,0.044442307993041934,0.6067715139942074,1.4471339010101532,1.715960817865637,2.219770735227985,0.03388297213573267,0.03451715774383672,0.9966,0.9958747001752205,0.9971981382109593,1.0,0.9998719677669952,1.0
T10_BUDGET_FAMILY-0794,B,T10_BUDGET_FAMILY,0.25,-1,1,-1,-0.025,0.025,50.0,-5.0,50,1,7.0,0.075,0.6100901992336072,6.973362886642219,8.036472470270963,30000,True,0.0,0.0,0.0,0.0,0.0,0.012008377699705761,0.029503049855446904,0.03547742260095333,0.04660182207833188,0.6065616627480578,1.4799344492029174,1.7757789276099631,2.327522952866618,0.035086620707949975,0.03590324109549542,0.9945666666666667,0.993669156987966,0.9953375353959614,1.0,0.9998719677669952,1.0
T10_BUDGET_FAMILY-0795,B,T10_BUDGET_FAMILY,0.25,-1,1,-1,-0.025,0.025,50.0,-5.0,51,-1,7.0,0.075,0.6100901992336072,-6.973362886642219,7.879009608423327,30000,True,0.0,0.0,0.0,0.0,0.0,0.012215510788864882,0.029323944661757317,0.03462034351996848,0.04493194006668804,0.6259165097498335,1.4962177972091204,1.7711677331967368,2.295271860249796,0.034325588991705035,0.03498092880465385,0.9958333333333333,0.9950382258472713,0.9965014755216656,1.0,0.9998719677669952,1.0
T10_BUDGET_FAMILY-0796,B,T10_BUDGET_FAMILY,0.25,-1,1,-1,-0.025,0.025,50.0,-5.0,51,1,7.0,0.075,0.6100901992336072,6.973362886642219,7.879009608423327,30000,True,0.0,0.0,0.0,0.0,0.0,0.012188808465915165,0.029923990438911648,0.03601265101640329,0.047224162479774436,0.6278069979555093,1.530209497255938,1.836249433113775,2.4064713690253705,0.035614676721856975,0.036383237866249175,0.9937,0.9927392845472033,0.9945342964259279,1.0,0.9998719677669952,1.0
T10_BUDGET_FAMILY-0797,B,T10_BUDGET_FAMILY,0.25,-1,1,-1,-0.025,0.025,50.0,-5.0,52,-1,7.0,0.075,0.6100901992336072,-6.973362886642219,7.727561923501718,30000,True,0.0,0.0,0.0,0.0,0.0,0.012369432990607922,0.029681417814569608,0.03507916165876669,0.04554338959917308,0.6470297230797727,1.5456007551829147,1.8260491288552623,2.3695283900888033,0.034758784160349304,0.03544126922732511,0.9953,0.9944600905321205,0.996013080737865,1.0,0.9998719677669952,1.0
T10_BUDGET_FAMILY-0798,B,T10_BUDGET_FAMILY,0.25,-1,1,-1,-0.025,0.025,50.0,-5.0,52,1,7.0,0.075,0.6100901992336072,6.973362886642219,7.727561923501718,30000,True,0.0,0.0,0.0,0.0,0.0,0.01236259257570934,0.030334821976713836,0.0365552466299612,0.04791734387901947,0.6474730774461992,1.5814160352058098,1.8979284268536964,2.48833501856948,0.03610282631534412,0.036855388608224585,0.9926333333333334,0.9916006207871193,0.9935398999881089,1.0,0.9998719677669952,1.0
T10_BUDGET_FAMILY-0799,B,T10_BUDGET_FAMILY,0.25,-1,1,-1,-0.025,0.025,50.0,-5.0,53,-1,7.0,0.075,0.6100901992336072,-6.973362886642219,7.581793200634859,30000,True,0.0,0.0,0.0,0.0,0.0,0.012540467963017556,0.029991965967685476,0.03554522809914506,0.046164892582259254,0.6681614445552173,1.5957218551736532,1.885320971105717,2.444203371714697,0.035215449185451685,0.03589328453216306,0.9948666666666667,0.9939922142697715,0.995614401294816,1.0,0.9998719677669952,1.0
T10_BUDGET_FAMILY-0800,B,T10_BUDGET_FAMILY,0.25,-1,1,-1,-0.025,0.025,50.0,-5.0,53,1,7.0,0.075,0.6100901992336072,6.973362886642219,7.581793200634859,30000,True,0.0,0.0,0.0,0.0,0.0,0.01251609704273395,0.030752997328526318,0.036991091429589576,0.04847340715784727,0.6676282156180121,1.6317907350485816,1.9595569504626433,2.5705446097425764,0.036589042703768025,0.03736292180108926,0.9918333333333333,0.9907500575564953,0.9927906680703057,1.0,0.9998719677669952,1.0
T10_BUDGET_FAMILY-0801,B,T10_BUDGET_FAMILY,0.25,-1,1,-1,-0.025,0.025,50.0,-5.0,54,-1,7.0,0.075,0.6100901992336072,-6.973362886642219,7.44139168055048,30000,True,0.0,0.0,0.0,0.0,0.0,0.012718158298227158,0.030380981794048637,0.03600796776187723,0.04659270884000511,0.6900146492776557,1.6461735347461055,1.9460212473727594,2.516782733898148,0.035679226299806105,0.03639058358608259,0.9940666666666667,0.9931321169212085,0.9948747034949516,1.0,0.9998719677669952,1.0
T10_BUDGET_FAMILY-0802,B,T10_BUDGET_FAMILY,0.25,-1,1,-1,-0.025,0.025,50.0,-5.0,54,1,7.0,0.075,0.6100901992336072,6.973362886642219,7.44139168055048,30000,True,0.0,0.0,0.0,0.0,0.0,0.012687417208678206,0.031176997038493366,0.03743970338136622,0.04916278300792874,0.6891207259994745,1.686595607069909,2.0231643331948543,2.6565171192264,0.03706581259461691,0.03784012691386457,0.9910666666666667,0.9899372625389578,0.9920703260706005,0.9999666666666667,0.9998111938118758,0.999994115823935
T10_BUDGET_FAMILY-0803,B,T10_BUDGET_FAMILY,0.25,-1,1,-1,-0.025,0.025,50.0,-5.0,55,-1,7.0,0.075,0.6100901992336072,-6.973362886642219,7.30606788826707,30000,True,0.0,0.0,0.0,0.0,0.0,0.01288627176584046,0.03075783410492518,0.036477629118814484,0.047171445534930904,0.7117663347525757,1.7005122043135457,2.0083163656299017,2.5922063975304854,0.03609254071733688,0.03686815631195347,0.9933333333333333,0.9923472149651358,0.9941931265649662,1.0,0.9998719677669952,1.0
T10_BUDGET_FAMILY-0804,B,T10_BUDGET_FAMILY,0.25,-1,1,-1,-0.025,0.025,50.0,-5.0,55,1,7.0,0.075,0.6100901992336072,6.973362886642219,7.30606788826707,30000,True,0.0,0.0,0.0,0.0,0.0,0.012854955913313275,0.03163346395188608,0.037926067103182186,0.04992540433322251,0.7112298599717868,1.740285357333866,2.086892783463119,2.7427900997965993,0.037566392089266806,0.03833872672187575,0.9902333333333333,0.9890560386338211,0.9912850966961254,0.9999666666666667,0.9998111938118758,0.999994115823935
T10_BUDGET_FAMILY-0805,B,T10_BUDGET_FAMILY,0.25,-1,1,-1,-0.025,0.025,50.0,-5.0,56,-1,7.0,0.075,0.6100901992336072,-6.973362886642219,7.17555268778523,30000,True,0.0,0.0,0.0,0.0,0.0,0.013054368202707651,0.031150168428399842,0.03692764591971022,0.04767850156356638,0.7333365264791883,1.7528528880558187,2.0700301595804906,2.671304167242324,0.03655661967769852,0.03732332329263231,0.9928,0.9917781691639603,0.9936956422671902,1.0,0.9998719677669952,1.0
T10_BUDGET_FAMILY-0806,B,T10_BUDGET_FAMILY,0.25,-1,1,-1,-0.025,0.025,50.0,-5.0,56,1,7.0,0.075,0.6100901992336072,6.973362886642219,7.17555268778523,30000,True,0.0,0.0,0.0,0.0,0.0,0.013029503081657496,0.032038903322580935,0.03840650243270348,0.05061808647843881,0.7344226549961207,1.7955343958752836,2.151757115760458,2.828222330427253,0.03806949315499063,0.038828788892859505,0.9891,0.9878608331478899,0.9902139257217849,0.9999666666666667,0.9998111938118758,0.999994115823935
T10_BUDGET_FAMILY-0807,B,T10_BUDGET_FAMILY,0.25,-1,1,-1,-0.025,0.025,50.0,-5.0,57,-1,7.0,0.075,0.6100901992336072,-6.973362886642219,7.049595535958187,30000,True,0.0,0.0,0.0,0.0,0.0,0.013224535111529746,0.03155852234199311,0.037410930935489785,0.0482762519165521,0.7562407318827237,1.8066211736815938,2.132535586579054,2.748400371416138,0.03699910624445049,0.03778927932758099,0.9922,0.9911395693119793,0.9931343957578507,1.0,0.9998719677669952,1.0
T10_BUDGET_FAMILY-0808,B,T10_BUDGET_FAMILY,0.25,-1,1,-1,-0.025,0.025,50.0,-5.0,57,1,7.0,0.075,0.6100901992336072,6.973362886642219,7.049595535958187,30000,True,0.0,0.0,0.0,0.0,0.0,0.013180336992299644,0.03245391681438367,0.03891133750962863,0.05124742468120072,0.7558164215308385,1.8521321314728734,2.219419529170024,2.9156548697868345,0.03851621182442593,0.03930307205510244,0.9881,0.9868089480485183,0.9892660668856224,0.9999666666666667,0.9998111938118758,0.999994115823935
T10_BUDGET_FAMILY-0809,B,T10_BUDGET_FAMILY,0.25,-1,1,-1,-0.025,0.025,50.0,-5.0,58,-1,7.0,0.075,0.6100901992336072,-6.973362886642219,6.927962912277178,30000,True,0.0,0.0,0.0,0.0,0.0,0.01340904559192424,0.031977419778026435,0.03786387278002199,0.04885207816225937,0.7799505496882811,1.862113584412661,2.1966760545115633,2.8314887758450786,0.03744451510491795,0.03823444234745737,0.9915666666666667,0.9904671041789456,0.9925403563983798,1.0,0.9998719677669952,1.0
T10_BUDGET_FAMILY-0810,B,T10_BUDGET_FAMILY,0.25,-1,1,-1,-0.025,0.025,50.0,-5.0,58,1,7.0,0.075,0.6100901992336072,6.973362886642219,6.927962912277178,30000,True,0.0,0.0,0.0,0.0,0.0,0.01335896542328555,0.03285997705582207,0.03942551258884661,0.05186272956196104,0.7793490175093654,1.9105748619649459,2.28805270712395,3.008022517318061,0.03899807522079453,0.03984307442046313,0.9871333333333333,0.9857942335636639,0.9883476955661271,0.9999666666666667,0.9998111938118758,0.999994115823935
T10_BUDGET_FAMILY-0811,B,T10_BUDGET_FAMILY,0.25,-1,1,-1,-0.025,0.025,50.0,-5.0,59,-1,7.0,0.075,0.6100901992336072,-6.973362886642219,6.810436904344831,30000,True,0.0,0.0,0.0,0.0,0.0,0.013575950906890816,0.03236925621380445,0.038338876038575304,0.04942302640519442,0.8035851639670997,1.9139804827648668,2.259971860934641,2.9166760523081403,0.03794233730774131,0.03869494070484228,0.9909,0.9897608399030648,0.9919134580505711,1.0,0.9998719677669952,1.0
T10_BUDGET_FAMILY-0812,B,T10_BUDGET_FAMILY,0.25,-1,1,-1,-0.025,0.025,50.0,-5.0,59,1,7.0,0.075,0.6100901992336072,6.973362886642219,6.810436904344831,30000,True,0.0,0.0,0.0,0.0,0.0,0.013526566911171226,0.03328266307024973,0.039949780771111804,0.05253086413978618,0.8039966183159527,1.9695841441597932,2.35543322285485,3.097136076239244,0.03948245793351465,0.040359680112655574,0.9858666666666667,0.9844673672162143,0.9871415529285672,0.9999666666666667,0.9998111938118758,0.999994115823935
T10_BUDGET_FAMILY-0813,B,T10_BUDGET_FAMILY,0.25,-1,1,-1,-0.025,0.025,50.0,-5.0,60,-1,7.0,0.075,0.6100901992336072,-6.973362886642219,6.696813931410638,30000,True,0.0,0.0,0.0,0.0,0.0,0.013742662742982976,0.03277541357519584,0.038744615993512116,0.05001697687190448,0.8291913031058622,1.9713354179462577,2.3227511071263183,3.00007926164111,0.03841198891346582,0.03913932283151963,0.9899333333333333,0.9887393156524905,0.9910018964967958,1.0,0.9998719677669952,1.0
T10_BUDGET_FAMILY-0814,B,T10_BUDGET_FAMILY,0.25,-1,1,-1,-0.025,0.025,50.0,-5.0,60,1,7.0,0.075,0.6100901992336072,6.973362886642219,6.696813931410638,30000,True,0.0,0.0,0.0,0.0,0.0,0.013690174829484055,0.033722137225842864,0.040466659091202214,0.053160069718837494,0.8292154994560431,2.026984913646053,2.427851781651331,3.1856766056925796,0.03998565325774166,0.04084164809476197,0.9842666666666666,0.9827952234739801,0.985614106373947,0.9999666666666667,0.9998111938118758,0.999994115823935
T10_BUDGET_FAMILY-0815,B,T10_BUDGET_FAMILY,0.25,-1,1,1,-0.025,0.025,50.0,5.0,50,-1,7.0,0.075,-0.6100901992336072,-6.973362886642219,7.845159530798516,30000,True,0.0,0.0,0.0,0.0,0.0,0.012422807217574388,0.029807710972413873,0.035267871284645765,0.045878853882047536,0.6249170548668729,1.492196498730741,1.764766868022213,2.292454278199247,0.0349123612014337,0.035651760521226664,0.9951333333333333,0.994279955177996,0.995859925436067,1.0,0.9998719677669952,1.0
T10_BUDGET_FAMILY-0816,B,T10_BUDGET_FAMILY,0.25,-1,1,1,-0.025,0.025,50.0,5.0,50,1,7.0,0.075,-0.6100901992336072,6.973362886642219,7.845159530798516,30000,True,0.0,0.0,0.0,0.0,0.0,0.012399057509377798,0.030468967118638376,0.03658069773017616,0.048099681315117236,0.6258108982634916,1.5272896132251266,1.8336315824148162,2.4056791826695605,0.03622844108167413,0.03706685858445311,0.9925333333333334,0.9914941519643705,0.9934463944173042,1.0,0.9998719677669952,1.0
T10_BUDGET_FAMILY-0817,B,T10_BUDGET_FAMILY,0.25,-1,1,1,-0.025,0.025,50.0,5.0,51,-1,7.0,0.075,-0.6100901992336072,-6.973362886642219,7.694990216436938,30000,True,0.0,0.0,0.0,0.0,0.0,0.012586268583588127,0.03017007259024217,0.03567867198889576,0.04639075237294642,0.6442951690347551,1.54109650506559,1.821500094269661,2.3663253730342033,0.03534217889296185,0.036085073690152986,0.9945333333333334,0.9936333019356788,0.995306732317064,1.0,0.9998719677669952,1.0
T10_BUDGET_FAMILY-0818,B,T10_BUDGET_FAMILY,0.25,-1,1,1,-0.025,0.025,50.0,5.0,51,1,7.0,0.075,-0.6100901992336072,6.973362886642219,7.694990216436938,30000,True,0.0,0.0,0.0,0.0,0.0,0.012571482237311521,0.030862047685985772,0.03709714971845111,0.048784968095254316,0.646244394971722,1.5773240157069295,1.892707373226998,2.485709400161433,0.03672961905962138,0.0375002428600561,0.9917,0.9906085473871307,0.9926655457149325,1.0,0.9998719677669952,1.0
T10_BUDGET_FAMILY-0819,B,T10_BUDGET_FAMILY,0.25,-1,1,1,-0.025,0.025,50.0,5.0,52,-1,7.0,0.075,-0.6100901992336072,-6.973362886642219,7.5504292009056275,30000,True,0.0,0.0,0.0,0.0,0.0,0.012751160422026304,0.030538179127131953,0.03614838102979785,0.046932854180999274,0.6664242658430638,1.5913742521750984,1.8804118885982835,2.442078905507874,0.03579387769886015,0.03655306848536195,0.9937666666666667,0.992810649935989,0.9945962472995111,1.0,0.9998719677669952,1.0
T10_BUDGET_FAMILY-0820,B,T10_BUDGET_FAMILY,0.25,-1,1,1,-0.025,0.025,50.0,5.0,52,1,7.0,0.075,-0.6100901992336072,6.973362886642219,7.5504292009056275,30000,True,0.0,0.0,0.0,0.0,0.0,0.012735526738147075,0.03126669590842523,0.03765503448901492,0.049379530455987024,0.6663570804412171,1.6294563096716852,1.9560737900970169,2.566904247652779,0.037188075363036324,0.037996533248137995,0.9908333333333333,0.9896902965497864,0.9918506851414807,0.9999666666666667,0.9998111938118758,0.999994115823935
T10_BUDGET_FAMILY-0821,B,T10_BUDGET_FAMILY,0.25,-1,1,1,-0.025,0.025,50.0,5.0,53,-1,7.0,0.075,-0.6100901992336072,-6.973362886642219,7.411169809562242,30000,True,0.0,0.0,0.0,0.0,0.0,0.01292610972021515,0.030912768633676535,0.03660051169708595,0.047460616208810445,0.6877110022405207,1.6424232466435431,1.9416482486232538,2.51710314377027,0.036255494201565125,0.03701764987698934,0.9930666666666667,0.9920625171484408,0.9939445593321853,1.0,0.9998719677669952,1.0
T10_BUDGET_FAMILY-0822,B,T10_BUDGET_FAMILY,0.25,-1,1,1,-0.025,0.025,50.0,5.0,53,1,7.0,0.075,-0.6100901992336072,6.973362886642219,7.411169809562242,30000,True,0.0,0.0,0.0,0.0,0.0,0.012910672095314973,0.031686030662805474,0.03810125306505997,0.04998588039206761,0.6871845864970164,1.6805423764076628,2.0197009284365453,2.650472853157634,0.03770309565364432,0.038490641703787305,0.9900333333333333,0.9888448611125207,0.9910963254303191,0.9999666666666667,0.9998111938118758,0.999994115823935
T10_BUDGET_FAMILY-0823,B,T10_BUDGET_FAMILY,0.25,-1,1,1,-0.025,0.025,50.0,5.0,54,-1,7.0,0.075,-0.6100901992336072,-6.973362886642219,7.276927205330937,30000,True,0.0,0.0,0.0,0.0,0.0,0.013092606107877432,0.03126707833967757,0.037070869569405654,0.048013041721227744,0.7090507720248405,1.694770076290073,2.0030266087971187,2.5923752670342113,0.03669192942074483,0.037478961628692846,0.9926333333333334,0.9916006207871193,0.9935398999881089,1.0,0.9998719677669952,1.0
T10_BUDGET_FAMILY-0824,B,T10_BUDGET_FAMILY,0.25,-1,1,1,-0.025,0.025,50.0,5.0,54,1,7.0,0.075,-0.6100901992336072,6.973362886642219,7.276927205330937,30000,True,0.0,0.0,0.0,0.0,0.0,0.013080871906738378,0.032117292222823814,0.038545714127698555,0.05066233335818137,0.7088348590447273,1.7344107979597576,2.083855863475966,2.7341750158822675,0.038176899281879964,0.03900946163489486,0.9888666666666667,0.9876151801078753,0.9899929718435082,0.9999666666666667,0.9998111938118758,0.999994115823935
T10_BUDGET_FAMILY-0825,B,T10_BUDGET_FAMILY,0.25,-1,1,1,-0.025,0.025,50.0,5.0,55,-1,7.0,0.075,-0.6100901992336072,-6.973362886642219,7.147436489418579,30000,True,0.0,0.0,0.0,0.0,0.0,0.013250323443382037,0.0316458395746334,0.03750151316822351,0.04843970582118893,0.7303596762794899,1.7481917159331017,2.0654846081892866,2.6686666932469363,0.03715619889200445,0.0379412364065322,0.9919666666666667,0.9908916363134725,0.9929157218380662,1.0,0.9998719677669952,1.0
T10_BUDGET_FAMILY-0826,B,T10_BUDGET_FAMILY,0.25,-1,1,1,-0.025,0.025,50.0,5.0,55,1,7.0,0.075,-0.6100901992336072,6.973362886642219,7.147436489418579,30000,True,0.0,0.0,0.0,0.0,0.0,0.013222555638379095,0.03253410600536662,0.03907950343335629,0.0513417902550821,0.731015100172875,1.790216468495172,2.1486504199360037,2.8214806009232283,0.03862717239405113,0.03944757025310912,0.9878333333333333,0.9865288305690395,0.9890129193156255,0.9999666666666667,0.9998111938118758,0.999994115823935
T10_BUDGET_FAMILY-0827,B,T10_BUDGET_FAMILY,0.25,-1,1,1,-0.025,0.025,50.0,5.0,56,-1,7.0,0.075,-0.6100901992336072,-6.973362886642219,7.022450995802023,30000,True,0.0,0.0,0.0,0.0,0.0,0.013422065740849223,0.03202772217148743,0.03801523769936426,0.04900607663328963,0.7540144136528895,1.8026795796967157,2.129582253936308,2.744317162622322,0.037578979961741865,0.03837419902694071,0.9914,0.9902903919579265,0.9923837779634763,1.0,0.9998719677669952,1.0
T10_BUDGET_FAMILY-0828,B,T10_BUDGET_FAMILY,0.25,-1,1,1,-0.025,0.025,50.0,5.0,56,1,7.0,0.075,-0.6100901992336072,6.973362886642219,7.022450995802023,30000,True,0.0,0.0,0.0,0.0,0.0,0.013383612271787573,0.0329385123650509,0.039534273114652664,0.05197898950648546,0.7541830166370975,1.847445233030058,2.2138134442556616,2.9131268536331243,0.03911604851086319,0.03995922928448069,0.9869666666666667,0.9856194747244537,0.9881891637494152,0.9999666666666667,0.9998111938118758,0.999994115823935
T10_BUDGET_FAMILY-0829,B,T10_BUDGET_FAMILY,0.25,-1,1,1,-0.025,0.025,50.0,5.0,57,-1,7.0,0.075,-0.6100901992336072,-6.973362886642219,6.9017407569323295,30000,True,0.0,0.0,0.0,0.0,0.0,0.013607548449874485,0.03244109702667548,0.038472417368184936,0.049599529286515585,0.777104723182866,1.857087351071719,2.1915364425469006,2.8304003460446023,0.038040879556794416,0.03881960191569402,0.9905666666666667,0.9894082660994261,0.9915994505423651,1.0,0.9998719677669952,1.0
T10_BUDGET_FAMILY-0830,B,T10_BUDGET_FAMILY,0.25,-1,1,1,-0.025,0.025,50.0,5.0,57,1,7.0,0.075,-0.6100901992336072,6.973362886642219,6.9017407569323295,30000,True,0.0,0.0,0.0,0.0,0.0,0.013550216307445084,0.033381131813423066,0.04003383637676537,0.05263129320199405,0.777247344305186,1.9060216612321155,2.2807676671767463,3.0081715899972807,0.03958551320557092,0.04051311731516823,0.9855,0.984083804744417,0.9867918759573354,0.9999666666666667,0.9998111938118758,0.999994115823935
T10_BUDGET_FAMILY-0831,B,T10_BUDGET_FAMILY,0.25,-1,1,1,-0.025,0.025,50.0,5.0,58,-1,7.0,0.075,-0.6100901992336072,-6.973362886642219,6.785091121036654,30000,True,0.0,0.0,0.0,0.0,0.0,0.013769597567839728,0.03284193574570205,0.038937316277456384,0.050218947290943686,0.8007432135357466,1.911456538729376,2.2564360548661004,2.9122835048536344,0.038503099169568775,0.03927868416888789,0.9896666666666667,0.9884579983448445,0.9907499487549662,1.0,0.9998719677669952,1.0
T10_BUDGET_FAMILY-0832,B,T10_BUDGET_FAMILY,0.25,-1,1,1,-0.025,0.025,50.0,5.0,58,1,7.0,0.075,-0.6100901992336072,6.973362886642219,6.785091121036654,30000,True,0.0,0.0,0.0,0.0,0.0,0.013709176916367458,0.033763396011714644,0.04051158678542397,0.053351156460480734,0.8013138520594787,1.9637397964095795,2.3510403130392588,3.0914918775058777,0.040060406800213805,0.041016212256612936,0.9841666666666666,0.9826908451056685,0.9855185103487051,0.9999666666666667,0.9998111938118758,0.999994115823935
T10_BUDGET_FAMILY-0833,B,T10_BUDGET_FAMILY,0.25,-1,1,1,-0.025,0.025,50.0,5.0,59,-1,7.0,0.075,-0.6100901992336072,-6.973362886642219,6.672301503912944,30000,True,0.0,0.0,0.0,0.0,0.0,0.013944253471187551,0.03327348421241984,0.0393590863628772,0.050726483940984585,0.8256223773969467,1.9667133501913197,2.319907780608753,2.995939988722784,0.03897285456587961,0.03970845027047456,0.9883666666666666,0.9870892226868447,0.9895190572967717,1.0,0.9998719677669952,1.0
T10_BUDGET_FAMILY-0834,B,T10_BUDGET_FAMILY,0.25,-1,1,1,-0.025,0.025,50.0,5.0,59,1,7.0,0.075,-0.6100901992336072,6.973362886642219,6.672301503912944,30000,True,0.0,0.0,0.0,0.0,0.0,0.01388911509371476,0.03420005474911524,0.04104390098402936,0.0539464855012456,0.827042646959703,2.0214592273857317,2.4206853993159916,3.1804604046388114,0.040573000198526284,0.04147693215017391,0.9826,0.9810573957826351,0.9840190275060688,0.9999666666666667,0.9998111938118758,0.999994115823935
T10_BUDGET_FAMILY-0835,B,T10_BUDGET_FAMILY,0.25,-1,1,1,-0.025,0.025,50.0,5.0,60,-1,7.0,0.075,-0.6100901992336072,-6.973362886642219,6.563184260272165,30000,True,0.0,0.0,0.0,0.0,0.0,0.01411797016554459,0.03365231987735271,0.03980706308862274,0.051305142717334815,0.851634053582761,2.023724035113807,2.385600122381939,3.0833174270220174,0.039452480244280844,0.04016552728959759,0.9869666666666667,0.9856194747244537,0.9881891637494152,1.0,0.9998719677669952,1.0
T10_BUDGET_FAMILY-0836,B,T10_BUDGET_FAMILY,0.25,-1,1,1,-0.025,0.025,50.0,5.0,60,1,7.0,0.075,-0.6100901992336072,6.973362886642219,6.563184260272165,30000,True,0.0,0.0,0.0,0.0,0.0,0.014085617134844124,0.034636676189836874,0.041555406924659026,0.05460240149271804,0.8507241545671597,2.082323759553294,2.489273338024899,3.2747474028390693,0.041078907752120725,0.04198092840303597,0.9812333333333333,0.9796350212012005,0.98270841870894,0.9999666666666667,0.9998111938118758,0.999994115823935
T10_BUDGET_FAMILY-0837,B,T10_BUDGET_FAMILY,0.25,1,-1,-1,0.025,-0.025,50.0,-5.0,50,-1,7.0,0.075,0.6100901992336072,-6.973362886642219,8.036472470270963,30000,True,0.0,0.0,0.0,0.0,0.0,0.012008377699705761,0.029503049855446904,0.03547742260095333,0.04660182207833188,0.6065616627480578,1.4799344492029174,1.7757789276099631,2.327522952866618,0.035086620707949975,0.03590324109549542,0.9945666666666667,0.993669156987966,0.9953375353959614,1.0,0.9998719677669952,1.0
T10_BUDGET_FAMILY-0838,B,T10_BUDGET_FAMILY,0.25,1,-1,-1,0.025,-0.025,50.0,-5.0,50,1,7.0,0.075,0.6100901992336072,6.973362886642219,8.036472470270963,30000,True,0.0,0.0,0.0,0.0,0.0,0.01205668459411129,0.02892575203791722,0.03417361291370199,0.044442307993041934,0.6067715139942074,1.4471339010101532,1.715960817865637,2.219770735227985,0.03388297213573267,0.03451715774383672,0.9966,0.9958747001752205,0.9971981382109593,1.0,0.9998719677669952,1.0
T10_BUDGET_FAMILY-0839,B,T10_BUDGET_FAMILY,0.25,1,-1,-1,0.025,-0.025,50.0,-5.0,51,-1,7.0,0.075,0.6100901992336072,-6.973362886642219,7.879009608423327,30000,True,0.0,0.0,0.0,0.0,0.0,0.012188808465915165,0.029923990438911648,0.03601265101640329,0.047224162479774436,0.6278069979555093,1.530209497255938,1.836249433113775,2.4064713690253705,0.035614676721856975,0.036383237866249175,0.9937,0.9927392845472033,0.9945342964259279,1.0,0.9998719677669952,1.0
T10_BUDGET_FAMILY-0840,B,T10_BUDGET_FAMILY,0.25,1,-1,-1,0.025,-0.025,50.0,-5.0,51,1,7.0,0.075,0.6100901992336072,6.973362886642219,7.879009608423327,30000,True,0.0,0.0,0.0,0.0,0.0,0.012215510788864882,0.029323944661757317,0.03462034351996848,0.04493194006668804,0.6259165097498335,1.4962177972091204,1.7711677331967368,2.295271860249796,0.034325588991705035,0.03498092880465385,0.9958333333333333,0.9950382258472713,0.9965014755216656,1.0,0.9998719677669952,1.0
T10_BUDGET_FAMILY-0841,B,T10_BUDGET_FAMILY,0.25,1,-1,-1,0.025,-0.025,50.0,-5.0,52,-1,7.0,0.075,0.6100901992336072,-6.973362886642219,7.727561923501718,30000,True,0.0,0.0,0.0,0.0,0.0,0.01236259257570934,0.030334821976713836,0.0365552466299612,0.04791734387901947,0.6474730774461992,1.5814160352058098,1.8979284268536964,2.48833501856948,0.03610282631534412,0.036855388608224585,0.9926333333333334,0.9916006207871193,0.9935398999881089,1.0,0.9998719677669952,1.0
T10_BUDGET_FAMILY-0842,B,T10_BUDGET_FAMILY,0.25,1,-1,-1,0.025,-0.025,50.0,-5.0,52,1,7.0,0.075,0.6100901992336072,6.973362886642219,7.727561923501718,30000,True,0.0,0.0,0.0,0.0,0.0,0.012369432990607922,0.029681417814569608,0.03507916165876669,0.04554338959917308,0.6470297230797727,1.5456007551829147,1.8260491288552623,2.3695283900888033,0.034758784160349304,0.03544126922732511,0.9953,0.9944600905321205,0.996013080737865,1.0,0.9998719677669952,1.0
T10_BUDGET_FAMILY-0843,B,T10_BUDGET_FAMILY,0.25,1,-1,-1,0.025,-0.025,50.0,-5.0,53,-1,7.0,0.075,0.6100901992336072,-6.973362886642219,7.581793200634859,30000,True,0.0,0.0,0.0,0.0,0.0,0.01251609704273395,0.030752997328526318,0.036991091429589576,0.04847340715784727,0.6676282156180121,1.6317907350485816,1.9595569504626433,2.5705446097425764,0.036589042703768025,0.03736292180108926,0.9918333333333333,0.9907500575564953,0.9927906680703057,1.0,0.9998719677669952,1.0
T10_BUDGET_FAMILY-0844,B,T10_BUDGET_FAMILY,0.25,1,-1,-1,0.025,-0.025,50.0,-5.0,53,1,7.0,0.075,0.6100901992336072,6.973362886642219,7.581793200634859,30000,True,0.0,0.0,0.0,0.0,0.0,0.012540467963017556,0.029991965967685476,0.03554522809914506,0.046164892582259254,0.6681614445552173,1.5957218551736532,1.885320971105717,2.444203371714697,0.035215449185451685,0.03589328453216306,0.9948666666666667,0.9939922142697715,0.995614401294816,1.0,0.9998719677669952,1.0
T10_BUDGET_FAMILY-0845,B,T10_BUDGET_FAMILY,0.25,1,-1,-1,0.025,-0.025,50.0,-5.0,54,-1,7.0,0.075,0.6100901992336072,-6.973362886642219,7.44139168055048,30000,True,0.0,0.0,0.0,0.0,0.0,0.012687417208678206,0.031176997038493366,0.03743970338136622,0.04916278300792874,0.6891207259994745,1.686595607069909,2.0231643331948543,2.6565171192264,0.03706581259461691,0.03784012691386457,0.9910666666666667,0.9899372625389578,0.9920703260706005,0.9999666666666667,0.9998111938118758,0.999994115823935
T10_BUDGET_FAMILY-0846,B,T10_BUDGET_FAMILY,0.25,1,-1,-1,0.025,-0.025,50.0,-5.0,54,1,7.0,0.075,0.6100901992336072,6.973362886642219,7.44139168055048,30000,True,0.0,0.0,0.0,0.0,0.0,0.012718158298227158,0.030380981794048637,0.03600796776187723,0.04659270884000511,0.6900146492776557,1.6461735347461055,1.9460212473727594,2.516782733898148,0.035679226299806105,0.03639058358608259,0.9940666666666667,0.9931321169212085,0.9948747034949516,1.0,0.9998719677669952,1.0
T10_BUDGET_FAMILY-0847,B,T10_BUDGET_FAMILY,0.25,1,-1,-1,0.025,-0.025,50.0,-5.0,55,-1,7.0,0.075,0.6100901992336072,-6.973362886642219,7.30606788826707,30000,True,0.0,0.0,0.0,0.0,0.0,0.012854955913313275,0.03163346395188608,0.037926067103182186,0.04992540433322251,0.7112298599717868,1.740285357333866,2.086892783463119,2.7427900997965993,0.037566392089266806,0.03833872672187575,0.9902333333333333,0.9890560386338211,0.9912850966961254,0.9999666666666667,0.9998111938118758,0.999994115823935
T10_BUDGET_FAMILY-0848,B,T10_BUDGET_FAMILY,0.25,1,-1,-1,0.025,-0.025,50.0,-5.0,55,1,7.0,0.075,0.6100901992336072,6.973362886642219,7.30606788826707,30000,True,0.0,0.0,0.0,0.0,0.0,0.01288627176584046,0.03075783410492518,0.036477629118814484,0.047171445534930904,0.7117663347525757,1.7005122043135457,2.0083163656299017,2.5922063975304854,0.03609254071733688,0.03686815631195347,0.9933333333333333,0.9923472149651358,0.9941931265649662,1.0,0.9998719677669952,1.0
T10_BUDGET_FAMILY-0849,B,T10_BUDGET_FAMILY,0.25,1,-1,-1,0.025,-0.025,50.0,-5.0,56,-1,7.0,0.075,0.6100901992336072,-6.973362886642219,7.17555268778523,30000,True,0.0,0.0,0.0,0.0,0.0,0.013029503081657496,0.032038903322580935,0.03840650243270348,0.05061808647843881,0.7344226549961207,1.7955343958752836,2.151757115760458,2.828222330427253,0.03806949315499063,0.038828788892859505,0.9891,0.9878608331478899,0.9902139257217849,0.9999666666666667,0.9998111938118758,0.999994115823935
T10_BUDGET_FAMILY-0850,B,T10_BUDGET_FAMILY,0.25,1,-1,-1,0.025,-0.025,50.0,-5.0,56,1,7.0,0.075,0.6100901992336072,6.973362886642219,7.17555268778523,30000,True,0.0,0.0,0.0,0.0,0.0,0.013054368202707651,0.031150168428399842,0.03692764591971022,0.04767850156356638,0.7333365264791883,1.7528528880558187,2.0700301595804906,2.671304167242324,0.03655661967769852,0.03732332329263231,0.9928,0.9917781691639603,0.9936956422671902,1.0,0.9998719677669952,1.0
T10_BUDGET_FAMILY-0851,B,T10_BUDGET_FAMILY,0.25,1,-1,-1,0.025,-0.025,50.0,-5.0,57,-1,7.0,0.075,0.6100901992336072,-6.973362886642219,7.049595535958187,30000,True,0.0,0.0,0.0,0.0,0.0,0.013180336992299644,0.03245391681438367,0.03891133750962863,0.05124742468120072,0.7558164215308385,1.8521321314728734,2.219419529170024,2.9156548697868345,0.03851621182442593,0.03930307205510244,0.9881,0.9868089480485183,0.9892660668856224,0.9999666666666667,0.9998111938118758,0.999994115823935
T10_BUDGET_FAMILY-0852,B,T10_BUDGET_FAMILY,0.25,1,-1,-1,0.025,-0.025,50.0,-5.0,57,1,7.0,0.075,0.6100901992336072,6.973362886642219,7.049595535958187,30000,True,0.0,0.0,0.0,0.0,0.0,0.013224535111529746,0.03155852234199311,0.037410930935489785,0.0482762519165521,0.7562407318827237,1.8066211736815938,2.132535586579054,2.748400371416138,0.03699910624445049,0.03778927932758099,0.9922,0.9911395693119793,0.9931343957578507,1.0,0.9998719677669952,1.0
T10_BUDGET_FAMILY-0853,B,T10_BUDGET_FAMILY,0.25,1,-1,-1,0.025,-0.025,50.0,-5.0,58,-1,7.0,0.075,0.6100901992336072,-6.973362886642219,6.927962912277178,30000,True,0.0,0.0,0.0,0.0,0.0,0.01335896542328555,0.03285997705582207,0.03942551258884661,0.05186272956196104,0.7793490175093654,1.9105748619649459,2.28805270712395,3.008022517318061,0.03899807522079453,0.03984307442046313,0.9871333333333333,0.9857942335636639,0.9883476955661271,0.9999666666666667,0.9998111938118758,0.999994115823935
T10_BUDGET_FAMILY-0854,B,T10_BUDGET_FAMILY,0.25,1,-1,-1,0.025,-0.025,50.0,-5.0,58,1,7.0,0.075,0.6100901992336072,6.973362886642219,6.927962912277178,30000,True,0.0,0.0,0.0,0.0,0.0,0.01340904559192424,0.031977419778026435,0.03786387278002199,0.04885207816225937,0.7799505496882811,1.862113584412661,2.1966760545115633,2.8314887758450786,0.03744451510491795,0.03823444234745737,0.9915666666666667,0.9904671041789456,0.9925403563983798,1.0,0.9998719677669952,1.0
T10_BUDGET_FAMILY-0855,B,T10_BUDGET_FAMILY,0.25,1,-1,-1,0.025,-0.025,50.0,-5.0,59,-1,7.0,0.075,0.6100901992336072,-6.973362886642219,6.810436904344831,30000,True,0.0,0.0,0.0,0.0,0.0,0.013526566911171226,0.03328266307024973,0.039949780771111804,0.05253086413978618,0.8039966183159527,1.9695841441597932,2.35543322285485,3.097136076239244,0.03948245793351465,0.040359680112655574,0.9858666666666667,0.9844673672162143,0.9871415529285672,0.9999666666666667,0.9998111938118758,0.999994115823935
T10_BUDGET_FAMILY-0856,B,T10_BUDGET_FAMILY,0.25,1,-1,-1,0.025,-0.025,50.0,-5.0,59,1,7.0,0.075,0.6100901992336072,6.973362886642219,6.810436904344831,30000,True,0.0,0.0,0.0,0.0,0.0,0.013575950906890816,0.03236925621380445,0.038338876038575304,0.04942302640519442,0.8035851639670997,1.9139804827648668,2.259971860934641,2.9166760523081403,0.03794233730774131,0.03869494070484228,0.9909,0.9897608399030648,0.9919134580505711,1.0,0.9998719677669952,1.0
T10_BUDGET_FAMILY-0857,B,T10_BUDGET_FAMILY,0.25,1,-1,-1,0.025,-0.025,50.0,-5.0,60,-1,7.0,0.075,0.6100901992336072,-6.973362886642219,6.696813931410638,30000,True,0.0,0.0,0.0,0.0,0.0,0.013690174829484055,0.033722137225842864,0.040466659091202214,0.053160069718837494,0.8292154994560431,2.026984913646053,2.427851781651331,3.1856766056925796,0.03998565325774166,0.04084164809476197,0.9842666666666666,0.9827952234739801,0.985614106373947,0.9999666666666667,0.9998111938118758,0.999994115823935
T10_BUDGET_FAMILY-0858,B,T10_BUDGET_FAMILY,0.25,1,-1,-1,0.025,-0.025,50.0,-5.0,60,1,7.0,0.075,0.6100901992336072,6.973362886642219,6.696813931410638,30000,True,0.0,0.0,0.0,0.0,0.0,0.013742662742982976,0.03277541357519584,0.038744615993512116,0.05001697687190448,0.8291913031058622,1.9713354179462577,2.3227511071263183,3.00007926164111,0.03841198891346582,0.03913932283151963,0.9899333333333333,0.9887393156524905,0.9910018964967958,1.0,0.9998719677669952,1.0
T10_BUDGET_FAMILY-0859,B,T10_BUDGET_FAMILY,0.25,1,-1,1,0.025,-0.025,50.0,5.0,50,-1,7.0,0.075,-0.6100901992336072,-6.973362886642219,7.845159530798516,30000,True,0.0,0.0,0.0,0.0,0.0,0.012399057509377798,0.030468967118638376,0.03658069773017616,0.048099681315117236,0.6258108982634916,1.5272896132251266,1.8336315824148162,2.4056791826695605,0.03622844108167413,0.03706685858445311,0.9925333333333334,0.9914941519643705,0.9934463944173042,1.0,0.9998719677669952,1.0
T10_BUDGET_FAMILY-0860,B,T10_BUDGET_FAMILY,0.25,1,-1,1,0.025,-0.025,50.0,5.0,50,1,7.0,0.075,-0.6100901992336072,6.973362886642219,7.845159530798516,30000,True,0.0,0.0,0.0,0.0,0.0,0.012422807217574388,0.029807710972413873,0.035267871284645765,0.045878853882047536,0.6249170548668729,1.492196498730741,1.764766868022213,2.292454278199247,0.0349123612014337,0.035651760521226664,0.9951333333333333,0.994279955177996,0.995859925436067,1.0,0.9998719677669952,1.0
T10_BUDGET_FAMILY-0861,B,T10_BUDGET_FAMILY,0.25,1,-1,1,0.025,-0.025,50.0,5.0,51,-1,7.0,0.075,-0.6100901992336072,-6.973362886642219,7.694990216436938,30000,True,0.0,0.0,0.0,0.0,0.0,0.012571482237311521,0.030862047685985772,0.03709714971845111,0.048784968095254316,0.646244394971722,1.5773240157069295,1.892707373226998,2.485709400161433,0.03672961905962138,0.0375002428600561,0.9917,0.9906085473871307,0.9926655457149325,1.0,0.9998719677669952,1.0
T10_BUDGET_FAMILY-0862,B,T10_BUDGET_FAMILY,0.25,1,-1,1,0.025,-0.025,50.0,5.0,51,1,7.0,0.075,-0.6100901992336072,6.973362886642219,7.694990216436938,30000,True,0.0,0.0,0.0,0.0,0.0,0.012586268583588127,0.03017007259024217,0.03567867198889576,0.04639075237294642,0.6442951690347551,1.54109650506559,1.821500094269661,2.3663253730342033,0.03534217889296185,0.036085073690152986,0.9945333333333334,0.9936333019356788,0.995306732317064,1.0,0.9998719677669952,1.0
T10_BUDGET_FAMILY-0863,B,T10_BUDGET_FAMILY,0.25,1,-1,1,0.025,-0.025,50.0,5.0,52,-1,7.0,0.075,-0.6100901992336072,-6.973362886642219,7.5504292009056275,30000,True,0.0,0.0,0.0,0.0,0.0,0.012735526738147075,0.03126669590842523,0.03765503448901492,0.049379530455987024,0.6663570804412171,1.6294563096716852,1.9560737900970169,2.566904247652779,0.037188075363036324,0.037996533248137995,0.9908333333333333,0.9896902965497864,0.9918506851414807,0.9999666666666667,0.9998111938118758,0.999994115823935
T10_BUDGET_FAMILY-0864,B,T10_BUDGET_FAMILY,0.25,1,-1,1,0.025,-0.025,50.0,5.0,52,1,7.0,0.075,-0.6100901992336072,6.973362886642219,7.5504292009056275,30000,True,0.0,0.0,0.0,0.0,0.0,0.012751160422026304,0.030538179127131953,0.03614838102979785,0.046932854180999274,0.6664242658430638,1.5913742521750984,1.8804118885982835,2.442078905507874,0.03579387769886015,0.03655306848536195,0.9937666666666667,0.992810649935989,0.9945962472995111,1.0,0.9998719677669952,1.0
T10_BUDGET_FAMILY-0865,B,T10_BUDGET_FAMILY,0.25,1,-1,1,0.025,-0.025,50.0,5.0,53,-1,7.0,0.075,-0.6100901992336072,-6.973362886642219,7.411169809562242,30000,True,0.0,0.0,0.0,0.0,0.0,0.012910672095314973,0.031686030662805474,0.03810125306505997,0.04998588039206761,0.6871845864970164,1.6805423764076628,2.0197009284365453,2.650472853157634,0.03770309565364432,0.038490641703787305,0.9900333333333333,0.9888448611125207,0.9910963254303191,0.9999666666666667,0.9998111938118758,0.999994115823935
T10_BUDGET_FAMILY-0866,B,T10_BUDGET_FAMILY,0.25,1,-1,1,0.025,-0.025,50.0,5.0,53,1,7.0,0.075,-0.6100901992336072,6.973362886642219,7.411169809562242,30000,True,0.0,0.0,0.0,0.0,0.0,0.01292610972021515,0.030912768633676535,0.03660051169708595,0.047460616208810445,0.6877110022405207,1.6424232466435431,1.9416482486232538,2.51710314377027,0.036255494201565125,0.03701764987698934,0.9930666666666667,0.9920625171484408,0.9939445593321853,1.0,0.9998719677669952,1.0
T10_BUDGET_FAMILY-0867,B,T10_BUDGET_FAMILY,0.25,1,-1,1,0.025,-0.025,50.0,5.0,54,-1,7.0,0.075,-0.6100901992336072,-6.973362886642219,7.276927205330937,30000,True,0.0,0.0,0.0,0.0,0.0,0.013080871906738378,0.032117292222823814,0.038545714127698555,0.05066233335818137,0.7088348590447273,1.7344107979597576,2.083855863475966,2.7341750158822675,0.038176899281879964,0.03900946163489486,0.9888666666666667,0.9876151801078753,0.9899929718435082,0.9999666666666667,0.9998111938118758,0.999994115823935
T10_BUDGET_FAMILY-0868,B,T10_BUDGET_FAMILY,0.25,1,-1,1,0.025,-0.025,50.0,5.0,54,1,7.0,0.075,-0.6100901992336072,6.973362886642219,7.276927205330937,30000,True,0.0,0.0,0.0,0.0,0.0,0.013092606107877432,0.03126707833967757,0.037070869569405654,0.048013041721227744,0.7090507720248405,1.694770076290073,2.0030266087971187,2.5923752670342113,0.03669192942074483,0.037478961628692846,0.9926333333333334,0.9916006207871193,0.9935398999881089,1.0,0.9998719677669952,1.0
T10_BUDGET_FAMILY-0869,B,T10_BUDGET_FAMILY,0.25,1,-1,1,0.025,-0.025,50.0,5.0,55,-1,7.0,0.075,-0.6100901992336072,-6.973362886642219,7.147436489418579,30000,True,0.0,0.0,0.0,0.0,0.0,0.013222555638379095,0.03253410600536662,0.03907950343335629,0.0513417902550821,0.731015100172875,1.790216468495172,2.1486504199360037,2.8214806009232283,0.03862717239405113,0.03944757025310912,0.9878333333333333,0.9865288305690395,0.9890129193156255,0.9999666666666667,0.9998111938118758,0.999994115823935
T10_BUDGET_FAMILY-0870,B,T10_BUDGET_FAMILY,0.25,1,-1,1,0.025,-0.025,50.0,5.0,55,1,7.0,0.075,-0.6100901992336072,6.973362886642219,7.147436489418579,30000,True,0.0,0.0,0.0,0.0,0.0,0.013250323443382037,0.0316458395746334,0.03750151316822351,0.04843970582118893,0.7303596762794899,1.7481917159331017,2.0654846081892866,2.6686666932469363,0.03715619889200445,0.0379412364065322,0.9919666666666667,0.9908916363134725,0.9929157218380662,1.0,0.9998719677669952,1.0
T10_BUDGET_FAMILY-0871,B,T10_BUDGET_FAMILY,0.25,1,-1,1,0.025,-0.025,50.0,5.0,56,-1,7.0,0.075,-0.6100901992336072,-6.973362886642219,7.022450995802023,30000,True,0.0,0.0,0.0,0.0,0.0,0.013383612271787573,0.0329385123650509,0.039534273114652664,0.05197898950648546,0.7541830166370975,1.847445233030058,2.2138134442556616,2.9131268536331243,0.03911604851086319,0.03995922928448069,0.9869666666666667,0.9856194747244537,0.9881891637494152,0.9999666666666667,0.9998111938118758,0.999994115823935
T10_BUDGET_FAMILY-0872,B,T10_BUDGET_FAMILY,0.25,1,-1,1,0.025,-0.025,50.0,5.0,56,1,7.0,0.075,-0.6100901992336072,6.973362886642219,7.022450995802023,30000,True,0.0,0.0,0.0,0.0,0.0,0.013422065740849223,0.03202772217148743,0.03801523769936426,0.04900607663328963,0.7540144136528895,1.8026795796967157,2.129582253936308,2.744317162622322,0.037578979961741865,0.03837419902694071,0.9914,0.9902903919579265,0.9923837779634763,1.0,0.9998719677669952,1.0
T10_BUDGET_FAMILY-0873,B,T10_BUDGET_FAMILY,0.25,1,-1,1,0.025,-0.025,50.0,5.0,57,-1,7.0,0.075,-0.6100901992336072,-6.973362886642219,6.9017407569323295,30000,True,0.0,0.0,0.0,0.0,0.0,0.013550216307445084,0.033381131813423066,0.04003383637676537,0.05263129320199405,0.777247344305186,1.9060216612321155,2.2807676671767463,3.0081715899972807,0.03958551320557092,0.04051311731516823,0.9855,0.984083804744417,0.9867918759573354,0.9999666666666667,0.9998111938118758,0.999994115823935
T10_BUDGET_FAMILY-0874,B,T10_BUDGET_FAMILY,0.25,1,-1,1,0.025,-0.025,50.0,5.0,57,1,7.0,0.075,-0.6100901992336072,6.973362886642219,6.9017407569323295,30000,True,0.0,0.0,0.0,0.0,0.0,0.013607548449874485,0.03244109702667548,0.038472417368184936,0.049599529286515585,0.777104723182866,1.857087351071719,2.1915364425469006,2.8304003460446023,0.038040879556794416,0.03881960191569402,0.9905666666666667,0.9894082660994261,0.9915994505423651,1.0,0.9998719677669952,1.0
T10_BUDGET_FAMILY-0875,B,T10_BUDGET_FAMILY,0.25,1,-1,1,0.025,-0.025,50.0,5.0,58,-1,7.0,0.075,-0.6100901992336072,-6.973362886642219,6.785091121036654,30000,True,0.0,0.0,0.0,0.0,0.0,0.013709176916367458,0.033763396011714644,0.04051158678542397,0.053351156460480734,0.8013138520594787,1.9637397964095795,2.3510403130392588,3.0914918775058777,0.040060406800213805,0.041016212256612936,0.9841666666666666,0.9826908451056685,0.9855185103487051,0.9999666666666667,0.9998111938118758,0.999994115823935
T10_BUDGET_FAMILY-0876,B,T10_BUDGET_FAMILY,0.25,1,-1,1,0.025,-0.025,50.0,5.0,58,1,7.0,0.075,-0.6100901992336072,6.973362886642219,6.785091121036654,30000,True,0.0,0.0,0.0,0.0,0.0,0.013769597567839728,0.03284193574570205,0.038937316277456384,0.050218947290943686,0.8007432135357466,1.911456538729376,2.2564360548661004,2.9122835048536344,0.038503099169568775,0.03927868416888789,0.9896666666666667,0.9884579983448445,0.9907499487549662,1.0,0.9998719677669952,1.0
T10_BUDGET_FAMILY-0877,B,T10_BUDGET_FAMILY,0.25,1,-1,1,0.025,-0.025,50.0,5.0,59,-1,7.0,0.075,-0.6100901992336072,-6.973362886642219,6.672301503912944,30000,True,0.0,0.0,0.0,0.0,0.0,0.01388911509371476,0.03420005474911524,0.04104390098402936,0.0539464855012456,0.827042646959703,2.0214592273857317,2.4206853993159916,3.1804604046388114,0.040573000198526284,0.04147693215017391,0.9826,0.9810573957826351,0.9840190275060688,0.9999666666666667,0.9998111938118758,0.999994115823935
T10_BUDGET_FAMILY-0878,B,T10_BUDGET_FAMILY,0.25,1,-1,1,0.025,-0.025,50.0,5.0,59,1,7.0,0.075,-0.6100901992336072,6.973362886642219,6.672301503912944,30000,True,0.0,0.0,0.0,0.0,0.0,0.013944253471187551,0.03327348421241984,0.0393590863628772,0.050726483940984585,0.8256223773969467,1.9667133501913197,2.319907780608753,2.995939988722784,0.03897285456587961,0.03970845027047456,0.9883666666666666,0.9870892226868447,0.9895190572967717,1.0,0.9998719677669952,1.0
T10_BUDGET_FAMILY-0879,B,T10_BUDGET_FAMILY,0.25,1,-1,1,0.025,-0.025,50.0,5.0,60,-1,7.0,0.075,-0.6100901992336072,-6.973362886642219,6.563184260272165,30000,True,0.0,0.0,0.0,0.0,0.0,0.014085617134844124,0.034636676189836874,0.041555406924659026,0.05460240149271804,0.8507241545671597,2.082323759553294,2.489273338024899,3.2747474028390693,0.041078907752120725,0.04198092840303597,0.9812333333333333,0.9796350212012005,0.98270841870894,0.9999666666666667,0.9998111938118758,0.999994115823935
T10_BUDGET_FAMILY-0880,B,T10_BUDGET_FAMILY,0.25,1,-1,1,0.025,-0.025,50.0,5.0,60,1,7.0,0.075,-0.6100901992336072,6.973362886642219,6.563184260272165,30000,True,0.0,0.0,0.0,0.0,0.0,0.01411797016554459,0.03365231987735271,0.03980706308862274,0.051305142717334815,0.851634053582761,2.023724035113807,2.385600122381939,3.0833174270220174,0.039452480244280844,0.04016552728959759,0.9869666666666667,0.9856194747244537,0.9881891637494152,1.0,0.9998719677669952,1.0
T10_BUDGET_FAMILY-0881,B,T10_BUDGET_FAMILY,0.25,1,1,-1,0.025,0.025,50.0,-5.0,50,-1,7.0,0.075,0.6100901992336072,-6.973362886642219,8.036472470270963,30000,True,0.0,0.0,0.0,0.0,0.0,0.012069040050558043,0.028956104310028083,0.03420541762950435,0.044463137612510764,0.606704874394165,1.4469729147507318,1.7152915726459337,2.219617565807107,0.03391175891750194,0.03452196209046221,0.9966,0.9958747001752205,0.9971981382109593,1.0,0.9998719677669952,1.0
T10_BUDGET_FAMILY-0882,B,T10_BUDGET_FAMILY,0.25,1,1,-1,0.025,0.025,50.0,-5.0,50,1,7.0,0.075,0.6100901992336072,6.973362886642219,8.036472470270963,30000,True,0.0,0.0,0.0,0.0,0.0,0.012018999715279364,0.029541277997850557,0.03551861086792755,0.046601965997068645,0.6069756273434969,1.4803083024833277,1.7742051265239183,2.327273677150319,0.03512213812621596,0.03593996149385347,0.9945,0.9935974546557448,0.9952759214658137,1.0,0.9998719677669952,1.0
T10_BUDGET_FAMILY-0883,B,T10_BUDGET_FAMILY,0.25,1,1,-1,0.025,0.025,50.0,-5.0,51,-1,7.0,0.075,0.6100901992336072,-6.973362886642219,7.879009608423327,30000,True,0.0,0.0,0.0,0.0,0.0,0.012223645186004996,0.02934465834698641,0.03464419789424107,0.04497722541514228,0.6262636051844401,1.49602790979839,1.7701354908891092,2.29389166795522,0.03434627204442085,0.034998386001115274,0.9957333333333334,0.9949296145252114,0.9964101124501722,1.0,0.9998719677669952,1.0
T10_BUDGET_FAMILY-0884,B,T10_BUDGET_FAMILY,0.25,1,1,-1,0.025,0.025,50.0,-5.0,51,1,7.0,0.075,0.6100901992336072,6.973362886642219,7.879009608423327,30000,True,0.0,0.0,0.0,0.0,0.0,0.012202921631907965,0.02994250208627582,0.036056393273442185,0.0472648843506351,0.6269595060717863,1.5301300122105428,1.83565240977841,2.4070507225767153,0.035630763778368144,0.036414789416092636,0.9936333333333334,0.9926679443493043,0.9944723203614578,1.0,0.9998719677669952,1.0
T10_BUDGET_FAMILY-0885,B,T10_BUDGET_FAMILY,0.25,1,1,-1,0.025,0.025,50.0,-5.0,52,-1,7.0,0.075,0.6100901992336072,-6.973362886642219,7.727561923501718,30000,True,0.0,0.0,0.0,0.0,0.0,0.012387059729438175,0.0296898331821005,0.03511367057727974,0.04557935120037303,0.6471642419900627,1.545373672442267,1.8254342212014012,2.368685614404193,0.034794055637210844,0.035462310988657,0.9953,0.9944600905321205,0.996013080737865,1.0,0.9998719677669952,1.0
T10_BUDGET_FAMILY-0886,B,T10_BUDGET_FAMILY,0.25,1,1,-1,0.025,0.025,50.0,-5.0,52,1,7.0,0.075,0.6100901992336072,6.973362886642219,7.727561923501718,30000,True,0.0,0.0,0.0,0.0,0.0,0.012375828475996378,0.03033937988479174,0.03656243737532609,0.04792426647214972,0.6473898748292529,1.5801820629042769,1.8967266703313233,2.4873969602680446,0.03612798304263155,0.036880762723743334,0.9926,0.9915651262297849,0.993508736414259,1.0,0.9998719677669952,1.0
T10_BUDGET_FAMILY-0887,B,T10_BUDGET_FAMILY,0.25,1,1,-1,0.025,0.025,50.0,-5.0,53,-1,7.0,0.075,0.6100901992336072,-6.973362886642219,7.581793200634859,30000,True,0.0,0.0,0.0,0.0,0.0,0.012564243156409412,0.030007667013597215,0.03558422514571352,0.04612302108494115,0.6680775714715116,1.5947527340731948,1.8854901732276896,2.443273266452289,0.03525014790838152,0.035913575318121775,0.9948333333333333,0.9939562859438184,0.9955836714895846,1.0,0.9998719677669952,1.0
T10_BUDGET_FAMILY-0888,B,T10_BUDGET_FAMILY,0.25,1,1,-1,0.025,0.025,50.0,-5.0,53,1,7.0,0.075,0.6100901992336072,6.973362886642219,7.581793200634859,30000,True,0.0,0.0,0.0,0.0,0.0,0.012529065174675494,0.030780344216847794,0.03700963838047915,0.04849670372236993,0.6679515944842556,1.631747849281534,1.9592613818765443,2.5697588320689664,0.036621979118167676,0.03736451305812949,0.9918,0.9907146736487205,0.9927593938468962,1.0,0.9998719677669952,1.0
T10_BUDGET_FAMILY-0889,B,T10_BUDGET_FAMILY,0.25,1,1,-1,0.025,0.025,50.0,-5.0,54,-1,7.0,0.075,0.6100901992336072,-6.973362886642219,7.44139168055048,30000,True,0.0,0.0,0.0,0.0,0.0,0.012736256131348466,0.030389802763509475,0.03603376351322791,0.04661996977558442,0.689595509767743,1.6461576509353282,1.9458002195020476,2.5188146528468733,0.03569699811545964,0.03642434855457553,0.994,0.9930606330567747,0.9948128710970164,1.0,0.9998719677669952,1.0
T10_BUDGET_FAMILY-0890,B,T10_BUDGET_FAMILY,0.25,1,1,-1,0.025,0.025,50.0,-5.0,54,1,7.0,0.075,0.6100901992336072,6.973362886642219,7.44139168055048,30000,True,0.0,0.0,0.0,0.0,0.0,0.01270390122943281,0.031204603072799552,0.03747252702195451,0.04914421245566124,0.6890833375509251,1.6858598262196294,2.02222472597009,2.657147974667377,0.037103791836790745,0.037871338010872314,0.9910333333333333,0.9899019705880946,0.9920389598902791,0.9999666666666667,0.9998111938118758,0.999994115823935
T10_BUDGET_FAMILY-0891,B,T10_BUDGET_FAMILY,0.25,1,1,-1,0.025,0.025,50.0,-5.0,55,-1,7.0,0.075,0.6100901992336072,-6.973362886642219,7.30606788826707,30000,True,0.0,0.0,0.0,0.0,0.0,0.012904140759709875,0.030787342264317435,0.03650059840918826,0.047160910837637,0.7111647665823374,1.6991536556374311,2.0073105895272993,2.5927100150141134,0.03611850118840633,0.036898691159304324,0.9933333333333333,0.9923472149651358,0.9941931265649662,1.0,0.9998719677669952,1.0
T10_BUDGET_FAMILY-0892,B,T10_BUDGET_FAMILY,0.25,1,1,-1,0.025,0.025,50.0,-5.0,55,1,7.0,0.075,0.6100901992336072,6.973362886642219,7.30606788826707,30000,True,0.0,0.0,0.0,0.0,0.0,0.012861473767394216,0.03166455775767322,0.03795284577233001,0.04995415386209407,0.7113158981130862,1.739448714113097,2.0864997658034494,2.741484049040593,0.03759479417945047,0.03837304588921714,0.9901333333333333,0.9889504352956456,0.9911907256407474,0.9999666666666667,0.9998111938118758,0.999994115823935
T10_BUDGET_FAMILY-0893,B,T10_BUDGET_FAMILY,0.25,1,1,-1,0.025,0.025,50.0,-5.0,56,-1,7.0,0.075,0.6100901992336072,-6.973362886642219,7.17555268778523,30000,True,0.0,0.0,0.0,0.0,0.0,0.013078332993190753,0.031165829261427445,0.036959362054089215,0.04771627436620258,0.7335265159293106,1.7518774819278085,2.0701172211945087,2.669727140844234,0.03658964628296297,0.03734908447812822,0.9927666666666667,0.9917426492956783,0.9936645040042876,1.0,0.9998719677669952,1.0
T10_BUDGET_FAMILY-0894,B,T10_BUDGET_FAMILY,0.25,1,1,-1,0.025,0.025,50.0,-5.0,56,1,7.0,0.075,0.6100901992336072,6.973362886642219,7.17555268778523,30000,True,0.0,0.0,0.0,0.0,0.0,0.013035359151265398,0.032050494365845825,0.03843876664491524,0.05063680638484591,0.7333878262079044,1.795612626356578,2.1505495745090126,2.82894856947293,0.038077227823959045,0.0388507954619148,0.9890333333333333,0.9877906327747425,0.9901508098325631,0.9999666666666667,0.9998111938118758,0.999994115823935
T10_BUDGET_FAMILY-0895,B,T10_BUDGET_FAMILY,0.25,1,1,-1,0.025,0.025,50.0,-5.0,57,-1,7.0,0.075,0.6100901992336072,-6.973362886642219,7.049595535958187,30000,True,0.0,0.0,0.0,0.0,0.0,0.013235042455743383,0.03157409923276383,0.037435593035043714,0.04829346068872653,0.7557415841213129,1.8058976933901383,2.131821473080512,2.7473413281979875,0.03701274880264748,0.03780007259715733,0.9921666666666666,0.9911041367753644,0.9931031701632813,1.0,0.9998719677669952,1.0
T10_BUDGET_FAMILY-0896,B,T10_BUDGET_FAMILY,0.25,1,1,-1,0.025,0.025,50.0,-5.0,57,1,7.0,0.075,0.6100901992336072,6.973362886642219,7.049595535958187,30000,True,0.0,0.0,0.0,0.0,0.0,0.013182179341293133,0.0324777911564502,0.038936974346548595,0.051275935915051626,0.7554461782899266,1.8514007620236335,2.218026280343666,2.9158121605978433,0.03853758353921602,0.03932735045836192,0.9880666666666666,0.9867739248755205,0.9892344319274358,0.9999666666666667,0.9998111938118758,0.999994115823935
T10_BUDGET_FAMILY-0897,B,T10_BUDGET_FAMILY,0.25,1,1,-1,0.025,0.025,50.0,-5.0,58,-1,7.0,0.075,0.6100901992336072,-6.973362886642219,6.927962912277178,30000,True,0.0,0.0,0.0,0.0,0.0,0.013419706285086815,0.03199717894749431,0.037888962781401365,0.048882381399807946,0.7790728298110808,1.861387396216123,2.19612641272471,2.8300138389593896,0.03747603128589987,0.038245839449932754,0.9915333333333334,0.990431753655101,0.9925090487910397,1.0,0.9998719677669952,1.0
T10_BUDGET_FAMILY-0898,B,T10_BUDGET_FAMILY,0.25,1,1,-1,0.025,0.025,50.0,-5.0,58,1,7.0,0.075,0.6100901992336072,6.973362886642219,6.927962912277178,30000,True,0.0,0.0,0.0,0.0,0.0,0.013359185320746219,0.03288212327511175,0.0394510716903407,0.051890697358971394,0.7790760635144,1.9092675369666352,2.2852634153028455,3.0065735574211154,0.03901284654747736,0.03984669699048014,0.9870666666666666,0.985724323523027,0.9882842893443952,0.9999666666666667,0.9998111938118758,0.999994115823935
T10_BUDGET_FAMILY-0899,B,T10_BUDGET_FAMILY,0.25,1,1,-1,0.025,0.025,50.0,-5.0,59,-1,7.0,0.075,0.6100901992336072,-6.973362886642219,6.810436904344831,30000,True,0.0,0.0,0.0,0.0,0.0,0.013584359938455628,0.03238377847534019,0.03836206376138319,0.04945690684100687,0.8034818674249866,1.9136746577524053,2.2593561325427025,2.915563069095508,0.037949928513764476,0.03871212777007041,0.9908666666666667,0.9897255664105349,0.9918820734119165,1.0,0.9998719677669952,1.0
T10_BUDGET_FAMILY-0900,B,T10_BUDGET_FAMILY,0.25,1,1,-1,0.025,0.025,50.0,-5.0,59,1,7.0,0.075,0.6100901992336072,6.973362886642219,6.810436904344831,30000,True,0.0,0.0,0.0,0.0,0.0,0.01353013597154454,0.03329776579664137,0.03996980264346808,0.05256496666147741,0.8037696556191772,1.9673546614336554,2.3549482668244615,3.095548445996525,0.03951064295267842,0.040381655259295955,0.9858333333333333,0.9844324885081753,0.9871097735054216,0.9999666666666667,0.9998111938118758,0.999994115823935
T10_BUDGET_FAMILY-0901,B,T10_BUDGET_FAMILY,0.25,1,1,-1,0.025,0.025,50.0,-5.0,60,-1,7.0,0.075,0.6100901992336072,-6.973362886642219,6.696813931410638,30000,True,0.0,0.0,0.0,0.0,0.0,0.013746809190720792,0.0327980656073039,0.03875639049215174,0.05004771843013162,0.8286676360312342,1.9701838715760394,2.3224570967853695,3.0003497736027294,0.038436141175388745,0.03916627264033608,0.9898666666666667,0.9886689677612651,0.9909389281256523,1.0,0.9998719677669952,1.0
T10_BUDGET_FAMILY-0902,B,T10_BUDGET_FAMILY,0.25,1,1,-1,0.025,0.025,50.0,-5.0,60,1,7.0,0.075,0.6100901992336072,6.973362886642219,6.696813931410638,30000,True,0.0,0.0,0.0,0.0,0.0,0.013694007060838469,0.03373903365387368,0.04045791969063058,0.053167355444105384,0.8288761856765576,2.0256074210376585,2.426194701915509,3.1850961572583354,0.04000628705443994,0.040869274257189406,0.9842333333333333,0.9827604290652093,0.9855822426515332,0.9999666666666667,0.9998111938118758,0.999994115823935
T10_BUDGET_FAMILY-0903,B,T10_BUDGET_FAMILY,0.25,1,1,1,0.025,0.025,50.0,5.0,50,-1,7.0,0.075,-0.6100901992336072,-6.973362886642219,7.845159530798516,30000,True,0.0,0.0,0.0,0.0,0.0,0.012479596789031717,0.02991936195528112,0.0353926106069666,0.04594733805354039,0.6265266372109471,1.4954588951644212,1.7697981374696645,2.2972030533416135,0.03507134987402878,0.03576694725868805,0.9950333333333333,0.9941719855633401,0.9957679206571696,1.0,0.9998719677669952,1.0
T10_BUDGET_FAMILY-0904,B,T10_BUDGET_FAMILY,0.25,1,1,1,0.025,0.025,50.0,5.0,50,1,7.0,0.075,-0.6100901992336072,6.973362886642219,7.845159530798516,30000,True,0.0,0.0,0.0,0.0,0.0,0.012441859261211902,0.03060787167778429,0.036744490604310585,0.04819875645448064,0.6279536280056516,1.5327966625628362,1.8356496431957798,2.410417095819006,0.0363478586570632,0.03712620310063414,0.9922666666666666,0.9912104481795095,0.9931968331526894,1.0,0.9998719677669952,1.0
T10_BUDGET_FAMILY-0905,B,T10_BUDGET_FAMILY,0.25,1,1,1,0.025,0.025,50.0,5.0,51,-1,7.0,0.075,-0.6100901992336072,-6.973362886642219,7.694990216436938,30000,True,0.0,0.0,0.0,0.0,0.0,0.01264389222910583,0.03027225538415284,0.03580962468750048,0.046492256103503875,0.6467797028179669,1.5454128006150705,1.8266942785604274,2.3707042182438762,0.035469268250286394,0.03622388209427348,0.9943666666666666,0.9934541418799021,0.9951526017169181,1.0,0.9998719677669952,1.0
T10_BUDGET_FAMILY-0906,B,T10_BUDGET_FAMILY,0.25,1,1,1,0.025,0.025,50.0,5.0,51,1,7.0,0.075,-0.6100901992336072,6.973362886642219,7.694990216436938,30000,True,0.0,0.0,0.0,0.0,0.0,0.012623457011708954,0.030980644605972066,0.03725797844685344,0.04882671129686228,0.6472626757197318,1.5831228085870703,1.8979030314949603,2.492832217221526,0.03686764900266456,0.03763558769378004,0.9914666666666667,0.9903610647737012,0.9924464214100707,1.0,0.9998719677669952,1.0
T10_BUDGET_FAMILY-0907,B,T10_BUDGET_FAMILY,0.25,1,1,1,0.025,0.025,50.0,5.0,52,-1,7.0,0.075,-0.6100901992336072,-6.973362886642219,7.5504292009056275,30000,True,0.0,0.0,0.0,0.0,0.0,0.012810851586635317,0.03064512279746582,0.036274807998181904,0.047017440842025755,0.6678584583581626,1.595219118376042,1.8868584979412282,2.4447177684272843,0.03591621524400601,0.036699997951013794,0.9936333333333334,0.9926679443493043,0.9944723203614578,1.0,0.9998719677669952,1.0
T10_BUDGET_FAMILY-0908,B,T10_BUDGET_FAMILY,0.25,1,1,1,0.025,0.025,50.0,5.0,52,1,7.0,0.075,-0.6100901992336072,6.973362886642219,7.5504292009056275,30000,True,0.0,0.0,0.0,0.0,0.0,0.012782294861377608,0.031404218179713686,0.037738897103267825,0.04953480831824632,0.668098246911132,1.6330056472842576,1.9603001820171735,2.5734596204110014,0.03731666238007355,0.03812322950223427,0.9905333333333334,0.98937302806603,0.9915680304445769,0.9999666666666667,0.9998111938118758,0.999994115823935
T10_BUDGET_FAMILY-0909,B,T10_BUDGET_FAMILY,0.25,1,1,1,0.025,0.025,50.0,5.0,53,-1,7.0,0.075,-0.6100901992336072,-6.973362886642219,7.411169809562242,30000,True,0.0,0.0,0.0,0.0,0.0,0.012989750518827854,0.031010720620089458,0.03675019251103888,0.04761261138768795,0.6911136345701433,1.6464653795092214,1.9459890099121273,2.5173171631805613,0.03634895323141239,0.03714924101956754,0.9929666666666667,0.9919558467204662,0.9938512553666067,1.0,0.9998719677669952,1.0
T10_BUDGET_FAMILY-0910,B,T10_BUDGET_FAMILY,0.25,1,1,1,0.025,0.025,50.0,5.0,53,1,7.0,0.075,-0.6100901992336072,6.973362886642219,7.411169809562242,30000,True,0.0,0.0,0.0,0.0,0.0,0.012952491465231274,0.03180357780809493,0.03820044282625968,0.050176648016103206,0.6890916781811554,1.6846477009246288,2.025546198013727,2.6569075543405005,0.03783061561780618,0.038625381616628,0.9898333333333333,0.9886337984942475,0.9909074392614854,0.9999666666666667,0.9998111938118758,0.999994115823935
T10_BUDGET_FAMILY-0911,B,T10_BUDGET_FAMILY,0.25,1,1,1,0.025,0.025,50.0,5.0,54,-1,7.0,0.075,-0.6100901992336072,-6.973362886642219,7.276927205330937,30000,True,0.0,0.0,0.0,0.0,0.0,0.013157120543712266,0.03138146338490528,0.03721001578233198,0.048008111311203784,0.7122077982067231,1.6999116056565302,2.0085235951526683,2.5965530555332603,0.0368183463131465,0.0376312381970744,0.9924333333333333,0.9913877272007288,0.9933528447873925,1.0,0.9998719677669952,1.0
T10_BUDGET_FAMILY-0912,B,T10_BUDGET_FAMILY,0.25,1,1,1,0.025,0.025,50.0,5.0,54,1,7.0,0.075,-0.6100901992336072,6.973362886642219,7.276927205330937,30000,True,0.0,0.0,0.0,0.0,0.0,0.013111234590427467,0.03223648102745055,0.03871795590215004,0.05085683074935148,0.7119045017568195,1.739966915136066,2.089655350855379,2.741883884472212,0.038301502181299074,0.0391155279072465,0.9886666666666667,0.98740472618852,0.9898034769757565,0.9999666666666667,0.9998111938118758,0.999994115823935
T10_BUDGET_FAMILY-0913,B,T10_BUDGET_FAMILY,0.25,1,1,1,0.025,0.025,50.0,5.0,55,-1,7.0,0.075,-0.6100901992336072,-6.973362886642219,7.147436489418579,30000,True,0.0,0.0,0.0,0.0,0.0,0.013315680825667702,0.031732856824449776,0.037629752318951985,0.04858138823337609,0.7337121369695117,1.7542474401064039,2.071156864895344,2.672829178425607,0.03727200014396239,0.0380595655835943,0.9917333333333334,0.9906439185894447,0.9926968326438028,1.0,0.9998719677669952,1.0
T10_BUDGET_FAMILY-0914,B,T10_BUDGET_FAMILY,0.25,1,1,1,0.025,0.025,50.0,5.0,55,1,7.0,0.075,-0.6100901992336072,6.973362886642219,7.147436489418579,30000,True,0.0,0.0,0.0,0.0,0.0,0.013267140691363916,0.03268202593627982,0.03918673746105748,0.051517951268990135,0.7339268757909969,1.7953239460237633,2.152250035024681,2.8288366190383467,0.038731268702622786,0.03958675761935395,0.9875333333333334,0.9862138799632687,0.9887279467407362,0.9999666666666667,0.9998111938118758,0.999994115823935
T10_BUDGET_FAMILY-0915,B,T10_BUDGET_FAMILY,0.25,1,1,1,0.025,0.025,50.0,5.0,56,-1,7.0,0.075,-0.6100901992336072,-6.973362886642219,7.022450995802023,30000,True,0.0,0.0,0.0,0.0,0.0,0.013470952301552661,0.03214953588156418,0.03810717114671126,0.04913076848498031,0.7570637130743347,1.8073947000013952,2.135656317979717,2.749995581843162,0.03771455602753626,0.03847935420889786,0.9913,0.9901844124554261,0.9922897830724232,1.0,0.9998719677669952,1.0
T10_BUDGET_FAMILY-0916,B,T10_BUDGET_FAMILY,0.25,1,1,1,0.025,0.025,50.0,5.0,56,1,7.0,0.075,-0.6100901992336072,6.973362886642219,7.022450995802023,30000,True,0.0,0.0,0.0,0.0,0.0,0.01342675131678485,0.03308693848698268,0.03968574571601342,0.052143333316413,0.7563978969270166,1.8525563614822371,2.218800182912123,2.9222470861171836,0.03922882015091706,0.04009787181823464,0.9865333333333334,0.9851653504163287,0.9877767323521423,0.9999666666666667,0.9998111938118758,0.999994115823935
T10_BUDGET_FAMILY-0917,B,T10_BUDGET_FAMILY,0.25,1,1,1,0.025,0.025,50.0,5.0,57,-1,7.0,0.075,-0.6100901992336072,-6.973362886642219,6.9017407569323295,30000,True,0.0,0.0,0.0,0.0,0.0,0.01365174002427064,0.032537509957366935,0.038576675405198206,0.049726943488235746,0.7797114254794402,1.8611820089885363,2.198293158536169,2.8335606461162333,0.03817624682065557,0.038910208107246796,0.9904,0.9892321101947711,0.9914423157910978,1.0,0.9998719677669952,1.0
T10_BUDGET_FAMILY-0918,B,T10_BUDGET_FAMILY,0.25,1,1,1,0.025,0.025,50.0,5.0,57,1,7.0,0.075,-0.6100901992336072,6.973362886642219,6.9017407569323295,30000,True,0.0,0.0,0.0,0.0,0.0,0.013595873404466101,0.03349416691222591,0.040197704121951505,0.052819236656642794,0.7790387133375152,1.9113067863379347,2.2871132321793834,3.0101264907590415,0.03970283948738995,0.040602997074424454,0.9852,0.9837701463610816,0.9865056111600105,0.9999666666666667,0.9998111938118758,0.999994115823935
T10_BUDGET_FAMILY-0919,B,T10_BUDGET_FAMILY,0.25,1,1,1,0.025,0.025,50.0,5.0,58,-1,7.0,0.075,-0.6100901992336072,-6.973362886642219,6.785091121036654,30000,True,0.0,0.0,0.0,0.0,0.0,0.013827287802033917,0.03294313259572492,0.03902250122139373,0.050276180945686845,0.804168667121879,1.914296394605305,2.260111580662382,2.912548124982841,0.0386084064702487,0.03937230599814048,0.9893333333333333,0.9881066231847555,0.9904347426032103,1.0,0.9998719677669952,1.0
T10_BUDGET_FAMILY-0920,B,T10_BUDGET_FAMILY,0.25,1,1,1,0.025,0.025,50.0,5.0,58,1,7.0,0.075,-0.6100901992336072,6.973362886642219,6.785091121036654,30000,True,0.0,0.0,0.0,0.0,0.0,0.013755449736554373,0.03388557478673508,0.040669022302922186,0.05354446575098211,0.8033942929833862,1.9689662877716745,2.3580116843488934,3.099310345639725,0.04020601759288091,0.04113631145367642,0.9836666666666667,0.9821691681016511,0.9850403153849556,0.9999666666666667,0.9998111938118758,0.999994115823935
T10_BUDGET_FAMILY-0921,B,T10_BUDGET_FAMILY,0.25,1,1,1,0.025,0.025,50.0,5.0,59,-1,7.0,0.075,-0.6100901992336072,-6.973362886642219,6.672301503912944,30000,True,0.0,0.0,0.0,0.0,0.0,0.01398806119180295,0.033349512882493305,0.0394682946127529,0.05087280297990617,0.828608171696217,1.9707558328504842,2.3246058193551726,2.9944188714483313,0.03911710490527021,0.03984519691868901,0.9882,0.9869140323397927,0.9893609569879014,1.0,0.9998719677669952,1.0
T10_BUDGET_FAMILY-0922,B,T10_BUDGET_FAMILY,0.25,1,1,1,0.025,0.025,50.0,5.0,59,1,7.0,0.075,-0.6100901992336072,6.973362886642219,6.672301503912944,30000,True,0.0,0.0,0.0,0.0,0.0,0.013929607264043228,0.034326793148482235,0.04115813067464919,0.054108521871532846,0.8286968500748642,2.026622794813303,2.4274698440531193,3.1891261242100177,0.04071532532624066,0.0416285800639454,0.9822666666666666,0.9807102677324886,0.9836995742443704,0.9999666666666667,0.9998111938118758,0.999994115823935
T10_BUDGET_FAMILY-0923,B,T10_BUDGET_FAMILY,0.25,1,1,1,0.025,0.025,50.0,5.0,60,-1,7.0,0.075,-0.6100901992336072,-6.973362886642219,6.563184260272165,30000,True,0.0,0.0,0.0,0.0,0.0,0.014149968792706838,0.03373255792692405,0.03994609507236765,0.051447876956489225,0.8539200868971228,2.0261649821048953,2.390347584991304,3.0831531554996108,0.03955868567127148,0.04027484460522039,0.9868,0.9854447695501721,0.9880305782677744,1.0,0.9998719677669952,1.0
T10_BUDGET_FAMILY-0924,B,T10_BUDGET_FAMILY,0.25,1,1,1,0.025,0.025,50.0,5.0,60,1,7.0,0.075,-0.6100901992336072,6.973362886642219,6.563184260272165,30000,True,0.0,0.0,0.0,0.0,0.0,0.014115446861323615,0.03477321359808959,0.04167701364245471,0.054802935592125006,0.8530575182425885,2.0877408232438115,2.496451179767733,3.2807983158297085,0.04122011585200921,0.04212000705017178,0.9806333333333334,0.979011244448418,0.9821323491004024,0.9999666666666667,0.9998111938118758,0.999994115823935
T10_BUDGET_FAMILY-0925,B,T10_BUDGET_FAMILY,0.5,-1,-1,-1,-0.05,-0.05,100.0,-10.0,50,-1,7.0,0.075,1.2155372436685123,-6.893654271085456,8.043121738913714,30000,True,0.0,0.0,0.0,0.0,0.0,0.018580584479833392,0.04544784458909049,0.05401234793285355,0.07090864416750861,0.9331718233645662,2.2652101047294257,2.689319147788081,3.529489269944243,0.05351801441895361,0.05459447302017665,0.9302,0.9272611893650847,0.9330286517016381,0.9998,0.9995636838949538,0.9999083350849347
T10_BUDGET_FAMILY-0926,B,T10_BUDGET_FAMILY,0.5,-1,-1,-1,-0.05,-0.05,100.0,-10.0,50,1,7.0,0.075,1.2155372436685123,6.893654271085456,8.043121738913714,30000,True,0.0,0.0,0.0,0.0,0.0,0.01841451293440997,0.04369484414893535,0.05150170039729403,0.067335607972026,0.9228427524490355,2.1798911317551197,2.5780782919984806,3.355713979992774,0.05102167939014976,0.05206182164571956,0.9428333333333333,0.9401490942645301,0.9454041785211054,1.0,0.9998719677669952,1.0
T10_BUDGET_FAMILY-0927,B,T10_BUDGET_FAMILY,0.5,-1,-1,-1,-0.05,-0.05,100.0,-10.0,51,-1,7.0,0.075,1.2155372436685123,-6.893654271085456,7.883614683030976,30000,True,0.0,0.0,0.0,0.0,0.0,0.01874629244382443,0.04588758989058125,0.05452757324101531,0.07162879374506917,0.9601248092058535,2.33514266485576,2.7725131618620873,3.630964233264155,0.05402113059389828,0.05509088573489263,0.9275,0.924510583400264,0.9303799490405169,0.9998,0.9995636838949538,0.9999083350849347
T10_BUDGET_FAMILY-0928,B,T10_BUDGET_FAMILY,0.5,-1,-1,-1,-0.05,-0.05,100.0,-10.0,51,1,7.0,0.075,1.2155372436685123,6.893654271085456,7.883614683030976,30000,True,0.0,0.0,0.0,0.0,0.0,0.018569917556753246,0.04408381560240557,0.05198141692103719,0.06771320945881402,0.9499138623480303,2.240968533307582,2.6485923003362433,3.451869187142712,0.0514556846525011,0.05244770921961236,0.9404,0.9376642285885148,0.9430230006206546,1.0,0.9998719677669952,1.0
T10_BUDGET_FAMILY-0929,B,T10_BUDGET_FAMILY,0.5,-1,-1,-1,-0.05,-0.05,100.0,-10.0,52,-1,7.0,0.075,1.2155372436685123,-6.893654271085456,7.730273428404526,30000,True,0.0,0.0,0.0,0.0,0.0,0.018932862455518472,0.04629155901889266,0.05502863422587586,0.07215693696786597,0.9875956069064314,2.4026449311712157,2.853180557473363,3.736681384354173,0.0545799166672359,0.05558936843456353,0.925,0.9219647815412901,0.9279263910606559,0.9997666666666667,0.9995183940812257,0.9998869667674782
T10_BUDGET_FAMILY-0930,B,T10_BUDGET_FAMILY,0.5,-1,-1,-1,-0.05,-0.05,100.0,-10.0,52,1,7.0,0.075,1.2155372436685123,6.893654271085456,7.730273428404526,30000,True,0.0,0.0,0.0,0.0,0.0,0.01878892800126531,0.04446763981696464,0.05245425928377756,0.06818474695271334,0.9777258914809144,2.3036181700149685,2.7223618536864262,3.5423316438913104,0.05185723064741697,0.05291666321475246,0.9379666666666666,0.9351806248278468,0.9406405608048564,0.9999666666666667,0.9998111938118758,0.999994115823935
T10_BUDGET_FAMILY-0931,B,T10_BUDGET_FAMILY,0.5,-1,-1,-1,-0.05,-0.05,100.0,-10.0,53,-1,7.0,0.075,1.2155372436685123,-6.893654271085456,7.582749316900875,30000,True,0.0,0.0,0.0,0.0,0.0,0.019132630487441654,0.04677140554742317,0.05554463435907121,0.07281389534611923,1.0155549858250332,2.471356048093373,2.939439501996541,3.84706344209606,0.05510671205844751,0.05614834791104569,0.9216666666666666,0.9185718762022366,0.9246534832812627,0.9997333333333334,0.9994738353303702,0.9998648673871494
T10_BUDGET_FAMILY-0932,B,T10_BUDGET_FAMILY,0.5,-1,-1,-1,-0.05,-0.05,100.0,-10.0,53,1,7.0,0.075,1.2155372436685123,6.893654271085456,7.582749316900875,30000,True,0.0,0.0,0.0,0.0,0.0,0.018959446075692117,0.04488726092758623,0.05281260608138974,0.06872881237532932,1.005128647814025,2.3707634744698405,2.7963626228161362,3.6374870820800913,0.05229034542640984,0.053405566278238864,0.9357,0.9328682054753193,0.9384202272368402,0.9999333333333333,0.999756934099615,0.9999817174050113
T10_BUDGET_FAMILY-0933,B,T10_BUDGET_FAMILY,0.5,-1,-1,-1,-0.05,-0.05,100.0,-10.0,54,-1,7.0,0.075,1.2155372436685123,-6.893654271085456,7.440719341756458,30000,True,0.0,0.0,0.0,0.0,0.0,0.01933309637161021,0.0472331763678183,0.05611530542165163,0.07355263758370059,1.0442456766764596,2.544158101469908,3.022331850560471,3.9542243244939494,0.05554217648830875,0.05661302090397821,0.9192,0.9160621744402072,0.9222304833356415,0.9997333333333334,0.9994738353303702,0.9998648673871494
T10_BUDGET_FAMILY-0934,B,T10_BUDGET_FAMILY,0.5,-1,-1,-1,-0.05,-0.05,100.0,-10.0,54,1,7.0,0.075,1.2155372436685123,6.893654271085456,7.440719341756458,30000,True,0.0,0.0,0.0,0.0,0.0,0.019136838931995734,0.04528686474209854,0.05320559673057893,0.06922890098266903,1.0336969819148971,2.4363437997356523,2.87047208817907,3.73169838865794,0.05269999442936832,0.05384477311488435,0.9332,0.9303188827388122,0.9359701901345125,0.9999333333333333,0.999756934099615,0.9999817174050113
T10_BUDGET_FAMILY-0935,B,T10_BUDGET_FAMILY,0.5,-1,-1,-1,-0.05,-0.05,100.0,-10.0,55,-1,7.0,0.075,1.2155372436685123,-6.893654271085456,7.303883844462849,30000,True,0.0,0.0,0.0,0.0,0.0,0.01955058522770553,0.047716044497106744,0.056698120476124554,0.07429167643222172,1.0750515964288239,2.6159819701573563,3.108236283762867,4.062747561407953,0.0559767318145731,0.05715357914079158,0.9163333333333333,0.9131465596635779,0.9194134988304068,0.9996666666666667,0.9993864623645906,0.9998189240905601
T10_BUDGET_FAMILY-0936,B,T10_BUDGET_FAMILY,0.5,-1,-1,-1,-0.05,-0.05,100.0,-10.0,55,1,7.0,0.075,1.2155372436685123,6.893654271085456,7.303883844462849,30000,True,0.0,0.0,0.0,0.0,0.0,0.019319450459361773,0.04568333465600732,0.05362713589558555,0.0697267229625431,1.0637665730457766,2.5015581764935493,2.9454433245870217,3.828178058930166,0.05307789119345433,0.05428498475503496,0.9311666666666667,0.9282462736526197,0.9339766532184525,0.9998666666666667,0.9996571871547361,0.9999481480875213
T10_BUDGET_FAMILY-0937,B,T10_BUDGET_FAMILY,0.5,-1,-1,-1,-0.05,-0.05,100.0,-10.0,56,-1,7.0,0.075,1.2155372436685123,-6.893654271085456,7.171964454022961,30000,True,0.0,0.0,0.0,0.0,0.0,0.019729924467900086,0.0481206066378392,0.057293393807460395,0.07481994927875364,1.1037056589707597,2.6891492340948844,3.1948414353218997,4.172635468265026,0.05652309387882808,0.057721885397721016,0.9128333333333334,0.9095882768228691,0.9159726778967467,0.9996,0.9993009097746189,0.9997711604181628
T10_BUDGET_FAMILY-0938,B,T10_BUDGET_FAMILY,0.5,-1,-1,-1,-0.05,-0.05,100.0,-10.0,56,1,7.0,0.075,1.2155372436685123,6.893654271085456,7.171964454022961,30000,True,0.0,0.0,0.0,0.0,0.0,0.019507464315427825,0.04608892551801461,0.05405907599749555,0.0701419273022262,1.093887000164843,2.5703689136501313,3.022407674593005,3.9202527334519535,0.05352033306626972,0.054693398445371626,0.9283666666666667,0.9253933621671783,0.9312302816843988,0.9998,0.9995636838949538,0.9999083350849347
T10_BUDGET_FAMILY-0939,B,T10_BUDGET_FAMILY,0.5,-1,-1,-1,-0.05,-0.05,100.0,-10.0,57,-1,7.0,0.075,1.2155372436685123,-6.893654271085456,7.044702239501972,30000,True,0.0,0.0,0.0,0.0,0.0,0.019923040055238237,0.04857353311680456,0.057756415737181294,0.07545599237079532,1.1360569124097721,2.764815578058631,3.2842065992348766,4.287327446584852,0.05712701993993351,0.0583012350866701,0.9101666666666667,0.9068782447641671,0.9133500594606913,0.9995333333333334,0.9992167687510664,0.9997219851793465
T10_BUDGET_FAMILY-0940,B,T10_BUDGET_FAMILY,0.5,-1,-1,-1,-0.05,-0.05,100.0,-10.0,57,1,7.0,0.075,1.2155372436685123,6.893654271085456,7.044702239501972,30000,True,0.0,0.0,0.0,0.0,0.0,0.0197176725629347,0.04649364629352666,0.05448190250219018,0.07070877678804459,1.1232742365256734,2.6403609667201287,3.102977103278027,4.019253301955366,0.05398383961586094,0.05508091532417294,0.9258333333333333,0.9228132724793688,0.9287443534021887,0.9998,0.9995636838949538,0.9999083350849347
T10_BUDGET_FAMILY-0941,B,T10_BUDGET_FAMILY,0.5,-1,-1,-1,-0.05,-0.05,100.0,-10.0,58,-1,7.0,0.075,1.2155372436685123,-6.893654271085456,6.921856050693172,30000,True,0.0,0.0,0.0,0.0,0.0,0.020113991882087845,0.04904926004059252,0.058379669975707316,0.07610385403686727,1.1699896316213447,2.8401594846947114,3.3741946218323364,4.405860058178843,0.05765395191446338,0.058866321858384384,0.9069,0.9035596242778116,0.9101361830909692,0.9994333333333333,0.9990926240450774,0.9996461554917818
T10_BUDGET_FAMILY-0942,B,T10_BUDGET_FAMILY,0.5,-1,-1,-1,-0.05,-0.05,100.0,-10.0,58,1,7.0,0.075,1.2155372436685123,6.893654271085456,6.921856050693172,30000,True,0.0,0.0,0.0,0.0,0.0,0.019895550929185057,0.04690811499113752,0.054871881264147236,0.07125660428615778,1.154440576537277,2.71001414622569,3.1826383871534767,4.124782385503613,0.05439611797905629,0.05547317697699767,0.9229333333333334,0.9198609842068006,0.9258973842617084,0.9997666666666667,0.9995183940812257,0.9998869667674782
T10_BUDGET_FAMILY-0943,B,T10_BUDGET_FAMILY,0.5,-1,-1,-1,-0.05,-0.05,100.0,-10.0,59,-1,7.0,0.075,1.2155372436685123,-6.893654271085456,6.8032010250411465,30000,True,0.0,0.0,0.0,0.0,0.0,0.02031854808918477,0.049470257703858406,0.05889540718974581,0.07670063240929482,1.1998989943056717,2.9176450261448816,3.4688989386998395,4.5284431624654715,0.058184834715052286,0.05941679286123984,0.9039,0.9005129966113748,0.9071835789508039,0.9994,0.9990516991690099,0.9996204222366647
T10_BUDGET_FAMILY-0944,B,T10_BUDGET_FAMILY,0.5,-1,-1,-1,-0.05,-0.05,100.0,-10.0,59,1,7.0,0.075,1.2155372436685123,6.893654271085456,6.8032010250411465,30000,True,0.0,0.0,0.0,0.0,0.0,0.020082608017371037,0.04730604347573599,0.05531689096586451,0.07169721946495072,1.1858408729383296,2.781729839265269,3.2618164739915354,4.226483483602441,0.054779374548968536,0.055909491257537886,0.9203,0.9171812586194744,0.9233111174854617,0.9997333333333334,0.9994738353303702,0.9998648673871494
T10_BUDGET_FAMILY-0945,B,T10_BUDGET_FAMILY,0.5,-1,-1,-1,-0.05,-0.05,100.0,-10.0,60,-1,7.0,0.075,1.2155372436685123,-6.893654271085456,6.688527241804553,30000,True,0.0,0.0,0.0,0.0,0.0,0.020491934199788394,0.049923376690369045,0.05941839936534616,0.07742692132158832,1.2329878360854534,2.9957409357325644,3.559309821235669,4.650662679219219,0.05874449447512132,0.0600277974988303,0.9006,0.8971628529305106,0.9039345676444058,0.9993333333333333,0.9989704292265574,0.9995683759167483
T10_BUDGET_FAMILY-0946,B,T10_BUDGET_FAMILY,0.5,-1,-1,-1,-0.05,-0.05,100.0,-10.0,60,1,7.0,0.075,1.2155372436685123,6.893654271085456,6.688527241804553,30000,True,0.0,0.0,0.0,0.0,0.0,0.02025779801201312,0.047768635336636694,0.055775828020048594,0.07214230967786897,1.2159060758056015,2.854797583104582,3.34320199893636,4.325424626239469,0.05519352390669721,0.056380000824492287,0.9170333333333334,0.9138584091126384,0.9201014701362201,0.9997,0.9994298881281874,0.9998421564581476
T10_BUDGET_FAMILY-0947,B,T10_BUDGET_FAMILY,0.5,-1,-1,1,-0.05,-0.05,100.0,10.0,50,-1,7.0,0.075,-1.2155372436685123,-6.893654271085456,7.6659856784920315,30000,True,0.0,0.0,0.0,0.0,0.0,0.019838825934820364,0.048489191553829726,0.057586369180237254,0.07544756686515428,0.9927896288043049,2.4200120170682875,2.872754190671879,3.7604229941073193,0.057056274702002696,0.058152643035552246,0.9103,0.9070137256511854,0.9134812110984107,0.9995666666666667,0.9992586823523686,0.9997467297092286
T10_BUDGET_FAMILY-0948,B,T10_BUDGET_FAMILY,0.5,-1,-1,1,-0.05,-0.05,100.0,10.0,50,1,7.0,0.075,-1.2155372436685123,6.893654271085456,7.6659856784920315,30000,True,0.0,0.0,0.0,0.0,0.0,0.019635753219446456,0.04655354697088526,0.054857061461267446,0.07147165820910985,0.9844870982837858,2.3205275080745578,2.7395070969886754,3.564958645161828,0.054249754509428955,0.055363720819011204,0.9243,0.9212521322520936,0.9272392195949787,0.9997666666666667,0.9995183940812257,0.9998869667674782
T10_BUDGET_FAMILY-0949,B,T10_BUDGET_FAMILY,0.5,-1,-1,1,-0.05,-0.05,100.0,10.0,51,-1,7.0,0.075,-1.2155372436685123,-6.893654271085456,7.5208681418451215,30000,True,0.0,0.0,0.0,0.0,0.0,0.019999524601529563,0.04890295918798652,0.05806414573896871,0.07620993004524172,1.021861569105771,2.4881034408646774,2.956130490204807,3.8721995146191652,0.05757573704110221,0.05869658934056458,0.9074,0.904067495203714,0.9106281841328336,0.9995,0.9991751379925813,0.999696957806647
T10_BUDGET_FAMILY-0950,B,T10_BUDGET_FAMILY,0.5,-1,-1,1,-0.05,-0.05,100.0,10.0,51,1,7.0,0.075,-1.2155372436685123,6.893654271085456,7.5208681418451215,30000,True,0.0,0.0,0.0,0.0,0.0,0.019810448838378934,0.04693309435228302,0.05524287892515129,0.07183113658058711,1.0132346044971816,2.3853903054771557,2.813708668199045,3.6588768456020095,0.054601081043365,0.05575419969433983,0.9214,0.9183005150134792,0.9243915794205443,0.9997333333333334,0.9994738353303702,0.9998648673871494
T10_BUDGET_FAMILY-0951,B,T10_BUDGET_FAMILY,0.5,-1,-1,1,-0.05,-0.05,100.0,10.0,52,-1,7.0,0.075,-1.2155372436685123,-6.893654271085456,7.381112829107787,30000,True,0.0,0.0,0.0,0.0,0.0,0.020202342978783087,0.04935985275528587,0.05858989536445659,0.07676070922156561,1.0502910824579244,2.5604699190956715,3.039895221932156,3.980005960163226,0.057991906337891856,0.059274997594489474,0.9047333333333333,0.9013591805589712,0.9080038482828191,0.9994,0.9990516991690099,0.9996204222366647
T10_BUDGET_FAMILY-0952,B,T10_BUDGET_FAMILY,0.5,-1,-1,1,-0.05,-0.05,100.0,10.0,52,1,7.0,0.075,-1.2155372436685123,6.893654271085456,7.381112829107787,30000,True,0.0,0.0,0.0,0.0,0.0,0.019975694577124815,0.04731113691032745,0.05557515912764707,0.07226639198094659,1.0419466302587983,2.45181437769632,2.8880732016672703,3.7592878460974037,0.054987754137539306,0.056209213446530355,0.9191666666666667,0.9160282654527044,0.9221977341919599,0.9997,0.9994298881281874,0.9998421564581476
T10_BUDGET_FAMILY-0953,B,T10_BUDGET_FAMILY,0.5,-1,-1,1,-0.05,-0.05,100.0,10.0,53,-1,7.0,0.075,-1.2155372436685123,-6.893654271085456,7.246429497875267,30000,True,0.0,0.0,0.0,0.0,0.0,0.02040126248623783,0.04976721751764649,0.05918215636281829,0.07742389415502274,1.0801879228690285,2.6326984388622345,3.124787747923843,4.088791339690802,0.05849504763283607,0.05978186813762689,0.9015,0.8980764122807338,0.9048207778361633,0.9993333333333333,0.9989704292265574,0.9995683759167483
T10_BUDGET_FAMILY-0954,B,T10_BUDGET_FAMILY,0.5,-1,-1,1,-0.05,-0.05,100.0,10.0,53,1,7.0,0.075,-1.2155372436685123,6.893654271085456,7.246429497875267,30000,True,0.0,0.0,0.0,0.0,0.0,0.02016756462878305,0.047675754608247564,0.056008662136134146,0.07278449333808891,1.0721354503867324,2.516520449219336,2.9625774108600536,3.8528538531183223,0.05534747014999425,0.056659243748291246,0.9166333333333333,0.9134516299643192,0.9197083517103257,0.9997,0.9994298881281874,0.9998421564581476
T10_BUDGET_FAMILY-0955,B,T10_BUDGET_FAMILY,0.5,-1,-1,1,-0.05,-0.05,100.0,10.0,54,-1,7.0,0.075,-1.2155372436685123,-6.893654271085456,7.1165483722662,30000,True,0.0,0.0,0.0,0.0,0.0,0.02060694401020729,0.05019356118220973,0.05970688335049964,0.07811817812768258,1.1103099196186772,2.7065609287925736,3.2136016309459308,4.201227850023938,0.058973822323093776,0.0602835872747327,0.8986333333333333,0.8951668527505102,0.9019977380845227,0.9992333333333333,0.9988497776170697,0.9994890531326828
T10_BUDGET_FAMILY-0956,B,T10_BUDGET_FAMILY,0.5,-1,-1,1,-0.05,-0.05,100.0,10.0,54,1,7.0,0.075,-1.2155372436685123,6.893654271085456,7.1165483722662,30000,True,0.0,0.0,0.0,0.0,0.0,0.020353890083828798,0.04811548950523598,0.05637455352679805,0.07319871397716103,1.1022894812621553,2.582326197564595,3.0378629262656203,3.948439792664698,0.05574947539881026,0.05704529718858485,0.9139,0.9106725384258177,0.917021476491701,0.9997,0.9994298881281874,0.9998421564581476
T10_BUDGET_FAMILY-0957,B,T10_BUDGET_FAMILY,0.5,-1,-1,1,-0.05,-0.05,100.0,10.0,55,-1,7.0,0.075,-1.2155372436685123,-6.893654271085456,6.991218379446344,30000,True,0.0,0.0,0.0,0.0,0.0,0.020763790769784407,0.050656643284713324,0.060220461350780075,0.0787580058369594,1.1420823120989865,2.779932449204339,3.303120779529351,4.317891971644447,0.05950087517360975,0.060792544483528714,0.8953333333333333,0.8918185208111618,0.898746915036609,0.9990666666666667,0.9986513899129869,0.9993541501808433
T10_BUDGET_FAMILY-0958,B,T10_BUDGET_FAMILY,0.5,-1,-1,1,-0.05,-0.05,100.0,10.0,55,1,7.0,0.075,-1.2155372436685123,6.893654271085456,6.991218379446344,30000,True,0.0,0.0,0.0,0.0,0.0,0.02054798957835738,0.04849348770139893,0.05671517531397476,0.0735924977670454,1.1301870296068037,2.6538681854060715,3.115495214439763,4.044896298573017,0.05618782476559623,0.0574343623134315,0.9112666666666667,0.9079960267773413,0.9144319957766045,0.9997,0.9994298881281874,0.9998421564581476
T10_BUDGET_FAMILY-0959,B,T10_BUDGET_FAMILY,0.5,-1,-1,1,-0.05,-0.05,100.0,10.0,56,-1,7.0,0.075,-1.2155372436685123,-6.893654271085456,6.870205564467734,30000,True,0.0,0.0,0.0,0.0,0.0,0.0209477557437496,0.05107946608215576,0.06073122623922446,0.07932949993560078,1.1742343926612555,2.8560422650405215,3.3933007286856074,4.434591605435784,0.06009590979643699,0.061357250206156726,0.8922,0.8886402909094656,0.8956592806069653,0.999,0.9985728132946441,0.9992994105368171
T10_BUDGET_FAMILY-0960,B,T10_BUDGET_FAMILY,0.5,-1,-1,1,-0.05,-0.05,100.0,10.0,56,1,7.0,0.075,-1.2155372436685123,6.893654271085456,6.870205564467734,30000,True,0.0,0.0,0.0,0.0,0.0,0.02072560052326189,0.048876060247354455,0.05713919374693902,0.07412865903033897,1.1604540182835101,2.7223753653004406,3.1945323563400696,4.1463106476379705,0.056593042227122706,0.057788296547073896,0.9087,0.9053880959592642,0.9119072504934775,0.9996333333333334,0.9993434881035737,0.9997952402203925
T10_BUDGET_FAMILY-0961,B,T10_BUDGET_FAMILY,0.5,-1,-1,1,-0.05,-0.05,100.0,10.0,57,-1,7.0,0.075,-1.2155372436685123,-6.893654271085456,6.753291662844239,30000,True,0.0,0.0,0.0,0.0,0.0,0.02112508546677093,0.051558313506983235,0.061234877496421654,0.07982210338010026,1.2067088020267043,2.9322262252314073,3.484759133397764,4.553258300530909,0.0606144112100278,0.06187169629400769,0.8891666666666667,0.8855643810401624,0.8926693005384821,0.9989,0.9984556505557942,0.9992165988821136
T10_BUDGET_FAMILY-0962,B,T10_BUDGET_FAMILY,0.5,-1,-1,1,-0.05,-0.05,100.0,10.0,57,1,7.0,0.075,-1.2155372436685123,6.893654271085456,6.753291662844239,30000,True,0.0,0.0,0.0,0.0,0.0,0.020892187182648427,0.049270688995989326,0.05758586354102996,0.07461363510941722,1.1926545535756936,2.795060167651973,3.2761296792539447,4.246502352806829,0.057044608881435456,0.05814455617028445,0.9058,0.9024424093650107,0.9090536796746826,0.9995666666666667,0.9992586823523686,0.9997467297092286
T10_BUDGET_FAMILY-0963,B,T10_BUDGET_FAMILY,0.5,-1,-1,1,-0.05,-0.05,100.0,10.0,58,-1,7.0,0.075,-1.2155372436685123,-6.893654271085456,6.640272812940642,30000,True,0.0,0.0,0.0,0.0,0.0,0.02132322896579992,0.05197811051650178,0.061768447579293576,0.0803920900781721,1.2400729912955628,3.011401174575795,3.5752990323989895,4.67250162647922,0.061148554223252966,0.06238947817600835,0.8859333333333334,0.8822865893568353,0.889481253496916,0.9988,0.998339233592663,0.9991330414516916
T10_BUDGET_FAMILY-0964,B,T10_BUDGET_FAMILY,0.5,-1,-1,1,-0.05,-0.05,100.0,10.0,58,1,7.0,0.075,-1.2155372436685123,6.893654271085456,6.640272812940642,30000,True,0.0,0.0,0.0,0.0,0.0,0.02108502966509536,0.04966820933302711,0.057987419092850115,0.07512712934184884,1.2233879330046653,2.867675460984381,3.359846629711689,4.351878237326786,0.0574719990621113,0.05858467282479639,0.9026333333333333,0.8992269436042468,0.905936622972922,0.9995333333333334,0.9992167687510664,0.9997219851793465
T10_BUDGET_FAMILY-0965,B,T10_BUDGET_FAMILY,0.5,-1,-1,1,-0.05,-0.05,100.0,10.0,59,-1,7.0,0.075,-1.2155372436685123,-6.893654271085456,6.530958392531059,30000,True,0.0,0.0,0.0,0.0,0.0,0.02153544815313683,0.05243135856030004,0.062290269142773066,0.08111881269587334,1.2733576536730602,3.0932284544833952,3.6732988215649,4.7985842200318665,0.06162675820287243,0.06297687649624073,0.8826666666666667,0.8789759405712048,0.886259405426469,0.9986666666666667,0.9981850195519077,0.9990206229677088
T10_BUDGET_FAMILY-0966,B,T10_BUDGET_FAMILY,0.5,-1,-1,1,-0.05,-0.05,100.0,10.0,59,1,7.0,0.075,-1.2155372436685123,6.893654271085456,6.530958392531059,30000,True,0.0,0.0,0.0,0.0,0.0,0.02125120846533582,0.050010349711629994,0.05842694377995844,0.07573040060100986,1.2555161458824817,2.942498310122579,3.439704275072982,4.454967649886724,0.05782568396748259,0.05902722657552378,0.8998666666666667,0.8964185345073694,0.9032124071814889,0.9995,0.9991751379925813,0.999696957806647
T10_BUDGET_FAMILY-0967,B,T10_BUDGET_FAMILY,0.5,-1,-1,1,-0.05,-0.05,100.0,10.0,60,-1,7.0,0.075,-1.2155372436685123,-6.893654271085456,6.425169965841953,30000,True,0.0,0.0,0.0,0.0,0.0,0.021747663802893412,0.05286187400909223,0.0628859868596668,0.08192018180232737,1.307681005043444,3.171700683698222,3.765233201721667,4.925334087921456,0.06217039195215423,0.06354072976893074,0.8797666666666667,0.8760376549986915,0.8833984335859337,0.9986,0.9981082971108366,0.998964029146411
T10_BUDGET_FAMILY-0968,B,T10_BUDGET_FAMILY,0.5,-1,-1,1,-0.05,-0.05,100.0,10.0,60,1,7.0,0.075,-1.2155372436685123,6.893654271085456,6.425169965841953,30000,True,0.0,0.0,0.0,0.0,0.0,0.021458497539235212,0.05041704007254957,0.05892909884573404,0.07626514615504902,1.2882976901153118,3.0171804993893367,3.524950411990035,4.562203788023944,0.05821395965570062,0.059473468313722695,0.8969,0.893407996307147,0.9002903717062939,0.9994333333333333,0.9990926240450774,0.9996461554917818
T10_BUDGET_FAMILY-0969,B,T10_BUDGET_FAMILY,0.5,-1,1,-1,-0.05,0.05,100.0,-10.0,50,-1,7.0,0.075,1.2155372436685123,-6.893654271085456,8.043121738913714,30000,True,0.0,0.0,0.0,0.0,0.0,0.018433134716126887,0.04373250438789398,0.05150991570791746,0.06740410485241626,0.9253716341632329,2.1872480410569817,2.583008279577196,3.3640856045793663,0.05106272471376684,0.05209785592442955,0.9426333333333333,0.9399448093461158,0.9452085146524127,1.0,0.9998719677669952,1.0
T10_BUDGET_FAMILY-0970,B,T10_BUDGET_FAMILY,0.5,-1,1,-1,-0.05,0.05,100.0,-10.0,50,1,7.0,0.075,1.2155372436685123,6.893654271085456,8.043121738913714,30000,True,0.0,0.0,0.0,0.0,0.0,0.018613972955054122,0.04551148182087644,0.05407976308824217,0.0709599191496072,0.9363966616217413,2.271894730853194,2.6946150838764145,3.5399747915494126,0.05355472903639779,0.054636621622586146,0.9300666666666667,0.9271253282702774,0.9328978802717076,0.9998,0.9995636838949538,0.9999083350849347
T10_BUDGET_FAMILY-0971,B,T10_BUDGET_FAMILY,0.5,-1,1,-1,-0.05,0.05,100.0,-10.0,51,-1,7.0,0.075,1.2155372436685123,-6.893654271085456,7.883614683030976,30000,True,0.0,0.0,0.0,0.0,0.0,0.0185947537960591,0.044139011513264596,0.052003166099592504,0.06776973947092126,0.9540364637697263,2.2482952740323507,2.6529229491747794,3.458346567606355,0.051492415193939566,0.052515739600980084,0.9399,0.9371537984011714,0.9425335588402309,1.0,0.9998719677669952,1.0
T10_BUDGET_FAMILY-0972,B,T10_BUDGET_FAMILY,0.5,-1,1,-1,-0.05,0.05,100.0,-10.0,51,1,7.0,0.075,1.2155372436685123,6.893654271085456,7.883614683030976,30000,True,0.0,0.0,0.0,0.0,0.0,0.018768211790380324,0.04592789220886294,0.05459517768589678,0.07169345659127364,0.9630726915004545,2.341081923492177,2.7808634975108664,3.6374948663734004,0.05408741168266099,0.05512442985300588,0.9273,0.9243068825900423,0.9301837010636317,0.9998,0.9995636838949538,0.9999083350849347
T10_BUDGET_FAMILY-0973,B,T10_BUDGET_FAMILY,0.5,-1,1,-1,-0.05,0.05,100.0,-10.0,52,-1,7.0,0.075,1.2155372436685123,-6.893654271085456,7.730273428404526,30000,True,0.0,0.0,0.0,0.0,0.0,0.01879775073133211,0.04451892423733889,0.0524773610047474,0.06821792123727323,0.9812496195661174,2.310862748502548,2.727653767763706,3.5517097146755856,0.0518874104989978,0.05298450878275004,0.9375666666666667,0.9347724771109271,0.9402488109475626,0.9999666666666667,0.9998111938118758,0.999994115823935
T10_BUDGET_FAMILY-0974,B,T10_BUDGET_FAMILY,0.5,-1,1,-1,-0.05,0.05,100.0,-10.0,52,1,7.0,0.075,1.2155372436685123,6.893654271085456,7.730273428404526,30000,True,0.0,0.0,0.0,0.0,0.0,0.018958732423003062,0.0463651094351099,0.055100863601573326,0.0722412578231842,0.9906279396474953,2.4101976446592146,2.8622140217424854,3.7451783003924226,0.054648352804270564,0.05568300121730921,0.9245333333333333,0.9214896736517176,0.9274682851136457,0.9997666666666667,0.9995183940812257,0.9998869667674782
T10_BUDGET_FAMILY-0975,B,T10_BUDGET_FAMILY,0.5,-1,1,-1,-0.05,0.05,100.0,-10.0,53,-1,7.0,0.075,1.2155372436685123,-6.893654271085456,7.582749316900875,30000,True,0.0,0.0,0.0,0.0,0.0,0.01898062583944626,0.044935977851268044,0.0528354127774338,0.06880700958935274,1.0089548427375,2.377881371880191,2.802714371230708,3.647585432146885,0.05234024851036248,0.053438255433205566,0.9353666666666667,0.9325282279945736,0.9380936234057414,0.9999333333333333,0.999756934099615,0.9999817174050113
T10_BUDGET_FAMILY-0976,B,T10_BUDGET_FAMILY,0.5,-1,1,-1,-0.05,0.05,100.0,-10.0,53,1,7.0,0.075,1.2155372436685123,6.893654271085456,7.582749316900875,30000,True,0.0,0.0,0.0,0.0,0.0,0.01914790961880374,0.04680654818101702,0.05559532943583876,0.07293368492925689,1.0207468752030273,2.4809029759940113,2.9467554471968618,3.858193583178374,0.055138532375902355,0.05623434930107259,0.9213333333333333,0.918232676329894,0.9243261018417606,0.9997333333333334,0.9994738353303702,0.9998648673871494
T10_BUDGET_FAMILY-0977,B,T10_BUDGET_FAMILY,0.5,-1,1,-1,-0.05,0.05,100.0,-10.0,54,-1,7.0,0.075,1.2155372436685123,-6.893654271085456,7.440719341756458,30000,True,0.0,0.0,0.0,0.0,0.0,0.01916038629444867,0.04533982166963963,0.05327163557710053,0.06930569625572541,1.0378597725627765,2.4447922824101784,2.8770507872751185,3.744177484703869,0.05275194869054216,0.053905653748131235,0.9330333333333334,0.9301489689196718,0.9358068132977306,0.9999333333333333,0.999756934099615,0.9999817174050113
T10_BUDGET_FAMILY-0978,B,T10_BUDGET_FAMILY,0.5,-1,1,-1,-0.05,0.05,100.0,-10.0,54,1,7.0,0.075,1.2155372436685123,6.893654271085456,7.440719341756458,30000,True,0.0,0.0,0.0,0.0,0.0,0.01937165620057139,0.047313164786641194,0.05616118031671378,0.07358954862710411,1.0484747201442688,2.5525659550944315,3.029127827801107,3.9629437149461992,0.05559671002743188,0.05671061036117445,0.9189666666666667,0.9158248147818461,0.9220012360757116,0.9997333333333334,0.9994738353303702,0.9998648673871494
T10_BUDGET_FAMILY-0979,B,T10_BUDGET_FAMILY,0.5,-1,1,-1,-0.05,0.05,100.0,-10.0,55,-1,7.0,0.075,1.2155372436685123,-6.893654271085456,7.303883844462849,30000,True,0.0,0.0,0.0,0.0,0.0,0.019351184116001202,0.045776325500608034,0.053688324009849644,0.0697669119699353,1.0678280275671583,2.5105050928516253,2.9543003877362324,3.8386403157054168,0.053172447565499034,0.054352848266736815,0.9309333333333333,0.9280084799015502,0.9337478400512307,0.9998666666666667,0.9996571871547361,0.9999481480875213
T10_BUDGET_FAMILY-0980,B,T10_BUDGET_FAMILY,0.5,-1,1,-1,-0.05,0.05,100.0,-10.0,55,1,7.0,0.075,1.2155372436685123,6.893654271085456,7.303883844462849,30000,True,0.0,0.0,0.0,0.0,0.0,0.019572498840333647,0.04775379782465204,0.056742021571095334,0.07435566430963224,1.0796304054867423,2.6249250025044226,3.116939308335712,4.073542785294362,0.056069464725346886,0.05722926740139126,0.9157,0.9125025616540393,0.9187909923474403,0.9996666666666667,0.9993864623645906,0.9998189240905601
T10_BUDGET_FAMILY-0981,B,T10_BUDGET_FAMILY,0.5,-1,1,-1,-0.05,0.05,100.0,-10.0,56,-1,7.0,0.075,1.2155372436685123,-6.893654271085456,7.171964454022961,30000,True,0.0,0.0,0.0,0.0,0.0,0.019566755857052316,0.0461612070158633,0.05409934293176276,0.07020684686435999,1.0979720735349499,2.5796612159965346,3.030855165205463,3.930030867378359,0.05357950783026068,0.05473885288605868,0.9279333333333334,0.9249519574355173,0.9308051307106618,0.9998,0.9995636838949538,0.9999083350849347
T10_BUDGET_FAMILY-0982,B,T10_BUDGET_FAMILY,0.5,-1,1,-1,-0.05,0.05,100.0,-10.0,56,1,7.0,0.075,1.2155372436685123,6.893654271085456,7.171964454022961,30000,True,0.0,0.0,0.0,0.0,0.0,0.019735329608750667,0.04819126542531776,0.05735901475237437,0.07490175747292456,1.1087677280684367,2.698592252920702,3.2042642522758467,4.184779828995814,0.056613105375760524,0.05779734038182089,0.9122333333333333,0.9089784428085301,0.9153826655497652,0.9996,0.9993009097746189,0.9997711604181628
T10_BUDGET_FAMILY-0983,B,T10_BUDGET_FAMILY,0.5,-1,1,-1,-0.05,0.05,100.0,-10.0,57,-1,7.0,0.075,1.2155372436685123,-6.893654271085456,7.044702239501972,30000,True,0.0,0.0,0.0,0.0,0.0,0.01976528445087953,0.046578400413110774,0.05454428428306376,0.07074506749412665,1.127412463440709,2.6480036199080925,3.1130145899266117,4.028099455700607,0.05399023070151643,0.05516277120759402,0.9254333333333333,0.9224059833159197,0.9283517449914243,0.9998,0.9995636838949538,0.9999083350849347
T10_BUDGET_FAMILY-0984,B,T10_BUDGET_FAMILY,0.5,-1,1,-1,-0.05,0.05,100.0,-10.0,57,1,7.0,0.075,1.2155372436685123,6.893654271085456,7.044702239501972,30000,True,0.0,0.0,0.0,0.0,0.0,0.0199402565846766,0.04862863382269778,0.05785297039968802,0.07547976448892538,1.1411211193588797,2.7752844990943792,3.293338875291768,4.301934234673566,0.05718526735701782,0.058379167793239414,0.9094,0.9060992712529531,0.9125958959546626,0.9995,0.9991751379925813,0.999696957806647
T10_BUDGET_FAMILY-0985,B,T10_BUDGET_FAMILY,0.5,-1,1,-1,-0.05,0.05,100.0,-10.0,58,-1,7.0,0.075,1.2155372436685123,-6.893654271085456,6.921856050693172,30000,True,0.0,0.0,0.0,0.0,0.0,0.019924646188298003,0.04697969380835001,0.05493849545710461,0.07133062614055333,1.1577511057215517,2.7196624860537226,3.191054170785136,4.13767481563646,0.05445073472015814,0.055567439281683624,0.9226666666666666,0.9195895733562409,0.9256355300627923,0.9997666666666667,0.9995183940812257,0.9998869667674782
T10_BUDGET_FAMILY-0986,B,T10_BUDGET_FAMILY,0.5,-1,1,-1,-0.05,0.05,100.0,-10.0,58,1,7.0,0.075,1.2155372436685123,6.893654271085456,6.921856050693172,30000,True,0.0,0.0,0.0,0.0,0.0,0.02014702660846844,0.04910740825529227,0.05845259383532235,0.07619295967296164,1.173693848127949,2.850154867377585,3.381852896187041,4.4204310717333515,0.05772917294167736,0.05896417642533926,0.9064333333333333,0.9030856374118442,0.9096769561203538,0.9994333333333333,0.9990926240450774,0.9996461554917818
T10_BUDGET_FAMILY-0987,B,T10_BUDGET_FAMILY,0.5,-1,1,-1,-0.05,0.05,100.0,-10.0,59,-1,7.0,0.075,1.2155372436685123,-6.893654271085456,6.8032010250411465,30000,True,0.0,0.0,0.0,0.0,0.0,0.020109638082323744,0.04737749550667291,0.05537367021005561,0.07178937388762478,1.191006740038797,2.7925259769591437,3.267349292393052,4.239327688121211,0.05485717751169514,0.05601606753599772,0.9197,0.9165708279251336,0.9227217018184822,0.9997333333333334,0.9994738353303702,0.9998648673871494
T10_BUDGET_FAMILY-0988,B,T10_BUDGET_FAMILY,0.5,-1,1,-1,-0.05,0.05,100.0,-10.0,59,1,7.0,0.075,1.2155372436685123,6.893654271085456,6.8032010250411465,30000,True,0.0,0.0,0.0,0.0,0.0,0.020356059574931522,0.04956821500886844,0.05898969752546155,0.0767897986071038,1.2061523933983318,2.92829543044355,3.475723585817078,4.540593027273726,0.05825938542583282,0.05952132291075658,0.9030666666666667,0.8996668893589992,0.906363232923568,0.9994,0.9990516991690099,0.9996204222366647
T10_BUDGET_FAMILY-0989,B,T10_BUDGET_FAMILY,0.5,-1,1,-1,-0.05,0.05,100.0,-10.0,60,-1,7.0,0.075,1.2155372436685123,-6.893654271085456,6.688527241804553,30000,True,0.0,0.0,0.0,0.0,0.0,0.02028988106429826,0.047838726040547994,0.05584118907235229,0.0722619318189949,1.2225443815688692,2.8655454281727493,3.349467338815003,4.334087850935893,0.055285187190830955,0.056456376220718356,0.9163333333333333,0.9131465596635779,0.9194134988304068,0.9997,0.9994298881281874,0.9998421564581476
T10_BUDGET_FAMILY-0990,B,T10_BUDGET_FAMILY,0.5,-1,1,-1,-0.05,0.05,100.0,-10.0,60,1,7.0,0.075,1.2155372436685123,6.893654271085456,6.688527241804553,30000,True,0.0,0.0,0.0,0.0,0.0,0.020536069684056458,0.04999593305033218,0.05946981428808028,0.07752900468740834,1.239872958922013,3.010024628765596,3.570541507754494,4.662305325642696,0.058852728802058135,0.060141427548217524,0.9,0.8965538609322165,0.9033437132813799,0.9993,0.9989300564739586,0.9995420905381628
T10_BUDGET_FAMILY-0991,B,T10_BUDGET_FAMILY,0.5,-1,1,1,-0.05,0.05,100.0,10.0,50,-1,7.0,0.075,-1.2155372436685123,-6.893654271085456,7.6659856784920315,30000,True,0.0,0.0,0.0,0.0,0.0,0.01939964829464799,0.04615144952456632,0.05439734092943226,0.07092984736215768,0.9763534896976472,2.304052917346947,2.7236493098621133,3.5441772952527417,0.05382705282241929,0.05489603818943095,0.9272333333333334,0.9242389837567843,0.9301182836345209,0.9998333333333334,0.9996098691834452,0.9999288079276276
T10_BUDGET_FAMILY-0992,B,T10_BUDGET_FAMILY,0.5,-1,1,1,-0.05,0.05,100.0,10.0,50,1,7.0,0.075,-1.2155372436685123,6.893654271085456,7.6659856784920315,30000,True,0.0,0.0,0.0,0.0,0.0,0.019627255121670403,0.04800037162008678,0.05715869344918858,0.0750152909293827,0.9874458661434485,2.401338302075091,2.8515020679466514,3.7412834667917876,0.05663663497305649,0.05770484474970019,0.9130666666666667,0.9098254467186181,0.9162021149192888,0.9995666666666667,0.9992586823523686,0.9997467297092286
T10_BUDGET_FAMILY-0993,B,T10_BUDGET_FAMILY,0.5,-1,1,1,-0.05,0.05,100.0,10.0,51,-1,7.0,0.075,-1.2155372436685123,-6.893654271085456,7.5208681418451215,30000,True,0.0,0.0,0.0,0.0,0.0,0.019620584692471337,0.046553370853035805,0.0547610376549147,0.07132840191961673,1.0048369928720047,2.3684819597968123,2.7950927273706005,3.6436872986347866,0.054203479365196386,0.05531968384763642,0.9244666666666667,0.921421803829752,0.9274028386732424,0.9997666666666667,0.9995183940812257,0.9998869667674782
T10_BUDGET_FAMILY-0994,B,T10_BUDGET_FAMILY,0.5,-1,1,1,-0.05,0.05,100.0,10.0,51,1,7.0,0.075,-1.2155372436685123,6.893654271085456,7.5208681418451215,30000,True,0.0,0.0,0.0,0.0,0.0,0.019835540810074895,0.04841444373454588,0.05760693033010897,0.07566256835111514,1.0149716860188245,2.4718135437510864,2.9356720800415306,3.851253708266674,0.05712866239327928,0.05823807830754158,0.9101,0.9068105051271292,0.9132844828353602,0.9995666666666667,0.9992586823523686,0.9997467297092286
T10_BUDGET_FAMILY-0995,B,T10_BUDGET_FAMILY,0.5,-1,1,1,-0.05,0.05,100.0,10.0,52,-1,7.0,0.075,-1.2155372436685123,-6.893654271085456,7.381112829107787,30000,True,0.0,0.0,0.0,0.0,0.0,0.01979124299525176,0.04691370875875642,0.055148848152140974,0.07176091830347175,1.0327793405505983,2.434058944504913,2.869579852295141,3.740874561622894,0.054551194790054054,0.05580019214818103,0.9219666666666667,0.9188771699293519,0.9249481127348078,0.9997333333333334,0.9994738353303702,0.9998648673871494
T10_BUDGET_FAMILY-0996,B,T10_BUDGET_FAMILY,0.5,-1,1,1,-0.05,0.05,100.0,10.0,52,1,7.0,0.075,-1.2155372436685123,6.893654271085456,7.381112829107787,30000,True,0.0,0.0,0.0,0.0,0.0,0.02000159913843164,0.0488876660752479,0.05813609964699108,0.07636432650719599,1.0429046496544805,2.543207292865825,3.020211589638049,3.9583033527662836,0.05754875712397874,0.058766979598771515,0.9072,0.9038643433626657,0.9104313871867752,0.9995,0.9991751379925813,0.999696957806647
T10_BUDGET_FAMILY-0997,B,T10_BUDGET_FAMILY,0.5,-1,1,1,-0.05,0.05,100.0,10.0,53,-1,7.0,0.075,-1.2155372436685123,-6.893654271085456,7.246429497875267,30000,True,0.0,0.0,0.0,0.0,0.0,0.019970450037108164,0.047282818451699134,0.05553641946512889,0.07225915630924429,1.0621235375033704,2.4996338693922757,2.9442357793892415,3.830128874714796,0.05494124360042315,0.056205661298372886,0.9194666666666667,0.9163334519345492,0.9224924708907754,0.9997,0.9994298881281874,0.9998421564581476
T10_BUDGET_FAMILY-0998,B,T10_BUDGET_FAMILY,0.5,-1,1,1,-0.05,0.05,100.0,10.0,53,1,7.0,0.075,-1.2155372436685123,6.893654271085456,7.246429497875267,30000,True,0.0,0.0,0.0,0.0,0.0,0.020193628743342493,0.049281048368730776,0.05868970303138703,0.0769168704183806,1.071796659478502,2.613578396555904,3.1066030589876297,4.065846627993635,0.05807224423163376,0.05926300029272369,0.9045333333333333,0.9011560893690652,0.9078069906856182,0.9994,0.9990516991690099,0.9996204222366647
T10_BUDGET_FAMILY-0999,B,T10_BUDGET_FAMILY,0.5,-1,1,1,-0.05,0.05,100.0,10.0,54,-1,7.0,0.075,-1.2155372436685123,-6.893654271085456,7.1165483722662,30000,True,0.0,0.0,0.0,0.0,0.0,0.020138675788862612,0.04769289935664205,0.055914145576059816,0.07274586293163757,1.0928236357362704,2.5647854600938786,3.0191869557872777,3.927992195824992,0.05533457740217153,0.0566576805611892,0.9168333333333333,0.9136550168529785,0.9199049136087731,0.9997,0.9994298881281874,0.9998421564581476
T10_BUDGET_FAMILY-1000,B,T10_BUDGET_FAMILY,0.5,-1,1,1,-0.05,0.05,100.0,10.0,54,1,7.0,0.075,-1.2155372436685123,6.893654271085456,7.1165483722662,30000,True,0.0,0.0,0.0,0.0,0.0,0.020401136707689643,0.049748138792946414,0.05918797929434082,0.0776059671866448,1.101286953347525,2.6855488999982047,3.1946599083872096,4.1764918723627265,0.05855857367189254,0.05978117925508194,0.9014666666666666,0.8980425752122756,0.9047879567734369,0.9992666666666666,0.998889842695002,0.9995156461859348
T10_BUDGET_FAMILY-1001,B,T10_BUDGET_FAMILY,0.5,-1,1,1,-0.05,0.05,100.0,10.0,55,-1,7.0,0.075,-1.2155372436685123,-6.893654271085456,6.991218379446344,30000,True,0.0,0.0,0.0,0.0,0.0,0.020304273255312016,0.04808143959634996,0.056335818252381646,0.07320949146181112,1.1217903168629078,2.632984461348361,3.0979771572385735,4.026304829873067,0.05576667192183774,0.05703728221764534,0.9144,0.9111808360722813,0.9175130508130043,0.9997,0.9994298881281874,0.9998421564581476
T10_BUDGET_FAMILY-1002,B,T10_BUDGET_FAMILY,0.5,-1,1,1,-0.05,0.05,100.0,10.0,55,1,7.0,0.075,-1.2155372436685123,6.893654271085456,6.991218379446344,30000,True,0.0,0.0,0.0,0.0,0.0,0.020602202829991513,0.05024047325007217,0.059721189054821815,0.07818747006273334,1.1309738550076693,2.7595594381228756,3.2809645560558476,4.29183925652805,0.059128410576207616,0.06034360079431167,0.8984666666666666,0.8949977186221251,0.9018335815569857,0.9991666666666666,0.9987700576335687,0.9994354568538149
T10_BUDGET_FAMILY-1003,B,T10_BUDGET_FAMILY,0.5,-1,1,1,-0.05,0.05,100.0,10.0,56,-1,7.0,0.075,-1.2155372436685123,-6.893654271085456,6.870205564467734,30000,True,0.0,0.0,0.0,0.0,0.0,0.020485426248839898,0.04845141941744797,0.05673349732339376,0.07362895895835132,1.1500982332125673,2.704706258204585,3.179105290621065,4.125197050886831,0.05620423457730591,0.057377313947525925,0.9114666666666666,0.9081992757831503,0.9146286955579022,0.9997,0.9994298881281874,0.9998421564581476
T10_BUDGET_FAMILY-1004,B,T10_BUDGET_FAMILY,0.5,-1,1,1,-0.05,0.05,100.0,10.0,56,1,7.0,0.075,-1.2155372436685123,6.893654271085456,6.870205564467734,30000,True,0.0,0.0,0.0,0.0,0.0,0.020752324093203458,0.05066712377639274,0.06024963328464202,0.07879070185319696,1.1633095441978254,2.8357717015405646,3.372471775325479,4.409843968831364,0.0596087689785111,0.060900845141430286,0.8953333333333333,0.8918185208111618,0.898746915036609,0.9990666666666667,0.9986513899129869,0.9993541501808433
T10_BUDGET_FAMILY-1005,B,T10_BUDGET_FAMILY,0.5,-1,1,1,-0.05,0.05,100.0,10.0,57,-1,7.0,0.075,-1.2155372436685123,-6.893654271085456,6.753291662844239,30000,True,0.0,0.0,0.0,0.0,0.0,0.020678493915732742,0.048836874568510553,0.05715627460277442,0.07415593512299398,1.182387560656704,2.774825250149976,3.256135086431329,4.224020547177478,0.05664810038775962,0.057795761411440175,0.9086,0.9052865042353816,0.9118088678238069,0.9996333333333334,0.9993434881035737,0.9997952402203925
T10_BUDGET_FAMILY-1006,B,T10_BUDGET_FAMILY,0.5,-1,1,1,-0.05,0.05,100.0,10.0,57,1,7.0,0.075,-1.2155372436685123,6.893654271085456,6.753291662844239,30000,True,0.0,0.0,0.0,0.0,0.0,0.02093224204406752,0.05112901694682804,0.060771862235746835,0.07929537660172409,1.1978514056991991,2.911787293875868,3.465425072452576,4.527648200627678,0.06018880575923054,0.06140018802828432,0.8925,0.8889445486545582,0.8959549460425329,0.999,0.9985728132946441,0.9992994105368171
T10_BUDGET_FAMILY-1007,B,T10_BUDGET_FAMILY,0.5,-1,1,1,-0.05,0.05,100.0,10.0,58,-1,7.0,0.075,-1.2155372436685123,-6.893654271085456,6.640272812940642,30000,True,0.0,0.0,0.0,0.0,0.0,0.020844530861309427,0.04921552261334385,0.0575378604004024,0.07463166780352784,1.2140151345743428,2.848145104041845,3.340518636165539,4.330924082587305,0.057027101101596755,0.05818323731892665,0.9059333333333334,0.9025778220008173,0.9091848995636139,0.9995666666666667,0.9992586823523686,0.9997467297092286
T10_BUDGET_FAMILY-1008,B,T10_BUDGET_FAMILY,0.5,-1,1,1,-0.05,0.05,100.0,10.0,58,1,7.0,0.075,-1.2155372436685123,6.893654271085456,6.640272812940642,30000,True,0.0,0.0,0.0,0.0,0.0,0.021127396991912344,0.05152809390598438,0.0613497376280422,0.07997549186297032,1.229716493580033,2.989243780961189,3.5546968816283178,4.6481573383203285,0.060733240592851165,0.06192402141957364,0.8890666666666667,0.8854629919057536,0.8925707152793375,0.9989,0.9984556505557942,0.9992165988821136
T10_BUDGET_FAMILY-1009,B,T10_BUDGET_FAMILY,0.5,-1,1,1,-0.05,0.05,100.0,10.0,59,-1,7.0,0.075,-1.2155372436685123,-6.893654271085456,6.530958392531059,30000,True,0.0,0.0,0.0,0.0,0.0,0.021025232426707275,0.04960599043487762,0.05797623183833324,0.07522591400384736,1.245524085408359,2.9233462935426537,3.421442118100699,4.431270270607326,0.05738244195419278,0.058594599011300014,0.9028333333333334,0.8994299929515669,0.9061335224127091,0.9995666666666667,0.9992586823523686,0.9997467297092286
T10_BUDGET_FAMILY-1010,B,T10_BUDGET_FAMILY,0.5,-1,1,1,-0.05,0.05,100.0,10.0,59,1,7.0,0.075,-1.2155372436685123,6.893654271085456,6.530958392531059,30000,True,0.0,0.0,0.0,0.0,0.0,0.02131821088117069,0.05199018460237751,0.06185403043800089,0.08078861358180486,1.2620075153198234,3.0708639712176176,3.6486237483923953,4.775129401959049,0.061175547967395875,0.06246481073240339,0.8857,0.8820500837032371,0.8892511522322232,0.9987,0.9982234733217052,0.9990488273290958
T10_BUDGET_FAMILY-1011,B,T10_BUDGET_FAMILY,0.5,-1,1,1,-0.05,0.05,100.0,10.0,60,-1,7.0,0.075,-1.2155372436685123,-6.893654271085456,6.425169965841953,30000,True,0.0,0.0,0.0,0.0,0.0,0.021215672446445667,0.05000576654333824,0.058482486583184584,0.07575944323380526,1.2787000028074018,2.997436920789211,3.504942378348292,4.535373799747402,0.057824228352314815,0.05906874655565015,0.8999,0.8964523659392277,0.9032452338808151,0.9995,0.9991751379925813,0.999696957806647
T10_BUDGET_FAMILY-1012,B,T10_BUDGET_FAMILY,0.5,-1,1,1,-0.05,0.05,100.0,10.0,60,1,7.0,0.075,-1.2155372436685123,6.893654271085456,6.425169965841953,30000,True,0.0,0.0,0.0,0.0,0.0,0.021501195901183934,0.05242720590876537,0.062394298425943975,0.08144241870456478,1.2968318449241476,3.150144572255326,3.741175479619132,4.904649438557741,0.06170894883600345,0.06308524004053252,0.8826666666666667,0.8789759405712048,0.886259405426469,0.9986666666666667,0.9981850195519077,0.9990206229677088
T10_BUDGET_FAMILY-1013,B,T10_BUDGET_FAMILY,0.5,1,-1,-1,0.05,-0.05,100.0,-10.0,50,-1,7.0,0.075,1.2155372436685123,-6.893654271085456,8.043121738913714,30000,True,0.0,0.0,0.0,0.0,0.0,0.018613972955054122,0.04551148182087644,0.05407976308824217,0.0709599191496072,0.9363966616217413,2.271894730853194,2.6946150838764145,3.5399747915494126,0.05355472903639779,0.054636621622586146,0.9300666666666667,0.9271253282702774,0.9328978802717076,0.9998,0.9995636838949538,0.9999083350849347
T10_BUDGET_FAMILY-1014,B,T10_BUDGET_FAMILY,0.5,1,-1,-1,0.05,-0.05,100.0,-10.0,50,1,7.0,0.075,1.2155372436685123,6.893654271085456,8.043121738913714,30000,True,0.0,0.0,0.0,0.0,0.0,0.018433134716126887,0.04373250438789398,0.05150991570791746,0.06740410485241626,0.9253716341632329,2.1872480410569817,2.583008279577196,3.3640856045793663,0.05106272471376684,0.05209785592442955,0.9426333333333333,0.9399448093461158,0.9452085146524127,1.0,0.9998719677669952,1.0
T10_BUDGET_FAMILY-1015,B,T10_BUDGET_FAMILY,0.5,1,-1,-1,0.05,-0.05,100.0,-10.0,51,-1,7.0,0.075,1.2155372436685123,-6.893654271085456,7.883614683030976,30000,True,0.0,0.0,0.0,0.0,0.0,0.018768211790380324,0.04592789220886294,0.05459517768589678,0.07169345659127364,0.9630726915004545,2.341081923492177,2.7808634975108664,3.6374948663734004,0.05408741168266099,0.05512442985300588,0.9273,0.9243068825900423,0.9301837010636317,0.9998,0.9995636838949538,0.9999083350849347
T10_BUDGET_FAMILY-1016,B,T10_BUDGET_FAMILY,0.5,1,-1,-1,0.05,-0.05,100.0,-10.0,51,1,7.0,0.075,1.2155372436685123,6.893654271085456,7.883614683030976,30000,True,0.0,0.0,0.0,0.0,0.0,0.0185947537960591,0.044139011513264596,0.052003166099592504,0.06776973947092126,0.9540364637697263,2.2482952740323507,2.6529229491747794,3.458346567606355,0.051492415193939566,0.052515739600980084,0.9399,0.9371537984011714,0.9425335588402309,1.0,0.9998719677669952,1.0
T10_BUDGET_FAMILY-1017,B,T10_BUDGET_FAMILY,0.5,1,-1,-1,0.05,-0.05,100.0,-10.0,52,-1,7.0,0.075,1.2155372436685123,-6.893654271085456,7.730273428404526,30000,True,0.0,0.0,0.0,0.0,0.0,0.018958732423003062,0.0463651094351099,0.055100863601573326,0.0722412578231842,0.9906279396474953,2.4101976446592146,2.8622140217424854,3.7451783003924226,0.054648352804270564,0.05568300121730921,0.9245333333333333,0.9214896736517176,0.9274682851136457,0.9997666666666667,0.9995183940812257,0.9998869667674782
T10_BUDGET_FAMILY-1018,B,T10_BUDGET_FAMILY,0.5,1,-1,-1,0.05,-0.05,100.0,-10.0,52,1,7.0,0.075,1.2155372436685123,6.893654271085456,7.730273428404526,30000,True,0.0,0.0,0.0,0.0,0.0,0.01879775073133211,0.04451892423733889,0.0524773610047474,0.06821792123727323,0.9812496195661174,2.310862748502548,2.727653767763706,3.5517097146755856,0.0518874104989978,0.05298450878275004,0.9375666666666667,0.9347724771109271,0.9402488109475626,0.9999666666666667,0.9998111938118758,0.999994115823935
T10_BUDGET_FAMILY-1019,B,T10_BUDGET_FAMILY,0.5,1,-1,-1,0.05,-0.05,100.0,-10.0,53,-1,7.0,0.075,1.2155372436685123,-6.893654271085456,7.582749316900875,30000,True,0.0,0.0,0.0,0.0,0.0,0.01914790961880374,0.04680654818101702,0.05559532943583876,0.07293368492925689,1.0207468752030273,2.4809029759940113,2.9467554471968618,3.858193583178374,0.055138532375902355,0.05623434930107259,0.9213333333333333,0.918232676329894,0.9243261018417606,0.9997333333333334,0.9994738353303702,0.9998648673871494
T10_BUDGET_FAMILY-1020,B,T10_BUDGET_FAMILY,0.5,1,-1,-1,0.05,-0.05,100.0,-10.0,53,1,7.0,0.075,1.2155372436685123,6.893654271085456,7.582749316900875,30000,True,0.0,0.0,0.0,0.0,0.0,0.01898062583944626,0.044935977851268044,0.0528354127774338,0.06880700958935274,1.0089548427375,2.377881371880191,2.802714371230708,3.647585432146885,0.05234024851036248,0.053438255433205566,0.9353666666666667,0.9325282279945736,0.9380936234057414,0.9999333333333333,0.999756934099615,0.9999817174050113
T10_BUDGET_FAMILY-1021,B,T10_BUDGET_FAMILY,0.5,1,-1,-1,0.05,-0.05,100.0,-10.0,54,-1,7.0,0.075,1.2155372436685123,-6.893654271085456,7.440719341756458,30000,True,0.0,0.0,0.0,0.0,0.0,0.01937165620057139,0.047313164786641194,0.05616118031671378,0.07358954862710411,1.0484747201442688,2.5525659550944315,3.029127827801107,3.9629437149461992,0.05559671002743188,0.05671061036117445,0.9189666666666667,0.9158248147818461,0.9220012360757116,0.9997333333333334,0.9994738353303702,0.9998648673871494
T10_BUDGET_FAMILY-1022,B,T10_BUDGET_FAMILY,0.5,1,-1,-1,0.05,-0.05,100.0,-10.0,54,1,7.0,0.075,1.2155372436685123,6.893654271085456,7.440719341756458,30000,True,0.0,0.0,0.0,0.0,0.0,0.01916038629444867,0.04533982166963963,0.05327163557710053,0.06930569625572541,1.0378597725627765,2.4447922824101784,2.8770507872751185,3.744177484703869,0.05275194869054216,0.053905653748131235,0.9330333333333334,0.9301489689196718,0.9358068132977306,0.9999333333333333,0.999756934099615,0.9999817174050113
T10_BUDGET_FAMILY-1023,B,T10_BUDGET_FAMILY,0.5,1,-1,-1,0.05,-0.05,100.0,-10.0,55,-1,7.0,0.075,1.2155372436685123,-6.893654271085456,7.303883844462849,30000,True,0.0,0.0,0.0,0.0,0.0,0.019572498840333647,0.04775379782465204,0.056742021571095334,0.07435566430963224,1.0796304054867423,2.6249250025044226,3.116939308335712,4.073542785294362,0.056069464725346886,0.05722926740139126,0.9157,0.9125025616540393,0.9187909923474403,0.9996666666666667,0.9993864623645906,0.9998189240905601
T10_BUDGET_FAMILY-1024,B,T10_BUDGET_FAMILY,0.5,1,-1,-1,0.05,-0.05,100.0,-10.0,55,1,7.0,0.075,1.2155372436685123,6.893654271085456,7.303883844462849,30000,True,0.0,0.0,0.0,0.0,0.0,0.019351184116001202,0.045776325500608034,0.053688324009849644,0.0697669119699353,1.0678280275671583,2.5105050928516253,2.9543003877362324,3.8386403157054168,0.053172447565499034,0.054352848266736815,0.9309333333333333,0.9280084799015502,0.9337478400512307,0.9998666666666667,0.9996571871547361,0.9999481480875213
T10_BUDGET_FAMILY-1025,B,T10_BUDGET_FAMILY,0.5,1,-1,-1,0.05,-0.05,100.0,-10.0,56,-1,7.0,0.075,1.2155372436685123,-6.893654271085456,7.171964454022961,30000,True,0.0,0.0,0.0,0.0,0.0,0.019735329608750667,0.04819126542531776,0.05735901475237437,0.07490175747292456,1.1087677280684367,2.698592252920702,3.2042642522758467,4.184779828995814,0.056613105375760524,0.05779734038182089,0.9122333333333333,0.9089784428085301,0.9153826655497652,0.9996,0.9993009097746189,0.9997711604181628
T10_BUDGET_FAMILY-1026,B,T10_BUDGET_FAMILY,0.5,1,-1,-1,0.05,-0.05,100.0,-10.0,56,1,7.0,0.075,1.2155372436685123,6.893654271085456,7.171964454022961,30000,True,0.0,0.0,0.0,0.0,0.0,0.019566755857052316,0.0461612070158633,0.05409934293176276,0.07020684686435999,1.0979720735349499,2.5796612159965346,3.030855165205463,3.930030867378359,0.05357950783026068,0.05473885288605868,0.9279333333333334,0.9249519574355173,0.9308051307106618,0.9998,0.9995636838949538,0.9999083350849347
T10_BUDGET_FAMILY-1027,B,T10_BUDGET_FAMILY,0.5,1,-1,-1,0.05,-0.05,100.0,-10.0,57,-1,7.0,0.075,1.2155372436685123,-6.893654271085456,7.044702239501972,30000,True,0.0,0.0,0.0,0.0,0.0,0.0199402565846766,0.04862863382269778,0.05785297039968802,0.07547976448892538,1.1411211193588797,2.7752844990943792,3.293338875291768,4.301934234673566,0.05718526735701782,0.058379167793239414,0.9094,0.9060992712529531,0.9125958959546626,0.9995,0.9991751379925813,0.999696957806647
T10_BUDGET_FAMILY-1028,B,T10_BUDGET_FAMILY,0.5,1,-1,-1,0.05,-0.05,100.0,-10.0,57,1,7.0,0.075,1.2155372436685123,6.893654271085456,7.044702239501972,30000,True,0.0,0.0,0.0,0.0,0.0,0.01976528445087953,0.046578400413110774,0.05454428428306376,0.07074506749412665,1.127412463440709,2.6480036199080925,3.1130145899266117,4.028099455700607,0.05399023070151643,0.05516277120759402,0.9254333333333333,0.9224059833159197,0.9283517449914243,0.9998,0.9995636838949538,0.9999083350849347
T10_BUDGET_FAMILY-1029,B,T10_BUDGET_FAMILY,0.5,1,-1,-1,0.05,-0.05,100.0,-10.0,58,-1,7.0,0.075,1.2155372436685123,-6.893654271085456,6.921856050693172,30000,True,0.0,0.0,0.0,0.0,0.0,0.02014702660846844,0.04910740825529227,0.05845259383532235,0.07619295967296164,1.173693848127949,2.850154867377585,3.381852896187041,4.4204310717333515,0.05772917294167736,0.05896417642533926,0.9064333333333333,0.9030856374118442,0.9096769561203538,0.9994333333333333,0.9990926240450774,0.9996461554917818
T10_BUDGET_FAMILY-1030,B,T10_BUDGET_FAMILY,0.5,1,-1,-1,0.05,-0.05,100.0,-10.0,58,1,7.0,0.075,1.2155372436685123,6.893654271085456,6.921856050693172,30000,True,0.0,0.0,0.0,0.0,0.0,0.019924646188298003,0.04697969380835001,0.05493849545710461,0.07133062614055333,1.1577511057215517,2.7196624860537226,3.191054170785136,4.13767481563646,0.05445073472015814,0.055567439281683624,0.9226666666666666,0.9195895733562409,0.9256355300627923,0.9997666666666667,0.9995183940812257,0.9998869667674782
T10_BUDGET_FAMILY-1031,B,T10_BUDGET_FAMILY,0.5,1,-1,-1,0.05,-0.05,100.0,-10.0,59,-1,7.0,0.075,1.2155372436685123,-6.893654271085456,6.8032010250411465,30000,True,0.0,0.0,0.0,0.0,0.0,0.020356059574931522,0.04956821500886844,0.05898969752546155,0.0767897986071038,1.2061523933983318,2.92829543044355,3.475723585817078,4.540593027273726,0.05825938542583282,0.05952132291075658,0.9030666666666667,0.8996668893589992,0.906363232923568,0.9994,0.9990516991690099,0.9996204222366647
T10_BUDGET_FAMILY-1032,B,T10_BUDGET_FAMILY,0.5,1,-1,-1,0.05,-0.05,100.0,-10.0,59,1,7.0,0.075,1.2155372436685123,6.893654271085456,6.8032010250411465,30000,True,0.0,0.0,0.0,0.0,0.0,0.020109638082323744,0.04737749550667291,0.05537367021005561,0.07178937388762478,1.191006740038797,2.7925259769591437,3.267349292393052,4.239327688121211,0.05485717751169514,0.05601606753599772,0.9197,0.9165708279251336,0.9227217018184822,0.9997333333333334,0.9994738353303702,0.9998648673871494
T10_BUDGET_FAMILY-1033,B,T10_BUDGET_FAMILY,0.5,1,-1,-1,0.05,-0.05,100.0,-10.0,60,-1,7.0,0.075,1.2155372436685123,-6.893654271085456,6.688527241804553,30000,True,0.0,0.0,0.0,0.0,0.0,0.020536069684056458,0.04999593305033218,0.05946981428808028,0.07752900468740834,1.239872958922013,3.010024628765596,3.570541507754494,4.662305325642696,0.058852728802058135,0.060141427548217524,0.9,0.8965538609322165,0.9033437132813799,0.9993,0.9989300564739586,0.9995420905381628
T10_BUDGET_FAMILY-1034,B,T10_BUDGET_FAMILY,0.5,1,-1,-1,0.05,-0.05,100.0,-10.0,60,1,7.0,0.075,1.2155372436685123,6.893654271085456,6.688527241804553,30000,True,0.0,0.0,0.0,0.0,0.0,0.02028988106429826,0.047838726040547994,0.05584118907235229,0.0722619318189949,1.2225443815688692,2.8655454281727493,3.349467338815003,4.334087850935893,0.055285187190830955,0.056456376220718356,0.9163333333333333,0.9131465596635779,0.9194134988304068,0.9997,0.9994298881281874,0.9998421564581476
T10_BUDGET_FAMILY-1035,B,T10_BUDGET_FAMILY,0.5,1,-1,1,0.05,-0.05,100.0,10.0,50,-1,7.0,0.075,-1.2155372436685123,-6.893654271085456,7.6659856784920315,30000,True,0.0,0.0,0.0,0.0,0.0,0.019627255121670403,0.04800037162008678,0.05715869344918858,0.0750152909293827,0.9874458661434485,2.401338302075091,2.8515020679466514,3.7412834667917876,0.05663663497305649,0.05770484474970019,0.9130666666666667,0.9098254467186181,0.9162021149192888,0.9995666666666667,0.9992586823523686,0.9997467297092286
T10_BUDGET_FAMILY-1036,B,T10_BUDGET_FAMILY,0.5,1,-1,1,0.05,-0.05,100.0,10.0,50,1,7.0,0.075,-1.2155372436685123,6.893654271085456,7.6659856784920315,30000,True,0.0,0.0,0.0,0.0,0.0,0.01939964829464799,0.04615144952456632,0.05439734092943226,0.07092984736215768,0.9763534896976472,2.304052917346947,2.7236493098621133,3.5441772952527417,0.05382705282241929,0.05489603818943095,0.9272333333333334,0.9242389837567843,0.9301182836345209,0.9998333333333334,0.9996098691834452,0.9999288079276276
T10_BUDGET_FAMILY-1037,B,T10_BUDGET_FAMILY,0.5,1,-1,1,0.05,-0.05,100.0,10.0,51,-1,7.0,0.075,-1.2155372436685123,-6.893654271085456,7.5208681418451215,30000,True,0.0,0.0,0.0,0.0,0.0,0.019835540810074895,0.04841444373454588,0.05760693033010897,0.07566256835111514,1.0149716860188245,2.4718135437510864,2.9356720800415306,3.851253708266674,0.05712866239327928,0.05823807830754158,0.9101,0.9068105051271292,0.9132844828353602,0.9995666666666667,0.9992586823523686,0.9997467297092286
T10_BUDGET_FAMILY-1038,B,T10_BUDGET_FAMILY,0.5,1,-1,1,0.05,-0.05,100.0,10.0,51,1,7.0,0.075,-1.2155372436685123,6.893654271085456,7.5208681418451215,30000,True,0.0,0.0,0.0,0.0,0.0,0.019620584692471337,0.046553370853035805,0.0547610376549147,0.07132840191961673,1.0048369928720047,2.3684819597968123,2.7950927273706005,3.6436872986347866,0.054203479365196386,0.05531968384763642,0.9244666666666667,0.921421803829752,0.9274028386732424,0.9997666666666667,0.9995183940812257,0.9998869667674782
T10_BUDGET_FAMILY-1039,B,T10_BUDGET_FAMILY,0.5,1,-1,1,0.05,-0.05,100.0,10.0,52,-1,7.0,0.075,-1.2155372436685123,-6.893654271085456,7.381112829107787,30000,True,0.0,0.0,0.0,0.0,0.0,0.02000159913843164,0.0488876660752479,0.05813609964699108,0.07636432650719599,1.0429046496544805,2.543207292865825,3.020211589638049,3.9583033527662836,0.05754875712397874,0.058766979598771515,0.9072,0.9038643433626657,0.9104313871867752,0.9995,0.9991751379925813,0.999696957806647
T10_BUDGET_FAMILY-1040,B,T10_BUDGET_FAMILY,0.5,1,-1,1,0.05,-0.05,100.0,10.0,52,1,7.0,0.075,-1.2155372436685123,6.893654271085456,7.381112829107787,30000,True,0.0,0.0,0.0,0.0,0.0,0.01979124299525176,0.04691370875875642,0.055148848152140974,0.07176091830347175,1.0327793405505983,2.434058944504913,2.869579852295141,3.740874561622894,0.054551194790054054,0.05580019214818103,0.9219666666666667,0.9188771699293519,0.9249481127348078,0.9997333333333334,0.9994738353303702,0.9998648673871494
T10_BUDGET_FAMILY-1041,B,T10_BUDGET_FAMILY,0.5,1,-1,1,0.05,-0.05,100.0,10.0,53,-1,7.0,0.075,-1.2155372436685123,-6.893654271085456,7.246429497875267,30000,True,0.0,0.0,0.0,0.0,0.0,0.020193628743342493,0.049281048368730776,0.05868970303138703,0.0769168704183806,1.071796659478502,2.613578396555904,3.1066030589876297,4.065846627993635,0.05807224423163376,0.05926300029272369,0.9045333333333333,0.9011560893690652,0.9078069906856182,0.9994,0.9990516991690099,0.9996204222366647
T10_BUDGET_FAMILY-1042,B,T10_BUDGET_FAMILY,0.5,1,-1,1,0.05,-0.05,100.0,10.0,53,1,7.0,0.075,-1.2155372436685123,6.893654271085456,7.246429497875267,30000,True,0.0,0.0,0.0,0.0,0.0,0.019970450037108164,0.047282818451699134,0.05553641946512889,0.07225915630924429,1.0621235375033704,2.4996338693922757,2.9442357793892415,3.830128874714796,0.05494124360042315,0.056205661298372886,0.9194666666666667,0.9163334519345492,0.9224924708907754,0.9997,0.9994298881281874,0.9998421564581476
T10_BUDGET_FAMILY-1043,B,T10_BUDGET_FAMILY,0.5,1,-1,1,0.05,-0.05,100.0,10.0,54,-1,7.0,0.075,-1.2155372436685123,-6.893654271085456,7.1165483722662,30000,True,0.0,0.0,0.0,0.0,0.0,0.020401136707689643,0.049748138792946414,0.05918797929434082,0.0776059671866448,1.101286953347525,2.6855488999982047,3.1946599083872096,4.1764918723627265,0.05855857367189254,0.05978117925508194,0.9014666666666666,0.8980425752122756,0.9047879567734369,0.9992666666666666,0.998889842695002,0.9995156461859348
T10_BUDGET_FAMILY-1044,B,T10_BUDGET_FAMILY,0.5,1,-1,1,0.05,-0.05,100.0,10.0,54,1,7.0,0.075,-1.2155372436685123,6.893654271085456,7.1165483722662,30000,True,0.0,0.0,0.0,0.0,0.0,0.020138675788862612,0.04769289935664205,0.055914145576059816,0.07274586293163757,1.0928236357362704,2.5647854600938786,3.0191869557872777,3.927992195824992,0.05533457740217153,0.0566576805611892,0.9168333333333333,0.9136550168529785,0.9199049136087731,0.9997,0.9994298881281874,0.9998421564581476
T10_BUDGET_FAMILY-1045,B,T10_BUDGET_FAMILY,0.5,1,-1,1,0.05,-0.05,100.0,10.0,55,-1,7.0,0.075,-1.2155372436685123,-6.893654271085456,6.991218379446344,30000,True,0.0,0.0,0.0,0.0,0.0,0.020602202829991513,0.05024047325007217,0.059721189054821815,0.07818747006273334,1.1309738550076693,2.7595594381228756,3.2809645560558476,4.29183925652805,0.059128410576207616,0.06034360079431167,0.8984666666666666,0.8949977186221251,0.9018335815569857,0.9991666666666666,0.9987700576335687,0.9994354568538149
T10_BUDGET_FAMILY-1046,B,T10_BUDGET_FAMILY,0.5,1,-1,1,0.05,-0.05,100.0,10.0,55,1,7.0,0.075,-1.2155372436685123,6.893654271085456,6.991218379446344,30000,True,0.0,0.0,0.0,0.0,0.0,0.020304273255312016,0.04808143959634996,0.056335818252381646,0.07320949146181112,1.1217903168629078,2.632984461348361,3.0979771572385735,4.026304829873067,0.05576667192183774,0.05703728221764534,0.9144,0.9111808360722813,0.9175130508130043,0.9997,0.9994298881281874,0.9998421564581476
T10_BUDGET_FAMILY-1047,B,T10_BUDGET_FAMILY,0.5,1,-1,1,0.05,-0.05,100.0,10.0,56,-1,7.0,0.075,-1.2155372436685123,-6.893654271085456,6.870205564467734,30000,True,0.0,0.0,0.0,0.0,0.0,0.020752324093203458,0.05066712377639274,0.06024963328464202,0.07879070185319696,1.1633095441978254,2.8357717015405646,3.372471775325479,4.409843968831364,0.0596087689785111,0.060900845141430286,0.8953333333333333,0.8918185208111618,0.898746915036609,0.9990666666666667,0.9986513899129869,0.9993541501808433
T10_BUDGET_FAMILY-1048,B,T10_BUDGET_FAMILY,0.5,1,-1,1,0.05,-0.05,100.0,10.0,56,1,7.0,0.075,-1.2155372436685123,6.893654271085456,6.870205564467734,30000,True,0.0,0.0,0.0,0.0,0.0,0.020485426248839898,0.04845141941744797,0.05673349732339376,0.07362895895835132,1.1500982332125673,2.704706258204585,3.179105290621065,4.125197050886831,0.05620423457730591,0.057377313947525925,0.9114666666666666,0.9081992757831503,0.9146286955579022,0.9997,0.9994298881281874,0.9998421564581476
T10_BUDGET_FAMILY-1049,B,T10_BUDGET_FAMILY,0.5,1,-1,1,0.05,-0.05,100.0,10.0,57,-1,7.0,0.075,-1.2155372436685123,-6.893654271085456,6.753291662844239,30000,True,0.0,0.0,0.0,0.0,0.0,0.02093224204406752,0.05112901694682804,0.060771862235746835,0.07929537660172409,1.1978514056991991,2.911787293875868,3.465425072452576,4.527648200627678,0.06018880575923054,0.06140018802828432,0.8925,0.8889445486545582,0.8959549460425329,0.999,0.9985728132946441,0.9992994105368171
T10_BUDGET_FAMILY-1050,B,T10_BUDGET_FAMILY,0.5,1,-1,1,0.05,-0.05,100.0,10.0,57,1,7.0,0.075,-1.2155372436685123,6.893654271085456,6.753291662844239,30000,True,0.0,0.0,0.0,0.0,0.0,0.020678493915732742,0.048836874568510553,0.05715627460277442,0.07415593512299398,1.182387560656704,2.774825250149976,3.256135086431329,4.224020547177478,0.05664810038775962,0.057795761411440175,0.9086,0.9052865042353816,0.9118088678238069,0.9996333333333334,0.9993434881035737,0.9997952402203925
T10_BUDGET_FAMILY-1051,B,T10_BUDGET_FAMILY,0.5,1,-1,1,0.05,-0.05,100.0,10.0,58,-1,7.0,0.075,-1.2155372436685123,-6.893654271085456,6.640272812940642,30000,True,0.0,0.0,0.0,0.0,0.0,0.021127396991912344,0.05152809390598438,0.0613497376280422,0.07997549186297032,1.229716493580033,2.989243780961189,3.5546968816283178,4.6481573383203285,0.060733240592851165,0.06192402141957364,0.8890666666666667,0.8854629919057536,0.8925707152793375,0.9989,0.9984556505557942,0.9992165988821136
T10_BUDGET_FAMILY-1052,B,T10_BUDGET_FAMILY,0.5,1,-1,1,0.05,-0.05,100.0,10.0,58,1,7.0,0.075,-1.2155372436685123,6.893654271085456,6.640272812940642,30000,True,0.0,0.0,0.0,0.0,0.0,0.020844530861309427,0.04921552261334385,0.0575378604004024,0.07463166780352784,1.2140151345743428,2.848145104041845,3.340518636165539,4.330924082587305,0.057027101101596755,0.05818323731892665,0.9059333333333334,0.9025778220008173,0.9091848995636139,0.9995666666666667,0.9992586823523686,0.9997467297092286
T10_BUDGET_FAMILY-1053,B,T10_BUDGET_FAMILY,0.5,1,-1,1,0.05,-0.05,100.0,10.0,59,-1,7.0,0.075,-1.2155372436685123,-6.893654271085456,6.530958392531059,30000,True,0.0,0.0,0.0,0.0,0.0,0.02131821088117069,0.05199018460237751,0.06185403043800089,0.08078861358180486,1.2620075153198234,3.0708639712176176,3.6486237483923953,4.775129401959049,0.061175547967395875,0.06246481073240339,0.8857,0.8820500837032371,0.8892511522322232,0.9987,0.9982234733217052,0.9990488273290958
T10_BUDGET_FAMILY-1054,B,T10_BUDGET_FAMILY,0.5,1,-1,1,0.05,-0.05,100.0,10.0,59,1,7.0,0.075,-1.2155372436685123,6.893654271085456,6.530958392531059,30000,True,0.0,0.0,0.0,0.0,0.0,0.021025232426707275,0.04960599043487762,0.05797623183833324,0.07522591400384736,1.245524085408359,2.9233462935426537,3.421442118100699,4.431270270607326,0.05738244195419278,0.058594599011300014,0.9028333333333334,0.8994299929515669,0.9061335224127091,0.9995666666666667,0.9992586823523686,0.9997467297092286
T10_BUDGET_FAMILY-1055,B,T10_BUDGET_FAMILY,0.5,1,-1,1,0.05,-0.05,100.0,10.0,60,-1,7.0,0.075,-1.2155372436685123,-6.893654271085456,6.425169965841953,30000,True,0.0,0.0,0.0,0.0,0.0,0.021501195901183934,0.05242720590876537,0.062394298425943975,0.08144241870456478,1.2968318449241476,3.150144572255326,3.741175479619132,4.904649438557741,0.06170894883600345,0.06308524004053252,0.8826666666666667,0.8789759405712048,0.886259405426469,0.9986666666666667,0.9981850195519077,0.9990206229677088
T10_BUDGET_FAMILY-1056,B,T10_BUDGET_FAMILY,0.5,1,-1,1,0.05,-0.05,100.0,10.0,60,1,7.0,0.075,-1.2155372436685123,6.893654271085456,6.425169965841953,30000,True,0.0,0.0,0.0,0.0,0.0,0.021215672446445667,0.05000576654333824,0.058482486583184584,0.07575944323380526,1.2787000028074018,2.997436920789211,3.504942378348292,4.535373799747402,0.057824228352314815,0.05906874655565015,0.8999,0.8964523659392277,0.9032452338808151,0.9995,0.9991751379925813,0.999696957806647
T10_BUDGET_FAMILY-1057,B,T10_BUDGET_FAMILY,0.5,1,1,-1,0.05,0.05,100.0,-10.0,50,-1,7.0,0.075,1.2155372436685123,-6.893654271085456,8.043121738913714,30000,True,0.0,0.0,0.0,0.0,0.0,0.01841451293440997,0.04369484414893535,0.05150170039729403,0.067335607972026,0.9228427524490355,2.1798911317551197,2.5780782919984806,3.355713979992774,0.05102167939014976,0.05206182164571956,0.9428333333333333,0.9401490942645301,0.9454041785211054,1.0,0.9998719677669952,1.0
T10_BUDGET_FAMILY-1058,B,T10_BUDGET_FAMILY,0.5,1,1,-1,0.05,0.05,100.0,-10.0,50,1,7.0,0.075,1.2155372436685123,6.893654271085456,8.043121738913714,30000,True,0.0,0.0,0.0,0.0,0.0,0.018580584479833392,0.04544784458909049,0.05401234793285355,0.07090864416750861,0.9331718233645662,2.2652101047294257,2.689319147788081,3.529489269944243,0.05351801441895361,0.05459447302017665,0.9302,0.9272611893650847,0.9330286517016381,0.9998,0.9995636838949538,0.9999083350849347
T10_BUDGET_FAMILY-1059,B,T10_BUDGET_FAMILY,0.5,1,1,-1,0.05,0.05,100.0,-10.0,51,-1,7.0,0.075,1.2155372436685123,-6.893654271085456,7.883614683030976,30000,True,0.0,0.0,0.0,0.0,0.0,0.018569917556753246,0.04408381560240557,0.05198141692103719,0.06771320945881402,0.9499138623480303,2.240968533307582,2.6485923003362433,3.451869187142712,0.0514556846525011,0.05244770921961236,0.9404,0.9376642285885148,0.9430230006206546,1.0,0.9998719677669952,1.0
T10_BUDGET_FAMILY-1060,B,T10_BUDGET_FAMILY,0.5,1,1,-1,0.05,0.05,100.0,-10.0,51,1,7.0,0.075,1.2155372436685123,6.893654271085456,7.883614683030976,30000,True,0.0,0.0,0.0,0.0,0.0,0.01874629244382443,0.04588758989058125,0.05452757324101531,0.07162879374506917,0.9601248092058535,2.33514266485576,2.7725131618620873,3.630964233264155,0.05402113059389828,0.05509088573489263,0.9275,0.924510583400264,0.9303799490405169,0.9998,0.9995636838949538,0.9999083350849347
T10_BUDGET_FAMILY-1061,B,T10_BUDGET_FAMILY,0.5,1,1,-1,0.05,0.05,100.0,-10.0,52,-1,7.0,0.075,1.2155372436685123,-6.893654271085456,7.730273428404526,30000,True,0.0,0.0,0.0,0.0,0.0,0.01878892800126531,0.04446763981696464,0.05245425928377756,0.06818474695271334,0.9777258914809144,2.3036181700149685,2.7223618536864262,3.5423316438913104,0.05185723064741697,0.05291666321475246,0.9379666666666666,0.9351806248278468,0.9406405608048564,0.9999666666666667,0.9998111938118758,0.999994115823935
T10_BUDGET_FAMILY-1062,B,T10_BUDGET_FAMILY,0.5,1,1,-1,0.05,0.05,100.0,-10.0,52,1,7.0,0.075,1.2155372436685123,6.893654271085456,7.730273428404526,30000,True,0.0,0.0,0.0,0.0,0.0,0.018932862455518472,0.04629155901889266,0.05502863422587586,0.07215693696786597,0.9875956069064314,2.4026449311712157,2.853180557473363,3.736681384354173,0.0545799166672359,0.05558936843456353,0.925,0.9219647815412901,0.9279263910606559,0.9997666666666667,0.9995183940812257,0.9998869667674782
T10_BUDGET_FAMILY-1063,B,T10_BUDGET_FAMILY,0.5,1,1,-1,0.05,0.05,100.0,-10.0,53,-1,7.0,0.075,1.2155372436685123,-6.893654271085456,7.582749316900875,30000,True,0.0,0.0,0.0,0.0,0.0,0.018959446075692117,0.04488726092758623,0.05281260608138974,0.06872881237532932,1.005128647814025,2.3707634744698405,2.7963626228161362,3.6374870820800913,0.05229034542640984,0.053405566278238864,0.9357,0.9328682054753193,0.9384202272368402,0.9999333333333333,0.999756934099615,0.9999817174050113
T10_BUDGET_FAMILY-1064,B,T10_BUDGET_FAMILY,0.5,1,1,-1,0.05,0.05,100.0,-10.0,53,1,7.0,0.075,1.2155372436685123,6.893654271085456,7.582749316900875,30000,True,0.0,0.0,0.0,0.0,0.0,0.019132630487441654,0.04677140554742317,0.05554463435907121,0.07281389534611923,1.0155549858250332,2.471356048093373,2.939439501996541,3.84706344209606,0.05510671205844751,0.05614834791104569,0.9216666666666666,0.9185718762022366,0.9246534832812627,0.9997333333333334,0.9994738353303702,0.9998648673871494
T10_BUDGET_FAMILY-1065,B,T10_BUDGET_FAMILY,0.5,1,1,-1,0.05,0.05,100.0,-10.0,54,-1,7.0,0.075,1.2155372436685123,-6.893654271085456,7.440719341756458,30000,True,0.0,0.0,0.0,0.0,0.0,0.019136838931995734,0.04528686474209854,0.05320559673057893,0.06922890098266903,1.0336969819148971,2.4363437997356523,2.87047208817907,3.73169838865794,0.05269999442936832,0.05384477311488435,0.9332,0.9303188827388122,0.9359701901345125,0.9999333333333333,0.999756934099615,0.9999817174050113
T10_BUDGET_FAMILY-1066,B,T10_BUDGET_FAMILY,0.5,1,1,-1,0.05,0.05,100.0,-10.0,54,1,7.0,0.075,1.2155372436685123,6.893654271085456,7.440719341756458,30000,True,0.0,0.0,0.0,0.0,0.0,0.01933309637161021,0.0472331763678183,0.05611530542165163,0.07355263758370059,1.0442456766764596,2.544158101469908,3.022331850560471,3.9542243244939494,0.05554217648830875,0.05661302090397821,0.9192,0.9160621744402072,0.9222304833356415,0.9997333333333334,0.9994738353303702,0.9998648673871494
T10_BUDGET_FAMILY-1067,B,T10_BUDGET_FAMILY,0.5,1,1,-1,0.05,0.05,100.0,-10.0,55,-1,7.0,0.075,1.2155372436685123,-6.893654271085456,7.303883844462849,30000,True,0.0,0.0,0.0,0.0,0.0,0.019319450459361773,0.04568333465600732,0.05362713589558555,0.0697267229625431,1.0637665730457766,2.5015581764935493,2.9454433245870217,3.828178058930166,0.05307789119345433,0.05428498475503496,0.9311666666666667,0.9282462736526197,0.9339766532184525,0.9998666666666667,0.9996571871547361,0.9999481480875213
T10_BUDGET_FAMILY-1068,B,T10_BUDGET_FAMILY,0.5,1,1,-1,0.05,0.05,100.0,-10.0,55,1,7.0,0.075,1.2155372436685123,6.893654271085456,7.303883844462849,30000,True,0.0,0.0,0.0,0.0,0.0,0.01955058522770553,0.047716044497106744,0.056698120476124554,0.07429167643222172,1.0750515964288239,2.6159819701573563,3.108236283762867,4.062747561407953,0.0559767318145731,0.05715357914079158,0.9163333333333333,0.9131465596635779,0.9194134988304068,0.9996666666666667,0.9993864623645906,0.9998189240905601
T10_BUDGET_FAMILY-1069,B,T10_BUDGET_FAMILY,0.5,1,1,-1,0.05,0.05,100.0,-10.0,56,-1,7.0,0.075,1.2155372436685123,-6.893654271085456,7.171964454022961,30000,True,0.0,0.0,0.0,0.0,0.0,0.019507464315427825,0.04608892551801461,0.05405907599749555,0.0701419273022262,1.093887000164843,2.5703689136501313,3.022407674593005,3.9202527334519535,0.05352033306626972,0.054693398445371626,0.9283666666666667,0.9253933621671783,0.9312302816843988,0.9998,0.9995636838949538,0.9999083350849347
T10_BUDGET_FAMILY-1070,B,T10_BUDGET_FAMILY,0.5,1,1,-1,0.05,0.05,100.0,-10.0,56,1,7.0,0.075,1.2155372436685123,6.893654271085456,7.171964454022961,30000,True,0.0,0.0,0.0,0.0,0.0,0.019729924467900086,0.0481206066378392,0.057293393807460395,0.07481994927875364,1.1037056589707597,2.6891492340948844,3.1948414353218997,4.172635468265026,0.05652309387882808,0.057721885397721016,0.9128333333333334,0.9095882768228691,0.9159726778967467,0.9996,0.9993009097746189,0.9997711604181628
T10_BUDGET_FAMILY-1071,B,T10_BUDGET_FAMILY,0.5,1,1,-1,0.05,0.05,100.0,-10.0,57,-1,7.0,0.075,1.2155372436685123,-6.893654271085456,7.044702239501972,30000,True,0.0,0.0,0.0,0.0,0.0,0.0197176725629347,0.04649364629352666,0.05448190250219018,0.07070877678804459,1.1232742365256734,2.6403609667201287,3.102977103278027,4.019253301955366,0.05398383961586094,0.05508091532417294,0.9258333333333333,0.9228132724793688,0.9287443534021887,0.9998,0.9995636838949538,0.9999083350849347
T10_BUDGET_FAMILY-1072,B,T10_BUDGET_FAMILY,0.5,1,1,-1,0.05,0.05,100.0,-10.0,57,1,7.0,0.075,1.2155372436685123,6.893654271085456,7.044702239501972,30000,True,0.0,0.0,0.0,0.0,0.0,0.019923040055238237,0.04857353311680456,0.057756415737181294,0.07545599237079532,1.1360569124097721,2.764815578058631,3.2842065992348766,4.287327446584852,0.05712701993993351,0.0583012350866701,0.9101666666666667,0.9068782447641671,0.9133500594606913,0.9995333333333334,0.9992167687510664,0.9997219851793465
T10_BUDGET_FAMILY-1073,B,T10_BUDGET_FAMILY,0.5,1,1,-1,0.05,0.05,100.0,-10.0,58,-1,7.0,0.075,1.2155372436685123,-6.893654271085456,6.921856050693172,30000,True,0.0,0.0,0.0,0.0,0.0,0.019895550929185057,0.04690811499113752,0.054871881264147236,0.07125660428615778,1.154440576537277,2.71001414622569,3.1826383871534767,4.124782385503613,0.05439611797905629,0.05547317697699767,0.9229333333333334,0.9198609842068006,0.9258973842617084,0.9997666666666667,0.9995183940812257,0.9998869667674782
T10_BUDGET_FAMILY-1074,B,T10_BUDGET_FAMILY,0.5,1,1,-1,0.05,0.05,100.0,-10.0,58,1,7.0,0.075,1.2155372436685123,6.893654271085456,6.921856050693172,30000,True,0.0,0.0,0.0,0.0,0.0,0.020113991882087845,0.04904926004059252,0.058379669975707316,0.07610385403686727,1.1699896316213447,2.8401594846947114,3.3741946218323364,4.405860058178843,0.05765395191446338,0.058866321858384384,0.9069,0.9035596242778116,0.9101361830909692,0.9994333333333333,0.9990926240450774,0.9996461554917818
T10_BUDGET_FAMILY-1075,B,T10_BUDGET_FAMILY,0.5,1,1,-1,0.05,0.05,100.0,-10.0,59,-1,7.0,0.075,1.2155372436685123,-6.893654271085456,6.8032010250411465,30000,True,0.0,0.0,0.0,0.0,0.0,0.020082608017371037,0.04730604347573599,0.05531689096586451,0.07169721946495072,1.1858408729383296,2.781729839265269,3.2618164739915354,4.226483483602441,0.054779374548968536,0.055909491257537886,0.9203,0.9171812586194744,0.9233111174854617,0.9997333333333334,0.9994738353303702,0.9998648673871494
T10_BUDGET_FAMILY-1076,B,T10_BUDGET_FAMILY,0.5,1,1,-1,0.05,0.05,100.0,-10.0,59,1,7.0,0.075,1.2155372436685123,6.893654271085456,6.8032010250411465,30000,True,0.0,0.0,0.0,0.0,0.0,0.02031854808918477,0.049470257703858406,0.05889540718974581,0.07670063240929482,1.1998989943056717,2.9176450261448816,3.4688989386998395,4.5284431624654715,0.058184834715052286,0.05941679286123984,0.9039,0.9005129966113748,0.9071835789508039,0.9994,0.9990516991690099,0.9996204222366647
T10_BUDGET_FAMILY-1077,B,T10_BUDGET_FAMILY,0.5,1,1,-1,0.05,0.05,100.0,-10.0,60,-1,7.0,0.075,1.2155372436685123,-6.893654271085456,6.688527241804553,30000,True,0.0,0.0,0.0,0.0,0.0,0.02025779801201312,0.047768635336636694,0.055775828020048594,0.07214230967786897,1.2159060758056015,2.854797583104582,3.34320199893636,4.325424626239469,0.05519352390669721,0.056380000824492287,0.9170333333333334,0.9138584091126384,0.9201014701362201,0.9997,0.9994298881281874,0.9998421564581476
T10_BUDGET_FAMILY-1078,B,T10_BUDGET_FAMILY,0.5,1,1,-1,0.05,0.05,100.0,-10.0,60,1,7.0,0.075,1.2155372436685123,6.893654271085456,6.688527241804553,30000,True,0.0,0.0,0.0,0.0,0.0,0.020491934199788394,0.049923376690369045,0.05941839936534616,0.07742692132158832,1.2329878360854534,2.9957409357325644,3.559309821235669,4.650662679219219,0.05874449447512132,0.0600277974988303,0.9006,0.8971628529305106,0.9039345676444058,0.9993333333333333,0.9989704292265574,0.9995683759167483
T10_BUDGET_FAMILY-1079,B,T10_BUDGET_FAMILY,0.5,1,1,1,0.05,0.05,100.0,10.0,50,-1,7.0,0.075,-1.2155372436685123,-6.893654271085456,7.6659856784920315,30000,True,0.0,0.0,0.0,0.0,0.0,0.019635753219446456,0.04655354697088526,0.054857061461267446,0.07147165820910985,0.9844870982837858,2.3205275080745578,2.7395070969886754,3.564958645161828,0.054249754509428955,0.055363720819011204,0.9243,0.9212521322520936,0.9272392195949787,0.9997666666666667,0.9995183940812257,0.9998869667674782
T10_BUDGET_FAMILY-1080,B,T10_BUDGET_FAMILY,0.5,1,1,1,0.05,0.05,100.0,10.0,50,1,7.0,0.075,-1.2155372436685123,6.893654271085456,7.6659856784920315,30000,True,0.0,0.0,0.0,0.0,0.0,0.019838825934820364,0.048489191553829726,0.057586369180237254,0.07544756686515428,0.9927896288043049,2.4200120170682875,2.872754190671879,3.7604229941073193,0.057056274702002696,0.058152643035552246,0.9103,0.9070137256511854,0.9134812110984107,0.9995666666666667,0.9992586823523686,0.9997467297092286
T10_BUDGET_FAMILY-1081,B,T10_BUDGET_FAMILY,0.5,1,1,1,0.05,0.05,100.0,10.0,51,-1,7.0,0.075,-1.2155372436685123,-6.893654271085456,7.5208681418451215,30000,True,0.0,0.0,0.0,0.0,0.0,0.019810448838378934,0.04693309435228302,0.05524287892515129,0.07183113658058711,1.0132346044971816,2.3853903054771557,2.813708668199045,3.6588768456020095,0.054601081043365,0.05575419969433983,0.9214,0.9183005150134792,0.9243915794205443,0.9997333333333334,0.9994738353303702,0.9998648673871494
T10_BUDGET_FAMILY-1082,B,T10_BUDGET_FAMILY,0.5,1,1,1,0.05,0.05,100.0,10.0,51,1,7.0,0.075,-1.2155372436685123,6.893654271085456,7.5208681418451215,30000,True,0.0,0.0,0.0,0.0,0.0,0.019999524601529563,0.04890295918798652,0.05806414573896871,0.07620993004524172,1.021861569105771,2.4881034408646774,2.956130490204807,3.8721995146191652,0.05757573704110221,0.05869658934056458,0.9074,0.904067495203714,0.9106281841328336,0.9995,0.9991751379925813,0.999696957806647
T10_BUDGET_FAMILY-1083,B,T10_BUDGET_FAMILY,0.5,1,1,1,0.05,0.05,100.0,10.0,52,-1,7.0,0.075,-1.2155372436685123,-6.893654271085456,7.381112829107787,30000,True,0.0,0.0,0.0,0.0,0.0,0.019975694577124815,0.04731113691032745,0.05557515912764707,0.07226639198094659,1.0419466302587983,2.45181437769632,2.8880732016672703,3.7592878460974037,0.054987754137539306,0.056209213446530355,0.9191666666666667,0.9160282654527044,0.9221977341919599,0.9997,0.9994298881281874,0.9998421564581476
T10_BUDGET_FAMILY-1084,B,T10_BUDGET_FAMILY,0.5,1,1,1,0.05,0.05,100.0,10.0,52,1,7.0,0.075,-1.2155372436685123,6.893654271085456,7.381112829107787,30000,True,0.0,0.0,0.0,0.0,0.0,0.020202342978783087,0.04935985275528587,0.05858989536445659,0.07676070922156561,1.0502910824579244,2.5604699190956715,3.039895221932156,3.980005960163226,0.057991906337891856,0.059274997594489474,0.9047333333333333,0.9013591805589712,0.9080038482828191,0.9994,0.9990516991690099,0.9996204222366647
T10_BUDGET_FAMILY-1085,B,T10_BUDGET_FAMILY,0.5,1,1,1,0.05,0.05,100.0,10.0,53,-1,7.0,0.075,-1.2155372436685123,-6.893654271085456,7.246429497875267,30000,True,0.0,0.0,0.0,0.0,0.0,0.02016756462878305,0.047675754608247564,0.056008662136134146,0.07278449333808891,1.0721354503867324,2.516520449219336,2.9625774108600536,3.8528538531183223,0.05534747014999425,0.056659243748291246,0.9166333333333333,0.9134516299643192,0.9197083517103257,0.9997,0.9994298881281874,0.9998421564581476
T10_BUDGET_FAMILY-1086,B,T10_BUDGET_FAMILY,0.5,1,1,1,0.05,0.05,100.0,10.0,53,1,7.0,0.075,-1.2155372436685123,6.893654271085456,7.246429497875267,30000,True,0.0,0.0,0.0,0.0,0.0,0.02040126248623783,0.04976721751764649,0.05918215636281829,0.07742389415502274,1.0801879228690285,2.6326984388622345,3.124787747923843,4.088791339690802,0.05849504763283607,0.05978186813762689,0.9015,0.8980764122807338,0.9048207778361633,0.9993333333333333,0.9989704292265574,0.9995683759167483
T10_BUDGET_FAMILY-1087,B,T10_BUDGET_FAMILY,0.5,1,1,1,0.05,0.05,100.0,10.0,54,-1,7.0,0.075,-1.2155372436685123,-6.893654271085456,7.1165483722662,30000,True,0.0,0.0,0.0,0.0,0.0,0.020353890083828798,0.04811548950523598,0.05637455352679805,0.07319871397716103,1.1022894812621553,2.582326197564595,3.0378629262656203,3.948439792664698,0.05574947539881026,0.05704529718858485,0.9139,0.9106725384258177,0.917021476491701,0.9997,0.9994298881281874,0.9998421564581476
T10_BUDGET_FAMILY-1088,B,T10_BUDGET_FAMILY,0.5,1,1,1,0.05,0.05,100.0,10.0,54,1,7.0,0.075,-1.2155372436685123,6.893654271085456,7.1165483722662,30000,True,0.0,0.0,0.0,0.0,0.0,0.02060694401020729,0.05019356118220973,0.05970688335049964,0.07811817812768258,1.1103099196186772,2.7065609287925736,3.2136016309459308,4.201227850023938,0.058973822323093776,0.0602835872747327,0.8986333333333333,0.8951668527505102,0.9019977380845227,0.9992333333333333,0.9988497776170697,0.9994890531326828
T10_BUDGET_FAMILY-1089,B,T10_BUDGET_FAMILY,0.5,1,1,1,0.05,0.05,100.0,10.0,55,-1,7.0,0.075,-1.2155372436685123,-6.893654271085456,6.991218379446344,30000,True,0.0,0.0,0.0,0.0,0.0,0.02054798957835738,0.04849348770139893,0.05671517531397476,0.0735924977670454,1.1301870296068037,2.6538681854060715,3.115495214439763,4.044896298573017,0.05618782476559623,0.0574343623134315,0.9112666666666667,0.9079960267773413,0.9144319957766045,0.9997,0.9994298881281874,0.9998421564581476
T10_BUDGET_FAMILY-1090,B,T10_BUDGET_FAMILY,0.5,1,1,1,0.05,0.05,100.0,10.0,55,1,7.0,0.075,-1.2155372436685123,6.893654271085456,6.991218379446344,30000,True,0.0,0.0,0.0,0.0,0.0,0.020763790769784407,0.050656643284713324,0.060220461350780075,0.0787580058369594,1.1420823120989865,2.779932449204339,3.303120779529351,4.317891971644447,0.05950087517360975,0.060792544483528714,0.8953333333333333,0.8918185208111618,0.898746915036609,0.9990666666666667,0.9986513899129869,0.9993541501808433
T10_BUDGET_FAMILY-1091,B,T10_BUDGET_FAMILY,0.5,1,1,1,0.05,0.05,100.0,10.0,56,-1,7.0,0.075,-1.2155372436685123,-6.893654271085456,6.870205564467734,30000,True,0.0,0.0,0.0,0.0,0.0,0.02072560052326189,0.048876060247354455,0.05713919374693902,0.07412865903033897,1.1604540182835101,2.7223753653004406,3.1945323563400696,4.1463106476379705,0.056593042227122706,0.057788296547073896,0.9087,0.9053880959592642,0.9119072504934775,0.9996333333333334,0.9993434881035737,0.9997952402203925
T10_BUDGET_FAMILY-1092,B,T10_BUDGET_FAMILY,0.5,1,1,1,0.05,0.05,100.0,10.0,56,1,7.0,0.075,-1.2155372436685123,6.893654271085456,6.870205564467734,30000,True,0.0,0.0,0.0,0.0,0.0,0.0209477557437496,0.05107946608215576,0.06073122623922446,0.07932949993560078,1.1742343926612555,2.8560422650405215,3.3933007286856074,4.434591605435784,0.06009590979643699,0.061357250206156726,0.8922,0.8886402909094656,0.8956592806069653,0.999,0.9985728132946441,0.9992994105368171
T10_BUDGET_FAMILY-1093,B,T10_BUDGET_FAMILY,0.5,1,1,1,0.05,0.05,100.0,10.0,57,-1,7.0,0.075,-1.2155372436685123,-6.893654271085456,6.753291662844239,30000,True,0.0,0.0,0.0,0.0,0.0,0.020892187182648427,0.049270688995989326,0.05758586354102996,0.07461363510941722,1.1926545535756936,2.795060167651973,3.2761296792539447,4.246502352806829,0.057044608881435456,0.05814455617028445,0.9058,0.9024424093650107,0.9090536796746826,0.9995666666666667,0.9992586823523686,0.9997467297092286
T10_BUDGET_FAMILY-1094,B,T10_BUDGET_FAMILY,0.5,1,1,1,0.05,0.05,100.0,10.0,57,1,7.0,0.075,-1.2155372436685123,6.893654271085456,6.753291662844239,30000,True,0.0,0.0,0.0,0.0,0.0,0.02112508546677093,0.051558313506983235,0.061234877496421654,0.07982210338010026,1.2067088020267043,2.9322262252314073,3.484759133397764,4.553258300530909,0.0606144112100278,0.06187169629400769,0.8891666666666667,0.8855643810401624,0.8926693005384821,0.9989,0.9984556505557942,0.9992165988821136
T10_BUDGET_FAMILY-1095,B,T10_BUDGET_FAMILY,0.5,1,1,1,0.05,0.05,100.0,10.0,58,-1,7.0,0.075,-1.2155372436685123,-6.893654271085456,6.640272812940642,30000,True,0.0,0.0,0.0,0.0,0.0,0.02108502966509536,0.04966820933302711,0.057987419092850115,0.07512712934184884,1.2233879330046653,2.867675460984381,3.359846629711689,4.351878237326786,0.0574719990621113,0.05858467282479639,0.9026333333333333,0.8992269436042468,0.905936622972922,0.9995333333333334,0.9992167687510664,0.9997219851793465
T10_BUDGET_FAMILY-1096,B,T10_BUDGET_FAMILY,0.5,1,1,1,0.05,0.05,100.0,10.0,58,1,7.0,0.075,-1.2155372436685123,6.893654271085456,6.640272812940642,30000,True,0.0,0.0,0.0,0.0,0.0,0.02132322896579992,0.05197811051650178,0.061768447579293576,0.0803920900781721,1.2400729912955628,3.011401174575795,3.5752990323989895,4.67250162647922,0.061148554223252966,0.06238947817600835,0.8859333333333334,0.8822865893568353,0.889481253496916,0.9988,0.998339233592663,0.9991330414516916
T10_BUDGET_FAMILY-1097,B,T10_BUDGET_FAMILY,0.5,1,1,1,0.05,0.05,100.0,10.0,59,-1,7.0,0.075,-1.2155372436685123,-6.893654271085456,6.530958392531059,30000,True,0.0,0.0,0.0,0.0,0.0,0.02125120846533582,0.050010349711629994,0.05842694377995844,0.07573040060100986,1.2555161458824817,2.942498310122579,3.439704275072982,4.454967649886724,0.05782568396748259,0.05902722657552378,0.8998666666666667,0.8964185345073694,0.9032124071814889,0.9995,0.9991751379925813,0.999696957806647
T10_BUDGET_FAMILY-1098,B,T10_BUDGET_FAMILY,0.5,1,1,1,0.05,0.05,100.0,10.0,59,1,7.0,0.075,-1.2155372436685123,6.893654271085456,6.530958392531059,30000,True,0.0,0.0,0.0,0.0,0.0,0.02153544815313683,0.05243135856030004,0.062290269142773066,0.08111881269587334,1.2733576536730602,3.0932284544833952,3.6732988215649,4.7985842200318665,0.06162675820287243,0.06297687649624073,0.8826666666666667,0.8789759405712048,0.886259405426469,0.9986666666666667,0.9981850195519077,0.9990206229677088
T10_BUDGET_FAMILY-1099,B,T10_BUDGET_FAMILY,0.5,1,1,1,0.05,0.05,100.0,10.0,60,-1,7.0,0.075,-1.2155372436685123,-6.893654271085456,6.425169965841953,30000,True,0.0,0.0,0.0,0.0,0.0,0.021458497539235212,0.05041704007254957,0.05892909884573404,0.07626514615504902,1.2882976901153118,3.0171804993893367,3.524950411990035,4.562203788023944,0.05821395965570062,0.059473468313722695,0.8969,0.893407996307147,0.9002903717062939,0.9994333333333333,0.9990926240450774,0.9996461554917818
T10_BUDGET_FAMILY-1100,B,T10_BUDGET_FAMILY,0.5,1,1,1,0.05,0.05,100.0,10.0,60,1,7.0,0.075,-1.2155372436685123,6.893654271085456,6.425169965841953,30000,True,0.0,0.0,0.0,0.0,0.0,0.021747663802893412,0.05286187400909223,0.0628859868596668,0.08192018180232737,1.307681005043444,3.171700683698222,3.765233201721667,4.925334087921456,0.06217039195215423,0.06354072976893074,0.8797666666666667,0.8760376549986915,0.8833984335859337,0.9986,0.9981082971108366,0.998964029146411
T10_BUDGET_FAMILY-1101,B,T10_BUDGET_FAMILY,0.75,-1,-1,-1,-0.07500000000000001,-0.07500000000000001,150.0,-15.0,50,-1,7.0,0.075,1.8117333157176452,-6.761480784023478,7.987245724528132,30000,True,0.0,0.0,0.0,0.0,0.0,0.026260042500974662,0.06416234001120202,0.07591747815516144,0.09891185974028033,1.3181306292364527,3.1908189874743393,3.795316355009336,4.927312252490813,0.07505951962929601,0.07699945608916195,0.8000333333333334,0.7954689861080194,0.8045208526833622,0.9907333333333334,0.9895845085636977,0.9917564987340158
T10_BUDGET_FAMILY-1102,B,T10_BUDGET_FAMILY,0.75,-1,-1,-1,-0.07500000000000001,-0.07500000000000001,150.0,-15.0,50,1,7.0,0.075,1.8117333157176452,6.761480784023478,7.987245724528132,30000,True,0.0,0.0,0.0,0.0,0.0,0.025763936026369835,0.060953734219531125,0.07194631095856678,0.09411023569838008,1.2905988409754505,3.040245990620171,3.5862052468067955,4.70814068271031,0.07118338131406475,0.07268746706253935,0.8207333333333333,0.8163518676248223,0.8250326706321129,0.9943,0.9933825303609073,0.995090896973544
T10_BUDGET_FAMILY-1103,B,T10_BUDGET_FAMILY,0.75,-1,-1,-1,-0.07500000000000001,-0.07500000000000001,150.0,-15.0,51,-1,7.0,0.075,1.8117333157176452,-6.761480784023478,7.826897667425074,30000,True,0.0,0.0,0.0,0.0,0.0,0.026479844796005004,0.06464115908738956,0.07658385104361028,0.09946840340690606,1.357354403052215,3.2836254850750737,3.901092712105384,5.060060861761434,0.07555730881575914,0.0775090705990932,0.7966,0.7920072144432171,0.8011168368361643,0.9902666666666666,0.989091246301686,0.9913165471594451
T10_BUDGET_FAMILY-1104,B,T10_BUDGET_FAMILY,0.75,-1,-1,-1,-0.07500000000000001,-0.07500000000000001,150.0,-15.0,51,1,7.0,0.075,1.8117333157176452,6.761480784023478,7.826897667425074,30000,True,0.0,0.0,0.0,0.0,0.0,0.025957802593278886,0.06135486102645676,0.07242477744586082,0.09461582195846444,1.3266277829336992,3.1208112377159405,3.683058391642321,4.820982497810439,0.07171768959245566,0.07321405861153031,0.8173666666666667,0.8129540662344403,0.8216980007728638,0.9939333333333333,0.9929891762735255,0.9947510116178968
T10_BUDGET_FAMILY-1105,B,T10_BUDGET_FAMILY,0.75,-1,-1,-1,-0.07500000000000001,-0.07500000000000001,150.0,-15.0,52,-1,7.0,0.075,1.8117333157176452,-6.761480784023478,7.672823258874042,30000,True,0.0,0.0,0.0,0.0,0.0,0.026705637509608346,0.06515041758859602,0.07715589386980863,0.10006599143134978,1.3975701084225682,3.3770646695001756,4.007741404534482,5.197810797825767,0.07622904235089414,0.07813518407132751,0.7939,0.7892852098601312,0.7984395327933086,0.9899,0.9887041401422723,0.9909704138758297
T10_BUDGET_FAMILY-1106,B,T10_BUDGET_FAMILY,0.75,-1,-1,-1,-0.07500000000000001,-0.07500000000000001,150.0,-15.0,52,1,7.0,0.075,1.8117333157176452,6.761480784023478,7.672823258874042,30000,True,0.0,0.0,0.0,0.0,0.0,0.026174162663500793,0.06177959364167872,0.07290644505728781,0.09515785682252524,1.364166618908267,3.2042996945069495,3.779622218418779,4.944977526118903,0.07219299083482032,0.07359907515179263,0.8138666666666666,0.8094222875547089,0.8182306756782262,0.9936333333333334,0.9926679443493043,0.9944723203614578
T10_BUDGET_FAMILY-1107,B,T10_BUDGET_FAMILY,0.75,-1,-1,-1,-0.07500000000000001,-0.07500000000000001,150.0,-15.0,53,-1,7.0,0.075,1.8117333157176452,-6.761480784023478,7.524663480103453,30000,True,0.0,0.0,0.0,0.0,0.0,0.026948193988863736,0.06569909162555336,0.07770259870962147,0.10082123804629281,1.4360223964298435,3.4697821593195064,4.114300879096307,5.343234302588881,0.07683904926535409,0.07875078454119193,0.7899,0.7852531817643763,0.7944725851469275,0.9892,0.9879661547056034,0.9903085785576246
T10_BUDGET_FAMILY-1108,B,T10_BUDGET_FAMILY,0.75,-1,-1,-1,-0.07500000000000001,-0.07500000000000001,150.0,-15.0,53,1,7.0,0.075,1.8117333157176452,6.761480784023478,7.524663480103453,30000,True,0.0,0.0,0.0,0.0,0.0,0.02633684363182373,0.06221714020875088,0.07333067525277094,0.09566625081363356,1.4018891219653125,3.2898390249352625,3.8766064785356185,5.070385364686646,0.07268890804484061,0.07412866633102726,0.8103666666666667,0.8058910964957066,0.8147627629628597,0.9931333333333333,0.992133658021755,0.99400673472124
T10_BUDGET_FAMILY-1109,B,T10_BUDGET_FAMILY,0.75,-1,-1,-1,-0.07500000000000001,-0.07500000000000001,150.0,-15.0,54,-1,7.0,0.075,1.8117333157176452,-6.761480784023478,7.382086039885456,30000,True,0.0,0.0,0.0,0.0,0.0,0.027161708566609377,0.06626468804371945,0.07829048134821087,0.10163059023271799,1.475579601071487,3.564603290256935,4.22521278510807,5.484353680700417,0.07745846311045958,0.0793184432229309,0.7858666666666667,0.7811882311485102,0.7904719018894734,0.9884333333333334,0.9871593165233182,0.9895822797226673
T10_BUDGET_FAMILY-1110,B,T10_BUDGET_FAMILY,0.75,-1,-1,-1,-0.07500000000000001,-0.07500000000000001,150.0,-15.0,54,1,7.0,0.075,1.8117333157176452,6.761480784023478,7.382086039885456,30000,True,0.0,0.0,0.0,0.0,0.0,0.02659560049002015,0.06266379299971435,0.07379973535978611,0.09614693735592683,1.4377232734040355,3.3754804500339337,3.980042966487775,5.2001964479505,0.07310992538006301,0.07460427281666374,0.8059333333333333,0.8014190785913731,0.810369249419659,0.9928333333333333,0.9918136941986125,0.9937267753637223
T10_BUDGET_FAMILY-1111,B,T10_BUDGET_FAMILY,0.75,-1,-1,-1,-0.07500000000000001,-0.07500000000000001,150.0,-15.0,55,-1,7.0,0.075,1.8117333157176452,-6.761480784023478,7.244782946559225,30000,True,0.0,0.0,0.0,0.0,0.0,0.027429835158045535,0.06675276039683266,0.07884895654556397,0.10244645697407048,1.5181667396094343,3.659154119955445,4.3362658892674935,5.631456319884808,0.07815018465411831,0.0798471229377951,0.7819666666666667,0.7772582930479995,0.7866028386414013,0.9876333333333334,0.9863188425380142,0.9888229585595442
T10_BUDGET_FAMILY-1112,B,T10_BUDGET_FAMILY,0.75,-1,-1,-1,-0.07500000000000001,-0.07500000000000001,150.0,-15.0,55,1,7.0,0.075,1.8117333157176452,6.761480784023478,7.244782946559225,30000,True,0.0,0.0,0.0,0.0,0.0,0.026781926190410584,0.06307445347288801,0.07422900846085748,0.09679468774444551,1.4764834104243478,3.460582977688073,4.080256520648891,5.329367122424407,0.07352041174544517,0.0751344296761192,0.8023666666666667,0.7978219432172209,0.8068339647570733,0.9924,0.991352261920902,0.9933216519360347
T10_BUDGET_FAMILY-1113,B,T10_BUDGET_FAMILY,0.75,-1,-1,-1,-0.07500000000000001,-0.07500000000000001,150.0,-15.0,56,-1,7.0,0.075,1.8117333157176452,-6.761480784023478,7.112468338544704,30000,True,0.0,0.0,0.0,0.0,0.0,0.027678474653389223,0.06727197805100804,0.07945211711951572,0.103244352880194,1.5584109282520178,3.7567789896540655,4.451505364962958,5.78151033167348,0.0787770152901358,0.08059943036990738,0.7777666666666667,0.7730267350819171,0.7824354720782412,0.9869666666666667,0.9856194747244537,0.9881891637494152
T10_BUDGET_FAMILY-1114,B,T10_BUDGET_FAMILY,0.75,-1,-1,-1,-0.07500000000000001,-0.07500000000000001,150.0,-15.0,56,1,7.0,0.075,1.8117333157176452,6.761480784023478,7.112468338544704,30000,True,0.0,0.0,0.0,0.0,0.0,0.027001306914108243,0.06348353719770637,0.07468849151001969,0.09735148627031075,1.5155701105938442,3.547470476711522,4.183570171532954,5.455272161748,0.0740566652920436,0.07560009299186607,0.7988,0.7942253776204727,0.8032981103170834,0.9919333333333333,0.9908562351026965,0.9928844649176579
T10_BUDGET_FAMILY-1115,B,T10_BUDGET_FAMILY,0.75,-1,-1,-1,-0.07500000000000001,-0.07500000000000001,150.0,-15.0,57,-1,7.0,0.075,1.8117333157176452,-6.761480784023478,6.984876541978074,30000,True,0.0,0.0,0.0,0.0,0.0,0.027939889599152765,0.06787325229258331,0.08010070979279492,0.10409556546574618,1.6005183142138562,3.854804868885874,4.563942657230034,5.930805683385821,0.0795028361405049,0.08122707602546217,0.7730666666666667,0.7682922427765772,0.7777711678865712,0.9862666666666666,0.9848860621980907,0.9875227555209042
T10_BUDGET_FAMILY-1116,B,T10_BUDGET_FAMILY,0.75,-1,-1,-1,-0.07500000000000001,-0.07500000000000001,150.0,-15.0,57,1,7.0,0.075,1.8117333157176452,6.761480784023478,6.984876541978074,30000,True,0.0,0.0,0.0,0.0,0.0,0.027239824551683892,0.06397513420036978,0.07518571537692734,0.09792020846764671,1.5574328222081022,3.6358952143955356,4.2888512614935665,5.579841225264426,0.07452974985954802,0.07605843698629138,0.7948666666666667,0.7902597186746008,0.7993981097831886,0.9916666666666667,0.9905731803695793,0.9926342546012993
T10_BUDGET_FAMILY-1117,B,T10_BUDGET_FAMILY,0.75,-1,-1,-1,-0.07500000000000001,-0.07500000000000001,150.0,-15.0,58,-1,7.0,0.075,1.8117333157176452,-6.761480784023478,6.861760328352082,30000,True,0.0,0.0,0.0,0.0,0.0,0.028215469279168095,0.06839294738976567,0.08078600293380687,0.10504103398851769,1.6436592013801974,3.9583950436075535,4.683060801944058,6.075519786069324,0.08005228797661737,0.08188295850440423,0.7693333333333333,0.7645321181627991,0.7740655818076889,0.9856333333333334,0.984223255888585,0.9869190573379053
T10_BUDGET_FAMILY-1118,B,T10_BUDGET_FAMILY,0.75,-1,-1,-1,-0.07500000000000001,-0.07500000000000001,150.0,-15.0,58,1,7.0,0.075,1.8117333157176452,6.761480784023478,6.861760328352082,30000,True,0.0,0.0,0.0,0.0,0.0,0.027467277385824464,0.06437728957551107,0.07569904535801711,0.09853353565926291,1.5993350483590352,3.7236499665248224,4.39687577258346,5.712204356471529,0.07496461229886989,0.07651559573181729,0.7910333333333334,0.7863955211545018,0.795596622217074,0.9912,0.990078468080242,0.992195753054054
T10_BUDGET_FAMILY-1119,B,T10_BUDGET_FAMILY,0.75,-1,-1,-1,-0.07500000000000001,-0.07500000000000001,150.0,-15.0,59,-1,7.0,0.075,1.8117333157176452,-6.761480784023478,6.742889348662674,30000,True,0.0,0.0,0.0,0.0,0.0,0.028440685743962326,0.06887912604591875,0.0815038519241611,0.10588191320501521,1.688125427778517,4.0616556371668375,4.804660006669553,6.224611908357636,0.08068646935906856,0.0824552994201796,0.7651333333333333,0.7603026078522324,0.769896167589013,0.9846,0.9831432578441878,0.985932653315584
T10_BUDGET_FAMILY-1120,B,T10_BUDGET_FAMILY,0.75,-1,-1,-1,-0.07500000000000001,-0.07500000000000001,150.0,-15.0,59,1,7.0,0.075,1.8117333157176452,6.761480784023478,6.742889348662674,30000,True,0.0,0.0,0.0,0.0,0.0,0.02770693394835045,0.06479460472113364,0.07619752008228634,0.0989867901799957,1.6394115735646988,3.8160042239232763,4.502573950595214,5.8403404230821305,0.07549829805993646,0.07702203593240046,0.7872333333333333,0.7825655357610957,0.7918275806554509,0.9906666666666667,0.9895140010449468,0.9916936899903979
T10_BUDGET_FAMILY-1121,B,T10_BUDGET_FAMILY,0.75,-1,-1,-1,-0.07500000000000001,-0.07500000000000001,150.0,-15.0,60,-1,7.0,0.075,1.8117333157176452,-6.761480784023478,6.62804872365016,30000,True,0.0,0.0,0.0,0.0,0.0,0.028706382804045798,0.06945272128337195,0.08218098127147139,0.10669003547620454,1.7321028861611354,4.166289277168206,4.9230308082181855,6.3900612800216585,0.08138649703086548,0.08311277546994139,0.7607,0.7558388350377452,0.7654944089559661,0.9838333333333333,0.9823430211775646,0.9851997529649645
T10_BUDGET_FAMILY-1122,B,T10_BUDGET_FAMILY,0.75,-1,-1,-1,-0.07500000000000001,-0.07500000000000001,150.0,-15.0,60,1,7.0,0.075,1.8117333157176452,6.761480784023478,6.62804872365016,30000,True,0.0,0.0,0.0,0.0,0.0,0.02799624943155455,0.06527460200213468,0.07666062855934198,0.09956646659742556,1.6828478613742566,3.9085232558736815,4.6067756913727775,5.9750669736455535,0.07595562435198294,0.0775049413317305,0.7837333333333333,0.7790384449950113,0.7883555676471662,0.9902666666666666,0.989091246301686,0.9913165471594451
T10_BUDGET_FAMILY-1123,B,T10_BUDGET_FAMILY,0.75,-1,-1,1,-0.07500000000000001,-0.07500000000000001,150.0,15.0,50,-1,7.0,0.075,-1.8117333157176452,-6.761480784023478,7.435136028768964,30000,True,0.0,0.0,0.0,0.0,0.0,0.02898033280482977,0.0705022245534613,0.08338407186323636,0.1081313104003057,1.4552602322339212,3.5136963784085635,4.172663100108903,5.413111602849552,0.08244075362978691,0.08452550436386573,0.7558666666666667,0.7509731308967365,0.7606946840752273,0.9814333333333334,0.9798430361973012,0.9829003524999465
T10_BUDGET_FAMILY-1124,B,T10_BUDGET_FAMILY,0.75,-1,-1,1,-0.07500000000000001,-0.07500000000000001,150.0,15.0,50,1,7.0,0.075,-1.8117333157176452,6.761480784023478,7.435136028768964,30000,True,0.0,0.0,0.0,0.0,0.0,0.028311384820848672,0.0666231554315297,0.07859688036527046,0.10250259512540126,1.4211407517515897,3.3277811777888386,3.920605187263982,5.124145516939414,0.07786262915943212,0.0794531873270158,0.7751333333333333,0.7703739704199485,0.7798222443766368,0.9878666666666667,0.9865638368351213,0.9890445711807281
T10_BUDGET_FAMILY-1125,B,T10_BUDGET_FAMILY,0.75,-1,-1,1,-0.07500000000000001,-0.07500000000000001,150.0,15.0,51,-1,7.0,0.075,-1.8117333157176452,-6.761480784023478,7.295881668900499,30000,True,0.0,0.0,0.0,0.0,0.0,0.02921114385094147,0.07105129283361843,0.08384364178109004,0.10873788263387162,1.49539882690182,3.6085469108485215,4.280518405468098,5.5462526673021015,0.08306916976587396,0.08511069765709058,0.7523333333333333,0.7474166617418688,0.7571853913245413,0.9807,0.9790805334797308,0.9821963763314585
T10_BUDGET_FAMILY-1126,B,T10_BUDGET_FAMILY,0.75,-1,-1,1,-0.07500000000000001,-0.07500000000000001,150.0,15.0,51,1,7.0,0.075,-1.8117333157176452,6.761480784023478,7.295881668900499,30000,True,0.0,0.0,0.0,0.0,0.0,0.028533476915419295,0.06703700666807767,0.07892656022630007,0.10301710200344523,1.4591323283671287,3.4134821859818114,4.020817725210967,5.256110042707788,0.0782084757193566,0.07981259150753192,0.7721,0.7673185879859616,0.7768117368728371,0.9875,0.9861788970347644,0.988696271538056
T10_BUDGET_FAMILY-1127,B,T10_BUDGET_FAMILY,0.75,-1,-1,1,-0.07500000000000001,-0.07500000000000001,150.0,15.0,52,-1,7.0,0.075,-1.8117333157176452,-6.761480784023478,7.161720961197408,30000,True,0.0,0.0,0.0,0.0,0.0,0.02946663835816292,0.07147621178681195,0.08432803267740265,0.10947901734432665,1.5367359032117252,3.7068255182558087,4.393556152521198,5.691216535805291,0.08366599029378764,0.08554166135280092,0.7489666666666667,0.7440283591062098,0.7538412227105693,0.9797,0.9780416904609763,0.9812354754146788
T10_BUDGET_FAMILY-1128,B,T10_BUDGET_FAMILY,0.75,-1,-1,1,-0.07500000000000001,-0.07500000000000001,150.0,15.0,52,1,7.0,0.075,-1.8117333157176452,6.761480784023478,7.161720961197408,30000,True,0.0,0.0,0.0,0.0,0.0,0.028710391905990562,0.06747346457144246,0.07936039755451223,0.10348100098028058,1.4960382888920105,3.5007492125483743,4.12427119762883,5.383279300591748,0.0785686970024542,0.08027198278152198,0.7694333333333333,0.7646328288731391,0.7741648454909024,0.9871,0.9857592774536782,0.9883159935449285
T10_BUDGET_FAMILY-1129,B,T10_BUDGET_FAMILY,0.75,-1,-1,1,-0.07500000000000001,-0.07500000000000001,150.0,15.0,53,-1,7.0,0.075,-1.8117333157176452,-6.761480784023478,7.032380845185031,30000,True,0.0,0.0,0.0,0.0,0.0,0.029682885638785007,0.0719661947820931,0.08494420174122645,0.11023184512992361,1.580152234090205,3.803620917952844,4.510865409841253,5.834950298078614,0.08420772127752135,0.08609288309077141,0.7448666666666667,0.7399025408775236,0.7497680908035661,0.979,0.9773151037342567,0.9805622413865247
T10_BUDGET_FAMILY-1130,B,T10_BUDGET_FAMILY,0.75,-1,-1,1,-0.07500000000000001,-0.07500000000000001,150.0,15.0,53,1,7.0,0.075,-1.8117333157176452,6.761480784023478,7.032380845185031,30000,True,0.0,0.0,0.0,0.0,0.0,0.028926366885978196,0.06784750708630033,0.07970792270401501,0.1039188009840844,1.5365180206882185,3.5899047688805497,4.228655292717603,5.519041114896151,0.0789551519978284,0.08082049024663396,0.7662,0.7613767066719163,0.770955128967232,0.9866666666666667,0.9853050433781623,0.9879036719150465
T10_BUDGET_FAMILY-1131,B,T10_BUDGET_FAMILY,0.75,-1,-1,1,-0.07500000000000001,-0.07500000000000001,150.0,15.0,54,-1,7.0,0.075,-1.8117333157176452,-6.761480784023478,6.907607339890862,30000,True,0.0,0.0,0.0,0.0,0.0,0.029886222732948074,0.07245470384869429,0.0855321129857716,0.1110433553974742,1.6207350052136862,3.9019849878692403,4.620395621874461,5.986191075099194,0.08482478484101372,0.08659042747925365,0.7414,0.7364144923016556,0.7463236937362496,0.9778333333333333,0.9761051578059288,0.9794391527233963
T10_BUDGET_FAMILY-1132,B,T10_BUDGET_FAMILY,0.75,-1,-1,1,-0.07500000000000001,-0.07500000000000001,150.0,15.0,54,1,7.0,0.075,-1.8117333157176452,6.761480784023478,6.907607339890862,30000,True,0.0,0.0,0.0,0.0,0.0,0.029138114377687957,0.0682784019674794,0.08015338567466644,0.10435464908477678,1.5766007161893933,3.6789910254665736,4.332967362686942,5.641532932253339,0.0793168582603918,0.08114614484017185,0.7626333333333334,0.7577853539152013,0.7674140616872092,0.9864,0.9850256901804512,0.987649760063282
T10_BUDGET_FAMILY-1133,B,T10_BUDGET_FAMILY,0.75,-1,-1,1,-0.07500000000000001,-0.07500000000000001,150.0,15.0,55,-1,7.0,0.075,-1.8117333157176452,-6.761480784023478,6.787163914082241,30000,True,0.0,0.0,0.0,0.0,0.0,0.030127856604636738,0.07296090048111678,0.08613324127022938,0.11185449466900288,1.6650301038800825,4.000886461862577,4.737250717733152,6.140813566123795,0.08541719712188092,0.08718502522574842,0.7377666666666667,0.7327591835504433,0.7427132661883552,0.9771,0.975345242881144,0.9787325887621228
T10_BUDGET_FAMILY-1134,B,T10_BUDGET_FAMILY,0.75,-1,-1,1,-0.07500000000000001,-0.07500000000000001,150.0,15.0,55,1,7.0,0.075,-1.8117333157176452,6.761480784023478,6.787163914082241,30000,True,0.0,0.0,0.0,0.0,0.0,0.029330269259240795,0.06867485246728906,0.08053563356917084,0.10491738709980596,1.619455103937874,3.7654833352581845,4.437504208149533,5.765457447400802,0.07978209578296158,0.08155948223447108,0.7595666666666666,0.7546978356016589,0.7643690319317804,0.986,0.9846069011607054,0.9872686515088139
T10_BUDGET_FAMILY-1135,B,T10_BUDGET_FAMILY,0.75,-1,-1,1,-0.07500000000000001,-0.07500000000000001,150.0,15.0,56,-1,7.0,0.075,-1.8117333157176452,-6.761480784023478,6.67083001995199,30000,True,0.0,0.0,0.0,0.0,0.0,0.030391443592530036,0.07342248016179782,0.0868386195149377,0.11266787960847083,1.7066568473527872,4.102683411663355,4.857938893195876,6.2991512074787686,0.08597056504975178,0.08776567510690977,0.7342,0.7291713714879121,0.7391686582141485,0.976,0.9742062147378862,0.9776718985762932
T10_BUDGET_FAMILY-1136,B,T10_BUDGET_FAMILY,0.75,-1,-1,1,-0.07500000000000001,-0.07500000000000001,150.0,15.0,56,1,7.0,0.075,-1.8117333157176452,6.761480784023478,6.67083001995199,30000,True,0.0,0.0,0.0,0.0,0.0,0.029564014234349907,0.06905649955421721,0.08107003894718659,0.10548425327459603,1.6615684260449295,3.8545541813268556,4.545052483796078,5.899080883131137,0.08024978005013964,0.08194260292197265,0.7560333333333333,0.7511408998257407,0.7608602058021452,0.9857,0.9842929925901461,0.986982636898713
T10_BUDGET_FAMILY-1137,B,T10_BUDGET_FAMILY,0.75,-1,-1,1,-0.07500000000000001,-0.07500000000000001,150.0,15.0,57,-1,7.0,0.075,-1.8117333157176452,-6.761480784023478,6.5583997715341615,30000,True,0.0,0.0,0.0,0.0,0.0,0.030602078912670725,0.07391117438741078,0.08753690502311591,0.11338740866775335,1.7511620298052357,4.206542992094225,4.97960288605974,6.452637489224176,0.08657062134004484,0.08834896207549653,0.7299333333333333,0.7248799572018776,0.7349278317085712,0.9749,0.9730681400665382,0.9766102549185538
T10_BUDGET_FAMILY-1138,B,T10_BUDGET_FAMILY,0.75,-1,-1,1,-0.07500000000000001,-0.07500000000000001,150.0,15.0,57,1,7.0,0.075,-1.8117333157176452,6.761480784023478,6.5583997715341615,30000,True,0.0,0.0,0.0,0.0,0.0,0.02975160777894652,0.06945473424475841,0.08152661626651113,0.10593776031253355,1.7015549545872508,3.9477747472711244,4.6491909568704965,6.034165227802463,0.08066370983114318,0.08236993571894888,0.7531,0.7481883109325751,0.757946879151078,0.9850666666666666,0.983630789160387,0.9863783358359672
T10_BUDGET_FAMILY-1139,B,T10_BUDGET_FAMILY,0.75,-1,-1,1,-0.07500000000000001,-0.07500000000000001,150.0,15.0,58,-1,7.0,0.075,-1.8117333157176452,-6.761480784023478,6.449680751530542,30000,True,0.0,0.0,0.0,0.0,0.0,0.030813996357136768,0.07439057294427356,0.08809950209917886,0.11398484307430187,1.7946192277293678,4.311037129269919,5.097637377007763,6.604429088505763,0.08721229503012444,0.0890169410498046,0.7253333333333334,0.7202539349468409,0.7303550318601517,0.974,0.9721376548144107,0.9757409706287006
T10_BUDGET_FAMILY-1140,B,T10_BUDGET_FAMILY,0.75,-1,-1,1,-0.07500000000000001,-0.07500000000000001,150.0,15.0,58,1,7.0,0.075,-1.8117333157176452,6.761480784023478,6.449680751530542,30000,True,0.0,0.0,0.0,0.0,0.0,0.029979858533668257,0.06992107813804548,0.08194457428920422,0.10628913100978232,1.7468132929609523,4.04485979321329,4.754719820240021,6.1755625391799285,0.0810836116135217,0.0828238042897059,0.7494333333333333,0.7444980012231253,0.7543047944302363,0.9848,0.983352158685399,0.9861237012614794
T10_BUDGET_FAMILY-1141,B,T10_BUDGET_FAMILY,0.75,-1,-1,1,-0.07500000000000001,-0.07500000000000001,150.0,15.0,59,-1,7.0,0.075,-1.8117333157176452,-6.761480784023478,6.3444929322884285,30000,True,0.0,0.0,0.0,0.0,0.0,0.0310892549310364,0.0749877898033621,0.08871793114318444,0.1147906198449444,1.8405676653606717,4.416244760227199,5.219824537592407,6.771034357631399,0.08774384277806144,0.08967314288716659,0.721,0.7158967037363069,0.7260467060167048,0.9733666666666667,0.9714832108993401,0.9751289100512666
T10_BUDGET_FAMILY-1142,B,T10_BUDGET_FAMILY,0.75,-1,-1,1,-0.07500000000000001,-0.07500000000000001,150.0,15.0,59,1,7.0,0.075,-1.8117333157176452,6.761480784023478,6.3444929322884285,30000,True,0.0,0.0,0.0,0.0,0.0,0.030220699582356132,0.0703332692004732,0.08237597500209404,0.10686600133051362,1.7879474367445833,4.139660005545118,4.863976302353549,6.312310710456971,0.08160053723566262,0.08323468245356119,0.7457,0.7407410750528673,0.7505960099078341,0.9844,0.9829344174208059,0.9857415449518592
T10_BUDGET_FAMILY-1143,B,T10_BUDGET_FAMILY,0.75,-1,-1,1,-0.07500000000000001,-0.07500000000000001,150.0,15.0,60,-1,7.0,0.075,-1.8117333157176452,-6.761480784023478,6.242667698443486,30000,True,0.0,0.0,0.0,0.0,0.0,0.03135016029498369,0.07551711600902493,0.0893659211092654,0.11555507852042268,1.8885114508510201,4.526616707877376,5.346994498675142,6.936991514758579,0.08839183976950693,0.09024461256836389,0.7178333333333333,0.712712945990485,0.7228979413000026,0.9723,0.9703815983061314,0.9740974624465725
T10_BUDGET_FAMILY-1144,B,T10_BUDGET_FAMILY,0.75,-1,-1,1,-0.07500000000000001,-0.07500000000000001,150.0,15.0,60,1,7.0,0.075,-1.8117333157176452,6.761480784023478,6.242667698443486,30000,True,0.0,0.0,0.0,0.0,0.0,0.030453298346738697,0.07072487299911655,0.08284106510076547,0.10732590104268287,1.833011688683588,4.232643150402297,4.974256499361713,6.444373814349046,0.08202067346595582,0.08369150738741785,0.742,0.737018163893859,0.7469198685053667,0.9837666666666667,0.982273475293289,0.9851359825868712
T10_BUDGET_FAMILY-1145,B,T10_BUDGET_FAMILY,0.75,-1,1,-1,-0.07500000000000001,0.07500000000000001,150.0,-15.0,50,-1,7.0,0.075,1.8117333157176452,-6.761480784023478,7.987245724528132,30000,True,0.0,0.0,0.0,0.0,0.0,0.025899210063188606,0.06112110917216725,0.0722063157350442,0.09439037589100038,1.302329925213935,3.057519275795274,3.61093352521843,4.72099550552421,0.07143167631956587,0.07299824636710042,0.8186333333333333,0.8142323810905228,0.8229526949017911,0.9942333333333333,0.9933109480636152,0.9950291630084672
T10_BUDGET_FAMILY-1146,B,T10_BUDGET_FAMILY,0.75,-1,1,-1,-0.07500000000000001,0.07500000000000001,150.0,-15.0,50,1,7.0,0.075,1.8117333157176452,6.761480784023478,7.987245724528132,30000,True,0.0,0.0,0.0,0.0,0.0,0.026406038160158688,0.06442924345684772,0.0761989769466743,0.09923602528833769,1.3311329403712278,3.212808815591887,3.8199664557468593,4.954727262595585,0.07532599355734661,0.07718956482341298,0.7983333333333333,0.7937548404935756,0.8028354336073983,0.9904333333333334,0.9892673345586814,0.991473749558372
T10_BUDGET_FAMILY-1147,B,T10_BUDGET_FAMILY,0.75,-1,1,-1,-0.07500000000000001,0.07500000000000001,150.0,-15.0,51,-1,7.0,0.075,1.8117333157176452,-6.761480784023478,7.826897667425074,30000,True,0.0,0.0,0.0,0.0,0.0,0.026068177006240017,0.0615275878613406,0.07266791229896476,0.0948221960839339,1.3399998069366064,3.140526494424481,3.7037605071223365,4.846081690504788,0.07192199640251824,0.07348033853440772,0.8152666666666667,0.8108349277929238,0.8196176769497591,0.9936666666666667,0.9927036113240185,0.9945033115179281
T10_BUDGET_FAMILY-1148,B,T10_BUDGET_FAMILY,0.75,-1,1,-1,-0.07500000000000001,0.07500000000000001,150.0,-15.0,51,1,7.0,0.075,1.8117333157176452,6.761480784023478,7.826897667425074,30000,True,0.0,0.0,0.0,0.0,0.0,0.02663487603601548,0.06488943785944967,0.0768516558447557,0.0998569607348051,1.368643263434879,3.305292227591713,3.926306037109047,5.08995210351344,0.07590388793279797,0.07781445861896198,0.7953333333333333,0.7907301855585265,0.7998608567358454,0.9901,0.988915240683375,0.9911592621218337
T10_BUDGET_FAMILY-1149,B,T10_BUDGET_FAMILY,0.75,-1,1,-1,-0.07500000000000001,0.07500000000000001,150.0,-15.0,52,-1,7.0,0.075,1.8117333157176452,-6.761480784023478,7.672823258874042,30000,True,0.0,0.0,0.0,0.0,0.0,0.026287728846120365,0.06205055998653491,0.07316505350577707,0.09547589757658728,1.3755299386788298,3.2254335028317818,3.802056726240524,4.96676229813227,0.07247582878231312,0.07388072966200153,0.8119,0.807438022970473,0.8162821105225786,0.9933333333333333,0.9923472149651358,0.9941931265649662
T10_BUDGET_FAMILY-1150,B,T10_BUDGET_FAMILY,0.75,-1,1,-1,-0.07500000000000001,0.07500000000000001,150.0,-15.0,52,1,7.0,0.075,1.8117333157176452,6.761480784023478,7.672823258874042,30000,True,0.0,0.0,0.0,0.0,0.0,0.02691473883998154,0.06542107727834885,0.07744599763737543,0.10057276569634482,1.407945742873257,3.397379998433327,4.032331093518177,5.228722444294346,0.07653640991720446,0.07840150455637566,0.7916666666666666,0.7870339108060715,0.7962247370580089,0.9896333333333334,0.9884228474489554,0.9907184415196708
T10_BUDGET_FAMILY-1151,B,T10_BUDGET_FAMILY,0.75,-1,1,-1,-0.07500000000000001,0.07500000000000001,150.0,-15.0,53,-1,7.0,0.075,1.8117333157176452,-6.761480784023478,7.524663480103453,30000,True,0.0,0.0,0.0,0.0,0.0,0.026493137467252192,0.06245721450512776,0.07364378648299663,0.0960071335083673,1.4125660168073086,3.306947629144926,3.8995308765682983,5.093048746089165,0.07294845585952686,0.07436649312522467,0.8079333333333333,0.8034364175990538,0.8123513982830461,0.993,0.9919913981303263,0.9938823620879309
T10_BUDGET_FAMILY-1152,B,T10_BUDGET_FAMILY,0.75,-1,1,-1,-0.07500000000000001,0.07500000000000001,150.0,-15.0,53,1,7.0,0.075,1.8117333157176452,6.761480784023478,7.524663480103453,30000,True,0.0,0.0,0.0,0.0,0.0,0.027100569591574964,0.06602348228404187,0.07802272987178917,0.1011460461032298,1.44865181766656,3.4907239264462904,4.13813610661675,5.363232704100742,0.07717257759734764,0.07907098468840634,0.7876666666666666,0.78300225816608,0.7922574139558645,0.9887666666666667,0.9875099411164284,0.9898982364414016
T10_BUDGET_FAMILY-1153,B,T10_BUDGET_FAMILY,0.75,-1,1,-1,-0.07500000000000001,0.07500000000000001,150.0,-15.0,54,-1,7.0,0.075,1.8117333157176452,-6.761480784023478,7.382086039885456,30000,True,0.0,0.0,0.0,0.0,0.0,0.026701888928572417,0.06290361973178396,0.07406774256089234,0.09647870116443047,1.4522686160300904,3.3944417765545727,3.9988494920929387,5.221910203716099,0.07334689918251334,0.07490085388147112,0.8035666666666667,0.7990321301892407,0.8080234705076943,0.9925333333333334,0.9914941519643705,0.9934463944173042
T10_BUDGET_FAMILY-1154,B,T10_BUDGET_FAMILY,0.75,-1,1,-1,-0.07500000000000001,0.07500000000000001,150.0,-15.0,54,1,7.0,0.075,1.8117333157176452,6.761480784023478,7.382086039885456,30000,True,0.0,0.0,0.0,0.0,0.0,0.027372979718366146,0.06653161485829949,0.07861143526091502,0.10200806719976382,1.4896407437965267,3.5891287018015734,4.251843171092905,5.5143562875379155,0.0777762559100668,0.0796191906174644,0.7833666666666667,0.778668969131032,0.7879918040681164,0.988,0.9867038858547844,0.989171154685803
T10_BUDGET_FAMILY-1155,B,T10_BUDGET_FAMILY,0.75,-1,1,-1,-0.07500000000000001,0.07500000000000001,150.0,-15.0,55,-1,7.0,0.075,1.8117333157176452,-6.761480784023478,7.244782946559225,30000,True,0.0,0.0,0.0,0.0,0.0,0.026929358192339495,0.06335935698604399,0.07451469469403378,0.09716880930678387,1.4912884879910018,3.4852953200292776,4.106897607700734,5.354042105965588,0.0737944284794568,0.0754229600371381,0.8001666666666667,0.7956034342874541,0.8046530370286655,0.992,0.9909270419164904,0.9929469743662329
T10_BUDGET_FAMILY-1156,B,T10_BUDGET_FAMILY,0.75,-1,1,-1,-0.07500000000000001,0.07500000000000001,150.0,-15.0,55,1,7.0,0.075,1.8117333157176452,6.761480784023478,7.244782946559225,30000,True,0.0,0.0,0.0,0.0,0.0,0.027635392468150274,0.06706474018786356,0.07917351251841558,0.1028527333258734,1.5307668375681032,3.682811919237453,4.365819035912757,5.6619109200509214,0.07845763064438606,0.08018084093010587,0.7793666666666667,0.7746386745289209,0.7840231229280916,0.9873666666666666,0.9860389880625637,0.9885695479855185
T10_BUDGET_FAMILY-1157,B,T10_BUDGET_FAMILY,0.75,-1,1,-1,-0.07500000000000001,0.07500000000000001,150.0,-15.0,56,-1,7.0,0.075,1.8117333157176452,-6.761480784023478,7.112468338544704,30000,True,0.0,0.0,0.0,0.0,0.0,0.027199599716235694,0.06380374495806367,0.07498068321855886,0.09771445623746088,1.530744122211118,3.573498806976553,4.207776195767031,5.475792145413134,0.07429814806080172,0.07590082396215829,0.7959666666666667,0.7913686913344314,0.8004888554524453,0.9917,0.9906085473871307,0.9926655457149325
T10_BUDGET_FAMILY-1158,B,T10_BUDGET_FAMILY,0.75,-1,1,-1,-0.07500000000000001,0.07500000000000001,150.0,-15.0,56,1,7.0,0.075,1.8117333157176452,6.761480784023478,7.112468338544704,30000,True,0.0,0.0,0.0,0.0,0.0,0.02786204461063819,0.06756854282972961,0.07982250244595754,0.10357278205456082,1.5741403536881873,3.7832553380300524,4.475530801449832,5.811760559044559,0.07911821887277425,0.0809416305483899,0.7752333333333333,0.7704747033742404,0.7799214858158982,0.9866666666666667,0.9853050433781623,0.9879036719150465
T10_BUDGET_FAMILY-1159,B,T10_BUDGET_FAMILY,0.75,-1,1,-1,-0.07500000000000001,0.07500000000000001,150.0,-15.0,57,-1,7.0,0.075,1.8117333157176452,-6.761480784023478,6.984876541978074,30000,True,0.0,0.0,0.0,0.0,0.0,0.027419905300045008,0.06426559271880387,0.0754662582899135,0.09823676160219126,1.5708962449587545,3.6596797452315415,4.3170115117763626,5.605997982263422,0.07481782273295386,0.07635688802981377,0.7924,0.7877731199859018,0.7969520067642369,0.9914333333333334,0.9903257263692042,0.9924151016833833
T10_BUDGET_FAMILY-1160,B,T10_BUDGET_FAMILY,0.75,-1,1,-1,-0.07500000000000001,0.07500000000000001,150.0,-15.0,57,1,7.0,0.075,1.8117333157176452,6.761480784023478,6.984876541978074,30000,True,0.0,0.0,0.0,0.0,0.0,0.028110039993154378,0.06815184689671838,0.08046468661995126,0.1044013645775939,1.6165604889680998,3.8837327593054978,4.59488431657882,5.9587750404010364,0.07984571490093859,0.08160001798665069,0.7710333333333333,0.766244251831502,0.7757530128293939,0.9859333333333333,0.9845371303526428,0.9872051060545076
T10_BUDGET_FAMILY-1161,B,T10_BUDGET_FAMILY,0.75,-1,1,-1,-0.07500000000000001,0.07500000000000001,150.0,-15.0,58,-1,7.0,0.075,1.8117333157176452,-6.761480784023478,6.861760328352082,30000,True,0.0,0.0,0.0,0.0,0.0,0.027676011876356345,0.06466545332964349,0.07592110903923065,0.09867911506852656,1.61091461199592,3.746899224926239,4.424468549195789,5.739233839840354,0.07527155697456825,0.07687476558586351,0.7887,0.7840437044973972,0.7932823696912658,0.9909,0.9897608399030648,0.9919134580505711
T10_BUDGET_FAMILY-1162,B,T10_BUDGET_FAMILY,0.75,-1,1,-1,-0.07500000000000001,0.07500000000000001,150.0,-15.0,58,1,7.0,0.075,1.8117333157176452,6.761480784023478,6.861760328352082,30000,True,0.0,0.0,0.0,0.0,0.0,0.02838139544378393,0.06867622896307155,0.08118201015647156,0.105308479237233,1.6583853423018613,3.9851658043343168,4.715380832591468,6.105631647528834,0.0804439285931427,0.08223972758542185,0.7666333333333334,0.7618130714291701,0.7713853199153763,0.9851,0.9836656258119658,0.9864101573155728
T10_BUDGET_FAMILY-1163,B,T10_BUDGET_FAMILY,0.75,-1,1,-1,-0.07500000000000001,0.07500000000000001,150.0,-15.0,59,-1,7.0,0.075,1.8117333157176452,-6.761480784023478,6.742889348662674,30000,True,0.0,0.0,0.0,0.0,0.0,0.02791857282272132,0.0650880360495135,0.07649798879949327,0.09928779139623191,1.6554610470703741,3.8413428541714842,4.5302710857183675,5.8694358596222935,0.07580702007191706,0.07730312808029213,0.7851666666666667,0.7804828121124088,0.7897775001707008,0.9904666666666667,0.9893025623134569,0.991505179934781
T10_BUDGET_FAMILY-1164,B,T10_BUDGET_FAMILY,0.75,-1,1,-1,-0.07500000000000001,0.07500000000000001,150.0,-15.0,59,1,7.0,0.075,1.8117333157176452,6.761480784023478,6.742889348662674,30000,True,0.0,0.0,0.0,0.0,0.0,0.028621017325621438,0.06921754589679181,0.08187097151604902,0.10622804935988797,1.7016301824643827,4.08831008839112,4.837444941311505,6.257288427608247,0.08110395852230953,0.08285283963011573,0.762,0.75714768611882,0.7667852249910856,0.9843333333333333,0.982864817174828,0.985677828935468
T10_BUDGET_FAMILY-1165,B,T10_BUDGET_FAMILY,0.75,-1,1,-1,-0.07500000000000001,0.07500000000000001,150.0,-15.0,60,-1,7.0,0.075,1.8117333157176452,-6.761480784023478,6.62804872365016,30000,True,0.0,0.0,0.0,0.0,0.0,0.028154673296735547,0.06560412770010633,0.07691587211952809,0.0999472187861342,1.6985334928506732,3.938005530713906,4.635667700040483,6.009160539860776,0.07627683816593217,0.07784255394661853,0.7813,0.7765865702410282,0.7859413988246833,0.9900666666666667,0.9888800492943322,0.991127795379692
T10_BUDGET_FAMILY-1166,B,T10_BUDGET_FAMILY,0.75,-1,1,-1,-0.07500000000000001,0.07500000000000001,150.0,-15.0,60,1,7.0,0.075,1.8117333157176452,6.761480784023478,6.62804872365016,30000,True,0.0,0.0,0.0,0.0,0.0,0.028868792239250613,0.0698103363286871,0.08259132903577798,0.10707199688857472,1.746351035129673,4.191270697380322,4.955324555945319,6.427990556273081,0.08175751730462887,0.08350530739832962,0.7579666666666667,0.7530870920583601,0.762780185178225,0.9831666666666666,0.9816478374441763,0.9845617740746634
T10_BUDGET_FAMILY-1167,B,T10_BUDGET_FAMILY,0.75,-1,1,1,-0.07500000000000001,0.07500000000000001,150.0,15.0,50,-1,7.0,0.075,-1.8117333157176452,-6.761480784023478,7.435136028768964,30000,True,0.0,0.0,0.0,0.0,0.0,0.027888369908070844,0.06582212535641005,0.07771184811555713,0.10168155427126963,1.403230764802904,3.2948560978352934,3.881924287210276,5.083457051640011,0.07686797343311184,0.07861393166692522,0.7824,0.7776949224435104,0.7870327649512885,0.9888333333333333,0.9875800977507074,0.9899613960694915
T10_BUDGET_FAMILY-1168,B,T10_BUDGET_FAMILY,0.75,-1,1,1,-0.07500000000000001,0.07500000000000001,150.0,15.0,50,1,7.0,0.075,-1.8117333157176452,6.761480784023478,7.435136028768964,30000,True,0.0,0.0,0.0,0.0,0.0,0.02849089483983903,0.06962046925209023,0.08239700375437721,0.10706480721286354,1.4344947100107275,3.4737820478016816,4.128742385601279,5.367931038393189,0.08143300612678445,0.08357114106519077,0.7634666666666666,0.7586244129362761,0.7682414559457459,0.9829333333333333,0.981404664057943,0.9843383405426054
T10_BUDGET_FAMILY-1169,B,T10_BUDGET_FAMILY,0.75,-1,1,1,-0.07500000000000001,0.07500000000000001,150.0,15.0,51,-1,7.0,0.075,-1.8117333157176452,-6.761480784023478,7.295881668900499,30000,True,0.0,0.0,0.0,0.0,0.0,0.02803196282515971,0.0662181248876642,0.07815448015248798,0.10208901816676683,1.4398440526527843,3.377701107722559,3.98050247312975,5.20595657207963,0.07732573901415077,0.07894187703979987,0.7797,0.7749745080012158,0.7843538707676412,0.9883,0.9870191390059515,0.989455824715296
T10_BUDGET_FAMILY-1170,B,T10_BUDGET_FAMILY,0.75,-1,1,1,-0.07500000000000001,0.07500000000000001,150.0,15.0,51,1,7.0,0.075,-1.8117333157176452,6.761480784023478,7.295881668900499,30000,True,0.0,0.0,0.0,0.0,0.0,0.02870886024841691,0.07013268163561878,0.08284693385627113,0.10782594260044025,1.4759454307008577,3.5698797432943365,4.2379477023040275,5.503379430309903,0.0820751011123851,0.08420996120448355,0.7598666666666667,0.7549998603250598,0.7646669303890399,0.9820333333333333,0.9804673594575477,0.98347587560102
T10_BUDGET_FAMILY-1171,B,T10_BUDGET_FAMILY,0.75,-1,1,1,-0.07500000000000001,0.07500000000000001,150.0,15.0,52,-1,7.0,0.075,-1.8117333157176452,-6.761480784023478,7.161720961197408,30000,True,0.0,0.0,0.0,0.0,0.0,0.028242422515172522,0.06663877372216284,0.07850486171120266,0.10251543834278738,1.478152833512633,3.4633808678798337,4.083797240055017,5.337525161654993,0.0776962757462422,0.0793647327487362,0.7757,0.7709447956384657,0.7803846073882553,0.9877333333333334,0.986423825989293,0.9889179495018185
T10_BUDGET_FAMILY-1172,B,T10_BUDGET_FAMILY,0.75,-1,1,1,-0.07500000000000001,0.07500000000000001,150.0,15.0,52,1,7.0,0.075,-1.8117333157176452,6.761480784023478,7.161720961197408,30000,True,0.0,0.0,0.0,0.0,0.0,0.02892865870033991,0.0705890419394315,0.083389560850581,0.10850498020882249,1.5165605640508955,3.665372019673035,4.351175763164967,5.64814461254379,0.08273809738996513,0.0846264408386029,0.7557333333333334,0.7508389164671352,0.7605622659800908,0.9812333333333333,0.9796350212012005,0.98270841870894
T10_BUDGET_FAMILY-1173,B,T10_BUDGET_FAMILY,0.75,-1,1,1,-0.07500000000000001,0.07500000000000001,150.0,15.0,53,-1,7.0,0.075,-1.8117333157176452,-6.761480784023478,7.032380845185031,30000,True,0.0,0.0,0.0,0.0,0.0,0.0284631926228417,0.06700709598921928,0.07888783767921997,0.1029405059874275,1.5151646387670252,3.5512047904242894,4.18898241922236,5.467781107228828,0.07806495451525845,0.07978825722842527,0.7734,0.7686279941388977,0.7781019978360951,0.9875666666666667,0.9862488651839125,0.9887596196512769
T10_BUDGET_FAMILY-1174,B,T10_BUDGET_FAMILY,0.75,-1,1,1,-0.07500000000000001,0.07500000000000001,150.0,15.0,53,1,7.0,0.075,-1.8117333157176452,6.761480784023478,7.032380845185031,30000,True,0.0,0.0,0.0,0.0,0.0,0.029162584675823666,0.07111120040812084,0.08399225170783178,0.10915420717825401,1.555713320736627,3.758554963568263,4.46566780695216,5.790321957172256,0.08327089326271955,0.08512573099962716,0.7524666666666666,0.747550860114605,0.7573178254765429,0.9802666666666666,0.9786302397895953,0.9817801143161958
T10_BUDGET_FAMILY-1175,B,T10_BUDGET_FAMILY,0.75,-1,1,1,-0.07500000000000001,0.07500000000000001,150.0,15.0,54,-1,7.0,0.075,-1.8117333157176452,-6.761480784023478,6.907607339890862,30000,True,0.0,0.0,0.0,0.0,0.0,0.028683088622796785,0.06740237843024488,0.07929531031715527,0.10350011454599413,1.5547071478984367,3.6429401776132724,4.288816124616072,5.602371531850538,0.07842212475694081,0.08023110117409063,0.7705333333333333,0.7657406717055147,0.7752567209876141,0.9871666666666666,0.9858291918613267,0.9883793953996489
T10_BUDGET_FAMILY-1176,B,T10_BUDGET_FAMILY,0.75,-1,1,1,-0.07500000000000001,0.07500000000000001,150.0,15.0,54,1,7.0,0.075,-1.8117333157176452,6.761480784023478,6.907607339890862,30000,True,0.0,0.0,0.0,0.0,0.0,0.029416468288102387,0.07153131629448148,0.08457282246672745,0.10997928705220555,1.6004848779063714,3.858674915598213,4.575514610445255,5.937030912687776,0.08379842263949062,0.0856360976225994,0.7486,0.7436593598866041,0.7534769824871459,0.9794333333333334,0.977764838701984,0.9809790621241955
T10_BUDGET_FAMILY-1177,B,T10_BUDGET_FAMILY,0.75,-1,1,1,-0.07500000000000001,0.07500000000000001,150.0,15.0,55,-1,7.0,0.075,-1.8117333157176452,-6.761480784023478,6.787163914082241,30000,True,0.0,0.0,0.0,0.0,0.0,0.028844857360297092,0.06778646496649801,0.07970972373480899,0.10407949879296567,1.5962969028080072,3.7263838103229934,4.39420229831401,5.7298889900379875,0.07884951174689883,0.08054801051222736,0.7673333333333333,0.762517983175721,0.7720802289236992,0.9866333333333334,0.9852701170433699,0.9878719401186543
T10_BUDGET_FAMILY-1178,B,T10_BUDGET_FAMILY,0.75,-1,1,1,-0.07500000000000001,0.07500000000000001,150.0,15.0,55,1,7.0,0.075,-1.8117333157176452,6.761480784023478,6.787163914082241,30000,True,0.0,0.0,0.0,0.0,0.0,0.029655732973209063,0.07204892871748324,0.08511729560603243,0.11078893690530213,1.6410554664939179,3.9575703777215807,4.6906511854447395,6.085121526070296,0.08447579472869907,0.08620990456985024,0.7448333333333333,0.7398690000041364,0.749734973545769,0.9783,0.9765889863108304,0.9798885380550773
T10_BUDGET_FAMILY-1179,B,T10_BUDGET_FAMILY,0.75,-1,1,1,-0.07500000000000001,0.07500000000000001,150.0,15.0,56,-1,7.0,0.075,-1.8117333157176452,-6.761480784023478,6.67083001995199,30000,True,0.0,0.0,0.0,0.0,0.0,0.029079182253615672,0.06814729451987336,0.08011703014525486,0.10450121318159475,1.6372256810274275,3.8151806790604894,4.499359991116655,5.85373050814523,0.0793769668422039,0.08096377551878677,0.7640333333333333,0.7591949876838312,0.7688040694283268,0.9862,0.9848162601574658,0.9874592412991602
T10_BUDGET_FAMILY-1180,B,T10_BUDGET_FAMILY,0.75,-1,1,1,-0.07500000000000001,0.07500000000000001,150.0,15.0,56,1,7.0,0.075,-1.8117333157176452,6.761480784023478,6.67083001995199,30000,True,0.0,0.0,0.0,0.0,0.0,0.029884926427203164,0.0725291647017097,0.08584298857849859,0.11160635677326004,1.682768386486681,4.059386228997477,4.80675458737839,6.242501888636036,0.08504495266894121,0.08678918726859182,0.7418,0.7368169386805036,0.7467211449316152,0.9776,0.9758633161694402,0.9792143874415936
T10_BUDGET_FAMILY-1181,B,T10_BUDGET_FAMILY,0.75,-1,1,1,-0.07500000000000001,0.07500000000000001,150.0,15.0,57,-1,7.0,0.075,-1.8117333157176452,-6.761480784023478,6.5583997715341615,30000,True,0.0,0.0,0.0,0.0,0.0,0.029336406474594935,0.06856811631276354,0.08057730567446086,0.10499248822110219,1.678469630298502,3.907776779681799,4.603328616779592,5.988663134517432,0.0797843719569087,0.08142327474237296,0.7601333333333333,0.7552683294872728,0.7649317262763025,0.9858333333333333,0.9844324885081753,0.9871097735054216
T10_BUDGET_FAMILY-1182,B,T10_BUDGET_FAMILY,0.75,-1,1,1,-0.07500000000000001,0.07500000000000001,150.0,15.0,57,1,7.0,0.075,-1.8117333157176452,6.761480784023478,6.5583997715341615,30000,True,0.0,0.0,0.0,0.0,0.0,0.030148570703329096,0.07302684801572686,0.08648259491597338,0.11237332421264194,1.7256136576116954,4.163233263917106,4.932653470224503,6.40602588535943,0.08556886278198168,0.08743314268482381,0.7375333333333334,0.7325244540081254,0.7424813888123819,0.9764666666666667,0.9746893186021626,0.9781220085485995
T10_BUDGET_FAMILY-1183,B,T10_BUDGET_FAMILY,0.75,-1,1,1,-0.07500000000000001,0.07500000000000001,150.0,15.0,58,-1,7.0,0.075,-1.8117333157176452,-6.761480784023478,6.449680751530542,30000,True,0.0,0.0,0.0,0.0,0.0,0.029531707697316032,0.06900335900503798,0.08105113917357026,0.10545077272817299,1.7220794142295155,3.9989882998023143,4.712504572369256,6.120109800889788,0.08020205669672512,0.0818491179777253,0.7568,0.7519126496836365,0.7616215929614923,0.9855,0.984083804744417,0.9867918759573354
T10_BUDGET_FAMILY-1184,B,T10_BUDGET_FAMILY,0.75,-1,1,1,-0.07500000000000001,0.07500000000000001,150.0,15.0,58,1,7.0,0.075,-1.8117333157176452,6.761480784023478,6.449680751530542,30000,True,0.0,0.0,0.0,0.0,0.0,0.03036040990590098,0.07350559589415194,0.08708737020857625,0.11293039250268959,1.7702559552285022,4.265775985484615,5.049922614216102,6.558312286885739,0.08616800874832119,0.08807476033895806,0.7333333333333333,0.7282996299197934,0.7383072883714709,0.9754,0.9735853325528684,0.9770929343999907
T10_BUDGET_FAMILY-1185,B,T10_BUDGET_FAMILY,0.75,-1,1,1,-0.07500000000000001,0.07500000000000001,150.0,15.0,59,-1,7.0,0.075,-1.8117333157176452,-6.761480784023478,6.3444929322884285,30000,True,0.0,0.0,0.0,0.0,0.0,0.02976175198968359,0.06942034896493049,0.08141137144441082,0.10596249283400078,1.7623349766419585,4.096669366192744,4.8178383822612,6.25832719634818,0.08067431743371266,0.08225332451154137,0.7542333333333333,0.7493290477336602,0.7590725188102646,0.9851,0.9836656258119658,0.9864101573155728
T10_BUDGET_FAMILY-1186,B,T10_BUDGET_FAMILY,0.75,-1,1,1,-0.07500000000000001,0.07500000000000001,150.0,15.0,59,1,7.0,0.075,-1.8117333157176452,6.761480784023478,6.3444929322884285,30000,True,0.0,0.0,0.0,0.0,0.0,0.030592943755739867,0.07408323489382346,0.08769944877709857,0.11372545591967066,1.8122135366773775,4.3732079099571015,5.170603925833531,6.720414168359673,0.08677702839678943,0.08870178872198228,0.7292666666666666,0.7242094770838393,0.7342651492029201,0.9744333333333334,0.9725855935769248,0.9761595875715849
T10_BUDGET_FAMILY-1187,B,T10_BUDGET_FAMILY,0.75,-1,1,1,-0.07500000000000001,0.07500000000000001,150.0,15.0,60,-1,7.0,0.075,-1.8117333157176452,-6.761480784023478,6.242667698443486,30000,True,0.0,0.0,0.0,0.0,0.0,0.02998934845427274,0.06983608200773546,0.0818708349784283,0.10644040360962989,1.8074350857797012,4.187294578378043,4.929959867480909,6.395623790063647,0.08111747548060617,0.08272226070341328,0.7498,0.7448670110528284,0.7546690240435625,0.9846333333333334,0.9831780704241087,0.9859644988668477
T10_BUDGET_FAMILY-1188,B,T10_BUDGET_FAMILY,0.75,-1,1,1,-0.07500000000000001,0.07500000000000001,150.0,15.0,60,1,7.0,0.075,-1.8117333157176452,6.761480784023478,6.242667698443486,30000,True,0.0,0.0,0.0,0.0,0.0,0.030834553186341297,0.07463975411634276,0.08839241007061413,0.11450928992071781,1.8575552875371626,4.48024846335668,5.293876920542096,6.88628431967084,0.08739351365902384,0.08924372497374927,0.7252666666666666,0.7201868961192864,0.730288754425337,0.9737,0.9718276206330383,0.9754510816294131
T10_BUDGET_FAMILY-1189,B,T10_BUDGET_FAMILY,0.75,1,-1,-1,0.07500000000000001,-0.07500000000000001,150.0,-15.0,50,-1,7.0,0.075,1.8117333157176452,-6.761480784023478,7.987245724528132,30000,True,0.0,0.0,0.0,0.0,0.0,0.026406038160158688,0.06442924345684772,0.0761989769466743,0.09923602528833769,1.3311329403712278,3.212808815591887,3.8199664557468593,4.954727262595585,0.07532599355734661,0.07718956482341298,0.7983333333333333,0.7937548404935756,0.8028354336073983,0.9904333333333334,0.9892673345586814,0.991473749558372
T10_BUDGET_FAMILY-1190,B,T10_BUDGET_FAMILY,0.75,1,-1,-1,0.07500000000000001,-0.07500000000000001,150.0,-15.0,50,1,7.0,0.075,1.8117333157176452,6.761480784023478,7.987245724528132,30000,True,0.0,0.0,0.0,0.0,0.0,0.025899210063188606,0.06112110917216725,0.0722063157350442,0.09439037589100038,1.302329925213935,3.057519275795274,3.61093352521843,4.72099550552421,0.07143167631956587,0.07299824636710042,0.8186333333333333,0.8142323810905228,0.8229526949017911,0.9942333333333333,0.9933109480636152,0.9950291630084672
T10_BUDGET_FAMILY-1191,B,T10_BUDGET_FAMILY,0.75,1,-1,-1,0.07500000000000001,-0.07500000000000001,150.0,-15.0,51,-1,7.0,0.075,1.8117333157176452,-6.761480784023478,7.826897667425074,30000,True,0.0,0.0,0.0,0.0,0.0,0.02663487603601548,0.06488943785944967,0.0768516558447557,0.0998569607348051,1.368643263434879,3.305292227591713,3.926306037109047,5.08995210351344,0.07590388793279797,0.07781445861896198,0.7953333333333333,0.7907301855585265,0.7998608567358454,0.9901,0.988915240683375,0.9911592621218337
T10_BUDGET_FAMILY-1192,B,T10_BUDGET_FAMILY,0.75,1,-1,-1,0.07500000000000001,-0.07500000000000001,150.0,-15.0,51,1,7.0,0.075,1.8117333157176452,6.761480784023478,7.826897667425074,30000,True,0.0,0.0,0.0,0.0,0.0,0.026068177006240017,0.0615275878613406,0.07266791229896476,0.0948221960839339,1.3399998069366064,3.140526494424481,3.7037605071223365,4.846081690504788,0.07192199640251824,0.07348033853440772,0.8152666666666667,0.8108349277929238,0.8196176769497591,0.9936666666666667,0.9927036113240185,0.9945033115179281
T10_BUDGET_FAMILY-1193,B,T10_BUDGET_FAMILY,0.75,1,-1,-1,0.07500000000000001,-0.07500000000000001,150.0,-15.0,52,-1,7.0,0.075,1.8117333157176452,-6.761480784023478,7.672823258874042,30000,True,0.0,0.0,0.0,0.0,0.0,0.02691473883998154,0.06542107727834885,0.07744599763737543,0.10057276569634482,1.407945742873257,3.397379998433327,4.032331093518177,5.228722444294346,0.07653640991720446,0.07840150455637566,0.7916666666666666,0.7870339108060715,0.7962247370580089,0.9896333333333334,0.9884228474489554,0.9907184415196708
T10_BUDGET_FAMILY-1194,B,T10_BUDGET_FAMILY,0.75,1,-1,-1,0.07500000000000001,-0.07500000000000001,150.0,-15.0,52,1,7.0,0.075,1.8117333157176452,6.761480784023478,7.672823258874042,30000,True,0.0,0.0,0.0,0.0,0.0,0.026287728846120365,0.06205055998653491,0.07316505350577707,0.09547589757658728,1.3755299386788298,3.2254335028317818,3.802056726240524,4.96676229813227,0.07247582878231312,0.07388072966200153,0.8119,0.807438022970473,0.8162821105225786,0.9933333333333333,0.9923472149651358,0.9941931265649662
T10_BUDGET_FAMILY-1195,B,T10_BUDGET_FAMILY,0.75,1,-1,-1,0.07500000000000001,-0.07500000000000001,150.0,-15.0,53,-1,7.0,0.075,1.8117333157176452,-6.761480784023478,7.524663480103453,30000,True,0.0,0.0,0.0,0.0,0.0,0.027100569591574964,0.06602348228404187,0.07802272987178917,0.1011460461032298,1.44865181766656,3.4907239264462904,4.13813610661675,5.363232704100742,0.07717257759734764,0.07907098468840634,0.7876666666666666,0.78300225816608,0.7922574139558645,0.9887666666666667,0.9875099411164284,0.9898982364414016
T10_BUDGET_FAMILY-1196,B,T10_BUDGET_FAMILY,0.75,1,-1,-1,0.07500000000000001,-0.07500000000000001,150.0,-15.0,53,1,7.0,0.075,1.8117333157176452,6.761480784023478,7.524663480103453,30000,True,0.0,0.0,0.0,0.0,0.0,0.026493137467252192,0.06245721450512776,0.07364378648299663,0.0960071335083673,1.4125660168073086,3.306947629144926,3.8995308765682983,5.093048746089165,0.07294845585952686,0.07436649312522467,0.8079333333333333,0.8034364175990538,0.8123513982830461,0.993,0.9919913981303263,0.9938823620879309
T10_BUDGET_FAMILY-1197,B,T10_BUDGET_FAMILY,0.75,1,-1,-1,0.07500000000000001,-0.07500000000000001,150.0,-15.0,54,-1,7.0,0.075,1.8117333157176452,-6.761480784023478,7.382086039885456,30000,True,0.0,0.0,0.0,0.0,0.0,0.027372979718366146,0.06653161485829949,0.07861143526091502,0.10200806719976382,1.4896407437965267,3.5891287018015734,4.251843171092905,5.5143562875379155,0.0777762559100668,0.0796191906174644,0.7833666666666667,0.778668969131032,0.7879918040681164,0.988,0.9867038858547844,0.989171154685803
T10_BUDGET_FAMILY-1198,B,T10_BUDGET_FAMILY,0.75,1,-1,-1,0.07500000000000001,-0.07500000000000001,150.0,-15.0,54,1,7.0,0.075,1.8117333157176452,6.761480784023478,7.382086039885456,30000,True,0.0,0.0,0.0,0.0,0.0,0.026701888928572417,0.06290361973178396,0.07406774256089234,0.09647870116443047,1.4522686160300904,3.3944417765545727,3.9988494920929387,5.221910203716099,0.07334689918251334,0.07490085388147112,0.8035666666666667,0.7990321301892407,0.8080234705076943,0.9925333333333334,0.9914941519643705,0.9934463944173042
T10_BUDGET_FAMILY-1199,B,T10_BUDGET_FAMILY,0.75,1,-1,-1,0.07500000000000001,-0.07500000000000001,150.0,-15.0,55,-1,7.0,0.075,1.8117333157176452,-6.761480784023478,7.244782946559225,30000,True,0.0,0.0,0.0,0.0,0.0,0.027635392468150274,0.06706474018786356,0.07917351251841558,0.1028527333258734,1.5307668375681032,3.682811919237453,4.365819035912757,5.6619109200509214,0.07845763064438606,0.08018084093010587,0.7793666666666667,0.7746386745289209,0.7840231229280916,0.9873666666666666,0.9860389880625637,0.9885695479855185
T10_BUDGET_FAMILY-1200,B,T10_BUDGET_FAMILY,0.75,1,-1,-1,0.07500000000000001,-0.07500000000000001,150.0,-15.0,55,1,7.0,0.075,1.8117333157176452,6.761480784023478,7.244782946559225,30000,True,0.0,0.0,0.0,0.0,0.0,0.026929358192339495,0.06335935698604399,0.07451469469403378,0.09716880930678387,1.4912884879910018,3.4852953200292776,4.106897607700734,5.354042105965588,0.0737944284794568,0.0754229600371381,0.8001666666666667,0.7956034342874541,0.8046530370286655,0.992,0.9909270419164904,0.9929469743662329
T10_BUDGET_FAMILY-1201,B,T10_BUDGET_FAMILY,0.75,1,-1,-1,0.07500000000000001,-0.07500000000000001,150.0,-15.0,56,-1,7.0,0.075,1.8117333157176452,-6.761480784023478,7.112468338544704,30000,True,0.0,0.0,0.0,0.0,0.0,0.02786204461063819,0.06756854282972961,0.07982250244595754,0.10357278205456082,1.5741403536881873,3.7832553380300524,4.475530801449832,5.811760559044559,0.07911821887277425,0.0809416305483899,0.7752333333333333,0.7704747033742404,0.7799214858158982,0.9866666666666667,0.9853050433781623,0.9879036719150465
T10_BUDGET_FAMILY-1202,B,T10_BUDGET_FAMILY,0.75,1,-1,-1,0.07500000000000001,-0.07500000000000001,150.0,-15.0,56,1,7.0,0.075,1.8117333157176452,6.761480784023478,7.112468338544704,30000,True,0.0,0.0,0.0,0.0,0.0,0.027199599716235694,0.06380374495806367,0.07498068321855886,0.09771445623746088,1.530744122211118,3.573498806976553,4.207776195767031,5.475792145413134,0.07429814806080172,0.07590082396215829,0.7959666666666667,0.7913686913344314,0.8004888554524453,0.9917,0.9906085473871307,0.9926655457149325
T10_BUDGET_FAMILY-1203,B,T10_BUDGET_FAMILY,0.75,1,-1,-1,0.07500000000000001,-0.07500000000000001,150.0,-15.0,57,-1,7.0,0.075,1.8117333157176452,-6.761480784023478,6.984876541978074,30000,True,0.0,0.0,0.0,0.0,0.0,0.028110039993154378,0.06815184689671838,0.08046468661995126,0.1044013645775939,1.6165604889680998,3.8837327593054978,4.59488431657882,5.9587750404010364,0.07984571490093859,0.08160001798665069,0.7710333333333333,0.766244251831502,0.7757530128293939,0.9859333333333333,0.9845371303526428,0.9872051060545076
T10_BUDGET_FAMILY-1204,B,T10_BUDGET_FAMILY,0.75,1,-1,-1,0.07500000000000001,-0.07500000000000001,150.0,-15.0,57,1,7.0,0.075,1.8117333157176452,6.761480784023478,6.984876541978074,30000,True,0.0,0.0,0.0,0.0,0.0,0.027419905300045008,0.06426559271880387,0.0754662582899135,0.09823676160219126,1.5708962449587545,3.6596797452315415,4.3170115117763626,5.605997982263422,0.07481782273295386,0.07635688802981377,0.7924,0.7877731199859018,0.7969520067642369,0.9914333333333334,0.9903257263692042,0.9924151016833833
T10_BUDGET_FAMILY-1205,B,T10_BUDGET_FAMILY,0.75,1,-1,-1,0.07500000000000001,-0.07500000000000001,150.0,-15.0,58,-1,7.0,0.075,1.8117333157176452,-6.761480784023478,6.861760328352082,30000,True,0.0,0.0,0.0,0.0,0.0,0.02838139544378393,0.06867622896307155,0.08118201015647156,0.105308479237233,1.6583853423018613,3.9851658043343168,4.715380832591468,6.105631647528834,0.0804439285931427,0.08223972758542185,0.7666333333333334,0.7618130714291701,0.7713853199153763,0.9851,0.9836656258119658,0.9864101573155728
T10_BUDGET_FAMILY-1206,B,T10_BUDGET_FAMILY,0.75,1,-1,-1,0.07500000000000001,-0.07500000000000001,150.0,-15.0,58,1,7.0,0.075,1.8117333157176452,6.761480784023478,6.861760328352082,30000,True,0.0,0.0,0.0,0.0,0.0,0.027676011876356345,0.06466545332964349,0.07592110903923065,0.09867911506852656,1.61091461199592,3.746899224926239,4.424468549195789,5.739233839840354,0.07527155697456825,0.07687476558586351,0.7887,0.7840437044973972,0.7932823696912658,0.9909,0.9897608399030648,0.9919134580505711
T10_BUDGET_FAMILY-1207,B,T10_BUDGET_FAMILY,0.75,1,-1,-1,0.07500000000000001,-0.07500000000000001,150.0,-15.0,59,-1,7.0,0.075,1.8117333157176452,-6.761480784023478,6.742889348662674,30000,True,0.0,0.0,0.0,0.0,0.0,0.028621017325621438,0.06921754589679181,0.08187097151604902,0.10622804935988797,1.7016301824643827,4.08831008839112,4.837444941311505,6.257288427608247,0.08110395852230953,0.08285283963011573,0.762,0.75714768611882,0.7667852249910856,0.9843333333333333,0.982864817174828,0.985677828935468
T10_BUDGET_FAMILY-1208,B,T10_BUDGET_FAMILY,0.75,1,-1,-1,0.07500000000000001,-0.07500000000000001,150.0,-15.0,59,1,7.0,0.075,1.8117333157176452,6.761480784023478,6.742889348662674,30000,True,0.0,0.0,0.0,0.0,0.0,0.02791857282272132,0.0650880360495135,0.07649798879949327,0.09928779139623191,1.6554610470703741,3.8413428541714842,4.5302710857183675,5.8694358596222935,0.07580702007191706,0.07730312808029213,0.7851666666666667,0.7804828121124088,0.7897775001707008,0.9904666666666667,0.9893025623134569,0.991505179934781
T10_BUDGET_FAMILY-1209,B,T10_BUDGET_FAMILY,0.75,1,-1,-1,0.07500000000000001,-0.07500000000000001,150.0,-15.0,60,-1,7.0,0.075,1.8117333157176452,-6.761480784023478,6.62804872365016,30000,True,0.0,0.0,0.0,0.0,0.0,0.028868792239250613,0.0698103363286871,0.08259132903577798,0.10707199688857472,1.746351035129673,4.191270697380322,4.955324555945319,6.427990556273081,0.08175751730462887,0.08350530739832962,0.7579666666666667,0.7530870920583601,0.762780185178225,0.9831666666666666,0.9816478374441763,0.9845617740746634
T10_BUDGET_FAMILY-1210,B,T10_BUDGET_FAMILY,0.75,1,-1,-1,0.07500000000000001,-0.07500000000000001,150.0,-15.0,60,1,7.0,0.075,1.8117333157176452,6.761480784023478,6.62804872365016,30000,True,0.0,0.0,0.0,0.0,0.0,0.028154673296735547,0.06560412770010633,0.07691587211952809,0.0999472187861342,1.6985334928506732,3.938005530713906,4.635667700040483,6.009160539860776,0.07627683816593217,0.07784255394661853,0.7813,0.7765865702410282,0.7859413988246833,0.9900666666666667,0.9888800492943322,0.991127795379692
T10_BUDGET_FAMILY-1211,B,T10_BUDGET_FAMILY,0.75,1,-1,1,0.07500000000000001,-0.07500000000000001,150.0,15.0,50,-1,7.0,0.075,-1.8117333157176452,-6.761480784023478,7.435136028768964,30000,True,0.0,0.0,0.0,0.0,0.0,0.02849089483983903,0.06962046925209023,0.08239700375437721,0.10706480721286354,1.4344947100107275,3.4737820478016816,4.128742385601279,5.367931038393189,0.08143300612678445,0.08357114106519077,0.7634666666666666,0.7586244129362761,0.7682414559457459,0.9829333333333333,0.981404664057943,0.9843383405426054
T10_BUDGET_FAMILY-1212,B,T10_BUDGET_FAMILY,0.75,1,-1,1,0.07500000000000001,-0.07500000000000001,150.0,15.0,50,1,7.0,0.075,-1.8117333157176452,6.761480784023478,7.435136028768964,30000,True,0.0,0.0,0.0,0.0,0.0,0.027888369908070844,0.06582212535641005,0.07771184811555713,0.10168155427126963,1.403230764802904,3.2948560978352934,3.881924287210276,5.083457051640011,0.07686797343311184,0.07861393166692522,0.7824,0.7776949224435104,0.7870327649512885,0.9888333333333333,0.9875800977507074,0.9899613960694915
T10_BUDGET_FAMILY-1213,B,T10_BUDGET_FAMILY,0.75,1,-1,1,0.07500000000000001,-0.07500000000000001,150.0,15.0,51,-1,7.0,0.075,-1.8117333157176452,-6.761480784023478,7.295881668900499,30000,True,0.0,0.0,0.0,0.0,0.0,0.02870886024841691,0.07013268163561878,0.08284693385627113,0.10782594260044025,1.4759454307008577,3.5698797432943365,4.2379477023040275,5.503379430309903,0.0820751011123851,0.08420996120448355,0.7598666666666667,0.7549998603250598,0.7646669303890399,0.9820333333333333,0.9804673594575477,0.98347587560102
T10_BUDGET_FAMILY-1214,B,T10_BUDGET_FAMILY,0.75,1,-1,1,0.07500000000000001,-0.07500000000000001,150.0,15.0,51,1,7.0,0.075,-1.8117333157176452,6.761480784023478,7.295881668900499,30000,True,0.0,0.0,0.0,0.0,0.0,0.02803196282515971,0.0662181248876642,0.07815448015248798,0.10208901816676683,1.4398440526527843,3.377701107722559,3.98050247312975,5.20595657207963,0.07732573901415077,0.07894187703979987,0.7797,0.7749745080012158,0.7843538707676412,0.9883,0.9870191390059515,0.989455824715296
T10_BUDGET_FAMILY-1215,B,T10_BUDGET_FAMILY,0.75,1,-1,1,0.07500000000000001,-0.07500000000000001,150.0,15.0,52,-1,7.0,0.075,-1.8117333157176452,-6.761480784023478,7.161720961197408,30000,True,0.0,0.0,0.0,0.0,0.0,0.02892865870033991,0.0705890419394315,0.083389560850581,0.10850498020882249,1.5165605640508955,3.665372019673035,4.351175763164967,5.64814461254379,0.08273809738996513,0.0846264408386029,0.7557333333333334,0.7508389164671352,0.7605622659800908,0.9812333333333333,0.9796350212012005,0.98270841870894
T10_BUDGET_FAMILY-1216,B,T10_BUDGET_FAMILY,0.75,1,-1,1,0.07500000000000001,-0.07500000000000001,150.0,15.0,52,1,7.0,0.075,-1.8117333157176452,6.761480784023478,7.161720961197408,30000,True,0.0,0.0,0.0,0.0,0.0,0.028242422515172522,0.06663877372216284,0.07850486171120266,0.10251543834278738,1.478152833512633,3.4633808678798337,4.083797240055017,5.337525161654993,0.0776962757462422,0.0793647327487362,0.7757,0.7709447956384657,0.7803846073882553,0.9877333333333334,0.986423825989293,0.9889179495018185
T10_BUDGET_FAMILY-1217,B,T10_BUDGET_FAMILY,0.75,1,-1,1,0.07500000000000001,-0.07500000000000001,150.0,15.0,53,-1,7.0,0.075,-1.8117333157176452,-6.761480784023478,7.032380845185031,30000,True,0.0,0.0,0.0,0.0,0.0,0.029162584675823666,0.07111120040812084,0.08399225170783178,0.10915420717825401,1.555713320736627,3.758554963568263,4.46566780695216,5.790321957172256,0.08327089326271955,0.08512573099962716,0.7524666666666666,0.747550860114605,0.7573178254765429,0.9802666666666666,0.9786302397895953,0.9817801143161958
T10_BUDGET_FAMILY-1218,B,T10_BUDGET_FAMILY,0.75,1,-1,1,0.07500000000000001,-0.07500000000000001,150.0,15.0,53,1,7.0,0.075,-1.8117333157176452,6.761480784023478,7.032380845185031,30000,True,0.0,0.0,0.0,0.0,0.0,0.0284631926228417,0.06700709598921928,0.07888783767921997,0.1029405059874275,1.5151646387670252,3.5512047904242894,4.18898241922236,5.467781107228828,0.07806495451525845,0.07978825722842527,0.7734,0.7686279941388977,0.7781019978360951,0.9875666666666667,0.9862488651839125,0.9887596196512769
T10_BUDGET_FAMILY-1219,B,T10_BUDGET_FAMILY,0.75,1,-1,1,0.07500000000000001,-0.07500000000000001,150.0,15.0,54,-1,7.0,0.075,-1.8117333157176452,-6.761480784023478,6.907607339890862,30000,True,0.0,0.0,0.0,0.0,0.0,0.029416468288102387,0.07153131629448148,0.08457282246672745,0.10997928705220555,1.6004848779063714,3.858674915598213,4.575514610445255,5.937030912687776,0.08379842263949062,0.0856360976225994,0.7486,0.7436593598866041,0.7534769824871459,0.9794333333333334,0.977764838701984,0.9809790621241955
T10_BUDGET_FAMILY-1220,B,T10_BUDGET_FAMILY,0.75,1,-1,1,0.07500000000000001,-0.07500000000000001,150.0,15.0,54,1,7.0,0.075,-1.8117333157176452,6.761480784023478,6.907607339890862,30000,True,0.0,0.0,0.0,0.0,0.0,0.028683088622796785,0.06740237843024488,0.07929531031715527,0.10350011454599413,1.5547071478984367,3.6429401776132724,4.288816124616072,5.602371531850538,0.07842212475694081,0.08023110117409063,0.7705333333333333,0.7657406717055147,0.7752567209876141,0.9871666666666666,0.9858291918613267,0.9883793953996489
T10_BUDGET_FAMILY-1221,B,T10_BUDGET_FAMILY,0.75,1,-1,1,0.07500000000000001,-0.07500000000000001,150.0,15.0,55,-1,7.0,0.075,-1.8117333157176452,-6.761480784023478,6.787163914082241,30000,True,0.0,0.0,0.0,0.0,0.0,0.029655732973209063,0.07204892871748324,0.08511729560603243,0.11078893690530213,1.6410554664939179,3.9575703777215807,4.6906511854447395,6.085121526070296,0.08447579472869907,0.08620990456985024,0.7448333333333333,0.7398690000041364,0.749734973545769,0.9783,0.9765889863108304,0.9798885380550773
T10_BUDGET_FAMILY-1222,B,T10_BUDGET_FAMILY,0.75,1,-1,1,0.07500000000000001,-0.07500000000000001,150.0,15.0,55,1,7.0,0.075,-1.8117333157176452,6.761480784023478,6.787163914082241,30000,True,0.0,0.0,0.0,0.0,0.0,0.028844857360297092,0.06778646496649801,0.07970972373480899,0.10407949879296567,1.5962969028080072,3.7263838103229934,4.39420229831401,5.7298889900379875,0.07884951174689883,0.08054801051222736,0.7673333333333333,0.762517983175721,0.7720802289236992,0.9866333333333334,0.9852701170433699,0.9878719401186543
T10_BUDGET_FAMILY-1223,B,T10_BUDGET_FAMILY,0.75,1,-1,1,0.07500000000000001,-0.07500000000000001,150.0,15.0,56,-1,7.0,0.075,-1.8117333157176452,-6.761480784023478,6.67083001995199,30000,True,0.0,0.0,0.0,0.0,0.0,0.029884926427203164,0.0725291647017097,0.08584298857849859,0.11160635677326004,1.682768386486681,4.059386228997477,4.80675458737839,6.242501888636036,0.08504495266894121,0.08678918726859182,0.7418,0.7368169386805036,0.7467211449316152,0.9776,0.9758633161694402,0.9792143874415936
T10_BUDGET_FAMILY-1224,B,T10_BUDGET_FAMILY,0.75,1,-1,1,0.07500000000000001,-0.07500000000000001,150.0,15.0,56,1,7.0,0.075,-1.8117333157176452,6.761480784023478,6.67083001995199,30000,True,0.0,0.0,0.0,0.0,0.0,0.029079182253615672,0.06814729451987336,0.08011703014525486,0.10450121318159475,1.6372256810274275,3.8151806790604894,4.499359991116655,5.85373050814523,0.0793769668422039,0.08096377551878677,0.7640333333333333,0.7591949876838312,0.7688040694283268,0.9862,0.9848162601574658,0.9874592412991602
T10_BUDGET_FAMILY-1225,B,T10_BUDGET_FAMILY,0.75,1,-1,1,0.07500000000000001,-0.07500000000000001,150.0,15.0,57,-1,7.0,0.075,-1.8117333157176452,-6.761480784023478,6.5583997715341615,30000,True,0.0,0.0,0.0,0.0,0.0,0.030148570703329096,0.07302684801572686,0.08648259491597338,0.11237332421264194,1.7256136576116954,4.163233263917106,4.932653470224503,6.40602588535943,0.08556886278198168,0.08743314268482381,0.7375333333333334,0.7325244540081254,0.7424813888123819,0.9764666666666667,0.9746893186021626,0.9781220085485995
T10_BUDGET_FAMILY-1226,B,T10_BUDGET_FAMILY,0.75,1,-1,1,0.07500000000000001,-0.07500000000000001,150.0,15.0,57,1,7.0,0.075,-1.8117333157176452,6.761480784023478,6.5583997715341615,30000,True,0.0,0.0,0.0,0.0,0.0,0.029336406474594935,0.06856811631276354,0.08057730567446086,0.10499248822110219,1.678469630298502,3.907776779681799,4.603328616779592,5.988663134517432,0.0797843719569087,0.08142327474237296,0.7601333333333333,0.7552683294872728,0.7649317262763025,0.9858333333333333,0.9844324885081753,0.9871097735054216
T10_BUDGET_FAMILY-1227,B,T10_BUDGET_FAMILY,0.75,1,-1,1,0.07500000000000001,-0.07500000000000001,150.0,15.0,58,-1,7.0,0.075,-1.8117333157176452,-6.761480784023478,6.449680751530542,30000,True,0.0,0.0,0.0,0.0,0.0,0.03036040990590098,0.07350559589415194,0.08708737020857625,0.11293039250268959,1.7702559552285022,4.265775985484615,5.049922614216102,6.558312286885739,0.08616800874832119,0.08807476033895806,0.7333333333333333,0.7282996299197934,0.7383072883714709,0.9754,0.9735853325528684,0.9770929343999907
T10_BUDGET_FAMILY-1228,B,T10_BUDGET_FAMILY,0.75,1,-1,1,0.07500000000000001,-0.07500000000000001,150.0,15.0,58,1,7.0,0.075,-1.8117333157176452,6.761480784023478,6.449680751530542,30000,True,0.0,0.0,0.0,0.0,0.0,0.029531707697316032,0.06900335900503798,0.08105113917357026,0.10545077272817299,1.7220794142295155,3.9989882998023143,4.712504572369256,6.120109800889788,0.08020205669672512,0.0818491179777253,0.7568,0.7519126496836365,0.7616215929614923,0.9855,0.984083804744417,0.9867918759573354
T10_BUDGET_FAMILY-1229,B,T10_BUDGET_FAMILY,0.75,1,-1,1,0.07500000000000001,-0.07500000000000001,150.0,15.0,59,-1,7.0,0.075,-1.8117333157176452,-6.761480784023478,6.3444929322884285,30000,True,0.0,0.0,0.0,0.0,0.0,0.030592943755739867,0.07408323489382346,0.08769944877709857,0.11372545591967066,1.8122135366773775,4.3732079099571015,5.170603925833531,6.720414168359673,0.08677702839678943,0.08870178872198228,0.7292666666666666,0.7242094770838393,0.7342651492029201,0.9744333333333334,0.9725855935769248,0.9761595875715849
T10_BUDGET_FAMILY-1230,B,T10_BUDGET_FAMILY,0.75,1,-1,1,0.07500000000000001,-0.07500000000000001,150.0,15.0,59,1,7.0,0.075,-1.8117333157176452,6.761480784023478,6.3444929322884285,30000,True,0.0,0.0,0.0,0.0,0.0,0.02976175198968359,0.06942034896493049,0.08141137144441082,0.10596249283400078,1.7623349766419585,4.096669366192744,4.8178383822612,6.25832719634818,0.08067431743371266,0.08225332451154137,0.7542333333333333,0.7493290477336602,0.7590725188102646,0.9851,0.9836656258119658,0.9864101573155728
T10_BUDGET_FAMILY-1231,B,T10_BUDGET_FAMILY,0.75,1,-1,1,0.07500000000000001,-0.07500000000000001,150.0,15.0,60,-1,7.0,0.075,-1.8117333157176452,-6.761480784023478,6.242667698443486,30000,True,0.0,0.0,0.0,0.0,0.0,0.030834553186341297,0.07463975411634276,0.08839241007061413,0.11450928992071781,1.8575552875371626,4.48024846335668,5.293876920542096,6.88628431967084,0.08739351365902384,0.08924372497374927,0.7252666666666666,0.7201868961192864,0.730288754425337,0.9737,0.9718276206330383,0.9754510816294131
T10_BUDGET_FAMILY-1232,B,T10_BUDGET_FAMILY,0.75,1,-1,1,0.07500000000000001,-0.07500000000000001,150.0,15.0,60,1,7.0,0.075,-1.8117333157176452,6.761480784023478,6.242667698443486,30000,True,0.0,0.0,0.0,0.0,0.0,0.02998934845427274,0.06983608200773546,0.0818708349784283,0.10644040360962989,1.8074350857797012,4.187294578378043,4.929959867480909,6.395623790063647,0.08111747548060617,0.08272226070341328,0.7498,0.7448670110528284,0.7546690240435625,0.9846333333333334,0.9831780704241087,0.9859644988668477
T10_BUDGET_FAMILY-1233,B,T10_BUDGET_FAMILY,0.75,1,1,-1,0.07500000000000001,0.07500000000000001,150.0,-15.0,50,-1,7.0,0.075,1.8117333157176452,-6.761480784023478,7.987245724528132,30000,True,0.0,0.0,0.0,0.0,0.0,0.025763936026369835,0.060953734219531125,0.07194631095856678,0.09411023569838008,1.2905988409754505,3.040245990620171,3.5862052468067955,4.70814068271031,0.07118338131406475,0.07268746706253935,0.8207333333333333,0.8163518676248223,0.8250326706321129,0.9943,0.9933825303609073,0.995090896973544
T10_BUDGET_FAMILY-1234,B,T10_BUDGET_FAMILY,0.75,1,1,-1,0.07500000000000001,0.07500000000000001,150.0,-15.0,50,1,7.0,0.075,1.8117333157176452,6.761480784023478,7.987245724528132,30000,True,0.0,0.0,0.0,0.0,0.0,0.026260042500974662,0.06416234001120202,0.07591747815516144,0.09891185974028033,1.3181306292364527,3.1908189874743393,3.795316355009336,4.927312252490813,0.07505951962929601,0.07699945608916195,0.8000333333333334,0.7954689861080194,0.8045208526833622,0.9907333333333334,0.9895845085636977,0.9917564987340158
T10_BUDGET_FAMILY-1235,B,T10_BUDGET_FAMILY,0.75,1,1,-1,0.07500000000000001,0.07500000000000001,150.0,-15.0,51,-1,7.0,0.075,1.8117333157176452,-6.761480784023478,7.826897667425074,30000,True,0.0,0.0,0.0,0.0,0.0,0.025957802593278886,0.06135486102645676,0.07242477744586082,0.09461582195846444,1.3266277829336992,3.1208112377159405,3.683058391642321,4.820982497810439,0.07171768959245566,0.07321405861153031,0.8173666666666667,0.8129540662344403,0.8216980007728638,0.9939333333333333,0.9929891762735255,0.9947510116178968
T10_BUDGET_FAMILY-1236,B,T10_BUDGET_FAMILY,0.75,1,1,-1,0.07500000000000001,0.07500000000000001,150.0,-15.0,51,1,7.0,0.075,1.8117333157176452,6.761480784023478,7.826897667425074,30000,True,0.0,0.0,0.0,0.0,0.0,0.026479844796005004,0.06464115908738956,0.07658385104361028,0.09946840340690606,1.357354403052215,3.2836254850750737,3.901092712105384,5.060060861761434,0.07555730881575914,0.0775090705990932,0.7966,0.7920072144432171,0.8011168368361643,0.9902666666666666,0.989091246301686,0.9913165471594451
T10_BUDGET_FAMILY-1237,B,T10_BUDGET_FAMILY,0.75,1,1,-1,0.07500000000000001,0.07500000000000001,150.0,-15.0,52,-1,7.0,0.075,1.8117333157176452,-6.761480784023478,7.672823258874042,30000,True,0.0,0.0,0.0,0.0,0.0,0.026174162663500793,0.06177959364167872,0.07290644505728781,0.09515785682252524,1.364166618908267,3.2042996945069495,3.779622218418779,4.944977526118903,0.07219299083482032,0.07359907515179263,0.8138666666666666,0.8094222875547089,0.8182306756782262,0.9936333333333334,0.9926679443493043,0.9944723203614578
T10_BUDGET_FAMILY-1238,B,T10_BUDGET_FAMILY,0.75,1,1,-1,0.07500000000000001,0.07500000000000001,150.0,-15.0,52,1,7.0,0.075,1.8117333157176452,6.761480784023478,7.672823258874042,30000,True,0.0,0.0,0.0,0.0,0.0,0.026705637509608346,0.06515041758859602,0.07715589386980863,0.10006599143134978,1.3975701084225682,3.3770646695001756,4.007741404534482,5.197810797825767,0.07622904235089414,0.07813518407132751,0.7939,0.7892852098601312,0.7984395327933086,0.9899,0.9887041401422723,0.9909704138758297
T10_BUDGET_FAMILY-1239,B,T10_BUDGET_FAMILY,0.75,1,1,-1,0.07500000000000001,0.07500000000000001,150.0,-15.0,53,-1,7.0,0.075,1.8117333157176452,-6.761480784023478,7.524663480103453,30000,True,0.0,0.0,0.0,0.0,0.0,0.02633684363182373,0.06221714020875088,0.07333067525277094,0.09566625081363356,1.4018891219653125,3.2898390249352625,3.8766064785356185,5.070385364686646,0.07268890804484061,0.07412866633102726,0.8103666666666667,0.8058910964957066,0.8147627629628597,0.9931333333333333,0.992133658021755,0.99400673472124
T10_BUDGET_FAMILY-1240,B,T10_BUDGET_FAMILY,0.75,1,1,-1,0.07500000000000001,0.07500000000000001,150.0,-15.0,53,1,7.0,0.075,1.8117333157176452,6.761480784023478,7.524663480103453,30000,True,0.0,0.0,0.0,0.0,0.0,0.026948193988863736,0.06569909162555336,0.07770259870962147,0.10082123804629281,1.4360223964298435,3.4697821593195064,4.114300879096307,5.343234302588881,0.07683904926535409,0.07875078454119193,0.7899,0.7852531817643763,0.7944725851469275,0.9892,0.9879661547056034,0.9903085785576246
T10_BUDGET_FAMILY-1241,B,T10_BUDGET_FAMILY,0.75,1,1,-1,0.07500000000000001,0.07500000000000001,150.0,-15.0,54,-1,7.0,0.075,1.8117333157176452,-6.761480784023478,7.382086039885456,30000,True,0.0,0.0,0.0,0.0,0.0,0.02659560049002015,0.06266379299971435,0.07379973535978611,0.09614693735592683,1.4377232734040355,3.3754804500339337,3.980042966487775,5.2001964479505,0.07310992538006301,0.07460427281666374,0.8059333333333333,0.8014190785913731,0.810369249419659,0.9928333333333333,0.9918136941986125,0.9937267753637223
T10_BUDGET_FAMILY-1242,B,T10_BUDGET_FAMILY,0.75,1,1,-1,0.07500000000000001,0.07500000000000001,150.0,-15.0,54,1,7.0,0.075,1.8117333157176452,6.761480784023478,7.382086039885456,30000,True,0.0,0.0,0.0,0.0,0.0,0.027161708566609377,0.06626468804371945,0.07829048134821087,0.10163059023271799,1.475579601071487,3.564603290256935,4.22521278510807,5.484353680700417,0.07745846311045958,0.0793184432229309,0.7858666666666667,0.7811882311485102,0.7904719018894734,0.9884333333333334,0.9871593165233182,0.9895822797226673
T10_BUDGET_FAMILY-1243,B,T10_BUDGET_FAMILY,0.75,1,1,-1,0.07500000000000001,0.07500000000000001,150.0,-15.0,55,-1,7.0,0.075,1.8117333157176452,-6.761480784023478,7.244782946559225,30000,True,0.0,0.0,0.0,0.0,0.0,0.026781926190410584,0.06307445347288801,0.07422900846085748,0.09679468774444551,1.4764834104243478,3.460582977688073,4.080256520648891,5.329367122424407,0.07352041174544517,0.0751344296761192,0.8023666666666667,0.7978219432172209,0.8068339647570733,0.9924,0.991352261920902,0.9933216519360347
T10_BUDGET_FAMILY-1244,B,T10_BUDGET_FAMILY,0.75,1,1,-1,0.07500000000000001,0.07500000000000001,150.0,-15.0,55,1,7.0,0.075,1.8117333157176452,6.761480784023478,7.244782946559225,30000,True,0.0,0.0,0.0,0.0,0.0,0.027429835158045535,0.06675276039683266,0.07884895654556397,0.10244645697407048,1.5181667396094343,3.659154119955445,4.3362658892674935,5.631456319884808,0.07815018465411831,0.0798471229377951,0.7819666666666667,0.7772582930479995,0.7866028386414013,0.9876333333333334,0.9863188425380142,0.9888229585595442
T10_BUDGET_FAMILY-1245,B,T10_BUDGET_FAMILY,0.75,1,1,-1,0.07500000000000001,0.07500000000000001,150.0,-15.0,56,-1,7.0,0.075,1.8117333157176452,-6.761480784023478,7.112468338544704,30000,True,0.0,0.0,0.0,0.0,0.0,0.027001306914108243,0.06348353719770637,0.07468849151001969,0.09735148627031075,1.5155701105938442,3.547470476711522,4.183570171532954,5.455272161748,0.0740566652920436,0.07560009299186607,0.7988,0.7942253776204727,0.8032981103170834,0.9919333333333333,0.9908562351026965,0.9928844649176579
T10_BUDGET_FAMILY-1246,B,T10_BUDGET_FAMILY,0.75,1,1,-1,0.07500000000000001,0.07500000000000001,150.0,-15.0,56,1,7.0,0.075,1.8117333157176452,6.761480784023478,7.112468338544704,30000,True,0.0,0.0,0.0,0.0,0.0,0.027678474653389223,0.06727197805100804,0.07945211711951572,0.103244352880194,1.5584109282520178,3.7567789896540655,4.451505364962958,5.78151033167348,0.0787770152901358,0.08059943036990738,0.7777666666666667,0.7730267350819171,0.7824354720782412,0.9869666666666667,0.9856194747244537,0.9881891637494152
T10_BUDGET_FAMILY-1247,B,T10_BUDGET_FAMILY,0.75,1,1,-1,0.07500000000000001,0.07500000000000001,150.0,-15.0,57,-1,7.0,0.075,1.8117333157176452,-6.761480784023478,6.984876541978074,30000,True,0.0,0.0,0.0,0.0,0.0,0.027239824551683892,0.06397513420036978,0.07518571537692734,0.09792020846764671,1.5574328222081022,3.6358952143955356,4.2888512614935665,5.579841225264426,0.07452974985954802,0.07605843698629138,0.7948666666666667,0.7902597186746008,0.7993981097831886,0.9916666666666667,0.9905731803695793,0.9926342546012993
T10_BUDGET_FAMILY-1248,B,T10_BUDGET_FAMILY,0.75,1,1,-1,0.07500000000000001,0.07500000000000001,150.0,-15.0,57,1,7.0,0.075,1.8117333157176452,6.761480784023478,6.984876541978074,30000,True,0.0,0.0,0.0,0.0,0.0,0.027939889599152765,0.06787325229258331,0.08010070979279492,0.10409556546574618,1.6005183142138562,3.854804868885874,4.563942657230034,5.930805683385821,0.0795028361405049,0.08122707602546217,0.7730666666666667,0.7682922427765772,0.7777711678865712,0.9862666666666666,0.9848860621980907,0.9875227555209042
T10_BUDGET_FAMILY-1249,B,T10_BUDGET_FAMILY,0.75,1,1,-1,0.07500000000000001,0.07500000000000001,150.0,-15.0,58,-1,7.0,0.075,1.8117333157176452,-6.761480784023478,6.861760328352082,30000,True,0.0,0.0,0.0,0.0,0.0,0.027467277385824464,0.06437728957551107,0.07569904535801711,0.09853353565926291,1.5993350483590352,3.7236499665248224,4.39687577258346,5.712204356471529,0.07496461229886989,0.07651559573181729,0.7910333333333334,0.7863955211545018,0.795596622217074,0.9912,0.990078468080242,0.992195753054054
T10_BUDGET_FAMILY-1250,B,T10_BUDGET_FAMILY,0.75,1,1,-1,0.07500000000000001,0.07500000000000001,150.0,-15.0,58,1,7.0,0.075,1.8117333157176452,6.761480784023478,6.861760328352082,30000,True,0.0,0.0,0.0,0.0,0.0,0.028215469279168095,0.06839294738976567,0.08078600293380687,0.10504103398851769,1.6436592013801974,3.9583950436075535,4.683060801944058,6.075519786069324,0.08005228797661737,0.08188295850440423,0.7693333333333333,0.7645321181627991,0.7740655818076889,0.9856333333333334,0.984223255888585,0.9869190573379053
T10_BUDGET_FAMILY-1251,B,T10_BUDGET_FAMILY,0.75,1,1,-1,0.07500000000000001,0.07500000000000001,150.0,-15.0,59,-1,7.0,0.075,1.8117333157176452,-6.761480784023478,6.742889348662674,30000,True,0.0,0.0,0.0,0.0,0.0,0.02770693394835045,0.06479460472113364,0.07619752008228634,0.0989867901799957,1.6394115735646988,3.8160042239232763,4.502573950595214,5.8403404230821305,0.07549829805993646,0.07702203593240046,0.7872333333333333,0.7825655357610957,0.7918275806554509,0.9906666666666667,0.9895140010449468,0.9916936899903979
T10_BUDGET_FAMILY-1252,B,T10_BUDGET_FAMILY,0.75,1,1,-1,0.07500000000000001,0.07500000000000001,150.0,-15.0,59,1,7.0,0.075,1.8117333157176452,6.761480784023478,6.742889348662674,30000,True,0.0,0.0,0.0,0.0,0.0,0.028440685743962326,0.06887912604591875,0.0815038519241611,0.10588191320501521,1.688125427778517,4.0616556371668375,4.804660006669553,6.224611908357636,0.08068646935906856,0.0824552994201796,0.7651333333333333,0.7603026078522324,0.769896167589013,0.9846,0.9831432578441878,0.985932653315584
T10_BUDGET_FAMILY-1253,B,T10_BUDGET_FAMILY,0.75,1,1,-1,0.07500000000000001,0.07500000000000001,150.0,-15.0,60,-1,7.0,0.075,1.8117333157176452,-6.761480784023478,6.62804872365016,30000,True,0.0,0.0,0.0,0.0,0.0,0.02799624943155455,0.06527460200213468,0.07666062855934198,0.09956646659742556,1.6828478613742566,3.9085232558736815,4.6067756913727775,5.9750669736455535,0.07595562435198294,0.0775049413317305,0.7837333333333333,0.7790384449950113,0.7883555676471662,0.9902666666666666,0.989091246301686,0.9913165471594451
T10_BUDGET_FAMILY-1254,B,T10_BUDGET_FAMILY,0.75,1,1,-1,0.07500000000000001,0.07500000000000001,150.0,-15.0,60,1,7.0,0.075,1.8117333157176452,6.761480784023478,6.62804872365016,30000,True,0.0,0.0,0.0,0.0,0.0,0.028706382804045798,0.06945272128337195,0.08218098127147139,0.10669003547620454,1.7321028861611354,4.166289277168206,4.9230308082181855,6.3900612800216585,0.08138649703086548,0.08311277546994139,0.7607,0.7558388350377452,0.7654944089559661,0.9838333333333333,0.9823430211775646,0.9851997529649645
T10_BUDGET_FAMILY-1255,B,T10_BUDGET_FAMILY,0.75,1,1,1,0.07500000000000001,0.07500000000000001,150.0,15.0,50,-1,7.0,0.075,-1.8117333157176452,-6.761480784023478,7.435136028768964,30000,True,0.0,0.0,0.0,0.0,0.0,0.028311384820848672,0.0666231554315297,0.07859688036527046,0.10250259512540126,1.4211407517515897,3.3277811777888386,3.920605187263982,5.124145516939414,0.07786262915943212,0.0794531873270158,0.7751333333333333,0.7703739704199485,0.7798222443766368,0.9878666666666667,0.9865638368351213,0.9890445711807281
T10_BUDGET_FAMILY-1256,B,T10_BUDGET_FAMILY,0.75,1,1,1,0.07500000000000001,0.07500000000000001,150.0,15.0,50,1,7.0,0.075,-1.8117333157176452,6.761480784023478,7.435136028768964,30000,True,0.0,0.0,0.0,0.0,0.0,0.02898033280482977,0.0705022245534613,0.08338407186323636,0.1081313104003057,1.4552602322339212,3.5136963784085635,4.172663100108903,5.413111602849552,0.08244075362978691,0.08452550436386573,0.7558666666666667,0.7509731308967365,0.7606946840752273,0.9814333333333334,0.9798430361973012,0.9829003524999465
T10_BUDGET_FAMILY-1257,B,T10_BUDGET_FAMILY,0.75,1,1,1,0.07500000000000001,0.07500000000000001,150.0,15.0,51,-1,7.0,0.075,-1.8117333157176452,-6.761480784023478,7.295881668900499,30000,True,0.0,0.0,0.0,0.0,0.0,0.028533476915419295,0.06703700666807767,0.07892656022630007,0.10301710200344523,1.4591323283671287,3.4134821859818114,4.020817725210967,5.256110042707788,0.0782084757193566,0.07981259150753192,0.7721,0.7673185879859616,0.7768117368728371,0.9875,0.9861788970347644,0.988696271538056
T10_BUDGET_FAMILY-1258,B,T10_BUDGET_FAMILY,0.75,1,1,1,0.07500000000000001,0.07500000000000001,150.0,15.0,51,1,7.0,0.075,-1.8117333157176452,6.761480784023478,7.295881668900499,30000,True,0.0,0.0,0.0,0.0,0.0,0.02921114385094147,0.07105129283361843,0.08384364178109004,0.10873788263387162,1.49539882690182,3.6085469108485215,4.280518405468098,5.5462526673021015,0.08306916976587396,0.08511069765709058,0.7523333333333333,0.7474166617418688,0.7571853913245413,0.9807,0.9790805334797308,0.9821963763314585
T10_BUDGET_FAMILY-1259,B,T10_BUDGET_FAMILY,0.75,1,1,1,0.07500000000000001,0.07500000000000001,150.0,15.0,52,-1,7.0,0.075,-1.8117333157176452,-6.761480784023478,7.161720961197408,30000,True,0.0,0.0,0.0,0.0,0.0,0.028710391905990562,0.06747346457144246,0.07936039755451223,0.10348100098028058,1.4960382888920105,3.5007492125483743,4.12427119762883,5.383279300591748,0.0785686970024542,0.08027198278152198,0.7694333333333333,0.7646328288731391,0.7741648454909024,0.9871,0.9857592774536782,0.9883159935449285
T10_BUDGET_FAMILY-1260,B,T10_BUDGET_FAMILY,0.75,1,1,1,0.07500000000000001,0.07500000000000001,150.0,15.0,52,1,7.0,0.075,-1.8117333157176452,6.761480784023478,7.161720961197408,30000,True,0.0,0.0,0.0,0.0,0.0,0.02946663835816292,0.07147621178681195,0.08432803267740265,0.10947901734432665,1.5367359032117252,3.7068255182558087,4.393556152521198,5.691216535805291,0.08366599029378764,0.08554166135280092,0.7489666666666667,0.7440283591062098,0.7538412227105693,0.9797,0.9780416904609763,0.9812354754146788
T10_BUDGET_FAMILY-1261,B,T10_BUDGET_FAMILY,0.75,1,1,1,0.07500000000000001,0.07500000000000001,150.0,15.0,53,-1,7.0,0.075,-1.8117333157176452,-6.761480784023478,7.032380845185031,30000,True,0.0,0.0,0.0,0.0,0.0,0.028926366885978196,0.06784750708630033,0.07970792270401501,0.1039188009840844,1.5365180206882185,3.5899047688805497,4.228655292717603,5.519041114896151,0.0789551519978284,0.08082049024663396,0.7662,0.7613767066719163,0.770955128967232,0.9866666666666667,0.9853050433781623,0.9879036719150465
T10_BUDGET_FAMILY-1262,B,T10_BUDGET_FAMILY,0.75,1,1,1,0.07500000000000001,0.07500000000000001,150.0,15.0,53,1,7.0,0.075,-1.8117333157176452,6.761480784023478,7.032380845185031,30000,True,0.0,0.0,0.0,0.0,0.0,0.029682885638785007,0.0719661947820931,0.08494420174122645,0.11023184512992361,1.580152234090205,3.803620917952844,4.510865409841253,5.834950298078614,0.08420772127752135,0.08609288309077141,0.7448666666666667,0.7399025408775236,0.7497680908035661,0.979,0.9773151037342567,0.9805622413865247
T10_BUDGET_FAMILY-1263,B,T10_BUDGET_FAMILY,0.75,1,1,1,0.07500000000000001,0.07500000000000001,150.0,15.0,54,-1,7.0,0.075,-1.8117333157176452,-6.761480784023478,6.907607339890862,30000,True,0.0,0.0,0.0,0.0,0.0,0.029138114377687957,0.0682784019674794,0.08015338567466644,0.10435464908477678,1.5766007161893933,3.6789910254665736,4.332967362686942,5.641532932253339,0.0793168582603918,0.08114614484017185,0.7626333333333334,0.7577853539152013,0.7674140616872092,0.9864,0.9850256901804512,0.987649760063282
T10_BUDGET_FAMILY-1264,B,T10_BUDGET_FAMILY,0.75,1,1,1,0.07500000000000001,0.07500000000000001,150.0,15.0,54,1,7.0,0.075,-1.8117333157176452,6.761480784023478,6.907607339890862,30000,True,0.0,0.0,0.0,0.0,0.0,0.029886222732948074,0.07245470384869429,0.0855321129857716,0.1110433553974742,1.6207350052136862,3.9019849878692403,4.620395621874461,5.986191075099194,0.08482478484101372,0.08659042747925365,0.7414,0.7364144923016556,0.7463236937362496,0.9778333333333333,0.9761051578059288,0.9794391527233963
T10_BUDGET_FAMILY-1265,B,T10_BUDGET_FAMILY,0.75,1,1,1,0.07500000000000001,0.07500000000000001,150.0,15.0,55,-1,7.0,0.075,-1.8117333157176452,-6.761480784023478,6.787163914082241,30000,True,0.0,0.0,0.0,0.0,0.0,0.029330269259240795,0.06867485246728906,0.08053563356917084,0.10491738709980596,1.619455103937874,3.7654833352581845,4.437504208149533,5.765457447400802,0.07978209578296158,0.08155948223447108,0.7595666666666666,0.7546978356016589,0.7643690319317804,0.986,0.9846069011607054,0.9872686515088139
T10_BUDGET_FAMILY-1266,B,T10_BUDGET_FAMILY,0.75,1,1,1,0.07500000000000001,0.07500000000000001,150.0,15.0,55,1,7.0,0.075,-1.8117333157176452,6.761480784023478,6.787163914082241,30000,True,0.0,0.0,0.0,0.0,0.0,0.030127856604636738,0.07296090048111678,0.08613324127022938,0.11185449466900288,1.6650301038800825,4.000886461862577,4.737250717733152,6.140813566123795,0.08541719712188092,0.08718502522574842,0.7377666666666667,0.7327591835504433,0.7427132661883552,0.9771,0.975345242881144,0.9787325887621228
T10_BUDGET_FAMILY-1267,B,T10_BUDGET_FAMILY,0.75,1,1,1,0.07500000000000001,0.07500000000000001,150.0,15.0,56,-1,7.0,0.075,-1.8117333157176452,-6.761480784023478,6.67083001995199,30000,True,0.0,0.0,0.0,0.0,0.0,0.029564014234349907,0.06905649955421721,0.08107003894718659,0.10548425327459603,1.6615684260449295,3.8545541813268556,4.545052483796078,5.899080883131137,0.08024978005013964,0.08194260292197265,0.7560333333333333,0.7511408998257407,0.7608602058021452,0.9857,0.9842929925901461,0.986982636898713
T10_BUDGET_FAMILY-1268,B,T10_BUDGET_FAMILY,0.75,1,1,1,0.07500000000000001,0.07500000000000001,150.0,15.0,56,1,7.0,0.075,-1.8117333157176452,6.761480784023478,6.67083001995199,30000,True,0.0,0.0,0.0,0.0,0.0,0.030391443592530036,0.07342248016179782,0.0868386195149377,0.11266787960847083,1.7066568473527872,4.102683411663355,4.857938893195876,6.2991512074787686,0.08597056504975178,0.08776567510690977,0.7342,0.7291713714879121,0.7391686582141485,0.976,0.9742062147378862,0.9776718985762932
T10_BUDGET_FAMILY-1269,B,T10_BUDGET_FAMILY,0.75,1,1,1,0.07500000000000001,0.07500000000000001,150.0,15.0,57,-1,7.0,0.075,-1.8117333157176452,-6.761480784023478,6.5583997715341615,30000,True,0.0,0.0,0.0,0.0,0.0,0.02975160777894652,0.06945473424475841,0.08152661626651113,0.10593776031253355,1.7015549545872508,3.9477747472711244,4.6491909568704965,6.034165227802463,0.08066370983114318,0.08236993571894888,0.7531,0.7481883109325751,0.757946879151078,0.9850666666666666,0.983630789160387,0.9863783358359672
T10_BUDGET_FAMILY-1270,B,T10_BUDGET_FAMILY,0.75,1,1,1,0.07500000000000001,0.07500000000000001,150.0,15.0,57,1,7.0,0.075,-1.8117333157176452,6.761480784023478,6.5583997715341615,30000,True,0.0,0.0,0.0,0.0,0.0,0.030602078912670725,0.07391117438741078,0.08753690502311591,0.11338740866775335,1.7511620298052357,4.206542992094225,4.97960288605974,6.452637489224176,0.08657062134004484,0.08834896207549653,0.7299333333333333,0.7248799572018776,0.7349278317085712,0.9749,0.9730681400665382,0.9766102549185538
T10_BUDGET_FAMILY-1271,B,T10_BUDGET_FAMILY,0.75,1,1,1,0.07500000000000001,0.07500000000000001,150.0,15.0,58,-1,7.0,0.075,-1.8117333157176452,-6.761480784023478,6.449680751530542,30000,True,0.0,0.0,0.0,0.0,0.0,0.029979858533668257,0.06992107813804548,0.08194457428920422,0.10628913100978232,1.7468132929609523,4.04485979321329,4.754719820240021,6.1755625391799285,0.0810836116135217,0.0828238042897059,0.7494333333333333,0.7444980012231253,0.7543047944302363,0.9848,0.983352158685399,0.9861237012614794
T10_BUDGET_FAMILY-1272,B,T10_BUDGET_FAMILY,0.75,1,1,1,0.07500000000000001,0.07500000000000001,150.0,15.0,58,1,7.0,0.075,-1.8117333157176452,6.761480784023478,6.449680751530542,30000,True,0.0,0.0,0.0,0.0,0.0,0.030813996357136768,0.07439057294427356,0.08809950209917886,0.11398484307430187,1.7946192277293678,4.311037129269919,5.097637377007763,6.604429088505763,0.08721229503012444,0.0890169410498046,0.7253333333333334,0.7202539349468409,0.7303550318601517,0.974,0.9721376548144107,0.9757409706287006
T10_BUDGET_FAMILY-1273,B,T10_BUDGET_FAMILY,0.75,1,1,1,0.07500000000000001,0.07500000000000001,150.0,15.0,59,-1,7.0,0.075,-1.8117333157176452,-6.761480784023478,6.3444929322884285,30000,True,0.0,0.0,0.0,0.0,0.0,0.030220699582356132,0.0703332692004732,0.08237597500209404,0.10686600133051362,1.7879474367445833,4.139660005545118,4.863976302353549,6.312310710456971,0.08160053723566262,0.08323468245356119,0.7457,0.7407410750528673,0.7505960099078341,0.9844,0.9829344174208059,0.9857415449518592
T10_BUDGET_FAMILY-1274,B,T10_BUDGET_FAMILY,0.75,1,1,1,0.07500000000000001,0.07500000000000001,150.0,15.0,59,1,7.0,0.075,-1.8117333157176452,6.761480784023478,6.3444929322884285,30000,True,0.0,0.0,0.0,0.0,0.0,0.0310892549310364,0.0749877898033621,0.08871793114318444,0.1147906198449444,1.8405676653606717,4.416244760227199,5.219824537592407,6.771034357631399,0.08774384277806144,0.08967314288716659,0.721,0.7158967037363069,0.7260467060167048,0.9733666666666667,0.9714832108993401,0.9751289100512666
T10_BUDGET_FAMILY-1275,B,T10_BUDGET_FAMILY,0.75,1,1,1,0.07500000000000001,0.07500000000000001,150.0,15.0,60,-1,7.0,0.075,-1.8117333157176452,-6.761480784023478,6.242667698443486,30000,True,0.0,0.0,0.0,0.0,0.0,0.030453298346738697,0.07072487299911655,0.08284106510076547,0.10732590104268287,1.833011688683588,4.232643150402297,4.974256499361713,6.444373814349046,0.08202067346595582,0.08369150738741785,0.742,0.737018163893859,0.7469198685053667,0.9837666666666667,0.982273475293289,0.9851359825868712
T10_BUDGET_FAMILY-1276,B,T10_BUDGET_FAMILY,0.75,1,1,1,0.07500000000000001,0.07500000000000001,150.0,15.0,60,1,7.0,0.075,-1.8117333157176452,6.761480784023478,6.242667698443486,30000,True,0.0,0.0,0.0,0.0,0.0,0.03135016029498369,0.07551711600902493,0.0893659211092654,0.11555507852042268,1.8885114508510201,4.526616707877376,5.346994498675142,6.936991514758579,0.08839183976950693,0.09024461256836389,0.7178333333333333,0.712712945990485,0.7228979413000026,0.9723,0.9703815983061314,0.9740974624465725
T10_BUDGET_FAMILY-1277,B,T10_BUDGET_FAMILY,1.0,-1,-1,-1,-0.1,-0.1,200.0,-20.0,50,-1,7.0,0.075,2.394141003279681,-6.5778483455013586,7.866922341283484,30000,True,0.0,0.0,0.0,0.0,0.0,0.0347856402474109,0.08451374427696579,0.1002480441861124,0.13009029117562393,1.7497633126674608,4.217543311083,5.022634362277939,6.458358779159154,0.09920133751975613,0.10162938294337792,0.6645666666666666,0.6592032088596587,0.6698879847980517,0.9494,0.9468617501249744,0.951823174504001
T10_BUDGET_FAMILY-1278,B,T10_BUDGET_FAMILY,1.0,-1,-1,-1,-0.1,-0.1,200.0,-20.0,50,1,7.0,0.075,2.394141003279681,6.5778483455013586,7.866922341283484,30000,True,0.0,0.0,0.0,0.0,0.0,0.03363738687913582,0.07933756085892398,0.09415642120611324,0.12228246557434445,1.6865947841872613,3.9565094423614733,4.682741026234677,6.114521737082837,0.09313086149268755,0.0949965646646767,0.6896666666666667,0.6844076064799743,0.6948771599596392,0.9636,0.9614206775593553,0.9656606109542026
T10_BUDGET_FAMILY-1279,B,T10_BUDGET_FAMILY,1.0,-1,-1,-1,-0.1,-0.1,200.0,-20.0,51,-1,7.0,0.075,2.394141003279681,-6.5778483455013586,7.707036337604307,30000,True,0.0,0.0,0.0,0.0,0.0,0.03513809034807763,0.08517196286732687,0.10106723618944455,0.1306589753531599,1.800860515816866,4.337392560081261,5.158033216916587,6.637146182166271,0.099946789214844,0.10235883393953747,0.6609,0.655522732695469,0.6662360665319501,0.9476,0.9450206643540157,0.9500647211909984
T10_BUDGET_FAMILY-1280,B,T10_BUDGET_FAMILY,1.0,-1,-1,-1,-0.1,-0.1,200.0,-20.0,51,1,7.0,0.075,2.394141003279681,6.5778483455013586,7.707036337604307,30000,True,0.0,0.0,0.0,0.0,0.0,0.03389626795275588,0.07988334146537582,0.09466958689901352,0.12290490153815388,1.7337338948922756,4.062437145881286,4.80353952393667,6.266856576571691,0.09357351084616869,0.09559665323664829,0.6858333333333333,0.6805571930443867,0.691061888309013,0.9623333333333334,0.9601190522869842,0.964429227241564
T10_BUDGET_FAMILY-1281,B,T10_BUDGET_FAMILY,1.0,-1,-1,-1,-0.1,-0.1,200.0,-20.0,52,-1,7.0,0.075,2.394141003279681,-6.5778483455013586,7.553482918314897,30000,True,0.0,0.0,0.0,0.0,0.0,0.03547229632775124,0.08585390413402144,0.1018331796957501,0.1316654378290323,1.850969494463549,4.458389188589613,5.2989194097798045,6.816357274186023,0.10080466703850373,0.10300352865799052,0.6572333333333333,0.6518426149512903,0.6625837898458374,0.9461666666666667,0.9435552085910321,0.94866387731305
T10_BUDGET_FAMILY-1282,B,T10_BUDGET_FAMILY,1.0,-1,-1,-1,-0.1,-0.1,200.0,-20.0,52,1,7.0,0.075,2.394141003279681,6.5778483455013586,7.553482918314897,30000,True,0.0,0.0,0.0,0.0,0.0,0.03416199695268345,0.08036421021592656,0.09513811842543259,0.12368340364739903,1.78190083827928,4.168127398170266,4.929620104586286,6.421726084876577,0.09419677294154888,0.09611382786829245,0.6825666666666667,0.6772762992703042,0.6878102852270179,0.9612,0.9589549980769367,0.9633269049913398
T10_BUDGET_FAMILY-1283,B,T10_BUDGET_FAMILY,1.0,-1,-1,-1,-0.1,-0.1,200.0,-20.0,53,-1,7.0,0.075,2.394141003279681,-6.5778483455013586,7.405895248999453,30000,True,0.0,0.0,0.0,0.0,0.0,0.035784441241359655,0.08655888755763708,0.10262141900738778,0.13279153607738076,1.9019970732258553,4.579559412167519,5.440395162468472,7.001365185016678,0.10142658461550684,0.10371976749135596,0.6534666666666666,0.6480625006550728,0.6588315353182103,0.9439,0.9412387675217204,0.9464475654618179
T10_BUDGET_FAMILY-1284,B,T10_BUDGET_FAMILY,1.0,-1,-1,-1,-0.1,-0.1,200.0,-20.0,53,1,7.0,0.075,2.394141003279681,6.5778483455013586,7.405895248999453,30000,True,0.0,0.0,0.0,0.0,0.0,0.03442957952812667,0.08083476778061109,0.09568429152923358,0.12446120141408878,1.8307226192931139,4.271424305916682,5.052643065103977,6.583443269024816,0.094689998947,0.09670281398021904,0.6792666666666667,0.6739622308396223,0.6845251986704377,0.9599666666666666,0.9576888051689461,0.962126747045505
T10_BUDGET_FAMILY-1285,B,T10_BUDGET_FAMILY,1.0,-1,-1,-1,-0.1,-0.1,200.0,-20.0,54,-1,7.0,0.075,2.394141003279681,-6.5778483455013586,7.263934138292941,30000,True,0.0,0.0,0.0,0.0,0.0,0.036068600084075086,0.08727953339594531,0.10343929519858824,0.1335302178707837,1.9540698717274405,4.705011381784725,5.587449940944186,7.189294989728245,0.1022565549412746,0.10442678662477618,0.6489666666666667,0.6435469228722599,0.6543482653911203,0.9421333333333334,0.9394341362889503,0.9447193157418113
T10_BUDGET_FAMILY-1286,B,T10_BUDGET_FAMILY,1.0,-1,-1,-1,-0.1,-0.1,200.0,-20.0,54,1,7.0,0.075,2.394141003279681,6.5778483455013586,7.263934138292941,30000,True,0.0,0.0,0.0,0.0,0.0,0.0346986431602549,0.08138873593848046,0.09617461567502161,0.12519966308890396,1.8762548731774298,4.379213879378791,5.176228938871497,6.737394394719521,0.09521148004762117,0.09717648991397222,0.6753666666666667,0.6700459948310682,0.6806424333304093,0.9587666666666667,0.9564573816062197,0.9609584778855905
T10_BUDGET_FAMILY-1287,B,T10_BUDGET_FAMILY,1.0,-1,-1,-1,-0.1,-0.1,200.0,-20.0,55,-1,7.0,0.075,2.394141003279681,-6.5778483455013586,7.127285496135716,30000,True,0.0,0.0,0.0,0.0,0.0,0.03640831172545724,0.08796837778470025,0.10406615798741334,0.13442365003286366,2.0103508322686348,4.82971645773472,5.726638756591925,7.370816057027552,0.10301679066417649,0.10522192319658372,0.6451666666666667,0.6397341787146237,0.6505619825937273,0.9405333333333333,0.9378003522734998,0.9431535094604074
T10_BUDGET_FAMILY-1288,B,T10_BUDGET_FAMILY,1.0,-1,-1,-1,-0.1,-0.1,200.0,-20.0,55,1,7.0,0.075,2.394141003279681,6.5778483455013586,7.127285496135716,30000,True,0.0,0.0,0.0,0.0,0.0,0.03498255827624645,0.08194258513518442,0.09676263337201463,0.12585107530849304,1.9265015748783683,4.489221236494509,5.304085887772758,6.8989071427606214,0.0957874239966499,0.09775548100956942,0.6720666666666667,0.6667325841382441,0.6773566890359712,0.9576666666666667,0.9553290320316508,0.9598871091310721
T10_BUDGET_FAMILY-1289,B,T10_BUDGET_FAMILY,1.0,-1,-1,-1,-0.1,-0.1,200.0,-20.0,56,-1,7.0,0.075,2.394141003279681,-6.5778483455013586,6.995658065923661,30000,True,0.0,0.0,0.0,0.0,0.0,0.03670385644286928,0.08869616302894341,0.10491017428809357,0.13544454776106246,2.0655162876173074,4.953176528760127,5.872339378592841,7.562000722015203,0.10378641195404281,0.10593378219280426,0.6414666666666666,0.6360221282422206,0.6468749805046544,0.9387333333333333,0.9359629982720639,0.9413913243778822
T10_BUDGET_FAMILY-1290,B,T10_BUDGET_FAMILY,1.0,-1,-1,-1,-0.1,-0.1,200.0,-20.0,56,1,7.0,0.075,2.394141003279681,6.5778483455013586,6.995658065923661,30000,True,0.0,0.0,0.0,0.0,0.0,0.03523639207754302,0.08245255242249742,0.0973448896526005,0.12649393012454827,1.9782707280219654,4.605039499672184,5.4324161766888395,7.059511569784475,0.09632218272006123,0.09831319428867362,0.6683,0.6629509740059543,0.6736059303444164,0.9561666666666667,0.9537910456729334,0.9584254795864887
T10_BUDGET_FAMILY-1291,B,T10_BUDGET_FAMILY,1.0,-1,-1,-1,-0.1,-0.1,200.0,-20.0,57,-1,7.0,0.075,2.394141003279681,-6.5778483455013586,6.8687813969112,30000,True,0.0,0.0,0.0,0.0,0.0,0.03698835509427324,0.08941643885041298,0.10578171996638493,0.1363342145794867,2.1205856109291026,5.083370327573499,6.019485530454114,7.749926354672326,0.10456615223417269,0.10666429488646999,0.6374,0.631942621802078,0.6428221949402921,0.9369666666666666,0.9341603153249337,0.9396611263722355
T10_BUDGET_FAMILY-1292,B,T10_BUDGET_FAMILY,1.0,-1,-1,-1,-0.1,-0.1,200.0,-20.0,57,1,7.0,0.075,2.394141003279681,6.5778483455013586,6.8687813969112,30000,True,0.0,0.0,0.0,0.0,0.0,0.03549438699194166,0.08291387650123065,0.0979280989851654,0.1270939050093792,2.03019394480867,4.721348902181605,5.562031059105448,7.2190914305385885,0.09685606288245582,0.09888313453639491,0.6646333333333333,0.6592701299434913,0.6699543799765879,0.9548333333333333,0.9524245700659134,0.9571256299461298
T10_BUDGET_FAMILY-1293,B,T10_BUDGET_FAMILY,1.0,-1,-1,-1,-0.1,-0.1,200.0,-20.0,58,-1,7.0,0.075,2.394141003279681,-6.5778483455013586,6.74640402784035,30000,True,0.0,0.0,0.0,0.0,0.0,0.03733856994363794,0.09008514980359329,0.1065015568871219,0.13727885631325384,2.176728797101948,5.214489180370863,6.173542771592597,7.948904680956034,0.10535445898246894,0.10753755944898288,0.6329333333333333,0.6274623374521799,0.6383702897114718,0.9350666666666667,0.9322222663318032,0.9377996618878517
T10_BUDGET_FAMILY-1294,B,T10_BUDGET_FAMILY,1.0,-1,-1,-1,-0.1,-0.1,200.0,-20.0,58,1,7.0,0.075,2.394141003279681,6.5778483455013586,6.74640402784035,30000,True,0.0,0.0,0.0,0.0,0.0,0.0357481927372332,0.08348948930359819,0.09847898427618197,0.12766305209269535,2.0810071585696295,4.838633776072561,5.692356552414545,7.384522837743963,0.0975186019166347,0.09947516750755833,0.6600666666666667,0.654686310927696,0.6654060350201115,0.9537333333333333,0.9512976510918304,0.9560528305911254
T10_BUDGET_FAMILY-1295,B,T10_BUDGET_FAMILY,1.0,-1,-1,-1,-0.1,-0.1,200.0,-20.0,59,-1,7.0,0.075,2.394141003279681,-6.5778483455013586,6.628291856688221,30000,True,0.0,0.0,0.0,0.0,0.0,0.03768532816917502,0.09078162689604283,0.10726897598464197,0.1384903293980844,2.2361573948791005,5.343955428092764,6.325202104521736,8.1506079210864,0.10623545611551996,0.10837797386558755,0.6289333333333333,0.6234505703244134,0.6343830810971024,0.9329,0.930013041485046,0.9356761082076184
T10_BUDGET_FAMILY-1296,B,T10_BUDGET_FAMILY,1.0,-1,-1,-1,-0.1,-0.1,200.0,-20.0,59,1,7.0,0.075,2.394141003279681,6.5778483455013586,6.628291856688221,30000,True,0.0,0.0,0.0,0.0,0.0,0.036024393082481086,0.08399685610379962,0.09904454836922753,0.12826557954173004,2.1338345201140028,4.951820775264581,5.827316386019218,7.546758024226967,0.09802491201291681,0.1000750767057958,0.6564666666666666,0.6510731808320632,0.6618200869478218,0.9523,0.949829793256485,0.954654388785539
T10_BUDGET_FAMILY-1297,B,T10_BUDGET_FAMILY,1.0,-1,-1,-1,-0.1,-0.1,200.0,-20.0,60,-1,7.0,0.075,2.394141003279681,-6.5778483455013586,6.51422667476236,30000,True,0.0,0.0,0.0,0.0,0.0,0.038008086945120215,0.09152244307370788,0.10805815851339133,0.13949767809680982,2.2979279149127616,5.475958388886945,6.48247204805073,8.355012272570042,0.10702088742414256,0.10924027541760317,0.6245,0.6190046639695839,0.6299634560043981,0.9306333333333333,0.9277027589437674,0.9334536378283533
T10_BUDGET_FAMILY-1298,B,T10_BUDGET_FAMILY,1.0,-1,-1,-1,-0.1,-0.1,200.0,-20.0,60,1,7.0,0.075,2.394141003279681,6.5778483455013586,6.51422667476236,30000,True,0.0,0.0,0.0,0.0,0.0,0.03628963769174191,0.08453133516429598,0.09961579728941009,0.12886736829798362,2.1861077894185494,5.06833332792113,5.958681541188648,7.7193063157167945,0.09853734996337984,0.1006976843961605,0.6519333333333334,0.6465237998798538,0.6573039620589439,0.951,0.9484989997551855,0.9533855151706442
T10_BUDGET_FAMILY-1299,B,T10_BUDGET_FAMILY,1.0,-1,-1,1,-0.1,-0.1,200.0,20.0,50,-1,7.0,0.075,-2.394141003279681,-6.5778483455013586,7.155787978313261,30000,True,0.0,0.0,0.0,0.0,0.0,0.03971747014181673,0.09579368367126179,0.11354067239085737,0.14632665898643069,1.9935158811846876,4.780387938924089,5.6791117493505885,7.293177076564549,0.11224180144084216,0.11476502183319838,0.6047,0.599154440193365,0.6102187498570438,0.9150666666666667,0.9118586165203992,0.9181684329885758
T10_BUDGET_FAMILY-1300,B,T10_BUDGET_FAMILY,1.0,-1,-1,1,-0.1,-0.1,200.0,20.0,50,1,7.0,0.075,-2.394141003279681,6.5778483455013586,7.155787978313261,30000,True,0.0,0.0,0.0,0.0,0.0,0.03811579583012616,0.08926573780204947,0.10544018546304244,0.13690772388586198,1.9118189029500519,4.448195396461563,5.255272106293794,6.843999221198109,0.104465587503027,0.10656119804333414,0.6279333333333333,0.6224476913657563,0.6333862161202256,0.9362333333333334,0.9334122137762951,0.938942749034816
T10_BUDGET_FAMILY-1301,B,T10_BUDGET_FAMILY,1.0,-1,-1,1,-0.1,-0.1,200.0,20.0,51,-1,7.0,0.075,-2.394141003279681,-6.5778483455013586,7.023120707976482,30000,True,0.0,0.0,0.0,0.0,0.0,0.04002365243617074,0.09636497499855931,0.11424722434322808,0.14713706428835724,2.04831794640825,4.908837927310257,5.826787605376365,7.487264344365117,0.11299937150467491,0.11538708254683283,0.6011666666666666,0.5956131495491098,0.6066942785957455,0.9131666666666667,0.9099270930652719,0.9163004429661885
T10_BUDGET_FAMILY-1302,B,T10_BUDGET_FAMILY,1.0,-1,-1,1,-0.1,-0.1,200.0,20.0,51,1,7.0,0.075,-2.394141003279681,6.5778483455013586,7.023120707976482,30000,True,0.0,0.0,0.0,0.0,0.0,0.03841014899262518,0.0897074261777519,0.1058065331788629,0.13748602049175424,1.9617004323933487,4.560718740487784,5.383103370128733,7.002242274329691,0.10482441668245596,0.1069311384392353,0.6242,0.618703830886999,0.6296643659063226,0.9351333333333334,0.9322902563390327,0.937864988142991
T10_BUDGET_FAMILY-1303,B,T10_BUDGET_FAMILY,1.0,-1,-1,1,-0.1,-0.1,200.0,20.0,52,-1,7.0,0.075,-2.394141003279681,-6.5778483455013586,6.895259815258225,30000,True,0.0,0.0,0.0,0.0,0.0,0.04029380321443363,0.09703000477537985,0.11499984117796462,0.1477493191385738,2.1069163266204254,5.034457338573432,5.970093492537837,7.668342733835173,0.11363726799927772,0.11601894022591175,0.5976333333333333,0.5920721596766244,0.6031695065626775,0.9108,0.9075217981987334,0.9139730105186301
T10_BUDGET_FAMILY-1304,B,T10_BUDGET_FAMILY,1.0,-1,-1,1,-0.1,-0.1,200.0,20.0,52,1,7.0,0.075,-2.394141003279681,6.5778483455013586,6.895259815258225,30000,True,0.0,0.0,0.0,0.0,0.0,0.03861905457237077,0.09015871185815036,0.10631058380308822,0.13793635633182325,2.0107822251042635,4.672395327008305,5.517005604632074,7.172941394066364,0.10515782981863094,0.10739400441415096,0.6213,0.6157958931118898,0.6267730462683833,0.9336,0.930726696521991,0.9363622739255472
T10_BUDGET_FAMILY-1305,B,T10_BUDGET_FAMILY,1.0,-1,-1,1,-0.1,-0.1,200.0,20.0,53,-1,7.0,0.075,-2.394141003279681,-6.5778483455013586,6.771949960447955,30000,True,0.0,0.0,0.0,0.0,0.0,0.04057568482763577,0.0976915794991586,0.11564865752255933,0.148504341450343,2.163222625342107,5.160367279975549,6.116315011109413,7.860134425244861,0.11435167011851848,0.11671566457153915,0.5942333333333333,0.5886650747965173,0.599777462061969,0.9087,0.9053880959592642,0.9119072504934775
T10_BUDGET_FAMILY-1306,B,T10_BUDGET_FAMILY,1.0,-1,-1,1,-0.1,-0.1,200.0,20.0,53,1,7.0,0.075,-2.394141003279681,6.5778483455013586,6.771949960447955,30000,True,0.0,0.0,0.0,0.0,0.0,0.03880177478230371,0.0906687021962477,0.10679731784904682,0.13830446575434868,2.063030997084645,4.786951278974644,5.6505073309449205,7.332968987345049,0.10562561773579861,0.10788185840239606,0.6179666666666667,0.6124536933070387,0.6234494329547876,0.9325,0.9296052783983161,0.9352839737201347
T10_BUDGET_FAMILY-1307,B,T10_BUDGET_FAMILY,1.0,-1,-1,1,-0.1,-0.1,200.0,20.0,54,-1,7.0,0.075,-2.394141003279681,-6.5778483455013586,6.652953493821876,30000,True,0.0,0.0,0.0,0.0,0.0,0.04089603731037014,0.09830889732186382,0.11624424005230535,0.14933219168058307,2.216069907961023,5.289514392895994,6.268023648895809,8.063097865720197,0.11511497776350002,0.11748986670207799,0.5911666666666666,0.5855922547486156,0.5967177340408998,0.9065,0.9031533482910743,0.9097425615034926
T10_BUDGET_FAMILY-1308,B,T10_BUDGET_FAMILY,1.0,-1,-1,1,-0.1,-0.1,200.0,20.0,54,1,7.0,0.075,-2.394141003279681,6.5778483455013586,6.652953493821876,30000,True,0.0,0.0,0.0,0.0,0.0,0.039076897692711006,0.09113337241925247,0.10728981313245553,0.13887549260007148,2.1144350280270565,4.904094603509673,5.7771934222973504,7.495088802246714,0.10615175214902148,0.10839485836247136,0.6149333333333333,0.6094125296140718,0.6204247067099682,0.931,0.9280764200080698,0.9338132162070802
T10_BUDGET_FAMILY-1309,B,T10_BUDGET_FAMILY,1.0,-1,-1,1,-0.1,-0.1,200.0,20.0,55,-1,7.0,0.075,-2.394141003279681,-6.5778483455013586,6.538048956611207,30000,True,0.0,0.0,0.0,0.0,0.0,0.041130496820096986,0.0989696894231806,0.11679851005261216,0.15027516058084622,2.273274943016236,5.421330152535784,6.42087633022689,8.262595435519472,0.11584657269593944,0.11811362797386987,0.5881666666666666,0.5825864517642421,0.5937243052186714,0.9037666666666667,0.9003776143202135,0.9070523287172275
T10_BUDGET_FAMILY-1310,B,T10_BUDGET_FAMILY,1.0,-1,-1,1,-0.1,-0.1,200.0,20.0,55,1,7.0,0.075,-2.394141003279681,6.5778483455013586,6.538048956611207,30000,True,0.0,0.0,0.0,0.0,0.0,0.03930283608763303,0.09158891926783613,0.10761155987825788,0.13928391884693356,2.168989305853912,5.023562355593448,5.912259358077064,7.659906962544493,0.10664999343585567,0.10887942976468139,0.6116666666666667,0.6061376828129559,0.6171670566550065,0.9296333333333333,0.926683800594104,0.9324728522424826
T10_BUDGET_FAMILY-1311,B,T10_BUDGET_FAMILY,1.0,-1,-1,1,-0.1,-0.1,200.0,20.0,56,-1,7.0,0.075,-2.394141003279681,-6.5778483455013586,6.42702973118619,30000,True,0.0,0.0,0.0,0.0,0.0,0.04146805493126011,0.09957711062871535,0.11767153590801767,0.15118607706661383,2.331613484284922,5.555080402287735,6.578088663906831,8.466234526260093,0.11641462694606439,0.1187796709430725,0.5833666666666667,0.5777776108420118,0.5889343752503386,0.9015333333333333,0.8981102494679184,0.9048535987801632
T10_BUDGET_FAMILY-1312,B,T10_BUDGET_FAMILY,1.0,-1,-1,1,-0.1,-0.1,200.0,20.0,56,1,7.0,0.075,-2.394141003279681,6.5778483455013586,6.42702973118619,30000,True,0.0,0.0,0.0,0.0,0.0,0.03958453511359927,0.09198576845809343,0.10814174940789403,0.13980014882615865,2.224685322822343,5.139428096097112,6.044331195876985,7.828425752315933,0.10715313954779569,0.10925937278333933,0.6081,0.6025623824697103,0.6136099369615141,0.9285,0.9255291852229912,0.9313610911533237
T10_BUDGET_FAMILY-1313,B,T10_BUDGET_FAMILY,1.0,-1,-1,1,-0.1,-0.1,200.0,20.0,57,-1,7.0,0.075,-2.394141003279681,-6.5778483455013586,6.319702823486625,30000,True,0.0,0.0,0.0,0.0,0.0,0.0418150288508509,0.1002367982578571,0.11832725062767399,0.15232951685828142,2.391637938242107,5.69051688415842,6.7391701787793785,8.679603530009617,0.11706145444036539,0.1194170566966325,0.5805666666666667,0.5749727049686808,0.5861399981041744,0.8989666666666667,0.8955051295839429,0.9023260425629349
T10_BUDGET_FAMILY-1314,B,T10_BUDGET_FAMILY,1.0,-1,-1,1,-0.1,-0.1,200.0,20.0,57,1,7.0,0.075,-2.394141003279681,6.5778483455013586,6.319702823486625,30000,True,0.0,0.0,0.0,0.0,0.0,0.03982968790708335,0.09247468329344587,0.1086537481850876,0.14001988868125953,2.279977899012566,5.256714421123849,6.174637838965025,8.004760008988232,0.10758242007151521,0.109694394015724,0.6042666666666666,0.5987201147360943,0.6097865196089163,0.9269333333333334,0.9239334478655946,0.9298238963450504
T10_BUDGET_FAMILY-1315,B,T10_BUDGET_FAMILY,1.0,-1,-1,1,-0.1,-0.1,200.0,20.0,58,-1,7.0,0.075,-2.394141003279681,-6.5778483455013586,6.215887762890156,30000,True,0.0,0.0,0.0,0.0,0.0,0.04215925994451773,0.1009248086257731,0.1190279071988872,0.15306807545735351,2.453137739035864,5.83188262385899,6.899280024442208,8.874876066386975,0.11777420500969354,0.12022219409361166,0.5772666666666667,0.5716671599197853,0.5828463881658077,0.8962,0.8926977749203158,0.8996007723382513
T10_BUDGET_FAMILY-1316,B,T10_BUDGET_FAMILY,1.0,-1,-1,1,-0.1,-0.1,200.0,20.0,58,1,7.0,0.075,-2.394141003279681,6.5778483455013586,6.215887762890156,30000,True,0.0,0.0,0.0,0.0,0.0,0.040113578225635244,0.09290425719147447,0.10913353576289843,0.14050586854995178,2.3386405500545835,5.377131918817798,6.315385268569007,8.176054760024064,0.10800306530598953,0.11017425014182877,0.6009333333333333,0.5953793013346829,0.6064615198918812,0.9252,0.9221684095055898,0.928122711883463
T10_BUDGET_FAMILY-1317,B,T10_BUDGET_FAMILY,1.0,-1,-1,1,-0.1,-0.1,200.0,20.0,59,-1,7.0,0.075,-2.394141003279681,-6.5778483455013586,6.115415606566707,30000,True,0.0,0.0,0.0,0.0,0.0,0.0425462280254082,0.10156711272151768,0.11969033406344703,0.15385903287380687,2.51615545174749,5.9690929399957415,7.062797743613415,9.070103469067044,0.11837978622709332,0.12085068869257573,0.5744333333333334,0.5688292695828405,0.5800183373520729,0.8937666666666667,0.8902292872481171,0.8972032164339839
T10_BUDGET_FAMILY-1318,B,T10_BUDGET_FAMILY,1.0,-1,-1,1,-0.1,-0.1,200.0,20.0,59,1,7.0,0.075,-2.394141003279681,6.5778483455013586,6.115415606566707,30000,True,0.0,0.0,0.0,0.0,0.0,0.04045007737145842,0.09337062555131002,0.10963227806840095,0.14135319434118096,2.3971931059892295,5.496786385088379,6.449826326693806,8.340534558961167,0.10840250743152213,0.11066107692083822,0.5975,0.59193854328868,0.6030364904258841,0.9240333333333334,0.9209806665477656,0.9269774202498309
T10_BUDGET_FAMILY-1319,B,T10_BUDGET_FAMILY,1.0,-1,-1,1,-0.1,-0.1,200.0,20.0,60,-1,7.0,0.075,-2.394141003279681,-6.5778483455013586,6.018128036967867,30000,True,0.0,0.0,0.0,0.0,0.0,0.04288462930225521,0.10223205167087575,0.1204253416323437,0.1547695277312646,2.5806053832952554,6.119317712411846,7.227216648601137,9.283869021112624,0.11910392994536044,0.12168094506589948,0.5705,0.5648899213694268,0.5760920260857195,0.8916,0.8880318009830134,0.8950679241720972
T10_BUDGET_FAMILY-1320,B,T10_BUDGET_FAMILY,1.0,-1,-1,1,-0.1,-0.1,200.0,20.0,60,1,7.0,0.075,-2.394141003279681,6.5778483455013586,6.018128036967867,30000,True,0.0,0.0,0.0,0.0,0.0,0.04079789133157601,0.09384656924566114,0.11010163433581871,0.14205494923723982,2.452107577669379,5.617896530543347,6.590672392558796,8.511829808675545,0.10893622482823098,0.11114612584839077,0.5945,0.5889322871454701,0.6000435147624921,0.9223666666666667,0.9192842487546501,0.925340931483723
T10_BUDGET_FAMILY-1321,B,T10_BUDGET_FAMILY,1.0,-1,1,-1,-0.1,0.1,200.0,-20.0,50,-1,7.0,0.075,2.394141003279681,-6.5778483455013586,7.866922341283484,30000,True,0.0,0.0,0.0,0.0,0.0,0.03397553288875969,0.07985698502276208,0.09475361464886603,0.1229819744139033,1.7061880381713685,3.993387050431857,4.723504989115931,6.151561738819772,0.09369284300162406,0.0956299111722025,0.6855,0.6802223941827331,0.6907301058588221,0.9622,0.9599820778731428,0.9642995691306676
T10_BUDGET_FAMILY-1322,B,T10_BUDGET_FAMILY,1.0,-1,1,-1,-0.1,0.1,200.0,-20.0,50,1,7.0,0.075,2.394141003279681,6.5778483455013586,7.866922341283484,30000,True,0.0,0.0,0.0,0.0,0.0,0.03512872803226188,0.08514019510438174,0.10101285996481707,0.13031377531908603,1.7715784071027252,4.26088570956296,5.06680660137604,6.5110153291191315,0.0998868764380711,0.1023252077025242,0.6609666666666667,0.6555896472362128,0.6663024682535752,0.9478333333333333,0.9452592760594621,0.9502927164038432
T10_BUDGET_FAMILY-1323,B,T10_BUDGET_FAMILY,1.0,-1,1,-1,-0.1,0.1,200.0,-20.0,51,-1,7.0,0.075,2.394141003279681,-6.5778483455013586,7.707036337604307,30000,True,0.0,0.0,0.0,0.0,0.0,0.034274294957689494,0.08042343845173316,0.09530187433748889,0.12369280016412539,1.753482579930261,4.1003745857531255,4.8453573880619905,6.310322360946821,0.09420463000714122,0.09622746305655432,0.6823,0.6770084844524572,0.6875448349953893,0.9612,0.9589549980769367,0.9633269049913398
T10_BUDGET_FAMILY-1324,B,T10_BUDGET_FAMILY,1.0,-1,1,-1,-0.1,0.1,200.0,-20.0,51,1,7.0,0.075,2.394141003279681,6.5778483455013586,7.707036337604307,30000,True,0.0,0.0,0.0,0.0,0.0,0.03549149869698579,0.08582630255263227,0.10178557664967973,0.13153952090113424,1.8235052057688592,4.381695764852529,5.208250558110306,6.687726101462546,0.10063623239465669,0.10304288121621169,0.6574333333333333,0.6520433394514491,0.6627830141327855,0.9462,0.9435892831459611,0.9486964608893054
T10_BUDGET_FAMILY-1325,B,T10_BUDGET_FAMILY,1.0,-1,1,-1,-0.1,0.1,200.0,-20.0,52,-1,7.0,0.075,2.394141003279681,-6.5778483455013586,7.553482918314897,30000,True,0.0,0.0,0.0,0.0,0.0,0.034531736003237126,0.08090347511212301,0.09577416777559532,0.12445240484169841,1.800296659032902,4.20320819895651,4.970758046325239,6.469603161935887,0.09478528526585268,0.09680871036600933,0.6785,0.6731923391989195,0.6837619532938978,0.9598,0.9575177423421898,0.961964519216339
T10_BUDGET_FAMILY-1326,B,T10_BUDGET_FAMILY,1.0,-1,1,-1,-0.1,0.1,200.0,-20.0,52,1,7.0,0.075,2.394141003279681,6.5778483455013586,7.553482918314897,30000,True,0.0,0.0,0.0,0.0,0.0,0.03585799264719114,0.0865295053646707,0.10255596856612911,0.13251579024327265,1.8752392545106862,4.499244506666565,5.349995097899369,6.861734930174605,0.10136837840067842,0.10376872078376373,0.6531333333333333,0.6477279952437242,0.6584994594177144,0.9441333333333334,0.9414771684837302,0.9466757714180996
T10_BUDGET_FAMILY-1327,B,T10_BUDGET_FAMILY,1.0,-1,1,-1,-0.1,0.1,200.0,-20.0,53,-1,7.0,0.075,2.394141003279681,-6.5778483455013586,7.405895248999453,30000,True,0.0,0.0,0.0,0.0,0.0,0.034746925967937964,0.08144732891103902,0.09634872710886945,0.12508797286924642,1.8508406954506722,4.311320676944462,5.094741580795918,6.6309974138972985,0.0953562860298626,0.0973544457019688,0.6749,0.6695774135431134,0.6801778007817816,0.9588666666666666,0.9565599801622598,0.9610558537231039
T10_BUDGET_FAMILY-1328,B,T10_BUDGET_FAMILY,1.0,-1,1,-1,-0.1,0.1,200.0,-20.0,53,1,7.0,0.075,2.394141003279681,6.5778483455013586,7.405895248999453,30000,True,0.0,0.0,0.0,0.0,0.0,0.03615471239558547,0.08719071118981837,0.10326558466005643,0.13356290452751604,1.9281063488943504,4.625539856593529,5.49248054378897,7.049070467940083,0.10216315967511304,0.10445948934809493,0.6489,0.6434800293948928,0.6542818426061185,0.9421666666666667,0.9394681794249343,0.9447519307370119
T10_BUDGET_FAMILY-1329,B,T10_BUDGET_FAMILY,1.0,-1,1,-1,-0.1,0.1,200.0,-20.0,54,-1,7.0,0.075,2.394141003279681,-6.5778483455013586,7.263934138292941,30000,True,0.0,0.0,0.0,0.0,0.0,0.035046405041737824,0.08204331913037434,0.09680845143947774,0.12584999049943393,1.9013958593380185,4.419832744397995,5.225023338887279,6.7863293801726305,0.09585505285704159,0.09784459067970998,0.6711,0.6657620455634568,0.676394141806409,0.9574,0.9550555564210074,0.9596273196922399
T10_BUDGET_FAMILY-1330,B,T10_BUDGET_FAMILY,1.0,-1,1,-1,-0.1,0.1,200.0,-20.0,54,1,7.0,0.075,2.394141003279681,6.5778483455013586,7.263934138292941,30000,True,0.0,0.0,0.0,0.0,0.0,0.03647447066251517,0.08789487844355477,0.1041030446882662,0.13439637658277737,1.983529047311964,4.748249508781604,5.638531328883714,7.246728423790347,0.10295905584430622,0.10528197576853968,0.6447666666666667,0.63933285896214,0.6501634047719974,0.9404666666666667,0.9377322899568883,0.94308825551465
T10_BUDGET_FAMILY-1331,B,T10_BUDGET_FAMILY,1.0,-1,1,-1,-0.1,0.1,200.0,-20.0,55,-1,7.0,0.075,2.394141003279681,-6.5778483455013586,7.127285496135716,30000,True,0.0,0.0,0.0,0.0,0.0,0.03527587210174878,0.08255396808357138,0.09736451090547794,0.12654879235452227,1.951833115280385,4.535561707485426,5.356544108181418,6.951717680186493,0.0963722409751376,0.09838658430360284,0.6674333333333333,0.662080923550087,0.6727428693894876,0.9559666666666666,0.9535860376192157,0.9582305388530995
T10_BUDGET_FAMILY-1332,B,T10_BUDGET_FAMILY,1.0,-1,1,-1,-0.1,0.1,200.0,-20.0,55,1,7.0,0.075,2.394141003279681,6.5778483455013586,7.127285496135716,30000,True,0.0,0.0,0.0,0.0,0.0,0.036770806810858404,0.08868935525727682,0.10490558027675587,0.13536795179087965,2.03618064540352,4.878000659218468,5.784799695926006,7.432036946871943,0.10370473508913433,0.10595927911500408,0.6410666666666667,0.6356208465593993,0.6464763646132623,0.9388666666666666,0.936099075456058,0.9415218797186259
T10_BUDGET_FAMILY-1333,B,T10_BUDGET_FAMILY,1.0,-1,1,-1,-0.1,0.1,200.0,-20.0,56,-1,7.0,0.075,2.394141003279681,-6.5778483455013586,6.995658065923661,30000,True,0.0,0.0,0.0,0.0,0.0,0.03554365943172425,0.08310896870698795,0.0979869847531247,0.12716039985032118,2.0052153153698375,4.651069146217814,5.4830915139327425,7.115739916444666,0.09698327349397713,0.09896971053572466,0.6633,0.6579317309395863,0.6686264537331142,0.9547,0.9522879537534893,0.9569956137338161
T10_BUDGET_FAMILY-1334,B,T10_BUDGET_FAMILY,1.0,-1,1,-1,-0.1,0.1,200.0,-20.0,56,1,7.0,0.075,2.394141003279681,6.5778483455013586,6.995658065923661,30000,True,0.0,0.0,0.0,0.0,0.0,0.03708773534167457,0.08933142748968821,0.10568501046123176,0.13620084514892003,2.092782168864132,5.003945434875136,5.923455773424534,7.617201436662357,0.1045537538831111,0.10676193469946023,0.6367333333333334,0.6312738904992974,0.6421577636193836,0.9370666666666667,0.9342623373401384,0.9397590787505845
T10_BUDGET_FAMILY-1335,B,T10_BUDGET_FAMILY,1.0,-1,1,-1,-0.1,0.1,200.0,-20.0,57,-1,7.0,0.075,2.394141003279681,-6.5778483455013586,6.8687813969112,30000,True,0.0,0.0,0.0,0.0,0.0,0.03584429710061412,0.08365331223457928,0.09859089319928509,0.12777101248874656,2.0550852379133735,4.76493371161885,5.613325094533868,7.278553760886212,0.09764656115004437,0.09956663970661882,0.6589666666666667,0.6535822624853315,0.6643103651333887,0.9536,0.9511610801722727,0.9559227689859453
T10_BUDGET_FAMILY-1336,B,T10_BUDGET_FAMILY,1.0,-1,1,-1,-0.1,0.1,200.0,-20.0,57,1,7.0,0.075,2.394141003279681,6.5778483455013586,6.8687813969112,30000,True,0.0,0.0,0.0,0.0,0.0,0.03742732535550025,0.09008813964098307,0.10651817721627285,0.1371472011956137,2.1496285941844233,5.132028801749958,6.072259429311083,7.805051003623154,0.1053899657151426,0.10749197232350538,0.632,0.6265262224109128,0.6374399770795739,0.9349,0.9320522949848925,0.9376363425788398
T10_BUDGET_FAMILY-1337,B,T10_BUDGET_FAMILY,1.0,-1,1,-1,-0.1,0.1,200.0,-20.0,58,-1,7.0,0.075,2.394141003279681,-6.5778483455013586,6.74640402784035,30000,True,0.0,0.0,0.0,0.0,0.0,0.03613344907986628,0.0841495646416059,0.09921681811167607,0.12836176788071713,2.1095091326510222,4.880636266810563,5.747993708036306,7.442510267952649,0.09820260714255614,0.10019381852922198,0.6546,0.6491998408798468,0.6599605715537079,0.9519,0.949420266664429,0.9542640178033811
T10_BUDGET_FAMILY-1338,B,T10_BUDGET_FAMILY,1.0,-1,1,-1,-0.1,0.1,200.0,-20.0,58,1,7.0,0.075,2.394141003279681,6.5778483455013586,6.74640402784035,30000,True,0.0,0.0,0.0,0.0,0.0,0.03777561457067115,0.0908410615492984,0.10727350751451521,0.13806178328434368,2.2076913871358896,5.266463997914266,6.234623177218897,8.011998200959907,0.10620319416888656,0.10832261712986185,0.6281333333333333,0.622648265152495,0.6335855911205935,0.9328333333333333,0.9299450789715688,0.9356107544587268
T10_BUDGET_FAMILY-1339,B,T10_BUDGET_FAMILY,1.0,-1,1,-1,-0.1,0.1,200.0,-20.0,59,-1,7.0,0.075,2.394141003279681,-6.5778483455013586,6.628291856688221,30000,True,0.0,0.0,0.0,0.0,0.0,0.03641439903703273,0.08473810184379692,0.09974074514384358,0.12897813566704572,2.162141972063331,4.99725935216432,5.8840074318820434,7.608458481245892,0.09879141806892046,0.10079635760471402,0.6510333333333334,0.6456206780888243,0.6564073143079927,0.9506333333333333,0.9481237343744032,0.9530275411083974
T10_BUDGET_FAMILY-1340,B,T10_BUDGET_FAMILY,1.0,-1,1,-1,-0.1,0.1,200.0,-20.0,59,1,7.0,0.075,2.394141003279681,6.5778483455013586,6.628291856688221,30000,True,0.0,0.0,0.0,0.0,0.0,0.038146212447922226,0.09148755192944498,0.10803541746198793,0.1392929755478684,2.2704158723732304,5.400403364347189,6.385630551541414,8.212799666990374,0.10700765256474581,0.10917171700417062,0.6237333333333334,0.6182358727671939,0.6291991101895451,0.9305666666666667,0.9276348230629311,0.9333882574468207
T10_BUDGET_FAMILY-1341,B,T10_BUDGET_FAMILY,1.0,-1,1,-1,-0.1,0.1,200.0,-20.0,60,-1,7.0,0.075,2.394141003279681,-6.5778483455013586,6.51422667476236,30000,True,0.0,0.0,0.0,0.0,0.0,0.03672392323466897,0.08523977053762846,0.10033914469696809,0.12959697416392282,2.2188218358828773,5.1170658882371,6.013140004470537,7.77823241122855,0.09935774759893796,0.10140739438721305,0.6472666666666667,0.6418411752716908,0.6526544483012815,0.9492333333333334,0.946691243344199,0.9516603906288541
T10_BUDGET_FAMILY-1342,B,T10_BUDGET_FAMILY,1.0,-1,1,-1,-0.1,0.1,200.0,-20.0,60,1,7.0,0.075,2.394141003279681,6.5778483455013586,6.51422667476236,30000,True,0.0,0.0,0.0,0.0,0.0,0.038494614676805365,0.09224886619655498,0.10890850775638725,0.1403950513886765,2.327957295826752,5.530875400490762,6.53875484793622,8.412752035971168,0.10771636169071831,0.11004040959106452,0.6195,0.613991071107049,0.6249783291892629,0.9280333333333334,0.9250538173320652,0.9309032452076672
T10_BUDGET_FAMILY-1343,B,T10_BUDGET_FAMILY,1.0,-1,1,1,-0.1,0.1,200.0,20.0,50,-1,7.0,0.075,-2.394141003279681,-6.5778483455013586,7.155787978313261,30000,True,0.0,0.0,0.0,0.0,0.0,0.03741083184555038,0.08788194952052322,0.10389705082397399,0.1353097908285065,1.8789832656189867,4.391334291994435,5.1965678434546785,6.771520289264735,0.10297767439999603,0.10492579732961672,0.6389,0.6334473086187217,0.6443171240269497,0.9402,0.9374600501579525,0.9428272302641102
T10_BUDGET_FAMILY-1344,B,T10_BUDGET_FAMILY,1.0,-1,1,1,-0.1,0.1,200.0,20.0,50,1,7.0,0.075,-2.394141003279681,6.5778483455013586,7.155787978313261,30000,True,0.0,0.0,0.0,0.0,0.0,0.03884205600720307,0.09429898061310141,0.11189603357695788,0.1446778209907184,1.9583293333563545,4.7131707097668265,5.606134894689155,7.2124280746967875,0.110624172844703,0.11319612199918808,0.6145,0.608978096118714,0.619992584499928,0.9203,0.9171812586194744,0.9233111174854617
T10_BUDGET_FAMILY-1345,B,T10_BUDGET_FAMILY,1.0,-1,1,1,-0.1,0.1,200.0,20.0,51,-1,7.0,0.075,-2.394141003279681,-6.5778483455013586,7.023120707976482,30000,True,0.0,0.0,0.0,0.0,0.0,0.03762037667900981,0.08826530936956703,0.10428021275874876,0.13588483045401523,1.9268331027948946,4.501069860957121,5.319898708398062,6.930892771075343,0.10338447882863315,0.10535108296856818,0.6354666666666666,0.6300033321446491,0.6408953129890221,0.9391333333333334,0.936371240798529,0.9417829794256307
T10_BUDGET_FAMILY-1346,B,T10_BUDGET_FAMILY,1.0,-1,1,1,-0.1,0.1,200.0,20.0,51,1,7.0,0.075,-2.394141003279681,6.5778483455013586,7.023120707976482,30000,True,0.0,0.0,0.0,0.0,0.0,0.03914349611926359,0.0948847518157353,0.11255339531979874,0.14539960167806498,2.0081432583174963,4.8375236466836515,5.749043407986636,7.400005955062818,0.11134128308260982,0.11378765139919712,0.6111333333333333,0.6056030387374227,0.616635170631588,0.9183,0.9151466859655069,0.9213462022683614
T10_BUDGET_FAMILY-1347,B,T10_BUDGET_FAMILY,1.0,-1,1,1,-0.1,0.1,200.0,20.0,52,-1,7.0,0.075,-2.394141003279681,-6.5778483455013586,6.895259815258225,30000,True,0.0,0.0,0.0,0.0,0.0,0.03785342636364538,0.08879447536838046,0.10478547573098482,0.1362696513761071,1.97433534423954,4.609362568785324,5.446563638554465,7.099127259415775,0.10366901948873487,0.10582328175053654,0.6325,0.6270277098775401,0.6379383615807135,0.9381333333333334,0.935350695870312,0.9408037804183137
T10_BUDGET_FAMILY-1348,B,T10_BUDGET_FAMILY,1.0,-1,1,1,-0.1,0.1,200.0,20.0,52,1,7.0,0.075,-2.394141003279681,6.5778483455013586,6.895259815258225,30000,True,0.0,0.0,0.0,0.0,0.0,0.039408572031184426,0.09550952309910563,0.11327234932933782,0.14592945846624913,2.064027913738868,4.96422572850155,5.892609409001207,7.587737840187491,0.11208488774889916,0.11435190169752173,0.6075666666666667,0.6020277847370196,0.6130780045952534,0.9164,0.9132143520258137,0.9194790227305399
T10_BUDGET_FAMILY-1349,B,T10_BUDGET_FAMILY,1.0,-1,1,1,-0.1,0.1,200.0,20.0,53,-1,7.0,0.075,-2.394141003279681,-6.5778483455013586,6.771949960447955,30000,True,0.0,0.0,0.0,0.0,0.0,0.03811472323362447,0.08923406142238577,0.10521386927704346,0.1366615061346186,2.0273486079477685,4.718756263133266,5.57351191209907,7.254144614509531,0.10406552959430786,0.10624693821190147,0.6292333333333333,0.6237514389021408,0.6346821357000352,0.9369666666666666,0.9341603153249337,0.9396611263722355
T10_BUDGET_FAMILY-1350,B,T10_BUDGET_FAMILY,1.0,-1,1,1,-0.1,0.1,200.0,20.0,53,1,7.0,0.075,-2.394141003279681,6.5778483455013586,6.771949960447955,30000,True,0.0,0.0,0.0,0.0,0.0,0.0396883747133667,0.09614730511565055,0.11389856474237749,0.14670402640978888,2.1194171903768964,5.093195205857509,6.040488164195117,7.777956821983844,0.11273606263461408,0.114961925313306,0.6043666666666667,0.5988203432845512,0.609886265454013,0.9148,0.9115874974164037,0.9179062870430955
T10_BUDGET_FAMILY-1351,B,T10_BUDGET_FAMILY,1.0,-1,1,1,-0.1,0.1,200.0,20.0,54,-1,7.0,0.075,-2.394141003279681,-6.5778483455013586,6.652953493821876,30000,True,0.0,0.0,0.0,0.0,0.0,0.03834097651680245,0.08962599270758519,0.10571808880377394,0.13732869956618168,2.0778058992432866,4.838612038386731,5.702293992424895,7.421813966350385,0.10458549863188964,0.1067439959746267,0.6263,0.6208097095773786,0.6317579494805643,0.9355,0.9326642164428247,0.9382242674822281
T10_BUDGET_FAMILY-1352,B,T10_BUDGET_FAMILY,1.0,-1,1,1,-0.1,0.1,200.0,20.0,54,1,7.0,0.075,-2.394141003279681,6.5778483455013586,6.652953493821876,30000,True,0.0,0.0,0.0,0.0,0.0,0.03997083118508963,0.09676205008588686,0.11453283735368229,0.14754208598356194,2.174431164089867,5.2196979515439885,6.190422925118327,7.975485064713496,0.11345332133741481,0.11571326287005551,0.6007666666666667,0.5952122676986369,0.6062952628720049,0.9121,0.908842930254719,0.9152515455788386
T10_BUDGET_FAMILY-1353,B,T10_BUDGET_FAMILY,1.0,-1,1,1,-0.1,0.1,200.0,20.0,55,-1,7.0,0.075,-2.394141003279681,-6.5778483455013586,6.538048956611207,30000,True,0.0,0.0,0.0,0.0,0.0,0.0385432411078797,0.09006994712548778,0.10613412239070408,0.13785168996857947,2.1301724418960335,4.955090816515069,5.834830441435794,7.5909592120481575,0.10510311515760781,0.10719116689920634,0.6226,0.6170994255948442,0.6280691809016231,0.9341666666666667,0.9313044829358008,0.9369176757418733
T10_BUDGET_FAMILY-1354,B,T10_BUDGET_FAMILY,1.0,-1,1,1,-0.1,0.1,200.0,20.0,55,1,7.0,0.075,-2.394141003279681,6.5778483455013586,6.538048956611207,30000,True,0.0,0.0,0.0,0.0,0.0,0.040252770460187874,0.09736277550706608,0.11526267719431964,0.14863689562638985,2.233555152599418,5.347374129391736,6.344458765666642,8.174513625793388,0.11412688825556747,0.11647696045401816,0.5967333333333333,0.5911702573296639,0.6022716393676574,0.9096333333333333,0.9063363426718457,0.9128254314540613
T10_BUDGET_FAMILY-1355,B,T10_BUDGET_FAMILY,1.0,-1,1,1,-0.1,0.1,200.0,20.0,56,-1,7.0,0.075,-2.394141003279681,-6.5778483455013586,6.42702973118619,30000,True,0.0,0.0,0.0,0.0,0.0,0.03879407128815604,0.09043520883365908,0.10658615039296025,0.13832929708558886,2.181598223272816,5.074715686900822,5.964679753671988,7.760456259368564,0.10551696729254013,0.10766623061631415,0.6195666666666667,0.6140579149372032,0.6250448016214778,0.9330666666666667,0.9301829512807367,0.9358394890678501
T10_BUDGET_FAMILY-1356,B,T10_BUDGET_FAMILY,1.0,-1,1,1,-0.1,0.1,200.0,20.0,56,1,7.0,0.075,-2.394141003279681,6.5778483455013586,6.42702973118619,30000,True,0.0,0.0,0.0,0.0,0.0,0.040603182676911,0.09802600987636609,0.11600264868192234,0.14943438113648355,2.2922690653005877,5.4772232842832835,6.5002318755558095,8.381335820499837,0.11478943161344748,0.11718295017445904,0.594,0.5884312653847044,0.5995446645554907,0.9079,0.9045753951503382,0.9111201561539765
T10_BUDGET_FAMILY-1357,B,T10_BUDGET_FAMILY,1.0,-1,1,1,-0.1,0.1,200.0,20.0,57,-1,7.0,0.075,-2.394141003279681,-6.5778483455013586,6.319702823486625,30000,True,0.0,0.0,0.0,0.0,0.0,0.03900842203993698,0.09092087679724034,0.10714418264630379,0.13861198190252907,2.2345832555700986,5.189424405402786,6.0980824220821495,7.9238138499804744,0.10602474013335494,0.10817457002372116,0.6164666666666667,0.6109497928592654,0.6219537174992601,0.9316666666666666,0.9287558636860009,0.9344669351528383
T10_BUDGET_FAMILY-1358,B,T10_BUDGET_FAMILY,1.0,-1,1,1,-0.1,0.1,200.0,20.0,57,1,7.0,0.075,-2.394141003279681,6.5778483455013586,6.319702823486625,30000,True,0.0,0.0,0.0,0.0,0.0,0.04092122088729342,0.09865625605242687,0.11662072710656932,0.15049158456119122,2.3512973332296134,5.615118255413997,6.65889285709547,8.590660472466894,0.11540813448595257,0.11781822538673904,0.5908666666666667,0.5852916648212879,0.5964184007875674,0.9050666666666667,0.9016976758138142,0.9083319343398208
T10_BUDGET_FAMILY-1359,B,T10_BUDGET_FAMILY,1.0,-1,1,1,-0.1,0.1,200.0,20.0,58,-1,7.0,0.075,-2.394141003279681,-6.5778483455013586,6.215887762890156,30000,True,0.0,0.0,0.0,0.0,0.0,0.03926612696979787,0.09140687846886247,0.10762492007632145,0.13914737358470147,2.289849856470491,5.3058771872579324,6.23470501459073,8.086853146744795,0.10649821822547008,0.10860552845639795,0.6131666666666666,0.6076414065513316,0.6186629488199316,0.9300333333333334,0.9270913634702656,0.9328651869405349
T10_BUDGET_FAMILY-1360,B,T10_BUDGET_FAMILY,1.0,-1,1,1,-0.1,0.1,200.0,20.0,58,1,7.0,0.075,-2.394141003279681,6.5778483455013586,6.215887762890156,30000,True,0.0,0.0,0.0,0.0,0.0,0.041244770971280494,0.09928343901883621,0.11741804956895481,0.1513267086354941,2.409239492910028,5.7554963107396215,6.81455689886221,8.792571227065006,0.11605850187707083,0.11857540012697511,0.5866333333333333,0.581050234963794,0.592194247984634,0.9030666666666667,0.8996668893589992,0.906363232923568
T10_BUDGET_FAMILY-1361,B,T10_BUDGET_FAMILY,1.0,-1,1,1,-0.1,0.1,200.0,20.0,59,-1,7.0,0.075,-2.394141003279681,-6.5778483455013586,6.115415606566707,30000,True,0.0,0.0,0.0,0.0,0.0,0.0394948188825674,0.09190743813215664,0.10805948176104944,0.13971264760389238,2.3468325070625933,5.423814166453194,6.370341636863892,8.260525428909858,0.10699881074841512,0.10912131639603846,0.6088333333333333,0.6032974656446051,0.6143413326726777,0.9286,0.9256310544425324,0.931459196327336
T10_BUDGET_FAMILY-1362,B,T10_BUDGET_FAMILY,1.0,-1,1,1,-0.1,0.1,200.0,20.0,59,1,7.0,0.075,-2.394141003279681,6.5778483455013586,6.115415606566707,30000,True,0.0,0.0,0.0,0.0,0.0,0.04153436885685486,0.0999585443310049,0.11814479730891973,0.1521339333501765,2.468216436098608,5.889592209425768,6.976250151573654,8.980405787220612,0.11676694839521902,0.11935462454983019,0.5829666666666666,0.5773768986850282,0.5885351898331085,0.9001333333333333,0.8966891892187634,0.9034750175195707
T10_BUDGET_FAMILY-1363,B,T10_BUDGET_FAMILY,1.0,-1,1,1,-0.1,0.1,200.0,20.0,60,-1,7.0,0.075,-2.394141003279681,-6.5778483455013586,6.018128036967867,30000,True,0.0,0.0,0.0,0.0,0.0,0.03974302621467381,0.09238738193524144,0.10854907205942463,0.14046613913218592,2.4066441694333993,5.5431403968025625,6.5112471709737045,8.4339245506339,0.10740729952067826,0.10960925524187838,0.6054,0.5998560524561147,0.610916958349168,0.9267666666666666,0.9237637119463395,0.9296603416083831
T10_BUDGET_FAMILY-1364,B,T10_BUDGET_FAMILY,1.0,-1,1,1,-0.1,0.1,200.0,20.0,60,1,7.0,0.075,-2.394141003279681,6.5778483455013586,6.018128036967867,30000,True,0.0,0.0,0.0,0.0,0.0,0.04191674238958877,0.10070002814309334,0.11886369906028212,0.152893648778218,2.5291477956680195,6.032180038684758,7.133814659739322,9.182868984561404,0.11748281858402124,0.1199568488848037,0.5798,0.5742047272307124,0.5853748388248999,0.8976,0.8941182669659006,0.9009799218024138
T10_BUDGET_FAMILY-1365,B,T10_BUDGET_FAMILY,1.0,1,-1,-1,0.1,-0.1,200.0,-20.0,50,-1,7.0,0.075,2.394141003279681,-6.5778483455013586,7.866922341283484,30000,True,0.0,0.0,0.0,0.0,0.0,0.03512872803226188,0.08514019510438174,0.10101285996481707,0.13031377531908603,1.7715784071027252,4.26088570956296,5.06680660137604,6.5110153291191315,0.0998868764380711,0.1023252077025242,0.6609666666666667,0.6555896472362128,0.6663024682535752,0.9478333333333333,0.9452592760594621,0.9502927164038432
T10_BUDGET_FAMILY-1366,B,T10_BUDGET_FAMILY,1.0,1,-1,-1,0.1,-0.1,200.0,-20.0,50,1,7.0,0.075,2.394141003279681,6.5778483455013586,7.866922341283484,30000,True,0.0,0.0,0.0,0.0,0.0,0.03397553288875969,0.07985698502276208,0.09475361464886603,0.1229819744139033,1.7061880381713685,3.993387050431857,4.723504989115931,6.151561738819772,0.09369284300162406,0.0956299111722025,0.6855,0.6802223941827331,0.6907301058588221,0.9622,0.9599820778731428,0.9642995691306676
T10_BUDGET_FAMILY-1367,B,T10_BUDGET_FAMILY,1.0,1,-1,-1,0.1,-0.1,200.0,-20.0,51,-1,7.0,0.075,2.394141003279681,-6.5778483455013586,7.707036337604307,30000,True,0.0,0.0,0.0,0.0,0.0,0.03549149869698579,0.08582630255263227,0.10178557664967973,0.13153952090113424,1.8235052057688592,4.381695764852529,5.208250558110306,6.687726101462546,0.10063623239465669,0.10304288121621169,0.6574333333333333,0.6520433394514491,0.6627830141327855,0.9462,0.9435892831459611,0.9486964608893054
T10_BUDGET_FAMILY-1368,B,T10_BUDGET_FAMILY,1.0,1,-1,-1,0.1,-0.1,200.0,-20.0,51,1,7.0,0.075,2.394141003279681,6.5778483455013586,7.707036337604307,30000,True,0.0,0.0,0.0,0.0,0.0,0.034274294957689494,0.08042343845173316,0.09530187433748889,0.12369280016412539,1.753482579930261,4.1003745857531255,4.8453573880619905,6.310322360946821,0.09420463000714122,0.09622746305655432,0.6823,0.6770084844524572,0.6875448349953893,0.9612,0.9589549980769367,0.9633269049913398
T10_BUDGET_FAMILY-1369,B,T10_BUDGET_FAMILY,1.0,1,-1,-1,0.1,-0.1,200.0,-20.0,52,-1,7.0,0.075,2.394141003279681,-6.5778483455013586,7.553482918314897,30000,True,0.0,0.0,0.0,0.0,0.0,0.03585799264719114,0.0865295053646707,0.10255596856612911,0.13251579024327265,1.8752392545106862,4.499244506666565,5.349995097899369,6.861734930174605,0.10136837840067842,0.10376872078376373,0.6531333333333333,0.6477279952437242,0.6584994594177144,0.9441333333333334,0.9414771684837302,0.9466757714180996
T10_BUDGET_FAMILY-1370,B,T10_BUDGET_FAMILY,1.0,1,-1,-1,0.1,-0.1,200.0,-20.0,52,1,7.0,0.075,2.394141003279681,6.5778483455013586,7.553482918314897,30000,True,0.0,0.0,0.0,0.0,0.0,0.034531736003237126,0.08090347511212301,0.09577416777559532,0.12445240484169841,1.800296659032902,4.20320819895651,4.970758046325239,6.469603161935887,0.09478528526585268,0.09680871036600933,0.6785,0.6731923391989195,0.6837619532938978,0.9598,0.9575177423421898,0.961964519216339
T10_BUDGET_FAMILY-1371,B,T10_BUDGET_FAMILY,1.0,1,-1,-1,0.1,-0.1,200.0,-20.0,53,-1,7.0,0.075,2.394141003279681,-6.5778483455013586,7.405895248999453,30000,True,0.0,0.0,0.0,0.0,0.0,0.03615471239558547,0.08719071118981837,0.10326558466005643,0.13356290452751604,1.9281063488943504,4.625539856593529,5.49248054378897,7.049070467940083,0.10216315967511304,0.10445948934809493,0.6489,0.6434800293948928,0.6542818426061185,0.9421666666666667,0.9394681794249343,0.9447519307370119
T10_BUDGET_FAMILY-1372,B,T10_BUDGET_FAMILY,1.0,1,-1,-1,0.1,-0.1,200.0,-20.0,53,1,7.0,0.075,2.394141003279681,6.5778483455013586,7.405895248999453,30000,True,0.0,0.0,0.0,0.0,0.0,0.034746925967937964,0.08144732891103902,0.09634872710886945,0.12508797286924642,1.8508406954506722,4.311320676944462,5.094741580795918,6.6309974138972985,0.0953562860298626,0.0973544457019688,0.6749,0.6695774135431134,0.6801778007817816,0.9588666666666666,0.9565599801622598,0.9610558537231039
T10_BUDGET_FAMILY-1373,B,T10_BUDGET_FAMILY,1.0,1,-1,-1,0.1,-0.1,200.0,-20.0,54,-1,7.0,0.075,2.394141003279681,-6.5778483455013586,7.263934138292941,30000,True,0.0,0.0,0.0,0.0,0.0,0.03647447066251517,0.08789487844355477,0.1041030446882662,0.13439637658277737,1.983529047311964,4.748249508781604,5.638531328883714,7.246728423790347,0.10295905584430622,0.10528197576853968,0.6447666666666667,0.63933285896214,0.6501634047719974,0.9404666666666667,0.9377322899568883,0.94308825551465
T10_BUDGET_FAMILY-1374,B,T10_BUDGET_FAMILY,1.0,1,-1,-1,0.1,-0.1,200.0,-20.0,54,1,7.0,0.075,2.394141003279681,6.5778483455013586,7.263934138292941,30000,True,0.0,0.0,0.0,0.0,0.0,0.035046405041737824,0.08204331913037434,0.09680845143947774,0.12584999049943393,1.9013958593380185,4.419832744397995,5.225023338887279,6.7863293801726305,0.09585505285704159,0.09784459067970998,0.6711,0.6657620455634568,0.676394141806409,0.9574,0.9550555564210074,0.9596273196922399
T10_BUDGET_FAMILY-1375,B,T10_BUDGET_FAMILY,1.0,1,-1,-1,0.1,-0.1,200.0,-20.0,55,-1,7.0,0.075,2.394141003279681,-6.5778483455013586,7.127285496135716,30000,True,0.0,0.0,0.0,0.0,0.0,0.036770806810858404,0.08868935525727682,0.10490558027675587,0.13536795179087965,2.03618064540352,4.878000659218468,5.784799695926006,7.432036946871943,0.10370473508913433,0.10595927911500408,0.6410666666666667,0.6356208465593993,0.6464763646132623,0.9388666666666666,0.936099075456058,0.9415218797186259
T10_BUDGET_FAMILY-1376,B,T10_BUDGET_FAMILY,1.0,1,-1,-1,0.1,-0.1,200.0,-20.0,55,1,7.0,0.075,2.394141003279681,6.5778483455013586,7.127285496135716,30000,True,0.0,0.0,0.0,0.0,0.0,0.03527587210174878,0.08255396808357138,0.09736451090547794,0.12654879235452227,1.951833115280385,4.535561707485426,5.356544108181418,6.951717680186493,0.0963722409751376,0.09838658430360284,0.6674333333333333,0.662080923550087,0.6727428693894876,0.9559666666666666,0.9535860376192157,0.9582305388530995
T10_BUDGET_FAMILY-1377,B,T10_BUDGET_FAMILY,1.0,1,-1,-1,0.1,-0.1,200.0,-20.0,56,-1,7.0,0.075,2.394141003279681,-6.5778483455013586,6.995658065923661,30000,True,0.0,0.0,0.0,0.0,0.0,0.03708773534167457,0.08933142748968821,0.10568501046123176,0.13620084514892003,2.092782168864132,5.003945434875136,5.923455773424534,7.617201436662357,0.1045537538831111,0.10676193469946023,0.6367333333333334,0.6312738904992974,0.6421577636193836,0.9370666666666667,0.9342623373401384,0.9397590787505845
T10_BUDGET_FAMILY-1378,B,T10_BUDGET_FAMILY,1.0,1,-1,-1,0.1,-0.1,200.0,-20.0,56,1,7.0,0.075,2.394141003279681,6.5778483455013586,6.995658065923661,30000,True,0.0,0.0,0.0,0.0,0.0,0.03554365943172425,0.08310896870698795,0.0979869847531247,0.12716039985032118,2.0052153153698375,4.651069146217814,5.4830915139327425,7.115739916444666,0.09698327349397713,0.09896971053572466,0.6633,0.6579317309395863,0.6686264537331142,0.9547,0.9522879537534893,0.9569956137338161
T10_BUDGET_FAMILY-1379,B,T10_BUDGET_FAMILY,1.0,1,-1,-1,0.1,-0.1,200.0,-20.0,57,-1,7.0,0.075,2.394141003279681,-6.5778483455013586,6.8687813969112,30000,True,0.0,0.0,0.0,0.0,0.0,0.03742732535550025,0.09008813964098307,0.10651817721627285,0.1371472011956137,2.1496285941844233,5.132028801749958,6.072259429311083,7.805051003623154,0.1053899657151426,0.10749197232350538,0.632,0.6265262224109128,0.6374399770795739,0.9349,0.9320522949848925,0.9376363425788398
T10_BUDGET_FAMILY-1380,B,T10_BUDGET_FAMILY,1.0,1,-1,-1,0.1,-0.1,200.0,-20.0,57,1,7.0,0.075,2.394141003279681,6.5778483455013586,6.8687813969112,30000,True,0.0,0.0,0.0,0.0,0.0,0.03584429710061412,0.08365331223457928,0.09859089319928509,0.12777101248874656,2.0550852379133735,4.76493371161885,5.613325094533868,7.278553760886212,0.09764656115004437,0.09956663970661882,0.6589666666666667,0.6535822624853315,0.6643103651333887,0.9536,0.9511610801722727,0.9559227689859453
T10_BUDGET_FAMILY-1381,B,T10_BUDGET_FAMILY,1.0,1,-1,-1,0.1,-0.1,200.0,-20.0,58,-1,7.0,0.075,2.394141003279681,-6.5778483455013586,6.74640402784035,30000,True,0.0,0.0,0.0,0.0,0.0,0.03777561457067115,0.0908410615492984,0.10727350751451521,0.13806178328434368,2.2076913871358896,5.266463997914266,6.234623177218897,8.011998200959907,0.10620319416888656,0.10832261712986185,0.6281333333333333,0.622648265152495,0.6335855911205935,0.9328333333333333,0.9299450789715688,0.9356107544587268
T10_BUDGET_FAMILY-1382,B,T10_BUDGET_FAMILY,1.0,1,-1,-1,0.1,-0.1,200.0,-20.0,58,1,7.0,0.075,2.394141003279681,6.5778483455013586,6.74640402784035,30000,True,0.0,0.0,0.0,0.0,0.0,0.03613344907986628,0.0841495646416059,0.09921681811167607,0.12836176788071713,2.1095091326510222,4.880636266810563,5.747993708036306,7.442510267952649,0.09820260714255614,0.10019381852922198,0.6546,0.6491998408798468,0.6599605715537079,0.9519,0.949420266664429,0.9542640178033811
T10_BUDGET_FAMILY-1383,B,T10_BUDGET_FAMILY,1.0,1,-1,-1,0.1,-0.1,200.0,-20.0,59,-1,7.0,0.075,2.394141003279681,-6.5778483455013586,6.628291856688221,30000,True,0.0,0.0,0.0,0.0,0.0,0.038146212447922226,0.09148755192944498,0.10803541746198793,0.1392929755478684,2.2704158723732304,5.400403364347189,6.385630551541414,8.212799666990374,0.10700765256474581,0.10917171700417062,0.6237333333333334,0.6182358727671939,0.6291991101895451,0.9305666666666667,0.9276348230629311,0.9333882574468207
T10_BUDGET_FAMILY-1384,B,T10_BUDGET_FAMILY,1.0,1,-1,-1,0.1,-0.1,200.0,-20.0,59,1,7.0,0.075,2.394141003279681,6.5778483455013586,6.628291856688221,30000,True,0.0,0.0,0.0,0.0,0.0,0.03641439903703273,0.08473810184379692,0.09974074514384358,0.12897813566704572,2.162141972063331,4.99725935216432,5.8840074318820434,7.608458481245892,0.09879141806892046,0.10079635760471402,0.6510333333333334,0.6456206780888243,0.6564073143079927,0.9506333333333333,0.9481237343744032,0.9530275411083974
T10_BUDGET_FAMILY-1385,B,T10_BUDGET_FAMILY,1.0,1,-1,-1,0.1,-0.1,200.0,-20.0,60,-1,7.0,0.075,2.394141003279681,-6.5778483455013586,6.51422667476236,30000,True,0.0,0.0,0.0,0.0,0.0,0.038494614676805365,0.09224886619655498,0.10890850775638725,0.1403950513886765,2.327957295826752,5.530875400490762,6.53875484793622,8.412752035971168,0.10771636169071831,0.11004040959106452,0.6195,0.613991071107049,0.6249783291892629,0.9280333333333334,0.9250538173320652,0.9309032452076672
T10_BUDGET_FAMILY-1386,B,T10_BUDGET_FAMILY,1.0,1,-1,-1,0.1,-0.1,200.0,-20.0,60,1,7.0,0.075,2.394141003279681,6.5778483455013586,6.51422667476236,30000,True,0.0,0.0,0.0,0.0,0.0,0.03672392323466897,0.08523977053762846,0.10033914469696809,0.12959697416392282,2.2188218358828773,5.1170658882371,6.013140004470537,7.77823241122855,0.09935774759893796,0.10140739438721305,0.6472666666666667,0.6418411752716908,0.6526544483012815,0.9492333333333334,0.946691243344199,0.9516603906288541
T10_BUDGET_FAMILY-1387,B,T10_BUDGET_FAMILY,1.0,1,-1,1,0.1,-0.1,200.0,20.0,50,-1,7.0,0.075,-2.394141003279681,-6.5778483455013586,7.155787978313261,30000,True,0.0,0.0,0.0,0.0,0.0,0.03884205600720307,0.09429898061310141,0.11189603357695788,0.1446778209907184,1.9583293333563545,4.7131707097668265,5.606134894689155,7.2124280746967875,0.110624172844703,0.11319612199918808,0.6145,0.608978096118714,0.619992584499928,0.9203,0.9171812586194744,0.9233111174854617
T10_BUDGET_FAMILY-1388,B,T10_BUDGET_FAMILY,1.0,1,-1,1,0.1,-0.1,200.0,20.0,50,1,7.0,0.075,-2.394141003279681,6.5778483455013586,7.155787978313261,30000,True,0.0,0.0,0.0,0.0,0.0,0.03741083184555038,0.08788194952052322,0.10389705082397399,0.1353097908285065,1.8789832656189867,4.391334291994435,5.1965678434546785,6.771520289264735,0.10297767439999603,0.10492579732961672,0.6389,0.6334473086187217,0.6443171240269497,0.9402,0.9374600501579525,0.9428272302641102
T10_BUDGET_FAMILY-1389,B,T10_BUDGET_FAMILY,1.0,1,-1,1,0.1,-0.1,200.0,20.0,51,-1,7.0,0.075,-2.394141003279681,-6.5778483455013586,7.023120707976482,30000,True,0.0,0.0,0.0,0.0,0.0,0.03914349611926359,0.0948847518157353,0.11255339531979874,0.14539960167806498,2.0081432583174963,4.8375236466836515,5.749043407986636,7.400005955062818,0.11134128308260982,0.11378765139919712,0.6111333333333333,0.6056030387374227,0.616635170631588,0.9183,0.9151466859655069,0.9213462022683614
T10_BUDGET_FAMILY-1390,B,T10_BUDGET_FAMILY,1.0,1,-1,1,0.1,-0.1,200.0,20.0,51,1,7.0,0.075,-2.394141003279681,6.5778483455013586,7.023120707976482,30000,True,0.0,0.0,0.0,0.0,0.0,0.03762037667900981,0.08826530936956703,0.10428021275874876,0.13588483045401523,1.9268331027948946,4.501069860957121,5.319898708398062,6.930892771075343,0.10338447882863315,0.10535108296856818,0.6354666666666666,0.6300033321446491,0.6408953129890221,0.9391333333333334,0.936371240798529,0.9417829794256307
T10_BUDGET_FAMILY-1391,B,T10_BUDGET_FAMILY,1.0,1,-1,1,0.1,-0.1,200.0,20.0,52,-1,7.0,0.075,-2.394141003279681,-6.5778483455013586,6.895259815258225,30000,True,0.0,0.0,0.0,0.0,0.0,0.039408572031184426,0.09550952309910563,0.11327234932933782,0.14592945846624913,2.064027913738868,4.96422572850155,5.892609409001207,7.587737840187491,0.11208488774889916,0.11435190169752173,0.6075666666666667,0.6020277847370196,0.6130780045952534,0.9164,0.9132143520258137,0.9194790227305399
T10_BUDGET_FAMILY-1392,B,T10_BUDGET_FAMILY,1.0,1,-1,1,0.1,-0.1,200.0,20.0,52,1,7.0,0.075,-2.394141003279681,6.5778483455013586,6.895259815258225,30000,True,0.0,0.0,0.0,0.0,0.0,0.03785342636364538,0.08879447536838046,0.10478547573098482,0.1362696513761071,1.97433534423954,4.609362568785324,5.446563638554465,7.099127259415775,0.10366901948873487,0.10582328175053654,0.6325,0.6270277098775401,0.6379383615807135,0.9381333333333334,0.935350695870312,0.9408037804183137
T10_BUDGET_FAMILY-1393,B,T10_BUDGET_FAMILY,1.0,1,-1,1,0.1,-0.1,200.0,20.0,53,-1,7.0,0.075,-2.394141003279681,-6.5778483455013586,6.771949960447955,30000,True,0.0,0.0,0.0,0.0,0.0,0.0396883747133667,0.09614730511565055,0.11389856474237749,0.14670402640978888,2.1194171903768964,5.093195205857509,6.040488164195117,7.777956821983844,0.11273606263461408,0.114961925313306,0.6043666666666667,0.5988203432845512,0.609886265454013,0.9148,0.9115874974164037,0.9179062870430955
T10_BUDGET_FAMILY-1394,B,T10_BUDGET_FAMILY,1.0,1,-1,1,0.1,-0.1,200.0,20.0,53,1,7.0,0.075,-2.394141003279681,6.5778483455013586,6.771949960447955,30000,True,0.0,0.0,0.0,0.0,0.0,0.03811472323362447,0.08923406142238577,0.10521386927704346,0.1366615061346186,2.0273486079477685,4.718756263133266,5.57351191209907,7.254144614509531,0.10406552959430786,0.10624693821190147,0.6292333333333333,0.6237514389021408,0.6346821357000352,0.9369666666666666,0.9341603153249337,0.9396611263722355
T10_BUDGET_FAMILY-1395,B,T10_BUDGET_FAMILY,1.0,1,-1,1,0.1,-0.1,200.0,20.0,54,-1,7.0,0.075,-2.394141003279681,-6.5778483455013586,6.652953493821876,30000,True,0.0,0.0,0.0,0.0,0.0,0.03997083118508963,0.09676205008588686,0.11453283735368229,0.14754208598356194,2.174431164089867,5.2196979515439885,6.190422925118327,7.975485064713496,0.11345332133741481,0.11571326287005551,0.6007666666666667,0.5952122676986369,0.6062952628720049,0.9121,0.908842930254719,0.9152515455788386
T10_BUDGET_FAMILY-1396,B,T10_BUDGET_FAMILY,1.0,1,-1,1,0.1,-0.1,200.0,20.0,54,1,7.0,0.075,-2.394141003279681,6.5778483455013586,6.652953493821876,30000,True,0.0,0.0,0.0,0.0,0.0,0.03834097651680245,0.08962599270758519,0.10571808880377394,0.13732869956618168,2.0778058992432866,4.838612038386731,5.702293992424895,7.421813966350385,0.10458549863188964,0.1067439959746267,0.6263,0.6208097095773786,0.6317579494805643,0.9355,0.9326642164428247,0.9382242674822281
T10_BUDGET_FAMILY-1397,B,T10_BUDGET_FAMILY,1.0,1,-1,1,0.1,-0.1,200.0,20.0,55,-1,7.0,0.075,-2.394141003279681,-6.5778483455013586,6.538048956611207,30000,True,0.0,0.0,0.0,0.0,0.0,0.040252770460187874,0.09736277550706608,0.11526267719431964,0.14863689562638985,2.233555152599418,5.347374129391736,6.344458765666642,8.174513625793388,0.11412688825556747,0.11647696045401816,0.5967333333333333,0.5911702573296639,0.6022716393676574,0.9096333333333333,0.9063363426718457,0.9128254314540613
T10_BUDGET_FAMILY-1398,B,T10_BUDGET_FAMILY,1.0,1,-1,1,0.1,-0.1,200.0,20.0,55,1,7.0,0.075,-2.394141003279681,6.5778483455013586,6.538048956611207,30000,True,0.0,0.0,0.0,0.0,0.0,0.0385432411078797,0.09006994712548778,0.10613412239070408,0.13785168996857947,2.1301724418960335,4.955090816515069,5.834830441435794,7.5909592120481575,0.10510311515760781,0.10719116689920634,0.6226,0.6170994255948442,0.6280691809016231,0.9341666666666667,0.9313044829358008,0.9369176757418733
T10_BUDGET_FAMILY-1399,B,T10_BUDGET_FAMILY,1.0,1,-1,1,0.1,-0.1,200.0,20.0,56,-1,7.0,0.075,-2.394141003279681,-6.5778483455013586,6.42702973118619,30000,True,0.0,0.0,0.0,0.0,0.0,0.040603182676911,0.09802600987636609,0.11600264868192234,0.14943438113648355,2.2922690653005877,5.4772232842832835,6.5002318755558095,8.381335820499837,0.11478943161344748,0.11718295017445904,0.594,0.5884312653847044,0.5995446645554907,0.9079,0.9045753951503382,0.9111201561539765
T10_BUDGET_FAMILY-1400,B,T10_BUDGET_FAMILY,1.0,1,-1,1,0.1,-0.1,200.0,20.0,56,1,7.0,0.075,-2.394141003279681,6.5778483455013586,6.42702973118619,30000,True,0.0,0.0,0.0,0.0,0.0,0.03879407128815604,0.09043520883365908,0.10658615039296025,0.13832929708558886,2.181598223272816,5.074715686900822,5.964679753671988,7.760456259368564,0.10551696729254013,0.10766623061631415,0.6195666666666667,0.6140579149372032,0.6250448016214778,0.9330666666666667,0.9301829512807367,0.9358394890678501
T10_BUDGET_FAMILY-1401,B,T10_BUDGET_FAMILY,1.0,1,-1,1,0.1,-0.1,200.0,20.0,57,-1,7.0,0.075,-2.394141003279681,-6.5778483455013586,6.319702823486625,30000,True,0.0,0.0,0.0,0.0,0.0,0.04092122088729342,0.09865625605242687,0.11662072710656932,0.15049158456119122,2.3512973332296134,5.615118255413997,6.65889285709547,8.590660472466894,0.11540813448595257,0.11781822538673904,0.5908666666666667,0.5852916648212879,0.5964184007875674,0.9050666666666667,0.9016976758138142,0.9083319343398208
T10_BUDGET_FAMILY-1402,B,T10_BUDGET_FAMILY,1.0,1,-1,1,0.1,-0.1,200.0,20.0,57,1,7.0,0.075,-2.394141003279681,6.5778483455013586,6.319702823486625,30000,True,0.0,0.0,0.0,0.0,0.0,0.03900842203993698,0.09092087679724034,0.10714418264630379,0.13861198190252907,2.2345832555700986,5.189424405402786,6.0980824220821495,7.9238138499804744,0.10602474013335494,0.10817457002372116,0.6164666666666667,0.6109497928592654,0.6219537174992601,0.9316666666666666,0.9287558636860009,0.9344669351528383
T10_BUDGET_FAMILY-1403,B,T10_BUDGET_FAMILY,1.0,1,-1,1,0.1,-0.1,200.0,20.0,58,-1,7.0,0.075,-2.394141003279681,-6.5778483455013586,6.215887762890156,30000,True,0.0,0.0,0.0,0.0,0.0,0.041244770971280494,0.09928343901883621,0.11741804956895481,0.1513267086354941,2.409239492910028,5.7554963107396215,6.81455689886221,8.792571227065006,0.11605850187707083,0.11857540012697511,0.5866333333333333,0.581050234963794,0.592194247984634,0.9030666666666667,0.8996668893589992,0.906363232923568
T10_BUDGET_FAMILY-1404,B,T10_BUDGET_FAMILY,1.0,1,-1,1,0.1,-0.1,200.0,20.0,58,1,7.0,0.075,-2.394141003279681,6.5778483455013586,6.215887762890156,30000,True,0.0,0.0,0.0,0.0,0.0,0.03926612696979787,0.09140687846886247,0.10762492007632145,0.13914737358470147,2.289849856470491,5.3058771872579324,6.23470501459073,8.086853146744795,0.10649821822547008,0.10860552845639795,0.6131666666666666,0.6076414065513316,0.6186629488199316,0.9300333333333334,0.9270913634702656,0.9328651869405349
T10_BUDGET_FAMILY-1405,B,T10_BUDGET_FAMILY,1.0,1,-1,1,0.1,-0.1,200.0,20.0,59,-1,7.0,0.075,-2.394141003279681,-6.5778483455013586,6.115415606566707,30000,True,0.0,0.0,0.0,0.0,0.0,0.04153436885685486,0.0999585443310049,0.11814479730891973,0.1521339333501765,2.468216436098608,5.889592209425768,6.976250151573654,8.980405787220612,0.11676694839521902,0.11935462454983019,0.5829666666666666,0.5773768986850282,0.5885351898331085,0.9001333333333333,0.8966891892187634,0.9034750175195707
T10_BUDGET_FAMILY-1406,B,T10_BUDGET_FAMILY,1.0,1,-1,1,0.1,-0.1,200.0,20.0,59,1,7.0,0.075,-2.394141003279681,6.5778483455013586,6.115415606566707,30000,True,0.0,0.0,0.0,0.0,0.0,0.0394948188825674,0.09190743813215664,0.10805948176104944,0.13971264760389238,2.3468325070625933,5.423814166453194,6.370341636863892,8.260525428909858,0.10699881074841512,0.10912131639603846,0.6088333333333333,0.6032974656446051,0.6143413326726777,0.9286,0.9256310544425324,0.931459196327336
T10_BUDGET_FAMILY-1407,B,T10_BUDGET_FAMILY,1.0,1,-1,1,0.1,-0.1,200.0,20.0,60,-1,7.0,0.075,-2.394141003279681,-6.5778483455013586,6.018128036967867,30000,True,0.0,0.0,0.0,0.0,0.0,0.04191674238958877,0.10070002814309334,0.11886369906028212,0.152893648778218,2.5291477956680195,6.032180038684758,7.133814659739322,9.182868984561404,0.11748281858402124,0.1199568488848037,0.5798,0.5742047272307124,0.5853748388248999,0.8976,0.8941182669659006,0.9009799218024138
T10_BUDGET_FAMILY-1408,B,T10_BUDGET_FAMILY,1.0,1,-1,1,0.1,-0.1,200.0,20.0,60,1,7.0,0.075,-2.394141003279681,6.5778483455013586,6.018128036967867,30000,True,0.0,0.0,0.0,0.0,0.0,0.03974302621467381,0.09238738193524144,0.10854907205942463,0.14046613913218592,2.4066441694333993,5.5431403968025625,6.5112471709737045,8.4339245506339,0.10740729952067826,0.10960925524187838,0.6054,0.5998560524561147,0.610916958349168,0.9267666666666666,0.9237637119463395,0.9296603416083831
T10_BUDGET_FAMILY-1409,B,T10_BUDGET_FAMILY,1.0,1,1,-1,0.1,0.1,200.0,-20.0,50,-1,7.0,0.075,2.394141003279681,-6.5778483455013586,7.866922341283484,30000,True,0.0,0.0,0.0,0.0,0.0,0.03363738687913582,0.07933756085892398,0.09415642120611324,0.12228246557434445,1.6865947841872613,3.9565094423614733,4.682741026234677,6.114521737082837,0.09313086149268755,0.0949965646646767,0.6896666666666667,0.6844076064799743,0.6948771599596392,0.9636,0.9614206775593553,0.9656606109542026
T10_BUDGET_FAMILY-1410,B,T10_BUDGET_FAMILY,1.0,1,1,-1,0.1,0.1,200.0,-20.0,50,1,7.0,0.075,2.394141003279681,6.5778483455013586,7.866922341283484,30000,True,0.0,0.0,0.0,0.0,0.0,0.0347856402474109,0.08451374427696579,0.1002480441861124,0.13009029117562393,1.7497633126674608,4.217543311083,5.022634362277939,6.458358779159154,0.09920133751975613,0.10162938294337792,0.6645666666666666,0.6592032088596587,0.6698879847980517,0.9494,0.9468617501249744,0.951823174504001
T10_BUDGET_FAMILY-1411,B,T10_BUDGET_FAMILY,1.0,1,1,-1,0.1,0.1,200.0,-20.0,51,-1,7.0,0.075,2.394141003279681,-6.5778483455013586,7.707036337604307,30000,True,0.0,0.0,0.0,0.0,0.0,0.03389626795275588,0.07988334146537582,0.09466958689901352,0.12290490153815388,1.7337338948922756,4.062437145881286,4.80353952393667,6.266856576571691,0.09357351084616869,0.09559665323664829,0.6858333333333333,0.6805571930443867,0.691061888309013,0.9623333333333334,0.9601190522869842,0.964429227241564
T10_BUDGET_FAMILY-1412,B,T10_BUDGET_FAMILY,1.0,1,1,-1,0.1,0.1,200.0,-20.0,51,1,7.0,0.075,2.394141003279681,6.5778483455013586,7.707036337604307,30000,True,0.0,0.0,0.0,0.0,0.0,0.03513809034807763,0.08517196286732687,0.10106723618944455,0.1306589753531599,1.800860515816866,4.337392560081261,5.158033216916587,6.637146182166271,0.099946789214844,0.10235883393953747,0.6609,0.655522732695469,0.6662360665319501,0.9476,0.9450206643540157,0.9500647211909984
T10_BUDGET_FAMILY-1413,B,T10_BUDGET_FAMILY,1.0,1,1,-1,0.1,0.1,200.0,-20.0,52,-1,7.0,0.075,2.394141003279681,-6.5778483455013586,7.553482918314897,30000,True,0.0,0.0,0.0,0.0,0.0,0.03416199695268345,0.08036421021592656,0.09513811842543259,0.12368340364739903,1.78190083827928,4.168127398170266,4.929620104586286,6.421726084876577,0.09419677294154888,0.09611382786829245,0.6825666666666667,0.6772762992703042,0.6878102852270179,0.9612,0.9589549980769367,0.9633269049913398
T10_BUDGET_FAMILY-1414,B,T10_BUDGET_FAMILY,1.0,1,1,-1,0.1,0.1,200.0,-20.0,52,1,7.0,0.075,2.394141003279681,6.5778483455013586,7.553482918314897,30000,True,0.0,0.0,0.0,0.0,0.0,0.03547229632775124,0.08585390413402144,0.1018331796957501,0.1316654378290323,1.850969494463549,4.458389188589613,5.2989194097798045,6.816357274186023,0.10080466703850373,0.10300352865799052,0.6572333333333333,0.6518426149512903,0.6625837898458374,0.9461666666666667,0.9435552085910321,0.94866387731305
T10_BUDGET_FAMILY-1415,B,T10_BUDGET_FAMILY,1.0,1,1,-1,0.1,0.1,200.0,-20.0,53,-1,7.0,0.075,2.394141003279681,-6.5778483455013586,7.405895248999453,30000,True,0.0,0.0,0.0,0.0,0.0,0.03442957952812667,0.08083476778061109,0.09568429152923358,0.12446120141408878,1.8307226192931139,4.271424305916682,5.052643065103977,6.583443269024816,0.094689998947,0.09670281398021904,0.6792666666666667,0.6739622308396223,0.6845251986704377,0.9599666666666666,0.9576888051689461,0.962126747045505
T10_BUDGET_FAMILY-1416,B,T10_BUDGET_FAMILY,1.0,1,1,-1,0.1,0.1,200.0,-20.0,53,1,7.0,0.075,2.394141003279681,6.5778483455013586,7.405895248999453,30000,True,0.0,0.0,0.0,0.0,0.0,0.035784441241359655,0.08655888755763708,0.10262141900738778,0.13279153607738076,1.9019970732258553,4.579559412167519,5.440395162468472,7.001365185016678,0.10142658461550684,0.10371976749135596,0.6534666666666666,0.6480625006550728,0.6588315353182103,0.9439,0.9412387675217204,0.9464475654618179
T10_BUDGET_FAMILY-1417,B,T10_BUDGET_FAMILY,1.0,1,1,-1,0.1,0.1,200.0,-20.0,54,-1,7.0,0.075,2.394141003279681,-6.5778483455013586,7.263934138292941,30000,True,0.0,0.0,0.0,0.0,0.0,0.0346986431602549,0.08138873593848046,0.09617461567502161,0.12519966308890396,1.8762548731774298,4.379213879378791,5.176228938871497,6.737394394719521,0.09521148004762117,0.09717648991397222,0.6753666666666667,0.6700459948310682,0.6806424333304093,0.9587666666666667,0.9564573816062197,0.9609584778855905
T10_BUDGET_FAMILY-1418,B,T10_BUDGET_FAMILY,1.0,1,1,-1,0.1,0.1,200.0,-20.0,54,1,7.0,0.075,2.394141003279681,6.5778483455013586,7.263934138292941,30000,True,0.0,0.0,0.0,0.0,0.0,0.036068600084075086,0.08727953339594531,0.10343929519858824,0.1335302178707837,1.9540698717274405,4.705011381784725,5.587449940944186,7.189294989728245,0.1022565549412746,0.10442678662477618,0.6489666666666667,0.6435469228722599,0.6543482653911203,0.9421333333333334,0.9394341362889503,0.9447193157418113
T10_BUDGET_FAMILY-1419,B,T10_BUDGET_FAMILY,1.0,1,1,-1,0.1,0.1,200.0,-20.0,55,-1,7.0,0.075,2.394141003279681,-6.5778483455013586,7.127285496135716,30000,True,0.0,0.0,0.0,0.0,0.0,0.03498255827624645,0.08194258513518442,0.09676263337201463,0.12585107530849304,1.9265015748783683,4.489221236494509,5.304085887772758,6.8989071427606214,0.0957874239966499,0.09775548100956942,0.6720666666666667,0.6667325841382441,0.6773566890359712,0.9576666666666667,0.9553290320316508,0.9598871091310721
T10_BUDGET_FAMILY-1420,B,T10_BUDGET_FAMILY,1.0,1,1,-1,0.1,0.1,200.0,-20.0,55,1,7.0,0.075,2.394141003279681,6.5778483455013586,7.127285496135716,30000,True,0.0,0.0,0.0,0.0,0.0,0.03640831172545724,0.08796837778470025,0.10406615798741334,0.13442365003286366,2.0103508322686348,4.82971645773472,5.726638756591925,7.370816057027552,0.10301679066417649,0.10522192319658372,0.6451666666666667,0.6397341787146237,0.6505619825937273,0.9405333333333333,0.9378003522734998,0.9431535094604074
T10_BUDGET_FAMILY-1421,B,T10_BUDGET_FAMILY,1.0,1,1,-1,0.1,0.1,200.0,-20.0,56,-1,7.0,0.075,2.394141003279681,-6.5778483455013586,6.995658065923661,30000,True,0.0,0.0,0.0,0.0,0.0,0.03523639207754302,0.08245255242249742,0.0973448896526005,0.12649393012454827,1.9782707280219654,4.605039499672184,5.4324161766888395,7.059511569784475,0.09632218272006123,0.09831319428867362,0.6683,0.6629509740059543,0.6736059303444164,0.9561666666666667,0.9537910456729334,0.9584254795864887
T10_BUDGET_FAMILY-1422,B,T10_BUDGET_FAMILY,1.0,1,1,-1,0.1,0.1,200.0,-20.0,56,1,7.0,0.075,2.394141003279681,6.5778483455013586,6.995658065923661,30000,True,0.0,0.0,0.0,0.0,0.0,0.03670385644286928,0.08869616302894341,0.10491017428809357,0.13544454776106246,2.0655162876173074,4.953176528760127,5.872339378592841,7.562000722015203,0.10378641195404281,0.10593378219280426,0.6414666666666666,0.6360221282422206,0.6468749805046544,0.9387333333333333,0.9359629982720639,0.9413913243778822
T10_BUDGET_FAMILY-1423,B,T10_BUDGET_FAMILY,1.0,1,1,-1,0.1,0.1,200.0,-20.0,57,-1,7.0,0.075,2.394141003279681,-6.5778483455013586,6.8687813969112,30000,True,0.0,0.0,0.0,0.0,0.0,0.03549438699194166,0.08291387650123065,0.0979280989851654,0.1270939050093792,2.03019394480867,4.721348902181605,5.562031059105448,7.2190914305385885,0.09685606288245582,0.09888313453639491,0.6646333333333333,0.6592701299434913,0.6699543799765879,0.9548333333333333,0.9524245700659134,0.9571256299461298
T10_BUDGET_FAMILY-1424,B,T10_BUDGET_FAMILY,1.0,1,1,-1,0.1,0.1,200.0,-20.0,57,1,7.0,0.075,2.394141003279681,6.5778483455013586,6.8687813969112,30000,True,0.0,0.0,0.0,0.0,0.0,0.03698835509427324,0.08941643885041298,0.10578171996638493,0.1363342145794867,2.1205856109291026,5.083370327573499,6.019485530454114,7.749926354672326,0.10456615223417269,0.10666429488646999,0.6374,0.631942621802078,0.6428221949402921,0.9369666666666666,0.9341603153249337,0.9396611263722355
T10_BUDGET_FAMILY-1425,B,T10_BUDGET_FAMILY,1.0,1,1,-1,0.1,0.1,200.0,-20.0,58,-1,7.0,0.075,2.394141003279681,-6.5778483455013586,6.74640402784035,30000,True,0.0,0.0,0.0,0.0,0.0,0.0357481927372332,0.08348948930359819,0.09847898427618197,0.12766305209269535,2.0810071585696295,4.838633776072561,5.692356552414545,7.384522837743963,0.0975186019166347,0.09947516750755833,0.6600666666666667,0.654686310927696,0.6654060350201115,0.9537333333333333,0.9512976510918304,0.9560528305911254
T10_BUDGET_FAMILY-1426,B,T10_BUDGET_FAMILY,1.0,1,1,-1,0.1,0.1,200.0,-20.0,58,1,7.0,0.075,2.394141003279681,6.5778483455013586,6.74640402784035,30000,True,0.0,0.0,0.0,0.0,0.0,0.03733856994363794,0.09008514980359329,0.1065015568871219,0.13727885631325384,2.176728797101948,5.214489180370863,6.173542771592597,7.948904680956034,0.10535445898246894,0.10753755944898288,0.6329333333333333,0.6274623374521799,0.6383702897114718,0.9350666666666667,0.9322222663318032,0.9377996618878517
T10_BUDGET_FAMILY-1427,B,T10_BUDGET_FAMILY,1.0,1,1,-1,0.1,0.1,200.0,-20.0,59,-1,7.0,0.075,2.394141003279681,-6.5778483455013586,6.628291856688221,30000,True,0.0,0.0,0.0,0.0,0.0,0.036024393082481086,0.08399685610379962,0.09904454836922753,0.12826557954173004,2.1338345201140028,4.951820775264581,5.827316386019218,7.546758024226967,0.09802491201291681,0.1000750767057958,0.6564666666666666,0.6510731808320632,0.6618200869478218,0.9523,0.949829793256485,0.954654388785539
T10_BUDGET_FAMILY-1428,B,T10_BUDGET_FAMILY,1.0,1,1,-1,0.1,0.1,200.0,-20.0,59,1,7.0,0.075,2.394141003279681,6.5778483455013586,6.628291856688221,30000,True,0.0,0.0,0.0,0.0,0.0,0.03768532816917502,0.09078162689604283,0.10726897598464197,0.1384903293980844,2.2361573948791005,5.343955428092764,6.325202104521736,8.1506079210864,0.10623545611551996,0.10837797386558755,0.6289333333333333,0.6234505703244134,0.6343830810971024,0.9329,0.930013041485046,0.9356761082076184
T10_BUDGET_FAMILY-1429,B,T10_BUDGET_FAMILY,1.0,1,1,-1,0.1,0.1,200.0,-20.0,60,-1,7.0,0.075,2.394141003279681,-6.5778483455013586,6.51422667476236,30000,True,0.0,0.0,0.0,0.0,0.0,0.03628963769174191,0.08453133516429598,0.09961579728941009,0.12886736829798362,2.1861077894185494,5.06833332792113,5.958681541188648,7.7193063157167945,0.09853734996337984,0.1006976843961605,0.6519333333333334,0.6465237998798538,0.6573039620589439,0.951,0.9484989997551855,0.9533855151706442
T10_BUDGET_FAMILY-1430,B,T10_BUDGET_FAMILY,1.0,1,1,-1,0.1,0.1,200.0,-20.0,60,1,7.0,0.075,2.394141003279681,6.5778483455013586,6.51422667476236,30000,True,0.0,0.0,0.0,0.0,0.0,0.038008086945120215,0.09152244307370788,0.10805815851339133,0.13949767809680982,2.2979279149127616,5.475958388886945,6.48247204805073,8.355012272570042,0.10702088742414256,0.10924027541760317,0.6245,0.6190046639695839,0.6299634560043981,0.9306333333333333,0.9277027589437674,0.9334536378283533
T10_BUDGET_FAMILY-1431,B,T10_BUDGET_FAMILY,1.0,1,1,1,0.1,0.1,200.0,20.0,50,-1,7.0,0.075,-2.394141003279681,-6.5778483455013586,7.155787978313261,30000,True,0.0,0.0,0.0,0.0,0.0,0.03811579583012616,0.08926573780204947,0.10544018546304244,0.13690772388586198,1.9118189029500519,4.448195396461563,5.255272106293794,6.843999221198109,0.104465587503027,0.10656119804333414,0.6279333333333333,0.6224476913657563,0.6333862161202256,0.9362333333333334,0.9334122137762951,0.938942749034816
T10_BUDGET_FAMILY-1432,B,T10_BUDGET_FAMILY,1.0,1,1,1,0.1,0.1,200.0,20.0,50,1,7.0,0.075,-2.394141003279681,6.5778483455013586,7.155787978313261,30000,True,0.0,0.0,0.0,0.0,0.0,0.03971747014181673,0.09579368367126179,0.11354067239085737,0.14632665898643069,1.9935158811846876,4.780387938924089,5.6791117493505885,7.293177076564549,0.11224180144084216,0.11476502183319838,0.6047,0.599154440193365,0.6102187498570438,0.9150666666666667,0.9118586165203992,0.9181684329885758
T10_BUDGET_FAMILY-1433,B,T10_BUDGET_FAMILY,1.0,1,1,1,0.1,0.1,200.0,20.0,51,-1,7.0,0.075,-2.394141003279681,-6.5778483455013586,7.023120707976482,30000,True,0.0,0.0,0.0,0.0,0.0,0.03841014899262518,0.0897074261777519,0.1058065331788629,0.13748602049175424,1.9617004323933487,4.560718740487784,5.383103370128733,7.002242274329691,0.10482441668245596,0.1069311384392353,0.6242,0.618703830886999,0.6296643659063226,0.9351333333333334,0.9322902563390327,0.937864988142991
T10_BUDGET_FAMILY-1434,B,T10_BUDGET_FAMILY,1.0,1,1,1,0.1,0.1,200.0,20.0,51,1,7.0,0.075,-2.394141003279681,6.5778483455013586,7.023120707976482,30000,True,0.0,0.0,0.0,0.0,0.0,0.04002365243617074,0.09636497499855931,0.11424722434322808,0.14713706428835724,2.04831794640825,4.908837927310257,5.826787605376365,7.487264344365117,0.11299937150467491,0.11538708254683283,0.6011666666666666,0.5956131495491098,0.6066942785957455,0.9131666666666667,0.9099270930652719,0.9163004429661885
T10_BUDGET_FAMILY-1435,B,T10_BUDGET_FAMILY,1.0,1,1,1,0.1,0.1,200.0,20.0,52,-1,7.0,0.075,-2.394141003279681,-6.5778483455013586,6.895259815258225,30000,True,0.0,0.0,0.0,0.0,0.0,0.03861905457237077,0.09015871185815036,0.10631058380308822,0.13793635633182325,2.0107822251042635,4.672395327008305,5.517005604632074,7.172941394066364,0.10515782981863094,0.10739400441415096,0.6213,0.6157958931118898,0.6267730462683833,0.9336,0.930726696521991,0.9363622739255472
T10_BUDGET_FAMILY-1436,B,T10_BUDGET_FAMILY,1.0,1,1,1,0.1,0.1,200.0,20.0,52,1,7.0,0.075,-2.394141003279681,6.5778483455013586,6.895259815258225,30000,True,0.0,0.0,0.0,0.0,0.0,0.04029380321443363,0.09703000477537985,0.11499984117796462,0.1477493191385738,2.1069163266204254,5.034457338573432,5.970093492537837,7.668342733835173,0.11363726799927772,0.11601894022591175,0.5976333333333333,0.5920721596766244,0.6031695065626775,0.9108,0.9075217981987334,0.9139730105186301
T10_BUDGET_FAMILY-1437,B,T10_BUDGET_FAMILY,1.0,1,1,1,0.1,0.1,200.0,20.0,53,-1,7.0,0.075,-2.394141003279681,-6.5778483455013586,6.771949960447955,30000,True,0.0,0.0,0.0,0.0,0.0,0.03880177478230371,0.0906687021962477,0.10679731784904682,0.13830446575434868,2.063030997084645,4.786951278974644,5.6505073309449205,7.332968987345049,0.10562561773579861,0.10788185840239606,0.6179666666666667,0.6124536933070387,0.6234494329547876,0.9325,0.9296052783983161,0.9352839737201347
T10_BUDGET_FAMILY-1438,B,T10_BUDGET_FAMILY,1.0,1,1,1,0.1,0.1,200.0,20.0,53,1,7.0,0.075,-2.394141003279681,6.5778483455013586,6.771949960447955,30000,True,0.0,0.0,0.0,0.0,0.0,0.04057568482763577,0.0976915794991586,0.11564865752255933,0.148504341450343,2.163222625342107,5.160367279975549,6.116315011109413,7.860134425244861,0.11435167011851848,0.11671566457153915,0.5942333333333333,0.5886650747965173,0.599777462061969,0.9087,0.9053880959592642,0.9119072504934775
T10_BUDGET_FAMILY-1439,B,T10_BUDGET_FAMILY,1.0,1,1,1,0.1,0.1,200.0,20.0,54,-1,7.0,0.075,-2.394141003279681,-6.5778483455013586,6.652953493821876,30000,True,0.0,0.0,0.0,0.0,0.0,0.039076897692711006,0.09113337241925247,0.10728981313245553,0.13887549260007148,2.1144350280270565,4.904094603509673,5.7771934222973504,7.495088802246714,0.10615175214902148,0.10839485836247136,0.6149333333333333,0.6094125296140718,0.6204247067099682,0.931,0.9280764200080698,0.9338132162070802
T10_BUDGET_FAMILY-1440,B,T10_BUDGET_FAMILY,1.0,1,1,1,0.1,0.1,200.0,20.0,54,1,7.0,0.075,-2.394141003279681,6.5778483455013586,6.652953493821876,30000,True,0.0,0.0,0.0,0.0,0.0,0.04089603731037014,0.09830889732186382,0.11624424005230535,0.14933219168058307,2.216069907961023,5.289514392895994,6.268023648895809,8.063097865720197,0.11511497776350002,0.11748986670207799,0.5911666666666666,0.5855922547486156,0.5967177340408998,0.9065,0.9031533482910743,0.9097425615034926
T10_BUDGET_FAMILY-1441,B,T10_BUDGET_FAMILY,1.0,1,1,1,0.1,0.1,200.0,20.0,55,-1,7.0,0.075,-2.394141003279681,-6.5778483455013586,6.538048956611207,30000,True,0.0,0.0,0.0,0.0,0.0,0.03930283608763303,0.09158891926783613,0.10761155987825788,0.13928391884693356,2.168989305853912,5.023562355593448,5.912259358077064,7.659906962544493,0.10664999343585567,0.10887942976468139,0.6116666666666667,0.6061376828129559,0.6171670566550065,0.9296333333333333,0.926683800594104,0.9324728522424826
T10_BUDGET_FAMILY-1442,B,T10_BUDGET_FAMILY,1.0,1,1,1,0.1,0.1,200.0,20.0,55,1,7.0,0.075,-2.394141003279681,6.5778483455013586,6.538048956611207,30000,True,0.0,0.0,0.0,0.0,0.0,0.041130496820096986,0.0989696894231806,0.11679851005261216,0.15027516058084622,2.273274943016236,5.421330152535784,6.42087633022689,8.262595435519472,0.11584657269593944,0.11811362797386987,0.5881666666666666,0.5825864517642421,0.5937243052186714,0.9037666666666667,0.9003776143202135,0.9070523287172275
T10_BUDGET_FAMILY-1443,B,T10_BUDGET_FAMILY,1.0,1,1,1,0.1,0.1,200.0,20.0,56,-1,7.0,0.075,-2.394141003279681,-6.5778483455013586,6.42702973118619,30000,True,0.0,0.0,0.0,0.0,0.0,0.03958453511359927,0.09198576845809343,0.10814174940789403,0.13980014882615865,2.224685322822343,5.139428096097112,6.044331195876985,7.828425752315933,0.10715313954779569,0.10925937278333933,0.6081,0.6025623824697103,0.6136099369615141,0.9285,0.9255291852229912,0.9313610911533237
T10_BUDGET_FAMILY-1444,B,T10_BUDGET_FAMILY,1.0,1,1,1,0.1,0.1,200.0,20.0,56,1,7.0,0.075,-2.394141003279681,6.5778483455013586,6.42702973118619,30000,True,0.0,0.0,0.0,0.0,0.0,0.04146805493126011,0.09957711062871535,0.11767153590801767,0.15118607706661383,2.331613484284922,5.555080402287735,6.578088663906831,8.466234526260093,0.11641462694606439,0.1187796709430725,0.5833666666666667,0.5777776108420118,0.5889343752503386,0.9015333333333333,0.8981102494679184,0.9048535987801632
T10_BUDGET_FAMILY-1445,B,T10_BUDGET_FAMILY,1.0,1,1,1,0.1,0.1,200.0,20.0,57,-1,7.0,0.075,-2.394141003279681,-6.5778483455013586,6.319702823486625,30000,True,0.0,0.0,0.0,0.0,0.0,0.03982968790708335,0.09247468329344587,0.1086537481850876,0.14001988868125953,2.279977899012566,5.256714421123849,6.174637838965025,8.004760008988232,0.10758242007151521,0.109694394015724,0.6042666666666666,0.5987201147360943,0.6097865196089163,0.9269333333333334,0.9239334478655946,0.9298238963450504
T10_BUDGET_FAMILY-1446,B,T10_BUDGET_FAMILY,1.0,1,1,1,0.1,0.1,200.0,20.0,57,1,7.0,0.075,-2.394141003279681,6.5778483455013586,6.319702823486625,30000,True,0.0,0.0,0.0,0.0,0.0,0.0418150288508509,0.1002367982578571,0.11832725062767399,0.15232951685828142,2.391637938242107,5.69051688415842,6.7391701787793785,8.679603530009617,0.11706145444036539,0.1194170566966325,0.5805666666666667,0.5749727049686808,0.5861399981041744,0.8989666666666667,0.8955051295839429,0.9023260425629349
T10_BUDGET_FAMILY-1447,B,T10_BUDGET_FAMILY,1.0,1,1,1,0.1,0.1,200.0,20.0,58,-1,7.0,0.075,-2.394141003279681,-6.5778483455013586,6.215887762890156,30000,True,0.0,0.0,0.0,0.0,0.0,0.040113578225635244,0.09290425719147447,0.10913353576289843,0.14050586854995178,2.3386405500545835,5.377131918817798,6.315385268569007,8.176054760024064,0.10800306530598953,0.11017425014182877,0.6009333333333333,0.5953793013346829,0.6064615198918812,0.9252,0.9221684095055898,0.928122711883463
T10_BUDGET_FAMILY-1448,B,T10_BUDGET_FAMILY,1.0,1,1,1,0.1,0.1,200.0,20.0,58,1,7.0,0.075,-2.394141003279681,6.5778483455013586,6.215887762890156,30000,True,0.0,0.0,0.0,0.0,0.0,0.04215925994451773,0.1009248086257731,0.1190279071988872,0.15306807545735351,2.453137739035864,5.83188262385899,6.899280024442208,8.874876066386975,0.11777420500969354,0.12022219409361166,0.5772666666666667,0.5716671599197853,0.5828463881658077,0.8962,0.8926977749203158,0.8996007723382513
T10_BUDGET_FAMILY-1449,B,T10_BUDGET_FAMILY,1.0,1,1,1,0.1,0.1,200.0,20.0,59,-1,7.0,0.075,-2.394141003279681,-6.5778483455013586,6.115415606566707,30000,True,0.0,0.0,0.0,0.0,0.0,0.04045007737145842,0.09337062555131002,0.10963227806840095,0.14135319434118096,2.3971931059892295,5.496786385088379,6.449826326693806,8.340534558961167,0.10840250743152213,0.11066107692083822,0.5975,0.59193854328868,0.6030364904258841,0.9240333333333334,0.9209806665477656,0.9269774202498309
T10_BUDGET_FAMILY-1450,B,T10_BUDGET_FAMILY,1.0,1,1,1,0.1,0.1,200.0,20.0,59,1,7.0,0.075,-2.394141003279681,6.5778483455013586,6.115415606566707,30000,True,0.0,0.0,0.0,0.0,0.0,0.0425462280254082,0.10156711272151768,0.11969033406344703,0.15385903287380687,2.51615545174749,5.9690929399957415,7.062797743613415,9.070103469067044,0.11837978622709332,0.12085068869257573,0.5744333333333334,0.5688292695828405,0.5800183373520729,0.8937666666666667,0.8902292872481171,0.8972032164339839
T10_BUDGET_FAMILY-1451,B,T10_BUDGET_FAMILY,1.0,1,1,1,0.1,0.1,200.0,20.0,60,-1,7.0,0.075,-2.394141003279681,-6.5778483455013586,6.018128036967867,30000,True,0.0,0.0,0.0,0.0,0.0,0.04079789133157601,0.09384656924566114,0.11010163433581871,0.14205494923723982,2.452107577669379,5.617896530543347,6.590672392558796,8.511829808675545,0.10893622482823098,0.11114612584839077,0.5945,0.5889322871454701,0.6000435147624921,0.9223666666666667,0.9192842487546501,0.925340931483723
T10_BUDGET_FAMILY-1452,B,T10_BUDGET_FAMILY,1.0,1,1,1,0.1,0.1,200.0,20.0,60,1,7.0,0.075,-2.394141003279681,6.5778483455013586,6.018128036967867,30000,True,0.0,0.0,0.0,0.0,0.0,0.04288462930225521,0.10223205167087575,0.1204253416323437,0.1547695277312646,2.5806053832952554,6.119317712411846,7.227216648601137,9.283869021112624,0.11910392994536044,0.12168094506589948,0.5705,0.5648899213694268,0.5760920260857195,0.8916,0.8880318009830134,0.8950679241720972
