path,sha256,canonical_lf_sha256,baseline_git_blob_oid,allow_line_endings
r3_0_method_recovery.py,15d057ec5bb2652157293d6ad14b70519882c28388626752f7bd87114dae617c,54774b97c57a809316ebfa9a652efb7f9a04d8ed34f35abdd5e116eb34dc2833,1752c41fbc321504d798de4316798eceea16a5f2,True
r3_a1_fidelity.py,358997ed26252408188c5d6547b478e649bc3c352a546b55025de1d04290cdb0,41cd62ad53625f3dae67341ee23c34cac8db53620e887e2a73ad847b282ce278,fe91ced76bbbb3fac1b557d0147f38deaa785e5a,True
r3_b1_1_correction.py,0023b3c718fba8986c15c4bc257202e5e25a4dcaad7256fda9a3d1747b4dc321,9ef6c778fc9867c62f730b25d0f7a3ddc6148b311ad15a9f52468aa0fae60175,b059709e95c2d8f7460b0190b0b3c4751c0b3d35,True
r3_b1_2_final.py,462073e5d10c4828d5146ec5983ff85a5a80730e6ae626621ecaf3b2570836cf,e47a417ed0b6330770aceff165821d13acde0b30ac264d1775f2236a926e41ca,276f743cc48473822b1f3be4f4b6f79e437a1087,True
r3_b1_2_finish.py,3458f85fa78515e546fe74bed7ea8551fe2b1f0c8225e1676f6a723bb0e6d893,41ee60555d33c1c58fbe43268c1403bfb5f24f3467167e030dc8c6ef009cb003,936135c945475d9247d5d5a79a6cebad6abbad0f,True
r3_b1_final_check.py,1b86ac19686c983abfaa75185f5c53fdcd906b8b4175f35b580bc897cb73cec1,ab101c2ae376e8f6775e981714b4e41d5648cf5fd973a4f99fd82dfd3ce041d0,48f3866b300d9f36ca3b408a80420ffdfc47230a,True
r3_b1_mmac_observability.py,7d57729ef917a4a9261d89b6ba12c9546eb34f82d250987781068c8dab66c6ae,0000814d87f2e9784f88b5f4079a38b35288c5e6f60cf74897b1b2cda66d06f7,d45149b01464cf4af861de3e7d99a7f34f3fff91,True
r3_c1_1_fidelity.py,c2d9afc30c74136856484cc4ecb64a1398be261f510b659ad1191a95ccf46ca2,734d5d63e703f3f8d3b0743ac7a26abf702bfc57f732e58098e4b9fe4c03a740,d08965c2c807a6f8fa6fe54c5132d95b660ea420,True
r3_c1_2_final_finish.py,7aeb259d019634229afbbeffce2a7078e917ee6be8781694d1ab5e3e1fc6b09d,915322bdd80f2bdfea4aaf824e0a06e55530dbfc2fdb2a9338d24b82f07bbad6,a8f46c08e490a988318386efeb17e9d06c7be48a,True
r3_c1_2_final_integrity.py,f91fa2058083f7a649f5419b9cd8394cb59062c6ff4c6ba839ecd2cf5315fb4f,161d4a5fda629988bb80ac1c075506dd711e37c257455bed92d926b8cc462623,8715b4ffcff477915e9894efe79f0e35359168d3,True
r3_c1_2_patch_decision.py,6e97c83fa5d30282c0a37b641eace10f844eb6ad22de62948a6af757d220fced,64cf3b8f079da26762ab8754309e1b84f1bf1a8447ec050a7b753e6aa17a4fbb,63a56922a18a614611af05dbfd85bc2e07f19138,True
r3_c1_2_qm_adaptation.py,885f17ab4bdaadc0beb5f2ce6a098e1d5bd451f785a27c446e060d05123bfed1,c8ec708c5aad3298cae3d9bff71bc96214f8d1e446a2cb0cf8b132997f672115,65bef72eba36fdd350a9a92ebeb9849f8adc24b6,True
r3_c1_2_steering_correction.py,f8ae4040d1ee3da41983474adfc59523abe89b41bb2066dd4a49925954900926,37c6e8af14c378b7917a04bb4f2fc099aed45dc66150c1abddcc8edfff65410b,718e854f27f996f36fe9770bc35af85dff3d3571,True
r3_c1_depth_motion.py,2a75a3eb2b143bd21eb362d32769948a5314c7a3c75f4295d3da877e23022528,2e7787c715b729995192757776debf59c316be95cf355895c1d6f5f43a618477,64f632823f34e8f2b5329c1b2bb2a10a74b32867,True
r3_c1_finish.py,6588be269eddb5eabdafdca2c43297d0b22fbe74e108b783aa59294999c7f884,6d817a149265ade8d4c7fdaf223c0862de4e068ce49506a00c5500bbc98390e4,db2748fdd8396bf276f3b1b0c2adc280972b2a73,True
r3_c2_0_yang_sa_gate.py,5c7357f05138ad3687255964a8d06ad312d25dfc143b1a7bddb167fa4fd9c68f,3bca8507f84a660db76c894624d374c4ca58623149cb62dd4f982818a01dae50,c672946a50dab74cfc23ed8f2ddada68132e594e,True
r3_c2_0r_fix_finish.py,d65db6b3618e372939657d5388f00d53471a486b88551d4bd6449bf190ccb3e1,622043cef40df8492f54181ad09cb626f82b94ed1cc2b32eb3ec3317863dbc70,2fc37115fd9a74f8ad8292d4cfa106ac722eef9e,True
r3_c2_0r_fix_modes.py,aad75241f413bf70249b0098f90037a37f2f124f6aeac5f715fe84a08dc22aae,cdebd739e4caedc16f9ac4acf8ccb442fd52f533b5fa67467e26e49124122447,9a6281c23f34133540e12ad9c4d2b0eef06c30f6,True
r3_c2_0r_mode_baseline.py,4cec1de52d1b0b20d5d6411e6d943cbc2cfda6b35f8d09e00b0ea20cf0ea4fed,5a5a1579490edaadcc3110a0e75c843676c32c898f16155a0c9d8304609bb783,5e069042ae024fc035d730f38c88a2ccc81d89f9,True
r3_c2_0s_effective_modes.py,da5d7cfee067c462777fe042fb6eba878566e5ab7fbb169308d8c5633f656ca3,0eb022534495358565a421d498611ee37fc9160705cb04479dab6e08bef27b9f,41b766eaf3e1cf508227506356d71eb56569bd67,True
r3_c2_0t_final.py,dc635d45885501a46c6ee1436c23ee5c7d8060879a3f5062dfacaffe09fa2ff4,e83bf216235cfa9b3476482cadeadd18b835a37a9f9a9a16d7ed1add35424269,16c1b4d226f2e732bf11aa680cebf51d1604b48e,True
r3_c2_0t_final_finish.py,2e95b1da011ce2eb6116d093256d9b60d7d09ec58ef52788ab560acdd0e1a370,d2a858affc495d1e43ce795fc67bc11c10b2220bd329e24431b6d7179d0e7e79,d7d02c7fa71d9a46a2e38f53de4bcfda7f9f1fb5,True
r3_c2_0t_finish.py,c22dbed200e847375143a2f57294d58bf2e45b7d3368f1c6a3d7bfeaf3852a10,e744b73dfb97c18be43e824ab7afbb8bfee0a5816afb8e6d327ed865e978a61e,ce10d03ea2f06a9238f0904ca52852003c242561,True
r3_c2_0t_modal_clusters.py,5c1ee26b52b84ca6d0c298a73309e48decf6e7d3daeda1462289b6f9260948b6,ecd7932dee5c4648c27504b433c513592d43036bc6ab9b9e2b62d67bd9834f0e,43c3cde3512a093a38970f2ba1d61616e9e7b75a,True
r3_c2_1_fix_parser.py,5e7712c21d0c045c864af872f40fdb69a2e51da795cc3c0129f067d202c2e657,0f33910741a9f1520b94da16f7e8a9138e5f02705010d7cfb52f2829bd5529ae,85134ae944eed41ce3087f2cce79a4c2b2557d06,True
r3_c2_1_parser_final.py,b6758a9db294dc67977a0ea8e7e6a27d8f7bf1697537a25186aa6b7f67d8c320,95ac722148a864fc36cd32027268ca4febcb69cb166c9220fa818bb1478d5f0a,881a483423af5d33136d03c4cf74f94038f8f079,True
r3_c2_1_yang_sa_admission.py,0ade8cc3b6327bd8d3a0ea3bce45b8631e7c15fd56657026eccfcfe2ee9b495e,f06913854119d408123d3ca4efb177610f59842c7afdd27ef3643bec56b391af,1ed255507639d03b4c6189ff3d22e7a6add37cb0,True
r3_c2_2a_formula_recovery.py,9e4588aa7726900b4a89af2c099c4542c900ce82125fb3cd8d8406419c4a5deb,f422ab5956048704f96295b0223bc45e73bab323c1026489769a9f7425e450e1,7e4b6ac6edebb613abf61c45cd02ea2e1971ca8f,True
r3_c2_2b_formula_lock.py,5c89bbb28bd85d3212cf2b8ae80902d5e1b32fbeaead8d21b84942a7f9cb1441,b06635d4a1d372e77d1343659ec093fb25a0e0af137184163d6c202ddbef8bd5,a3fbe163a12fba9a79002c2a0f912339c9a8aa99,True
r3_c2_2c_fix.py,809c81da7b5f084de59adb3a55f72951b99f328df779dd4c056f25d6ee02a15e,e675ed7b87eb67bb435097f961611fdaa8d57f10863eac2c329c0b87c42108f3,94bc5c77edc22fdb2217ac154532df185b6b08ec,True
r3_c2_2c_fix2.py,0e53c3eba5ca75c73ff70b283f55ee6d9600e2e9e2b8e02dfefee0025e2c3160,e0a662bbea6dd105c1cb27be7848ac7d7415d24c377568d8b6e99743c1a2f3b8,3f44daaebe99a0706d2076f2d844a2a317c04f34,True
r3_c2_2c_paper_repro.py,fdcca66bbf268cff7826a417cb6b993d483db2e328a68e2620ca26d548262555,1442f9268617905393b75ae1896da5f8c08478bf9054662240ffa9d83ffe5d55,7194aca9d4ca1c61231f88d7f6525c53c636cd6c,True
r3_c2_2d_paper_audit.py,5daf6b4ee79e167129becd92a356a3cb66e3ca6b13c4ae08b15774905a6a4a4e,11cb035a1190a761fe6da4cf63570485ddacbfa8ed1f87cae1992dcb374b8d54,667a5b11824254b4bbd54698ee50b2e73f345599,True
r3_c2_3a_eq5_energetic.py,c0ce283d7bce9529c03c835d57361da65f1c14a699f30a17fc47a5125ac3aaf0,f662fdc9e9abf1803729f5a80601de6dac495f0e75310e0af8a4f1da75d7f1b2,9f34c7f191e882317aac5344d32299ce4a6755b5,True
r3_c2_3a_estd.py,781d95a283f9fb1d83c9d6f1b43d7c921c129c59cb6e3755566f330cc409522d,cfe2fa5c8cc1ec6288f5301f93faa2cede3a1fbb0ee67f3ef89b093f5dd48817,41d68dfb41f3594f3056f59a632663328a33f9a1,True
r3_c2_4a_mmar_audit.py,825c4caef51119bfd19ee0ff8fa6095230deebefc503c3fa91f6e3bfd80b485a,7a44576bac8c375b46b76e21a690e51b376881a7ef2acbf4440a727feb7ddae0,3b222d3bd82696af69d62ffe0498a166e39eeea8,True
r3_c2_4a_primary_fix.py,7440efde5cc861da1e309e98c8a809472295d69610a2df1bdfc59594009204db,cfcacece720e01650d82ec2271838d136719c71ecc7b2581379f908ed354c5a7,b3a5638d4642a6dd941267299dbdc25bb6e6aaee,True
r3_c2_4a_primary_fix2.py,b88b76f316d06dd4b81667ec05d69965305400f758db4f8bec3682dcc55a76de,507eedb3b63fd6634101b664bbb166b655f47d6f67317a9c51b2abda87cfdb8d,ab71e58619b2af1ad6a756c6b17c334861beb3d3,True
r3_c2_4a_primary_fix2_1.py,650ae12bba87cf8e32731957abce22ea20d00ac32ca1725e02e8acb663257bd6,c376aecb7cc9149e5e06513657cc332a013edbd0cdfaf29dea84378c209ff7b0,a7dde563b482ea12af290264647e29153da8cb10,True
r3_c2_4a_primary_lock.py,7440efde5cc861da1e309e98c8a809472295d69610a2df1bdfc59594009204db,cfcacece720e01650d82ec2271838d136719c71ecc7b2581379f908ed354c5a7,b3a5638d4642a6dd941267299dbdc25bb6e6aaee,True
r3_c2_4b_1_ar_unit.py,c210800aecfb30715a659302b573d2c53a48cc89d553a4c2f17aa08318f27b36,b9d9d74057c883bed1fcfd558f7243aba08915c42d2aa30b4a22f737850dc7b7,d7aa8bc17ea5708ff0ee306b75c4c24d08cedf80,True
r3_c2_4b_1f2_1_edge_score.py,398ed8c69f8ed692eef027eb6f151915e1474b556409b3fb16c4b27f131b476a,c7dba44f7b9ff7d00d0797103c2c09bcd9470107662766a218f71dffd6bbb052,cba42ec2eacf34a4e4c443a698b83c94edbd58e9,True
r3_c2_4b_1f2_complex_mcov.py,794d549db33bcbd337949910cfc71bd4948a8ac9fc54ef67b0b37ac5dccb3e48,f9de7b927426d639c7a7e86f06fee99dafdb51e0bba151224bd63c2e49400c88,9e10a9ecadedf3b3ac7744b5e5599ae2bd2e3899,True
r3_c2_4b_1f_ar_integrity.py,cd7dc757191e182ace44fdc2a83759385d85f89aacc3b2fccef5f075b6a9741f,385ffc1be1dd552d2e8fa82095c77548866954c969ffd93a97d25efd4a140484,323acc50a6c80a08c74f11c10b9053db581a4f6a,True
r3_c2_4b_2_paper_spectrum.py,95899472c4e4d8380edb0e39e57e1495e1aa1070275f4550adfb024f0d900584,ac1316ab96dc99b3fecb7164dbec72cf699b1a9e5a3a551e4b30fac5748eb6e6,e502843ea596c0aeccb145e81ac655a5d59c642f,True
r3_c2_4b_2f_spectrum_integrity.py,51a2a0d136eecc2fc53f1fa69a5a320176ed5396d669a232c1c0ec444ea198e7,a00649fce418024cfe35deda82e803aafff971cbc837b3424436dff8414cea1a,df0341cbe262f31e5aa0198fd67b317f28384b66,True
r3_c2_4b_2g_impl_ambiguity.py,b6bac214922caa4be080abf4cf8a8e7f4dabbe39f685e96d9cb109d0d594bbf9,ddc96b05d756071ceb9b70003a1dd3c0936378ddf72ff0b576614947b9f029ff,d86cb456ab8a1a7ed0d875ff2c98ceeb49cc3b24,True
r3_c2_4b_2h_ar_order_diag.py,c64525d317f615b9b878fc39df0ac62fbc07dce80f56fcec5c4feb7c8b50297e,824890c5d374e135ef4c4b06c7b6c428b9f0fb2eaab3e40c3ca32432dd54fdc4,0b7842066db302cb4a2942f2f08251d3d2f72d06,True
r3_c2_4b_3a_hankel_bridge.py,41ae54e023775250fa9444c62e59cf9362e23c05cbadba1d37258aca3ee96a97,1ef1532e0d1d7b20ff55b929d33da8eed28b33ae1cf89089b99f86722478aab6,d8cad33bf3107749cb90de3829f03d0133c3392e,True
r3_closedloop_1a_set_contraction.py,462aa095c4f8af0385224cb52b0f508f5668ab6da60d2d17fa53a3ef3265bdef,4055e73e166336c7b5de2f989d43b3248cdd9ab8958223aaa79f1367ddb9ccac,d00b2dfb4e0e7e96efd5f712598cfe67a1d3891a,True
r3_closedloop_1b_two_window.py,c09bdc0d2dd397edd44470fd644c8d01733be03a1af2f55493c6b85372263eb0,c9bc7f76d05527412fe338ac6033f282f9e406adb44f4d5e0aaf021a4614f11d,6c4c9eec61ec7675d368bc1967b693e258eeff97,True
r3_closedloop_1c_single_turn.py,ced931d416eb369d24d86bbd4646acdcbeab1027623c2c7bd5aa5941c8997c7f,33220f4d719cff767f5837094472d2690d533f5f7aefeb375c89a1aa548d4b2e,43e9c9a67c5a1c13879976eec1a8a81a5c3de226,True
r3_closedloop_1d_fix.py,b6e7915d967097166effa863226da64c5481f6ea434216372e42656676538abd,d18421f402faa1aa2088fcb6ab98c311daea8760a175724d6c42e4f44371ae68,e4be6a600fde207c3fa19379ab18c10d4ef5dcea,True
r3_closedloop_1d_fix2_identity.py,9611569e2a9ee87583032f1c4fcc9d7a8d2befe7ee5adae019ecfbe32321b99f,cf0fa6c2f5e215a541c12b602dfcaa2d932d87b2c9fb476e15d3ef8c4c3d9537,a57139ae0a62e8d3b69e574d37ccdec1c0382cb1,True
r3_closedloop_1d_freq_subset.py,b6fe768d82666ce9a4540b3924e8cf34e2507f328b006e7cd833c84a6d25c6ad,5303f2d55fe2f6b41cfdb2d8a7b6b16c5106c4c9c1b8d8c67886eebb68d730ea,3ffde91579cdf4c9d43b873c39202c5af95d81eb,True
r3_closedloop_1e_a_amplitude.py,7655e8ea3ff0ee85c3a9c5878e2e313edf920fd5b653a2c754ff813e8fe30087,f982c21caaf891261834ccda5b66ae02451273b7881cd8b0a16860b18a79977b,5b0d420ceb3a983bfd24bd16efcccf0508c27b52,True
r3_closedloop_1e_a_closeout.py,784dc41a50282091a3549fccacddd074bc99bec596d2344ecc61eea4825592b1,300bc7f386fe465ceaa92aef1e4d0ffb6a6ab450ce2d287cda1fb1d7a0df2882,3dd010b4645d8c17b20ae5d5f2873866b791ebeb,True
r3_closedloop_1e_a_closeout_fix.py,49a8f1db2a6343e9393e69235f21757f97f81aaf2e5cb47b025f2db89e9a3297,ba27646adf1973a52ee0fd5259db9cde217599c55ad9119a47e23757051be01e,cb4cec62e35f46ea10309bf409edf1ac8aa3ab32,True
r3_closedloop_1e_b_fix.py,b4a25140fe0f0f887dd3cc7390222fa4df8a68b5346c138086199448d1a3404a,6170a996608a91c1515e0140acee8dcc3aa110f60aff93b7e211b96aadf18054,a61daa5b964851b6bdb21df865e3d17189fb0ad7,True
r3_closedloop_1e_b_fix2.py,c8d8ebc0f54b03327857ce8fb4fdb7739a03892f7e8a0615f50a106b16183316,25f7afefa6645ad511a6f94b3df9e4604269893834773859d3308f92e1d2abac,aca23179f8997db2ad17ecff3fe34a40cfed7e61,True
r3_closedloop_1e_b_tracked_freq.py,51c0a34dd013218fb07c031d7c0f79cc5f340a38d16c070144802091b7d6997b,275b93483a6485ae920eb3f8341e9e643254f5dcc6300bf63a6b3b1999d9aa31,8c9f6aeb51d65d27b76fd930c31696aadc55f0cf,True
r3_closedloop_1e_c_ssp.py,756adb64a8216e261d63a48cbc06a8a61e9b2eb6bbbf02450255a3567eebdb8b,320fb107dd34ba541aeddaf4c8dba141d7b7a840b8c12dc57ff1c10a155ec40a,11f37b187a3267276c4e3822728f3934a0b4299f,True
r3_final_parameter_contraction.py,769936f7689ebf5ae42a4bd0e853e9c38809c4d9a7b64bb518aff5efdeca5bd8,e6b41e5449cc0c94e1dd252bfd409d48aa71ee451870f1251382ed5790953565,409c1b78ef97eca80eaf6196e8a24c7458f52a6c,True
r3_final_parameter_contraction_fix.py,6c5a874067209ae3be5ff39d31c5bedd1d83a6a486a39660647ab50636d8d8eb,e6d57afbbf01738c629809593db3686f0063526631bf93085be3dd918be5063e,515d4536f51bed23fd50686efd9b2fe8671c1f64,True
r3_range_ub_1b_fix2_tdoa.py,ece9105186ea72bf9623ae6ddca8d5420aaaa30d05efda14b2d8c11be4415784,3fd7fad95d08837571dbbffc41c0f55cef3db444ca7b01d75e42338620b6cae9,fd1abe679d8fb94ae8839e5303e23ccc5a625dec,True
r3_range_ub_1b_fix_tdoa.py,460aee61547d5cf5aeb344108cdbf6f3316557ca123873bc8c8efcfe842fff50,31878e9d2578a0fbe82569e75791e61417e1207024c53c86ad98eed3b4fcaaf5,b72bc504b04f21b2a6931f3674725319ac34abc1,True
r3_range_ub_1b_tdoa_oracle.py,c6a59cc2c2fe1303882f17dfb569e6e822aaf1ab871a5522f39e9d5bb3db6cfe,5e2a58738fc24fb685bc5ef4b3f1c6dba0280662008f14ca4b909817d61919c8,08ca1ec8a831684bb3d1a5521e533f5fd6778bdf,True
r3_range_ub_1c_contraction.py,5967f67280567de48643a981a5a7dcf11ac2b55addecec89b67eec561863e016,9ab9a28ceb9fa4d03f9f077e38e0f98c0bb3e276f8d4ac3904cb3c8538777d60,ccc3a15fdbdf87a1d69507469dd9a5701df15608,True
r3_range_ub_1c_fix.py,4a5a6c449ebf77a3ee5b1cec1cbd38edf8e892b36b6bc884740860406112e6bf,b308a5949b305fa6448a6626ed9ba848215644efbd4eb96c3269f40d3c75aeb1,18d5e4b71f02fab3648420b17803b5f93d37f037,True
r3_range_ub_1c_fix2_shape.py,4eae6e5f985a6f28b3f7a17c22a921de868d145c75c79124b7755eca317c7a37,b631eaca683bf38758ce44b7799cd9504a29cc7f5b52a77b1c100156eaaebfe7,88005fc9ab6e8e11e264dafe3dd3a964a28ce2cf,True
r3_range_ub_2a_formula.py,5eb89cafa3270544ba4f74fbd962f3d3619ff5a3230544ab2090a049699763b5,de6f103fa23b6aefe935040136f88c09ec4bbc039475db0ca4f4c165d67804c3,196ee3b1b32cb3e167ee5cdd893be14bce2624ed,True
r3_range_ub_2b_fix0_ridge.py,1534f6ce3d3fcdac3f6ba666778842579acfe02e849b565320ae2bff6e9c636b,11989eb390853d7e061614a11aa70e79c81cb35efe6f50902c8d93209522445c,3300a94d27c016fd3f11fc685bfe83b9fe64cc43,True
r3_range_ub_2b_fix0a_family.py,bf2677468538b0740417881efb705c775f7def2ae8bbaeb1bbc079d14b3f7b03,d572f540c40e8be4fd4147b32d7384c2645a1014c4d54ecf090313c3ffb811bc,29e37fcee7b5defa70d750aef91709f374f49b70,True
r3_range_ub_2b_fix0b_integrity.py,bcb7f0addfbb3eb1de870a9781851390296fa3cc58324b0575268e8678651098,8b0689b10a2a4d54139e80f2b805cbc9d995c0dd45331b685a50768a3f373aef,054b6c158e9775294d5f78bde040f908ecb5e539,True
r3_range_ub_2b_fix1_continuation.py,19ca1d7933925ea7946f2681d9f7b99f413ed5820979f432927ed4cd7da6ee59,818f9b1296b710b497e3abfef4b6bcce9c7fbc7fef9e50c8642119c68fc53ee3,140c6e283446b9cdd1d2313ad4c1e46299b4915d,True
r3_range_ub_2b_fix1a_postproc.py,8641bf0f84068ce2a478ea04db4bf18f826dece48308baa833e4708b777918ef,cb35e72dcacfc98b631b93a087c7abe9688be9d066017e5bdeffeb5a58d163a9,7d63f2378688f42e2abeb95adb7a248d3aa606c8,True
r3_range_ub_2b_vla_slope.py,1a1669bbc5f27c0fa5c069e1f207a0660bacf159949dc2db2c5ff777641179c2,01f1d3b0aaaf948948770e8a001c183f5a8ed285ca23ca63d88f9c85b5ef6fc5,739f02b5a5bae8a5fab1d4304815c2b39801a89f,True
r3_rc3_depth_role_audit.py,b33462e334ac85db32151404b0a7273c97f8867d06033e5652997a42631a410d,2c15ee6ba3aabeb88b370706111d216b31ab4582e3c92bae221ca43938ed9921,02c34f97f3ab8d9d8b5fcc866eb600afb993f497,True
r3_rc3_reanchor_1f_forward_gate.py,eb711608747710f909f732a2e392bdd802a068e3efe435db43d66a3701702f62,9840cb910f080ff53766f44b47529b6fc88214c091cf26c34eb760065f63491f,bc81eb14b9ea14dface6db99afd4f4c6549a0e75,True
r3_rc3_reanchor_2_profiled_discrim.py,7ad877286b0f1a2fc6f6ba8906ed9c2b137756918b60331e35637d4cc985c570,885fe6065f83cd88e82efd2614d8692b5b46b642ddb371e221c21fcfe0c8304d,811a9a682591d2af9092fddb6e1ce70fa1fd808c,True
r3_rc3_reanchor_3_obs_error.py,4729f234300bcc8e95745c1ef72ddf457a2f659f811297f63dc63e8fa7013fa4,7d7a8887243e7f8b730a89bc5e6e780433b97513b120799a68ca58845ad5e47b,c25ccc766fc9c879c7d953d4575069a794318610,True
r3_rc3_reanchor_4_env_mismatch.py,e9489078b0f9f1aae82751af17d63f0a83e5d243c726b13e6ad326a6bcee8c15,6586f89bdc8d35f4e710e8bbe8476cee7ad7b7d0c9d887236f1eedd9ee221870,9e90a7ef66cddb3cc6c8d594a4a053829ab95e6c,True
r3_rc3_reanchor_4f_ssp_fix.py,ade497b8f28dc96bd8d5cc41b7c7f179b3b2fac9cb0b12d3d941462484b1f87b,1af86f7d3eb9b3e1dd3b372d72cc2d424d8cb20d6d515f0c05797764b6cd91cf,f4dbeea8ce806b0a123b0f88f212af1a44dfb0e1,True
r3_rc3_reanchor_4g_tabulation.py,8da5ca9e4c73ebb5508d91939213d16d1487d604041f70ed70409a9895b7bac0,eb3ddddcf5e3fb892a21e0f6ef09ce71a46fbc27efb7e859195b415a494247ca,39a686fdef0e4cb9253dfe90a22f90a302b361a2,True
r3_rc3_reanchor_5a_line_avail.py,0db10e6e8abb1efe988befc277835127877ff11240d41f4cb6323136bd178617,ce134074f43f4d98f886303de5c812d03ebb3577d56a6ae7768940f8ce4a897c,f9409ccc282f4f72447e8caba06e8644a2dcba02,True
r3_rc3_reanchor_5b_fix.py,76e2babb9dd542244a8fef5f942db4ace46b168a65aac00ef9a3b713d70307d8,ac63c0e60875bb58257ca9b39cc8ae9cbe841e8d90831d6c2280408437f330a7,5a3ac35ef7f475234099f3fd107d5a934e0d9d5f,True
r3_rc3_reanchor_5b_fix_audit.py,a04e637ebec0abfa1eec2d556dd9d99f0dad66cd9b198bb3c109ac36a2a82c6a,5019fa8d2ffe6457afc7e1641680c0d6627dd0c8bd6e3d47f12db5f79b381130,cfe5f30229d2ab46bda1362ae8a688259f228d3f,True
r3_rc3_reanchor_5b_instability.py,d44a0045a79adfb2632ebdee11f459693e618206f98cb3e72c4ee4edc5ab9e86,28cf8cd91989f474ad15cf8e65bfffb1019d00e58dba8c6bc5a1ac45a1040a94,3267f2c6d66075f433387b3f14b8a80bc35192ed,True
r4_a1_fix2_audit.py,3c96e683c2d5705e5ba3abfe28231d938819a33326cd9ed8c827d91cfaad8dcb,6d2cf50f32af98146e8c5073c2bd84cf32a4b0e5eec94a1b6a9725da4419fc5a,12a01a2ba12ef0d56e9f7324b7301d96326becd5,True
r4_a1_fix2_coverage.py,2802e9e163767f2aa2a907080416348e293e847799d35369c0750053669d60e9,2802e9e163767f2aa2a907080416348e293e847799d35369c0750053669d60e9,7bde270b9929b207c3da3e875bdad30abdff757d,False
r4_a1_fix2_report.py,ce29d462f9d68bb3fb91e9ec3ec0931b96c3441cea21ba70ff20e0a5ef99e207,895766ddfb62a766cb6254287a71a8f5ada4ae6b9f7c04a3ea9756767b558975,f6affb5d8f7be3cf6dce69b76a7c51b260e8a1e5,True
r4_a1_fix_audit.py,db957265f277c77a7f943eeefa208511a99c7c055c3489aba492cf944969d266,1618d6aded580b20982a4bc1d29517cd65cf80bff163dc6302f97a5d3397607f,0c6ca4f80814f18b689e3191584b322bb3f730c6,True
r4_a1_fix_continuous.py,1977fdb8f5232fd521003cf4f8b1b60fa354672b85731308198140d00b9380fc,9ad8ddd990d47242fa1e33175fe0c9d328a3c701ebdbcfc1c33e82981dbeba65,18f9a75d9235835eaf2c5821154582de9d749857,True
r4_a1_fix_figures.py,9d6e9cee1d81967055563cbc341441b4948dfa65ec98038b630806409cfc23a1,86a0315616a75509c271accba096e8cd6452965fbd1498396e850608ce7b3878,f2a69a0b18f6aa3791ccd9d814febb30383ed0e7,True
r4_a1_offgrid_bearing.py,978a24b692e597218706ba1cb3a0ca5b310d59f2e28cd76e07d849c2f8042c4c,f137196aabbc6019b0fac523ea530535caa5445fc8d41eafe8d45b650a5ba4a8,e0de397f388d938c59bd35b092ba89034cd5e7cb,True
r4_a1_result_audit.py,101ba325bbcfdc08664da01c6d9caf7cfb9a02d455aee0acaa38848c5011724a,d476108e445b493e7ab59b8b57357c33e879807e51c01bfc91affd32b6423549,dcfc0b4cc7a9430868ebb4254f3b3b7ca907139d,True
results/R3_A1_fidelity/ANCHOR_PAPER_METHOD.md,2fbcd019b522e3d71e9021444694035acdfc91198596bc32b8f29c8230d0a220,33b78e62ba7e01da5ffb69243cba6a5637d3c973bc156673adf9e04fb4a4fa34,613e38b30cab38a74ed08265303d565843ebfea9,True
results/R3_A1_fidelity/HLA_MFP_COMPARE.csv,c9581bdb703780ceeff95bb262ce995c75e326454a66866d50a6e8d487a40e95,085d0a3bcb60928fa05b03b28f0d1f20b89937b3ed0296b4ddcdb86bb2105fd2,d2548aa670169e5bdb09a5a078c302de87ab8811,True
results/R3_A1_fidelity/HLA_MFP_surface_hla_8x2m.csv,3b6d963eabf539492e0c07bbdeed88c63fa5db91c9fa1548fb20ae2292e50241,161fcdb237aa6331dc293511d2f4d684e39a8cd8cf6ccc29dcea221108a50e10,5f42b2be9b503199cf5498ee610b0c1823624cf1,True
results/R3_A1_fidelity/HLA_MFP_surface_hla_diag_8x10m.csv,2b07ff1d91b6b8b7b86069b1372d1982a72d274cfefe3e5cbc9ac227ce0d7425,9050c28843fa4eb8ecf005c2cec783e76f83a0f9f63489e9ceef95cb8ccaf055,c1d55a0550f83037cb569f852e079eab8b02bfda,True
results/R3_A1_fidelity/HLA_MFP_surface_single.csv,a25696a7ec3921c32ebdfca73f64dc46c5b273784c713ab0956f9f871495517d,f907b59fae81ef1da91cba26539d5e9c1eec4fbe90f282ee9eab61b2489398b5,b18404cf25558daa80ae28ca5684dc8927caf05f,True
results/R3_A1_fidelity/PAPER_REPRO.csv,7c2b5f09520aed12dff34505a0ba611f7ed1ad711f1a639013ba76cab5bde189,c2b4777a9aacf6ef3aefdbcb5b6d0bdc82b74775b57a903d787fb15717b3b262,c88022e05e94b16bef0919e3a60f9c06f8f135ee,True
results/R3_A1_fidelity/PAPER_REPRO_beta_scores.csv,8fd1a48072eecd4ce3a8b7331e472775e6add94035983d4d1e2a76d5e8542b50,405a4d363ab28ac2ba576405792abf69a8e0845e72fca13719d53512ad289482,35b083be92f910eb7d6b3c854cd785816bc82c43,True
results/R3_A1_fidelity/R3_A1_CONFIG.json,cc78adf8381ff9edbfefcdbeeae7f6045cd878c64f0d2293b3ab9f4a8e3e14e6,9aa6f58a0133016b12287b89d87e8e58e2dff635c414b379cc16af64f26aadac,6297e1d6cedbf04dc540466db86f0aa2e36ef470,True
results/R3_A1_fidelity/R3_A1_DECISION.json,c374200275a1bc6985b1018dff729b3492452e6d73f5f32aefcb9f62f050b8f2,a9b316f4a71d814dbc6f13b5b505b61160f2af3ef38b478f7612a871ca348e18,8478274cb8406f9f258ceac2e67444c9890895eb,True
results/R3_A1_fidelity/R3_A1_GPT_SYNC.md,115e050f2a61528514001acda8f2f2c52abebc5682c03313d6507ecf7bee363c,0e0cb0857faaf232b0ff4c505e98cb66c28a491f4a9b49a9b2e0d0710b9ef4ef,514dc7aade951858aae39c9dff2ef877660e9d8b,True
results/R3_A1_fidelity/R3_A1_REPORT.md,0f5267a7ce0afbeb0b1f58cec35615cb6c3d6c555567ae24f7bffb95ac0816fa,eee9d422309cdd3285bf1d165005788205a819fd54cab2f142108a19263651c4,cc4fcc3a99f94b03d84466b36f5161f73d7d8896,True
results/R3_A1_fidelity/beta_eff_map.csv,13495eb7c9a66f3ce171466002eed4f86ceb9e7bf7db597199ce85cde27ce0c2,17a0d368d6dc321a89fa79f7dda8b4332a9adff1b5ea070793e2de18e93c56d3,6d9b83bbdf8df2e848f944335f087a88412e12c4,True
results/R3_A1_fidelity/beta_eff_summary.csv,db73c7b0e69993130662b47a62110facc6e31fcedd945932fac8f6954b2c0fba,303fe1a118326894570f1a4fbad855e1863503d7eea1d33e9a528856903c14c2,e87b247ebb4c610b50c6ae1d9cfda14b5fab4820,True
results/R3_A1_fidelity/figures/HLA_MFP_hla_8x2m.svg,4d58e275d2e664c0e7bc778836ef28bc452a958cb34d2c08678bdff8387e3cc4,57f5a5141f56410f5b8da249e6e137b76ea87df85b1ce41573601beb38bd73ec,04cc7dfc8cdb09cf949900ca05ae3d89944bc860,True
results/R3_A1_fidelity/figures/HLA_MFP_hla_diag_8x10m.svg,e6cf50899a2c7e32414de37632e2413726e876ad58a9a7bd046538510cd966cb,95609fa7e9cffba3df8a3ac4ec36d67013fbc65c046bbafc0ea91e8238fffb51,f914a7534df4960385b494be1f639a26ec650c6d,True
results/R3_A1_fidelity/figures/HLA_MFP_single.svg,1632612eaafe38a2f11b2c4f6b102fd881868f8ad7a182f39dfd24facb1b34f3,3717e3bf76d997cd71e2cb4841929bd5101b209ee6178e1bd27bfe1bf0fe1c54,c322582ddd14fc7e9b7de2c47894150faa96c715,True
results/R3_A1_fidelity/figures/beta_eff_ESTD.svg,61ca22eea1c5dc51203549ee261f7d1c6aafe8b955688ddc2ba98b2c71485ec9,26676ec6707a9f325dbec2ba59d1a27004757b1ab1c3f68fd65a6644ce8c993a,94c83ab05dfc750657fc445aff52568a69c8a40e,True
results/R3_B1_MMAC_observability/CONTROLLED_MMAC_REPRO.csv,433c85c31001a283c90af2f8cd7a96bb778b23e533401c64fe9f77502e47c6a6,2cf59789a125ec9459c58007bc9e6fddb4b8a9b0804201ac252156dbab38a666,00b90b8436978b6b26bd65f048ce5cd852293c42,True
results/R3_B1_MMAC_observability/R3_B1_1_CONFIG.json,de26dd8010bf18c8e62f4b46666a20daee4fbb096fabf7453f11b1b4ec022240,e3a9fc8bdef4cea01e33aeba442171099bfa3189d7a0919bdff382b993a707a3,b6fd682d00f4160d3e19287d1338a55ffcc23c62,True
results/R3_B1_MMAC_observability/R3_B1_1_CORRECTION_REPORT.md,86fa1586a02d71721f4ed459f159f5ce979576638d6caac1132549bb727ebca1,87fbb440a6f9396207c2c9dfefbb3e9eb487a211500fb415a4531d3eeeb09779,74e43332ea5693296aa3a49823e4b6604ab3424c,True
results/R3_B1_MMAC_observability/R3_B1_1_DECISION.json,95ad45d3a35be5ab150393b5488c58802a2b555818622c339c20b8ede473549d,fa056acc65e173c852ee9a567ff0aafcfc606c6a489fa674ae4d16f4636ef98e,52877e4a666981a2d47eb41c2fb4590c84f76c5a,True
results/R3_B1_MMAC_observability/R3_B1_1_GPT_SYNC.md,8a81b86e074a83c7e61cc9fda545d1103715330912d608aa640b2b1e028fe776,0aa917ca8f4165f42febb9ad02ac49d4af25c17ad6737a1cfeb96fa5a11642cb,1586981dcf871a374442e85253e8bfa0ace78cf8,True
results/R3_B1_MMAC_observability/R3_B1_2_CONFIG.json,4509aa9311b19544977f4555978bf2facef00c4f9af81a67f41701989f64b273,996ffe39f0798886ec3529fb913b926ff8efaeaf1eb33eb8afc41524d62bb6d3,5c65a8c86f11da16ca29abc63c2feba66bc0e51d,True
results/R3_B1_MMAC_observability/R3_B1_2_DECISION.json,0b249874398e6134b315e3adf564fe69662b9b290b172e806d7b9caf7d099d4b,6bfef658b2142169cb928b6f1081f9441966000a89ac1c7a68be4b2fdd0859de,b93b0c11db202cc379229bba6e76197d495adf87,True
results/R3_B1_MMAC_observability/R3_B1_2_GPT_SYNC.md,165e9311698008e8945a3cc98f964c7fcc74f9ba21c1cd225e6349e7b3911f43,a3f3eee553f84155e6c448c1e8ea5d5d81c5aa827c610a98689d19fd20ced84d,38a5cd064797046d71cf1a779bed661a233bb934,True
results/R3_B1_MMAC_observability/R3_B1_2_REPORT.md,0cc9508c52d2b60aa2d708a855a8734fff2317aebdd3f51730de15aa1f83d335,d8cde67aaf4c8dc3ddd138e2f36dacbea47cd6b31f842cd2e0a706106a8ac630,62770ca4fe4aa3bc45bea10705dedc3a9899c1f8,True
results/R3_B1_MMAC_observability/R3_B1_CONFIG.json,448902ab21e6d36de3dd1dec837f3bb4937c1c14e8cb7c87da8e16d54fcecb6e,0d0bb121e2e514d27625dae3bf432b8b91d162c1633465284b51b316d408186b,302f09896448a978d55420997d4da542aa0e4150,True
results/R3_B1_MMAC_observability/R3_B1_DECISION.json,f5ff372f136599b4bea30445c31ab2eb84ff2de8cdfd5ccaf281b0ac2e231e95,c29e2c71a8db406b49e152ec07a538aee5f06961438622c329f4f04c936592e3,bca17f67c912d390be2cb2db2a069b790fbd755c,True
results/R3_B1_MMAC_observability/R3_B1_DECISION_SUPERSEDED.json,d36c2fd894bf1ba78eacf06348259ddb50d1a1dd5af3ba6579e92a1bb126a2cf,4ce37b6e3a9e65131dfd3f2eb472a6fb637185b31d53e5985d9fd8e06f9c4784,7fc62947a6bd41f32b8c43539d1f8ef28e6b21ab,True
results/R3_B1_MMAC_observability/R3_B1_FINAL_DECISION.json,f5194515d04db62351f7a755cd2863e9dab04a0b5dba30c48824b1d0bc14adee,d23923bb2ef3a7abff51346026a58280a637c314c4d624f03b9bc81459e19bd7,fcd61b9ccd367fcae9ddefe6e2baefa4a9237480,True
results/R3_B1_MMAC_observability/R3_B1_FINAL_GPT_SYNC.md,1acc416aadc2406b30b930a127d9602b1902433e57839d9de038fda12d59877c,658fd016541b07060807d590a9aaea63cc631ed77001ebb5e29be97d5d3a535a,325c468b9fe799b5124a2a1ed514358505ae6186,True
results/R3_B1_MMAC_observability/R3_B1_FINAL_REPORT.md,df982bfab598bccd11a9559be36b8085e3339c67801017ca4457278d9fab283c,160eca245a076c34acae1da6ee199b2161aefb8a7916fc1a8d0e11a751e506fa,23d88ca510dce1ec7e93285d2b875465aa69c4b4,True
results/R3_B1_MMAC_observability/R3_B1_GPT_SYNC.md,a29097d749ee37345c3755c4ff87094ff00a08b00d49689b45d2adee6cbc1e54,749195e0246ecb5465ab81138814d3530b05bd5f8cd9f9bb2d37e82d104d6052,25c34d69621e486ddd310d22a3127dce749a894a,True
results/R3_B1_MMAC_observability/R3_B1_REPORT.md,8cf34d589e190c65ecd3d0cccdbdbd043144ba15a15fd853a8ee66f7a28f0733,ff61f3d0d9a1b3e3d52c78ea2a5ad555a0bcf751a2aa1ed8ae7a117de9c224fe,d6368e5d89af61c3a1d46e027e569a4ebe62f288,True
results/R3_B1_MMAC_observability/actual_branch_hla_resolution.csv,472f052cbaf9eb333476037ba124a5ebaef7df605ce3770533a5a88737b04dd0,26e4266058d9e387aa862d3bcad18c6546b365fa25dbd8622aa3816f5762f9e5,2777fd991f9f8a8d95ed11ccb15db50ec9729f10,True
results/R3_B1_MMAC_observability/analytic_hla_projection.csv,c9738e410ee0fc3f6e5c1fbf45e84893b09bad73805067d60355089befbf2a24,945b985b1d8d8ff8d1ae108224fb1d574a9bf18d4d635e04510fc30a524051ff,3c93dd06f5e64211ed268934b97f44b37d403af3,True
results/R3_B1_MMAC_observability/branch_quality.csv,c91e7cc3bfef77db9d8bc37e86ead65ece358b71a97c6279fc525c17fb3e872d,6d94a2b2a0820b4fe0c9094a5de1d5e500772a921ce5ef88cd47d2d64148bfbd,3f7a08a45a7b925604c0c5f2b4ef608dc8dc1c15,True
results/R3_B1_MMAC_observability/branch_tracking.csv,307d38efbe58fa5be5d44110508f78c8ff34ac3d18e2cd60ef122d43e815e768,574d785cda702348fe44400b58252d6c57821abc158f24565036dd46a201a2dc,4807b555d315252ae0528d1cdfb473e3a9854a6c,True
results/R3_B1_MMAC_observability/branch_tracking_refined.csv,de0146780a486cbce112fb3b91f5c6425a91cd2b93405d76ad4b50444a22f415,bdc1bafc00012806cf2c20e972bb4e3eae2f9e07b9993aa53f1d81fa1866d646,5e6cb8007f348d5a04e382ebec7a4ec7f440b58b,True
results/R3_B1_MMAC_observability/delay_ambiguity_corrected.csv,0acc960967cdb51a0c99f9de792022572a138f637a1cbe347f643b916b999aed,1537f292bf487231c364dfadac9a4d0b8ac6fdf908b5c0ed0be4bd84230d7975,b5df30f9997d7a91840677abbedaba4ce61ec60a,True
results/R3_B1_MMAC_observability/delay_ambiguity_peaks.csv,2a50098b93af18e6df0a528b4c4e56e5fe55a45870ce44f0e48cc5be947a91ef,753fb9f198cf314201f83ec6da09445b0d42d0b0579976c689d7bd01f7587698,e0b1ab015c069813a403df79c5ae6dd670e2a3b2,True
results/R3_B1_MMAC_observability/delay_global_peaks_final.csv,1f96ea1a88ceb82a6bfb5daee972582f4b24e0661c4b100f12f48116ac79dcf3,c1eeeaf84b6f80b60ed941724ab13e501fb17a8981d46e4757ef805dd6ed2490,b1f4b69d749fef92fc8303061d51b27d4ad2d48c,True
results/R3_B1_MMAC_observability/delay_only_fisher.csv,cea8613b780f6d8163ab76b71574b8353a8d2eb38f3c8babb70583076334c9e5,bdb93da8ed09602527958ce2c69221b0f50a522d9a9a838e88f40a8c0a35c137,f360fdeee2119aa50684dae548632e3fe2386e88,True
results/R3_B1_MMAC_observability/delta_u_vs_phi_theta0.csv,5e27649ef81cabee8445c3a4b3e2e964c52ff96ee773f09796deeaa910e3e8a2,8c1d020dd37ed62d33907b509cd98da673259d31e06ec25be3059c275878c38c,dbc53287f5eb6fbc1b52f5de130b4931541cc843,True
results/R3_B1_MMAC_observability/direction_cosine_pairs.csv,4e475f7413009561105cb96e58b9cd97848707ad2bae67c223ef1e2a2bda9d45,6b57888d466c800f05d9ca4af97544470a00290e7a4f3bcb057daee6225366f2,39fde32aabe4ffefdddf4afed35f58ef6e662830,True
results/R3_B1_MMAC_observability/direction_cosine_resolution.csv,50b7e281a1dbeab01f823bcd866c9859e9cd2198be147fd2c05342d0fd1a4555,178051f38701a5b26291bf7bdf3faa4123e55e1af6e4eb2b286a8e58c2fdc48e,193845abd822519456bc0d7ab1b8275da1e5db8c,True
results/R3_B1_MMAC_observability/eigenray_branches.csv,b4d555c6d48da1ee4f9de1861a7ba29c3939081d5cf5163ab2b0ff08d6c05173,179f5242142d40a958e76970b41bda771e397fdebedbdae92fe72288905911c8,0536c3b1e23161cfef7a84eeeb348526ffa24506,True
results/R3_B1_MMAC_observability/eigenray_refined.csv,bbd08132643a5020c9702fcd515eedb6969e3d7504e5812ac01b2a58f4060bd1,fc9104e0694e3915af74bbb95a9a69c994a5a23ba53a04fa12a2d39d183ac926,6b6091eb8bdc8886e03f515053f5736c3a49b500,True
results/R3_B1_MMAC_observability/estd_actual_fisher.csv,f01a374e9c81e3db89b3a42940c4d6a5447684986a1296e42bf13f196eed6295,b42f2099187886def637d6aa840022266e05cb6c987a9394e708e23cd505eb46,e02abfc9b0e17c18f0c365f044cc760d3b961f4a,True
results/R3_B1_MMAC_observability/estd_actual_jacobian.csv,f01a374e9c81e3db89b3a42940c4d6a5447684986a1296e42bf13f196eed6295,b42f2099187886def637d6aa840022266e05cb6c987a9394e708e23cd505eb46,e02abfc9b0e17c18f0c365f044cc760d3b961f4a,True
results/R3_B1_MMAC_observability/estd_rz_fisher_final.csv,f688dd3c3b53fc26f608d7636108d4239599483467679c626992ac2e5006bf9b,c3551b87ef925f02b9d036577291d9935748fedf320f33c7e2a886b589847fc3,90e1d716a16ef19a2e6641db74e4902deb640fc3,True
results/R3_B1_MMAC_observability/estd_rz_jacobian_final.csv,19de8ec8f51d552f20504fee812f36d656e6505385c063525fb02c90dae2f78b,1d28f3925fa1bde1ff2a73fbf1b448ac51d3e425bd654171e23624a1b4606593,63b268a090656364dde1db0b6036dfc5ecf11bda,True
results/R3_B1_MMAC_observability/figures/fig0_hla_projection_gate.svg,8c2f08d2aeb8b8a30467a5cbf1cfd95ca6b1743f9bc799d14c74dcbc5a7cb471,1e58e8307c1f91402e8684974b3d21cc817a2d85a5c7e407da78cc31fc148611,1ef9270007f4bd9037e49fd8044462ee6722fe19,True
results/R3_B1_MMAC_observability/figures/fig1_controlled_mmac.svg,5ff6625497a0ecf1d605f1ea6abbaae451c321becb798ee7e5a2973b4697d9f3,f76c9af5bab184acf080e8bfe4ea42d6e7e4e7f186c09c3dd12eba566c174eac,70b925192f1e94cf7dcdb1b6d066decc1b781c2c,True
results/R3_B1_MMAC_observability/figures/fig2_ESTD_branches.svg,d4ca27c5310eecc8605f3cd299e8f49ddf6d505438a9100dd6ac8f66b1a868b6,1002a3b604e15614928650372fc49fbfcc02ce030ff54f13799ebca203cabff6,07036c28b7eae638ace2a92fa88a8040ad9127bd,True
results/R3_B1_MMAC_observability/figures/fig3_angle_delay_sensitivity.svg,6fa11b6f345f708c52a355b3b2b376c7a5f431de4e8bf30c1818b6551c31fdc3,aab6cf5f7c0a33330af846db6ad5fa6a979156423ce9b767b4c0c85857344b9e,51316bdad4d2edc6b11caa1c22d8f66d579329ef,True
results/R3_B1_MMAC_observability/figures/fig4_ideal_vs_hla.svg,a49eabab5a7967cf39a85f91b6bb7c416030f94888af9eed5aa0fa764293d42c,7db95af3598a985e5c0659e974ad54e9da9b6e5b3201ba5e0182fbe10a4232b9,b9d8dea0a843c6d4a2b85bfc5c457099ce6b25b2,True
results/R3_B1_MMAC_observability/figures/fig5_fisher_boundary.svg,def25e916a1d5a8e0f39b1685142d6d20b52b10c4dc27fd7ce3064b4fa1c5bdd,ac4be55e2c3eeff810d40549a12214f70047bc825f62d3aa31dd23bbe26276a1,07768129f60efa14f9298b58d9d5a8313631bfe4,True
results/R3_B1_MMAC_observability/figures/fig6_delay_ambiguity.svg,d3f80231d10935bafa94c6c2a8fe5e0604c638948f10bc789237c85ef18ae024,42627c38c8a969df71b7c0c87cce5da5bc9db7d4152fd5a8ca9c4c239eca400e,b34eab49a448172a66d4e41d25d611ce27731ad1,True
results/R3_B1_MMAC_observability/figures/fig7_delay_ambiguity_corrected.svg,867448ee37108ca674dd72644faf254624a6c5e6dff6aa7f5f364cb84efdf0cc,01363bcfe7cab7ed668d788a9dfefbd8688901f44de85edc6c38d769593c7525,6375468a06e7a0c18ce37058cc47909c7dff9f5f,True
results/R3_B1_MMAC_observability/figures/fig8_refined_branches.svg,1254169f869cc972255ecc6966c48657308c3017ad2029ff7afe0f1cf8c2314f,65bb66f6736b38387f36d63de4e813b57d38704e6f64dd4d07935a25994fbc4d,11d2d6a070412e83000b7381c2e9d0d245ee293a,True
results/R3_B1_MMAC_observability/figures/fig9_actual_hla_branch_resolution.svg,7991dcdbffe0e271c609869638c332c6acd4723ec5ccc1d98d2f0d15dc95b8bd,2b39116c5683b5a998118ca310453881df075f3a97e520b83148d61b442d5e90,e770f029644b6a4cd9548b9e23fd7d4e57d5392b,True
results/R3_B1_MMAC_observability/final_delay_observations.csv,cc84e6d11d53362342b57c593e105d4dfc3a55a098d3aec5263b87a65d7890de,4b3702fe11bc27099b257df0153e5b89c54f253e0732450ed1b717b240cec7bd,b30f3b453d314b8c3672bfb51e5410aae38601f2,True
results/R3_B1_MMAC_observability/final_mmac_fisher.csv,26a1d69152eba3838e0e654bbeb71b462dcbde3a4cf8b8ea2827c8c1596f4348,14778adf83e69cb1912246c13dda263f8738775826167e82ca2db65d047594b5,fb632a17bac6779365daaabf8fc73cb24bb6b940,True
results/R3_B1_MMAC_observability/final_mmac_jacobian.csv,f01a374e9c81e3db89b3a42940c4d6a5447684986a1296e42bf13f196eed6295,b42f2099187886def637d6aa840022266e05cb6c987a9394e708e23cd505eb46,e02abfc9b0e17c18f0c365f044cc760d3b961f4a,True
results/R3_B1_MMAC_observability/fisher_invariant_checks.csv,5723f169b0f341d5b23855e369e8cb4620dc721bb82285fa443bd6432bb4d605,1994678f6ab5ce62b56005c5a99f07693b1299c2fb776222bd0108943a0555dd,2f64f5d0c7830eeb73c12f18856629347d00ed42,True
results/R3_B1_MMAC_observability/hla_direction_cosine_fisher.csv,3bf02502ba879d9975bace77b733d75f738a047ceca3720c5257804dad1cb5a3,ee5b1852931b4bc61838d9e2a77796ed8a95375fbcccfae93e52b1b2cd296c50,e0898887409d3bae8135e05edc0442e5b7fcb26f,True
results/R3_B1_MMAC_observability/ideal_elevation_fisher.csv,77a4b8c51cd2bfef107cd36e8c2011482963597b3e1ff892683f08663085b5ec,19d88b35de41447419e8a4f3ae856f028d67414e4427db79cc243f92a34abb89,66d57069f2d6e1ae73dd58d3a6f49e3b274800fb,True
results/R3_B1_MMAC_observability/joint_rz_fisher.csv,573dc5115ce418c91cd2c08c8893ce6bcfa238bb180587aea3144ad97cf8c9c6,70feec27cff07a9c116a472fb8a79667800e020b9b456a5f601ead073fb9ea6c,4eee9bd58738c6fee6eea1fc242b3e3582013dc3,True
results/R3_B1_MMAC_observability/joint_rz_jacobian.csv,7be74b2715399afffb8f80fa4666426b415f0fef014bbe0937dc069162e49fd0,f59ee352b4fd763f17d1a18e8e8990c4bd9f501e89d4c1a64d527436a610a896,4246588ee9faa97e6aa1c66a85161f406fec8e5d,True
results/R3_B1_MMAC_observability/observable_branch_table.csv,ebe8e6df18b7b111572c52285c9e0e47d33d82523bf9df605a2cde008259ffad,8c42c8ace9132d9518027998e5b5c61fb054503c7007350a43124be9b52bef3c,a30b1c130597bb307a4356a70868bbbce2205176,True
results/R3_B1_MMAC_observability/ray_modal_crosscheck.csv,b6bd6a4dccde00bc185be42e44b82a3f78cdc1dd1f110ed47e6e81820bcf9631,efa498b12953d26b585b055ed9337cc661d2f7ddbde255683e8b8e1c0f6d37a7,0dd58427bc3815de9380189b056ab1de35061e8e,True
results/R3_B1_MMAC_observability/ray_modal_delay_crosscheck.csv,896c6ef45132a801a067f9675e981223e81f3767b3eefa82e8afb43ef61e9f11,878d5befb7938c1bcb43b61e66047f25faecd4aa200266e47f7baf54fa02e27b,9e9597bf5d92d6b8e26ef7bfd2cd93d0c5c532e0,True
results/R3_B1_MMAC_observability/rz_branch_association.csv,6b31143e1260e019fce9ba2a6b3f7b2b4c1774077a8a763c69c9995208959b21,513305702c8acabea8292491db4f16edbcffbd108893ea221136b2b8090e7c77,ca9dd23359ab8596748a5fb01f4108dea15ea60a,True
results/R3_B1_MMAC_observability/rz_branch_grid.csv,1f0e9b49658742f64b3a4f389d3cddc9dd85af3ad361f812f68eefbf9b66d728,bfc1169b37cab60e40a2e5c9aa7a03fdb5fd62cbf591368f3c5193d49d83b662,4d861282fb353513dc91fb6f341ef4cbe899eb70,True
results/R3_B1_MMAC_observability/rz_branch_quality.csv,b8a7a68f00a5a76846eb5aafa480006f4dcdaed4a961cee97e98c31f27ff4f95,6247da46cb945264fb73cba065e5954f9b64c7470c09c453201a985a3218b357,ae33a52fb0d91eeabbbd336cd4e5dd7874e178a4,True
results/R3_B1_MMAC_observability/source_delay_observability.csv,5b840d5e72640dd2eb80e64be88badd4ab55a1ed18575b9e3e55e65453e70d20,f82c78ab7dd7529c146a85a84db49fb5e7508dba1f3ba7e2b6387dbd9475c79d,117718bf8f9fbbd2489ea6c45731e5da6dbd3bd9,True
results/R3_C1_depth_motion/ANCHOR_ZHU2023_METHOD.md,c6acfe264aefd2de105305849984efb39c376e01923f5aadafde32a1c903e4ea,01ce7a1e6cef1e2534cf2c329550487655dda6fb346e22921f090c1c30fda5bc,19fdfbdf5e96d6685f5138ee2b86595714a33a0a,True
results/R3_C1_depth_motion/R3_C1_1_CONFIG.json,4f9e08c2817ccb080c10eaee7bae37d9c8264d987ad39b4abeffea75cefaacee,266a4c8ddc60f3a9948c409ad498fd7e66b0934fd38c86211e3b1f54d2501a42,20034fa89e8b0bf06e9cd45fd43e52f3b99c0d5e,True
results/R3_C1_depth_motion/R3_C1_1_DECISION.json,a1997481cbf2de2e4bb53bd313f36e5e4994aee5539f9ddfaa187f5ba81d32b4,05d7b5f95074e6506e814150854b84172be23185a30777e9e11fc7f1009fd001,8fdb5df34a7c768f05be23a99cf4b243c30eb83c,True
results/R3_C1_depth_motion/R3_C1_1_GPT_SYNC.md,b731aab319cf60f688e661892b77d60a73f6d124094ddc266832a858b70bb542,043bd02ee85ab8f1bf676ce673542ec0f3fe0195396d4f208507ed8919213440,767f71eaab0f10ded1092dcdaba7970b8586d59f,True
results/R3_C1_depth_motion/R3_C1_1_REPORT.md,ce8ff1227673b65043802c5c6688d91ab7f1bb7f407cac5c0ab5d0d006bc69bd,d84b8efe8bb1f3cc61186c93765b3f8a496b3f9641c708bbdc022fdb58c6da63,839090378ef65d16c6823001d6a333ad534399a6,True
results/R3_C1_depth_motion/R3_C1_2_CONFIG.json,0cea1c1755a3741e786685ef6d04a58f751c00a65fc4db7ecb8fd4e0cb84c665,6662c61c5f359098bffedf0b32aa461cdf0a3eb6e201fab3a6ac9db639d853dd,332fe427f1c36311acaeee837929375c8939a52b,True
results/R3_C1_depth_motion/R3_C1_2_DECISION.json,61b46f45ac0f7cb596b8f0b647c89fe90deb1fd209a3017b7ba0dc595b769d17,e37b28f323fe6638f60b9686ef94722deb7578cc4c3f643910d3b6e6cb5ac745,92e09da9fbe735c2405ec1876d84c36d519eaed0,True
results/R3_C1_depth_motion/R3_C1_2_FINAL_CONFIG.json,bd27ac26bae78f08ff1723466308456384b6aa35ceeae6448361529644846020,cfddb9a4098d6ac5eaf7c587083b0a2d5433395663dc8500dfd409f18714e00e,cec7bd05663522ed035a39516ee8e8ae51eb9952,True
results/R3_C1_depth_motion/R3_C1_2_FINAL_CORRECTION.md,9ac47824be3a194745fd4d730053721b06c9f080d29d202ea35952def43d990f,426dd52d1ab0af988fb3d8433015d8e0eb5a9365591b0512b487b706456fe1a0,abbe1e179a431ad59945fee612c520a8f0afe79a,True
results/R3_C1_depth_motion/R3_C1_2_FINAL_DECISION.json,f122564c5f90da6d29f87c60a0faf50167a96ae91a3bc074592cb0ee3bf0a946,0401aafea0b306a69adc23054d694746378ccd34ebe0b916e37aba41bb24a82a,1e74e6ac0f211624684a41e194100798a762f544,True
results/R3_C1_depth_motion/R3_C1_2_FINAL_GPT_SYNC.md,7ad33e6ec6c146a85b0121d72e5cbf6f08edb547974fb84f244dd389f4544ca8,214ba5feab761b4c93b66980cbf9edd3a8df40f8d082d12eb092c3153e00783f,b03f663ca795aa1484a758a532233190af61af71,True
results/R3_C1_depth_motion/R3_C1_2_FINAL_REPORT.md,1af5b125ffc5ce26f61fde49ca89b563a914f2454937e826a8c1313ffcd1d7e2,e176cdae8ee43feb2202e7336c298fd9bccbfd8d26405bbedf9874fff28c3904,1d5bd167107fcec816b2ad74b8ea7fd68d20aa31,True
results/R3_C1_depth_motion/R3_C1_2_GPT_SYNC.md,3dd03850a33dc130bd1606d9b0d92a53a8334c52884a721d48636f123e821dcf,c892c2eb939d97c1462fece415b9d35291611ae93282983939285bd8392ba82b,5f18b3d3e534e88404c8d5e8f7cb7d791e2faf57,True
results/R3_C1_depth_motion/R3_C1_2_REPORT.md,b77716434d93e9593eb920dc73f339dead63bb873f02baa50a42d2c98fecc748,110c222a9dc3cef39189539dc81b07eb8cecaea5bf11af285f62e27f09c11617,db01a9e0944b181eda9c4cd4cdbdd39031c3d17b,True
results/R3_C1_depth_motion/R3_C1_CONFIG.json,1a710d683c0311c1f65c5ee4d5f22fa3976eeb045f1e7402b48a3ab0e9cd20fa,d6f6d0e806ea9c224307cd42851ba26da6aa8d30e48f5fae3137598c7f3c6bc4,6b223fd14ef3db1b2d698bb94000924557c4beba,True
results/R3_C1_depth_motion/R3_C1_DECISION.json,1d6d079a926c1affe1680b57c8ba3ef0a47ab898326eca6cb626f3d516b1c582,723ce20f1d2f697ac10943e347f64262c254229e5cd3359b5a0e0ece99316ef9,762e83a24680ff56236a31af64a1fd40514b2a07,True
results/R3_C1_depth_motion/R3_C1_GPT_SYNC.md,e2c78ba3c0bdc65b7ca018f9b6398a8af2169abff3e31d0445ae98ba0ea8294a,f021b42558ebda06d9798ae27a5a7ddd5ba29cc86a6a85b55fdaae9a8b7d6187,8067cf358aa020568b7813e8d3cac65caf5538d5,True
results/R3_C1_depth_motion/R3_C1_REPORT.md,041c9f038ed442742a6b7b3d977ea9df5a1778c50006519c83e88cadc56a44d0,636bec089210ddc2d8ad04aaeee80dae233cc7c5bcaa64bade058db0229b4ac8,a548592ab15186f899611c98b5b66407c55a46bb,True
results/R3_C1_depth_motion/depth_pair_distinguishability.csv,d6e12ce7ea321f77a463c0011f02e76afde01b077b7fcad1c8f55190c5e5fc13,dd764bcb9286204761fda3e074ae36d6d8add747761e310ec879c43f8a2984d2,264dcc3320c68ecad4c65c4e8897aaff3c07cc68,True
results/R3_C1_depth_motion/depth_pair_distinguishability_corrected.csv,ef370a81b2a6951c3207a7527e8f89ad2b6cc2c4855339f190a36a75b93f54d4,3c17805a841872f57ef2b61f5bca4a63883daf73719dd5bccc663cdadb48a3ba,a2624ac2b1db1c67ba1dd07e708b488dabeac0c6,True
results/R3_C1_depth_motion/estd_depth_ambiguity.csv,0957e0f7cad0e3031d41d9ba25c1ba42e2bf61082c31e410a783a9661ba82d47,6fb2c13f6086d984195cc939354c1ce77e0068a19b439b735ede7c5bfcfa3de8,648ed248d53e209f72d329717d768cd1dc2d23cf,True
results/R3_C1_depth_motion/estd_depth_ambiguity_corrected.csv,d06e9fcf36415e3ad3a6fa2a770235ec458b25c71ec726bde6ccd2af774d87c6,f144730cd3710949ada65f548b7d07a0c3869b93dc028697dc4e7de9003c95e7,85f45c39bf1c4e4359148b03e197bbf810ee1df9,True
results/R3_C1_depth_motion/figures/fig1_paper_repro.svg,3638b51658676bcdbfcbb9956811d1e833aa835e7ca2ae14d2ba5ca1bb604d07,1ba49d624741190fb3ae25048dafaa854b7ab80c1ceecbdbd7da971da73f788a,224b538196853e18d1626f06d59e9143e8aa8958,True
results/R3_C1_depth_motion/figures/fig2_estd_depth_ambiguity.svg,e088f51f7b1c7558a1d9a3a45ad243ea9bbcc492132c93e128cdd74ad2ab1a83,142e601b0a19cad5547d19ea805a2e98072fc4a1e096d6a81827fc6aa21b6eeb,e7c93c601827255e90b54912703d0cdb1fffb9b7,True
results/R3_C1_depth_motion/figures/fig3_depth_pair_distinguishability.svg,b6b5b395645b25de156c5455b575259d144131c58290ffef7ade0b60218fb011,33031a1b5f623b52f1e4b2ee7d4f73f1e9049b36fbae3adaddacb20ef1141e00,d41a83898367b105d32a17b2580a42a5158ea598,True
results/R3_C1_depth_motion/figures/fig4_track_length_boundary.svg,4ffab29749702f7cc4e6b1f0fad9376052fd88da73b3205d8726998f37a62874,0f1b1fcb681d2359c1b46505f937ac685c54803f4997a5f61797c3a990244457,4f18fc14717bf11a720c796a8b35a0b0a52be4a9,True
results/R3_C1_depth_motion/figures/fig5_static_vs_motion.svg,2b1eceeec0e59c5d263769cb7d2139393dba464f558a3418bf0427cbffc8995d,b564a5cfe6ee522be5a629c4572e3ff12bc09e1d36ad089ac6f40813c955b244,7ade2f8bd099438bdc4a2b581c59ae450eeb78b1,True
results/R3_C1_depth_motion/figures/fig_r3c12_qm_groups.svg,a230edb97d66c4ccae6132b88e581c038a7f1863f9ba227b863686a061181d55,23ffe7ad95f4aa2fe627542dcba037c85fc34f33da4bef817ebaff667167d4dc,afc90c76438488a7475024debe6e924e665416a4,True
results/R3_C1_depth_motion/paper_reproduction.csv,08276a2529d34f363f272caf2e3485122639d91fd86f1c857b5dab037e18e045,bdc7627cba73f8ee1531b3cc231ecd7e0603ef1618fc7aff30dbbfd1ef61ae32,5cbd189cdf2a48de75518f5ad2369005ff009eaa,True
results/R3_C1_depth_motion/paper_reproduction_corrected.csv,9a5bf94f793e25acc0d7a25dd151a53429efd56b53b11ceb82cabb77f62c0f29,df4a3281dfa3ce4677a12465aad38148eb58ee505441e626b1931a60b0e958c9,46857a7e532807f589802f4d299e5f77ae6a801c,True
results/R3_C1_depth_motion/paper_track_length_trend.csv,d48e42fab191959edd027dd8c46989e94d27e0d617c5172dac0268912f57d0df,2532b6c72331daee8c34a90a9dc909d8a6f414327bbb4d632ccbc6424ba13a58,bf7e90920b0f874220771f7179ce4dadad7b3e5f,True
results/R3_C1_depth_motion/paper_vs_original_metrics.csv,9089569014336a7fb4d5f5008932b38b23ebc8d8cf811b4d118ffec24bdddb3b,0073287f5b94193348c0d63dab0dee6e2712d002dd103360b83137af49646df7,91851193febf6b71888aa96769995c0fb3167301,True
results/R3_C1_depth_motion/r3c12_T1200_sampling_convergence.csv,3db2a5bde3aef0449c6e79c913d2ab228d0693520d748a7cce2606eb4d84d517,aed8d0b1f5d9660fa3e503170316e6765392a6b7d2212ebf35a88b9bd331c407,178defd5b53229da11d9848c239fa778167ff582,True
results/R3_C1_depth_motion/r3c12_beamformer_check.csv,11af5f0b184f21e29786125cc2073fb0b47a119b1017561c7dbbba38b0cf4ba1,66e85aa561369eb68179ff64736dcdadc609281039df2d21375125015c1dfbf2,b0351b4589a3fb7033e619ed8737ff151723dae8,True
results/R3_C1_depth_motion/r3c12_beamformer_unit_test.csv,d258e24434be3ebf543e1da6a76f6146569b3729929c42f06a7ef028c7a18db9,3e9a9b3587a9490f89f0385007e9149a9a78611142cd1b1abb2b548045c236b2,489456e31ef1ee65ed160c9b324902d28e9279e0,True
results/R3_C1_depth_motion/r3c12_qm_ambiguity.csv,230b894398a1d0222a439231f11966de2c9f826d1a5e9dc917527744a4e39b29,005465b540c6c4fceab6a866d4e07bad242f00b76acd2dd4b47299c9558efcf6,c03377646243cb1aa0812fc9078b87df299f5da4,True
results/R3_C1_depth_motion/r3c12_qm_ambiguity_final.csv,315c5e1ad7bf2727c384fd3cb1ebca599b71abadffd7d7d15afcfa2bea5a7629,e83f1fc165c43e7b7aa139e6d81df010abd9eed1ef90eb1c6318b6d7420bd894,6178b619b53e5e8f20cf3f74a60bfacb22a21726,True
results/R3_C1_depth_motion/r3c12_qm_pairs.csv,bb43e870020b7a47f8923daf3c100cf77a87a6bbdce69549fca6557dfb71392f,36fcf86d6383d8ed915f93245d84b9a90f58bab4ad7ee13564c1ae78bf0d3cef,148e0f91a524b5cde881a85291a6cf2836699bd8,True
results/R3_C1_depth_motion/r3c12_qm_pairs_final.csv,7cc2d17513212cc7b88bf25d9934c6bd55f3400e8a6654758e2b22dadca960b2,5247f97569ccc5883437d4ae00a74245ccffb284221773779cf6cf5369d5f703,70f3f44451f89fedee073035fe512855f135e8b5,True
results/R3_C1_depth_motion/r3c12_sampling_convergence.csv,e909ac66e0e4a6a3f18faa16978e562406dc226b7f042fee72d1be0f5d36906d,af68973877b6d2b0d6b00974f45737d005e707e47aecb45bf86670a0e857ca01,afac428500b4ca6512ac1548330343903e21e9fe,True
results/R3_C1_depth_motion/single_vs_hla_vs_motion.csv,2460c16b08b7af7676722dd08148f9668db65f9cc1181ce269ed9e3eb847d4b9,848ad75a3671a4016a7db42f366572b20f4330e6a111340afc44a9110133af60,b275e56f8662e21e0579e4d224af8ec55c85aaf7,True
results/R3_C1_depth_motion/track_length_depth_boundary.csv,8ec2aeda4bceef68bbcea3cb27805f0da3c85064759339c6f892fd34ed94c4b0,8a800419187a14dc6273636c27bf916c72cdedcd08e4dc6f709a0437f2f79256,049c184a4731e99b63927ddc494b678719b0fe28,True
results/R3_C2_AR_MMAR/R3_C2_4A/ESTD_REQUIRED_WAVENUMBER_RESOLUTION.csv,d64b5a96910f1e86f60b1d09a2de1e32a61db1508c7020d6adbd87ab847372d0,bbd8d909e20023ab7b619f0429a3b321ffd0b3f48fe9b925802bbf76ef7a68c1,cc38adc656fe39c24c751e7378981d5c34b3a2f7,True
results/R3_C2_AR_MMAR/R3_C2_4A/MMAR_EQUATION_LOCK.md,c49e145eec051e77582a300ecc37c7dc761430c6465e108b6945df8f8279dd49,7246cfafe4f9cc832c344ae171b403edddceef02fc594e726c81a278df76e2f1,d8d96cfbd852a6e7ec5d9040f8ebd32b86a770c4,True
results/R3_C2_AR_MMAR/R3_C2_4A/MMAR_EQUATION_TABLE.csv,275f3d99ec4bc2ae119dc9d142ecb2978c1e8681b848a76a0dc40b98fe69c2e1,33ee3b1b0ad21600c10d1909f36a6a9e72f9a87538de9d5f7e96f6577d17705c,6b001283950c48524f8107b7cc0feaf7c110b6b0,True
results/R3_C2_AR_MMAR/R3_C2_4A/MMAR_ESTD_TRANSFER_AUDIT.md,20d64a28552f15b933247974526d505b11a1db7a2493fd35c95fad72ece218a7,65ffc2cab51ad5a6c0d0799bcda5517c513ccffe63134e4b94f6f73325b1f1bc,2b883198482ff2df9cd85ed1943f1b06b1d80694,True
results/R3_C2_AR_MMAR/R3_C2_4A/MMAR_HLA_MIGRATION_TABLE.csv,4069f3b737650804a95a6604b027463e150d530861a04d260b96135238d6afe3,9d66f47fafb05240f36aaa61f8dd7374821b4178850ad71cfb82e0e6b8da562c,7f6db88cbf51b6e7da17f4568c150e5ba718e24c,True
results/R3_C2_AR_MMAR/R3_C2_4A/MMAR_METHOD_IDENTITY.md,66c0f876f7699fca173e09e4c79f8d8bb3279cc244f5617cf1dd285e5023bd72,b776c972c46450e383333ddb654e0c23f0128599337c8210eb2b4de33a2df692,ce3d8fbe0d4ba7b9a465b811e5a0c1cce0a34813,True
results/R3_C2_AR_MMAR/R3_C2_4A/MMAR_MODE_ORDER_MATCHING.md,f00412b1fc318a8800fcf99de321f9279e6783cebcbca3a3872bc05d8bca0d41,22dee97948cf01b853104cd7f493be26de7778197ce22c98a99baf2631b3b5e8,3b215bd4ad04eb3ac9adc41d1672ec1f7aa8c450,True
results/R3_C2_AR_MMAR/R3_C2_4A/MMAR_OBSERVABLE_CHAIN.md,98a2e158049c2d33daa659f1bd562fa43019bc2d851d0a10c58938815452e180,18867d1863cf9a6cd57a29dd4b7f7421303259e81e079a73885e153a45fb5c52,57cec191f31085a5f3275d379bf79069d1a2986c,True
results/R3_C2_AR_MMAR/R3_C2_4A/MMAR_PAPER_CONFIG.md,2c6d341066952e2db30ffba04e1a6aa0712e0563e6aaaf34e4eba9467221737f,5d686d27ebd494e394dd790bfeb981ee076a10a8e680bdd05674e1a26e9c35b0,56b14daf733c12ccac40ff397b7fe328ad5ae111,True
results/R3_C2_AR_MMAR/R3_C2_4A/MMAR_PAPER_FIDELITY_TARGETS.md,dd7a401ae33d2633061ee37a036f153cc4ab80d6d1dfabf6ca2e21fae9756725,8c0644d0b67c8bb5ec93c0d515f7ceab663e1071549531d618aad51f8706214f,0d0c192774b59249fec3bff29305a3dd5d367984,True
results/R3_C2_AR_MMAR/R3_C2_4A/MMAR_PRIMARY_SOURCE.md,41f2b208a5a410b76c7232db2e9b8050cae8810e8b90e126abae126f2cc66b7b,22a894f85a1eefdfddb08092b67b2c5f5262db9ce9061bbd1e1908ece07f3a96,578c3bde58335d618b5ea5902ec8d19f4fd3a0a4,True
results/R3_C2_AR_MMAR/R3_C2_4A/MMAR_SYMBOL_TABLE.csv,8732d7a4500a58110e766c1d4ec606812937f281345293cdb87145396d6dc9ba,1a6a60d5d19189e794a5a947c3fc650064aa14d3fa148027c2d0db71b63d6e28,c9bf483278a1242fd16280ceb79210837a0b4ef0,True
results/R3_C2_AR_MMAR/R3_C2_4A/R3_C2_4A_DECISION.json,2e9fa67e2e5b494adc0dc34a5e0b68dc4179d14a48345de53c03f77c627d7555,dd5ec7a7c97176ae7919c17e1cc61e9f3f6374813934a4be017e8fef732150a3,01bf5cb2c08624753911273d094f9d40d47d3114,True
results/R3_C2_AR_MMAR/R3_C2_4A/R3_C2_4A_GPT_SYNC.md,b98bba0fd910bb5036f9d1dd2eb4a728857e1a45c6e75e1d3df4492c5ba63ba0,b98bba0fd910bb5036f9d1dd2eb4a728857e1a45c6e75e1d3df4492c5ba63ba0,f0a9645173f3036e3b8418566518140bc8d99a53,False
results/R3_C2_AR_MMAR/R3_C2_4A/R3_C2_4A_REPORT.md,04f6a73709c682938e6556152b9ae132f7d401b7f124a3b70eed748ba7524644,2374672598c11b52e41d3e355bc6bbb7377e2cc660f0ef5dbd59f01a99c658fe,f6ea24b0a94c2e8f7f5e2dcd3b990e2448fe0a25,True
results/R3_C2_AR_MMAR/R3_C2_4A/estd_mode_family_classification.csv,dd775290a98838a090c3f50260275dcb4d4b916c69c15049af30dc9cfd043abc,49ff493f7d5d7f86ca69b496a77b28de173bcae1eb87c20b13dcc6bd515dcbd0,b3d2925e2255d7881bcd339c862a926d5574398a,True
results/R3_C2_AR_MMAR/R3_C2_4A/estd_mode_set_fourier_robustness.csv,621d2dcc9fb3bd538bc406a5d80bee38bfad7ca2bf3878d6126666fb15507be6,b2492a6ccc453df3d6f7865e10230b6883ecf6f678c075f3834d97225ade9f28,3d58008823f74cbb42b9d06d4dd55f0ce022d7b3,True
results/R3_C2_AR_MMAR/R3_C2_4A_PRIMARY/AR_RESOLUTION_WORDING.md,8f48f7eae99889de8b4e8b3e78e86ece3b2739c31d5e614b2301b7d6bb1563b9,2b1613c96d3bce95c71c1b4f18a480030776f36be6ce6803905d4eaeb88b0060,82286339867206b7de3e860c2e4d97ac38321651,True
results/R3_C2_AR_MMAR/R3_C2_4A_PRIMARY/EQ7_TO_EQ12_ALGEBRA_AUDIT.md,18e01c90861df2c041e55f609b09b2ffd14625c4676c0e036ae7b787589f6c14,f81fa0b3db8953c442a49ead20e466f5f72f80b96492598f8f225787bf622e8f,0f961a7b4ebb55203bf8b7a6e243499c54057f5d,True
results/R3_C2_AR_MMAR/R3_C2_4A_PRIMARY/FOURIER_MODE_SET_SCOPE_CORRECTION.md,8910dab0987e9393961a21c90aecbbdd6757804ecc95f0ec66e47d35ff0dc9dc,5fc6222c45b54b7a3df627909274c5ab10a07dcf453aead485bf55525f7fa18f,184f65855f3136f6538ddb2a9a8ef62def7fa11d,True
results/R3_C2_AR_MMAR/R3_C2_4A_PRIMARY/MMAR_AR_ORDER_AUDIT.md,4cb196190de9cdd42ce8993967be3b2f4ad88b9dfaa642c857adb75e4f82f282,d15f294a416c4b37ba508bebcd5a19c8ad18d65de53e261169b31f59b307e6c6,884cebadf2667f573ce8fea2a4eb40e739aa125b,True
results/R3_C2_AR_MMAR/R3_C2_4A_PRIMARY/MMAR_EQUATION_LOCK.md,b2d93923f00d71316cbf0aa56bf5ab721b927e2be1a2fc7bb8b6745f368657c4,36691ded99e0c2091c38b46f3369b56864b912a8c00bc8a6bbf3c85493be3de5,4573e01e109f9a5f3e5b526764773b411e4fec1b,True
results/R3_C2_AR_MMAR/R3_C2_4A_PRIMARY/MMAR_EQUATION_TABLE.csv,da417be7f1f49955ee1d7354735300f190bc88730781f079792a4da0448e13bc,213cd4ddb2f3fcdafa868587e84b3bedc86497f1271108bfda74bc035da18cf0,4316959f8250eb03bcd7c17ce0b94017b3935028,True
results/R3_C2_AR_MMAR/R3_C2_4A_PRIMARY/MMAR_ESTD_TRANSFER_AUDIT.md,77af84639c55470bed0569e3a63c201cbd187ecddf92812ee150c3a0bb22d734,b2f844109d5cb9082d2bc8d118605e8a5b1be3b5aa58b10c3fa0118a109587ca,a8ff253263aa2203b67baea881061831c1b702b9,True
results/R3_C2_AR_MMAR/R3_C2_4A_PRIMARY/MMAR_HLA_MIGRATION_TABLE_CORRECTED.csv,fd6189aaf8663c2d6f575cad1d3b136f7fd66c01bb98195e2dd951b66e71ffb8,d8d2b216e131f5114af053fff1978d0b2e68d919f19cf1ce4f563d8dd09b69a5,9d2185f8c9a713ab8669a9163ca0c36aa4ebc50a,True
results/R3_C2_AR_MMAR/R3_C2_4A_PRIMARY/MMAR_METHOD_IDENTITY.md,68bc2b83b89d7c2788651db078b67674ac49a30af6a017ffab509bd9a8d9ff4f,0927f051d3ed789f74aaadb47e9142f1c23dc80aaf2567f7cd42f5ca6e98b6af,2b71e28aee5b47d76a4b396908d8b4d000cc7b7f,True
results/R3_C2_AR_MMAR/R3_C2_4A_PRIMARY/MMAR_MODE_ORDER_MATCHING.md,80cec04a79504830e9fae221a1f9318ca8f5526168bc46ec609bb84033905d4a,8d7ebcce4b531dbe60764cff0a3706586cc44bd4ff8cd3cb76287ffe3eaefb5d,401970d88dfff90ac423f6a66b2d562d34a533ce,True
results/R3_C2_AR_MMAR/R3_C2_4A_PRIMARY/MMAR_OBSERVABLE_CHAIN.md,848abfa564df6d25d189210af26ea5bc2f6c2cbdeaac810022579685de2f435b,053f6fa95d5a3ca575129ae7d23b161b9ae237beeba4e1744992c10afaf9f60a,1b595371336418279c9ade4190ed6bd7e65d35f4,True
results/R3_C2_AR_MMAR/R3_C2_4A_PRIMARY/MMAR_OFFSET_RANGE_AUDIT.md,10341f96de6e1bf947a75a824a8ae603385e15b7ce50657c916d8311bee132b3,eefceb706adde9e68a78ac03aa1f6a7153adbf2c54cca341b6ccad9888e37b05,4aecf6b8fef8254914a0b7a68816260855a4a866,True
results/R3_C2_AR_MMAR/R3_C2_4A_PRIMARY/MMAR_PAPER_CONFIG.md,a8ac87b886b112ad263c15f9b1d7bc7fb3adcc6096eba94a91420af2fc78117a,5cc3485030a7e56c5651ac81aa593d366452edcb2ee3726be84455ca5c871cd8,a6ed09be8dd3577eb531d6c5e3c840102198b476,True
results/R3_C2_AR_MMAR/R3_C2_4A_PRIMARY/MMAR_PAPER_FIDELITY_TARGETS.md,323d2c79e1bcd16cd14d8be94b7d6a54c147c614fbb6b4aab734dc8b29dee2a7,4241556676a235080b7013317f94c6adbda0950b047426b0e6602f7871d3033f,9cd32431b901c0c16bdc845a8f450d3263350565,True
results/R3_C2_AR_MMAR/R3_C2_4A_PRIMARY/MMAR_PRIMARY_SOURCE_LOCK.md,080ccf56e8058c46bcf3ebd932d78259bf3a06a81710742440ee328f664fd4f4,6978ddb82c2bdd33d1e044ff606673d614396c67cd60594f9c0bfe688e6f4896,ca97874f0c7824988086428f5bcb671c8af13347,True
results/R3_C2_AR_MMAR/R3_C2_4A_PRIMARY/MMAR_SYMBOL_TABLE.csv,9a4699e329d2a3906d689213c5d7f2996beab1b0edfd45a230f8190055fd7701,18d8481905d086812916733e8743ab565ea759e7cf830d99b2ba6ce9d1be9cb5,7bfa2332c12a2faaabe8939aca909dc6a124bbac,True
results/R3_C2_AR_MMAR/R3_C2_4A_PRIMARY/R3_C2_4A_PRIMARY_DECISION.json,227fce4be8eef2f39a08ee04a170a6971bf2dcee9df54471fdec095d95d24e51,4ebfa4fccbab09ea790306f43d8ec47b113191479eae8c5d36a4625a3a144322,74cb7dcbbe1917ed3e6f50bed47a83b70a26111a,True
results/R3_C2_AR_MMAR/R3_C2_4A_PRIMARY/R3_C2_4A_PRIMARY_GPT_SYNC.md,229b9570a99d8ed78ac9a0f7319cec7c0673595f735af987cbf8bb8651ce9eb5,229b9570a99d8ed78ac9a0f7319cec7c0673595f735af987cbf8bb8651ce9eb5,2e80dd074a9b07647146e8bda0e326e1d3f90d73,False
results/R3_C2_AR_MMAR/R3_C2_4A_PRIMARY/R3_C2_4A_PRIMARY_REPORT.md,77a49ec9c9f5265f319ae9d4a1f329588ef9fc2748e54c71657591b63e5d4e93,1fac20e52ab863aa10dc79d9b88a9387a8d9c2d1eacb912dd41e3955188f123e,7739af4900dedaacbd2819fc8d69edb30fbbd648,True
results/R3_C2_AR_MMAR/R3_C2_4A_PRIMARY/SUPERSEDED_BY_R3_C2_4A_PRIMARY_FIX2.md,753deeacbb83ea97989a7958c0e46ff0835c8bcb2b1c3fc1365d2b4cd2622b04,0cd0e8e5889b954f9a05e368c795cea5b23d8e276cb56187d176e268a9f949e8,0d35bfe9c68b7e00b11481eeb02655970f574666,True
results/R3_C2_AR_MMAR/R3_C2_4A_PRIMARY/liang_fulltext.txt,33d867c3d2ec19e8387e3aea1572228db7fe3e917d53c10e66fcdc98554dde5a,18f6f48ee8c5804773a10cc9aedb713fc27d94d25248567dd52db36398075882,dbdd5eaa7aad8976a297ecf727b2d4b49ea2e762,True
results/R3_C2_AR_MMAR/R3_C2_4A_PRIMARY/pdf_pages/page_01.png,0a4b18ccafb23cf569721bd1a529ba1161310205a89438c5e5abf7e40cb45ff5,f12c75ac433302e2d62617f9cd79f1fb9ed6e3ed8481227d2e9f72d3190ef042,4d82d2fbc58a4ac498c5d1e7e1a87d4fda018271,False
results/R3_C2_AR_MMAR/R3_C2_4A_PRIMARY/pdf_pages/page_02.png,88a7eef0a727599a502bbfe94d2e9365393732d36f7f80aef7c3c3207b321e9e,0166e9039354222d49e603ba91e7d1688dbe29a159d295a712934e6b98d96ddf,cc4883eb3c05e7666b54d3c25b07cb9f4257cf27,False
results/R3_C2_AR_MMAR/R3_C2_4A_PRIMARY/pdf_pages/page_03.png,a5380b05093d98d52b63ede9ac0c45146593ebedef10a7f703f9fe2b989b0fa5,b1e4ea80b4f7fd1c7a340e0446563f304189f2dd92c3bcb6ba00943877f8004c,b928e70aef5a4480277d20ffee430cd4ba159466,False
results/R3_C2_AR_MMAR/R3_C2_4A_PRIMARY/pdf_pages/page_04.png,fa26308c08cc850ccc18aa363ece3c12200c1fb2a0501f16768a7ccda97cdf92,8797f39e0f9c15b0ac1ad44becc6452bda798a5f2e853d96f7bc173a00ccea3a,57eeffc1e208e1d4e98499035608ac634c02d32b,False
results/R3_C2_AR_MMAR/R3_C2_4A_PRIMARY/pdf_pages/page_05.png,0d674603e77f280c4a69833b6061dabba205b1e7c183fd36c21554e244ee7017,ae5ceb4234e9b0b185187daa4872eda07fccce5e1a848ab17b964e52884c1dba,46931b2e18f3cec7b6956b036f98d7b3f2b14ee1,False
results/R3_C2_AR_MMAR/R3_C2_4A_PRIMARY/pdf_pages/page_06.png,3abd0040d4e4aeb232ba36263be4315230f2859ff9d45c522bbd9027be0f78c3,b0cc18d150dfc0569fe5cc291a1c1bf109229e7500054f04b488483026fa889b,ea2e0373500cc568126bedaec1baaa1f6ef188e6,False
results/R3_C2_AR_MMAR/R3_C2_4A_PRIMARY/pdf_pages/page_07.png,0c03a2e2c94ad4955deb5a0951939825869032471199112771c6e1b14fa91d5c,8c94345ccb708d20d67ce8022d22c698df4668b7130105853c5e2339ebf94d73,a44abce62313e9c8ce725461871ea554b29429ea,False
results/R3_C2_AR_MMAR/R3_C2_4A_PRIMARY/pdf_pages/page_08.png,1b62bbd959fd9810e9b0ceaacf6f81bdff3112133bd1210c91b1b7642de87108,c58aba36e70659aef44188b8c4860b2a96fac238b54a015ea8e8c7d15ebab65e,512d0a68aea3dcce02ffe56d1f0987d9135da0bf,False
results/R3_C2_AR_MMAR/R3_C2_4A_PRIMARY/pdf_pages/page_09.png,8069db6463d99659bfebea01b3ccebe2844a6928f54a3dd13cb58b5c81f9be8a,54d6a95c9da29da4dfbddaeeba30c6eaef4014057f9949f14de87237c26aa80f,c6bb85ae31e2e0d6e2d35540dbb28e11375d4b9f,False
results/R3_C2_AR_MMAR/R3_C2_4A_PRIMARY/pdf_pages/page_10.png,16fc217537f5c858c7a3a4a1fd4ec0a01866442e06e16aa0ee94da3c2dc1ba8b,acde1966ca30624317f8419442fda0ff8691ddc7af33d19497435ea5391e6de3,019ac2bf7f90b2c227007707b5576bbab28aae86,False
results/R3_C2_AR_MMAR/R3_C2_4A_PRIMARY/pdf_pages/page_11.png,affd58109e258fdef4d53375eb21c613ca5d7f1291c80a6b0633d42fef292366,96efa21e1bb4d633f093c42df1d135fba5e1ff621a83d59a571ce3c74d4003c6,ba43920061e25eb4af46f8cbaa7fe439f028bcd8,False
results/R3_C2_AR_MMAR/R3_C2_4A_PRIMARY/pdf_pages/page_12.png,21222b5dcd883ed5270e458c0c608051072d2f57611a6cfab286404a08161def,ecd698d329e7de82ffec51f6609ade2c9ad70a635d33176da5b6fbdfb57dd264,c264d22313a2e3494cee462be75440a492315161,False
results/R3_C2_AR_MMAR/R3_C2_4A_PRIMARY/pdf_pages/page_13.png,9177f1dbd8a5b55901c3aac83574b16ae5a835227f1d551b73a66ab93514e71f,08d71bef5787d7158bf9659b7f91ce8e544b6dfe2ab5e0e921af4f858fcd6012,27d52c985e6b9d0d6b7abe11591403ae2572946e,False
results/R3_C2_AR_MMAR/R3_C2_4A_PRIMARY/pdf_pages/page_14.png,63a110c2035ba7eb7cdd3dc83b43337397d0228f574a8368871816a56bd63fab,87115c555dd331eb6d90f45a6449122293a72fa19e2565dda97140b595aff582,0ed20027dccf6dc8209874475eb68098f7afb391,False
results/R3_C2_AR_MMAR/R3_C2_4A_PRIMARY/pdf_pages/page_15.png,be7b7a359a7560fe7baa59c9df57cb0a00815090c729775ee2f93b2133b138ba,6cd4fd92c992966d2323b64a5b699222392a1417df2da4d178f4a430112350c4,ecc2e228f33bbd2008dd7eb9278e0d594d8f12d3,False
results/R3_C2_AR_MMAR/R3_C2_4A_PRIMARY_FIX/EQ7_TO_EQ12_ALGEBRA_AUDIT_V2.md,997594d606ca73a6b53763c5ca842f2022b8b03540d7c4c28193d8b6444d7d86,5f552f1c7c04a993c065b9160eaf8b30f1f6da515f22bab51ce12ca6fd45a6a8,ff35e5d567f587b3cab5cc408431cefc2545c8f5,True
results/R3_C2_AR_MMAR/R3_C2_4A_PRIMARY_FIX/MMAR_AR_IMPLEMENTATION_CONTRACT.md,bd7d0b7d493017628891026919f896b8c4490fb598785a8b34bef80b3ea1beec,6b4f04d1ba1599bc69d7dfe791bd03d8dc29b7f10493349dd573100e426181ae,c51560c36a33df0fe4e5f16e27980363ef45c520,True
results/R3_C2_AR_MMAR/R3_C2_4A_PRIMARY_FIX/MMAR_EQUATION_LOCK_V2.md,f44b42f83ab1a481429a5f4e944dfc80cac29d11b903939bc6e7dec0a5bc5295,c1610ebf00f1cd2a571b278415b683260ca969025644a0937bd14c8fbb530b39,7e1e77c2439136245210c21f65838aa38cbd1ca6,True
results/R3_C2_AR_MMAR/R3_C2_4A_PRIMARY_FIX/MMAR_EQUATION_TABLE_V2.csv,864488a2bb3327bce92ce4cb83488aec42aab7b5ea7b87599c5d368b7abd33aa,46cb874a4a5e740c7cf4b60e3c552b9040ad4649db2211a669e2743565a8d9e4,375f37a2df8990bc431b63764cf1e0f7f40c7c9e,True
results/R3_C2_AR_MMAR/R3_C2_4A_PRIMARY_FIX/MMAR_HLA_MIGRATION_TABLE_V2.csv,b928bd4ae99271d9bf0b7b0918c6cbf6ee94546397e48bb15a1001336fabb81b,19a04d78ed122b552d767a8ed24053479d689892ac6baeb935c63acf253e273c,dc6daadc3fd1119279ec57bea6660d797f77a49b,True
results/R3_C2_AR_MMAR/R3_C2_4A_PRIMARY_FIX/MMAR_IMPLEMENTATION_CONFLICT_REGISTER.csv,49bbd6d91ad752e26ddaa5202f1c1487197ced46216be02a9e4f3cc20bc47af7,2d0d39180bb44fff643d0d7d5bf3a9e80a40ec7b5f19f8b5b8605b007fba5f2c,eec6cb96e2939799b548f17a4ad0c1f49ccad53a,True
results/R3_C2_AR_MMAR/R3_C2_4A_PRIMARY_FIX/MMAR_PAPER_FIDELITY_TARGETS_V2.md,0652129eae18885abee81a68904293b155ceac830177cdbbcb4d4ec9cf4c4a41,cd106ecc438527669492adfa2187621e1e5205ef023e3ad7c71b6d4e10524f97,2b0feec4e15ff5a4d73363d1dcf2527819805507,True
results/R3_C2_AR_MMAR/R3_C2_4A_PRIMARY_FIX/R3_C2_4A_PRIMARY_FIX_DECISION.json,62b1781707a9c00a25a4c1e1d568fb676b7d543cbe0e86701a0a6d8b1ffea741,10f7f18c6c7983f83aeb31ac543c04292346ff8477b6f5e2ffe5db271b983be2,ce9129fb587a28d3246b0661bf7b8037d3b64151,True
results/R3_C2_AR_MMAR/R3_C2_4A_PRIMARY_FIX/R3_C2_4A_PRIMARY_FIX_GPT_SYNC.md,c0168c11c8a0a24d681fce84f3357f167d44d5211236e527311aac73e841dddc,c0168c11c8a0a24d681fce84f3357f167d44d5211236e527311aac73e841dddc,6283f2caf0b92e3c81c4f6091058af784bbf3bb3,False
results/R3_C2_AR_MMAR/R3_C2_4A_PRIMARY_FIX/R3_C2_4A_PRIMARY_FIX_REPORT.md,fa4146ffa94c49236ae977811389bbd7d0882e28bfc5fa56031ed4a42938e9ca,66c649e2231d9caaa5fa5c70cf8b673d49416e743e833dd3461042476e1d5b43,080028da3f60fe1cef5f2693ecbe1e59513f37b0,True
results/R3_C2_AR_MMAR/R3_C2_4A_PRIMARY_FIX/SUPERSEDED_BY_R3_C2_4A_PRIMARY_FIX2_1.md,799f35ab6c159e1548feca8bb9608109ae5c7f338ed494db1e2dc73b15f2d2cb,2be151c3cf2576c7e4e5d66268832835902382e996eb27422afb96b2a3bb33da,3fe17ba4572c25c4a33bcb9234a2397cd7d0aa1e,True
results/R3_C2_AR_MMAR/R3_C2_4A_PRIMARY_FIX2/AR_INTERPRETATION_GATE.md,a64b90426e05aa8324917539556e55733c48e3b3d0aeacd5f2ae019823fffb45,1f10f88bebaa9cbda3dbc30faee348e507447b03bb47b90c97b2c864530e910c,9de85a8125b3f9220c2bc28268621a335e194a8e,True
results/R3_C2_AR_MMAR/R3_C2_4A_PRIMARY_FIX2/AR_ORDER_PREREGISTRATION.md,ff83660e0481466b5cd9265895951d5ea2147fef0777e9e7ec380d7835fd4d38,2e0331713b8391f95920e70690a8411d2e3865ef828b091acb75d90c1535960c,c7ec2e2a836272575612bcb0ca8b1db7ca087b90,True
results/R3_C2_AR_MMAR/R3_C2_4A_PRIMARY_FIX2/FIX2_1_DECISION.json,e3dc9bcf330403a010a33cb824d6cacc5f384311cb4349632f64fb07752092cd,5845b9009e6b006fb405b9c83f9c602b477f59ee4c8e751989f911b8d43f15ea,3e26ccda6d9611bc851b7d15c952cd0c34694c7e,True
results/R3_C2_AR_MMAR/R3_C2_4A_PRIMARY_FIX2/FIX2_1_REPORT.md,c7c250931f77f4cdbcb2f218d11c291217e2a84d0795c51ce321e3e169a40468,89246a4e83635ba0e5dcb1e7104c57087c90f4dffcfe959b851b96031b16cee3,df5b36622760923333715560207eb5a7f01649c5,True
results/R3_C2_AR_MMAR/R3_C2_4A_PRIMARY_FIX2/FIX2_DECISION.json,7f76761670ad71ba3c73eb90d7a748d012a2fba699e7e99873b7c1b5b0affa65,5a389fe1e2b87fea3ce525bca4f269c26bb5e468116a844bd3fd31dfec361258,492c919b2db30ef4164ab94cea811cc8c8305d4a,True
results/R3_C2_AR_MMAR/R3_C2_4A_PRIMARY_FIX2/FIX2_REPORT.md,157952f1951161a00291f84879c44082be21e0cf23aa8bf4216035a6bc2278a9,c3105fd0cc8666452f502ae5d360281ee38ea491c69663b8ede168406af61496,06d349cbbbc97311fb0ee1b26f1b39925e9f8f7a,True
results/R3_C2_AR_MMAR/R3_C2_4A_PRIMARY_FIX2/GPT_SYNC.md,2ea02ad8519299b3ad0f20d14c9f34bfc2f7b0adcda6dcf521b6718a9d27f30c,2ea02ad8519299b3ad0f20d14c9f34bfc2f7b0adcda6dcf521b6718a9d27f30c,84786bf1229eb119e6d0bd817739bf278ffa25f6,False
results/R3_C2_AR_MMAR/R3_C2_4A_PRIMARY_FIX2/MMAR_EQUATION_LOCK_FINAL.md,0f18f9eab3bcf5a89d2f60dbce84e902e3761a1386d99b80fcdb8af03d7a7be0,38b40d11c93b8caa23f6c59d6dbea7ba05dbe2c04f2854bbbfca7afd17694a2a,8fc24de022208b483e2b3f7369c080cfbd652fd4,True
results/R3_C2_AR_MMAR/R3_C2_4A_PRIMARY_FIX2/MMAR_IMPLEMENTATION_CONTRACT_FINAL.md,b35c1f132268650f511fda3c5d5a8488e3594e1f520868b27269da70e135990f,dbc451a6d442b705df0994d8142183061c32844312ccd271996fdc0b78ff850b,82ef98f167256a2d96bc67c58ff2744d0fdaa257,True
results/R3_C2_AR_MMAR/R3_C2_4A_PRIMARY_FIX2/MMAR_PAPER_CONFIG_FINAL.md,9312a5f50003529cd627b0a0b5940420d9f333932871f855eb73fb586df8fe66,2d7796bd3bd43c40e6e3e52ab05bf2a3b3b3012364832e001b428b2480c77345,dd40d065ad75793bcc63121baeeedea0e20b5723,True
results/R3_C2_AR_MMAR/R3_C2_4A_PRIMARY_FIX2/SPATIAL_SAMPLING_ALIAS_AUDIT.md,a31b00408b1a5d374fa07a39dab02f7b6ccd26906c27fed83b4fc865f079ed00,d9d11f0933f5c387057529dc1644591a20a2d8dcc2bfbff8ee13a6e1c1cc276d,d70618b608c785743443c179dffe8921f65c78a6,True
results/R3_C2_AR_MMAR/R3_C2_4A_PRIMARY_FIX2/SUPERSESSION_AUDIT.md,d5ce784c0e2afe05d2b90fcbf676bb9033b3f40022221a5bb2dcd9be4b3cb5fd,ee9c3b29cfcabc7188f451a99f63398f2d834deeb0faec9d65cfb477539b1443,8645f4abe33427214e4e3f9034c7a5fb5f60fab6,True
results/R3_C2_AR_MMAR/R3_C2_4A_PRIMARY_FIX2/spatial_sampling_alias_table.csv,c000bcca6cdeaefcb9d31c922f88d8653226b88ed9cb99c723f284a62a4f0514,4e5aabf085e1f59456b2ac9b3cc8de10ab4cffbc4018a2237f364e955c53c27a,eeb51a9e3ad0b45ac7f9c17f01e89a2a9b277541,True
results/R3_C2_AR_MMAR/R3_C2_4B_1F2_1_EDGE_SCORE/BAND_EDGE_SCORING_AUDIT.md,a9941807e6f45839832702795b16b58c2a3fdc976557cc522fd0a5ce4d374b46,c8a0d05c7dad9cb9573ae97f42fc366314c79397366b7102093d417812e3c8b6,2bf45aa815babf34b8bf3cee440028d2f2b24f1a,True
results/R3_C2_AR_MMAR/R3_C2_4B_1F2_1_EDGE_SCORE/BRANCH_STATUS.md,10becae8d3f1f50d726a0f25ce8aa9a15a0ff29f00550c225beab282e38f52ad,b19998a2ceab26e6d99e3f85c04dcfe1f6457f156599de533d382e83fa3b7e8f,e7e8f6030a8a075664e9908bd9bfb9c9a5e3a830,True
results/R3_C2_AR_MMAR/R3_C2_4B_1F2_1_EDGE_SCORE/GPT_SYNC.md,3c30ebf36329d3090220bb6b22eda819818071ef1eb788e691a686547fb0e560,3c30ebf36329d3090220bb6b22eda819818071ef1eb788e691a686547fb0e560,c7e9e55ae73b6113074997ee7a267fe8e135fc9f,False
results/R3_C2_AR_MMAR/R3_C2_4B_1F2_1_EDGE_SCORE/MULTITONE_EDGE_CORRECTED.csv,773bb83f5608325a369bc34c47e28a4e34a57dc6649514a07dc01ad044e3c1a2,b0ca265b195bace579ffb1a54a448b937d4f615ac8bdc4de3f05b2314b3c31db,0d0a34fbdb1362448cd6fd6e33bb59d35d7e8af5,True
results/R3_C2_AR_MMAR/R3_C2_4B_1F2_1_EDGE_SCORE/R3_C2_4B_1F2_1_DECISION.json,1efef949284300ce90bd59db5f56a5d997c6cfa8e093a1d9798c57833f173cb7,f09fc1049e1809ddd2cc011eb71c96762227a09122d661f12d34c250bc723167,32ad422e4fa1a87d17f8c366d4e5aceac0f890b6,True
results/R3_C2_AR_MMAR/R3_C2_4B_1F2_1_EDGE_SCORE/R3_C2_4B_1F2_1_REPORT.md,3f408f323656cf0aa7c92917e266c4b8c0228327c482091c7619ad27e35d8dee,14c122c87fc7007c91808481ef977a996c87f15618552a298d3a984c1579bbc3,7ded41a234614d8755f78df8821f4c80c38cf53f,True
results/R3_C2_AR_MMAR/R3_C2_4B_1F2_1_EDGE_SCORE/SINGLE_TONE_EDGE_CORRECTED.csv,4cdcc69da29e39de3a5fec0d39613084c33963865d11cc0408e3e6bef81a4abc,78a9839104b5cd99fd3a05d05f32e57f2a93716af2778c6837ac6b92f91c68d8,eb6c7d68eef0081bbfb077c0ab2cb96ef2f6dcf0,True
results/R3_C2_AR_MMAR/R3_C2_4B_1F2_1_EDGE_SCORE/band_edge_examples.csv,fc34f5877e2e7e2c25c4f3589b43a7c4d1b2b51cf1bf994b41286520166a1df0,19b419762e1cad8d529190299dba1fed99562391d83349308872b1e46c5db7a2,fe36220f92bf94f1465c9a5b274a4512f7b9c1f7,True
results/R3_C2_AR_MMAR/R3_C2_4B_1F2_COMPLEX_MCOV/COMPLEX_MCOV_FORMULA_AUDIT.md,cdc410f10bb17a6fe78c5d29e6a1e38a2b3e6e3598603efcc56150d55a4aa411,ebaa521f0c6182c4b3c0ef3671c432d6cd3e963196c9973e63e5120bc5fef1e4,9418f737935816cc1527ad857d2b132866009722,True
results/R3_C2_AR_MMAR/R3_C2_4B_1F2_COMPLEX_MCOV/GPT_SYNC.md,267bea83420d558e0ac3705d027a8ed968c7940d5bbc1504330a6172c7959400,267bea83420d558e0ac3705d027a8ed968c7940d5bbc1504330a6172c7959400,50cf92f74147d89b621a479313bf51937d2f946b,False
results/R3_C2_AR_MMAR/R3_C2_4B_1F2_COMPLEX_MCOV/MULTITONE_RECOVERY_FINAL.csv,3127fd723cb90a5528982345541c01aca34b5bf420a38f887df62c04a403c70b,6d1ca9d3872fbc46dd1d318acc46ed1dd5a87ef7d33f6d687216c22d1a065d15,b013bfe8de5b96b27b30b22b164c53b6617066bb,True
results/R3_C2_AR_MMAR/R3_C2_4B_1F2_COMPLEX_MCOV/P1_COMPLEX_EXP_IDENTITY.csv,ad003a1afdc01c96a2e2a777f94dc410e17504247d7383091e8387cea0271168,40c09beb1da2339a7ff4bb4f42aa4774494ab49bedc6f492dd9b872832c9969d,90b0825c5be3cdfaa5c894aeac78f83a091ff1df,True
results/R3_C2_AR_MMAR/R3_C2_4B_1F2_COMPLEX_MCOV/R3_C2_4B_1F2_DECISION.json,3f0c8b9852d93505160b5a947f16981d1ce9f7c7dece69cc5f547018e062c363,48a0732f3f396b2c578c5b3e6451572f88a9093d41f6195cd6581ab925fd0121,3671dd9eaadf59e3884513344c62da52f5722e0e,True
results/R3_C2_AR_MMAR/R3_C2_4B_1F2_COMPLEX_MCOV/R3_C2_4B_1F2_REPORT.md,89ea2740584db477f50778298c144a7bcc472d7cb4a7515d5525f76d1a252ede,082235c7f8798acf2d2a5a74856c722432c5497aa85b44cf46e8ded3e4d832fd,737e0c57a69a133751c539baf67db660c8d29150,True
results/R3_C2_AR_MMAR/R3_C2_4B_1F2_COMPLEX_MCOV/RANK_VS_CONDITIONING_AUDIT.md,0333fd5c8ea3b021b6d20f1ff8569cead5747abfee17828fd26b6fc69294f69e,6e0cc23dd912f8feee108bc4671332fe3ac8968d2e969bbaa1b70c2e095d4094,9c3aebcada8117204b7d9d3ffdd7da36f31d4b83,True
results/R3_C2_AR_MMAR/R3_C2_4B_1F2_COMPLEX_MCOV/SIGN_MAPPING_FINAL.md,0711ea5b89ab649e015b7460a04b4e01d30c296fb6927ea98b0275b0742b9244,88e2e9d37c52d6a7a0472760cc5d44e103aeb82a6fe298a2d128dfdbc22cd688,51c3c620216ffe50a32e792fc4bce60b554504a5,True
results/R3_C2_AR_MMAR/R3_C2_4B_1F2_COMPLEX_MCOV/SINGLE_TONE_RECOVERY_FINAL.csv,15b591b7ef09acba8b1afe420041b955c5c46d7a0a3c0c64b8ca531e91904f34,c55d53131ed82c7f207a7f74eb828f0a14f531b6e1ba55479690fd2bbbed4b1d,e1d977401e4a9afe7f0b46eaef346dc6f7556190,True
results/R3_C2_AR_MMAR/R3_C2_4B_1F2_COMPLEX_MCOV/numerical_conditioning_diagnostic.csv,d99d85b368a53f69065dd71fdb2e52a5fba4b32de50311085db9e15620ef1af5,cb9004560d93564eb5fe37898fec96de3e3c91c78602069b5bb06b29e3fe5f72,d2173fb8a7257eb789cf4155be2f1f4e08d150a0,True
results/R3_C2_AR_MMAR/R3_C2_4B_1F_AR_INTEGRITY/ALIAS_CLASSIFICATION_CORRECTED.md,1781abc21f805da7d7ccb62d16fc181a9bb550f84d63a6ce918398d47b42314e,b3761c3a8625ac341ef8f7238fc0d498fcc7312e5d72af7b9ebae44c7c7806fd,9aa913f6fd2d4f8abf6f4fd4657fca2562c4523b,True
results/R3_C2_AR_MMAR/R3_C2_4B_1F_AR_INTEGRITY/EQ24_SOLVER_UNIT_TEST.csv,24d008d729dd64b78b36a27411bc9324dc380e424f4269bcef821076003ed26b,2a09691dd568da7018a888f8b1d432212e461a543cd3857d4f818b9840a62dd5,989cad51396e89058858292cbc238e91f01c95a6,True
results/R3_C2_AR_MMAR/R3_C2_4B_1F_AR_INTEGRITY/GPT_SYNC.md,249ea02a97b7b80110782491513fbf883ee7948bf01b9d453f47c26f0692bbd1,249ea02a97b7b80110782491513fbf883ee7948bf01b9d453f47c26f0692bbd1,c386f1ece264c1eda4187d2cd68a6f9cb91e0a59,False
results/R3_C2_AR_MMAR/R3_C2_4B_1F_AR_INTEGRITY/MODIFIED_COVARIANCE_MATRIX_AUDIT.md,4e8fb67ad6ba73e626cb4e3a767466cfa436b6a0133653184f8c3d8007796434,b7eed14a3350321f7f23b6ff7aa789e7d113dc884e19254d90ba7b3e2a0c3213,85eeb2b45fb3d25816c08a18d81fdf4d3a43c6e7,True
results/R3_C2_AR_MMAR/R3_C2_4B_1F_AR_INTEGRITY/MULTITONE_RECOVERY_CORRECTED.csv,c9c4c2f4479653fbee81159b15f646344370ae89174f14662374c1f357362e2d,4c749b5a19c5f125dbf970ca258dc45fb1edbc30093990ac66c23fda4b300af5,33c0c0d301d70b28fd082ed98e0fc0573f90cb74,True
results/R3_C2_AR_MMAR/R3_C2_4B_1F_AR_INTEGRITY/PEAK_SELECTOR_CONTRACT.md,ea202674ae6100e741b13ef6fbc7d1a0a80d691da2f1c03bc5a5550212e36a56,7ae6f96c9e31a0b0e6e94314883d1d9f2cde33ace27a3be817baedeafe034b1c,88dc9cf796291c37b970f15f986b8c470583bb5c,True
results/R3_C2_AR_MMAR/R3_C2_4B_1F_AR_INTEGRITY/R3_C2_4B_1F_DECISION.json,3ca290afbb589d2b852cab3946051648b4aa84c54913d6fdedefd06e9a5c2a8e,3c8744881b7dc77562a52d03abd364a44bb978527090f19650b5aa09f7bb3e07,fc17a4a97a0a30efdc98e52955610d7f95142e4d,True
results/R3_C2_AR_MMAR/R3_C2_4B_1F_AR_INTEGRITY/R3_C2_4B_1F_REPORT.md,42f3a56abf206bdae5236dbbcbc9c2075f95ca8a463d56f6eab8cd4c4238af0d,db5385894963f01b8c0367eca9c4a1ccff504e4d91cdceed043eee4f3cf4d1df,506f7bbc9c09aafed073a515fdbc3560cf687803,True
results/R3_C2_AR_MMAR/R3_C2_4B_1F_AR_INTEGRITY/SIGN_MAPPING_DIAGNOSTIC.csv,18e94d27e8fc20b72ad8bba74876e0f3a313d89afc2d20dcdc22a73523b38228,bbcc7161fc26c3e7600d81a90e6564902de09553208a5e39173a85b6e1c8671f,3493552ab053dc0914ff77007107ec9d1a9f5459,True
results/R3_C2_AR_MMAR/R3_C2_4B_1F_AR_INTEGRITY/SINGLE_TONE_RECOVERY_CORRECTED.csv,92e30917affa76a76dd9d789313b5dccb58ce22b2a8cb1400383b3fa39e1a73a,1ff2ac24fa5af65ca0661d4e43c1a98d0566680d1fcef10b64c0dde11d42f563,b6214e9420886fd793df29f47e617f088ff3ad82,True
results/R3_C2_AR_MMAR/R3_C2_4B_1F_AR_INTEGRITY/modified_covariance_matrix_audit.csv,f25722ccb0ceb523134cfae790b79f372c5804433235bbafb1fc9be7026d2fae,8e7dbf1449191ae0f216abeaedb2463ef4b7b5ba3d6e14ba45b72f2bad05f088,3b65eac5efe5f8f8b5b28da837e486aa452dbdd4,True
results/R3_C2_AR_MMAR/R3_C2_4B_1_AR_UNIT/ALIAS_BRANCH_RECOVERY.md,85df1d121b1c319cc7f9f17538b295006f93670a840b954d549c9deed5eb5b81,54b1ffb988844f9fdfbb164e61dbf8dc900ce93dde10d9bea8be9754b2cb7835,cd434092ecfdd4c8edc2b4208b1f6a502fa61716,True
results/R3_C2_AR_MMAR/R3_C2_4B_1_AR_UNIT/AR_IMPLEMENTATION_AUDIT.md,483dcd82ce6031dbaf98e982ca7cd54888f2d1ec6a075050290cf34d09544046,bc5fe1a4544186a45def7352ff86e1905fce9baf59889dc9449682918d409ff8,3c674a4cf72e4ab4f590de3147a9b17f383c150e,True
results/R3_C2_AR_MMAR/R3_C2_4B_1_AR_UNIT/EQ24_SOLVER_UNIT_TEST.csv,c8ce9f88a86fbd5f4e048ff1eddfa2c69fb3a922be540ca54e1dade621c38709,3d1c2de2e212ec3d9cb0802126aa4186d9f71dd43549aeb0b63e78ce0f9fe324,15a4240af1baa436afe680e6652b13133a5fc6f7,True
results/R3_C2_AR_MMAR/R3_C2_4B_1_AR_UNIT/GPT_SYNC.md,8230480492a05f51f6b9b25f9c441659423f3cd5c478603770b25256c38745c2,8230480492a05f51f6b9b25f9c441659423f3cd5c478603770b25256c38745c2,ceb211de2f9955d890248fc03f2dca59c10b07f2,False
results/R3_C2_AR_MMAR/R3_C2_4B_1_AR_UNIT/MULTITONE_RECOVERY.csv,99c9ef1b95ec7aeb62667c3d1f5b63ab364372132060b887d1ebf84646d112d8,b244d5f03e5072bfb90f8f0473a4e89a8529855ce0d93628ff63edd01d3894a9,9bf5752e67b8d7bbd3d5a23c7bef50cee0938041,True
results/R3_C2_AR_MMAR/R3_C2_4B_1_AR_UNIT/R3_C2_4B_1_DECISION.json,dd1751ccbd261287275a125385012ef715060f0bdb2a68ad9a57e9f97738a344,524c75a460189fa7af2318044486ee3da1ee4e37bb6456c634917ba7e769d839,7ae0164bb38ee1f4392ec3c938edba637bf9a12c,True
results/R3_C2_AR_MMAR/R3_C2_4B_1_AR_UNIT/R3_C2_4B_1_REPORT.md,b8e2c6685ef2d5c1de3eb469abf62f4bdcf96daa1f236198ef55bed812de1773,78dc1134d6282a35fdd1aabdb47e99131ded4d8574bd13412788ffe75af8e63e,09647b0fe7ede90a91562cad246de666e503b389,True
results/R3_C2_AR_MMAR/R3_C2_4B_1_AR_UNIT/SINGLE_TONE_RECOVERY.csv,c2cb8d69684816f2e274ae420e67ebc171cd9a09e3b60f306ed5419ad5251a69,9f66a73e7e8a59c6771350eea18aa2172e3572f2822aae18a775b63a3f7a19fe,b6792190a6e076a5b980ceb841ffa234ff91502a,True
results/R3_C2_AR_MMAR/R3_C2_4B_2F_SPECTRUM_INTEGRITY/EQ24_ORDERING_AUDIT.md,f1e3098c82b0eb86c46052994f7be2b00e2b3e8881c7dc02ddf155a97c82fa7a,60fb0fed35142456edfb7fde24e735bfd71e7001033f8fb77292310240d7b63c,0a2cc2ba87ac7a06c0eeb11377a7ce913079f2d3,True
results/R3_C2_AR_MMAR/R3_C2_4B_2F_SPECTRUM_INTEGRITY/FIG3_FIG4_20DB_FIDELITY_AUDIT.md,1d661ad79b76be8ca32c9296fadfd04a91a32ee4802b4f0f0cff35e9eada3c8f,65780d0f4e8010669a7a14d56fd702912b3ef45fef93ae60cfb922cba4f2f9a0,789dcddb305eac0c04d88ac2c6c79012002f1209,True
results/R3_C2_AR_MMAR/R3_C2_4B_2F_SPECTRUM_INTEGRITY/GPT_SYNC.md,5424ba08efc3870a84efb0dab31f6cfcb7edd94abfc67664764e654da38fddaa,5424ba08efc3870a84efb0dab31f6cfcb7edd94abfc67664764e654da38fddaa,119587265a1040d5ccb5c1bfb28e5b6eb63bd615,False
results/R3_C2_AR_MMAR/R3_C2_4B_2F_SPECTRUM_INTEGRITY/MMAR_FULL_SPECTRUM.csv,ca836052185071bbf5c16eb4633ec53124cc54f9790eb8d438335dd4f7d84ded,a17f126a7a5ba3a05001635b65d1e4fe133e88283d1698df3351ef799f93f3f7,c31418f6b54281a40a98b05ec8fb699f5d63b47a,True
results/R3_C2_AR_MMAR/R3_C2_4B_2F_SPECTRUM_INTEGRITY/MMAR_SPECTRUM_DECIMATED_FOR_AUDIT.md,4551f08cd080d7135c7f5d9382be33cc4432eab41d9258e3409aec2419242a41,1548cf4ed1345525809ebf2172ca8d9e01028cf4433610a637430fb79bb109c7,cfbfea1b4e5fe5f3457b2c579d81b446e79a9047,True
results/R3_C2_AR_MMAR/R3_C2_4B_2F_SPECTRUM_INTEGRITY/MODE_ORDER_ASSIGNMENTS_CORRECTED.csv,b085aec0250d381de2b4bc483e4e461bc097dd3818e09167c5c92d10ad0a0190,8e5ed81f14c6e2088906b8c411e0e4eaf2454aa6a19f739243cfd77fa7bf113b,1789fbef343b376b14e5347f935bfda83c9f830f,True
results/R3_C2_AR_MMAR/R3_C2_4B_2F_SPECTRUM_INTEGRITY/MODE_ORDER_METRICS_CORRECTED.csv,067fbda6bcd55095745253c62d9877bbde7aeca21511fbbdcaa8a1129dd3bc33,aa85d598d7732fc0f605c010d56cd59f154a15e55f7eecfb0e85125d7eca04a1,9d7490db96060ecc5f7fc77de590b07e217ccc93,True
results/R3_C2_AR_MMAR/R3_C2_4B_2F_SPECTRUM_INTEGRITY/OBSERVABLE_MODE_TRUTH_AUDIT.md,e59eec749d4f681e27425fe1cb7a19be7bf9080812e04cdb92e8e4aad66bec77,b5d2193a081d3e4c4352ea0c0f31af68ecbaebc2ba0fb38c0b15ba8ec1111c04,62bd63859a46e3a287b778087d04cd1001a608df,True
results/R3_C2_AR_MMAR/R3_C2_4B_2F_SPECTRUM_INTEGRITY/R3_C2_4B_2F_DECISION.json,6f4ab3f818a58d891494d0bc34914b42fd6241c57aca8f087173fc30ac226c8b,5f86bb415b0a541502931ed9c43d7d8b4ef6a226c7fd4ba35f92db04b68ceea6,4545a209826610e87357f577ddd4b9753ca0eb14,True
results/R3_C2_AR_MMAR/R3_C2_4B_2F_SPECTRUM_INTEGRITY/R3_C2_4B_2F_REPORT.md,306f669d06e49bc2c9e40ebe48d138a05484f13abf18bbec579041e1cb2f1553,562b6a5bab661c276a6c518c6b52c83ef0e83f5fff3289b3cf9a2e1ab2f38e58,f13da078db161a65c75b761bdd23bcc6f6be0170,True
results/R3_C2_AR_MMAR/R3_C2_4B_2F_SPECTRUM_INTEGRITY/SAB_FULL_SPECTRUM.csv,f12ab49dae4bee94e0cc05147ed2e25be79cece923cae42f7f7113788f95a230,816228943c92c747f4440ebe40e5e8308a07abc103061c52df2b68ef6dd3b80d,31215edb36b33997110f3be76dac59b014ee2510,True
results/R3_C2_AR_MMAR/R3_C2_4B_2F_SPECTRUM_INTEGRITY/SNR_EQ28_AUDIT.md,b3ba135a2d787fd53d3c4edfc334b2f9c8210b2a3231d488e81bc5ab457242f8,6ef0c8d0d0ed11f5239feb648fb13f491d7a3771672021853d72a5ce23cf8c90,77a5c7d755a7ddcd89f0d6a60fe8170372703bc9,True
results/R3_C2_AR_MMAR/R3_C2_4B_2F_SPECTRUM_INTEGRITY/observable_mode_reference.csv,885ef9e0efb4e5aec4a94b9d83a8aae15c39698566712c2f10a1f06d2e06ff45,0bb850356d6b9016f4d0b0e4dff4358bae158c5f08041be89f15165bfd75e826,d0a46a6f7ab902be64cefdd31e73d04f68eac655,True
results/R3_C2_AR_MMAR/R3_C2_4B_2G_IMPL_AMBIGUITY/GPT_SYNC.md,9189e13c10c4877e99cdd8539ae96c60a662b3d59571ad88216dd2f3d6e5b1ad,9189e13c10c4877e99cdd8539ae96c60a662b3d59571ad88216dd2f3d6e5b1ad,7eabe88c793646a66c84145e091bcaae221a14e4,False
results/R3_C2_AR_MMAR/R3_C2_4B_2G_IMPL_AMBIGUITY/LOOK_ANGLE_MATERIALITY_AUDIT.md,63617264e11af46fac170f0d8129f1aaa13168f3412a01157388b0234dd1e778,7361e40fb1e912fff080527926c2bcb43533a2f0443d913025c56830d22673b5,325cac4fed95e317b7b0bd1687e802fa4aebe114,True
results/R3_C2_AR_MMAR/R3_C2_4B_2G_IMPL_AMBIGUITY/R3_C2_4B_2G_DECISION.json,46ff79675aaaad4d0299ac9b3a5370ec697aaca820364f70e559806ae46357bc,a5226b3696b205d100dd589b0fd184757ec41e77bacb10955eb94c0d75ceb0bf,d8ad9e2eac2c543852694c2acf34e99af9cd4d22,True
results/R3_C2_AR_MMAR/R3_C2_4B_2G_IMPL_AMBIGUITY/R3_C2_4B_2G_REPORT.md,3ca4e37ae93bd9b417dd43158f9ff0934c470721d1c94f0d6474cac039f9468d,2532cde7319f48e42874b9fed503aff68b0df2b77a2370f00025caf4742e46bf,9c877642a9185715d988397d7c84efe799cb340f,True
results/R3_C2_AR_MMAR/R3_C2_4B_2G_IMPL_AMBIGUITY/SHADING_SOURCE_FIDELITY_AUDIT.md,447bd06e3e39a04912cb7a4dc879546d78387d59e3f9d850963c6d860dc9933b,2dd2e4fe17e47423d539ae20ace856fc7e207fe031e3059784ab5092fb6e7445,f8f228f1970e2c6bce8632faf8f271d4102451e7,True
results/R3_C2_AR_MMAR/R3_C2_4B_2G_IMPL_AMBIGUITY/TRUE_PEAK_AUDIT_CORRECTION.md,9f3d368e31277e7a754b6d40d858105310735009a6bdbd6eef27ed91fb5c4aeb,d7781e5b87a02cd13e61f96038a596221085f057545672475f6e15b917a71de4,8b90e23c3f0263377c509b1ce336e9c35b7c9f29,True
results/R3_C2_AR_MMAR/R3_C2_4B_2G_IMPL_AMBIGUITY/look_angle_BF_distribution.csv,0bc716b0cd03db3f44ccf61c5ea4bb10f6489711e760ac7facd6ccf24bed311b,a7a7ff97d112d3753b40f3e789123463c35c7280e70d7d0e2037f1663733d390,1e1a8c2206f74b0064cc068dbfb04b72a9e1b3d0,True
results/R3_C2_AR_MMAR/R3_C2_4B_2G_IMPL_AMBIGUITY/look_angle_peak_sensitivity.csv,2dec9329459506cdf3171e9d81ce7d63cbda3824d15faeb848f628f9d0e4b759,bd28b208abc208562097fb94c4ac738e3677ae1c2856d0d7618253c9b9be86db,70f29452679dacf2422e57adb1ce1492918361b3,True
results/R3_C2_AR_MMAR/R3_C2_4B_2G_IMPL_AMBIGUITY/shading_control_comparison.csv,d1f4c2eb6639d866aa48d8cceb5f3fcfd70d716bba86cd143023e2aa778fdfa6,a1f099223c1d34c0a5e79a9f6a345a91e27dfea1ce4ff4a42b80ae229f0182c8,291988d8c91c7aa76da503cc67bf19ebff1cc6bd,True
results/R3_C2_AR_MMAR/R3_C2_4B_2G_IMPL_AMBIGUITY/true_peak_window_recount.csv,df7a0d4b259783bf9add0da7ee5ee3153e4eea8a6e01ccbdd336382963e9ac52,a9f18760c71767c7bd6fb175bd007b83ac34ab9221be4e23ad7f576278953ee6,6b1783210872ae89cf3010229c583f912a59e401,True
results/R3_C2_AR_MMAR/R3_C2_4B_2H_AR_ORDER_DIAGNOSTIC/AR_ORDER_REFERENCE18_AUDIT.md,65dbdd281931c6d1d0fddfb32c6e83ba9174212efd1973844da54e62d14aae34,861d8df16080bb71ad944a31ba8552bca50eb1b64568414dc7efd4e30821b665,42b34bb90de119f2b954df766a74e495ce371bc7,True
results/R3_C2_AR_MMAR/R3_C2_4B_2H_AR_ORDER_DIAGNOSTIC/GPT_SYNC.md,9c82cd20a6ad400b1e9c1b4f2e441d384eff3b443dc7fb217e1a88cbd50e6d46,9c82cd20a6ad400b1e9c1b4f2e441d384eff3b443dc7fb217e1a88cbd50e6d46,8273547c9b729912b6fb2d30e4a17b83eade9ca2,False
results/R3_C2_AR_MMAR/R3_C2_4B_2H_AR_ORDER_DIAGNOSTIC/LOOK_ANGLE_20DB_FIX_AUDIT.md,f75835b01c69526e131ddd8eff057f5dff5ae6743f0fc6e58101909cdfd3efd4,f7a44d5c8104f350caeee51c5491165800920be7791dd55b8826aa8f1868234d,caed2330e5d3e6a27460fe3c4de7110e3adde816,True
results/R3_C2_AR_MMAR/R3_C2_4B_2H_AR_ORDER_DIAGNOSTIC/P7_LOCAL_MAXIMA_VS_PROMINENCE.csv,b28bf65509bdf303884cd3de7a1c2e17096a65ac1d690ac057256f2e9a4ac1a7,74f97b82662ed36130f813c226f52184d7bcd73ec5fb79162fdf8abd3328d284,46bd04a7e06e540339fb1c0eeffd4f2b058812fa,True
results/R3_C2_AR_MMAR/R3_C2_4B_2H_AR_ORDER_DIAGNOSTIC/P7_POLE_STRUCTURE_R0_VS_20DB.csv,a1a597f49f43167cb1f6b7685ec675b95b41f23f09556d5590820241e554bee9,4b687cc3ad1617ae8729f0501c3f3062ab8e37c826c778ce2f258ee290700f00,83810422da4ef9c50de5624547a967839c1afae5,True
results/R3_C2_AR_MMAR/R3_C2_4B_2H_AR_ORDER_DIAGNOSTIC/PAPER_AR_ORDER_STATUS.md,caf09d1597de6007a2fca197ecb7085b9b5efb9fadae30d1ebebea01b86cd328,7ab93d651956a42c7e90236857e6f56531348f8c02d158885913b3764b9a823d,76e7fb62149681ec3e3913ee70311517b5cb4e89,True
results/R3_C2_AR_MMAR/R3_C2_4B_2H_AR_ORDER_DIAGNOSTIC/R3_C2_4B_2H_DECISION.json,64fecf4c1b23fa7f1d158b8abbedae6eeb9bcff350284e398a20c21136b15845,898376281b5643539223cad8dc309730f5af2969e58c66d2a358e0628945ebb3,003ec4f86b355a09d8e6b5312e0f83577f419d61,True
results/R3_C2_AR_MMAR/R3_C2_4B_2H_AR_ORDER_DIAGNOSTIC/R3_C2_4B_2H_REPORT.md,77e31616eef6da1430f75669afb1e567c9e83ca16059c37404d56ab24cfe7a95,7cccd1b416eca120c396a8735e34851205e90da76c57f8f4c3440d3d8a6b1f06,46b741b385b65b130eaf0e81ee783d22dda88568,True
results/R3_C2_AR_MMAR/R3_C2_4B_2H_AR_ORDER_DIAGNOSTIC/look_angle_20db_fixed.csv,dce194300a5c2637bac2ce9d759f054abfd3429f6b34168bf8965287a4ede00d,ea1b988d6c0173d6e2b679f3aced64264c50d5569b8bf223022a2bd1148f8720,078f6d2248ff039f3cbad703cf4915777dc4e6ff,True
results/R3_C2_AR_MMAR/R3_C2_4B_2_PAPER_SPECTRUM/FIG3_FIG4_FIDELITY_AUDIT.md,2dcae6e6f343c42068aad38e3856573803919cad98b043d802d5d7adbf7c8aca,1bc0da73b2fc7a4487c25bf3015adcd2db1e53ef5dd5b901f62a9e0a4705b10b,3ae5c263ef3b49b56ca5b2648beb9006089bb3c7,True
results/R3_C2_AR_MMAR/R3_C2_4B_2_PAPER_SPECTRUM/GPT_SYNC.md,fb7d0e764d5aee2ec34110e3d5b26ecf66877f246bc50f599aa59f3e9c79cff0,fb7d0e764d5aee2ec34110e3d5b26ecf66877f246bc50f599aa59f3e9c79cff0,629a4ed8f6546f3a10403a8e6262c29ad2327361,False
results/R3_C2_AR_MMAR/R3_C2_4B_2_PAPER_SPECTRUM/MMAR_WAVENUMBER_SPECTRUM.csv,861c3dd14bbd86ed2c2755a692925a579dd86a130358f6f2266eae3411f01006,b5d31a7538070b0e578be58c0e4cd380b9d111028f7988cddd5ccf1d0a195dac,b6cd307e1e69ee935849e011dda4cb364e7aeffa,True
results/R3_C2_AR_MMAR/R3_C2_4B_2_PAPER_SPECTRUM/MODE_ORDER_ASSIGNMENTS.csv,df09d7464f72f3ac2db427d444f4e9b6ce847aeb9090cdf01334ab2c3ff20f49,2531aa1c8b46aeddbbe79058030837ed987bd719c2afb563e6b4a95a623c83c9,885e74c3a4be7482182846631ac77d4cb7ce32ae,True
results/R3_C2_AR_MMAR/R3_C2_4B_2_PAPER_SPECTRUM/PAPER_ENVIRONMENT_PROVENANCE.md,ebcc87d1cc965b8382c4dbaeb3591efe02b65e276af3841e62950bfa26d1c53c,8a35ebf5881674411e8bc0182834ff7fb3c99915773bc9f4021e52c4566c4f4b,817f73f4f39606fc6a37d1fdeb054ed326362f26,True
results/R3_C2_AR_MMAR/R3_C2_4B_2_PAPER_SPECTRUM/PAPER_THEORETICAL_MODES.csv,a2ee1d3c7c232e775763898180a5724cfdf900c30720835c1bbf8ad8504a4c25,1b68f0ea4bf1d00f0385f9cb98e1cf9967e1e29f789aa4f53c580e2be0ea2b6d,87e176a7705c60a890bc216efb7bc0935be2438c,True
results/R3_C2_AR_MMAR/R3_C2_4B_2_PAPER_SPECTRUM/R3_C2_4B_2_DECISION.json,ce135aa0bcc612acf2001c7e1bd18490c5b84ad6fc30a6563791f78545597fdd,d4135d4a66baf6b4ae07e4c3d8cf4f14c4b51d344bf72ceee00d50fa05bff142,40aa41edea278a19c7156528d822d59ebb80846c,True
results/R3_C2_AR_MMAR/R3_C2_4B_2_PAPER_SPECTRUM/R3_C2_4B_2_REPORT.md,17062afde4a97814de14e93b2d372fb7bfe33be0cd562a50aaa99928c799d542,75c2c030621f89b055165490cf9f64bc6ce0134dc17f4a6ee345b946ba0d77c3,235cb923017677f311b6832a4fd491aef99b601a,True
results/R3_C2_AR_MMAR/R3_C2_4B_2_PAPER_SPECTRUM/RANGE_SAMPLING_AUDIT.md,fdd69bd8fec8dff7348dd7359aa1da506b49c002055e50b40f9700dad68ff470,e18c50d8afd4263bdf65df5359e9fbcc437e7a140bffdb3342c81615315db167,542383ef18b14ddf85bdd64ab082d4a3aa714429,True
results/R3_C2_AR_MMAR/R3_C2_4B_2_PAPER_SPECTRUM/SAB_VS_MMAR_METRICS.csv,1e211a033d2a07a9193646c66f8876c331df4a813e9e8f1a527879080b5ba164,d9e9011b3c84dc6cfae430d22ebc736511cf6c591a8e0dbbfde6f2033c0e90b3,47a6dcbe0ac9c82a6d9d919cdd9b92cecec499a1,True
results/R3_C2_AR_MMAR/R3_C2_4B_2_PAPER_SPECTRUM/SAB_WAVENUMBER_SPECTRUM.csv,f6896ca90c9629e9cb30a38628abf13a4ddc6d1208da5e48ad63c39f2fa6cc2a,a519e2cb082f0d4be3b597bf282bbcc37150af8a1e50d313d867ccf83d036f51,aa3be5192318a8e766912573bfb35f902fbee821,True
results/R3_C2_AR_MMAR/R3_C2_4B_2_PAPER_SPECTRUM/SHADING_IMPLEMENTATION_AUDIT.md,19ce52109de04abbf7a8be257676806ce8cd5df8b92278283e3f63f49573913a,523cbb9557c992c977c7d8a821d95609a4ad82e9fd2ff1c63f9820dc3ea960bb,08bf44cb6c06d392dd7ad34929a602ed678fe578,True
results/R3_C2_AR_MMAR/R3_C2_4B_2_PAPER_SPECTRUM/beam_mode_contributions_example.csv,d2b7e792fb0f836eddd854d50d14fe1c3bc18fc6b10be9746a81a6719d8fb313,83f0981b376a3f415a5193d9d94bd7ff11bfb8a6d40f480c7933580732da104f,4a113b233eff4e0a0c03184f8414121666d45e3e,True
results/R3_C2_AR_MMAR/R3_C2_4B_3A_HANKEL_AMPLITUDE/AMPLITUDE_SANITY_CHECK.csv,cc2c9f0ae6e5b0d3420b485424402bec088a1f6690cbde53f6fc0b2534655c97,b0242c2d903bfc41a2395a7dc9fa1a3ab2cac22168a81840f93da7f7d70747f5,e4a95389377c604df89a1cd2bfb193af13135801,True
results/R3_C2_AR_MMAR/R3_C2_4B_3A_HANKEL_AMPLITUDE/AR_VS_HANKEL_LEVEL_AUDIT.md,c7896da5c9c51ef7d75792cdb0570b9642a41d25f3505407928ae82404aa6d1f,8d9cbd965bed92ce184b247542eac77edb957e69e8d4efc9898f733e9ed31c9e,19d3f6b6c88fbdc61ee4ead4d1eb44db34fb1bf5,True
results/R3_C2_AR_MMAR/R3_C2_4B_3A_HANKEL_AMPLITUDE/DZ_INPUT_CONTRACT.md,30c68e5e88330bba656f31efea787f1b97870324bf6b6dbe7fa09fcfeea97022,2b35d7deef439d32ab4fd828b595e49370505b7602f7733912a1e0a9f1167363,bfb53a4574ce63ddf84471f71811fe76e67927f3,True
results/R3_C2_AR_MMAR/R3_C2_4B_3A_HANKEL_AMPLITUDE/GPT_SYNC.md,f0af3ce0947bac1f8f875e00b0a0877c57e132f6ec983ae94e4b8fb368dff333,f0af3ce0947bac1f8f875e00b0a0877c57e132f6ec983ae94e4b8fb368dff333,35dc3ce1ccfcbbc253859a8af9ec157cd498c3fd,False
results/R3_C2_AR_MMAR/R3_C2_4B_3A_HANKEL_AMPLITUDE/HANKEL_AT_AR_PEAKS.csv,6ee982da2bf6732d42b860657cdce984e5ecff57234d284dc46bf16890a3e888,5c439d9fdad813eabfb38a32b7301735a0f81b714803052dd9a7f28975c62c86,f3621f5c02bda89c45935610ac8226823bf185ff,True
results/R3_C2_AR_MMAR/R3_C2_4B_3A_HANKEL_AMPLITUDE/MODE_COUNT_FOR_DZ.csv,f7945c99d831f5056b8e6a977e720bf8da411bfd2b71f0a3d0be15f859cea6e3,0914593517ae6478bcbae4185a9780fe2839895c4c42cb94a0da2f4df879399d,576e7469c17634ac3fb355204409b6da6f131fb5,True
results/R3_C2_AR_MMAR/R3_C2_4B_3A_HANKEL_AMPLITUDE/R3_C2_4B_3A_DECISION.json,46e44b63987a615039d87a1484a26cbb34dce2d8169be274aab054496410e87f,9a027262b6e02b66fa06ae2788e5d5c4fcbb2dac005ea1f91a434e06fd357cb7,a41fd75a0487d4636ac2d501360c2650a0549701,True
results/R3_C2_AR_MMAR/R3_C2_4B_3A_HANKEL_AMPLITUDE/R3_C2_4B_3A_REPORT.md,f133bc338df72543deaf3333fe2c923ac7463b5da7fa6820a5f22d6329fdb160,502f701159b4e57de87335eb7337a28f953aa9a2cd64b937c1c52ee18b806f6a,be63d80167513d66b3c91864c001645ebf830ac9,True
results/R3_C2_Yang_SA_dept.prt,ec2fcd14545c8429354d1069e7e55a5fae896d1213d571cb4aaa19c584537ccd,6e54b9d8e33bbcc2b69bb19aa74721aa7484c27f41ebe7c64314e764059ae661,07f0e641d6eec5ddabf2dc0466f6540ba499ba8d,True
results/R3_C2_Yang_SA_depth/ANCHOR_YANG2015_METHOD.md,1c582a369987ab44635ae74a2e07ec034687cd542003b149fc16821dba4acfbc,c257d66d713d9ff6b688c7558cde9e5dca4a0a72677d82efd763c17dce0afdae,3b7d7bfb5f376bf966e6c372cd5cf0bcce7a22f9,True
results/R3_C2_Yang_SA_depth/R3_C2_0R_DECISION.json,ea4d9b2ba6bdb5d6c50c8f8a27fcf8622f2896bc466c7bc160ec61c5677ecc22,b901dc70cc7eff8562aec7d392bc9d075158465aed65c6cfdaa07cef1938f6c2,a206f4035ad63fa107d7ee9a4737aa492499a5ac,True
results/R3_C2_Yang_SA_depth/R3_C2_0R_FIX_DECISION.json,d41d428ef63dab666c4fcb5c8b98f14eadfb10e7367b74406e4c5e638d2c8d71,2ae36304fa6f07ea7011c83ae4ed3cb87a27ead9e96f62066fc90305afc232a9,8446f734286f8222c4af5114065dde552916e296,True
results/R3_C2_Yang_SA_depth/R3_C2_0R_FIX_GPT_SYNC.md,3e61e33d95860b19520e86b3f4d9f425ea27af8844c558b7e1f3abaf9b55e357,3260c63e7bd654f898b0ab197a03dee20692fa2e1b2dd6b8a3b2df23240c5aa8,57197aa65616fa2af4c0824b40fcce223a289a4b,True
results/R3_C2_Yang_SA_depth/R3_C2_0R_FIX_REPORT.md,cf501d25538a0028138428b5e7e906d793e615d104d3a10e7d0874342a955d92,ed03dbacb05bf13ec084a80aab5d1b5e71288ce9b47cb801cedae0a6c8bfc23c,075e578bfeee7e583c96e2e86f1d0a565d582f26,True
results/R3_C2_Yang_SA_depth/R3_C2_0R_GPT_SYNC.md,758a68b9108c9207c0f135cd259376e5dd967126c219bdd2915efa78095be97c,deb27be0c70f6b9d7fd107e322b4e66eb758cb181d29f4dfc570620cbe024f62,e233814892725d41ae539efaa1e6970dda9b7591,True
results/R3_C2_Yang_SA_depth/R3_C2_0R_REPORT.md,4f5dcfbec1d4aa16f08f980fcf5f140f2782fc628db555a26f100af5c05e09cf,6640d6b3963de808a636a43abba71e7c2b80e39a4aa05e36e7a0e79e15566ed3,cbd56fe1145c246027a96dd38fd5400558454502,True
results/R3_C2_Yang_SA_depth/R3_C2_0S_DECISION.json,293ae42d19f8684bebcd9b32f4ab70691299f612bce3a4d637b145bbb4bd7580,ed084ca41f0d7396c72f01241500daaa4103548696d5ff4348d1d9c193a4f540,1f42289585eb0853ab371fafb6143d1b37afa031,True
results/R3_C2_Yang_SA_depth/R3_C2_0S_FROZEN_NOTES.md,1cb0e38e60cb393cdb8dfd6c3debc4cd20727090e983d16d74ba41d7eb7c4871,87ac6d79a3deed298b50bde34db3e6e230aa2e18373983249b17939509ae8540,6f2f5fef7c8f38842b431c99cc3fa3ffb0ae2d1e,True
results/R3_C2_Yang_SA_depth/R3_C2_0S_GPT_SYNC.md,d7294fbe69536edfb1a6a7a6bd4b7398cc677b83784021c23fb4426937b40b24,cab5e3a15b8f18d239ede3dc474d5b4dc2c8316317d4492893e289e07e49f0ea,b89c6345028754075ca424f7b5f9eec49cad1328,True
results/R3_C2_Yang_SA_depth/R3_C2_0S_REPORT.md,97f3ae36d4f1450d2376014bcb85ba2ab804d15831d098386f55da0f4bef9912,e4d5c83ab39cbae4e65834051276edf1ee2db4e60360cfd2ce3bb3da5fc25eb4,79b4eb8eba7e98db7c370a96fc884ed7a0c796c5,True
results/R3_C2_Yang_SA_depth/R3_C2_0T_DECISION.json,d5f7561c056cd6e8d6784c39f19945b1a3991d44a92219fd688cc5c5e4fd25cb,565523dbb55a4ab4da894e71d2f2922daebc51521cb836345a6ace2361e149e4,7e27284481ffab51ea276ab708ed49dbed8610e9,True
results/R3_C2_Yang_SA_depth/R3_C2_0T_FINAL_DECISION.json,d7bee07d31b67cc5b0406fa83c5df11bfa2243bfab3c284981835fef9ef64132,92ab30223484d38779f3d9434d3be49ee5d315b3725d17c21e310bf6e8bf7849,872fa9ac408a42ee4934265c18bf29487ffac3b8,True
results/R3_C2_Yang_SA_depth/R3_C2_0T_FINAL_GPT_SYNC.md,8e6ceac982e7bd5b7755a52de73ee0ab830dd32f08102087452719ec17776c90,c785f67e54ca1e773e275c4de2e4609274482e45673e3931985dca3694489557,c211a6decdb97d8eba496281432fc7492d51e062,True
results/R3_C2_Yang_SA_depth/R3_C2_0T_FINAL_REPORT.md,064f8cfe454e65e6afa233217c29766d835d143bf5d743e19049d903962c8c69,b2669bad3e0dd89904ec386fe1b201a1cd559064257c9c4d9e50b67b31e7e919,bcce67bb0dd9d20f958334e28ea16a534e1a9275,True
results/R3_C2_Yang_SA_depth/R3_C2_0T_FREEZE.md,97be2c5b18565eb3a3388b1d63c4db9d510379db647e6349f6d85468802933f5,3afafe5bbfb0962056dc69ee91fa61d7ffd0c56e79d82c4cd1aa4416832335b4,8d7af4eaca5d80eacb99dc87bebaf51707f5bd5d,True
results/R3_C2_Yang_SA_depth/R3_C2_0T_GPT_SYNC.md,629eaf9481501d9239b4dacdb7292ef6f38ed6273f5bae5e72f1ffb3ac69709a,31cc3bd8f94cb0d74a707cf9c2609017e29c0aec10159c0d2b87ca59f9817c75,e057feb515d75ec50e9feebc15cbd3fa548294d4,True
results/R3_C2_Yang_SA_depth/R3_C2_0T_REPORT.md,56a45f5c4d4c3bc37dd8a9ccdf052cd294c064cc649da80470f9d54f58d4e80d,d0a7bac661ccc5c924b673efab66adf9f5235d2690f3bc80f8297b33b2d57f2d,ef2028f33c4fd60a75da35499c339b089cfbb135,True
results/R3_C2_Yang_SA_depth/R3_C2_0_CONFIG.json,0124e95fc68fc72a9512ed65596fa6409c3574d044174227d1fe09cead7dfac5,879ee18414bdaf0dd9e77aa44e15b0561a31f04cf3d59f2e74401909f965ff04,e93bf78f11d00bd7370afab6ed791db543dbd50e,True
results/R3_C2_Yang_SA_depth/R3_C2_0_DECISION.json,34118f6918815e2fa696b5d4d3999684f68b0992aeb9303ec1c2bfed26a274f2,263ec4b73371699810b7db387a965c502fb41e05f4a9ff4897b96d404d1df3ae,700a36cd3285a86bb1049455359c2425e6daf390,True
results/R3_C2_Yang_SA_depth/R3_C2_0_GPT_SYNC.md,6ad97c6f605a874fb0b008b4f8d9656a30f8933e86c90c32b5b301be518560b5,4c8ecf928194737543534eab9ca6c3cdd2b8e3cf5c6e57e3120c32a585719548,684d5ec58e534fae9897db510295ea21a17324f6,True
results/R3_C2_Yang_SA_depth/R3_C2_0_REPORT.md,dce530316ed0138aee2e553d615317132d60641fc0a8f79889cbf9a44af8e824,595b81b91845eb11726d19140136b1efeabf8543b5232865cf8a3233ae7af9fa,776d7fba522428b49f0e1e616a89968b9cb67bb1,True
results/R3_C2_Yang_SA_depth/R3_C2_1/MATE_MODE_SOLVER_NOTE.md,c1d6af303c1c05ec7a17a3c1dadae6576cd4d9414ef93cf4f44cbda540f379e2,aa41681b650cafcf3ee2dada1d113804d81c1550ff19db6ed09570b1e3bb6f37,c7daa55d54e7fbde207220dad72d5e62f0085b72,True
results/R3_C2_Yang_SA_depth/R3_C2_1/R3_C2_1_CONFIG.json,87cdd0c9e284b7214e725e097acfa1eb5662145f255fa5fd85934ccb10ed0573,cd344a90a5488439738b2f79f0bef7c1e0af0cf5ff508c4286bb92e5c90e1f91,4bd066746802cb46e4f49891a52ae2cea79a3a34,True
results/R3_C2_Yang_SA_depth/R3_C2_1/R3_C2_1_DECISION.json,6caf55717df8897c864a0587a5b01c3e53f8cde6a35a6f5e332e37c263a065b1,2feadb8e5227c998b7ccb86718d839426899ee704c30d32f9d68fdc4c6d719c2,42773c59776c48567acddd07e5bab4a7c0115eb1,True
results/R3_C2_Yang_SA_depth/R3_C2_1/R3_C2_1_FIX_DECISION.json,f2170180a510f8e556cc8094d9035e001d60141b4a325354e13fad597054d9ed,d8fc407a792384ec317fcd30c6471a688f5da3846bb50839ceb2945c74f3cb3a,6c08a9e4e88e3561a2c48441447bd7c9783e335d,True
results/R3_C2_Yang_SA_depth/R3_C2_1/R3_C2_1_FIX_GPT_SYNC.md,9fda76409fb6862da87448edb1d8854bf08233f23ec3e071ad5891f2beefe961,54088bb4df776dd37e1a05402737d9fcff7d00204a005f379d9ee71715efc307,513e881bd6762f30f3e3afcd4712e257c54a0cb4,True
results/R3_C2_Yang_SA_depth/R3_C2_1/R3_C2_1_FIX_REPORT.md,bbd9f7e5e2dd701d615095aea56d8236898edb2834714eec80b14c4ebb2648ab,0a49b74c6831e670833faff43f2148ec1fabc3c51cd780fb1c2f5eea00097eb2,eecc8990e442eb000df1aaffe143bc2eb999a0a1,True
results/R3_C2_Yang_SA_depth/R3_C2_1/R3_C2_1_GPT_SYNC.md,72fb439c21e984b09beb05b4f5bf95fc013b255d5fb7c02dfef042a6cf826c12,88063c7c78a40fb3c7d550f26277c3c66a66db875e9ea2ad1b92729d1620799e,f9a24c2befe6f06a23f9fb1aa0afd1164e978217,True
results/R3_C2_Yang_SA_depth/R3_C2_1/R3_C2_1_PARSER_FINAL_DECISION.json,f9cf8fc66fd074dcdb017840a7e71ae6d9efb75492ceb12c9da34b1cdd8b8a44,4517b0101b11e5c208f3e89b44e7125820ac7a2d1f4bc9b4680387db1bcd40ff,b9e8070e331b61db55415dca4f81cd195ceff85e,True
results/R3_C2_Yang_SA_depth/R3_C2_1/R3_C2_1_PARSER_FINAL_GPT_SYNC.md,e38f82fa8d5b082a2ecd5abb34da40d662c7c46c69da946e8554c9d14b3bc9e8,45343007192fd1b1bd0dfe380a1ec0d0ae6d15c193cc4f9d59fdc49a76bf9acb,1feff17df180b564f249febdacb932b6be414459,True
results/R3_C2_Yang_SA_depth/R3_C2_1/R3_C2_1_PARSER_FINAL_REPORT.md,af6796f66849134bfc60565c13a8ff3580ec84873ef598cfe03ac0eefaaef7de,e806247589c3d589fd17afe4e82081e92d6a90f61480d6d1022b2b2481d651dd,9c2275bbf8c054d88ddbc431e5e4905efc0c7287,True
results/R3_C2_Yang_SA_depth/R3_C2_1/R3_C2_1_REPORT.md,f6d1bc5b57bb3cee257c1a4e0c6689e2f6d07c83d593c3c1b96d60d87a0999fb,7cdda7619b33f29fe142771adde38a08353a51dcb0e776dc987599b51f9b956f,7b69603d2ea8e4f0a2003363ae8582e58704affa,True
results/R3_C2_Yang_SA_depth/R3_C2_1/_kraken_work/estd_f201_zs180.env,e7d93f557fc6f4075fa572ce0627a6497c069b05f2b84a539a6f76348e92ef50,b260755af9e9f46ca218fd017adbfb73c6629b9e74d9dfeea25e455f8218d0d8,e8754268733b080d29f70bff6772a772b5f8fb82,True
results/R3_C2_Yang_SA_depth/R3_C2_1/_kraken_work/estd_f201_zs180.mod,5252edb87aabdb669f3ccd4cd327b5111107de0c847ebfcef2a95f3bec7f8bd4,5252edb87aabdb669f3ccd4cd327b5111107de0c847ebfcef2a95f3bec7f8bd4,9161dde7be6f971e5c811f39ecd4985c4e57e2c8,False
results/R3_C2_Yang_SA_depth/R3_C2_1/_kraken_work/estd_f201_zs180.prt,815101d9c2fe3bc7528862cf6ea2de9ddf21d12c99ea3941193e43bf17ac6821,4bc0f2fc2fef62be0695d75822d25343d16ff56be126cb02ec9946f3487c9b00,5c348af5fae32709e4412dc9862a04192cba4719,True
results/R3_C2_Yang_SA_depth/R3_C2_1/_kraken_work/estd_f201_zs200.env,4743750a1c799db5b651e7bcd349b41456f7e29a9026b84d39c77d6824f833db,be1e4e9f26e184a752006decbe6c4337d092a7fa53ea687fb3de1793886f80ba,d83c57d031d9e47bbe18a9b14c82ca722b0182df,True
results/R3_C2_Yang_SA_depth/R3_C2_1/_kraken_work/estd_f201_zs200.mod,d1d62bbe1ea957ae53062eff03c4fcef08157b4fa583bbb9d9eaa7c6d27a071f,d1d62bbe1ea957ae53062eff03c4fcef08157b4fa583bbb9d9eaa7c6d27a071f,8c952c78b7f7a67d9c0e336226181dfacb30858e,False
results/R3_C2_Yang_SA_depth/R3_C2_1/_kraken_work/estd_f201_zs200.prt,136cb9eab989f78b1a40fe265778899a8d9bb4a079f1b02728bb3e0a04403283,5847b82bbb1baf063eae4059729c3c2dd016a3dfc82bfd0d79968310a9ac01e8,5860d7409cf0da92bf3adcd2bca514d7c609d32e,True
results/R3_C2_Yang_SA_depth/R3_C2_1/_kraken_work/estd_f201_zs220.env,99d7b8c4b016cb688d5197eee9f3d5ef9c6f0c3cab9cd8335728a5b144b43922,ec1a5a95821daee8ce560b599612672c21abdea325da10594e66bfc6e24e95b7,814a8f680cfc8b22637e97d0904ad7ae271a19be,True
results/R3_C2_Yang_SA_depth/R3_C2_1/_kraken_work/estd_f201_zs220.mod,679f09a4ed8f81da20aceef1d420bc7a29c1fab99643a024f8b39e2dc756c75c,679f09a4ed8f81da20aceef1d420bc7a29c1fab99643a024f8b39e2dc756c75c,47e54e8880a5cbb34a569de5cc3f0ce73e11fe12,False
results/R3_C2_Yang_SA_depth/R3_C2_1/_kraken_work/estd_f201_zs220.prt,1b1666fc83f5b79ca4d341fef04664af4ecd3d3b19f5f8d51793a81a0f09bf65,8ae2c6d4b848245e198cfb24dbe74dc8f4c3c721a1d89820c9ee194eab482ef7,1a3656f8d66c7dee98797a8cf72e96bb1d8d0a2c,True
results/R3_C2_Yang_SA_depth/R3_C2_1/_kraken_work/estd_f235_zs180.env,9c88430a72f7f27d2453b3b870ded76bf6c54e0dd835875b2b11829a698ef085,f36bf65c9fa528652333e1e79a40c96b6f527ef0f97ecc613ced16e553dc00e5,c07ee386c41087a00bd5bad14425a2fbea009c0c,True
results/R3_C2_Yang_SA_depth/R3_C2_1/_kraken_work/estd_f235_zs180.mod,48d609bdd025a19f3ef55fb1d8fa0d0925e9e0e297b3c8e0ce0dc848866d842b,48d609bdd025a19f3ef55fb1d8fa0d0925e9e0e297b3c8e0ce0dc848866d842b,78682dc5d53f2786fdf861dae37dfa24666149f0,False
results/R3_C2_Yang_SA_depth/R3_C2_1/_kraken_work/estd_f235_zs180.prt,d2816ec7159003d818127b4af68172239ad1f2008fb53355b00b19462a11377c,a59d7fdc5ab62dc78ba891731e932fcb5fe416ac37c285706f3fb8dfbc145003,e14e8fee9ef43c8d4df5f38f8b634cf52b9e3109,True
results/R3_C2_Yang_SA_depth/R3_C2_1/_kraken_work/estd_f235_zs200.env,91eba20d7f8c7ca3f5cffb1e1df70c59b005cd2a6a8714daf995b1ea03a99c64,8faddaf1078e68b83280d9201921aff65d1bb0833f14882d52bddd190aa1f2ae,d62b756810c74dcab7772f03c395d403d8199f10,True
results/R3_C2_Yang_SA_depth/R3_C2_1/_kraken_work/estd_f235_zs200.mod,00b4dd1955de29667893996913eaa8e616cbf38aa9ec9a111047fda0f8e53ef1,00b4dd1955de29667893996913eaa8e616cbf38aa9ec9a111047fda0f8e53ef1,949b8a122f44b224e11a6f1a20a26329ebd81cc1,False
results/R3_C2_Yang_SA_depth/R3_C2_1/_kraken_work/estd_f235_zs200.prt,3bdf39e1f1e34d11b5e0a9057e888043da9cb816a52bdf201be00e876ae52e44,7c6e1da78a09efaf7fa8bb3b61a10341a62aa2740be838a7c971fbea4fb15771,f0be3af27055e1dd647eaf9befe68af8d7f631b5,True
results/R3_C2_Yang_SA_depth/R3_C2_1/_kraken_work/estd_f235_zs220.env,fa0caa73a8b5aca82f27334888743d42ec04b1aa9037534d06f6b0ee29b07bfe,91615bcc4a87774f12515852d53ac78f6f2c82ff7a34a0531ebbf681b3cb62cb,96b7282564586aa6f9caa09c30fc3365e7f3d47a,True
results/R3_C2_Yang_SA_depth/R3_C2_1/_kraken_work/estd_f235_zs220.mod,99b03fa4eafb614234383613f186d1abb5a2f4240bca6e988284469d79b5b737,99b03fa4eafb614234383613f186d1abb5a2f4240bca6e988284469d79b5b737,1b81a2c51591eae08dfe49c0053f20e63f1d8d23,False
results/R3_C2_Yang_SA_depth/R3_C2_1/_kraken_work/estd_f235_zs220.prt,1fc3cea5a55a6454b42f880a89741eba7a40a58d93aac23df5fc7bc37c9d823d,f941e5997eca58daa28dc45893ea4e0e3c3b63184dcb89f3e3eceb198605d7b7,ed42e04a094d3503c7f764ca7ce7bc8ca05c5bd1,True
results/R3_C2_Yang_SA_depth/R3_C2_1/_kraken_work/estd_f283_zs180.env,2dc624b805b06d9d110b5158203f5bca3ab03b6d8a4f3d37dcd3f109043a2af6,9a14ec61354138c3d3e7b5131efcf501a753f57133718d8e6785be0872e0108f,9d9258d79aa0ccc4528dd314056b25eb48c4bfec,True
results/R3_C2_Yang_SA_depth/R3_C2_1/_kraken_work/estd_f283_zs180.mod,6d34474ae30b6976395e160c19cc539a8efa98ba155241204ef38a8ae7b22d55,6d34474ae30b6976395e160c19cc539a8efa98ba155241204ef38a8ae7b22d55,94ed2094ec7edeadb4003ace791ebb067da90b88,False
results/R3_C2_Yang_SA_depth/R3_C2_1/_kraken_work/estd_f283_zs180.prt,2cfb05e8cca001b879f61330ff82cf5b7a883cae8308d89ce4438cce2e0b4232,551192c920900fe5d871a2282fe5439c74373595ebe75123674b7cd36677de87,6f7c7a631d8bce16113754a85ca1e7ff5bc3728c,True
results/R3_C2_Yang_SA_depth/R3_C2_1/_kraken_work/estd_f283_zs200.env,10ffbbc3093d46929afdc6f623152546a177236859932d683e7a4d277c43b861,2c11d97df47627c39e932b895b3f822a5d4918044f2a51e863d0cd402687d2c2,f3abcd02fbb928763cd794f449446a062a9cc8de,True
results/R3_C2_Yang_SA_depth/R3_C2_1/_kraken_work/estd_f283_zs200.mod,e325c9d140afa6fbb2f82d9db857f6b1bdeaaa54cf716a851a4c2cc9cab95c36,e325c9d140afa6fbb2f82d9db857f6b1bdeaaa54cf716a851a4c2cc9cab95c36,c69acf33ba42c48dbd583f968ea538689b549483,False
results/R3_C2_Yang_SA_depth/R3_C2_1/_kraken_work/estd_f283_zs200.prt,453f6695ac584f71d4dd11a93dd58f14f60c0faf7cfeec0a3aea7b46c92334fe,25f133208ec5372c1d57e2511bad7cef3c7646256c2d42e220d996581739c43f,d8ab83c60e73c3fdd3285ea7c3603332d61335d4,True
results/R3_C2_Yang_SA_depth/R3_C2_1/_kraken_work/estd_f283_zs220.env,5bd5343f691e566fa2a11d3e3354d935aec994bf2bed9ebf10587886dffb98a1,f27bbcd6341b2c25eadcf8565d838e60f316636eeb9ebad1d51ffd25ab796d5c,b5c345544f53ea0d99eef59036cccae830ed3d0b,True
results/R3_C2_Yang_SA_depth/R3_C2_1/_kraken_work/estd_f283_zs220.mod,777769fa267d0836cd28635ce346a4700fbf0dc0b9d63625fefbd4b78210d23c,777769fa267d0836cd28635ce346a4700fbf0dc0b9d63625fefbd4b78210d23c,4a5e483809cc3aa9a0a2dd876e5f817d3ff3b260,False
results/R3_C2_Yang_SA_depth/R3_C2_1/_kraken_work/estd_f283_zs220.prt,5360b28dd75923ec495e955acd472bf8873c63f734f6b6ad8a532d46edbbcb97,018192035e1d93fe660bfb3ad0e0d8e6bcfc0e6c2ab9726608183f5e57a5624d,1629ef3f3f04797a84ad0b70296c4b14457ce158,True
results/R3_C2_Yang_SA_depth/R3_C2_1/_kraken_work/estd_f338_zs180.env,bfcc22e8af2a80e55c3b4b321720aa43ebd65f8281ba3cf26c8808419d9ecba9,3fff24489da71815591e6844d3854e178af7ffb73f1406bc5a14ce246e3f86e8,8c2ac0fdaf96ad783c0ca20bea0460b2597d427f,True
results/R3_C2_Yang_SA_depth/R3_C2_1/_kraken_work/estd_f338_zs180.mod,53ce51ea063756928e703676d1262195f12879fccef3348ba479a7904f2b7dbe,53ce51ea063756928e703676d1262195f12879fccef3348ba479a7904f2b7dbe,66998d75721b2cabc5872507c68da85829f2939a,False
results/R3_C2_Yang_SA_depth/R3_C2_1/_kraken_work/estd_f338_zs180.prt,45fb5f024f8adcefbac0e6d709bbbd1798d0b420431dec8368908464d2661f05,e92d6e3e10871ac5bfedd226a2ed411fb3bbbbc92e20cf658195b509954a8579,93e00e72494a04e7b5851bf24bdc9960acea171c,True
results/R3_C2_Yang_SA_depth/R3_C2_1/_kraken_work/estd_f338_zs200.env,9176877058a671b79996836810a20011cd86457020f463a3ce0e439cce088f71,09d78500deb2bc84ed545ba50e9fdb4b03cdd451f63878fd0587145717931b61,bc9d6adb1c57691a3cc3aa6a740a7c605cc1eeb1,True
results/R3_C2_Yang_SA_depth/R3_C2_1/_kraken_work/estd_f338_zs200.mod,919163dc9189b9316b28d3d9eac38884ad25bee97492442ea1d98122311419a0,919163dc9189b9316b28d3d9eac38884ad25bee97492442ea1d98122311419a0,754e1a54bc6e2747a050ed0edd5e7d61044aea79,False
results/R3_C2_Yang_SA_depth/R3_C2_1/_kraken_work/estd_f338_zs200.prt,08c527e3f09b59082cebcb52587a43ef2e84d8a90c22ba9e886a0f4043aad3d9,ba5d28d71948dfdc898810a23dbff9777dc3f124566fdc9e98709f403df3982a,e84fa2ebcb39ca7de45136facc2c2512b54ea02a,True
results/R3_C2_Yang_SA_depth/R3_C2_1/_kraken_work/estd_f338_zs220.env,0de71f5c0563521c2b42febf84ae3256dc2ab694f42ca9d03165ecda7975ec0a,7c53338ebd9ed991efe1d1f2d30c7581d5df16b112303d9c5a5fd57297ccce08,7ba1ac291798594df2ef91ef9a1c6864d33c6ae2,True
results/R3_C2_Yang_SA_depth/R3_C2_1/_kraken_work/estd_f338_zs220.mod,7f7a7e7852eb955d524447a7ab20198472bf8047d4f607338e7bd1f5b17e8b7b,7f7a7e7852eb955d524447a7ab20198472bf8047d4f607338e7bd1f5b17e8b7b,1b94e49d3a2858cc6b49284f88723ea2d7c6cb0a,False
results/R3_C2_Yang_SA_depth/R3_C2_1/_kraken_work/estd_f338_zs220.prt,befcfe609e1fa17495ac41c3da928fd3712cbf2b238e5687b29167958a16334a,5108ea2af4c6168a1aeb2292b49993addaf656d7d39858feb47ec2e97620ffb0,979174a994a8fc74f7d5ef6c3ae06ca49bddfbc5,True
results/R3_C2_Yang_SA_depth/R3_C2_1/_kraken_work/test.env,db620d6d83edc691a3832dbfe9438d95ff8c353f9bc42d86eaae491c039cec67,98c096f2c84372e25e8b8f9dec1093ebb95fd834cfa25522a5e9b8b1a9229fee,98dba10838d5049260465fccd48ddea20184567c,True
results/R3_C2_Yang_SA_depth/R3_C2_1/_kraken_work/test.mod,360188726ae9f39419fc5acf23a36a0abf90f2eb5b281560657587be69025e8a,360188726ae9f39419fc5acf23a36a0abf90f2eb5b281560657587be69025e8a,bf9c01ed4552211e741ed8c0e7fdb9d961982078,False
results/R3_C2_Yang_SA_depth/R3_C2_1/_kraken_work/test.prt,0a1a444b3639f7099692522d5ffc0cc375c2477fcae2d4f585b990ffed48e319,70794e2bb297430f068cee03db051e0c7435df716508e38b6537f9ec75a07dc2,7242ad3b714195fab506663aed74fbeaa957d210,True
results/R3_C2_Yang_SA_depth/R3_C2_1/_kraken_zgrid/zgrid_f201.env,f5f383832b6429cfab766d39beb9fe479699f117b97dfacf63c035913e5650a9,2dce749602ce760b610c109d8774b9269d0332ed322b4cdd05db36c41195d11a,9acba8381348095468f0f0f32038b4d4618e9cda,True
results/R3_C2_Yang_SA_depth/R3_C2_1/_kraken_zgrid/zgrid_f201.mod,e05c5ee06dcec6446f81522b8b074e71e31c44e7beda8287163e89fa095ac628,3a495ca01b6f2f4be09083fd8b905af9d0abedd4168153ed722f1d12e83c612f,510a4a3a0c149f5f05f12884c1dc3c7b890cb6c5,False
results/R3_C2_Yang_SA_depth/R3_C2_1/_kraken_zgrid/zgrid_f201.prt,c183ff2ce86c61c27c1fda36694dbd06c659a06f00ba289e732dedabd6bc7ddf,6fc59be6d8d3e9c9bfb8948190d5619abe9ce7eb400cefdfcbe7f2334f74efb7,c2ea515e38b2d4ab327dde5fca358742f0d70019,True
results/R3_C2_Yang_SA_depth/R3_C2_1/_kraken_zgrid/zgrid_f235.env,b390020d6323bc587a21d2710e14f75cc9f0a2c20440d6765f233ec32eb479a7,5ebc88242345084adc3afd99122e2b60ce56737ba90233d8eb39cd632a511924,bb004531b3eae5ce697d52f31a0ca49fd2bc4415,True
results/R3_C2_Yang_SA_depth/R3_C2_1/_kraken_zgrid/zgrid_f235.mod,187c3e9380fb9d7fc073e5e3cc97e6580fb574b2e43ef055366d3521a9ec15f6,b65956177c85008fd7045871fb6db33b2233bc71348961e37c530fc89c8b02b4,7b2f81e6e9910c8444ce9c272dbeb7b22afadb38,False
results/R3_C2_Yang_SA_depth/R3_C2_1/_kraken_zgrid/zgrid_f235.prt,78c10efa31b04e7cdef7245dde3741559a38c0ebdf3e1da227fbc08bf2a9ae4c,692f7fff535b8268638c3f956c151e3ba16c52b64f1ea8d2f84d1a392d707a52,e704b7cb9c3415b7a6e6899ae73b07806faeaf88,True
results/R3_C2_Yang_SA_depth/R3_C2_1/_kraken_zgrid/zgrid_f283.env,1f95cf120fca5bfa8e1d89a554541ecc20472376c5313edcddb4efc468c0d8b1,5da345cfc81b2299def5f0fee08e3c39778f5def97a2d72e21eacbd5ea5837bd,3d6453f2332d623e7dfaa68546f78d528dff7f00,True
results/R3_C2_Yang_SA_depth/R3_C2_1/_kraken_zgrid/zgrid_f283.mod,5d72a736ddae45bb3fbfd15514f9fb8f6b5e89e16feb598898ee3b64e4f199b2,f4590bd57de4e37a2ac0152191e80cce15fbe61d23efac9de55f1066c31a419b,653e0f445ecab8894be94c35c3d94dcc73772030,False
results/R3_C2_Yang_SA_depth/R3_C2_1/_kraken_zgrid/zgrid_f283.prt,ea6144b91d6e5a8f155434f60ad14c8ea239990a76cb254594c41e71b32c411e,e9696f0823c8f82260007b18f808f6a11c992c873c1e1b9d49671ce36b485e5e,35b262e7e5f36b7b7e7bf5bd892d1276dd64d378,True
results/R3_C2_Yang_SA_depth/R3_C2_1/_kraken_zgrid/zgrid_f338.env,ef99dc3a47557147834d7c0c3e230cb6adffe1e65256587a0bfcdfb9112668f3,8d64ff9d14085239c8cdf38363cc3d7384d2fb4b8e7f32384afd52b136cb7e5f,beacb0a57ef8eb5b6cf952c7dd99aa996bc7d5a4,True
results/R3_C2_Yang_SA_depth/R3_C2_1/_kraken_zgrid/zgrid_f338.mod,367ab57e83b7e40a274d054c44c5d42a7420c4d0d614672543ab75651dbbd0d1,367ab57e83b7e40a274d054c44c5d42a7420c4d0d614672543ab75651dbbd0d1,ed159ae0a4c36332119982bc630e07448dbcce2c,False
results/R3_C2_Yang_SA_depth/R3_C2_1/_kraken_zgrid/zgrid_f338.prt,db6e2ed9313c8a614ad5fa1e18e9385f5a79016954b471568d905b753583058c,d9df87f9472fdd3ea2691d3361409f6c2915e5a6012fe855fdd38c1972078d99,37eb0f69d000161c83f01d3d272cc2091c730614,True
results/R3_C2_Yang_SA_depth/R3_C2_1/frequency_boundary.csv,4a8e00798d125e07109981eaf324341471f7d6a2ee1e5737c5396740bf5b629c,111a3909dba78cce1794afb78b7e5f49c51373021646a86f6d8368e2f3b14aa3,7e8ebb099fe4ee59fe7512dc56f9aa6df9a52d58,True
results/R3_C2_Yang_SA_depth/R3_C2_1/frequency_boundary_FIXED.csv,f63b3f523903b3d34847c20d03020c3c8b5261e5aef8574bb306cc6fce6766eb,ba744f174031f2621eec3334184522b52980fbfcf73b3fc12a83879bd5cf568d,6a6d1192d716f6421c1d2cc4ce0b7554f56c7778,True
results/R3_C2_Yang_SA_depth/R3_C2_1/kraken_283_mode_count_audit.csv,9a6adb1baf3591e5d0f3fcdf6a7c24348baa73161fb8efb346ac7d708676c81a,b11035be1f6e9d22fc645ce1449fc5ebb13e539cbac8e38ff50f194b2de06cdf,e6f5296fc234328c84d0eb9490f346c7faafc524,True
results/R3_C2_Yang_SA_depth/R3_C2_1/kraken_283_mode_count_audit.md,b91786c8253a412935cbb2810ecfe2c76f410f01d44a3e6a8213836d7e506378,c3d6e5f4944feed006084bfc46e341f8b2df019133481d34610e275bb07839ec,78b21adc81457302f1299373b64ef63bc2981252,True
results/R3_C2_Yang_SA_depth/R3_C2_1/kraken_k_checksum_FINAL.csv,14750e7203a854567f82294e18bf47e5c017f51abf6239c08a74fbaf8de28066,26015a7efb782932413e05c7d349dcc40e6281449c0b92baedb190cd2762b5b7,33a712a2c333732f655e3fb28d5636b39e40da92,True
results/R3_C2_Yang_SA_depth/R3_C2_1/kraken_mod_header_audit.csv,e9ac03fc55515b4a57d1bfc1c255558500639506ced92a7785d6416d232615f5,312bb86836f03a0645f6e278c53d7e2f34cdecaf0d55b8188691c429788cf37c,4bb55bd7250604633dd021376393e6461542bf2c,True
results/R3_C2_Yang_SA_depth/R3_C2_1/kraken_mod_parser_check.csv,9f0e0c9e2169854f78b6690e0d97472fba11107162fd79934af9355d64b88b91,f1949d8e203dbcc8b90797d9338b07e8a20065dd79ad23ec04beb7fc051579ad,8eceaead32a45ce77e156be35fed732c2b434355,True
results/R3_C2_Yang_SA_depth/R3_C2_1/kraken_mode_integrity.csv,888426aa9e361f06ffcedf0411a76ae818baf3d02c0434cda924a5a7080f4458,aa34fea8b20267d1ff3bd5aad1a2923a6518cf6c1d5d3ab13ec5f00ede3788c0,8787fe17fee8e92b8c177a7e33db1ff48b910d6e,True
results/R3_C2_Yang_SA_depth/R3_C2_1/kraken_parser_case_matrix.csv,009dcfff9fd09f827bdd5775757f78d1cb181349c9a40739fde0a75bb421d4d1,170d9f1bee63cc54a2d387a2c1e90e218d2c92043f2e576b0b595b97d4e9a198,5bb569dbd18b808450fb7d7b4321444fad5f584a,True
results/R3_C2_Yang_SA_depth/R3_C2_1/kraken_phi_common_depth_check.csv,0a92e62f5a1300eccdeff7c12d8f6ce00e37023a7ee7b271593c627fcceda4d9,01b33fd70ac4e04f15e6bf13181958c9db6ac0af442d13d4053e2bb4c8efc839,3081240a78640309303c4df27b737d88c6797b4a,True
results/R3_C2_Yang_SA_depth/R3_C2_1/kraken_phi_readout.csv,e6ae7e2d612f21bb69b110275f87e561c4cfbdb8213adde347575a56dfc85bdd,65dd15d820a6f363a8c61ccf63e516b363354c800978f1ad65f14c32890e421c,ec11edcf5690cd67077c1ade4f98c183ab4606c1,True
results/R3_C2_Yang_SA_depth/R3_C2_1/mature_mode_table.csv,025913c0e936c84ad9535f2c369d8c4c2ee4bfbce0a50bf7a7e925d1df445537,0d32b585bacd33b04fe0a269ec9515f69f11063231d2807206caee7b3c513c22,ff5a958750a2bae3f731f41d3fb41d18720dce9b,True
results/R3_C2_Yang_SA_depth/R3_C2_1/mature_mode_table_FIXED.csv,0138e60295b84c6ffbb1f669a2b385a103d7a2515f2d55d20db6b65b44da2725,f7a05bdd4d00f821059523272d2aab6a77c877d521e58beea31cd98f8720cf4a,3dbabb0e2773acdd96533bfd0cd20bb2b4718689,True
results/R3_C2_Yang_SA_depth/R3_C2_1/mature_mode_table_PARSER_FINAL.csv,235f66f6a11fc50a292a06e5bd164a2e69ab79ab63e78cd4dd29f494db3fb4f9,b750ce95a6bdd63b5d2ea7591e97e37c41a72c743263523f6d29e7e0df759c2b,6f3d9d48da292b6c3bb9b8db84be9a2842f153c3,True
results/R3_C2_Yang_SA_depth/R3_C2_1/snapshot_vs_sa.csv,449b2883135518f29cd1ae1e635f097a7afc3621d8c248004bea8faf39335757,403c2f2891e2fb6ea3527a5ee6e145dd74d56465dfc00619f18f90d4b382b15a,c19b13533e60a723bf0d2dedfcf583e897b643ab,True
results/R3_C2_Yang_SA_depth/R3_C2_1/snapshot_vs_sa_FIXED.csv,25557e8681c4aac016d244c2150830ce8b503f12b6b128c37267018650f23fd8,48027911b72edf6bbd235d186243af7ae8a4748576b5efd804d67944de1b5997,5a8ef7569fbb524b3b9a7cc179fd40881eb55933,True
results/R3_C2_Yang_SA_depth/R3_C2_1/yang_depth_ambiguity.csv,6f9b0d7de75d2862e1cb1946298af479cb9c24f57708489c41a847a1fd4c8cfc,238d2c3cd6c111573a1ea66853d0b117de7b0e842bc6aef9536f7ebb13004cfb,a2a33ae1ef96e5453c470364b4da72e1a98491f7,True
results/R3_C2_Yang_SA_depth/R3_C2_1/yang_depth_ambiguity_FIXED.csv,88a5464e5ab0a0143ba55678532141a82cab68ed999086143b1159c147e048e1,8084b9166db1858ff5ebd3a64e9e6985f0ec35caf6addc34ddb955309ed03998,8fd0cf214b5026266cee9a45e83d4f2dce03186d,True
results/R3_C2_Yang_SA_depth/R3_C2_1/yang_sa_mode_peaks.csv,e214a3f609453435f96524645a9d1549430095fb30256c3a4c3d55f6b31b0aea,479d5c37519b7c874b042e3bf7748426a534e8f1594486d948dcefcde5bdaf88,8a90ef38a141069b6be6b09ac315ace21017e1ad,True
results/R3_C2_Yang_SA_depth/R3_C2_1/yang_sa_mode_peaks_FIXED.csv,fb329366b5b74da2bd0af7ca7dd5934b72d32e8ddac3506c7dd13e41d7da32fe,85cab3445228fcec8b42ff468e08a068c246f605bedf68912ef41c82193a45ea,228d14f91b00864489d2e6cd2c3d7ffe15fd8c7e,True
results/R3_C2_Yang_SA_depth/R3_C2_2A/C2_1_FREEZE_AND_AUDIT_NOTES.md,c5fdd44f77e6c9d274e55d3bea7ff7e656551b8fa79ad93f47f90c34d90af065,da021dc3633e52b74a74f6400ecb29b1862b39dfbf2b512ec54b8329b776a8ef,4e94959303c605643953dc1b4b40b1910478ece7,True
results/R3_C2_Yang_SA_depth/R3_C2_2A/R3_C2_2A_DECISION.json,20c9163c9c25b34ebf77dfe3ff5621b89ab174e7692640023a9013910cd6e64a,1bba92de4bcea0d4ddb4a682e5d72b414321da4efa4e10c0e2f14838ad0cad42,f09b320500424b7b21699e208e35601eff6a98c6,True
results/R3_C2_Yang_SA_depth/R3_C2_2A/R3_C2_2A_GPT_SYNC.md,a348d1f50dc010766333f57ce67e4536ec1eebec3c7ee0858a7574f175c5b85a,c16c9a5b39156b9f0923a13982eeb01a31e9f3676da55f4cf3f96cda899801fb,c8948bc20d74c8b575a5bbe85af3bdedc0c956ed,True
results/R3_C2_Yang_SA_depth/R3_C2_2A/R3_C2_2A_REPORT.md,bc0a59445fa8d9538215bab3fcf85151597361806b79b4b107ea27df3061dfe8,eefc84f4b342d1a22ec6fc7138c575699e1baa0db67cf077e24d54600f05d166,2e3a9f2426aeff35ebf133ff3ac8d40cce272f2c,True
results/R3_C2_Yang_SA_depth/R3_C2_2A/YANG2015_EQUATION_TABLE.csv,7494a993a89cf0a008644b356ba3c6da04f962558e0cf9962f653df39f04759a,1f252d882058568125a66a8885f40c80de3e1e015f8e7bd8545221d507833d8f,78cad6c3f3240336ba38b965f37a935612728dce,True
results/R3_C2_Yang_SA_depth/R3_C2_2A/YANG2015_ERRATUM_MAPPING.md,4ee9daf52501eaed09d88f010a0022ee6a650d55c34b425602cec47de95657b8,fdc1694aa2dc48fdc164a335873bfa51c82678200497ed2dd498c6929a53427f,df0b65dd02070b71b590a288d536662fe55f36f2,True
results/R3_C2_Yang_SA_depth/R3_C2_2A/YANG2015_FULL_METHOD_ANCHOR.md,8aa155f4577a0ac11926bc11f3f8efa1651a8a495124056a7c1d11a4949408cc,ab20d8395b05a05a20284f1b3b66c122c5df40ea81aaa9a072aa3fba7baf9eee,1b893751c66c1ad4ae141c048e7cae22ccb05f6a,True
results/R3_C2_Yang_SA_depth/R3_C2_2A/YANG2015_OBSERVABLE_CHAIN.md,fca9a64ebb6842e43b8b851dae36570bbb710044e01698165d16c3f20eb1eb33,50b0c94c464d85fdc03386b909e1b7fccc0dce1ee98c8377316c9716d2a57e88,bef988a502be1fb9809312e7df91d18071f2e540,True
results/R3_C2_Yang_SA_depth/R3_C2_2A/YANG2015_SYMBOL_TABLE.csv,618c36ddb5c279f0ebccd4e759cb269ae35fe305fc5d979a65c70f9bd5578c72,b16cb54f3308fb9ce31f2495c502eae909881cf321949728dd2916b23adec14c,f02357c2cd839eb9a4d978dad0bcc25522990ac0,True
results/R3_C2_Yang_SA_depth/R3_C2_2A/_abstract_erratum_openalex.txt,266c0dfc287b7520bfe0eef9067a4d1cf7011e04b58803a6731f43e6847526b2,266c0dfc287b7520bfe0eef9067a4d1cf7011e04b58803a6731f43e6847526b2,ac38b88b3973f124587d1988a6706b3443707b68,False
results/R3_C2_Yang_SA_depth/R3_C2_2A/_abstract_main_openalex.txt,fb1e2382a9fdf5a399a85e44033659f69dee181463dd0d722abc766f03eb1936,fb1e2382a9fdf5a399a85e44033659f69dee181463dd0d722abc766f03eb1936,e6d7bd5cf161c60b532026825dc9c1d1cdfbf06f,False
results/R3_C2_Yang_SA_depth/R3_C2_2A/_crossref_err.json,509c0a2734fe0a1a9ae4a82f05f554475a6bfc160ec327bac8df7edd895a0dea,509c0a2734fe0a1a9ae4a82f05f554475a6bfc160ec327bac8df7edd895a0dea,e3c4ac42055e2602c10fbe8dabeead249e454ce5,False
results/R3_C2_Yang_SA_depth/R3_C2_2A/_crossref_main.json,9895df723f22d4c79ac6fd38fc09facae07aff2e8e88f75216b43a1fddb6e235,9895df723f22d4c79ac6fd38fc09facae07aff2e8e88f75216b43a1fddb6e235,73d0afcb6d943ae7c8407c118fbd429754eae031,False
results/R3_C2_Yang_SA_depth/R3_C2_2A/_dl2_core_search.bin,3522088a1109c27c8b0be0a0d21c2c0401b4bdb6c8ef27a9c9cd745658b2c7c2,3522088a1109c27c8b0be0a0d21c2c0401b4bdb6c8ef27a9c9cd745658b2c7c2,210be75de134a1cbd64649e577e2d9e1ec0c8b53,False
results/R3_C2_Yang_SA_depth/R3_C2_2A/_dl2_scholar_archive.bin,32c3a0a2de65446fa1616ceef34bd6d5e35af2acd3cd13ee2c22a3987eda32ab,40a0457e763902ed12097cffc3536f1e9a2306a95a701ab2df18f7d47e2b9c39,bfa5726daed58d68f2c7749669ce91c25f964180,True
results/R3_C2_Yang_SA_depth/R3_C2_2A/_eupmc_err.json,28d03e23fc9265d32266563d1433f4efc794175d69649b2547e398f9395a9e6f,28d03e23fc9265d32266563d1433f4efc794175d69649b2547e398f9395a9e6f,fd653366378672f7f6c02a297869bb3b8bcdf661,False
results/R3_C2_Yang_SA_depth/R3_C2_2A/_eupmc_main.json,e5d98544be5564a0a71fb2be269d3f4092ce308fd876c42d0ac1f9cebcc3ee46,e5d98544be5564a0a71fb2be269d3f4092ce308fd876c42d0ac1f9cebcc3ee46,daaccae139776ad5a90f246da95b492bd0de49df,False
results/R3_C2_Yang_SA_depth/R3_C2_2A/_openalex_erratum_meta.json,75d8496e88f92aff0dc19ab63433191d204ea98ae15c1f433bd5df692e6b1634,36cf7f657d46cd21d8b04468c62d48c631b6973fbb0c5444d73d79c306a0ca3c,08cc8b008969ce78d2160012c0348ee7e8a41645,True
results/R3_C2_Yang_SA_depth/R3_C2_2A/_openalex_main_meta.json,52b3435c1e1990c833325d5bb5d8d3e083823193fa7480c588cf0fbe6f6780e3,620269fc7fd1ebade57ef388a4696ae444d773e172d26cb5667d7c4cc8d7af2e,5e6a4c2f6c1b83a996b18f715391ff34ae8e4f1e,True
results/R3_C2_Yang_SA_depth/R3_C2_2A/_retrieval_log.txt,88fd130d553ec404c310d9421427347b87645cf3db62cdb6418c8d2423ad104b,b67d80b9f72baceaa1856e9863e65068b5b9892792854916f20888ef354e1daf,06de10ba8a9a8997ae17418c8054821cf882232e,True
results/R3_C2_Yang_SA_depth/R3_C2_2A/_unpaywall_err.json,68d6089ca6a66099ed20363b2440c38b90d8e1a2017aad1a6a3492b99c5a5894,f4ee8fda5536e0dd57b505d3804046071df5e8162ff8846b40e102d24644ed63,5be2d558176aeb8da9e630b6092cf75ccac6390d,True
results/R3_C2_Yang_SA_depth/R3_C2_2A/_unpaywall_main.json,589a1c297f335fcb9f06b1f5f1543ef2ba6da0a6c63b3b03e9ecfce9e43b97be,412e9feb6e395b300c383a720d89353e399aea87ee477ab094754ebe4677f3f8,8dc1ea185c21174f504c5c0a6296ac51a4110bf2,True
results/R3_C2_Yang_SA_depth/R3_C2_2A/retrieval/_tmp_fetch_yang_pdf2.py,c671caac1f310dbf78172ff3a6b4b8d56eb62c3fff5772f4f5286597b465de92,c869862081b6e594c28b3689aa417638fbda53122648bec4ad9fa96a6fb3395c,62e048ce8b4764c1c763c3328545001f3e4e1413,True
results/R3_C2_Yang_SA_depth/R3_C2_2A/retrieval/_tmp_fetch_yang_sources.py,52fe5fa18191f69eca0b87acd6a66b6756400d1cf6ad0f3ecfecef7d4eb0861e,6ba6f97cef738ae7520e77228aae8bb1023cd048d409d5ee01c99755bbc5ad4f,8b9321cfb7e5403ecd6a736d22632adb12058648,True
results/R3_C2_Yang_SA_depth/R3_C2_2B/R3_C2_2B_DECISION.json,cf2b0539c8ef6040ce37ecd0b7f5fb29b0c8dc1265c20b9e2d0a58f3ddf53e4f,ee258b4d933b41c21fbd0c64e830206e2ef04c0983451d05d73bbdc463a1165d,006a503801734ce76bc618f621400da0868e9754,True
results/R3_C2_Yang_SA_depth/R3_C2_2B/R3_C2_2B_GPT_SYNC.md,e2275d2cd2dcd9fd80a339c5d5500c837d7fca1ae353e252ede6f05dff7fca3a,d12fafb64a3c56290e31bebf821dbe3155d8c858a737ea468b3d548ae8d3bd92,5892dbae285faaf45fe66a9e3f760c06e967c249,True
results/R3_C2_Yang_SA_depth/R3_C2_2B/R3_C2_2B_REPORT.md,4a144fd5501590de959402b81a0960af4138bf80b1c5fc8d8c0877b000d56873,bb1c19f2d0a350de37b92c03fb1fbb70dd46b7186fcd2d088fc2c08189fda9e4,24952ca877ff3849a12e6d6a098972837531d1bf,True
results/R3_C2_Yang_SA_depth/R3_C2_2B/YANG2015_APPENDIX_EQUATIONS.md,2d4c9673b709d4d9fe11470ec8225ce573a2b2a4fb8fbfaa53e4b3d05b200885,7c5f9553dc2a1919c6b8dddb7cb13c7448b003c0b5a54bb0ff87302fc41bcef6,5b98f13eb5dda80736bd2d2deb9c61bdc27648eb,True
results/R3_C2_Yang_SA_depth/R3_C2_2B/YANG2015_BM_DEFINITION.md,02e396a893a3c88a31e5460669e789374a7c1e79d65bec0d2d0cb51b9496361b,c2681f38dae4809a673d43b1d10b4eb250bcb2971f45b8cd18cd71d6526fc729,da7582c0b873ed6b1f39bcdfddcd21992210ce36,True
results/R3_C2_Yang_SA_depth/R3_C2_2B/YANG2015_EQ1_EQ5_ALGEBRA_CHECK.md,74908eb97c0c09d6053ee6c9544e90ae584d1ccbd4df7e371e7bf21c60eeaa84,4846b85deda8f29dd1d601a42429df70b75d47e2e3c75e590526d92576ca4c6e,5f7c0175308967772aaf9719659eb81143ba299d,True
results/R3_C2_Yang_SA_depth/R3_C2_2B/YANG2015_EQ6_OBSERVABLE_NOTE.md,d9488dddf2b37380394500ee035f103d776e9f70b92696cd93dd25b4d4820fa0,5b56f693379fdd1f4400f5f0699151fd83f8678abf3efca624d27bf16b88437f,1d2a4e53d4869f43157a379a99d431ccdf0a0167,True
results/R3_C2_Yang_SA_depth/R3_C2_2B/YANG2015_EQUATION_LOCK.md,f28081c8bf959d9a81cccd33879a5945ea85ccdaac1cf00ebc8e6f7c4a3e46d4,79a90e79aded2a04653dec4995d6493e49abc3e4578d05604b7c9cd841dfcd0c,c492c7dcbac8b1be2b4098b9c7ab4d30a9889883,True
results/R3_C2_Yang_SA_depth/R3_C2_2B/YANG2015_EQUATION_TABLE_LOCKED.csv,451b0af45c0a1a8de77866b4a192408a02b2eb5f751d5d1b92b2c145fbed8f73,db7e7add6d3a6abe6eea62afb1acf7429acc82d1f198e4bc5f47bbc0c1d4ecec,9a87fd33ff0634067aa8c22a796c000abff529b8,True
results/R3_C2_Yang_SA_depth/R3_C2_2B/YANG2015_IMPLEMENTATION_CHECKLIST.csv,a6f82760bdb738c35275b4bea936c64f9e17149500365d2f4f13d6478a563e81,72d5592fb17eacccc7564549dda6f92c3f83c1df0324580fcc90127cff195df6,d5df7cc14d30b60a91bd9937e753674a5839cb50,True
results/R3_C2_Yang_SA_depth/R3_C2_2B/YANG2015_IMPLEMENTATION_CHECKLIST_STATUS.md,66afd21521099628a8a1c0efcbbf2e8082394813cb264697909406df1b91b4cf,5d7d8000ef587a3c755870cee58cfb0e36d0503e8a175c33a3ee118b82f89bae,26ebc7b1bcf403f5de40e5b6d76752047e18809a,True
results/R3_C2_Yang_SA_depth/R3_C2_2B/YANG2015_IMPLEMENTATION_SPEC.md,16c05281d57c5eb192cc73637fa8fe9720927e6f30254763159458ee3278b5d3,9dc155ba647b597e638f440d7c839e4281efdedc95c6a11ed8bd7647af322751,d73f15944fb0e8deea8191ce6f319852d71cd23c,True
results/R3_C2_Yang_SA_depth/R3_C2_2B/YANG2015_PAPER_REPRO_CONFIG.md,246936e36b78e2a1ebaa87365f5f2979000ccec0a0e3c00271ce6f360072140e,48e31f6e462347a3f5cab651b13e86c087368f95c9362e222ec7a11d411ac1aa,531cb279c5a8cc161bd6761ed70c29eb38de9242,True
results/R3_C2_Yang_SA_depth/R3_C2_2B/YANG2015_PRIMARY_PDF_NOTE.md,36db8ba1316f5e058f815871c26229c619a2702ac07c538ba0f7280d7ffaa0f7,326fa28b57d5c17ca583974ba11173c325c7f75e577f4ce8a188c989638a767d,8ee37459a41674e790adcaebe3b60a4c39c4d3c1,True
results/R3_C2_Yang_SA_depth/R3_C2_2B/YANG2015_REF7_DEPENDENCY.md,c753089b33b0e316db5f71b070da0c54eca821a16b0f6dd6a5ec3ea5703c65e2,e63f176a54b5c108c2f3e0aa8136a2aaf699e388665bb08afbdfaa18b54f5103,3a9d5c1f72477b8074d986f54cb209c137dd5dc2,True
results/R3_C2_Yang_SA_depth/R3_C2_2B/pdf_pages/page_01.png,31770bffd5c24a20a8e22e883064e68f93615abc0aa0989e343c138fad7d15e3,227470756bbc4a29458385d04c389a9c6ee278ad39b8099f17f0333754a6b6c1,b39da42ff547562ec7cd7a8e695a71b91f4923b1,False
results/R3_C2_Yang_SA_depth/R3_C2_2B/pdf_pages/page_02.png,3cc0af01972577717676460952c68371b1e2476daab19344e0ee8471a226f79c,211f9bc562919568285ed3853804060991d4c1a42a117bdce426c3c9b3aad8ca,5d3eb4425ee1b373f6410d8ed2edf69b84bf8cd6,False
results/R3_C2_Yang_SA_depth/R3_C2_2B/pdf_pages/page_03.png,1e45bb00cbccf5e4940fa973400c630fbb1f4014972004e0b63136c06dd263fb,326ca771e3d2d0e97228127467d250c49e4e8658e098465f5c580ca97e84a9d1,57e3131df6af5e076f3489cc6ef577e4a846fcd3,False
results/R3_C2_Yang_SA_depth/R3_C2_2B/pdf_pages/page_04.png,dd478e1d46d75d1f57885ec579118fca313ecbecc310ba97372fb4de5a6452e3,2330dedeb2e215293e15a5b3abfd56bc7667ec7d93b88d9e451173bf8069cad2,f94605935265c358fe4b02a92654f33282ed4078,False
results/R3_C2_Yang_SA_depth/R3_C2_2B/pdf_pages/page_05.png,a2a32ef4621cd1df16c34623006844de2b797407b13e3d266faabda3ad9a393a,6f6b7c25eb1cc514db8315ce2dca992f2af2da56dde48867c4fee6f16ec4f43d,539682130fbf4132618539cd1b35c7e4ac4fd348,False
results/R3_C2_Yang_SA_depth/R3_C2_2B/pdf_pages/page_06.png,748e8c23f83e315f4461cb147ea5ab3703af39be69ddac1462677ca8ac8f54f4,11b8734ac8119f4eccbe88707b10da9b2b67e24b7988387bb4410a4d8ef36664,8b1a49b397f6335b6637f10e362d30b81d1f9d1d,False
results/R3_C2_Yang_SA_depth/R3_C2_2B/pdf_pages/page_07.png,764ebd676f8f647fc7ca626673a577a70d17464c5a7f506be4f98c0c8d5d7625,a55364fef4fa61c5177dd2335872520c82354d679ba6e87574c86a4be1915f55,3c313ff023efd8a93286eef039faa87aa06c3e50,False
results/R3_C2_Yang_SA_depth/R3_C2_2B/pdf_pages/page_08.png,99065824526f9c0894235730e5478cbe0efc77a8bdde4c2d71bb3efb7f70b14c,bc274de2ba70793815a417c7d945d610e573f50a8b130eb95bbff317e5a507d8,c4d03528fc842563d3bcbe00498f25b6a70bd74f,False
results/R3_C2_Yang_SA_depth/R3_C2_2B/pdf_pages/page_09.png,cb68275760d46c7a84771e0f2ddb55001074d298ff42650d5caa93cec19fa701,cdc2cd4570b00fe07b0037b93ee7140e36f62738df5da039d68cf689fe2047e2,5ddb24c04ad233cbc2e12977d1ac437e0d845bbf,False
results/R3_C2_Yang_SA_depth/R3_C2_2B/pdf_pages/page_10.png,34d4cbee65c691566dc541faa99a705117da32ceab9149c650cf54737851e815,163904f5a528720d8305ddd0504df9d5eaacdf78a414c0dc4c98515ba67cfe5e,bf620f89ae5d7eabbcc21124ef9e6e30f81820a7,False
results/R3_C2_Yang_SA_depth/R3_C2_2B/yang2015_fulltext.txt,62aae0723060f31791da5fd33f8a71b832247baa115f43c8cd2708bb2889f2e2,369605342308ac2c8c7a99468da9ad4a8cea4221031d82b5e75935591238f189,3bd33932a8d8f9d6a5c3431c8c2f91a3249c0a6c,True
results/R3_C2_Yang_SA_depth/R3_C2_2C/PAPER_ENV_GEOMETRY_AUDIT.md,255f764f11b7e395f19b76dd487bec078fbebb7fd90fb3cba6cc31910bfdab37,9b876f8ea456d4e1102c536aeae82539dec276f1f4f1572350543912511fe81b,a260ddfea7c5183caf73d67e24d9aed43624a34b,True
results/R3_C2_Yang_SA_depth/R3_C2_2C/PRIMARY_SOURCE_SET.md,2502f24bd991a8101357a931716c4b33f501605d32636017d956c3458159a7d9,0ab66c8c9d516accd9e5f3b0767413ab7247fbaa1be00079c6fc3dbf5ad3b4d6,773cb55c5d5b13dae3e680a0e8009f480a5cb9b1,True
results/R3_C2_Yang_SA_depth/R3_C2_2C/R3_C2_2C_CONFIG.json,e5c6f3bf3f129b951f5e266e5f03a931d640d4ab2292b5d089d08e04aa34fa3f,90362bbf0a7c0e6a72936a8981c94adc34f1806dd2f42eefbf256cc313831803,fef6ef7d8e80aa92b39e67a6ebe45d6b3f073d87,True
results/R3_C2_Yang_SA_depth/R3_C2_2C/R3_C2_2C_DECISION.json,584b20e002404a6e1971646fcb5d9085ecd560a994646c477e20a0e7d80eb675,107084f9494b7d9961cbcc60199010bd48e2473d0721ecc9c524fb0c44006570,fb925f46b60de830d6bab6f288b3936801db76b2,True
results/R3_C2_Yang_SA_depth/R3_C2_2C/R3_C2_2C_GPT_SYNC.md,15ddf9205cd530ba7af48f2d66cdf28e6d26029b489bcc04a64cb6cea9ec5ad7,405b976b86b2b915814658b0b4abffdf2fc77bb5199b6a45845f74eb3244e623,f3c4c967ca0d5599a48a8bc00f43c7611afdb6f2,True
results/R3_C2_Yang_SA_depth/R3_C2_2C/R3_C2_2C_REPORT.md,e60d6b9d978e1c28898ec81791a1b0dba680c2ad38ce85eb9a4ce31bd85989c5,5194a8adacacf182baec0f2e36fa0a60bde252d50b587ce170bf74cc8536d57e,b4ef8cddd6c49295691f1285879061a6f0018c47,True
results/R3_C2_Yang_SA_depth/R3_C2_2C/_kraken_paper/field.prt,9ed908085f4271633682c111f84272d268537ca2df7b36bfa81810f761006b10,934eac5772fc36a03b2630ddc253434614f5e70037ba48057db17517eb7fc5ac,351b6bc843092bbb2de9b5c53b283beed09bdaf2,True
results/R3_C2_Yang_SA_depth/R3_C2_2C/_kraken_paper/field_f350.env,2bcd73b539b56277c479769675164e28ce006f39c524af9b5552e631be39ef75,e646876d38da96dc2e522b2553f68ef9f8804733fff0c8fba1b259e4594d8cd0,cd8301cf787b990c3be314a98771e59983671586,True
results/R3_C2_Yang_SA_depth/R3_C2_2C/_kraken_paper/vs.env,2bcd73b539b56277c479769675164e28ce006f39c524af9b5552e631be39ef75,e646876d38da96dc2e522b2553f68ef9f8804733fff0c8fba1b259e4594d8cd0,cd8301cf787b990c3be314a98771e59983671586,True
results/R3_C2_Yang_SA_depth/R3_C2_2C/_kraken_paper/yang2014_f350.env,0c04541574772ac9e3eb019f0d629bc58e70ebdbc2ba15dd445cfc91bae34b78,d6537fde7bfb194583ce4b7d04df7c1ad91b3b257752419177b6a8579a3b2e0a,2bef3e8eea316adcc0408db0d973e8f0c36bacab,True
results/R3_C2_Yang_SA_depth/R3_C2_2C/_kraken_paper/yang2014_f350.mod,829f5086211499e2b24ca6576c9ca52cf9a88fbfd9884bdcb103339d5c207961,829f5086211499e2b24ca6576c9ca52cf9a88fbfd9884bdcb103339d5c207961,d150a69d14312573096ddd903e02397af9df4747,False
results/R3_C2_Yang_SA_depth/R3_C2_2C/_kraken_paper/yang2014_f350.prt,2c59947ac61820b32e1185386047f1e69480e694f7e88d7cf76448bac745ba67,afd8a39ac8bf24b5580132a54d22140b9e97c179e56ef4889338f032ba138a86,ef485ad344a8f6dc3f64165cc96fe1433de4b2a9,True
results/R3_C2_Yang_SA_depth/R3_C2_2C/_kraken_try/A6_cs0_nolines.env,18ad0be3a5f7f64311c4ad75969c904c6df4d5e13bb956de2d50ef5a734ee118,e51674b031718ab56a3a5c8e5b0e99fc954ccd7bfe25b0b15e15602f8a8f0287,605b19543dc9a5e5a134eddc3c0ff467e8b583a0,True
results/R3_C2_Yang_SA_depth/R3_C2_2C/_kraken_try/A6_cs0_nolines.mod,e332c0025e4940a0a1a115dae24f06b702c339e39b925fa7d6b973b0f82ebec5,e332c0025e4940a0a1a115dae24f06b702c339e39b925fa7d6b973b0f82ebec5,c79862181a901d9b77d97dbca574076075a7d6ab,False
results/R3_C2_Yang_SA_depth/R3_C2_2C/_kraken_try/A6_cs0_nolines.prt,5250912f5f2ebfef9bb310889ff21001795d9ed1aa5970d62ec5bfb40a7e3a27,1bce09593d937966eee7053cd92ac9c77679a91a79aab3d447e1c04333405844,b2a24cffe1838041d69811aa9808093a74587b08,True
results/R3_C2_Yang_SA_depth/R3_C2_2C/_kraken_try/A6_nolines.env,3cf877028f81d127b4ac9ae3abc9049af6f1c48b55c0594991e61a60999a2e9e,fc36b7e4c2e685c9fb6359d9c48ce6f2d335df4af0d425a0745d204edd16cafe,6611b064447114b4fa4dbfb4533a0867e49ae146,True
results/R3_C2_Yang_SA_depth/R3_C2_2C/_kraken_try/A6_nolines.mod,e332c0025e4940a0a1a115dae24f06b702c339e39b925fa7d6b973b0f82ebec5,e332c0025e4940a0a1a115dae24f06b702c339e39b925fa7d6b973b0f82ebec5,c79862181a901d9b77d97dbca574076075a7d6ab,False
results/R3_C2_Yang_SA_depth/R3_C2_2C/_kraken_try/A6_nolines.prt,000d1d9f88dc53af8b29b441f019fa1662e889917064eca9460f357e5948d1c0,23be6c36e6ad7fb2da293f10a059b9dee02b48771b682ab433b9d4d299674bad,2f23b828bc750f94392d74f8501509c3e32d61b0,True
results/R3_C2_Yang_SA_depth/R3_C2_2C/_kraken_try/A_ap08dbm.env,890eb0b047362b9be8c5ea90a86350ffb7eb4891ba8bc683dc2793ab60ad917d,b11ce458588a960ae54f375cc0ad5b4b364734abd3319ee37d675989b81e2059,60ae8ada170d7135ed2bd7627d8ae359d3a3f00d,True
results/R3_C2_Yang_SA_depth/R3_C2_2C/_kraken_try/A_ap08dbm.mod,dc137d1289d0dfd6ddb107de07b3b74ebf29f150ba82231e7b5aff267c907b20,dc137d1289d0dfd6ddb107de07b3b74ebf29f150ba82231e7b5aff267c907b20,bfd24b7f8753848656d18dddcddb642083f9b3a6,False
results/R3_C2_Yang_SA_depth/R3_C2_2C/_kraken_try/A_ap08dbm.prt,c393e152935b69b9e9331e941736accf44fa763071f9adb6a2ed19c950ddcb25,387dfe985daf734979e0e2197aea7dbf91cddab7bb3398caebb7665301058135,07077fd58f95721bdab05a0244eb5e08f5086279,True
results/R3_C2_Yang_SA_depth/R3_C2_2C/_kraken_try/A_hs_cs0.env,6749b4fa724b7c8c0e6a8dcdcc6f8192e4dd867d2bfbc6ac58deae38163a47c3,df64f12ae6baa098de108d731b182fbaabdfe50fcb2e0a5d9d537f23f385e836,b03116fd644dbd05a3209136ca503a8641ec996d,True
results/R3_C2_Yang_SA_depth/R3_C2_2C/_kraken_try/A_hs_cs0.prt,da3f028f33d358bdecb01f44fc0cbf77d81e03f5885ce4000fd8152ffe0edb34,20144597eff84db3f7cda0b3b157133c83ff73f97f7dd96b0690e2c1c2bc6d45,d54bfa7cde03d353bcb6e3ce5d226f1cdb1f68b3,True
results/R3_C2_Yang_SA_depth/R3_C2_2C/_kraken_try/A_hs_eta.env,30e1db183798e995a8676ea7f8f1aa235caaf032aae75e548a65464480ecfac0,63d5a8fabd2129ab212d632bcc15e3e000f90bb0624d008116be7326b658851b,512c69775df9d09979e6fce8388267563d396b46,True
results/R3_C2_Yang_SA_depth/R3_C2_2C/_kraken_try/A_hs_eta.prt,da3f028f33d358bdecb01f44fc0cbf77d81e03f5885ce4000fd8152ffe0edb34,20144597eff84db3f7cda0b3b157133c83ff73f97f7dd96b0690e2c1c2bc6d45,d54bfa7cde03d353bcb6e3ce5d226f1cdb1f68b3,True
results/R3_C2_Yang_SA_depth/R3_C2_2C/_kraken_try/A_hs_eta_S.env,e52bab11f3b532c3a28732f0aa52775eee76820ce3ac0661514d9b37fccef8d5,8fad0d26e58b840a88b7b656d998a7130c91d31895fc8591d8a9a4ddd28fb951,7608d240fd4c5bc29bfbcfb411d8d61dc5a5dc9d,True
results/R3_C2_Yang_SA_depth/R3_C2_2C/_kraken_try/A_hs_eta_S.prt,4e0a709a3c982386d3a5a3e4f0e939fd81bafaf9bd77620012d68567d0916012,5e774bc0fc99e51259c1b9126a5f45c7f7a02d98525757b6fb0adce55f0bc788,1d7ad890b00d680fc3709d8da49636727624c02e,True
results/R3_C2_Yang_SA_depth/R3_C2_2C/_kraken_try/A_hs_z88_eta.env,339e65b9e9fe16517cee5c587bac01284e0e80fd14b6a39223984bf5f6c55dd4,52f7ef47b8a23e8349aae73175f7d15a26d0b6c05202a41a385ac8d1d6be30d1,b156db13dff7bc48559c33326ddc3d2960bb8a8e,True
results/R3_C2_Yang_SA_depth/R3_C2_2C/_kraken_try/A_hs_z88_eta.prt,1a1ccc34bb9ddd8abab76ca8907ccfb6fe03722aa5fc95f1992ab9edb05428ce,854b3d101c724a2101463d57b6602fcb9b1a653aa4f8e60a0b45787374d4f5d4,a1bef692df2b0f32147400a041cf98d78920a394,True
results/R3_C2_Yang_SA_depth/R3_C2_2C/_kraken_try/A_one_extra0.env,2c5a6a8a8f71b9380d4afa0b8f2939fe7fec4168ede6b7989f8478acf22b2653,f39c7bb12ed447d12e2defa4b938e4086309639dcb5edb61c0be91720be78f76,8a215077faade5eb04506c2c45852d0436eab6c8,True
results/R3_C2_Yang_SA_depth/R3_C2_2C/_kraken_try/A_one_extra0.mod,c4bb5c9f3c9561989d37573c3c1404227644e2bb945969be8ecacbe743b49063,c4bb5c9f3c9561989d37573c3c1404227644e2bb945969be8ecacbe743b49063,c58429a031f6adc0bf28bacac1aa74fb483b890b,False
results/R3_C2_Yang_SA_depth/R3_C2_2C/_kraken_try/A_one_extra0.prt,cbe200419844bdfd37678cbe0fb4774ebb5a66a4d54eaf4def730f1159335b87,48010f778a948d49b8b96d8a7306721cf7f7b68dd200c44ec7927bfbf5ef54d0,0fa72c0abc080a67a4c0f20b75da5474976e1d40,True
results/R3_C2_Yang_SA_depth/R3_C2_2C/_kraken_try/A_oneline6_hs.env,65b7c4661ee16845e16f42da17703462cf26ec4f4c8905dbca1b55126f7ab172,4d00cad09c8a6c254b630c8cf16c43e977cdb9fc7eeb1ab1b30bb5d60c73967e,6f53de5286b38be4bd3cdb20a401699ea3fd7fe1,True
results/R3_C2_Yang_SA_depth/R3_C2_2C/_kraken_try/A_oneline6_hs.prt,0dc72b406bf6b22900e09dcffc7bf6e769569b3809fbaa6cd8c011a64dcb625d,18df4a9374807968fbf0543a7f2bd014e0bc0374632356b919017b21a8a4e315,8b3050633db378ca6e377e74367eed89c54ab65e,True
results/R3_C2_Yang_SA_depth/R3_C2_2C/_kraken_try/A_slash_hs_slash.env,9908903fddc5a75aa10cc89bea715a91282d8ee5d3f99200f8033eebdac6e1f3,d5c9c375d97aca4d3732d642d5aa19dd9536518c95c2e7c1600444a6f6436b96,ad6fb7ae3272304ef14ce6b38ee82843d4947e7d,True
results/R3_C2_Yang_SA_depth/R3_C2_2C/_kraken_try/A_slash_hs_slash.prt,0dc72b406bf6b22900e09dcffc7bf6e769569b3809fbaa6cd8c011a64dcb625d,18df4a9374807968fbf0543a7f2bd014e0bc0374632356b919017b21a8a4e315,8b3050633db378ca6e377e74367eed89c54ab65e,True
results/R3_C2_Yang_SA_depth/R3_C2_2C/_kraken_try/A_z88_nolines.env,da963b5a0235a7569a68516c807492c125f2b0322d0607f0ef97e1edc71ede4c,3ee79da0af2e532705f5a679a6504a9670a9c623ff8692472f00fcf732cb6a21,34693a0cc2d61c31d1e4672dec70198e63c8ea92,True
results/R3_C2_Yang_SA_depth/R3_C2_2C/_kraken_try/A_z88_nolines.mod,e332c0025e4940a0a1a115dae24f06b702c339e39b925fa7d6b973b0f82ebec5,e332c0025e4940a0a1a115dae24f06b702c339e39b925fa7d6b973b0f82ebec5,c79862181a901d9b77d97dbca574076075a7d6ab,False
results/R3_C2_Yang_SA_depth/R3_C2_2C/_kraken_try/A_z88_nolines.prt,ebe4031f275a9c08dcac07926d5c4017d667011a4a55390d40fd6edffd939606,8f55d936c616236841a0b6dd1249fe4c2d297a538ed6843c91722c9c3886ed01,4f5030a9bbb386a584cc0e2b643ebeb963bdc7c6,True
results/R3_C2_Yang_SA_depth/R3_C2_2C/_kraken_try/CVWT_A_only.env,34ef2449d987effa77d272fbc78db56468106d09661445c9e21e238ba7106529,da9a502aa0891c47f1aee74e3457730c5dc52b11b8dfcd7a72c08d6f9cae1999,23d7ef79772dba521e362bb49304af7bb7fa0e70,True
results/R3_C2_Yang_SA_depth/R3_C2_2C/_kraken_try/CVWT_A_only.prt,bba7090c3fa2890fda48d14a9e978af38fbcb21af07b4404ef478332eb5c1c51,371e229d6e2164239e44b32a966bf8840302c35d1fbbf9aa3f1c9302fe7791d8,583337d8d37a60d97914ff6453bcd2be683eb5ce,True
results/R3_C2_Yang_SA_depth/R3_C2_2C/_kraken_try/CVWT_H_88.env,69dcdb10b0e716243b73933bc22235e0104da3b5f9961793afd255b256ebffc3,ad3e98d33c0b3c69bd06b8247f3b0ec87e78c3b242383403011d1445746bdc62,9e9a9087482c00bb787486413a4b17937b5f33de,True
results/R3_C2_Yang_SA_depth/R3_C2_2C/_kraken_try/CVWT_H_88.prt,6cefc07ff446aea5f205fd6693a2073d0b457d465aa5803cdaebb1901b1d297d,46b33f5c03a84d83558d166be0ad345d57e9488639f4c6f0bab0aa6ddf6a098f,260432cfde93d3ef6f4f65d4f383931e52f71ecd,True
results/R3_C2_Yang_SA_depth/R3_C2_2C/_kraken_try/CVWT_bc0_rigid.env,8c57d2c3c34b4cd47b290510dca80773b76f39511f2bcc5a45281ef285aa9c2c,6fcbc2c98a22be6656ddd06b00fdfd98f37bacd55afbdf15e187b0d971bcad44,e67c543367b8eb4a95837ef246e7d97ad02ca034,True
results/R3_C2_Yang_SA_depth/R3_C2_2C/_kraken_try/CVWT_bc0_rigid.prt,de4a097dd659062515326da05f2a33eaf2401b92240e8747b64dd6c9868139e2,c5f295bd489c3158f7953f1efc2cee60842737a7d40a100c0bea4652d02bbe91,54ee25db76132b6a15b422fb31fc3f7348457ea9,True
results/R3_C2_Yang_SA_depth/R3_C2_2C/_kraken_try/CVWT_bc1_vac.env,0a3cad8e38ff05952870027ac32ca5131c2b0879a8c6532be0b8198ac4dbb7f7,f241c012fe0f07f00430cba7314055f0833a16cdc30608d13ef9eb4a91ea7e05,b6262577494f054d92db761d755c8d34e5dd98cb,True
results/R3_C2_Yang_SA_depth/R3_C2_2C/_kraken_try/CVWT_bc1_vac.prt,de4a097dd659062515326da05f2a33eaf2401b92240e8747b64dd6c9868139e2,c5f295bd489c3158f7953f1efc2cee60842737a7d40a100c0bea4652d02bbe91,54ee25db76132b6a15b422fb31fc3f7348457ea9,True
results/R3_C2_Yang_SA_depth/R3_C2_2C/_kraken_try/CVWT_bc2_ac.env,3a6b89223de88b800cc7a75c4e4e578d2abd4617646e339b222702cb24281f7a,963d099496d08ac11363c608dc8e2838e34c6a0c4d245f54879b09e20b007dfd,ae3e1efb7dcc90334243dad121d257369cb267ae,True
results/R3_C2_Yang_SA_depth/R3_C2_2C/_kraken_try/CVWT_bc2_ac.prt,72b6fd32724a2af8eb9cf0655c3194ff8e52e6ead4f27c9e03417ff387a3a53f,457465b713c55fc623748f6241d89b546ab96862d80dd53c0de1523e9aca7d55,dce7fd3d5326c8bf3ff634e517305b57ef8484c8,True
results/R3_C2_Yang_SA_depth/R3_C2_2C/_kraken_try/CVWT_bc2_ac2.env,c416563a62758fe21c0f1efc4c496fd9b252b6548e1165e45eca916db5d6b836,7475f13aa153b070e69aa5fd7010321c3370745d7988d419d25a3fedbd6b76c5,2610b83ae484278facecbc7b560d676f00267ed9,True
results/R3_C2_Yang_SA_depth/R3_C2_2C/_kraken_try/CVWT_bc2_ac2.prt,6e24d3f39a6b89d061ce7c318c611cd401828803f287b6178617a2ea20095289,464c109ea5148f787aadf84e67261fce4c49bf0209b4b3e140f118bf5e86210c,ecec9b4913ce100cd447853d18ef6d1313ebbd0d,True
results/R3_C2_Yang_SA_depth/R3_C2_2C/_kraken_try/CVWT_props_only_ap08dblam.env,0d39c1a87ad93f3f2d79dd02e8f322bb9b8ec6ae05d8ef88319c15136ff757d6,8cfaeedd7e518f0ff3e98410d197e79c6c103a555b6d3e7f062d27eaec51f1da,d8fad91368e58c4134ddb21f244619a48d1dc74f,True
results/R3_C2_Yang_SA_depth/R3_C2_2C/_kraken_try/CVWT_props_only_ap08dblam.prt,a301612f1c238fc09fbbee93b2230cd1b4ac34142ac55276358452aeb1229f7f,7136a3438e936596279ddfeaf63cbff71852a0d2c0531da3f6264641a1bb461f,07fad9404a10eee4a788c0df09ebff76d679ae41,True
results/R3_C2_Yang_SA_depth/R3_C2_2C/_kraken_try/CVWT_rigid_then_props.env,d8efc767b817d3ce51c123fd5ca7f72c4f37e89c5ab356e0b83457a36db8d41a,1e8313f622fe43a6512d5d3b901a9d9488d47865e327be1c846a7d8f09560181,16f9cd3eee29367bcd1c40e3b5724dbe74d91487,True
results/R3_C2_Yang_SA_depth/R3_C2_2C/_kraken_try/CVWT_rigid_then_props.prt,ed000b0acfb02baed97c6a3dd982c6a3476b867a78ab60c87bdadbbe010caf89,df0cce3832ce89c1daab2c3a0bcf429734c03d2b298e978722ef0e17d90c3ab4,f5cb2fc20b0217fdfa6128c9f6c39996833eaf80,True
results/R3_C2_Yang_SA_depth/R3_C2_2C/_kraken_try/CVW_A_only.env,1da420614652e71c11d2bec318c489263603e1fb40509daebbacbe7c55da99b0,e4264d4bd2351a2fbad368679b233c8656df8813aae3af1fabe692368392c281,9eddb77d22ea85be43675e6ad088cbd690d117f4,True
results/R3_C2_Yang_SA_depth/R3_C2_2C/_kraken_try/CVW_A_only.prt,72bec8626ebcb1c06e59515ff31e2292e424b7ddaa2050149eb98c1b726cd967,2f61335181152936ced27057fb711b314fb631bb9920131539a55a84320ed407,9b83347569559b2488c46d4fe6d95615a5c59d68,True
results/R3_C2_Yang_SA_depth/R3_C2_2C/_kraken_try/CVW_H_88.env,426d27c9b0e928a0852deca8830e638ed9135eacd6e17aa3eac9d8d77eee5907,cfc808cc483313948b49ccd61e4d4ab9f9fc85ecaaf10f227e797093923c2a4c,ca86d9f7f44602c0237198ae2cb6d3cd0d6055b0,True
results/R3_C2_Yang_SA_depth/R3_C2_2C/_kraken_try/CVW_H_88.prt,f29c0293cb10b749084bb61d3b8f630d14b474690bc9117a6fd097062286d602,d1c87285442a1efe9d1f8cb11a05e3d44fa56cd1c149a66945d80b5c67e250a5,310a1ed429d726ae5f4bdd1145f50abedf1ffbd0,True
results/R3_C2_Yang_SA_depth/R3_C2_2C/_kraken_try/CVW_bc0_rigid.env,5a52e291882806e52bd338195976e68e711e59480e239d36a507bd37082bee56,13e466adca7f7a0cbf625c1a65b490428ed9b3b4127a7b48113b533d8a45af04,de77d1e86ae140a7966bd4a21b6cc9dabf2b3963,True
results/R3_C2_Yang_SA_depth/R3_C2_2C/_kraken_try/CVW_bc0_rigid.prt,bc435e4cf5ebac5943afa37e2ad7a4fd61270e4ccf39ab00241d5211a16787f9,b923282083ea8aa37e113e39972fe13038591dc6a0bdb659259efec975874f9d,32e6ab495a9c12e9668114338d41cdb5c7f925e2,True
results/R3_C2_Yang_SA_depth/R3_C2_2C/_kraken_try/CVW_bc1_vac.env,bb2d15133af0a65247b49f51d6535c728cc92b3dd540e74d71507d1f8216253c,456fd5b1d92cc9b941603124a0a5ba1f5bb389893ca13a0f1c63de1c1385ecc3,aa63b4c20d1e5d9e7df2619dd34adecbe6b2ed56,True
results/R3_C2_Yang_SA_depth/R3_C2_2C/_kraken_try/CVW_bc1_vac.prt,bc435e4cf5ebac5943afa37e2ad7a4fd61270e4ccf39ab00241d5211a16787f9,b923282083ea8aa37e113e39972fe13038591dc6a0bdb659259efec975874f9d,32e6ab495a9c12e9668114338d41cdb5c7f925e2,True
results/R3_C2_Yang_SA_depth/R3_C2_2C/_kraken_try/CVW_bc2_ac.env,15065d1e02a94a2a6612edf6dfd911a45d2a5eb298d3a82135b9ad9c45c10b20,9ecf284c97a0fc54a5707eef2a678fb880989fa2654ad32ca56ff606f714f668,4065fcc5f6e45e75d1f88576483358d68457a013,True
results/R3_C2_Yang_SA_depth/R3_C2_2C/_kraken_try/CVW_bc2_ac.prt,494ae758b450222ca38ca291592530d2209afdc8d709700b8dc839cbbc09ab14,87947b7d53184a064f20c0fce07899e8a5563432f841e3701c313701ebe4d609,56d28eaf5a261e9bfd378879164862ec347d4c76,True
results/R3_C2_Yang_SA_depth/R3_C2_2C/_kraken_try/CVW_bc2_ac2.env,377fa8a97ae27b78490200407666c5165b423052ffbe1b2bf83a62c8e7d513f1,d4c14409a31a2d1b142d4c58f304c720b79427245139cd8a4f7b9937f733f15f,757a61848b8f87e60c4ca37f7c4dd61992b6267b,True
results/R3_C2_Yang_SA_depth/R3_C2_2C/_kraken_try/CVW_bc2_ac2.prt,a22fe7122c1dc0100ce38be3208d8da0a344f97f33f22b00bc200c663548065b,0323ef727efce795e13027fa779cf1f5cfcded8205e0b73f9e143d61400a4264,bcda75d80d82684e5f321f56d7e71055ea906393,True
results/R3_C2_Yang_SA_depth/R3_C2_2C/_kraken_try/CVW_props_only_ap08dblam.env,49e633896bc7ba044fcc46ae5a1ca35815672cbefe0d96e4fdcf3590958dd892,53e476c620e7908bcb398e11d24fddf505429774b24f633883a42f35bcaa7910,125f9ef1ba37dd39c4d883af69e9472e5dc05cac,True
results/R3_C2_Yang_SA_depth/R3_C2_2C/_kraken_try/CVW_props_only_ap08dblam.prt,3c8563918e725bea4bde0c1b70835a8f35372834d4242bf3b3b86d088b1cf6e0,7dcfc7793b2606002ac81772be333080d314799e89c7cb90118a0e0e56bdbe62,f837e02828ab4b68f7958acf4d8a786610eba6d7,True
results/R3_C2_Yang_SA_depth/R3_C2_2C/_kraken_try/CVW_rigid_then_props.env,0ce4ceb3a930b7b876ded714459c560f6601bf00c85d58b6f97a2f88e7ec2c1c,70e90a309fc7272fedb56118d6937693aa2746eaedefe9641289e90292d5c9d1,c0dde4776e185beee13c41774798e59a88fb6bbd,True
results/R3_C2_Yang_SA_depth/R3_C2_2C/_kraken_try/CVW_rigid_then_props.prt,5fdb6b036cdade5c22a8c58b155918de3837a1585d85c195c9d37195ad0a4ab1,aed81f8cc74ccb6305bc1c3e41dccc5ef92e1caa30eb856b3b698cb5a4b5ab34,b2eace8b1d07af1073a80e3122a11e280de4ddc1,True
results/R3_C2_Yang_SA_depth/R3_C2_2C/_kraken_try/NWT_A_only.env,bf663a607e53f1b7493482530ef77fafa1a645a620349d613b060df21bf03753,8378384a6056d65158185eaff50c6cd21d2cf4048c951613511e7e99d42d0478,a66ced85012913f64640dafd831e62643336c46c,True
results/R3_C2_Yang_SA_depth/R3_C2_2C/_kraken_try/NWT_A_only.prt,087bdff66ea226aaac3277b5f2cdbdf9b3fc0dcca2294a51e6dfdc76b44140f3,b1632847c8bb268ccdb2349592871cd319981e42deebbbfd8acc20f6733d8883,412a803f87b70971d31930c7beb133d7cf3dabf2,True
results/R3_C2_Yang_SA_depth/R3_C2_2C/_kraken_try/NWT_H_88.env,f9221630f7ca0fdbf7d37982536e888a3017433c924b6cfa7a9864ca89e0bcc4,2d347a0b1ca8cf322e60c06a4bd6ab4af134e2fc37a30f9f582d514ee55b7d2a,2df72c5c54cf159966ae8344d06091cb99615300,True
results/R3_C2_Yang_SA_depth/R3_C2_2C/_kraken_try/NWT_H_88.prt,087bdff66ea226aaac3277b5f2cdbdf9b3fc0dcca2294a51e6dfdc76b44140f3,b1632847c8bb268ccdb2349592871cd319981e42deebbbfd8acc20f6733d8883,412a803f87b70971d31930c7beb133d7cf3dabf2,True
results/R3_C2_Yang_SA_depth/R3_C2_2C/_kraken_try/NWT_bc0_rigid.env,b21384650245de859bad63d57ff159b97ccfa600c8670057d277bccb23a923d2,a31e6826ccdd152dd14842b8e1c7db689adbc338e2e8fbe5aec6aa8e91abab82,e5abc69fb18bca8e0b3da1d07b769143c2f84f26,True
results/R3_C2_Yang_SA_depth/R3_C2_2C/_kraken_try/NWT_bc0_rigid.prt,087bdff66ea226aaac3277b5f2cdbdf9b3fc0dcca2294a51e6dfdc76b44140f3,b1632847c8bb268ccdb2349592871cd319981e42deebbbfd8acc20f6733d8883,412a803f87b70971d31930c7beb133d7cf3dabf2,True
results/R3_C2_Yang_SA_depth/R3_C2_2C/_kraken_try/NWT_bc1_vac.env,3c52c1eb021396e8d177dee3cbeb7a1bdc8c10aa1474d93f55438a41506f5e8e,d134aa1bb07cab5bf249170a414f97f2adb8e802f98145dc67d47acd45df6920,ae459b579fdae98133949ecff7e805968b9d01d6,True
results/R3_C2_Yang_SA_depth/R3_C2_2C/_kraken_try/NWT_bc1_vac.prt,087bdff66ea226aaac3277b5f2cdbdf9b3fc0dcca2294a51e6dfdc76b44140f3,b1632847c8bb268ccdb2349592871cd319981e42deebbbfd8acc20f6733d8883,412a803f87b70971d31930c7beb133d7cf3dabf2,True
results/R3_C2_Yang_SA_depth/R3_C2_2C/_kraken_try/NWT_bc2_ac.env,0196ffbd801b5b76ecd93a5db2b2c2e2e543033bbbb0e4df5b94e998451a116b,a1cfc5332e7059de6311aa963e26b855139f59b14e44bafdb0afd26b5940e723,e821a6f8c277e45941a43c7cf168452b49f5fd64,True
results/R3_C2_Yang_SA_depth/R3_C2_2C/_kraken_try/NWT_bc2_ac.prt,087bdff66ea226aaac3277b5f2cdbdf9b3fc0dcca2294a51e6dfdc76b44140f3,b1632847c8bb268ccdb2349592871cd319981e42deebbbfd8acc20f6733d8883,412a803f87b70971d31930c7beb133d7cf3dabf2,True
results/R3_C2_Yang_SA_depth/R3_C2_2C/_kraken_try/NWT_bc2_ac2.env,e60ddcd801dcb9102ab50661e9fa2216d60ccd9cd1f7932a25241ed50c4c8f3b,3ca87ba2f45a178f3c2cf630a7b2a0182ae5699ce64779a8672427b453a6fa47,c6f7d25a0424ac95ba9e67494d6da166226b3be9,True
results/R3_C2_Yang_SA_depth/R3_C2_2C/_kraken_try/NWT_bc2_ac2.prt,087bdff66ea226aaac3277b5f2cdbdf9b3fc0dcca2294a51e6dfdc76b44140f3,b1632847c8bb268ccdb2349592871cd319981e42deebbbfd8acc20f6733d8883,412a803f87b70971d31930c7beb133d7cf3dabf2,True
results/R3_C2_Yang_SA_depth/R3_C2_2C/_kraken_try/NWT_props_only_ap08dblam.env,e3ccde240a74917186db53d84aa49833ee36c097af9028add7ac21310e1a977d,b39deb2cb31243c88661c767267787abbe53f89747e1115d769599d055d18972,0cb2224ca27d0e9dad059df432092ca182cef837,True
results/R3_C2_Yang_SA_depth/R3_C2_2C/_kraken_try/NWT_props_only_ap08dblam.prt,087bdff66ea226aaac3277b5f2cdbdf9b3fc0dcca2294a51e6dfdc76b44140f3,b1632847c8bb268ccdb2349592871cd319981e42deebbbfd8acc20f6733d8883,412a803f87b70971d31930c7beb133d7cf3dabf2,True
results/R3_C2_Yang_SA_depth/R3_C2_2C/_kraken_try/NWT_rigid_then_props.env,9d89fa94678b6b616f4ea8f703b2b3060848c3aaccf50971b8098ab87d043aa9,81e08e2cdd64261b26ec996d014622c7bb5eaf4a508dabb642cad05a54465a53,31d01f4cccba586f016982f363bbfb7f9078285d,True
results/R3_C2_Yang_SA_depth/R3_C2_2C/_kraken_try/NWT_rigid_then_props.prt,087bdff66ea226aaac3277b5f2cdbdf9b3fc0dcca2294a51e6dfdc76b44140f3,b1632847c8bb268ccdb2349592871cd319981e42deebbbfd8acc20f6733d8883,412a803f87b70971d31930c7beb133d7cf3dabf2,True
results/R3_C2_Yang_SA_depth/R3_C2_2C/_kraken_try/R_rigid_control.env,700162cbf1c5e5d9ac4d34ef4a3d5b17325a619cc1d3fad8118159bb301db135,a944af92fa904a609a4de4faf0045ed14ecc3863be82127be7f19b37e32dc699,11975c433310e5585b466ed7b2260353526c77b5,True
results/R3_C2_Yang_SA_depth/R3_C2_2C/_kraken_try/R_rigid_control.mod,513360fe3c77220617b8b38bf2e9a6f4bbab89425221e074c2f35c687b1f2f60,513360fe3c77220617b8b38bf2e9a6f4bbab89425221e074c2f35c687b1f2f60,268c3982756052e87820a4517bdcdfd53271bf52,False
results/R3_C2_Yang_SA_depth/R3_C2_2C/_kraken_try/R_rigid_control.prt,e44faf5bd64b8f340b37cf64e194c30b3f0ed627bf24db9380fb1b309c36d9e7,5bfad74eb74c7f03911d3e288d04c6ce9f1e7668b3e249a995b54166c3bfc942,be60569d575cb604832ac58d1fa000aa193e8fce,True
results/R3_C2_Yang_SA_depth/R3_C2_2C/_kraken_try/R_rigid_eta_S.env,d4f38b29ec1f1ccc7ff0d397c9217504137c624c00bebb568880b3f7d1bd4529,dfc5f2b3922ee69f6243ae1afbfbb13b9e019ff158655542413a92e76b95b262,85376d8079c02eb57269664301978b84bf0d5ea1,True
results/R3_C2_Yang_SA_depth/R3_C2_2C/_kraken_try/R_rigid_eta_S.prt,bab271e9aab10e082c5cc12f12002962fcb7be5ad7cff1a2bf261b6b8389cf62,ac8d6ab2ba6a1172e3b35a3855688abb048ec51eac12f781b3d4bb666e166a89,b95a70c760aae28630dee6559e60586332433882,True
results/R3_C2_Yang_SA_depth/R3_C2_2C/_kraken_try/R_then_S.env,f0264d1070010b232ac6febe0c484e841ac02f0dbcc8ad6363a93f5073fccbe2,ecdff31b8502e58e8691993ac0b38ef2e83a841c6b13cbb920cb1daa4089b600,fdf27ce8b0cb354c70fb881b8dae22920c8c81a6,True
results/R3_C2_Yang_SA_depth/R3_C2_2C/_kraken_try/R_then_S.prt,5fdb6b036cdade5c22a8c58b155918de3837a1585d85c195c9d37195ad0a4ab1,aed81f8cc74ccb6305bc1c3e41dccc5ef92e1caa30eb856b3b698cb5a4b5ab34,b2eace8b1d07af1073a80e3122a11e280de4ddc1,True
results/R3_C2_Yang_SA_depth/R3_C2_2C/_kraken_try/V_then_S.env,cf9788616b6e0ed8d771c6960465a758d96d7371ba39311628b4ef61a7109415,ab6e9a8df1f43b4fe2adfb65790636cd1ed1ba8c8be1367b33ef5727f6e52f87,e1d4fa630840245b4c4a4f81c133625d55c56b52,True
results/R3_C2_Yang_SA_depth/R3_C2_2C/_kraken_try/V_then_S.prt,b0653bd511978557a9c0556065243646f32d26ed4c71c20e0e2296e1a8b0f18f,48111eb87da28d878dcb4389478d4d677cd24985f68c5786623fbdca6d353f37,ad4b2728581245e6d011ddd68e38de53b60dcfa3,True
results/R3_C2_Yang_SA_depth/R3_C2_2C/_kraken_try/bc_AE_full.env,66682744ecff65f75afb34f8cd10e0608f10717cb5c9fc5cd6f40b954ae128a1,729adefedf6ff49e4c7574e5d995276f30eafcc1cfd9e18bb19ef37cb8d91a09,0b6410c295ce9d42f84adc1b4712afd587766735,True
results/R3_C2_Yang_SA_depth/R3_C2_2C/_kraken_try/bc_AE_full.prt,0dc72b406bf6b22900e09dcffc7bf6e769569b3809fbaa6cd8c011a64dcb625d,18df4a9374807968fbf0543a7f2bd014e0bc0374632356b919017b21a8a4e315,8b3050633db378ca6e377e74367eed89c54ab65e,True
results/R3_C2_Yang_SA_depth/R3_C2_2C/_kraken_try/bc_A_2line.env,e800dc2bf6d3bc69570755d99c404ba2f0fc7bb4d711c5b5f4e7b8644e54c5ff,aee9b2f284bea828cee6a026ee5e134af2c7cdcba5db833306ceb74fde3cf840,fd89e0317971327818481d7bef35fe042719fc79,True
results/R3_C2_Yang_SA_depth/R3_C2_2C/_kraken_try/bc_A_2line.prt,4e0a709a3c982386d3a5a3e4f0e939fd81bafaf9bd77620012d68567d0916012,5e774bc0fc99e51259c1b9126a5f45c7f7a02d98525757b6fb0adce55f0bc788,1d7ad890b00d680fc3709d8da49636727624c02e,True
results/R3_C2_Yang_SA_depth/R3_C2_2C/_kraken_try/bc_A_rho_last.env,438533db86bfe39da54de147b5a12c21310210edc2e0851877bac790bb3aa3f5,e4e2f676711736491cd60feae9aedddde8b6105df6336abe161e3835dabf21c6,8b392ac3923463a5f0eeedea8681662e55e219f1,True
results/R3_C2_Yang_SA_depth/R3_C2_2C/_kraken_try/bc_A_rho_last.prt,216779d70800bcea8492e13df2e482a2a00b0e3526b3d8c08f895295a5b85f66,4c68192ec242df0bd3a2f55687648e1d848cf2365103ad928d5c6796e524d9a0,bb5dbd76617bf56a7c16e4917eb30d4790df639c,True
results/R3_C2_Yang_SA_depth/R3_C2_2C/_kraken_try/bc_F.env,eb8eadc43a4998b12fc147beb891f98d02fee5fb9485e29947b61442d93e8088,2d5fcb0801905a917447a4e5116d95d56ffaed50ace07c48ed65db4e3eae33e3,c3833799897f196a935e485dcaa57041a1580cc9,True
results/R3_C2_Yang_SA_depth/R3_C2_2C/_kraken_try/bc_F.prt,8a00d67ec2e425dba1a5b4c4b705e9976127dc69d566fb7d5bf79a0937c20f13,25e1dae98dfd6751cde0ca75880ad9274dfe8cb03aa9ca378d0e3fe67e43504f,f937a877040d8fe7d55469a55472bf80cf7d934a,True
results/R3_C2_Yang_SA_depth/R3_C2_2C/_kraken_try/bc_F0.env,f30a064aef92022ed02dd7e6665abd28896a42a3fabd5fed02533ca7dbd70134,019d8a95d992340872eb5824a800fad1c1184438829808827cb76256324d95c7,e09d7edb2a07f7015cd8fd3d52b41cea9d245d73,True
results/R3_C2_Yang_SA_depth/R3_C2_2C/_kraken_try/bc_F0.prt,642ed664e1ffbf82b11bd97c146506843bf4bcfc90cb526d5b403b6b7942b60b,7d794b989dfad81eb746ead9e2c11467ceb0edd76d952308ad0b3a7b0e9767ba,7c7fe0681a621bb6ed92503ee63f2a9724296ffb,True
results/R3_C2_Yang_SA_depth/R3_C2_2C/_kraken_try/bc_FLUID.env,db3906c7661edc2fde74fc1c7ec13e3bd46bf0efb2875f4463e7b1bdd3fd1aeb,3b37f352c7bc8be211ab2791ecf05b658a1d3d3cbb90d05f96749f605d86897a,e7df104524763a9654d82d0f407a36dd735d9b34,True
results/R3_C2_Yang_SA_depth/R3_C2_2C/_kraken_try/bc_FLUID.prt,642ed664e1ffbf82b11bd97c146506843bf4bcfc90cb526d5b403b6b7942b60b,7d794b989dfad81eb746ead9e2c11467ceb0edd76d952308ad0b3a7b0e9767ba,7c7fe0681a621bb6ed92503ee63f2a9724296ffb,True
results/R3_C2_Yang_SA_depth/R3_C2_2C/_kraken_try/bc_FLUID2.env,0cb4b2c97c7e6717e0898a3b46bc4a63733c70d31e4d3f9657e5d463c94a29ea,d072774147a7ee883b6c1f773ca64bc266796a9e1a775875b91c584f4592acdd,91b10a7ec4a800ac9015a68b52c11bff52c17955,True
results/R3_C2_Yang_SA_depth/R3_C2_2C/_kraken_try/bc_FLUID2.prt,8a00d67ec2e425dba1a5b4c4b705e9976127dc69d566fb7d5bf79a0937c20f13,25e1dae98dfd6751cde0ca75880ad9274dfe8cb03aa9ca378d0e3fe67e43504f,f937a877040d8fe7d55469a55472bf80cf7d934a,True
results/R3_C2_Yang_SA_depth/R3_C2_2C/_kraken_try/bc_I.env,f76f122758501d522ed02bcc5e8fc57fe45ac3ff669877fa03cdd4c0580e1616,353ba7964356262a69b0e3ed942bc7e8425f464c4313088db802c26c628641d0,4bbb26504f43d035de1b28bb05cefde4b04512e5,True
results/R3_C2_Yang_SA_depth/R3_C2_2C/_kraken_try/bc_I.prt,ed7b879decab7e61c48b5f542c76dc649cba2dbd38c591a13a4ee27fded40355,82d25af5ab4db019b9bc0b27d1a8827c2a4417bb9a4265979593c21e9aa6f943,f3441603465263ebba4d5af774a5c802cbfa66a7,True
results/R3_C2_Yang_SA_depth/R3_C2_2C/_kraken_try/bc_O.env,b21ba8b989345aeb81af8acc512b9d4d0cbccdcf4570610e121d76aaa78a20a5,f79fba57584ad56512134265d8e78585051682470bc37b5171f748adfac6886b,783bcbff6c94fa024be29ca396a027dcb204c012,True
results/R3_C2_Yang_SA_depth/R3_C2_2C/_kraken_try/bc_O.prt,494ae758b450222ca38ca291592530d2209afdc8d709700b8dc839cbbc09ab14,87947b7d53184a064f20c0fce07899e8a5563432f841e3701c313701ebe4d609,56d28eaf5a261e9bfd378879164862ec347d4c76,True
results/R3_C2_Yang_SA_depth/R3_C2_2C/_kraken_try/bc_P.env,a7471a6fb8195f22f3d884a8470644dfbe509c36b9f93707949ceb7cdf5db317,d7ec4baefa0364f7802f175e1542b07e7c9e89a54cfb8dd34fc5af3f9c75d2fe,2ab30dd620abb587110f82f2cfc026b62db2ea14,True
results/R3_C2_Yang_SA_depth/R3_C2_2C/_kraken_try/bc_P.prt,e1ba53548ef5cd75b4e7515d98d85f2a6a4f54dd0ad874d3fc76ac227614abf4,22677b35bad2e95d21b15eeca3e463f8f396dd2cae0bbf69bd95f910b2e7d608,cd8e990e7ee172dbdafa608c3a1f08e6a78a276a,True
results/R3_C2_Yang_SA_depth/R3_C2_2C/_kraken_try/bc_S.env,10acc09f27a6037bd0650ae5c2a3ce92aa811ae08522a1dc23eb3eb06a812704,430b97eb9bc510d745da87955b9dd75929f1dd61f6aedfdeaab70bcdb93a4cf9,836678b2fdebbbad5a81bc9d22b4da803b95f5ea,True
results/R3_C2_Yang_SA_depth/R3_C2_2C/_kraken_try/bc_S.prt,2a9b2abcbefdab703cf5c45eaa3902c8d03f7759036756250260c8115d4dc4ed,c06e0b4773edddde9087c14b4f8482919a1d889dfc14531e5bdb1cecd5eb77e2,51603c6d3b8d8c8677d1e468a470c8cdd5314ddf,True
results/R3_C2_Yang_SA_depth/R3_C2_2C/_kraken_try/bc_T.env,ee3e501fa9b6d557456d3369cdbbf2e37baf83590496d57c3bd84f470ad88778,1c856d20149b9d88b53237207735ed7ad55d549ec5be8e502a8708f2afe7b627,1af5076feefca441449d5221a4434fb1c34000af,True
results/R3_C2_Yang_SA_depth/R3_C2_2C/_kraken_try/bc_T.prt,cf24d4cdc7464f12db1f1027491ba2ff4ff3ab5cf8cb95f562e8d54ba50653ab,d24b3eda45e871fc26c6622c7df24a6a94f8479c7442e0788e0b33d898722a7a,38cbdb783edf030a3ada6a7128faea9ce444e704,True
results/R3_C2_Yang_SA_depth/R3_C2_2C/_kraken_try/bc_W.env,b9610e60ece937de6b98bd50a6e195128b2fbd4d276f634a0ae45ee468bf2562,4983c629bf18b71975f96eb0d220b7682b919ac3a249d1a968ea42d11323e90b,736ec458f904d20bc57173bf126e21854e1a4483,True
results/R3_C2_Yang_SA_depth/R3_C2_2C/_kraken_try/bc_W.prt,d1a1e94bd8f77e909d6ae4ba86a593e972aa9f69c3c94f9340aecbef6376b43a,7614b43f2e08fa28f328194462c74e5c3c7c4f37a7afc4295672b0c62b511abb,eae2b09b3af54f8d6899ec0ee7381b0caa34690a,True
results/R3_C2_Yang_SA_depth/R3_C2_2C/_kraken_try/med1_A_12num_rough.env,aca8f89245a4dfb39db85024df95bed5b430a17df5a28b7ced291f0cc5d937fb,b8a777f18cb10c6ac7152cde43c039fe49069b22bc497bf0249b52b9c227345d,6c6d7e10dfb20f5586156a6c4d3fa7562a8f93ac,True
results/R3_C2_Yang_SA_depth/R3_C2_2C/_kraken_try/med1_A_12num_rough.prt,c8096f418f4e23648e70c5a4b2d9f242b78f37c44e880d004251171fd093eb30,8aecd48ab473f1b98922ba56cacbbb08a6b3ed6a351cb84cf4118707fe5c4095,c102519982c2da68f58ee4c1605ed9dc16aa49a0,True
results/R3_C2_Yang_SA_depth/R3_C2_2C/_kraken_try/med1_rough0.env,cc01084813a8352b01f915563f367bcb4793ba5c9c48fd8bab57542e6afabdad,74590d2981c865b811e3331c878083ffd99fac754cc015a2438690a3fb3609ee,f333a65fee4f4b8554132d4c7dda8a41971b56e2,True
results/R3_C2_Yang_SA_depth/R3_C2_2C/_kraken_try/med1_rough0.prt,c8096f418f4e23648e70c5a4b2d9f242b78f37c44e880d004251171fd093eb30,8aecd48ab473f1b98922ba56cacbbb08a6b3ed6a351cb84cf4118707fe5c4095,c102519982c2da68f58ee4c1605ed9dc16aa49a0,True
results/R3_C2_Yang_SA_depth/R3_C2_2C/_kraken_try/med2_1pt_rigid.env,c13da5413aed81be7077d68e455152a1c9e6c1ee2299a5c5007d6225f3f88c7b,1c9f074876d3e4de18d374a5cd3874d1aca7ce9c05feb9dc3bba8e9dc203488c,844224d6191d5063669ebb8836a488b45b8e40ca,True
results/R3_C2_Yang_SA_depth/R3_C2_2C/_kraken_try/med2_1pt_rigid.prt,ba8bab039da4a81902e679d7f15a6478cc2170114c8c428abeb78a2509ed3b7d,3e6545fff85f3f6237fa6b31e972708a58bfecd45a8524fec591122ad39d24f7,4eac1a91c96447c4d5a522cf5410fed771f55c3b,True
results/R3_C2_Yang_SA_depth/R3_C2_2C/_kraken_try/med2_hs_A.env,490f27de70db1d1bd02b67e4a963a8da0e93577c6abaf31cd3746e6db7a77e2f,c87747d0fe03480c0d11a0d0828e11f14e4c6592f5d000b045fc4f0cbd8088ae,b59b18767af9a8383afcef2098e5973656a02dd8,True
results/R3_C2_Yang_SA_depth/R3_C2_2C/_kraken_try/med2_hs_A.prt,ba8bab039da4a81902e679d7f15a6478cc2170114c8c428abeb78a2509ed3b7d,3e6545fff85f3f6237fa6b31e972708a58bfecd45a8524fec591122ad39d24f7,4eac1a91c96447c4d5a522cf5410fed771f55c3b,True
results/R3_C2_Yang_SA_depth/R3_C2_2C/_kraken_try/med2_hs_rigid.env,7dbddaad1cf8b847e10b23f31a1dcd4719adcbd43c7369978a7f59605d085014,1d430500f0c92f362ee0a5bc41be5d155f7ecc68664d266be7434c6ff17f1f4a,3f8dca3cf2dbc68b205e72b346e4a6f88b96246d,True
results/R3_C2_Yang_SA_depth/R3_C2_2C/_kraken_try/med2_hs_rigid.prt,ba8bab039da4a81902e679d7f15a6478cc2170114c8c428abeb78a2509ed3b7d,3e6545fff85f3f6237fa6b31e972708a58bfecd45a8524fec591122ad39d24f7,4eac1a91c96447c4d5a522cf5410fed771f55c3b,True
results/R3_C2_Yang_SA_depth/R3_C2_2C/_kraken_try/official_like.env,008a00d28a70f7cee82bd2ef8680f24631eb595790a745ce9b6277a1412d4b7d,c74cfc56b5e8e9400aeda0674ea040b4198ca3ecb0f32f30a4852b9342b4ce47,715909fbc2e8d848939e27ac30e78807baaa302e,True
results/R3_C2_Yang_SA_depth/R3_C2_2C/_kraken_try/official_like.prt,0dc72b406bf6b22900e09dcffc7bf6e769569b3809fbaa6cd8c011a64dcb625d,18df4a9374807968fbf0543a7f2bd014e0bc0374632356b919017b21a8a4e315,8b3050633db378ca6e377e74367eed89c54ab65e,True
results/R3_C2_Yang_SA_depth/R3_C2_2C/_kraken_try/v1_numeric_hs.env,839fec1326e3379729b3920fe17ccfdc4f3390ca5f7831f12dd266b9400e09c4,9be303c72eba8064cc63834485aea33eb65825f5e1d5b0b98a68926553f8d3e1,a2107510bcecebb55a03b358a587e42a284aa099,True
results/R3_C2_Yang_SA_depth/R3_C2_2C/_kraken_try/v1_numeric_hs.prt,a301612f1c238fc09fbbee93b2230cd1b4ac34142ac55276358452aeb1229f7f,7136a3438e936596279ddfeaf63cbff71852a0d2c0531da3f6264641a1bb461f,07fad9404a10eee4a788c0df09ebff76d679ae41,True
results/R3_C2_Yang_SA_depth/R3_C2_2C/_kraken_try/v2_hs_z0.env,c90f67fc8b2d3ab46050cb259d1ff658801c455124d4a8c210b6d12918fbc1fb,55bd982f2be953d660f7deaeddc998fb26b78e53809ea1e4780cbcd034d29b57,9620cc40ae0aed9ba6102737e8ec97f386b39b9f,True
results/R3_C2_Yang_SA_depth/R3_C2_2C/_kraken_try/v2_hs_z0.prt,a301612f1c238fc09fbbee93b2230cd1b4ac34142ac55276358452aeb1229f7f,7136a3438e936596279ddfeaf63cbff71852a0d2c0531da3f6264641a1bb461f,07fad9404a10eee4a788c0df09ebff76d679ae41,True
results/R3_C2_Yang_SA_depth/R3_C2_2C/_kraken_try/v3_A_line.env,39a86ddb210d56ecbccf9a627c9d0a96b630171b007dcb2bb06ee989d42577ce,b4a65b34c587f4169caaa8031e2f64d0487583d3fe77589170907836bf46afb0,f13cedced26a4d05c743a9fd6f5adcdb047c8f50,True
results/R3_C2_Yang_SA_depth/R3_C2_2C/_kraken_try/v3_A_line.prt,82314fcdbb49f142032f312b39119ae32e82e23a897a0a0afec80a2ecb1701d8,6158886b259c5ab29cd09ec65a3cb06083dbe22d7a2c98d18070e3933c5fdd1a,15db648bb3e3cdd9857862ab4d762309262d8051,True
results/R3_C2_Yang_SA_depth/R3_C2_2C/_kraken_try/v4_no_hs_like_munk.env,9102213c110ef9c66a32b32b910407339f77864ac4a1510833b5283d139ba520,ad4d6b275edd1097c88c910fc48b67453e4be95961d5fc0643908fe821fa10c0,2f1fb22ed10101764668e90463db62c7eed5778b,True
results/R3_C2_Yang_SA_depth/R3_C2_2C/_kraken_try/v4_no_hs_like_munk.mod,e1c7a837a6d550948c0b9d9170f6ebe874222f2beb29fb26d37791186fa93bb8,e1c7a837a6d550948c0b9d9170f6ebe874222f2beb29fb26d37791186fa93bb8,aaf3d0ab2d71fbfdb209804f9f4f3dacb7b98e65,False
results/R3_C2_Yang_SA_depth/R3_C2_2C/_kraken_try/v4_no_hs_like_munk.prt,ff06d9dc10b28ac419573c73e7885de657a33f59ac21338f8e5043cb8d1711ae,9f9dee42fa5c5e63be54b0535c9a037b270f61ce5308fa0763b813d43ee9ee24,a5c32e4939a542fd8797e2b131863528ed59497a,True
results/R3_C2_Yang_SA_depth/R3_C2_2C/_kraken_try/v5_test_clone_r.env,69db64c85071d4e9e29f5f4a0577e6a999f6c21b815cc338f94652dd3b8d91fd,1179c93d2c8be1209e56aac232c1e6b0b1af0ada4f46f0700cc614a4b9701e52,088872b6c83eec0ea0848d4d362b334fadb5beb6,True
results/R3_C2_Yang_SA_depth/R3_C2_2C/_kraken_try/v5_test_clone_r.mod,b86229c3ad63e710d9a7fefd3c49f739ec25c868cdc35c5352ea51b858f3b96f,b86229c3ad63e710d9a7fefd3c49f739ec25c868cdc35c5352ea51b858f3b96f,3296ce305ef71fc82cb4f5b68a0eeb1feaf5ca04,False
results/R3_C2_Yang_SA_depth/R3_C2_2C/_kraken_try/v5_test_clone_r.prt,e90ca57f24b6a06900a8cfa5eed592499088eaea6ab494b4295a59f502269023,ae0cdc189e85cce5e14cf5405dfd715ac231950f793a04e75981495b7fc673d1,14bd935d892ef15411f2f63e9c7607125f7bf197,True
results/R3_C2_Yang_SA_depth/R3_C2_2C/_kraken_try/v6_hs_after_depth_block.env,2e68dd5626dabcc01642eaacb4da98c089978e2d070613746449144e321d5f7d,e0a5d70f25a8d818062be5d03b57a331925323ac6fccee3181ec03a54942c069,f53ee378a9adb503644c46705f96d2b9023fc8cc,True
results/R3_C2_Yang_SA_depth/R3_C2_2C/_kraken_try/v6_hs_after_depth_block.prt,c21390daeeee2c0348ccdadbe55e6d44f190008a0d5c13a5ce5964ec7720b5c9,fa007d89a84939e8f6e4b6105eca0f4afabc1d24c593bec8975bbd48adbd18fc,f84878f7125c662498fdc88d1ba5417fb29b2c56,True
results/R3_C2_Yang_SA_depth/R3_C2_2C/_kraken_try/workstyle_R.env,21a5366484c70f025e0b67ad88cb19d6ad7395195fc0073c4637d32d2bd3cdf2,67c1e386500ec0f15d4e2d4b720af5b1fecc15aba307a8b9f72e3734b6c3c469,b18234bb3f0b8f6c423295d335dbc9a55cead6a9,True
results/R3_C2_Yang_SA_depth/R3_C2_2C/_kraken_try/workstyle_R.mod,55f9d9a5aa455bcac3c9222bbf974bf3ea39d069195e472c378732af283c2e65,55f9d9a5aa455bcac3c9222bbf974bf3ea39d069195e472c378732af283c2e65,37b15dad99f56d4dda78f30bbfb31a7d724838fd,False
results/R3_C2_Yang_SA_depth/R3_C2_2C/_kraken_try/workstyle_R.prt,68d196c90b54b11a44ab2b44b63b493449ba70493b7cdd21e584ff766cbbfad9,63e38c34a288b57ac9b1f0f3990f169d8a82ec0bed26eb9c994c38ee4c84449b,123bf035b7606990b0f510bd9c145d48bdb71ae7,True
results/R3_C2_Yang_SA_depth/R3_C2_2C/_txt_2014.txt,c206783bc07dc1096b0badf32de9cb0569f7c9ae116c6c4db637cf918f1160fd,6143391e9b6585320ddbddd6acfbe512afeda85e8091eb685861b530fcf115ab,e099e84c24e368e63c378d0d5f1501990f74a26e,True
results/R3_C2_Yang_SA_depth/R3_C2_2C/_txt_2018_2_err2015.txt,794324d3dcb2643d403d867b7b44ea70641d76a74504ef0cbf2d3170bacd15fc,cefcb10a9048d2ce20613d107c3509a2b6fb5ed546ce7f5bcafae6c4edaab369,ea4328ebc57d5c97cd5295a8f21c77cb62a46210,True
results/R3_C2_Yang_SA_depth/R3_C2_2C/_txt_2018_err2014.txt,fcda596dc7a9d4c7173062a9cacda8fec2b75992c894c91275080c509cc429f0,7b95867c40e61464be1027151b4ac9954f75fca6a2c93fc0dc6a1279daaef68d,0ad8f3eda9219d325fe847b0a545027b7976e361,True
results/R3_C2_Yang_SA_depth/R3_C2_2C/bm_alpha_limit_paper.csv,eb567f33373c53bbd26419fd4d4a4d8c85c9504d43455a62c1e6b565be5ebe1a,9cd6140e98d19dae4770da3e2a2e322e813851805b36032c7c5fcb660d9803ab,eee3920804ead76195a6d8576713a84210a5b1cb,True
results/R3_C2_Yang_SA_depth/R3_C2_2C/eq1_eq5_paper_environment_check.csv,511b312f61812ef1311b735dc1b98388dbe621f37b31ffaaeb299a11c5261d2d,6e8461a1a1771fd0028cf01799043b6747f751b1838804fad5e6d040627c07b4,76e06b59d0523200d5f2762dc5080cd5761ac783,True
results/R3_C2_Yang_SA_depth/R3_C2_2C/erratum_delta_mechanism_check.csv,a800227f40e905ecf160a6c266043e5ffc34c81489d052c9005aa10f292ebbf7,cf88b41b7f9390ce177a6aa5c7da46b4b0b20d458ed1bf0c5049a13260fe7a75,2f5aef72d550c17b4a2374e04d68a1b192fd8d21,True
results/R3_C2_Yang_SA_depth/R3_C2_2C/field_vs_modesum_check.csv,2b6bd01cca1a2a9e9c6046b2d5d3df357d8b1e83c034fb62a527240796e122c6,53af6f8907f9646a0e92d2e398da6223b9875a361b0497a226427ca07c3bbfbb,f321d9e96dbcd97b483e03368f6c8ad8455dac39,True
results/R3_C2_Yang_SA_depth/R3_C2_2C/figures/eq1_eq5_error.svg,e97c94584d06ece758addee019d2e51208f289276794f232f9433fd7ba241962,710056e0925eb21bf46a7e8ff26afab20f2216c7a2baa84a10a2976307fb5ae9,00a90b4bb22f47cf650345f7f24ff598f0586044,True
results/R3_C2_Yang_SA_depth/R3_C2_2C/figures/fig1_reproduction_zr18.svg,b262dabe18b01c966e0dd1a2d8cccad50bce3daf727b51a92b3eddf6af6071d7,37ac9ca8d80a1fd7ddfc1ffaf74edadd5c00c02292c409dec93b6bc21021bf09,28151a496e74048035b6d6a1c5905cfbaa108082,True
results/R3_C2_Yang_SA_depth/R3_C2_2C/figures/fig1_reproduction_zr70.svg,98fee232407e525c6ff6737d6082ff4870cea566830e0a2d124c5ca42eba4344,204b50eaa7ad48631c4446fb2ecfa40ae2f1486ac53dc452abc160497346c033,40bc9618460f022f61690479ab073e34d6b6a3b4,True
results/R3_C2_Yang_SA_depth/R3_C2_2C/figures/fig2_reproduction_zr18.svg,4a9845d611a11288cb046f96254e94cbcfcbf98637eb24f07f6991e797c4d4db,7d8a2be461cfb4c14d5f21170306e14185ed3cd5f0119d0a1c320b03b3f961f3,3989c97cf2085d529dea82842b750088dce424e3,True
results/R3_C2_Yang_SA_depth/R3_C2_2C/figures/fig2_reproduction_zr70.svg,299bfa3b31a3cb820bd5b2294bf82a0037a78b3300a762a30c52fa2fd6b5af20,50c68a7daf54bf20d467d293194fd73c3797eee49ab4273b967a34497318e460,b5483c145347ccc71e4b0a8323170e9d1cb3153e,True
results/R3_C2_Yang_SA_depth/R3_C2_2C/figures/yang2014_p01.png,17b904521ddca6bf655344a84ed0b540e66ee1a2131887292c0740637da51e2a,9b79a3d975b6f73d1b5cde4105cda7b0cc91e017055b37e1968f18bd3a2a7132,f7ebae4d65742d27132fc1d5adbc3ea778754db8,False
results/R3_C2_Yang_SA_depth/R3_C2_2C/figures/yang2014_p02.png,503b57b9e6b7b17e476d62940d1fad380a2c3720723a610922c5a2d14adec3da,7709af482fb3b39713cbd883cc225d3b9fe78355122efd75b12a28c474d5d724,a058bac4fa5e181e94a08001190ca4c59e76b211,False
results/R3_C2_Yang_SA_depth/R3_C2_2C/figures/yang2014_p03.png,d5e309975bbde739b3098ce190639e29aa4f833bd6dbb36f4336018856d8277c,c0b51da538fee52995ab864470ccd7e1ce44d5024e8977041b4a828e16678c3a,ea8f96e0b2e7d38f730320c0e28115c43f467dd6,False
results/R3_C2_Yang_SA_depth/R3_C2_2C/figures/yang2014_p04.png,d8f57888750f96028a7fd643da5e9e3511565b25fae40af2a4c5f59d60ef07ac,4ae669b0f55ea9fd0da7df7d7cee03d9d085dad231b38160bce0119563f01fa5,27b267101ae800e4c20331b5a44e58d9c78f20ef,False
results/R3_C2_Yang_SA_depth/R3_C2_2C/figures/yang2014_p05.png,791e5b321e35e9240c0141675ac5919364d38ef2751fcdd8bf218b7b64d6df1b,a10c048d9768a06443085931ad7fc63543c24425e6c17880daa6e4928eccecdb,c268fec2a59ed79afe94ce1b649c9b1640a963bc,False
results/R3_C2_Yang_SA_depth/R3_C2_2C/figures/yang2014_page_05.png,ab6f1c5d41be42a400ae53a76b68bf07f3a298ee6272ff010e50c69bfa2e7a3c,c10d7defdda381e5f8d09d6c9078fed9ffe0b64395a139996289167e958cc14c,75024c9ee3d968df0ed00cbea4601e7406ac4e23,False
results/R3_C2_Yang_SA_depth/R3_C2_2C/figures/yang2014_page_06.png,61b5a439c1152dac6fe4881d4cc243a8150b9e5ecf50165d1ebbccd834ba7dc8,51884f1e74d2cac6d12b1d3a6999033e370708b4465378395407eac54562f5dd,41752fb299d432f61f3da45632f4190fd35c330c,False
results/R3_C2_Yang_SA_depth/R3_C2_2C/figures/yang2014_page_07.png,34ca226041fb89557fa3ec453c15fba9dab34593a4017d8d0e310e4bd2cdeab3,f547225ca68673719d1754d315dea8f316811b34602c6ee3a9d66d3eea24de80,3539f3234ee19679328abf32b2c0a128ad215c92,False
results/R3_C2_Yang_SA_depth/R3_C2_2C/kraken_attenuation_sign_check.csv,93568e9271230cd7662ceb018592bbf9b430faa51fb1d5b5c03d86db066ba0f0,d73a76b5157d70561a98489f0eb8fb6b248384cc2cfe7ca9f38f2d9ff1a0f19a,3b96258c1b803c9575cdd08761e3da6f26e0182e,True
results/R3_C2_Yang_SA_depth/R3_C2_2C/paper_depth_ambiguity.csv,9f7c23fc3707aa96b3d9c39c9bf9f5dc9960fc00edd872f0d7f7784392b5f485,a9c0fc7cc53ac9b9903604907ea24238cf48b58572ee35a3801e0f9a053729a0,3809662fc911a916c67bac2c38869cc3792e3620,True
results/R3_C2_Yang_SA_depth/R3_C2_2C/paper_kraken_mode_table.csv,122056dfc7988db7113c4b730b5274aff30c6a6df23c2cf0a06adf01a03cf37f,5525cb62583b34ca4a8c03781279ffbada9794462235f0598aadfa578e86e3bd,727f8ca29abda6db4d65840a6b8f1b9cbaf77044,True
results/R3_C2_Yang_SA_depth/R3_C2_2C/paper_mode_identification.csv,758cde11d92bed745d6f76110357015e381831d929b2e30551c6ee72914b0202,cf1f10b483f29f34a736aae497456804d96954e2526a922cb4b998a601d7464a,2a3506b5aedfdc9aa9bfb15c94324cdcfede5969,True
results/R3_C2_Yang_SA_depth/R3_C2_2C/paper_repro_case_matrix.csv,19b42dfcb78174e2414a7a5bfd58453762ee9255991a0b2fcb4fdc16d6ac18fa,0881347af8acdedd58ede411e414cf9e25a9e1524cc6389c363ec1d73c570718,0250525ab93721c3d7ba7f524f89a64a4447d012,True
results/R3_C2_Yang_SA_depth/R3_C2_2C/paper_wavenumber_spectrum.csv,4d11b0bc3a632e750d1aba29a56e0e797c1231613fb457c2f64d9f122fa98aaa,6d2d9e85c9dc688f9c2b5ad05e4e658057cfc26a77f5268305735e264f2d0721,7019ed5d817a01fa09e3085527364373f28f5c21,True
results/R3_C2_Yang_SA_depth/R3_C2_2C/shading_sensitivity.csv,9f7c23fc3707aa96b3d9c39c9bf9f5dc9960fc00edd872f0d7f7784392b5f485,a9c0fc7cc53ac9b9903604907ea24238cf48b58572ee35a3801e0f9a053729a0,3809662fc911a916c67bac2c38869cc3792e3620,True
results/R3_C2_Yang_SA_depth/R3_C2_2C_FIX/R3_C2_2C_FIX_CONFIG.json,b4a67397dee99b88d983e889b16159a8c52fb80b89a49b9b6503d105b7533220,ff88768a93ad3d8343fe09fbaba582509f77a4e029865cb45b428e8df89796b4,b533846d1a929c22375e1fd394fb7e251ff181a9,True
results/R3_C2_Yang_SA_depth/R3_C2_2C_FIX/R3_C2_2C_FIX_DECISION.json,6813dc87659a0089977b6146e36f50ec257bf54b53e88710b270ccc5c28688dc,250c97edd231d2c0df1718d81cdac079c8f3a1e5e0f32e8e50ce2b9646a161a3,57da107a1c00aeaf21d87964b709d8c4dc1c637e,True
results/R3_C2_Yang_SA_depth/R3_C2_2C_FIX/R3_C2_2C_FIX_GPT_SYNC.md,1e85fdf57bf12687f7992a4836345b64a179b239b7abbf19d7c3f8bf4cac67be,1e85fdf57bf12687f7992a4836345b64a179b239b7abbf19d7c3f8bf4cac67be,58bcbbda5b2eb6950f03c1f16ad76ba9ae4638b1,False
results/R3_C2_Yang_SA_depth/R3_C2_2C_FIX/R3_C2_2C_FIX_REPORT.md,9fc20f40950b5da4762c96f577bcec1f4946009dfafdf7ed29c76dc6c1202d29,92bdfe57b0a41310c8817ffca2434aa5bf6f1a266987ad00b81401fc086a99bc,10a9bc2dbb68fee78d9ae36be93bdc5f2310dd7c,True
results/R3_C2_Yang_SA_depth/R3_C2_2C_FIX/_field_try/f1.flp,502e85e5f2271924b7ca790f2fbbfd4df874c0110b7425166b781969d41960ca,9fb5e42019c250037006315c922ecee1338a4771b6214f33ee303defab959742,3ba5140f40eeea165bb6c063f81263b1fc6eea03,True
results/R3_C2_Yang_SA_depth/R3_C2_2C_FIX/_field_try/f1.mod,829f5086211499e2b24ca6576c9ca52cf9a88fbfd9884bdcb103339d5c207961,829f5086211499e2b24ca6576c9ca52cf9a88fbfd9884bdcb103339d5c207961,d150a69d14312573096ddd903e02397af9df4747,False
results/R3_C2_Yang_SA_depth/R3_C2_2C_FIX/_field_try/f2.flp,48be5864399cc642129d0da17409a5bf989d7768eda4447363b6121f7854bbb5,6c387e67d322d6b5905d238a3510e4fe6025a58ff8cad8a509804a6a182d7f66,482cef13ca67aadc0028fed522e97ce78708bb93,True
results/R3_C2_Yang_SA_depth/R3_C2_2C_FIX/_field_try/f2.mod,829f5086211499e2b24ca6576c9ca52cf9a88fbfd9884bdcb103339d5c207961,829f5086211499e2b24ca6576c9ca52cf9a88fbfd9884bdcb103339d5c207961,d150a69d14312573096ddd903e02397af9df4747,False
results/R3_C2_Yang_SA_depth/R3_C2_2C_FIX/_field_try/f3.flp,8d9d601ddf3688e945d4212eb177a4371bf1581a87732ec9ab2475cfdc11a2dd,0e0117f104a5117701b71772a45d38c814f42135b005b6ff39bb8bc1650c27bf,95bb1717e9ee3a11f500c95992d42472043425da,True
results/R3_C2_Yang_SA_depth/R3_C2_2C_FIX/_field_try/f3.mod,829f5086211499e2b24ca6576c9ca52cf9a88fbfd9884bdcb103339d5c207961,829f5086211499e2b24ca6576c9ca52cf9a88fbfd9884bdcb103339d5c207961,d150a69d14312573096ddd903e02397af9df4747,False
results/R3_C2_Yang_SA_depth/R3_C2_2C_FIX/_field_try/f4.flp,b10287d40e784e045aeb3f24660820fa114fdb115739af760a32be7157b64bf5,4c10b8806ac73fd6d35215fcd35b5390004675b8efabfeb5abd9bd85fc7f6c3b,63adebc72872d95a9c5ca7e4715731f80f7d31a0,True
results/R3_C2_Yang_SA_depth/R3_C2_2C_FIX/_field_try/f4.mod,829f5086211499e2b24ca6576c9ca52cf9a88fbfd9884bdcb103339d5c207961,829f5086211499e2b24ca6576c9ca52cf9a88fbfd9884bdcb103339d5c207961,d150a69d14312573096ddd903e02397af9df4747,False
results/R3_C2_Yang_SA_depth/R3_C2_2C_FIX/_field_try/f5.flp,0cabd8f70e54b1949efc15e493c509ba1791e3c0523bd53ea3eb406858f05be3,d4d495e0a60517cbb2f30d9c1df0dbc6e825ae3e977966ff3aaa48bff2732682,2317a9d7cf8cde7fd9790cc1efbbab902a09eea8,True
results/R3_C2_Yang_SA_depth/R3_C2_2C_FIX/_field_try/f5.mod,829f5086211499e2b24ca6576c9ca52cf9a88fbfd9884bdcb103339d5c207961,829f5086211499e2b24ca6576c9ca52cf9a88fbfd9884bdcb103339d5c207961,d150a69d14312573096ddd903e02397af9df4747,False
results/R3_C2_Yang_SA_depth/R3_C2_2C_FIX/_field_try/f6.flp,7b715d580ad84234cdd3fb02e57e0bbe0eb7e28cae37454e0bb9924352350c83,b6f791c7483b00380ffe5be800bd3e35599089c2b8e14132e8121d6036685247,2eac1bcb49d567e0ce1372c02725db0342ddb91b,True
results/R3_C2_Yang_SA_depth/R3_C2_2C_FIX/_field_try/f6.mod,829f5086211499e2b24ca6576c9ca52cf9a88fbfd9884bdcb103339d5c207961,829f5086211499e2b24ca6576c9ca52cf9a88fbfd9884bdcb103339d5c207961,d150a69d14312573096ddd903e02397af9df4747,False
results/R3_C2_Yang_SA_depth/R3_C2_2C_FIX/_field_try/f7.flp,2b16a175eedf59f4b69f5cc2657300fd728528bc9929dbe0b590d44da3680e19,d60f84d81fcc9945d24ace03eb9be11bd6451d11452810fc83332065324c7cdf,a85212403daa4399cf875414b9215d5f61b695b7,True
results/R3_C2_Yang_SA_depth/R3_C2_2C_FIX/_field_try/f7.mod,829f5086211499e2b24ca6576c9ca52cf9a88fbfd9884bdcb103339d5c207961,829f5086211499e2b24ca6576c9ca52cf9a88fbfd9884bdcb103339d5c207961,d150a69d14312573096ddd903e02397af9df4747,False
results/R3_C2_Yang_SA_depth/R3_C2_2C_FIX/_field_try/field.prt,b36b18b3b88177c5dacf014f3f1476440e353011927999ee8c148d2ef36852fe,55a1b3a6550603e8076b46a4a11551eae1c026d26ca3d249add37ce1c69d9e52,21bedcad5d5a892cae02f733497a431d6a19045f,True
results/R3_C2_Yang_SA_depth/R3_C2_2C_FIX/_field_try/g1.flp,9381e22faffb7b2670ffead804035ebaed8d79d7c44d062be3471ef9dee27eec,719859164f8c654bed49f6b66b962f8d03a953bfb59cfb5483bf31935d7fc13f,5e982413fb6d2f6d06cceca5a2d171a0cab87f59,True
results/R3_C2_Yang_SA_depth/R3_C2_2C_FIX/_field_try/g1.mod,829f5086211499e2b24ca6576c9ca52cf9a88fbfd9884bdcb103339d5c207961,829f5086211499e2b24ca6576c9ca52cf9a88fbfd9884bdcb103339d5c207961,d150a69d14312573096ddd903e02397af9df4747,False
results/R3_C2_Yang_SA_depth/R3_C2_2C_FIX/_field_try/g2.flp,7b982d039db0356f0528ed0692692392fa4c6d144c62e889929206653334b775,069072ff427002c08939883f60b775f091809abc47933b29669b06d7b84b23ce,59f36cb1252430d3f67cbd2a3515f53775c35625,True
results/R3_C2_Yang_SA_depth/R3_C2_2C_FIX/_field_try/g2.mod,829f5086211499e2b24ca6576c9ca52cf9a88fbfd9884bdcb103339d5c207961,829f5086211499e2b24ca6576c9ca52cf9a88fbfd9884bdcb103339d5c207961,d150a69d14312573096ddd903e02397af9df4747,False
results/R3_C2_Yang_SA_depth/R3_C2_2C_FIX/_field_try/g3.flp,6bacff969ae4c0c575de6d876835a164c55db7b13e4056da56786366fc36d4fd,67ac03dfd21320dac5beb040fb81bd318787e2a97efe9b8bfb82eb57697f2a3b,957ecc625cb23ad05f5563a0565972d8ae266573,True
results/R3_C2_Yang_SA_depth/R3_C2_2C_FIX/_field_try/g3.mod,829f5086211499e2b24ca6576c9ca52cf9a88fbfd9884bdcb103339d5c207961,829f5086211499e2b24ca6576c9ca52cf9a88fbfd9884bdcb103339d5c207961,d150a69d14312573096ddd903e02397af9df4747,False
results/R3_C2_Yang_SA_depth/R3_C2_2C_FIX/_field_try/g4.env,0c04541574772ac9e3eb019f0d629bc58e70ebdbc2ba15dd445cfc91bae34b78,d6537fde7bfb194583ce4b7d04df7c1ad91b3b257752419177b6a8579a3b2e0a,2bef3e8eea316adcc0408db0d973e8f0c36bacab,True
results/R3_C2_Yang_SA_depth/R3_C2_2C_FIX/_field_try/g4.flp,7c392895667f62020973a97f4a97bdfdb2fc97808b4c45c8920bbdf76d721123,1f75636f136ea85f35170d92aa832fbd721ff9b0973325ad69db7ce60e019eb3,e48183ebc424f97d7a6e05afae8ddf265c83a35f,True
results/R3_C2_Yang_SA_depth/R3_C2_2C_FIX/_field_try/g4.mod,829f5086211499e2b24ca6576c9ca52cf9a88fbfd9884bdcb103339d5c207961,829f5086211499e2b24ca6576c9ca52cf9a88fbfd9884bdcb103339d5c207961,d150a69d14312573096ddd903e02397af9df4747,False
results/R3_C2_Yang_SA_depth/R3_C2_2C_FIX/_field_try/g5.flp,bf36e5a322737f8d272ac9d90fe5a9307a944fe9a27a80f1f93612f6277f4f25,58144163aad5ccb71feb334668b924393fcd1dd6fb1fcfbdf0f2e5c03943d6cf,12166b4f228bbd7b6c07eb683330e229b1d23102,True
results/R3_C2_Yang_SA_depth/R3_C2_2C_FIX/_field_try/g5.mod,829f5086211499e2b24ca6576c9ca52cf9a88fbfd9884bdcb103339d5c207961,829f5086211499e2b24ca6576c9ca52cf9a88fbfd9884bdcb103339d5c207961,d150a69d14312573096ddd903e02397af9df4747,False
results/R3_C2_Yang_SA_depth/R3_C2_2C_FIX/_field_try/g6.flp,7d0fa5545c6194008b6c35a76ad79e68dd0cbee87081f854b82fe114e281dff8,de7e0502c065bbc42321e051eac0a66ddb88c9a85ba168b1f4d43b726a4f3299,80defbc7da69bf14ccaf07b6c4a886e7e10a0493,True
results/R3_C2_Yang_SA_depth/R3_C2_2C_FIX/_field_try/g6.mod,829f5086211499e2b24ca6576c9ca52cf9a88fbfd9884bdcb103339d5c207961,829f5086211499e2b24ca6576c9ca52cf9a88fbfd9884bdcb103339d5c207961,d150a69d14312573096ddd903e02397af9df4747,False
results/R3_C2_Yang_SA_depth/R3_C2_2C_FIX/_field_try/g7.flp,58e2dd712a2f8aeea74359e5e4982525200fc7d9a31a1fc8dc5a918ba7878fe0,4081ce24df3d795e2215062882f1099549751093aeecedcc2ff218fc1cb0428b,ff4a2a3bd503fba93b8f96e1c4b09bdcd28db29f,True
results/R3_C2_Yang_SA_depth/R3_C2_2C_FIX/_field_try/g7.mod,829f5086211499e2b24ca6576c9ca52cf9a88fbfd9884bdcb103339d5c207961,829f5086211499e2b24ca6576c9ca52cf9a88fbfd9884bdcb103339d5c207961,d150a69d14312573096ddd903e02397af9df4747,False
results/R3_C2_Yang_SA_depth/R3_C2_2C_FIX/_field_try/h1.flp,8c3d6be4134f0e2c11b0c3f6ee599ae32c592c33f3abb5f0845b6b998591595e,d3e8828f42304fafe8f965e8b764c4d5ddf70b41c3153296c7361c2961f47d45,0e4aba1a516f498b0ebc1542453f19a1639c48d0,True
results/R3_C2_Yang_SA_depth/R3_C2_2C_FIX/_field_try/h1.mod,829f5086211499e2b24ca6576c9ca52cf9a88fbfd9884bdcb103339d5c207961,829f5086211499e2b24ca6576c9ca52cf9a88fbfd9884bdcb103339d5c207961,d150a69d14312573096ddd903e02397af9df4747,False
results/R3_C2_Yang_SA_depth/R3_C2_2C_FIX/_field_try/h10.env,0c04541574772ac9e3eb019f0d629bc58e70ebdbc2ba15dd445cfc91bae34b78,d6537fde7bfb194583ce4b7d04df7c1ad91b3b257752419177b6a8579a3b2e0a,2bef3e8eea316adcc0408db0d973e8f0c36bacab,True
results/R3_C2_Yang_SA_depth/R3_C2_2C_FIX/_field_try/h10.flp,39f1e1f7caec14cb72d2a85e7851d6f622a1ffe1311c56934a35ac495566e749,39648528674fd61c8fb3eacb39889d418962d27a178f1f4fe4f0c4903b8bfdb1,8acf9256474846361743a60e490c1c48a53651a8,True
results/R3_C2_Yang_SA_depth/R3_C2_2C_FIX/_field_try/h10.mod,829f5086211499e2b24ca6576c9ca52cf9a88fbfd9884bdcb103339d5c207961,829f5086211499e2b24ca6576c9ca52cf9a88fbfd9884bdcb103339d5c207961,d150a69d14312573096ddd903e02397af9df4747,False
results/R3_C2_Yang_SA_depth/R3_C2_2C_FIX/_field_try/h11.env,0c04541574772ac9e3eb019f0d629bc58e70ebdbc2ba15dd445cfc91bae34b78,d6537fde7bfb194583ce4b7d04df7c1ad91b3b257752419177b6a8579a3b2e0a,2bef3e8eea316adcc0408db0d973e8f0c36bacab,True
results/R3_C2_Yang_SA_depth/R3_C2_2C_FIX/_field_try/h11.flp,6d3b1eb5fec7b52da0e686973c8513a1f3983611885f90fd85c80ca4160dd21e,4a48ed40d131b6238424c0e5680a8eb0baf70b52aa24c295c6c8dd2f2349d2e2,cc2a89dfcdc2a8105496715372ccd4c002c02978,True
results/R3_C2_Yang_SA_depth/R3_C2_2C_FIX/_field_try/h11.mod,829f5086211499e2b24ca6576c9ca52cf9a88fbfd9884bdcb103339d5c207961,829f5086211499e2b24ca6576c9ca52cf9a88fbfd9884bdcb103339d5c207961,d150a69d14312573096ddd903e02397af9df4747,False
results/R3_C2_Yang_SA_depth/R3_C2_2C_FIX/_field_try/h11.shd,3582a13f40616656f006b6a38ed22be03ceffaead9ca792136b3706cf279d1b1,3582a13f40616656f006b6a38ed22be03ceffaead9ca792136b3706cf279d1b1,0def6a93ba6a3c02c9798a024cb8dd5a0c4314e4,False
results/R3_C2_Yang_SA_depth/R3_C2_2C_FIX/_field_try/h12.env,0c04541574772ac9e3eb019f0d629bc58e70ebdbc2ba15dd445cfc91bae34b78,d6537fde7bfb194583ce4b7d04df7c1ad91b3b257752419177b6a8579a3b2e0a,2bef3e8eea316adcc0408db0d973e8f0c36bacab,True
results/R3_C2_Yang_SA_depth/R3_C2_2C_FIX/_field_try/h12.flp,845287786672c768001afc3b5101a88a6bf0f17c9ba2523dd079b71870ea0dba,c5e721b245fc37d5a755ea8bd130fcc9cb99ffce940053eee668d7c500f392ed,189e418be80000eb317472899d8dadacde21a3e1,True
results/R3_C2_Yang_SA_depth/R3_C2_2C_FIX/_field_try/h12.mod,829f5086211499e2b24ca6576c9ca52cf9a88fbfd9884bdcb103339d5c207961,829f5086211499e2b24ca6576c9ca52cf9a88fbfd9884bdcb103339d5c207961,d150a69d14312573096ddd903e02397af9df4747,False
results/R3_C2_Yang_SA_depth/R3_C2_2C_FIX/_field_try/h13.env,0c04541574772ac9e3eb019f0d629bc58e70ebdbc2ba15dd445cfc91bae34b78,d6537fde7bfb194583ce4b7d04df7c1ad91b3b257752419177b6a8579a3b2e0a,2bef3e8eea316adcc0408db0d973e8f0c36bacab,True
results/R3_C2_Yang_SA_depth/R3_C2_2C_FIX/_field_try/h13.flp,39f1e1f7caec14cb72d2a85e7851d6f622a1ffe1311c56934a35ac495566e749,39648528674fd61c8fb3eacb39889d418962d27a178f1f4fe4f0c4903b8bfdb1,8acf9256474846361743a60e490c1c48a53651a8,True
results/R3_C2_Yang_SA_depth/R3_C2_2C_FIX/_field_try/h13.mod,829f5086211499e2b24ca6576c9ca52cf9a88fbfd9884bdcb103339d5c207961,829f5086211499e2b24ca6576c9ca52cf9a88fbfd9884bdcb103339d5c207961,d150a69d14312573096ddd903e02397af9df4747,False
results/R3_C2_Yang_SA_depth/R3_C2_2C_FIX/_field_try/h14.env,0c04541574772ac9e3eb019f0d629bc58e70ebdbc2ba15dd445cfc91bae34b78,d6537fde7bfb194583ce4b7d04df7c1ad91b3b257752419177b6a8579a3b2e0a,2bef3e8eea316adcc0408db0d973e8f0c36bacab,True
results/R3_C2_Yang_SA_depth/R3_C2_2C_FIX/_field_try/h14.flp,eb3c35dbf2a7d71a6a354c172a81958bc55bf5674b948d2dae8ffa45fb1b5e93,768dfa9d45890ba7fe3bfdbcefdb1733c7d8579ca666a40e6ff8cb3d2c7cd17c,885b79be0a4806dd00bf1757f44ba2236571b405,True
results/R3_C2_Yang_SA_depth/R3_C2_2C_FIX/_field_try/h14.mod,829f5086211499e2b24ca6576c9ca52cf9a88fbfd9884bdcb103339d5c207961,829f5086211499e2b24ca6576c9ca52cf9a88fbfd9884bdcb103339d5c207961,d150a69d14312573096ddd903e02397af9df4747,False
results/R3_C2_Yang_SA_depth/R3_C2_2C_FIX/_field_try/h14.shd,3582a13f40616656f006b6a38ed22be03ceffaead9ca792136b3706cf279d1b1,3582a13f40616656f006b6a38ed22be03ceffaead9ca792136b3706cf279d1b1,0def6a93ba6a3c02c9798a024cb8dd5a0c4314e4,False
results/R3_C2_Yang_SA_depth/R3_C2_2C_FIX/_field_try/h15.env,0c04541574772ac9e3eb019f0d629bc58e70ebdbc2ba15dd445cfc91bae34b78,d6537fde7bfb194583ce4b7d04df7c1ad91b3b257752419177b6a8579a3b2e0a,2bef3e8eea316adcc0408db0d973e8f0c36bacab,True
results/R3_C2_Yang_SA_depth/R3_C2_2C_FIX/_field_try/h15.flp,33a4b4f10a2283d798c0b8a872ccac8123d581aabf07b5d71e4bd98d6810357f,0792f4bd9b4c1495946cc30baa5e345fafae7ee32b3b6a3b8a657d7ec69aa866,923614ab87330dcd1b73f583baf00fcb0de20dbe,True
results/R3_C2_Yang_SA_depth/R3_C2_2C_FIX/_field_try/h15.mod,829f5086211499e2b24ca6576c9ca52cf9a88fbfd9884bdcb103339d5c207961,829f5086211499e2b24ca6576c9ca52cf9a88fbfd9884bdcb103339d5c207961,d150a69d14312573096ddd903e02397af9df4747,False
results/R3_C2_Yang_SA_depth/R3_C2_2C_FIX/_field_try/h15.shd,ed9987d2b404814bcce823b7ea01d309038d4936b9212df8576ec5c691f184df,ed9987d2b404814bcce823b7ea01d309038d4936b9212df8576ec5c691f184df,ee5e2c88fe0ee789d6cb910e21af9f9196104fc6,False
results/R3_C2_Yang_SA_depth/R3_C2_2C_FIX/_field_try/h16.env,0c04541574772ac9e3eb019f0d629bc58e70ebdbc2ba15dd445cfc91bae34b78,d6537fde7bfb194583ce4b7d04df7c1ad91b3b257752419177b6a8579a3b2e0a,2bef3e8eea316adcc0408db0d973e8f0c36bacab,True
results/R3_C2_Yang_SA_depth/R3_C2_2C_FIX/_field_try/h16.flp,536b96e433e62f04d036f3fcb6c66932a5a801d4092e9f1aefbf4c8f875a4193,51e3ef2e8e5ba3f0421506a9d7f8fe16aac5a8a6acbec7788dd1d98c912957ce,37cd63e20c696c23e81d0fab18b459dc82572d2a,True
results/R3_C2_Yang_SA_depth/R3_C2_2C_FIX/_field_try/h16.mod,829f5086211499e2b24ca6576c9ca52cf9a88fbfd9884bdcb103339d5c207961,829f5086211499e2b24ca6576c9ca52cf9a88fbfd9884bdcb103339d5c207961,d150a69d14312573096ddd903e02397af9df4747,False
results/R3_C2_Yang_SA_depth/R3_C2_2C_FIX/_field_try/h2.flp,2c606ce6d51efb26ec6de8d3c9091ebce0e4d7e9a1455f20bab8d785b5b2f886,a3624191338a025e0a671028927ae49b2e789b67f48c2429e31fc286c5fe016d,6c56cebc3c4eb14d3c10dcd5e3e4e5d3c99ad63f,True
results/R3_C2_Yang_SA_depth/R3_C2_2C_FIX/_field_try/h2.mod,829f5086211499e2b24ca6576c9ca52cf9a88fbfd9884bdcb103339d5c207961,829f5086211499e2b24ca6576c9ca52cf9a88fbfd9884bdcb103339d5c207961,d150a69d14312573096ddd903e02397af9df4747,False
results/R3_C2_Yang_SA_depth/R3_C2_2C_FIX/_field_try/h3.flp,0b2e17e1cbf06b7b2df50cb45baa66f2933588023bd25bcf510923b312f78f38,012d186f0b6e70aa6309f1d5174406ce4bc183ff74831688d642fc2cf88da25c,89664742a8a32b10488a542d84caade57a58b2ba,True
results/R3_C2_Yang_SA_depth/R3_C2_2C_FIX/_field_try/h3.mod,829f5086211499e2b24ca6576c9ca52cf9a88fbfd9884bdcb103339d5c207961,829f5086211499e2b24ca6576c9ca52cf9a88fbfd9884bdcb103339d5c207961,d150a69d14312573096ddd903e02397af9df4747,False
results/R3_C2_Yang_SA_depth/R3_C2_2C_FIX/_field_try/h4.flp,2042aad3998268a795f01a612b7d023026cb688347a39500ae5a4ed7cd0410d1,86bc6fc8dbf5d2c6594b1266a1b9707e12ea7c752483af7dc218f5cd4bf901eb,049655589435c9982f7be10d03ed2b15834e9edc,True
results/R3_C2_Yang_SA_depth/R3_C2_2C_FIX/_field_try/h4.mod,829f5086211499e2b24ca6576c9ca52cf9a88fbfd9884bdcb103339d5c207961,829f5086211499e2b24ca6576c9ca52cf9a88fbfd9884bdcb103339d5c207961,d150a69d14312573096ddd903e02397af9df4747,False
results/R3_C2_Yang_SA_depth/R3_C2_2C_FIX/_field_try/h5.env,0c04541574772ac9e3eb019f0d629bc58e70ebdbc2ba15dd445cfc91bae34b78,d6537fde7bfb194583ce4b7d04df7c1ad91b3b257752419177b6a8579a3b2e0a,2bef3e8eea316adcc0408db0d973e8f0c36bacab,True
results/R3_C2_Yang_SA_depth/R3_C2_2C_FIX/_field_try/h5.flp,51f2f277e060a05092aade32ca1a90ce80dcf0d0175a22417c059cc422a65f4e,9342631c569db7f2becf62e82b7ade8b621cba8c930393def46640352a81d36b,1201c3bda77130a7ce03a102ebb434257fa9472a,True
results/R3_C2_Yang_SA_depth/R3_C2_2C_FIX/_field_try/h5.mod,829f5086211499e2b24ca6576c9ca52cf9a88fbfd9884bdcb103339d5c207961,829f5086211499e2b24ca6576c9ca52cf9a88fbfd9884bdcb103339d5c207961,d150a69d14312573096ddd903e02397af9df4747,False
results/R3_C2_Yang_SA_depth/R3_C2_2C_FIX/_field_try/h6.env,0c04541574772ac9e3eb019f0d629bc58e70ebdbc2ba15dd445cfc91bae34b78,d6537fde7bfb194583ce4b7d04df7c1ad91b3b257752419177b6a8579a3b2e0a,2bef3e8eea316adcc0408db0d973e8f0c36bacab,True
results/R3_C2_Yang_SA_depth/R3_C2_2C_FIX/_field_try/h6.flp,bae993c5e9e45c7611c97cb9e0b767e2da141183bd22e515878a9d117f2ff5b6,1e2c245a5fe41db1f0c18c57d9d022c6f9ed26972f8d14ef98b560e71a1acc99,8d4f84e1a985b0df3f6ea6738aa7a40a9caaa1c5,True
results/R3_C2_Yang_SA_depth/R3_C2_2C_FIX/_field_try/h6.mod,829f5086211499e2b24ca6576c9ca52cf9a88fbfd9884bdcb103339d5c207961,829f5086211499e2b24ca6576c9ca52cf9a88fbfd9884bdcb103339d5c207961,d150a69d14312573096ddd903e02397af9df4747,False
results/R3_C2_Yang_SA_depth/R3_C2_2C_FIX/_field_try/h7.env,0c04541574772ac9e3eb019f0d629bc58e70ebdbc2ba15dd445cfc91bae34b78,d6537fde7bfb194583ce4b7d04df7c1ad91b3b257752419177b6a8579a3b2e0a,2bef3e8eea316adcc0408db0d973e8f0c36bacab,True
results/R3_C2_Yang_SA_depth/R3_C2_2C_FIX/_field_try/h7.flp,e4941bba57f68d5734f0eed31b5fe6f27d342a90eec0ea9b3eeb8a42501b66ac,b2c8c041ed8cbbeffcbb9a12b21e7d78316441f048a1c82c03b7fb23df5017a3,af0e251aa319934896429ebad61d6b3f3f40d115,True
results/R3_C2_Yang_SA_depth/R3_C2_2C_FIX/_field_try/h7.mod,829f5086211499e2b24ca6576c9ca52cf9a88fbfd9884bdcb103339d5c207961,829f5086211499e2b24ca6576c9ca52cf9a88fbfd9884bdcb103339d5c207961,d150a69d14312573096ddd903e02397af9df4747,False
results/R3_C2_Yang_SA_depth/R3_C2_2C_FIX/_field_try/h8.env,0c04541574772ac9e3eb019f0d629bc58e70ebdbc2ba15dd445cfc91bae34b78,d6537fde7bfb194583ce4b7d04df7c1ad91b3b257752419177b6a8579a3b2e0a,2bef3e8eea316adcc0408db0d973e8f0c36bacab,True
results/R3_C2_Yang_SA_depth/R3_C2_2C_FIX/_field_try/h8.flp,6f6a8d0bbdbb889e3a96b7afc65a100c30a89b95fb1fd80162e762dd2c69e6be,78b4c05469ceebd4f01d3aa4a8acf4c8d3269d1beea7becbb482b25c0dc0c10e,1be473e6aa47c4394c77f0aa835dfb85974335bd,True
results/R3_C2_Yang_SA_depth/R3_C2_2C_FIX/_field_try/h8.mod,829f5086211499e2b24ca6576c9ca52cf9a88fbfd9884bdcb103339d5c207961,829f5086211499e2b24ca6576c9ca52cf9a88fbfd9884bdcb103339d5c207961,d150a69d14312573096ddd903e02397af9df4747,False
results/R3_C2_Yang_SA_depth/R3_C2_2C_FIX/_field_try/h9.env,0c04541574772ac9e3eb019f0d629bc58e70ebdbc2ba15dd445cfc91bae34b78,d6537fde7bfb194583ce4b7d04df7c1ad91b3b257752419177b6a8579a3b2e0a,2bef3e8eea316adcc0408db0d973e8f0c36bacab,True
results/R3_C2_Yang_SA_depth/R3_C2_2C_FIX/_field_try/h9.flp,7bb326c08bc6a85ee3d06ef0502463784fdeea62bbd6735c70163b56e322ea7b,582b3ecdcd1ee9858de518443248e5f8239cf5a22889722672089f6d136c8d67,f1165c52ccd3d7a39b56d53f75690b1c7c43933a,True
results/R3_C2_Yang_SA_depth/R3_C2_2C_FIX/_field_try/h9.mod,829f5086211499e2b24ca6576c9ca52cf9a88fbfd9884bdcb103339d5c207961,829f5086211499e2b24ca6576c9ca52cf9a88fbfd9884bdcb103339d5c207961,d150a69d14312573096ddd903e02397af9df4747,False
results/R3_C2_Yang_SA_depth/R3_C2_2C_FIX/_field_try/try.mod,829f5086211499e2b24ca6576c9ca52cf9a88fbfd9884bdcb103339d5c207961,829f5086211499e2b24ca6576c9ca52cf9a88fbfd9884bdcb103339d5c207961,d150a69d14312573096ddd903e02397af9df4747,False
results/R3_C2_Yang_SA_depth/R3_C2_2C_FIX/_field_work/field.prt,15516f8c7c33e15937e334c37658e36fb6d663fe0bae7c6c4d15b2a3256eea85,4161794964921c44385bfb25c0580822af1d4f2e20ddb4a557e12eaf27b15e22,70b2362e091964018ec14673b8db26a58a5457bd,True
results/R3_C2_Yang_SA_depth/R3_C2_2C_FIX/_field_work/fld_zs4_zr18.env,9884ae86526d21321c73a35751f2f2515675e4cfe826bda1313c772d7affed57,9a1809ab5c33fb54cf554e3f74630f4a6f3b83154e8be822c4938999e3a5818c,22ab093b1e866d660f89c844cd42293ed08d96c8,True
results/R3_C2_Yang_SA_depth/R3_C2_2C_FIX/_field_work/fld_zs4_zr18.flp,9b61d2466b3a08e2b014e49af3f591e7f3510acd3391fda772b32a355180c3c4,6effa1d7b0f2e56087b0d9dd4a44c2068d4cf1ca9f0318affafdf7470023cd65,4bb89a1497848e3b29c63dc649f00fb359ac8d2f,True
results/R3_C2_Yang_SA_depth/R3_C2_2C_FIX/_field_work/fld_zs4_zr18.mod,829f5086211499e2b24ca6576c9ca52cf9a88fbfd9884bdcb103339d5c207961,829f5086211499e2b24ca6576c9ca52cf9a88fbfd9884bdcb103339d5c207961,d150a69d14312573096ddd903e02397af9df4747,False
results/R3_C2_Yang_SA_depth/R3_C2_2C_FIX/_field_work/fld_zs4_zr18.shd,8b7ad6d2c8cce96276640583e9f8a6d269e7db369e79702dc06f97df45f1abe1,8b7ad6d2c8cce96276640583e9f8a6d269e7db369e79702dc06f97df45f1abe1,075e5c2baaf9f194600a6a61703ad2068d5a69eb,False
results/R3_C2_Yang_SA_depth/R3_C2_2C_FIX/_field_work/fld_zs4_zr70.env,c2d32600f4391f0c39a3c13f826da2833108ac925dd6ac07381b85a237449328,1f4c943646677be222bd7176f12d8a763d120c5e22e8bfe9bad5aa49e2e58857,395f23ba88d38b96aec7763bf16aec7fce5262f5,True
results/R3_C2_Yang_SA_depth/R3_C2_2C_FIX/_field_work/fld_zs4_zr70.flp,fe34f66b73e7e47453fd0390f317eec669d8cac9da4ae76bf25788c41d669f21,ea151d6987e29c8748b7366a545bf7b93b2acb0bd6d4403a6d948e41e8769b77,b3e97e82fc085e664b60f299d72dc9c7979efe7d,True
results/R3_C2_Yang_SA_depth/R3_C2_2C_FIX/_field_work/fld_zs4_zr70.mod,829f5086211499e2b24ca6576c9ca52cf9a88fbfd9884bdcb103339d5c207961,829f5086211499e2b24ca6576c9ca52cf9a88fbfd9884bdcb103339d5c207961,d150a69d14312573096ddd903e02397af9df4747,False
results/R3_C2_Yang_SA_depth/R3_C2_2C_FIX/_field_work/fld_zs4_zr70.shd,6b3acecb1097a73433e31c1f404ad0f9979772af7527f6bc6b4e1192e39818f3,6b3acecb1097a73433e31c1f404ad0f9979772af7527f6bc6b4e1192e39818f3,94a67bd846a11a853b64ff8ef44b0a116073f798,False
results/R3_C2_Yang_SA_depth/R3_C2_2C_FIX/_field_work/fld_zs50_zr18.env,dc925c1b9d70c056cc296bb594f5293c5c2a28f23c16048d1efeeafbd138b8f8,630a673a677d983ae5cbf8f1a0244134d024140bee142e7000ac7adaacf07a74,797edb5a9de40d245cf92ae1764aeba4befc5139,True
results/R3_C2_Yang_SA_depth/R3_C2_2C_FIX/_field_work/fld_zs50_zr18.flp,77d27cd939c230b5758fa979ba6455db1b39afb7bf8b75d6067cb586bfc906c6,110a5cb346cedcc5d422f88bb83ace9047aa3b90508590a0dca48363e03b0655,031e97905e1505c915831023093d141c554a7c11,True
results/R3_C2_Yang_SA_depth/R3_C2_2C_FIX/_field_work/fld_zs50_zr18.mod,829f5086211499e2b24ca6576c9ca52cf9a88fbfd9884bdcb103339d5c207961,829f5086211499e2b24ca6576c9ca52cf9a88fbfd9884bdcb103339d5c207961,d150a69d14312573096ddd903e02397af9df4747,False
results/R3_C2_Yang_SA_depth/R3_C2_2C_FIX/_field_work/fld_zs50_zr18.shd,792b3e69b37fc8c457adfa8890b2ac4cbf512194aabd2a10e2601981a73a5c9c,792b3e69b37fc8c457adfa8890b2ac4cbf512194aabd2a10e2601981a73a5c9c,d1648f20e007aabc7dc9488554c05753e02f9258,False
results/R3_C2_Yang_SA_depth/R3_C2_2C_FIX/_field_work/fld_zs50_zr70.env,bd56c92a3e2d280b97916844cf99c5b50ed7396f9ac90717a297aafcc5ff13cc,c9f64314a9199bf4b1359afdf2ccf0455c369d541a2fc2d5dfa1dd9104eec881,408f8f99e2f4490111fe69c362fd4fd2008b8ec7,True
results/R3_C2_Yang_SA_depth/R3_C2_2C_FIX/_field_work/fld_zs50_zr70.flp,8c1fbe38ca562ac128f9df10220215ace574c9f99b6709613c3cfb7a072964cd,0a33d11276abdf66b5511cb783a7cae409083007497504927daa449c7e3e2b4d,532baf597404484421b8d7655f27178eb64fc7b1,True
results/R3_C2_Yang_SA_depth/R3_C2_2C_FIX/_field_work/fld_zs50_zr70.mod,829f5086211499e2b24ca6576c9ca52cf9a88fbfd9884bdcb103339d5c207961,829f5086211499e2b24ca6576c9ca52cf9a88fbfd9884bdcb103339d5c207961,d150a69d14312573096ddd903e02397af9df4747,False
results/R3_C2_Yang_SA_depth/R3_C2_2C_FIX/_field_work/fld_zs50_zr70.shd,8e482a477971c54c85d68066a61bb14159dff8a985e57db961557a81aa6e2ad2,8e482a477971c54c85d68066a61bb14159dff8a985e57db961557a81aa6e2ad2,d89a5063300d8528c9c3f795641af98e6f24b5e5,False
results/R3_C2_Yang_SA_depth/R3_C2_2C_FIX/_report_append.md,a6b5aab0d1d298efb126cda7532d2c3d314855dbb186ee9401f4c5ba065c5637,f8d1ec091ce3cbff8cd88aea3feb09266e7fed3acd728352635ed1cb9816b076,e03760f962b14563cb53a0f1671675527c8e754d,True
results/R3_C2_Yang_SA_depth/R3_C2_2C_FIX/field_vs_modesum_check_FIXED.csv,f2ced1a334773cec8b3050dd2cc26f3b15e572640b847a6c7761d8dd99550d5a,6a12b36f0238a7bcad0bea5ef57bf5b14a9676be2a03c9488c9b5447dc581c59,b62492a26c1e726680fa0769c2ceee5b806a820d,True
results/R3_C2_Yang_SA_depth/R3_C2_2C_FIX/figures/depth_selected_zr18.svg,e48767ac9e2a1598ade92e84c9846d565bc9aca92cee597158271424a5ad89f4,bc287ff237cd5bc5f27b864c9f21e4c410ebbcc6367a6a0f3eb3d162b450b908,6e146bb197d9f9687e97962880f249815074232d,True
results/R3_C2_Yang_SA_depth/R3_C2_2C_FIX/figures/depth_selected_zr70.svg,d418454657a26fae4c908b3377e488821ca9c7cc2d359c61c7a87277a5b247ad,cc0d2126940c8153abd1b829d0a543ff226a50216194240b8ef771c52355c4ba,7677b1981587e1536d9948cde9773c190b8aca78,True
results/R3_C2_Yang_SA_depth/R3_C2_2C_FIX/figures/field_vs_modesum.svg,0a7750515d7c86c00769c2a4a016256f561ade0e31ae961ccc08f3bf574dbc53,89d28c663842d2092b76c8dc609cab04ae40e8b4a0b7782cbf88537906fe501b,658731f4f367e1cd40e2de3bd82613060d6f97e3,True
results/R3_C2_Yang_SA_depth/R3_C2_2C_FIX/figures/spectrum_peaks_zs4_zr18.svg,aef023e6c07fa35421a7d0ba657c7c8e5a68f7eed64a02c52f61367afbdfa987,5ac3def4ca6a75803ad699191a4049ef25f84a496b6659484df1bf967c9461ea,c784771ead2fe29d33f69811180db602ed32457f,True
results/R3_C2_Yang_SA_depth/R3_C2_2C_FIX/figures/spectrum_peaks_zs4_zr70.svg,b5cc68db3fb2ba5eccbdf2f6020f88836211e2e3b84239a8a993efc493b0da3a,e31aa602303d0ec4a4677793af86b9c1ab74dc8a3893c7d704f2d9ecb816a189,788e4660c34aee00ba3a3f2695e557058118aaa5,True
results/R3_C2_Yang_SA_depth/R3_C2_2C_FIX/figures/spectrum_peaks_zs50_zr18.svg,9258fd3676ea02d94ff95e7e02775e3a897c825e2a1507364116143765064044,f12c430a653130c50dca6dc9bf3cf45b48b88d223e5e307b322a36d6f5d4ef13,9878a2b37615cc1a5cef9695f669ccd4c27985c4,True
results/R3_C2_Yang_SA_depth/R3_C2_2C_FIX/figures/spectrum_peaks_zs50_zr70.svg,d2aaa96a9b73385c698b4fd67de4ebdefa95e53da67197abbf1b89d8114b3214,3d01e654b71dcf9ea85b1b44db2efc16d477fd27e06d3e82f902155340a882c7,066fde4423b8e70927b53e174411ff3d9c090f61,True
results/R3_C2_Yang_SA_depth/R3_C2_2C_FIX/kraken_alpha_mapping_FIXED.csv,bd04410e11dbeaee539d8af82039de5ec9186cec99c8a3106ecb66133a1ebd88,f1f14f9ebe76b5fec24f07dfcf45aba50899057d51d3431c6d5ab9f913bc8e8e,23aca4507b90537326009087e2fac7e40fb62d3f,True
results/R3_C2_Yang_SA_depth/R3_C2_2C_FIX/paper_depth_ambiguity_FULL_MODE_UPPER.csv,fc09d423950c65f13627e5918d895f8d4a6f5a35cb625210271f46b97d6e1c49,61a34de09738720507ec7ecf2705cf4bd2be6a09eb5aef45c40bd73988bc0311,7f3038441324046be8385f1be1412161b824e94e,True
results/R3_C2_Yang_SA_depth/R3_C2_2C_FIX/paper_depth_ambiguity_SELECTED.csv,8b563071a42ee7823de75bcfdb3eba39ee56be42ca9f9432d606e0fda09e43a9,328924dba6b677355012e9b62b10d881dbdb14327075bc23cb9984f99bc80105,a8f9edbc73f4cc50adb4c6e42e897eb063eea204,True
results/R3_C2_Yang_SA_depth/R3_C2_2C_FIX/paper_detected_peaks_FIXED.csv,0498b55b12d61f43242b29a4597a7c52a12f68c5264d34188fafd7f64044a7c6,69158f7686b81f29c355cd71bd834b7954127446e16a5282414b90fa4681a62a,ac7522e55fd9328327f2e8a7a38416c62d413ca0,True
results/R3_C2_Yang_SA_depth/R3_C2_2C_FIX/paper_oracle_mode_mapping_FIXED.csv,d2f1bb964755b91ef9e5e25729a348ed2cdb9c6c4acacdeaa211465359b1d09e,0bc1b703eb2472407c3453c44cfba995f9fde9b4a74c51b8a317eead8e940eab,c50ecc4d3ecaf723d8d3bd739a92a3c59a9244e6,True
results/R3_C2_Yang_SA_depth/R3_C2_2C_FIX/paper_repro_case_matrix_FIXED.csv,131978280bc376c3a0e57f6b14ff71789721f8530aa3a4a03c461c2c1a7c42e3,7b5e08759826146375310e6b6ac70a208e493827c9609b02fab7ce4fd41bb767,57e4bc80489404a6877fba0e9186febd99ded9c2,True
results/R3_C2_Yang_SA_depth/R3_C2_2C_FIX/peak_prominence_sensitivity.csv,b143282825d360132f6cff16d5fe95d262cdbf15f0f9dffa3a7d8ed2b4213414,e9d5baa879480d6fa7e8afbce041dde3cd6b7e0e955caf5f71dcc859883c51b7,141ef446ab6150a5ce16212e0e9f1e528bbd9dca,True
results/R3_C2_Yang_SA_depth/R3_C2_2C_FIX/shading_sensitivity_FIXED.csv,96289add963b6e05587e2278e387bdde40accd9ebc12d2708c8bb725610e0a8c,873d80de4dfe5f1e02f56970a87cf66fa41c2b3b6ae5ddc2e2f7fc232d655a39,ab9449b57ae1fb4e56f7bc3e27c6127d48baef5b,True
results/R3_C2_Yang_SA_depth/R3_C2_2C_FIX2/R3_C2_2C_FIX2_CONFIG.json,dc6ad0369110472c6fb4cc197571739eb0ed618a98d59d4881e9ccaed4d90bde,1aedf16a471e3f35c3b8d8ea5c6a42dfff3bad9bae312408b1e248393a1916b9,4a2a4b398cf88759334e13706d2bd1737e68ba93,True
results/R3_C2_Yang_SA_depth/R3_C2_2C_FIX2/R3_C2_2C_FIX2_DECISION.json,b15fe1685d733b2056cb119800fbf824c4c260b828ec125ddfb72a011977a1a2,dd62fa400d1a8d75cda8479814c766c9ba8393c215d27a54f70c2b521e5c2b24,a8cff5188ac475b20f4ede6c4c7943bde37e973a,True
results/R3_C2_Yang_SA_depth/R3_C2_2C_FIX2/R3_C2_2C_FIX2_GPT_SYNC.md,1f324810695d077b798a325b05f032b6d090a8a806da622056bc2391805fb071,1f324810695d077b798a325b05f032b6d090a8a806da622056bc2391805fb071,e308b6b37dfa975b3d00464ed09a3883c5ca2b41,False
results/R3_C2_Yang_SA_depth/R3_C2_2C_FIX2/R3_C2_2C_FIX2_REPORT.md,bc0d6e87741cf7116e6fb3ce64af108c42ffcc9cce8ece826e814699dd799d69,99dca0b2de3e338a950dfa9918aec27372072cf4f5e31f06989829041ffe8e43,9a49edd35cb6b6706ef6d3fc4f8b93d2edf70b74,True
results/R3_C2_Yang_SA_depth/R3_C2_2C_FIX2/_field/a1.flp,d0c7550a24c94143f89dc77cb38c9c6c63568eef90137ea9963283dcc88950d6,466cbcfe6c46fdefb288bab8cd5a02a9e06d8edc1d88dad17c47300ff7167a03,b0e815fd251e0f9eb9c7e3e22f236a82552d1044,True
results/R3_C2_Yang_SA_depth/R3_C2_2C_FIX2/_field/a1.mod,829f5086211499e2b24ca6576c9ca52cf9a88fbfd9884bdcb103339d5c207961,829f5086211499e2b24ca6576c9ca52cf9a88fbfd9884bdcb103339d5c207961,d150a69d14312573096ddd903e02397af9df4747,False
results/R3_C2_Yang_SA_depth/R3_C2_2C_FIX2/_field/a2.flp,72983518637c4b638c0a638610cc11515b5295c2e11ed8a5739c63af31380868,7d8bcb8e17f34ed563ba2920ced828972be613710913478c7f232dcf733685ef,96079818b1f91eedcc13aa4f35ffdaee6dd3eee9,True
results/R3_C2_Yang_SA_depth/R3_C2_2C_FIX2/_field/a2.mod,829f5086211499e2b24ca6576c9ca52cf9a88fbfd9884bdcb103339d5c207961,829f5086211499e2b24ca6576c9ca52cf9a88fbfd9884bdcb103339d5c207961,d150a69d14312573096ddd903e02397af9df4747,False
results/R3_C2_Yang_SA_depth/R3_C2_2C_FIX2/_field/a3.flp,2854fdbff4c11c2e4a9968cf20aab8c7c2826c497a840dc8b0cfadb2a541a436,f7379b323844f748353818228919d2b8ecd78196f5845b8b984f7bcd16addde3,b6d599069d5d34212d624146814a686cbd989c08,True
results/R3_C2_Yang_SA_depth/R3_C2_2C_FIX2/_field/a3.mod,829f5086211499e2b24ca6576c9ca52cf9a88fbfd9884bdcb103339d5c207961,829f5086211499e2b24ca6576c9ca52cf9a88fbfd9884bdcb103339d5c207961,d150a69d14312573096ddd903e02397af9df4747,False
results/R3_C2_Yang_SA_depth/R3_C2_2C_FIX2/_field/a4.flp,c3b393363e3e90f24bf89642395f4fdba28cb93f0da258e5521993cfdab24285,889bfde9676fdd0fab3aa8a5451b06b613f31a0857acbfef4e22eeaa323d7482,57703bcf1b55f2b017a10021a01f13f43ea9189a,True
results/R3_C2_Yang_SA_depth/R3_C2_2C_FIX2/_field/a4.mod,829f5086211499e2b24ca6576c9ca52cf9a88fbfd9884bdcb103339d5c207961,829f5086211499e2b24ca6576c9ca52cf9a88fbfd9884bdcb103339d5c207961,d150a69d14312573096ddd903e02397af9df4747,False
results/R3_C2_Yang_SA_depth/R3_C2_2C_FIX2/_field/field.prt,9619261c4be139b0fbedcb46e605efc20f0976737137c9aa38345e7708070691,41ec8da5ee88074389cff6997e9373a059d33531ede5c7b4d5d092398c62445a,ed0ae5e1a11566c0783427ae1d4af15266147269,True
results/R3_C2_Yang_SA_depth/R3_C2_2C_FIX2/_field/mc_M1.env,c503d090e6c4583c251e04f5a2db0b9b459a85d687e944094a853adb876fe773,d1ac459b37e87d64159fc82b82ce1e1f21bbd7d4267c2a6d376cc5104d4640b8,6b80919b6e42f0cbdcdfd346d9a68296b32060e1,True
results/R3_C2_Yang_SA_depth/R3_C2_2C_FIX2/_field/mc_M1.flp,74d8581e53c32857d5e4b0599faf74f7ff3ee6fb9ecf030649d4b50e63654f16,6708b3b976b9547105c97eaee79d1cc2af9eca2123e350c44e5aaa8d8ba3f77f,0cf6d33b5a309b0553362b639bf6b72d52234a70,True
results/R3_C2_Yang_SA_depth/R3_C2_2C_FIX2/_field/mc_M1.mod,829f5086211499e2b24ca6576c9ca52cf9a88fbfd9884bdcb103339d5c207961,829f5086211499e2b24ca6576c9ca52cf9a88fbfd9884bdcb103339d5c207961,d150a69d14312573096ddd903e02397af9df4747,False
results/R3_C2_Yang_SA_depth/R3_C2_2C_FIX2/_field/mc_M1.shd,7e5dce54f35f3bb83380458c00f5111d4f5e6553710c426f5365faffc657c807,7e5dce54f35f3bb83380458c00f5111d4f5e6553710c426f5365faffc657c807,232ead1dcb0b1817eb8614586865f9fa1861a383,False
results/R3_C2_Yang_SA_depth/R3_C2_2C_FIX2/_field/mc_M16.env,c503d090e6c4583c251e04f5a2db0b9b459a85d687e944094a853adb876fe773,d1ac459b37e87d64159fc82b82ce1e1f21bbd7d4267c2a6d376cc5104d4640b8,6b80919b6e42f0cbdcdfd346d9a68296b32060e1,True
results/R3_C2_Yang_SA_depth/R3_C2_2C_FIX2/_field/mc_M16.flp,ff8c164512b1a20dc2c58f13b8869ce71848cf0353e1269b346866cf59a488ce,c84c489b4797069bf047e32dc277e48dfd58399e0bce507678a5a70f74c4fc95,88b5b835b795f63d6a1236a30086133d92c70569,True
results/R3_C2_Yang_SA_depth/R3_C2_2C_FIX2/_field/mc_M16.mod,829f5086211499e2b24ca6576c9ca52cf9a88fbfd9884bdcb103339d5c207961,829f5086211499e2b24ca6576c9ca52cf9a88fbfd9884bdcb103339d5c207961,d150a69d14312573096ddd903e02397af9df4747,False
results/R3_C2_Yang_SA_depth/R3_C2_2C_FIX2/_field/mc_M16.shd,6735510107efc1600d72be37b83ee406927307f1676eb8b4679e327af96a58f7,6735510107efc1600d72be37b83ee406927307f1676eb8b4679e327af96a58f7,34a17f1777895ccd6ab90e7aabfde759a08221d4,False
results/R3_C2_Yang_SA_depth/R3_C2_2C_FIX2/_field/mc_M2.env,c503d090e6c4583c251e04f5a2db0b9b459a85d687e944094a853adb876fe773,d1ac459b37e87d64159fc82b82ce1e1f21bbd7d4267c2a6d376cc5104d4640b8,6b80919b6e42f0cbdcdfd346d9a68296b32060e1,True
results/R3_C2_Yang_SA_depth/R3_C2_2C_FIX2/_field/mc_M2.flp,02fe8bec74fa8e89bcfd919cc19d16268b3b47ceb2c8f1ab64efb1e6f8569257,2580b472955dfa694415363ae60a86fef7a334a34ccbb8bb69216d9a3dc343f8,113fc617e06f896dccdc481f20cbc5b9cd44f7ff,True
results/R3_C2_Yang_SA_depth/R3_C2_2C_FIX2/_field/mc_M2.mod,829f5086211499e2b24ca6576c9ca52cf9a88fbfd9884bdcb103339d5c207961,829f5086211499e2b24ca6576c9ca52cf9a88fbfd9884bdcb103339d5c207961,d150a69d14312573096ddd903e02397af9df4747,False
results/R3_C2_Yang_SA_depth/R3_C2_2C_FIX2/_field/mc_M2.shd,d50c7f17e4b487017f1a36e346cdf9f4287e22d78be180d16f877cd0263b5fc6,d50c7f17e4b487017f1a36e346cdf9f4287e22d78be180d16f877cd0263b5fc6,b991a503a1bd58000d79235bb2b60540e4959011,False
results/R3_C2_Yang_SA_depth/R3_C2_2C_FIX2/_field/mc_M23.env,c503d090e6c4583c251e04f5a2db0b9b459a85d687e944094a853adb876fe773,d1ac459b37e87d64159fc82b82ce1e1f21bbd7d4267c2a6d376cc5104d4640b8,6b80919b6e42f0cbdcdfd346d9a68296b32060e1,True
results/R3_C2_Yang_SA_depth/R3_C2_2C_FIX2/_field/mc_M23.flp,6b151ce6f457837cc1abec55be928d6f6ea86eeb55508f647f603be252ee0415,e286ea8b01963bc52a82e8f85d298c004520e64380fbe27fc686895ec14c3d44,2da18ec13e763d88b89cfd8099477337c2ea7422,True
results/R3_C2_Yang_SA_depth/R3_C2_2C_FIX2/_field/mc_M23.mod,829f5086211499e2b24ca6576c9ca52cf9a88fbfd9884bdcb103339d5c207961,829f5086211499e2b24ca6576c9ca52cf9a88fbfd9884bdcb103339d5c207961,d150a69d14312573096ddd903e02397af9df4747,False
results/R3_C2_Yang_SA_depth/R3_C2_2C_FIX2/_field/mc_M23.shd,ae43aeaf348cde824b08a211c8dad4b7768bfd371f65bacd1ab7265d7c5733a9,ae43aeaf348cde824b08a211c8dad4b7768bfd371f65bacd1ab7265d7c5733a9,ed072686874580ce4977164d92746d5dd45a0201,False
results/R3_C2_Yang_SA_depth/R3_C2_2C_FIX2/_field/mc_M4.env,c503d090e6c4583c251e04f5a2db0b9b459a85d687e944094a853adb876fe773,d1ac459b37e87d64159fc82b82ce1e1f21bbd7d4267c2a6d376cc5104d4640b8,6b80919b6e42f0cbdcdfd346d9a68296b32060e1,True
results/R3_C2_Yang_SA_depth/R3_C2_2C_FIX2/_field/mc_M4.flp,0bb65146396c4b3dc475399a6cad4fda089f1a0dace76a649df14b2338f6a77e,b3b683aa85e9eaf8efbf57d2e967de1aa7e7ab8a657bce40f22c293f051932c0,bc588c9205ec91e209a3edc7237aadcb4ba739b7,True
results/R3_C2_Yang_SA_depth/R3_C2_2C_FIX2/_field/mc_M4.mod,829f5086211499e2b24ca6576c9ca52cf9a88fbfd9884bdcb103339d5c207961,829f5086211499e2b24ca6576c9ca52cf9a88fbfd9884bdcb103339d5c207961,d150a69d14312573096ddd903e02397af9df4747,False
results/R3_C2_Yang_SA_depth/R3_C2_2C_FIX2/_field/mc_M4.shd,af789b6953514deca8804ffa94c6b7b138240cb0ee63ea21656d13a423c202c2,af789b6953514deca8804ffa94c6b7b138240cb0ee63ea21656d13a423c202c2,14a6fba59408a820f25cfdbc8ff024ffcbb75e84,False
results/R3_C2_Yang_SA_depth/R3_C2_2C_FIX2/_field/mc_M8.env,c503d090e6c4583c251e04f5a2db0b9b459a85d687e944094a853adb876fe773,d1ac459b37e87d64159fc82b82ce1e1f21bbd7d4267c2a6d376cc5104d4640b8,6b80919b6e42f0cbdcdfd346d9a68296b32060e1,True
results/R3_C2_Yang_SA_depth/R3_C2_2C_FIX2/_field/mc_M8.flp,709c2bdfb6cc992530502dc1210a49acd58489e27553f9e227ed131c186c4a77,cc8bac3b22514cc92d493f81b8c9aa82fa62a6b1d2378303172f41ed26f04566,d1bec4d8a4d5c8a4ecbbddc6fd3a26e5b316b906,True
results/R3_C2_Yang_SA_depth/R3_C2_2C_FIX2/_field/mc_M8.mod,829f5086211499e2b24ca6576c9ca52cf9a88fbfd9884bdcb103339d5c207961,829f5086211499e2b24ca6576c9ca52cf9a88fbfd9884bdcb103339d5c207961,d150a69d14312573096ddd903e02397af9df4747,False
results/R3_C2_Yang_SA_depth/R3_C2_2C_FIX2/_field/mc_M8.shd,552b8c070b35b839dea67639e6aab2163d66bba8aa3a5319134e70be4e67de90,552b8c070b35b839dea67639e6aab2163d66bba8aa3a5319134e70be4e67de90,5a3e5ee638ccd24fff4de39ad259008019fa173f,False
results/R3_C2_Yang_SA_depth/R3_C2_2C_FIX2/_field/mc_M9999.env,c503d090e6c4583c251e04f5a2db0b9b459a85d687e944094a853adb876fe773,d1ac459b37e87d64159fc82b82ce1e1f21bbd7d4267c2a6d376cc5104d4640b8,6b80919b6e42f0cbdcdfd346d9a68296b32060e1,True
results/R3_C2_Yang_SA_depth/R3_C2_2C_FIX2/_field/mc_M9999.flp,bb8472a92c0c08d3456437d90be4bfba1ae186fb4c55422e308a9bead61e029a,5a7433613034ad57770c4820e1746cc98fac010a073b4074f4e26a659ca01504,7c180a88d3cf866aa04d43d22b63d86afa5d885d,True
results/R3_C2_Yang_SA_depth/R3_C2_2C_FIX2/_field/mc_M9999.mod,829f5086211499e2b24ca6576c9ca52cf9a88fbfd9884bdcb103339d5c207961,829f5086211499e2b24ca6576c9ca52cf9a88fbfd9884bdcb103339d5c207961,d150a69d14312573096ddd903e02397af9df4747,False
results/R3_C2_Yang_SA_depth/R3_C2_2C_FIX2/_field/mc_M9999.shd,ae43aeaf348cde824b08a211c8dad4b7768bfd371f65bacd1ab7265d7c5733a9,ae43aeaf348cde824b08a211c8dad4b7768bfd371f65bacd1ab7265d7c5733a9,ed072686874580ce4977164d92746d5dd45a0201,False
results/R3_C2_Yang_SA_depth/R3_C2_2C_FIX2/_field/paper_zs4_zr18.env,bdb4a7db0f1a536570a1fd10f9b456a517458fe76256e254e38a932940a2ac61,25d65d9be8a458f6155b76e5411485b5a69f31a6870e1f504b27ab7d3c031aeb,7dff05fc0583b0fb14fe16c9a495d333fade60e8,True
results/R3_C2_Yang_SA_depth/R3_C2_2C_FIX2/_field/paper_zs4_zr18.flp,1d46ba6aa8c5986f381711d71b57244f2b4877f15905aab8f9d8a8d05761c385,bcb43763e2142c5c8e45d884646b56d0708f7313552aa650e47a0f0d939282a7,f37fc2898c2399526690af6f6bf1a04f27fd4579,True
results/R3_C2_Yang_SA_depth/R3_C2_2C_FIX2/_field/paper_zs4_zr18.mod,829f5086211499e2b24ca6576c9ca52cf9a88fbfd9884bdcb103339d5c207961,829f5086211499e2b24ca6576c9ca52cf9a88fbfd9884bdcb103339d5c207961,d150a69d14312573096ddd903e02397af9df4747,False
results/R3_C2_Yang_SA_depth/R3_C2_2C_FIX2/_field/paper_zs4_zr18.shd,ddbfeee779e3b29e92f29ccf9bae440bbdc4b9d00cea2bcccd9944bb661eefea,ddbfeee779e3b29e92f29ccf9bae440bbdc4b9d00cea2bcccd9944bb661eefea,2b0fe5aba0274026bd0895c51591f19156e6c94d,False
results/R3_C2_Yang_SA_depth/R3_C2_2C_FIX2/_field/paper_zs4_zr70.env,5c3b7efbb2a912ad93b368d5581160ca75e0f336c97821790347a83699a99f5b,7fb9ed764cbc9600a11c248e15348545cf794716736b77a33ef8a126ae87ffdc,24c016ef44de1784a93c90935650c04431356c01,True
results/R3_C2_Yang_SA_depth/R3_C2_2C_FIX2/_field/paper_zs4_zr70.flp,a502aa203e6629891fd96662e9f5bdbc6ab0580a59c67eec8ac8da73939a6d24,de5d6e026fd903850ae9ca996c0a422f41779a6e23ec628854942354f241acc5,fb92bedea813c2208acba97e79d125e58e37d964,True
results/R3_C2_Yang_SA_depth/R3_C2_2C_FIX2/_field/paper_zs4_zr70.mod,829f5086211499e2b24ca6576c9ca52cf9a88fbfd9884bdcb103339d5c207961,829f5086211499e2b24ca6576c9ca52cf9a88fbfd9884bdcb103339d5c207961,d150a69d14312573096ddd903e02397af9df4747,False
results/R3_C2_Yang_SA_depth/R3_C2_2C_FIX2/_field/paper_zs4_zr70.shd,51377fa0b4e1351dcf78d17c25360ef6e58fbf927daa5ef9a81515287b4de09c,51377fa0b4e1351dcf78d17c25360ef6e58fbf927daa5ef9a81515287b4de09c,e53452243dc96dffb5d4f44926bf0a74e4db6cb2,False
results/R3_C2_Yang_SA_depth/R3_C2_2C_FIX2/_field/paper_zs50_zr18.env,c8b76278ff8851c45504fc9d3dbfc6f7f192520def28e471005799cddb8b28c0,39439fdf4ae884fa5524bbf26532b8e3381b07a8da6e23415523d5cadaa1aa18,a0172d6bb4dc03244295f32015801e29bcd8e92e,True
results/R3_C2_Yang_SA_depth/R3_C2_2C_FIX2/_field/paper_zs50_zr18.flp,8a28c57b86ceb2613d08c8136ec52be5aff8376b9874ef0831b4abc0fdc89fd8,13088e3b28e23fb6f90026bf955122b452d6e1ea0e38e551df30ae98c2715f43,123f66643f8d8ada19954b94f5c011640de20fdf,True
results/R3_C2_Yang_SA_depth/R3_C2_2C_FIX2/_field/paper_zs50_zr18.mod,829f5086211499e2b24ca6576c9ca52cf9a88fbfd9884bdcb103339d5c207961,829f5086211499e2b24ca6576c9ca52cf9a88fbfd9884bdcb103339d5c207961,d150a69d14312573096ddd903e02397af9df4747,False
results/R3_C2_Yang_SA_depth/R3_C2_2C_FIX2/_field/paper_zs50_zr18.shd,6f3bd9a44ea09b7a7b27327af9fd05d9c2bd355f64b6acc199681c63528fc388,6f3bd9a44ea09b7a7b27327af9fd05d9c2bd355f64b6acc199681c63528fc388,9316b7979a039c012508311bf7c4dab78297fb8c,False
results/R3_C2_Yang_SA_depth/R3_C2_2C_FIX2/_field/paper_zs50_zr70.env,c503d090e6c4583c251e04f5a2db0b9b459a85d687e944094a853adb876fe773,d1ac459b37e87d64159fc82b82ce1e1f21bbd7d4267c2a6d376cc5104d4640b8,6b80919b6e42f0cbdcdfd346d9a68296b32060e1,True
results/R3_C2_Yang_SA_depth/R3_C2_2C_FIX2/_field/paper_zs50_zr70.flp,eabe84fe7c143af0f2967809b2404198262a6ea725920ed0d88d7e919a81bcae,80eeb0d8e1833f0d0679a2715f764d6765aac98d5868c583f7d3faf0bbc1dd7f,9e3daeaddedb4c61facbb7a8f30568c79eb612a1,True
results/R3_C2_Yang_SA_depth/R3_C2_2C_FIX2/_field/paper_zs50_zr70.mod,829f5086211499e2b24ca6576c9ca52cf9a88fbfd9884bdcb103339d5c207961,829f5086211499e2b24ca6576c9ca52cf9a88fbfd9884bdcb103339d5c207961,d150a69d14312573096ddd903e02397af9df4747,False
results/R3_C2_Yang_SA_depth/R3_C2_2C_FIX2/_field/paper_zs50_zr70.shd,98d62add71250e0eb2b1d85746017a6dbaa86ca52dfcb2e6ef93e64683125c80,e0afff15ac9089cf0d7a72837ac428e2f0af63a93c8115e29c9975d28d2f50b1,093437af2f76b55b8135bd5478d95a776adf7893,False
results/R3_C2_Yang_SA_depth/R3_C2_2C_FIX2/field_flp_audit.csv,b2517410cdb36df80a8a1f7106a0e100ade55c587a5114e1d8a4dd547060ad19,32d1a76d80c9cf3986db3faf1e7f5b5ea8797c91046a4286fe8235d2c3e15c3c,35832a0e55cf0c37e61fcdc7fdad60c08c4a0998,True
results/R3_C2_Yang_SA_depth/R3_C2_2C_FIX2/field_incremental_mode_check.csv,40a57f6f16a225df55d35cc21aca229415668ec1c29d0d73771f71369dd36245,135d7403e70120a8e22730daf00e8448f16ce532dbbaca9d235f09f67daa7cff,3dbd0430eb1bcc995e58626a300025fdabbe7dd1,True
results/R3_C2_Yang_SA_depth/R3_C2_2C_FIX2/field_mode_count_test.csv,29bc8d36e6cbe7cb52664fcd2710515fc6ebbcfab5aef17a7aa8189690a34bbb,1f8cecc09394430250e4d4667585470cd4b5d7edfdce53a334588b358e0231ef,4d53a39da69b8a6a2b860911c1d162a5deb93aa6,True
results/R3_C2_Yang_SA_depth/R3_C2_2C_FIX2/field_paper_pressure.csv,77df7de683b42c8c9b955e64e008945962510da88228f0b164a6130ac675bd99,32aca341004aa6f001943264b39271959bed8f3612d76bb56e8c308c22f25ebd,2c169db0eab5bd11db02c4787a438dd3097042de,True
results/R3_C2_Yang_SA_depth/R3_C2_2C_FIX2/field_shd_metadata_check.csv,07cc251dfac0cdd9e6a572bd023e1fce59ae0bacb056ddb0185e2c81aa8967b7,f2231b49365beadb8397c95dd3c7a46b85078328287a764d43b47f98afa2baeb,23b1c78c2591d8868039d9fbe8f9e4633a150fa7,True
results/R3_C2_Yang_SA_depth/R3_C2_2C_FIX2/field_vs_eq3_by_modecount.csv,33177b1bf080da04f19ede5fcff5cf12098cb17f3d4618bcb04c4126dc84a781,55a4066343eb30414e91286a34ddfa5b0589f8ac6f069c48fdf1b5050d4cad82,f16df27abd652d1967a9e03aab68512106dfd89e,True
results/R3_C2_Yang_SA_depth/R3_C2_2C_FIX2/figures/depth_field_zr18.svg,7595ea9d615a42974cfbbfa196fd627b2c077c187b7846d3c7a18016dbd5b259,7595ea9d615a42974cfbbfa196fd627b2c077c187b7846d3c7a18016dbd5b259,f56c37e189b78db3f2dd47991333d21bd766e10e,False
results/R3_C2_Yang_SA_depth/R3_C2_2C_FIX2/figures/depth_field_zr70.svg,4400a6043d8ed3fb5d9059452ae92fabca000a8f2a32270752f29b952caa0abb,4400a6043d8ed3fb5d9059452ae92fabca000a8f2a32270752f29b952caa0abb,9fff6adc48dbc4abe4394f2a8a1ad2f7dd448793,False
results/R3_C2_Yang_SA_depth/R3_C2_2C_FIX2/figures/field_incremental_modes.svg,80a99fa54db192ba981547eb889ef2af91dceb0c1117f5d9f0b5fe452abc17d8,a6f2bcd0c7497df08241f0a84323027e7f6c8038dcfe0123a5eb4ecd2b19f157,708796fb3c69f874d4c546a4ac4dff24baeb950d,True
results/R3_C2_Yang_SA_depth/R3_C2_2C_FIX2/figures/field_modecount_progression.svg,807a4fc38c80cd6f7a163925c20fdc14d624c6c0fda7dc3a6836a8c6f5b4feb6,56f5160c7c95ed3ccdee58215ae6d72d00c7b2343ede18cde3c8905617cf5553,ae407f0903df64508c75b21f4884b51b659cb5f6,True
results/R3_C2_Yang_SA_depth/R3_C2_2C_FIX2/figures/field_vs_eq3_multimode.svg,00dc7d8184aac9979e1ac842fa99364ca694d5ea51f58d26e38b7ab9cc426836,f4eb7f2dc16a0bb4cc6ff9144062843b3b7c9bdbc60a98c1522fe52bf24c3299,a820c7a4bcf1e9dd17840261891ce3afdaa1f15d,True
results/R3_C2_Yang_SA_depth/R3_C2_2C_FIX2/figures/spectrum_field_zs4_zr18.svg,23dac2423c3770840865dd00fafbf8189533c17df44e05769d9f2f427a3612fa,707a95c0c9a3bb0560cd19b355349cdaafedf059aaca20b9920e3348d1368f7c,4135a94eb229ff5eab9c579b1e3e2a1bb3d135a2,True
results/R3_C2_Yang_SA_depth/R3_C2_2C_FIX2/figures/spectrum_field_zs4_zr70.svg,456989129857bf5c06e587066d0c38b95e7d598b64b994a6038f0fdc54128c39,983cd33e1ee9e73409748b54e7e1d8d70d326619ccb6c81a40b7ed76244d6309,6b451fa25295cfefad95b04c925396e0f9cf680d,True
results/R3_C2_Yang_SA_depth/R3_C2_2C_FIX2/figures/spectrum_field_zs50_zr18.svg,750fcedf7110317a885876c21d936709812470b9b13bbaf5c735ad7278740555,304f4b55b86476283de94cf5cec8d449d8eb84c57aa6f7f333e939ea1f45d20a,e41a44c701fac7df9b39e7b11a7badf883a4b150,True
results/R3_C2_Yang_SA_depth/R3_C2_2C_FIX2/figures/spectrum_field_zs50_zr70.svg,f9e8ae32e2c5b1edb145883f4b7bd8011574e4238fa833bdeec39ba241f4bfec,ae7fb05fb48ae16495de47d02b2819d12b63af4b6861074e0dc66f2baa589a69,68c781e32902769099e31ce204057be8a4d8a09f,True
results/R3_C2_Yang_SA_depth/R3_C2_2C_FIX2/kraken_alpha_mapping_FINAL.csv,d6b8c404300f968393105d350d3c9b9191aec88501dd0e33faeaa58ec89cc723,9d75191ac50ffd434f46d5fb58728e1d3dd8b85a5c6251e92175f087c0eeec24,6319d7d6e0d1c174296de4cf3a8202f89575f8a8,True
results/R3_C2_Yang_SA_depth/R3_C2_2C_FIX2/paper_depth_ambiguity_FIELD.csv,19c6d8bc9b21dd3b85cede1e4a5aa60a4bd13f8a978f36c0e00e7f184009e081,c8630eaed56c8412cbe73084874fc1c19f799fa2ac645e78a6e522b3df77d053,93959e25ba3f0f6976d413db6786059c077cbe19,True
results/R3_C2_Yang_SA_depth/R3_C2_2C_FIX2/paper_detected_peaks_FIELD.csv,b6de770c825a6293501a68620a91d9bda252b5acc54f190ebef4e9ecafdad207,df2d0d30714718e2d013cb94d001c39504924042c36ad15f6f2486741f63b634,25ce476e0310eed53182df86402ef2009eac5eac,True
results/R3_C2_Yang_SA_depth/R3_C2_2C_FIX2/paper_oracle_mode_mapping_FIELD.csv,e8305b6de0c5e34e1d3d6a863f0931aad41b9f401745a9b8e4669cb482c89acb,0b212d22dda8a7407a4a04d13e871229b096fe02f98566cc53f741d8fcc3f895,50cf28624550a6a4717476254b6b79321f7c7c91,True
results/R3_C2_Yang_SA_depth/R3_C2_2C_FIX2/paper_repro_case_matrix_FIELD.csv,fb68f2dc1ff12b57d4249c36be0ee8c6c57f491275d73376c49222d9658ffc89,fca467404948417b2dcd65a30756ac62d428f5b6195a1e802208b3de5c06b1e6,1e3e590208a50a75f93dc83d5d00bdf7b79bec95,True
results/R3_C2_Yang_SA_depth/R3_C2_2C_FIX2/peak_prominence_sensitivity_FIELD.csv,023a85ec49dd115ba1deeb1e8c117275df2c062821eaaeffd44a06113f00dd67,f8ff531bdca018936e3c24c7bd6d99e60871b31f54a702dc01cfebd501cec2e2,734a1f6f2046f7f6cf85be2f635847caa19dc535,True
results/R3_C2_Yang_SA_depth/R3_C2_2D/R3_C2_2D_CONFIG.json,c48008e27ab28e16f08df12eb92f3c6116be4351afbbcdba1965c2896a807e7e,2b5a02412476d15638d35ed4702814d9b173e5802df23f2f38464b352568a773,0b1c1b349e212ebf6ab09d23832bf4132ba3b407,True
results/R3_C2_Yang_SA_depth/R3_C2_2D/R3_C2_2D_DECISION.json,a818c1da459b327625a524329fe9f61a846218e294c8e13cbf58f855ccd65d0e,ea2a159bcc3afd56e42467fef4e64d5e9472f8ce870d63ae7942a58ae1c32b4f,416e4128c1fc90a153e1a19b26c34113100d8903,True
results/R3_C2_Yang_SA_depth/R3_C2_2D/R3_C2_2D_GPT_SYNC.md,4d5d7fa43256a0c06aa32eed141e4a2c3b5011f72c6a4e1e00160bf7b51e706d,4d5d7fa43256a0c06aa32eed141e4a2c3b5011f72c6a4e1e00160bf7b51e706d,b089273e753a55e6a88d7d820d288a01e6ea5419,False
results/R3_C2_Yang_SA_depth/R3_C2_2D/R3_C2_2D_REPORT.md,e35e5e13d598332343da748fdd0b11706de76ead9550671c8a65bb7036ef9e83,0431788e1c0f731e1af600ec1af428f271661c26a6e716a8e45cc2a5138f26d6,73fe45b02fb208355a1fb56351059c67b1bd336b,True
results/R3_C2_Yang_SA_depth/R3_C2_2D/_work/field.prt,7f8f9dfc2812e658044b6a85ac098a8db45bc4d6cc3fed20e87eabfcfd932d3c,4a20220e9e7a56e730a9c8a0bcdcc8edf966a2292e9876e7e7ef8f66fef707fb,04c524475bbb373477f6e622d19bbefc6810b82b,True
results/R3_C2_Yang_SA_depth/R3_C2_2D/_work/p2d_L2500_zs50_zr18.env,c8b76278ff8851c45504fc9d3dbfc6f7f192520def28e471005799cddb8b28c0,39439fdf4ae884fa5524bbf26532b8e3381b07a8da6e23415523d5cadaa1aa18,a0172d6bb4dc03244295f32015801e29bcd8e92e,True
results/R3_C2_Yang_SA_depth/R3_C2_2D/_work/p2d_L2500_zs50_zr18.flp,68d13abb37d69436e552a54e23c6b25cfac8cdfd905448620d07b6bc72f977f5,c0d5c59caa96088494059eb2d50537ae12f305e3b4aa8b916a9877f16039b03f,259a1f4a578ea6eb72bac9d233af6098ce064c10,True
results/R3_C2_Yang_SA_depth/R3_C2_2D/_work/p2d_L2500_zs50_zr18.mod,829f5086211499e2b24ca6576c9ca52cf9a88fbfd9884bdcb103339d5c207961,829f5086211499e2b24ca6576c9ca52cf9a88fbfd9884bdcb103339d5c207961,d150a69d14312573096ddd903e02397af9df4747,False
results/R3_C2_Yang_SA_depth/R3_C2_2D/_work/p2d_L2500_zs50_zr18.shd,bdddfcf4c10c8d39b2fd541bb6d7f31ebe77a5d8ed80978558487870a501594d,bdddfcf4c10c8d39b2fd541bb6d7f31ebe77a5d8ed80978558487870a501594d,f001a609fb13f7169d02adf8830f0d0b5ee1faf5,False
results/R3_C2_Yang_SA_depth/R3_C2_2D/_work/p2d_L3750_zs50_zr18.env,c8b76278ff8851c45504fc9d3dbfc6f7f192520def28e471005799cddb8b28c0,39439fdf4ae884fa5524bbf26532b8e3381b07a8da6e23415523d5cadaa1aa18,a0172d6bb4dc03244295f32015801e29bcd8e92e,True
results/R3_C2_Yang_SA_depth/R3_C2_2D/_work/p2d_L3750_zs50_zr18.flp,352991dfd135697f20f9786ffe9a3c794dba19579e72f413ad8c33b319edd1fc,fee34c61111b4ce39d308c98f8b7f206234d94ce246293f63eb84371a1fd5d0c,2ca1fcc47d9dcf8f7112822dc7b1152eafd852cc,True
results/R3_C2_Yang_SA_depth/R3_C2_2D/_work/p2d_L3750_zs50_zr18.mod,829f5086211499e2b24ca6576c9ca52cf9a88fbfd9884bdcb103339d5c207961,829f5086211499e2b24ca6576c9ca52cf9a88fbfd9884bdcb103339d5c207961,d150a69d14312573096ddd903e02397af9df4747,False
results/R3_C2_Yang_SA_depth/R3_C2_2D/_work/p2d_L3750_zs50_zr18.shd,021a671a26b788b3329a58906b6e570d585716bfd11bc5be52f59e827e343f53,021a671a26b788b3329a58906b6e570d585716bfd11bc5be52f59e827e343f53,05f16d8bc0cf042f95586a0c17047e12dcbf040c,False
results/R3_C2_Yang_SA_depth/R3_C2_2D/_work/p2d_L4990_zs50_zr18.env,c8b76278ff8851c45504fc9d3dbfc6f7f192520def28e471005799cddb8b28c0,39439fdf4ae884fa5524bbf26532b8e3381b07a8da6e23415523d5cadaa1aa18,a0172d6bb4dc03244295f32015801e29bcd8e92e,True
results/R3_C2_Yang_SA_depth/R3_C2_2D/_work/p2d_L4990_zs50_zr18.flp,8a28c57b86ceb2613d08c8136ec52be5aff8376b9874ef0831b4abc0fdc89fd8,13088e3b28e23fb6f90026bf955122b452d6e1ea0e38e551df30ae98c2715f43,123f66643f8d8ada19954b94f5c011640de20fdf,True
results/R3_C2_Yang_SA_depth/R3_C2_2D/_work/p2d_L4990_zs50_zr18.mod,829f5086211499e2b24ca6576c9ca52cf9a88fbfd9884bdcb103339d5c207961,829f5086211499e2b24ca6576c9ca52cf9a88fbfd9884bdcb103339d5c207961,d150a69d14312573096ddd903e02397af9df4747,False
results/R3_C2_Yang_SA_depth/R3_C2_2D/_work/p2d_L4990_zs50_zr18.shd,6f3bd9a44ea09b7a7b27327af9fd05d9c2bd355f64b6acc199681c63528fc388,6f3bd9a44ea09b7a7b27327af9fd05d9c2bd355f64b6acc199681c63528fc388,9316b7979a039c012508311bf7c4dab78297fb8c,False
results/R3_C2_Yang_SA_depth/R3_C2_2D/_work/p2d_ctrl_zs50_zr70.env,c503d090e6c4583c251e04f5a2db0b9b459a85d687e944094a853adb876fe773,d1ac459b37e87d64159fc82b82ce1e1f21bbd7d4267c2a6d376cc5104d4640b8,6b80919b6e42f0cbdcdfd346d9a68296b32060e1,True
results/R3_C2_Yang_SA_depth/R3_C2_2D/_work/p2d_ctrl_zs50_zr70.flp,eabe84fe7c143af0f2967809b2404198262a6ea725920ed0d88d7e919a81bcae,80eeb0d8e1833f0d0679a2715f764d6765aac98d5868c583f7d3faf0bbc1dd7f,9e3daeaddedb4c61facbb7a8f30568c79eb612a1,True
results/R3_C2_Yang_SA_depth/R3_C2_2D/_work/p2d_ctrl_zs50_zr70.mod,829f5086211499e2b24ca6576c9ca52cf9a88fbfd9884bdcb103339d5c207961,829f5086211499e2b24ca6576c9ca52cf9a88fbfd9884bdcb103339d5c207961,d150a69d14312573096ddd903e02397af9df4747,False
results/R3_C2_Yang_SA_depth/R3_C2_2D/_work/p2d_ctrl_zs50_zr70.shd,98d62add71250e0eb2b1d85746017a6dbaa86ca52dfcb2e6ef93e64683125c80,e0afff15ac9089cf0d7a72837ac428e2f0af63a93c8115e29c9975d28d2f50b1,093437af2f76b55b8135bd5478d95a776adf7893,False
results/R3_C2_Yang_SA_depth/R3_C2_2D/_work/p2d_main_zs50_zr18.env,c8b76278ff8851c45504fc9d3dbfc6f7f192520def28e471005799cddb8b28c0,39439fdf4ae884fa5524bbf26532b8e3381b07a8da6e23415523d5cadaa1aa18,a0172d6bb4dc03244295f32015801e29bcd8e92e,True
results/R3_C2_Yang_SA_depth/R3_C2_2D/_work/p2d_main_zs50_zr18.flp,8a28c57b86ceb2613d08c8136ec52be5aff8376b9874ef0831b4abc0fdc89fd8,13088e3b28e23fb6f90026bf955122b452d6e1ea0e38e551df30ae98c2715f43,123f66643f8d8ada19954b94f5c011640de20fdf,True
results/R3_C2_Yang_SA_depth/R3_C2_2D/_work/p2d_main_zs50_zr18.mod,829f5086211499e2b24ca6576c9ca52cf9a88fbfd9884bdcb103339d5c207961,829f5086211499e2b24ca6576c9ca52cf9a88fbfd9884bdcb103339d5c207961,d150a69d14312573096ddd903e02397af9df4747,False
results/R3_C2_Yang_SA_depth/R3_C2_2D/_work/p2d_main_zs50_zr18.shd,6f3bd9a44ea09b7a7b27327af9fd05d9c2bd355f64b6acc199681c63528fc388,6f3bd9a44ea09b7a7b27327af9fd05d9c2bd355f64b6acc199681c63528fc388,9316b7979a039c012508311bf7c4dab78297fb8c,False
results/R3_C2_Yang_SA_depth/R3_C2_2D/eq6_mode_contribution_43_vs_50.csv,3eba9f18c44a9734189f901b3c6cd9a0d9be76c3a889153fbedf6176ae8e35ca,b935d364142d2b01a2111aa46ac4558292da7c602c397595dbcc194e22048297,fa1d549b0d8ea03f62fa0949e86e0504f42e9fb4,True
results/R3_C2_Yang_SA_depth/R3_C2_2D/figures/D43_vs_D50.svg,3fccc7f5f24afb57e7ac1476bce0f1912831568427aa7f5ece89bde0435e7565,40a3d43355563f10b1b20fe5d1aac6636add455fb69799b0abe42cc1df729319,e6cedc35dc8c3f180fa243b3dc59e1a96daaa59d,True
results/R3_C2_Yang_SA_depth/R3_C2_2D/figures/aperture_single_factor.svg,161b56f7615039004054f2f4119c578be0f16e3ecaf770c99590cba1157e26db,4b02fc07866143abfe5759d8b6d924df576e51f810b2ba8f6decfb137e412d2c,5c00096e9629c60009c7a6ea80fd02f4f35939c8,True
results/R3_C2_Yang_SA_depth/R3_C2_2D/figures/delta_transition.svg,6668246bfdfdffadfc3e398e8faa01180d000a01d3366c38fab51e336bd9d2cf,0198b7025b1dd2b7e2302e4a244e824208b942ae29915ca42735e2e34fe0e810,cc6700a1642890c5e50d2c268e59d6bba3aadcd6,True
results/R3_C2_Yang_SA_depth/R3_C2_2D/figures/mode_contribution_43_50.svg,633936a6d42feb9b0cf01d210bba52040c435764ee63fd1107b983e2bdad15cd,16d697fd339aa4ef3650263066a85eaa7913ce1c473ca1903d45d02efcea59b2,967c609c338e2728c16963665944a46eb0c46dbe,True
results/R3_C2_Yang_SA_depth/R3_C2_2D/figures/observable_layers.svg,3d9e993f4ca06793a89fcae1e1a907c2cfbd87fb722ba6bd78229d8ca55718b4,1f262adfe5f624d6e94e2a1b1f9a7018c396e2e249e37fc8fc3aed2ca4304101,f587c553a34444f562891450dc37312e3b896b8a,True
results/R3_C2_Yang_SA_depth/R3_C2_2D/leave_one_mode_out.csv,39ac132477ea34b424ad176487bbcb68557cb574658276784dedcd6c00d1b114,81fc11a79fe15388dc0f4b214b9185670a1fe541b7c772391d80b2edbf1e9186,e047562eee614987f55289ea477e977f9ba8e46d,True
results/R3_C2_Yang_SA_depth/R3_C2_2D/observable_layer_depth.csv,d9b20d9e29feb87adca5af490a11fd8afcb49a914b6ab16acaf1a74160f60781,66b13fabd56292ec853f8ae5eec7dea4bf584ec02cccc484fe30a9bdae2f5874,55e443bf976e95cc0b2c43b7c709d209b2b15e86,True
results/R3_C2_Yang_SA_depth/R3_C2_2D/paper_aperture_single_factor.csv,1afe1b67e896f44b860bab17951c293bfc2c308b798f9e0b2a4843552034539d,29db772ff30224ef542a4a1392bea6e74b7abff3f5778665b083534700f0c23c,3205e71ddcf730391e114bbd744cb54c2735923e,True
results/R3_C2_Yang_SA_depth/R3_C2_2D/receiver_depth_control.csv,046e760e92ba16905c58dce958196ab819491421941f4c8fea203cd06de1c952,267bd661fa280fb8fe73b0ebac8543e7deacdece603bf8fc54470a82b58504e7,f0007281ad7a259a32c5f1ddcb4de577aef5bf2c,True
results/R3_C2_Yang_SA_depth/R3_C2_2D/receiver_regularized_inverse.csv,be5948aefe86badf6980771ac339be5f91ee3e270c0bee923f93b1762edbf8d6,82f49cf09cea1e200a9f6f939551237ff466e1a19132bceb6f38041ed49434be,622efc0dd575490727c676aa000e0bf7b5fc3884,True
results/R3_C2_Yang_SA_depth/R3_C2_2D/regularizer_depth_transition.csv,db029023dcd3bbd14870abbbf9670159887d42a2840736e847800c7018a0934b,e76a9eb35cebdc664e77e710be6d604b25df355effc6e8d25b29a4009331c673,2d2150962bb8031b0cbc52f40d6739c8c9a595b1,True
results/R3_C2_Yang_SA_depth/R3_C2_2D/scipy_vs_custom_peaks.csv,ef4a978f90205415e02006a65c8d7fc064d291af9fb130d3869055d89a78768b,3efb5a672d040d3f7c2c22308041d75d9ea3d37179fa2b2060ca863acf6df17f,88f598e5e794b3367651d1a6aa75592112ae1c77,True
results/R3_C2_Yang_SA_depth/R3_C2_2D/shading_route_comparison.csv,9a8f8c60b11fec6c6ef144b3e4a6298b6637c62af8175300b331e06a11f66bcb,2b6a01e8e391d00cb38fd064ef18300d803a69a2a5e2451d4be37dfc6851971e,45b3dfb8a66fb45a69036b8a81960fe5f21015c6,True
results/R3_C2_Yang_SA_depth/R3_C2_3A/R3_C2_3A_CONFIG.json,b1392177c0eb0d1651bcb348a7ce233493d878d6830d7eee7df8125064588c15,16c22aa83efa2850c4b2bcbff31e7fccb2a86b2b14b1e4d30ee80cb96b2489f1,a1f4ca84b16ee115d60824a59130c8f2ca0138ae,True
results/R3_C2_Yang_SA_depth/R3_C2_3A/R3_C2_3A_DECISION.json,c05f86e49adb9a39cfdaac76e70ce46e388e638b09ffb2fd3bb6b1ec03201a3e,6b076900047edae907861725d56fff3e53a894a168ed081759a5cd8bb0486a75,173549f763ac433fe87ba09ffb7781dc3f3447f9,True
results/R3_C2_Yang_SA_depth/R3_C2_3A/R3_C2_3A_GPT_SYNC.md,40b71fbece7df7af8ebeffab84a19d79bef8f8b5dd3d21f65e3b427e03639ec0,40b71fbece7df7af8ebeffab84a19d79bef8f8b5dd3d21f65e3b427e03639ec0,138e6f889829c8fd723b352bf79b39ffae2bab9e,False
results/R3_C2_Yang_SA_depth/R3_C2_3A/R3_C2_3A_REPORT.md,8e3eb88bdf1553d4e72a10b280e56e6965e254199e461db64af1d99277cf17a7,cccec451c79094e33bf94e63cf3d9214c5e2b1ea71e12ef25419079387e949e6,42d8279692da6097fcbb8235786e55bb3510669c,True
results/R3_C2_Yang_SA_depth/R3_C2_3A/_field/e_f201z180L1200w250r50f201_zs180.env,e7ef267ecf36bd9220abc6918cf16446ee92389bd552c4c2d3254dbd0a112be9,9a100467ef54dbcb9bca73b7d879bc54ad3d4fe171a8845ccf919075d8fc1964,e06f5439eeaf235aed72e1121d46407ef749a960,True
results/R3_C2_Yang_SA_depth/R3_C2_3A/_field/e_f201z180L1200w250r50f201_zs180.flp,239cff83b3def52f62b0f142f258435107671474584d7c1773d3da6b6e69768e,a58fe4653bfecb51cb61fcc6d8574a385f071f53d35c9a9a6650d19414879f75,e79d2b7582eaeab1a1c2b4766851bdb19d66b52c,True
results/R3_C2_Yang_SA_depth/R3_C2_3A/_field/e_f201z180L1200w250r50f201_zs180.mod,e05c5ee06dcec6446f81522b8b074e71e31c44e7beda8287163e89fa095ac628,3a495ca01b6f2f4be09083fd8b905af9d0abedd4168153ed722f1d12e83c612f,510a4a3a0c149f5f05f12884c1dc3c7b890cb6c5,False
results/R3_C2_Yang_SA_depth/R3_C2_3A/_field/e_f201z180L1200w250r50f201_zs180.shd,2057bb270284386ea3e96ec219380f327483c5120fa4fbbdedf1f523ec955c5f,2057bb270284386ea3e96ec219380f327483c5120fa4fbbdedf1f523ec955c5f,0ee815963f556bbe7ebd7a8392c2a11a017c5335,False
results/R3_C2_Yang_SA_depth/R3_C2_3A/_field/e_f201z180L2400w250r50f201_zs180.env,e7ef267ecf36bd9220abc6918cf16446ee92389bd552c4c2d3254dbd0a112be9,9a100467ef54dbcb9bca73b7d879bc54ad3d4fe171a8845ccf919075d8fc1964,e06f5439eeaf235aed72e1121d46407ef749a960,True
results/R3_C2_Yang_SA_depth/R3_C2_3A/_field/e_f201z180L2400w250r50f201_zs180.flp,1ef5122a41cf85e7287df7b869ce0dc853226c5521484b88554cc1916e80f1bd,cd9a5f8f8090ad50c8daaa5ee671746b18940a19267916edee4a58a76d1270ff,91573537a0e14be7c9b798090bbf07ee0d42dbf0,True
results/R3_C2_Yang_SA_depth/R3_C2_3A/_field/e_f201z180L2400w250r50f201_zs180.mod,e05c5ee06dcec6446f81522b8b074e71e31c44e7beda8287163e89fa095ac628,3a495ca01b6f2f4be09083fd8b905af9d0abedd4168153ed722f1d12e83c612f,510a4a3a0c149f5f05f12884c1dc3c7b890cb6c5,False
results/R3_C2_Yang_SA_depth/R3_C2_3A/_field/e_f201z180L2400w250r50f201_zs180.shd,6ceab6a0bf1f2cde0309d3d635fb598c5a9f6c691e3b4554cddf12d3f4a26343,31ca2204b747b3f537d3151a6a8600be40b825b7bb0b469703be40dbf925fb63,19774751a584486058cd3f34f52fa232e07cb387,False
results/R3_C2_Yang_SA_depth/R3_C2_3A/_field/e_f201z180L600w250r50f201_zs180.env,e7ef267ecf36bd9220abc6918cf16446ee92389bd552c4c2d3254dbd0a112be9,9a100467ef54dbcb9bca73b7d879bc54ad3d4fe171a8845ccf919075d8fc1964,e06f5439eeaf235aed72e1121d46407ef749a960,True
results/R3_C2_Yang_SA_depth/R3_C2_3A/_field/e_f201z180L600w250r50f201_zs180.flp,0d6715f2064bdbfe8b59c8bb2cadddf81cd1e8e57f422a2c47a0fac590cb86fb,3a65a4657f10775f11b2d2da00e62823ee6f9e19bf6c977cc25a835dce498540,0679cc4d8f7d5c703d363716a13c1d80ab805855,True
results/R3_C2_Yang_SA_depth/R3_C2_3A/_field/e_f201z180L600w250r50f201_zs180.mod,e05c5ee06dcec6446f81522b8b074e71e31c44e7beda8287163e89fa095ac628,3a495ca01b6f2f4be09083fd8b905af9d0abedd4168153ed722f1d12e83c612f,510a4a3a0c149f5f05f12884c1dc3c7b890cb6c5,False
results/R3_C2_Yang_SA_depth/R3_C2_3A/_field/e_f201z180L600w250r50f201_zs180.shd,860e0bff66a678be597e34c658e65b8cc316722487cb7fb182ccf58abebaf4e9,860e0bff66a678be597e34c658e65b8cc316722487cb7fb182ccf58abebaf4e9,3efb69ab23d24cb817fe4c49eb71a69ad81687a1,False
results/R3_C2_Yang_SA_depth/R3_C2_3A/_field/e_f201z190L1200w250r50f201_zs190.env,3a164c3e413ee0ac0e5b684da853cc9fecd0f3f6810a1c01050235c5c4192654,e22cc01abad6012b95237891671069210d4742e296e9758c1dd73fc057f6b3f7,f75417e018b0bcdb3987d912a6e02e5bd181b062,True
results/R3_C2_Yang_SA_depth/R3_C2_3A/_field/e_f201z190L1200w250r50f201_zs190.flp,aa67b4ff04e9da8c7cfafdd89633e47d1c8ebc2b909764c0a0698fbdf61ca46d,422d3ce764a2e68951a12090d116863b13be5615af82c3b45a66a9f6a64a24b3,0138cc31c4e355b375981701628e83eb2c446b62,True
results/R3_C2_Yang_SA_depth/R3_C2_3A/_field/e_f201z190L1200w250r50f201_zs190.mod,e05c5ee06dcec6446f81522b8b074e71e31c44e7beda8287163e89fa095ac628,3a495ca01b6f2f4be09083fd8b905af9d0abedd4168153ed722f1d12e83c612f,510a4a3a0c149f5f05f12884c1dc3c7b890cb6c5,False
results/R3_C2_Yang_SA_depth/R3_C2_3A/_field/e_f201z190L1200w250r50f201_zs190.shd,49358a8f31994b02f6a95ef0f3d9f2e0fa8a7c3845b40a6dbdfb18e364029614,49358a8f31994b02f6a95ef0f3d9f2e0fa8a7c3845b40a6dbdfb18e364029614,4b677154b65698f57210d41b28e814120903ea8d,False
results/R3_C2_Yang_SA_depth/R3_C2_3A/_field/e_f201z190L2400w250r50f201_zs190.env,3a164c3e413ee0ac0e5b684da853cc9fecd0f3f6810a1c01050235c5c4192654,e22cc01abad6012b95237891671069210d4742e296e9758c1dd73fc057f6b3f7,f75417e018b0bcdb3987d912a6e02e5bd181b062,True
results/R3_C2_Yang_SA_depth/R3_C2_3A/_field/e_f201z190L2400w250r50f201_zs190.flp,3d6725a68f1d94eec3a9c3b1d0730ff892498bfc98cf736459aafcfa42ddcff7,d8f6a5b82d3169824eca07bb3628f39110bce7826adbd487a50249d13d588d10,ec9995fac954a8b4b97288f25e27ffd4bbd50ae6,True
results/R3_C2_Yang_SA_depth/R3_C2_3A/_field/e_f201z190L2400w250r50f201_zs190.mod,e05c5ee06dcec6446f81522b8b074e71e31c44e7beda8287163e89fa095ac628,3a495ca01b6f2f4be09083fd8b905af9d0abedd4168153ed722f1d12e83c612f,510a4a3a0c149f5f05f12884c1dc3c7b890cb6c5,False
results/R3_C2_Yang_SA_depth/R3_C2_3A/_field/e_f201z190L2400w250r50f201_zs190.shd,0d4f31b98544dcaed269f6852aa18dc0b720af6cdff73a059853799beefc63fe,6c85105d3b4abeee052d3e3573d42db80fb271a59c696a18d3784faa0e067d48,c522d5b1b9348aadce1dff48ac08d28eeee0da41,False
results/R3_C2_Yang_SA_depth/R3_C2_3A/_field/e_f201z190L600w250r50f201_zs190.env,3a164c3e413ee0ac0e5b684da853cc9fecd0f3f6810a1c01050235c5c4192654,e22cc01abad6012b95237891671069210d4742e296e9758c1dd73fc057f6b3f7,f75417e018b0bcdb3987d912a6e02e5bd181b062,True
results/R3_C2_Yang_SA_depth/R3_C2_3A/_field/e_f201z190L600w250r50f201_zs190.flp,70dd295084b7d9b570ffad01b09a68cf7608a743899e03f50e8901c8449c8b3f,537340715b69d1536c17dbc8c78ef3a13be1851257b97e3187b0bb4009b76159,137deb38a41d69f43be3f40934e2d97174b8572f,True
results/R3_C2_Yang_SA_depth/R3_C2_3A/_field/e_f201z190L600w250r50f201_zs190.mod,e05c5ee06dcec6446f81522b8b074e71e31c44e7beda8287163e89fa095ac628,3a495ca01b6f2f4be09083fd8b905af9d0abedd4168153ed722f1d12e83c612f,510a4a3a0c149f5f05f12884c1dc3c7b890cb6c5,False
results/R3_C2_Yang_SA_depth/R3_C2_3A/_field/e_f201z190L600w250r50f201_zs190.shd,cd1f22385501e94f984e064511661fb0b8dd41b2685be175f90124225d69b9ad,cd1f22385501e94f984e064511661fb0b8dd41b2685be175f90124225d69b9ad,882f00d0c68657946aec5064ce9d7bbe4b5457b2,False
results/R3_C2_Yang_SA_depth/R3_C2_3A/_field/e_f201z200L1200w250r50f201_zs200.env,ba08d50fcb74c73e42780714c0da34c8ef7cd750e0117b81671a881f93378b20,89eb2e4251d5af5b87200d3be2a8211fc3f3fb17dfef9e6a5469d9ab5a49dac5,c27c28a1ee7ce72b8ffcce8de35f63e09e9d51c5,True
results/R3_C2_Yang_SA_depth/R3_C2_3A/_field/e_f201z200L1200w250r50f201_zs200.flp,4a3f8f73afbcbdc89f3d4c9ae75c4b16b786774bc2da80753ebb53bf4f27f0fd,684efe35b4aee82d52612d19946acb19f5d0ed876be0cebaa1c534695d3d007c,aa9b1771a89a50c4ff9a48e8298d7ce496a960d1,True
results/R3_C2_Yang_SA_depth/R3_C2_3A/_field/e_f201z200L1200w250r50f201_zs200.mod,e05c5ee06dcec6446f81522b8b074e71e31c44e7beda8287163e89fa095ac628,3a495ca01b6f2f4be09083fd8b905af9d0abedd4168153ed722f1d12e83c612f,510a4a3a0c149f5f05f12884c1dc3c7b890cb6c5,False
results/R3_C2_Yang_SA_depth/R3_C2_3A/_field/e_f201z200L1200w250r50f201_zs200.shd,3f7ee73a4927784ff1e84a7804cf7a37b833ba55270162176dab0e90f9f0e7a2,3f7ee73a4927784ff1e84a7804cf7a37b833ba55270162176dab0e90f9f0e7a2,12df07607b6102d78f57be0936f23b0864b33635,False
results/R3_C2_Yang_SA_depth/R3_C2_3A/_field/e_f201z200L2400w0r50f201_zs200.env,ba08d50fcb74c73e42780714c0da34c8ef7cd750e0117b81671a881f93378b20,89eb2e4251d5af5b87200d3be2a8211fc3f3fb17dfef9e6a5469d9ab5a49dac5,c27c28a1ee7ce72b8ffcce8de35f63e09e9d51c5,True
results/R3_C2_Yang_SA_depth/R3_C2_3A/_field/e_f201z200L2400w0r50f201_zs200.flp,08bc8fd3aec8268c0cb3c1042ba10b4d9c59d8ecc3cd49d4258a3a9d3a24b21b,c5cb9900c1b2f243c7fa44e28c5643b8574217bf2f0aacad3ab848d00a0449e6,9a9614f4aaf61ee04b3896ae09eb89b0237b3133,True
results/R3_C2_Yang_SA_depth/R3_C2_3A/_field/e_f201z200L2400w0r50f201_zs200.mod,e05c5ee06dcec6446f81522b8b074e71e31c44e7beda8287163e89fa095ac628,3a495ca01b6f2f4be09083fd8b905af9d0abedd4168153ed722f1d12e83c612f,510a4a3a0c149f5f05f12884c1dc3c7b890cb6c5,False
results/R3_C2_Yang_SA_depth/R3_C2_3A/_field/e_f201z200L2400w0r50f201_zs200.shd,d4dd8b533cf91d26dcc413050de3259db35aaac64fd52f77136de20f270365c7,2b23ff597dfc7ccf1802498dbb995497250256399ce5a4c691ea74faa2594b41,ebbceb60d8e299b6f930da12eca58c6dfab1e25f,False
results/R3_C2_Yang_SA_depth/R3_C2_3A/_field/e_f201z200L2400w100r50f201_zs200.env,ba08d50fcb74c73e42780714c0da34c8ef7cd750e0117b81671a881f93378b20,89eb2e4251d5af5b87200d3be2a8211fc3f3fb17dfef9e6a5469d9ab5a49dac5,c27c28a1ee7ce72b8ffcce8de35f63e09e9d51c5,True
results/R3_C2_Yang_SA_depth/R3_C2_3A/_field/e_f201z200L2400w100r50f201_zs200.flp,08bc8fd3aec8268c0cb3c1042ba10b4d9c59d8ecc3cd49d4258a3a9d3a24b21b,c5cb9900c1b2f243c7fa44e28c5643b8574217bf2f0aacad3ab848d00a0449e6,9a9614f4aaf61ee04b3896ae09eb89b0237b3133,True
results/R3_C2_Yang_SA_depth/R3_C2_3A/_field/e_f201z200L2400w100r50f201_zs200.mod,e05c5ee06dcec6446f81522b8b074e71e31c44e7beda8287163e89fa095ac628,3a495ca01b6f2f4be09083fd8b905af9d0abedd4168153ed722f1d12e83c612f,510a4a3a0c149f5f05f12884c1dc3c7b890cb6c5,False
results/R3_C2_Yang_SA_depth/R3_C2_3A/_field/e_f201z200L2400w100r50f201_zs200.shd,d4dd8b533cf91d26dcc413050de3259db35aaac64fd52f77136de20f270365c7,2b23ff597dfc7ccf1802498dbb995497250256399ce5a4c691ea74faa2594b41,ebbceb60d8e299b6f930da12eca58c6dfab1e25f,False
results/R3_C2_Yang_SA_depth/R3_C2_3A/_field/e_f201z200L2400w250r47f201_zs200.env,ba08d50fcb74c73e42780714c0da34c8ef7cd750e0117b81671a881f93378b20,89eb2e4251d5af5b87200d3be2a8211fc3f3fb17dfef9e6a5469d9ab5a49dac5,c27c28a1ee7ce72b8ffcce8de35f63e09e9d51c5,True
results/R3_C2_Yang_SA_depth/R3_C2_3A/_field/e_f201z200L2400w250r47f201_zs200.flp,0ba6c29744e497f0183f1d7617a4a1733052d9231f6050ab316f004b0697bf78,db5746cd3f81e1e99f7781bd572390a81d118b49574c06997ce7473b5faef2bb,20621eeb25e52472216963fdb3d6c705a5ee6d29,True
results/R3_C2_Yang_SA_depth/R3_C2_3A/_field/e_f201z200L2400w250r47f201_zs200.mod,e05c5ee06dcec6446f81522b8b074e71e31c44e7beda8287163e89fa095ac628,3a495ca01b6f2f4be09083fd8b905af9d0abedd4168153ed722f1d12e83c612f,510a4a3a0c149f5f05f12884c1dc3c7b890cb6c5,False
results/R3_C2_Yang_SA_depth/R3_C2_3A/_field/e_f201z200L2400w250r47f201_zs200.shd,bfaf6fa9fd3d9a5389feeda46257b52c8a66a2a8ee1fbf228a9346385b40f913,bfaf6fa9fd3d9a5389feeda46257b52c8a66a2a8ee1fbf228a9346385b40f913,353284392de61eacabe25e82821a3fdecb482125,False
results/R3_C2_Yang_SA_depth/R3_C2_3A/_field/e_f201z200L2400w250r50f201_zs200.env,ba08d50fcb74c73e42780714c0da34c8ef7cd750e0117b81671a881f93378b20,89eb2e4251d5af5b87200d3be2a8211fc3f3fb17dfef9e6a5469d9ab5a49dac5,c27c28a1ee7ce72b8ffcce8de35f63e09e9d51c5,True
results/R3_C2_Yang_SA_depth/R3_C2_3A/_field/e_f201z200L2400w250r50f201_zs200.flp,08bc8fd3aec8268c0cb3c1042ba10b4d9c59d8ecc3cd49d4258a3a9d3a24b21b,c5cb9900c1b2f243c7fa44e28c5643b8574217bf2f0aacad3ab848d00a0449e6,9a9614f4aaf61ee04b3896ae09eb89b0237b3133,True
results/R3_C2_Yang_SA_depth/R3_C2_3A/_field/e_f201z200L2400w250r50f201_zs200.mod,e05c5ee06dcec6446f81522b8b074e71e31c44e7beda8287163e89fa095ac628,3a495ca01b6f2f4be09083fd8b905af9d0abedd4168153ed722f1d12e83c612f,510a4a3a0c149f5f05f12884c1dc3c7b890cb6c5,False
results/R3_C2_Yang_SA_depth/R3_C2_3A/_field/e_f201z200L2400w250r50f201_zs200.shd,d4dd8b533cf91d26dcc413050de3259db35aaac64fd52f77136de20f270365c7,2b23ff597dfc7ccf1802498dbb995497250256399ce5a4c691ea74faa2594b41,ebbceb60d8e299b6f930da12eca58c6dfab1e25f,False
results/R3_C2_Yang_SA_depth/R3_C2_3A/_field/e_f201z200L2400w250r55f201_zs200.env,ba08d50fcb74c73e42780714c0da34c8ef7cd750e0117b81671a881f93378b20,89eb2e4251d5af5b87200d3be2a8211fc3f3fb17dfef9e6a5469d9ab5a49dac5,c27c28a1ee7ce72b8ffcce8de35f63e09e9d51c5,True
results/R3_C2_Yang_SA_depth/R3_C2_3A/_field/e_f201z200L2400w250r55f201_zs200.flp,dbf7efd6256c95cc7bd1d9f7f555206682ca25fe3c5a65ed500515db373cb061,8de77d960f3b7ca42ce7a75e6e32a2adb61146a7cceedc312ecd461d10c8cd03,d44ed0627146512478614d32b828b56c04dba370,True
results/R3_C2_Yang_SA_depth/R3_C2_3A/_field/e_f201z200L2400w250r55f201_zs200.mod,e05c5ee06dcec6446f81522b8b074e71e31c44e7beda8287163e89fa095ac628,3a495ca01b6f2f4be09083fd8b905af9d0abedd4168153ed722f1d12e83c612f,510a4a3a0c149f5f05f12884c1dc3c7b890cb6c5,False
results/R3_C2_Yang_SA_depth/R3_C2_3A/_field/e_f201z200L2400w250r55f201_zs200.shd,33f0a36fa2322ef8a5c28d54b964501ac63bf01fee6c7fa3a459470363d3d97e,33f0a36fa2322ef8a5c28d54b964501ac63bf01fee6c7fa3a459470363d3d97e,87287fd02710c876e0c53a4c09c95c5fb866b042,False
results/R3_C2_Yang_SA_depth/R3_C2_3A/_field/e_f201z200L2400w500r50f201_zs200.env,ba08d50fcb74c73e42780714c0da34c8ef7cd750e0117b81671a881f93378b20,89eb2e4251d5af5b87200d3be2a8211fc3f3fb17dfef9e6a5469d9ab5a49dac5,c27c28a1ee7ce72b8ffcce8de35f63e09e9d51c5,True
results/R3_C2_Yang_SA_depth/R3_C2_3A/_field/e_f201z200L2400w500r50f201_zs200.flp,08bc8fd3aec8268c0cb3c1042ba10b4d9c59d8ecc3cd49d4258a3a9d3a24b21b,c5cb9900c1b2f243c7fa44e28c5643b8574217bf2f0aacad3ab848d00a0449e6,9a9614f4aaf61ee04b3896ae09eb89b0237b3133,True
results/R3_C2_Yang_SA_depth/R3_C2_3A/_field/e_f201z200L2400w500r50f201_zs200.mod,e05c5ee06dcec6446f81522b8b074e71e31c44e7beda8287163e89fa095ac628,3a495ca01b6f2f4be09083fd8b905af9d0abedd4168153ed722f1d12e83c612f,510a4a3a0c149f5f05f12884c1dc3c7b890cb6c5,False
results/R3_C2_Yang_SA_depth/R3_C2_3A/_field/e_f201z200L2400w500r50f201_zs200.shd,d4dd8b533cf91d26dcc413050de3259db35aaac64fd52f77136de20f270365c7,2b23ff597dfc7ccf1802498dbb995497250256399ce5a4c691ea74faa2594b41,ebbceb60d8e299b6f930da12eca58c6dfab1e25f,False
results/R3_C2_Yang_SA_depth/R3_C2_3A/_field/e_f201z200L600w250r50f201_zs200.env,ba08d50fcb74c73e42780714c0da34c8ef7cd750e0117b81671a881f93378b20,89eb2e4251d5af5b87200d3be2a8211fc3f3fb17dfef9e6a5469d9ab5a49dac5,c27c28a1ee7ce72b8ffcce8de35f63e09e9d51c5,True
results/R3_C2_Yang_SA_depth/R3_C2_3A/_field/e_f201z200L600w250r50f201_zs200.flp,b114ad98cecd57f0861f5200e16ee1685e0c2f9025c65503490fb056b0f43469,be9a474a56f46dce2f2a33cdcb3dcb6bd93a1645c22e591264a46183ddeffe92,45141858518642ed2075833948cf630f84cc3d13,True
results/R3_C2_Yang_SA_depth/R3_C2_3A/_field/e_f201z200L600w250r50f201_zs200.mod,e05c5ee06dcec6446f81522b8b074e71e31c44e7beda8287163e89fa095ac628,3a495ca01b6f2f4be09083fd8b905af9d0abedd4168153ed722f1d12e83c612f,510a4a3a0c149f5f05f12884c1dc3c7b890cb6c5,False
results/R3_C2_Yang_SA_depth/R3_C2_3A/_field/e_f201z200L600w250r50f201_zs200.shd,a250fdb58b3293d3f583ef11665b987b268223310b68150f2aadfc0f602db587,a250fdb58b3293d3f583ef11665b987b268223310b68150f2aadfc0f602db587,80e5cb48d325206760aad2ab31b0eae4933bd24c,False
results/R3_C2_Yang_SA_depth/R3_C2_3A/_field/e_f201z210L1200w250r50f201_zs210.env,d96475444ee52e1c4155265e6285ece57d7692bc6d6bc22e187fbd6ccd06e68f,01c7da58eed83426191b01858be02acbf96a35eb13ad2618ac326416890efe9b,080b84140d86ced119c82a7749ec15a62dc8c987,True
results/R3_C2_Yang_SA_depth/R3_C2_3A/_field/e_f201z210L1200w250r50f201_zs210.flp,9f931731f7e15f2b7f9080a7b9dadacacdb078f77fdff9f77969a99d5b787146,b475233266b7df20c0cf697eab399c504ddb4304fa350261ca15350d427ad6d8,ef0f12330985b04886df7c1886d960323c79123c,True
results/R3_C2_Yang_SA_depth/R3_C2_3A/_field/e_f201z210L1200w250r50f201_zs210.mod,e05c5ee06dcec6446f81522b8b074e71e31c44e7beda8287163e89fa095ac628,3a495ca01b6f2f4be09083fd8b905af9d0abedd4168153ed722f1d12e83c612f,510a4a3a0c149f5f05f12884c1dc3c7b890cb6c5,False
results/R3_C2_Yang_SA_depth/R3_C2_3A/_field/e_f201z210L1200w250r50f201_zs210.shd,d13b6c40394893bf42a343ba885f141cd41b26cf6cf397c9819840e2b1fedcc2,d13b6c40394893bf42a343ba885f141cd41b26cf6cf397c9819840e2b1fedcc2,3b36a8f6d0dd94469ca03285a785f7198f3b31da,False
results/R3_C2_Yang_SA_depth/R3_C2_3A/_field/e_f201z210L2400w250r50f201_zs210.env,d96475444ee52e1c4155265e6285ece57d7692bc6d6bc22e187fbd6ccd06e68f,01c7da58eed83426191b01858be02acbf96a35eb13ad2618ac326416890efe9b,080b84140d86ced119c82a7749ec15a62dc8c987,True
results/R3_C2_Yang_SA_depth/R3_C2_3A/_field/e_f201z210L2400w250r50f201_zs210.flp,ae7fec31e8536caa4c37714b1ea662d84ecd625d632bf5097fd2f462e7e6b6b4,dc22d95533b1f3d41cd2744bbc5707fb6ef4432e418924b7da0216cb372dcab1,74fcb52c7c6dcfa0470b1bdcd4e3c3585089d749,True
results/R3_C2_Yang_SA_depth/R3_C2_3A/_field/e_f201z210L2400w250r50f201_zs210.mod,e05c5ee06dcec6446f81522b8b074e71e31c44e7beda8287163e89fa095ac628,3a495ca01b6f2f4be09083fd8b905af9d0abedd4168153ed722f1d12e83c612f,510a4a3a0c149f5f05f12884c1dc3c7b890cb6c5,False
results/R3_C2_Yang_SA_depth/R3_C2_3A/_field/e_f201z210L2400w250r50f201_zs210.shd,3f558399404d2f36101a66186e4e29585621ab26035da14b3ef29de698f68220,12f15bf4540547104c2dcb554f766bc82cdfe03e6251fe4950ad70e3a8649cdf,22fcde2e49c1688f9ee8b47be235a1046a2c3a8b,False
results/R3_C2_Yang_SA_depth/R3_C2_3A/_field/e_f201z210L600w250r50f201_zs210.env,d96475444ee52e1c4155265e6285ece57d7692bc6d6bc22e187fbd6ccd06e68f,01c7da58eed83426191b01858be02acbf96a35eb13ad2618ac326416890efe9b,080b84140d86ced119c82a7749ec15a62dc8c987,True
results/R3_C2_Yang_SA_depth/R3_C2_3A/_field/e_f201z210L600w250r50f201_zs210.flp,21cb226ac74778787dc50f932916196f51f35628d43f7f2003a62adf74dfe2ae,73fa9936c70b1963ea1ae2c721a7ae305a2f6c2cbb673f49e741f373f5b5ae11,9fc48eed017d372b623538e49cc1826f0322e4dc,True
results/R3_C2_Yang_SA_depth/R3_C2_3A/_field/e_f201z210L600w250r50f201_zs210.mod,e05c5ee06dcec6446f81522b8b074e71e31c44e7beda8287163e89fa095ac628,3a495ca01b6f2f4be09083fd8b905af9d0abedd4168153ed722f1d12e83c612f,510a4a3a0c149f5f05f12884c1dc3c7b890cb6c5,False
results/R3_C2_Yang_SA_depth/R3_C2_3A/_field/e_f201z210L600w250r50f201_zs210.shd,b89357d57a327f8727ccee3270de9326e7c6c4962edba8f1b6ac7b4cbc50a1b0,7927cff813fb990fc245c211bb57a49debf9011edd5fe6b9aeb23173c1964333,677ece9b6a7c6d94cd75c058363826247291d317,False
results/R3_C2_Yang_SA_depth/R3_C2_3A/_field/e_f201z220L1200w250r50f201_zs220.env,85263e4ef7de4ff8112474ad1499090d9f174ff4470f3dd94f0a666c5cfe752a,399607f1accb0d1331a86e5fdf6a7103e9b1680300347599bc9c42dc1db7b66a,72a78e3129a65395af4e234ba30379b9d50956df,True
results/R3_C2_Yang_SA_depth/R3_C2_3A/_field/e_f201z220L1200w250r50f201_zs220.flp,b5a576fbdba048ad324e625584b4ff775de4f198265907e04fcc194c8407e7ed,0b6a5bef738b58daec6633067e1edbf9b6d5a6712f690e99108d6662b45d248c,0d27f89e7bade83a7201ee7cf8b5327582a7c132,True
results/R3_C2_Yang_SA_depth/R3_C2_3A/_field/e_f201z220L1200w250r50f201_zs220.mod,e05c5ee06dcec6446f81522b8b074e71e31c44e7beda8287163e89fa095ac628,3a495ca01b6f2f4be09083fd8b905af9d0abedd4168153ed722f1d12e83c612f,510a4a3a0c149f5f05f12884c1dc3c7b890cb6c5,False
results/R3_C2_Yang_SA_depth/R3_C2_3A/_field/e_f201z220L1200w250r50f201_zs220.shd,ea89c2e6fedff92c8e4b20ac25a74caca770ea7f69c48ebc7243cd6df693d6a1,ea89c2e6fedff92c8e4b20ac25a74caca770ea7f69c48ebc7243cd6df693d6a1,255353191a78379b2beb92adb8e0173489295a86,False
results/R3_C2_Yang_SA_depth/R3_C2_3A/_field/e_f201z220L2400w250r50f201_zs220.env,85263e4ef7de4ff8112474ad1499090d9f174ff4470f3dd94f0a666c5cfe752a,399607f1accb0d1331a86e5fdf6a7103e9b1680300347599bc9c42dc1db7b66a,72a78e3129a65395af4e234ba30379b9d50956df,True
results/R3_C2_Yang_SA_depth/R3_C2_3A/_field/e_f201z220L2400w250r50f201_zs220.flp,f0fbd6512361b88d2f81b1083516833d06a4c04019540d9db854b70656ce8d68,dba5f4b269ca15fe619203ab6aa12b8c028fc9fe52471c1846290c972639a64e,57bbc84a82af910f5a069333d54f8fd57770ab25,True
results/R3_C2_Yang_SA_depth/R3_C2_3A/_field/e_f201z220L2400w250r50f201_zs220.mod,e05c5ee06dcec6446f81522b8b074e71e31c44e7beda8287163e89fa095ac628,3a495ca01b6f2f4be09083fd8b905af9d0abedd4168153ed722f1d12e83c612f,510a4a3a0c149f5f05f12884c1dc3c7b890cb6c5,False
results/R3_C2_Yang_SA_depth/R3_C2_3A/_field/e_f201z220L2400w250r50f201_zs220.shd,92ce699d315017e44d91153985019745cbeee470f3f6845ddc729d32be5ef3df,194a6d86cf5c45b7e71e4221e0151e996bdca42cb0e2c84b7e210fa8775e9da6,727b642bbd79c4885349475b89f1dcbda3f0b553,False
results/R3_C2_Yang_SA_depth/R3_C2_3A/_field/e_f201z220L600w250r50f201_zs220.env,85263e4ef7de4ff8112474ad1499090d9f174ff4470f3dd94f0a666c5cfe752a,399607f1accb0d1331a86e5fdf6a7103e9b1680300347599bc9c42dc1db7b66a,72a78e3129a65395af4e234ba30379b9d50956df,True
results/R3_C2_Yang_SA_depth/R3_C2_3A/_field/e_f201z220L600w250r50f201_zs220.flp,d7e5c10542dc2ff65d9b0db45d9cbd92ba92e4a254a372ec781113ab947559e3,c11542d10ff2c4cfda7ffa6a26cdaff2dcf756b5c578b2d49c9aa40dae3b490d,2b04f0599fcd50e6346434dbfaf7ce1786e6867d,True
results/R3_C2_Yang_SA_depth/R3_C2_3A/_field/e_f201z220L600w250r50f201_zs220.mod,e05c5ee06dcec6446f81522b8b074e71e31c44e7beda8287163e89fa095ac628,3a495ca01b6f2f4be09083fd8b905af9d0abedd4168153ed722f1d12e83c612f,510a4a3a0c149f5f05f12884c1dc3c7b890cb6c5,False
results/R3_C2_Yang_SA_depth/R3_C2_3A/_field/e_f201z220L600w250r50f201_zs220.shd,afaa278060bda0793caef7c8746c48ca4218801a5ef6812681c1bf962ff22c92,afaa278060bda0793caef7c8746c48ca4218801a5ef6812681c1bf962ff22c92,ee07af6b2552eb6e72d8037f9e5bed0e42fd1e9c,False
results/R3_C2_Yang_SA_depth/R3_C2_3A/_field/e_f235z180L1200w250r50f235_zs180.env,b8c0116f141cb121f3e2c7030d2685f9a4ecc63e3b43f17ae9d46849d4f4f3f6,9ecfec1cf58ce030e7ca1b48477c5c03b9cea4c89809033fb821b94ccfa2f394,0a4136b096eb00c9af3ca29416850f8ad83a4ce1,True
results/R3_C2_Yang_SA_depth/R3_C2_3A/_field/e_f235z180L1200w250r50f235_zs180.flp,7ea1f1ea48867373aa4b0eb65843c11938e43f4237eaf6097fc91fc70f3afd63,e8f110f72814858ae4f8a2a4ed802570c3d62acb96b4a0c9a2ae93a890d42a02,04fe07d9813e0d9330ecaffc1c613669105acd52,True
results/R3_C2_Yang_SA_depth/R3_C2_3A/_field/e_f235z180L1200w250r50f235_zs180.mod,187c3e9380fb9d7fc073e5e3cc97e6580fb574b2e43ef055366d3521a9ec15f6,b65956177c85008fd7045871fb6db33b2233bc71348961e37c530fc89c8b02b4,7b2f81e6e9910c8444ce9c272dbeb7b22afadb38,False
results/R3_C2_Yang_SA_depth/R3_C2_3A/_field/e_f235z180L1200w250r50f235_zs180.shd,5759ec730ce6c0b22aa433e4821881ad5cf62b54de7de2db477b05268bb8d5fc,5759ec730ce6c0b22aa433e4821881ad5cf62b54de7de2db477b05268bb8d5fc,8e1151eeb29ee8e4ee188aac245379ce240a531b,False
results/R3_C2_Yang_SA_depth/R3_C2_3A/_field/e_f235z180L2400w250r50f235_zs180.env,b8c0116f141cb121f3e2c7030d2685f9a4ecc63e3b43f17ae9d46849d4f4f3f6,9ecfec1cf58ce030e7ca1b48477c5c03b9cea4c89809033fb821b94ccfa2f394,0a4136b096eb00c9af3ca29416850f8ad83a4ce1,True
results/R3_C2_Yang_SA_depth/R3_C2_3A/_field/e_f235z180L2400w250r50f235_zs180.flp,d553a2beec3847cc1d7249baec0b3c07c800b3fc17303ecd5afef9a115bd3dab,854a90d6a78c7e613d2ce8b95894974b010000dd93cdce70a5a2bc02f4ed8073,4c8cfe1fbbafdf561adf1df8022032056d9b6d96,True
results/R3_C2_Yang_SA_depth/R3_C2_3A/_field/e_f235z180L2400w250r50f235_zs180.mod,187c3e9380fb9d7fc073e5e3cc97e6580fb574b2e43ef055366d3521a9ec15f6,b65956177c85008fd7045871fb6db33b2233bc71348961e37c530fc89c8b02b4,7b2f81e6e9910c8444ce9c272dbeb7b22afadb38,False
results/R3_C2_Yang_SA_depth/R3_C2_3A/_field/e_f235z180L2400w250r50f235_zs180.shd,1f6780b98fddd70caeeff45623edb19aa1cf847a530036105bb77933846625bd,1f6780b98fddd70caeeff45623edb19aa1cf847a530036105bb77933846625bd,c2e06dc19e98a1c5b84777f9bb65cee1b859ede5,False
results/R3_C2_Yang_SA_depth/R3_C2_3A/_field/e_f235z180L600w250r50f235_zs180.env,b8c0116f141cb121f3e2c7030d2685f9a4ecc63e3b43f17ae9d46849d4f4f3f6,9ecfec1cf58ce030e7ca1b48477c5c03b9cea4c89809033fb821b94ccfa2f394,0a4136b096eb00c9af3ca29416850f8ad83a4ce1,True
results/R3_C2_Yang_SA_depth/R3_C2_3A/_field/e_f235z180L600w250r50f235_zs180.flp,afded66d7cf59d7813e5158178e3d640f9a0e986cddb6035db46dd6eb33b5f93,1d444d07326e21829831134bd8e967c4119aca68f96eae28d2c4f26e5ead013e,1fca81eb4bd8ad50b5caabd446d67503e3aa98e7,True
results/R3_C2_Yang_SA_depth/R3_C2_3A/_field/e_f235z180L600w250r50f235_zs180.mod,187c3e9380fb9d7fc073e5e3cc97e6580fb574b2e43ef055366d3521a9ec15f6,b65956177c85008fd7045871fb6db33b2233bc71348961e37c530fc89c8b02b4,7b2f81e6e9910c8444ce9c272dbeb7b22afadb38,False
results/R3_C2_Yang_SA_depth/R3_C2_3A/_field/e_f235z180L600w250r50f235_zs180.shd,2aef0be56e8450775de61d62642862e183dd8cbe59922d3ced01dd448867796c,2aef0be56e8450775de61d62642862e183dd8cbe59922d3ced01dd448867796c,a300a0440e2e77efbc995b53129cf68f88bc6c9d,False
results/R3_C2_Yang_SA_depth/R3_C2_3A/_field/e_f235z190L1200w250r50f235_zs190.env,b7b00f6c305e265b6210a8f50331902143f085f187f91b414fb155f3114d88a7,839acc2b8949cbd8a8888d2aaf1357608c6bd15012144b622f73c05e84425152,1e6f3c1945fdbb085a297e1401b585fcbb72b65b,True
results/R3_C2_Yang_SA_depth/R3_C2_3A/_field/e_f235z190L1200w250r50f235_zs190.flp,8e7800f7e53f42dd15c05f444860afd03fc184d1933c3ce1496798da472a411a,b540c5f2e9492e52fd93d4e2d10e71d675e38355ecdbf86c7be22dcab21b99ac,8d0a0c4dc0ba47e22f182f358474d1a24f9f1052,True
results/R3_C2_Yang_SA_depth/R3_C2_3A/_field/e_f235z190L1200w250r50f235_zs190.mod,187c3e9380fb9d7fc073e5e3cc97e6580fb574b2e43ef055366d3521a9ec15f6,b65956177c85008fd7045871fb6db33b2233bc71348961e37c530fc89c8b02b4,7b2f81e6e9910c8444ce9c272dbeb7b22afadb38,False
results/R3_C2_Yang_SA_depth/R3_C2_3A/_field/e_f235z190L1200w250r50f235_zs190.shd,3888ea15107072e7766bac1e85163309c2b0cbfc542c0848e60bc404572f07b3,3888ea15107072e7766bac1e85163309c2b0cbfc542c0848e60bc404572f07b3,a1d1dd5646f3c161175562ac46b637d86c5eebda,False
results/R3_C2_Yang_SA_depth/R3_C2_3A/_field/e_f235z190L2400w250r50f235_zs190.env,b7b00f6c305e265b6210a8f50331902143f085f187f91b414fb155f3114d88a7,839acc2b8949cbd8a8888d2aaf1357608c6bd15012144b622f73c05e84425152,1e6f3c1945fdbb085a297e1401b585fcbb72b65b,True
results/R3_C2_Yang_SA_depth/R3_C2_3A/_field/e_f235z190L2400w250r50f235_zs190.flp,92c4536d38b374403c417aef989ecfa866b9877a5ede1486cf876964fc82a99d,d5da1fb20d4011b39992f5af021dd92e568839d7161e9d9c4da83ab5fbc29fb2,b860cbf6c35233f5b56f0965587712858d094694,True
results/R3_C2_Yang_SA_depth/R3_C2_3A/_field/e_f235z190L2400w250r50f235_zs190.mod,187c3e9380fb9d7fc073e5e3cc97e6580fb574b2e43ef055366d3521a9ec15f6,b65956177c85008fd7045871fb6db33b2233bc71348961e37c530fc89c8b02b4,7b2f81e6e9910c8444ce9c272dbeb7b22afadb38,False
results/R3_C2_Yang_SA_depth/R3_C2_3A/_field/e_f235z190L2400w250r50f235_zs190.shd,8b406ae744f7c978063f598e20692bebcc89dc89e2be6e0f32e93f7866faa426,8b406ae744f7c978063f598e20692bebcc89dc89e2be6e0f32e93f7866faa426,2b1ec8f07554f77f679e53766a8498cbaa87f003,False
results/R3_C2_Yang_SA_depth/R3_C2_3A/_field/e_f235z190L600w250r50f235_zs190.env,b7b00f6c305e265b6210a8f50331902143f085f187f91b414fb155f3114d88a7,839acc2b8949cbd8a8888d2aaf1357608c6bd15012144b622f73c05e84425152,1e6f3c1945fdbb085a297e1401b585fcbb72b65b,True
results/R3_C2_Yang_SA_depth/R3_C2_3A/_field/e_f235z190L600w250r50f235_zs190.flp,fff2983d9fb0817852c5cfc7d718f81dab335d4b0fc5b7de361f41fdb1e8063f,2398a467ff7406e1d055d234711fc1764aa16a5f9a092c2fb369d086521911e4,53aa9b9bfeafdef503900b0b41089d7538f842b9,True
results/R3_C2_Yang_SA_depth/R3_C2_3A/_field/e_f235z190L600w250r50f235_zs190.mod,187c3e9380fb9d7fc073e5e3cc97e6580fb574b2e43ef055366d3521a9ec15f6,b65956177c85008fd7045871fb6db33b2233bc71348961e37c530fc89c8b02b4,7b2f81e6e9910c8444ce9c272dbeb7b22afadb38,False
results/R3_C2_Yang_SA_depth/R3_C2_3A/_field/e_f235z190L600w250r50f235_zs190.shd,bd19e186266cec545eb64fe0c8fc64f0ba8ba87c304257140671304599ced89a,ca3b74736ac78bb6eacf0b975d8d9f8bacc804a08caaf71a742c63ba04822b5a,f1d3ff17395250538224ce3bebc257661a2b456d,False
results/R3_C2_Yang_SA_depth/R3_C2_3A/_field/e_f235z200L1200w250r50f235_zs200.env,989c480d435cfbedfb5baebfc826c51c190fccc4c1e70237bf9c35109d614c41,3ac62e9062bd62c7ba78031f2f0cc28c345265e37a12431a7b9bf9e8a46f0c96,72a9580fc5bf1b1326792213591765573dc1e2e4,True
results/R3_C2_Yang_SA_depth/R3_C2_3A/_field/e_f235z200L1200w250r50f235_zs200.flp,6f4c8582dfe58f6385d6743caf2e0b6024111e7b008ac696c389637bc8f76e4f,78f19eadb924486defa9ef64913cb3cba91989bc73da2751349ddf6a24eb449f,52fb7f6dd5359e9e5a3facf040a5c07796847128,True
results/R3_C2_Yang_SA_depth/R3_C2_3A/_field/e_f235z200L1200w250r50f235_zs200.mod,187c3e9380fb9d7fc073e5e3cc97e6580fb574b2e43ef055366d3521a9ec15f6,b65956177c85008fd7045871fb6db33b2233bc71348961e37c530fc89c8b02b4,7b2f81e6e9910c8444ce9c272dbeb7b22afadb38,False
results/R3_C2_Yang_SA_depth/R3_C2_3A/_field/e_f235z200L1200w250r50f235_zs200.shd,fa0a9b2478a24896906964cb33adc6887f15fd0e659c1be82fe41d7c0831c7a5,fa0a9b2478a24896906964cb33adc6887f15fd0e659c1be82fe41d7c0831c7a5,a3c0c7a3cf97864b9f9e8295f9467a8bd33dae3d,False
results/R3_C2_Yang_SA_depth/R3_C2_3A/_field/e_f235z200L2400w0r50f235_zs200.env,989c480d435cfbedfb5baebfc826c51c190fccc4c1e70237bf9c35109d614c41,3ac62e9062bd62c7ba78031f2f0cc28c345265e37a12431a7b9bf9e8a46f0c96,72a9580fc5bf1b1326792213591765573dc1e2e4,True
results/R3_C2_Yang_SA_depth/R3_C2_3A/_field/e_f235z200L2400w0r50f235_zs200.flp,f335c230c5daf3a00c65f1a2be2b5159ca12bf63da29799ee546773aa0e0d288,bdb0f5248fb8c5d6d34e90cf233c262127674fda154255c6cb5e535475759998,9084a52e9ba5cd0ecc7cd0e34efdf02815e98530,True
results/R3_C2_Yang_SA_depth/R3_C2_3A/_field/e_f235z200L2400w0r50f235_zs200.mod,187c3e9380fb9d7fc073e5e3cc97e6580fb574b2e43ef055366d3521a9ec15f6,b65956177c85008fd7045871fb6db33b2233bc71348961e37c530fc89c8b02b4,7b2f81e6e9910c8444ce9c272dbeb7b22afadb38,False
results/R3_C2_Yang_SA_depth/R3_C2_3A/_field/e_f235z200L2400w0r50f235_zs200.shd,dc3bf801b564a5745c207ce5231d33d8a97cb401ff17f73d39fa86572f3712be,dc3bf801b564a5745c207ce5231d33d8a97cb401ff17f73d39fa86572f3712be,68c064b5522baa57ddfef7458280ea3898c9ea89,False
results/R3_C2_Yang_SA_depth/R3_C2_3A/_field/e_f235z200L2400w100r50f235_zs200.env,989c480d435cfbedfb5baebfc826c51c190fccc4c1e70237bf9c35109d614c41,3ac62e9062bd62c7ba78031f2f0cc28c345265e37a12431a7b9bf9e8a46f0c96,72a9580fc5bf1b1326792213591765573dc1e2e4,True
results/R3_C2_Yang_SA_depth/R3_C2_3A/_field/e_f235z200L2400w100r50f235_zs200.flp,f335c230c5daf3a00c65f1a2be2b5159ca12bf63da29799ee546773aa0e0d288,bdb0f5248fb8c5d6d34e90cf233c262127674fda154255c6cb5e535475759998,9084a52e9ba5cd0ecc7cd0e34efdf02815e98530,True
results/R3_C2_Yang_SA_depth/R3_C2_3A/_field/e_f235z200L2400w100r50f235_zs200.mod,187c3e9380fb9d7fc073e5e3cc97e6580fb574b2e43ef055366d3521a9ec15f6,b65956177c85008fd7045871fb6db33b2233bc71348961e37c530fc89c8b02b4,7b2f81e6e9910c8444ce9c272dbeb7b22afadb38,False
results/R3_C2_Yang_SA_depth/R3_C2_3A/_field/e_f235z200L2400w100r50f235_zs200.shd,dc3bf801b564a5745c207ce5231d33d8a97cb401ff17f73d39fa86572f3712be,dc3bf801b564a5745c207ce5231d33d8a97cb401ff17f73d39fa86572f3712be,68c064b5522baa57ddfef7458280ea3898c9ea89,False
results/R3_C2_Yang_SA_depth/R3_C2_3A/_field/e_f235z200L2400w250r47f235_zs200.env,989c480d435cfbedfb5baebfc826c51c190fccc4c1e70237bf9c35109d614c41,3ac62e9062bd62c7ba78031f2f0cc28c345265e37a12431a7b9bf9e8a46f0c96,72a9580fc5bf1b1326792213591765573dc1e2e4,True
results/R3_C2_Yang_SA_depth/R3_C2_3A/_field/e_f235z200L2400w250r47f235_zs200.flp,31133bf8aab599107ce494fc988b1555abccc5d27b4c8881753143d042b99cb4,e6580ce05fb82b7362d6c942e6434d936a26f6c741b50b6f47bc82f6251455dd,32343847f6fce2b175fc8f4566d6f9f8df724aa8,True
results/R3_C2_Yang_SA_depth/R3_C2_3A/_field/e_f235z200L2400w250r47f235_zs200.mod,187c3e9380fb9d7fc073e5e3cc97e6580fb574b2e43ef055366d3521a9ec15f6,b65956177c85008fd7045871fb6db33b2233bc71348961e37c530fc89c8b02b4,7b2f81e6e9910c8444ce9c272dbeb7b22afadb38,False
results/R3_C2_Yang_SA_depth/R3_C2_3A/_field/e_f235z200L2400w250r47f235_zs200.shd,7243b1b020ae8232a25a6b70993e978060dff22a6765a4e498a1c2cce18c21a4,7243b1b020ae8232a25a6b70993e978060dff22a6765a4e498a1c2cce18c21a4,e29a93fc66a76be05415afec7226aab84a9376e4,False
results/R3_C2_Yang_SA_depth/R3_C2_3A/_field/e_f235z200L2400w250r50f235_zs200.env,989c480d435cfbedfb5baebfc826c51c190fccc4c1e70237bf9c35109d614c41,3ac62e9062bd62c7ba78031f2f0cc28c345265e37a12431a7b9bf9e8a46f0c96,72a9580fc5bf1b1326792213591765573dc1e2e4,True
results/R3_C2_Yang_SA_depth/R3_C2_3A/_field/e_f235z200L2400w250r50f235_zs200.flp,f335c230c5daf3a00c65f1a2be2b5159ca12bf63da29799ee546773aa0e0d288,bdb0f5248fb8c5d6d34e90cf233c262127674fda154255c6cb5e535475759998,9084a52e9ba5cd0ecc7cd0e34efdf02815e98530,True
results/R3_C2_Yang_SA_depth/R3_C2_3A/_field/e_f235z200L2400w250r50f235_zs200.mod,187c3e9380fb9d7fc073e5e3cc97e6580fb574b2e43ef055366d3521a9ec15f6,b65956177c85008fd7045871fb6db33b2233bc71348961e37c530fc89c8b02b4,7b2f81e6e9910c8444ce9c272dbeb7b22afadb38,False
results/R3_C2_Yang_SA_depth/R3_C2_3A/_field/e_f235z200L2400w250r50f235_zs200.shd,dc3bf801b564a5745c207ce5231d33d8a97cb401ff17f73d39fa86572f3712be,dc3bf801b564a5745c207ce5231d33d8a97cb401ff17f73d39fa86572f3712be,68c064b5522baa57ddfef7458280ea3898c9ea89,False
results/R3_C2_Yang_SA_depth/R3_C2_3A/_field/e_f235z200L2400w250r55f235_zs200.env,989c480d435cfbedfb5baebfc826c51c190fccc4c1e70237bf9c35109d614c41,3ac62e9062bd62c7ba78031f2f0cc28c345265e37a12431a7b9bf9e8a46f0c96,72a9580fc5bf1b1326792213591765573dc1e2e4,True
results/R3_C2_Yang_SA_depth/R3_C2_3A/_field/e_f235z200L2400w250r55f235_zs200.flp,34948165ccd5a6940cc406f23e3b0ac3769f2dd42dacf515d5dc409ede159880,0593727594ca305d3dd73182cc3dcf42502be6d5c645ff7093ab6953323500ec,aec72f1af576dbbee4fef9d30c374133e7e688ef,True
results/R3_C2_Yang_SA_depth/R3_C2_3A/_field/e_f235z200L2400w250r55f235_zs200.mod,187c3e9380fb9d7fc073e5e3cc97e6580fb574b2e43ef055366d3521a9ec15f6,b65956177c85008fd7045871fb6db33b2233bc71348961e37c530fc89c8b02b4,7b2f81e6e9910c8444ce9c272dbeb7b22afadb38,False
results/R3_C2_Yang_SA_depth/R3_C2_3A/_field/e_f235z200L2400w250r55f235_zs200.shd,34876386965e74b91bd70ff10b07b949b685d172ca4547a90a2710fe2eeb489f,34876386965e74b91bd70ff10b07b949b685d172ca4547a90a2710fe2eeb489f,388541a8f5680434c0819eb1640c64144c0a5154,False
results/R3_C2_Yang_SA_depth/R3_C2_3A/_field/e_f235z200L2400w500r50f235_zs200.env,989c480d435cfbedfb5baebfc826c51c190fccc4c1e70237bf9c35109d614c41,3ac62e9062bd62c7ba78031f2f0cc28c345265e37a12431a7b9bf9e8a46f0c96,72a9580fc5bf1b1326792213591765573dc1e2e4,True
results/R3_C2_Yang_SA_depth/R3_C2_3A/_field/e_f235z200L2400w500r50f235_zs200.flp,f335c230c5daf3a00c65f1a2be2b5159ca12bf63da29799ee546773aa0e0d288,bdb0f5248fb8c5d6d34e90cf233c262127674fda154255c6cb5e535475759998,9084a52e9ba5cd0ecc7cd0e34efdf02815e98530,True
results/R3_C2_Yang_SA_depth/R3_C2_3A/_field/e_f235z200L2400w500r50f235_zs200.mod,187c3e9380fb9d7fc073e5e3cc97e6580fb574b2e43ef055366d3521a9ec15f6,b65956177c85008fd7045871fb6db33b2233bc71348961e37c530fc89c8b02b4,7b2f81e6e9910c8444ce9c272dbeb7b22afadb38,False
results/R3_C2_Yang_SA_depth/R3_C2_3A/_field/e_f235z200L2400w500r50f235_zs200.shd,dc3bf801b564a5745c207ce5231d33d8a97cb401ff17f73d39fa86572f3712be,dc3bf801b564a5745c207ce5231d33d8a97cb401ff17f73d39fa86572f3712be,68c064b5522baa57ddfef7458280ea3898c9ea89,False
results/R3_C2_Yang_SA_depth/R3_C2_3A/_field/e_f235z200L600w250r50f235_zs200.env,989c480d435cfbedfb5baebfc826c51c190fccc4c1e70237bf9c35109d614c41,3ac62e9062bd62c7ba78031f2f0cc28c345265e37a12431a7b9bf9e8a46f0c96,72a9580fc5bf1b1326792213591765573dc1e2e4,True
results/R3_C2_Yang_SA_depth/R3_C2_3A/_field/e_f235z200L600w250r50f235_zs200.flp,2d545780cfb45f51cd53e420749945bb4ddf7d591f0d8f14ae11666e99dc5b23,08b982a65873831466b2a34e8cc74595927ac05370d7d5253540285f73c58587,199523325de50e32c78f0d65277ea3b3288a9cf5,True
results/R3_C2_Yang_SA_depth/R3_C2_3A/_field/e_f235z200L600w250r50f235_zs200.mod,187c3e9380fb9d7fc073e5e3cc97e6580fb574b2e43ef055366d3521a9ec15f6,b65956177c85008fd7045871fb6db33b2233bc71348961e37c530fc89c8b02b4,7b2f81e6e9910c8444ce9c272dbeb7b22afadb38,False
results/R3_C2_Yang_SA_depth/R3_C2_3A/_field/e_f235z200L600w250r50f235_zs200.shd,e6c061b135ffefdb543794fff599d864be800120f67fa71d1bbb0b21d9467f69,e6c061b135ffefdb543794fff599d864be800120f67fa71d1bbb0b21d9467f69,32de1a56b2bcdc7c768ee8b9d52d346eea59ffd0,False
results/R3_C2_Yang_SA_depth/R3_C2_3A/_field/e_f235z210L1200w250r50f235_zs210.env,0f13000f8d7f9f1e3af3e3ab73431ad68ce4e94df0c1f660f465213623516509,853b7d3d2269f3ebd9818d812db63ae1c198f7d498fc44d7a59ffe9ed19de83d,d0da6d3204dbe87d291632324777614810b8f35c,True
results/R3_C2_Yang_SA_depth/R3_C2_3A/_field/e_f235z210L1200w250r50f235_zs210.flp,39d79217393039885cff10671dcf54aafcb8e1c0cf9e5d5727354ca28cc20138,1a6f8754452de53c6791701a7796742af2a492875834ecb70d9465b3e6d2ca11,0f70cef7e872bf275dbcccf197d8577b5764c5de,True
results/R3_C2_Yang_SA_depth/R3_C2_3A/_field/e_f235z210L1200w250r50f235_zs210.mod,187c3e9380fb9d7fc073e5e3cc97e6580fb574b2e43ef055366d3521a9ec15f6,b65956177c85008fd7045871fb6db33b2233bc71348961e37c530fc89c8b02b4,7b2f81e6e9910c8444ce9c272dbeb7b22afadb38,False
results/R3_C2_Yang_SA_depth/R3_C2_3A/_field/e_f235z210L1200w250r50f235_zs210.shd,178ff864d43103469afe763d30b37aed7f95ff820d6fab723935e68930499ab7,178ff864d43103469afe763d30b37aed7f95ff820d6fab723935e68930499ab7,636d89c7adc1192d3f2b1e8747cfd75493f49ca3,False
results/R3_C2_Yang_SA_depth/R3_C2_3A/_field/e_f235z210L2400w250r50f235_zs210.env,0f13000f8d7f9f1e3af3e3ab73431ad68ce4e94df0c1f660f465213623516509,853b7d3d2269f3ebd9818d812db63ae1c198f7d498fc44d7a59ffe9ed19de83d,d0da6d3204dbe87d291632324777614810b8f35c,True
results/R3_C2_Yang_SA_depth/R3_C2_3A/_field/e_f235z210L2400w250r50f235_zs210.flp,12e2181842ba8490b86939d6ce9890237fe0b731e3100ef531094584a1e5e473,87b48c6370ff7aeadda84685a76648250bd0986ec6ae64c9f31b2f888280a6c2,e31a842faf1cd8b4ba4576f44d63b67c76fc84e5,True
results/R3_C2_Yang_SA_depth/R3_C2_3A/_field/e_f235z210L2400w250r50f235_zs210.mod,187c3e9380fb9d7fc073e5e3cc97e6580fb574b2e43ef055366d3521a9ec15f6,b65956177c85008fd7045871fb6db33b2233bc71348961e37c530fc89c8b02b4,7b2f81e6e9910c8444ce9c272dbeb7b22afadb38,False
results/R3_C2_Yang_SA_depth/R3_C2_3A/_field/e_f235z210L2400w250r50f235_zs210.shd,60e3e4c828641d85f215e0bc481983390fff1ea40ad7a8b3ae4530adb1d950f2,60e3e4c828641d85f215e0bc481983390fff1ea40ad7a8b3ae4530adb1d950f2,fec3b798f9d72259f21a86e0ac20c44558adf8a5,False
results/R3_C2_Yang_SA_depth/R3_C2_3A/_field/e_f235z210L600w250r50f235_zs210.env,0f13000f8d7f9f1e3af3e3ab73431ad68ce4e94df0c1f660f465213623516509,853b7d3d2269f3ebd9818d812db63ae1c198f7d498fc44d7a59ffe9ed19de83d,d0da6d3204dbe87d291632324777614810b8f35c,True
results/R3_C2_Yang_SA_depth/R3_C2_3A/_field/e_f235z210L600w250r50f235_zs210.flp,6888f486ec472a186034ea5c643f3740b37c4d3e4f11d0af8448bbc5a9c81a5a,77b4fa031f2ecb64cf3ba9e1da71b13cd86b36f0f1e7ef480850f3842a5c34af,16164baf5483166e965766583c0dc6a033d30aba,True
results/R3_C2_Yang_SA_depth/R3_C2_3A/_field/e_f235z210L600w250r50f235_zs210.mod,187c3e9380fb9d7fc073e5e3cc97e6580fb574b2e43ef055366d3521a9ec15f6,b65956177c85008fd7045871fb6db33b2233bc71348961e37c530fc89c8b02b4,7b2f81e6e9910c8444ce9c272dbeb7b22afadb38,False
results/R3_C2_Yang_SA_depth/R3_C2_3A/_field/e_f235z210L600w250r50f235_zs210.shd,d60c03518739acc763c17ef99b66c86e1483c455c3d52fd0031e81840426e432,d60c03518739acc763c17ef99b66c86e1483c455c3d52fd0031e81840426e432,695fd2d8598d1acd4485ee9068f670664b04cc96,False
results/R3_C2_Yang_SA_depth/R3_C2_3A/_field/e_f235z220L1200w250r50f235_zs220.env,eca4b8001e73a596fb58d5d0f4e866400d59157c783733a8dc9fc321874b2859,be1ce79959efd9fbfb05e8aefd414eff70ea9caaf654e51a4ffd0e11be1591a1,b6069a21ac84ff7c66d9fb87324738c7e5fb8fdb,True
results/R3_C2_Yang_SA_depth/R3_C2_3A/_field/e_f235z220L1200w250r50f235_zs220.flp,68ea2629634ffecbdefbef11e248c64e2831fcc66f6e5ca264f1ce4aab34e67f,92687b282ccf9572d0ec2014d829ca31813f60916fa62914b0f6789ac1176152,36e2abcd3d7e3abef07d4797b6058f331a226aae,True
results/R3_C2_Yang_SA_depth/R3_C2_3A/_field/e_f235z220L1200w250r50f235_zs220.mod,187c3e9380fb9d7fc073e5e3cc97e6580fb574b2e43ef055366d3521a9ec15f6,b65956177c85008fd7045871fb6db33b2233bc71348961e37c530fc89c8b02b4,7b2f81e6e9910c8444ce9c272dbeb7b22afadb38,False
results/R3_C2_Yang_SA_depth/R3_C2_3A/_field/e_f235z220L1200w250r50f235_zs220.shd,a392813c918a5fc30b52da5131643ca2687fd7e863e88a20f6d2dd3917158601,a392813c918a5fc30b52da5131643ca2687fd7e863e88a20f6d2dd3917158601,c8e76f4dbdf9db712cd100315cc92347565d9de8,False
results/R3_C2_Yang_SA_depth/R3_C2_3A/_field/e_f235z220L2400w250r50f235_zs220.env,eca4b8001e73a596fb58d5d0f4e866400d59157c783733a8dc9fc321874b2859,be1ce79959efd9fbfb05e8aefd414eff70ea9caaf654e51a4ffd0e11be1591a1,b6069a21ac84ff7c66d9fb87324738c7e5fb8fdb,True
results/R3_C2_Yang_SA_depth/R3_C2_3A/_field/e_f235z220L2400w250r50f235_zs220.flp,8b5d0f81e589a16f96b49fcddff5e7892a574a27320f042bdc7874be802d4b9d,16e32445423406089d190b2cac355dc96c1dec4cf4f3b56edd489b7542f53fa0,80b46c88f837a5d471e37bfdd1cc904fe85ace1a,True
results/R3_C2_Yang_SA_depth/R3_C2_3A/_field/e_f235z220L2400w250r50f235_zs220.mod,187c3e9380fb9d7fc073e5e3cc97e6580fb574b2e43ef055366d3521a9ec15f6,b65956177c85008fd7045871fb6db33b2233bc71348961e37c530fc89c8b02b4,7b2f81e6e9910c8444ce9c272dbeb7b22afadb38,False
results/R3_C2_Yang_SA_depth/R3_C2_3A/_field/e_f235z220L2400w250r50f235_zs220.shd,97a5160ba6b0375ad6f2d6263f7667f605af93dd78b873c5e258c9b9a52421f4,97a5160ba6b0375ad6f2d6263f7667f605af93dd78b873c5e258c9b9a52421f4,c51924ec96baa71c9c718a3091c4f9fee65f6010,False
results/R3_C2_Yang_SA_depth/R3_C2_3A/_field/e_f235z220L600w250r50f235_zs220.env,eca4b8001e73a596fb58d5d0f4e866400d59157c783733a8dc9fc321874b2859,be1ce79959efd9fbfb05e8aefd414eff70ea9caaf654e51a4ffd0e11be1591a1,b6069a21ac84ff7c66d9fb87324738c7e5fb8fdb,True
results/R3_C2_Yang_SA_depth/R3_C2_3A/_field/e_f235z220L600w250r50f235_zs220.flp,3b78da513f0712c629be17eb59fbcff5c07b2c3b7cbb561bd4d0ce7ed874f5da,a58bc538847110854e20caf4c46f49e8a2cfbf681c0668b6ed8554e5795b149c,bf94d87e45a37ec4100c4a9deeed6592cdbec75c,True
results/R3_C2_Yang_SA_depth/R3_C2_3A/_field/e_f235z220L600w250r50f235_zs220.mod,187c3e9380fb9d7fc073e5e3cc97e6580fb574b2e43ef055366d3521a9ec15f6,b65956177c85008fd7045871fb6db33b2233bc71348961e37c530fc89c8b02b4,7b2f81e6e9910c8444ce9c272dbeb7b22afadb38,False
results/R3_C2_Yang_SA_depth/R3_C2_3A/_field/e_f235z220L600w250r50f235_zs220.shd,8b1a6adbb8dc2e30adca02f0baea9d2fdecd4994ae6fdaa6c2275e70c8d33298,8b1a6adbb8dc2e30adca02f0baea9d2fdecd4994ae6fdaa6c2275e70c8d33298,38347d1ad4691c17cd2505bb063d1930620f04bf,False
results/R3_C2_Yang_SA_depth/R3_C2_3A/_field/e_f283z180L1200w250r50f283_zs180.env,37e9eb6c0df402334262b1fbe17336631a9e7e35b3fbd81140a9d172a219f2f3,76c8fbe61b80af1362875883eea8dfa4eba81d5d5ed8c55104475816665dbf96,dac0d322cc73ae073b06d8c96774971c60189610,True
results/R3_C2_Yang_SA_depth/R3_C2_3A/_field/e_f283z180L1200w250r50f283_zs180.flp,b0637ebd876c27e33d01a1435a02e847c9deb2d29b17e108df79ebb4e6113745,8241413aa3157bc19044eb5e873be227def0cee8d65749c4ed195b871270bf20,19c94bb183ccaec142177ba304c64788d0942eaa,True
results/R3_C2_Yang_SA_depth/R3_C2_3A/_field/e_f283z180L1200w250r50f283_zs180.mod,5d72a736ddae45bb3fbfd15514f9fb8f6b5e89e16feb598898ee3b64e4f199b2,f4590bd57de4e37a2ac0152191e80cce15fbe61d23efac9de55f1066c31a419b,653e0f445ecab8894be94c35c3d94dcc73772030,False
results/R3_C2_Yang_SA_depth/R3_C2_3A/_field/e_f283z180L1200w250r50f283_zs180.shd,dd8a35f8eca8de2b2d07fff9b970971f36536379acfe029c9abaa960eebd3a75,dd8a35f8eca8de2b2d07fff9b970971f36536379acfe029c9abaa960eebd3a75,077a104198a7299060dacfc342f034eaef90ce79,False
results/R3_C2_Yang_SA_depth/R3_C2_3A/_field/e_f283z180L2400w250r50f283_zs180.env,37e9eb6c0df402334262b1fbe17336631a9e7e35b3fbd81140a9d172a219f2f3,76c8fbe61b80af1362875883eea8dfa4eba81d5d5ed8c55104475816665dbf96,dac0d322cc73ae073b06d8c96774971c60189610,True
results/R3_C2_Yang_SA_depth/R3_C2_3A/_field/e_f283z180L2400w250r50f283_zs180.flp,153295e4eca20ff35546cb8edac5c31f1c09030d024f3f44897e7214b270109e,75144b7f21b9215104369fea0a73901ac83d2e60d42462681cf0c804e31eb604,3b5d49344ef0ea9a1811e9443896b3d1f69e9520,True
results/R3_C2_Yang_SA_depth/R3_C2_3A/_field/e_f283z180L2400w250r50f283_zs180.mod,5d72a736ddae45bb3fbfd15514f9fb8f6b5e89e16feb598898ee3b64e4f199b2,f4590bd57de4e37a2ac0152191e80cce15fbe61d23efac9de55f1066c31a419b,653e0f445ecab8894be94c35c3d94dcc73772030,False
results/R3_C2_Yang_SA_depth/R3_C2_3A/_field/e_f283z180L2400w250r50f283_zs180.shd,5e4d0b6a06d5979d71710ea15296e9c8580f022313fa78e6822226e22b222656,5e4d0b6a06d5979d71710ea15296e9c8580f022313fa78e6822226e22b222656,e06db65fe4df6ce9117b67dc1711f57bdd3b7e81,False
results/R3_C2_Yang_SA_depth/R3_C2_3A/_field/e_f283z180L600w250r50f283_zs180.env,37e9eb6c0df402334262b1fbe17336631a9e7e35b3fbd81140a9d172a219f2f3,76c8fbe61b80af1362875883eea8dfa4eba81d5d5ed8c55104475816665dbf96,dac0d322cc73ae073b06d8c96774971c60189610,True
results/R3_C2_Yang_SA_depth/R3_C2_3A/_field/e_f283z180L600w250r50f283_zs180.flp,903c55c5b09a5785b551850e9738521f8ba7a36eff8fb1f212ed0fc8f0d08732,30d47a189c919352ee194c5132cc276618ffbfef4d40ce542b30ce47b677b1f5,f0472b1de6bc1549bd3ea667eef4501faf3fdffc,True
results/R3_C2_Yang_SA_depth/R3_C2_3A/_field/e_f283z180L600w250r50f283_zs180.mod,5d72a736ddae45bb3fbfd15514f9fb8f6b5e89e16feb598898ee3b64e4f199b2,f4590bd57de4e37a2ac0152191e80cce15fbe61d23efac9de55f1066c31a419b,653e0f445ecab8894be94c35c3d94dcc73772030,False
results/R3_C2_Yang_SA_depth/R3_C2_3A/_field/e_f283z180L600w250r50f283_zs180.shd,c661acfc68c4c4ea70e0805656bd1a148ab7f3c7e79a01bfa8bcab7a017d74c7,c661acfc68c4c4ea70e0805656bd1a148ab7f3c7e79a01bfa8bcab7a017d74c7,c09bc68c8e62f3a6d532c87f52c0014fa92e50cf,False
results/R3_C2_Yang_SA_depth/R3_C2_3A/_field/e_f283z190L1200w250r50f283_zs190.env,3805ed13bfecc893066dc6c66a3f84fe70bd8080c7a219e0b471e8aa109b6da7,814957db44ae4758f9733465b92d1ca1021bd42c3f13294f53242aa8ad0d6d11,e55c978004b3dd1036998a8ffdc9b52ae42e14be,True
results/R3_C2_Yang_SA_depth/R3_C2_3A/_field/e_f283z190L1200w250r50f283_zs190.flp,59af7677cfa846cea0ad80b79063e32612874d5ed361d20f504ae69ad36bd0dd,9dc58336ad21a0470b621152be0f4330b9392c69b2060cbde116768b7b6b5f28,ca587f814f81d5c509e88b778161a7ec97bd5638,True
results/R3_C2_Yang_SA_depth/R3_C2_3A/_field/e_f283z190L1200w250r50f283_zs190.mod,5d72a736ddae45bb3fbfd15514f9fb8f6b5e89e16feb598898ee3b64e4f199b2,f4590bd57de4e37a2ac0152191e80cce15fbe61d23efac9de55f1066c31a419b,653e0f445ecab8894be94c35c3d94dcc73772030,False
results/R3_C2_Yang_SA_depth/R3_C2_3A/_field/e_f283z190L1200w250r50f283_zs190.shd,192b96ef98b7bfa34421ab54c2f1877936e23126c6802d46f4b3c4a21ccf2bf5,d5d388c94b0c63934e169067a4c0a508bc1ac1307a250e37442a8bae6fbeef72,cd27763352ab7120375144ef52341a81e2b8aa73,False
results/R3_C2_Yang_SA_depth/R3_C2_3A/_field/e_f283z190L2400w250r50f283_zs190.env,3805ed13bfecc893066dc6c66a3f84fe70bd8080c7a219e0b471e8aa109b6da7,814957db44ae4758f9733465b92d1ca1021bd42c3f13294f53242aa8ad0d6d11,e55c978004b3dd1036998a8ffdc9b52ae42e14be,True
results/R3_C2_Yang_SA_depth/R3_C2_3A/_field/e_f283z190L2400w250r50f283_zs190.flp,14da2ef991114fbe0f36f4bfa4a287b65ec5e950b69e3429243995d795f8e4bb,6935ac2e3267bab161f985a8e9a7d24e5e6655b60707b0091759a454a43285b8,f6d50a4da46ecf387284bc5ee186615e5e8b49e3,True
results/R3_C2_Yang_SA_depth/R3_C2_3A/_field/e_f283z190L2400w250r50f283_zs190.mod,5d72a736ddae45bb3fbfd15514f9fb8f6b5e89e16feb598898ee3b64e4f199b2,f4590bd57de4e37a2ac0152191e80cce15fbe61d23efac9de55f1066c31a419b,653e0f445ecab8894be94c35c3d94dcc73772030,False
results/R3_C2_Yang_SA_depth/R3_C2_3A/_field/e_f283z190L2400w250r50f283_zs190.shd,e509f97b36f86f89a28d4476b59734d07adda6e1f355ebee21714a7c86324bb5,4e25bc6a26a6bbe693b32808b8d36df483256a6e03a9f407463c4c61d99832df,ba407de49ed2ec2f8502f3935cc25dad92d58654,False
results/R3_C2_Yang_SA_depth/R3_C2_3A/_field/e_f283z190L600w250r50f283_zs190.env,3805ed13bfecc893066dc6c66a3f84fe70bd8080c7a219e0b471e8aa109b6da7,814957db44ae4758f9733465b92d1ca1021bd42c3f13294f53242aa8ad0d6d11,e55c978004b3dd1036998a8ffdc9b52ae42e14be,True
results/R3_C2_Yang_SA_depth/R3_C2_3A/_field/e_f283z190L600w250r50f283_zs190.flp,b16c463b263080227d58995ea9402bde2b8718c081403b7a8a85b46c013e4e75,10bc951e63d099e10726d2ccdb0597a8a6640ce7a079e321e71d1b9ba3ae5fbf,8487f5c9b5d142311fea4b8f3d41c2038ccf817a,True
results/R3_C2_Yang_SA_depth/R3_C2_3A/_field/e_f283z190L600w250r50f283_zs190.mod,5d72a736ddae45bb3fbfd15514f9fb8f6b5e89e16feb598898ee3b64e4f199b2,f4590bd57de4e37a2ac0152191e80cce15fbe61d23efac9de55f1066c31a419b,653e0f445ecab8894be94c35c3d94dcc73772030,False
results/R3_C2_Yang_SA_depth/R3_C2_3A/_field/e_f283z190L600w250r50f283_zs190.shd,d022bf3707e20e4e999e18e0c4da548c4d7bc846f40655f267e62804861d29b8,d022bf3707e20e4e999e18e0c4da548c4d7bc846f40655f267e62804861d29b8,35d8f499d8516dd54670b3cfbbf3060c3a665519,False
results/R3_C2_Yang_SA_depth/R3_C2_3A/_field/e_f283z200L1200w250r50f283_zs200.env,ea7c97f32f100d2a71c39407f66db910ed4e6debcfa62b05cdb53f3b02c14ca8,2e953667cb6d5801503f0fa336c5c6a5ee5314731ffe515545b0676d5dca95c6,e0b40ce8b7544899ab6068ea633b489f6ef0238c,True
results/R3_C2_Yang_SA_depth/R3_C2_3A/_field/e_f283z200L1200w250r50f283_zs200.flp,33d3b478862e02c462defdfef37d5b7e212dbbd26bc6fd7f5b17312e309f8e93,7053b9d134d91efa5a793cbb19f160c29bfdd2257d2695c865746d15637cb0f6,2d602cfcf84d84dc9bb15be7f4fa79200eba7f48,True
results/R3_C2_Yang_SA_depth/R3_C2_3A/_field/e_f283z200L1200w250r50f283_zs200.mod,5d72a736ddae45bb3fbfd15514f9fb8f6b5e89e16feb598898ee3b64e4f199b2,f4590bd57de4e37a2ac0152191e80cce15fbe61d23efac9de55f1066c31a419b,653e0f445ecab8894be94c35c3d94dcc73772030,False
results/R3_C2_Yang_SA_depth/R3_C2_3A/_field/e_f283z200L1200w250r50f283_zs200.shd,780862b018b27c7ff370cc53370d51c1bc56566a2b9674c49adbb01f82d898fe,780862b018b27c7ff370cc53370d51c1bc56566a2b9674c49adbb01f82d898fe,ab29392fcfed563ec127688794c03ee02b69ecbf,False
results/R3_C2_Yang_SA_depth/R3_C2_3A/_field/e_f283z200L2400w0r50f283_zs200.env,ea7c97f32f100d2a71c39407f66db910ed4e6debcfa62b05cdb53f3b02c14ca8,2e953667cb6d5801503f0fa336c5c6a5ee5314731ffe515545b0676d5dca95c6,e0b40ce8b7544899ab6068ea633b489f6ef0238c,True
results/R3_C2_Yang_SA_depth/R3_C2_3A/_field/e_f283z200L2400w0r50f283_zs200.flp,d7ff9225fa75c521b872b2c58438feeaa2a09c34828c422e2664494911cb7af9,f7704d7887e5875f8886a34545ed04480f4bf95647917dec47a5cc34422fefc8,ce78658af48717e1b0da52ecfd72a104935eb200,True
results/R3_C2_Yang_SA_depth/R3_C2_3A/_field/e_f283z200L2400w0r50f283_zs200.mod,5d72a736ddae45bb3fbfd15514f9fb8f6b5e89e16feb598898ee3b64e4f199b2,f4590bd57de4e37a2ac0152191e80cce15fbe61d23efac9de55f1066c31a419b,653e0f445ecab8894be94c35c3d94dcc73772030,False
results/R3_C2_Yang_SA_depth/R3_C2_3A/_field/e_f283z200L2400w0r50f283_zs200.shd,ea7eb5e3c05e0507fca83bf74468deb1172366b37f58237da35e49bdc5ab3590,ea7eb5e3c05e0507fca83bf74468deb1172366b37f58237da35e49bdc5ab3590,15f33935b6c5269f9df1d090e44c077ed6fee65d,False
results/R3_C2_Yang_SA_depth/R3_C2_3A/_field/e_f283z200L2400w100r50f283_zs200.env,ea7c97f32f100d2a71c39407f66db910ed4e6debcfa62b05cdb53f3b02c14ca8,2e953667cb6d5801503f0fa336c5c6a5ee5314731ffe515545b0676d5dca95c6,e0b40ce8b7544899ab6068ea633b489f6ef0238c,True
results/R3_C2_Yang_SA_depth/R3_C2_3A/_field/e_f283z200L2400w100r50f283_zs200.flp,d7ff9225fa75c521b872b2c58438feeaa2a09c34828c422e2664494911cb7af9,f7704d7887e5875f8886a34545ed04480f4bf95647917dec47a5cc34422fefc8,ce78658af48717e1b0da52ecfd72a104935eb200,True
results/R3_C2_Yang_SA_depth/R3_C2_3A/_field/e_f283z200L2400w100r50f283_zs200.mod,5d72a736ddae45bb3fbfd15514f9fb8f6b5e89e16feb598898ee3b64e4f199b2,f4590bd57de4e37a2ac0152191e80cce15fbe61d23efac9de55f1066c31a419b,653e0f445ecab8894be94c35c3d94dcc73772030,False
results/R3_C2_Yang_SA_depth/R3_C2_3A/_field/e_f283z200L2400w100r50f283_zs200.shd,ea7eb5e3c05e0507fca83bf74468deb1172366b37f58237da35e49bdc5ab3590,ea7eb5e3c05e0507fca83bf74468deb1172366b37f58237da35e49bdc5ab3590,15f33935b6c5269f9df1d090e44c077ed6fee65d,False
results/R3_C2_Yang_SA_depth/R3_C2_3A/_field/e_f283z200L2400w250r47f283_zs200.env,ea7c97f32f100d2a71c39407f66db910ed4e6debcfa62b05cdb53f3b02c14ca8,2e953667cb6d5801503f0fa336c5c6a5ee5314731ffe515545b0676d5dca95c6,e0b40ce8b7544899ab6068ea633b489f6ef0238c,True
results/R3_C2_Yang_SA_depth/R3_C2_3A/_field/e_f283z200L2400w250r47f283_zs200.flp,2d94fe181357c145d98e0bce6807cfdb049535adcc9d2d7c170d3eae45ff12a1,07f8b5f484fb4d9fbeeeded864968d813df4bf74bc3e266bcbe2b11e823fd0bf,fdc9a1a2108eba5ee8dd2e5c8738b6ab7a54876a,True
results/R3_C2_Yang_SA_depth/R3_C2_3A/_field/e_f283z200L2400w250r47f283_zs200.mod,5d72a736ddae45bb3fbfd15514f9fb8f6b5e89e16feb598898ee3b64e4f199b2,f4590bd57de4e37a2ac0152191e80cce15fbe61d23efac9de55f1066c31a419b,653e0f445ecab8894be94c35c3d94dcc73772030,False
results/R3_C2_Yang_SA_depth/R3_C2_3A/_field/e_f283z200L2400w250r47f283_zs200.shd,a64446e74c7638ebdb7be0beaf2b8bb7858e941b7bdb8b30b30c75dc4e08f875,a64446e74c7638ebdb7be0beaf2b8bb7858e941b7bdb8b30b30c75dc4e08f875,ea60816570996d265261d44b6e29417fe99bded4,False
results/R3_C2_Yang_SA_depth/R3_C2_3A/_field/e_f283z200L2400w250r50f283_zs200.env,ea7c97f32f100d2a71c39407f66db910ed4e6debcfa62b05cdb53f3b02c14ca8,2e953667cb6d5801503f0fa336c5c6a5ee5314731ffe515545b0676d5dca95c6,e0b40ce8b7544899ab6068ea633b489f6ef0238c,True
results/R3_C2_Yang_SA_depth/R3_C2_3A/_field/e_f283z200L2400w250r50f283_zs200.flp,d7ff9225fa75c521b872b2c58438feeaa2a09c34828c422e2664494911cb7af9,f7704d7887e5875f8886a34545ed04480f4bf95647917dec47a5cc34422fefc8,ce78658af48717e1b0da52ecfd72a104935eb200,True
results/R3_C2_Yang_SA_depth/R3_C2_3A/_field/e_f283z200L2400w250r50f283_zs200.mod,5d72a736ddae45bb3fbfd15514f9fb8f6b5e89e16feb598898ee3b64e4f199b2,f4590bd57de4e37a2ac0152191e80cce15fbe61d23efac9de55f1066c31a419b,653e0f445ecab8894be94c35c3d94dcc73772030,False
results/R3_C2_Yang_SA_depth/R3_C2_3A/_field/e_f283z200L2400w250r50f283_zs200.shd,ea7eb5e3c05e0507fca83bf74468deb1172366b37f58237da35e49bdc5ab3590,ea7eb5e3c05e0507fca83bf74468deb1172366b37f58237da35e49bdc5ab3590,15f33935b6c5269f9df1d090e44c077ed6fee65d,False
results/R3_C2_Yang_SA_depth/R3_C2_3A/_field/e_f283z200L2400w250r55f283_zs200.env,ea7c97f32f100d2a71c39407f66db910ed4e6debcfa62b05cdb53f3b02c14ca8,2e953667cb6d5801503f0fa336c5c6a5ee5314731ffe515545b0676d5dca95c6,e0b40ce8b7544899ab6068ea633b489f6ef0238c,True
results/R3_C2_Yang_SA_depth/R3_C2_3A/_field/e_f283z200L2400w250r55f283_zs200.flp,fe654d75efeed40cc84b43ed21269ee65ce71a9032047928e58e86f5a2097aa1,eace5296da1500fc56dec8f42e7d15d67f1d4f35d55b4bf24ca425d83af8a5cf,d47da0544604e16dbc75fd0c5cad9bbbb0bb8766,True
results/R3_C2_Yang_SA_depth/R3_C2_3A/_field/e_f283z200L2400w250r55f283_zs200.mod,5d72a736ddae45bb3fbfd15514f9fb8f6b5e89e16feb598898ee3b64e4f199b2,f4590bd57de4e37a2ac0152191e80cce15fbe61d23efac9de55f1066c31a419b,653e0f445ecab8894be94c35c3d94dcc73772030,False
results/R3_C2_Yang_SA_depth/R3_C2_3A/_field/e_f283z200L2400w250r55f283_zs200.shd,1c4933b5f565d7be1b5972d46325dc5bfc8704cb99b9bc9f2bc7b4030260f5f5,1c4933b5f565d7be1b5972d46325dc5bfc8704cb99b9bc9f2bc7b4030260f5f5,1ec264e252f143416ff6fee7427c1eb36fdcd331,False
results/R3_C2_Yang_SA_depth/R3_C2_3A/_field/e_f283z200L2400w500r50f283_zs200.env,ea7c97f32f100d2a71c39407f66db910ed4e6debcfa62b05cdb53f3b02c14ca8,2e953667cb6d5801503f0fa336c5c6a5ee5314731ffe515545b0676d5dca95c6,e0b40ce8b7544899ab6068ea633b489f6ef0238c,True
results/R3_C2_Yang_SA_depth/R3_C2_3A/_field/e_f283z200L2400w500r50f283_zs200.flp,d7ff9225fa75c521b872b2c58438feeaa2a09c34828c422e2664494911cb7af9,f7704d7887e5875f8886a34545ed04480f4bf95647917dec47a5cc34422fefc8,ce78658af48717e1b0da52ecfd72a104935eb200,True
results/R3_C2_Yang_SA_depth/R3_C2_3A/_field/e_f283z200L2400w500r50f283_zs200.mod,5d72a736ddae45bb3fbfd15514f9fb8f6b5e89e16feb598898ee3b64e4f199b2,f4590bd57de4e37a2ac0152191e80cce15fbe61d23efac9de55f1066c31a419b,653e0f445ecab8894be94c35c3d94dcc73772030,False
results/R3_C2_Yang_SA_depth/R3_C2_3A/_field/e_f283z200L2400w500r50f283_zs200.shd,ea7eb5e3c05e0507fca83bf74468deb1172366b37f58237da35e49bdc5ab3590,ea7eb5e3c05e0507fca83bf74468deb1172366b37f58237da35e49bdc5ab3590,15f33935b6c5269f9df1d090e44c077ed6fee65d,False
results/R3_C2_Yang_SA_depth/R3_C2_3A/_field/e_f283z200L600w250r50f283_zs200.env,ea7c97f32f100d2a71c39407f66db910ed4e6debcfa62b05cdb53f3b02c14ca8,2e953667cb6d5801503f0fa336c5c6a5ee5314731ffe515545b0676d5dca95c6,e0b40ce8b7544899ab6068ea633b489f6ef0238c,True
results/R3_C2_Yang_SA_depth/R3_C2_3A/_field/e_f283z200L600w250r50f283_zs200.flp,68c68f7d7a8b93da38f70e845218c9065ce69906383a040eb5982eddaf5a7413,48fc01fa30eff290f175e1573506a0674cecfc95dfffc92b3715b5191db6b52b,0049735348bd7ea0f12c34f67621ea2ca9f9bcb9,True
results/R3_C2_Yang_SA_depth/R3_C2_3A/_field/e_f283z200L600w250r50f283_zs200.mod,5d72a736ddae45bb3fbfd15514f9fb8f6b5e89e16feb598898ee3b64e4f199b2,f4590bd57de4e37a2ac0152191e80cce15fbe61d23efac9de55f1066c31a419b,653e0f445ecab8894be94c35c3d94dcc73772030,False
results/R3_C2_Yang_SA_depth/R3_C2_3A/_field/e_f283z200L600w250r50f283_zs200.shd,932db09957a8424f52182bd1bec0a9a14fc1c48c41a2c8ebaeb2c3e9457460a6,932db09957a8424f52182bd1bec0a9a14fc1c48c41a2c8ebaeb2c3e9457460a6,69b0d276298b9216ac0d55d39e1b600ed266d0a8,False
results/R3_C2_Yang_SA_depth/R3_C2_3A/_field/e_f283z210L1200w250r50f283_zs210.env,1df59102077cda0eef7d9bf0f99067aaf7d8b7c9f1c5b8a750cfd87c7a62565f,ab8b5c097c069eb96f3916a5ec0225bebdb6e293ce6bdc772dc7717652c6f6ec,99e8bae503b76713733609888526366257daf513,True
results/R3_C2_Yang_SA_depth/R3_C2_3A/_field/e_f283z210L1200w250r50f283_zs210.flp,79b7daf09be66a712529c1b96efe19e143bf9fc364d0d33621946afa9ec128a9,1948c84763046277c3ec72122b7311a1c8fbb0affd1cdaaf4076c8945f697b24,32c0abc5ecfa5b1889494c8720847730ea482c83,True
results/R3_C2_Yang_SA_depth/R3_C2_3A/_field/e_f283z210L1200w250r50f283_zs210.mod,5d72a736ddae45bb3fbfd15514f9fb8f6b5e89e16feb598898ee3b64e4f199b2,f4590bd57de4e37a2ac0152191e80cce15fbe61d23efac9de55f1066c31a419b,653e0f445ecab8894be94c35c3d94dcc73772030,False
results/R3_C2_Yang_SA_depth/R3_C2_3A/_field/e_f283z210L1200w250r50f283_zs210.shd,fce2f806fd02b56d0c3a67af2de7454f541fe426539dfc2adc46ecad50baa36e,fce2f806fd02b56d0c3a67af2de7454f541fe426539dfc2adc46ecad50baa36e,305f94ce642c2b5da1e7721f75b2620e5fb0f257,False
results/R3_C2_Yang_SA_depth/R3_C2_3A/_field/e_f283z210L2400w250r50f283_zs210.env,1df59102077cda0eef7d9bf0f99067aaf7d8b7c9f1c5b8a750cfd87c7a62565f,ab8b5c097c069eb96f3916a5ec0225bebdb6e293ce6bdc772dc7717652c6f6ec,99e8bae503b76713733609888526366257daf513,True
results/R3_C2_Yang_SA_depth/R3_C2_3A/_field/e_f283z210L2400w250r50f283_zs210.flp,ad96ba3ec12dfbb948f0c196c913120de8d75e95e6ff181d89a4374984bb08b7,556bac6e6080aac8d08558a69c556eeb7633731d68b4f3a375ffd88ef3a6a3d8,0bdb411fde9956891036f1cacf42a8c5d11c7827,True
results/R3_C2_Yang_SA_depth/R3_C2_3A/_field/e_f283z210L2400w250r50f283_zs210.mod,5d72a736ddae45bb3fbfd15514f9fb8f6b5e89e16feb598898ee3b64e4f199b2,f4590bd57de4e37a2ac0152191e80cce15fbe61d23efac9de55f1066c31a419b,653e0f445ecab8894be94c35c3d94dcc73772030,False
results/R3_C2_Yang_SA_depth/R3_C2_3A/_field/e_f283z210L2400w250r50f283_zs210.shd,ad85761610e0067f2f85882182999e9f3d0bab2142d59989f021796c334e8768,ad85761610e0067f2f85882182999e9f3d0bab2142d59989f021796c334e8768,ec74a735ca9fa183b49d7960b9369a6322310310,False
results/R3_C2_Yang_SA_depth/R3_C2_3A/_field/e_f283z210L600w250r50f283_zs210.env,1df59102077cda0eef7d9bf0f99067aaf7d8b7c9f1c5b8a750cfd87c7a62565f,ab8b5c097c069eb96f3916a5ec0225bebdb6e293ce6bdc772dc7717652c6f6ec,99e8bae503b76713733609888526366257daf513,True
results/R3_C2_Yang_SA_depth/R3_C2_3A/_field/e_f283z210L600w250r50f283_zs210.flp,c9e436d2f7d1313856c318dd4dae44cf53083657b59d95a7c781420f33a1251d,1d4f153185cb62a3a24b43c24310efbebf3e08665339bc457aa2eb01a9ef456b,38e35d165cc6b1c29df2c5a622debf55aa3d7f32,True
results/R3_C2_Yang_SA_depth/R3_C2_3A/_field/e_f283z210L600w250r50f283_zs210.mod,5d72a736ddae45bb3fbfd15514f9fb8f6b5e89e16feb598898ee3b64e4f199b2,f4590bd57de4e37a2ac0152191e80cce15fbe61d23efac9de55f1066c31a419b,653e0f445ecab8894be94c35c3d94dcc73772030,False
results/R3_C2_Yang_SA_depth/R3_C2_3A/_field/e_f283z210L600w250r50f283_zs210.shd,8fdd5cfa294dd2672d31a556e3d2d4a74cb8eaf127a53562c6ecc0a3215b9f7a,8fdd5cfa294dd2672d31a556e3d2d4a74cb8eaf127a53562c6ecc0a3215b9f7a,ad55d80cde03c74df83caf4aebea83538e623f6c,False
results/R3_C2_Yang_SA_depth/R3_C2_3A/_field/e_f283z220L1200w250r50f283_zs220.env,4582ee0f6670d6cd0371a529e5a65b25582e42dacc4f64f8a76ddb49c18c5985,222832e83d88f047b208b193de4cadbba49cb4a9ec38ae16f6de759f18961736,e38a4051339b4c800618efb9e371fb735f1f6b88,True
results/R3_C2_Yang_SA_depth/R3_C2_3A/_field/e_f283z220L1200w250r50f283_zs220.flp,a0ec28e336beed637a606db06a6fb5cd622e8c6018bd61842ff2ac2b3945e217,c9e63bc0ef96fd3164b63a85e375b18c6515585bbe49a796d6eb9ba8dceb01a0,f2ff47fbec61bb6abfeec49020abf4286f78ef3c,True
results/R3_C2_Yang_SA_depth/R3_C2_3A/_field/e_f283z220L1200w250r50f283_zs220.mod,5d72a736ddae45bb3fbfd15514f9fb8f6b5e89e16feb598898ee3b64e4f199b2,f4590bd57de4e37a2ac0152191e80cce15fbe61d23efac9de55f1066c31a419b,653e0f445ecab8894be94c35c3d94dcc73772030,False
results/R3_C2_Yang_SA_depth/R3_C2_3A/_field/e_f283z220L1200w250r50f283_zs220.shd,99f997dd588e1b76dd6667049ff189d81a923a1455cdc3a2181b7681bb1dcea8,99f997dd588e1b76dd6667049ff189d81a923a1455cdc3a2181b7681bb1dcea8,2cac5dfcd4c8c27b54c77b42086617454a4d26b4,False
results/R3_C2_Yang_SA_depth/R3_C2_3A/_field/e_f283z220L2400w250r50f283_zs220.env,4582ee0f6670d6cd0371a529e5a65b25582e42dacc4f64f8a76ddb49c18c5985,222832e83d88f047b208b193de4cadbba49cb4a9ec38ae16f6de759f18961736,e38a4051339b4c800618efb9e371fb735f1f6b88,True
results/R3_C2_Yang_SA_depth/R3_C2_3A/_field/e_f283z220L2400w250r50f283_zs220.flp,8c125b40f0fea5d7a4b1ec4baf991071e7cdf8156e61e8f775af42ac371bc298,ac0db8e672c3f97908b6db7c69703615ad5b33bdb188623814fedda3f92d788b,f8195002baf673b7e613ba5176b3dc87e2a5becf,True
results/R3_C2_Yang_SA_depth/R3_C2_3A/_field/e_f283z220L2400w250r50f283_zs220.mod,5d72a736ddae45bb3fbfd15514f9fb8f6b5e89e16feb598898ee3b64e4f199b2,f4590bd57de4e37a2ac0152191e80cce15fbe61d23efac9de55f1066c31a419b,653e0f445ecab8894be94c35c3d94dcc73772030,False
results/R3_C2_Yang_SA_depth/R3_C2_3A/_field/e_f283z220L2400w250r50f283_zs220.shd,26135d679bc517a5cbbc2ceedda451df1c0e7d6e6a4ba01aab19b1a8285e074b,26135d679bc517a5cbbc2ceedda451df1c0e7d6e6a4ba01aab19b1a8285e074b,d95159329f99194165f4c287f4a95bd52e643289,False
results/R3_C2_Yang_SA_depth/R3_C2_3A/_field/e_f283z220L600w250r50f283_zs220.env,4582ee0f6670d6cd0371a529e5a65b25582e42dacc4f64f8a76ddb49c18c5985,222832e83d88f047b208b193de4cadbba49cb4a9ec38ae16f6de759f18961736,e38a4051339b4c800618efb9e371fb735f1f6b88,True
results/R3_C2_Yang_SA_depth/R3_C2_3A/_field/e_f283z220L600w250r50f283_zs220.flp,cc9fd7054dd5afda09af31f95593305bda996b0652faca8a50c7c3f96f1ebac4,e360e2d668472a9eb770512776199ba762210d513f91b663fee4556867c735b7,33a317082ac0a8518d5af5ff46ce1fb21b2dc412,True
results/R3_C2_Yang_SA_depth/R3_C2_3A/_field/e_f283z220L600w250r50f283_zs220.mod,5d72a736ddae45bb3fbfd15514f9fb8f6b5e89e16feb598898ee3b64e4f199b2,f4590bd57de4e37a2ac0152191e80cce15fbe61d23efac9de55f1066c31a419b,653e0f445ecab8894be94c35c3d94dcc73772030,False
results/R3_C2_Yang_SA_depth/R3_C2_3A/_field/e_f283z220L600w250r50f283_zs220.shd,ce86d58ffb2d464931471c0978aa6184ddb55cef3e2dd205d9974b15973f578e,ce86d58ffb2d464931471c0978aa6184ddb55cef3e2dd205d9974b15973f578e,c289db334fdaa04a9c9e535659b4175ab3f70786,False
results/R3_C2_Yang_SA_depth/R3_C2_3A/_field/e_f338z180L1200w250r50f338_zs180.env,7c1c5ac6c243f17b03208e1720843f76ea2cb0adfcd94daa488e017b00bb77b4,63f7a583b0b13d4fafcd5f2ebea11598c275d505742bd9a6a86b993ba6cbd9cb,d323893e2156e39b33529c3fd68110cca20fa133,True
results/R3_C2_Yang_SA_depth/R3_C2_3A/_field/e_f338z180L1200w250r50f338_zs180.flp,1fe8d9746d101835e6fc8f610f92e7c67e4076492ee53d8fbd595c7eda183720,4d7f5e43504dcc53a20e23e5fd51cba2e6eb6f3ed5a19b0483d79e6dabb4c01d,6ded12d216ba6b9d95f13015153b6575523861c7,True
results/R3_C2_Yang_SA_depth/R3_C2_3A/_field/e_f338z180L1200w250r50f338_zs180.mod,367ab57e83b7e40a274d054c44c5d42a7420c4d0d614672543ab75651dbbd0d1,367ab57e83b7e40a274d054c44c5d42a7420c4d0d614672543ab75651dbbd0d1,ed159ae0a4c36332119982bc630e07448dbcce2c,False
results/R3_C2_Yang_SA_depth/R3_C2_3A/_field/e_f338z180L1200w250r50f338_zs180.shd,dd97272eaec89ac2a11da6d145e846530c8ecc65cec2a4574ca649ff5deee6a5,dd97272eaec89ac2a11da6d145e846530c8ecc65cec2a4574ca649ff5deee6a5,01c09b120fe55b31b01597730737f563ae5acac8,False
results/R3_C2_Yang_SA_depth/R3_C2_3A/_field/e_f338z180L2400w250r50f338_zs180.env,7c1c5ac6c243f17b03208e1720843f76ea2cb0adfcd94daa488e017b00bb77b4,63f7a583b0b13d4fafcd5f2ebea11598c275d505742bd9a6a86b993ba6cbd9cb,d323893e2156e39b33529c3fd68110cca20fa133,True
results/R3_C2_Yang_SA_depth/R3_C2_3A/_field/e_f338z180L2400w250r50f338_zs180.flp,737aa84f9c4e48d4aaad8495cdf36277351eebca2124f5ad87484f58031685a6,c95d4df689257ee33b9280fa07b0cfc5ba1c041722f2cf027336b7824004e3b0,424bef38d75d92f5f90fc1f9ac7be22aee810763,True
results/R3_C2_Yang_SA_depth/R3_C2_3A/_field/e_f338z180L2400w250r50f338_zs180.mod,367ab57e83b7e40a274d054c44c5d42a7420c4d0d614672543ab75651dbbd0d1,367ab57e83b7e40a274d054c44c5d42a7420c4d0d614672543ab75651dbbd0d1,ed159ae0a4c36332119982bc630e07448dbcce2c,False
results/R3_C2_Yang_SA_depth/R3_C2_3A/_field/e_f338z180L2400w250r50f338_zs180.shd,103fa839c22b662d0c182c36f0667b122024b91c553c9cf20f438dd2dfcb34a5,103fa839c22b662d0c182c36f0667b122024b91c553c9cf20f438dd2dfcb34a5,750116c4f998e9326c11bff15467afe4740f858a,False
results/R3_C2_Yang_SA_depth/R3_C2_3A/_field/e_f338z180L600w250r50f338_zs180.env,7c1c5ac6c243f17b03208e1720843f76ea2cb0adfcd94daa488e017b00bb77b4,63f7a583b0b13d4fafcd5f2ebea11598c275d505742bd9a6a86b993ba6cbd9cb,d323893e2156e39b33529c3fd68110cca20fa133,True
results/R3_C2_Yang_SA_depth/R3_C2_3A/_field/e_f338z180L600w250r50f338_zs180.flp,907a828b6f4e0283c5165a3fc375fc67569efe4113051dc6e6706368539cee5f,bdb84222821d549c2c996031d656e11198376cfe4a9ab91de11a61d3f950bf8f,9e16dd2bb58e48f12d1ca56c27c2af4af91cbb63,True
results/R3_C2_Yang_SA_depth/R3_C2_3A/_field/e_f338z180L600w250r50f338_zs180.mod,367ab57e83b7e40a274d054c44c5d42a7420c4d0d614672543ab75651dbbd0d1,367ab57e83b7e40a274d054c44c5d42a7420c4d0d614672543ab75651dbbd0d1,ed159ae0a4c36332119982bc630e07448dbcce2c,False
results/R3_C2_Yang_SA_depth/R3_C2_3A/_field/e_f338z180L600w250r50f338_zs180.shd,99dc491084340b9a0822d63283ee3289590a0d563423d505c031c2972bd12aff,99dc491084340b9a0822d63283ee3289590a0d563423d505c031c2972bd12aff,1bbeef8cf2bf618f0db5685427a963fdb565c942,False
results/R3_C2_Yang_SA_depth/R3_C2_3A/_field/e_f338z190L1200w250r50f338_zs190.env,7e3bec1076f9c237e62047613e2c7000499d28501493c6e252cd9034a95433f4,4e0c2623e524c606a18bdfab716a76e26453a88ec8c3530e207946762e8b0d96,3075a72aaf37c629b53934b72ff36e4e32aed8d3,True
results/R3_C2_Yang_SA_depth/R3_C2_3A/_field/e_f338z190L1200w250r50f338_zs190.flp,f6c934ee752a381459a4b6ffd14bee79e2446cd06fdd217c1b3c2e501534f074,3842b0cb161b7e62ceabfeb957c1edb82df84adabcf7e99d2c5427c3b6779468,f5b8b61dca7b275ebe0c23b06a7fba4391cba147,True
results/R3_C2_Yang_SA_depth/R3_C2_3A/_field/e_f338z190L1200w250r50f338_zs190.mod,367ab57e83b7e40a274d054c44c5d42a7420c4d0d614672543ab75651dbbd0d1,367ab57e83b7e40a274d054c44c5d42a7420c4d0d614672543ab75651dbbd0d1,ed159ae0a4c36332119982bc630e07448dbcce2c,False
results/R3_C2_Yang_SA_depth/R3_C2_3A/_field/e_f338z190L1200w250r50f338_zs190.shd,d3eb6f2246c936d0f9eb8853fcd25651a56bb59dd8f4701a0ed048a16297be44,d3eb6f2246c936d0f9eb8853fcd25651a56bb59dd8f4701a0ed048a16297be44,7f67a36b365f728b46d667e8a009741409d11664,False
results/R3_C2_Yang_SA_depth/R3_C2_3A/_field/e_f338z190L2400w250r50f338_zs190.env,7e3bec1076f9c237e62047613e2c7000499d28501493c6e252cd9034a95433f4,4e0c2623e524c606a18bdfab716a76e26453a88ec8c3530e207946762e8b0d96,3075a72aaf37c629b53934b72ff36e4e32aed8d3,True
results/R3_C2_Yang_SA_depth/R3_C2_3A/_field/e_f338z190L2400w250r50f338_zs190.flp,c5580257090bf2d16284e3ecff81aafbd22aa624bfdb99ed30a5c2f0baf16293,2de2397cf8b1c5320f40ef43dcc31845b0ea84f7a979248c18cd0f902d17cc9a,4b26dd7d83b4a6f9bb20c938bfb6cbf26d6c9acb,True
results/R3_C2_Yang_SA_depth/R3_C2_3A/_field/e_f338z190L2400w250r50f338_zs190.mod,367ab57e83b7e40a274d054c44c5d42a7420c4d0d614672543ab75651dbbd0d1,367ab57e83b7e40a274d054c44c5d42a7420c4d0d614672543ab75651dbbd0d1,ed159ae0a4c36332119982bc630e07448dbcce2c,False
results/R3_C2_Yang_SA_depth/R3_C2_3A/_field/e_f338z190L2400w250r50f338_zs190.shd,cc866c9536f0594046d6938928e47496ab18698bbc66f2f98eb9defabd94b2c2,cc866c9536f0594046d6938928e47496ab18698bbc66f2f98eb9defabd94b2c2,cb43855019db21ae971968b9bc43795e02b6c906,False
results/R3_C2_Yang_SA_depth/R3_C2_3A/_field/e_f338z190L600w250r50f338_zs190.env,7e3bec1076f9c237e62047613e2c7000499d28501493c6e252cd9034a95433f4,4e0c2623e524c606a18bdfab716a76e26453a88ec8c3530e207946762e8b0d96,3075a72aaf37c629b53934b72ff36e4e32aed8d3,True
results/R3_C2_Yang_SA_depth/R3_C2_3A/_field/e_f338z190L600w250r50f338_zs190.flp,85e0f31c5beb2db0ad90487c1668d5547b107737f915f2d1d638ef513773f9f3,3dbbff0c130c4818eb9130fccb6c793f7db3d267da8ec060a92ec8a1b532f9cb,9ff2dbda5b056a6c3eaba396aec3adf2f45fc119,True
results/R3_C2_Yang_SA_depth/R3_C2_3A/_field/e_f338z190L600w250r50f338_zs190.mod,367ab57e83b7e40a274d054c44c5d42a7420c4d0d614672543ab75651dbbd0d1,367ab57e83b7e40a274d054c44c5d42a7420c4d0d614672543ab75651dbbd0d1,ed159ae0a4c36332119982bc630e07448dbcce2c,False
results/R3_C2_Yang_SA_depth/R3_C2_3A/_field/e_f338z190L600w250r50f338_zs190.shd,d2452877ca9d4f5583087fab82c86344613ae8bebfba6f4883f67923dde47ebd,d2452877ca9d4f5583087fab82c86344613ae8bebfba6f4883f67923dde47ebd,6dc7d3cf302cf969529c1dec307d0bcd28f4d9e8,False
results/R3_C2_Yang_SA_depth/R3_C2_3A/_field/e_f338z200L1200w250r50f338_zs200.env,c26da2faaf72f7c1bbc1f6fabee344c6ea93ba68d0a69befc97ca5f126037f8e,d6bb5d751d12024a96d23fe0e92e644b5fbd285c4159e9db7d54aab2a6e5691e,8ffd50409e16d8fa1df81c1aaf0740f488a370be,True
results/R3_C2_Yang_SA_depth/R3_C2_3A/_field/e_f338z200L1200w250r50f338_zs200.flp,b440df19d9b10da838f68f31cab0e3ff01cbc6b6a7732aebf5ff82bebf8edaa1,7fa9e3c660749a017628458bb72bfc2d601391500ebc5b71eed3a9530708cd75,2de792aa2329cf8f2a9b238d8e01115913166014,True
results/R3_C2_Yang_SA_depth/R3_C2_3A/_field/e_f338z200L1200w250r50f338_zs200.mod,367ab57e83b7e40a274d054c44c5d42a7420c4d0d614672543ab75651dbbd0d1,367ab57e83b7e40a274d054c44c5d42a7420c4d0d614672543ab75651dbbd0d1,ed159ae0a4c36332119982bc630e07448dbcce2c,False
results/R3_C2_Yang_SA_depth/R3_C2_3A/_field/e_f338z200L1200w250r50f338_zs200.shd,b55fe08d2ea4e54be00f6ddf4a0c1510d8308aef8555b8b5f412d90d21ae8c82,b55fe08d2ea4e54be00f6ddf4a0c1510d8308aef8555b8b5f412d90d21ae8c82,387a60fc47456f284ef35553ac6edb6a08bd541c,False
results/R3_C2_Yang_SA_depth/R3_C2_3A/_field/e_f338z200L2400w0r50f338_zs200.env,c26da2faaf72f7c1bbc1f6fabee344c6ea93ba68d0a69befc97ca5f126037f8e,d6bb5d751d12024a96d23fe0e92e644b5fbd285c4159e9db7d54aab2a6e5691e,8ffd50409e16d8fa1df81c1aaf0740f488a370be,True
results/R3_C2_Yang_SA_depth/R3_C2_3A/_field/e_f338z200L2400w0r50f338_zs200.flp,3efe9c4ff75658e64e678cc7008848c04ee3e6cabe1657f9b7c3e0f32e461877,258e1c2a0a0f42c4bc79bd6c4eeb9f3ce868333846350c63557dbda9b5b455f0,191dbab109cd339529109fc00baa9c199e24804b,True
results/R3_C2_Yang_SA_depth/R3_C2_3A/_field/e_f338z200L2400w0r50f338_zs200.mod,367ab57e83b7e40a274d054c44c5d42a7420c4d0d614672543ab75651dbbd0d1,367ab57e83b7e40a274d054c44c5d42a7420c4d0d614672543ab75651dbbd0d1,ed159ae0a4c36332119982bc630e07448dbcce2c,False
results/R3_C2_Yang_SA_depth/R3_C2_3A/_field/e_f338z200L2400w0r50f338_zs200.shd,fdb6baa9ee010d843926931083846718d782b945afdf060efdf50fa625c70382,fdb6baa9ee010d843926931083846718d782b945afdf060efdf50fa625c70382,44460c87d867d66d2dd931f659b400c4f5d22ade,False
results/R3_C2_Yang_SA_depth/R3_C2_3A/_field/e_f338z200L2400w100r50f338_zs200.env,c26da2faaf72f7c1bbc1f6fabee344c6ea93ba68d0a69befc97ca5f126037f8e,d6bb5d751d12024a96d23fe0e92e644b5fbd285c4159e9db7d54aab2a6e5691e,8ffd50409e16d8fa1df81c1aaf0740f488a370be,True
results/R3_C2_Yang_SA_depth/R3_C2_3A/_field/e_f338z200L2400w100r50f338_zs200.flp,3efe9c4ff75658e64e678cc7008848c04ee3e6cabe1657f9b7c3e0f32e461877,258e1c2a0a0f42c4bc79bd6c4eeb9f3ce868333846350c63557dbda9b5b455f0,191dbab109cd339529109fc00baa9c199e24804b,True
results/R3_C2_Yang_SA_depth/R3_C2_3A/_field/e_f338z200L2400w100r50f338_zs200.mod,367ab57e83b7e40a274d054c44c5d42a7420c4d0d614672543ab75651dbbd0d1,367ab57e83b7e40a274d054c44c5d42a7420c4d0d614672543ab75651dbbd0d1,ed159ae0a4c36332119982bc630e07448dbcce2c,False
results/R3_C2_Yang_SA_depth/R3_C2_3A/_field/e_f338z200L2400w100r50f338_zs200.shd,fdb6baa9ee010d843926931083846718d782b945afdf060efdf50fa625c70382,fdb6baa9ee010d843926931083846718d782b945afdf060efdf50fa625c70382,44460c87d867d66d2dd931f659b400c4f5d22ade,False
results/R3_C2_Yang_SA_depth/R3_C2_3A/_field/e_f338z200L2400w250r47f338_zs200.env,c26da2faaf72f7c1bbc1f6fabee344c6ea93ba68d0a69befc97ca5f126037f8e,d6bb5d751d12024a96d23fe0e92e644b5fbd285c4159e9db7d54aab2a6e5691e,8ffd50409e16d8fa1df81c1aaf0740f488a370be,True
results/R3_C2_Yang_SA_depth/R3_C2_3A/_field/e_f338z200L2400w250r47f338_zs200.flp,3e9af3e43cb33bc87600da6dde790ba52f3e45ecb58f296af79c34e15215c7cf,3842bec37e820ade5bdcebfa87ec60313c6683d3627f34bad1669fbd2f3ab3f7,5a26909ac945f747733fcbade88db84ec76680a3,True
results/R3_C2_Yang_SA_depth/R3_C2_3A/_field/e_f338z200L2400w250r47f338_zs200.mod,367ab57e83b7e40a274d054c44c5d42a7420c4d0d614672543ab75651dbbd0d1,367ab57e83b7e40a274d054c44c5d42a7420c4d0d614672543ab75651dbbd0d1,ed159ae0a4c36332119982bc630e07448dbcce2c,False
results/R3_C2_Yang_SA_depth/R3_C2_3A/_field/e_f338z200L2400w250r47f338_zs200.shd,963e3b079a1450abaf238cd4ff2db82731ffab864ea030486c8ecfbc4256c387,963e3b079a1450abaf238cd4ff2db82731ffab864ea030486c8ecfbc4256c387,56b78846f38daf7f9943ebe1d518b795047d691b,False
results/R3_C2_Yang_SA_depth/R3_C2_3A/_field/e_f338z200L2400w250r50f338_zs200.env,c26da2faaf72f7c1bbc1f6fabee344c6ea93ba68d0a69befc97ca5f126037f8e,d6bb5d751d12024a96d23fe0e92e644b5fbd285c4159e9db7d54aab2a6e5691e,8ffd50409e16d8fa1df81c1aaf0740f488a370be,True
results/R3_C2_Yang_SA_depth/R3_C2_3A/_field/e_f338z200L2400w250r50f338_zs200.flp,3efe9c4ff75658e64e678cc7008848c04ee3e6cabe1657f9b7c3e0f32e461877,258e1c2a0a0f42c4bc79bd6c4eeb9f3ce868333846350c63557dbda9b5b455f0,191dbab109cd339529109fc00baa9c199e24804b,True
results/R3_C2_Yang_SA_depth/R3_C2_3A/_field/e_f338z200L2400w250r50f338_zs200.mod,367ab57e83b7e40a274d054c44c5d42a7420c4d0d614672543ab75651dbbd0d1,367ab57e83b7e40a274d054c44c5d42a7420c4d0d614672543ab75651dbbd0d1,ed159ae0a4c36332119982bc630e07448dbcce2c,False
results/R3_C2_Yang_SA_depth/R3_C2_3A/_field/e_f338z200L2400w250r50f338_zs200.shd,fdb6baa9ee010d843926931083846718d782b945afdf060efdf50fa625c70382,fdb6baa9ee010d843926931083846718d782b945afdf060efdf50fa625c70382,44460c87d867d66d2dd931f659b400c4f5d22ade,False
results/R3_C2_Yang_SA_depth/R3_C2_3A/_field/e_f338z200L2400w250r55f338_zs200.env,c26da2faaf72f7c1bbc1f6fabee344c6ea93ba68d0a69befc97ca5f126037f8e,d6bb5d751d12024a96d23fe0e92e644b5fbd285c4159e9db7d54aab2a6e5691e,8ffd50409e16d8fa1df81c1aaf0740f488a370be,True
results/R3_C2_Yang_SA_depth/R3_C2_3A/_field/e_f338z200L2400w250r55f338_zs200.flp,d92e5b8f169e7e59cefa386d3a929cbe73e276adb3a0068b101abac981f1dca0,55f51ead940848671259d6edc030fd59353e40058d0be5198e5478841de4886b,00ac95788e175fb10c68ac1b7c15697a939e93d5,True
results/R3_C2_Yang_SA_depth/R3_C2_3A/_field/e_f338z200L2400w250r55f338_zs200.mod,367ab57e83b7e40a274d054c44c5d42a7420c4d0d614672543ab75651dbbd0d1,367ab57e83b7e40a274d054c44c5d42a7420c4d0d614672543ab75651dbbd0d1,ed159ae0a4c36332119982bc630e07448dbcce2c,False
results/R3_C2_Yang_SA_depth/R3_C2_3A/_field/e_f338z200L2400w250r55f338_zs200.shd,b0ccaf7c48be4b52d6c2d5ab78c253c1dfda77b9e95beed754fed4f34830576e,b0ccaf7c48be4b52d6c2d5ab78c253c1dfda77b9e95beed754fed4f34830576e,71af9171954a9bfcd62fde3b24af7bb08498a5f5,False
results/R3_C2_Yang_SA_depth/R3_C2_3A/_field/e_f338z200L2400w500r50f338_zs200.env,c26da2faaf72f7c1bbc1f6fabee344c6ea93ba68d0a69befc97ca5f126037f8e,d6bb5d751d12024a96d23fe0e92e644b5fbd285c4159e9db7d54aab2a6e5691e,8ffd50409e16d8fa1df81c1aaf0740f488a370be,True
results/R3_C2_Yang_SA_depth/R3_C2_3A/_field/e_f338z200L2400w500r50f338_zs200.flp,3efe9c4ff75658e64e678cc7008848c04ee3e6cabe1657f9b7c3e0f32e461877,258e1c2a0a0f42c4bc79bd6c4eeb9f3ce868333846350c63557dbda9b5b455f0,191dbab109cd339529109fc00baa9c199e24804b,True
results/R3_C2_Yang_SA_depth/R3_C2_3A/_field/e_f338z200L2400w500r50f338_zs200.mod,367ab57e83b7e40a274d054c44c5d42a7420c4d0d614672543ab75651dbbd0d1,367ab57e83b7e40a274d054c44c5d42a7420c4d0d614672543ab75651dbbd0d1,ed159ae0a4c36332119982bc630e07448dbcce2c,False
results/R3_C2_Yang_SA_depth/R3_C2_3A/_field/e_f338z200L2400w500r50f338_zs200.shd,fdb6baa9ee010d843926931083846718d782b945afdf060efdf50fa625c70382,fdb6baa9ee010d843926931083846718d782b945afdf060efdf50fa625c70382,44460c87d867d66d2dd931f659b400c4f5d22ade,False
results/R3_C2_Yang_SA_depth/R3_C2_3A/_field/e_f338z200L600w250r50f338_zs200.env,c26da2faaf72f7c1bbc1f6fabee344c6ea93ba68d0a69befc97ca5f126037f8e,d6bb5d751d12024a96d23fe0e92e644b5fbd285c4159e9db7d54aab2a6e5691e,8ffd50409e16d8fa1df81c1aaf0740f488a370be,True
results/R3_C2_Yang_SA_depth/R3_C2_3A/_field/e_f338z200L600w250r50f338_zs200.flp,5b6f6ab98895bdca1d51c1888308e147b9417a687e2500163877ccbd8ade2455,61f6473b632d2565ed55238dc4b217994206d2983aca26af02ce9fe143541716,b743d534646cecc298c70faf4dbce8573d79374a,True
results/R3_C2_Yang_SA_depth/R3_C2_3A/_field/e_f338z200L600w250r50f338_zs200.mod,367ab57e83b7e40a274d054c44c5d42a7420c4d0d614672543ab75651dbbd0d1,367ab57e83b7e40a274d054c44c5d42a7420c4d0d614672543ab75651dbbd0d1,ed159ae0a4c36332119982bc630e07448dbcce2c,False
results/R3_C2_Yang_SA_depth/R3_C2_3A/_field/e_f338z200L600w250r50f338_zs200.shd,3adcbf92339caf11eb27d217eb62d344b0e9fb797982a0b960b31412e21d646a,3adcbf92339caf11eb27d217eb62d344b0e9fb797982a0b960b31412e21d646a,8483b2be3ad8dcd1747c4f786522664feb4fa103,False
results/R3_C2_Yang_SA_depth/R3_C2_3A/_field/e_f338z210L1200w250r50f338_zs210.env,94f9a65603713149a451ef0233c72af6990f7e2129e9fa2e04008bdd582b637e,62a9de9a05360818e289c330e82715d62b2712e7551ddb1e978b4304b3a4fff9,bd9a6fa9c0cd74608cb069b6a8de3307e997d645,True
results/R3_C2_Yang_SA_depth/R3_C2_3A/_field/e_f338z210L1200w250r50f338_zs210.flp,593142ebe621412df2384110e03ba2a6fee37d31f60a72e3d7d10934ea8773ee,2d2d96210fa71d537570098aba7163f65f843565608d2722dabeb7f30e43df9d,5e3750d9a17e1d0a3b063b64a8d78358ef17fd3d,True
results/R3_C2_Yang_SA_depth/R3_C2_3A/_field/e_f338z210L1200w250r50f338_zs210.mod,367ab57e83b7e40a274d054c44c5d42a7420c4d0d614672543ab75651dbbd0d1,367ab57e83b7e40a274d054c44c5d42a7420c4d0d614672543ab75651dbbd0d1,ed159ae0a4c36332119982bc630e07448dbcce2c,False
results/R3_C2_Yang_SA_depth/R3_C2_3A/_field/e_f338z210L1200w250r50f338_zs210.shd,ae66dc522a717f996502a315a7ff494986c398fc255910f5868e409969b76174,ae66dc522a717f996502a315a7ff494986c398fc255910f5868e409969b76174,16b7ce84cb07cfce91cc976d22befcdf676b2100,False
results/R3_C2_Yang_SA_depth/R3_C2_3A/_field/e_f338z210L2400w250r50f338_zs210.env,94f9a65603713149a451ef0233c72af6990f7e2129e9fa2e04008bdd582b637e,62a9de9a05360818e289c330e82715d62b2712e7551ddb1e978b4304b3a4fff9,bd9a6fa9c0cd74608cb069b6a8de3307e997d645,True
results/R3_C2_Yang_SA_depth/R3_C2_3A/_field/e_f338z210L2400w250r50f338_zs210.flp,fa9925587d638e649bc4d9e2cdcb81019c1376a421f411f04bc3844315eeb78a,729b569b1bbb51a5c5bf6eb69064ab58cd3f338094a80422b9f9749aceaf583a,2e925ceb48ddfbb8fd0fac8c9503b32f93083816,True
results/R3_C2_Yang_SA_depth/R3_C2_3A/_field/e_f338z210L2400w250r50f338_zs210.mod,367ab57e83b7e40a274d054c44c5d42a7420c4d0d614672543ab75651dbbd0d1,367ab57e83b7e40a274d054c44c5d42a7420c4d0d614672543ab75651dbbd0d1,ed159ae0a4c36332119982bc630e07448dbcce2c,False
results/R3_C2_Yang_SA_depth/R3_C2_3A/_field/e_f338z210L2400w250r50f338_zs210.shd,435085346f18899bb4c08403fb8345b79b7a2ff13bdedb2d84796189b2647055,72af6ce40aa2f76bbaace655dd8392d63afec4c642d0238f5172eda6fe5c8283,ea64767180a9a470721fd253cd933727dad55343,False
results/R3_C2_Yang_SA_depth/R3_C2_3A/_field/e_f338z210L600w250r50f338_zs210.env,94f9a65603713149a451ef0233c72af6990f7e2129e9fa2e04008bdd582b637e,62a9de9a05360818e289c330e82715d62b2712e7551ddb1e978b4304b3a4fff9,bd9a6fa9c0cd74608cb069b6a8de3307e997d645,True
results/R3_C2_Yang_SA_depth/R3_C2_3A/_field/e_f338z210L600w250r50f338_zs210.flp,1e6bd63cea60e73f3a499ee5f5b45700d4903b98e421c9e38f31fee60db8ddcb,91e12ef88cb73afb0db687732d42e4c379cdac39e748e587dd2d72bf31ed14b6,fd3d3475bb88faaed420bbee4cac76fe6c4f0c9e,True
results/R3_C2_Yang_SA_depth/R3_C2_3A/_field/e_f338z210L600w250r50f338_zs210.mod,367ab57e83b7e40a274d054c44c5d42a7420c4d0d614672543ab75651dbbd0d1,367ab57e83b7e40a274d054c44c5d42a7420c4d0d614672543ab75651dbbd0d1,ed159ae0a4c36332119982bc630e07448dbcce2c,False
results/R3_C2_Yang_SA_depth/R3_C2_3A/_field/e_f338z210L600w250r50f338_zs210.shd,2653c85c04cadef9890583f1862f6972da784945e3e5f05b1df654f411750e26,2653c85c04cadef9890583f1862f6972da784945e3e5f05b1df654f411750e26,e33b870d220a7edd265bf5b102b638b648b6a608,False
results/R3_C2_Yang_SA_depth/R3_C2_3A/_field/e_f338z220L1200w250r50f338_zs220.env,9c98b7699e589498cd56c268a8ccd81ebe33446582205f405f2e2fb21e1bd6de,f730de1583efa0c60e1ab544a08f02bce31ba0d699c61a7e460887d87460bc9c,49edcbc1c7b6cf3b01ee392a75ef289a0db9ba9f,True
results/R3_C2_Yang_SA_depth/R3_C2_3A/_field/e_f338z220L1200w250r50f338_zs220.flp,c132e7e5d9eb63d9ebd0fb6a4bcae41e76173f0922ab8bf6caad9021998e473d,52a27fa45da9835dccac8369558bf9bc4b547e6cc6d26ff3b01d38419543fcfb,0806035187a591b599f3d5c9ddc2980286aa0487,True
results/R3_C2_Yang_SA_depth/R3_C2_3A/_field/e_f338z220L1200w250r50f338_zs220.mod,367ab57e83b7e40a274d054c44c5d42a7420c4d0d614672543ab75651dbbd0d1,367ab57e83b7e40a274d054c44c5d42a7420c4d0d614672543ab75651dbbd0d1,ed159ae0a4c36332119982bc630e07448dbcce2c,False
results/R3_C2_Yang_SA_depth/R3_C2_3A/_field/e_f338z220L1200w250r50f338_zs220.shd,d7942482a30ab9fb9a657db4439d4a790e72919ac9f887dd852cd2211311c8b7,d7942482a30ab9fb9a657db4439d4a790e72919ac9f887dd852cd2211311c8b7,8e2bd818d7b1a62e1d7b8e003c06e46e05b7d480,False
results/R3_C2_Yang_SA_depth/R3_C2_3A/_field/e_f338z220L2400w250r50f338_zs220.env,9c98b7699e589498cd56c268a8ccd81ebe33446582205f405f2e2fb21e1bd6de,f730de1583efa0c60e1ab544a08f02bce31ba0d699c61a7e460887d87460bc9c,49edcbc1c7b6cf3b01ee392a75ef289a0db9ba9f,True
results/R3_C2_Yang_SA_depth/R3_C2_3A/_field/e_f338z220L2400w250r50f338_zs220.flp,7835c115fa766ad551d24c6ec2430e303816fd02872c414b06e75d9f54ebf06a,22368728aa54b2a003946a4ddeb44d8c1afdf5af06aea4b2fe1afb4854cb7999,9ba8d4a9f6c72d4b70f62b64e3e7a911ed2344be,True
results/R3_C2_Yang_SA_depth/R3_C2_3A/_field/e_f338z220L2400w250r50f338_zs220.mod,367ab57e83b7e40a274d054c44c5d42a7420c4d0d614672543ab75651dbbd0d1,367ab57e83b7e40a274d054c44c5d42a7420c4d0d614672543ab75651dbbd0d1,ed159ae0a4c36332119982bc630e07448dbcce2c,False
results/R3_C2_Yang_SA_depth/R3_C2_3A/_field/e_f338z220L2400w250r50f338_zs220.shd,53e7862c9304b003147e7bb4598d3e4f73c2a6fba6d42f747a5686aa2a976eef,53e7862c9304b003147e7bb4598d3e4f73c2a6fba6d42f747a5686aa2a976eef,6982ec1b8c01b7a1e7aad3754f6958bfc6015553,False
results/R3_C2_Yang_SA_depth/R3_C2_3A/_field/e_f338z220L600w250r50f338_zs220.env,9c98b7699e589498cd56c268a8ccd81ebe33446582205f405f2e2fb21e1bd6de,f730de1583efa0c60e1ab544a08f02bce31ba0d699c61a7e460887d87460bc9c,49edcbc1c7b6cf3b01ee392a75ef289a0db9ba9f,True
results/R3_C2_Yang_SA_depth/R3_C2_3A/_field/e_f338z220L600w250r50f338_zs220.flp,f11c76b12f8cd75662623250f3a6c9b82f171eec01d5d65d36a6e64412c5801d,bdfadb15f335d1cf9cbd78759fec20ba8454e463293eb1b5add235dd00beab70,d4b0a70ea2314505db0d0a1f112a7bc161311fdd,True
results/R3_C2_Yang_SA_depth/R3_C2_3A/_field/e_f338z220L600w250r50f338_zs220.mod,367ab57e83b7e40a274d054c44c5d42a7420c4d0d614672543ab75651dbbd0d1,367ab57e83b7e40a274d054c44c5d42a7420c4d0d614672543ab75651dbbd0d1,ed159ae0a4c36332119982bc630e07448dbcce2c,False
results/R3_C2_Yang_SA_depth/R3_C2_3A/_field/e_f338z220L600w250r50f338_zs220.shd,82ab6169b1d62f94d180a17bad5c97c2fe60b970b898d9439f4fa71e61fa408c,82ab6169b1d62f94d180a17bad5c97c2fe60b970b898d9439f4fa71e61fa408c,229c48383d71ab4150f5398957d8404f0251bf48,False
results/R3_C2_Yang_SA_depth/R3_C2_3A/_field/e_lam4_f201_zs200.env,ba08d50fcb74c73e42780714c0da34c8ef7cd750e0117b81671a881f93378b20,89eb2e4251d5af5b87200d3be2a8211fc3f3fb17dfef9e6a5469d9ab5a49dac5,c27c28a1ee7ce72b8ffcce8de35f63e09e9d51c5,True
results/R3_C2_Yang_SA_depth/R3_C2_3A/_field/e_lam4_f201_zs200.flp,08bc8fd3aec8268c0cb3c1042ba10b4d9c59d8ecc3cd49d4258a3a9d3a24b21b,c5cb9900c1b2f243c7fa44e28c5643b8574217bf2f0aacad3ab848d00a0449e6,9a9614f4aaf61ee04b3896ae09eb89b0237b3133,True
results/R3_C2_Yang_SA_depth/R3_C2_3A/_field/e_lam4_f201_zs200.mod,e05c5ee06dcec6446f81522b8b074e71e31c44e7beda8287163e89fa095ac628,3a495ca01b6f2f4be09083fd8b905af9d0abedd4168153ed722f1d12e83c612f,510a4a3a0c149f5f05f12884c1dc3c7b890cb6c5,False
results/R3_C2_Yang_SA_depth/R3_C2_3A/_field/e_lam4_f201_zs200.shd,d4dd8b533cf91d26dcc413050de3259db35aaac64fd52f77136de20f270365c7,2b23ff597dfc7ccf1802498dbb995497250256399ce5a4c691ea74faa2594b41,ebbceb60d8e299b6f930da12eca58c6dfab1e25f,False
results/R3_C2_Yang_SA_depth/R3_C2_3A/_field/e_lam4_f235_zs200.env,989c480d435cfbedfb5baebfc826c51c190fccc4c1e70237bf9c35109d614c41,3ac62e9062bd62c7ba78031f2f0cc28c345265e37a12431a7b9bf9e8a46f0c96,72a9580fc5bf1b1326792213591765573dc1e2e4,True
results/R3_C2_Yang_SA_depth/R3_C2_3A/_field/e_lam4_f235_zs200.flp,f335c230c5daf3a00c65f1a2be2b5159ca12bf63da29799ee546773aa0e0d288,bdb0f5248fb8c5d6d34e90cf233c262127674fda154255c6cb5e535475759998,9084a52e9ba5cd0ecc7cd0e34efdf02815e98530,True
results/R3_C2_Yang_SA_depth/R3_C2_3A/_field/e_lam4_f235_zs200.mod,187c3e9380fb9d7fc073e5e3cc97e6580fb574b2e43ef055366d3521a9ec15f6,b65956177c85008fd7045871fb6db33b2233bc71348961e37c530fc89c8b02b4,7b2f81e6e9910c8444ce9c272dbeb7b22afadb38,False
results/R3_C2_Yang_SA_depth/R3_C2_3A/_field/e_lam4_f235_zs200.shd,dc3bf801b564a5745c207ce5231d33d8a97cb401ff17f73d39fa86572f3712be,dc3bf801b564a5745c207ce5231d33d8a97cb401ff17f73d39fa86572f3712be,68c064b5522baa57ddfef7458280ea3898c9ea89,False
results/R3_C2_Yang_SA_depth/R3_C2_3A/_field/e_lam4_f283_zs200.env,ea7c97f32f100d2a71c39407f66db910ed4e6debcfa62b05cdb53f3b02c14ca8,2e953667cb6d5801503f0fa336c5c6a5ee5314731ffe515545b0676d5dca95c6,e0b40ce8b7544899ab6068ea633b489f6ef0238c,True
results/R3_C2_Yang_SA_depth/R3_C2_3A/_field/e_lam4_f283_zs200.flp,d7ff9225fa75c521b872b2c58438feeaa2a09c34828c422e2664494911cb7af9,f7704d7887e5875f8886a34545ed04480f4bf95647917dec47a5cc34422fefc8,ce78658af48717e1b0da52ecfd72a104935eb200,True
results/R3_C2_Yang_SA_depth/R3_C2_3A/_field/e_lam4_f283_zs200.mod,5d72a736ddae45bb3fbfd15514f9fb8f6b5e89e16feb598898ee3b64e4f199b2,f4590bd57de4e37a2ac0152191e80cce15fbe61d23efac9de55f1066c31a419b,653e0f445ecab8894be94c35c3d94dcc73772030,False
results/R3_C2_Yang_SA_depth/R3_C2_3A/_field/e_lam4_f283_zs200.shd,ea7eb5e3c05e0507fca83bf74468deb1172366b37f58237da35e49bdc5ab3590,ea7eb5e3c05e0507fca83bf74468deb1172366b37f58237da35e49bdc5ab3590,15f33935b6c5269f9df1d090e44c077ed6fee65d,False
results/R3_C2_Yang_SA_depth/R3_C2_3A/_field/e_lam4_f338_zs200.env,c26da2faaf72f7c1bbc1f6fabee344c6ea93ba68d0a69befc97ca5f126037f8e,d6bb5d751d12024a96d23fe0e92e644b5fbd285c4159e9db7d54aab2a6e5691e,8ffd50409e16d8fa1df81c1aaf0740f488a370be,True
results/R3_C2_Yang_SA_depth/R3_C2_3A/_field/e_lam4_f338_zs200.flp,3efe9c4ff75658e64e678cc7008848c04ee3e6cabe1657f9b7c3e0f32e461877,258e1c2a0a0f42c4bc79bd6c4eeb9f3ce868333846350c63557dbda9b5b455f0,191dbab109cd339529109fc00baa9c199e24804b,True
results/R3_C2_Yang_SA_depth/R3_C2_3A/_field/e_lam4_f338_zs200.mod,367ab57e83b7e40a274d054c44c5d42a7420c4d0d614672543ab75651dbbd0d1,367ab57e83b7e40a274d054c44c5d42a7420c4d0d614672543ab75651dbbd0d1,ed159ae0a4c36332119982bc630e07448dbcce2c,False
results/R3_C2_Yang_SA_depth/R3_C2_3A/_field/e_lam4_f338_zs200.shd,fdb6baa9ee010d843926931083846718d782b945afdf060efdf50fa625c70382,fdb6baa9ee010d843926931083846718d782b945afdf060efdf50fa625c70382,44460c87d867d66d2dd931f659b400c4f5d22ade,False
results/R3_C2_Yang_SA_depth/R3_C2_3A/_field/e_lam8_f201_zs200.env,ba08d50fcb74c73e42780714c0da34c8ef7cd750e0117b81671a881f93378b20,89eb2e4251d5af5b87200d3be2a8211fc3f3fb17dfef9e6a5469d9ab5a49dac5,c27c28a1ee7ce72b8ffcce8de35f63e09e9d51c5,True
results/R3_C2_Yang_SA_depth/R3_C2_3A/_field/e_lam8_f201_zs200.flp,202e98d9f6dc7b3186917e4b9a8b1cc7cba3893aea30fd6d7913b4a45afe5a1a,6c1a8fa71b32219e4f7905484df9d52f5bbcbd88768a8da80dda9af35430817f,8108e60da9f31aed1aae20460fa4924709d18bed,True
results/R3_C2_Yang_SA_depth/R3_C2_3A/_field/e_lam8_f201_zs200.mod,e05c5ee06dcec6446f81522b8b074e71e31c44e7beda8287163e89fa095ac628,3a495ca01b6f2f4be09083fd8b905af9d0abedd4168153ed722f1d12e83c612f,510a4a3a0c149f5f05f12884c1dc3c7b890cb6c5,False
results/R3_C2_Yang_SA_depth/R3_C2_3A/_field/e_lam8_f201_zs200.shd,37e2eb90ce65d7dea24d124b9d2e1f16cb4f5530895082aeaf8c29b7509ba74c,4076aca2677aa95ec9f48584bdc3324ed8e1e3af9588506f45164e514138e059,415a8782b6d97950dc23d35ce99f1dbd8a8fde39,False
results/R3_C2_Yang_SA_depth/R3_C2_3A/_field/e_lam8_f235_zs200.env,989c480d435cfbedfb5baebfc826c51c190fccc4c1e70237bf9c35109d614c41,3ac62e9062bd62c7ba78031f2f0cc28c345265e37a12431a7b9bf9e8a46f0c96,72a9580fc5bf1b1326792213591765573dc1e2e4,True
results/R3_C2_Yang_SA_depth/R3_C2_3A/_field/e_lam8_f235_zs200.flp,fdf1d16f669048de3fdbade682fa99babea4edea1f3df4514771cf6313e80902,272082996652cd7346527784d6cebce8e53d138ea8ae91f3caae908517ead8d3,4e94e6fbd1a22daf72a33273d6f9b4db7788bc1b,True
results/R3_C2_Yang_SA_depth/R3_C2_3A/_field/e_lam8_f235_zs200.mod,187c3e9380fb9d7fc073e5e3cc97e6580fb574b2e43ef055366d3521a9ec15f6,b65956177c85008fd7045871fb6db33b2233bc71348961e37c530fc89c8b02b4,7b2f81e6e9910c8444ce9c272dbeb7b22afadb38,False
results/R3_C2_Yang_SA_depth/R3_C2_3A/_field/e_lam8_f235_zs200.shd,aa90a7e3e58a153c52eed888475be68aa7d50769f9fe8781e9605f3c93333bc3,aa90a7e3e58a153c52eed888475be68aa7d50769f9fe8781e9605f3c93333bc3,6106e140d656679be7e0b727901f989b68886688,False
results/R3_C2_Yang_SA_depth/R3_C2_3A/_field/e_lam8_f283_zs200.env,ea7c97f32f100d2a71c39407f66db910ed4e6debcfa62b05cdb53f3b02c14ca8,2e953667cb6d5801503f0fa336c5c6a5ee5314731ffe515545b0676d5dca95c6,e0b40ce8b7544899ab6068ea633b489f6ef0238c,True
results/R3_C2_Yang_SA_depth/R3_C2_3A/_field/e_lam8_f283_zs200.flp,e464c139e6882dbddfbe69b39dcb0f5771e16f80bc689af3ed464aa30adeb859,cbd9bb8ab8352d43e39cea2c41a9b6cf18dbd93681ba3e67149cae105baec64f,f6dac7c8bbfd785879bccff306196294d4e977eb,True
results/R3_C2_Yang_SA_depth/R3_C2_3A/_field/e_lam8_f283_zs200.mod,5d72a736ddae45bb3fbfd15514f9fb8f6b5e89e16feb598898ee3b64e4f199b2,f4590bd57de4e37a2ac0152191e80cce15fbe61d23efac9de55f1066c31a419b,653e0f445ecab8894be94c35c3d94dcc73772030,False
results/R3_C2_Yang_SA_depth/R3_C2_3A/_field/e_lam8_f283_zs200.shd,42d06084607e1a5a496782889bad6f12d960f4444f9133dbb3b9eaa1424ff7f8,2b7a9216ac6477710f6b08b2ac2eec06a23c48ca17b6c14533ba1724c8abb14b,e97c6033934dc2411cd5be47fb387378f79b83a2,False
results/R3_C2_Yang_SA_depth/R3_C2_3A/_field/e_lam8_f338_zs200.env,c26da2faaf72f7c1bbc1f6fabee344c6ea93ba68d0a69befc97ca5f126037f8e,d6bb5d751d12024a96d23fe0e92e644b5fbd285c4159e9db7d54aab2a6e5691e,8ffd50409e16d8fa1df81c1aaf0740f488a370be,True
results/R3_C2_Yang_SA_depth/R3_C2_3A/_field/e_lam8_f338_zs200.flp,d723ad8e483a59bca345bc8542d96e582aef8a3daf5cf9e0e1389bc67d87a7fb,0e786fbf293b81d93ad200df86725444c743cd23d7a9f24f19126732c21529b3,3d3940869822ecc3bb560944c9f891f81c214074,True
results/R3_C2_Yang_SA_depth/R3_C2_3A/_field/e_lam8_f338_zs200.mod,367ab57e83b7e40a274d054c44c5d42a7420c4d0d614672543ab75651dbbd0d1,367ab57e83b7e40a274d054c44c5d42a7420c4d0d614672543ab75651dbbd0d1,ed159ae0a4c36332119982bc630e07448dbcce2c,False
results/R3_C2_Yang_SA_depth/R3_C2_3A/_field/e_lam8_f338_zs200.shd,bcebccaa7a14bb14df6d3cbbd87eb4ef1160d98cf2255dfc8cbca06d4e059870,bcebccaa7a14bb14df6d3cbbd87eb4ef1160d98cf2255dfc8cbca06d4e059870,998a5db661d29d37a0c73ef9f31a815f136dbc12,False
results/R3_C2_Yang_SA_depth/R3_C2_3A/_field/field.prt,aa2f98d902469e0719fd34edf6b8a1b82bc331daa8f09bab70203fc8e15fcfff,681e3daee1448e330f5c30b83804dc006fc1dff9d6641cdfb19f6c9773b07c8b,840913fb68b31edcd7a7a50b6ad4a0826177b9b0,True
results/R3_C2_Yang_SA_depth/R3_C2_3A/aperture_boundary.csv,f00bc4fdee11683512d074ba78f6c88fd0b06fd9946f622d634ed3e440548384,9c2e5455b7442da7f79dfc3c95f963a0c18adbac208bae2e3f1537694437c788,aa104dfc07812a4cebbc9c8b132fe058bcd2588d,True
results/R3_C2_Yang_SA_depth/R3_C2_3A/depth_candidate_margins.csv,c9e06fbbdfedfa98c87478e7433191310b174a86046efd1931a6232015242274,514a0a0f9f231744a16294ea1b83cd98dc192ac15e8b3936612a75a1a7802f47,9b64d4f4fbeae2b9d412a77d719fe46c151efb88,True
results/R3_C2_Yang_SA_depth/R3_C2_3A/estd_depth_ambiguity_eq5.csv,a88aefaca66f6de539f08eaa9cc34d94d0c34514bb90312ba8950e6483a75750,1113d179a5413ce8dd884fb001f474035e82da542d2eced916d2c6b16ba9cd7a,cdb42c6f633404a4467d3297379c7fd12003b6c5,True
results/R3_C2_Yang_SA_depth/R3_C2_3A/estd_depth_ambiguity_eq5_energetic.csv,3ccdb55ee19275da330401de09ba358db8be553fac2a3ff1a14165834fb70921,d76751a6e5effb244b8e3ca56e2feb625e9e2642a8d646b7e8270258d4f03769,ebc18115879f41ee4d6bfa0e18311f42034824a3,True
results/R3_C2_Yang_SA_depth/R3_C2_3A/estd_depth_ambiguity_optimistic.csv,c8df090383111ade6e8cec00ced8fa659d584303c0bd8c6aaab3c478e08ab941,7309b2c154b147579b42e69d379215463956d9635b643563bfea97073c6068e4,e6c573718b7a188d1942ae4e91e57effaaef572b,True
results/R3_C2_Yang_SA_depth/R3_C2_3A/estd_depth_ambiguity_strict.csv,a016f4257827d1ea31a352e01ac5672f708cca9532cb0046e8d8c10feaf238a5,fb1c4f713fa0d74356868123e431f2c0c08eca5a224a9c4846ed472b0103ae58,1abe473b557379b72a5e418a1e3f9c14708089ae,True
results/R3_C2_Yang_SA_depth/R3_C2_3A/estd_depth_ambiguity_truek.csv,4a7dbcaa6a692078f460102a3390829d6a1dc4c3fda76c4fb1a4a894f03392d2,f5260250f34d760bec7686c415b7d93fa6060ddd0e94f12cff89e26ecb23e7d6,43bee5482a5e44d395dfa26dcf86a6cb752bf502,True
results/R3_C2_Yang_SA_depth/R3_C2_3A/estd_mode_resolution_precheck.csv,0657d502e9b1c35f4fada3c6848483fb3785ac4fa930ad05ed875dc47a91fa5d,098ee6c3025708e624687daabcd98285ebdc7a5dd99732f56f65356d776d5817,5f21ffe33321026001dbd8ca72fd38c9d20a0574,True
results/R3_C2_Yang_SA_depth/R3_C2_3A/estd_peak_mode_mapping.csv,caeb4b51d790a6e376a14996e2807a8605899e6f6f0f99910e3716ccb01c3b0b,ac091ce3ef7592c2943bee1417a138a6f0ab04032ddbc50413a2ccacf8a63fbf,2ad328960924e22e62608e018d1053689c188b5b,True
results/R3_C2_Yang_SA_depth/R3_C2_3A/estd_wavenumber_peaks.csv,7eb70257593da06f682a3ddda54a9d260d4fc514f645237f5ca74b08f8da61a6,01ba4719c80b6fe911b091a7c05124b64eeece964e09c058ef8f9805daca546b,8b137891791fe96927ad78e64b0aad7bded08bdc,True
results/R3_C2_Yang_SA_depth/R3_C2_3A/field_estd_cases.csv,f890997af5af656b1d75d16e53791ca6b97b7c655962a5f7abe29525a573c08e,c317f4bac35da90d5696a1319d0d7398ca3bc294a6bf349052d9944b9fef96b5,97374ccee0e6ce9abe0485d01f2d12427b381300,True
results/R3_C2_Yang_SA_depth/R3_C2_3A/figures/candidate_margin_10m.svg,6447bb166cf7c99627f5277a2a815b98284045a8c119c47e66a9a371b54ccaef,6447bb166cf7c99627f5277a2a815b98284045a8c119c47e66a9a371b54ccaef,1d55ca3df0446c22d9ad9969fe14789eb549dd84,False
results/R3_C2_Yang_SA_depth/R3_C2_3A/figures/candidate_margin_20m.svg,6d52626677a1aa760129b42d46e056739ad551b974ec9547c8e0ddac532c46f4,6d52626677a1aa760129b42d46e056739ad551b974ec9547c8e0ddac532c46f4,a4308b1a26b338d9573929ed3112fd5135f21d84,False
results/R3_C2_Yang_SA_depth/R3_C2_3A/figures/depth_ambiguity_2p4km.svg,a72e8a73f2676934e8ca1e03d5f55c87768190bc35f1a3c80640a684ebfce7ca,a72e8a73f2676934e8ca1e03d5f55c87768190bc35f1a3c80640a684ebfce7ca,e04e4a3d16e817f1cca290f399f0ad8454b88b4a,False
results/R3_C2_Yang_SA_depth/R3_C2_3A/figures/mechanism_layer_comparison.svg,167923cd9240559dd5aadbccbd1c34bc4ec9f591e5e82b7a20e89b946a7b327f,167923cd9240559dd5aadbccbd1c34bc4ec9f591e5e82b7a20e89b946a7b327f,59615d148cd33296a2b06133aaf35bbb70289430,False
results/R3_C2_Yang_SA_depth/R3_C2_3A/figures/spectrum_by_frequency.svg,629924e8b0d2000a9d922bb9540812ec052c30752c9e3bf92a8422e320cecf1c,629924e8b0d2000a9d922bb9540812ec052c30752c9e3bf92a8422e320cecf1c,9abe307f31a2ff6097634d14181f9f5bbcdc7b3a,False
results/R3_C2_Yang_SA_depth/R3_C2_3A/figures/unique_mode_count_vs_L.svg,17774ff7c3f94c2ddab1c742fb23b211b28e65750e4ebe609db3bb567f6e4fdb,17774ff7c3f94c2ddab1c742fb23b211b28e65750e4ebe609db3bb567f6e4fdb,41224a6ee0cd6ae416dbc290d115904d408ac8ce,False
results/R3_C2_Yang_SA_depth/R3_C2_3A/frequency_mechanism_summary.csv,9e73ff9f1db2ad7d341e65978830f1804bb9767900e157c0f76320c061f53b15,ade2ed0425cf35af7eaf79c027084fa4c72d81a094a08b4b355dc048fbba163e,a399e6a44fb5afc8b744318934bf9020a12e36fc,True
results/R3_C2_Yang_SA_depth/R3_C2_3A/parameter_sensitivity.csv,7eeafeaddc907519a977964a5efbae29d029581b311cbfc343132e25da946b6b,6db4d8e05c9d6bc7f7b725e95cfffb744f05cc2dece8de90f09cb3990af28354,47d9a47fe17022c5cc6f752ba8a35d1b7e5b1db2,True
results/R3_C2_Yang_SA_depth/R3_C2_3A/range_escape_check.csv,b15294297f6e53cab7f813aac8fccaebe52ab401b95866838829fac065b3e683,964a0c5544ba21ce7f8cf1b75931b1d35769069d184d5641c326326897260f5e,adc8dd01096916e478d0885fa250323cf0423b87,True
results/R3_C2_Yang_SA_depth/R3_C2_3A/spatial_sampling_convergence.csv,3f89f9994f9b577bd6bee44a62960259c26c62314f349ed28f4902aac7e5ec6e,fafdaf8dbc0817c6ae01bf413009ac85568186ee9a0295a6428415b53426b6ee,897479bc49cbee85bfe95786a935e9330a7f1954,True
results/R3_C2_Yang_SA_depth/YANG2015_ERRATUM_NOTE.md,16a5449b08dcf2f6a5ba7a99eb8ea75a03ae3b45669db833aad9d9e6aee1a566,164cd37e588c267392d27a1ebe1976d2b825c166c95809f35bf438fbd9cd8fed,870f0127c733f1aae3e94de847ae9c6657a14fc1,True
results/R3_C2_Yang_SA_depth/cluster_energy_convergence_final.csv,74fbe69b08c06000e477f105f98905517be7762e8b28eeece7614c1d3939de30,463db5ba3de8d779c690f4a673079b2af1a698ec3a0a3dfde46eea58de502d6a,df85a674ce844fd8ecde96c09cfa638718ac3406,True
results/R3_C2_Yang_SA_depth/cluster_observable_strength.csv,0e27b05dac0643ed98126a4578b9928aefcbb426f333f027f9597b2441237932,0a5cca1e001a5457cfec3d2506072aa3bfcb375c06f88e51bae975c26d1d45fe,43d95afb506f3ced9fcfe146443a32c38b02fbdd,True
results/R3_C2_Yang_SA_depth/cluster_recovery_vs_L.csv,037a24ae06e74bf6eb325310022fe6d5e658a5747c00da41ac13d408356e6e67,6aa72742d4df1364efc54a0eb0211880ef81438384562b12c4036af639f7d089,d4d099873bac8771a9ecbdc6b1b2f79c7cef5af8,True
results/R3_C2_Yang_SA_depth/cluster_subspace_convergence.csv,40807445e349d263a49b38f133b74780498d59a6d6fef20823c32a6e36fbf8e9,74ed8198d07cf88ef635515f3d6132f0e63a9f312f9f8d12944f407ab4186113,2b14cbecee511dd248933e897f5969c44b0598ff,True
results/R3_C2_Yang_SA_depth/constant_c_mode_unit_test.csv,9929448aa3cf11cd638d83844bab0ada47dbf87a0701dd0b272e9305da07691e,d8a52ba44cdd7ca6ca2b3dedb124d2b7d29ac84aa2744272ee39456a20c9a822,c690146876022484e4869eedfe826d4b5f78dd68,True
results/R3_C2_Yang_SA_depth/constant_c_mode_unit_test_final.csv,0aa5ae81d76056c052a6a5c24f81644f72926fef891fcf62b44061e00cf964ed,f74af7505993d6dba55f8aadac7dbc17f8304e522ba32aad1a394af33abbba2f,263b9c6044c8354558c571e85a8746a102b54ffc,True
results/R3_C2_Yang_SA_depth/controlled_effective_mode_recovery.csv,007ccc5c2579755d22700a141ff4b05778d0bb764b50e9030af9d603a32f76e5,5cfb10e8d61c16b93b18eacb7f16292df27c007aa3bd5a7b5370621f016424ef,7bd22bebd41aee2675a2a339eec8a244b21a00e3,True
results/R3_C2_Yang_SA_depth/controlled_mode_recovery.csv,aac5f52a96d956347ab416d6cc5927339aeadf7d70575bd37fc36f69e9ffb40a,288721bf94e129d1dea1019e3f4e48e6d221c638c54496bd61257f35b9f9c018,0d8e3b81c68709930328eecd5f575cf94a093408,True
results/R3_C2_Yang_SA_depth/controlled_mode_recovery_physical.csv,039995b2d034a7841f342493f910f88f1e7109264503f494f732ade03daa049c,b11f42693115bc9acbc36a669f84484c78c9a202002ec97d03f2366aae1b326a,a0e46f0df9cc24ec54ced1f96128dca3003aaf92,True
results/R3_C2_Yang_SA_depth/controlled_mode_recovery_physical_fixed.csv,08729563cd3fb67ac7efebff0c6ba574cef541da4fd1db83ee1ae6765e4c3196,a1953e4c737ac5b35b68c81d33301012ebe53bb7cdc0fa07109ed85ab7ef3c1f,5b127e34496fc3b020233069011309957accbb6d,True
results/R3_C2_Yang_SA_depth/depth_mode_signature.csv,6594d7687a0852d76b300173a60c24b6a2d9d71e17e3671bff5b33c20bd844af,63945125e4cbc9d6303e46e8f799d22ebbc59bb90aa236d7f35f97d00aef4070,142d69d74211f428148687d5007f1a3769f3b512,True
results/R3_C2_Yang_SA_depth/depth_mode_signature_physical.csv,70f5afd046bbf517595c0dfa8cf5b889fd51e4846680e49147ee8dedc2d55bd4,8fac36a4e2f526c7bbb440bd4d5ef62b5aa32de2aaf7c350f85870513d6a4499,292f5e27344dc3c0242c6a4136d53f74d6f08f1f,True
results/R3_C2_Yang_SA_depth/depth_mode_signature_physical_SUPERSEDED_PENDING.csv,70f5afd046bbf517595c0dfa8cf5b889fd51e4846680e49147ee8dedc2d55bd4,8fac36a4e2f526c7bbb440bd4d5ef62b5aa32de2aaf7c350f85870513d6a4499,292f5e27344dc3c0242c6a4136d53f74d6f08f1f,True
results/R3_C2_Yang_SA_depth/depth_mode_signature_physical_fixed.csv,0697929a41ed1c34ab95ab1e944882706ca26826d1f6e0af0294ffdb88569e3b,26eb14c2bb459cc00eb0eb4e2f8d675ac15faae3cce17c21bc1fa86d001a8386,ef24d2a6fe2470429a921ac2386a30db586d3654,True
results/R3_C2_Yang_SA_depth/depth_signature_actual_groups.csv,36c3fa133fcf2fc56c6e51a244f08e06079c5299f76d2bedc0470273d4fdbd7e,47044f129cfe847ba120f114a9438b38e05110fad46561c6aff212bb58a5b665,c456231a0e4b5dea5049a2d558139cde4e042821,True
results/R3_C2_Yang_SA_depth/depth_signature_cluster_coherent.csv,e9d8d905938c872a6e967028ed7b493f950ea661e97909950d8fc3424be60f5b,f8a10f6c2dfe936654dd3d727a18c234529c8c5c0e65f5cec5e8f0b112163f9b,10de8bc9cb6004096a6fb6152aa30bc374e32f15,True
results/R3_C2_Yang_SA_depth/depth_signature_cluster_energy.csv,6241059ff54d4f87f661971a70ca3ddc0161ed28795014c79452de38ada014ca,29956be14fcecfe4fccc5cb992eec5362d2ced3da11b6688db1cde1f65a97044,edb985056b63f9643691b675534cade6ce7c6bc0,True
results/R3_C2_Yang_SA_depth/depth_signature_oracle.csv,1e35dbdc6f792702a8aaeb954d7d022c0c036a5aa6a93261c0ac6e908f0c6818,3f98a193cfb45e9d8f1f01571179676ec25d358db478df4b958f749d05ce0b58,f23bf69501159eb2f6cba3633d6191b2b375b23d,True
results/R3_C2_Yang_SA_depth/depth_signature_oracle_final.csv,a2603283f9ec3f04233af3308cb49d7ddbe10a4dfc72b875c1a7d603721d7d8e,a480164ff70e7abb0d691756aa28fcf3c1305d74203a31977a10f27f9b0e4633,8ce275761675d0e39ab3a01a4f4cd75e603cabba,True
results/R3_C2_Yang_SA_depth/depth_signature_rayleigh.csv,928bb87b4708f1c411ddb86a5b39dd84be25d7742caa9cd43bdc8a9d4abece7e,8710d4bae81b324bf5cd333e3fc56a73c6b6aa57fc5260a87a19261c0858bfb5,fc642b97a23bb2f8ed8ee0efa3035469a4d5ccff,True
results/R3_C2_Yang_SA_depth/depth_signature_recovered.csv,33c8b16ca4c266d3c60b6d6d4899e2cc03c37492f49ff6c13631ba7fe71a39ec,a9ed7d2dd0ccbd2652d857c701a98986ebfcb0368572c1936f61df2da30942b0,e5de4d8d737543712f6d286093b6a053609d6996,True
results/R3_C2_Yang_SA_depth/effective_mode_convergence.csv,2aec9ba648339dd9e61e9b6e1abb45309ef2607cba3c6418cbc0d13fbca54375,10633022e58629cc7d759c166c70ab001acbdc70a8a4dc2177030254220c12b6,03c888fdf0f04e38b9972d994b0bfe2f78c09960,True
results/R3_C2_Yang_SA_depth/effective_mode_recovery_vs_L.csv,2ceaefdabe2dfd1936f920ee929b6a8ecd2a20532c31fc6360fc90b796b981c6,63a5ba866e2e919876a225fc551d373ff7f108e4c1a35d40a45be71641cd62c7,077bf48f6b3bfc6d38388892aaf5b32e70d4da9a,True
results/R3_C2_Yang_SA_depth/effective_mode_set_convergence.csv,cb04fae431b542093512b4f26957428429511085ee86250d53c1fc3393af1bc1,aec30ae69228805769b66eb4bfe8859af526434a08b446a03d9fae40577ecfa4,03970734a5692cf2fd05ae89f7245ee9204e945a,True
results/R3_C2_Yang_SA_depth/estd_mode_table.csv,ef6a68bb28d130480ad3fecaf279bbfdd611667ade38021fe6f899e7cbb6ad60,cd3c75d67030eaf980c6a6896647e7e874fb3a8454615d85f4f9c323fc857c55,6826f565f4fdc357e3355f25e545549c3ba3d785,True
results/R3_C2_Yang_SA_depth/figures/fig1_mode_spacing_vs_aperture.svg,38c9e9d3592e096d3e3e63cda2d5b0528710a3a38649e8efde22eada0582b900,3af2251593fca0c278bddab00537aaf591e3600aa8b6bb947210abf173fe81dc,12cc7c44ed1ed7f6cc5365a2a5e7f9fb3d3ecd8a,True
results/R3_C2_Yang_SA_depth/figures/fig2_controlled_mode_recovery.svg,ed923d7efc866312f35cdac767e0c2e8c57cac4541091cfbf91d1459bc6ea390,01ca0924fb301bccfa193a51ef4a22a4a4750eaa3076901c06c37ac915474e6a,b73bf5e02bb7f71c511b91885c421448c04372fd,True
results/R3_C2_Yang_SA_depth/figures/fig3_depth_mode_signature.svg,6374d16e501a626db08e2df84738f28a9f933fe52c4c2a8eda859ea54f9fa8e6,4242b8afe2311de46a451d3d92be8290305bc3f04b76dea1a111220273b34aa0,f20cd186fc0aac8d0ce29d09d8006b34429b7513,True
results/R3_C2_Yang_SA_depth/figures/fig4_frequency_comparison.svg,30c9bd5596035009b39289749a0b5f3ead3a165e091761c49acb59ab37988bd9,126593d43e42494bcebd9799e641da8bd04e68fd2d729738cfc8f0bfef01cd98,0d11413a5afa9e38eb353e563d05bf18fc6f7259,True
results/R3_C2_Yang_SA_depth/frequency_cluster_mechanism.csv,e442a1f4a2291313961af07c2683438dc8935fa5781b6d8023e350e0637a01d2,dfdac5fa1ec9e1e46afcd56f991ba1ecb6492edf885d8a52093d0d93e11eda95,ec1722b6fcabc82f2b1c8b272194cc6af22f7ba0,True
results/R3_C2_Yang_SA_depth/frequency_depth_mechanism.csv,b3ac847a7f15a76c4ddbb3fd7d712ee5d4f7d36d911e82cff91b328409f84870,409d0be69001f85a83796b82b501e7e4e312ffd29de74c04fcd5364946795bc0,32d6da5485ef5fe4836ebef846fe49812c57c557,True
results/R3_C2_Yang_SA_depth/frequency_depth_mechanism_observable.csv,33405a2db4607496df7443310ffe769d83cd6f863ca9b1f693b58766064185e8,b754513f2f14c71fcb7b20bdb15ed22e6efc948b6ee8dc47df87326061b93241,f5cafb9dd5b91b6a785704cd72b533fde637f565,True
results/R3_C2_Yang_SA_depth/frequency_depth_mechanism_physical.csv,5600f2c9e51af4ff442393f6422d7917cc4cab30665f3b08e13da1670748bcf9,1b0a9b0d201829ba640da2e21b8cda8f9483284d0747711ac2f6f052f6d41f0d,4523e396c2e82f14f3f2f4cd92f0c96d3eebd7e7,True
results/R3_C2_Yang_SA_depth/frequency_depth_mechanism_physical_SUPERSEDED_PENDING.csv,5600f2c9e51af4ff442393f6422d7917cc4cab30665f3b08e13da1670748bcf9,1b0a9b0d201829ba640da2e21b8cda8f9483284d0747711ac2f6f052f6d41f0d,4523e396c2e82f14f3f2f4cd92f0c96d3eebd7e7,True
results/R3_C2_Yang_SA_depth/frequency_depth_mechanism_physical_fixed.csv,3ebb241e75ba0b4b9c045113dfdeb9725f97d593495df42ae42de91a7a02f38f,516deb6e05505379287be4ba3fc519978316f66174e2d7ab2027ab52cdb2c05e,5cac716a6b42e5580d67bf619467cff991d660a4,True
results/R3_C2_Yang_SA_depth/frequency_group_mechanism_final.csv,74045fc7a88ef584f629a00919915068da23bd93b885ef05819240a33fdfa597,45d2042b1830c2d8d19ff333a51ffc399ef0a6297f1cbbb1160442a559822a01,8aff6b8b5d15d0702da73346a4c87514cb25edbc,True
results/R3_C2_Yang_SA_depth/high_f_mode_convergence.csv,0b21e12838fde4489cf8e204241f81aa30130d41b93740ef786fc5bf259d1898,657b2294e53ed3ecf923e187130ce967aea76b1d4532833f302c4d4eab151724,990504c300e8847b915f0ff734d8b53ad190fc51,True
results/R3_C2_Yang_SA_depth/old_vs_physical_modes.csv,c848057b82fe8336b151c2788633a4a92fafcdcf4164f0f74ba804511610be4c,08a1e91801afa2ecee9bdbf0c43ec92a84fe10c8385b1c22c0d9aeb94ef4f9c6,0d8a7ac907e490076f82148170de335d28838262,True
results/R3_C2_Yang_SA_depth/physical_mode_convergence.csv,3a2ae30c59492dd79ecef5951cedbf91ae397aa66c46145db989b8684f6f933b,4e25fd00685841b481254fb72e96db81115dfc2a33261acee8ea47a543c753a5,4e018c4e8d631944c16e09ec89a35db0795d0cc0,True
results/R3_C2_Yang_SA_depth/physical_mode_convergence_fixed.csv,44cbb732a7b8b6e8efbebe69431b0134ab533e51e1c675f538d2145ff80d1938,a2fe8b55ebb5ef6f524797636a328738b6845164527759c1bf3d8db9b3458d29,598e8e7029caa394d64c9dc9683b1eb5cf644edb,True
results/R3_C2_Yang_SA_depth/physical_mode_orthogonality.csv,8507a1225c4f9893251ae539bfdc0f19a54030802722256107c8d3462340057e,da7f2520c0bf75c2a7a6054126d753896d0f79e531cb4d08df3d83aff2cb024f,afa6b8cfb5b5e690edab1dc690d881152bcd0eb6,True
results/R3_C2_Yang_SA_depth/physical_mode_table.csv,e3d48567ca75a2fbc7da47ca1d8c78917ad1a5c6e84b3d8302810b6663c5814c,b54cfc7875d5597392cac588d249aa45f6e704d3c057c396a859e2f94a0486e4,328738c0f284a8c3b67f935ef4943bb2f89a62db,True
results/R3_C2_Yang_SA_depth/physical_mode_table_SUPERSEDED_PENDING.csv,e3d48567ca75a2fbc7da47ca1d8c78917ad1a5c6e84b3d8302810b6663c5814c,b54cfc7875d5597392cac588d249aa45f6e704d3c057c396a859e2f94a0486e4,328738c0f284a8c3b67f935ef4943bb2f89a62db,True
results/R3_C2_Yang_SA_depth/physical_mode_table_fixed.csv,c7f184620dcf17745b5cd682f53c3e6d184a2ed7929236dda852be04802fcb02,6a56464986f323f568fc0bca2fc85adf0fef9684ef40819c8a0ff4e3b6123db3,5af4c9d1d880184d50ee9b0a059907a8771dcddd,True
results/R3_C2_Yang_SA_depth/resolution_cell_clusters.csv,7c4cb4d1a2fcdb4f01e3d4e2a3eee95bf4fc3969dde40c8c9b3e02763350da15,8ca71b9a9043d8395419edcf0aa82e55046618d20478d6ab1ae16e386913fd44,400595ac87ad38a4b10f688ce90157c97eb50a5a,True
results/R3_C2_Yang_SA_depth/sa_L_eta1_stats.csv,634c4f16b2c784442fa739610fabb8fb5d625255c0f2c4f5622be2e32e1d1ec5,6ba6b4da516e8bbe040eb2cab688e298ca897041825cd6ab7478de05dccac877,d3b81541da7970f05b605244dfd8ab32d47ef2fa,True
results/R3_C2_Yang_SA_depth/sa_aperture_resolution.csv,c41d42a8280e4a3230f64061db11ff604d3a5784287451c931e6d19af530e53f,3a93e4dd0b221bb5d696c6015de3cfd1c016b608badbffbcb3893cfdc95b95bc,53416f872e722b87e75c462cb21c63003ec04d6d,True
results/R3_C2_Yang_SA_depth/sa_aperture_resolution_physical.csv,8665b4b5541dc692ea8e071d4e27a65b661d2dd290fc1021882ca194af33a866,b3bf0d1f58007f81c16c2f7af2f9f78dd99b6d51648f96d6cc8c0cfde421d2d7,cc2cc56d1cb7bb6bcea541bfbd1f197646b9f276,True
results/R3_C2_Yang_SA_depth/sa_aperture_resolution_physical_SUPERSEDED_PENDING.csv,8665b4b5541dc692ea8e071d4e27a65b661d2dd290fc1021882ca194af33a866,b3bf0d1f58007f81c16c2f7af2f9f78dd99b6d51648f96d6cc8c0cfde421d2d7,cc2cc56d1cb7bb6bcea541bfbd1f197646b9f276,True
results/R3_C2_Yang_SA_depth/sa_aperture_resolution_physical_fixed.csv,c1d28081c5766d9d9324b84e2a8388cecdd63d7ddc0a6e005d7257ceb8cce774,9d9fa82ede8c5648f882ff319eecd9ab3c114532a5a23eca7e6bffcc6e291cd9,8f4d120791f7313304f7aa609d74d06de54b43a5,True
results/R3_C2_Yang_SA_depth/sa_group_recovery_vs_L.csv,2a13b5089c4e15e9122637882b80fa4fc693e41ae799155635c827bbeaa736ab,78a7026af57b88caf4f3837ae1e6e3327fad4a69daf784359004e0b28a94243b,5fa4d367aceef55e6f745d45fc1737eff78a8515,True
results/R3_C2_Yang_SA_depth/sa_individual_mode_spectrum.csv,f01a374e9c81e3db89b3a42940c4d6a5447684986a1296e42bf13f196eed6295,b42f2099187886def637d6aa840022266e05cb6c987a9394e708e23cd505eb46,e02abfc9b0e17c18f0c365f044cc760d3b961f4a,True
results/R3_C2_Yang_SA_depth/sa_peak_cluster_mapping.csv,8bf8fd704c027ec772c8a0dcc280082ae9f2e4dfe4e3f533af89682362111d2a,5b9d91d7cb82961c45975aa6c9a71ed21233c2f068aa3e320aabc2d10d9666a3,29621228951bcdc5bf67b5c26aaee3a10f22203d,True
results/R3_C2_Yang_SA_depth/sa_peak_mode_group_mapping.csv,b46afa90293acc8f1860cb48ea4339e749ed7274bfa0f32d9cc52b154e0d0532,b8e0760c34b5ef12c69b0ea76677b5404cdf29efdfcc453e4b5fd0ff6ab81d1b,204a2bd5c331f3f275f5400122b22abad084c2aa,True
results/R3_FINAL_CLOSEOUT/APPLICATION_CLAIM_BLACKLIST.md,9e47aa9cf746f9273ed8ca13ac2ab4cc0247b24c2abdc6328b1ebebf8ba72277,bb71a49aecf2d088f2fed5a1366115a06681ea83728081bc4f81b77292d60d73,db17a7a4e18e3ce99c4eab2bb98151ae5421a7ab,True
results/R3_FINAL_CLOSEOUT/APPLICATION_CLAIM_WHITELIST.md,d286797d367af98f328c6b7e3fa451ac7daacd656f768a4813e73e1463f4d1a6,c84feebcd1ff8b3c737ab9c2090d4c4b5cb8cb018a090a108fb8b89c43be1374,2fe93e69e76f48ef7c76eb87f51981ea5ffcbbe8,True
results/R3_FINAL_CLOSEOUT/R3_FINAL_CLOSED_BRANCHES.csv,c4c48f41131311fb084a897dc5b50d072f0d752198f1466480b60b948b715933,8cc51b2ac17ceb56af6c01d19088d582b13f3abd12c8de91f270e063d4cec99f,9b0b745866e9b04ea416505a973a791b3d63bd5d,True
results/R3_FINAL_CLOSEOUT/R3_FINAL_DECISION.json,ca577a5dcb409b4105d2612818563abc7e129b455f511087bc357e6516cc53e0,734586729b7a8ecf4670e00256f34f853b0df834fa34463b9e5743fa4d953222,ccdc90d9d6aa714598a02293dc8fd9003c838f3e,True
results/R3_FINAL_CLOSEOUT/R3_FINAL_EVIDENCE_LEDGER.csv,762ee3af8b97fa10e1c320b7a40a34c6081449b81e3c2cc5d1f7d6b643ca3de9,1e699977d1c640ac6ea7e1a57a33a90c7ed0819c7c2136c665370d2b0720188e,0dd8aa7bbb620d1a152bd3164e248581373e46a0,True
results/R3_FINAL_CLOSEOUT/R3_FINAL_RANGE_UB_STATUS.md,61513ea71b22f723748684191c38bfe9e978f3e9c417fab7d30fb475d721ce0f,565e9feeef28a79001edf2204c7a9c35dc4018df72cb2565f8362c11e2803097,9edd7269b94506a2e951098c029254f06f3e9c06,True
results/R3_FINAL_CLOSEOUT/R3_FINAL_SCIENTIFIC_STORY.md,2d306ba3c6e7f5c22486a1237fd0aaa4b30e7292ffe93e5717c80c1af60f059e,c9c9da66d5d3a1bf3d5064166ffb0071edb4035dfd053f32b433cd5bdd51ab42,68515395baff525f7b0bae45ab902e2b01c1533a,True
results/R3_FINAL_CLOSEOUT/R3_FINAL_TECHNICAL_ARCHITECTURE.md,aa02affee5fe77cd09cf4eff5757e6b649c83a8a27fef8baa8f46d86e86a75bf,fadad06fa5f137ca8bd63d1c692b2a000102360c439c25029a15d52cf018271b,04b8ccec612a4279e3f0e9d232118208bbf5e593,True
results/R3_FINAL_CLOSEOUT/R3_FINAL_TECHNOLOGY_READINESS_MATRIX.csv,70db477e10ff64ea07bc4532c8c2aff49f61de3255b9ef5e829f898f3b6a680c,fcdea194f67f289df82274c5e5b0bc91b2460cc2dcdb67a03056911d540fe727,4bf9f603ecbaf59151b6cb3c63f78688d8cf8ac6,True
results/R3_FINAL_CLOSEOUT/R3_FINAL_UNVERIFIED_AND_FORBIDDEN_CLAIMS.md,1bf43dd62330328020ef266531f653c107e2fcd2a53ea5348e58518f1f27f7ac,28814a5870fb8d9f349157c3b5fa82f2959f95c657bcc197f2a8601f8aca1024,19229d063907ace8d18e7c50924377d7dd5ea062,True
results/R3_FINAL_CLOSEOUT/R3_FINAL_WORKING_ENVELOPE.md,00415ce78e7d6efeef92ec34c9e91deed908f7d68d8812fc855b9b7e0df1c948,8ca248a005140ceeabe9caf71ecfc420504db57d8c936f91424c82df63fd8886,01e30a879490fdf28efd93d98bb55226ad669a44,True
results/R3_FINAL_PARAMETER_CONTRACTION/AUDIT_INTEGRITY_CHECKS.csv,95484701408b6f19360f775a5b6699c6582381e576c758871a305050a76f8f10,54068e0a2202642498169d53fc3c4b3384e1cc864961ae3a9ca9eb753732dab0,c16aa520d24676f4562a0ebe0a2baccf5fc23133,True
results/R3_FINAL_PARAMETER_CONTRACTION/AUDIT_SOURCE_MANIFEST.csv,13f0017a95d25b34d27c09f3986471ef1b192ce44bebf33368ba3b132347af0a,c8bb71a2653d9111e3c01ddefd7ad7df52403a4cebec8ec6e0d0ead56881df58,25058e210daed8a3629122bfcd5a9a5e97a9652b,True
results/R3_FINAL_PARAMETER_CONTRACTION/CANDIDATE_MULTIMODALITY_AUDIT.csv,8e15273f78d70e8f4852de1aa9328aba5ce3310d34195404bbafe4705b85a0fa,b9700becfc9a0d24587ee3fa1578a1ebfd84b15cca78fbadc1b52924763c601b,6ce0db214d84b17e916e134e69b0ffe063247ca7,True
results/R3_FINAL_PARAMETER_CONTRACTION/FINAL_SURVIVOR_STATE_TABLE.csv,53ca8228bb95b1397a57386f0fa9bcf13b5b1c2c6e281335465681c17d51b08a,9f3b738bfd079d29015e7c0c4405fb4a38a805e9b2bc82586006ab9edebccf30,e5af5aa025edbc0c663848446780bb4298ba5164,True
results/R3_FINAL_PARAMETER_CONTRACTION/FINAL_SURVIVOR_STATE_TABLE_FIXED.csv,53ca8228bb95b1397a57386f0fa9bcf13b5b1c2c6e281335465681c17d51b08a,9f3b738bfd079d29015e7c0c4405fb4a38a805e9b2bc82586006ab9edebccf30,e5af5aa025edbc0c663848446780bb4298ba5164,True
results/R3_FINAL_PARAMETER_CONTRACTION/GPT_SYNC.md,96fdf9fd9816304ca20cf1c9ba1bb97fd00b050afd26aa593dfd8138411b686a,521e25b43ce1e76dbf25af5dcd9bac85ce85863c8ef56d150cbdd7a7d84fc282,e72fd5d01a81dfb9a710267855ea5aed5d4bb818,True
results/R3_FINAL_PARAMETER_CONTRACTION/JOINT_OCCUPANCY_AND_COMPONENTS.csv,8e15273f78d70e8f4852de1aa9328aba5ce3310d34195404bbafe4705b85a0fa,b9700becfc9a0d24587ee3fa1578a1ebfd84b15cca78fbadc1b52924763c601b,6ce0db214d84b17e916e134e69b0ffe063247ca7,True
results/R3_FINAL_PARAMETER_CONTRACTION/PARALLEL_CONFIGURATION_SET_OVERLAP.csv,d1e4c74e6a2e2cf3f3ac99a0c014e3d01e93dbbe9b1cb43de4dde50d22a54558,0d7ca4aacfb57172d086117be7826fd4843fe94fe047dc25cd54c168a492eb12,6a3a3c5685da05f1691a353dd6cd4afaded4d167,True
results/R3_FINAL_PARAMETER_CONTRACTION/PARAMETER_CONTRACTION_BY_DEPTH.csv,649f4ed80938631c1176d1e7d16c586ee099a2b8a60307f803a411441aa3297d,64c439e993be3b8dd2915962b45ff4b7a7e1b4bf4c7a42d19cc14652b5f28c53,60b21df2c9b20673ddb96d0c364e91a02b4843d8,True
results/R3_FINAL_PARAMETER_CONTRACTION/PARAMETER_CONTRACTION_BY_DEPTH_FIXED.csv,649f4ed80938631c1176d1e7d16c586ee099a2b8a60307f803a411441aa3297d,64c439e993be3b8dd2915962b45ff4b7a7e1b4bf4c7a42d19cc14652b5f28c53,60b21df2c9b20673ddb96d0c364e91a02b4843d8,True
results/R3_FINAL_PARAMETER_CONTRACTION/PARAMETER_CONTRACTION_GRAPH.csv,eabd7b6c64be140db04ebfef69b6fb8e8cbfb97e3278d20ce57e2975282bafeb,0c0a38b608981c0cb4e33d628fd9efe5d0e74c25c923a41a1ed9cac53ff02e43,3c857bc6219df508b9b59f3387e648009e919c5e,True
results/R3_FINAL_PARAMETER_CONTRACTION/PARAMETER_CONTRACTION_STAGE_TABLE.csv,17000c08d3e10707d9cb618cbe69eebecbc6856446e1ee3f0c2ef329873527db,3c839f1741b0471ae1a080295524dc6e0e3d986d3cc4a85ab5e4dfcb1563372b,b29a1feac35958c0dfaae23bbc61dc636cdeda7a,True
results/R3_FINAL_PARAMETER_CONTRACTION/R3_FINAL_PARAMETER_CONTRACTION_DECISION.json,fc4db4e5887c85983c72c4718df5699ebbb3553f35d4d14b2a6b0d871e5030b3,3ca8a54757a76746e909dd937e81a4583b246d1618475671046a76eeade4d677,bf53aa070b3cebf7a7b887c1faa2f1cc263cf9d0,True
results/R3_FINAL_PARAMETER_CONTRACTION/R3_FINAL_PARAMETER_CONTRACTION_REPORT.md,c36e45577a5c4813cbabf9e55d5a108a36d1f56c9f56b3bb3cf533903675b6de,bb5e6f01dc9f6e601b3fbfa480496070e930bfda97d4aeb836a85817f3452099,d7983c19d46cc67fc8cebd3d80a742f5fe506d0c,True
results/R3_FINAL_PARAMETER_CONTRACTION/RC1_SUPPORT_ROLE.md,ee0f98262ed9b398d20d40b73b312e173f73f82dfba46f4d3c4835b7871232a7,45721de78a4dd0826f85c6cb383fbef7765f8605467525348bf93dc2ad92263f,c26f225d5f28cb6a02b9b46b4a2d3d77b3cc6dcc,True
results/R3_FINAL_PARAMETER_CONTRACTION/STRESS_FINAL_SET_QUALITY.csv,693930eead62459d4c778587638d422102fef52c26866bf00aa6e8238cdb9e26,800d3c906f31fa986ec346797d3c2d2eff96a68c70de055be18cb44ef400dbf2,a51b097ae9f1f46a0140e3f584e49d385c55ac9d,True
results/R3_FINAL_PARAMETER_CONTRACTION/STRESS_FINAL_SET_QUALITY_CASES.csv,f46e3453e60221bedad3e515ddb3a49918a23e152544d192ca1d17e912b53c96,fda664818fb8b7f84ba0fa7ac864600e5d818a4130d9830cc561cfda2cb39262,4b54f2ce8e8b52b2d016dec3241ede762dc8be0e,True
results/R3_FINAL_PARAMETER_CONTRACTION/STRESS_FINAL_SET_QUALITY_SUMMARY.csv,693930eead62459d4c778587638d422102fef52c26866bf00aa6e8238cdb9e26,800d3c906f31fa986ec346797d3c2d2eff96a68c70de055be18cb44ef400dbf2,a51b097ae9f1f46a0140e3f584e49d385c55ac9d,True
results/R3_FINAL_PARAMETER_CONTRACTION/STRESS_METRIC_REGRESSION.csv,dcd25c4cc0ad55aaf979545a453bfa1cede53ae4ad3642c99c893a4e1d219c14,946236da1742edd30c7fef2068be070e29a3e1465e0ecfbe262e9ea693be12ed,6096e190e8652a5f0714f1cf9176c87b73190296,True
results/R3_FINAL_PARAMETER_CONTRACTION/TRUTH_RELATIVE_SET_ERROR_DIAGNOSTIC.csv,acf13f845da91f10174db31acc6c7021f7008d2c63476e732a6e2334bfbd987f,10b2142c02c083f75f130a7cf2dff1f0244aea0d02e7f07b947d4ba96830f7b8,aedd42db8b3996b0b0b060364f8f3ed12cc5c51e,True
results/R3_RC23_CLOSEDLOOP/R3_RC23_SINGLE_TURN_RANGE_ANCHOR/CLOSEDLOOP_1C_CONFIG.json,641f38d594ef2cfa81285972ac4989b2209447bcd5690f016cb3a0bcf62584a7,3c5f66cfafbd128f79b59d06b4abd5a5a97f33ba010a529f8a3842f892e52caa,a2a3a84b3115259bb49f2deae0e82fdebe616a5e,True
results/R3_RC23_CLOSEDLOOP/R3_RC23_SINGLE_TURN_RANGE_ANCHOR/GPT_SYNC.md,7e22a84c6d54762afed164dea6ebb0fa2dcb2468acd7d801d61511d05d006e45,a479e59596a4155c9295a64ef165f2ff27152a8bec0e2840af41ed6fad79b9ad,d0fce585322b329f9b40b594b7a047e5db790ba8,True
results/R3_RC23_CLOSEDLOOP/R3_RC23_SINGLE_TURN_RANGE_ANCHOR/INTEGRITY_GATES.md,1f05c2726d4e975340793f9e0f1a329be90b48af1ae69291f1ef7017aea16765,90b45600b443a2c26796d9534b965fc0042c7661a765b6a9bb2a1697f42584b4,0e5749a27537d9709e31683f01d990b5ef64d513,True
results/R3_RC23_CLOSEDLOOP/R3_RC23_SINGLE_TURN_RANGE_ANCHOR/PLATFORM_TURN_GEOMETRY_INTEGRITY.csv,5b8bac365210b87c3b37abccce1d83957e3cfffb981affe4ee1e00bacfbbafd6,de8d4801a520f3c0b41f70e16778c87a8df6362ca054a9ed4f1a689ee3e9b191,8d2f14627abafc3b526fa1ca09eb2a7db6e9f7f8,True
results/R3_RC23_CLOSEDLOOP/R3_RC23_SINGLE_TURN_RANGE_ANCHOR/R3_RC23_CLOSEDLOOP_1C_DECISION.json,0e63cf749353c4d89c1ce4a2c58382a3e5751b9792f375d40787170e3ce9f849,4720f9549cae313b0b18deb0cc137a6a900b722eb71b7150253ed4dadf26618c,eae6de0a8b5a07e9af34bae60d96a942c407086a,True
results/R3_RC23_CLOSEDLOOP/R3_RC23_SINGLE_TURN_RANGE_ANCHOR/R3_RC23_CLOSEDLOOP_1C_REPORT.md,280426c46c5ed831fd08e6fc58feff5e1fcdb094af2032cc8f77d46060b64b9e,9b0d723b72101dcfc2223df5c754ac8e83c457b932e9000680f2bff4298e48a5,7fdb1a1f86b4b935f8f18394ca4af2e91d2bc7fb,True
results/R3_RC23_CLOSEDLOOP/R3_RC23_SINGLE_TURN_RANGE_ANCHOR/RC2_RC3_TURN_SET_METRICS.csv,eee008d1d02d917563161da9021184561893731f025d792356e7fafcc9b3e196,db383e4d618f9bca27e520db58e74d060a1039eae1896707506f8a5eaa77ea16,16a867317a9b4a1c1d69e39628347dc84d4147d5,True
results/R3_RC23_CLOSEDLOOP/R3_RC23_SINGLE_TURN_RANGE_ANCHOR/RC2_TURN_ONLY_SET_METRICS.csv,5b25189b2fb372de5a72610d30f6b52715bda4f39dc06d2ed18cfb2d76acdeaf,0cccc2897236bb53b7ff8dcd5e100a92977aa83f94eca55aa3beb44948be43cc,fea692045225000e2a07616e263259991e93f8e3,True
results/R3_RC23_CLOSEDLOOP/R3_RC23_SINGLE_TURN_RANGE_ANCHOR/SURVIVORS_BY_RANGE_AND_TURN.csv,b1ca289af6e4f5ca4511a77cd77e1a0b3553a98c0df7ead4e69137d1a137d961,1cbbdb4431acc4117a0acfb887b1118db18ac58f24be9e6afe58d370f1f9e83b,e97871c43a637e1e74d3bd26d6840ef49406def6,True
results/R3_RC23_CLOSEDLOOP/R3_RC23_SINGLE_TURN_RANGE_ANCHOR/TURN_RANGE_ALIAS_PERSISTENCE.csv,db3c33ef0177b26d12098ac2071a638879efc450534cf23897906f04090b8ce9,98a8eaff377daf9d7bbdeb4fa75550c2e53841a258aec0900950fde5c6f7c0aa,dc6e16e92c0e8848edf789af908062e2d0e1e68b,True
results/R3_RC23_CLOSEDLOOP/R3_RC23_SINGLE_TURN_RANGE_ANCHOR/TURN_RANK_DIAGNOSTICS.csv,8922a1d181b8f0e042aa3c93235e03b037d824de5ce50f0bcefc15a867b4ac20,0fee1f4ee39a39fd21806ef736829bf7ffe6df1a869ecb447a2d635e90a28368,899384c10e025e34e58a83d8e3de5fe395e39bc0,True
results/R3_RC23_CLOSEDLOOP/R3_RC23_SINGLE_TURN_RANGE_ANCHOR/VIRTUAL_BASELINE_DIAGNOSTIC.csv,32387f320f9bcd5b91531f438ac80775a9971bdda4abaa3667cc9f1db71bd9d6,d5dd6f107e947208d6bc863181e942581e30a89067accad2dd101a74929edbf8,14d305e3b7c664c8c5162d145972ff812197ff36,True
results/R3_RC23_CLOSEDLOOP/R3_RC23_SINGLE_TURN_RANGE_ANCHOR/ZERO_TURN_IDENTITY.csv,2736547155c7e014b430196a7825a7d7e5f25d12f3e4e34e89ce2832f7b1c219,d78634c26726f9a3200cb1d309132b601dad7d00389af80bd67ba25d8fdeafac,2bb005558b9086e206efe5ae90412492f74d001b,True
results/R3_RC23_CLOSEDLOOP/R3_RC23_SINGLE_WINDOW_SET_CONTRACTION/CLOSEDLOOP_1A_CONFIG.json,f11d60766f098fdec3588bc8f40b58d064b48e78fb934e4cd87c7253901ddae3,b869a8945a70ee49f8fc4517b6377aeb5f2eadac1d67fa2449432b3030cea286,352add38658b4d8a2990727f2098a6fafb3262b5,True
results/R3_RC23_CLOSEDLOOP/R3_RC23_SINGLE_WINDOW_SET_CONTRACTION/GPT_SYNC.md,eba7f387643f7e6abb09638aa6f6022a7191b54c11b2b9d6d83cf94f1bd06c57,3c5f08bbb94745a42e1825709f26ce662e132b90c14a1e3f00b01921acdfe002,286c3120860e7cad703c4288d9bf1d106e2b760c,True
results/R3_RC23_CLOSEDLOOP/R3_RC23_SINGLE_WINDOW_SET_CONTRACTION/INTEGRITY_GATES.md,46a3d8a434fc4737cba0a97c9caa575d9f41e01c416757094b7ae087a7d0c90a,b14e1b76fd82540ade163a2cf6aa2c9ed6496d222a5c7c05d67da5b24b0ab6df,2ebe2b80d0d47c46337d7ea82f9cd45ba47f0df0,True
results/R3_RC23_CLOSEDLOOP/R3_RC23_SINGLE_WINDOW_SET_CONTRACTION/R3_RC23_CLOSEDLOOP_1A_DECISION.json,dc95c325ea4b3cd876bea8cd3b54cdf1f06ff0e59bce6d963fe57856c8f97a65,c5abf174ddce01c6c18cc9f7f08acca6c1ae52c8adeb5bc67f378d4a486a166a,b7d99625206c48aa438d4a65f6614a72315564f6,True
results/R3_RC23_CLOSEDLOOP/R3_RC23_SINGLE_WINDOW_SET_CONTRACTION/R3_RC23_CLOSEDLOOP_1A_REPORT.md,fa2d42817aad999edd1521844c6a1edb838797cc3207aeeee21f5220ca74bb96,2b8a2d11964da08333b3e7dda13044088fa3bd162bcb878c19a0e3a95caac1dc,0c62d063df0c811df311722919b288a23a39d909,True
results/R3_RC23_CLOSEDLOOP/R3_RC23_SINGLE_WINDOW_SET_CONTRACTION/RC2_ACCEPTED_CANDIDATES.csv,2aadaa892cb4771eff782f23e8dcec59f2d514ae7f13317a0a11135bb46e7110,ab6a87b3a389e332c82e4183f58711c96705f7b249e3ad6261a7394e3ea8c8fc,e5e33c32e652efdea5be19bcebccbebc93a20bf7,True
results/R3_RC23_CLOSEDLOOP/R3_RC23_SINGLE_WINDOW_SET_CONTRACTION/RC2_RC3_SURVIVING_CANDIDATES_MAIN.csv,594672526c720a9d06a35e8b2f848a794e84430771c99bdcb43fcd26dfb6311a,056c9950af2873350767943245bdaa8fb1a89524c8abf7029e40e21bd43aafec,48a1a285d7f2643f6fd48d7b830d72ca09608f7a,True
results/R3_RC23_CLOSEDLOOP/R3_RC23_SINGLE_WINDOW_SET_CONTRACTION/RC2_SET_METRICS.csv,c3d9eddb8fdb9ef7fb0e87f1ec5fc1e9642e155b3ec9c0366dce73f74119846d,47e877c104c437aa2a8a72d1f39d3a7e945dbd9a1da0ba5c9dbaca74182b9078,9d22e5ad52fc3a8c424d4d034f6f49dd226f2c39,True
results/R3_RC23_CLOSEDLOOP/R3_RC23_SINGLE_WINDOW_SET_CONTRACTION/RC2_VS_RC2RC3_SET_METRICS.csv,b1946b41f52706d18fceac74f34ad02483350bbf2132361f8e5929338225f50e,654ebf75212d04d4671763c0a71803788761d0b4144582dddf375ad0a4fbc255,d835dfa1b1d29ad987f3a8c09274de23fe5b36a6,True
results/R3_RC23_CLOSEDLOOP/R3_RC23_SINGLE_WINDOW_SET_CONTRACTION/RC3_PROFILED_SCORE_ALL_ACCEPTED.csv,de3f4900c88fea70bc500db43a0b7600fe831e91e7bc78d910add8383434b46e,dbaa85a8b5c466e61f6c0023768d3788f062108cc2657fe577823cec7d6a1709,7765fa73b893ed5db1e51a627d54f64acbd6246e,True
results/R3_RC23_CLOSEDLOOP/R3_RC23_SINGLE_WINDOW_SET_CONTRACTION/RC3_RANK_DIAGNOSTICS.csv,95042fe9d04cbd13c3a3677d7d9ca1e29877967f2a53c40c67c1aa453e159d58,03e566d6021fc70457e87824af5f43df71b3cfa1b471580498ff9ee1b3a877b8,f022f4ebf689c4a8639990b92470c8b0047d1e05,True
results/R3_RC23_CLOSEDLOOP/R3_RC23_SINGLE_WINDOW_SET_CONTRACTION/RC3_SET_THRESHOLD_SENSITIVITY.csv,01398f393bbe0a98f2acdd8362031390a5862603551bcc6275bee9026a71eec5,ca7cadaffdc88ec7e7fab32b6f718e8c3e9e57309c8885c50e52e640f8990e6b,a057bf250e060babdf9702d7ae9a06831429e7a7,True
results/R3_RC23_CLOSEDLOOP/R3_RC23_SINGLE_WINDOW_SET_CONTRACTION/SURVIVOR_MECHANISM_DIAGNOSTIC.csv,d9376aa4075aaef21089f6f4abbf1a4b50f588143660eedcec5e11b79fc04252,48809089c65ed87ebc4b9940b020ccd44ffa4d97ce3f4835d3ba70a5e6e53d18,9f193960f23c0ccef0f9d69d8a32b3a39876aefa,True
results/R3_RC23_CLOSEDLOOP/R3_RC23_TURN_AMPLITUDE_CLOSEOUT/AMPLITUDE_CASE_METRICS_RECOMPUTED.csv,6e52c25974506e4a46e59b40f5cc00e8681403fa39d1ad04474df2cf03a38d9d,a50327c311acc078991029de5acede248c19f3211e3fe0110c24a54ec863edc7,6df8f7beaee7d0af73e4385a030e64b0262078fd,True
results/R3_RC23_CLOSEDLOOP/R3_RC23_TURN_AMPLITUDE_CLOSEOUT/AMPLITUDE_INJECTED_VS_RESIDUAL_RMS.csv,b19306ebff044728ddb9c925a0a36a6f23a5b3329347cc5b7f57ddf98a40526a,31abe5a8578cf4da976d097a3ab20257c6faf66eff2667d8c373294c57a34d58,77291e5e85ff04db917ad4b561a502cb90cff2db,True
results/R3_RC23_CLOSEDLOOP/R3_RC23_TURN_AMPLITUDE_CLOSEOUT/AMPLITUDE_WORKING_RANGE_SUMMARY.csv,01e81975048a3d5b244d3721172c6dbc793b65448cfe8b89dbba9f056d635c90,38a8120d82db4bab2f1d4577f1b4b8014dcff21670f78243ec62ae1fa055681a,ced995f57dd96a4a0e55bd98bc0b08b4c1305d68,True
results/R3_RC23_CLOSEDLOOP/R3_RC23_TURN_AMPLITUDE_CLOSEOUT/GPT_SYNC.md,9ff33c0bbaef088aa96121a37c12bcc853e9f6872f6477a9ff6ce5999261bf9d,d4102db3efd691dd472d818b9ac8e20b72e21bcb8374ec6fd7e074efa4101438,60b7642e9b7f03bc8a8f710f07184ac006430a40,True
results/R3_RC23_CLOSEDLOOP/R3_RC23_TURN_AMPLITUDE_CLOSEOUT/IDENTITY_COMPARATOR_NEGATIVE_TEST.csv,322f959371ee512f3ee7aa557ccbf9250928149ed60d87fe65fe23442cb08a7c,f9925908d470d37cdedea7dad62b8bcaf9b670c92cc84da51768e5544ce69584,9bf4837e91ee6f0c86f65fd394a28c0b2e192c2a,True
results/R3_RC23_CLOSEDLOOP/R3_RC23_TURN_AMPLITUDE_CLOSEOUT/R3_RC23_CLOSEDLOOP_1E_A_CLOSEOUT_DECISION.json,c3136bd43a734a7668f9500b288578256555083c255e6578f0fd7ed1409b4bc6,f12495688213fa09ff3e810a1144d025ce0b67aa7f05fd3d8e38f705a015dbf5,7a3beedd0167c5142a61a33f3afec25932e0cc63,True
results/R3_RC23_CLOSEDLOOP/R3_RC23_TURN_AMPLITUDE_CLOSEOUT/R3_RC23_CLOSEDLOOP_1E_A_CLOSEOUT_REPORT.md,6c91473b2330ef4950e8676610cab7947b80bc2d837548379cf32229c828cc18,0001744268e6ee5a6f0ac43aacd5c08a0e5e922d574f6834dea1ab777b1822cb,b6de0ae0cd5e7d57971002ca629b417537d8fff6,True
results/R3_RC23_CLOSEDLOOP/R3_RC23_TURN_AMPLITUDE_CLOSEOUT/REFERENCE_MANIFEST.json,33953e33412d69ecee716d08873a0920115df54409e4112fb88dd9f50df69037,4a9d6fd3a11cf4fdd17c1fa477e0aa815446c771cbd46a936ddb89b30d915f07,c765a8dd30148c51e8bd02a5614eccec40f60c40,True
results/R3_RC23_CLOSEDLOOP/R3_RC23_TURN_AMPLITUDE_CLOSEOUT/TRIPLE_FOUR_PAIRED_COMPARISON.csv,db6666f67216718a904ee8539547230c18d7725baaae72bbe926b6cdaa3e21ca,a8d3f4acf20b578ac720fb4afe46b078be0759f3eafc9cd0b4714608d5b4ca40,76e3faa561e3932b982f12a5ed227298c836010e,True
results/R3_RC23_CLOSEDLOOP/R3_RC23_TURN_AMPLITUDE_CLOSEOUT/ZERO_STRESS_INDEPENDENT_COMPARISON.csv,4b141d382e7100a40032f895bd0944b1ebd81cdd493fd2c8998acc76c0e1506b,9f19fa875eb5f19e504d8534826c311efc3d3bffa7c883b902dbbb6ae8b84102,9a09fe8fd89e90e15af48a51d508ef4226aa6419,True
results/R3_RC23_CLOSEDLOOP/R3_RC23_TURN_AMPLITUDE_CLOSEOUT_FIX/A2_BOUNDARY_SUMMARY.csv,c09ba8d3b8072fbaafc91896bf04b77a6e2e3e48548a73cac70680625e09df3a,aa22bd839a116f5a78685309fec3c94bd4bcfc654c58874d16989ec29308db68,c498385fff276521a3b4e4246243441677c9760d,True
results/R3_RC23_CLOSEDLOOP/R3_RC23_TURN_AMPLITUDE_CLOSEOUT_FIX/AMPLITUDE_CASE_METRICS_FINAL.csv,f8b2afa3b811b93feb97a16854a1d5f7779f6a4da243544e080f66e024d41fe2,9c1dec938cef642592d687a0759a42a8d1258bb4def4cca9e65dd58b8152e550,4f7670cdb17e86a954da2897cc3e3309a3aa9fc0,True
results/R3_RC23_CLOSEDLOOP/R3_RC23_TURN_AMPLITUDE_CLOSEOUT_FIX/AMPLITUDE_WORKING_RANGE_SUMMARY_FINAL.csv,d9fae1a4e0dfba6781847661be1402c14fc8a2f14455a55320a1befad838873d,e07da9e8485a57f0865c08688a4bfc5247b1e7604c7e0bdf41c665f9446a7a4f,3ea16456f0f9ea05d297b438234af6a6111511b4,True
results/R3_RC23_CLOSEDLOOP/R3_RC23_TURN_AMPLITUDE_CLOSEOUT_FIX/CLOSEOUT_FIX_CONFIG.json,e7eb66627995970c2a2a8434da0ed5c04ab948b90f8e9e727ba55316dae9684f,d01f769a089ce36ab29b6bd98c4e1dfd40fa3e15234b68ce1cc1605e961c822f,e9452be4c7ecf8410027233745899fb6ee560744,True
results/R3_RC23_CLOSEDLOOP/R3_RC23_TURN_AMPLITUDE_CLOSEOUT_FIX/GPT_SYNC.md,aec3759a2236f29355e06b434efb8c8602a7790000f4db7c43d844361f468015,e3dfb0adbb4045651c44ee26b1c7b26cd525b6aaa08eeeec2a470b1045785369,4a1093e4bfd26b2397f7a16ce90d4362768c7158,True
results/R3_RC23_CLOSEDLOOP/R3_RC23_TURN_AMPLITUDE_CLOSEOUT_FIX/R3_RC23_CLOSEDLOOP_1E_A_CLOSEOUT_FIX_DECISION.json,1f59e57912e88c053fd787e37aebda5d7feff1bce2aa7447b9bdb82a1c5b3a3f,3f21fa585b141f0c061edc00db9597a77f0c5fe06d0c1243a0416265cbb08db9,7a9053885eaa011a7e226eefaca1f06415851727,True
results/R3_RC23_CLOSEDLOOP/R3_RC23_TURN_AMPLITUDE_CLOSEOUT_FIX/R3_RC23_CLOSEDLOOP_1E_A_CLOSEOUT_FIX_REPORT.md,3dfdb7009d751b070e8231ef36f06fd97cb2222a711dd4cda7f901772604afd8,ffec6d38cdf45ace6859e10e70e432ff49b60f5f3c93a286c5c540c59d749266,da8c55da2a5d076505df10a013935a1d9dd18e59,True
results/R3_RC23_CLOSEDLOOP/R3_RC23_TURN_AMPLITUDE_CLOSEOUT_FIX/STRICT_ANCHOR_REGRESSION.csv,18fd6fd200e3dd6bdc7208490f12e510fbd85387981c0722e85682c11bdb8e4f,4dc9cc5160894c1b9286ecbb38936c8272c03e3090b26789fd2b5602afd1f94d,9da3255f2478379f63d7d816cdc225182eff7dd8,True
results/R3_RC23_CLOSEDLOOP/R3_RC23_TURN_AMPLITUDE_ROBUSTNESS/AMPLITUDE_ANCHOR_CASES.csv,d1e6587512186dcf9bebe13893d9d4c8ea95f01b2ab0a5fb3758bcc9611ef13b,99e74675e3026f1ba13a385ec0a321771bf29e5438c77d1ae59a8e81140e46e0,4c81e93c8925f90053883843b77a87f0534959ed,True
results/R3_RC23_CLOSEDLOOP/R3_RC23_TURN_AMPLITUDE_ROBUSTNESS/AMPLITUDE_BRANCH_INTEGRITY.csv,30c2d2d44b2407a0bf808d34afd05cce4f4d3a6d35f851453143696dc44a0d15,cbe363f82b6a01c39693afa3fc63ba9a39e9edab4abd9c1cfc981b82dee528b2,c07d7de85c67128f2a603832bddef87e942a97a6,True
results/R3_RC23_CLOSEDLOOP/R3_RC23_TURN_AMPLITUDE_ROBUSTNESS/AMPLITUDE_CANDIDATE_SCORES.csv,fc7c2333ba590fabcb6c417d02ca9c13753d245d894aa55d599522c3088ea3b7,a34566399d2baa1be74af9a8715242350af9b0cb95eb9cee773855b465bc89d9,083bc394616af4a116ba3defbc425dfcb92b6cf3,True
results/R3_RC23_CLOSEDLOOP/R3_RC23_TURN_AMPLITUDE_ROBUSTNESS/CLOSEDLOOP_1E_A_CONFIG.json,7fb268aad224a944f4862306015c9384d41c40b6b421c0c217e47052a8d72335,440759d6fbc5088bb352e095db60aa49a9303d8bf3480a5d511502ccbb5e4f47,2e22ca2ff16172ca2735032f031bf015323b841a,True
results/R3_RC23_CLOSEDLOOP/R3_RC23_TURN_AMPLITUDE_ROBUSTNESS/GPT_SYNC.md,9d0f4282d42323be69f27e23b6810320e5f5101e8415c90c13fe24219febc6b9,3bed1962b09e3c5929160979604fae818adc1738a7d38aa228c14f18c241e3da,9277c04216e042154ad82af9d9be762a4dd8a856,True
results/R3_RC23_CLOSEDLOOP/R3_RC23_TURN_AMPLITUDE_ROBUSTNESS/R3_RC23_CLOSEDLOOP_1E_A_DECISION.json,59083a0dd71b0d4183a17b337a782b0b36310793fe9120ced5e7bbe11ca230d8,dc8f097c8bdeaf8a18a246cc59f81bed0723ea5d8e8128cba67c037de76001fb,13daee56b86411acc8ebbec3e2ddf1d49b3397ff,True
results/R3_RC23_CLOSEDLOOP/R3_RC23_TURN_AMPLITUDE_ROBUSTNESS/R3_RC23_CLOSEDLOOP_1E_A_REPORT.md,f333ccc16a346e6f394da607a754716ddcea97c5e030015aa3a1ce376c38aac3,123f08320a6d067cbb5390cd2007af3da98ccd0bc8337f1a4e55ce631241a10b,87299504175124345133e3cd0be08470b858f438,True
results/R3_RC23_CLOSEDLOOP/R3_RC23_TURN_AMPLITUDE_ROBUSTNESS/TRIPLE_VS_FOUR_AMPLITUDE_ROBUSTNESS.csv,985769def1d94261d47aecde2a2ebf4e53dadb05e0b896ca53ee2912bcc5649e,80d3247dbdc0304f9731ccbac89f8358b6f34a47ce38e2f0df9efb64fcd70c7d,2fb8e7a0d508cd1203b1a2dd35bac334aa9cc8af,True
results/R3_RC23_CLOSEDLOOP/R3_RC23_TURN_AMPLITUDE_ROBUSTNESS/ZERO_STRESS_1D_FIX2_IDENTITY.csv,b097391bb046885ccc8493ebacb30f7be2ea8d53f0e97044d95fb89d68512e4f,639f874ee0286f05e788614120ba64333f80c8811b1ee3eccd21b0a9aa27761d,623e43ab43fa607392c11e0d06dd76ff64445c82,True
results/R3_RC23_CLOSEDLOOP/R3_RC23_TURN_FREQ_SUBSET/CLOSEDLOOP_1D_CONFIG.json,f81b9c4986f7d0b5f6ca83645adc74d0921ab86ba4e262ba8bbafa5d707e1f75,473d40b314d30ba01a0303ec826a8bb05fadfebc8f97167a3d9eb38fb6c64ab6,7add579f3269f3b7aa5356d298a7c8b5bab87ffe,True
results/R3_RC23_CLOSEDLOOP/R3_RC23_TURN_FREQ_SUBSET/FREQUENCY_COMPLEMENTARITY.csv,35573d7177fef890f4c3b407d71b12dc190052e8895618e1f478c69beed719f7,9b30a61e1048fd7def517a620c1723a29c101ecf579b2a75b5b2f7d549067a54,2b29740e957313f7209e970bdf8d8ac7188c4143,True
results/R3_RC23_CLOSEDLOOP/R3_RC23_TURN_FREQ_SUBSET/GPT_SYNC.md,284dfde41c46322f58cdf7af4c1eee8827787ca56a10f8ad25b69a6ff94c03c4,da7da0d4532d1c844d5e2055f2296452f5c60f0659d417b2a98fcf265573030f,45cc6bf7690d58725e3a3c18008db01329a64be1,True
results/R3_RC23_CLOSEDLOOP/R3_RC23_TURN_FREQ_SUBSET/ONE_C_FOUR_IDENTITY.csv,65cc855371856c86db9d6025698d93fd3ff5b9ef533a2f910ca49575369f3fac,631733a133c26ab234bea75161ae285265464b72ac172c5cf5cdd404ac6ec7ec,1f335a83c10c8d5af08e6fb37a9289514e56cb57,True
results/R3_RC23_CLOSEDLOOP/R3_RC23_TURN_FREQ_SUBSET/ONE_C_MAIN_IDENTITY.csv,03b2f80871957d5e8f7bc38762e9da5b017d9322815087e8e27c1ff4c3891a2f,b44259bcb20a07016687facdf47366377d220f33e2fcbc43aa5f42a16bc2704b,f597484eff370037de6eb891c91c9fe252f2befe,True
results/R3_RC23_CLOSEDLOOP/R3_RC23_TURN_FREQ_SUBSET/R3_RC23_CLOSEDLOOP_1D_DECISION.json,4edece87ae8f32d42c8acc04d1386d49e344fd2101b805e3a400ca832f244fac,80f71e0bb2b49e016eadb53ca5bd099ef0dadac578c7e2a0291ac2d039d3f5d9,9e91bdebcf0fe4a327ab18ad1773387edab35304,True
results/R3_RC23_CLOSEDLOOP/R3_RC23_TURN_FREQ_SUBSET/R3_RC23_CLOSEDLOOP_1D_REPORT.md,c1b765495c9fd9e9fbcab44439861a130ce7a113aa84406996bef4240d1054bc,9585c19b795245a2a706f0b669b5cd6035e4489d4562ea808df431a19edc5b7e,9049583622d15e3385bcf177a1ab61e6458c0871,True
results/R3_RC23_CLOSEDLOOP/R3_RC23_TURN_FREQ_SUBSET/RANGE_ALIAS_OVERLAP_BY_FREQUENCY.csv,57fee48cd10a84a23661ccb13d382dbe5b157e9b4aa924703822f85935b961e7,5b540d3d461ccc487bb7ade771c3b23bfa6bcd86e8ddf59c9f676afcfe77aee9,093f94b603b9b4950a1a8cba434bd35fc70b9d1e,True
results/R3_RC23_CLOSEDLOOP/R3_RC23_TURN_FREQ_SUBSET/RC2_DELTA15_IDENTITY.csv,46b9151ed4616c6db0d1c9456a7929c19cbb7e03590b669fc8ace8e7133f2a69,ec8cb0e97074f2f7089ed9ea177592b6e77847890c6b9aaf375668445ab982a3,e174926fb944e63000fe6c3615835eaea61577e5,True
results/R3_RC23_CLOSEDLOOP/R3_RC23_TURN_FREQ_SUBSET/SUBSET_ANCHOR_SUMMARY.csv,66f9279c896f5015ac40322527a8676ff044c8ab9a7f08afc5e90fc594faa937,193e39b8014e280f9bd07a3a7d150497c641bb044172247a3c32a4fdb4aa1937,b61cd1a4b110626293b7d1e60b935e595f25742a,True
results/R3_RC23_CLOSEDLOOP/R3_RC23_TURN_FREQ_SUBSET/SUBSET_PROFILED_SCORES.csv,7b6fef1dee39553c8caa529fbe96aab333da5fea22beab6ca455f60584338576,f1498c46cdfafc36bf0a12c6813048de1f071ab80588547b8fcdc1b278d81084,9b53414e556e0edf9d2d304bdb03ff25f90a8912,True
results/R3_RC23_CLOSEDLOOP/R3_RC23_TURN_FREQ_SUBSET_FIX/CLOSEDLOOP_1D_FIX_CONFIG.json,ccba3b53e501ca988b2d9e040dab6730ba0d1b7784ea9fd4d54aadb3d0dbd48d,97696ef9ba6fbb42589cce8162bc7672b47c0b4f108f666eb5a58f7acdc0eb80,f32f6805f8387543ae10da7a361e6cebb78d1519,True
results/R3_RC23_CLOSEDLOOP/R3_RC23_TURN_FREQ_SUBSET_FIX/GPT_SYNC.md,df640ecd6ec32c5ce07bb50b5d4477a82567b7c762945ebab352f03bb3d83557,bab7ecfb5415dc17f4fbdec235e9336d790cc522d3a6babc1da27006539c2237,a624d53e2d165b2a8aa71b2c96b25f8e2dbd5c94,True
results/R3_RC23_CLOSEDLOOP/R3_RC23_TURN_FREQ_SUBSET_FIX/ONE_C_FOUR_IDENTITY_FIXED.csv,355ef049781afda9e664cf41e66c0a4a74df85931a8b0a31a0fd70d39c9028d8,9964d80e84f659794975427fc0656276dd3a062bd2ce7049f750e99cd3bb8f84,757025f62c4101d6230830721a091d5dcf29dd2f,True
results/R3_RC23_CLOSEDLOOP/R3_RC23_TURN_FREQ_SUBSET_FIX/ONE_C_MAIN_IDENTITY_FIXED.csv,281c406d5ed7ab40059a259c5fae3306ac9c7ad0dad84e6f1b6f428bf27947f4,4cecdfa71ffd22782b9973a55563bd394920d167126114f3f2892b9033fd3e8d,8bacac0d068e35ebe3e8d40d51f4daf7b0c884ef,True
results/R3_RC23_CLOSEDLOOP/R3_RC23_TURN_FREQ_SUBSET_FIX/R3_RC23_CLOSEDLOOP_1D_FIX_DECISION.json,c166eb6d5f68255ad785108a0027d22e43f302e1a82f3e1be28611da8af662e3,22f043c1def2985b965fa56800232ed88466d9befb03d55bc5d54642028306a5,c5d0bd1975aa18e8f999ef748b930a39d705e112,True
results/R3_RC23_CLOSEDLOOP/R3_RC23_TURN_FREQ_SUBSET_FIX/R3_RC23_CLOSEDLOOP_1D_FIX_REPORT.md,6ca4737bfb49928f32fba1922cda2a88cb3b40c1a532da62c6f91e908e4b163c,9ab0c537c033759819786ce3b1ed4b90c99e4aa46b84d50a53e5aad1741a0448,ea3b363a4598d608171a97dc713ff55e009ac196,True
results/R3_RC23_CLOSEDLOOP/R3_RC23_TURN_FREQ_SUBSET_FIX/RANGE_ALIAS_LEDGER_ALL_BINS.csv,d22c7ae1e86fcdcd57b831da937142dc60c7cb42042384d70482df39201cc0cf,1bbe6779272485c73c6bc2801b87e0e5c5463a0a57969ca8d35af6a791d5cd4a,85c72ce353f73c59573c91108a82b6d93eb933f9,True
results/R3_RC23_CLOSEDLOOP/R3_RC23_TURN_FREQ_SUBSET_FIX/RC2_DELTA15_IDENTITY_FIXED.csv,8789b7f2037a5093b23bf7b973f043d5c4894906693744cfd479b05737f8fac2,6fb6abbea4f6c0d0c9b46e6ef25ad2b9db73bf5c3f49f446bdec63644c89fd09,0c4f447ad6a9e9bbadc4bc0e2117292c3ceb9b1f,True
results/R3_RC23_CLOSEDLOOP/R3_RC23_TURN_FREQ_SUBSET_FIX/SINGLE_FREQ_ALIAS_OVERLAP.csv,90cb0ec593693956596b678d2c764cf5db50b556ce6606000ada9b142377b113,cbe907d4e484892729cf173834f10554e104b2bef4a5715cbcb906168859e173,54e1d4fb9338af49aa55e7cdd625670d45ae7293,True
results/R3_RC23_CLOSEDLOOP/R3_RC23_TURN_FREQ_SUBSET_FIX/SINGLE_FREQ_ALIAS_SETS.csv,7fc02e29d36f56a1adb48c467f6f51f4003ffeb165f0eefcaf870152f918bfce,9a9ccf57895ff267a5635e735312a6dba9334e9eac007f0e201620e7d4ed54bd,51ee84342144612c57d530a6306e8a0d0fee7ce0,True
results/R3_RC23_CLOSEDLOOP/R3_RC23_TURN_FREQ_SUBSET_FIX/SUBSET_ANCHOR_SUMMARY_FIXED.csv,db86240ce3c70ce5176e56a5080407bcf279e32acfd9c1c2cdb67bb2e4147949,583d9ae7f0db6572753fab52f5acc0d7f2974db7bfb26912ac980c3a1d146c6d,808ddaa6e0b26381d6a3a5136a92541536881138,True
results/R3_RC23_CLOSEDLOOP/R3_RC23_TURN_FREQ_SUBSET_FIX/SUBSET_CANDIDATE_SCORES_FIXED.csv,c6bb034b184055195db3ddc4099e4b5d3eff556e7ab0ed475f9765487266a1ea,60866b6db2f4d648b6e60d639fdb212b9cc8edf500b7446f2b3bc98610fc2026,af6ea9fd0231e5b74d5b4962115f424c8b43432b,True
results/R3_RC23_CLOSEDLOOP/R3_RC23_TURN_FREQ_SUBSET_FIX/SUBSET_SURVIVORS_TAU05.csv,6e5e44bc1cc5c7d9eeb85f56f52980b5c0f20ade481a357867dba5d24cf5c970,880726a126496ad00934359e31eb7c9e0bfa6b3ccf5dd60f9969b31b1ccfcfc2,be64adfe7d37a950b7b0a912f3e2117b3ed8b2cf,True
results/R3_RC23_CLOSEDLOOP/R3_RC23_TURN_FREQ_SUBSET_FIX/THREE_LINE_ALIAS_COMPLEMENTARITY.csv,1fe7dda0e9c8e41db7ce00ddd31daaa373ece164d142fbd2983a5db46a7e8ef1,011222a63cb5d25878e46fa01d6d839f3e7e5a881422e7b5fd53b71ba19a1beb,03e0730f987be17391bc46780aeee53ab74bb4a1,True
results/R3_RC23_CLOSEDLOOP/R3_RC23_TURN_FREQ_SUBSET_FIX2/CLOSEDLOOP_1D_FIX2_CONFIG.json,996190b2c49d7773d2546fcd91d8765996957d90aee44a425125450a84c246c7,e542858af5a77dabc7dfef2a3a1367e28466536c5465033376b60f9703d74c9c,2987e8f42a875083d60a6e179b8cbac3a226b7f8,True
results/R3_RC23_CLOSEDLOOP/R3_RC23_TURN_FREQ_SUBSET_FIX2/CROSS_FREQUENCY_ALIAS_INCOMPATIBILITY.csv,ab9b40f9f045e4af1e6c077eab1925a2c10f64b695ad53c16578642c3a53cd49,54170fc08f3de8f5c010d9ee37ed538216306567e71bda58f8a63b236125d73b,7426c1ea735086b2d8f6900470a1216bafca2acc,True
results/R3_RC23_CLOSEDLOOP/R3_RC23_TURN_FREQ_SUBSET_FIX2/GPT_SYNC.md,ab17b61c1c6062f5801e96e89b1aa237a6b091d48ce8c9fda8ec1635cad41cbe,b139868c383d25a6f09b0ff5628720b4d4ae7f831184da85ee2ce9f2e50175a2,1386bf43cef92c3345195d64a12d5fd937ebd918,True
results/R3_RC23_CLOSEDLOOP/R3_RC23_TURN_FREQ_SUBSET_FIX2/IDENTITY_SELF_REFERENCE_CORRECTION.md,fbb5f7f21edea52ccc87eebc3373f2aab7f6ff6378170861dfbbb245273da997,8422cacbc712a90ad5340648fa3e2988f03fb45ea4d583fd83a0bc02ce6da5f3,21acbafeb30a28076c3044849c5eb833fb3d7449,True
results/R3_RC23_CLOSEDLOOP/R3_RC23_TURN_FREQ_SUBSET_FIX2/ONE_C_FOUR_INDEPENDENT_IDENTITY.csv,2394c66d85649ebb6b1cb38f332a2b3d1f24dfb1398676f8834d19933c164ee2,f4ec56e75ed157746b0df4a54df1b8fdae442cdb5ea285bd5a0aa76039aa6c2b,ea6f9edbb134950995e3189967d6a64fdb010a0a,True
results/R3_RC23_CLOSEDLOOP/R3_RC23_TURN_FREQ_SUBSET_FIX2/ONE_C_MAIN_INDEPENDENT_IDENTITY.csv,2394c66d85649ebb6b1cb38f332a2b3d1f24dfb1398676f8834d19933c164ee2,f4ec56e75ed157746b0df4a54df1b8fdae442cdb5ea285bd5a0aa76039aa6c2b,ea6f9edbb134950995e3189967d6a64fdb010a0a,True
results/R3_RC23_CLOSEDLOOP/R3_RC23_TURN_FREQ_SUBSET_FIX2/R3_RC23_CLOSEDLOOP_1D_FIX2_DECISION.json,7cb3041a841d7cbd489f68a6b7e01095ccb00ef2ec079ffb6277bdcb03978661,4bf1b0edd3378e577445e2f5a2a2961369939b57c98aed78fea4af53eef6c560,072a2447ce4b90f105e0de98c5933813e77ed992,True
results/R3_RC23_CLOSEDLOOP/R3_RC23_TURN_FREQ_SUBSET_FIX2/R3_RC23_CLOSEDLOOP_1D_FIX2_REPORT.md,9c7bfbd3827024ab73e6336512f037659df219b2e9c76468308a515d179c614b,ecf81e331c985eb7983d898bdac2bda8470543e2a64b06a8d32eecfb522a0798,5c5141a25b3143e74651ef54634f16f833406def,True
results/R3_RC23_CLOSEDLOOP/R3_RC23_TURN_FREQ_SUBSET_FIX2/RC2_INDEPENDENT_IDENTITY.csv,6ad990a5be8dfe81292f7f2ff9d32f1115aa1dbfb1a7b32755e2f13ecd06452c,5d5bbf564c33e1f10fa3dfc551530c7823dc14e9ec571c8966bd8d8280dcaa73,8d208daf777bb5f5afa0022f4e8382eb5ee03202,True
results/R3_RC23_CLOSEDLOOP/R3_RC23_TURN_FREQ_SUBSET_FIX2/SUBSET_ANCHOR_SUMMARY_FINAL.csv,591df0a299144d950771e484952a2623ddd2c902f71a18a2f749524541750bca,5461b602e885f58a0196042518cd164aafbfde90a3240a351fb1d05ac95be79b,1c3eb92cdc02e75c2476b94e559b74c24140fc58,True
results/R3_RC23_CLOSEDLOOP/R3_RC23_TURN_FREQ_SUBSET_FIX2/THREE_FREQ_CANDIDATE_ALIAS_INTERSECTION.csv,d8da0d40070f44da3d50ef4fa5c53e226af47f2df30e3c0e105efbf4e4bb244e,21df8560c5aa3586c8ea21a12943f8bb0da628573571bc09d7f3df625bc4fbde,35c6e98b646dcbb2678ecbde514954314fb03778,True
results/R3_RC23_CLOSEDLOOP/R3_RC23_TURN_SSP_MISMATCH/CLOSEDLOOP_1E_C_CONFIG.json,4b3f2bc405d3dfbd6de8bab695bc972d3b79b70356e44035463d30c70d554cb9,2385e0d8792caa285aa60eec1ecac7cf877c00cc4695b19e99cb7637e8cd0143,3ab9bede323d25f333604159a19d38e00bedbdd4,True
results/R3_RC23_CLOSEDLOOP/R3_RC23_TURN_SSP_MISMATCH/E0_1D_FIX2_IDENTITY.csv,780d787082602a5095d48a9d7bb5eab7eecae727e0576062a3feac097d1b58be,455f6f9b3535fb5d2be9e11767cd3abc24abc0f95fa0f53d8d9ace62b5078b91,b1f6b8c6584db007e980df9f96aea71c839f7fe3,True
results/R3_RC23_CLOSEDLOOP/R3_RC23_TURN_SSP_MISMATCH/GPT_SYNC.md,628e910847809fe929b25839d81f94b3dd632036342aade2983495299123612e,1d3ba4808623d26bf4999b8c04f569840e6d1a3e86c74dad19d5bb566665974b,7fbed8a248ed9f35039c23562b5c8961ef002e44,True
results/R3_RC23_CLOSEDLOOP/R3_RC23_TURN_SSP_MISMATCH/R3_RC23_CLOSEDLOOP_1E_C_DECISION.json,a6a00601e24ad59ca0de619277885032ab1d240ac907becdbceaacf2f27e3f2a,3d166c70903d499c5c518d06a55945d0038348a3234e61a2bd2cbd270efddcb1,40940c011ee863db8f920c5846dbea02bc02cd4b,True
results/R3_RC23_CLOSEDLOOP/R3_RC23_TURN_SSP_MISMATCH/R3_RC23_CLOSEDLOOP_1E_C_REPORT.md,55072236f2522b54ed6950be5e5627e51507c59e51f532162e497c02829f5058,cfcf80a4814d3fee395689c745b0c13189ff9186599b1849d056e0d1fbcdd4fd,1742a7be1cd1f0a081893c4e209b7487583ea4d6,True
results/R3_RC23_CLOSEDLOOP/R3_RC23_TURN_SSP_MISMATCH/SSP_DEFINITION_4G_IDENTITY.csv,99d6e7e8c9ff67d3b2cfefbd0fe5e211baf53b36d539b813fae172697c32fd92,1ec520f80be49c5f96148a7abe585fc1d84229bcfeeb67823744ef0fbd1ea207,fc1546122d1ecd67f5e1ecf1e5f27a6947564ef1,True
results/R3_RC23_CLOSEDLOOP/R3_RC23_TURN_SSP_MISMATCH/SSP_DEPTH_PROFILING_COMPENSATION.csv,0aedcc84326dfbb1bb99a99de060aaff4a56317d826e0f70bc228af80ec8c81e,16631008d5946169dfb05d974bd0b20bd25a47436ecdd9cc086e5b436c1402cd,2c0113175c52e22c367c6b5cd3de9faf71db8863,True
results/R3_RC23_CLOSEDLOOP/R3_RC23_TURN_SSP_MISMATCH/SSP_ENV_TAIL_INTEGRITY.csv,962320ae48b15a4d4abf33be6cc3b4336fb2782b97aef0d1d3755c82cb1f3758,36a9aa2691e77155ce0739f6bad1af7a12214a10f72495f5b827f5d5148c953c,b5efe1b30fbc87be9f96f4799d09f96c578c1391,True
results/R3_RC23_CLOSEDLOOP/R3_RC23_TURN_SSP_MISMATCH/SSP_MISMATCH_ANCHOR_CASES.csv,f137c22dd39367d03d5c6273945949b088128554e655507849a17f1d2a8000f4,57e57166860edf1a2a29f7e5e2b66b7781e45207edf74a4f5cdad65458c01751,a24187e7ba61e0b06abffbfa17b0919e0bcb3b19,True
results/R3_RC23_CLOSEDLOOP/R3_RC23_TURN_SSP_MISMATCH/SSP_MISMATCH_CANDIDATE_SCORES.csv,0e9f772c39c61f2c95ba12c9192fd2f88aa217de50fe42cc945e17758612aa8f,a01b716aae103c91826ec896b8323836fef363da1f0ca41b39f52d8239b9ce7d,c0422d5d6c566ca3ad8cd6e71c8a3336df09bab3,True
results/R3_RC23_CLOSEDLOOP/R3_RC23_TURN_SSP_MISMATCH/SSP_MODEL_BUILD_AUDIT.csv,094f84bc924922ad410de2f8e812da6c921a91d4af47a324f1a8643b55163c44,c2338d7c8df6921108f97aa703f66ab24a36b9ac75ea05cabe32fb2d3c00794a,e5f22f8ea29682b61b4d67d13c3dd0e3cae5e075,True
results/R3_RC23_CLOSEDLOOP/R3_RC23_TURN_SSP_MISMATCH/SSP_WORKING_RANGE_SUMMARY.csv,0d47a3b328c927b1cb026002cd17f1ada4be1aeda166401146ca29bbd0a7a139,fe916467a538f936fed1c36d0dcca8eae51aaffe8f14a8cd1d8bc8212cfbce7d,3a376cf02a65af2b95661e082bb7911e68148612,True
results/R3_RC23_CLOSEDLOOP/R3_RC23_TURN_SSP_MISMATCH/TRIPLE_VS_FOUR_SSP_ROBUSTNESS.csv,619b74c374d795f907f5b05c43d5f89f9f363efeb9664e1af4415a6858f03c49,75d9389a0895c5a412b14bd109985ba2b6055997676a7b0d063e343a0b3ba269,1bde1306b4a8445ec6a613a543278be20f788dbf,True
results/R3_RC23_CLOSEDLOOP/R3_RC23_TURN_TRACKED_FREQ_ROBUSTNESS/CLOSEDLOOP_1E_B_CONFIG.json,2410e73e90b75b43cad5a9a1b664a723b558b21f96ca3c64d1e34545b986f4db,0bdc09b21a8ec146f67cc7ee494d31009426c5c24d51eea87097b0e573021a9d,4e71fa82ee45e1059217c87fe9b804b5ef489e16,True
results/R3_RC23_CLOSEDLOOP/R3_RC23_TURN_TRACKED_FREQ_ROBUSTNESS/DRIFT_SCHEDULE_5B_IDENTITY.csv,2ac3f3e82118726ede105e6a105acab2b7cb56e08c55ed8a6584a086353e781b,68f6650f65d3ce6e1940f65ea90d420ed252c12ceeeadb8400256e45753ad2c7,6a578d8cf8c84b28fea59209c5a39a6582cb934a,True
results/R3_RC23_CLOSEDLOOP/R3_RC23_TURN_TRACKED_FREQ_ROBUSTNESS/FREQUENCY_MODEL_MANIFEST.csv,3b505a57aa8dd1cc7757303feddf915b98e2be3329b9a5d6f1cf100b266a7887,a7e37513cbe0866510fba91ff29aef73f1dd9b877b64abe67377a7fe97f0b54d,6f3688f352c96d20366ce7b5e142a7760378c2aa,True
results/R3_RC23_CLOSEDLOOP/R3_RC23_TURN_TRACKED_FREQ_ROBUSTNESS/GPT_SYNC.md,d907d0bf6836020adbd0a2426caaa4cdc5f705e7d5c0b96d59537791df97de1b,5da9c14db6fe089ba7d643760a74bbf271280083d2235f3abd807a183396b60f,74b0a0f0438cf41c57d01cdb7dfe51806bdf37dc,True
results/R3_RC23_CLOSEDLOOP/R3_RC23_TURN_TRACKED_FREQ_ROBUSTNESS/R3_RC23_CLOSEDLOOP_1E_B_DECISION.json,716dadcbafb0c3ecb3da2381d56cba32849ebb6665cbe4b17a56a50edf455d90,e4029685151db3e5f9818abe9523c531dac1febf85a186c577b9f035bd598aa4,1b8361d99920945ce191695e72f1ebe427cdcd96,True
results/R3_RC23_CLOSEDLOOP/R3_RC23_TURN_TRACKED_FREQ_ROBUSTNESS/R3_RC23_CLOSEDLOOP_1E_B_REPORT.md,b9c95aea3e33792bfd39e615723c868608cb45800c80d4c8aae42f2c8bb33b53,ff2951f9d0a2188581696741061a09365c33ee26066f1929be569f7ff98eeb38,c573cbfacae7f1bef8ca0955792a0fe8dae8479f,True
results/R3_RC23_CLOSEDLOOP/R3_RC23_TURN_TRACKED_FREQ_ROBUSTNESS/TRACKED_FREQ_ANCHOR_CASES.csv,a02a3f50f1172b55761e9f2cfaa91ba30f03dc1ab652f1505060125ca5eba90d,00b4d94c51804663b1a34e79028ca3e732742123cef7edccca88f30ec6dfaf52,30ec78a6e465ab2b1aa157ead89a3ef31931b87b,True
results/R3_RC23_CLOSEDLOOP/R3_RC23_TURN_TRACKED_FREQ_ROBUSTNESS/TRACKED_FREQ_CANDIDATE_SCORES.csv,c2b13fac029bd13a0bee6d6f9a839122b513dcd9bea2f9322ea257601d888781,9009864bc96ba47b74fd453ceeb51e15b2d7236d1baa840fea1db5388d4e6669,50f58eb9f07566d419f6545bdd75d5e86c713c4e,True
results/R3_RC23_CLOSEDLOOP/R3_RC23_TURN_TRACKED_FREQ_ROBUSTNESS/TRACKED_FREQ_WORKING_RANGE_SUMMARY.csv,6cb5f2c7998a292d5efd8e3f2b81f50f99fff1cb4c213c49a1a354df236791cb,1b8ff4daceb89c9bc5bb34a006f689a60c690dbea9ee3edaffcb2dcc59da1610,6b5715b24f25e10168c753ae53ab79ec6c5c1281,True
results/R3_RC23_CLOSEDLOOP/R3_RC23_TURN_TRACKED_FREQ_ROBUSTNESS/TRACKED_TRUTH_MODEL_IDENTITY.csv,839d87f6e2f611129b3e4d502244816184e653d39ef694e65589e2788d145bc5,740c0161e5cb0548fc1fb3035978fdcd4cd4997908da7baeaca2184f4ec91498,8107746ebac7c31ed636efd2eba7a41c0fccb0d1,True
results/R3_RC23_CLOSEDLOOP/R3_RC23_TURN_TRACKED_FREQ_ROBUSTNESS/TRIPLE_VS_FOUR_TRACKED_FREQ_ROBUSTNESS.csv,a8ba3a81edb3d6940a681e4d34e808ff581fdc924a80e067ca54057096f7b7bd,4259f91eedf115d75c95f3d729a78c07af986c3c3b6df584e87bf337a69d8313,928bc6dee3085b376ac565083ec0d8fdc9bfa0a3,True
results/R3_RC23_CLOSEDLOOP/R3_RC23_TURN_TRACKED_FREQ_ROBUSTNESS/ZERO_DRIFT_1D_FIX2_IDENTITY.csv,780d787082602a5095d48a9d7bb5eab7eecae727e0576062a3feac097d1b58be,455f6f9b3535fb5d2be9e11767cd3abc24abc0f95fa0f53d8d9ace62b5078b91,b1f6b8c6584db007e980df9f96aea71c839f7fe3,True
results/R3_RC23_CLOSEDLOOP/R3_RC23_TURN_TRACKED_FREQ_ROBUSTNESS_FIX/1E_B_INVALIDATION_AUDIT.md,572b4992006694c4b1eb47ab33bc29790fe8eff19a9fd347b1efa69a80a770a9,60247f63da16b72d17bc945c5d7216a70041f27abec6c34973935c7e121c9531,c61572fe885c558bb0ba84b673376f613845f1f7,True
results/R3_RC23_CLOSEDLOOP/R3_RC23_TURN_TRACKED_FREQ_ROBUSTNESS_FIX/CLOSEDLOOP_1E_B_FIX_CONFIG.json,2518dee492bcf2cc9298d298834b85aab5ce4bbc6b765ffbe5ee4abb202ddf39,06516a523aad58d16974158002932171d443c91a502dab8af94415fd9cccec0b,94088589f1d39b46e14e303e7a6cb8251b155a74,True
results/R3_RC23_CLOSEDLOOP/R3_RC23_TURN_TRACKED_FREQ_ROBUSTNESS_FIX/D_DEPENDENCE_AUDIT.csv,2ac73aeefea392b93910be657bd9c5009b2f8d076c36673fdd06c0b6554ddfe6,927e17e294433878dbce177bb12f99097bf2c5f2ec75ecc406e9f7930f4712ae,f1ed018011b16edf85204b49802ec0cb9c1448bf,True
results/R3_RC23_CLOSEDLOOP/R3_RC23_TURN_TRACKED_FREQ_ROBUSTNESS_FIX/FREQUENCY_MODEL_BUILD_AUDIT.csv,77cb74c670a8bb20c21f3014f13324d190b01bf6f1d571928a1f161f459a2240,4100d9df5ec0eb47075008c0fcf76db1eb92433eeaf4f3896c2b9ca474fa87c9,afcf7b47958f0c99125768498656db8cae800490,True
results/R3_RC23_CLOSEDLOOP/R3_RC23_TURN_TRACKED_FREQ_ROBUSTNESS_FIX/FREQUENCY_MODEL_DISTINCTNESS.csv,5aa34d0f9fa15640aeca780b4b4c8bd775df4659810d71b96e99a55a6545cb04,fcbfc462ae5c39f485a21ee20c2c52e4ba656f1f075d07492e6d216ec1d39c07,69dc0c3b427e0ae71bf9616629715f6aa36115d3,True
results/R3_RC23_CLOSEDLOOP/R3_RC23_TURN_TRACKED_FREQ_ROBUSTNESS_FIX/FREQUENCY_MODEL_MANIFEST_FIXED.csv,43d11efe19c32bce37ae502e468f312e6c6b2be098717b93d26888b3bcbbc5a3,8fdcb1dd88cc26fc3718e433186d9cf04f1025945bd9d7489d9b1bc950b798dd,d669f081427b18a157321dcbb621fdb08915c1b4,True
results/R3_RC23_CLOSEDLOOP/R3_RC23_TURN_TRACKED_FREQ_ROBUSTNESS_FIX/GPT_SYNC.md,40bbd7659b8aac8de1ae2114d39dd85867dccdcabab876170016e151e8a3688b,691b8d9c17731b38da46c09b2c2144e97a7f4a9faf3dbb28d30a55d9c193fdc3,d5002bf679da07c5bd36383d8228e6d7cabb5866,True
results/R3_RC23_CLOSEDLOOP/R3_RC23_TURN_TRACKED_FREQ_ROBUSTNESS_FIX/R3_RC23_CLOSEDLOOP_1E_B_FIX_DECISION.json,870b9486c60774752c78d754530ff6ae4aaebe1822c967d9c9f12bc4ae59e212,dc94abd55c7806324b05a0f77cd110582a8891bbfe83fa7f2014b62cda1e24bc,2767219c847644c8d4796b0ba0aefe9578412d23,True
results/R3_RC23_CLOSEDLOOP/R3_RC23_TURN_TRACKED_FREQ_ROBUSTNESS_FIX/R3_RC23_CLOSEDLOOP_1E_B_FIX_REPORT.md,b03edbafdad480af4b4cec51ca208d02ad25a446d5b94e6fa89b944526efb201,a350a6e1254c8ab00c3c608a5aeac6eed38c5099d2935023d79650308e7f28ae,6adbd7050d2a99294010861e50b4eb4c83ea5423,True
results/R3_RC23_CLOSEDLOOP/R3_RC23_TURN_TRACKED_FREQ_ROBUSTNESS_FIX/TRACKED_FREQ_ANCHOR_CASES_FIXED.csv,2ac73aeefea392b93910be657bd9c5009b2f8d076c36673fdd06c0b6554ddfe6,927e17e294433878dbce177bb12f99097bf2c5f2ec75ecc406e9f7930f4712ae,f1ed018011b16edf85204b49802ec0cb9c1448bf,True
results/R3_RC23_CLOSEDLOOP/R3_RC23_TURN_TRACKED_FREQ_ROBUSTNESS_FIX/TRACKED_FREQ_CANDIDATE_SCORES_FIXED.csv,2254fd04d5b86498816098c1a6d5945c24c6aeee1e97ad3fb3bafd90631d3c89,0c19c41cf331e7d2c2c7d41abe88cb4050fa2fc1fe47f2ce88bc369e1548fcce,66cacf412e8fd0d9af62c2d51fa7cec3f6d70cc0,True
results/R3_RC23_CLOSEDLOOP/R3_RC23_TURN_TRACKED_FREQ_ROBUSTNESS_FIX/TRACKED_FREQ_WORKING_RANGE_SUMMARY_FIXED.csv,d397dc1c4a4075a20ac5819d9310329bef2e838a976ff5a89c65a0213a7abdea,236887e84e1e9df8bc1144cbc64d95ff7158fa8270530ce4d117ba2d106d7dc7,f60d422412d2c5098048f65c65169faa64fecb50,True
results/R3_RC23_CLOSEDLOOP/R3_RC23_TURN_TRACKED_FREQ_ROBUSTNESS_FIX/TRACKED_INPUT_COVERAGE.csv,e4b72ad397e668920b484928863298bf1a7f8816a864ecaa16142ebba32be90e,b8b2f83b53c1c12de93793ef2a46da77c45bd60fd1be4fc2f0f72bbb6f29223b,33c5e37a67630bf86c65620028b9aad61cb72fe5,True
results/R3_RC23_CLOSEDLOOP/R3_RC23_TURN_TRACKED_FREQ_ROBUSTNESS_FIX/TRACKED_TL_D_EFFECT_AUDIT.csv,8baeb19aeeec3a72ce707dc9ae60aa93ca171ac8d4289dc54d47e36b9449ef41,19c6d0e51a515e10dccd40802d66371889d0517fb3a84358761637bdf3bbe3d3,4ebd8f4aa2ef7c1826b878c00ad34c9583512240,True
results/R3_RC23_CLOSEDLOOP/R3_RC23_TURN_TRACKED_FREQ_ROBUSTNESS_FIX/TRACKED_TRUTH_MODEL_IDENTITY.csv,839d87f6e2f611129b3e4d502244816184e653d39ef694e65589e2788d145bc5,740c0161e5cb0548fc1fb3035978fdcd4cd4997908da7baeaca2184f4ec91498,8107746ebac7c31ed636efd2eba7a41c0fccb0d1,True
results/R3_RC23_CLOSEDLOOP/R3_RC23_TURN_TRACKED_FREQ_ROBUSTNESS_FIX/TRIPLE_VS_FOUR_TRACKED_FREQ_ROBUSTNESS_FIXED.csv,0630a1601585e18455fec0f1e3a9d6e7f7947e3ab559d8a671a2551620b2ba1b,ae7d2a684b5c5e886c18cbc720598e596cdb28ca9c7fc4269ce9386143894e40,03c610b596cde9b96c6db85d21043353cb032b8d,True
results/R3_RC23_CLOSEDLOOP/R3_RC23_TURN_TRACKED_FREQ_ROBUSTNESS_FIX/ZERO_DRIFT_1D_FIX2_IDENTITY.csv,780d787082602a5095d48a9d7bb5eab7eecae727e0576062a3feac097d1b58be,455f6f9b3535fb5d2be9e11767cd3abc24abc0f95fa0f53d8d9ace62b5078b91,b1f6b8c6584db007e980df9f96aea71c839f7fe3,True
results/R3_RC23_CLOSEDLOOP/R3_RC23_TURN_TRACKED_FREQ_ROBUSTNESS_FIX2/1E_B_INVALIDATION_AUDIT.md,65c4fbb42b6ad3d1bb683d139ca7b3398675c656b2de02de09c979dbcf6770ac,1534fab27dbea5d22abdc68adc92e7c1b8b0104a9ea994d03ad0520614d9ef82,240720fb58b413b4e55997f55f8624ace01ffa6b,True
results/R3_RC23_CLOSEDLOOP/R3_RC23_TURN_TRACKED_FREQ_ROBUSTNESS_FIX2/ATTEMPT1_BLOCKED_BY_INPUT_COVERAGE.json,e4a59a6b285429a74bfef9956f823e9b5ff5f00585af6ae44e8b2a9cd27e710c,65bd52fb84ad08383da5e4b11d477fdccd46f0028da3e0e6562d6339fd78bde4,f67d6911a1c9cb724f0e9a2c6d2eb976180bc1ce,True
results/R3_RC23_CLOSEDLOOP/R3_RC23_TURN_TRACKED_FREQ_ROBUSTNESS_FIX2/CLOSEDLOOP_1E_B_FIX_CONFIG.json,a94b8e82abb07119ca7ed371c5b8a67696b06877988f9791a9ce25c8a58f9dae,74495d8a24a622f28c8b6d5fc481dfb8bffc114caa3da2da0a2e99e011d9fe57,eda355043a908fedb58b8983d484d2df8cd87d06,True
results/R3_RC23_CLOSEDLOOP/R3_RC23_TURN_TRACKED_FREQ_ROBUSTNESS_FIX2/DRIFT_SCHEDULE_5B_IDENTITY_FIXED2.csv,65c14acb58761600b6f1edbc01a4d4e906f8db973d19df073f76b1162267f247,962ce29f93930e46834acda8fa579c7ce71091a29e45da0a78e30895e303afda,e30c2e1d2a1747ee161cae449166e669c5d2ef92,True
results/R3_RC23_CLOSEDLOOP/R3_RC23_TURN_TRACKED_FREQ_ROBUSTNESS_FIX2/D_DEPENDENCE_AUDIT.csv,05f64666c6eb976ce647906f7d50cfe03b1e07e65bfed344e6465eea6b693437,4893ba05ff3f4b265d1c2f8dc60b694e86083090b72015cbd1f89ae1d4c0d9a3,dbf1c604d5a51f53c04227fd8665298736d3f6df,True
results/R3_RC23_CLOSEDLOOP/R3_RC23_TURN_TRACKED_FREQ_ROBUSTNESS_FIX2/EXACT_VS_OLD_SNAPPED_FREQUENCY.csv,8b9cdf1a391bde368cbd5363a972a2863e30a76db5e01dbaae5d4343c30bd6f1,7dd78839a8ca5bee8aaf1d79ab6ffa886e7b042d425cd1a8a6e28b09b77e2569,d96a5b702063945fd0daf8533ed4e387ddf70d04,True
results/R3_RC23_CLOSEDLOOP/R3_RC23_TURN_TRACKED_FREQ_ROBUSTNESS_FIX2/FREQUENCY_MODEL_BUILD_AUDIT.csv,e8b583eed748710207a2dadacd809b8b982c93bb44e9300e6c1ff9185c5b4d12,2af3e9233723708747bcdfed903e987ad9cf2e380fec00a29a4ed85c4b40484a,ed22784129c73e14f2c6f7a1d2eb07c6a78a30cd,True
results/R3_RC23_CLOSEDLOOP/R3_RC23_TURN_TRACKED_FREQ_ROBUSTNESS_FIX2/FREQUENCY_MODEL_DISTINCTNESS.csv,7fa863a5e508c99b1b8abe7a50136643f9899c0ad2eafcde4d1a439c921a4b51,80073e5f6dd712408586f86154efb8ade4afc22b2652a492401d50918c77f4ef,483893a4b30ffc19e083002e66f270205615b135,True
results/R3_RC23_CLOSEDLOOP/R3_RC23_TURN_TRACKED_FREQ_ROBUSTNESS_FIX2/FREQUENCY_MODEL_MANIFEST_FIXED.csv,2673087d3d5ef469f802bc76e55ebf57cacf38427d79c081a77fc08f6c9a976a,4fd8afe84b07fb396879842c8a680a2be408f660fefe1d5a7dd0fba24787f8f6,a0c0418bec6d45daabc958dba90eb57a0850cd2b,True
results/R3_RC23_CLOSEDLOOP/R3_RC23_TURN_TRACKED_FREQ_ROBUSTNESS_FIX2/FREQUENCY_QUANTIZATION_AUDIT.md,4508c4d646268dfd1da376927fb760bbca5573b62d7e848fdb6c27298b2dd7e4,6e9b036252d67abf7c3341a5961dd1aad2e2acbbd9a274adbeac58f91861f19a,24a6bd57dc517a680173dde99327ff2c66ef069f,True
results/R3_RC23_CLOSEDLOOP/R3_RC23_TURN_TRACKED_FREQ_ROBUSTNESS_FIX2/GPT_SYNC.md,40bbd7659b8aac8de1ae2114d39dd85867dccdcabab876170016e151e8a3688b,691b8d9c17731b38da46c09b2c2144e97a7f4a9faf3dbb28d30a55d9c193fdc3,d5002bf679da07c5bd36383d8228e6d7cabb5866,True
results/R3_RC23_CLOSEDLOOP/R3_RC23_TURN_TRACKED_FREQ_ROBUSTNESS_FIX2/R3_RC23_CLOSEDLOOP_1E_B_FIX2_DECISION.json,22a59b0a4f4d24e7694982338d78f9359b6d7d4424bb19b4ea48a81a9e440ba9,df63d88864ce17c17334dcb70c9c36f4328b53f549ded5b3411a01f7d7ec4db0,3aafda72630a72e4bf58ecafb7c130e2fb81ebf8,True
results/R3_RC23_CLOSEDLOOP/R3_RC23_TURN_TRACKED_FREQ_ROBUSTNESS_FIX2/R3_RC23_CLOSEDLOOP_1E_B_FIX_DECISION.json,896c47afc01a756a2755a5efb396645ed52a37564aff24cdc15172637433e457,0dc39627b3182637672d97b3ef5eecf79d06a1eae6c3151bbeab6d3541411ef5,c5e1a3d0d83ffef66c8cbe0e5fe249858ecc57c3,True
results/R3_RC23_CLOSEDLOOP/R3_RC23_TURN_TRACKED_FREQ_ROBUSTNESS_FIX2/R3_RC23_CLOSEDLOOP_1E_B_FIX_REPORT.md,e17d7df139309acfb6b7ae301ac8b6dcc02ff73d64d436b1ec58c1bd70a83346,b3c892fecefdc3c509c8dd198ad7848311c4a4ec19a347a6332aced877e91c89,4f97444ff29c2abace942fe68c01460234a36d69,True
results/R3_RC23_CLOSEDLOOP/R3_RC23_TURN_TRACKED_FREQ_ROBUSTNESS_FIX2/TRACKED_FREQ_ANCHOR_CASES_FIXED.csv,05f64666c6eb976ce647906f7d50cfe03b1e07e65bfed344e6465eea6b693437,4893ba05ff3f4b265d1c2f8dc60b694e86083090b72015cbd1f89ae1d4c0d9a3,dbf1c604d5a51f53c04227fd8665298736d3f6df,True
results/R3_RC23_CLOSEDLOOP/R3_RC23_TURN_TRACKED_FREQ_ROBUSTNESS_FIX2/TRACKED_FREQ_CANDIDATE_SCORES_FIXED.csv,00a026b7b4244e6079f2c4a5b369ccdd67206b5efe0ec002e2efd08941ee2ebe,8b8a3ed8a6122cb6472e6d7f06a02f3debc27e922f3d725837ba70cc5516b1b7,c03c78567e94808330e703ecb1fbe70fbc51031d,True
results/R3_RC23_CLOSEDLOOP/R3_RC23_TURN_TRACKED_FREQ_ROBUSTNESS_FIX2/TRACKED_FREQ_WORKING_RANGE_SUMMARY_FIXED.csv,3687e363498ee4f020d25acd1fb283bcbc75ed405b0e1f03e628d3172deb60ae,5e0e35158d867421d808593e09c3a50b9bd0223e3e041b116446647773ece87f,e101365ea38e3a971821b8f567fbdc052e6e1eb7,True
results/R3_RC23_CLOSEDLOOP/R3_RC23_TURN_TRACKED_FREQ_ROBUSTNESS_FIX2/TRACKED_INPUT_COVERAGE_FIXED2.csv,4e66f0967265015ce8e8585722594852ba18e1e7686fff9532849eb618830d23,991d36e2db107897356a5ec903cf9a36b9669fdd4a62d88410eee319e0425453,954836672b597404ce1f2bd58328f36b81e91a66,True
results/R3_RC23_CLOSEDLOOP/R3_RC23_TURN_TRACKED_FREQ_ROBUSTNESS_FIX2/TRACKED_TL_D_EFFECT_AUDIT.csv,9d74d90a4de45c192c35b993602aa54541eb8d96b93d6e5098cf6b208a726ef6,f397440bb401bba97597079faabef3652df4a17705608c6cbe3420c4ca242878,900dc49f2d97df50b1a225731d95f52717aa51e1,True
results/R3_RC23_CLOSEDLOOP/R3_RC23_TURN_TRACKED_FREQ_ROBUSTNESS_FIX2/TRACKED_TRUTH_MODEL_IDENTITY.csv,839d87f6e2f611129b3e4d502244816184e653d39ef694e65589e2788d145bc5,740c0161e5cb0548fc1fb3035978fdcd4cd4997908da7baeaca2184f4ec91498,8107746ebac7c31ed636efd2eba7a41c0fccb0d1,True
results/R3_RC23_CLOSEDLOOP/R3_RC23_TURN_TRACKED_FREQ_ROBUSTNESS_FIX2/TRIPLE_VS_FOUR_TRACKED_FREQ_ROBUSTNESS_FIXED.csv,0630a1601585e18455fec0f1e3a9d6e7f7947e3ab559d8a671a2551620b2ba1b,ae7d2a684b5c5e886c18cbc720598e596cdb28ca9c7fc4269ce9386143894e40,03c610b596cde9b96c6db85d21043353cb032b8d,True
results/R3_RC23_CLOSEDLOOP/R3_RC23_TURN_TRACKED_FREQ_ROBUSTNESS_FIX2/ZERO_DRIFT_1D_FIX2_IDENTITY.csv,780d787082602a5095d48a9d7bb5eab7eecae727e0576062a3feac097d1b58be,455f6f9b3535fb5d2be9e11767cd3abc24abc0f95fa0f53d8d9ace62b5078b91,b1f6b8c6584db007e980df9f96aea71c839f7fe3,True
results/R3_RC23_CLOSEDLOOP/R3_RC23_TWO_WINDOW_TEMPORAL_CONTRACTION/CLOSEDLOOP_1B_CONFIG.json,e2a0ff7278ec565d3d9c770487290d091630cda0923ad1e5ddd29c4fe6968179,9a5bedfa45a578a91db4160417a04c6b58f70060c012adb5be785b359bc53a55,2a2dff4f818846566d961e395ccd51f4a02addbd,True
results/R3_RC23_CLOSEDLOOP/R3_RC23_TWO_WINDOW_TEMPORAL_CONTRACTION/GPT_SYNC.md,592128c20442fcf64956e089fd9cf80080d1fff4b6a5f135c98e1975c73d7705,7b48a71b27902ede702c2c1c3b67db672d0aa33c48f61d22dde73ae114a514fd,f99d3ca5b71ea1b7fe9bba8c54683fb9bcc306d1,True
results/R3_RC23_CLOSEDLOOP/R3_RC23_TWO_WINDOW_TEMPORAL_CONTRACTION/INTEGRITY_GATES.md,9bbde563bd5ff1bb66868ceee1f4ba733ed1ce7b7ede9b501726db3dc82b8783,30cea369e24af39ffcfe24b7c279346837c19d79df6555b7b2005d1ba26eb270,293f012fa1c8d6a791c8900baacf939ac57c42c5,True
results/R3_RC23_CLOSEDLOOP/R3_RC23_TWO_WINDOW_TEMPORAL_CONTRACTION/R3_RC23_CLOSEDLOOP_1B_DECISION.json,ceaac9890b67992e547279b439543777db4fa14fc05880c0c2492825fc8a99e2,a84b59021c7322551d05c8910cab74d45bf7729041b9dadec03f99cab6e2ec49,e62a4d7c8fb81169ff732bb1edc26782d0cf57ff,True
results/R3_RC23_CLOSEDLOOP/R3_RC23_TWO_WINDOW_TEMPORAL_CONTRACTION/R3_RC23_CLOSEDLOOP_1B_REPORT.md,3566759fb9d87c28da94ba0856f551a5b95f6bf6178d09108543be1aab69b973,127f3dc19136e14b437fe33eec1053756dd65868e0496f6343e30596e2a6f80c,30dcc4d655ab3d9a1beed98e938ba94296571f64,True
results/R3_RC23_CLOSEDLOOP/R3_RC23_TWO_WINDOW_TEMPORAL_CONTRACTION/RANGE_ALIAS_PERSISTENCE.csv,08f0db326d4ff4a745dfe240cf9b25cb789a8fbc2449c23307cd24ae5062463e,02d72b91d60406c14434e8082e592fa06bd2158df91b0f7752cbf4279e8848b7,d55bc6f803f7d06bd8d4f4fac19fffdd29550bb9,True
results/R3_RC23_CLOSEDLOOP/R3_RC23_TWO_WINDOW_TEMPORAL_CONTRACTION/RC2_CUMULATIVE_1200_ACCEPTED.csv,cc217a7e973c056500b90c46ba7ddb6b08a84c45d8521988e6ad0f35f9d1f98d,fa1300334cea065d64538f487cfb6326a879d940574195030672f903d6dfbb1f,033d9cd1934e461f246430412584fe7a89b1de32,True
results/R3_RC23_CLOSEDLOOP/R3_RC23_TWO_WINDOW_TEMPORAL_CONTRACTION/RC2_CUMULATIVE_SET_METRICS.csv,1f1e67ac9427d6133b6c4dbc99c2ad507bb9fabb73575ca99dd0807cfca23286,76b145007fa716d80b772fecddf8d6b6d0319a817a69f627b3287aca6cf5178e,c6558f202904a6e62cb063851581f596f59c4040,True
results/R3_RC23_CLOSEDLOOP/R3_RC23_TWO_WINDOW_TEMPORAL_CONTRACTION/RC2_VS_RC2RC3_TWO_WINDOW_METRICS.csv,b9a52040cdd7922ad002f3a37198889d6f391ba97b824012b62b212179e3f54a,227078803aca590fee718f2492b084fff6326893dd03d79667727580ef61eb2e,1687369e324307d1b827821075c4eb70bc896131,True
results/R3_RC23_CLOSEDLOOP/R3_RC23_TWO_WINDOW_TEMPORAL_CONTRACTION/RC3_TWO_WINDOW_PROFILED_SCORES.csv,376050014de61c79f64b986fc6320d9394ff349898408f5539ef512ba371c6d0,b9002fb015d1dd1c59032b388d94cc26a713fb03085fe1dc59b802274c2e0b66,326fd29957ec1eed74e1e521117d03895371f904,True
results/R3_RC23_CLOSEDLOOP/R3_RC23_TWO_WINDOW_TEMPORAL_CONTRACTION/SURVIVORS_BY_RANGE.csv,3b0a5aacf1cd38c1ff023c15a7b307f583b5946460231dc3153bf1cefc5413a8,ba0ca8afd15130fa95f3444f7a684971058b412b1e7743ad2c3eb50b178d5f84,b51b66605813950bd76dcdf77238159f359b9381,True
results/R3_RC23_CLOSEDLOOP/R3_RC23_TWO_WINDOW_TEMPORAL_CONTRACTION/TWO_WINDOW_RANK_DIAGNOSTICS.csv,50b60fb61dc15ba8c178b7bba914a50d08872cfc20f2528583c718b3ef8e93c1,5071770ad44e1777f704510f0c33681548447638d5cfdc5696a34d9821f0d1fa,60aeeaa64f13e1e7fec3f6341904eacc1dd64e2f,True
results/R3_RC23_CLOSEDLOOP/R3_RC23_TWO_WINDOW_TEMPORAL_CONTRACTION/W1_IDENTITY_WITH_1A.csv,a6cf7846eaeb1ecf5b3eb1e9468e1ca893a4de8bccefa9a142fd6e043e5a2523,2a1a98e69a6a5631171644ff37cc57979bdcf5caa82f82d2d63bfd0de411c323,b0386f8fb986ec539a30fe14c933c945e97be170,True
results/R3_RC23_CLOSEDLOOP/R3_RC23_TWO_WINDOW_TEMPORAL_CONTRACTION/W1_IDENTITY_WITH_1A_REPORT.md,fe8aaecb0ae904cf7e481c5ad1cbd036d14cd2aff7e3a93b863813f22f057a93,66616711f72ccbb3c21983a0923d6da77628c2eb9cd6b062afc747993a9e1048,4bcca1d5261e2820263089a857f9020360cac263,True
results/R3_RC3_REANCHOR/R3_RC3_DEPTH_PROFILED_DISCRIM/DEPTH_ROLE_FREEZE.md,3b27b63e72fca2ea1df12feee5d3e29c3c86047cb3278b9ac70d90e07f8abe72,3a5d68c409a4553daf747e1c66b307bf3f60e752561ca729330b3ca6e7e7de8d,54a0987ff7115ccf68fb2fa90c1f7b7467f9d3dc,True
results/R3_RC3_REANCHOR/R3_RC3_DEPTH_PROFILED_DISCRIM/DISCRIMINATION_BY_MECHANISM.csv,7ee69214f6fcf385891fc5daa623e555cf88184c8b4d7db969ca16fd7880863b,e08565bd7311c951f575cc23cebd3422abe8162faa4bea709b33dd89626c0ef5,b4a1c0d0aae478dbd201a3102bd8741dd829e741,True
results/R3_RC3_REANCHOR/R3_RC3_DEPTH_PROFILED_DISCRIM/GPT_SYNC.md,30be3d13797b60d5e0dfbd6a44817a5651353bd41214c3fa90c1c4d2c2681879,30be3d13797b60d5e0dfbd6a44817a5651353bd41214c3fa90c1c4d2c2681879,40f0a7de298469dfd5e9232b9b4d486d44954906,False
results/R3_RC3_REANCHOR/R3_RC3_DEPTH_PROFILED_DISCRIM/PROFILED_VS_FIXED_DISCRIMINATION.csv,141ea7fccdbc45ecbff4b1fa1a2a4d43e192e911b396f3024c83785676c080c4,7ef5831dc5676fb72b3ce85471e789ebfe86d6bbc47b393373a39e5307dce1b2,1a1560f47e8600de201df65bedb69b4484177f50,True
results/R3_RC3_REANCHOR/R3_RC3_DEPTH_PROFILED_DISCRIM/R3_RC3_REANCHOR_2_DECISION.json,0adaef8584fba5756e91a89e010e06da4b65e8044c7c9b95ca406cdacef63159,708c61a5fe4d7ac62d078221582f5836b3d19ab9af47820e65bac74b4d60812d,c561efed5c8b613ea508006fd5dd0eaf4484c1d7,True
results/R3_RC3_REANCHOR/R3_RC3_DEPTH_PROFILED_DISCRIM/R3_RC3_REANCHOR_2_REPORT.md,e363ad256b9815b7b99ee1c6e27dee81f2c201d5eed8cb1dabe9f76592dc7388,03edbaf067d0d7005a6fc540bfd937a3409fcbcc27e128c4645d3b8f50cce771,69c5060c6ffa951fa3eb59735081d16bf8fca212,True
results/R3_RC3_REANCHOR/R3_RC3_DEPTH_ROLE_AUDIT/DEPTH_COMPENSATION_EXAMPLES.md,88d5979d261644f54f0a0f735c9184c785e5aedf782484a8535d95d66d0db631,25b86db542fa3680498edff40d9f18a6313f7eae656da4f2fadbcde5aa72fc7f,39152f1f9c31e6e87aa4d8e4e6210c9053a73ae6,True
results/R3_RC3_REANCHOR/R3_RC3_DEPTH_ROLE_AUDIT/DEPTH_PRIOR_WIDTH_CONTROL.csv,04f27d3ff9b111bb75f8eaabe9780f123cc244dd4e9aad7878ad8723ea84c047,22c85eb58075029c4622f5a476e880f452f7cac1b590f1804a8a09a152da2bf9,636a55667487ba5ad0d360ec00dd7a802a193445,True
results/R3_RC3_REANCHOR/R3_RC3_DEPTH_ROLE_AUDIT/DEPTH_PROFILE_PAIR_RESULTS.csv,9a3aead26915ac541c12385f4a57895125b7307ac8ff35a5313fb1a343d5792c,2eceec1130b60d63b7399ee0210e425df9d2cb7eed6a9248e500af9c0026f628,d720d2663196dca1b4c89c01af3b726106efe5de,True
results/R3_RC3_REANCHOR/R3_RC3_DEPTH_ROLE_AUDIT/DEPTH_ROLE_BY_MECHANISM.csv,81d321a208e9ed093514773ea3843e516248cdec345833bdbb9414fdd1ddb1cf,0ecab1732d70aafe638f9ee636e13a8a50af40cfcc2a5b793c77a9d9a3bfc7fa,7867619be3d106b6e01a133453b7e9112e22152e,True
results/R3_RC3_REANCHOR/R3_RC3_DEPTH_ROLE_AUDIT/DEPTH_ROLE_QUESTION_LOCK.md,e5de0100a823fd49d2ec83f172723260d0aacce3c15c81f761ee33a447d78c96,d1eb2791c6fef1b3798b45ad8f15a6ff009f3a03d9d1d38282056b6d40432667,9df8e65d2d70d51d6b7ce824b331880f9819d46f,True
results/R3_RC3_REANCHOR/R3_RC3_DEPTH_ROLE_AUDIT/ESTD_FORWARD_MODEL_SPOTCHECK.csv,4e090a638c51166fc473aae1f069f01a6abcb137beec66eb6c0002936c227158,e49a0c672cf584abb32e5f15cfefdaed0443842fb8d3b181e1e789bff45e0433,d6b7acca8e5483fab206ad2f97ea721933fc2474,True
results/R3_RC3_REANCHOR/R3_RC3_DEPTH_ROLE_AUDIT/GPT_SYNC.md,78282b35e9fbc5a70cb7778410525f193e95d8ba6a648aefd2497a8da0bddb3c,78282b35e9fbc5a70cb7778410525f193e95d8ba6a648aefd2497a8da0bddb3c,994e5ee3c15d6aa77f4a7c76ff43c3bdc486ecdd,False
results/R3_RC3_REANCHOR/R3_RC3_DEPTH_ROLE_AUDIT/KINEMATIC_RANGE_TRAJECTORY_AUDIT.csv,6b027e7d6b1ca06d61b43ab2a17cab9761914aea5e24447ff0f7ef00e23a29a7,ef7fa609007f4322f5443debddc087fcf96b488bb5baa9eb27c517fa116a470f,401c202eadd8a374c15ee5b3b6c104742ecb76ad,True
results/R3_RC3_REANCHOR/R3_RC3_DEPTH_ROLE_AUDIT/R3_RC3_DEPTH_ROLE_DECISION.json,3e768ab3616a326a571daadf76b010addc5144aa2e86eb42a33e15461132d474,e1af72eb1f3db659680b40a1cb23183aae99f5d99629139471b269d6481eba41,12f14f1bd406885e9e4a252e132da78228e6fcb5,True
results/R3_RC3_REANCHOR/R3_RC3_DEPTH_ROLE_AUDIT/R3_RC3_DEPTH_ROLE_REPORT.md,ad08a82f5a1ec7eaf6c03f1ee5e01c452d554adf9950083de4059bbf0be9711f,dbb91acae4473f05c84161f29fa4eeec1fe80034e2775908e351b941ed2e8aa5,c7901bd1257e69519f0514700b3bf1188a6e3baa,True
results/R3_RC3_REANCHOR/R3_RC3_DEPTH_ROLE_AUDIT/_spotcheck/field.prt,ca94bc22f008b0694e13b1ada32a56cdbfcd32c8f1300dd1d800fe519c320af6,32905fc850394c895fdcffcbf5e0fb9bb3abf2f874e9c5a780544f2d2567a977,75db965a4b6fab1800ed2d1490f6809929782a4d,True
results/R3_RC3_REANCHOR/R3_RC3_DEPTH_ROLE_AUDIT/_spotcheck/spot_180_47000.env,38864d9860db36bfdcaa49a78fe064994c4b875fb519a61c95376168207cd372,b328a1898186a7fa949233d5a6deb9909322962fb153f82cb9a7749be613e641,751b54935c6e64563d41ea0e5f72954159fddfa2,True
results/R3_RC3_REANCHOR/R3_RC3_DEPTH_ROLE_AUDIT/_spotcheck/spot_180_47000.flp,071c94226a29206fd57a9fda7b93625fae8e810e7b03485e25057f4c102d7be6,b42b51facb9d53035b39f9b26eb6746415880d9669fa7903d4d0b47bfe3ca3e3,79985a381d621c1df2bbd19f0ec915525f913d2a,True
results/R3_RC3_REANCHOR/R3_RC3_DEPTH_ROLE_AUDIT/_spotcheck/spot_180_47000.mod,187c3e9380fb9d7fc073e5e3cc97e6580fb574b2e43ef055366d3521a9ec15f6,b65956177c85008fd7045871fb6db33b2233bc71348961e37c530fc89c8b02b4,7b2f81e6e9910c8444ce9c272dbeb7b22afadb38,False
results/R3_RC3_REANCHOR/R3_RC3_DEPTH_ROLE_AUDIT/_spotcheck/spot_180_47000.shd,86bc8bedb7098f1f25b23da17a904928ce63ad1b135f0c53606dea31b95ce85a,86bc8bedb7098f1f25b23da17a904928ce63ad1b135f0c53606dea31b95ce85a,a422164527420662c5133523ad7149e35acdc656,False
results/R3_RC3_REANCHOR/R3_RC3_DEPTH_ROLE_AUDIT/_spotcheck/spot_180_52000.env,38864d9860db36bfdcaa49a78fe064994c4b875fb519a61c95376168207cd372,b328a1898186a7fa949233d5a6deb9909322962fb153f82cb9a7749be613e641,751b54935c6e64563d41ea0e5f72954159fddfa2,True
results/R3_RC3_REANCHOR/R3_RC3_DEPTH_ROLE_AUDIT/_spotcheck/spot_180_52000.flp,8b32694bd8b11b8e75f9e896775146c8d4a9d3f2406af01732f07724a98c7851,6e779ad9d784fd2b1c1656a1314d478064061f219b90711951f6cb6584faabe7,ea48f4ae065c9e4c1aabccd1d2af43ee2d2a44e1,True
results/R3_RC3_REANCHOR/R3_RC3_DEPTH_ROLE_AUDIT/_spotcheck/spot_180_52000.mod,187c3e9380fb9d7fc073e5e3cc97e6580fb574b2e43ef055366d3521a9ec15f6,b65956177c85008fd7045871fb6db33b2233bc71348961e37c530fc89c8b02b4,7b2f81e6e9910c8444ce9c272dbeb7b22afadb38,False
results/R3_RC3_REANCHOR/R3_RC3_DEPTH_ROLE_AUDIT/_spotcheck/spot_180_52000.shd,639e33e232fa17cdd75d2570edf5a6446e1762b4be7fce7431819f2dff3c4302,639e33e232fa17cdd75d2570edf5a6446e1762b4be7fce7431819f2dff3c4302,03ce9ef7802a606c285728bb49a0547b55cf7d08,False
results/R3_RC3_REANCHOR/R3_RC3_DEPTH_ROLE_AUDIT/_spotcheck/spot_200_50000.env,e96c0096302258c764ca6948be7bd95eefbc72009ca5000e98e0a479df40a6cd,cbd5278e9bd8d3878f2b5b081b374c821e6d0df2288b64c8c8d87e9000eefe1b,2f2511a7df5b16139e6f4fe61334c84737584a28,True
results/R3_RC3_REANCHOR/R3_RC3_DEPTH_ROLE_AUDIT/_spotcheck/spot_200_50000.flp,7eadbbd22cdc47b79465c9c51de81e232b747097b67fe0de19043e7e58645b19,304f46c50b1435f76ebde2ff5c568560af8f47893f7c5af888afc180445d95a5,25a5fa55d87a5fe0202aa4340719f3ef1c1b6e3b,True
results/R3_RC3_REANCHOR/R3_RC3_DEPTH_ROLE_AUDIT/_spotcheck/spot_200_50000.mod,187c3e9380fb9d7fc073e5e3cc97e6580fb574b2e43ef055366d3521a9ec15f6,b65956177c85008fd7045871fb6db33b2233bc71348961e37c530fc89c8b02b4,7b2f81e6e9910c8444ce9c272dbeb7b22afadb38,False
results/R3_RC3_REANCHOR/R3_RC3_DEPTH_ROLE_AUDIT/_spotcheck/spot_200_50000.shd,a65824f328a31b9037d76de1415466bbf21407a5e8a866f8e5d3f541b38b29ca,a65824f328a31b9037d76de1415466bbf21407a5e8a866f8e5d3f541b38b29ca,b6dd0a77bf8f3855a9638b8aecaaa20645317308,False
results/R3_RC3_REANCHOR/R3_RC3_DEPTH_ROLE_AUDIT/_spotcheck/spot_200_58000.env,e96c0096302258c764ca6948be7bd95eefbc72009ca5000e98e0a479df40a6cd,cbd5278e9bd8d3878f2b5b081b374c821e6d0df2288b64c8c8d87e9000eefe1b,2f2511a7df5b16139e6f4fe61334c84737584a28,True
results/R3_RC3_REANCHOR/R3_RC3_DEPTH_ROLE_AUDIT/_spotcheck/spot_200_58000.flp,bf7497b86e3869cb54c80a74861c7ea510138a998110b7d8e473e4599f811dad,2ed21c5aafebab53c2e307bead89813597b0eef313818ae3428e463a22a34d2d,d836728b4bb6b66dac5f679039b79eec163a5e9c,True
results/R3_RC3_REANCHOR/R3_RC3_DEPTH_ROLE_AUDIT/_spotcheck/spot_200_58000.mod,187c3e9380fb9d7fc073e5e3cc97e6580fb574b2e43ef055366d3521a9ec15f6,b65956177c85008fd7045871fb6db33b2233bc71348961e37c530fc89c8b02b4,7b2f81e6e9910c8444ce9c272dbeb7b22afadb38,False
results/R3_RC3_REANCHOR/R3_RC3_DEPTH_ROLE_AUDIT/_spotcheck/spot_200_58000.shd,c595a9c1b4e8c308c5a32ab8067be57b045b7a46f462af6b967abfb90a6b8207,c595a9c1b4e8c308c5a32ab8067be57b045b7a46f462af6b967abfb90a6b8207,bdf2aa40a93ca71bbac016b53c8728e8f95a0aa5,False
results/R3_RC3_REANCHOR/R3_RC3_DEPTH_ROLE_AUDIT/_spotcheck/spot_220_55000.env,4a1f9ee71b94e322897524e71aac4a1de34410a0e2a5390f1878abb5cd7553f1,558de90ced639ffc9cd38e17c8189f27ca6ddacc792f479f2eb5cff563821587,d9fe6491117689fdbdb7adcf7ad5ff64a9f26e57,True
results/R3_RC3_REANCHOR/R3_RC3_DEPTH_ROLE_AUDIT/_spotcheck/spot_220_55000.flp,4541dc384fd9557c9fdd275ead0d22eb83d15ee9eb7fd3fe22f0f468a6a2402e,87ac27f2061bf5391821c94f2d981305ca051dbc750f891d01ca1704c937367c,f28be5baafce09fa30dc25d5fbcf7c52a70d3350,True
results/R3_RC3_REANCHOR/R3_RC3_DEPTH_ROLE_AUDIT/_spotcheck/spot_220_55000.mod,187c3e9380fb9d7fc073e5e3cc97e6580fb574b2e43ef055366d3521a9ec15f6,b65956177c85008fd7045871fb6db33b2233bc71348961e37c530fc89c8b02b4,7b2f81e6e9910c8444ce9c272dbeb7b22afadb38,False
results/R3_RC3_REANCHOR/R3_RC3_DEPTH_ROLE_AUDIT/_spotcheck/spot_220_55000.shd,c19802cf3bafceb135bec2f7135bab8dd2823a47b052932042ffe755df4cbe19,c19802cf3bafceb135bec2f7135bab8dd2823a47b052932042ffe755df4cbe19,1f2b739e5c2d6baa1d845aace1ec1f8b4b3a9c55,False
results/R3_RC3_REANCHOR/R3_RC3_DEPTH_ROLE_AUDIT/figures/J_z_examples.svg,b2924d59935dc6ee8d7c8ed6d03862d1c500ada1c7b91589f637127c5f0fe8c4,b2924d59935dc6ee8d7c8ed6d03862d1c500ada1c7b91589f637127c5f0fe8c4,c2958108b8a967ef15aeccacabd2eaf9f87f4a23,False
results/R3_RC3_REANCHOR/R3_RC3_DEPTH_ROLE_AUDIT/figures/rho_prior_width.svg,fc90e287496c5f8be936ce72118957eb1c29b2a1690f207b1e86022f3609d840,850ef35d97347c54289504cb1555468710062c97c9770404f9edd42d37da0ca4,b32684817f1984ee341a9fcd67faedb517c1166d,True
results/R3_RC3_REANCHOR/R3_RC3_DEPTH_ROLE_AUDIT/figures/rho_z_by_mechanism.svg,7e3b09674ec664a9a003281f375b71b9584d1af16280a45f501435b49692dffa,27dfd3119cf3d78d10b6d0c6a92f80fb85e54bf5b1e7b4d79d080d688299529b,d371082dec82c52c9dcefc3be47a7cf8ba6b243b,True
results/R3_RC3_REANCHOR/R3_RC3_DEPTH_ROLE_AUDIT_FIX/FIELD_VS_MODESUM_MULTIRANGE.csv,76ba5f1a491463228344e745d7e0ce24d1411ecc5568e8d01239ab515eda9e31,2c787d8ef651c254509dd420b7fdc63756d0fb991993cc7cdc40a615880fd5ae,26dd5f090986b703e5948f7c4617ac0dc945bdbf,True
results/R3_RC3_REANCHOR/R3_RC3_DEPTH_ROLE_AUDIT_FIX/FORWARD_GATE_AUDIT.md,6e0c5b24aecca47bb46fdb3a8fa3abf2239b9e4f12ccb3a2c9e6dd1b489ea5a9,e2a06347c627a01157938f935404b6e113787f4b6d5a7cc8b5c2dd264ab2267e,5ad729d58398a7a8f4f63e6d82ea3e0c14b412c4,True
results/R3_RC3_REANCHOR/R3_RC3_DEPTH_ROLE_AUDIT_FIX/GPT_SYNC.md,a51aa9e4dfac4fc2feee3f5a683b7d92618311ce20c8bdf09bf213016fd305a0,a51aa9e4dfac4fc2feee3f5a683b7d92618311ce20c8bdf09bf213016fd305a0,0fed0779499d8e53036f42887f76d864dc908001,False
results/R3_RC3_REANCHOR/R3_RC3_DEPTH_ROLE_AUDIT_FIX/R3_RC3_REANCHOR_1F_DECISION.json,938d95b23ffe5c5ae24800253b8cfa17e67e62301b3c15f1358daca3de3f1676,4a9759ee60793ce257679389db2a2f5902313c0e213ed8858e21d75399f2fe50,58aaeac00f69aee01bf38800932fd31a50294b5a,True
results/R3_RC3_REANCHOR/R3_RC3_DEPTH_ROLE_AUDIT_FIX/RELATIVE_TL_SHAPE_VALIDATION.csv,f0ad9a375bade4a977f0c74b4a8fd4727c2f9dd82a877f47f558b6980d7583c8,49b447f3807c0febd5319c64bd8e287208e77c22c0e4bf440e4013ad8e4b8480,5c134fef43aa4b6cd8a242b70e298e9da704fce8,True
results/R3_RC3_REANCHOR/R3_RC3_DEPTH_ROLE_AUDIT_FIX/_field/e_1f_f201_zs180.env,e7ef267ecf36bd9220abc6918cf16446ee92389bd552c4c2d3254dbd0a112be9,9a100467ef54dbcb9bca73b7d879bc54ad3d4fe171a8845ccf919075d8fc1964,e06f5439eeaf235aed72e1121d46407ef749a960,True
results/R3_RC3_REANCHOR/R3_RC3_DEPTH_ROLE_AUDIT_FIX/_field/e_1f_f201_zs180.flp,786a2696af798c44e8b1ea5fd5402cf06c661a20263c7afdea01cc7480a1aa05,eb3079ef9babf63e4a3c29a1656daf5c27be08990a02d9101a222b22540a53c0,01005c86ef29869a7c9efdf87a98853dcabf2e0d,True
results/R3_RC3_REANCHOR/R3_RC3_DEPTH_ROLE_AUDIT_FIX/_field/e_1f_f201_zs180.mod,e05c5ee06dcec6446f81522b8b074e71e31c44e7beda8287163e89fa095ac628,3a495ca01b6f2f4be09083fd8b905af9d0abedd4168153ed722f1d12e83c612f,510a4a3a0c149f5f05f12884c1dc3c7b890cb6c5,False
results/R3_RC3_REANCHOR/R3_RC3_DEPTH_ROLE_AUDIT_FIX/_field/e_1f_f201_zs180.shd,8ee3bcf124b8afb21705c49833ead644b192b44a2763e29aff8bdd2ffb5ee1e7,8ee3bcf124b8afb21705c49833ead644b192b44a2763e29aff8bdd2ffb5ee1e7,aa628029163ee105a39d557844bc13d239b027c4,False
results/R3_RC3_REANCHOR/R3_RC3_DEPTH_ROLE_AUDIT_FIX/_field/e_1f_f201_zs200.env,ba08d50fcb74c73e42780714c0da34c8ef7cd750e0117b81671a881f93378b20,89eb2e4251d5af5b87200d3be2a8211fc3f3fb17dfef9e6a5469d9ab5a49dac5,c27c28a1ee7ce72b8ffcce8de35f63e09e9d51c5,True
results/R3_RC3_REANCHOR/R3_RC3_DEPTH_ROLE_AUDIT_FIX/_field/e_1f_f201_zs200.flp,5335b353471ac339fde2e0c465d75f1f2c7793b84a2bf1ce792cdc69c419516b,0eca903753e797673b36b3c8063560c5b27e396b06bc3fb482da875e5f4e0567,d7bcc9d9eb37fbb10fb5d28f8a04380780e5f5fc,True
results/R3_RC3_REANCHOR/R3_RC3_DEPTH_ROLE_AUDIT_FIX/_field/e_1f_f201_zs200.mod,e05c5ee06dcec6446f81522b8b074e71e31c44e7beda8287163e89fa095ac628,3a495ca01b6f2f4be09083fd8b905af9d0abedd4168153ed722f1d12e83c612f,510a4a3a0c149f5f05f12884c1dc3c7b890cb6c5,False
results/R3_RC3_REANCHOR/R3_RC3_DEPTH_ROLE_AUDIT_FIX/_field/e_1f_f201_zs200.shd,c9f0aaad15f9a9d1a49984fb8370991ce07291dd7555db793593941fae021fdc,c9f0aaad15f9a9d1a49984fb8370991ce07291dd7555db793593941fae021fdc,b610a7188345931f5e035408fa8e7a467bb2eb46,False
results/R3_RC3_REANCHOR/R3_RC3_DEPTH_ROLE_AUDIT_FIX/_field/e_1f_f201_zs220.env,85263e4ef7de4ff8112474ad1499090d9f174ff4470f3dd94f0a666c5cfe752a,399607f1accb0d1331a86e5fdf6a7103e9b1680300347599bc9c42dc1db7b66a,72a78e3129a65395af4e234ba30379b9d50956df,True
results/R3_RC3_REANCHOR/R3_RC3_DEPTH_ROLE_AUDIT_FIX/_field/e_1f_f201_zs220.flp,a225e15819115678ae11de61ea57886fb66ad8ff8fc5293719d87180b38d2b5f,7da0316916c346bc14d1786a5a51320c64d7895cb4f57f57263ba80852b678ce,1e47d75f507e74a265cdda026c89d2e7e52a83d2,True
results/R3_RC3_REANCHOR/R3_RC3_DEPTH_ROLE_AUDIT_FIX/_field/e_1f_f201_zs220.mod,e05c5ee06dcec6446f81522b8b074e71e31c44e7beda8287163e89fa095ac628,3a495ca01b6f2f4be09083fd8b905af9d0abedd4168153ed722f1d12e83c612f,510a4a3a0c149f5f05f12884c1dc3c7b890cb6c5,False
results/R3_RC3_REANCHOR/R3_RC3_DEPTH_ROLE_AUDIT_FIX/_field/e_1f_f201_zs220.shd,8c0363391c362d41ae92aa784ac8c4c5b8e8cd6cbd50d524f3827a6e756ba92a,8c0363391c362d41ae92aa784ac8c4c5b8e8cd6cbd50d524f3827a6e756ba92a,ea5d02484ee7787818399822eabf33879bc505a3,False
results/R3_RC3_REANCHOR/R3_RC3_DEPTH_ROLE_AUDIT_FIX/_field/e_1f_f235_zs180.env,b8c0116f141cb121f3e2c7030d2685f9a4ecc63e3b43f17ae9d46849d4f4f3f6,9ecfec1cf58ce030e7ca1b48477c5c03b9cea4c89809033fb821b94ccfa2f394,0a4136b096eb00c9af3ca29416850f8ad83a4ce1,True
results/R3_RC3_REANCHOR/R3_RC3_DEPTH_ROLE_AUDIT_FIX/_field/e_1f_f235_zs180.flp,786a2696af798c44e8b1ea5fd5402cf06c661a20263c7afdea01cc7480a1aa05,eb3079ef9babf63e4a3c29a1656daf5c27be08990a02d9101a222b22540a53c0,01005c86ef29869a7c9efdf87a98853dcabf2e0d,True
results/R3_RC3_REANCHOR/R3_RC3_DEPTH_ROLE_AUDIT_FIX/_field/e_1f_f235_zs180.mod,187c3e9380fb9d7fc073e5e3cc97e6580fb574b2e43ef055366d3521a9ec15f6,b65956177c85008fd7045871fb6db33b2233bc71348961e37c530fc89c8b02b4,7b2f81e6e9910c8444ce9c272dbeb7b22afadb38,False
results/R3_RC3_REANCHOR/R3_RC3_DEPTH_ROLE_AUDIT_FIX/_field/e_1f_f235_zs180.shd,52ea0ba8e41bec92b53ddc4980c057a70ab0820fcae590aa9e96bc2cec041d05,52ea0ba8e41bec92b53ddc4980c057a70ab0820fcae590aa9e96bc2cec041d05,4eea28125bfec98328714773ae002eea1d8fb6db,False
results/R3_RC3_REANCHOR/R3_RC3_DEPTH_ROLE_AUDIT_FIX/_field/e_1f_f235_zs200.env,989c480d435cfbedfb5baebfc826c51c190fccc4c1e70237bf9c35109d614c41,3ac62e9062bd62c7ba78031f2f0cc28c345265e37a12431a7b9bf9e8a46f0c96,72a9580fc5bf1b1326792213591765573dc1e2e4,True
results/R3_RC3_REANCHOR/R3_RC3_DEPTH_ROLE_AUDIT_FIX/_field/e_1f_f235_zs200.flp,5335b353471ac339fde2e0c465d75f1f2c7793b84a2bf1ce792cdc69c419516b,0eca903753e797673b36b3c8063560c5b27e396b06bc3fb482da875e5f4e0567,d7bcc9d9eb37fbb10fb5d28f8a04380780e5f5fc,True
results/R3_RC3_REANCHOR/R3_RC3_DEPTH_ROLE_AUDIT_FIX/_field/e_1f_f235_zs200.mod,187c3e9380fb9d7fc073e5e3cc97e6580fb574b2e43ef055366d3521a9ec15f6,b65956177c85008fd7045871fb6db33b2233bc71348961e37c530fc89c8b02b4,7b2f81e6e9910c8444ce9c272dbeb7b22afadb38,False
results/R3_RC3_REANCHOR/R3_RC3_DEPTH_ROLE_AUDIT_FIX/_field/e_1f_f235_zs200.shd,20b02e5311a43a949d1e5c04820821e5a93bd804ebc50d34bde11a94948d1d49,20b02e5311a43a949d1e5c04820821e5a93bd804ebc50d34bde11a94948d1d49,4cda440f4eef58c86fb6e164d39507fc473dcdf1,False
results/R3_RC3_REANCHOR/R3_RC3_DEPTH_ROLE_AUDIT_FIX/_field/e_1f_f235_zs220.env,eca4b8001e73a596fb58d5d0f4e866400d59157c783733a8dc9fc321874b2859,be1ce79959efd9fbfb05e8aefd414eff70ea9caaf654e51a4ffd0e11be1591a1,b6069a21ac84ff7c66d9fb87324738c7e5fb8fdb,True
results/R3_RC3_REANCHOR/R3_RC3_DEPTH_ROLE_AUDIT_FIX/_field/e_1f_f235_zs220.flp,a225e15819115678ae11de61ea57886fb66ad8ff8fc5293719d87180b38d2b5f,7da0316916c346bc14d1786a5a51320c64d7895cb4f57f57263ba80852b678ce,1e47d75f507e74a265cdda026c89d2e7e52a83d2,True
results/R3_RC3_REANCHOR/R3_RC3_DEPTH_ROLE_AUDIT_FIX/_field/e_1f_f235_zs220.mod,187c3e9380fb9d7fc073e5e3cc97e6580fb574b2e43ef055366d3521a9ec15f6,b65956177c85008fd7045871fb6db33b2233bc71348961e37c530fc89c8b02b4,7b2f81e6e9910c8444ce9c272dbeb7b22afadb38,False
results/R3_RC3_REANCHOR/R3_RC3_DEPTH_ROLE_AUDIT_FIX/_field/e_1f_f235_zs220.shd,8600596eff735cdbb3a0283394a97f971d0226dbcdda751d2293b05e36d69726,8600596eff735cdbb3a0283394a97f971d0226dbcdda751d2293b05e36d69726,51fad5744eb87eedc0e9ce8921f18900357b5523,False
results/R3_RC3_REANCHOR/R3_RC3_DEPTH_ROLE_AUDIT_FIX/_field/e_1f_f283_zs180.env,37e9eb6c0df402334262b1fbe17336631a9e7e35b3fbd81140a9d172a219f2f3,76c8fbe61b80af1362875883eea8dfa4eba81d5d5ed8c55104475816665dbf96,dac0d322cc73ae073b06d8c96774971c60189610,True
results/R3_RC3_REANCHOR/R3_RC3_DEPTH_ROLE_AUDIT_FIX/_field/e_1f_f283_zs180.flp,786a2696af798c44e8b1ea5fd5402cf06c661a20263c7afdea01cc7480a1aa05,eb3079ef9babf63e4a3c29a1656daf5c27be08990a02d9101a222b22540a53c0,01005c86ef29869a7c9efdf87a98853dcabf2e0d,True
results/R3_RC3_REANCHOR/R3_RC3_DEPTH_ROLE_AUDIT_FIX/_field/e_1f_f283_zs180.mod,5d72a736ddae45bb3fbfd15514f9fb8f6b5e89e16feb598898ee3b64e4f199b2,f4590bd57de4e37a2ac0152191e80cce15fbe61d23efac9de55f1066c31a419b,653e0f445ecab8894be94c35c3d94dcc73772030,False
results/R3_RC3_REANCHOR/R3_RC3_DEPTH_ROLE_AUDIT_FIX/_field/e_1f_f283_zs180.shd,f251b40ae11304de72dd6b9b3a5dfa6bbade65a04f7cc8bceb9eefb3f558582e,f251b40ae11304de72dd6b9b3a5dfa6bbade65a04f7cc8bceb9eefb3f558582e,60ea4ccc5021eb7b81adaa868b1f43af0db3678e,False
results/R3_RC3_REANCHOR/R3_RC3_DEPTH_ROLE_AUDIT_FIX/_field/e_1f_f283_zs200.env,ea7c97f32f100d2a71c39407f66db910ed4e6debcfa62b05cdb53f3b02c14ca8,2e953667cb6d5801503f0fa336c5c6a5ee5314731ffe515545b0676d5dca95c6,e0b40ce8b7544899ab6068ea633b489f6ef0238c,True
results/R3_RC3_REANCHOR/R3_RC3_DEPTH_ROLE_AUDIT_FIX/_field/e_1f_f283_zs200.flp,5335b353471ac339fde2e0c465d75f1f2c7793b84a2bf1ce792cdc69c419516b,0eca903753e797673b36b3c8063560c5b27e396b06bc3fb482da875e5f4e0567,d7bcc9d9eb37fbb10fb5d28f8a04380780e5f5fc,True
results/R3_RC3_REANCHOR/R3_RC3_DEPTH_ROLE_AUDIT_FIX/_field/e_1f_f283_zs200.mod,5d72a736ddae45bb3fbfd15514f9fb8f6b5e89e16feb598898ee3b64e4f199b2,f4590bd57de4e37a2ac0152191e80cce15fbe61d23efac9de55f1066c31a419b,653e0f445ecab8894be94c35c3d94dcc73772030,False
results/R3_RC3_REANCHOR/R3_RC3_DEPTH_ROLE_AUDIT_FIX/_field/e_1f_f283_zs200.shd,c16a929ed4dcbf8b7882d81279b57d282be57ba905df894ec55f2e63eff695a8,c16a929ed4dcbf8b7882d81279b57d282be57ba905df894ec55f2e63eff695a8,22890fe43294be23b31fdc500cc642924ef84bbe,False
results/R3_RC3_REANCHOR/R3_RC3_DEPTH_ROLE_AUDIT_FIX/_field/e_1f_f283_zs220.env,4582ee0f6670d6cd0371a529e5a65b25582e42dacc4f64f8a76ddb49c18c5985,222832e83d88f047b208b193de4cadbba49cb4a9ec38ae16f6de759f18961736,e38a4051339b4c800618efb9e371fb735f1f6b88,True
results/R3_RC3_REANCHOR/R3_RC3_DEPTH_ROLE_AUDIT_FIX/_field/e_1f_f283_zs220.flp,a225e15819115678ae11de61ea57886fb66ad8ff8fc5293719d87180b38d2b5f,7da0316916c346bc14d1786a5a51320c64d7895cb4f57f57263ba80852b678ce,1e47d75f507e74a265cdda026c89d2e7e52a83d2,True
results/R3_RC3_REANCHOR/R3_RC3_DEPTH_ROLE_AUDIT_FIX/_field/e_1f_f283_zs220.mod,5d72a736ddae45bb3fbfd15514f9fb8f6b5e89e16feb598898ee3b64e4f199b2,f4590bd57de4e37a2ac0152191e80cce15fbe61d23efac9de55f1066c31a419b,653e0f445ecab8894be94c35c3d94dcc73772030,False
results/R3_RC3_REANCHOR/R3_RC3_DEPTH_ROLE_AUDIT_FIX/_field/e_1f_f283_zs220.shd,549f0fc27c4a51f95f50574b7c713f0b42e5019a999fe5bdca6af2fdad34c3ee,549f0fc27c4a51f95f50574b7c713f0b42e5019a999fe5bdca6af2fdad34c3ee,5ef5ae42653b399282237a43cc9dc4d0b8b87ee7,False
results/R3_RC3_REANCHOR/R3_RC3_DEPTH_ROLE_AUDIT_FIX/_field/e_1f_f338_zs180.env,7c1c5ac6c243f17b03208e1720843f76ea2cb0adfcd94daa488e017b00bb77b4,63f7a583b0b13d4fafcd5f2ebea11598c275d505742bd9a6a86b993ba6cbd9cb,d323893e2156e39b33529c3fd68110cca20fa133,True
results/R3_RC3_REANCHOR/R3_RC3_DEPTH_ROLE_AUDIT_FIX/_field/e_1f_f338_zs180.flp,786a2696af798c44e8b1ea5fd5402cf06c661a20263c7afdea01cc7480a1aa05,eb3079ef9babf63e4a3c29a1656daf5c27be08990a02d9101a222b22540a53c0,01005c86ef29869a7c9efdf87a98853dcabf2e0d,True
results/R3_RC3_REANCHOR/R3_RC3_DEPTH_ROLE_AUDIT_FIX/_field/e_1f_f338_zs180.mod,367ab57e83b7e40a274d054c44c5d42a7420c4d0d614672543ab75651dbbd0d1,367ab57e83b7e40a274d054c44c5d42a7420c4d0d614672543ab75651dbbd0d1,ed159ae0a4c36332119982bc630e07448dbcce2c,False
results/R3_RC3_REANCHOR/R3_RC3_DEPTH_ROLE_AUDIT_FIX/_field/e_1f_f338_zs180.shd,e1083a26a3e0bda4b99901c34c75e04156862690fd8cf1ab5e7966a2b98db0c5,e1083a26a3e0bda4b99901c34c75e04156862690fd8cf1ab5e7966a2b98db0c5,2f6693e88786f97a2476573f190cfd9adf12bf49,False
results/R3_RC3_REANCHOR/R3_RC3_DEPTH_ROLE_AUDIT_FIX/_field/e_1f_f338_zs200.env,c26da2faaf72f7c1bbc1f6fabee344c6ea93ba68d0a69befc97ca5f126037f8e,d6bb5d751d12024a96d23fe0e92e644b5fbd285c4159e9db7d54aab2a6e5691e,8ffd50409e16d8fa1df81c1aaf0740f488a370be,True
results/R3_RC3_REANCHOR/R3_RC3_DEPTH_ROLE_AUDIT_FIX/_field/e_1f_f338_zs200.flp,5335b353471ac339fde2e0c465d75f1f2c7793b84a2bf1ce792cdc69c419516b,0eca903753e797673b36b3c8063560c5b27e396b06bc3fb482da875e5f4e0567,d7bcc9d9eb37fbb10fb5d28f8a04380780e5f5fc,True
results/R3_RC3_REANCHOR/R3_RC3_DEPTH_ROLE_AUDIT_FIX/_field/e_1f_f338_zs200.mod,367ab57e83b7e40a274d054c44c5d42a7420c4d0d614672543ab75651dbbd0d1,367ab57e83b7e40a274d054c44c5d42a7420c4d0d614672543ab75651dbbd0d1,ed159ae0a4c36332119982bc630e07448dbcce2c,False
results/R3_RC3_REANCHOR/R3_RC3_DEPTH_ROLE_AUDIT_FIX/_field/e_1f_f338_zs200.shd,14c72b5a347c75b270489ffd06e8e13bc963e536d1d202348dcc035574c5fd2d,14c72b5a347c75b270489ffd06e8e13bc963e536d1d202348dcc035574c5fd2d,16b4c4daa812d50c0d3e4b15f97bf0db364d1705,False
results/R3_RC3_REANCHOR/R3_RC3_DEPTH_ROLE_AUDIT_FIX/_field/e_1f_f338_zs220.env,9c98b7699e589498cd56c268a8ccd81ebe33446582205f405f2e2fb21e1bd6de,f730de1583efa0c60e1ab544a08f02bce31ba0d699c61a7e460887d87460bc9c,49edcbc1c7b6cf3b01ee392a75ef289a0db9ba9f,True
results/R3_RC3_REANCHOR/R3_RC3_DEPTH_ROLE_AUDIT_FIX/_field/e_1f_f338_zs220.flp,a225e15819115678ae11de61ea57886fb66ad8ff8fc5293719d87180b38d2b5f,7da0316916c346bc14d1786a5a51320c64d7895cb4f57f57263ba80852b678ce,1e47d75f507e74a265cdda026c89d2e7e52a83d2,True
results/R3_RC3_REANCHOR/R3_RC3_DEPTH_ROLE_AUDIT_FIX/_field/e_1f_f338_zs220.mod,367ab57e83b7e40a274d054c44c5d42a7420c4d0d614672543ab75651dbbd0d1,367ab57e83b7e40a274d054c44c5d42a7420c4d0d614672543ab75651dbbd0d1,ed159ae0a4c36332119982bc630e07448dbcce2c,False
results/R3_RC3_REANCHOR/R3_RC3_DEPTH_ROLE_AUDIT_FIX/_field/e_1f_f338_zs220.shd,9b547cc5fd4aea52532eb8c25e7a190bc22f34e507bd42a6da16423ee17555b9,9b547cc5fd4aea52532eb8c25e7a190bc22f34e507bd42a6da16423ee17555b9,ab220f4d13993d63b79f74d7c5c9659a93e96805,False
results/R3_RC3_REANCHOR/R3_RC3_DEPTH_ROLE_AUDIT_FIX/_field/field.prt,57b5b680077dfa7cd95f5114d5f6a533fe283e0bf6dd44b5281cd2c79f732745,5e3bcdd1a1ae5526886b99d9ca75af78d5154cb04b2510dd8534c05adf621df1,77f9e827c6e6e04914261a997a75739416b27ea6,True
results/R3_RC3_REANCHOR/R3_RC3_ENV_MISMATCH_BOUNDARY/ENV_MARGIN_BY_MECHANISM.csv,0f077fe8f9bc0f2d8836f6d8c35ecd466d83ac4205bcfdb9fd17437038ad700a,dddc4342926338979173f74708e55599d26dd2c7deafcf6c8b3ecbedc6b2977a,d73270efe76d60b7dc04da6106deaf47721928f3,True
results/R3_RC3_REANCHOR/R3_RC3_ENV_MISMATCH_BOUNDARY/ENV_MISMATCH_AXIS_LOCK.md,990e246b230a7de7571c159124f274cfe7ba8ee85cfd8ca1ea9f6be94a448cf0,61278b3392da723dbcd011299c5a97f2eb1422e3953b1126fc8d10f5e7a5391e,c1764d1c12a04ef8bfc5a809d5e72c0997301357,True
results/R3_RC3_REANCHOR/R3_RC3_ENV_MISMATCH_BOUNDARY/GPT_SYNC.md,428a54629ed0661ff88673e43fe7df5aaeded1952a4657f351c62f3139d67d39,428a54629ed0661ff88673e43fe7df5aaeded1952a4657f351c62f3139d67d39,90ed661f86ea9d341aece000707e06575a5ab84b,False
results/R3_RC3_REANCHOR/R3_RC3_ENV_MISMATCH_BOUNDARY/PERTURBED_ENV_FORWARD_GATE.csv,aea2d420b2f7ed3292f831b8c7fcd2fc46ef45bdebdc387c1de23c96d1d5d710,edc49ae6e8efdb9e9dd9e9b458d16b450751ce3eca574f0c67db17ccb18f9738,077a8ea14445c7053fc81d35e591e48a31af749b,True
results/R3_RC3_REANCHOR/R3_RC3_ENV_MISMATCH_BOUNDARY/PERTURBED_SSP.csv,9403804fcb0d139fa141519dac82dea77b77f1155d170296358a0e8d394723eb,e0e4b4ed11dc61bc38360f432d22ac5abe2cec6c2b883f9bb7cd34354443fd55,2c116a3e2b49927809f4b44bbd748606088b1076,True
results/R3_RC3_REANCHOR/R3_RC3_ENV_MISMATCH_BOUNDARY/PROFILED_MARGIN_VS_ENV.csv,3a91445f8045042dad9e6908a121a93545480ba19388b9ecc7bf4c081b7bbe80,f7e8d5e1962a5bb04fcdfc3bda214c71ab8f5da8959a115d02e7d748505ac9cd,e141f4d5674fb6d57530e3d39a7ab81b485642ef,True
results/R3_RC3_REANCHOR/R3_RC3_ENV_MISMATCH_BOUNDARY/R3_RC3_REANCHOR_4_DECISION.json,99bb1cba046ec598285cb97f2c0a8dfd9978f48a2dcbda36dc0ffe0aee12ee24,d25aef6236ec409e6670e674ebb37ca74809c002ae1c49f110a2064a701bdf31,7d7a080250a3423628f9bf76770a2c05d9d60168,True
results/R3_RC3_REANCHOR/R3_RC3_ENV_MISMATCH_BOUNDARY/R3_RC3_REANCHOR_4_REPORT.md,8d93ac54a9d7b1dba951299eca1c1dc55f392507f0fbd2914ec024cde22b0e0d,881040580ed78497734c270b2fcb7d06d6c1c2a6ef9ae21d1fc635e3d5c97090,2cb0e4c9d80d32d25b251fa8c0aadc3c9448f056,True
results/R3_RC3_REANCHOR/R3_RC3_ENV_MISMATCH_BOUNDARY/_env/E1_shift50m_f201.env,5632110464e2ccd4baa6427991dd5f4f0f8b88bfc5f9f82eef3bbf622c55f8db,1c085c423427f5f32dd08daab22f6c1257f1bc6f9faa1df4b290b5cae2e1d9b3,bafbb1431feb52fe8cd10c0168c85b772c53283f,True
results/R3_RC3_REANCHOR/R3_RC3_ENV_MISMATCH_BOUNDARY/_env/E1_shift50m_f201.flp,5335b353471ac339fde2e0c465d75f1f2c7793b84a2bf1ce792cdc69c419516b,0eca903753e797673b36b3c8063560c5b27e396b06bc3fb482da875e5f4e0567,d7bcc9d9eb37fbb10fb5d28f8a04380780e5f5fc,True
results/R3_RC3_REANCHOR/R3_RC3_ENV_MISMATCH_BOUNDARY/_env/E1_shift50m_f201.mod,b4273f40fd3cb670fef15b0b3c4c677c94d6fff278fe563cf46ce4c8fdb6fb61,b4273f40fd3cb670fef15b0b3c4c677c94d6fff278fe563cf46ce4c8fdb6fb61,5aa38361752ccf1ea4a9e6718cfc6b6a18f45a8d,False
results/R3_RC3_REANCHOR/R3_RC3_ENV_MISMATCH_BOUNDARY/_env/E1_shift50m_f201.prt,f468bbd3f1864c55576d2918475292e650d751091805cccb9287350952255ce4,1f84bb630d08310660e748e18b07da799c0f5a79d31e20524805fbf36deb2727,f19d220023c718c58383e2516975ac516f75b985,True
results/R3_RC3_REANCHOR/R3_RC3_ENV_MISMATCH_BOUNDARY/_env/E1_shift50m_f201.shd,ffdb1269c85659baae23dbd9cd2434a90ef503c9c401a098a2d780fcfbbe3656,ffdb1269c85659baae23dbd9cd2434a90ef503c9c401a098a2d780fcfbbe3656,f072cba77158414f580852846eac82bbd265209b,False
results/R3_RC3_REANCHOR/R3_RC3_ENV_MISMATCH_BOUNDARY/_env/E1_shift50m_f235.env,b1d75f9dccab19e2b843b3a70c0da19b18b4b96d7656ff76c5210d5a43b2da19,5fd05a29d563aaf58c2549b6fe2156266d12dbfc917f9915ba6b8f7b2659d4c0,78be54c2506a0b3f933691c944f474198ee7a7b1,True
results/R3_RC3_REANCHOR/R3_RC3_ENV_MISMATCH_BOUNDARY/_env/E1_shift50m_f235.flp,5335b353471ac339fde2e0c465d75f1f2c7793b84a2bf1ce792cdc69c419516b,0eca903753e797673b36b3c8063560c5b27e396b06bc3fb482da875e5f4e0567,d7bcc9d9eb37fbb10fb5d28f8a04380780e5f5fc,True
results/R3_RC3_REANCHOR/R3_RC3_ENV_MISMATCH_BOUNDARY/_env/E1_shift50m_f235.mod,990508af865978a1c89dc696d7fd98349f566bc7bddb308ec54eb9bf7a75a3c4,990508af865978a1c89dc696d7fd98349f566bc7bddb308ec54eb9bf7a75a3c4,786e4ef6d85b4adb2f02f1e37e66d8cf398f7f71,False
results/R3_RC3_REANCHOR/R3_RC3_ENV_MISMATCH_BOUNDARY/_env/E1_shift50m_f235.prt,768c95a037537c4eac5f245855e5c154d4a802fda8decdcc8d56a4bfe1b006d6,b538d49521f5467416683df454c57c3fbdd5469ac11a8bd2d4682377aa3677a6,a8430a9b9b28cc10b05b77dfa83262a8ff77f636,True
results/R3_RC3_REANCHOR/R3_RC3_ENV_MISMATCH_BOUNDARY/_env/E1_shift50m_f235.shd,0be60ad31ab90c9054c064894273c82d06ccb3fe80afa104e1fc8d48a93fa90d,0be60ad31ab90c9054c064894273c82d06ccb3fe80afa104e1fc8d48a93fa90d,6d44a329d494373a798251456b637ae83eecbd3b,False
results/R3_RC3_REANCHOR/R3_RC3_ENV_MISMATCH_BOUNDARY/_env/E1_shift50m_f283.env,30be9e6520ce33436f4fe001259cf5d5290bdf18c2ac8ba7865a12526f1ef3cb,74faac10d0c9f2ce315f85c909f5ce3f9035b9c6497998437ae7400532b7f7e9,6b68a4967490a47c8def3f3b3ba1fb1a8b9e4977,True
results/R3_RC3_REANCHOR/R3_RC3_ENV_MISMATCH_BOUNDARY/_env/E1_shift50m_f283.flp,5335b353471ac339fde2e0c465d75f1f2c7793b84a2bf1ce792cdc69c419516b,0eca903753e797673b36b3c8063560c5b27e396b06bc3fb482da875e5f4e0567,d7bcc9d9eb37fbb10fb5d28f8a04380780e5f5fc,True
results/R3_RC3_REANCHOR/R3_RC3_ENV_MISMATCH_BOUNDARY/_env/E1_shift50m_f283.mod,3c8807ec69be641aeb1785c0df34fe8eeeae9632b6d4df11b129b96278b3c4f1,3c8807ec69be641aeb1785c0df34fe8eeeae9632b6d4df11b129b96278b3c4f1,aa98b32b8066620e3f992222d24c066bbfcc6b0d,False
results/R3_RC3_REANCHOR/R3_RC3_ENV_MISMATCH_BOUNDARY/_env/E1_shift50m_f283.prt,f1598da1a47a28d327193d56b102c09c5eb20f662be983d8fd626a57ac4ad7da,6d4261884b78861cd37a28c676de94cd89c1e2371dd25018db13aff2ad5ac3ad,652ba57a596d1cba417d349f21d105e6548d5d4c,True
results/R3_RC3_REANCHOR/R3_RC3_ENV_MISMATCH_BOUNDARY/_env/E1_shift50m_f283.shd,bfe933aa9e9b1432e0e773531392c63c3c0ae611db27102bc94ee0251afa076e,bfe933aa9e9b1432e0e773531392c63c3c0ae611db27102bc94ee0251afa076e,41f1f0877e72062c5025feb1bd1ef2f2c953d8ab,False
results/R3_RC3_REANCHOR/R3_RC3_ENV_MISMATCH_BOUNDARY/_env/E1_shift50m_f338.env,4a7c9f4cded71bac29e48837c2c89d0e4a5cde164217c1bd34552a6e17a11539,c0fdf5507a840b35f7622f3ec74c84b3a90068df81c89f98d95ab974e7bb9566,2c009462af42fc84a5a39920b06a23fa3b57f3c6,True
results/R3_RC3_REANCHOR/R3_RC3_ENV_MISMATCH_BOUNDARY/_env/E1_shift50m_f338.flp,5335b353471ac339fde2e0c465d75f1f2c7793b84a2bf1ce792cdc69c419516b,0eca903753e797673b36b3c8063560c5b27e396b06bc3fb482da875e5f4e0567,d7bcc9d9eb37fbb10fb5d28f8a04380780e5f5fc,True
results/R3_RC3_REANCHOR/R3_RC3_ENV_MISMATCH_BOUNDARY/_env/E1_shift50m_f338.mod,51cbda311481cdde23d6c3ed39cc58d29e89b166b57f7b964d3762e6dd45eb4c,51cbda311481cdde23d6c3ed39cc58d29e89b166b57f7b964d3762e6dd45eb4c,1e41721dde37a68a26a824bf654362532215b7b4,False
results/R3_RC3_REANCHOR/R3_RC3_ENV_MISMATCH_BOUNDARY/_env/E1_shift50m_f338.prt,d2865b69b3bb2b1e712c1ee6ed9e918c644a43082c4aa769299e919760dc543b,7a69ef412d2040256c7095ffdf49af59aced3e167f3d36148ceab9797fb90963,a63156207a1b1e8b90b131c156b36d02209f9228,True
results/R3_RC3_REANCHOR/R3_RC3_ENV_MISMATCH_BOUNDARY/_env/E1_shift50m_f338.shd,01bbdfd593a24aa91758952db64866b2884c2a3f999771cb5cb5f78fe18fc871,01bbdfd593a24aa91758952db64866b2884c2a3f999771cb5cb5f78fe18fc871,ec02241d393239b1133daf238fc7a2b538cbb788,False
results/R3_RC3_REANCHOR/R3_RC3_ENV_MISMATCH_BOUNDARY/_env/E2_shift150m_plus2_f201.env,42436cbdec5731c9c2af910c0afbe4e8a045b74a1e6f7d9489dbe22a23ff1cfb,f341e2886e7940634de26896d7c5637f1cb7198c6f542e41d2ef0af56212f148,a25349b980b8f2edf85f7b4632e998e9f815b872,True
results/R3_RC3_REANCHOR/R3_RC3_ENV_MISMATCH_BOUNDARY/_env/E2_shift150m_plus2_f201.flp,5335b353471ac339fde2e0c465d75f1f2c7793b84a2bf1ce792cdc69c419516b,0eca903753e797673b36b3c8063560c5b27e396b06bc3fb482da875e5f4e0567,d7bcc9d9eb37fbb10fb5d28f8a04380780e5f5fc,True
results/R3_RC3_REANCHOR/R3_RC3_ENV_MISMATCH_BOUNDARY/_env/E2_shift150m_plus2_f201.mod,61e541361d2838a050e62a077dea1b785b0e03260cd9da95100ce4e673c28eb5,61e541361d2838a050e62a077dea1b785b0e03260cd9da95100ce4e673c28eb5,0c6cccb9e857ad91a9e6ce078d6a489e219ab565,False
results/R3_RC3_REANCHOR/R3_RC3_ENV_MISMATCH_BOUNDARY/_env/E2_shift150m_plus2_f201.prt,75f7e242b82af80a8440f58443ededbac282ca53381baccd7f230b8efe39a9a6,affd214fe2f593af36d62917119b10bc8ea4f161d6c53345c3f6d5695ee71f5f,78f4e706c7ae7fc5c9df901f56a25e7c4f56ba4c,True
results/R3_RC3_REANCHOR/R3_RC3_ENV_MISMATCH_BOUNDARY/_env/E2_shift150m_plus2_f201.shd,cdd51f8326ff88d20fc80cecd1cb4c88453b8c734a0c490fa9dadd1ce75ec64e,cdd51f8326ff88d20fc80cecd1cb4c88453b8c734a0c490fa9dadd1ce75ec64e,25a776bdfb94918b03fb1062bff929c3411f27b8,False
results/R3_RC3_REANCHOR/R3_RC3_ENV_MISMATCH_BOUNDARY/_env/E2_shift150m_plus2_f235.env,ca63403aa72065c79ac06644eabc50fe7f75e0c01c0dffff124caa08c34d98f7,0dace3fd5019c3826b3db2109389842775c886bff2d06eee84ebb6ea2cef5e46,43a31f134f9683623574bef27512a120e3fa4967,True
results/R3_RC3_REANCHOR/R3_RC3_ENV_MISMATCH_BOUNDARY/_env/E2_shift150m_plus2_f235.flp,5335b353471ac339fde2e0c465d75f1f2c7793b84a2bf1ce792cdc69c419516b,0eca903753e797673b36b3c8063560c5b27e396b06bc3fb482da875e5f4e0567,d7bcc9d9eb37fbb10fb5d28f8a04380780e5f5fc,True
results/R3_RC3_REANCHOR/R3_RC3_ENV_MISMATCH_BOUNDARY/_env/E2_shift150m_plus2_f235.mod,16640b929fe192bcac1dfd699621b52c1650b470e24bb33fdfad551f7c8212ed,16640b929fe192bcac1dfd699621b52c1650b470e24bb33fdfad551f7c8212ed,4103fe8a5f9503d192447485114cc8ef80687dc0,False
results/R3_RC3_REANCHOR/R3_RC3_ENV_MISMATCH_BOUNDARY/_env/E2_shift150m_plus2_f235.prt,5b261846cd574ff3edf7f0e52b9d7cd2e89eea4b1bd1868e22c36e5ad77d55f2,6372babaa6a8b5f37b13a328f8a519f3ce05c4bb7e510a60323535054276d7fb,c5ab2454cf538ab8e0f09ee44951e9a2ceca6f9a,True
results/R3_RC3_REANCHOR/R3_RC3_ENV_MISMATCH_BOUNDARY/_env/E2_shift150m_plus2_f235.shd,86f40cef66968e90a42a25be56fa237b030f7a2633334500a1074350605d1681,86f40cef66968e90a42a25be56fa237b030f7a2633334500a1074350605d1681,a3d3b09218cb87bced4916aec2287a305a126fbd,False
results/R3_RC3_REANCHOR/R3_RC3_ENV_MISMATCH_BOUNDARY/_env/E2_shift150m_plus2_f283.env,a197fcec4c335ef388516db41818aaf4c9f1990b552900796f4b743c2098a728,7891649bed0b8c13258ed9f96b35e753e2a42cd2e5703165373e1f16e6b8e317,c076c07d7568f06d66b798142e5fe8f687e7c07e,True
results/R3_RC3_REANCHOR/R3_RC3_ENV_MISMATCH_BOUNDARY/_env/E2_shift150m_plus2_f283.flp,5335b353471ac339fde2e0c465d75f1f2c7793b84a2bf1ce792cdc69c419516b,0eca903753e797673b36b3c8063560c5b27e396b06bc3fb482da875e5f4e0567,d7bcc9d9eb37fbb10fb5d28f8a04380780e5f5fc,True
results/R3_RC3_REANCHOR/R3_RC3_ENV_MISMATCH_BOUNDARY/_env/E2_shift150m_plus2_f283.mod,db89ab8c1fc22cb940f240d26e6f7f610387b593f306d882911b943bb3459e18,db89ab8c1fc22cb940f240d26e6f7f610387b593f306d882911b943bb3459e18,d4e50485946444c4b1ee1d478f0f4f3d94d4b1d5,False
results/R3_RC3_REANCHOR/R3_RC3_ENV_MISMATCH_BOUNDARY/_env/E2_shift150m_plus2_f283.prt,60daa373f69a62f397852d702b7a344d19126a965d2bf164a4bb73ee0dcfe68a,428b61394b1a8c51ff0b0e270e7e621b8017b11ca3ea1789c44de7c60a221dac,cb7c5f388af42d0907922367341a5482dc16adad,True
results/R3_RC3_REANCHOR/R3_RC3_ENV_MISMATCH_BOUNDARY/_env/E2_shift150m_plus2_f283.shd,7c3e7b090c5d73bf5ff13d8637ee65ade8928df095708154949eb1e0ddbacada,7c3e7b090c5d73bf5ff13d8637ee65ade8928df095708154949eb1e0ddbacada,eb68a022330383a6cbc6b2edef98e20436e53f8e,False
results/R3_RC3_REANCHOR/R3_RC3_ENV_MISMATCH_BOUNDARY/_env/E2_shift150m_plus2_f338.env,ed7e9368c07c54ff20df87b9c0d10bf974ad3f8d8dcda31567cb359092d77199,7eb02671bb21de0fe38ddb0ab56ef2b35d477095a9bc90e26790ec6707b3b993,6b6a4f82b032b8326a93f1fef7a37e3118f32d34,True
results/R3_RC3_REANCHOR/R3_RC3_ENV_MISMATCH_BOUNDARY/_env/E2_shift150m_plus2_f338.flp,5335b353471ac339fde2e0c465d75f1f2c7793b84a2bf1ce792cdc69c419516b,0eca903753e797673b36b3c8063560c5b27e396b06bc3fb482da875e5f4e0567,d7bcc9d9eb37fbb10fb5d28f8a04380780e5f5fc,True
results/R3_RC3_REANCHOR/R3_RC3_ENV_MISMATCH_BOUNDARY/_env/E2_shift150m_plus2_f338.mod,a37baa9302b6c591d7b0b0b4c28a99057e05cc6018a5439e1691a0bb582cc2bf,a37baa9302b6c591d7b0b0b4c28a99057e05cc6018a5439e1691a0bb582cc2bf,924d2d36599fe1b6c435d7c569e9192befd67858,False
results/R3_RC3_REANCHOR/R3_RC3_ENV_MISMATCH_BOUNDARY/_env/E2_shift150m_plus2_f338.prt,211107a8eab884cc409ec2f9e4ff838b1580f548dbfb47a5e9fe3207c8540a6c,eb42cc2794338815815721d29bec19962c5f7efa4a74647a07b1fc2589cd1788,07ad3c7f9491154835fcca5f8ad12f8f39300d6d,True
results/R3_RC3_REANCHOR/R3_RC3_ENV_MISMATCH_BOUNDARY/_env/E2_shift150m_plus2_f338.shd,4b751a7edcdf74cdba7be2b1d929f3c37772ca25d997e205cab301ba8aacdeed,4b751a7edcdf74cdba7be2b1d929f3c37772ca25d997e205cab301ba8aacdeed,76ce0efb2e67a4d4dda4fa1caf7a37a4d2820b1c,False
results/R3_RC3_REANCHOR/R3_RC3_ENV_MISMATCH_BOUNDARY/_env/field.prt,e1db442fe6074d39bd01e7c9904be9763676d0791624124d1f79e551ff50afd0,bf9192891556b4111ebec7f5939bfd8f0c4b93fc2950830029a07b04aca23a2a,beefa5ebd1d2f2368ff4a5a9ab37233b7829e276,True
results/R3_RC3_REANCHOR/R3_RC3_ENV_MISMATCH_BOUNDARY_FIX/BASE_SSP_PARSE_INTEGRITY.csv,40f8f528cd3f37608065634e21df4262d975f988d497efad5a06682525812ddc,88642f90af0bf09dde9ed4bf02ae3f7208f29de4057c6b5eaada9560655354c2,27258f6c6ec357246b6bf7ea6ac5b2e61808dd7b,True
results/R3_RC3_REANCHOR/R3_RC3_ENV_MISMATCH_BOUNDARY_FIX/ENV_MARGIN_BY_MECHANISM_FIXED.csv,c0ca5e0bed6dca78c6888dbf25a927f05c6ab283bcf6a97db73b3693233bff2e,bcf707e97140c0ae5cf4f2cd5f6410455c500daea5201eddf15f96551c7544ca,36a85dc23e199a129cb166909d83e7003ff71e12,True
results/R3_RC3_REANCHOR/R3_RC3_ENV_MISMATCH_BOUNDARY_FIX/GPT_SYNC.md,977964abf51ce72658982b51ba8e11faf15f06563c8f41e0eae66f08e86388ee,977964abf51ce72658982b51ba8e11faf15f06563c8f41e0eae66f08e86388ee,fe8f194fd586ffc57aec98ae1e7fb93da4e600f0,False
results/R3_RC3_REANCHOR/R3_RC3_ENV_MISMATCH_BOUNDARY_FIX/PERTURBED_ENV_FORWARD_GATE_FIXED.csv,5385472ca6b92d1baa56f2f4c27ca1815f1cf66d1ccecd86cf38327453c16ab1,da60facab26cc1efeee523cd45d6781ba5453292ae9441bcbe91041486535982,d6de889d3bfca946b08a3f11b6ba467c5704b842,True
results/R3_RC3_REANCHOR/R3_RC3_ENV_MISMATCH_BOUNDARY_FIX/PERTURBED_SSP_FIXED.csv,bd7aea236d3d5999fcb3a5a00fade089cda074fe2ee7c79575ada0fd14e3d6b9,03c5b8ff7fd10d582e518d0f72286de8dbcb64cc75b6e72ded901c7a861484c0,e2441502fb11c4e03d293a35b35ab4ba09146196,True
results/R3_RC3_REANCHOR/R3_RC3_ENV_MISMATCH_BOUNDARY_FIX/PROFILED_MARGIN_VS_ENV_FIXED.csv,292d34939f5ae64275e89199dbaac55f51b3d774411db9d7b650b6fc7bf722a5,a93ee91cf1f3cd0c673fd9305c498528cb891f601bce6d0cf9abf10a9c3c0a69,2dbb4b85d19fd96045c33f16b729bed68a6d2ba4,True
results/R3_RC3_REANCHOR/R3_RC3_ENV_MISMATCH_BOUNDARY_FIX/R3_RC3_REANCHOR_4F_DECISION.json,d07af407ecf7c5c6577af25dbb81def6e477cf5695639d0fa3f868e0dc08420e,36b449f86d4b453742dff0c7ad6944c31f9aba508997769aa2ce22c2e3fc51b1,f6a4031df9fce99315433151b7b3d93ea5873b5b,True
results/R3_RC3_REANCHOR/R3_RC3_ENV_MISMATCH_BOUNDARY_FIX/R3_RC3_REANCHOR_4F_REPORT.md,b559a429c746f896625a0a6e538c9abf48240f03c052389e0782734d16099c3c,388d9638d5f11f7186c6283dca64b16154d40a5f88c9b9b2754b6c93a717da1d,011d36447ef870084d2a3dd72752de40fbd1ff41,True
results/R3_RC3_REANCHOR/R3_RC3_ENV_MISMATCH_BOUNDARY_FIX/SSP_PERTURBATION_ANCHOR_CHECK.csv,ca86132150aede6a3f05852c87d78b85d44245b48410db4e77c5f71e36367986,4efbfc98a34c43bbfa39be1687001bdce4cc19dcc29b7c1a1825e8fc2e85fa8b,e032b60c3299ab0851758f14798c5d4796caa34a,True
results/R3_RC3_REANCHOR/R3_RC3_ENV_MISMATCH_BOUNDARY_FIX/WRITTEN_ENV_ROUNDTRIP_CHECK.csv,f7571f04a503322629c609a8361a7cf6200ae49237ca739847b82ff083d955f9,7ad29b88d6f6815bc044a89831316113833c95491f89dff5b1c014f48146628f,894e2d035b94b955d851e5592bd335145c355761,True
results/R3_RC3_REANCHOR/R3_RC3_ENV_MISMATCH_BOUNDARY_FIX/_env/E1_shift50m_f201.env,dba08b86ca92aef7f92fbbf4c36ddc3ca2bae196df6a28bb32c545d738875fd7,e00a8a6e3f9bcb00dc2500439367d599c41fc436f0183168574bd76d01bfdfcd,da305125be9b0b0e0e5ae13c8195786053334d68,True
results/R3_RC3_REANCHOR/R3_RC3_ENV_MISMATCH_BOUNDARY_FIX/_env/E1_shift50m_f201.mod,570ca29666a34f8445baafaa83444dac72690c7828a02df5c5e7c1fa3b3c09aa,570ca29666a34f8445baafaa83444dac72690c7828a02df5c5e7c1fa3b3c09aa,3e8973edd394a7f27a50120312e39a06728aaf1d,False
results/R3_RC3_REANCHOR/R3_RC3_ENV_MISMATCH_BOUNDARY_FIX/_env/E1_shift50m_f201.prt,54230fb0d8b2f17c52902824a96fd346f115b121c89c9ca627f631c8fdda685b,6ab91753ab80e39a058a5a8521aaeac60c01b83bda32f869aeb55f33d5ca8d0d,8019f92cb13dbbc7fab62c807a459ef4f9066dfe,True
results/R3_RC3_REANCHOR/R3_RC3_ENV_MISMATCH_BOUNDARY_FIX/_env/E1_shift50m_f201_zs180.env,dba08b86ca92aef7f92fbbf4c36ddc3ca2bae196df6a28bb32c545d738875fd7,e00a8a6e3f9bcb00dc2500439367d599c41fc436f0183168574bd76d01bfdfcd,da305125be9b0b0e0e5ae13c8195786053334d68,True
results/R3_RC3_REANCHOR/R3_RC3_ENV_MISMATCH_BOUNDARY_FIX/_env/E1_shift50m_f201_zs180.flp,786a2696af798c44e8b1ea5fd5402cf06c661a20263c7afdea01cc7480a1aa05,eb3079ef9babf63e4a3c29a1656daf5c27be08990a02d9101a222b22540a53c0,01005c86ef29869a7c9efdf87a98853dcabf2e0d,True
results/R3_RC3_REANCHOR/R3_RC3_ENV_MISMATCH_BOUNDARY_FIX/_env/E1_shift50m_f201_zs180.mod,570ca29666a34f8445baafaa83444dac72690c7828a02df5c5e7c1fa3b3c09aa,570ca29666a34f8445baafaa83444dac72690c7828a02df5c5e7c1fa3b3c09aa,3e8973edd394a7f27a50120312e39a06728aaf1d,False
results/R3_RC3_REANCHOR/R3_RC3_ENV_MISMATCH_BOUNDARY_FIX/_env/E1_shift50m_f201_zs180.shd,b9bba760aa537736cb281f2de650bc13012bb6d95e83bbb232f606df9d9c2fa5,b9bba760aa537736cb281f2de650bc13012bb6d95e83bbb232f606df9d9c2fa5,40063f14bc4581c16b79774e11deeaebbe962fb6,False
results/R3_RC3_REANCHOR/R3_RC3_ENV_MISMATCH_BOUNDARY_FIX/_env/E1_shift50m_f201_zs200.env,dba08b86ca92aef7f92fbbf4c36ddc3ca2bae196df6a28bb32c545d738875fd7,e00a8a6e3f9bcb00dc2500439367d599c41fc436f0183168574bd76d01bfdfcd,da305125be9b0b0e0e5ae13c8195786053334d68,True
results/R3_RC3_REANCHOR/R3_RC3_ENV_MISMATCH_BOUNDARY_FIX/_env/E1_shift50m_f201_zs200.flp,5335b353471ac339fde2e0c465d75f1f2c7793b84a2bf1ce792cdc69c419516b,0eca903753e797673b36b3c8063560c5b27e396b06bc3fb482da875e5f4e0567,d7bcc9d9eb37fbb10fb5d28f8a04380780e5f5fc,True
results/R3_RC3_REANCHOR/R3_RC3_ENV_MISMATCH_BOUNDARY_FIX/_env/E1_shift50m_f201_zs200.mod,570ca29666a34f8445baafaa83444dac72690c7828a02df5c5e7c1fa3b3c09aa,570ca29666a34f8445baafaa83444dac72690c7828a02df5c5e7c1fa3b3c09aa,3e8973edd394a7f27a50120312e39a06728aaf1d,False
results/R3_RC3_REANCHOR/R3_RC3_ENV_MISMATCH_BOUNDARY_FIX/_env/E1_shift50m_f201_zs200.shd,3fa40f21fc29167c5d48c91bd5b4df1d69cd6dab103ac6370d94687b13681af0,3fa40f21fc29167c5d48c91bd5b4df1d69cd6dab103ac6370d94687b13681af0,4aecd0bb9f6a4238045362aa1f982dd7d5e5ec01,False
results/R3_RC3_REANCHOR/R3_RC3_ENV_MISMATCH_BOUNDARY_FIX/_env/E1_shift50m_f201_zs220.env,dba08b86ca92aef7f92fbbf4c36ddc3ca2bae196df6a28bb32c545d738875fd7,e00a8a6e3f9bcb00dc2500439367d599c41fc436f0183168574bd76d01bfdfcd,da305125be9b0b0e0e5ae13c8195786053334d68,True
results/R3_RC3_REANCHOR/R3_RC3_ENV_MISMATCH_BOUNDARY_FIX/_env/E1_shift50m_f201_zs220.flp,a225e15819115678ae11de61ea57886fb66ad8ff8fc5293719d87180b38d2b5f,7da0316916c346bc14d1786a5a51320c64d7895cb4f57f57263ba80852b678ce,1e47d75f507e74a265cdda026c89d2e7e52a83d2,True
results/R3_RC3_REANCHOR/R3_RC3_ENV_MISMATCH_BOUNDARY_FIX/_env/E1_shift50m_f201_zs220.mod,570ca29666a34f8445baafaa83444dac72690c7828a02df5c5e7c1fa3b3c09aa,570ca29666a34f8445baafaa83444dac72690c7828a02df5c5e7c1fa3b3c09aa,3e8973edd394a7f27a50120312e39a06728aaf1d,False
results/R3_RC3_REANCHOR/R3_RC3_ENV_MISMATCH_BOUNDARY_FIX/_env/E1_shift50m_f201_zs220.shd,2a96b972fef8e765dd01d58742b20e009a02aa82377f2a83364ff8c565985d41,2a96b972fef8e765dd01d58742b20e009a02aa82377f2a83364ff8c565985d41,3a080b491bfb38f46c93fba122f639d6a8235754,False
results/R3_RC3_REANCHOR/R3_RC3_ENV_MISMATCH_BOUNDARY_FIX/_env/E1_shift50m_f235.env,b5418b34cfe58909ab54eb400e944e7ec62a6c4ad2b94e01ddbbfd34750407b1,8d2e9c332738185ad64dbc83f863615dbabfc6de4175bab40881ac79630ab33b,16c951c2f580aacc6fd8594b76d82dbde4cb8288,True
results/R3_RC3_REANCHOR/R3_RC3_ENV_MISMATCH_BOUNDARY_FIX/_env/E1_shift50m_f235.mod,bd0102aab81fddcc0ae0115037a8a3f1d93f86a13940118483a1e255674dcd4e,bd0102aab81fddcc0ae0115037a8a3f1d93f86a13940118483a1e255674dcd4e,9dec60c280a2d77a8860d3e826a258d4edfedd73,False
results/R3_RC3_REANCHOR/R3_RC3_ENV_MISMATCH_BOUNDARY_FIX/_env/E1_shift50m_f235.prt,0aea8aa0a74105bb34ff7581ce1b22ccac27550279e6b63263914b95747b9add,bc0bcf93317e23922bf545058a864301f527db0dcbf3cf9f7d7bf48a8f7fe73d,aaa32830aa4b7844a77786e36ab05d76058d844b,True
results/R3_RC3_REANCHOR/R3_RC3_ENV_MISMATCH_BOUNDARY_FIX/_env/E1_shift50m_f235_zs180.env,b5418b34cfe58909ab54eb400e944e7ec62a6c4ad2b94e01ddbbfd34750407b1,8d2e9c332738185ad64dbc83f863615dbabfc6de4175bab40881ac79630ab33b,16c951c2f580aacc6fd8594b76d82dbde4cb8288,True
results/R3_RC3_REANCHOR/R3_RC3_ENV_MISMATCH_BOUNDARY_FIX/_env/E1_shift50m_f235_zs180.flp,786a2696af798c44e8b1ea5fd5402cf06c661a20263c7afdea01cc7480a1aa05,eb3079ef9babf63e4a3c29a1656daf5c27be08990a02d9101a222b22540a53c0,01005c86ef29869a7c9efdf87a98853dcabf2e0d,True
results/R3_RC3_REANCHOR/R3_RC3_ENV_MISMATCH_BOUNDARY_FIX/_env/E1_shift50m_f235_zs180.mod,bd0102aab81fddcc0ae0115037a8a3f1d93f86a13940118483a1e255674dcd4e,bd0102aab81fddcc0ae0115037a8a3f1d93f86a13940118483a1e255674dcd4e,9dec60c280a2d77a8860d3e826a258d4edfedd73,False
results/R3_RC3_REANCHOR/R3_RC3_ENV_MISMATCH_BOUNDARY_FIX/_env/E1_shift50m_f235_zs180.shd,8024e5c902ca70de163cdc76adfc5b24caa92b99608cec6963ecbddb3b4daa69,8024e5c902ca70de163cdc76adfc5b24caa92b99608cec6963ecbddb3b4daa69,483272e96b2638b315def5042a950fd91875dda9,False
results/R3_RC3_REANCHOR/R3_RC3_ENV_MISMATCH_BOUNDARY_FIX/_env/E1_shift50m_f235_zs200.env,b5418b34cfe58909ab54eb400e944e7ec62a6c4ad2b94e01ddbbfd34750407b1,8d2e9c332738185ad64dbc83f863615dbabfc6de4175bab40881ac79630ab33b,16c951c2f580aacc6fd8594b76d82dbde4cb8288,True
results/R3_RC3_REANCHOR/R3_RC3_ENV_MISMATCH_BOUNDARY_FIX/_env/E1_shift50m_f235_zs200.flp,5335b353471ac339fde2e0c465d75f1f2c7793b84a2bf1ce792cdc69c419516b,0eca903753e797673b36b3c8063560c5b27e396b06bc3fb482da875e5f4e0567,d7bcc9d9eb37fbb10fb5d28f8a04380780e5f5fc,True
results/R3_RC3_REANCHOR/R3_RC3_ENV_MISMATCH_BOUNDARY_FIX/_env/E1_shift50m_f235_zs200.mod,bd0102aab81fddcc0ae0115037a8a3f1d93f86a13940118483a1e255674dcd4e,bd0102aab81fddcc0ae0115037a8a3f1d93f86a13940118483a1e255674dcd4e,9dec60c280a2d77a8860d3e826a258d4edfedd73,False
results/R3_RC3_REANCHOR/R3_RC3_ENV_MISMATCH_BOUNDARY_FIX/_env/E1_shift50m_f235_zs200.shd,024b4219f011f3a81c28eddace8aebc4d7291246e7e7fad1ad3d4c8033538f3a,024b4219f011f3a81c28eddace8aebc4d7291246e7e7fad1ad3d4c8033538f3a,e62cff34f8fc95c4afc6b7e0004414100fc86e3d,False
results/R3_RC3_REANCHOR/R3_RC3_ENV_MISMATCH_BOUNDARY_FIX/_env/E1_shift50m_f235_zs220.env,b5418b34cfe58909ab54eb400e944e7ec62a6c4ad2b94e01ddbbfd34750407b1,8d2e9c332738185ad64dbc83f863615dbabfc6de4175bab40881ac79630ab33b,16c951c2f580aacc6fd8594b76d82dbde4cb8288,True
results/R3_RC3_REANCHOR/R3_RC3_ENV_MISMATCH_BOUNDARY_FIX/_env/E1_shift50m_f235_zs220.flp,a225e15819115678ae11de61ea57886fb66ad8ff8fc5293719d87180b38d2b5f,7da0316916c346bc14d1786a5a51320c64d7895cb4f57f57263ba80852b678ce,1e47d75f507e74a265cdda026c89d2e7e52a83d2,True
results/R3_RC3_REANCHOR/R3_RC3_ENV_MISMATCH_BOUNDARY_FIX/_env/E1_shift50m_f235_zs220.mod,bd0102aab81fddcc0ae0115037a8a3f1d93f86a13940118483a1e255674dcd4e,bd0102aab81fddcc0ae0115037a8a3f1d93f86a13940118483a1e255674dcd4e,9dec60c280a2d77a8860d3e826a258d4edfedd73,False
results/R3_RC3_REANCHOR/R3_RC3_ENV_MISMATCH_BOUNDARY_FIX/_env/E1_shift50m_f235_zs220.shd,4811b37a562840a26ea3488d0dad4e9592df2d830cc7513821f7d603d3bf4201,4811b37a562840a26ea3488d0dad4e9592df2d830cc7513821f7d603d3bf4201,dbf7ce33c6fa0a7386f6d56911348ec9fc924d03,False
results/R3_RC3_REANCHOR/R3_RC3_ENV_MISMATCH_BOUNDARY_FIX/_env/E1_shift50m_f283.env,285a519f4c41e68856f9edc68aaebdbdd2979978a91111344d7596043b63ceb5,750904bdddbf1dd14092dcbd76447b083ac0d3f2ba058c2f726c857e94c5d9ee,d5726078da72b7fd09248b3611e123d60089dd18,True
results/R3_RC3_REANCHOR/R3_RC3_ENV_MISMATCH_BOUNDARY_FIX/_env/E1_shift50m_f283.mod,b28202a882c45b2f344af3729ee97b6cda504fd308c3718d738e57b1394b80c1,b28202a882c45b2f344af3729ee97b6cda504fd308c3718d738e57b1394b80c1,66cc4b5dc6f8b799498a6e36b88f371a2dc87349,False
results/R3_RC3_REANCHOR/R3_RC3_ENV_MISMATCH_BOUNDARY_FIX/_env/E1_shift50m_f283.prt,9129ec350d1731ed22b9ebe0df740c528a01538b060695f4a25f26208b86d294,3adeac0e70c1628b7ca07eca2b95590ec7d0ea257d0a30ade74857fb7df58131,65fa2f9aa7536665b6f81549b6b12045d5d0cae0,True
results/R3_RC3_REANCHOR/R3_RC3_ENV_MISMATCH_BOUNDARY_FIX/_env/E1_shift50m_f283_zs180.env,285a519f4c41e68856f9edc68aaebdbdd2979978a91111344d7596043b63ceb5,750904bdddbf1dd14092dcbd76447b083ac0d3f2ba058c2f726c857e94c5d9ee,d5726078da72b7fd09248b3611e123d60089dd18,True
results/R3_RC3_REANCHOR/R3_RC3_ENV_MISMATCH_BOUNDARY_FIX/_env/E1_shift50m_f283_zs180.flp,786a2696af798c44e8b1ea5fd5402cf06c661a20263c7afdea01cc7480a1aa05,eb3079ef9babf63e4a3c29a1656daf5c27be08990a02d9101a222b22540a53c0,01005c86ef29869a7c9efdf87a98853dcabf2e0d,True
results/R3_RC3_REANCHOR/R3_RC3_ENV_MISMATCH_BOUNDARY_FIX/_env/E1_shift50m_f283_zs180.mod,b28202a882c45b2f344af3729ee97b6cda504fd308c3718d738e57b1394b80c1,b28202a882c45b2f344af3729ee97b6cda504fd308c3718d738e57b1394b80c1,66cc4b5dc6f8b799498a6e36b88f371a2dc87349,False
results/R3_RC3_REANCHOR/R3_RC3_ENV_MISMATCH_BOUNDARY_FIX/_env/E1_shift50m_f283_zs180.shd,4a32f59109f640386698e8c1f6166b9cca843aef3e2c51fef1f11a797f007a8d,4a32f59109f640386698e8c1f6166b9cca843aef3e2c51fef1f11a797f007a8d,00ffbec8086f57c370734e81839cd50e0c2c8929,False
results/R3_RC3_REANCHOR/R3_RC3_ENV_MISMATCH_BOUNDARY_FIX/_env/E1_shift50m_f283_zs200.env,285a519f4c41e68856f9edc68aaebdbdd2979978a91111344d7596043b63ceb5,750904bdddbf1dd14092dcbd76447b083ac0d3f2ba058c2f726c857e94c5d9ee,d5726078da72b7fd09248b3611e123d60089dd18,True
results/R3_RC3_REANCHOR/R3_RC3_ENV_MISMATCH_BOUNDARY_FIX/_env/E1_shift50m_f283_zs200.flp,5335b353471ac339fde2e0c465d75f1f2c7793b84a2bf1ce792cdc69c419516b,0eca903753e797673b36b3c8063560c5b27e396b06bc3fb482da875e5f4e0567,d7bcc9d9eb37fbb10fb5d28f8a04380780e5f5fc,True
results/R3_RC3_REANCHOR/R3_RC3_ENV_MISMATCH_BOUNDARY_FIX/_env/E1_shift50m_f283_zs200.mod,b28202a882c45b2f344af3729ee97b6cda504fd308c3718d738e57b1394b80c1,b28202a882c45b2f344af3729ee97b6cda504fd308c3718d738e57b1394b80c1,66cc4b5dc6f8b799498a6e36b88f371a2dc87349,False
results/R3_RC3_REANCHOR/R3_RC3_ENV_MISMATCH_BOUNDARY_FIX/_env/E1_shift50m_f283_zs200.shd,73939542f52e6298d4b15daf2a27e330cb5cc80afe39d9b0b6063728346fddcd,73939542f52e6298d4b15daf2a27e330cb5cc80afe39d9b0b6063728346fddcd,d9c20f5af11a507d0ef651f0225430cdfb816848,False
results/R3_RC3_REANCHOR/R3_RC3_ENV_MISMATCH_BOUNDARY_FIX/_env/E1_shift50m_f283_zs220.env,285a519f4c41e68856f9edc68aaebdbdd2979978a91111344d7596043b63ceb5,750904bdddbf1dd14092dcbd76447b083ac0d3f2ba058c2f726c857e94c5d9ee,d5726078da72b7fd09248b3611e123d60089dd18,True
results/R3_RC3_REANCHOR/R3_RC3_ENV_MISMATCH_BOUNDARY_FIX/_env/E1_shift50m_f283_zs220.flp,a225e15819115678ae11de61ea57886fb66ad8ff8fc5293719d87180b38d2b5f,7da0316916c346bc14d1786a5a51320c64d7895cb4f57f57263ba80852b678ce,1e47d75f507e74a265cdda026c89d2e7e52a83d2,True
results/R3_RC3_REANCHOR/R3_RC3_ENV_MISMATCH_BOUNDARY_FIX/_env/E1_shift50m_f283_zs220.mod,b28202a882c45b2f344af3729ee97b6cda504fd308c3718d738e57b1394b80c1,b28202a882c45b2f344af3729ee97b6cda504fd308c3718d738e57b1394b80c1,66cc4b5dc6f8b799498a6e36b88f371a2dc87349,False
results/R3_RC3_REANCHOR/R3_RC3_ENV_MISMATCH_BOUNDARY_FIX/_env/E1_shift50m_f283_zs220.shd,ccba77959f4c145cefce333c2e195d923a9e2975841408662d467cd7ba394b8e,ccba77959f4c145cefce333c2e195d923a9e2975841408662d467cd7ba394b8e,8fab5de29229443377f423c80c8070fcce7abe02,False
results/R3_RC3_REANCHOR/R3_RC3_ENV_MISMATCH_BOUNDARY_FIX/_env/E1_shift50m_f338.env,e8e0ae1eda07c27e574004461388fe69452a43adae606bbd6a3bfd2f863d296b,ee64e35a63ff0f5e842503603d4b941517c103ea65eb642d9de028a7e145e544,049dc613810823a3cae7f0170bc676394f7b6049,True
results/R3_RC3_REANCHOR/R3_RC3_ENV_MISMATCH_BOUNDARY_FIX/_env/E1_shift50m_f338.mod,b683e857e59754a645d724571f03cbf00a8ac0edd9a9ebb2ca33b4d10a8ac418,b683e857e59754a645d724571f03cbf00a8ac0edd9a9ebb2ca33b4d10a8ac418,e78d11f77cd34a956420edf8074e022c786de794,False
results/R3_RC3_REANCHOR/R3_RC3_ENV_MISMATCH_BOUNDARY_FIX/_env/E1_shift50m_f338.prt,f67a2cf2935c2a219c1a5e1c2dabbf04b886231f350cc2118b9c97d2fafbe502,a3d727d68877dcd010ecd1f5b5a00e7f055262290dddc0724759491e7086b772,70a7d5ba7189ac0a0e66804039e16ad731d639d6,True
results/R3_RC3_REANCHOR/R3_RC3_ENV_MISMATCH_BOUNDARY_FIX/_env/E1_shift50m_f338_zs180.env,e8e0ae1eda07c27e574004461388fe69452a43adae606bbd6a3bfd2f863d296b,ee64e35a63ff0f5e842503603d4b941517c103ea65eb642d9de028a7e145e544,049dc613810823a3cae7f0170bc676394f7b6049,True
results/R3_RC3_REANCHOR/R3_RC3_ENV_MISMATCH_BOUNDARY_FIX/_env/E1_shift50m_f338_zs180.flp,786a2696af798c44e8b1ea5fd5402cf06c661a20263c7afdea01cc7480a1aa05,eb3079ef9babf63e4a3c29a1656daf5c27be08990a02d9101a222b22540a53c0,01005c86ef29869a7c9efdf87a98853dcabf2e0d,True
results/R3_RC3_REANCHOR/R3_RC3_ENV_MISMATCH_BOUNDARY_FIX/_env/E1_shift50m_f338_zs180.mod,b683e857e59754a645d724571f03cbf00a8ac0edd9a9ebb2ca33b4d10a8ac418,b683e857e59754a645d724571f03cbf00a8ac0edd9a9ebb2ca33b4d10a8ac418,e78d11f77cd34a956420edf8074e022c786de794,False
results/R3_RC3_REANCHOR/R3_RC3_ENV_MISMATCH_BOUNDARY_FIX/_env/E1_shift50m_f338_zs180.shd,0ad817fb3cdfa1377679546a3a2fc23af3a11dc224dd94fe6f2a974335aebe68,0ad817fb3cdfa1377679546a3a2fc23af3a11dc224dd94fe6f2a974335aebe68,6cc8ca4604df52933a62ab6b5da52e43881ab610,False
results/R3_RC3_REANCHOR/R3_RC3_ENV_MISMATCH_BOUNDARY_FIX/_env/E1_shift50m_f338_zs200.env,e8e0ae1eda07c27e574004461388fe69452a43adae606bbd6a3bfd2f863d296b,ee64e35a63ff0f5e842503603d4b941517c103ea65eb642d9de028a7e145e544,049dc613810823a3cae7f0170bc676394f7b6049,True
results/R3_RC3_REANCHOR/R3_RC3_ENV_MISMATCH_BOUNDARY_FIX/_env/E1_shift50m_f338_zs200.flp,5335b353471ac339fde2e0c465d75f1f2c7793b84a2bf1ce792cdc69c419516b,0eca903753e797673b36b3c8063560c5b27e396b06bc3fb482da875e5f4e0567,d7bcc9d9eb37fbb10fb5d28f8a04380780e5f5fc,True
results/R3_RC3_REANCHOR/R3_RC3_ENV_MISMATCH_BOUNDARY_FIX/_env/E1_shift50m_f338_zs200.mod,b683e857e59754a645d724571f03cbf00a8ac0edd9a9ebb2ca33b4d10a8ac418,b683e857e59754a645d724571f03cbf00a8ac0edd9a9ebb2ca33b4d10a8ac418,e78d11f77cd34a956420edf8074e022c786de794,False
results/R3_RC3_REANCHOR/R3_RC3_ENV_MISMATCH_BOUNDARY_FIX/_env/E1_shift50m_f338_zs200.shd,b5e30a86aa48553ae44d3d63f5fa519cec3f48ce8e823c244c83b60ce52dfd4f,b5e30a86aa48553ae44d3d63f5fa519cec3f48ce8e823c244c83b60ce52dfd4f,a2fed8e0580fed42f64d09c8b80e2bc73fab9c0c,False
results/R3_RC3_REANCHOR/R3_RC3_ENV_MISMATCH_BOUNDARY_FIX/_env/E1_shift50m_f338_zs220.env,e8e0ae1eda07c27e574004461388fe69452a43adae606bbd6a3bfd2f863d296b,ee64e35a63ff0f5e842503603d4b941517c103ea65eb642d9de028a7e145e544,049dc613810823a3cae7f0170bc676394f7b6049,True
results/R3_RC3_REANCHOR/R3_RC3_ENV_MISMATCH_BOUNDARY_FIX/_env/E1_shift50m_f338_zs220.flp,a225e15819115678ae11de61ea57886fb66ad8ff8fc5293719d87180b38d2b5f,7da0316916c346bc14d1786a5a51320c64d7895cb4f57f57263ba80852b678ce,1e47d75f507e74a265cdda026c89d2e7e52a83d2,True
results/R3_RC3_REANCHOR/R3_RC3_ENV_MISMATCH_BOUNDARY_FIX/_env/E1_shift50m_f338_zs220.mod,b683e857e59754a645d724571f03cbf00a8ac0edd9a9ebb2ca33b4d10a8ac418,b683e857e59754a645d724571f03cbf00a8ac0edd9a9ebb2ca33b4d10a8ac418,e78d11f77cd34a956420edf8074e022c786de794,False
results/R3_RC3_REANCHOR/R3_RC3_ENV_MISMATCH_BOUNDARY_FIX/_env/E1_shift50m_f338_zs220.shd,01ed6442b41433ab2fd0bff76a3f9b3e7824af0dd051ba653375ef8708ed4d36,01ed6442b41433ab2fd0bff76a3f9b3e7824af0dd051ba653375ef8708ed4d36,253631a01fe334dd504b9d0e4973b43fad4e53f8,False
results/R3_RC3_REANCHOR/R3_RC3_ENV_MISMATCH_BOUNDARY_FIX/_env/E2_shift150m_plus2_f201.env,94fb3a9d558493a9402343ab0008d65f1c8682481d70b3606b66f6acbd7152a9,2edd4cedd12c07ee69fd55d94678c488b0367b3137f49326646a5847e5ced883,31283846b01c4e23df38f1d38b40fe7ca98b6df9,True
results/R3_RC3_REANCHOR/R3_RC3_ENV_MISMATCH_BOUNDARY_FIX/_env/E2_shift150m_plus2_f201.mod,85a28ec7fb80907b66a48f38ccb35e1b93ad05146a1f9fab3681849a645c34ed,85a28ec7fb80907b66a48f38ccb35e1b93ad05146a1f9fab3681849a645c34ed,3f69eed54d7d40e5db8e9c17780dc73571ae370f,False
results/R3_RC3_REANCHOR/R3_RC3_ENV_MISMATCH_BOUNDARY_FIX/_env/E2_shift150m_plus2_f201.prt,82def1947f58bf02f7cb70d2acbdd2bcc579a2f1e54889b6c66e31e89e23f1c2,b3bc3be4b7fb3708fdf1f9cdf587f1ee5a3868334b4f2294c1923d67afa7b077,73a28fff5e386a9a74ca4c8b2e3165fefaeb2f7e,True
results/R3_RC3_REANCHOR/R3_RC3_ENV_MISMATCH_BOUNDARY_FIX/_env/E2_shift150m_plus2_f201_zs180.env,94fb3a9d558493a9402343ab0008d65f1c8682481d70b3606b66f6acbd7152a9,2edd4cedd12c07ee69fd55d94678c488b0367b3137f49326646a5847e5ced883,31283846b01c4e23df38f1d38b40fe7ca98b6df9,True
results/R3_RC3_REANCHOR/R3_RC3_ENV_MISMATCH_BOUNDARY_FIX/_env/E2_shift150m_plus2_f201_zs180.flp,786a2696af798c44e8b1ea5fd5402cf06c661a20263c7afdea01cc7480a1aa05,eb3079ef9babf63e4a3c29a1656daf5c27be08990a02d9101a222b22540a53c0,01005c86ef29869a7c9efdf87a98853dcabf2e0d,True
results/R3_RC3_REANCHOR/R3_RC3_ENV_MISMATCH_BOUNDARY_FIX/_env/E2_shift150m_plus2_f201_zs180.mod,85a28ec7fb80907b66a48f38ccb35e1b93ad05146a1f9fab3681849a645c34ed,85a28ec7fb80907b66a48f38ccb35e1b93ad05146a1f9fab3681849a645c34ed,3f69eed54d7d40e5db8e9c17780dc73571ae370f,False
results/R3_RC3_REANCHOR/R3_RC3_ENV_MISMATCH_BOUNDARY_FIX/_env/E2_shift150m_plus2_f201_zs180.shd,69df332505a4ac3b8cdfd41422a6c0de0b5dd2468867f6abe45542f5a6995424,69df332505a4ac3b8cdfd41422a6c0de0b5dd2468867f6abe45542f5a6995424,4204a5a6813b3343b02d5c2f955ff6f1540b4cad,False
results/R3_RC3_REANCHOR/R3_RC3_ENV_MISMATCH_BOUNDARY_FIX/_env/E2_shift150m_plus2_f201_zs200.env,94fb3a9d558493a9402343ab0008d65f1c8682481d70b3606b66f6acbd7152a9,2edd4cedd12c07ee69fd55d94678c488b0367b3137f49326646a5847e5ced883,31283846b01c4e23df38f1d38b40fe7ca98b6df9,True
results/R3_RC3_REANCHOR/R3_RC3_ENV_MISMATCH_BOUNDARY_FIX/_env/E2_shift150m_plus2_f201_zs200.flp,5335b353471ac339fde2e0c465d75f1f2c7793b84a2bf1ce792cdc69c419516b,0eca903753e797673b36b3c8063560c5b27e396b06bc3fb482da875e5f4e0567,d7bcc9d9eb37fbb10fb5d28f8a04380780e5f5fc,True
results/R3_RC3_REANCHOR/R3_RC3_ENV_MISMATCH_BOUNDARY_FIX/_env/E2_shift150m_plus2_f201_zs200.mod,85a28ec7fb80907b66a48f38ccb35e1b93ad05146a1f9fab3681849a645c34ed,85a28ec7fb80907b66a48f38ccb35e1b93ad05146a1f9fab3681849a645c34ed,3f69eed54d7d40e5db8e9c17780dc73571ae370f,False
results/R3_RC3_REANCHOR/R3_RC3_ENV_MISMATCH_BOUNDARY_FIX/_env/E2_shift150m_plus2_f201_zs200.shd,455e5a298a78318cfa6ce0f3f450553dbd0fd5edec7b21a3ebe6401d5c0d2953,455e5a298a78318cfa6ce0f3f450553dbd0fd5edec7b21a3ebe6401d5c0d2953,e19471256921415e92fcc4616e0da030670272c1,False
results/R3_RC3_REANCHOR/R3_RC3_ENV_MISMATCH_BOUNDARY_FIX/_env/E2_shift150m_plus2_f201_zs220.env,94fb3a9d558493a9402343ab0008d65f1c8682481d70b3606b66f6acbd7152a9,2edd4cedd12c07ee69fd55d94678c488b0367b3137f49326646a5847e5ced883,31283846b01c4e23df38f1d38b40fe7ca98b6df9,True
results/R3_RC3_REANCHOR/R3_RC3_ENV_MISMATCH_BOUNDARY_FIX/_env/E2_shift150m_plus2_f201_zs220.flp,a225e15819115678ae11de61ea57886fb66ad8ff8fc5293719d87180b38d2b5f,7da0316916c346bc14d1786a5a51320c64d7895cb4f57f57263ba80852b678ce,1e47d75f507e74a265cdda026c89d2e7e52a83d2,True
results/R3_RC3_REANCHOR/R3_RC3_ENV_MISMATCH_BOUNDARY_FIX/_env/E2_shift150m_plus2_f201_zs220.mod,85a28ec7fb80907b66a48f38ccb35e1b93ad05146a1f9fab3681849a645c34ed,85a28ec7fb80907b66a48f38ccb35e1b93ad05146a1f9fab3681849a645c34ed,3f69eed54d7d40e5db8e9c17780dc73571ae370f,False
results/R3_RC3_REANCHOR/R3_RC3_ENV_MISMATCH_BOUNDARY_FIX/_env/E2_shift150m_plus2_f201_zs220.shd,fb3883f07911d26ac08544a177d0895d5c0e760b60844ab9409a44c89abcdb43,fb3883f07911d26ac08544a177d0895d5c0e760b60844ab9409a44c89abcdb43,a19379cddc42d0785c435045d78db3a9e3017488,False
results/R3_RC3_REANCHOR/R3_RC3_ENV_MISMATCH_BOUNDARY_FIX/_env/E2_shift150m_plus2_f235.env,e59b5d9c7032fc189dff3d33fba62c6481302352b6a6e39a4eab6ad65179666a,a13fc8bed339c415718b524292aca3a17f4aed17c829d875633f88e610b95d90,d8c74cf050d1ff8cc5c426b31e6c18069847b639,True
results/R3_RC3_REANCHOR/R3_RC3_ENV_MISMATCH_BOUNDARY_FIX/_env/E2_shift150m_plus2_f235.mod,d915f900e4e9911a2b2fe9e04eae776e69787a928ca622921f2f7a419742c693,d915f900e4e9911a2b2fe9e04eae776e69787a928ca622921f2f7a419742c693,6e0f3ba54c1cbad9050dadcc130bf53b0e9cd2f6,False
results/R3_RC3_REANCHOR/R3_RC3_ENV_MISMATCH_BOUNDARY_FIX/_env/E2_shift150m_plus2_f235.prt,1b3d4dd98cd7869fd81133ecc1ca1853d4f62628f44a808c6b06b7b65113ec2e,91c68172bd3125b2a4c276ae8ce1241283c9e5b774bd6986e3d6a61965dac1d3,258ed8b327ae3ea66afa00cb657ac2ecbde8183b,True
results/R3_RC3_REANCHOR/R3_RC3_ENV_MISMATCH_BOUNDARY_FIX/_env/E2_shift150m_plus2_f235_zs180.env,e59b5d9c7032fc189dff3d33fba62c6481302352b6a6e39a4eab6ad65179666a,a13fc8bed339c415718b524292aca3a17f4aed17c829d875633f88e610b95d90,d8c74cf050d1ff8cc5c426b31e6c18069847b639,True
results/R3_RC3_REANCHOR/R3_RC3_ENV_MISMATCH_BOUNDARY_FIX/_env/E2_shift150m_plus2_f235_zs180.flp,786a2696af798c44e8b1ea5fd5402cf06c661a20263c7afdea01cc7480a1aa05,eb3079ef9babf63e4a3c29a1656daf5c27be08990a02d9101a222b22540a53c0,01005c86ef29869a7c9efdf87a98853dcabf2e0d,True
results/R3_RC3_REANCHOR/R3_RC3_ENV_MISMATCH_BOUNDARY_FIX/_env/E2_shift150m_plus2_f235_zs180.mod,d915f900e4e9911a2b2fe9e04eae776e69787a928ca622921f2f7a419742c693,d915f900e4e9911a2b2fe9e04eae776e69787a928ca622921f2f7a419742c693,6e0f3ba54c1cbad9050dadcc130bf53b0e9cd2f6,False
results/R3_RC3_REANCHOR/R3_RC3_ENV_MISMATCH_BOUNDARY_FIX/_env/E2_shift150m_plus2_f235_zs180.shd,ed472e0f7fe6048452801faa885fbb6b1497d324e595f0896b601eb33af35035,ed472e0f7fe6048452801faa885fbb6b1497d324e595f0896b601eb33af35035,3dce5d1049b9fb8c6774855d58a53d7f299b5729,False
results/R3_RC3_REANCHOR/R3_RC3_ENV_MISMATCH_BOUNDARY_FIX/_env/E2_shift150m_plus2_f235_zs200.env,e59b5d9c7032fc189dff3d33fba62c6481302352b6a6e39a4eab6ad65179666a,a13fc8bed339c415718b524292aca3a17f4aed17c829d875633f88e610b95d90,d8c74cf050d1ff8cc5c426b31e6c18069847b639,True
results/R3_RC3_REANCHOR/R3_RC3_ENV_MISMATCH_BOUNDARY_FIX/_env/E2_shift150m_plus2_f235_zs200.flp,5335b353471ac339fde2e0c465d75f1f2c7793b84a2bf1ce792cdc69c419516b,0eca903753e797673b36b3c8063560c5b27e396b06bc3fb482da875e5f4e0567,d7bcc9d9eb37fbb10fb5d28f8a04380780e5f5fc,True
results/R3_RC3_REANCHOR/R3_RC3_ENV_MISMATCH_BOUNDARY_FIX/_env/E2_shift150m_plus2_f235_zs200.mod,d915f900e4e9911a2b2fe9e04eae776e69787a928ca622921f2f7a419742c693,d915f900e4e9911a2b2fe9e04eae776e69787a928ca622921f2f7a419742c693,6e0f3ba54c1cbad9050dadcc130bf53b0e9cd2f6,False
results/R3_RC3_REANCHOR/R3_RC3_ENV_MISMATCH_BOUNDARY_FIX/_env/E2_shift150m_plus2_f235_zs200.shd,7c0a5a671cbaf04d71594484929246ab44f962c2a50e6360b9cf00e5ec69f5aa,7c0a5a671cbaf04d71594484929246ab44f962c2a50e6360b9cf00e5ec69f5aa,b19439e1c1794bbec4dca9363cdab3fc9571f602,False
results/R3_RC3_REANCHOR/R3_RC3_ENV_MISMATCH_BOUNDARY_FIX/_env/E2_shift150m_plus2_f235_zs220.env,e59b5d9c7032fc189dff3d33fba62c6481302352b6a6e39a4eab6ad65179666a,a13fc8bed339c415718b524292aca3a17f4aed17c829d875633f88e610b95d90,d8c74cf050d1ff8cc5c426b31e6c18069847b639,True
results/R3_RC3_REANCHOR/R3_RC3_ENV_MISMATCH_BOUNDARY_FIX/_env/E2_shift150m_plus2_f235_zs220.flp,a225e15819115678ae11de61ea57886fb66ad8ff8fc5293719d87180b38d2b5f,7da0316916c346bc14d1786a5a51320c64d7895cb4f57f57263ba80852b678ce,1e47d75f507e74a265cdda026c89d2e7e52a83d2,True
results/R3_RC3_REANCHOR/R3_RC3_ENV_MISMATCH_BOUNDARY_FIX/_env/E2_shift150m_plus2_f235_zs220.mod,d915f900e4e9911a2b2fe9e04eae776e69787a928ca622921f2f7a419742c693,d915f900e4e9911a2b2fe9e04eae776e69787a928ca622921f2f7a419742c693,6e0f3ba54c1cbad9050dadcc130bf53b0e9cd2f6,False
results/R3_RC3_REANCHOR/R3_RC3_ENV_MISMATCH_BOUNDARY_FIX/_env/E2_shift150m_plus2_f235_zs220.shd,60b34fd235ca71c7c609a5f2e26cca9fb4e6a24e6eaca60ad85a48db2d79e0c0,60b34fd235ca71c7c609a5f2e26cca9fb4e6a24e6eaca60ad85a48db2d79e0c0,5b7cc31c4808e14f12ee85af51ce2c045fbdc492,False
results/R3_RC3_REANCHOR/R3_RC3_ENV_MISMATCH_BOUNDARY_FIX/_env/E2_shift150m_plus2_f283.env,cb9c5b71c2afcc37a56a37ee9bd2d1eff12c7b4b8a5493c08fb015c57c57ac20,2f3ca73a7c0190f7686fe2fc51913b3213de9977b3b603c53d7097bcc6aed90f,9e75d616d1993dcf342106e4846ee5c3a8050fa0,True
results/R3_RC3_REANCHOR/R3_RC3_ENV_MISMATCH_BOUNDARY_FIX/_env/E2_shift150m_plus2_f283.mod,d72029404acbe96cc60985a45aa1226842ec600ef4597ca339d8ec20eb53bbc0,d72029404acbe96cc60985a45aa1226842ec600ef4597ca339d8ec20eb53bbc0,28134f01e411e6d1fe665d3d215d174c615d1437,False
results/R3_RC3_REANCHOR/R3_RC3_ENV_MISMATCH_BOUNDARY_FIX/_env/E2_shift150m_plus2_f283.prt,3bce835a0e2bb8138f4ee3b577bfa62f485b0d2c78e04c6947594bc41ab3cacd,1b25f68d23d2e3fbd4c2e89c6ad56c3281eeaf931a370d6619018227a8a6e849,2db53007bdaf3c540ab7901cf0a0e95982a3d1f8,True
results/R3_RC3_REANCHOR/R3_RC3_ENV_MISMATCH_BOUNDARY_FIX/_env/E2_shift150m_plus2_f283_zs180.env,cb9c5b71c2afcc37a56a37ee9bd2d1eff12c7b4b8a5493c08fb015c57c57ac20,2f3ca73a7c0190f7686fe2fc51913b3213de9977b3b603c53d7097bcc6aed90f,9e75d616d1993dcf342106e4846ee5c3a8050fa0,True
results/R3_RC3_REANCHOR/R3_RC3_ENV_MISMATCH_BOUNDARY_FIX/_env/E2_shift150m_plus2_f283_zs180.flp,786a2696af798c44e8b1ea5fd5402cf06c661a20263c7afdea01cc7480a1aa05,eb3079ef9babf63e4a3c29a1656daf5c27be08990a02d9101a222b22540a53c0,01005c86ef29869a7c9efdf87a98853dcabf2e0d,True
results/R3_RC3_REANCHOR/R3_RC3_ENV_MISMATCH_BOUNDARY_FIX/_env/E2_shift150m_plus2_f283_zs180.mod,d72029404acbe96cc60985a45aa1226842ec600ef4597ca339d8ec20eb53bbc0,d72029404acbe96cc60985a45aa1226842ec600ef4597ca339d8ec20eb53bbc0,28134f01e411e6d1fe665d3d215d174c615d1437,False
results/R3_RC3_REANCHOR/R3_RC3_ENV_MISMATCH_BOUNDARY_FIX/_env/E2_shift150m_plus2_f283_zs180.shd,0ff4ae5ced362e3355687a688a7372a2a01f018b95bebacab689bd472758bae7,0ff4ae5ced362e3355687a688a7372a2a01f018b95bebacab689bd472758bae7,d1837af462eb900917d8d2967a2a591978e42546,False
results/R3_RC3_REANCHOR/R3_RC3_ENV_MISMATCH_BOUNDARY_FIX/_env/E2_shift150m_plus2_f283_zs200.env,cb9c5b71c2afcc37a56a37ee9bd2d1eff12c7b4b8a5493c08fb015c57c57ac20,2f3ca73a7c0190f7686fe2fc51913b3213de9977b3b603c53d7097bcc6aed90f,9e75d616d1993dcf342106e4846ee5c3a8050fa0,True
results/R3_RC3_REANCHOR/R3_RC3_ENV_MISMATCH_BOUNDARY_FIX/_env/E2_shift150m_plus2_f283_zs200.flp,5335b353471ac339fde2e0c465d75f1f2c7793b84a2bf1ce792cdc69c419516b,0eca903753e797673b36b3c8063560c5b27e396b06bc3fb482da875e5f4e0567,d7bcc9d9eb37fbb10fb5d28f8a04380780e5f5fc,True
results/R3_RC3_REANCHOR/R3_RC3_ENV_MISMATCH_BOUNDARY_FIX/_env/E2_shift150m_plus2_f283_zs200.mod,d72029404acbe96cc60985a45aa1226842ec600ef4597ca339d8ec20eb53bbc0,d72029404acbe96cc60985a45aa1226842ec600ef4597ca339d8ec20eb53bbc0,28134f01e411e6d1fe665d3d215d174c615d1437,False
results/R3_RC3_REANCHOR/R3_RC3_ENV_MISMATCH_BOUNDARY_FIX/_env/E2_shift150m_plus2_f283_zs200.shd,f739d06427bf5699e900666da26db53340ae85031dad3a2fd22d103b4d4c4a25,f739d06427bf5699e900666da26db53340ae85031dad3a2fd22d103b4d4c4a25,88af38f2c2753cf32a6c6305d78f501658ed24f9,False
results/R3_RC3_REANCHOR/R3_RC3_ENV_MISMATCH_BOUNDARY_FIX/_env/E2_shift150m_plus2_f283_zs220.env,cb9c5b71c2afcc37a56a37ee9bd2d1eff12c7b4b8a5493c08fb015c57c57ac20,2f3ca73a7c0190f7686fe2fc51913b3213de9977b3b603c53d7097bcc6aed90f,9e75d616d1993dcf342106e4846ee5c3a8050fa0,True
results/R3_RC3_REANCHOR/R3_RC3_ENV_MISMATCH_BOUNDARY_FIX/_env/E2_shift150m_plus2_f283_zs220.flp,a225e15819115678ae11de61ea57886fb66ad8ff8fc5293719d87180b38d2b5f,7da0316916c346bc14d1786a5a51320c64d7895cb4f57f57263ba80852b678ce,1e47d75f507e74a265cdda026c89d2e7e52a83d2,True
results/R3_RC3_REANCHOR/R3_RC3_ENV_MISMATCH_BOUNDARY_FIX/_env/E2_shift150m_plus2_f283_zs220.mod,d72029404acbe96cc60985a45aa1226842ec600ef4597ca339d8ec20eb53bbc0,d72029404acbe96cc60985a45aa1226842ec600ef4597ca339d8ec20eb53bbc0,28134f01e411e6d1fe665d3d215d174c615d1437,False
results/R3_RC3_REANCHOR/R3_RC3_ENV_MISMATCH_BOUNDARY_FIX/_env/E2_shift150m_plus2_f283_zs220.shd,2da9c207b1b797e623c3fafd97de9349b602c33aca300eb309eef8f6f88740f4,2da9c207b1b797e623c3fafd97de9349b602c33aca300eb309eef8f6f88740f4,f3b86ecb9a5eb3d848d3e7555033e49545b02b96,False
results/R3_RC3_REANCHOR/R3_RC3_ENV_MISMATCH_BOUNDARY_FIX/_env/E2_shift150m_plus2_f338.env,b9e3af6254eef8cc4a7224e755221c8f4bb31f2a8b209529a1950f8d64181bfa,31f8f3c644f30be2ea5778afef4171a97fe690b3c466e4a645a2bb4fb670dd8c,98ae3bddf0eac8dbb87fa484010332ba196caa5d,True
results/R3_RC3_REANCHOR/R3_RC3_ENV_MISMATCH_BOUNDARY_FIX/_env/E2_shift150m_plus2_f338.mod,e6759913f9b7b6cd754c214293767f20120912bc0df7c9001aa9442d21b81a5c,e6759913f9b7b6cd754c214293767f20120912bc0df7c9001aa9442d21b81a5c,8abc90cf5dd889357ed3f044b760c6d5b84af2a7,False
results/R3_RC3_REANCHOR/R3_RC3_ENV_MISMATCH_BOUNDARY_FIX/_env/E2_shift150m_plus2_f338.prt,dc2317f12cd40c38fca97798835ffe8d6255ca8743a8ff23e8c585da579000a8,733ec632057f015c8ab20b5d05bda8ab1c6956203a6e5d7136bc663dd7910e3e,df2ed242942980206027a56f293b13aaffa130cd,True
results/R3_RC3_REANCHOR/R3_RC3_ENV_MISMATCH_BOUNDARY_FIX/_env/E2_shift150m_plus2_f338_zs180.env,b9e3af6254eef8cc4a7224e755221c8f4bb31f2a8b209529a1950f8d64181bfa,31f8f3c644f30be2ea5778afef4171a97fe690b3c466e4a645a2bb4fb670dd8c,98ae3bddf0eac8dbb87fa484010332ba196caa5d,True
results/R3_RC3_REANCHOR/R3_RC3_ENV_MISMATCH_BOUNDARY_FIX/_env/E2_shift150m_plus2_f338_zs180.flp,786a2696af798c44e8b1ea5fd5402cf06c661a20263c7afdea01cc7480a1aa05,eb3079ef9babf63e4a3c29a1656daf5c27be08990a02d9101a222b22540a53c0,01005c86ef29869a7c9efdf87a98853dcabf2e0d,True
results/R3_RC3_REANCHOR/R3_RC3_ENV_MISMATCH_BOUNDARY_FIX/_env/E2_shift150m_plus2_f338_zs180.mod,e6759913f9b7b6cd754c214293767f20120912bc0df7c9001aa9442d21b81a5c,e6759913f9b7b6cd754c214293767f20120912bc0df7c9001aa9442d21b81a5c,8abc90cf5dd889357ed3f044b760c6d5b84af2a7,False
results/R3_RC3_REANCHOR/R3_RC3_ENV_MISMATCH_BOUNDARY_FIX/_env/E2_shift150m_plus2_f338_zs180.shd,ae3910f9f98e9ed53d6c9b4a3fbf9f5bc712e7ea82aadfadbde26a7382ad1651,ae3910f9f98e9ed53d6c9b4a3fbf9f5bc712e7ea82aadfadbde26a7382ad1651,3ab7042912f536809d0a1f03beed6525f15faf22,False
results/R3_RC3_REANCHOR/R3_RC3_ENV_MISMATCH_BOUNDARY_FIX/_env/E2_shift150m_plus2_f338_zs200.env,b9e3af6254eef8cc4a7224e755221c8f4bb31f2a8b209529a1950f8d64181bfa,31f8f3c644f30be2ea5778afef4171a97fe690b3c466e4a645a2bb4fb670dd8c,98ae3bddf0eac8dbb87fa484010332ba196caa5d,True
results/R3_RC3_REANCHOR/R3_RC3_ENV_MISMATCH_BOUNDARY_FIX/_env/E2_shift150m_plus2_f338_zs200.flp,5335b353471ac339fde2e0c465d75f1f2c7793b84a2bf1ce792cdc69c419516b,0eca903753e797673b36b3c8063560c5b27e396b06bc3fb482da875e5f4e0567,d7bcc9d9eb37fbb10fb5d28f8a04380780e5f5fc,True
results/R3_RC3_REANCHOR/R3_RC3_ENV_MISMATCH_BOUNDARY_FIX/_env/E2_shift150m_plus2_f338_zs200.mod,e6759913f9b7b6cd754c214293767f20120912bc0df7c9001aa9442d21b81a5c,e6759913f9b7b6cd754c214293767f20120912bc0df7c9001aa9442d21b81a5c,8abc90cf5dd889357ed3f044b760c6d5b84af2a7,False
results/R3_RC3_REANCHOR/R3_RC3_ENV_MISMATCH_BOUNDARY_FIX/_env/E2_shift150m_plus2_f338_zs200.shd,c02e79d41af7dfc92a1211299357b2c29f82ee08d4c0f5ab6672dc7358a05b23,c02e79d41af7dfc92a1211299357b2c29f82ee08d4c0f5ab6672dc7358a05b23,73f6e973f11998157f6e1b3d77daf811f681f3f1,False
results/R3_RC3_REANCHOR/R3_RC3_ENV_MISMATCH_BOUNDARY_FIX/_env/E2_shift150m_plus2_f338_zs220.env,b9e3af6254eef8cc4a7224e755221c8f4bb31f2a8b209529a1950f8d64181bfa,31f8f3c644f30be2ea5778afef4171a97fe690b3c466e4a645a2bb4fb670dd8c,98ae3bddf0eac8dbb87fa484010332ba196caa5d,True
results/R3_RC3_REANCHOR/R3_RC3_ENV_MISMATCH_BOUNDARY_FIX/_env/E2_shift150m_plus2_f338_zs220.flp,a225e15819115678ae11de61ea57886fb66ad8ff8fc5293719d87180b38d2b5f,7da0316916c346bc14d1786a5a51320c64d7895cb4f57f57263ba80852b678ce,1e47d75f507e74a265cdda026c89d2e7e52a83d2,True
results/R3_RC3_REANCHOR/R3_RC3_ENV_MISMATCH_BOUNDARY_FIX/_env/E2_shift150m_plus2_f338_zs220.mod,e6759913f9b7b6cd754c214293767f20120912bc0df7c9001aa9442d21b81a5c,e6759913f9b7b6cd754c214293767f20120912bc0df7c9001aa9442d21b81a5c,8abc90cf5dd889357ed3f044b760c6d5b84af2a7,False
results/R3_RC3_REANCHOR/R3_RC3_ENV_MISMATCH_BOUNDARY_FIX/_env/E2_shift150m_plus2_f338_zs220.shd,8df69966b852f7b4d29ebbf9881b644cb4c4da1f173b40eada4976ad296744fa,8df69966b852f7b4d29ebbf9881b644cb4c4da1f173b40eada4976ad296744fa,d035866bbffe1769b9cfe20e9929f17adf7dd70f,False
results/R3_RC3_REANCHOR/R3_RC3_ENV_MISMATCH_BOUNDARY_FIX/_env/field.prt,20b5b1914dcda95e37b063b3ca25de4a0676973c6d9456708c59c7479680948e,04bb94b1d42acdc85b829e7a04002292996a2e4a912c0a933bf2f8b3138df402,7d3053d7998a39702172301d3b0e800d3bc00119,True
results/R3_RC3_REANCHOR/R3_RC3_ENV_MISMATCH_BOUNDARY_FIX/_env/roundtrip.env,b5418b34cfe58909ab54eb400e944e7ec62a6c4ad2b94e01ddbbfd34750407b1,8d2e9c332738185ad64dbc83f863615dbabfc6de4175bab40881ac79630ab33b,16c951c2f580aacc6fd8594b76d82dbde4cb8288,True
results/R3_RC3_REANCHOR/R3_RC3_ENV_MISMATCH_BOUNDARY_FIX2/ENV_MARGIN_BY_MECHANISM_FIXED2.csv,a0f8b47e7110475cc305242daeddfe15c053ba99b06e37cfd9baf530b3329b03,e1a23b84a04f367e024952e05c0134088d2f974324a116a62da3bc8ad244316f,0cecf626eec276ab5d831d9e6cd6676ed4a25539,True
results/R3_RC3_REANCHOR/R3_RC3_ENV_MISMATCH_BOUNDARY_FIX2/ENV_TAIL_ROUNDTRIP_CHECK.csv,80f03c29725f04d3441e5596a2d9b22e145e6b2c5d3ed9be2798593c0ffdbf35,62166c82f399d6fcff52ad8054813073288986de8f9219affe2cc0151ebc45b1,98d894a86a7adf640d943aa5308be9f0ed01c0ef,True
results/R3_RC3_REANCHOR/R3_RC3_ENV_MISMATCH_BOUNDARY_FIX2/FIELD_DEPTH_TABULATION_WARNING_AUDIT.csv,f4694cfbb3d80ad50d365b483c174260f0b3bd7dffd6f98c79fe75450dc2243f,72139278423d9a249fff86bd733d6aae808749bb11abdf726b42bd4411e8833e,21e6baf86a377eb845a79cc2269a2e4fff427ebd,True
results/R3_RC3_REANCHOR/R3_RC3_ENV_MISMATCH_BOUNDARY_FIX2/GPT_SYNC.md,d6cf6c0ad60450d8b025112b49305a1d98a272e99c9a418b8bfb21de17aefa72,d6cf6c0ad60450d8b025112b49305a1d98a272e99c9a418b8bfb21de17aefa72,13d54d90f6f63d9d81297c1f09cfa7cc9121c3cb,False
results/R3_RC3_REANCHOR/R3_RC3_ENV_MISMATCH_BOUNDARY_FIX2/MODE_DEPTH_TABULATION_INTEGRITY.csv,8eed9f24d3cfc4ce51267fe9c9ae4da1118029a724befc63ea4e94461f52643c,f20de3174b074ce5d4452e574da239f049ad1d290b47cb0f00c289b1aefcdcd1,ebc882a88b5d24a1f1ff4ae1d9e50f7a85f0b587,True
results/R3_RC3_REANCHOR/R3_RC3_ENV_MISMATCH_BOUNDARY_FIX2/PERTURBED_ENV_FORWARD_GATE_FIXED2.csv,7fa28e53fb372573f3d05ae302a951aa025b0825fa1178629cae428ae82440e9,b60412657ba535bbc1b5d0bb63410748033f2508756767777ecaeba3c9045c2e,52e4684c9afa1365aec32b4cf64d37b503fde56e,True
results/R3_RC3_REANCHOR/R3_RC3_ENV_MISMATCH_BOUNDARY_FIX2/PROFILED_MARGIN_VS_ENV_FIXED2.csv,89ab8ab99dbbae3b10515716bc5decbce47ef565f317c42d81019af7de383865,2708f5197ee0d84808decbcb9222f194beaaa2e1e44dbe17dcd27206eab7ffb2,bef6c7dc8cddba9949955d54c1d63bdc3ab9e733,True
results/R3_RC3_REANCHOR/R3_RC3_ENV_MISMATCH_BOUNDARY_FIX2/R3_RC3_REANCHOR_4G_DECISION.json,e29d8147f10cba797fb6e0ce6fc96f3d6afa11bf1445f218fd92ee740612ec8f,80fabbb3e01a7d7839f83b31acb474c83b95a376ec1cb0da484e6ea89a9d2f4f,5f901a5952eff49e94e21272a96f1196a6eddf24,True
results/R3_RC3_REANCHOR/R3_RC3_ENV_MISMATCH_BOUNDARY_FIX2/R3_RC3_REANCHOR_4G_REPORT.md,7ddde099f0be207f884de9c1fd6de6f7502bc844b3e4ba59814755b2b5921d49,632c15c60eb9c12957ce3acd2130175325d45da2f277fec4a43033ce1b0f1de6,e4611948c78cc9f86a68d032a80b459d32ba1094,True
results/R3_RC3_REANCHOR/R3_RC3_ENV_MISMATCH_BOUNDARY_FIX2/SOURCE_DEPTH_SIGNATURE_DIAGNOSTIC.csv,1fa3dfe88d4deb515f07fd27e8bfee757c86838b89e3e4b7d6f4131a7ff6e4ba,ae834543be8b3aa59f7f5d25bc62be0a1216d62af7a276328404f265039f4c0e,12765aae7b1cc2f3d96229147badf5d31efeb089,True
results/R3_RC3_REANCHOR/R3_RC3_ENV_MISMATCH_BOUNDARY_FIX2/ZTRUE_SIGNATURE_NONREPLICATION_CHECK.csv,b0e6d46ad43601c779eaa93101cf745e5e0afc8eb17802991494b4b71254f027,d8d8fab6943e8f91bc31ca26d24becf75fafd7592ba5be3392a6bcfff767f98b,e7056010b355b0aa46dc83dce898b73e44f945a7,True
results/R3_RC3_REANCHOR/R3_RC3_ENV_MISMATCH_BOUNDARY_FIX2/_env/E1_shift50m_f201.env,51db188341452d38d9414fc7ec3b06253d2e3b83f0c91db58bddae59647db595,56ef5f9952c2770ec4d496e95e591f6394b4e47fca4405efeb71d1d04b59f0f8,483d39e5cbf79756760832bc95d49e52ec1f035d,True
results/R3_RC3_REANCHOR/R3_RC3_ENV_MISMATCH_BOUNDARY_FIX2/_env/E1_shift50m_f201.mod,34e2046ef9378366c956611a15fb4a832dbc264387cdebe43471dfdee4a0a87d,34e2046ef9378366c956611a15fb4a832dbc264387cdebe43471dfdee4a0a87d,810b0f894db9490a643c3d3606b5e9fcc2ec768c,False
results/R3_RC3_REANCHOR/R3_RC3_ENV_MISMATCH_BOUNDARY_FIX2/_env/E1_shift50m_f201.prt,bea80602ecdc434711d592753d7286c12d459d2decae3bd18646b6ce82882119,8aa5d4a323be5f39c10259db88360d857822cff1a1183810039d188fb5a93930,016b99998b9339a43238b25d8ea637c3a6dc2e8d,True
results/R3_RC3_REANCHOR/R3_RC3_ENV_MISMATCH_BOUNDARY_FIX2/_env/E1_shift50m_f201_zs180.env,51db188341452d38d9414fc7ec3b06253d2e3b83f0c91db58bddae59647db595,56ef5f9952c2770ec4d496e95e591f6394b4e47fca4405efeb71d1d04b59f0f8,483d39e5cbf79756760832bc95d49e52ec1f035d,True
results/R3_RC3_REANCHOR/R3_RC3_ENV_MISMATCH_BOUNDARY_FIX2/_env/E1_shift50m_f201_zs180.flp,786a2696af798c44e8b1ea5fd5402cf06c661a20263c7afdea01cc7480a1aa05,eb3079ef9babf63e4a3c29a1656daf5c27be08990a02d9101a222b22540a53c0,01005c86ef29869a7c9efdf87a98853dcabf2e0d,True
results/R3_RC3_REANCHOR/R3_RC3_ENV_MISMATCH_BOUNDARY_FIX2/_env/E1_shift50m_f201_zs180.mod,34e2046ef9378366c956611a15fb4a832dbc264387cdebe43471dfdee4a0a87d,34e2046ef9378366c956611a15fb4a832dbc264387cdebe43471dfdee4a0a87d,810b0f894db9490a643c3d3606b5e9fcc2ec768c,False
results/R3_RC3_REANCHOR/R3_RC3_ENV_MISMATCH_BOUNDARY_FIX2/_env/E1_shift50m_f201_zs180.shd,3715c512cf8dc92041068c1e14cdf138b59d473f79e187d76445edd1d7f9804a,3715c512cf8dc92041068c1e14cdf138b59d473f79e187d76445edd1d7f9804a,ba941328401a2ea09b3bd25e86d4ab27df95643d,False
results/R3_RC3_REANCHOR/R3_RC3_ENV_MISMATCH_BOUNDARY_FIX2/_env/E1_shift50m_f201_zs200.env,51db188341452d38d9414fc7ec3b06253d2e3b83f0c91db58bddae59647db595,56ef5f9952c2770ec4d496e95e591f6394b4e47fca4405efeb71d1d04b59f0f8,483d39e5cbf79756760832bc95d49e52ec1f035d,True
results/R3_RC3_REANCHOR/R3_RC3_ENV_MISMATCH_BOUNDARY_FIX2/_env/E1_shift50m_f201_zs200.flp,5335b353471ac339fde2e0c465d75f1f2c7793b84a2bf1ce792cdc69c419516b,0eca903753e797673b36b3c8063560c5b27e396b06bc3fb482da875e5f4e0567,d7bcc9d9eb37fbb10fb5d28f8a04380780e5f5fc,True
results/R3_RC3_REANCHOR/R3_RC3_ENV_MISMATCH_BOUNDARY_FIX2/_env/E1_shift50m_f201_zs200.mod,34e2046ef9378366c956611a15fb4a832dbc264387cdebe43471dfdee4a0a87d,34e2046ef9378366c956611a15fb4a832dbc264387cdebe43471dfdee4a0a87d,810b0f894db9490a643c3d3606b5e9fcc2ec768c,False
results/R3_RC3_REANCHOR/R3_RC3_ENV_MISMATCH_BOUNDARY_FIX2/_env/E1_shift50m_f201_zs200.shd,f0d7e47012b2451a9c4193aefb8110140f749f2fe6ef66a745d6264a9b9fbb5b,f0d7e47012b2451a9c4193aefb8110140f749f2fe6ef66a745d6264a9b9fbb5b,969e53e24858d308c4cb0c0322120fc21cba3d2b,False
results/R3_RC3_REANCHOR/R3_RC3_ENV_MISMATCH_BOUNDARY_FIX2/_env/E1_shift50m_f201_zs220.env,51db188341452d38d9414fc7ec3b06253d2e3b83f0c91db58bddae59647db595,56ef5f9952c2770ec4d496e95e591f6394b4e47fca4405efeb71d1d04b59f0f8,483d39e5cbf79756760832bc95d49e52ec1f035d,True
results/R3_RC3_REANCHOR/R3_RC3_ENV_MISMATCH_BOUNDARY_FIX2/_env/E1_shift50m_f201_zs220.flp,a225e15819115678ae11de61ea57886fb66ad8ff8fc5293719d87180b38d2b5f,7da0316916c346bc14d1786a5a51320c64d7895cb4f57f57263ba80852b678ce,1e47d75f507e74a265cdda026c89d2e7e52a83d2,True
results/R3_RC3_REANCHOR/R3_RC3_ENV_MISMATCH_BOUNDARY_FIX2/_env/E1_shift50m_f201_zs220.mod,34e2046ef9378366c956611a15fb4a832dbc264387cdebe43471dfdee4a0a87d,34e2046ef9378366c956611a15fb4a832dbc264387cdebe43471dfdee4a0a87d,810b0f894db9490a643c3d3606b5e9fcc2ec768c,False
results/R3_RC3_REANCHOR/R3_RC3_ENV_MISMATCH_BOUNDARY_FIX2/_env/E1_shift50m_f201_zs220.shd,68e313738cef1004055b4ed02b8cab1492909ab80d992821a848aca8dbea53de,68e313738cef1004055b4ed02b8cab1492909ab80d992821a848aca8dbea53de,262fb3c45250286940045b29a00ae2f8bdee1282,False
results/R3_RC3_REANCHOR/R3_RC3_ENV_MISMATCH_BOUNDARY_FIX2/_env/E1_shift50m_f235.env,4f6b86ef94e61d06976797f227c7d041a2e956d25c8a5b05af7be2726f3a34c4,f322fe9323df519bdbbd2254d2009fbfe1fae75f51995d2c1c4ab6ebfcd1edb2,34e803b2229efd507e1cb077b7a46f27c02fb257,True
results/R3_RC3_REANCHOR/R3_RC3_ENV_MISMATCH_BOUNDARY_FIX2/_env/E1_shift50m_f235.mod,2590f5670b2efd62feb814a4938de52c5643b05ca9fbcad802972172cc50c829,cb5614aaac322d04654ba9fcabe646fd07f38c5321afb5aa64861b84ea0c5ea6,1cc27658a9c7420194d7bf1aada1841a0bf2ff6c,False
results/R3_RC3_REANCHOR/R3_RC3_ENV_MISMATCH_BOUNDARY_FIX2/_env/E1_shift50m_f235.prt,436599041deaddc6376f65f5d5d7287f6fe10dc884ddc5e47164c3b098779e80,4454194c258f368db4e680e45b990e8ce5369e331fee837e2c15cc8605076035,5090a478ec843b27d38beead82bb141c31ea1b82,True
results/R3_RC3_REANCHOR/R3_RC3_ENV_MISMATCH_BOUNDARY_FIX2/_env/E1_shift50m_f235_zs180.env,4f6b86ef94e61d06976797f227c7d041a2e956d25c8a5b05af7be2726f3a34c4,f322fe9323df519bdbbd2254d2009fbfe1fae75f51995d2c1c4ab6ebfcd1edb2,34e803b2229efd507e1cb077b7a46f27c02fb257,True
results/R3_RC3_REANCHOR/R3_RC3_ENV_MISMATCH_BOUNDARY_FIX2/_env/E1_shift50m_f235_zs180.flp,786a2696af798c44e8b1ea5fd5402cf06c661a20263c7afdea01cc7480a1aa05,eb3079ef9babf63e4a3c29a1656daf5c27be08990a02d9101a222b22540a53c0,01005c86ef29869a7c9efdf87a98853dcabf2e0d,True
results/R3_RC3_REANCHOR/R3_RC3_ENV_MISMATCH_BOUNDARY_FIX2/_env/E1_shift50m_f235_zs180.mod,2590f5670b2efd62feb814a4938de52c5643b05ca9fbcad802972172cc50c829,cb5614aaac322d04654ba9fcabe646fd07f38c5321afb5aa64861b84ea0c5ea6,1cc27658a9c7420194d7bf1aada1841a0bf2ff6c,False
results/R3_RC3_REANCHOR/R3_RC3_ENV_MISMATCH_BOUNDARY_FIX2/_env/E1_shift50m_f235_zs180.shd,f2e7930d82e21cc0aab11b60722439c0141e4abdc906569677b5c40f8c98c230,f2e7930d82e21cc0aab11b60722439c0141e4abdc906569677b5c40f8c98c230,c28a7543ddca58e7e69b7f231cd58426bfc843c6,False
results/R3_RC3_REANCHOR/R3_RC3_ENV_MISMATCH_BOUNDARY_FIX2/_env/E1_shift50m_f235_zs200.env,4f6b86ef94e61d06976797f227c7d041a2e956d25c8a5b05af7be2726f3a34c4,f322fe9323df519bdbbd2254d2009fbfe1fae75f51995d2c1c4ab6ebfcd1edb2,34e803b2229efd507e1cb077b7a46f27c02fb257,True
results/R3_RC3_REANCHOR/R3_RC3_ENV_MISMATCH_BOUNDARY_FIX2/_env/E1_shift50m_f235_zs200.flp,5335b353471ac339fde2e0c465d75f1f2c7793b84a2bf1ce792cdc69c419516b,0eca903753e797673b36b3c8063560c5b27e396b06bc3fb482da875e5f4e0567,d7bcc9d9eb37fbb10fb5d28f8a04380780e5f5fc,True
results/R3_RC3_REANCHOR/R3_RC3_ENV_MISMATCH_BOUNDARY_FIX2/_env/E1_shift50m_f235_zs200.mod,2590f5670b2efd62feb814a4938de52c5643b05ca9fbcad802972172cc50c829,cb5614aaac322d04654ba9fcabe646fd07f38c5321afb5aa64861b84ea0c5ea6,1cc27658a9c7420194d7bf1aada1841a0bf2ff6c,False
results/R3_RC3_REANCHOR/R3_RC3_ENV_MISMATCH_BOUNDARY_FIX2/_env/E1_shift50m_f235_zs200.shd,2eb074f9ced6111f30f2b8da367be96a09eba54025d3f7d001fe4a4b3afe4b92,2eb074f9ced6111f30f2b8da367be96a09eba54025d3f7d001fe4a4b3afe4b92,d7a59e13072ac94aba9ac0f1ce581011cc961e01,False
results/R3_RC3_REANCHOR/R3_RC3_ENV_MISMATCH_BOUNDARY_FIX2/_env/E1_shift50m_f235_zs220.env,4f6b86ef94e61d06976797f227c7d041a2e956d25c8a5b05af7be2726f3a34c4,f322fe9323df519bdbbd2254d2009fbfe1fae75f51995d2c1c4ab6ebfcd1edb2,34e803b2229efd507e1cb077b7a46f27c02fb257,True
results/R3_RC3_REANCHOR/R3_RC3_ENV_MISMATCH_BOUNDARY_FIX2/_env/E1_shift50m_f235_zs220.flp,a225e15819115678ae11de61ea57886fb66ad8ff8fc5293719d87180b38d2b5f,7da0316916c346bc14d1786a5a51320c64d7895cb4f57f57263ba80852b678ce,1e47d75f507e74a265cdda026c89d2e7e52a83d2,True
results/R3_RC3_REANCHOR/R3_RC3_ENV_MISMATCH_BOUNDARY_FIX2/_env/E1_shift50m_f235_zs220.mod,2590f5670b2efd62feb814a4938de52c5643b05ca9fbcad802972172cc50c829,cb5614aaac322d04654ba9fcabe646fd07f38c5321afb5aa64861b84ea0c5ea6,1cc27658a9c7420194d7bf1aada1841a0bf2ff6c,False
results/R3_RC3_REANCHOR/R3_RC3_ENV_MISMATCH_BOUNDARY_FIX2/_env/E1_shift50m_f235_zs220.shd,8ae56c9db14afa144c46b5d693e5a8e7a1783ef75f846ef6fbcdf90fc2ce33a2,8ae56c9db14afa144c46b5d693e5a8e7a1783ef75f846ef6fbcdf90fc2ce33a2,614b7eea9e38eecec83c2dbafab1c1c3eb101074,False
results/R3_RC3_REANCHOR/R3_RC3_ENV_MISMATCH_BOUNDARY_FIX2/_env/E1_shift50m_f283.env,b0204c6a10fd25d66992b846ab4c8ca3404ed0b76c835b78a02ac850e291956e,0701826fc4ba2eb7fe9ed22cfddeee60bef3bcef8f626eabfb77554c61805f25,f71cccb0ef52bbcf854a65daa6ec97f18d0d8a83,True
results/R3_RC3_REANCHOR/R3_RC3_ENV_MISMATCH_BOUNDARY_FIX2/_env/E1_shift50m_f283.mod,27b304708123bf9655a8f295c237b0312de2aca2f99c84221fb762811ad66a86,27b304708123bf9655a8f295c237b0312de2aca2f99c84221fb762811ad66a86,83bfa6d036ec5ba4dc4598eb184ddde5a68cba13,False
results/R3_RC3_REANCHOR/R3_RC3_ENV_MISMATCH_BOUNDARY_FIX2/_env/E1_shift50m_f283.prt,fc17f3b5c1dfff7e1ded017ea95ad5945c49ec6a6023e05942dbe8f77ce7fedd,b0bfcefe10ee9b3d09996c7a4955c76227cf164ff750f7f788d3d3506c6998a4,1b9049241362b4e753a1035118e8569f9c0419e8,True
results/R3_RC3_REANCHOR/R3_RC3_ENV_MISMATCH_BOUNDARY_FIX2/_env/E1_shift50m_f283_zs180.env,b0204c6a10fd25d66992b846ab4c8ca3404ed0b76c835b78a02ac850e291956e,0701826fc4ba2eb7fe9ed22cfddeee60bef3bcef8f626eabfb77554c61805f25,f71cccb0ef52bbcf854a65daa6ec97f18d0d8a83,True
results/R3_RC3_REANCHOR/R3_RC3_ENV_MISMATCH_BOUNDARY_FIX2/_env/E1_shift50m_f283_zs180.flp,786a2696af798c44e8b1ea5fd5402cf06c661a20263c7afdea01cc7480a1aa05,eb3079ef9babf63e4a3c29a1656daf5c27be08990a02d9101a222b22540a53c0,01005c86ef29869a7c9efdf87a98853dcabf2e0d,True
results/R3_RC3_REANCHOR/R3_RC3_ENV_MISMATCH_BOUNDARY_FIX2/_env/E1_shift50m_f283_zs180.mod,27b304708123bf9655a8f295c237b0312de2aca2f99c84221fb762811ad66a86,27b304708123bf9655a8f295c237b0312de2aca2f99c84221fb762811ad66a86,83bfa6d036ec5ba4dc4598eb184ddde5a68cba13,False
results/R3_RC3_REANCHOR/R3_RC3_ENV_MISMATCH_BOUNDARY_FIX2/_env/E1_shift50m_f283_zs180.shd,031e6c3441958ffbfdf3b58a649f0e870cd178994291d278291741211c8ffbdc,031e6c3441958ffbfdf3b58a649f0e870cd178994291d278291741211c8ffbdc,4fe6add2818cc5e882fb8023ecfa8e8d0ee414ec,False
results/R3_RC3_REANCHOR/R3_RC3_ENV_MISMATCH_BOUNDARY_FIX2/_env/E1_shift50m_f283_zs200.env,b0204c6a10fd25d66992b846ab4c8ca3404ed0b76c835b78a02ac850e291956e,0701826fc4ba2eb7fe9ed22cfddeee60bef3bcef8f626eabfb77554c61805f25,f71cccb0ef52bbcf854a65daa6ec97f18d0d8a83,True
results/R3_RC3_REANCHOR/R3_RC3_ENV_MISMATCH_BOUNDARY_FIX2/_env/E1_shift50m_f283_zs200.flp,5335b353471ac339fde2e0c465d75f1f2c7793b84a2bf1ce792cdc69c419516b,0eca903753e797673b36b3c8063560c5b27e396b06bc3fb482da875e5f4e0567,d7bcc9d9eb37fbb10fb5d28f8a04380780e5f5fc,True
results/R3_RC3_REANCHOR/R3_RC3_ENV_MISMATCH_BOUNDARY_FIX2/_env/E1_shift50m_f283_zs200.mod,27b304708123bf9655a8f295c237b0312de2aca2f99c84221fb762811ad66a86,27b304708123bf9655a8f295c237b0312de2aca2f99c84221fb762811ad66a86,83bfa6d036ec5ba4dc4598eb184ddde5a68cba13,False
results/R3_RC3_REANCHOR/R3_RC3_ENV_MISMATCH_BOUNDARY_FIX2/_env/E1_shift50m_f283_zs200.shd,f6996105214f2995297b3a921b9476a99582cb85eb0ffcd64c11167d2b1779f1,f6996105214f2995297b3a921b9476a99582cb85eb0ffcd64c11167d2b1779f1,8693be9b5f55362f441e4a235a0da91da2f8f6dc,False
results/R3_RC3_REANCHOR/R3_RC3_ENV_MISMATCH_BOUNDARY_FIX2/_env/E1_shift50m_f283_zs220.env,b0204c6a10fd25d66992b846ab4c8ca3404ed0b76c835b78a02ac850e291956e,0701826fc4ba2eb7fe9ed22cfddeee60bef3bcef8f626eabfb77554c61805f25,f71cccb0ef52bbcf854a65daa6ec97f18d0d8a83,True
results/R3_RC3_REANCHOR/R3_RC3_ENV_MISMATCH_BOUNDARY_FIX2/_env/E1_shift50m_f283_zs220.flp,a225e15819115678ae11de61ea57886fb66ad8ff8fc5293719d87180b38d2b5f,7da0316916c346bc14d1786a5a51320c64d7895cb4f57f57263ba80852b678ce,1e47d75f507e74a265cdda026c89d2e7e52a83d2,True
results/R3_RC3_REANCHOR/R3_RC3_ENV_MISMATCH_BOUNDARY_FIX2/_env/E1_shift50m_f283_zs220.mod,27b304708123bf9655a8f295c237b0312de2aca2f99c84221fb762811ad66a86,27b304708123bf9655a8f295c237b0312de2aca2f99c84221fb762811ad66a86,83bfa6d036ec5ba4dc4598eb184ddde5a68cba13,False
results/R3_RC3_REANCHOR/R3_RC3_ENV_MISMATCH_BOUNDARY_FIX2/_env/E1_shift50m_f283_zs220.shd,42ba0a9a8183d0785db47ed67b06144c5f17958b42091fc52a3e206d202c3489,42ba0a9a8183d0785db47ed67b06144c5f17958b42091fc52a3e206d202c3489,7ba4cafa35d5d6aaf7ede36ddd0f2d306ea7b7f3,False
results/R3_RC3_REANCHOR/R3_RC3_ENV_MISMATCH_BOUNDARY_FIX2/_env/E1_shift50m_f338.env,0cd8bd69e0174bd8b40da6816f9ade510b492a747ac452f76fd05955871a055f,e6e08d0d30cb1887c608f598a307843f12a68fa1a636e40b618cadba0fac10f0,463d67ff9faa4eba81144d5bee22bdfe515e887c,True
results/R3_RC3_REANCHOR/R3_RC3_ENV_MISMATCH_BOUNDARY_FIX2/_env/E1_shift50m_f338.mod,c3bcac332e29469f7a5107721f1d481f390b60d4f603db9086371bc7d6f955bf,c3bcac332e29469f7a5107721f1d481f390b60d4f603db9086371bc7d6f955bf,a580d252d58a2fbe41a48cac2483061d9eb61471,False
results/R3_RC3_REANCHOR/R3_RC3_ENV_MISMATCH_BOUNDARY_FIX2/_env/E1_shift50m_f338.prt,05c4701d67fed6c232739f08248f61e3317932ef6cb9df0526fe64ac770d13d3,6fab972a5c71ed373a20a5e431a42d57dce8139c03e3a85d2878390c5092f84d,99e667002d1865e86f7b9c154df98e1008a88435,True
results/R3_RC3_REANCHOR/R3_RC3_ENV_MISMATCH_BOUNDARY_FIX2/_env/E1_shift50m_f338_zs180.env,0cd8bd69e0174bd8b40da6816f9ade510b492a747ac452f76fd05955871a055f,e6e08d0d30cb1887c608f598a307843f12a68fa1a636e40b618cadba0fac10f0,463d67ff9faa4eba81144d5bee22bdfe515e887c,True
results/R3_RC3_REANCHOR/R3_RC3_ENV_MISMATCH_BOUNDARY_FIX2/_env/E1_shift50m_f338_zs180.flp,786a2696af798c44e8b1ea5fd5402cf06c661a20263c7afdea01cc7480a1aa05,eb3079ef9babf63e4a3c29a1656daf5c27be08990a02d9101a222b22540a53c0,01005c86ef29869a7c9efdf87a98853dcabf2e0d,True
results/R3_RC3_REANCHOR/R3_RC3_ENV_MISMATCH_BOUNDARY_FIX2/_env/E1_shift50m_f338_zs180.mod,c3bcac332e29469f7a5107721f1d481f390b60d4f603db9086371bc7d6f955bf,c3bcac332e29469f7a5107721f1d481f390b60d4f603db9086371bc7d6f955bf,a580d252d58a2fbe41a48cac2483061d9eb61471,False
results/R3_RC3_REANCHOR/R3_RC3_ENV_MISMATCH_BOUNDARY_FIX2/_env/E1_shift50m_f338_zs180.shd,2ce44c96da99d1843aeadd5bbfe9211c17209a09dcefe6a4dc9d1c2bf2786e6a,2ce44c96da99d1843aeadd5bbfe9211c17209a09dcefe6a4dc9d1c2bf2786e6a,6fcfe939a0826b2aa4eb6487603d2140a4dd4873,False
results/R3_RC3_REANCHOR/R3_RC3_ENV_MISMATCH_BOUNDARY_FIX2/_env/E1_shift50m_f338_zs200.env,0cd8bd69e0174bd8b40da6816f9ade510b492a747ac452f76fd05955871a055f,e6e08d0d30cb1887c608f598a307843f12a68fa1a636e40b618cadba0fac10f0,463d67ff9faa4eba81144d5bee22bdfe515e887c,True
results/R3_RC3_REANCHOR/R3_RC3_ENV_MISMATCH_BOUNDARY_FIX2/_env/E1_shift50m_f338_zs200.flp,5335b353471ac339fde2e0c465d75f1f2c7793b84a2bf1ce792cdc69c419516b,0eca903753e797673b36b3c8063560c5b27e396b06bc3fb482da875e5f4e0567,d7bcc9d9eb37fbb10fb5d28f8a04380780e5f5fc,True
results/R3_RC3_REANCHOR/R3_RC3_ENV_MISMATCH_BOUNDARY_FIX2/_env/E1_shift50m_f338_zs200.mod,c3bcac332e29469f7a5107721f1d481f390b60d4f603db9086371bc7d6f955bf,c3bcac332e29469f7a5107721f1d481f390b60d4f603db9086371bc7d6f955bf,a580d252d58a2fbe41a48cac2483061d9eb61471,False
results/R3_RC3_REANCHOR/R3_RC3_ENV_MISMATCH_BOUNDARY_FIX2/_env/E1_shift50m_f338_zs200.shd,ff514ea65349d134d38fcde4728c67fe48697ae09c051e7a70afee3e17a29204,ff514ea65349d134d38fcde4728c67fe48697ae09c051e7a70afee3e17a29204,fca9fd165c455b2cc143cc716e2a4158d1306877,False
results/R3_RC3_REANCHOR/R3_RC3_ENV_MISMATCH_BOUNDARY_FIX2/_env/E1_shift50m_f338_zs220.env,0cd8bd69e0174bd8b40da6816f9ade510b492a747ac452f76fd05955871a055f,e6e08d0d30cb1887c608f598a307843f12a68fa1a636e40b618cadba0fac10f0,463d67ff9faa4eba81144d5bee22bdfe515e887c,True
results/R3_RC3_REANCHOR/R3_RC3_ENV_MISMATCH_BOUNDARY_FIX2/_env/E1_shift50m_f338_zs220.flp,a225e15819115678ae11de61ea57886fb66ad8ff8fc5293719d87180b38d2b5f,7da0316916c346bc14d1786a5a51320c64d7895cb4f57f57263ba80852b678ce,1e47d75f507e74a265cdda026c89d2e7e52a83d2,True
results/R3_RC3_REANCHOR/R3_RC3_ENV_MISMATCH_BOUNDARY_FIX2/_env/E1_shift50m_f338_zs220.mod,c3bcac332e29469f7a5107721f1d481f390b60d4f603db9086371bc7d6f955bf,c3bcac332e29469f7a5107721f1d481f390b60d4f603db9086371bc7d6f955bf,a580d252d58a2fbe41a48cac2483061d9eb61471,False
results/R3_RC3_REANCHOR/R3_RC3_ENV_MISMATCH_BOUNDARY_FIX2/_env/E1_shift50m_f338_zs220.shd,c2559b726cf30d91169ed8c5c774d5387cf8b99a893ae5a38826b54aaa02636f,c2559b726cf30d91169ed8c5c774d5387cf8b99a893ae5a38826b54aaa02636f,58d8c4c0091eef1582d568018c98bd4d58d457b2,False
results/R3_RC3_REANCHOR/R3_RC3_ENV_MISMATCH_BOUNDARY_FIX2/_env/E2_shift150m_plus2_f201.env,d688034596c380a6c358180e9e4df7a23f3548f450ce87ca3e80219ae59ff0b4,69a163741aa940e7f47a857a7c4ce922d426dda5d7af653954ac2180951f5ef9,a8414a6916e794caed9a72e20da7a541a9608ac5,True
results/R3_RC3_REANCHOR/R3_RC3_ENV_MISMATCH_BOUNDARY_FIX2/_env/E2_shift150m_plus2_f201.mod,35205df0bfd706288bfd6c5bce6846b9d95e2daeba018ef65bf690a4f472dfd6,35205df0bfd706288bfd6c5bce6846b9d95e2daeba018ef65bf690a4f472dfd6,f7cb8a21da80160ca5a243d038af74fff140d660,False
results/R3_RC3_REANCHOR/R3_RC3_ENV_MISMATCH_BOUNDARY_FIX2/_env/E2_shift150m_plus2_f201.prt,de3b30bfc4a6cecf57a1f7022d140a306d8c7de27a84321e9f8f622fce8ebf76,b1c651b9c8d1fda0ce49b40752291c29aecbba0c69e4449597c8af7489fed327,c5c286e1f7e01862a5277360f76aaeac36a71f64,True
results/R3_RC3_REANCHOR/R3_RC3_ENV_MISMATCH_BOUNDARY_FIX2/_env/E2_shift150m_plus2_f201_zs180.env,d688034596c380a6c358180e9e4df7a23f3548f450ce87ca3e80219ae59ff0b4,69a163741aa940e7f47a857a7c4ce922d426dda5d7af653954ac2180951f5ef9,a8414a6916e794caed9a72e20da7a541a9608ac5,True
results/R3_RC3_REANCHOR/R3_RC3_ENV_MISMATCH_BOUNDARY_FIX2/_env/E2_shift150m_plus2_f201_zs180.flp,786a2696af798c44e8b1ea5fd5402cf06c661a20263c7afdea01cc7480a1aa05,eb3079ef9babf63e4a3c29a1656daf5c27be08990a02d9101a222b22540a53c0,01005c86ef29869a7c9efdf87a98853dcabf2e0d,True
results/R3_RC3_REANCHOR/R3_RC3_ENV_MISMATCH_BOUNDARY_FIX2/_env/E2_shift150m_plus2_f201_zs180.mod,35205df0bfd706288bfd6c5bce6846b9d95e2daeba018ef65bf690a4f472dfd6,35205df0bfd706288bfd6c5bce6846b9d95e2daeba018ef65bf690a4f472dfd6,f7cb8a21da80160ca5a243d038af74fff140d660,False
results/R3_RC3_REANCHOR/R3_RC3_ENV_MISMATCH_BOUNDARY_FIX2/_env/E2_shift150m_plus2_f201_zs180.shd,6c71cf2f9866d69457279b572fe5b119b313105d005ca58aa2bca3163cc79b54,6c71cf2f9866d69457279b572fe5b119b313105d005ca58aa2bca3163cc79b54,9cd4d3ddd2953544dcb66d7b17e2359b10780619,False
results/R3_RC3_REANCHOR/R3_RC3_ENV_MISMATCH_BOUNDARY_FIX2/_env/E2_shift150m_plus2_f201_zs200.env,d688034596c380a6c358180e9e4df7a23f3548f450ce87ca3e80219ae59ff0b4,69a163741aa940e7f47a857a7c4ce922d426dda5d7af653954ac2180951f5ef9,a8414a6916e794caed9a72e20da7a541a9608ac5,True
results/R3_RC3_REANCHOR/R3_RC3_ENV_MISMATCH_BOUNDARY_FIX2/_env/E2_shift150m_plus2_f201_zs200.flp,5335b353471ac339fde2e0c465d75f1f2c7793b84a2bf1ce792cdc69c419516b,0eca903753e797673b36b3c8063560c5b27e396b06bc3fb482da875e5f4e0567,d7bcc9d9eb37fbb10fb5d28f8a04380780e5f5fc,True
results/R3_RC3_REANCHOR/R3_RC3_ENV_MISMATCH_BOUNDARY_FIX2/_env/E2_shift150m_plus2_f201_zs200.mod,35205df0bfd706288bfd6c5bce6846b9d95e2daeba018ef65bf690a4f472dfd6,35205df0bfd706288bfd6c5bce6846b9d95e2daeba018ef65bf690a4f472dfd6,f7cb8a21da80160ca5a243d038af74fff140d660,False
results/R3_RC3_REANCHOR/R3_RC3_ENV_MISMATCH_BOUNDARY_FIX2/_env/E2_shift150m_plus2_f201_zs200.shd,8b3233d509ba7d9c1dfdfeab3df89826a5856bffb10959ea682d0aae94ec46d5,8b3233d509ba7d9c1dfdfeab3df89826a5856bffb10959ea682d0aae94ec46d5,8134742f63a4f7af2b5e37fd173f37292e4be6a2,False
results/R3_RC3_REANCHOR/R3_RC3_ENV_MISMATCH_BOUNDARY_FIX2/_env/E2_shift150m_plus2_f201_zs220.env,d688034596c380a6c358180e9e4df7a23f3548f450ce87ca3e80219ae59ff0b4,69a163741aa940e7f47a857a7c4ce922d426dda5d7af653954ac2180951f5ef9,a8414a6916e794caed9a72e20da7a541a9608ac5,True
results/R3_RC3_REANCHOR/R3_RC3_ENV_MISMATCH_BOUNDARY_FIX2/_env/E2_shift150m_plus2_f201_zs220.flp,a225e15819115678ae11de61ea57886fb66ad8ff8fc5293719d87180b38d2b5f,7da0316916c346bc14d1786a5a51320c64d7895cb4f57f57263ba80852b678ce,1e47d75f507e74a265cdda026c89d2e7e52a83d2,True
results/R3_RC3_REANCHOR/R3_RC3_ENV_MISMATCH_BOUNDARY_FIX2/_env/E2_shift150m_plus2_f201_zs220.mod,35205df0bfd706288bfd6c5bce6846b9d95e2daeba018ef65bf690a4f472dfd6,35205df0bfd706288bfd6c5bce6846b9d95e2daeba018ef65bf690a4f472dfd6,f7cb8a21da80160ca5a243d038af74fff140d660,False
results/R3_RC3_REANCHOR/R3_RC3_ENV_MISMATCH_BOUNDARY_FIX2/_env/E2_shift150m_plus2_f201_zs220.shd,703005c99f91be883466281d823e659ed7aa810c0eb4d836c9afb9366c541b7a,703005c99f91be883466281d823e659ed7aa810c0eb4d836c9afb9366c541b7a,b9717fd5debfeae5b543b545dd71b641ccd8b344,False
results/R3_RC3_REANCHOR/R3_RC3_ENV_MISMATCH_BOUNDARY_FIX2/_env/E2_shift150m_plus2_f235.env,174447d1686358e37736836de76e5c860a67a6414085fe8a91aeba657b67cb86,97f5c07618744cffaf59aa8e26afde38fce758f4a8bb6a0d8b6d05ec29aa5f91,13c5cdf93004b7e414d6398bfffbe8284d04d3d6,True
results/R3_RC3_REANCHOR/R3_RC3_ENV_MISMATCH_BOUNDARY_FIX2/_env/E2_shift150m_plus2_f235.mod,8fefca5a633d080133efda84db7faf96e10beef8fe259f855f62009ebaada034,fe36dde2f491922c1d9d1dc00f54c0a2ae816833d9371d96b69f594ff65200a6,cbeaadb313910bd54375da3d752e3a546b598759,False
results/R3_RC3_REANCHOR/R3_RC3_ENV_MISMATCH_BOUNDARY_FIX2/_env/E2_shift150m_plus2_f235.prt,b1e2c1e15e017b2398b0d0c5fbd2a190219a26673062c6960dcce7370230c813,09b61ebf2ea29d37f67ed24b9199637c619c2707aa35bec9781914ec218ecbe3,ec48b06aa3e47f853047aeeee9b14128958c2fd7,True
results/R3_RC3_REANCHOR/R3_RC3_ENV_MISMATCH_BOUNDARY_FIX2/_env/E2_shift150m_plus2_f235_zs180.env,174447d1686358e37736836de76e5c860a67a6414085fe8a91aeba657b67cb86,97f5c07618744cffaf59aa8e26afde38fce758f4a8bb6a0d8b6d05ec29aa5f91,13c5cdf93004b7e414d6398bfffbe8284d04d3d6,True
results/R3_RC3_REANCHOR/R3_RC3_ENV_MISMATCH_BOUNDARY_FIX2/_env/E2_shift150m_plus2_f235_zs180.flp,786a2696af798c44e8b1ea5fd5402cf06c661a20263c7afdea01cc7480a1aa05,eb3079ef9babf63e4a3c29a1656daf5c27be08990a02d9101a222b22540a53c0,01005c86ef29869a7c9efdf87a98853dcabf2e0d,True
results/R3_RC3_REANCHOR/R3_RC3_ENV_MISMATCH_BOUNDARY_FIX2/_env/E2_shift150m_plus2_f235_zs180.mod,8fefca5a633d080133efda84db7faf96e10beef8fe259f855f62009ebaada034,fe36dde2f491922c1d9d1dc00f54c0a2ae816833d9371d96b69f594ff65200a6,cbeaadb313910bd54375da3d752e3a546b598759,False
results/R3_RC3_REANCHOR/R3_RC3_ENV_MISMATCH_BOUNDARY_FIX2/_env/E2_shift150m_plus2_f235_zs180.shd,a843bb532645a3c8fb9b23696dfe3ad734113e90e9fcc7d806f764774aa065ff,a843bb532645a3c8fb9b23696dfe3ad734113e90e9fcc7d806f764774aa065ff,c8463d7466cc5e5c4378c725a0eac80dc207cd8f,False
results/R3_RC3_REANCHOR/R3_RC3_ENV_MISMATCH_BOUNDARY_FIX2/_env/E2_shift150m_plus2_f235_zs200.env,174447d1686358e37736836de76e5c860a67a6414085fe8a91aeba657b67cb86,97f5c07618744cffaf59aa8e26afde38fce758f4a8bb6a0d8b6d05ec29aa5f91,13c5cdf93004b7e414d6398bfffbe8284d04d3d6,True
results/R3_RC3_REANCHOR/R3_RC3_ENV_MISMATCH_BOUNDARY_FIX2/_env/E2_shift150m_plus2_f235_zs200.flp,5335b353471ac339fde2e0c465d75f1f2c7793b84a2bf1ce792cdc69c419516b,0eca903753e797673b36b3c8063560c5b27e396b06bc3fb482da875e5f4e0567,d7bcc9d9eb37fbb10fb5d28f8a04380780e5f5fc,True
results/R3_RC3_REANCHOR/R3_RC3_ENV_MISMATCH_BOUNDARY_FIX2/_env/E2_shift150m_plus2_f235_zs200.mod,8fefca5a633d080133efda84db7faf96e10beef8fe259f855f62009ebaada034,fe36dde2f491922c1d9d1dc00f54c0a2ae816833d9371d96b69f594ff65200a6,cbeaadb313910bd54375da3d752e3a546b598759,False
results/R3_RC3_REANCHOR/R3_RC3_ENV_MISMATCH_BOUNDARY_FIX2/_env/E2_shift150m_plus2_f235_zs200.shd,27d0562e8b06f3cf2e922156e5313ffb1f7e1b39443df27e16a42defc5d89060,27d0562e8b06f3cf2e922156e5313ffb1f7e1b39443df27e16a42defc5d89060,c0b0db32602ae93bf9d26cf067c5d8b49b922c1e,False
results/R3_RC3_REANCHOR/R3_RC3_ENV_MISMATCH_BOUNDARY_FIX2/_env/E2_shift150m_plus2_f235_zs220.env,174447d1686358e37736836de76e5c860a67a6414085fe8a91aeba657b67cb86,97f5c07618744cffaf59aa8e26afde38fce758f4a8bb6a0d8b6d05ec29aa5f91,13c5cdf93004b7e414d6398bfffbe8284d04d3d6,True
results/R3_RC3_REANCHOR/R3_RC3_ENV_MISMATCH_BOUNDARY_FIX2/_env/E2_shift150m_plus2_f235_zs220.flp,a225e15819115678ae11de61ea57886fb66ad8ff8fc5293719d87180b38d2b5f,7da0316916c346bc14d1786a5a51320c64d7895cb4f57f57263ba80852b678ce,1e47d75f507e74a265cdda026c89d2e7e52a83d2,True
results/R3_RC3_REANCHOR/R3_RC3_ENV_MISMATCH_BOUNDARY_FIX2/_env/E2_shift150m_plus2_f235_zs220.mod,8fefca5a633d080133efda84db7faf96e10beef8fe259f855f62009ebaada034,fe36dde2f491922c1d9d1dc00f54c0a2ae816833d9371d96b69f594ff65200a6,cbeaadb313910bd54375da3d752e3a546b598759,False
results/R3_RC3_REANCHOR/R3_RC3_ENV_MISMATCH_BOUNDARY_FIX2/_env/E2_shift150m_plus2_f235_zs220.shd,93aabc23a7c141a8d138240134f7c45c98cb6e1605d93d5b8fe3b7a8ec286f95,93aabc23a7c141a8d138240134f7c45c98cb6e1605d93d5b8fe3b7a8ec286f95,849366fa39dda44cbbc0c5b72753096a65dda225,False
results/R3_RC3_REANCHOR/R3_RC3_ENV_MISMATCH_BOUNDARY_FIX2/_env/E2_shift150m_plus2_f283.env,fd54b30a0cd9752377ba66c523b2a161ae596b8e239f528028553edc026eb3cc,65911dfb89ee1c9872416ad24591d1250dcf890a41a234921e6a5854614c24e3,57f51682fab069a33231bfead9d8596e9fa3b4ba,True
results/R3_RC3_REANCHOR/R3_RC3_ENV_MISMATCH_BOUNDARY_FIX2/_env/E2_shift150m_plus2_f283.mod,2c7c7aac7b7640afe52112cd86988319c86d601c8aa469b1428aae386fb018e8,2c7c7aac7b7640afe52112cd86988319c86d601c8aa469b1428aae386fb018e8,68451349cdc4fb5d66a53900b09b9b13dd8afc1d,False
results/R3_RC3_REANCHOR/R3_RC3_ENV_MISMATCH_BOUNDARY_FIX2/_env/E2_shift150m_plus2_f283.prt,280927370aeee982e366659f9072be1d9a11ba0b3c94d93701ef87b003d0824a,ab7d0ffc56be304e13c399feaee27b43377f1b8866d58b190cd116bf8ccd9b3b,4b6ba59aa76fbd48b0b9c72caae7a093dab17e07,True
results/R3_RC3_REANCHOR/R3_RC3_ENV_MISMATCH_BOUNDARY_FIX2/_env/E2_shift150m_plus2_f283_zs180.env,fd54b30a0cd9752377ba66c523b2a161ae596b8e239f528028553edc026eb3cc,65911dfb89ee1c9872416ad24591d1250dcf890a41a234921e6a5854614c24e3,57f51682fab069a33231bfead9d8596e9fa3b4ba,True
results/R3_RC3_REANCHOR/R3_RC3_ENV_MISMATCH_BOUNDARY_FIX2/_env/E2_shift150m_plus2_f283_zs180.flp,786a2696af798c44e8b1ea5fd5402cf06c661a20263c7afdea01cc7480a1aa05,eb3079ef9babf63e4a3c29a1656daf5c27be08990a02d9101a222b22540a53c0,01005c86ef29869a7c9efdf87a98853dcabf2e0d,True
results/R3_RC3_REANCHOR/R3_RC3_ENV_MISMATCH_BOUNDARY_FIX2/_env/E2_shift150m_plus2_f283_zs180.mod,2c7c7aac7b7640afe52112cd86988319c86d601c8aa469b1428aae386fb018e8,2c7c7aac7b7640afe52112cd86988319c86d601c8aa469b1428aae386fb018e8,68451349cdc4fb5d66a53900b09b9b13dd8afc1d,False
results/R3_RC3_REANCHOR/R3_RC3_ENV_MISMATCH_BOUNDARY_FIX2/_env/E2_shift150m_plus2_f283_zs180.shd,d1bbdd1acb9f2c56caa0a51c4f3556e3a56a839052bd9fa5de2c4e240d8dd80d,d1bbdd1acb9f2c56caa0a51c4f3556e3a56a839052bd9fa5de2c4e240d8dd80d,856fe7ba8f628a3f6441ba5ea82ff101119827b6,False
results/R3_RC3_REANCHOR/R3_RC3_ENV_MISMATCH_BOUNDARY_FIX2/_env/E2_shift150m_plus2_f283_zs200.env,fd54b30a0cd9752377ba66c523b2a161ae596b8e239f528028553edc026eb3cc,65911dfb89ee1c9872416ad24591d1250dcf890a41a234921e6a5854614c24e3,57f51682fab069a33231bfead9d8596e9fa3b4ba,True
results/R3_RC3_REANCHOR/R3_RC3_ENV_MISMATCH_BOUNDARY_FIX2/_env/E2_shift150m_plus2_f283_zs200.flp,5335b353471ac339fde2e0c465d75f1f2c7793b84a2bf1ce792cdc69c419516b,0eca903753e797673b36b3c8063560c5b27e396b06bc3fb482da875e5f4e0567,d7bcc9d9eb37fbb10fb5d28f8a04380780e5f5fc,True
results/R3_RC3_REANCHOR/R3_RC3_ENV_MISMATCH_BOUNDARY_FIX2/_env/E2_shift150m_plus2_f283_zs200.mod,2c7c7aac7b7640afe52112cd86988319c86d601c8aa469b1428aae386fb018e8,2c7c7aac7b7640afe52112cd86988319c86d601c8aa469b1428aae386fb018e8,68451349cdc4fb5d66a53900b09b9b13dd8afc1d,False
results/R3_RC3_REANCHOR/R3_RC3_ENV_MISMATCH_BOUNDARY_FIX2/_env/E2_shift150m_plus2_f283_zs200.shd,7032c626d287b0455deffa53492d1b0b2606923c0f0c5fcf8d0c97e2861a20ba,7032c626d287b0455deffa53492d1b0b2606923c0f0c5fcf8d0c97e2861a20ba,830d52ba4a61f53f2b80f02d3d2d8fb8ddb72375,False
results/R3_RC3_REANCHOR/R3_RC3_ENV_MISMATCH_BOUNDARY_FIX2/_env/E2_shift150m_plus2_f283_zs220.env,fd54b30a0cd9752377ba66c523b2a161ae596b8e239f528028553edc026eb3cc,65911dfb89ee1c9872416ad24591d1250dcf890a41a234921e6a5854614c24e3,57f51682fab069a33231bfead9d8596e9fa3b4ba,True
results/R3_RC3_REANCHOR/R3_RC3_ENV_MISMATCH_BOUNDARY_FIX2/_env/E2_shift150m_plus2_f283_zs220.flp,a225e15819115678ae11de61ea57886fb66ad8ff8fc5293719d87180b38d2b5f,7da0316916c346bc14d1786a5a51320c64d7895cb4f57f57263ba80852b678ce,1e47d75f507e74a265cdda026c89d2e7e52a83d2,True
results/R3_RC3_REANCHOR/R3_RC3_ENV_MISMATCH_BOUNDARY_FIX2/_env/E2_shift150m_plus2_f283_zs220.mod,2c7c7aac7b7640afe52112cd86988319c86d601c8aa469b1428aae386fb018e8,2c7c7aac7b7640afe52112cd86988319c86d601c8aa469b1428aae386fb018e8,68451349cdc4fb5d66a53900b09b9b13dd8afc1d,False
results/R3_RC3_REANCHOR/R3_RC3_ENV_MISMATCH_BOUNDARY_FIX2/_env/E2_shift150m_plus2_f283_zs220.shd,aff70347df9ebc930414127a62b49aa78f355aeae8200624fda2b08af12a58ea,aff70347df9ebc930414127a62b49aa78f355aeae8200624fda2b08af12a58ea,d3b2b609b2add50b8c1a0754442519a41016af68,False
results/R3_RC3_REANCHOR/R3_RC3_ENV_MISMATCH_BOUNDARY_FIX2/_env/E2_shift150m_plus2_f338.env,7c284ec5a64ccc55938cefd3c2133d446902cbbff24896ed3b92894ad5eb8dd2,1d9ef0d159b4792e79b02df9e0d8e92aeae39a74d5f2ac3e99e4212d82145580,34660981fbbcb6740b301774255abadb24c9e5fa,True
results/R3_RC3_REANCHOR/R3_RC3_ENV_MISMATCH_BOUNDARY_FIX2/_env/E2_shift150m_plus2_f338.mod,75e0800666a6cc341a00cf926edfa2e1159eba0503228f0974b5b727f476a9a2,75e0800666a6cc341a00cf926edfa2e1159eba0503228f0974b5b727f476a9a2,9850afe7aaa3dcf18fc01186781c45636af02d7f,False
results/R3_RC3_REANCHOR/R3_RC3_ENV_MISMATCH_BOUNDARY_FIX2/_env/E2_shift150m_plus2_f338.prt,edf1f618cdbe37613c83f94c3fadd5f360a24fe6d96020c7dbb1f5b39f69e6f9,358983cbf305b4a2106737eacef1051aa703ce25c95a48341bd346f04436c397,c5d4b2a844cd48d4ea8034d9ceaccf70a842636f,True
results/R3_RC3_REANCHOR/R3_RC3_ENV_MISMATCH_BOUNDARY_FIX2/_env/E2_shift150m_plus2_f338_zs180.env,7c284ec5a64ccc55938cefd3c2133d446902cbbff24896ed3b92894ad5eb8dd2,1d9ef0d159b4792e79b02df9e0d8e92aeae39a74d5f2ac3e99e4212d82145580,34660981fbbcb6740b301774255abadb24c9e5fa,True
results/R3_RC3_REANCHOR/R3_RC3_ENV_MISMATCH_BOUNDARY_FIX2/_env/E2_shift150m_plus2_f338_zs180.flp,786a2696af798c44e8b1ea5fd5402cf06c661a20263c7afdea01cc7480a1aa05,eb3079ef9babf63e4a3c29a1656daf5c27be08990a02d9101a222b22540a53c0,01005c86ef29869a7c9efdf87a98853dcabf2e0d,True
results/R3_RC3_REANCHOR/R3_RC3_ENV_MISMATCH_BOUNDARY_FIX2/_env/E2_shift150m_plus2_f338_zs180.mod,75e0800666a6cc341a00cf926edfa2e1159eba0503228f0974b5b727f476a9a2,75e0800666a6cc341a00cf926edfa2e1159eba0503228f0974b5b727f476a9a2,9850afe7aaa3dcf18fc01186781c45636af02d7f,False
results/R3_RC3_REANCHOR/R3_RC3_ENV_MISMATCH_BOUNDARY_FIX2/_env/E2_shift150m_plus2_f338_zs180.shd,30c400238d0f697fee6dc5ddb8665d8b16eefffaa1459b4fc7cf84dae865d9d7,30c400238d0f697fee6dc5ddb8665d8b16eefffaa1459b4fc7cf84dae865d9d7,2fba2bcdbbea1c115eb64d5b3f8b86581ee4efbf,False
results/R3_RC3_REANCHOR/R3_RC3_ENV_MISMATCH_BOUNDARY_FIX2/_env/E2_shift150m_plus2_f338_zs200.env,7c284ec5a64ccc55938cefd3c2133d446902cbbff24896ed3b92894ad5eb8dd2,1d9ef0d159b4792e79b02df9e0d8e92aeae39a74d5f2ac3e99e4212d82145580,34660981fbbcb6740b301774255abadb24c9e5fa,True
results/R3_RC3_REANCHOR/R3_RC3_ENV_MISMATCH_BOUNDARY_FIX2/_env/E2_shift150m_plus2_f338_zs200.flp,5335b353471ac339fde2e0c465d75f1f2c7793b84a2bf1ce792cdc69c419516b,0eca903753e797673b36b3c8063560c5b27e396b06bc3fb482da875e5f4e0567,d7bcc9d9eb37fbb10fb5d28f8a04380780e5f5fc,True
results/R3_RC3_REANCHOR/R3_RC3_ENV_MISMATCH_BOUNDARY_FIX2/_env/E2_shift150m_plus2_f338_zs200.mod,75e0800666a6cc341a00cf926edfa2e1159eba0503228f0974b5b727f476a9a2,75e0800666a6cc341a00cf926edfa2e1159eba0503228f0974b5b727f476a9a2,9850afe7aaa3dcf18fc01186781c45636af02d7f,False
results/R3_RC3_REANCHOR/R3_RC3_ENV_MISMATCH_BOUNDARY_FIX2/_env/E2_shift150m_plus2_f338_zs200.shd,572ee67d04e600b81cddbabe832c667221720d9a54ad04a305a8ca0b98b21e73,572ee67d04e600b81cddbabe832c667221720d9a54ad04a305a8ca0b98b21e73,10517c5d8825b50d78d08f111895184e3c06124f,False
results/R3_RC3_REANCHOR/R3_RC3_ENV_MISMATCH_BOUNDARY_FIX2/_env/E2_shift150m_plus2_f338_zs220.env,7c284ec5a64ccc55938cefd3c2133d446902cbbff24896ed3b92894ad5eb8dd2,1d9ef0d159b4792e79b02df9e0d8e92aeae39a74d5f2ac3e99e4212d82145580,34660981fbbcb6740b301774255abadb24c9e5fa,True
results/R3_RC3_REANCHOR/R3_RC3_ENV_MISMATCH_BOUNDARY_FIX2/_env/E2_shift150m_plus2_f338_zs220.flp,a225e15819115678ae11de61ea57886fb66ad8ff8fc5293719d87180b38d2b5f,7da0316916c346bc14d1786a5a51320c64d7895cb4f57f57263ba80852b678ce,1e47d75f507e74a265cdda026c89d2e7e52a83d2,True
results/R3_RC3_REANCHOR/R3_RC3_ENV_MISMATCH_BOUNDARY_FIX2/_env/E2_shift150m_plus2_f338_zs220.mod,75e0800666a6cc341a00cf926edfa2e1159eba0503228f0974b5b727f476a9a2,75e0800666a6cc341a00cf926edfa2e1159eba0503228f0974b5b727f476a9a2,9850afe7aaa3dcf18fc01186781c45636af02d7f,False
results/R3_RC3_REANCHOR/R3_RC3_ENV_MISMATCH_BOUNDARY_FIX2/_env/E2_shift150m_plus2_f338_zs220.shd,fda4d8d81e5fc14f535bcb811d6d4526cea461a240d4bfc6b5dd81c012bfe5e4,fda4d8d81e5fc14f535bcb811d6d4526cea461a240d4bfc6b5dd81c012bfe5e4,3908def5f67796c85c0db95ab8269c8e6a2a43e4,False
results/R3_RC3_REANCHOR/R3_RC3_ENV_MISMATCH_BOUNDARY_FIX2/_env/field.prt,57b5b680077dfa7cd95f5114d5f6a533fe283e0bf6dd44b5281cd2c79f732745,5e3bcdd1a1ae5526886b99d9ca75af78d5154cb04b2510dd8534c05adf621df1,77f9e827c6e6e04914261a997a75739416b27ea6,True
results/R3_RC3_REANCHOR/R3_RC3_LINE_AVAILABILITY_BOUNDARY/ALL_15_FREQUENCY_SUBSETS.csv,e6c85b6a4e1c4721f2e7fd88566b584aa9955ddc3684b7fea64059ef13c6102e,4748e8c599f34b142bb5abbadceb2fbb1472492a7d6aeaad59a92df6101a9666,3c69bbb225d08e06d49d9ac19e443b027e20b469,True
results/R3_RC3_REANCHOR/R3_RC3_LINE_AVAILABILITY_BOUNDARY/GPT_SYNC.md,35fa55854bf9717c19b10a89d108a8f2fd585e31ff6ceda69d55aaaa09ba57e6,35fa55854bf9717c19b10a89d108a8f2fd585e31ff6ceda69d55aaaa09ba57e6,69469c9961a70749c4b781c6e42beaf6978bb3f3,False
results/R3_RC3_REANCHOR/R3_RC3_LINE_AVAILABILITY_BOUNDARY/LINE_AVAILABILITY_AXIS_LOCK.md,5bb726987d679d2da57dd15462e3a3298db23a94b013cd5f737604ff85e51590,63c92a4a002ddbab714bc6ae4e87fd2dc6be3da6e57681130cdba29f6fa92444,14acd512df01d81f33bfef6fae1bbff9d6ceef24,True
results/R3_RC3_REANCHOR/R3_RC3_LINE_AVAILABILITY_BOUNDARY/LINE_COUNT_SUMMARY.csv,393b03b029b95ecbef43d900fa5a368307e4f81f8edcef3c57311c49ff3f2765,cccbb14edc26255210f4daec24f0d69e4d4ac1c9094ee92743b35dbaf82662fa,5572d51bb2ffd95e85794db6e1ea8a1ddcb6ccf2,True
results/R3_RC3_REANCHOR/R3_RC3_LINE_AVAILABILITY_BOUNDARY/MECHANISM_BY_LINE_COUNT.csv,24e07aeb34b591a8c5097ad1940e20f3208c642326ca14a3592c7950a20e17c6,9faa805ab1f59888788d8901b7fd2fb9924515e8ba09c38b51c1d8415a905f51,91d646ac96305c4e217eea0255a94d8dbc7ffe84,True
results/R3_RC3_REANCHOR/R3_RC3_LINE_AVAILABILITY_BOUNDARY/R3_RC3_REANCHOR_5A_DECISION.json,1ee386a28d94390faa769cf9b4c5004ffcf165cb51679f61b6a78656447192f7,1cf8b24465dc61e4485341f899624d06038efdbe5e5fdb4f4e58c76bf9f8008c,0f03df10d542981651de744785e1116c31c95054,True
results/R3_RC3_REANCHOR/R3_RC3_LINE_AVAILABILITY_BOUNDARY/R3_RC3_REANCHOR_5A_REPORT.md,7a62f0d8c62f2343adecfbf16e5390207698e41dc75ab9d9555f6799d5fd69ee,7d024071c7770ca582e8ff91002554cbc8ed66ee4fe21e1d62951300ee909e9e,c30a5e10d0f5234c9325ce486ba5ead09561443e,True
results/R3_RC3_REANCHOR/R3_RC3_LINE_AVAILABILITY_BOUNDARY/SINGLE_FREQUENCY_MARGIN_CORRELATION.csv,94666799bbc2ea1a2bd5e29615061c23f9b75f81e9a4c1aec98560ddc98709ce,eb7124fec58e8b5fb814183dba5e7c9282260f16d53dfc3eb2fe0cd40011f6b3,89cff5525058c58418d98dc34b70bd2d00c476d5,True
results/R3_RC3_REANCHOR/R3_RC3_LINE_AVAILABILITY_BOUNDARY/STATIC_RANGE_BLIND_CASE.md,f31f124aca860438d31bf461e6225687fab5de6033eef3f0f1a070cce5bca1c6,0a6e241547fb3ff6aac4c855364d4e815457155dc4e8b553c96e037cc5dc54ed,911c8b4e4fcf2209124791cbe5cec09755ff98e9,True
results/R3_RC3_REANCHOR/R3_RC3_LINE_AVAILABILITY_BOUNDARY/SUBSET_PROFILED_MARGIN_RESULTS.csv,e6c85b6a4e1c4721f2e7fd88566b584aa9955ddc3684b7fea64059ef13c6102e,4748e8c599f34b142bb5abbadceb2fbb1472492a7d6aeaad59a92df6101a9666,3c69bbb225d08e06d49d9ac19e443b027e20b469,True
results/R3_RC3_REANCHOR/R3_RC3_LINE_AVAILABILITY_BOUNDARY/SUBSET_SUMMARY.csv,8dcf9f7d033685c6689b979207f3a9dc71cbe5216c9ad8e199d757867e71c09f,f514d9ce9dc919260d8de9e1cfe87badb7a5dc4bfa89d188d0257938b83985f0,cb236615f192e02fb9b0d9e73d9a6c49ca957977,True
results/R3_RC3_REANCHOR/R3_RC3_LINE_INSTABILITY_BOUNDARY/5A_LINE_COUNT_SUMMARY_CORRECTED.csv,9728793f7bb1e220e507a02acd1547ded0af0ca56cfda7d633454e522413f431,474b612dac81532f4ecdd9fa86102ed8e724a4cba30cb15a9de00402c9bd18d9,3f53fc8163aa99b929ec21c492c58fa80649a954,True
results/R3_RC3_REANCHOR/R3_RC3_LINE_INSTABILITY_BOUNDARY/AMPLITUDE_VARIATION_RESULTS.csv,e427889a0821229a598b08c8f0fdb98abed0360151f44db21a04a426003693b7,a7f28ff5cd9c488bc88e85e49c374f94d505ac0503499ff6d91e213de2435d9e,172b929e35936be0e8b30a0a19f6d7b4994e1059,True
results/R3_RC3_REANCHOR/R3_RC3_LINE_INSTABILITY_BOUNDARY/AMPLITUDE_VARIATION_SUMMARY.csv,fcf96474005793c86330819a73b42ad16b5eb13679a12a707895e1de039c7bc6,e7e7f8f8f481576d4d288f67b673a81199bef0707e3836ce00d42983baf44ea2,304227cb74202fe810f3afb54fbf57ef1eff16c2,True
results/R3_RC3_REANCHOR/R3_RC3_LINE_INSTABILITY_BOUNDARY/FREQUENCY_DRIFT_FORWARD_SPOTCHECK.csv,a5b0c6c9d29f0ca4522c12b57dde2621912f3092db9f6f1285de5451cbd55612,31554049dd90363c5fb6bdafeaa40bab13878c037966694a2c76a2967453eb0d,7f0fa76d3bc0276772867c2d5c4001c3fe31112e,True
results/R3_RC3_REANCHOR/R3_RC3_LINE_INSTABILITY_BOUNDARY/FREQUENCY_DRIFT_KRAKEN_CONFIG.csv,be97ab2026ee072062192e9e50faf184efd4db447be21586661b6e2a1e9a00d0,b63b8739d364eed3d02c27e28a46e75abcde4434a503cbae02ad02ae7680b3b9,70fd330515d298e3484dd2c12f5a67527c96f847,True
results/R3_RC3_REANCHOR/R3_RC3_LINE_INSTABILITY_BOUNDARY/FREQUENCY_DRIFT_RESULTS.csv,dec0a923faf4382261e31a7e208ac97859fbcad397fbdc24a059f3eb64d54554,76e991ae50e79caac1edc887b0e9d0789c03fbda60c72d1e0176f2fea607f18d,51b4dcf6e9f281f1d5746b3082ab13fcebfc796f,True
results/R3_RC3_REANCHOR/R3_RC3_LINE_INSTABILITY_BOUNDARY/FREQUENCY_DRIFT_SUMMARY.csv,00cebe7daac9f08e7dd3e2d2986e889c0372f2944a34fe43a49337aa34ee8981,790d0cea573b13ecef96dd7e6f6f9fd4f667f238848f18cc26ad4c95b29e9182,247033449216ad2fdcdcd58b210f96e7ed993bca,True
results/R3_RC3_REANCHOR/R3_RC3_LINE_INSTABILITY_BOUNDARY/GPT_SYNC.md,1c4ce4406cbc4e3f19575f8b14e66ace0cc93aaeb9e900d1329bac37dad724d6,1c4ce4406cbc4e3f19575f8b14e66ace0cc93aaeb9e900d1329bac37dad724d6,a0cfd83c1baacdfa33500914cfd2ca9dc4047b15,False
results/R3_RC3_REANCHOR/R3_RC3_LINE_INSTABILITY_BOUNDARY/LINE_INSTABILITY_AXIS_LOCK.md,c3bc4112be3c398623b995f1fd5baf2a14872ac6da1a9646b8a3d1767c319b78,19190a86a1343d9aace4c3ce6f7f3cd54f81c9c4237e4d25b4e76c54060a4bb8,673f7b77be7090c36628c1a1fee580778d10f619,True
results/R3_RC3_REANCHOR/R3_RC3_LINE_INSTABILITY_BOUNDARY/R3_RC3_REANCHOR_5B_DECISION.json,0f5430d11d7368fb10a5b22680fe1a08bbd03babdd91c3bb6ec2ef53c9e0c90d,32b279fd7b1863397385e9aea4c3aa46ef3337adb4001e308b18990d1ac04bda,517a62ea472f5d83f780d1f7f76d9c1e33ca9553,True
results/R3_RC3_REANCHOR/R3_RC3_LINE_INSTABILITY_BOUNDARY/R3_RC3_REANCHOR_5B_REPORT.md,ad2056c1b7cc563e2112f37752b252f06c221c4fc333cde057498e636b7cfbc6,e126a9f767151159f75e5fe91f3bbacb38bb79407ca8394a94ef58f1600d4c4d,8a15076ee6b2dd57c4c3f6c34b023d92b6698677,True
results/R3_RC3_REANCHOR/R3_RC3_LINE_INSTABILITY_BOUNDARY/WEAKEST_235HZ_AUDIT.csv,28bb03245f4db60e4bdb50a7f745fb3ee6e0d451fd7d9673c135e33d661e1b8e,8a5a8dc002e33c862630090f00604cab2f4a5457a62f4d194d16a0bd2361a8ba,64a6850e1a894ee25bb9ca8ff06abd7572f094f2,True
results/R3_RC3_REANCHOR/R3_RC3_LINE_INSTABILITY_BOUNDARY/_kfreq/f196p9800.env,1fa2cdd08ce3a9b7147030c5c64b35820a2183474a9272c44bd04cd51873d8f7,802daf7c17b90ab2bd286297adb168dcaebe9f76e82a1749564758c7364a0d2a,61408b5053af0e7f42029cea15ad4d0c4dc3798d,True
results/R3_RC3_REANCHOR/R3_RC3_LINE_INSTABILITY_BOUNDARY/_kfreq/f196p9800.mod,b338685bb39d5570fc225042bd3d476264f9ad9e18460e604df69a1f094da136,c63df8ae0a38768f906fb2770de24eb5823fc6b5bfa945e31d1dbc8b9b6eebaa,c26e7080a2f5c11c349c0c2592276322469d20db,False
results/R3_RC3_REANCHOR/R3_RC3_LINE_INSTABILITY_BOUNDARY/_kfreq/f196p9800.prt,b4e43acb51e9a226edb292a3819a7844effbb56eb052980028603845855926d7,212e3b7d402fbeda2c088ecacf6985be2f98129fb9084f31a13f96ef436a5432,422eec90e4c8ad27eb122fdfa867bcb868ab707f,True
results/R3_RC3_REANCHOR/R3_RC3_LINE_INSTABILITY_BOUNDARY/_kfreq/f198p9900.env,549687f372d43894a1793dfcb6b0e071764d613a6edf416c77f65cd2a66ac1a3,333e2efac6255f09a0e35214a756f718370abbf0ebf6a26954f541277867fae1,c557049777aa7f0e7c84cd665181c59c43583bf4,True
results/R3_RC3_REANCHOR/R3_RC3_LINE_INSTABILITY_BOUNDARY/_kfreq/f198p9900.mod,0e25f3aae9ba01d254bd7ffd8ffcc3971e8b9b84506c92ff88eee69b288485ad,0e25f3aae9ba01d254bd7ffd8ffcc3971e8b9b84506c92ff88eee69b288485ad,9f059fd1ee78dff4f7e3246af5f847bda88a276f,False
results/R3_RC3_REANCHOR/R3_RC3_LINE_INSTABILITY_BOUNDARY/_kfreq/f198p9900.prt,edb78196e114ec702269773c8667490c17c20dfeecc8b83e507b077a2fb108cb,40ff0d3ef3e7f0aa30a3ebdc34b0c9cde507ebd226852d23fe2570140845626e,8ea14b4e4d0bd3ad030d8de92639d0634f4be2a3,True
results/R3_RC3_REANCHOR/R3_RC3_LINE_INSTABILITY_BOUNDARY/_kfreq/f199p9950.env,6dd7c5304de1f242cf53365a1349bf9baa336295d08d1a80dfb84c930dd39bac,61658da6d05fee3fa43cbd2959e775e09dd47e8797d3e06d9f36bab6f6f883fe,724a9f8d07f0c4e305336a390d81517ebf33626c,True
results/R3_RC3_REANCHOR/R3_RC3_LINE_INSTABILITY_BOUNDARY/_kfreq/f199p9950.mod,da871f090072ef7c92af0cf2e538f1cbb09deb555688936bfe8a6c33664ac761,30a33c8a9f76b2369186fade7d5efe8bade7f728a0b62b6e605f112ae1207624,5e4dd42d3150e5539f6548f2ea1409230cd73c09,False
results/R3_RC3_REANCHOR/R3_RC3_LINE_INSTABILITY_BOUNDARY/_kfreq/f199p9950.prt,73d9fce577aa7c3647f8720ed6f1bddbf9096215200130bd342b7d1ac29d547b,9f784ceeabbcaf3819bf3e7e8b9b3bf9afba9a3fe3f651bf2d7f39ce1b4b71f5,21e4d0a5bc457e4dcce9497844759a0f04985082,True
results/R3_RC3_REANCHOR/R3_RC3_LINE_INSTABILITY_BOUNDARY/_kfreq/f200p4975.env,8609bf3f3ebf3474dc9d2fb3c8f91403265f6a7354a63c509d548c71bc2cc936,f83a392447d796bf9d349a14d537a09104468c7e0e651d2e6a71aef261242cf0,90f49905ddf8f59ad2038c9e43941bbc91162010,True
results/R3_RC3_REANCHOR/R3_RC3_LINE_INSTABILITY_BOUNDARY/_kfreq/f200p4975.mod,220606d703e3e80bb34ddcfecc4b885f31fcf72ec9db7e8119ccd6343e79e903,220606d703e3e80bb34ddcfecc4b885f31fcf72ec9db7e8119ccd6343e79e903,124a8ae7d834f2d172ae0cb8841ef66bce9788f9,False
results/R3_RC3_REANCHOR/R3_RC3_LINE_INSTABILITY_BOUNDARY/_kfreq/f200p4975.prt,e9209a510f9e7950b8952a0cf585cdcd2a09e92b8539b11b559df2cb2d3c4941,801faa9d935bfdf8a9e9ea325633776d7a96d791112593e1d1e4eebefb7198cf,d43f63794b8ec134921e0c8f55faa1de7eac7a07,True
results/R3_RC3_REANCHOR/R3_RC3_LINE_INSTABILITY_BOUNDARY/_kfreq/f200p7488.env,6895b52fe8335aeccfd47042682d65ea6845a102988d15594c4ca666583f04bc,247ca3a206c0933f255ddd1208ae1f13a7fb947f70ff00ef966f59e54cb59906,6d279f42fecdcd05f008de87d9c17e0bf6d41a24,True
results/R3_RC3_REANCHOR/R3_RC3_LINE_INSTABILITY_BOUNDARY/_kfreq/f200p7488.mod,8a1d0b4e9f0f9e9dcc4acc660a063e9fbcc55a91ef5b1973278db3b06600831e,8a1d0b4e9f0f9e9dcc4acc660a063e9fbcc55a91ef5b1973278db3b06600831e,7fe9c9e1763748b3907454d27aff4f1364b51e35,False
results/R3_RC3_REANCHOR/R3_RC3_LINE_INSTABILITY_BOUNDARY/_kfreq/f200p7488.prt,95b4d0ec9e5c1508328d9120ec3c05119c3bedc34bbc7983ddba3bfb1ce216c6,8badb398b25ba5348ea91275675dcb6cc447f5c544920ba996d70f4a86eb29c1,be51abd29a3c7f6ef644ff2806a927de01452aeb,True
results/R3_RC3_REANCHOR/R3_RC3_LINE_INSTABILITY_BOUNDARY/_kfreq/f201p0000.env,3ada9d9264efd32702189be4ce44da5a30cc417c9a3aeda3c4372c4a62dbedb9,7eb2eacb6090fa97065dfec1bb8a4e37e434fe2290e67c31276baa102077ca75,5547f3118685bc75ef1716697594784ea27bb13c,True
results/R3_RC3_REANCHOR/R3_RC3_LINE_INSTABILITY_BOUNDARY/_kfreq/f201p0000.mod,84752fbad2f199761668391f7f130b0fc6281ce46d0e2d2630199f8c422023ea,8d3e13e9a44d8df7cd97652eb508b514e0cd46db5f0a133456c6bf21aafa9a11,3db2b5106e9530d88ac584c2dfe528cd911eedc4,False
results/R3_RC3_REANCHOR/R3_RC3_LINE_INSTABILITY_BOUNDARY/_kfreq/f201p0000.prt,cb62aaef2243daaa6249b88dc3c535f1bd827649d13b7d170eddefc634331b34,bfed82613d59731153f5f10dbdb24e45ee2e2a6ade8185c5a32d9a9a87d71b05,b7688bebd8a54d4407c8be9637bc58e86f62f384,True
results/R3_RC3_REANCHOR/R3_RC3_LINE_INSTABILITY_BOUNDARY/_kfreq/f201p2512.env,36334cc997f68f300b3237aae2ff70338a934a40c9ff8c6971dd8d56dcea355d,ebd8298cffb9a7ad0f49ddbeb54911bc53cb8918ee8bc03c4b83ca9b3117d0b3,f63777651624105d35c9a723bcb5bd8907e1e080,True
results/R3_RC3_REANCHOR/R3_RC3_LINE_INSTABILITY_BOUNDARY/_kfreq/f201p2512.mod,8defe953e295ccdf5eb5d0e1134242c83638c9b186dd1b534ad84b8279d93aff,8defe953e295ccdf5eb5d0e1134242c83638c9b186dd1b534ad84b8279d93aff,a9b700d5c3d887d3c761496cd0857f868b1acfcb,False
results/R3_RC3_REANCHOR/R3_RC3_LINE_INSTABILITY_BOUNDARY/_kfreq/f201p2512.prt,d77a4f15b94772c4c0fcfea92fec553958b20627addf0e64afe6d388ec78275a,a19a14bef4de8dbc0a2507c1f2820110afae43effeedd5fb1cdf31aa69cbc3a6,21436e32b4e487488a69dfac1dad397a5f38dc9b,True
results/R3_RC3_REANCHOR/R3_RC3_LINE_INSTABILITY_BOUNDARY/_kfreq/f201p5025.env,1760879439dc2748a265f6aa88f1b3fb4b364b5acadbef03cc9981d4d6015565,bab781c1718af3ddb65d6e85ce1b548996fae0b848cee044d05864df041d84c9,f446af479abab7b114b42b5a650c48aa4d1793dd,True
results/R3_RC3_REANCHOR/R3_RC3_LINE_INSTABILITY_BOUNDARY/_kfreq/f201p5025.mod,3af216a69541365d5d03fcad1e41f46dbb7c7aaea451e10f4b1441d803c74f2d,91268a9036bb12e80173eaff2a24de3dc6b4e8f36ae12541a0f5631a34b4d659,c4e87641c477be6f7ed21753e9f35546a78d26a9,False
results/R3_RC3_REANCHOR/R3_RC3_LINE_INSTABILITY_BOUNDARY/_kfreq/f201p5025.prt,680c542a55cdb8faf5c069ad279758bfa2ab18e391e2920e8387e4aed2ae2273,8f1e0d34ba199872cf0f83839d4906fe75ff88a91f9164ea4206556a6f912e97,22cb0a666ed6de9b8f13f87dbc07339fa2a72b40,True
results/R3_RC3_REANCHOR/R3_RC3_LINE_INSTABILITY_BOUNDARY/_kfreq/f202p0050.env,45ef8e3fbcc0325affb5add522b21b58a73f416842638f7651611b5609ab3ad0,b88a3bb661bb1543b279d514c4e91178309d24da3661853e5cb73e8d0b4c73d4,997bec5221fa0105e8ac0c4345d4883a081b7d16,True
results/R3_RC3_REANCHOR/R3_RC3_LINE_INSTABILITY_BOUNDARY/_kfreq/f202p0050.mod,2c6fe9bde44dfc7bbbbc33f548e3fb01fbcc6935f539bc292eb51eff54fec995,2c6fe9bde44dfc7bbbbc33f548e3fb01fbcc6935f539bc292eb51eff54fec995,df15f46d560a378e6699a5cea688e2728ac42f24,False
results/R3_RC3_REANCHOR/R3_RC3_LINE_INSTABILITY_BOUNDARY/_kfreq/f202p0050.prt,2e20d66f6d3942d7e9df6b72429d378bbb16a7dc80333da783dac77dec18bdea,09a048361ea624838d69fecd72fd986f9fcc8b99d1d14bdc259ce21755e86fe1,294a7402b6c9be57face397b00382ad1f37c96bc,True
results/R3_RC3_REANCHOR/R3_RC3_LINE_INSTABILITY_BOUNDARY/_kfreq/f203p0100.env,ab948214d17510f032ef41dde237969044b01d83ec31412c4847341231f6f9ed,c30a92e8e06764bb6b33bc41ca3991a236446eb1345a9712bbd08f1dfe1c2a6a,d3ba218e6e5bca2738db16a2c79d942d0277c3b6,True
results/R3_RC3_REANCHOR/R3_RC3_LINE_INSTABILITY_BOUNDARY/_kfreq/f203p0100.mod,7daee2d46f881b3752c991b0330d3f0892a24c3e7d29218aaa9fa729b9544d07,f85203faa609cc9b75b24502b35cc3f0f59143c83e2606a0fda49eb333fa633c,2605b2534ea50f1183e376c86921dbbba87e97c7,False
results/R3_RC3_REANCHOR/R3_RC3_LINE_INSTABILITY_BOUNDARY/_kfreq/f203p0100.prt,c0827f018d4d00dd36ae36d7248d90d281bc30ab994f10f2dd342bda0e2c0349,c358f0194851e178adb4528089446a17afbd3463b8a5fc9d6ac63b285993e876,3cd1f7354169dff12a46b4a911e13319fbf75bdb,True
results/R3_RC3_REANCHOR/R3_RC3_LINE_INSTABILITY_BOUNDARY/_kfreq/f205p0200.env,48b936bbbb039b1bbd42fa7f54454ef72374712178a24b3a3a4d3622dbf6ae43,67f35258bdb51cb9ed47bc7f887533f744d3b439d37495b957b1ffdf02d89e61,104fb5ff0196a8d5c93b006e3847a873e2888295,True
results/R3_RC3_REANCHOR/R3_RC3_LINE_INSTABILITY_BOUNDARY/_kfreq/f205p0200.mod,5fbb31352a827008cbf42f088ed6f085c5e961f216ad1dcbf0f72c92b0295f4f,a7d3fb9c730b803e53b4bc5a9794978c6be9793c54fb9aa92ebf2dd689ba6f0c,58923be0bf9a1b6e00da992279e56d97d467f960,False
results/R3_RC3_REANCHOR/R3_RC3_LINE_INSTABILITY_BOUNDARY/_kfreq/f205p0200.prt,0ad58cc6a958f400b36658974bd7a17edf214eaa7566d8f07079b99bc441a099,ee323aae302f1e6aca82ce82f39b40cf5bb6e0b6bbd3457f4a197413bd722233,220927726168208f55ed5b9f5a7d2cd32f40a448,True
results/R3_RC3_REANCHOR/R3_RC3_LINE_INSTABILITY_BOUNDARY/_kfreq/f230p3000.env,8760e08a9ad0126592264deeb0408f119e8a2658b519b6095a947807323092de,79b371a70864ae38ffc0b0f2a7cf2f41b9e43afbd1a9199ba3df66d90ecd20ff,1fe999f463454dae81ed0d4beca6c7f350ffbcdb,True
results/R3_RC3_REANCHOR/R3_RC3_LINE_INSTABILITY_BOUNDARY/_kfreq/f230p3000.mod,682edc840f23fa26108d784d6a2422f5214eb9598ee4cdf55c6d9c8354c418e2,a9f49b7e6c5a6e8e20493b7b535165dd99200743603a9b2b7001593bc829a59d,b6a9d2e2d5442af96fecd0c167e1daebd24bfb22,False
results/R3_RC3_REANCHOR/R3_RC3_LINE_INSTABILITY_BOUNDARY/_kfreq/f230p3000.prt,e97f788ea321cd3a87f58a9f1bed79764eafa725fb4b6d2c55ce034c80fdfe39,fb84841401bd6dbd303eb3d740f93d97df406715923a3ae0fd506679e60035f8,147034d4ec04860b2b4c03b6c5e06c9e8155913e,True
results/R3_RC3_REANCHOR/R3_RC3_LINE_INSTABILITY_BOUNDARY/_kfreq/f232p6500.env,589a0e3119a8be322acc3ba1a7cc1c59fec2d322bcf4012ff9c850a0d0847f5b,a130cf0b46513d0ccf229150ce8787e79970130ee538e8ff886a4c3928d21300,2cd3d948c98af387ef4ec4efbded9c52a0f298e2,True
results/R3_RC3_REANCHOR/R3_RC3_LINE_INSTABILITY_BOUNDARY/_kfreq/f232p6500.mod,742372b404f8169ba51f3e6c7e432c6563c4a5d4b511044cb889a94dededf1f7,4fbc233c742e0da029de72dc0dac0326d73b4101e12d6849e0d8fb777326e5ba,1cfba144d8cf1c215acaaf9dfa8d09d011d32492,False
results/R3_RC3_REANCHOR/R3_RC3_LINE_INSTABILITY_BOUNDARY/_kfreq/f232p6500.prt,d8d2880fe92c526712375045d187524ff00a6fff3f0cfa61a1ac67b1a2040a7b,ad41260235318254dca939c0b6d8abecea69f4b2125118e021ba3bd65d6742bd,c6bf4a01a424f58bf21eec0ec8691619ad15bb2f,True
results/R3_RC3_REANCHOR/R3_RC3_LINE_INSTABILITY_BOUNDARY/_kfreq/f233p8250.env,af9d418aeecedccc2ae5ef5afcb31ebb9137798f4471f1fe4fca2f87676d03b8,f891c2a5868e1c96e4432ca10cacb350a8ed76284889e317d8bc9abf4bfdb844,4f43f926d8144d6817a3c0412be5855e194a1c6f,True
results/R3_RC3_REANCHOR/R3_RC3_LINE_INSTABILITY_BOUNDARY/_kfreq/f233p8250.mod,0f0130ede8ae372f49b7a70abf6da33ac4bbf532bef55fd13625daf445fa760d,4ea036bb4ca33aca4283ed6f7ca39269aa321ef2fcb91187e6731fc3542ed3f3,d9d15d6fa532c0b859402b838d78b851e8211ab7,False
results/R3_RC3_REANCHOR/R3_RC3_LINE_INSTABILITY_BOUNDARY/_kfreq/f233p8250.prt,a34907ae91ba26fbbdb62425bae364c3b28495789e8d19a450bd048cbdad1668,80310a50d076b4fe071410aa2f592109e4e57ca5a93f784ea22b6d3582e67836,71d38d321702e64db9d75a1e0bdc5c7612086f01,True
results/R3_RC3_REANCHOR/R3_RC3_LINE_INSTABILITY_BOUNDARY/_kfreq/f234p4125.env,5279f8166f2ced4d4d98a408c24b8847fa16dc11f6e01ae9e2f6913857abdf69,bbb95d8844c9f153d55e27a69f46298d4367c858d646d62c2b4a23bbee7e83ce,fde7589b726da1f14a6fffb3422037cb247abfa2,True
results/R3_RC3_REANCHOR/R3_RC3_LINE_INSTABILITY_BOUNDARY/_kfreq/f234p4125.mod,8304da52d852d057fdcf56032b54034fed046abfae2b79e904bfce8659ef686c,7dce69a3ad2147e862b7273ff4e43dea64061a9672a0ed91d5fb255755f7ebbe,d9fd5732ba7d35b709ef88202da3e9f220da54cf,False
results/R3_RC3_REANCHOR/R3_RC3_LINE_INSTABILITY_BOUNDARY/_kfreq/f234p4125.prt,40d4c426f17b27a60b8a8dc05a17d879e63cd09e787424b0cbc93ebaa840c913,7f5839b22d67c25047c3c5b2c42c6a9f9523757bb382ae56c2c6ce00a2291abf,06b6f70f26dc955af710fa9fe214f13d38ca3bf9,True
results/R3_RC3_REANCHOR/R3_RC3_LINE_INSTABILITY_BOUNDARY/_kfreq/f234p7063.env,38de577702c8baf114829c91725d8fb5afeaf63895133dac0c49377231da4ba7,50550fc02e583de20e5c598c9b4d715411699d648d0e7f4b54e79384d72df182,a3f908538e2d0a75d2b2db8790dbd9454815e329,True
results/R3_RC3_REANCHOR/R3_RC3_LINE_INSTABILITY_BOUNDARY/_kfreq/f234p7063.mod,8cb2738e9c1656ec63f00a79afb9b0fe0e06feaea680172657b0e9cfdf71c528,94c844745aded31c7b13f2184b826b77a21ebc2aec71cd512e1f0e2d4c1165fc,4c952533f750db1abf38d2625d2dc8c4c0604579,False
results/R3_RC3_REANCHOR/R3_RC3_LINE_INSTABILITY_BOUNDARY/_kfreq/f234p7063.prt,d5e144509ac13aad78cd73083d8504aba95a724a7ce8b0c72bd9dc0567cce053,1d707d4cb8c2be8e5f10d038a63a4d4a9325345caca8b1b1f84b1063854f2c11,26c5058dfb58bed8a75c91d6a8a56184a5b2ef29,True
results/R3_RC3_REANCHOR/R3_RC3_LINE_INSTABILITY_BOUNDARY/_kfreq/f235p0000.env,caeec7ffb7f0f33bb0a7d8088fecd0eaff52d4b392316d2ffbb23089143f34c1,cdef1141b62f068bfa857c28a66041c4125e394b212ee0fc6a55e911ae544c54,019e67b675f8f2dea54a7cc006aea8523a3fbd47,True
results/R3_RC3_REANCHOR/R3_RC3_LINE_INSTABILITY_BOUNDARY/_kfreq/f235p0000.mod,503c0b271ffa6db6e5ba473cf071fbf1886be2347e0d12611fa8fcf23a9d055b,af88024465aa95efe3a6a667784b34a8e15173b6efe6c030ce5c817ab21ecb63,2b2dff37a19e6de14699d4197c0e14358d868ef6,False
results/R3_RC3_REANCHOR/R3_RC3_LINE_INSTABILITY_BOUNDARY/_kfreq/f235p0000.prt,71f69a3a31abd284d1ec958dbc40a0edbeb2557e602848d31b5474b5c5686a2a,43a28b119865f5951dafafcf8741398d2dcbf2f24b85a8ce016e61c402686349,cde2667360b008f103a0cb0cfe860e39a4eaad2e,True
results/R3_RC3_REANCHOR/R3_RC3_LINE_INSTABILITY_BOUNDARY/_kfreq/f235p2937.env,6a4991fe44160fddfe079bcfe10dce269052bc8bf10458ae36b925e53cda459b,a330ffe1254a420bf1f3ea9f9048064874f0b46acc7d2e0a56341e6791dcbcc3,cd8ee49b0035f93cb627dbc23ae5ab41ecbb6ca6,True
results/R3_RC3_REANCHOR/R3_RC3_LINE_INSTABILITY_BOUNDARY/_kfreq/f235p2937.mod,796a93e2e2a36aa1db1171e7c10c731526d71f5bb7cd4575b9b283ec1220cfef,796a93e2e2a36aa1db1171e7c10c731526d71f5bb7cd4575b9b283ec1220cfef,272c03e1a7407b4074f49c737a9534243526e73a,False
results/R3_RC3_REANCHOR/R3_RC3_LINE_INSTABILITY_BOUNDARY/_kfreq/f235p2937.prt,d3088ea0c03d09e6ece7d80e5ea1c2d3d6c8aa158219f098acc5ff4bfaf02441,23d7439b1a5dad69e132c415d68c66554deec604b4aa4aa26685b14a636654d6,03c1eabdb82fef31e0f09e02133abe21b95a859c,True
results/R3_RC3_REANCHOR/R3_RC3_LINE_INSTABILITY_BOUNDARY/_kfreq/f235p5875.env,ca18eb68b70f70008e17eb25e21fcbbb3eda006e5c306f39d5a58a352f341df1,401ea525c1ebeffb076865551aba739ca3ecebc317212682f8d4135d297876c9,1e9ad2e14f42e3f6806c55dc62cee9f2b017d305,True
results/R3_RC3_REANCHOR/R3_RC3_LINE_INSTABILITY_BOUNDARY/_kfreq/f235p5875.mod,74b81a702a27f85f02706dc23f14d9bccec17d12650b01a8d81359b1b6a1fd2a,74b81a702a27f85f02706dc23f14d9bccec17d12650b01a8d81359b1b6a1fd2a,3553bc37e10588fe5816dc01e56d5eec4cc2bdcb,False
results/R3_RC3_REANCHOR/R3_RC3_LINE_INSTABILITY_BOUNDARY/_kfreq/f235p5875.prt,bfc4531436b13bb3f755713de429931968f1b42ac44aa984e7fab9d3c9b87875,213335dfb5f60e8c9851b1e92430e4c412a68640521827fbf0614d840c35aab7,b2bc3193e3074632cc970e6a7939e40e75024b42,True
results/R3_RC3_REANCHOR/R3_RC3_LINE_INSTABILITY_BOUNDARY/_kfreq/f236p1750.env,948de37ff78dd547e401cdb13547c67c5145277e73e722d1c06df214fc42348d,c61e6cbe1e89b7e2b0d75d4566da29bd53f9fbf7a89eb2e9c1a82442772159dc,38fbacde9e9a1c2a080c8bff12bfbffca6f54169,True
results/R3_RC3_REANCHOR/R3_RC3_LINE_INSTABILITY_BOUNDARY/_kfreq/f236p1750.mod,31004aa93170bff5c4f917f24fe787239227493ef83c2ff544047413efbebcf2,41d5d81201fdb90960284a94372abdf1333a647916ffce7881aa64bec5e2fc62,851bf1f083970b020abcba37d7017bae9f623717,False
results/R3_RC3_REANCHOR/R3_RC3_LINE_INSTABILITY_BOUNDARY/_kfreq/f236p1750.prt,97d41a3f01b7812e7bd2d01188491d11eea9204be71abdbe71f3b4b6e52bef42,934f78d19487f2989e9b8ebe884fcdda8f49ddbd72487ed196b0b333c2658db2,48f3b849b0ca2b348dc764e4c0bc5af3674df424,True
results/R3_RC3_REANCHOR/R3_RC3_LINE_INSTABILITY_BOUNDARY/_kfreq/f237p3500.env,02fad98efcc43c3342d85cdb200f894004aa61ceee8f8f27d66d486d0a028b00,1588e622969cb2fc0ae29494295ae662646c3b781659c3dcae4b9934a711ef07,85b337da672b6a82ebf037645643755d104b2791,True
results/R3_RC3_REANCHOR/R3_RC3_LINE_INSTABILITY_BOUNDARY/_kfreq/f237p3500.mod,9660f2447dc228fe0398800e88280e68fee988271d9c9dea16d8387571db6821,fff977aec44e61d0e4839693e3afd3ab3fc9bea42faa8d8a173120ddce21ec2d,5163e0c77dbd24371b8d564a42f8bccc9a702caf,False
results/R3_RC3_REANCHOR/R3_RC3_LINE_INSTABILITY_BOUNDARY/_kfreq/f237p3500.prt,8723b2094536bac20fa557e3ddbf40a0f104e210572001373a65c08470fef224,2a08c8bac6cbf53e3e78bc613a1329269009e0e5fb8587d7231b4b5344c841b4,13d76ccf6db12bb74ddb4d23f5db7df9a6c0f948,True
results/R3_RC3_REANCHOR/R3_RC3_LINE_INSTABILITY_BOUNDARY/_kfreq/f239p7000.env,35920cff4fe7c641004f4c574becc4ae6f2a4657cb5a94716020647966351a46,492a54b3bdcf9702a10135298aee2a87b3aa687fc88dde951ae15ab4b068705d,4040ed69c8f53725761a8dbd6a49e6c16726097c,True
results/R3_RC3_REANCHOR/R3_RC3_LINE_INSTABILITY_BOUNDARY/_kfreq/f239p7000.mod,afc3d147a6551dced517ed98e1087bb660e890cc269c82857499142e081afe61,9f2f45cbb2fb610044ee1feaf7d7a62892e54b4cb0b7e92cd67e3df48a98a93b,a3dea6049c0ae6b0e0fc4cbdf831993e6605b9cd,False
results/R3_RC3_REANCHOR/R3_RC3_LINE_INSTABILITY_BOUNDARY/_kfreq/f239p7000.prt,b448f48d9a79444ca33e85b086a3748f0ee74c76230f9e7a37f18afaf6837e5e,f6d5d31cee6177da5f13faa36f90012afe062573e2838a6c600e73b3630b6bc2,75fa2a3b71958d638d4d06959a4fb474d15a8b34,True
results/R3_RC3_REANCHOR/R3_RC3_LINE_INSTABILITY_BOUNDARY/_kfreq/f277p3400.env,9d376bb577037e6cd4ce0daae2b9f8e57b02e2399bdb879b9e071a7f2d6bd65d,a946ee01cf3d5ad313e04c004646251725f06673a1b3dd39fbe1f4a672dd9a58,c86d9dd734c71d13f7feeb2e5f8b6c929b94cc7b,True
results/R3_RC3_REANCHOR/R3_RC3_LINE_INSTABILITY_BOUNDARY/_kfreq/f277p3400.mod,855c4fc28963b41fb18a587b0c854d9750bb87407bfb543faf713d427f49c8e3,95cc294cd67fbc0f4aaf362416cecb516f501ed02d5f2843815f8d04ed21f5fa,d9747d41cfa82725d0951c989e301fc1ceb61f1d,False
results/R3_RC3_REANCHOR/R3_RC3_LINE_INSTABILITY_BOUNDARY/_kfreq/f277p3400.prt,85cde6a24d18b4123e9475939c691e18496a0fcbccaf8635f6f04f9fc3ec5e8c,93f50b0d7889d280d115ce85920e866a39234d4204857d8fc82625cef6725ff3,4dacd1ef2f1aeeecd56f181d338b8c0ba6bde3b8,True
results/R3_RC3_REANCHOR/R3_RC3_LINE_INSTABILITY_BOUNDARY/_kfreq/f280p1700.env,4e8ed1595d5487a69b70daf8192085e7e24fc7d69a4df707c86d6d3bd709c8da,c03b61cc9e6968786b645af0ba3c5e71f637935bcf67a52a19f28547f5c6b9ca,427d4b7b69162816d3f961076c6f4fa789dd590d,True
results/R3_RC3_REANCHOR/R3_RC3_LINE_INSTABILITY_BOUNDARY/_kfreq/f280p1700.mod,d56016be7afe1fe5762981369eaebfc445ba7f9c936849f2d83d6882d23ec7a3,29fcf376e80655642441583e68b6b3258ac9e36d28bbc7aa58366ebfd3871493,86c06701b243cc5736a795916094e580ec71aa2d,False
results/R3_RC3_REANCHOR/R3_RC3_LINE_INSTABILITY_BOUNDARY/_kfreq/f280p1700.prt,a367d98ca5732cbad07219fca16881d0d84cb462765a194ebf65725e76e627ee,d095e0cbe8b5e70157347f9b17c1dfc957e02e587d003a8c2e475b9d167cc068,e22f24a989b70fd9a7efc197bdd4659c27310ef9,True
results/R3_RC3_REANCHOR/R3_RC3_LINE_INSTABILITY_BOUNDARY/_kfreq/f281p5850.env,5da9ba0b7a61274a10807d8b7efe4b501231a101ffee55e6b3c779d020e42a8c,9b67ef50ad3013bd49f774e9d5b3d0777ee093da1dc8f42105da7a08cca1e959,cfa2a83c9861afd763413584da3d51cb99005d3e,True
results/R3_RC3_REANCHOR/R3_RC3_LINE_INSTABILITY_BOUNDARY/_kfreq/f281p5850.mod,cc531d4d3c1c0d314b316f087741f2f3ef128429b11e63ca8b37a7f3049efb53,c180816b7ee462235ff49933e196d69e76569f9695996019352532e9d91cdaf3,50a83925eb8ee37df069a737b4f15fd65c6965e0,False
results/R3_RC3_REANCHOR/R3_RC3_LINE_INSTABILITY_BOUNDARY/_kfreq/f281p5850.prt,8d6518a5d75f7528f7a1711668b7510cc0f70b1566db13f755b12f0895f69414,1793ceff9f29c514fc6593a316f2a7c2cc816ca979daf5644eca5e95c72a4d31,2e5aeac4bd2a65d44740227420c0db43045048f7,True
results/R3_RC3_REANCHOR/R3_RC3_LINE_INSTABILITY_BOUNDARY/_kfreq/f282p2925.env,85a915978d25a69186a20a08edac79f53098b2f1cf52f7fb7d233bc6f671df7c,f2c332f1d1dcb1c383ec7ca2f99d502463e77679ebfec7489e81503336dfa85f,31167665f208527f6cf6e233349c7940117555a4,True
results/R3_RC3_REANCHOR/R3_RC3_LINE_INSTABILITY_BOUNDARY/_kfreq/f282p2925.mod,9c9d95ea7fcfe324fc01927beb0aa1af7375f6d2d684cdff2bf43fd91b879633,ecb9f97356c0ec15adec97f5eadf688a2722c1d9edf97fd50a27699f3f39c887,cea5ca8a8704fc471a20980dfb7b19a3ecab7a05,False
results/R3_RC3_REANCHOR/R3_RC3_LINE_INSTABILITY_BOUNDARY/_kfreq/f282p2925.prt,433dfb05f51ea530dabc73c34f3ec5a9828d754c5ba2ce60588447e6df3bf428,642c4acc61a7c2d06f2f571743afa2f77032b8e51a173f23fee6f5d62e464f8e,471b66efe9bd868723726f7f96e24f301e9b2f73,True
results/R3_RC3_REANCHOR/R3_RC3_LINE_INSTABILITY_BOUNDARY/_kfreq/f282p6463.env,2593983f430ecbc88b553c0a26bab43742d5a0b13a972e7ead82b2b3f88ef157,1a662291eec466fd9effaa3c0c88dbb75b22578afe6d07b76f892e39ffadaf72,a2c25eeec77a5c7b02272c97c489cae505a15cc7,True
results/R3_RC3_REANCHOR/R3_RC3_LINE_INSTABILITY_BOUNDARY/_kfreq/f282p6463.mod,9d054522b5f91c6a8a76a2e3c5dc5716b31700c5faa1c74ea0a89ab8bcdacf0d,2a8179457e2ec2f65cb8cc02d055485e009623af5fce7eb253e04c0ef1841624,3927908382de4b00f2a6159167c220a105fb8784,False
results/R3_RC3_REANCHOR/R3_RC3_LINE_INSTABILITY_BOUNDARY/_kfreq/f282p6463.prt,7633e8fa02eabcd8124daaf6038bbdff496a321c02cba7dc9e785007f3ae2abf,7a1182d0eaa787fe649d631af2d6e9db49f972583ceced83c0a1fd9411b5bfb1,aee210225f7fe11c0705b7d700699218f9a243d4,True
results/R3_RC3_REANCHOR/R3_RC3_LINE_INSTABILITY_BOUNDARY/_kfreq/f283p0000.env,5e54f0efaceb357339bc6ee184c34541026b771f68297e3ff49f179807142aa0,e23da29ef03008c8b369b45417e11a9b49e9ba3a66d180c827a92d0485142c50,2a23cbd0b00bb1784314c5cf7eaaa6f5e8b3b3ab,True
results/R3_RC3_REANCHOR/R3_RC3_LINE_INSTABILITY_BOUNDARY/_kfreq/f283p0000.mod,783c7a76c6ae2b58419429406a582aa8ad4d1de916af912fc6f55d6a462e38c0,2bdaf01c766e5c14699edadebe1137b003ae7d0f4dffdea69623a34b51e44491,4baa71ca4c3de84dd438255bee2108c1ac1c2f5d,False
results/R3_RC3_REANCHOR/R3_RC3_LINE_INSTABILITY_BOUNDARY/_kfreq/f283p0000.prt,8e96faeba124cef1b37ae5fbfac27dad8fd276cf73551a032dc472e64af13ccf,fc8aeb1402ec4afc71bf531063fa4aec0dca41469c05155d08a9a8f12455cdf7,70629874f0d6d34ef33659898e7e26d62f9bc7c7,True
results/R3_RC3_REANCHOR/R3_RC3_LINE_INSTABILITY_BOUNDARY/_kfreq/f283p3537.env,a48bed5070079fbccf0518e051bf9b437fc9489988e6b0069cbd9b2422a06ee0,976819da8bb0243db94e8b191c20ca4980bdd2470471d4b23eafd2a5e4303fee,ef04428e95da70d0a0b387ae619c5afc992c0fc7,True
results/R3_RC3_REANCHOR/R3_RC3_LINE_INSTABILITY_BOUNDARY/_kfreq/f283p3537.mod,1516e65d2ef7cccc083e1ded023125b4601bddbbf9500856a2851b0da09b91e1,9c28c8d5725ab8bbeee972bcb08546f317611d5db621f7c271d9091998268a0b,e7599711a440322e37910c57eded15ef8e42368a,False
results/R3_RC3_REANCHOR/R3_RC3_LINE_INSTABILITY_BOUNDARY/_kfreq/f283p3537.prt,b204d0003215918c7c5e94a6b2db029b4365ebdd7fe4992f1563ed85dab872cd,d3f78f7ae7aef154e75d78747a004a3c8f11746ee9740c3ebd345f39d744010b,b4c81d26a7c4dbaf04a3f0be879244c757e59ecc,True
results/R3_RC3_REANCHOR/R3_RC3_LINE_INSTABILITY_BOUNDARY/_kfreq/f283p7075.env,bfc8b616af8721630701e640b1b20679133223fdc89748c66dbbdbf73ab920ab,65246652a268e6b26cb302661d97d7ca80c2446dbee9374970dc8cfb7dc855b2,a77d519bdac11226a013487277fe0d280c02ceda,True
results/R3_RC3_REANCHOR/R3_RC3_LINE_INSTABILITY_BOUNDARY/_kfreq/f283p7075.mod,6f1d699741b86a7af9463a5288e890c242b19198f02ce644e6fe402bdfa4a06c,13a62ad3d8958a88bc03d41d809ac54a3685dabb68e9cd0a7c104f95e2911729,780a308e49be9db27cb62ad1b00096d886c71daf,False
results/R3_RC3_REANCHOR/R3_RC3_LINE_INSTABILITY_BOUNDARY/_kfreq/f283p7075.prt,10bb7afe9659f3d01765112395ef89cdaa8296ad8baaf7c65cd42743898594f5,be0e209b2dfa38228325f58f9cc1c2a65d0e0c45eb67912d80c1a14c46a24d75,f1c3353bc6577c09dd3f43e14af4b0a7f00cd5d4,True
results/R3_RC3_REANCHOR/R3_RC3_LINE_INSTABILITY_BOUNDARY/_kfreq/f284p4150.env,701031ac80f361bda4e3edabc60b9e2ff9829ab9370450d60f19c6306ef544d8,a7d3d204befa4aca5a2d21efbc40bcb2e84f4379e32710cb07e83bfe544b8e3d,672060a699b672e8da1ae5aed9a774ca2d953c54,True
results/R3_RC3_REANCHOR/R3_RC3_LINE_INSTABILITY_BOUNDARY/_kfreq/f284p4150.mod,617737e2993dc96736f52a6e90623f3aec02a358230ab1c6e97c99fbcfecf56e,78ae1b5d0adfc12749837f61598a994abc09b376c28dfe5a572424f5c40e9492,a6bb7119696485d3897b5b259ca235f7f1778154,False
results/R3_RC3_REANCHOR/R3_RC3_LINE_INSTABILITY_BOUNDARY/_kfreq/f284p4150.prt,0390972746b36901688b5d6b32ac5ddb32d5aa533c35105692420ceb860c87fe,49934a24f868ee325583e88d840c99e5188cf7f4a6f4e1703c0a1383f3cc4992,a45254b1199519e017d3eeeb6dd547169bebe58c,True
results/R3_RC3_REANCHOR/R3_RC3_LINE_INSTABILITY_BOUNDARY/_kfreq/f285p8300.env,32ca7762cca55c01c967f634291adb6e33208400aa4ef04020c659cdf2b58ef5,b9089b461ea9acd6c41f4e66535831937c7f7bc6ebaf2ab7ea35e95e26811290,14eba3a13a5f8e9edcfabf900a822fd4ba05c853,True
results/R3_RC3_REANCHOR/R3_RC3_LINE_INSTABILITY_BOUNDARY/_kfreq/f285p8300.mod,30ffbf2f5dc27271c2d006e646834ca13f13f60adf0de6d7a2d8c9e7ecf64068,39a4ba6b1f23741537d901640f708f97a66484c608d9fd91ec50f7863ed2cc4e,9eb83e540d59a90686c593453bd4845205c1a673,False
results/R3_RC3_REANCHOR/R3_RC3_LINE_INSTABILITY_BOUNDARY/_kfreq/f285p8300.prt,9f16170b989e429d1ee9d7d33df7d6f648ff7057d36b32078b249fcd6f2270b9,89b5e22beba9072401aa2b905626f571b6a45d489f117b33b43d60771c25c206,67cf47a70511c760b44b3d9a56e81b36ac8e465f,True
results/R3_RC3_REANCHOR/R3_RC3_LINE_INSTABILITY_BOUNDARY/_kfreq/f288p6600.env,eaa3559e38e84d75a0193512b33847004c99e3541b894339f79e5cb51100ec15,6f74a62f3415de9fa3294b489521f18add473c4cda98f34be0c9c6257112644a,212fb3e1188e4b949c388758eca8a9981cca79e3,True
results/R3_RC3_REANCHOR/R3_RC3_LINE_INSTABILITY_BOUNDARY/_kfreq/f288p6600.mod,8744b408aae76cc82d48e88d83081fb216539697bb44de831a5617ff3b4aad52,fd151e9f18ce629599ec0b17195155bfa24b65557172b91eaf47b75c9b877dd3,dec695d3aaf47ad6a028ef6d53e1e3548c86be4b,False
results/R3_RC3_REANCHOR/R3_RC3_LINE_INSTABILITY_BOUNDARY/_kfreq/f288p6600.prt,95afa76b1d369c9af70e917f9c9c142dbb1a1350b00feb1ef8f9f2e4dd09c361,dab685e573df139c2e5a654bd5c98146224251e20b3c3b340060703f72e65fca,69d29fcb8c886dd31f573b3af338650f5d9635a8,True
results/R3_RC3_REANCHOR/R3_RC3_LINE_INSTABILITY_BOUNDARY/_kfreq/f331p2400.env,21ddf20e0622483e57f89a60444d557bb28de0d1afcbc1e2acc0e13198c1be7c,ab41ff2be3aa3197c16305e8cbec6878d1534778597adfe8ba5393024dbd6658,6360d67f1fa77a13d45d3a66a87527c143c2faa7,True
results/R3_RC3_REANCHOR/R3_RC3_LINE_INSTABILITY_BOUNDARY/_kfreq/f331p2400.mod,2eccb9ee44dfee875487d5691bcdba55bba69e30ba1caac712b687274c0c66be,c5a6e4fe698d1a0d8c84875e3e88a128d19e9f7b3f8bddaeb9da02d95b108b1b,a40d24ee2d44b869c154f4aa2b7462d3d63736ee,False
results/R3_RC3_REANCHOR/R3_RC3_LINE_INSTABILITY_BOUNDARY/_kfreq/f331p2400.prt,0daa723c2c1230720a95be479039dab5c1448a0c7b7d8bf17962cb13cc530dad,e5fc791849619f57e8d855d7ca9fc80d87c9e1cab67fa3c7cb6c1a74a2044ff5,92016bc05d905c38e5a6c13fe0ebef7aae462c4f,True
results/R3_RC3_REANCHOR/R3_RC3_LINE_INSTABILITY_BOUNDARY/_kfreq/f334p6200.env,61942516883ed461ec0b07041798445f851f33257c742fca0320ff5e637ae96a,c53173480ffe365d88cd5de066c5d5e3729b938a4c7f74b011614e195557beeb,e2585516bd39e7c06095c189cbfd4fb07c5faff5,True
results/R3_RC3_REANCHOR/R3_RC3_LINE_INSTABILITY_BOUNDARY/_kfreq/f334p6200.mod,ca852275eb9875e5ac9c37d8a3f4d50088938367f1082cde124c914732363014,ca852275eb9875e5ac9c37d8a3f4d50088938367f1082cde124c914732363014,b69c64c9d407ed5491bbb8fc8f631512b376fee1,False
results/R3_RC3_REANCHOR/R3_RC3_LINE_INSTABILITY_BOUNDARY/_kfreq/f334p6200.prt,8291e696cde96835a253c5f8cd7bf5f0f9e89af84c7ef6dd21f29bf431ce2f1d,1c26e333ee9893c7805b1aeef9f8f087d1a5227c681bce94132694879806e199,f7e3ffa1d7a0a89cc7cf7f5f126ab8b27a2b657c,True
results/R3_RC3_REANCHOR/R3_RC3_LINE_INSTABILITY_BOUNDARY/_kfreq/f336p3100.env,aa7d7247a0b4c0d8e4e002b9e909ba35532be973ac188e91c44bdc0962e52c84,dc5a096b63b0f8383566c93c2d36d0e68cded74a6f301dfbb46e8cb8ba097650,a13ed50c39b38d053e6f1b9070d9796a4060db4b,True
results/R3_RC3_REANCHOR/R3_RC3_LINE_INSTABILITY_BOUNDARY/_kfreq/f336p3100.mod,bf4b1f8125e524ee1c9580e3fd0caea47d3a8c1bf35453205be2fcba452a8c46,add9900507fe95cac4040f2fdb7313486df4fab3785eb3b9f102c9a8e8776290,2637c3d4c8714145a2d956c0f7da1ae2640fdd16,False
results/R3_RC3_REANCHOR/R3_RC3_LINE_INSTABILITY_BOUNDARY/_kfreq/f336p3100.prt,4c876ddcc3bc3058286c90e2c82d1bd25a9114681e6b5cf1dadb4f546b8be267,95eda0dbf9535b0ef70c58089d0209866fa6ae48f66f23743836213ed7bc3b4e,b03fe732626ec25ae56236c67b29c274eeb24437,True
results/R3_RC3_REANCHOR/R3_RC3_LINE_INSTABILITY_BOUNDARY/_kfreq/f337p1550.env,3abefab0445ed22ce6ebf177e28ad3658fa21e27d5d8e0d4cf7441530777bc79,d6e4a33738adb180e1a8ea800a14ef974bc18d2c0e4c466881c054f3a24ef348,784b2af8bafec39d240760646a040b8f6736c66d,True
results/R3_RC3_REANCHOR/R3_RC3_LINE_INSTABILITY_BOUNDARY/_kfreq/f337p1550.mod,605e405b3c48ff5cdb45510d3d131cc606a4bb8c8e6529e14f02539de237a485,18b529317aa8f509b93d4236278382709e288caabfef07902be346d7995a7e6d,9aadfd93fdcc1bb37c76ffe04544b92bd3c3a5ca,False
results/R3_RC3_REANCHOR/R3_RC3_LINE_INSTABILITY_BOUNDARY/_kfreq/f337p1550.prt,e2f1483d9ba4c05fdc78ba261a30f497fb33f908a3e5f5ffd8feeb0cfee0e997,b25692c786e0b19dab2951d50b1c86c1ace0762b25f81aba1ca56ffaa208e719,c72b970f5d0bf3a853fa3fdd229b0cfbf56aca26,True
results/R3_RC3_REANCHOR/R3_RC3_LINE_INSTABILITY_BOUNDARY/_kfreq/f337p5775.env,786c1714271f4e1c120896b73cb6c9429b72c6abfc13579e60f796724c588090,0282abe675d4ba03522eaadea35bffbade03b55ef249b1c55f63f30eb0ff945a,67c1a091a1d6f01dff9f299e1af4456f15fa0fad,True
results/R3_RC3_REANCHOR/R3_RC3_LINE_INSTABILITY_BOUNDARY/_kfreq/f337p5775.mod,0fa2d0fad1a07f7cba1025963928086a4dfd260aa84e44f769b0377bf412c989,f240834e005b06ee9b05a4d6efefb4f461127efec74b66f921a390b1e2c8bd9b,f783ec381c9cee3fb80d07c8fd86ba221e657b44,False
results/R3_RC3_REANCHOR/R3_RC3_LINE_INSTABILITY_BOUNDARY/_kfreq/f337p5775.prt,132d30479eb1593063f2e58e86d992a5e9b22894df8bf1f15675edf9f8a78a76,dd63759d0e94c8e43e57669436700a82a2d17acfc9630880b23a176186953d17,a199641bb79953ac5a6e76c7a616697d61f104d7,True
results/R3_RC3_REANCHOR/R3_RC3_LINE_INSTABILITY_BOUNDARY/_kfreq/f338p0000.env,b61cc80be01ca294576a2279d482cd2c2148ebcc5dc7437e319d16a0957c8052,e6a0a72a4c8957d040e227cf870df15ebf0d12a59c40589ee08b48e0ae3adad7,a6591ac1081ac202d3e844cc64812a829908a7ac,True
results/R3_RC3_REANCHOR/R3_RC3_LINE_INSTABILITY_BOUNDARY/_kfreq/f338p0000.mod,f0cf79f640f2cab71c50b02c61d6520d6e23efa1716f26dff256671b2e2eb8db,f0cf79f640f2cab71c50b02c61d6520d6e23efa1716f26dff256671b2e2eb8db,100ade1a50faa78ab84ad6a963b452774c7d12e3,False
results/R3_RC3_REANCHOR/R3_RC3_LINE_INSTABILITY_BOUNDARY/_kfreq/f338p0000.prt,9f6d2644dde3e72b189a6493a7add3e4768801726327364bff60f1f281023c00,633b06075ee9d88f51b3c277bccfbd794f86b7c761006c0b4d3755659b2d5d8a,b1d1ed13f57c137bab8cf106a930b9158598ee20,True
results/R3_RC3_REANCHOR/R3_RC3_LINE_INSTABILITY_BOUNDARY/_kfreq/f338p4225.env,752c85176bb8f8e9435d406d4285b41f59f846041ecb6474c0db610851589cf5,14f97d0794625065f45b54fb07df49ad31935c0d3b1749b351e9bd3c152e60c1,6f79969a6868cb555b956a894b534582a770216e,True
results/R3_RC3_REANCHOR/R3_RC3_LINE_INSTABILITY_BOUNDARY/_kfreq/f338p4225.mod,e0af5ad24f00153b1f13eb92c221a6badc21dc121e67b760fa4994be29033466,02948447fa1f0e37695e6f0cb94e3e2ea791cc5f3c6ddc42b0197b494775ac36,29e44cf331ff4dd28e6e3ec748f9d8d4b13e33dc,False
results/R3_RC3_REANCHOR/R3_RC3_LINE_INSTABILITY_BOUNDARY/_kfreq/f338p4225.prt,cce52155fd1587e704954d0e65183a6374b78052d01c4415d56c492a4c0422b6,8a4693f02f8d1a3ab7b9f98e356da147523ec115173974b6f203bcbe4f713963,bf358548b20c65e9af01f2077d880764e50a5a78,True
results/R3_RC3_REANCHOR/R3_RC3_LINE_INSTABILITY_BOUNDARY/_kfreq/f338p8450.env,aecb72e68670f13725bfcf37d7415a8a3fcc4529fa41cfb360b3b5bfb2fd772a,807e0a6bfb1128a224a7d1f612863a31f521afb8349172b9397bc2f959a5e6f0,88ef83713e8e6aebd1cec0eb8316990f0deeb2a6,True
results/R3_RC3_REANCHOR/R3_RC3_LINE_INSTABILITY_BOUNDARY/_kfreq/f338p8450.mod,270e906ee9dd693bbd40bc059e9cd941c237fe0f7563459e5aa4f7080d9c7afe,270e906ee9dd693bbd40bc059e9cd941c237fe0f7563459e5aa4f7080d9c7afe,5948ec38c92247555d6908132d2d792f50d67ea9,False
results/R3_RC3_REANCHOR/R3_RC3_LINE_INSTABILITY_BOUNDARY/_kfreq/f338p8450.prt,c0fd66f61e334baae34fb60f46c981bf7ba27adb9d9cddca6951d318f859ef61,4698a72abb484ac921558d3f884568b2192e9e88a8a1422227a2a7058d8cff01,2ef8eaefa96c10f115f37ee665fc67a898887bd8,True
results/R3_RC3_REANCHOR/R3_RC3_LINE_INSTABILITY_BOUNDARY/_kfreq/f339p6900.env,e8bfc832f04f8ef07c1a52a0a1665981083b799abab0d13b1923a42e56e242ee,7b2701a2556c65febbb9f6cfa4dccc6d81c6c9b898697020515ef64abecf4e97,c84a353dce4e8eb509b9ce4ba5222300b9e4c9dc,True
results/R3_RC3_REANCHOR/R3_RC3_LINE_INSTABILITY_BOUNDARY/_kfreq/f339p6900.mod,9d9b648331ec8248d0bf9e469f0b2ab834014400ce648193e65126efa909309f,bf283de019f019bfdb183381e075df1e1f2a9849986697671108bb925a82fdce,b6a12cda74acc22f2ef3f71f3cbb6d69e05c3701,False
results/R3_RC3_REANCHOR/R3_RC3_LINE_INSTABILITY_BOUNDARY/_kfreq/f339p6900.prt,e8dc66b397ecca7dd1f1088e5ad061429c239d43037933d43da3961f3c217b59,db5621b87ae32dfd4dd3fe7322ee958dd38db2a5a43b559df4336e9163955497,2f6ff63f8e8492a74310182fcc78e84b8e8ded93,True
results/R3_RC3_REANCHOR/R3_RC3_LINE_INSTABILITY_BOUNDARY/_kfreq/f341p3800.env,d0e86640d78f3b9af00f70849f25307bc19aecba0e2cda4a85d7f922aed7c211,e653bcfee83cc3041f1500ae5b204d2c9859de20b0b1ce19a496ed675091f7ef,6907e465269e59ee1058249f4587f4822ff6e81c,True
results/R3_RC3_REANCHOR/R3_RC3_LINE_INSTABILITY_BOUNDARY/_kfreq/f341p3800.mod,7f59970eea438a310b037012c5cdeb1339793d52e9e1aad2236946cea958f65a,c15d4eb2c033474c008823a1ba8cadf13911bd73d79712259dc9c70d3beb126f,e291140fa918685c61c665ad0258ad6db84cd906,False
results/R3_RC3_REANCHOR/R3_RC3_LINE_INSTABILITY_BOUNDARY/_kfreq/f341p3800.prt,631d5c73a85fba7e1333c9f1c0eafe0a68dbad4188fc0fe65e6265ab20693c59,2553a3514a182a85c2d9a187b507ae6705f754b6b6cb4d7a0191aaa98614afc2,4fc40d1d6c7fa8533cb4e37605a8d1f039442c6a,True
results/R3_RC3_REANCHOR/R3_RC3_LINE_INSTABILITY_BOUNDARY/_kfreq/f344p7600.env,74aadacabcd630203601576df953f87a8dd8898c464cad9760a6e9e3ad58346c,c1cedfa5acce9c029feb2c2afbb9bc3af5ae93d751c108c3d9d826cd0df051dd,c2c7aad5e69ebe393132730bb326677d04c0fc0f,True
results/R3_RC3_REANCHOR/R3_RC3_LINE_INSTABILITY_BOUNDARY/_kfreq/f344p7600.mod,76435faad94b67dc67ea1e2f4a39bc37959ad08152c9241aca5e2f0916b45275,d9e3680938332cf6542a6465f57d40120bfcc48bc97fb8e72fa95ef511f6e4d3,f7051a5de07124affe7c1cd2ed0e9651d2d7edd2,False
results/R3_RC3_REANCHOR/R3_RC3_LINE_INSTABILITY_BOUNDARY/_kfreq/f344p7600.prt,deca3705acd245067949c74ed687bbf1e4f7cea1f94ab86bfe0d4020e91fed99,f07db64280fd4eb6393dadf772626c805f5932c6ab1406b6d188dadedabf0b14,e9702cb4571a142ee7577d820114bf95af5ada2b,True
results/R3_RC3_REANCHOR/R3_RC3_LINE_INSTABILITY_BOUNDARY/_kfreq/field.prt,4fcddda8deb935f978aa4fa80ed0973b2a21bfe7de67577fc5cd4f048c8debe7,1e3bde47d8dc00332ac30715df93750484f518d5130f1851fbd881014feb2789,0f702f1ea3ee66d1ee9d3caf442c630a572b83f7,True
results/R3_RC3_REANCHOR/R3_RC3_LINE_INSTABILITY_BOUNDARY/_kfreq/spot_196p9800penv,1fa2cdd08ce3a9b7147030c5c64b35820a2183474a9272c44bd04cd51873d8f7,802daf7c17b90ab2bd286297adb168dcaebe9f76e82a1749564758c7364a0d2a,61408b5053af0e7f42029cea15ad4d0c4dc3798d,True
results/R3_RC3_REANCHOR/R3_RC3_LINE_INSTABILITY_BOUNDARY/_kfreq/spot_196p9800pflp,50b38f050d62cc2e85f30579c732f6c2da9f1fb69d9befe35bc1e4c3d748bd77,a0f8a5331e2cc7495922028cbcf9bde08889491041adbf6c774e0420187cb197,8ef2a0c852ddd44ce974fcd4f4e3cc549ef12a41,True
results/R3_RC3_REANCHOR/R3_RC3_LINE_INSTABILITY_BOUNDARY/_kfreq/spot_f196p9800.env,1fa2cdd08ce3a9b7147030c5c64b35820a2183474a9272c44bd04cd51873d8f7,802daf7c17b90ab2bd286297adb168dcaebe9f76e82a1749564758c7364a0d2a,61408b5053af0e7f42029cea15ad4d0c4dc3798d,True
results/R3_RC3_REANCHOR/R3_RC3_LINE_INSTABILITY_BOUNDARY/_kfreq/spot_f196p9800.flp,50b38f050d62cc2e85f30579c732f6c2da9f1fb69d9befe35bc1e4c3d748bd77,a0f8a5331e2cc7495922028cbcf9bde08889491041adbf6c774e0420187cb197,8ef2a0c852ddd44ce974fcd4f4e3cc549ef12a41,True
results/R3_RC3_REANCHOR/R3_RC3_LINE_INSTABILITY_BOUNDARY/_kfreq/spot_f196p9800.mod,b338685bb39d5570fc225042bd3d476264f9ad9e18460e604df69a1f094da136,c63df8ae0a38768f906fb2770de24eb5823fc6b5bfa945e31d1dbc8b9b6eebaa,c26e7080a2f5c11c349c0c2592276322469d20db,False
results/R3_RC3_REANCHOR/R3_RC3_LINE_INSTABILITY_BOUNDARY/_kfreq/spot_f196p9800.shd,a2eab398e9ac5555347f343e42e7378b2a205226a457a442624da66881eb6811,a2eab398e9ac5555347f343e42e7378b2a205226a457a442624da66881eb6811,f698ba57c2077dd66b99061face0291e1fcc2fd6,False
results/R3_RC3_REANCHOR/R3_RC3_LINE_INSTABILITY_BOUNDARY/_kfreq/spot_f201p5025.env,1760879439dc2748a265f6aa88f1b3fb4b364b5acadbef03cc9981d4d6015565,bab781c1718af3ddb65d6e85ce1b548996fae0b848cee044d05864df041d84c9,f446af479abab7b114b42b5a650c48aa4d1793dd,True
results/R3_RC3_REANCHOR/R3_RC3_LINE_INSTABILITY_BOUNDARY/_kfreq/spot_f201p5025.flp,50b38f050d62cc2e85f30579c732f6c2da9f1fb69d9befe35bc1e4c3d748bd77,a0f8a5331e2cc7495922028cbcf9bde08889491041adbf6c774e0420187cb197,8ef2a0c852ddd44ce974fcd4f4e3cc549ef12a41,True
results/R3_RC3_REANCHOR/R3_RC3_LINE_INSTABILITY_BOUNDARY/_kfreq/spot_f201p5025.mod,3af216a69541365d5d03fcad1e41f46dbb7c7aaea451e10f4b1441d803c74f2d,91268a9036bb12e80173eaff2a24de3dc6b4e8f36ae12541a0f5631a34b4d659,c4e87641c477be6f7ed21753e9f35546a78d26a9,False
results/R3_RC3_REANCHOR/R3_RC3_LINE_INSTABILITY_BOUNDARY/_kfreq/spot_f201p5025.shd,d6c6e5ee2fb351e524e3d2537a53a1f56577226ffebbff361f06bd9d9be80c20,d6c6e5ee2fb351e524e3d2537a53a1f56577226ffebbff361f06bd9d9be80c20,b40826a4ecf2b3b5ab9de5441b80d649400f1944,False
results/R3_RC3_REANCHOR/R3_RC3_LINE_INSTABILITY_BOUNDARY/_kfreq/spot_f234p4125.env,5279f8166f2ced4d4d98a408c24b8847fa16dc11f6e01ae9e2f6913857abdf69,bbb95d8844c9f153d55e27a69f46298d4367c858d646d62c2b4a23bbee7e83ce,fde7589b726da1f14a6fffb3422037cb247abfa2,True
results/R3_RC3_REANCHOR/R3_RC3_LINE_INSTABILITY_BOUNDARY/_kfreq/spot_f234p4125.flp,50b38f050d62cc2e85f30579c732f6c2da9f1fb69d9befe35bc1e4c3d748bd77,a0f8a5331e2cc7495922028cbcf9bde08889491041adbf6c774e0420187cb197,8ef2a0c852ddd44ce974fcd4f4e3cc549ef12a41,True
results/R3_RC3_REANCHOR/R3_RC3_LINE_INSTABILITY_BOUNDARY/_kfreq/spot_f234p4125.mod,8304da52d852d057fdcf56032b54034fed046abfae2b79e904bfce8659ef686c,7dce69a3ad2147e862b7273ff4e43dea64061a9672a0ed91d5fb255755f7ebbe,d9fd5732ba7d35b709ef88202da3e9f220da54cf,False
results/R3_RC3_REANCHOR/R3_RC3_LINE_INSTABILITY_BOUNDARY/_kfreq/spot_f234p4125.shd,de757303e74c331d07ebb407c5da4a939738f44dae4f9f45a7273598f1786511,de757303e74c331d07ebb407c5da4a939738f44dae4f9f45a7273598f1786511,01feadce6c14eba0dd6d5f5e1086953dec0dbbc2,False
results/R3_RC3_REANCHOR/R3_RC3_LINE_INSTABILITY_BOUNDARY/_kfreq/spot_f239p7000.env,35920cff4fe7c641004f4c574becc4ae6f2a4657cb5a94716020647966351a46,492a54b3bdcf9702a10135298aee2a87b3aa687fc88dde951ae15ab4b068705d,4040ed69c8f53725761a8dbd6a49e6c16726097c,True
results/R3_RC3_REANCHOR/R3_RC3_LINE_INSTABILITY_BOUNDARY/_kfreq/spot_f239p7000.flp,50b38f050d62cc2e85f30579c732f6c2da9f1fb69d9befe35bc1e4c3d748bd77,a0f8a5331e2cc7495922028cbcf9bde08889491041adbf6c774e0420187cb197,8ef2a0c852ddd44ce974fcd4f4e3cc549ef12a41,True
results/R3_RC3_REANCHOR/R3_RC3_LINE_INSTABILITY_BOUNDARY/_kfreq/spot_f239p7000.mod,afc3d147a6551dced517ed98e1087bb660e890cc269c82857499142e081afe61,9f2f45cbb2fb610044ee1feaf7d7a62892e54b4cb0b7e92cd67e3df48a98a93b,a3dea6049c0ae6b0e0fc4cbdf831993e6605b9cd,False
results/R3_RC3_REANCHOR/R3_RC3_LINE_INSTABILITY_BOUNDARY/_kfreq/spot_f239p7000.shd,3dcd58c382e994f2b3e0ca1b5fa2823f19f7373e36f67ad2b10c7ab91ad891db,3dcd58c382e994f2b3e0ca1b5fa2823f19f7373e36f67ad2b10c7ab91ad891db,68d0480bcf78c40b8d8a84e63e4c4a1fd7e8c309,False
results/R3_RC3_REANCHOR/R3_RC3_LINE_INSTABILITY_BOUNDARY/_kfreq/spot_f283p3537.env,a48bed5070079fbccf0518e051bf9b437fc9489988e6b0069cbd9b2422a06ee0,976819da8bb0243db94e8b191c20ca4980bdd2470471d4b23eafd2a5e4303fee,ef04428e95da70d0a0b387ae619c5afc992c0fc7,True
results/R3_RC3_REANCHOR/R3_RC3_LINE_INSTABILITY_BOUNDARY/_kfreq/spot_f283p3537.flp,50b38f050d62cc2e85f30579c732f6c2da9f1fb69d9befe35bc1e4c3d748bd77,a0f8a5331e2cc7495922028cbcf9bde08889491041adbf6c774e0420187cb197,8ef2a0c852ddd44ce974fcd4f4e3cc549ef12a41,True
results/R3_RC3_REANCHOR/R3_RC3_LINE_INSTABILITY_BOUNDARY/_kfreq/spot_f283p3537.mod,1516e65d2ef7cccc083e1ded023125b4601bddbbf9500856a2851b0da09b91e1,9c28c8d5725ab8bbeee972bcb08546f317611d5db621f7c271d9091998268a0b,e7599711a440322e37910c57eded15ef8e42368a,False
results/R3_RC3_REANCHOR/R3_RC3_LINE_INSTABILITY_BOUNDARY/_kfreq/spot_f283p3537.shd,92146185c803aed14eb109c41bb1c6c8fff9d3fbe5992b8f5d5d1ce0d44d308a,92146185c803aed14eb109c41bb1c6c8fff9d3fbe5992b8f5d5d1ce0d44d308a,558a913fa3103d698ee56138fb8d17f5b532b5fb,False
results/R3_RC3_REANCHOR/R3_RC3_LINE_INSTABILITY_BOUNDARY/_kfreq/spot_f336p3100.env,aa7d7247a0b4c0d8e4e002b9e909ba35532be973ac188e91c44bdc0962e52c84,dc5a096b63b0f8383566c93c2d36d0e68cded74a6f301dfbb46e8cb8ba097650,a13ed50c39b38d053e6f1b9070d9796a4060db4b,True
results/R3_RC3_REANCHOR/R3_RC3_LINE_INSTABILITY_BOUNDARY/_kfreq/spot_f336p3100.flp,50b38f050d62cc2e85f30579c732f6c2da9f1fb69d9befe35bc1e4c3d748bd77,a0f8a5331e2cc7495922028cbcf9bde08889491041adbf6c774e0420187cb197,8ef2a0c852ddd44ce974fcd4f4e3cc549ef12a41,True
results/R3_RC3_REANCHOR/R3_RC3_LINE_INSTABILITY_BOUNDARY/_kfreq/spot_f336p3100.mod,bf4b1f8125e524ee1c9580e3fd0caea47d3a8c1bf35453205be2fcba452a8c46,add9900507fe95cac4040f2fdb7313486df4fab3785eb3b9f102c9a8e8776290,2637c3d4c8714145a2d956c0f7da1ae2640fdd16,False
results/R3_RC3_REANCHOR/R3_RC3_LINE_INSTABILITY_BOUNDARY/_kfreq/spot_f336p3100.shd,b3b0c9cd1178dc2a48a7242f87e2f76d30d04febb3618ce11155717fdf274ed3,b3b0c9cd1178dc2a48a7242f87e2f76d30d04febb3618ce11155717fdf274ed3,2f73a6f838bfcd9d7556bb39da1cff506ba03a50,False
results/R3_RC3_REANCHOR/R3_RC3_LINE_INSTABILITY_BOUNDARY_FIX/AMPLITUDE_BRANCH_INTEGRITY.csv,f0095e6c31729fb6732cd1ee549039490786c26effd4ff70b082213c33d20da9,8b456b3eccb8890e6705bec80195947d744a35fe9254ea94f45e163c0e3ebaf0,3794eb307d011618941c84153896ea79aaa7b267,True
results/R3_RC3_REANCHOR/R3_RC3_LINE_INSTABILITY_BOUNDARY_FIX/AMPLITUDE_VARIATION_RESULTS_FIXED.csv,6cbc387175bcd81b5e352bb52d83f23974ed0da24af12cc74d583ba1753190d8,0993e436804bb72d9aa70b45ed55fe4818e46e99f21fde9bb4971aaea016330a,923a7ab1870af7a55acb5e667b69a1700d7d8f1d,True
results/R3_RC3_REANCHOR/R3_RC3_LINE_INSTABILITY_BOUNDARY_FIX/AMPLITUDE_VARIATION_SUMMARY_FIXED.csv,5418dfe483dfba2e9fd96e6ab1a0f4a19a95e9baaece7a87d0f1c5c9e66fa8b3,a1be1859d0d0e940df11c61cf98a72e06a869a36f469d01855a91a43fd3d5f17,fe045912d38a93aea7cb8d22dfe137a56c9e8711,True
results/R3_RC3_REANCHOR/R3_RC3_LINE_INSTABILITY_BOUNDARY_FIX/FREQUENCY_DRIFT_RESULTS_FIXED.csv,4701222aabb5102ec7f3ed3718d8b4bcb137b722c7e645efeb1089f0fb004999,ad65749e76637e1673b9b16272e8b8de92152bae4887e3b519cab6d794cf2a2a,5ba738df298a72bb9ef3478427ccf49850904d1d,True
results/R3_RC3_REANCHOR/R3_RC3_LINE_INSTABILITY_BOUNDARY_FIX/FREQUENCY_DRIFT_SUMMARY_FIXED.csv,64d9e24393e2f23c42162c43ee161ea00ba3ace5bc6057583aa66bb7791ef1b1,8e2d37a37920e2e47db270b087c6d99f1892152318e7b3082eae46a243a00033,9ef2f4501c4f9c683121b7d8ff13e1b3c88303d6,True
results/R3_RC3_REANCHOR/R3_RC3_LINE_INSTABILITY_BOUNDARY_FIX/GPT_SYNC.md,9f8cfd5a14d384c27b2b9a309bbe96cbab6bc06ab786d049ffc55be07a986ea7,fd41d0ec158960078fef2b0b41766f888f2ff5a414a9f91c94f657c10c93b554,17e3bb3cd53026290bac101f523ddbbd6a6fa686,True
results/R3_RC3_REANCHOR/R3_RC3_LINE_INSTABILITY_BOUNDARY_FIX/R3_RC3_REANCHOR_5B_FIX_DECISION.json,58384c32f9f763a6e89f27e87e0cbeeac0bdcb129bf9344808a4ff7ac0a48dd9,6e3ba50a754052af94f9fa5aa8170baa1711c7c3490894b7e808743bf3e302b2,b6ba883bb76203260934857f6f3a16f44c9e54f6,True
results/R3_RC3_REANCHOR/R3_RC3_LINE_INSTABILITY_BOUNDARY_FIX/R3_RC3_REANCHOR_5B_FIX_REPORT.md,9f951b7fb11d2f61ac95404db2c5d2fc17f77d9ab962c6a6b87c133de18b4c36,20757daae6b2ee29411a1edf64747fb2803a82771792c0e8c030393c636b624e,a6fe0fab055a0fdb88219836f9e56818ce38420c,True
results/R3_RC3_REANCHOR/R3_RC3_LINE_INSTABILITY_BOUNDARY_FIX/RANGE_GRID_INTERPOLATION_AUDIT.csv,eea901eae52cc31462506f27b289aa92a309bda3118e9b2718bcbeab62bffad1,483c4611a22d77fe1ebdb730e86728756183ded60f9448ff6c92aa1b7dc3c13e,1acd377b49f5e8d39c4bc96887ac93f05e432640,True
results/R3_RC3_REANCHOR/R3_RC3_LINE_INSTABILITY_BOUNDARY_FIX/RANGE_GRID_INTERPOLATION_AUDIT.md,e9c151fff72846c312164d7557abaf0a69b25ac16723a6272d1025120751a5b4,5b55f7cab3ceb06b55a9bf9848a40f40c2805b6b9f11ed7063e0c00394d08df3,f17decf221c0023c8e5f2612e8278900c9e737f3,True
results/R3_RC3_REANCHOR/R3_RC3_LINE_INSTABILITY_BOUNDARY_FIX/RANGE_GRID_INTERPOLATION_GATE.csv,723d3b373658454d24ed05075a992ca8560a042070f5b88f6375e9eda350a3cf,35128b59230e1444f94d4ae2818e4124ff355e071987bf8c785d8deec90c547b,ae16cae10b89907e731b5ea86c66b613b75bda4a,True
results/R3_RC3_REANCHOR/R3_RC3_LINE_INSTABILITY_BOUNDARY_FIX/WEAKEST_235HZ_AUDIT_FIXED.csv,c08e674d68e9618156750a70ca6a741fd01f2e5282e8fab3fa4b9d7e515e722e,5f02718aa7b5a42a892829d3762eed215e23dca61105c2f2acc623a8d419b088,0971935bc353252cd25238876b382fe509400012,True
results/R3_RC3_REANCHOR/R3_RC3_LINE_INSTABILITY_BOUNDARY_FIX/ZERO_STRESS_5A_IDENTITY.csv,29b8932252c77127a5d6dbdf29855edbfb1be6b190e7b87c93eb9470149693af,4af8189732c89a45d6d18cc06f79723dd3e8312960984ade59d62a9f88c92098,164ab0b66c62277c8127d75a63a8edae951d3d48,True
results/R3_RC3_REANCHOR/R3_RC3_LINE_INSTABILITY_BOUNDARY_FIX/ZERO_STRESS_5A_IDENTITY_PER_ROW.csv,ef5e89fa90e632f51945781ee51e694e66130478b0d4d2f27f99b1d902c7add1,413f63fbbc8cad4b876fa504683b8cf8d736f1e99782668a95766369b0324304,43cc41cfaf5b63b2f5a272a428bd2f364b8b215e,True
results/R3_RC3_REANCHOR/R3_RC3_LINE_INSTABILITY_BOUNDARY_FIX/ZERO_STRESS_5A_IDENTITY_REPORT.csv,032348fb2d060a5896ac07208ac00444c608aa9dce7205e84cb4c4087e190a06,6faa7c74c13d73e93ef95791aac228a5b7920b3d7c8bc521ad865f6f61fc45eb,486547bf9688e4c888c14451e9bbd57d96d3cca2,True
results/R3_RC3_REANCHOR/R3_RC3_LINE_INSTABILITY_BOUNDARY_FIX/ZERO_STRESS_5A_IDENTITY_REPORT.md,8e4b1ac66ea52aaf1b6c002fef748cfc10abf3ba0a054cebb0f81dfb49d06825,5d858e3d932bbea5a248b8f60dab27c4a2e0b751be5bcc9f491719077a2b297f,03a8ca22c9dfa16cc918251e9f85dab7a9b61662,True
results/R3_RC3_REANCHOR/R3_RC3_LINE_INSTABILITY_BOUNDARY_FIX/ZERO_STRESS_5A_IDENTITY_summary.csv,1d4d020b1e0e5b01790ca13f83b96ce7b6a2aa0db467b6b87c339b2cd32b43b8,60ba65bad9a2459c80991ac7df8ec4e53bff5403dd846c27a82f3f5ab8432354,8919a4a5662ee9bf46352ded8374b2cda0ca9df4,True
results/R3_RC3_REANCHOR/R3_RC3_OBSERVATION_ERROR_BOUNDARY/GPT_SYNC.md,0e6a8f3a32a28d4d4d7b3e6c465067896c7552afed6d7a2e588738aab8e1be50,0e6a8f3a32a28d4d4d7b3e6c465067896c7552afed6d7a2e588738aab8e1be50,915405c7a561deb95ca742f1249333ee388e1eb2,False
results/R3_RC3_REANCHOR/R3_RC3_OBSERVATION_ERROR_BOUNDARY/MARGIN_BY_MECHANISM.csv,e241fa6a0343a41732b8e81bbb4a89d876897427e149c54d141e9c8d245f4f66,bfdeab2121fd1051a625e17a772255c609bb58e5ba44dbdedcbc14412ee976d4,312de7621840e96a43df07c2e57e3580da0bff0d,True
results/R3_RC3_REANCHOR/R3_RC3_OBSERVATION_ERROR_BOUNDARY/OBSERVATION_ERROR_AXIS_LOCK.md,95eb9573ea5d90ecb8740f24f7504a8fc83bd0ed4845e44ec021a8feb7f3b87c,7fced433be5ad20e7e021aeea3f2359fa3b047dbb32f41cc9340909ad95db93a,9550a21dc41520d23c40c2a99577a07e75509c6b,True
results/R3_RC3_REANCHOR/R3_RC3_OBSERVATION_ERROR_BOUNDARY/PROFILED_MARGIN_VS_ERROR.csv,a45953acaab99696809617f5f576c2edb2c662c75adf3942317d1ab90f21830a,6d11aa85a47447934ed7a8532796ec405a74213548884dd2b5a8521b1dda9cb6,c3d136ee34ccac0b9a050ac60f2a8cca5df1d563,True
results/R3_RC3_REANCHOR/R3_RC3_OBSERVATION_ERROR_BOUNDARY/R3_RC3_REANCHOR_3_DECISION.json,2b7fe89aeb317785126501ebb63553d646ce3ab55ebc9401659852f6900d1c08,a4ad904ae8a5770a4b3ebaaa5d83c0217ddb320d536aeaeca47d1f9e2723a9eb,1c15f7d5e8916277514b17af7f2f30f3af5d4f38,True
results/R3_RC3_REANCHOR/R3_RC3_OBSERVATION_ERROR_BOUNDARY/R3_RC3_REANCHOR_3_REPORT.md,b31b90b833761012ce0a5bf0ec98a90bbfbaca5de8e14b73ccc66bb13648a72a,65cfc0713e176bac9ad335ee8ca4ab0fd6a917e9b8e03df8abdde378154b8f2f,8c0b1a4cf14df2c7c9b2ecb14b7b004535550d0e,True
results/R3_RC3_REANCHOR/R3_RC3_OBSERVATION_ERROR_BOUNDARY/STATIC_RANGE_BLIND_CASE.md,b0b02adc5283a0691b3fa7eb97ab0707a4c8225db0eacf9318fcaf9e8f58cd24,9a9831dd316d89188a3e4ea13bf253fec7283a41180a4b9221bfd496f0d82088,791a94004f52ae4cc90f2ee6e3c8c7d7630a6bda,True
results/R3_RC3_REANCHOR/R3_RC3_OBSERVATION_ERROR_BOUNDARY/margin_vs_error_summary.csv,89883bbee11fb6475f101bfb450e23f3caee71bd907c82771373728efee05d5c,d120822b48f3cfa1b8b858a5eb6a1986469602b2aaa4798c0ba11d4babdc6be6,ce12643750b69938a619e57baf81634a04634f54,True
results/R3_RC3_REANCHOR/ROLE_FREEZE.md,752074620cf50e914efe194cb88c1d481294d396d8c3101eb421935107131290,9058103e68008004c964f8ba697119ac8eb5fce90d4e9481a1a206cbddb97160,12f8a2085018173491dcccab300a10a4f5289a77,True
results/R3_RC3_method_recovery/MFP_UPPER_BOUND_REPORT.md,3ef653a9c78b83d69c7a077d57a74a1244e1f88598a0373c49369b540ed52875,817f2b29d53a151351ed7826e6fb7a95d97efced451c43a0e63739078398004a,7e35cec680a1e2a30a6281733020ab1973b03cf0,True
results/R3_RC3_method_recovery/MFP_UPPER_BOUND_rz.csv,ed7ac1f36d0776d499c6f8717aaecdc49830776bcc24cb07129f751f8b5fce2b,465cdf257e58d9c9d879be94f7e4d048b20703cff8cbb1dd30b3d4d1face2f69,f743f1fe48c2971c8a87fc7a3818273b463148e7,True
results/R3_RC3_method_recovery/MFP_UPPER_BOUND_summary.csv,ca0cd6eeb4ad1c290d053e755966f9711bc02ea81a7923d78c6ed284d1da04ff,b44bf9210a66fd9fd5654835b3c1fcc94ef845136afb73a777a377ab46f8c04a,e7501dd9ae3083efcce8a87afe814400f857f595,True
results/R3_RC3_method_recovery/R3_0_CONFIG.json,d2693ce60b8a49dc12705dfa233dec853012b36bd408d0d5bed149851c196d6a,1fc90f78cc865b4966ae9f5d60a93d509295a635e69897d066a645caea74cc4b,86377eb4228b16e60f9eb51725f07380e088c109,True
results/R3_RC3_method_recovery/R3_0_decision.json,968df3a4cbd8c7f7e078b93aba4c6a5495d0dbd6eb1eb133947d7824ce56bdbb,e53e95c70fa8668799bc9ffcfaffe3508eaac42afd1797183185a73ba67bdbab,a95c3ad76b6bba344ea0549ed1cf6c762fc908bb,True
results/R3_RC3_method_recovery/R3_GPT_SYNC.md,67a8adf37345869dbac4948eae549d1e7d3d1f7e7574c9f683905819283e5a96,22e715e35ff5202be4692e36ff025671109828302f67cdc6a0f9608cee3eac29,a84398bbd39dc5ed2cff2d81d750b37bf7e006f0,True
results/R3_RC3_method_recovery/RC3A_PAPER_REPRODUCTION.md,d05c68d3314d967b06ed31cf170c9863c74799bd0f7c248a58a0403e84cb502f,ebf9902a68cf69b3576051ac6eef67ed061612878eb8731ea80a3a217f113df2,ef08e4b2ead3e2ba8dab52f66484cf2cce25996e,True
results/R3_RC3_method_recovery/RC3A_REPRO_RESULTS.csv,15eb1593e01754761aeb25d395644419cb489a398d9aeab0a6942ec0b33ffd90,da6470a551befe6780a5b8046b48336cce6a1e220754f4bb05f4afdec090387f,a085302af2af062181c19ec0375edf91dac9dbcb,True
results/R3_RC3_method_recovery/RC3A_beta_scores.csv,deedeeacd4f441d045851be19cd44835533687bf19b488b291fe9470bc68eeea,67c9a06e2d222181eecd2a29c48d7e99c0f2503026d9b3fae703de317887b087,afa5936cd4b91348397e7a0742d76b8ac4e557b0,True
results/R3_RC3_method_recovery/RC3_IMPLEMENTATION_GAP.csv,1aa93cbe62af0ab6f752357dcc83f9db39a5f73a40a7fdb5c595a05afc91eb2d,a714e4f9b2f70ff2826abcc1b3a2f5fa811c89b33b745f52abb1f9b3fad848c9,264ba17eb0d35d47ff1ac8949eb1b2c2c40b11bf,True
results/R3_RC3_method_recovery/RC3_LITERATURE_METHOD_MATRIX.csv,3f5963fffe3d63cfc604c790367b445846e008e2daa8154956d407347e4b69e2,1d271e3a1224b5e4a99d5ece4e09cc2efd2b6aaa20f999ab41bf23ec73a7a080,6a2142ceb5cf6f1bccce193994c39b2048cf6478,True
results/R3_RC3_method_recovery/RC3_METHOD_SELECTION.md,d2d4d198bd5147f7ab254cb93832a68599ee7c2441e5b595e159b15bafd24ce7,895a9630ab25012f0c8c6d208bded6ee131d2e04dac2daf5dc8cfafd14a57cab,54354f659421c885d2a095c82c1a54ec31ef6f47,True
results/R3_RC3_method_recovery/figures/MFP_ambiguity_S0.svg,9858975cd75b6f7af5bcf5cf291fb06a856e19bcdc940fc91322e7246f2fc911,57767240eb45ac0216fb400d6f2c86484f394ff5041104504312e80c3d17d5d1,6a4abde5bb89194759d09d6e936011fef14e6699,True
results/R3_RC3_method_recovery/figures/RC3A_range_frequency_intensity.svg,d992c43b69c2537fbcded35496666036e6d1c343b97832c779ac015be3b363f3,b6861bf1fd891191cd7cbc0a3ec65665943a9642c44b3a1f1e8848e6aefe5f4d,beead70cda3583780808823864243f5c528d3455,True
results/R4_A1_FIX2_ACOUSTIC_COVERAGE/.gitattributes,308a40fa1d89ae5ea4390b4c9b46a0108b09f171f07898f25d451fa0c69c4e9f,308a40fa1d89ae5ea4390b4c9b46a0108b09f171f07898f25d451fa0c69c4e9f,e11c72b55f06e648f9ab243b05b210f5bdc3a420,False
results/R4_A1_FIX2_ACOUSTIC_COVERAGE/ALIAS_DIAGNOSTIC.csv,4bf5eba1b3e11ae6b006b12a906077472b0b308a0d729c2a4e90db35ec18e777,4bf5eba1b3e11ae6b006b12a906077472b0b308a0d729c2a4e90db35ec18e777,c39019bc697e8c3437216a9a14cb81f49530ebba,False
results/R4_A1_FIX2_ACOUSTIC_COVERAGE/ALIAS_DIAGNOSTIC_DEVELOPMENT.csv,4bf5eba1b3e11ae6b006b12a906077472b0b308a0d729c2a4e90db35ec18e777,4bf5eba1b3e11ae6b006b12a906077472b0b308a0d729c2a4e90db35ec18e777,c39019bc697e8c3437216a9a14cb81f49530ebba,False
results/R4_A1_FIX2_ACOUSTIC_COVERAGE/BASIN_DIAGNOSTIC_CONFIG.json,3359de25a0dcac68d469064d0f4f53e357b93f305f86da94671b6fe4f6f948b7,e6d0464ff48e4addfc3b83192fdc616d5b825bee53d8866d59ceec8309882662,3eccf1f7f89614207e366c9c14c4414acd91d865,False
results/R4_A1_FIX2_ACOUSTIC_COVERAGE/BASIN_FEASIBLE_PROBES.csv,91e4ca6b6d82a444a1d4bfb38e0efc3aeefe050a3350b0f55f5278c155858073,91e4ca6b6d82a444a1d4bfb38e0efc3aeefe050a3350b0f55f5278c155858073,bf68d735d03c9bddcd83db293bb8c8816d0702bd,False
results/R4_A1_FIX2_ACOUSTIC_COVERAGE/BASIN_GEOMETRY.csv,fb493401faabd4d2a7631e37da46627b0fddb394b47ceb65fa4585a442eccf38,fb493401faabd4d2a7631e37da46627b0fddb394b47ceb65fa4585a442eccf38,eec24b2789fc0543a23b6feee528780cfddebcde,False
results/R4_A1_FIX2_ACOUSTIC_COVERAGE/BASIN_SECTION_WIDTHS.pdf,893df6298a70e419ff7c5d175f93caf290da92d5aecebb2339c215564f0c5da5,893df6298a70e419ff7c5d175f93caf290da92d5aecebb2339c215564f0c5da5,3a65d7284a517dd1d5a47ee2844d8b2763a10571,False
results/R4_A1_FIX2_ACOUSTIC_COVERAGE/BASIN_SECTION_WIDTHS.png,b91f376eb4ce7fe46eff7e6325f7b480b544a3c17fb573d21f7264f7a44b8292,3be5e9ee95cf6acc5ff87e574caa68dfdfdd57a3738671d32099881fcfc31341,5d24f55fd32c4bc4ee1d7b795f6b7c83c042857c,False
results/R4_A1_FIX2_ACOUSTIC_COVERAGE/BASIN_SENSITIVITY.csv,148fcb9c6e6ecd74113f71583d1dbd6c6a262bf14e33f68ebcbd22b851d9dd11,148fcb9c6e6ecd74113f71583d1dbd6c6a262bf14e33f68ebcbd22b851d9dd11,f55da5e35311e7913677ce617e32379e28d11fde,False
results/R4_A1_FIX2_ACOUSTIC_COVERAGE/BASIN_VS_REFERENCE_SEARCH_SPACING.csv,53c866ce52e28b9dd07767d67211ec167e9aa2b73757e2edffc21e14ed46840b,53c866ce52e28b9dd07767d67211ec167e9aa2b73757e2edffc21e14ed46840b,25ef0aee9041ac39a1667824c49aa920b4a116b3,False
results/R4_A1_FIX2_ACOUSTIC_COVERAGE/BASIN_WIDTH_SUMMARY.csv,7e5808151138bdecdc4784114e3e253d968ce6a63a0c39109d8f4672fdb845fc,7e5808151138bdecdc4784114e3e253d968ce6a63a0c39109d8f4672fdb845fc,6c129e52744f4beec4df850780dc08bf7911582e,False
results/R4_A1_FIX2_ACOUSTIC_COVERAGE/BUDGET_RECOVERY_SUMMARY.csv,bd185fd20eb064dfdcce152f5d6cb366452a1b8c9aa2b64c3d02625e754008e3,bd185fd20eb064dfdcce152f5d6cb366452a1b8c9aa2b64c3d02625e754008e3,7fb6b4f91b11cab385382dfe3eccc0c7d8874579,False
results/R4_A1_FIX2_ACOUSTIC_COVERAGE/BUDGET_STABILITY.csv,393b5600d40d8df4b32eab79108270ecb34efb15e9f4f84efd5937c1a9980b68,393b5600d40d8df4b32eab79108270ecb34efb15e9f4f84efd5937c1a9980b68,b9cce881ce9d6874b0ecedd91c70c1706060e74a,False
results/R4_A1_FIX2_ACOUSTIC_COVERAGE/BUDGET_STATE_AND_BASIN_SUMMARY.csv,5e3eb0779f6161059605dac226eba4f6afd58c781f802796cd67e76b32219833,5e3eb0779f6161059605dac226eba4f6afd58c781f802796cd67e76b32219833,9ef59ba554350eba3838a1067a62bebf6bba98b5,False
results/R4_A1_FIX2_ACOUSTIC_COVERAGE/CASE_DIAGNOSTICS.csv,65ee64b7438d613aed5f49b29d17bec8f4a25297f425ad2f154b9efe072a37ad,65ee64b7438d613aed5f49b29d17bec8f4a25297f425ad2f154b9efe072a37ad,10f16f5b7ee3304e97a537b777830fdb89e9f96f,False
results/R4_A1_FIX2_ACOUSTIC_COVERAGE/DEVELOPMENT_CANDIDATES.csv,0cb88ae63a7b240d91374c6980f7ddd3ac11c18d136ad31f355c9c790f511fae,0cb88ae63a7b240d91374c6980f7ddd3ac11c18d136ad31f355c9c790f511fae,4730f542a54e4a3463fa1cf7bb9515e9a05e5cf6,False
results/R4_A1_FIX2_ACOUSTIC_COVERAGE/DEVELOPMENT_RECOVERY.csv,11d8ae247f613164d5a7f0ae662b63336c6a096598052f76d73fe8a93247c05b,11d8ae247f613164d5a7f0ae662b63336c6a096598052f76d73fe8a93247c05b,da771dfd76dd05f128bbeabc04cc93d3a443642d,False
results/R4_A1_FIX2_ACOUSTIC_COVERAGE/EXACT_CANDIDATE_REPLAY_CACHE.csv,2dc0ec8c83fa87c2badece284b3c43292ed1b745057bf8b0080f6a2ea4dcccd4,2dc0ec8c83fa87c2badece284b3c43292ed1b745057bf8b0080f6a2ea4dcccd4,f7aa7b320b7436ab459e74867e107523c74608f8,False
results/R4_A1_FIX2_ACOUSTIC_COVERAGE/EXACT_REPLAY_CACHE_MANIFEST.json,f64e36f8f098d332b6f735be861c887c75ce0213fe003241e8434f19173d8c6f,2b77b826d6dd43af8b101cd675f10eefe9706af952ea93b84caea0bcc4f96d7e,91012e7460e0eefbb772b5da5e339601bc6df58c,False
results/R4_A1_FIX2_ACOUSTIC_COVERAGE/EXECUTION_ENVIRONMENT.json,cf9341464a70719c5bfb4b5fb7401b92e05e373f733b25f7a18352efca7bf8a5,cbabf68082bea2a76f071c0b6463fa9b4434883582f55829486397c6ff54d94a,0cc21677eec57a2bbfc8945e818df9f632175e58,False
results/R4_A1_FIX2_ACOUSTIC_COVERAGE/FIX2_METHOD.md,0e8eff9f6964c9bd508bb0e136f4f3637ec6c8a91471ed5d388cb48ef8cb7a93,f44f77341371cd075c12f243096d1512890c9ced6c077f85ed156898417030e9,61f6a2f5eee5feaea5bb8ed86040137c1f2a93e2,False
results/R4_A1_FIX2_ACOUSTIC_COVERAGE/FRESH_BASIN_GEOMETRY.csv,f913b1aae68e1983db96e47be0dc56dfd8525321836ec746ceb66428a2eb51eb,f913b1aae68e1983db96e47be0dc56dfd8525321836ec746ceb66428a2eb51eb,3e428ac477363f6559e0d36c0349f7a47aae55bb,False
results/R4_A1_FIX2_ACOUSTIC_COVERAGE/FRESH_HOLDOUT_CANDIDATES.csv,972b8cc1fc36f2e574912e07808df6617eae369a3d1597a5cf28b1344c97cc94,972b8cc1fc36f2e574912e07808df6617eae369a3d1597a5cf28b1344c97cc94,9675cee9083a876510d64402b8e4dfe7991ff248,False
results/R4_A1_FIX2_ACOUSTIC_COVERAGE/FRESH_HOLDOUT_DESIGN_FREEZE.json,7bd3536435e6069a5b24c15764195e72ea612b899f9969c555f678160412e446,44c3d66485eb8389a2e4c79680cbdec9f33ab2c7359ba84f862caf05ca70da5b,682db91ae524716bbb54c7cdefbe192f7929e81c,False
results/R4_A1_FIX2_ACOUSTIC_COVERAGE/FRESH_HOLDOUT_OBSERVATIONS.npz,14f8d410176b00100f951018f75047c708148a541093c377221a0c268c9f3e43,14f8d410176b00100f951018f75047c708148a541093c377221a0c268c9f3e43,8cd20a69025a2f10f8ef947f2169593e7e6fa4cd,False
results/R4_A1_FIX2_ACOUSTIC_COVERAGE/FRESH_HOLDOUT_OPTIMIZATION_LOG.csv,4edcf7a66895582317ff0b04eb96ac6b254b12ae76141f844429d7ae48ee6752,4edcf7a66895582317ff0b04eb96ac6b254b12ae76141f844429d7ae48ee6752,410f64b9ef4beb4f7b55d1908bd07b54e2affc58,False
results/R4_A1_FIX2_ACOUSTIC_COVERAGE/FRESH_HOLDOUT_PANEL.csv,223193eefec9c8b666fed23315e4514e6edf972813665cd937198ca064bcb14f,223193eefec9c8b666fed23315e4514e6edf972813665cd937198ca064bcb14f,5ea86356bbc1d3a0363968b6d8e18b80c9509976,False
results/R4_A1_FIX2_ACOUSTIC_COVERAGE/FRESH_HOLDOUT_RESULTS.csv,d85dfb8f6cf5bef969d98895db2f2e255564f41e4f5992a8d144db4cea2dc7dc,d85dfb8f6cf5bef969d98895db2f2e255564f41e4f5992a8d144db4cea2dc7dc,1858471ff79ece33f31f06678afe698d7a9eae59,False
results/R4_A1_FIX2_ACOUSTIC_COVERAGE/FRESH_HOLDOUT_SHARD_0_CANDIDATES.csv,197ca148492c538a9a6757d9940ba050cb29272fbdda86653382a376f8957845,197ca148492c538a9a6757d9940ba050cb29272fbdda86653382a376f8957845,dee5ebee9770ae63f94f22167f655cee34c69e9f,False
results/R4_A1_FIX2_ACOUSTIC_COVERAGE/FRESH_HOLDOUT_SHARD_0_OBSERVATIONS.npz,21677f21b3fb8c269d53cd8b25bc97e286c6e010f154d97ea0a73e527ae28f27,21677f21b3fb8c269d53cd8b25bc97e286c6e010f154d97ea0a73e527ae28f27,ccca93632f264f1f464b43bfe1a3304f5c41c401,False
results/R4_A1_FIX2_ACOUSTIC_COVERAGE/FRESH_HOLDOUT_SHARD_0_OPTIMIZATION_LOG.csv,b09aa74c4ba76dc29833cfafe1f8d04254c888ffebc4d7083e7fedbdd901f947,b09aa74c4ba76dc29833cfafe1f8d04254c888ffebc4d7083e7fedbdd901f947,4e4efe1645470c75f2c3a48f1075295acb84c92b,False
results/R4_A1_FIX2_ACOUSTIC_COVERAGE/FRESH_HOLDOUT_SHARD_0_RESULTS.csv,ae063ea93b4075be79b001f1c41e3e2c93eee53711f66398dc5569d18106099d,ae063ea93b4075be79b001f1c41e3e2c93eee53711f66398dc5569d18106099d,038800e44bfbf200078202429faa262b82181a72,False
results/R4_A1_FIX2_ACOUSTIC_COVERAGE/FRESH_HOLDOUT_SHARD_0_STARTS.csv,05d3ab86fb4dec0e5e2c0912f656803a1d0ed6480295cf5621a723a018c2965d,05d3ab86fb4dec0e5e2c0912f656803a1d0ed6480295cf5621a723a018c2965d,1fccf6eacc2aa1da351f5363d77f833ecb682dfb,False
results/R4_A1_FIX2_ACOUSTIC_COVERAGE/FRESH_HOLDOUT_SHARD_1_CANDIDATES.csv,03a2a3b5c6e39dbc21531d500640fdcf1bfa1d296c479208c23ba0b65567b68f,03a2a3b5c6e39dbc21531d500640fdcf1bfa1d296c479208c23ba0b65567b68f,29bb6244f5122f5a07687c05360c060225503b0b,False
results/R4_A1_FIX2_ACOUSTIC_COVERAGE/FRESH_HOLDOUT_SHARD_1_OBSERVATIONS.npz,ce9c09d6ae0d301a40d7ba96fdf8a8a34bd81e0e3aa27eeccdf83d5c2572ee2b,ce9c09d6ae0d301a40d7ba96fdf8a8a34bd81e0e3aa27eeccdf83d5c2572ee2b,45e5ffbb43c67bb75ac35a905b1365d36910b013,False
results/R4_A1_FIX2_ACOUSTIC_COVERAGE/FRESH_HOLDOUT_SHARD_1_OPTIMIZATION_LOG.csv,2bab25a195307b529b32c8ece50b9d360f7e1b9d92ae2d68361ad90d9c718a99,2bab25a195307b529b32c8ece50b9d360f7e1b9d92ae2d68361ad90d9c718a99,fdd100735dadcbca809a4dd0c988bc739a2aa2ee,False
results/R4_A1_FIX2_ACOUSTIC_COVERAGE/FRESH_HOLDOUT_SHARD_1_RESULTS.csv,3c2d8ffa5b453d54003b9f3f0dc103ac565917f730ca8fcbc3a14501cbaab6ca,3c2d8ffa5b453d54003b9f3f0dc103ac565917f730ca8fcbc3a14501cbaab6ca,b3694eafcf1a7e163e243de113cd235c8894d6f7,False
results/R4_A1_FIX2_ACOUSTIC_COVERAGE/FRESH_HOLDOUT_SHARD_1_STARTS.csv,7bebf3de2eeb245d4538bc0dcc6177e74f752b4af74b8190fc7d70565a231ddf,7bebf3de2eeb245d4538bc0dcc6177e74f752b4af74b8190fc7d70565a231ddf,2b920bdba3cfea0dbe3fb41c9d639a94b9741ba2,False
results/R4_A1_FIX2_ACOUSTIC_COVERAGE/FRESH_HOLDOUT_SHARD_2_CANDIDATES.csv,db4c8797fcddd8d809d88075565bd858f65d43c6415654ec2608c33263df1586,db4c8797fcddd8d809d88075565bd858f65d43c6415654ec2608c33263df1586,2358aa6bb5c5cd9e571b8010fa361093c0befe03,False
results/R4_A1_FIX2_ACOUSTIC_COVERAGE/FRESH_HOLDOUT_SHARD_2_OBSERVATIONS.npz,68debc411dc7235b4011d1042382c90e4c79f9625dbc2c0e1b6aa79ab9c2a9c1,dbdff6390f8f5b519d0b9a18072173f5db10b04e5527a4a9480e573e2ca1b706,a1b286f3707a72c2f1a99044030eb87b88917402,False
results/R4_A1_FIX2_ACOUSTIC_COVERAGE/FRESH_HOLDOUT_SHARD_2_OPTIMIZATION_LOG.csv,3e1130f651ce52a48e54f2199c8a9d4340f2c99938e788119174a264ceca015d,3e1130f651ce52a48e54f2199c8a9d4340f2c99938e788119174a264ceca015d,8be71894322d9b6df73675d20f7f01bb906a75a6,False
results/R4_A1_FIX2_ACOUSTIC_COVERAGE/FRESH_HOLDOUT_SHARD_2_RESULTS.csv,39fb9d0354f324cdbd1ce99fd4b837a4635f6e1c413d6ec0f1ca7742ebdd1b11,39fb9d0354f324cdbd1ce99fd4b837a4635f6e1c413d6ec0f1ca7742ebdd1b11,3f50412c4873a9d47f40c1584b42b9b02903001b,False
results/R4_A1_FIX2_ACOUSTIC_COVERAGE/FRESH_HOLDOUT_SHARD_2_STARTS.csv,0d23b03d29d7202e36f82e9d80301c928f040b7e66ec62ae5fd5f4779e7e0fad,0d23b03d29d7202e36f82e9d80301c928f040b7e66ec62ae5fd5f4779e7e0fad,fd037ba9d23d75981c2930ac6fdd0ca20d0574f0,False
results/R4_A1_FIX2_ACOUSTIC_COVERAGE/FRESH_HOLDOUT_SHARD_3_CANDIDATES.csv,ae7c4ef8898b265001a494b77740877b64acd6d9e3d5f3f559c70f32f4de0b28,ae7c4ef8898b265001a494b77740877b64acd6d9e3d5f3f559c70f32f4de0b28,8df2871a3220ae723062faea1d04e59eb86a84e8,False
results/R4_A1_FIX2_ACOUSTIC_COVERAGE/FRESH_HOLDOUT_SHARD_3_OBSERVATIONS.npz,29f5fd933ddcd60c66b982fbc49983c49b65454f3efc58c463a03879843d96c3,29f5fd933ddcd60c66b982fbc49983c49b65454f3efc58c463a03879843d96c3,09403148e3cca1fcea4742ad82007a5658bbd557,False
results/R4_A1_FIX2_ACOUSTIC_COVERAGE/FRESH_HOLDOUT_SHARD_3_OPTIMIZATION_LOG.csv,4403b6432bebee12e7a57bf6fe08d6d7cb5c0f7a5f43fe37e958e181dd7dd7c8,4403b6432bebee12e7a57bf6fe08d6d7cb5c0f7a5f43fe37e958e181dd7dd7c8,a6edd823f5fa9a5404dd017e91118fc85d0b0f1b,False
results/R4_A1_FIX2_ACOUSTIC_COVERAGE/FRESH_HOLDOUT_SHARD_3_RESULTS.csv,e79143ba4e62d0bff3f5869f5b3c42ca7e68ef98b8155115e81ae43114486aa4,e79143ba4e62d0bff3f5869f5b3c42ca7e68ef98b8155115e81ae43114486aa4,8bf52f97d68b3b21e5972c6f8316966d2ce2794a,False
results/R4_A1_FIX2_ACOUSTIC_COVERAGE/FRESH_HOLDOUT_SHARD_3_STARTS.csv,f883c6c2efc86df35983c96fecae6b05707f95b3e12103ac5f049b4f584b1246,f883c6c2efc86df35983c96fecae6b05707f95b3e12103ac5f049b4f584b1246,082c311f9b298594fb4bbf3f33f4765466edb5d8,False
results/R4_A1_FIX2_ACOUSTIC_COVERAGE/FRESH_HOLDOUT_STARTS.csv,691ba6e9eb6fe2070022fbfcd9b8b2a226515d10d9a76e38fbfe6b3ec960ff71,691ba6e9eb6fe2070022fbfcd9b8b2a226515d10d9a76e38fbfe6b3ec960ff71,dd62a6482e11516f5c12dba9152e3ac23fb05d48,False
results/R4_A1_FIX2_ACOUSTIC_COVERAGE/FROZEN_INPUT_HASHES.csv,b4069c6071d9b0a5bc29a66fe41fcd1d4ee6dbf59b7d774f1a42eb221a0b18e2,b4069c6071d9b0a5bc29a66fe41fcd1d4ee6dbf59b7d774f1a42eb221a0b18e2,4b4bf367541786820b52e33dd3b5d5e5432f396c,False
results/R4_A1_FIX2_ACOUSTIC_COVERAGE/GLOBAL_BANK_COVERAGE.csv,efd8569de47229f048a220c3e2aea716369c4cb74e29fb0c7a25dd4da0cc4964,efd8569de47229f048a220c3e2aea716369c4cb74e29fb0c7a25dd4da0cc4964,d35c29241b853fd953ef9a2e8976fb307d6debd1,False
results/R4_A1_FIX2_ACOUSTIC_COVERAGE/GPT_SYNC.md,24dfe54db8b0e7450aa74de0bd07ded6cd09efc54f2025c369ce5c6ba617dee9,b03e9df84fe1b1afc75124d992a01d5845628d71008b6962ac12b67697313071,6f58a1a8acd79151ef0b44e66d7aae92536ed80f,False
results/R4_A1_FIX2_ACOUSTIC_COVERAGE/INDEPENDENT_CANDIDATES.csv,3ce3106e39b33cd5bc2b50c6a7d9c1c3ec354b2b21a9c0483d970b499174abf1,3ce3106e39b33cd5bc2b50c6a7d9c1c3ec354b2b21a9c0483d970b499174abf1,8faac762611290c1f7107a18209113b9b1a14b30,False
results/R4_A1_FIX2_ACOUSTIC_COVERAGE/INDEPENDENT_OPTIMIZATION_LOG.csv,eaa84436413a55a27ec5520d3c90a838cdd6ba061dddb8247bed75efa07fc0a1,eaa84436413a55a27ec5520d3c90a838cdd6ba061dddb8247bed75efa07fc0a1,18a5d54fada7f15549bf71902b943fe07c74c818,False
results/R4_A1_FIX2_ACOUSTIC_COVERAGE/INDEPENDENT_SOLVER_AGREEMENT.csv,e9ac324f36b260223719132c29b9cd4afe1a6339a74029cebfe47ddfc02d76b7,e9ac324f36b260223719132c29b9cd4afe1a6339a74029cebfe47ddfc02d76b7,1492bdd6f01c60ec03c98a57bfeeadeee89ea886,False
results/R4_A1_FIX2_ACOUSTIC_COVERAGE/INDEPENDENT_STARTS.csv,58e902dccc6c6acd7eafd9856702d503a454f5fbd3ef3d45badbcbfbe39c1308,58e902dccc6c6acd7eafd9856702d503a454f5fbd3ef3d45badbcbfbe39c1308,f27c67d096110fe51dcf6a24abfc4e03203fbafa,False
results/R4_A1_FIX2_ACOUSTIC_COVERAGE/INDEPENDENT_SUPPLEMENT_DESIGN.json,b0a56e65231efbe5d04f5f22f3bf82cf1bf7e38523175ebb1403374ebd54b674,c0a7dc681018629822daa161ebbed44e9570dd2e9727be8981c915da77d20e49,f38fe05aea5e008c082f9bfa06ee5b031113200d,False
results/R4_A1_FIX2_ACOUSTIC_COVERAGE/INTEGRITY_AUDIT.csv,3bb1b3c3c2a9b5d3a6d88eb5d6bfdaeaa2f24445d6d84f0f0ee6f7bdc108a898,3bb1b3c3c2a9b5d3a6d88eb5d6bfdaeaa2f24445d6d84f0f0ee6f7bdc108a898,b85f5f00c04c175fc8e1be195d3d58787637889e,False
results/R4_A1_FIX2_ACOUSTIC_COVERAGE/INTEGRITY_AUDIT_DEVELOPMENT.csv,857b488785f7e814bb134618ca95e822a86ceff35ff634debb83e583b853fef7,857b488785f7e814bb134618ca95e822a86ceff35ff634debb83e583b853fef7,49110960aa657348b021044a4d0253aaa09b0925,False
results/R4_A1_FIX2_ACOUSTIC_COVERAGE/LOCAL_CONVERGENCE_LOG.csv,411bb5fc3a2569d87de287651ba2dff080dbf50e6c7b0c7cdb59bcc13631f5cd,411bb5fc3a2569d87de287651ba2dff080dbf50e6c7b0c7cdb59bcc13631f5cd,a646c1a587ac157bcd3fcfe0b9bf42a942984ba1,False
results/R4_A1_FIX2_ACOUSTIC_COVERAGE/LOCAL_VALIDATION.md,30b05bc6b2cd717f9723e60f93a37ef0252f245953804b647b79d0756fe1cecc,c322977cdf61c60b7efb2494b7b28cfb6be4a6dd9fe315e7e5f898c3fef15c05,35dc717420e2a4a88c78c2919e163fd737d5a4c3,False
results/R4_A1_FIX2_ACOUSTIC_COVERAGE/METHOD_FREEZE.json,0b00b1e074cce7dff1cc621c01930ab9099a20007cd848846ac01d6bb363a5fb,4b58f764c796deb7a1ad53d7cf56314bf8ff892b1a86266d33874aa4740c28ba,03a801a927560b1d035daecb3332bb1af15d72af,False
results/R4_A1_FIX2_ACOUSTIC_COVERAGE/OBSERVATION_GENERATED_STARTS.csv,1e68b03a77c3fde6d710a13db250fdda57500142a2c521e9e1a717fac811c5fc,1e68b03a77c3fde6d710a13db250fdda57500142a2c521e9e1a717fac811c5fc,734afb8630a0f0cdd08a4bf3c772c5a743ce3c96,False
results/R4_A1_FIX2_ACOUSTIC_COVERAGE/PRESSURE_SURROGATE_CONTROL.csv,f1191e7537b55d9daec847ebe08d0c0d46b9b10fa52e2675cbf2bbecd053fa5a,f1191e7537b55d9daec847ebe08d0c0d46b9b10fa52e2675cbf2bbecd053fa5a,0067a34cf7a1e58614fc918927fa5e4104cd5ed5,False
results/R4_A1_FIX2_ACOUSTIC_COVERAGE/R4_A1_FIX2_DECISION.json,e23b76d49e7a3c84ba8abe86600f910d41eaee08c0a213aec78845258d032020,63ca2541677306676967725848681a38c85861f970c6b2e9a10f29b86039dfc9,8fe8ff9974024e8b7d86fd5f1345a1c8f6fbabd5,False
results/R4_A1_FIX2_ACOUSTIC_COVERAGE/R4_A1_FIX2_REPORT.md,24dfe54db8b0e7450aa74de0bd07ded6cd09efc54f2025c369ce5c6ba617dee9,b03e9df84fe1b1afc75124d992a01d5845628d71008b6962ac12b67697313071,6f58a1a8acd79151ef0b44e66d7aae92536ed80f,False
results/R4_A1_FIX2_ACOUSTIC_COVERAGE/RAW_BUDGET_COMPONENT_RESULTS.csv,592ebcb3c3019126b225db72eee67b0c15bda5442c48f5e04929dcd6052be75e,592ebcb3c3019126b225db72eee67b0c15bda5442c48f5e04929dcd6052be75e,9b5eb480ce511fbf4bc62e1b3c52d2cb18559407,False
results/R4_A1_FIX2_ACOUSTIC_COVERAGE/RAW_DEVELOPMENT_CANDIDATES.csv,933bd22d867f19a8dbed5c9d9cd819513b5b33194b9a49ec1224ae1cd83580db,933bd22d867f19a8dbed5c9d9cd819513b5b33194b9a49ec1224ae1cd83580db,7477d1c2c28c15efc1ad566e7f3aa66779d72782,False
results/R4_A1_FIX2_ACOUSTIC_COVERAGE/RECONSTRUCTION_RUN.log,91f6f17eeff999477fdb6e2013385073e6431498ebfb1f3a3bad5fe2b7c8e057,91f6f17eeff999477fdb6e2013385073e6431498ebfb1f3a3bad5fe2b7c8e057,7a0f5857ae935e223bf52d329af5558eae66333a,False
results/R4_A1_FIX2_ACOUSTIC_COVERAGE/RESULT_RECONSTRUCTION_AUDIT.csv,368323624a8982b4c79d2693ecdabbdfa10c27ef5ee5d9dd03fcbff561c2983d,368323624a8982b4c79d2693ecdabbdfa10c27ef5ee5d9dd03fcbff561c2983d,6a88ca48b0603481ae1e22e53ed962b33ffd68b2,False
results/R4_A1_FIX2_ACOUSTIC_COVERAGE/RESULT_RECONSTRUCTION_AUDIT_DEVELOPMENT.csv,ed9649a4968413b98df0042bc0b6e2dec120cb65ac14c3166be2654a1eff98a3,ed9649a4968413b98df0042bc0b6e2dec120cb65ac14c3166be2654a1eff98a3,78239c5c973f04b6d5df82972d3e011c9df38def,False
results/R4_A1_FIX2_ACOUSTIC_COVERAGE/SEARCH_BUDGET_CONVERGENCE.csv,18f3412e4d3af4aba20672bc08606cb64ecb0acfcd1ddd4f83914b380fb362b8,18f3412e4d3af4aba20672bc08606cb64ecb0acfcd1ddd4f83914b380fb362b8,9fd1e4bbd854ea441869cf2fbc6618c19748bef6,False
results/R4_A1_FIX2_ACOUSTIC_COVERAGE/SEARCH_BUDGET_CONVERGENCE.pdf,80a3b39ce809103b2627c24ada0339ea119538e506ac6e7f3d67d75232dbcefd,80a3b39ce809103b2627c24ada0339ea119538e506ac6e7f3d67d75232dbcefd,492b42e1f13113d0deb7360d780f26e45f168d21,False
results/R4_A1_FIX2_ACOUSTIC_COVERAGE/SEARCH_BUDGET_CONVERGENCE.png,0cac0b4b5160702adb6741d648263ef0ea9c8fb5d370f001f9fc3de0b941816d,cb55bb15345c3a51fc80d3fc54c8425ef1743c826a8fbd9c5fb0907ce0715abd,c7e1f024043748b736a2ff72f03d2f7cebdd0e6b,False
results/R4_A1_FIX2_ACOUSTIC_COVERAGE/SEARCH_BUDGET_PREREGISTRATION.json,308c9f7571a4b8ccc284087198ddb8c09f3195ed686a6668815b3ba95892a5f3,17cca580f405467630fe6c39cd0d640724b144c3063f7b738d26ae572c6ae4c0,84854d5343d240dd2de6cfe7806eb9bfe3fbc6b1,False
results/R4_A1_FIX2_ACOUSTIC_COVERAGE/SUPPLEMENTARY_VALIDATION.csv,4bbf9d68afe14ace2b28ad9d36b0f51b7acb9d419be4112944c5867a82e6fad5,4bbf9d68afe14ace2b28ad9d36b0f51b7acb9d419be4112944c5867a82e6fad5,27d6dede00fdf2df81aad35ad0237376bca3956b,False
results/R4_A1_FIX2_ACOUSTIC_COVERAGE/SURROGATE_TRUTH_DIAGNOSTIC.csv,e53d09c972d84a433778aa0c957604014fb8f9afa5fe18364319ee1f6dc0f80d,e53d09c972d84a433778aa0c957604014fb8f9afa5fe18364319ee1f6dc0f80d,a7337caaedf20b9b7539ec87c0b0f6bc0ac98a64,False
results/R4_A1_FIX2_ACOUSTIC_COVERAGE/development_cache/P01_s0.1_seed410001/candidates.csv,d220d2725a2ff8b5c21bf45b05b78a11e1e123b7dc4c55c52722f9367032bb2a,bc61a6a1fe10033be11cebd94759670464fb5a502c7bfee96339399611295a33,da1c1e79e2db9f9768580dc5d0a10d481b6d48e8,False
results/R4_A1_FIX2_ACOUSTIC_COVERAGE/development_cache/P01_s0.1_seed410001/complete.json,858910421e444ba2c02c7aba7901e351a45ff6774f0f5489c309006afe1e014a,b33e2f77055e575ecc38a2e2e600ab2099609800e7104b6a8aa5374b07bbefb1,599e680e3e0f9951a79117098207f32c3ee05a8e,False
results/R4_A1_FIX2_ACOUSTIC_COVERAGE/development_cache/P01_s0.1_seed410001/logs.csv,4323e01cbd502a9a56b4a5d45889eee5dda95c6585d03c4d9a9381738fcf2266,b4e777ec5f494e0da2e1b7f057e2c825d4a27feb203af86ccbf5de09221face6,f0bd99fa5e43ba68a671f139c2b782a48ba6b433,False
results/R4_A1_FIX2_ACOUSTIC_COVERAGE/development_cache/P01_s0.1_seed410001/results.csv,3bdd3a3c7ce043740a5b4592b985e07f7234fc68094a8fe768cee546d92eb1a0,b8e30c5bbe5e96ecfab21cf535731e9346dd74b04551ea4b1a200c7020c27474,5dd55ee8a89f2af13b86a5ef9f8385c0fa0b782d,False
results/R4_A1_FIX2_ACOUSTIC_COVERAGE/development_cache/P01_s0.1_seed410001/starts.csv,81ed01e18c5b42aa125c1cea03bf1a82afe690490d54632a3d6b11526d7737aa,254785297c35edd1e95305a8cd14eb2823033f0258b0862ddd9611eabfc10625,44a9578eba8f2895d0abe6af18ff1bc2242bb05e,False
results/R4_A1_FIX2_ACOUSTIC_COVERAGE/development_cache/P01_s0_seed0/candidates.csv,6dcca22e9bcfe094aa9732aac518fb0828d23662f78907d519b1a4f9fea0484e,7878476310ffee1b3c8ae31c10075bbe937c8033159c76aa5ef0594f27416bcb,054edfcbcd476b8882775b7de1509ff0ee3be653,False
results/R4_A1_FIX2_ACOUSTIC_COVERAGE/development_cache/P01_s0_seed0/complete.json,f419bb40a25cb9e375aea6d1b1b1c59e655690fed281d801af58b5015b9f5e4f,f7d27180a5c240aad8fa51b7468d68af21efdbbbdc4cc071b5b2506ffc4a7745,2bb322cc7f138110275868b0a88ce75ca55a07fd,False
results/R4_A1_FIX2_ACOUSTIC_COVERAGE/development_cache/P01_s0_seed0/logs.csv,b3d46ea904a0ff7a1bdfed31378bf0878a5bdef000913fc0018ff0e4a169d2b9,7886b7fdd52909398c08c382594ddeb8d621ff5e3670dab7108813ea416c3343,259070cd094ba6793fea3a39bb84dcb8be5d6d23,False
results/R4_A1_FIX2_ACOUSTIC_COVERAGE/development_cache/P01_s0_seed0/results.csv,8328f2295ac350956b34b66ff58713199d2935d40e6e81088529c9e1307de36b,d86aeacaa9aca23520a7ef49cf67d87814ee02a35442538f99ae0df9a12fdf50,0ee14bea3a231a40ff0cc527e1b2e94d0ff8c237,False
results/R4_A1_FIX2_ACOUSTIC_COVERAGE/development_cache/P01_s0_seed0/starts.csv,6062ed08a2a08202f66fb95ff103c507f1102901e1665b89ac88d5a9602553b1,d2d761104e139d2a148a338310e6637d5362cbc6d892bba3dd3b723f7de73047,1a1eecf6e83bf4ee9aa20320d8eb08b38bd0eaff,False
results/R4_A1_FIX2_ACOUSTIC_COVERAGE/development_cache/P02_s0.1_seed410001/candidates.csv,3232e8a7f26794d77034a58d74676e24b30321d8b84eb4e962c79dd0e5f8b67d,6d814d3ecefe1a182af13d17a8a35c8f92ec9ded45619e394f7928fefe8e6564,12d8ba584c990005d7989e7426ecff48ec92f96c,False
results/R4_A1_FIX2_ACOUSTIC_COVERAGE/development_cache/P02_s0.1_seed410001/complete.json,b9031ce68f0a0b0c8d900096dfe8af6413ec7b19dcbfb8b0f5fc165bf77a8c27,c190e2e814cdd8657014a5240f056b06c9873d33cf034ff0712ceb1bae39a9ee,74bd48f6f7eaa1ad38ab367b47e6229ec9fed206,False
results/R4_A1_FIX2_ACOUSTIC_COVERAGE/development_cache/P02_s0.1_seed410001/logs.csv,f859e88cd2570f986a0e9b1517dbb8a7001476afd4acf5b77b8a2731d8932f0b,c725076ca07876f15db0ff1b7fd39baafe872b75da36645f765e4ab47f73f0f2,e0b4b710496f57f099f9d11db449cd97376b2425,False
results/R4_A1_FIX2_ACOUSTIC_COVERAGE/development_cache/P02_s0.1_seed410001/results.csv,7f67169ffb6797d9e8b5714ee1b4115c7b5b104c7af122fd840d22832cc6d03c,c08b30b85a3b2b5ac43eb784129d7cac4bea5d89f646317585647c702ece7c94,0671616c1192d9b988dae8ffe8771cbd7b2a130d,False
results/R4_A1_FIX2_ACOUSTIC_COVERAGE/development_cache/P02_s0.1_seed410001/starts.csv,a203e6ae0ceb32e63f534953fabf3e5d1cb285e9cce82613489063c35b9c7269,5997e4fe8e257cbf9f6633f7ea8480312d8255f29b40c170c2d5c6db003d3f74,666d608a7898a30a6376cf99a488e37e86f5d080,False
results/R4_A1_FIX2_ACOUSTIC_COVERAGE/development_cache/P02_s0_seed0/candidates.csv,cc5f6f2790015ce586135938dff812c58e9387e6097cbce1cf39772831ff0b76,d90a8ddca70a5685fc1318b4564a5ab8e50c97fbfad64b4ac261989f3ad8c78b,49033b434a8d35d119f52f20c0f88fa2cfa163aa,False
results/R4_A1_FIX2_ACOUSTIC_COVERAGE/development_cache/P02_s0_seed0/complete.json,cbab389e4238ca417dee68afa35c23ecf7bbc65b9aa5288b99fae850da3f5644,7e2e4b746b2da696f4c7a22bd6ff9e44a363392c91abd96bfc6b31e32c96c29b,c69bea3ba607f18eacffe38a028231def4eabe93,False
results/R4_A1_FIX2_ACOUSTIC_COVERAGE/development_cache/P02_s0_seed0/logs.csv,c12b6423b78fdea34719a2d683dc6760ce86392e2867cf86390eada903dcebeb,b38aba92f8333bceaba32494d71bc37edca4de9f84dcdc372c98fede5781f4f1,11f003c9add3af73ce71cb17cf06c223fd5adf2d,False
results/R4_A1_FIX2_ACOUSTIC_COVERAGE/development_cache/P02_s0_seed0/results.csv,8408a39194c57c786e873c9a544875376b3d1b89288fc9bc1f069f7bb75a575e,696ab312a52eae9332f0397b03ec01364b3049e746e0e91f251d7cff9b1f1515,353d53e2a233fd4fa174563cc7efaedb466057c3,False
results/R4_A1_FIX2_ACOUSTIC_COVERAGE/development_cache/P02_s0_seed0/starts.csv,6c9b7b61c92ec7c5f2b7e5f3226d3a7c28957f7ca639debf059209b1c4a6413c,3209fd7a0a40b6983da87d1f017067fc636c6c6ddfb24b68900adf466f29a97e,39e959ffb56fc0b9bd3ce2ac4376c3000eb00783,False
results/R4_A1_FIX2_ACOUSTIC_COVERAGE/development_cache/P03_s0.1_seed410001/candidates.csv,d5fa55b5d15e15e4274c8bc59622959a9eab4244fab88a81a7fea4e4b64b70cb,8123b5ccfb9acfa6777eed8595e10588f8a0e4a01106359e32e31f8e91a75a3d,fc2a80406220b0c9fab91b93e3472e572ab9c1e4,False
results/R4_A1_FIX2_ACOUSTIC_COVERAGE/development_cache/P03_s0.1_seed410001/complete.json,da5fc9cf777057741f89ab907b8d9fe362421fe903205d7b144c52ecc638cf10,367cbcec07b0aae89f66e1b6270e5d6ed8c054cb6928c8c8e06380979008363e,883e32d7dfff27684f28c6474b9e69261dbeebdb,False
results/R4_A1_FIX2_ACOUSTIC_COVERAGE/development_cache/P03_s0.1_seed410001/logs.csv,4b4d49443de6a6ff6f46c9edb8d9552a5a6a5585e442a48232bdf2765d42f224,25a1ff507f1352fb81f879729eed606655ecdac9b9229ca59654703da3af71f9,b3a1b7857de19fcbf5e541fb1f7bc1c9d21a708d,False
results/R4_A1_FIX2_ACOUSTIC_COVERAGE/development_cache/P03_s0.1_seed410001/results.csv,a6423b70833f60fe49f81fb6c419d621b48d949cf66e30af18aa2af77a2c162a,c9524ebba8b16eed48ab6fdaa76b7c90e4784a54417d6658d0746c07e1c9ff29,b20f38500cd434b9bd6c8e0634c82cc1dd53dabd,False
results/R4_A1_FIX2_ACOUSTIC_COVERAGE/development_cache/P03_s0.1_seed410001/starts.csv,93c58ac47bd6613023359f4da77447843ed9eee3983b3571ffd92d42bf77a2dc,de566e8a59143912ee140965d2f27551adfee0ee69e13bf90c6a13663bf508b7,9e97076e28c35daeb927bed4da3c1ecfb6503998,False
results/R4_A1_FIX2_ACOUSTIC_COVERAGE/development_cache/P03_s0_seed0/candidates.csv,ef2bed323a61ce8bbdf6b010ddfd14e1637b29abb34377a332b2760f7f53166c,9243a0546f473ba015d20decd3a26902284dd5084455465a950880065645474e,3f848ba2fb8b79d1182b8763bb21275afba014e4,False
results/R4_A1_FIX2_ACOUSTIC_COVERAGE/development_cache/P03_s0_seed0/complete.json,526658a638d655d195d8e65dd3edc681e1bae5ac4a9263213aa19dd8c0063ae9,8fc8c31b11c6708881ee6283a507118aa131a0a647b21fd3e103944be08d1190,653fc3f6b4f2cf8957d9c425b1ca59bddc3cb599,False
results/R4_A1_FIX2_ACOUSTIC_COVERAGE/development_cache/P03_s0_seed0/logs.csv,3ee569223169599d571f35a628eaf9934d756d2d790ae6dee0b2d3f98eaadba7,3dad65eff6959d18a6787508a24b9ccdb4eb0d55c679375658eb0afb0d662fdb,eae31e717ef81952adcd7ce78f38bbc5ed8d165f,False
results/R4_A1_FIX2_ACOUSTIC_COVERAGE/development_cache/P03_s0_seed0/results.csv,e3f84f72484e7d75689a430a58ae557dafb472aad8d182e6e557e8c1fd58f9b1,bf81c595eb179a2b5330c259591a9d20302eadc1b05f01b5a03aef6ba8eed460,d8c25cfe7814026c3c7a97ea9b0ba084bd2e5a00,False
results/R4_A1_FIX2_ACOUSTIC_COVERAGE/development_cache/P03_s0_seed0/starts.csv,2d0b3269df556ebaa0ba4d5e0425a725375ea22a1c8206510413feb5c9802ee6,8ccc6099bde2cf3ddc334c0fde732888ea8ac53352d3d6c1b19b821dd4a30037,7a438240f0f1d2f34566cf2004269f8ee497ea9b,False
results/R4_A1_FIX2_ACOUSTIC_COVERAGE/development_cache/P04_s0.1_seed410001/candidates.csv,8233c9995c1e5e88dec4792b03b2841a6c2f0e208fcb7460d57ac5a42b4c058b,069b797192cc05cc21d74744488b8e72b4982794bbfc363611578b075dd4734b,6238ced8e78277f0ccc4e57607ddeeb09a168054,False
results/R4_A1_FIX2_ACOUSTIC_COVERAGE/development_cache/P04_s0.1_seed410001/complete.json,f5168abefdfc0103246d905e5ea6dd697d0da513f399385c5c71003577fe15f0,4eb967e5fef1d51cb0e404880eaa6878d19811b0d362014fab4119bbb41ebead,fabf7d5a17da6043743de81b63255c89517c4b4f,False
results/R4_A1_FIX2_ACOUSTIC_COVERAGE/development_cache/P04_s0.1_seed410001/logs.csv,aa28be6ed2ad71f66eac2d5836834c207b6499b85a9998ebb8ff74668cafa200,72d095c53380af507ec5ae794acd59769c91b242311bb237e63f3aff7524d1c9,9225c7645ac4e54d0284fa6f706fec9669cf2782,False
results/R4_A1_FIX2_ACOUSTIC_COVERAGE/development_cache/P04_s0.1_seed410001/results.csv,9834e1721b69008effefa4725d769fccca5b96793d32f160ecd9c78a59d582ab,22fffd99631e262e136eef11933df95521ba251769e6e6fcdd9b3c1f81b7312d,8c6a8804e8c4baa3f62e7ec4bc8fa83d056e540d,False
results/R4_A1_FIX2_ACOUSTIC_COVERAGE/development_cache/P04_s0.1_seed410001/starts.csv,8d6b3c3fce4ecdabd9e60d447a54b79467c4423d9a6c8d51a916f575e01daa8a,3ea7fd439bc3a2ed8843a1b7cc1f4d4f22b4a73d4c9f74e389520e79bd3c5558,8124f6329c66addad95fa5369f50c4f96fa520f9,False
results/R4_A1_FIX2_ACOUSTIC_COVERAGE/development_cache/P04_s0_seed0/candidates.csv,5e2c0057cba2349471b190fccc261954d5c7d7025553252671bbb6e2a119ef3f,751fad59dc0665dd537a418c4cddf466ba7ccbe361a41ba0a6a158c68d362855,ead6fcdc158928b9a245f3171183d28c7b18d16b,False
results/R4_A1_FIX2_ACOUSTIC_COVERAGE/development_cache/P04_s0_seed0/complete.json,6e6d0b50485109625ab6bfb939dc8552b7e4600b894250db44b42284daeaf491,9fd79873b243aab2827ec590da23120ab09d852c7c0345dc037e02da4deb9c69,76065cd381e065fe8f6ee466699e2e6ae31352b2,False
results/R4_A1_FIX2_ACOUSTIC_COVERAGE/development_cache/P04_s0_seed0/logs.csv,1e2bc5d1548da812ae6b30738ea2b0d93f57c11f3597d61a0f8f2c3eb2577fab,b0d30c2550ba5ada0afcc84a046f359a97324efc531e4c0a2a4165c140e259d3,2192646713bd14fe461c877dc31a52e5c48ac4a4,False
results/R4_A1_FIX2_ACOUSTIC_COVERAGE/development_cache/P04_s0_seed0/results.csv,2cd89b8b38eb0136ac250e46d8d2a51e68fb9bed23c888dc6fce59090af245d7,4702e2d26263a5a1c311bae84d07781098d116e5058ab0a87661829dac881e08,2dc49b2390172682d9f1d43370394ded0bec2091,False
results/R4_A1_FIX2_ACOUSTIC_COVERAGE/development_cache/P04_s0_seed0/starts.csv,92be95b50d685a95b00c63c7cf1d8adfdea7ef5180b436e9d25cf7a35de1b409,12db743b07ce3f526c7424f2450edd2140f3e73e9a0786ba1f504214e9ff7ea8,1bb1dc890153304b7ab34b26c4a914ce27f77f27,False
results/R4_A1_FIX2_ACOUSTIC_COVERAGE/development_cache/P05_s0.1_seed410001/candidates.csv,2f379d8c3ecd077275e6cf2a5c870e384bf221151bd7d2a9d05444e37cca983a,d33938832f96286bb677c416f7241a5a89851cf83177c30597e595445136d044,af7411247854b92152ff4db42cc153d29130e2a0,False
results/R4_A1_FIX2_ACOUSTIC_COVERAGE/development_cache/P05_s0.1_seed410001/complete.json,d590bb4c0603e49a33c0f96d83b4764f0e0bf130762c6d737a3cec20cadc3312,f20f600fdd2c2ee9dc32ff427e7dd9411f2d3c9f3b03f455a912b72124c1c19c,dd8314c68f5c253a088987b8a7facbe38bd0c2ad,False
results/R4_A1_FIX2_ACOUSTIC_COVERAGE/development_cache/P05_s0.1_seed410001/logs.csv,2df74092eb4e5f0fe3a7f350fcede47883be9635e0e70043a910d931ed0bfcd7,d087db8c7bc2f0db19f4e0d7c3e6625b5bad96b14cef265210bdf365b3f5dbed,7ffda8b95e558ab11fea88ba9f8271a377d0a282,False
results/R4_A1_FIX2_ACOUSTIC_COVERAGE/development_cache/P05_s0.1_seed410001/results.csv,879323a5a4874369ca29c5dd916c8ac4b37a6fab71444054ac7acd0e86501fa5,9d1c1c64f623a21a69a6c1a1583daa04f69f975ac3cd314cb7272e52a0599a51,4239eb47cb3c0c2f43e327a3b66cc3de2520b64e,False
results/R4_A1_FIX2_ACOUSTIC_COVERAGE/development_cache/P05_s0.1_seed410001/starts.csv,616ad7976aab02e338f1072d1dbf99ab8af3fa98b33fcea1a22eee8c0c38fa99,81a1545f618fc64f309fb777eebe6d060931146b9ce73e571243431253b90d33,050c110cc703787889e2689692554ef67c873e10,False
results/R4_A1_FIX2_ACOUSTIC_COVERAGE/development_cache/P05_s0_seed0/candidates.csv,aa8360b78fcf0b2af3202da7245cef8a4e5b42cb9d3647a20f14276e49d9d778,9cb6cc808ab2141ed00d61af6cd6cfd7cb67131c47d0598261c2e9011429da5e,d63a717bd133a4340d8b04cca115e089347895bf,False
results/R4_A1_FIX2_ACOUSTIC_COVERAGE/development_cache/P05_s0_seed0/complete.json,f0566bf28d7f414197d653dde23aa08046102ccf7b4fbcb6d22f9f94a796850b,a52ccdec95b0616fc6b7595edbedc79beec6786547e4cc0609c09246b3aa1981,1a30e1972cac3ae89c1cc06d5e8817094dbdb1d9,False
results/R4_A1_FIX2_ACOUSTIC_COVERAGE/development_cache/P05_s0_seed0/logs.csv,23fab6ab23965b8400308ed55899a122d16cca47a3027880596ac00226118c76,29a8c7788b784380f590404497f01f539feda8d3194bb5f0c855e6ce4f20362f,b3cc464056a14d1e04b41b86b20c2d136a1e9fce,False
results/R4_A1_FIX2_ACOUSTIC_COVERAGE/development_cache/P05_s0_seed0/results.csv,112d9366dfd161de43d25051e4f2a27714b9ecc15b4c6141e1a3144e2f63998c,35e1001b478eac5b3e8c495cc18e4df7d99a840781d9f12df57d57cb5b0603c2,a3823ef554368aba1b4d860f1ba3e3dd0bce6444,False
results/R4_A1_FIX2_ACOUSTIC_COVERAGE/development_cache/P05_s0_seed0/starts.csv,6e042baa51ee720cd95de347e2818194360c267e89f6d1c9e2b4ac273c65615d,95a14fd8fe71bd68ff63bbd6bec23a84bb7f3cff23e79d41c09791d3d577fde6,884bfed63284e92a5374ae92137db4b660b1b7e5,False
results/R4_A1_FIX2_ACOUSTIC_COVERAGE/development_cache/P06_s0.1_seed410001/candidates.csv,5144b8e8cbf4ea5f802e3f6696f7c02bf09d7601e3ae10bc5cbe2f50637b45b4,377905d0bd01e4e5230813c610cfeb54f4cd6c92309aa795883dd723790ba6a4,56788eadee0efe9a812e1d3d59717ded4d571f95,False
results/R4_A1_FIX2_ACOUSTIC_COVERAGE/development_cache/P06_s0.1_seed410001/complete.json,979a3d2ab66e8670c33eccc2c1fd45cb6310d2210ff931fee1ff49ad45f77f2e,99b9f3003b271dce6d72c8b1abbab7cabda7e5c2b85a25779525f3441737195e,d75997ba714af6441170314c79e8c07351f44430,False
results/R4_A1_FIX2_ACOUSTIC_COVERAGE/development_cache/P06_s0.1_seed410001/logs.csv,bc26fdbd2550bea361d676206bac3699d2a396b9691e323e638f471c921c43f4,f85020e4190f20a82e5aa0108d747144782cfa44f373d4ad16736a70a897c8b0,092d203e5f2670f83b96c63495321512aa542370,False
results/R4_A1_FIX2_ACOUSTIC_COVERAGE/development_cache/P06_s0.1_seed410001/results.csv,4cea54158a408edd32d3860f1866ac0544797f7afb6b479bf750150448df8546,431b0f61963ac51f734cc0a81da67836cbc856679d0a98bd3e666e6021884fad,08d69f9e0f7bd649402a39e603dddfb6cea65bb9,False
results/R4_A1_FIX2_ACOUSTIC_COVERAGE/development_cache/P06_s0.1_seed410001/starts.csv,856219db395b9f174e68850ef4ee4bce51686cba7a60587e451663ac0e0bac0a,ecc3abcd29cdce2468e1d8994ea8790b01edbfb4be78456abd7174135d62b7b8,2f7a2fa99bef737340c0a71bbc3d425e3e184bb3,False
results/R4_A1_FIX2_ACOUSTIC_COVERAGE/development_cache/P06_s0_seed0/candidates.csv,fb5d418b00ec1c657cf06f36af25382ddee48e68e827724886a460d49ae6b09c,e5a4ebd863779e3170fe8d4a82cca86cb127dfdd84b204fbecea61e8b3225b6a,dea8fa36d50e5b2fea52af5488fc8d5e410b8a4b,False
results/R4_A1_FIX2_ACOUSTIC_COVERAGE/development_cache/P06_s0_seed0/complete.json,4953abf7e3bfe71b8685ab04966e914463471d3f151731fa49361cd520270a7b,bd575cb518a2be4c120b2a58c09a8abebaae54ff7c8826c2fe3bc8612c08ad45,ab92633dde20c61836f8799270a5738f9b297f67,False
results/R4_A1_FIX2_ACOUSTIC_COVERAGE/development_cache/P06_s0_seed0/logs.csv,b92ebede9b7af67ae169e601ceb3c3a32d96be4dabe45091680e7eba5798d116,a2916f849bf8262971cee1cdbfa6dd8b4240406ed358ea457515ae68538bae2b,7a0c5ee5ae797ab8b2a2b5afc7c456b5c10a72fa,False
results/R4_A1_FIX2_ACOUSTIC_COVERAGE/development_cache/P06_s0_seed0/results.csv,11ba3b012f48f12a74f55b955164a23bc8907cf26de165b98c93d94f63ed8772,53999f054d65fc259cf7a98586a876f93ab95a7012737f49d154e19f0c539d0f,415f1df1efdf4123513b5aa2d3411254279cae28,False
results/R4_A1_FIX2_ACOUSTIC_COVERAGE/development_cache/P06_s0_seed0/starts.csv,a50043e5386a0220078cb51e92076127b8b988e7efe49cab902f02d82abb66dd,6aadefd0520a06b4282a43fa85e8a74a601ceb8ca8fd01abec3f0ac8ae97e2b7,f1a4b3d0baf52ea5a4d7be5b35ec0a867d0361ea,False
results/R4_A1_FIX2_ACOUSTIC_COVERAGE/development_cache/P07_s0.1_seed410001/candidates.csv,f0ccc86e8b2191c0b88925090b7876e92f748fd5ef6bf7310de14ff09bfae44f,a75a8c020593718b4bd72ca75d440512718788513eb9f0d81384771caf908907,72dd92d31d7d9deda15b4db08e392361f5a9f224,False
results/R4_A1_FIX2_ACOUSTIC_COVERAGE/development_cache/P07_s0.1_seed410001/complete.json,4c21930f248bf1d8b885852376ed3a9d1b83922e66ccf231d5896ba927ffb24e,646328cc7c05340606a60b728f794c189549fc15ebb8eefdfea04ba76fdebe3b,bcdb580a8682eb52aa0dc4f09347b181e8022941,False
results/R4_A1_FIX2_ACOUSTIC_COVERAGE/development_cache/P07_s0.1_seed410001/logs.csv,0651101e47d6dfbca4b5785270650f1c8459efbf392f6818a6816a2634503e58,307b0fcea72d5116719be7b26dd78b20dca457d00dbb752bb5e11b00e246a282,8dab268fc96750a19c5a217ff03d80a0e0d74d7d,False
results/R4_A1_FIX2_ACOUSTIC_COVERAGE/development_cache/P07_s0.1_seed410001/results.csv,edeb9029e12cc197a588533cdf556c8e2f96a363fbb157fac19e0a6f446652f4,041a693d59ccc18be306fbb1262dc2efe4b4667f473a8977cff32167fc55304d,13bd657c5ac2996875a945294567e812833f79ab,False
results/R4_A1_FIX2_ACOUSTIC_COVERAGE/development_cache/P07_s0.1_seed410001/starts.csv,64b930e3a2c08b4a7e05583cf344ec60e424643d2ce63173363871961feb03d0,327341432894f18a6b64bb8eb3c1641c07cd072539d5c25e04e152dd046a93f4,5447fc1c656dfd834710eb56ebe3ebf36c136b0a,False
results/R4_A1_FIX2_ACOUSTIC_COVERAGE/development_cache/P07_s0_seed0/candidates.csv,5e0835287375aa6525fd1d82718d2394a0b96046b4534dd01f1b4561f349ca92,a9f60a9258a19ed2d13d165c3ee798c12f6413ecc4f4b7d9b6a4e368681c8d50,b03a113f4c7d88146b2a1ffe07eb43f7be392d7a,False
results/R4_A1_FIX2_ACOUSTIC_COVERAGE/development_cache/P07_s0_seed0/complete.json,903bd68b8ff824c13a1d10dc568ef982665fdf5d6cae873ff242d14d1c151dce,a3ef8eec20da7ee8ff18926b1bbd8ed20f35b289ba05d58f57afa47d41b73aa3,a7cc4ea5a27d627253fe6a442b44cf5c17d27913,False
results/R4_A1_FIX2_ACOUSTIC_COVERAGE/development_cache/P07_s0_seed0/logs.csv,da2e573ada428f3a52f868f01d426706cd0a5bbbce70866a9786901257a6bad6,53452ea71958766901650bb08ddba5906dd0c34da37d471cda956e3abd7ae8eb,902a1de9406bc4e37c7ed31e00c801499734869a,False
results/R4_A1_FIX2_ACOUSTIC_COVERAGE/development_cache/P07_s0_seed0/results.csv,2c53b2b1ba11dfd63b5d343abe0f9a991c12105ceb8fd3f09a17ff6a14dbad03,44dd01230d8e43f482f68bdd4705fb8174d4615927e01c1d9063a95f112790d0,ae27cd7878b49f05849697127dcede78dcba26ac,False
results/R4_A1_FIX2_ACOUSTIC_COVERAGE/development_cache/P07_s0_seed0/starts.csv,af4d07d0515f52002c1c6968ef6226396a20b35ffb1b8cbfcec70e5105d51447,e9a2101547b0f944661831409274a827354a0b8ece551b694b4c198ef952e51f,8e217d6db2cb3511348489333f3f7933f810c7f6,False
results/R4_A1_FIX2_ACOUSTIC_COVERAGE/development_cache/P08_s0.1_seed410001/candidates.csv,a5e61b77dd5f350dfface7228a00b6e666f1e8403b20c172759abca9d7a87a82,363dddc07e66fa42f7b6b007cb05c2f777939c8e08071a638e79873ddb940f46,363d67425ff207401b2c4a0625e0b3e4c56c8d31,False
results/R4_A1_FIX2_ACOUSTIC_COVERAGE/development_cache/P08_s0.1_seed410001/complete.json,e714d6b6dfc932074346254b9640c14c73ac84f3d62b160cac51420510d28e5c,06098fdfe725d52b1812ae3d7169c7974597f6987ab7bce3190e87fc9d9803e2,174968ca32112c4bcd89a578ad08c4d46ecef7ab,False
results/R4_A1_FIX2_ACOUSTIC_COVERAGE/development_cache/P08_s0.1_seed410001/logs.csv,b569260d71d63ef0e63c6938bbf530cf415400c960468e39887d9d51273e29ee,43c30b72d6b97861876824e535955eecb6c4ff849a60cce5b9c0a242ea487b66,4366c1874853292bfbd7d2223eaf5606deb28d50,False
results/R4_A1_FIX2_ACOUSTIC_COVERAGE/development_cache/P08_s0.1_seed410001/results.csv,663a6063eb20f1511ac24fa45af5f948e44a60c6c359f979903b72db0e12d185,3fabebaddd8972f26ca8a46089108c629786353e1e970349d2f3aeb8c920752c,59a27913edcfd1563fc97c2ad5d8132ab8f38259,False
results/R4_A1_FIX2_ACOUSTIC_COVERAGE/development_cache/P08_s0.1_seed410001/starts.csv,e472b678ff648f52a157aacda48af98d17e4e658da8d85f5d97b721f3268be5b,a63ead5646073a3db3f87e067c0f857d9c7ca650a21f58b7e0d2e1336c87d094,2b9e49b334637793fdd31b31bcc982df582ef581,False
results/R4_A1_FIX2_ACOUSTIC_COVERAGE/development_cache/P08_s0_seed0/candidates.csv,4b3443c6ce0fd07fae6308611352175b5ddc7eed2887c1940fe983be4a7f9943,7aa1010831a134e362e0332ba93e12305a05bebc0e7e694eae0a30758ea85a80,a84d6ab64d2ee2f1c7b0633cfd31573386505104,False
results/R4_A1_FIX2_ACOUSTIC_COVERAGE/development_cache/P08_s0_seed0/complete.json,4fec0ee841acbb610fd5b3fb2e6157b2e7eb193801815541e478745e187f3631,7121063d5e4e8b768f8fd4c223a7c9de27a86ff1186e193550e8c5c8f3324b89,2904f48b3efdd8eea67a91d83dbe91f06586fbb1,False
results/R4_A1_FIX2_ACOUSTIC_COVERAGE/development_cache/P08_s0_seed0/logs.csv,1c125f5cbda148d1dff12e2f6102dee3ebe5db26e51f89223426e4fe5ee5c1b4,4f9eff6bd6f71e103e5b1f9d32d7226e51a708446bed0510a403e08d82cf7f59,d0f3c78b98a863704c5f68f182df7f60e72c7e83,False
results/R4_A1_FIX2_ACOUSTIC_COVERAGE/development_cache/P08_s0_seed0/results.csv,60c84561bd9af8f087e8202e09e8c3f54313a51360f315aabf6dceac535ad792,0528c9967634dd3ab027bdc8850d5b083ff6c211fb63bf73c0d3cd22157f7149,33c817fcaf1416a48863881a76aca47aedf5e920,False
results/R4_A1_FIX2_ACOUSTIC_COVERAGE/development_cache/P08_s0_seed0/starts.csv,ed839ac2d1d878e791a9202411d713d7b67d4d8264ee3f23b66bed612321ae8c,e6a81f9d750b37ae29e10a1222cee90c047604bc030ecd630ef6d5db6d6024b3,7e68fae1c8a82545338e33d63ee26897ff742f80,False
results/R4_A1_FIX2_ACOUSTIC_COVERAGE/development_cache/P09_s0.1_seed410001/candidates.csv,05e4f8b74be333a90d416e630340306bd43ec7880c7ef37813eefb88e5e00f7b,98f9b4a5b71aa7381ff71f41157070c3370928e56fa6e09ea01e140b5d358252,b9215523c59d6bdc79729ed332114773a308c144,False
results/R4_A1_FIX2_ACOUSTIC_COVERAGE/development_cache/P09_s0.1_seed410001/complete.json,6d3018df0db27968688ad56542f4caa7109a63d6317e0b0243030610d5adbdd2,87eb391f2d3a906856fd781f074373a7862ff1f69d56f1b3095a301fd4b4d360,e45839e30bcc9fc6ef655209e106ecda6d8a8416,False
results/R4_A1_FIX2_ACOUSTIC_COVERAGE/development_cache/P09_s0.1_seed410001/logs.csv,6a71e2dfd6080c9c768d6117202376a776287a636a6763d1c5c4b27e79f5641c,c1c98b083b833573aad393ac3dc6a3e2b01e1d0917cc19f5523cba11b4fa8ffe,a3860635a40027e7baf18a45b29fb54df95b02df,False
results/R4_A1_FIX2_ACOUSTIC_COVERAGE/development_cache/P09_s0.1_seed410001/results.csv,f38725ac0da6b9f4593401b13dac6f1e5af8a23c304156f0b5c2f595b71784fd,d3c2dd77a3921950825fee7a3b55952d279544437948a6ea33a834dc771f4c8e,4e20608133679bc4315fe4567da3598382e22993,False
results/R4_A1_FIX2_ACOUSTIC_COVERAGE/development_cache/P09_s0.1_seed410001/starts.csv,7d34196d8678819c8c832ce403a4bbf4248d1b86d573fa9ab0a10b6843e5e90c,12c26396c8f1c5dac4cdf85271c374a11c49b20a755375c815467806cd50495f,8bcafb8a1a98f43cae68a46e978072bcc377ab90,False
results/R4_A1_FIX2_ACOUSTIC_COVERAGE/development_cache/P09_s0_seed0/candidates.csv,fd26ce077b7268929ff77b173523c58a8e68e4b2e0321bf3394c8c30e44212a9,ca3d7834dbceaeb6a2a77b413fb9802d18beef266c948fe92efc1bed6ea8f075,d0ecd2a7bffd21856453a7386021e31be0c965b1,False
results/R4_A1_FIX2_ACOUSTIC_COVERAGE/development_cache/P09_s0_seed0/complete.json,1db8c124d33bc94725b8fcce397158ff525aa7a5ce23c624169db2372010040e,ba7fb61cfb600dd680566f9ac00118b242f10b87ffb83829d1df4c99352bc284,a9527880b1a84b37782a968c04941288d42f521f,False
results/R4_A1_FIX2_ACOUSTIC_COVERAGE/development_cache/P09_s0_seed0/logs.csv,969ab171d6294da6c93e25cbc007871d2c458032f3d775bd0f9793a81d1e557e,5b3b9a2c92aa511b47457d2b989af4b03e6110fa2a18250a5dfa742971ed5078,5a2f946bf7d50b51f0c6b2821714a5dd59be3969,False
results/R4_A1_FIX2_ACOUSTIC_COVERAGE/development_cache/P09_s0_seed0/results.csv,88c40c0747f0ce1adca09f31ad1dd6022e5e1d50d39c8e9cbcb8a2985090c3fd,09f6edd80c2481a5339518551e71b1655a023b9fea34442048cc1e608e835fdc,571f89d58ec239709ddf5ee8d795f86528c140ae,False
results/R4_A1_FIX2_ACOUSTIC_COVERAGE/development_cache/P09_s0_seed0/starts.csv,feddd29e5c47b3f2d418c3ee1bce19e02c3e69aa210347e07dc5e077dbd7255f,56dd30eec807208c199e0fd6755f44055533933ca96155722b68027b648593c0,474607c118ea6af751a13eb2516e8602b22ddc3d,False
results/R4_A1_FIX2_ACOUSTIC_COVERAGE/development_cache/Q01_s0.1_seed420001/candidates.csv,26ba0fb2c575d616b0e5c8e39761ca243b8c1b0d5014e466a91ecdf9092a8874,f3ac238faeadf61dea8e37c32264e0a09dc6610a067522b729982d4db35ffee1,e02a07cee1e27beb5df95eb6439e76f9d6673853,False
results/R4_A1_FIX2_ACOUSTIC_COVERAGE/development_cache/Q01_s0.1_seed420001/complete.json,fe524a94790878557e735223f5a64326a4ea229fd5efbe059cd09881a75e6e68,55d9ace4e5b76fff394ffcdb6318aa4b81c070a0e2f72b8a4f85b7325f5e68da,26a225a7613a50c0927b633dd8647aaf24abfb58,False
results/R4_A1_FIX2_ACOUSTIC_COVERAGE/development_cache/Q01_s0.1_seed420001/logs.csv,361593f71efcb28ccff9c9ee12250af93597e44ec9f1012aae9a332cfe77d4d4,cafd3c5ddd8286fdaca089ba825ff07873e828dbe2869f4e98da4e68571d1198,927f7e641f76c05d4d1b614a5eee8d259f50e71c,False
results/R4_A1_FIX2_ACOUSTIC_COVERAGE/development_cache/Q01_s0.1_seed420001/results.csv,8ad98f599fc23fc6e848ab7ceec327120b06e66d7fa2157c2110a69ae14d7e01,54c6a4210f8437f466dfc847fe1fd4cac9c5b297d6a5bcecb4c98d4e11ee7e27,0c26f652809514580ace2b27f20bb90893fb3283,False
results/R4_A1_FIX2_ACOUSTIC_COVERAGE/development_cache/Q01_s0.1_seed420001/starts.csv,ef4c925deb217b2122014e28e47a192e6d8a9884d59a532f346abc2c11b7eac9,37480e01598b26a26bf5f3ea2a64933b50870d4e075863d2b628d840286b1bd1,ca4172d52708d8d871d1ee610f5161542197a4e2,False
results/R4_A1_FIX2_ACOUSTIC_COVERAGE/development_cache/Q01_s0.1_seed420002/candidates.csv,fbf904552ee17f6e6c03fef371e9a00ccd4f892c2ac70542b2762b5f02779645,9e4141484674748f0e86b9dc65699f2073693e439fced6f76571f013bfba36f5,aeb11573ccded441a8e74e1fc19193a20831bfc9,False
results/R4_A1_FIX2_ACOUSTIC_COVERAGE/development_cache/Q01_s0.1_seed420002/complete.json,2c4d5f5f235567e09a2af968e256a4c23e11f2286eb9a952150c7a133e8e4fdf,c7a106dd704658669b421377262f522b4a57d37506efb24e249dde791a5226af,2bf297bc644474b76c76a05f2f11100276e42b36,False
results/R4_A1_FIX2_ACOUSTIC_COVERAGE/development_cache/Q01_s0.1_seed420002/logs.csv,c0ab05f5294fa1203f68317c225e82c372385380c59e3e5ea9f04484b4d5b84e,08a6a010db015358625a038cd65dfd795c10168f1ae409e64df98cb288299ecd,784064aa6e030d5f3a179e13df7b2d8784ad106f,False
results/R4_A1_FIX2_ACOUSTIC_COVERAGE/development_cache/Q01_s0.1_seed420002/results.csv,fc9ddaf43540c911b4465137c50ac34b9c253ce4c6d34629b86bf03112078373,242f376540f2f2bd2c06f89fe8c31deea900d9b35bf7a10f2f31ff9aca00a5de,5052e33414415fc1dbe91b1e32e5d5a05fb7a2a2,False
results/R4_A1_FIX2_ACOUSTIC_COVERAGE/development_cache/Q01_s0.1_seed420002/starts.csv,cfb1276e4f7b973581b4e3ddcae8c5bff6dddd138e8f9ed133d19fb8035eb1f0,930cfc1f567f9b7497424cc5a1be656c202b2144341e5e38a0c20c6ee2443a6f,8b961ff2da03ff7d599eaaf50d974ff0fee047e3,False
results/R4_A1_FIX2_ACOUSTIC_COVERAGE/development_cache/Q01_s0_seed0/candidates.csv,e947ab0372d5a683cda11a98888099a1a4cf64ef8fad1647aa2bbfd5727cea42,ed48c7a1302682743b0c84f2c6f0d5a5b01add8c0cee7164275a126e898e22bf,800a860b81f5683495ad1b20943599e2fbbf4b4b,False
results/R4_A1_FIX2_ACOUSTIC_COVERAGE/development_cache/Q01_s0_seed0/complete.json,1fad7e57ea4234f3c2f58c6099e4403a787a2755d831ca8490c48eb2be5d3cff,c4f1c91223a7bea7950f9f7345da2534a5653cfd31d4e84bde756e60a8990e45,c1e0f690489315a6330ff3f783411be1de95fd38,False
results/R4_A1_FIX2_ACOUSTIC_COVERAGE/development_cache/Q01_s0_seed0/logs.csv,a3362e073046ca3288d670a97fc526399362162c7ab008a115f4babf9f56ed65,c3a5969fb213ac891ff2eca4de2c9e931646776be9b2b17306b565cfeed623a1,90a83805f7a15da97e9b2a9b189a7581ff37d3a5,False
results/R4_A1_FIX2_ACOUSTIC_COVERAGE/development_cache/Q01_s0_seed0/results.csv,e86fea946463be97266d1901e3caf1c1fe7f2507b54e6626f32aea1d2e9b550e,638add44765edac74448fce84b112c2e49d75e9a45210db70c86c31ff36cb03c,37979f78073e9847d0fd1874a14b3144c43cbebd,False
results/R4_A1_FIX2_ACOUSTIC_COVERAGE/development_cache/Q01_s0_seed0/starts.csv,fdc487d5cbce094f6bef7736be96d0c50126e4cbbb8209b4e5c9ec726410fc6d,86ed9dab3c8ad1c2ad2f5f257a177b8d95c5b6a5506252ea6472787f58ba881c,3ef0ba3cd7547029b42bb1f36894534defe5a226,False
results/R4_A1_FIX2_ACOUSTIC_COVERAGE/development_cache/Q02_s0.1_seed420001/candidates.csv,8e43c19c41a476b771fdeb7b1492ba58f9d7cdfe37c5a7041fce13d7c0a59ee0,c54b8945a5efb3abb3109770f81b214b2ba48935fd7ef08ef8e4f1c526417a0a,5c230d3bb96a7430d3db2db013d93783b679c58f,False
results/R4_A1_FIX2_ACOUSTIC_COVERAGE/development_cache/Q02_s0.1_seed420001/complete.json,4ad410c95ba5e42ad583521860fab9590acdd4a780e77414ddb1fa3865f936e0,d3713ddb230b9cc2e2d281a7494a57a25a29a4ba63e68d5ea73e4e15671d31f3,8b5771065e2466e1dcc0acd1547034cdeaf83203,False
results/R4_A1_FIX2_ACOUSTIC_COVERAGE/development_cache/Q02_s0.1_seed420001/logs.csv,f99719f597c9dd295c0972a4cb88c9cf9cb74672380fc21fec212dd58a759aaf,23c785db8c054ec4fae1149d71ea13259d31f57a252782c4ded5f20b7955bdbc,53c1af3562921a465ebcaad393a7c12cc98fff30,False
results/R4_A1_FIX2_ACOUSTIC_COVERAGE/development_cache/Q02_s0.1_seed420001/results.csv,f73ac8a704049d50ab36f4326177e3d38dc77c5c4d7498719ac233e2321f515c,073845cd1b45e8b9d57efeba3957218a1e156a0696a7de80594cb932930eacba,51b27b7205317c0e80f455cd26b33c036db01afc,False
results/R4_A1_FIX2_ACOUSTIC_COVERAGE/development_cache/Q02_s0.1_seed420001/starts.csv,90b0e68e763c8b9984afd8404785e6c8b42d028591bdd26c687e7645162ba4e8,ae983e3ecc4fe76fd998e1e4b850e05caadbcbf751d5e616917bb8d45b029b89,ce438a537fc34d4cd511e3184d01c5c012e95f57,False
results/R4_A1_FIX2_ACOUSTIC_COVERAGE/development_cache/Q02_s0.1_seed420002/candidates.csv,2d5846d6298c11ecca347147b90d53568023767002344d7266c493a14da2047e,8b63281b44a726be469e7211205255cb840f28f6bc0d4eeacf6c708304d15cd4,4b69f7ccf5238836bf16147a1849c740672f612b,False
results/R4_A1_FIX2_ACOUSTIC_COVERAGE/development_cache/Q02_s0.1_seed420002/complete.json,73a219ded556e3bebef9e6d4c17b61c3a13cad4098aba1ec2250df396b7f23e6,0fc9883694a970b3ea4e0bf7669700b6e0795bbe69f20755a3f6d678b6afcfb9,e0edebf7aaf364242e5aed94a6b6d55572cd7ca5,False
results/R4_A1_FIX2_ACOUSTIC_COVERAGE/development_cache/Q02_s0.1_seed420002/logs.csv,f239f72c33f3af6208b48524b33414554a566b616498b5dc3bbaf9639c6f776e,18dac960cf0431604e669f7b79a4bb4ace6baba00d4795e2e74adbecc2d1ff51,3c74dbc08f8170b35246a0da815b570ff3d7457e,False
results/R4_A1_FIX2_ACOUSTIC_COVERAGE/development_cache/Q02_s0.1_seed420002/results.csv,67a5555e8a3c3ee61bb6855b3c94d3795b8be9122f048a327d6480aea69f3070,4bb815f64fd257026d974979b4349af0b7b756eaef586ecd19f8069b2d38316a,9e224ce3e93fc8d4f222819b38266a820943b351,False
results/R4_A1_FIX2_ACOUSTIC_COVERAGE/development_cache/Q02_s0.1_seed420002/starts.csv,5045b2138a33f749144a7cd1905358f38c3485e197eb1a981f4c8ef0a8a10091,1833947aa66f95dc8c226172818b3d1daa1a86e7099526a71da453b0dbc961a2,c85e45e897cf57ba3f26743adb81d04dedf0e97e,False
results/R4_A1_FIX2_ACOUSTIC_COVERAGE/development_cache/Q02_s0_seed0/candidates.csv,6a72ac9ba652cd6075a10dbf98a36aae31f8efa7a8474123741ce5d43a2694e2,c9b21a1dc52d05d1927078678f11b2be51c1a7f8eb3f469f5f35033bb004502f,c7f360997237a93b3a42b2132fa6b12e55b8ecbe,False
results/R4_A1_FIX2_ACOUSTIC_COVERAGE/development_cache/Q02_s0_seed0/complete.json,f794acbac7b525dcb29761274efaaff7186b3a11a75f1a8c5ef17f09609a220d,a0c3e8b6994d6e484c4984b787c2bd0d801845080a617b3584bb48e608bec9ea,8c084add64a5140217787bf0d088df028181f6b1,False
results/R4_A1_FIX2_ACOUSTIC_COVERAGE/development_cache/Q02_s0_seed0/logs.csv,36b3446dc7fc1b0729fec214f3d5005d651ac7d82b72445d70e53e0efb46c9b2,9a5ac73b9aed1b4eb647b5aedf95021efe49c4cd12df817c99c389e1e4382f73,2579ace99a148a63a6dd32203d6d9514dce56e55,False
results/R4_A1_FIX2_ACOUSTIC_COVERAGE/development_cache/Q02_s0_seed0/results.csv,f8d32bc4706741bba5b558a5fd92aaa634f56b9f2c79d96a6c2c855767c9deae,8f97168db6e83cb12753d8544b6b4c0593cd859f5cf9c3763063a730f09de2a9,ba77dedbc39b344b5bfb3c0da0aec4426e1b56ac,False
results/R4_A1_FIX2_ACOUSTIC_COVERAGE/development_cache/Q02_s0_seed0/starts.csv,a03fcc7e9d26c8313add8dcace68f16baf28f3f3ea01e889ccf1a4c060b5132f,b4e9b8be1f45f85aeaf9d2c98766f4dd7c94f292fb67aaeeeca69eeeac37c4db,9ce237b56f65c7932cf3c6961bc575923da81daf,False
results/R4_A1_FIX2_ACOUSTIC_COVERAGE/development_cache/Q03_s0.1_seed420001/candidates.csv,19b3b28eca45205475f8c24c00cc7557193a93b1f240b9395319ba18da1d839f,b3eb8c6433d0dab143d1ca8b7a14d2ab69fad05d3b18443a8d567c5da2e3cb3e,2834933633963df7d99d03c1bb9f942d8a4f05c7,False
results/R4_A1_FIX2_ACOUSTIC_COVERAGE/development_cache/Q03_s0.1_seed420001/complete.json,8900474ed8d646fc031187603012b1f09629d1cbd9c711b3210367de1d8c7f70,79667c853dacbe21e653a5d908104847bd9f8060cd62521aa1c0d0e256625752,6530d788d0b4fafac11ef87880262532fd64130b,False
results/R4_A1_FIX2_ACOUSTIC_COVERAGE/development_cache/Q03_s0.1_seed420001/logs.csv,6d84acc1310fff4c1fd926be25c368a489af222e5c750536d3268b02bf4accdf,aca813a1b82be67d0f09d195716b07b22767b5d2455b2c7bc8a09efb0fe1163a,7bd2f2b966fe40e62d77329cfd8d67ec5bbfe055,False
results/R4_A1_FIX2_ACOUSTIC_COVERAGE/development_cache/Q03_s0.1_seed420001/results.csv,9f7881a63191453500486544f368390641c889fc1f10dec6dd719c9f5286bfe4,7eee841f92b65f92acacb39eec20d76981c965d68194c3d76fa68e82e21653b6,1d00089c1433261caae5863bee4e70c3aee8b43c,False
results/R4_A1_FIX2_ACOUSTIC_COVERAGE/development_cache/Q03_s0.1_seed420001/starts.csv,c39c1bdc1bf1992c0ffb639315bcfab074f65c6111193b05d98e3f1d22a05dd4,867966a52a42fa70496c84d3f9f040cb104b7e2598e12d7fb968c630c569542b,7858ff2741e07943daade3d133b7a9d1a6102569,False
results/R4_A1_FIX2_ACOUSTIC_COVERAGE/development_cache/Q03_s0.1_seed420002/candidates.csv,a4bcaf97528af3fe8c9868d11ebb7d9ca78ddabcec09ad0ba3700067e07fec5d,d03d7d7632571f0fe7bba2a532dbae3a355b4414b2220aabc64f357e3c020965,53123c15dbc2d8c8e7aed56c8e25421b914dfe82,False
results/R4_A1_FIX2_ACOUSTIC_COVERAGE/development_cache/Q03_s0.1_seed420002/complete.json,493908d2fa228df3fadabe7935bebe84f8a7b051318ef6026ba8b7c3c8434406,70869cdc1ac6a837a9656573875675003a20eb5873c18b61e424c887ee5d04b0,8ade04eff6c6c1c5d646a68142168f16463192c5,False
results/R4_A1_FIX2_ACOUSTIC_COVERAGE/development_cache/Q03_s0.1_seed420002/logs.csv,6b990ee1ad0390db0b6d226be2c66af2e366206c27d293eddfe0a0bee08627aa,db68292039c5526ec0f43e626d2fdd655888a990ede0a9c20c8650b9b4a2630d,41c5ab434b0e82dc7bdb87accfd138b8581f99f1,False
results/R4_A1_FIX2_ACOUSTIC_COVERAGE/development_cache/Q03_s0.1_seed420002/results.csv,e706b1fd71d6f0b4019eb06d0b8743616db5013106d8c12833333d88b85a7c37,d4e7b88497257e59525cee995cd21c737bcdb5c296d5310d4209b1b5c246129e,2ddeb3178ca8e5e48d5e16658ee08da2a1e4f2f3,False
results/R4_A1_FIX2_ACOUSTIC_COVERAGE/development_cache/Q03_s0.1_seed420002/starts.csv,083566a3c99753a6f1347f868997e05c47ee2c41aebf7a94bb1df02b8ed7bcf7,22856be529d4f8777253f301e06e2cfd63897d354fab45ef8df93766117c7da2,ee05a6fad8b8bd106fa81fa3715eeb59e65685d1,False
results/R4_A1_FIX2_ACOUSTIC_COVERAGE/development_cache/Q03_s0_seed0/candidates.csv,2032f28f07004c35a5822b514236aa71dc6e2405739dae4682a35fc3331e1ee3,605da7a6849940ec4c362ac2174c3c21eb48ee2753e9468f49db3702d5f93a35,5f8a8990f358dc9c5db83e5717d723d08426a41a,False
results/R4_A1_FIX2_ACOUSTIC_COVERAGE/development_cache/Q03_s0_seed0/complete.json,1f17b7e078adaa10b7087883e4e521f0200d190f5c8e4641e76e45ef2af393a2,d3b926d5deb23c1609b0e6c5c1eb6311823338a48221e25b4d6a861a5af95f24,2e81a57a2c20ef08f4c19328b7d9c21c5c5e1cb2,False
results/R4_A1_FIX2_ACOUSTIC_COVERAGE/development_cache/Q03_s0_seed0/logs.csv,1abadf84cfa930349e1658e83fda99dc85bc52c1d5490d93b42773f4896e827e,3c6de80502cf4da6c5e4deff07ba6a8f70d5bf8b5fa9ea517cad2bbb278a031b,1c032725725a14811145c53e1b784fa8ce0540da,False
results/R4_A1_FIX2_ACOUSTIC_COVERAGE/development_cache/Q03_s0_seed0/results.csv,72895c5a3bc7bd1edbeb7775c872f6c66f76bf3111b8f1d27308a0527bd36482,b430c6249b214edb3936aed2c92b1be4eb3658c8a30ff9ec4255c38c3ffc1e36,6c853078ebc0f182843b398aea2ae78fdd660b14,False
results/R4_A1_FIX2_ACOUSTIC_COVERAGE/development_cache/Q03_s0_seed0/starts.csv,662213bc398b315b52402fb059509a5ce70d10efe5f9319a96f87e55eb7b99c8,7bbab2e114e66398c453a349fa536d3d19b545b2edda7bb64f3891448f41a12d,edeadd51a48bc770c791ec425ce074abf55d253b,False
results/R4_A1_FIX2_ACOUSTIC_COVERAGE/development_cache/Q04_s0.1_seed420001/candidates.csv,c9ef348c60d2f5f958dded6a9a7b9f020a2775433391ebd848eac0f44e3e8681,9f27eb6a8fcf82c0c0a724644293be18a7d2edbd853d221002092906678b5f4c,5128334c3ba22a76c5aaa829ea176a2d68432382,False
results/R4_A1_FIX2_ACOUSTIC_COVERAGE/development_cache/Q04_s0.1_seed420001/complete.json,305af081ce1535116378d1f575bba45ba0dc58d31e1680a31cadf0bf85a19b58,7d7df12e5cbbaba531f091c2f199d7e967988288c60cb9ca6ca5de16dbaca102,1983b379a5a45c895941b76fe8c236c06a06c05f,False
results/R4_A1_FIX2_ACOUSTIC_COVERAGE/development_cache/Q04_s0.1_seed420001/logs.csv,c0178b69ba4944581426f3783ea9ba65cd0db6c84d8c342f3ebc30c7a8d78644,63eeb32d6c3b8244f25dc17d570818404d596df184ebf581436ceebd1d1d3770,dd50e9cf1c6a49224bd1b0c6dab47977b192b700,False
results/R4_A1_FIX2_ACOUSTIC_COVERAGE/development_cache/Q04_s0.1_seed420001/results.csv,b2175c8231e671794ff8c28044a28066f5d841022b6e59d7c887ba847b17be1c,f568696301d3194890e255295f600059f18a4a1394630872887f4965cd6cf056,1c7957de9935fb6aeb441abcea6d77c1542f8735,False
results/R4_A1_FIX2_ACOUSTIC_COVERAGE/development_cache/Q04_s0.1_seed420001/starts.csv,56768d159009ac367494ea4cb8cef5a226f60096207e627405b169c0f4d57c8a,09a7204cabd785b9aa083ce0e2fdcc929a52e9ebd194530a81a1b2dc71515d23,7bc07fd688bd0ba838a0615f632293311a39410a,False
results/R4_A1_FIX2_ACOUSTIC_COVERAGE/development_cache/Q04_s0.1_seed420002/candidates.csv,f5644d8312aa67b7814d310034fe716b7f4656522b04cd8a7d1b87615bb92e67,55b15a02b5adc377ea563ba101877c32f9072e16272365f173fe38756d930c89,ef4934858ebc591d354d633258afaa2f7a2ebc30,False
results/R4_A1_FIX2_ACOUSTIC_COVERAGE/development_cache/Q04_s0.1_seed420002/complete.json,8565e06d60be12eb44ae58212ae3a1ef2f69aaadf2723920b0f7b123ad361e16,8b8c3e81e165287d458e46e4d666d9e2ea0c2e253ca5f36b96884332ec920d9f,b49b0ee39c241075a83d35e13a0a69360f99ff62,False
results/R4_A1_FIX2_ACOUSTIC_COVERAGE/development_cache/Q04_s0.1_seed420002/logs.csv,0cc3870eb8214536b0b4bc0250a1f1af33dadb460874d9d7480ba9358f43ae67,cd67c547dbd96e656e8ab2603ae4ed8702fac8db6f1b379a92cad2618a2b82ee,999e43151184649707a8b9b6e870b54423a15640,False
results/R4_A1_FIX2_ACOUSTIC_COVERAGE/development_cache/Q04_s0.1_seed420002/results.csv,c6bbb6bb52b462ea00124d692b3e085181918205d8c5b341c11f456afd0bae04,9ca27b6277b494df2d84dc0c5ae2676db11b1e7e53de2ddf439437280baa54ef,ec68df5fa3223e86e36ba6160016e349f54552c3,False
results/R4_A1_FIX2_ACOUSTIC_COVERAGE/development_cache/Q04_s0.1_seed420002/starts.csv,2e4f363274c087519db01046ea1daca5e73e027b779e5e75fdc86fa7ebefa09b,debd0d1696d73801b615a6ac275433fd0f8f4e964128f6f5d040938fa421db47,a854852f06061088e3adc7d67da7ae701599f4f4,False
results/R4_A1_FIX2_ACOUSTIC_COVERAGE/development_cache/Q04_s0_seed0/candidates.csv,28ecc35d0ec31a1c0e03e41f09119dd2fe892dff691c1ee160a8b7bd0ec7d5b2,c57c7ba34e19a8f6f029cda0407a9c155190264d3c984e2ae99e956b33c09708,b1e2fcfa75151d9c3f4291982321aa528cd0b8ad,False
results/R4_A1_FIX2_ACOUSTIC_COVERAGE/development_cache/Q04_s0_seed0/complete.json,01f06fcf6a45fa628a79cdedc4b3b5b7df74c526916d1116e41b4439da61d386,58f0f5f5c37f022fce972fccca7b60a1155c92546af5714632e28be32bd8b7cf,35a853dcd6bcac8711aaf61851fc9b6cfd71c047,False
results/R4_A1_FIX2_ACOUSTIC_COVERAGE/development_cache/Q04_s0_seed0/logs.csv,6c570e2715f6ff4bab89f350709ad7514eca9378629943be0945b5e1a979d638,564ebd03d49ec7797e33faecd3d8cd7ff488cdaab364130161cba00038adaf70,23c0f41e0bd33f13c6e3c47a0a27ad18dae68ad2,False
results/R4_A1_FIX2_ACOUSTIC_COVERAGE/development_cache/Q04_s0_seed0/results.csv,1c3a904dcc4bf1b535804585e65e83e1f920dc6225ce347a86c034c1526d1dcc,b160804b46ec9e5388140872d08d8f61a2932223f6d8e5cf9c678534085f0693,be885df7be7a887d376c5f3a00f1c31488c45ea2,False
results/R4_A1_FIX2_ACOUSTIC_COVERAGE/development_cache/Q04_s0_seed0/starts.csv,15f632c7e98eab801022f8a0c48f7f04c69004d3de8f1aa0c06287f5fdfefc4b,b01621cd9b6029763f1d9d5adfee6d41320b0cd7ed296eb01d2a61ac6fa441c4,5940a50c035df3cfa5128de498e0c97fffddc571,False
results/R4_A1_FIX2_ACOUSTIC_COVERAGE/development_cache/Q05_s0.1_seed420001/candidates.csv,1cc7650ba60c9bbf371c51e9a31a1238c1f6a77a9632347b2f7179ad5dd59360,e42cb1af7704992aa5993cd22088f05780e4b1959c3e18a7d888563e939fffd0,d6d80fc26426d26466bf76607ef40242ccd7cfa1,False
results/R4_A1_FIX2_ACOUSTIC_COVERAGE/development_cache/Q05_s0.1_seed420001/complete.json,725ce0ab9daccf06323b0326cfce5fc3c34027aad38b14dcd6a8053157a9cc23,5ab248d721db4fe8cd513e366f56eed245c8abc55062edb301b76b0843a79279,9241e086d943e723ac630fd36dfcfdab3394808d,False
results/R4_A1_FIX2_ACOUSTIC_COVERAGE/development_cache/Q05_s0.1_seed420001/logs.csv,28d6f3b0bad6653d9269481eabe32c80f539fc4ff0f5f59f421ac16015a54acf,bcc5047d0da61c9f55896920badece17842435ec87283302984c42e972b23816,6fd7d83dd3eb695c00bc3b98ef595e518b0d3480,False
results/R4_A1_FIX2_ACOUSTIC_COVERAGE/development_cache/Q05_s0.1_seed420001/results.csv,ad7a4727c7cb7e49ab1cf0fb58903b3205507642cd9eb16b3c598d0b0bc572d5,8bed9bcf696eb61177c894504721a788a490bd5dcd4e0312d0d00d5dc35f5db1,3ef31f945b5f224fbe025f4553186922cf598aaa,False
results/R4_A1_FIX2_ACOUSTIC_COVERAGE/development_cache/Q05_s0.1_seed420001/starts.csv,93192b8d1cb908a3167fa291e038b92fea445bde9aefce57bd3a242d95be0748,965148f9d32e06a1320bca7c8f2fd06f654b561d1acbb926ebcf8aca7d674798,b332735a11ea707dcaafafa4054273402c2672b4,False
results/R4_A1_FIX2_ACOUSTIC_COVERAGE/development_cache/Q05_s0.1_seed420002/candidates.csv,592ba60545a20ae80e73ab8bc39e0cebadecece91df060a2fcb222a903d26ed1,cbb3bc2cb398e61c6d691dd6b8272e25aff10c4cc6c3b44e498a322705945de2,e3e5e6f9faea33ebd9ebefde48c4d24f50ecdf58,False
results/R4_A1_FIX2_ACOUSTIC_COVERAGE/development_cache/Q05_s0.1_seed420002/complete.json,fea0c627fad3ced4061cdc6a08e7ce0683a84b37352a2f51248ec266e7a49032,2bdf21b8ef06aa0645d0e909828353c79b35aa6e4f8739871589384ca8caaecf,e1a962170f9c1e321126b492041b59516e79776b,False
results/R4_A1_FIX2_ACOUSTIC_COVERAGE/development_cache/Q05_s0.1_seed420002/logs.csv,0dd58beeae7ec8bbc4aca46c988c4d12fcaf71b3f7ca9bb384ba834b4f266d18,226a15eff7617e947d75990f954ab9217853ab4230483a64b2625b664528d676,6e903f91cce3529329fe1d9a02b509f84c229d05,False
results/R4_A1_FIX2_ACOUSTIC_COVERAGE/development_cache/Q05_s0.1_seed420002/results.csv,93795a923575d44438cba5f5383d0595f1c97801fbcc24323abc2e304d11d854,b652934c9ede5f1d587109d29c40a2c25a678f3e0844d0bfdbd31d91a61b9daa,fd4150f267e86b162dae5350d15a3ebec5a0ab9c,False
results/R4_A1_FIX2_ACOUSTIC_COVERAGE/development_cache/Q05_s0.1_seed420002/starts.csv,88092b72736c5b1cc5699ea804c8928df36ecedb1e12b762bc2c1b334b43af33,99afae29885d8de3f7dfad24826ce75b3d9d83263482624137bfa68dae702537,9418e964b24ce6e99c9a4af45931f8ded6bb8ef7,False
results/R4_A1_FIX2_ACOUSTIC_COVERAGE/development_cache/Q05_s0_seed0/candidates.csv,b08a42d1a84572b69cd4e5794cd6a35a2a0f159c6e275ab7e392b31299695a88,4a4807555d33e648f181bac78360cf7370877bbc8e849a78ff2234ce038f212a,c9a7185a6895dc141c2f9bb8a3e2dc256609c147,False
results/R4_A1_FIX2_ACOUSTIC_COVERAGE/development_cache/Q05_s0_seed0/complete.json,e0d758879599e74965b91d96dde98c0ef19ec75fef57015892450797a121b54d,adbfdf90f5fe5b9a4592932ff40350348c368ca1dd2a7115ced6ef7d83f24b02,85d1dc9cd8ab97e62f8b2663aa5f063d855ead43,False
results/R4_A1_FIX2_ACOUSTIC_COVERAGE/development_cache/Q05_s0_seed0/logs.csv,834ebe06a6d04b38623bf53e02c5bacfac4195801853d093fb9631d65cf8ed27,8030c294c68bb5447c216599761b37f9379540519fa314571f710660f03b84fe,98d24f08dede5c99665da302d85a5c154200f2a8,False
results/R4_A1_FIX2_ACOUSTIC_COVERAGE/development_cache/Q05_s0_seed0/results.csv,e8d3bc69b43a84a2231fce68996d9cf394efd22d041c5a21d5d2bbf3fee0219b,c36c25d2409a82f7d62c3179d6ff8aa3c324151bff6b180f8cd555f2ab38f912,a2926242216aa1dc2d4222b6057c654c3f9cc4f4,False
results/R4_A1_FIX2_ACOUSTIC_COVERAGE/development_cache/Q05_s0_seed0/starts.csv,2867b2787839dffd80c12409e526c7af355c5b1d91e77487ea16122aed3ac606,b3c9ee997e7081cc6b787f99d973039aaafb27f2d015e63a31b3b9f3f4446848,8e89d4f140e024ab66fb544e95236ca9128a84f5,False
results/R4_A1_FIX2_ACOUSTIC_COVERAGE/development_cache/Q06_s0.1_seed420001/candidates.csv,a30136ddf937a577d455bdbe8c1adc71059ba51bacb0b1f25d277c13bf4a58a5,617fac2d0a2e1b11b982d288f06ee80364fa6e1bf457a3cb7587b7cd107da59a,12ea96ff05b5bcb290ecd09e4c9c72d8ce58c7c8,False
results/R4_A1_FIX2_ACOUSTIC_COVERAGE/development_cache/Q06_s0.1_seed420001/complete.json,d820d83d448d9acf7bdec2f6006211cbfc82f8d0a5caeea73c8da4e87894f751,08e0381400176439fe7f686a3c4df081a7e280709f9c0dc4fa8b56d9d33ab13b,1b003f8fdb7bb053787ad4689e1cb2dcd6366c6c,False
results/R4_A1_FIX2_ACOUSTIC_COVERAGE/development_cache/Q06_s0.1_seed420001/logs.csv,461cf1d0ec4e43e02da8c504d49ecd2a5d385882f0d76cdec1813245478d2312,fb0fbb8e7cb67e2b95422e10586139bf01d5fe4c5b5c1bb7ff0a27576d79618a,a554ac8c90b71534fe02f63fecfd195ff372afe7,False
results/R4_A1_FIX2_ACOUSTIC_COVERAGE/development_cache/Q06_s0.1_seed420001/results.csv,da6eb0a997996a6c2bd75eb26f7b2b883efa4a0c12501e61a937e810ccbe5bf3,17920e571e2f03f42afdddb7eb86b08160f02a287df96f6b1694c5a2f1eda462,1b13f6773bcabb4822c5dcf68495cfe692503a22,False
results/R4_A1_FIX2_ACOUSTIC_COVERAGE/development_cache/Q06_s0.1_seed420001/starts.csv,e9610ab67aeb73ea89796f608333d612fc94a1fa753aba64030c72f0952fc549,5495c16765e16f79ad6a9b449f9b8c71c94f2ab819f6ae98bab1a71679cb2dfb,5851e0fad08d9cd0cfebbb4d6f874d84fe435d07,False
results/R4_A1_FIX2_ACOUSTIC_COVERAGE/development_cache/Q06_s0.1_seed420002/candidates.csv,1e9aa0409c65094a986fb3428bca2186393846a33999ce724f36f2e8b9c24bf6,c958da39bb079a3a971d8c283714b2427ff6ebd5a0934d7d13cb373784f9020a,10417fc18001db3b63b5ce647318e5833de36789,False
results/R4_A1_FIX2_ACOUSTIC_COVERAGE/development_cache/Q06_s0.1_seed420002/complete.json,84f0df41c89b29fb5ecbc834cb3df46bbeb72afe4959920477b73d41cc1e7a65,e420a334876c1ce576c3c2c817d36669616804c6a3a7aa556a52c99c61229b19,0db877693145631a4c0ecf46396b1b77cc37d2a8,False
results/R4_A1_FIX2_ACOUSTIC_COVERAGE/development_cache/Q06_s0.1_seed420002/logs.csv,6f8fed0f36711b78daa817d8d4e0ea2adb182351be08fa9e96f4923a15754147,019ea6de4bdaab8c758b76b2fe337f7f1d2ce901aeea0253f84355ea7efc0c60,bb13fafebba013fcb448af2ace6c9cb232ec5ff5,False
results/R4_A1_FIX2_ACOUSTIC_COVERAGE/development_cache/Q06_s0.1_seed420002/results.csv,a149c44e71f14ee8345ea3ab55a3ce68c02243e090331f1f990d3a775fe120d1,5027e684fddced010ccfce923baacb1920233e55d6176680b6a12d655476e392,ae7ab8b9bc0f8d7e21e4ee6c944f0760685298e4,False
results/R4_A1_FIX2_ACOUSTIC_COVERAGE/development_cache/Q06_s0.1_seed420002/starts.csv,f7ebacaf5294de579eaff9e86ab555b8dfabba39ceedad95ca3ca9cb7c6f35d4,5621ef33aedcd969a4d6fa40b75dde0bd772158406dcda0161d45534807a0cfe,9cf54c44b11b307b3cb360deff0f697f7c9c9960,False
results/R4_A1_FIX2_ACOUSTIC_COVERAGE/development_cache/Q06_s0_seed0/candidates.csv,4553b57fd82f58e8a357d3ccce255258fdc4fee4e6c1a1c17717750c0bc2260d,eb9f109182c5422cd1266aeaa846585291b5f2ab1cfbaeedf0ab2aff6d73d6d7,7b9e63233ad0f4e0c5eeddabda17f6d51372e545,False
results/R4_A1_FIX2_ACOUSTIC_COVERAGE/development_cache/Q06_s0_seed0/complete.json,725edee3504772ce41b9be5f40d046c05cc241bdb66d72fac545c4e771d314ac,407ed151db9bf1c97f2c41de05dda8ccb4d66e84f0c09057cb61d1f4a1112e3b,23461e611d2fe588b60212183aa6d0b410fe72fc,False
results/R4_A1_FIX2_ACOUSTIC_COVERAGE/development_cache/Q06_s0_seed0/logs.csv,3b01fbf3bc7c9cf5f65218d385ea6863f330b27f4cf1263c58caffdca9e3a365,9b0a95dd5eb9de96da82b1bfceda3b8d67e51168f3a7564a110ee36740b70879,e52d8db10d49e07c0aa340b47ee5f36e178de772,False
results/R4_A1_FIX2_ACOUSTIC_COVERAGE/development_cache/Q06_s0_seed0/results.csv,6c848ed7d4468ef6421c1307d91d46a6a7d4794b4425cbd7b16594ae3ae68845,b76ff32523b499e47eafce76e0e0ecdce87a24709f9df9dc2b4a476daa92ceb6,00b65faa1b128b43638313c11f6ee9fc6acc0c18,False
results/R4_A1_FIX2_ACOUSTIC_COVERAGE/development_cache/Q06_s0_seed0/starts.csv,2a4c46d1940d238e9376f643f78e45e492f04db6c1a1679a6fae34324aa23fb7,e5386690cbf8460a715d36facc351aa03464474f8cddc0f23ee6b6e979ccd729,513948f20abad11882a9a03e22c61d883ed84f06,False
results/R4_A1_FIX2_ACOUSTIC_COVERAGE/holdout_cache/F01_s0.1_seed430001/candidates.csv,3f02ba42ecf51e92bfc1dfc37a318f5f5369818bef40b0d3ba2a7b5b07704256,3d0de8f8589d49e0c69ef460e9cf4f3158e750956d212ae178b25b8696d0ae93,498fd626d720dd5ea7aee5f1671b74f430712af3,False
results/R4_A1_FIX2_ACOUSTIC_COVERAGE/holdout_cache/F01_s0.1_seed430001/logs.csv,58d3887250a5527fdf6dd436ea0a9458a604460c2d6ac9d0f824e78f004d3f93,5ef6465fe9d6518101c8c4212e0fc9289735825abce66be9d7e6bc5f3367010f,8f7b54033f88739f0d4126c0bca9cddb91c2d61e,False
results/R4_A1_FIX2_ACOUSTIC_COVERAGE/holdout_cache/F01_s0.1_seed430001/rc2_logs.csv,de5a528b29bf0584044a6dd61e2af2ce287b0f956a0ec0f26e0ae52e9d009cb7,d7702a48bfcbb7cecc4a06c5d4b123bc353369674b3ac733de06394bb16e7f84,d48762261fa8b90260ebe02a4b068413a8dce1ca,False
results/R4_A1_FIX2_ACOUSTIC_COVERAGE/holdout_cache/F01_s0.1_seed430001/result.json,c7e00fba1c7661e2b11905af98140c200004d26329eb4a68f6c252586dca512f,937e142997435897317d5d5f34a147a62cfdc4c13191e08829824fa19372c79b,0e5be69ffba6121cc2947f7936a32d983c2e6977,False
results/R4_A1_FIX2_ACOUSTIC_COVERAGE/holdout_cache/F01_s0.1_seed430001/starts.csv,2d1db2272506b16935f16b777fe74bbaffad36d64d3f4ce451b365e71a6dba43,235ab39ad6ea691c0ee8e8f7345a889017c8a13b618f23188efc83aa3e63946a,5fae2bda0eac28e4b91d559cecaf08d249c49775,False
results/R4_A1_FIX2_ACOUSTIC_COVERAGE/holdout_cache/F01_s0.1_seed430002/candidates.csv,101efc97ff3f900b17e4033f8ccaf35a3439e0b4ec63aea7cee38e6381aa87e8,288724365e0c01ec268d4d3a54c7fa64abb8b548badf0b21095d0027edb53b4d,a1a887665279665a2c78f4482c49a670f6d35755,False
results/R4_A1_FIX2_ACOUSTIC_COVERAGE/holdout_cache/F01_s0.1_seed430002/logs.csv,b0eac71bc5de6fcce74cd9fb9d9ee53847739877aa82c9708c198f3f8df6105a,5c47f92094ba7de4c8041e731045353607e10cd0a8fd91e65be51c3fd7e29d97,bce65d896542f99b532e52ed7225876b2fef6009,False
results/R4_A1_FIX2_ACOUSTIC_COVERAGE/holdout_cache/F01_s0.1_seed430002/rc2_logs.csv,d1b10641533b220c6eecf7e4012eccddfb4908f54a2e123df71cda94beddeea1,06a5103310bd6c67c094a01862d22141c328abcf17a13135a7a6e7064d35a003,2b9788e28898b3b266fbce941596a0a3ec918076,False
results/R4_A1_FIX2_ACOUSTIC_COVERAGE/holdout_cache/F01_s0.1_seed430002/result.json,9a21f1b590d6d37b5bd646bac3b4bd459c0da0d1d676dcdf4ed58ba339508d54,ae446be7b0a0e8aae6e28ddd269298a3da24d79e9f9095b59377b61a313a258a,21007b5dfb24defd36d93aba033c76de5a61ebd4,False
results/R4_A1_FIX2_ACOUSTIC_COVERAGE/holdout_cache/F01_s0.1_seed430002/starts.csv,736cfbde12441e0106784c05dd53e04718900641e339696e8a3fd3d219fc24bd,d72d38e18e93eef331c9ecd54d087fefa462463141595771c95885101d4afc8b,0f1a36cd37fec4cdc3653084950cf72b9e4ae6fd,False
results/R4_A1_FIX2_ACOUSTIC_COVERAGE/holdout_cache/F01_s0_seed0/candidates.csv,7cefe98f53936e39394de6700f2c41f6415e46f372a2bbc75741ddec5462e5e4,3ce26898a1ae99370cee0c5c63aa76677c1d1656e8624ca9a6431c1ad1f86208,acf524a3ad67996178a909cc15e36f95e2ae9501,False
results/R4_A1_FIX2_ACOUSTIC_COVERAGE/holdout_cache/F01_s0_seed0/logs.csv,6cf9b85f043e3fa95a0b3c7d2a494761486cd04cfd11660209476834a985ce6e,86270be53154bc7c8a7ae69787b8422bd7a6afb476fcfc6d47cfa3a84d85bb06,ca228da8de8fafe17605b64cecdf7ea355d47254,False
results/R4_A1_FIX2_ACOUSTIC_COVERAGE/holdout_cache/F01_s0_seed0/rc2_logs.csv,05e42e22dbe279385fa31a4490d11cc103c314cf042cc1554ba3be7986ac3ed7,a57b0c891cd04685c6d8957cafbfb274ad024d21e4c1f82029964e4fa8afca34,da23e618b237cc6b1efbe1dae232e67429753177,False
results/R4_A1_FIX2_ACOUSTIC_COVERAGE/holdout_cache/F01_s0_seed0/result.json,ec433beed96cc978c4b0ff9349a66d7b339369a078ee6072b813a883897ce8c4,2a2d86dceed1357241f0434cec6cc820c709e5061015d1df7264f8031c9be41f,f77b3b8c7875747820ff017575fe33dba0869fa8,False
results/R4_A1_FIX2_ACOUSTIC_COVERAGE/holdout_cache/F01_s0_seed0/starts.csv,0035e4e98d9f8c3b6f06ee15a45e70ec22621f7139504d1da3b8ed3c665ff31f,d689d4f792547d5e95d7fa5ad84bf1da109bc469ae5bcdeb4d066ee0ff2a46a5,8ba63f88edd879f9588849028f6f9d20b2c0b5e2,False
results/R4_A1_FIX2_ACOUSTIC_COVERAGE/holdout_cache/F02_s0.1_seed430001/candidates.csv,cf6e2a47a0d78f7981dffa5e5e41092ef73ae74ccf97d1fb033cb23409085c40,7c3f254875435f1b7c6da06ab42238042fbd6f74e51ec48def87769febe5baf2,7a2e84e71770335f9c8e01c5edea3e54e9d8936d,False
results/R4_A1_FIX2_ACOUSTIC_COVERAGE/holdout_cache/F02_s0.1_seed430001/logs.csv,60cdb503184a5a18428ef4433fa19faaba31d7b9a038cf903588640b1ca14834,ed20f6fadd0f4764aaef8c4b19c0cde928d4c72c7defb82d9a1dd67604223414,8c04cb1077559f3304a86c53698b48a0e8a818b1,False
results/R4_A1_FIX2_ACOUSTIC_COVERAGE/holdout_cache/F02_s0.1_seed430001/rc2_logs.csv,7d226bba68000f7332deed2a605db386f4e0187f12d24915540c3d556b48203a,b17c7a37eb28f8a0c05f2ae1de5d3439145684da66e8483d3a9e6fcd329a8ddc,8425812bcc0d084930c73241664a074797a596e1,False
results/R4_A1_FIX2_ACOUSTIC_COVERAGE/holdout_cache/F02_s0.1_seed430001/result.json,9455084c4ec35404fd6944020875d2180f203d469e9e2d0d8e1d6d1e8178455a,f691a5376835859225edbdf6e482123ed73da1ee63d4910318c80523c42ff6ae,350ffcaf4985e6abf596717e574fd61d70315209,False
results/R4_A1_FIX2_ACOUSTIC_COVERAGE/holdout_cache/F02_s0.1_seed430001/starts.csv,c236ffa6a8f6f3a402509a2e0259c3bbe9511180817a8d43803885bb98343b69,bfaa2536f35976007ee1469dae64f71096dc31ea2fd3eac21b7db76c4df1d8ca,b102c812f98bc7b79bdff2eca08468ea448f7030,False
results/R4_A1_FIX2_ACOUSTIC_COVERAGE/holdout_cache/F02_s0.1_seed430002/candidates.csv,d33429c9b65d0b763cf4802fbd18b9f28bc5aa0309744b87694c2673de565ab3,89f48b7752160836f4a5fa392c5ea072309904ae243be978c9d1bc34f7679e48,8f17623541d3aea19a8f283477773cd0d94e9e75,False
results/R4_A1_FIX2_ACOUSTIC_COVERAGE/holdout_cache/F02_s0.1_seed430002/logs.csv,1f86a694e5a1cb20f87660598dfd57f4b456ef59eb9bd48ea856f225548570f0,a936ca6e1d0f646d3ec63013ac019315d9a1f9f7217d236cf673d8fd851aa0f8,5d1b92609b584d64f38c45f73a9a910905961e0c,False
results/R4_A1_FIX2_ACOUSTIC_COVERAGE/holdout_cache/F02_s0.1_seed430002/rc2_logs.csv,36c5f5ec403e2e3f4bb77cc26c2a6be2680340ba25ad8027e959d27b18ab2c70,4b1bc3e4c7a782d424a482ddcf3ca9b7fa5915782117a16adee2e639cc0c7a70,d3f891d5cda4c00431d6113aebbc754b41d7ab59,False
results/R4_A1_FIX2_ACOUSTIC_COVERAGE/holdout_cache/F02_s0.1_seed430002/result.json,949de291837292414f78115f5407dd60188d37229c8e4c2b9191649a0f37e86f,f5673bbf7e7a16dd15d3e8cc5296fe6813ce0d1eca38800003359288b210d591,46f509f926b76fa1188d338541a339e4dd4596d5,False
results/R4_A1_FIX2_ACOUSTIC_COVERAGE/holdout_cache/F02_s0.1_seed430002/starts.csv,d49c1decbdbd2519fafcb14d33b95e0035def07c81bc3351a53211270413248e,85e109c6e8e1243f1e480a143bc755559c614e1f153dd1d5684d4205be64a9ed,fd0a68d354b54b27156137f63fe40479dc13cd98,False
results/R4_A1_FIX2_ACOUSTIC_COVERAGE/holdout_cache/F02_s0_seed0/candidates.csv,4a6bfc46864ef420ba3232b6b0361d01b46f790e5380063650e6b51aa16a2c39,8129e2c3528b752b140f2c5697b6a473a5be85ebefa62e2a3a644b54cd89dd6d,34828bac0c1d73104369889360ca69ba6d9fcc25,False
results/R4_A1_FIX2_ACOUSTIC_COVERAGE/holdout_cache/F02_s0_seed0/logs.csv,6cf9b85f043e3fa95a0b3c7d2a494761486cd04cfd11660209476834a985ce6e,86270be53154bc7c8a7ae69787b8422bd7a6afb476fcfc6d47cfa3a84d85bb06,ca228da8de8fafe17605b64cecdf7ea355d47254,False
results/R4_A1_FIX2_ACOUSTIC_COVERAGE/holdout_cache/F02_s0_seed0/rc2_logs.csv,3c83cca0fb85ae85e1e1640779e3c75ee328fa9501afa146209c4f838c7c9eb4,6f994ae6b80e5c31e196be7aaf15de1ab68e1345ab8fcf88f9e1a313ef17e2bf,d4ba9fdeaf1393d729ef4e91d7bb23f03e5b35da,False
results/R4_A1_FIX2_ACOUSTIC_COVERAGE/holdout_cache/F02_s0_seed0/result.json,d6915d2d7ce9f76ba75901f3f2a92c1a8e9e9b4644793878a5389077cde7cf7e,984d5e7ad3cd31f9c32897e58f3459c4a221f13a4199bb3e7c39a43ee80922b1,a93033c4a646dfe59b991cb2d8eae58ca3e6123c,False
results/R4_A1_FIX2_ACOUSTIC_COVERAGE/holdout_cache/F02_s0_seed0/starts.csv,5c73df3971fc5b2a183a0f4927cb38a55ebcfe8764be280b01f50f1310c7bd54,c8b255bdd850df599cf20924b0b90e90424b45eb32171bdfee6e78f449efe924,82d37f1583916d99aaa041653b3a349c0378856f,False
results/R4_A1_FIX2_ACOUSTIC_COVERAGE/holdout_cache/F03_s0.1_seed430001/candidates.csv,fd6cc3d591c51c977f159e8fb3faea39bffd8b2c7daa1cad24bf12adcbc34be8,a378795ef9b81ab76aa648054579e162c44773f2ddc84164c4c66b35b1a7a65d,343b4dd2971d578a0c4a735a10665eb26a8d348f,False
results/R4_A1_FIX2_ACOUSTIC_COVERAGE/holdout_cache/F03_s0.1_seed430001/logs.csv,a98dc5915a324be443ec144438276d2f1f3e6657a620b9f64ef7bea55d94c5ae,9fd04f671aad448334bbf1164f1e08e2d5b040301df1e6df3970358022baaedf,5526726d11e52743ac86a6921b944c6d5ef2d968,False
results/R4_A1_FIX2_ACOUSTIC_COVERAGE/holdout_cache/F03_s0.1_seed430001/rc2_logs.csv,c134ea37b66d8ec9634042f0e6f6daa3d128feaae8777a99bfe7c2bd5f1f7f6c,ce478316cebfae5d6b7f74759e7cb2937bbcaf08eaf7b8fe06803646f57a0835,1501b7fffd18cfee795dcd7b8133b08c0cecf952,False
results/R4_A1_FIX2_ACOUSTIC_COVERAGE/holdout_cache/F03_s0.1_seed430001/result.json,11b16bbe63e94ced0d885c57d091460b6a2d20ad8e29f09090bb573b49945d32,886c6fd57fab3c257bdd7aced5cbfdb5b3a36aafd8cea8087eb0c06b0a1f7b3a,6b1d5b587aef10799ea1902a36f32151c62409de,False
results/R4_A1_FIX2_ACOUSTIC_COVERAGE/holdout_cache/F03_s0.1_seed430001/starts.csv,f42fe63f2723bd03be47c4092a03bfacbbab645d4444a28d28ce684a34aaa021,a3f67b5e5828a7eabff84580fc83018d0f032d69fef7bf9719f3c5c39999be67,e634f881ab621b80a1d2b7ddfd7a4870ba7937dc,False
results/R4_A1_FIX2_ACOUSTIC_COVERAGE/holdout_cache/F03_s0.1_seed430002/candidates.csv,6e5d7d64098c01c09efc63d28450dc2afe57071a42dd1b1eb541eb9578d5a3d0,69ad49180e8abb20ccfed40ea3c62a85313ab20a37d1c347673fb985a2fc839e,ab7592b85734d763b8088e43ae5addd797c8d3cd,False
results/R4_A1_FIX2_ACOUSTIC_COVERAGE/holdout_cache/F03_s0.1_seed430002/logs.csv,bda62f99da84d8643f84e7866bf280a7da56f607880d369134f9199e5b293243,5a76e381c142527d8f2ba1135484a8192a69fd936b696775938f5d1d82ab5d63,88498bc72fd4d785de8493ef35498383938e7216,False
results/R4_A1_FIX2_ACOUSTIC_COVERAGE/holdout_cache/F03_s0.1_seed430002/rc2_logs.csv,594f38f4c9441b02fdb65a3d996452963b7a7ae51b6a549fe816d62c8857a3a9,6eb8d7a5ef449f9368d1cefb0cf29da5818411ef9b1088367e8cf8ad5ec67ba9,054b6945cee6e513029303a61a773a4f915cc43e,False
results/R4_A1_FIX2_ACOUSTIC_COVERAGE/holdout_cache/F03_s0.1_seed430002/result.json,ed7d63856a0bfdb3a3691521de11c9edc0002e3ea0812fc6268cbf716de7011d,c5f0ea182cc6453da99c97f08fb5e8b3032a5671814861ec953f6e30b11fb864,c8e9f8ced309622e15252959c5e21bc214fea8b7,False
results/R4_A1_FIX2_ACOUSTIC_COVERAGE/holdout_cache/F03_s0.1_seed430002/starts.csv,2c204be2993fd6cf3b4b812be83adfe838bbce115922d2ba4b713a7994d855f1,9485df42532e460347045bc36afd351c9d6bc22127749abf1295266867004b4f,2b809e133cd729af3c353b22ae26a75789ad4edc,False
results/R4_A1_FIX2_ACOUSTIC_COVERAGE/holdout_cache/F03_s0_seed0/candidates.csv,25dd352cf1cc94af8c753eef3405b9b5261c00cd8222b70e61c19ede3f7a8598,69677cdc0de1669901c389e8207a75f6c649121aad1791395d3a96a0c1d360dc,b8bfc5a10902baf77e8fb40841d15bc03489a937,False
results/R4_A1_FIX2_ACOUSTIC_COVERAGE/holdout_cache/F03_s0_seed0/logs.csv,6cf9b85f043e3fa95a0b3c7d2a494761486cd04cfd11660209476834a985ce6e,86270be53154bc7c8a7ae69787b8422bd7a6afb476fcfc6d47cfa3a84d85bb06,ca228da8de8fafe17605b64cecdf7ea355d47254,False
results/R4_A1_FIX2_ACOUSTIC_COVERAGE/holdout_cache/F03_s0_seed0/rc2_logs.csv,e1c66bc88de9b9147f8d6110e928e0933436274f11d52b31358bc4098f9fc49c,5b9bbdd260e4bf686ad8ba8ace04d2d7f86fdd7960aebe8729422a9c6f1afb1e,fa487f642ddda812e4586958038dd59d144e54ff,False
results/R4_A1_FIX2_ACOUSTIC_COVERAGE/holdout_cache/F03_s0_seed0/result.json,63c372f5dcd28d79d6dd2767dd231f5ed52a9e63f31030bf3cfe28cf35afd34c,70807563163474a7d8c70aff75019d005a2116cbb6a0d96b7b017c13e64a59cf,5113bc7473bc6957304bb26112026b6ae24cdfb9,False
results/R4_A1_FIX2_ACOUSTIC_COVERAGE/holdout_cache/F03_s0_seed0/starts.csv,89b4192c05b81aaae90114be03d725d459c0c3ccc59f06b5bd292653506d5e7c,0decc7e1d08247883988129ca4a78e74b90a9292534f47bd24ca0b1436c5e83f,e376e3864683bbb275d06f20158b69fad811ff8a,False
results/R4_A1_FIX2_ACOUSTIC_COVERAGE/holdout_cache/F04_s0.1_seed430001/candidates.csv,eca46119f9b76cf835fed71354d2b66414e2c9203b5912e8b2c52adeb1f7b929,2088edf7af2a9920afc8559ddbd495a46b4c15469a9a35f1797fec38efcdc44c,d2fa306e0eb5ee714ea2d000dffd671f8022fc6c,False
results/R4_A1_FIX2_ACOUSTIC_COVERAGE/holdout_cache/F04_s0.1_seed430001/logs.csv,45c2a5e2208a0409da486e335950f2b21463a41b04821cf41e685511c7c5bef8,50103395ffff6f2a2046628dcca772c2797648ad76beef88094362da0eac3afe,f1b001c3568496f1e671c113d708415ad5ce6d3f,False
results/R4_A1_FIX2_ACOUSTIC_COVERAGE/holdout_cache/F04_s0.1_seed430001/rc2_logs.csv,40e1378d0674637728295a454ce14f90c39772b10bf658c12be5e2bb61dadc08,9b7680a4cf37a0927459968b80c75041476cbb27d76ddc6ccbb622bf690d1155,b3bbb8fb50a00525fb85ce9f619e92a953a20ee4,False
results/R4_A1_FIX2_ACOUSTIC_COVERAGE/holdout_cache/F04_s0.1_seed430001/result.json,a1774e1e1147fa4f8a5792b1a54f117969bde3dadf5e3d35922139bd4076e686,2768ce56972e467a65d2884417be33061e5292997a936cb75b29eb3e661cb7ff,6a76d18ffc1f950e398998e75bcc5cbe49707f73,False
results/R4_A1_FIX2_ACOUSTIC_COVERAGE/holdout_cache/F04_s0.1_seed430001/starts.csv,7a50ec6fec36fcfa58155d8408c08e63f2984519648379685ea98442fe998ac4,85038060777830e43074e55efa88f45ceb62c676df78788f5e4fe2c85f4b2bc8,bde9bdd2c6b1efbd3d1f2380497482ca233edf01,False
results/R4_A1_FIX2_ACOUSTIC_COVERAGE/holdout_cache/F04_s0.1_seed430002/candidates.csv,8430bccf760eb526fe4df2e364c275649d78f9bf56f2983dd4a4a4fe0b6cc6b5,51da9532a4f809968552c2f43189edc2600c7ad4abfb73c10bf7f4ecad64ae34,41996ab81d493b5952960a33f8058f2bdfa6f64f,False
results/R4_A1_FIX2_ACOUSTIC_COVERAGE/holdout_cache/F04_s0.1_seed430002/logs.csv,29a119df9ddd9c08282389ab6278100ff44ee5f883ac5b5375d5fcb920204b88,0ca68c31d6fd323fdab763d719ef046394d8767f32b051b432b8205091826341,6af406cce93d4a137c25ee996dabaf942c0fa685,False
results/R4_A1_FIX2_ACOUSTIC_COVERAGE/holdout_cache/F04_s0.1_seed430002/rc2_logs.csv,ed888845dc303c135e627c09b8c22dd4afa0733a5f4fb129d2d103a3669c1948,ea28e167f8de0a30a8a4c8c3894de41ecac65072f0910424f57ae736ccc822e4,58bc1d5a86a4c8f895d541305d822c1826037172,False
results/R4_A1_FIX2_ACOUSTIC_COVERAGE/holdout_cache/F04_s0.1_seed430002/result.json,4875ed3021a3a8c14822b8f9163f6f83565970d5b4ecf3044171450e85999585,6d1b7db71f50ff59bb1c60b5a587bc8aa4d53ea6c7736119785784096dbf483e,ba78a2c598c528ca6c87df2ec24d23326a7297cf,False
results/R4_A1_FIX2_ACOUSTIC_COVERAGE/holdout_cache/F04_s0.1_seed430002/starts.csv,a90a3aa25211c64bf3c31292431ed05f832ecfee4e2785e258d6e92e05c2da85,91741a979abd7f2dcd15909d7016a9fc8fc22eec8c282841140cb138e2b0907f,0c5d0c5fc6a95f3cae56ac5afb77f51f300686f9,False
results/R4_A1_FIX2_ACOUSTIC_COVERAGE/holdout_cache/F04_s0_seed0/candidates.csv,efff3c4f95eb7e5d80a3d64bd8651a534e7e2b5135c5c5d8e412bbb6c29c10f0,c23b28c886c981011460491ad4caceb84f5b7c4501af8a8f8e8ac30dd92ec7fe,caa9eef41c5f1476bf677fa576008044e0c15e32,False
results/R4_A1_FIX2_ACOUSTIC_COVERAGE/holdout_cache/F04_s0_seed0/logs.csv,6cf9b85f043e3fa95a0b3c7d2a494761486cd04cfd11660209476834a985ce6e,86270be53154bc7c8a7ae69787b8422bd7a6afb476fcfc6d47cfa3a84d85bb06,ca228da8de8fafe17605b64cecdf7ea355d47254,False
results/R4_A1_FIX2_ACOUSTIC_COVERAGE/holdout_cache/F04_s0_seed0/rc2_logs.csv,1ebf1615368a82b06848a1f425269eebfc681948b0b89982de171148ae4d1d9a,efeb90ac5cf6127c4b21318aa0965f640cd89e3d30519173bec55f4e0a531beb,7d15f0b26d022cae3b2af16b616ab2e3b9daf690,False
results/R4_A1_FIX2_ACOUSTIC_COVERAGE/holdout_cache/F04_s0_seed0/result.json,fa5b9eb271ec3e4e783cbe37bea6d6e265aa17baf8fd47ba606757235ea90280,6b36d0eee0f13dc2c88e63e57f1959b63712f4910cd3a10fe5ec2a93735c81f5,ec5f9b0eb7999bda3fb83789f6d22ea4b33e20e3,False
results/R4_A1_FIX2_ACOUSTIC_COVERAGE/holdout_cache/F04_s0_seed0/starts.csv,c345bf29b8dc6697a5272763ba309f484ddbb0ed074b22fe4a64f199706d3bd2,522dfc296f36bf59ea2ab08dcae586fb5e0a1dc44a4ab770ef4e5894125b322b,cb68d209c152b75bdda21a275702375734d418a1,False
results/R4_A1_FIX2_ACOUSTIC_COVERAGE/holdout_cache/F05_s0.1_seed430001/candidates.csv,c84695099d0c8c10f23485514a716dfcbe0979cca6a7b35a63d5a5c8d4f5eac1,846a88dda98faeb41f34a074755bc735858f8354df66e89f1837b5f06f778fd7,85e7852316ad87b3872a30a0c1d015eef6fd310a,False
results/R4_A1_FIX2_ACOUSTIC_COVERAGE/holdout_cache/F05_s0.1_seed430001/logs.csv,24761771e1b59b63ac24a7f3cca28055d1d0b7d561bc126f89c0422f17aca78e,78b4aa678d4c9c223fe2e5f1fb44ad974eed067424c17f1798f9a483ba274d73,5c32d3a293433f455bfa7f0ba6169d3bbd8c6219,False
results/R4_A1_FIX2_ACOUSTIC_COVERAGE/holdout_cache/F05_s0.1_seed430001/rc2_logs.csv,f7ddbbbc99e3462e9c73edcf5b8d6eeb87017121072b9382024da8546cc0c9c1,5f7bd9f59f46bcd8485f1ddd14ec6766397fd9f1d062f943cec01ec069d0abeb,6221595e1d42ec4b87e1f3c40e88ec0e80f2b8b9,False
results/R4_A1_FIX2_ACOUSTIC_COVERAGE/holdout_cache/F05_s0.1_seed430001/result.json,99eab67b9afb16758c6e27c3826a1277f63c5d7f2679129143ec93375dd7feaa,e1dc013f821f149ed47868cd02129a210f089f2ba738e2cb4e60d1f6aff35502,e62205e844ecf274a997537b6cefbeec5adb855a,False
results/R4_A1_FIX2_ACOUSTIC_COVERAGE/holdout_cache/F05_s0.1_seed430001/starts.csv,62e46d894fcad0283103e110a7df2c06f14bfeaebb3e925bddbd42c22c2dda52,893c18a70f4b0a81d3ca1af933aa24d22b48f82add8599cdfb53400d565abe8d,5e940769b9035a0def839d17c75258ed8f071991,False
results/R4_A1_FIX2_ACOUSTIC_COVERAGE/holdout_cache/F05_s0.1_seed430002/candidates.csv,e9066a63fc68767820b8068b63d5af24af95146ee78b67b09f46c5dc5b9753c6,f44b00ca06ad246aade86e955135c3ab3d1c2c68d82fd7b851f845c02600988a,93128a18864bb2aa5daa07ae5f7f35d796086e1d,False
results/R4_A1_FIX2_ACOUSTIC_COVERAGE/holdout_cache/F05_s0.1_seed430002/logs.csv,088d0168661e9142351cfef2971b65549e934361ff17ba80dbf1e26307122b32,020b2c16b6b8ec32b8419952e419915ef958c1b09975cf256a187efe4ce3ed9d,ba8cd0d4afd6f056c496c644cb99a3aa4ca390bf,False
results/R4_A1_FIX2_ACOUSTIC_COVERAGE/holdout_cache/F05_s0.1_seed430002/rc2_logs.csv,662fa2913c4b8b6d679f878cdc5d8618b4efa8afafc41826da92496f5d9456e8,6dab2f9816aa5709d062cde125652e0d76ef79914737022436222e43f6cd624f,ffe696a2a177d760d07a3a904466cb8d435c9472,False
results/R4_A1_FIX2_ACOUSTIC_COVERAGE/holdout_cache/F05_s0.1_seed430002/result.json,ba51930ac25a442ccb8beea09e804bb52ccdda30711f70b9b70dc1d8a3bebf3c,e12e3630c891d8f798a90498f61d7546527a2d34d7921616069f7da4ac8a20c9,280228f42f004a284891c0b2f22a7b16f061bc2a,False
results/R4_A1_FIX2_ACOUSTIC_COVERAGE/holdout_cache/F05_s0.1_seed430002/starts.csv,421211a011eb2864b2819b8c79a98aacef234f267db42c791bd4d2bf96303fd1,3e4e0f15b6b8c4f5428395ad8484e89607ed441ef39d1a82474eeb59df170c12,00b5bc74d3701492e32d8efb09fd9cc9bc2c5714,False
results/R4_A1_FIX2_ACOUSTIC_COVERAGE/holdout_cache/F05_s0_seed0/candidates.csv,39be5bd34bc4b0e85d39e4bf6049e1dc2f883d31f63c6b7ac87145f4fc9ce30f,0359f5c001099abbc452719d2e082a05cc2c8d269d34284833d8e71102010311,8f99b99ff039980259b70f388230aed036e09768,False
results/R4_A1_FIX2_ACOUSTIC_COVERAGE/holdout_cache/F05_s0_seed0/logs.csv,6cf9b85f043e3fa95a0b3c7d2a494761486cd04cfd11660209476834a985ce6e,86270be53154bc7c8a7ae69787b8422bd7a6afb476fcfc6d47cfa3a84d85bb06,ca228da8de8fafe17605b64cecdf7ea355d47254,False
results/R4_A1_FIX2_ACOUSTIC_COVERAGE/holdout_cache/F05_s0_seed0/rc2_logs.csv,04f81f097741692758c439b061e276121a9e33bcbec459f803c8b00b36991538,d654843c493da3dd86ee8fac8e423f045d9353da0cdc389ee7635c1fb1c7b3f2,1de406a7f115e99bc69b40db90d62878dce484f1,False
results/R4_A1_FIX2_ACOUSTIC_COVERAGE/holdout_cache/F05_s0_seed0/result.json,b23086147b25f17c6477f74f99656e6c5d1c06b393e9b6eee4c339425e08d68e,1d35120c7a8834b41fdaecd7239aafadb8d1c0c860b4f9a075c38f1be1187d81,d99fe6b67c0e44c72d8f32bee0bcd191aa87cd14,False
results/R4_A1_FIX2_ACOUSTIC_COVERAGE/holdout_cache/F05_s0_seed0/starts.csv,54819e868583e336dfc795d7b1bc5be3bbdd3d645cbbe5370999981076ed6153,16c885926bbc0b542ed534b44ff1a96384760b8a01b2a254af6c96934aa51d00,cf9cc7b5d74a623db8cd2a950f6bb769ec071bd6,False
results/R4_A1_FIX2_ACOUSTIC_COVERAGE/holdout_cache/F06_s0.1_seed430001/candidates.csv,9956dc31d641c385f3ced944cbe32c5a469286eb9ec4272b8fd23d9f32581174,01fb7d0e799ddee81d9d075b5c0286f2b613adbaaa807bba4b320e4460a2c02f,d64f62c0ab76b042fcb59406f768c6f05df62095,False
results/R4_A1_FIX2_ACOUSTIC_COVERAGE/holdout_cache/F06_s0.1_seed430001/logs.csv,6d37639cde3105b217deea893a4919d2594f812f3f9678e336ffc7b7c7b37e39,eba331e56c8ad53ac9883dfcd475747861153851edba5794f1b445c208427094,7f312b964332f1203e3a65fc4c917c8c01a3f6c9,False
results/R4_A1_FIX2_ACOUSTIC_COVERAGE/holdout_cache/F06_s0.1_seed430001/rc2_logs.csv,9d7393a89a5a2c0d3e1773b116133fe3bb7357440a07a3b2e1219a15bd1c3a90,794d7a138cb8a4fe314ee8a781247401a9b6785fee5def5bb1015650de26fc33,db7ea1d3740d1f7e4373011cd608a9a54b2086b6,False
results/R4_A1_FIX2_ACOUSTIC_COVERAGE/holdout_cache/F06_s0.1_seed430001/result.json,e07b426f06e554b477985543161b61bd0f2853e92f21f302e5e222036ba07b27,d2d507f39ec4b088976b7b86dac262f99cd0e6715d7f9a80ba333b3503aa0618,8edf16fd88ac5ca0298a86e6dfbe48be6a5ab3e2,False
results/R4_A1_FIX2_ACOUSTIC_COVERAGE/holdout_cache/F06_s0.1_seed430001/starts.csv,84647ed8182e8b83bf41cac85c1944fb3c24935a9414679e2c6bee39cbeac66f,ed836210c7646c547d3879721a8705bb09ad20a6db475cdf8d3c4871d2cc5041,f3e434b28d5570a2b1fd9bb1898f2bb64b33ff23,False
results/R4_A1_FIX2_ACOUSTIC_COVERAGE/holdout_cache/F06_s0.1_seed430002/candidates.csv,7d78c53605795475b753b1c7d98df2c31457bdbb10c2137eebec33ea275491c2,20622c926aa1199a48cd0823a3609a1a97bd82f9e4e90cb7488937f5dca05ff9,8573fc1fd69e04ff47dfb9b4548c62d1e2c16765,False
results/R4_A1_FIX2_ACOUSTIC_COVERAGE/holdout_cache/F06_s0.1_seed430002/logs.csv,93483afad708468d2f83ae98ba6e1e7d42b376211938045eb53c312459c0ee79,f41d26b99a94b82a7aa19f3da57c9baa682b1c8f7f805cd369fb3b30fa262f1d,624cf9d776a26ce0cead4fb05ab9126368811fc9,False
results/R4_A1_FIX2_ACOUSTIC_COVERAGE/holdout_cache/F06_s0.1_seed430002/rc2_logs.csv,cdac85ea6b68f5117e9599fc3ee5f58ba4b4178327a19157583506d3d64cfded,a12bfacc3af94afaf050d09686e4aea7204215623499325b47563556900a9ec5,3d6fc419dea9739a5fceb32ddef31d09eaf701ca,False
results/R4_A1_FIX2_ACOUSTIC_COVERAGE/holdout_cache/F06_s0.1_seed430002/result.json,39ce0d484a3da6580bb761385727746974e4117a345bd0b104d1e030fe78e845,48d94692aec019176e45ad9d50693ace6eee2f3442a9df0c32ef68caef59f0cd,1acd66519af51133c516cfae188d308d1f04e1b8,False
results/R4_A1_FIX2_ACOUSTIC_COVERAGE/holdout_cache/F06_s0.1_seed430002/starts.csv,676ab13431c0afd21c2fccd0e4de377601fa1629fcd03320bc725c5facf63ca4,96c9dab543d64207064c43d4b3cb75711d57ca941676d74958de9c89b34eca44,f4ed96d40940423e55c3dce880a2368f6a346120,False
results/R4_A1_FIX2_ACOUSTIC_COVERAGE/holdout_cache/F06_s0_seed0/candidates.csv,1883518b8b74791baf59623bd6d4b6b07801030c3fb24c8a25a7ed47778d78b9,b2bd772790a6af55189154530469bcaaab6fc244b989a0aa1e2ff2a41773a769,17f9714497f9d2d5ec613b5b94f732f42623c705,False
results/R4_A1_FIX2_ACOUSTIC_COVERAGE/holdout_cache/F06_s0_seed0/logs.csv,6cf9b85f043e3fa95a0b3c7d2a494761486cd04cfd11660209476834a985ce6e,86270be53154bc7c8a7ae69787b8422bd7a6afb476fcfc6d47cfa3a84d85bb06,ca228da8de8fafe17605b64cecdf7ea355d47254,False
results/R4_A1_FIX2_ACOUSTIC_COVERAGE/holdout_cache/F06_s0_seed0/rc2_logs.csv,804cc1f862a3a85b858618db497c28873efb23f5b14801170b5adce99b0bffe7,a5590d412d00a44d3a9374bc468e3dd7edec39088d1e207c3995239647c2950f,e3ebf189d17d18eadcbb93165fdca900aa55d674,False
results/R4_A1_FIX2_ACOUSTIC_COVERAGE/holdout_cache/F06_s0_seed0/result.json,7899b64f9762e5342c268c6b3084f72c7d58f868f15b9d7bebaf5e20a5073842,fb3d191abf186bf50a6b1b573c79f138b0b0208b48e0f0ff3f93481d2d8d2793,6639228dcdb3a003f6a6e252102df4e53ba95607,False
results/R4_A1_FIX2_ACOUSTIC_COVERAGE/holdout_cache/F06_s0_seed0/starts.csv,c01e1f7ca3c519a401c5a65d24b7cd5a8d962f58651559f5f224dda807eddc69,9a1eb18e00e8b589f89f89dc013046aa217a68ad11713c096778ee40adba0881,835767f65d88fc6ac16f12ad1eee1fc5d7b62949,False
results/R4_A1_FIX2_ACOUSTIC_COVERAGE/holdout_cache/F07_s0.1_seed430001/candidates.csv,94726645b243b98aa351f58b7c68ce5f31d12f7d3fd04b0f50235d65d40ad354,5a235ebfd6f543036d3901189d74a422a1aa34d059cb355d6e58db2f8cdaacb5,ce8d38aa21cecc1550ab452532ac44713cc37b71,False
results/R4_A1_FIX2_ACOUSTIC_COVERAGE/holdout_cache/F07_s0.1_seed430001/logs.csv,822ea01d5d08b4d2cacfffb22271365a4969509a2218c1ff96cdfd1f0a2c64f7,505b75ee3291556a2aa1352f1fc9fe60677e276a8126b2d28d96eb9e140e3f86,4a6d498bc18ff6615c9f4ca2427d0390a5a0634e,False
results/R4_A1_FIX2_ACOUSTIC_COVERAGE/holdout_cache/F07_s0.1_seed430001/rc2_logs.csv,0692fc4011599e9b8eed5b1ee216da286a62dd589e1fad3e50b01f54927830cd,6c60f888e77415eb8e22023462fff6d57605afa8d0353d249c8bb062ef0c0e5c,4f85ba304ff2a1fa22e9008cff74394613db0331,False
results/R4_A1_FIX2_ACOUSTIC_COVERAGE/holdout_cache/F07_s0.1_seed430001/result.json,8322cef5f9aac4b62d96486219ae08024c9abb6649de76b661b42e43ab97fd9b,b744372d8e4386759a46e6c96608cc751d6de6f7dfe41f8b7de5faef57c84878,11a2af866048d947ac7254ae77feb5c78acbbe52,False
results/R4_A1_FIX2_ACOUSTIC_COVERAGE/holdout_cache/F07_s0.1_seed430001/starts.csv,c91644970f8d454307a7a9ba816572a1b5acbbdd2dd0b2eff8e7a70403f6e4be,45e0fb512725a2bc338959a361e6a43b04f8595f9aa14b3bd6df8a812617bef8,7475c1cd2d8e75a5bea529fcf38198cd1739e972,False
results/R4_A1_FIX2_ACOUSTIC_COVERAGE/holdout_cache/F07_s0.1_seed430002/candidates.csv,e639b42ee78783c591302564476bb8a55ac08815cecaf81ea0191d8ac9937c61,741060e0069d57445362dc997916f9e259cd39647c1c296fc386dbb3f03ae7e6,b20ff43a5fa103b31794c1646660357b7ab591f8,False
results/R4_A1_FIX2_ACOUSTIC_COVERAGE/holdout_cache/F07_s0.1_seed430002/logs.csv,50de4d70410e3c4b155fdab87a575e7b3fcb44bb4a0333e147f2857ed759357e,b1967a03cef3d24094c7c537590480cdcd7fad60f0c5f3ab080277d90895b559,e02ff41c7a814f14edc22e9f5afe569c4c4befe5,False
results/R4_A1_FIX2_ACOUSTIC_COVERAGE/holdout_cache/F07_s0.1_seed430002/rc2_logs.csv,d98abc47c801d9e0888f485c6e2c4a715b75b6fdb56875b11fbb088f39868015,e31d084c4217e23207b7654c3bcb2a271d9630a418b3a98eeabea13127f801ee,2e11b3573ed980ad84da5912e55fd119dce5a84b,False
results/R4_A1_FIX2_ACOUSTIC_COVERAGE/holdout_cache/F07_s0.1_seed430002/result.json,8e1ff0d66360cad6007c6fdb84d2445481f2c06959f0578d85f09adb69d9b103,194b3733a9a7f483f15196d496d0816b697f5f59668b5500160294ea0bf42bae,2c3dcc0ab80c06e55c7d1ee3649f35886f30c3a1,False
results/R4_A1_FIX2_ACOUSTIC_COVERAGE/holdout_cache/F07_s0.1_seed430002/starts.csv,6c78dfc64007f5e5dea281ee0cde09ec750e6c7b489c4d52481255e2ecf5a1c3,9708afe272658aad47f7ff015b32751d453471bf8bacebf0315705b39ab82d13,b5cb23b2111feb0996ee0501e1929176f2a5226a,False
results/R4_A1_FIX2_ACOUSTIC_COVERAGE/holdout_cache/F07_s0_seed0/candidates.csv,ee9c82a6e940c8f6a10ae7a271619d3845eff25962d069d59246e2036214e002,c57d24996983b23d74324cff1d8ad4c1e73cbda1cb7d1d3aeaae96361b66bea8,d2a82ba1270ec618b24b5b185a3089573c7a53da,False
results/R4_A1_FIX2_ACOUSTIC_COVERAGE/holdout_cache/F07_s0_seed0/logs.csv,6cf9b85f043e3fa95a0b3c7d2a494761486cd04cfd11660209476834a985ce6e,86270be53154bc7c8a7ae69787b8422bd7a6afb476fcfc6d47cfa3a84d85bb06,ca228da8de8fafe17605b64cecdf7ea355d47254,False
results/R4_A1_FIX2_ACOUSTIC_COVERAGE/holdout_cache/F07_s0_seed0/rc2_logs.csv,3d35e6b159bc00ceefa65761b9dc53fbd6e9aefc2ced2316bae98d385449ec12,c11d6e00b766a11cabb384fa7c4d779c4fae5e0bbfb5d7581d75efa9aeaa2bf3,bbb8a01ec52310371c8053744835dffeaeb07f4d,False
results/R4_A1_FIX2_ACOUSTIC_COVERAGE/holdout_cache/F07_s0_seed0/result.json,64d7ccc862d99394a5ffce83f367249321e7f24dbaa674c99a8f8d58627e6d74,368929cf4135f143abe9e8cb9b658954d8810cd76f50f64e06445b1e8bdab8d8,f3895e34fbe5c245157d7a23f60530d3a5652da3,False
results/R4_A1_FIX2_ACOUSTIC_COVERAGE/holdout_cache/F07_s0_seed0/starts.csv,3b24e71d5534ba7a89e24f4f45e2b359bad18cb543041e34e36055a40a4804de,5bc5e2c404ef51322b78538358856fb133786d2dc8d150de4ea29a46d3377000,f2314bba43a668a1d61e173661d08e018f138ffc,False
results/R4_A1_FIX2_ACOUSTIC_COVERAGE/holdout_cache/F08_s0.1_seed430001/candidates.csv,82f0be9a6b3c07a3b0a4fda65922986f1cc40b60f6ffbbd4aa2043d546fc05e0,efa23d7e0dde4306ee840fe52503d914ed21af75011d1bead6758d6251244ad9,c32e85a7e221070af57b1135eeb518d02c3fa605,False
results/R4_A1_FIX2_ACOUSTIC_COVERAGE/holdout_cache/F08_s0.1_seed430001/logs.csv,bb470a354f35409b945f1709a721d28f9f44bf8892c92dd435525f004ed06baf,6211fb5c6a98469400dbdff3b52b172a577a7919bf753478a84e837c274bf923,3de214b365c0df9d84eed269d3ca076e372b11d6,False
results/R4_A1_FIX2_ACOUSTIC_COVERAGE/holdout_cache/F08_s0.1_seed430001/rc2_logs.csv,519de15a106e2e662cda5454e6cac18ca85d9ec023e68f985c7962947d343203,9c58dd4988f5bfca46b4dfed469824cd392f5a2190098913e573db07d559cc44,766c2f868c634fe9a14736dbf51a95e674e835bf,False
results/R4_A1_FIX2_ACOUSTIC_COVERAGE/holdout_cache/F08_s0.1_seed430001/result.json,d84e6e1484e2f741de4e242071331edd438d2596dba5600f0830f5124a308895,a60d928eb94fd129756fcde099f655d9042bacb1d49de4e81e3563cf7f426cb0,eae98d5e7bf9ff36cb1c980bc4635fc177a3fd14,False
results/R4_A1_FIX2_ACOUSTIC_COVERAGE/holdout_cache/F08_s0.1_seed430001/starts.csv,e2705fbf358614f68b2c75b38d9eed9a34d0dcae2da217672b2db5520905631d,584b53dd971b955f52cce8dbd57aba95461b755e097e5622b2e2993b05a3589d,dc069d105fa07e7f8824b2069951203cde4131a4,False
results/R4_A1_FIX2_ACOUSTIC_COVERAGE/holdout_cache/F08_s0.1_seed430002/candidates.csv,149b16b99fcf220f7358a30ab650402ac5be69ff2db4e46c1ab6892432fdffea,dfd90a93caf59037de12060eed166d22938162b044651b5816addb6c1e66171a,1aac6bc6d23c8f508a82b7c7eaf729da78c7af2f,False
results/R4_A1_FIX2_ACOUSTIC_COVERAGE/holdout_cache/F08_s0.1_seed430002/logs.csv,b9b75d62022e70745624c0b0c6d85f6dbbd943bf2674796ab763d5d5cb1ed4c7,fbd475438c95a8a3bcfa3cc3d1ec9857037945e2e325dbc80c36ec02db728850,ef51361e353a571bfa98ba22366850b4ddf1a160,False
results/R4_A1_FIX2_ACOUSTIC_COVERAGE/holdout_cache/F08_s0.1_seed430002/rc2_logs.csv,a9a044bafc087b23f89869e84a5fe127026c90875990ba97d020be6729bb95f6,151517d586d401f175ea64039bf42d9fd0f59c9a4e0b66d9b110c27e2df4cfb5,055383bbe3ab7161708e4dcf7ba67684864ad306,False
results/R4_A1_FIX2_ACOUSTIC_COVERAGE/holdout_cache/F08_s0.1_seed430002/result.json,b2fa2bf8a27ee459218cc42bb75137d20a322da5376e0432465d9d62c8bce74d,d1971993b74de21bc828487bc960ce767b6cf58e4975a852fc90108ec10ae288,683b0b38d29ae35ded02779f3ef5a64e7d595d42,False
results/R4_A1_FIX2_ACOUSTIC_COVERAGE/holdout_cache/F08_s0.1_seed430002/starts.csv,c68852ee2955729ab37363413b718f78a0c9d315e2bcd04491a440ddb7cb2131,9effacf10255af00e1493556cc35f7fd353db288547e860409b4aea1f1b1ec9b,9130468992a1c5c75e4c1300d6b120853431edc1,False
results/R4_A1_FIX2_ACOUSTIC_COVERAGE/holdout_cache/F08_s0_seed0/candidates.csv,8c3fc1fe75045d10740385821f083d3522cc02a9885d67305c5646decf202cbc,26f8a2bc674926cff761e878a0f08f15bff90e175b06a4882b3432dbcb7db39a,908b827266f5c1f1c71d1ef59124a67a24a83b94,False
results/R4_A1_FIX2_ACOUSTIC_COVERAGE/holdout_cache/F08_s0_seed0/logs.csv,6cf9b85f043e3fa95a0b3c7d2a494761486cd04cfd11660209476834a985ce6e,86270be53154bc7c8a7ae69787b8422bd7a6afb476fcfc6d47cfa3a84d85bb06,ca228da8de8fafe17605b64cecdf7ea355d47254,False
results/R4_A1_FIX2_ACOUSTIC_COVERAGE/holdout_cache/F08_s0_seed0/rc2_logs.csv,2cea64538cf1506b0683836ec15ef07e9f1ff3b3c383cb36a93681d71bcb55de,3700b41f17d2ed5ee4e9e247226ae325b5c62dce85ece90d380952e3a86e9470,25e451b429c78d1e45ec8928d12252abd4d0e9db,False
results/R4_A1_FIX2_ACOUSTIC_COVERAGE/holdout_cache/F08_s0_seed0/result.json,7db0a49a8743d8b593a0ac80e2e02304b09bb4bb86feafdb9b898f5bcdcc028f,0454e7faee96bdec95c2f7ec9096504f5359bda6555a5bf0ecaf3111e9dd5c07,15b2899dc0fe789b50f980efd18dc0636b625148,False
results/R4_A1_FIX2_ACOUSTIC_COVERAGE/holdout_cache/F08_s0_seed0/starts.csv,136ad1038387caf8a060fb5d5f3d26939d25b531cf00fedbb7b47d02d45d376c,5da0e7b109e9388b7b2f0fe69b6b6ab8bb283a9df9a47f8f64ec2e3231754cb1,7c641fd6a9e693aa355043b01ce0a404ea87ca92,False
results/R4_A1_FIX2_ACOUSTIC_COVERAGE/independent_cache/P02_s0.1_seed410001/candidates.csv,8a2c75ab2e1bd868d61be193c77c99c387747e561b1d9fa919c6f770209ca47f,7a86e299a53789a98298fd16eff59c37fca1f541ab5f6d1b5a9c255bec5b2a8c,9d3a0a736650efe438bbdd7e81597d68d6360d63,False
results/R4_A1_FIX2_ACOUSTIC_COVERAGE/independent_cache/P02_s0.1_seed410001/logs.csv,c63a16c8dfbe0b8c0f8d6127896341c9de3026d5a3ce651465d36431d022c15b,9157c826f90412dc173a5402508bb83c70c7f2a4200f06c3fbcf9b6777591a67,e76205fe9733258a5d5eb5423b1594c13fd66415,False
results/R4_A1_FIX2_ACOUSTIC_COVERAGE/independent_cache/P02_s0.1_seed410001/result.json,d1bfdb22b7f6c12b8e4ff90b40dacc7d43a0a9caafd04209601f1b23d7a9ba6b,1d45ae479427f67017e101552838d38a41f152ad7fe42ad2d7d52eff429c8756,93ce721d7155efd0ff41a62fa65c055709f1ea2c,False
results/R4_A1_FIX2_ACOUSTIC_COVERAGE/independent_cache/P02_s0.1_seed410001/starts.csv,27d5e7114da03d1f390c99198fb374b5a363ae1757b018ef59e936e0a086ee46,b16bb9ee16463a98966f27724972a737761ad42f20298314d5023cc49dbdf004,96c87eacc85b191ffb5a5e8d31c3767706696ea7,False
results/R4_A1_FIX2_ACOUSTIC_COVERAGE/independent_cache/P04_s0.1_seed410001/candidates.csv,6e87717cff75f84a9c32f1232b8a09ae29d1cc87585e0d314a8eed2e68073157,60b3889bd32c156ee73d8b561d75d2fee314cbde068642dd51a9de1d74da9da0,4dd25cb53469f005f30df1b2a0a1357c5456063e,False
results/R4_A1_FIX2_ACOUSTIC_COVERAGE/independent_cache/P04_s0.1_seed410001/logs.csv,5ec290a0d2a72240f63291726fc3c2c4a307bb46cd4988b8d9cc01b584256e93,9a2e75afc42e010b440ed68685ff3fe8d8da069aefcefb2aa0a2daf2117b3d63,97478fa6dc5d1202ebb1c89392f8e47ad573bd34,False
results/R4_A1_FIX2_ACOUSTIC_COVERAGE/independent_cache/P04_s0.1_seed410001/result.json,18e732e17aaaeb711168c37937490096ef9ca683b6f1861cb4bcc2a9f62dbfda,0c8a3da0df835427840ee684b569d7c373d7a062a6c7ac4873c8151548f6d063,46adb86a19f12dc9e5888759e556d533be3c12b4,False
results/R4_A1_FIX2_ACOUSTIC_COVERAGE/independent_cache/P04_s0.1_seed410001/starts.csv,1b0c7b02c58161d4b84b417e00911e176afc7cfaa8dedc03abb96da1e67d7cd2,41520dfd1b4c0f4256e2ea05417859e842abdfdc9f9c9e2af0843caa848807ad,9512a4ebb3f945580e73d108d6c39f3fcc5a8ed8,False
results/R4_A1_FIX2_ACOUSTIC_COVERAGE/independent_cache/P06_s0.1_seed410001/candidates.csv,fbf8c77dedb29d6def56b6af8d88e6cd4588531e6643c9ccbf2c1e87dd51fa98,f795044398423c1842f87e5f86ad1badda7ea3e7a6bdc0e6d3e7ff50a9ccc1ae,9296ecf078b8c9094e5bf23afe79deac0e31f7d2,False
results/R4_A1_FIX2_ACOUSTIC_COVERAGE/independent_cache/P06_s0.1_seed410001/logs.csv,14fdbabd5623e34437df72c55a556c7ddf6de7f1822f85d17638b79a82d5fa2f,a38ac357fdf99e707d87e4f80b6ce51ef0b3c923c84cff06d908466f8ce4e287,4c2c0603387e78c1d4b6b6186abc0ba50020a8ac,False
results/R4_A1_FIX2_ACOUSTIC_COVERAGE/independent_cache/P06_s0.1_seed410001/result.json,91010bee64f4404934b039c4b2f66369218def22b92ddab3ab834c4ad85f2a10,72a81203797fd271eb3bf9476ce3cd5fcef783ac6c4f9664c5cb6cfbd06896b7,33cc0fcac9acd24206c5c13232b5a217534bef61,False
results/R4_A1_FIX2_ACOUSTIC_COVERAGE/independent_cache/P06_s0.1_seed410001/starts.csv,f67e962ca7e72393e913850b45fa68dd3573eca425b874b779366c3d9bdfdfd0,8de5559f18138a10755152e4d7c51bbf67d9699c19e5b00112e6a6c0d54eb01f,198b831569a255d73a8b51d74638ab6bbb176860,False
results/R4_A1_FIX2_ACOUSTIC_COVERAGE/independent_cache/P09_s0.1_seed410001/candidates.csv,06319c3d9a318b62565cebe2e6cf3034cdba507c4bfb4147cbb05c8e9b7f8280,127c4225cb30388bbfb8757f8209adb4a82f3a0b1ac076fa2fb345ca54085190,147c4020402217dbb89eb705dc94117d101e07f8,False
results/R4_A1_FIX2_ACOUSTIC_COVERAGE/independent_cache/P09_s0.1_seed410001/logs.csv,572022861f7851c95220c58f55e545f2be09a21cba18fe8f6abc00473a1bb78a,cecba827f15ae70ab1ea614c22fc9e563bce701c7789c9bef4ae45db2102975a,61b860a1ce9055212e963bd264358de8e9eb85aa,False
results/R4_A1_FIX2_ACOUSTIC_COVERAGE/independent_cache/P09_s0.1_seed410001/result.json,686e271a14da91c2e3ebd37645e09a4ed6f9060a43c54a581b330ca83172bdb4,45fbf0b3d7d684d532b09c838a63dbd138eb5a60ef5f2f712cea82a3568d0700,7bd636630436839c2e0922e0d88d61044ef7e0ae,False
results/R4_A1_FIX2_ACOUSTIC_COVERAGE/independent_cache/P09_s0.1_seed410001/starts.csv,d6ae7a57046cf294d40074deaa14d95c6e31104605d25b3cdfadbe3f1b3c4175,37dd63b1079b42fa50290e39b381b0b265d58d052707c136c0dc8079ef559a76,e8a393dc55c324d6ace8434131a86a25b1735d6d,False
results/R4_A1_FIX2_ACOUSTIC_COVERAGE/independent_cache/Q01_s0.1_seed420001/candidates.csv,3c5ecafd595c73f0d262b6e2a08b8ea57f7df36269bf7cbb9cbdfeeb8008fc02,f22729d6661dc9392b7095740e7f644311d45891bafa82e7d1d45f086209a5e3,091c6e243ebb0687e7f5f752a901c895787e62de,False
results/R4_A1_FIX2_ACOUSTIC_COVERAGE/independent_cache/Q01_s0.1_seed420001/logs.csv,be3c1a9f9edd376818f7c2c2d8e5aa1a36ecb1beecf1f719d35330ca037fd1db,95533ee49b2e46444b687c25d157d20bdf0e06ddab92349c246840fd8d5873ea,78561e29833b6ab93984cdaa1077353aa43d0016,False
results/R4_A1_FIX2_ACOUSTIC_COVERAGE/independent_cache/Q01_s0.1_seed420001/result.json,730a87bd3e340753c9259e3635fb7d96ac0d7407ebbc5177b3f4dfc46b9f518f,2cf3674e0ff73c99be5fc792a746a0eac309f84230db0a6ea919f89b9e59f172,93606ad2a0979aa0b80acb0e3d9995bfd8b05b2b,False
results/R4_A1_FIX2_ACOUSTIC_COVERAGE/independent_cache/Q01_s0.1_seed420001/starts.csv,f4dd98b7887473fbf94f071a364ed009cf95cb86f5c4cad53effe9c25fe12740,038d9279ac77a0e9fe316a2f35ad91d3fbee13b38f62a0a39ac055c116da090a,d406d7c844fe9231bec6ae0aba758495f36bc742,False
results/R4_A1_FIX2_ACOUSTIC_COVERAGE/independent_cache/Q04_s0.1_seed420001/candidates.csv,02195c10b9942458530376ac43d9977de3e676a7c7d3270f2bb0990194793220,09beeb37e61b4ea199a47028c7291727f565fc7606569a733a999839d323f85f,3b7c8bbb62f63b7b51b30050328ae559cbe42f5e,False
results/R4_A1_FIX2_ACOUSTIC_COVERAGE/independent_cache/Q04_s0.1_seed420001/logs.csv,ef97128f7d9d942d7bd1e895bcf322af6bc22055bc0676066d4a700846b53197,0b21a7f7e7574e0f9fa6c47de2122c5598fd0dd9b9a024961f7b47469fb83a2f,ab51c91891f62ca4359a3151bd8354386bdc7ec2,False
results/R4_A1_FIX2_ACOUSTIC_COVERAGE/independent_cache/Q04_s0.1_seed420001/result.json,34c46ab7bc9d4e872f67a593fca50926ad08a329a630481a212ce43497be1a48,d1a29cf6ff67fe21cba9a3cf4f39f864116a79b44f79f2b29c45374099f8819f,e75b900768166f820d0fb4edb9ebb1178425ae9b,False
results/R4_A1_FIX2_ACOUSTIC_COVERAGE/independent_cache/Q04_s0.1_seed420001/starts.csv,3b3ee27196edae31c367154a2beef6659581b2bf81db0ad656a5510f36ea93f8,116e88950dbd076975fb7070f7fcd03c78e5950227e9518f110a48dd5e31f187,16139ce232cff84dcbb46f990c8a388cd63863f6,False
results/R4_A1_FIX2_ACOUSTIC_COVERAGE/independent_cache/Q06_s0.1_seed420001/candidates.csv,21bb5b8ef638afb5c826a67ec92387f8a286f952fc8da4a94d4508c8cb671854,824f01bd518341e61f124adb712fe3ac44c05fc22b27b2a6dc144543f07decc9,9bb8d483be386345d5803925b7d457009eb487a7,False
results/R4_A1_FIX2_ACOUSTIC_COVERAGE/independent_cache/Q06_s0.1_seed420001/logs.csv,3e693d207ece09aa417c5cfabf1c6ebeb5da4175f19c8e362a84d0ebaf96290c,aa39226f578050fba78a6c8abafda87f7b1dd7fffc875e6a5c1870aa21a50529,f741e0cfcae5de6dbe73a145a9be79da16200f14,False
results/R4_A1_FIX2_ACOUSTIC_COVERAGE/independent_cache/Q06_s0.1_seed420001/result.json,75d32bd680f04a9291628fd8a975a08d79d6df7fe7a37b1c7e4a619924662a7c,6cf09165516eeedfcdbad4c03b210926a8a3c3b9a0d6f8135d8bdf016e39b5a0,ecc96f5025a1df2acac7b4d3a326bc73fd906412,False
results/R4_A1_FIX2_ACOUSTIC_COVERAGE/independent_cache/Q06_s0.1_seed420001/starts.csv,e3c00db164aa904cb79138f6ee9378a09fa491a994a9d1378d554790bd8c387a,1faae6d52fcbd5ff0bedcb837fc23bb97c479fee60b87bf16793e0dd50e4652a,4ebdcbe872e93ef72c556a9183b3b12a32465314,False
results/R4_A1_FIX_CONTINUOUS_SEARCH/.gitattributes,308a40fa1d89ae5ea4390b4c9b46a0108b09f171f07898f25d451fa0c69c4e9f,308a40fa1d89ae5ea4390b4c9b46a0108b09f171f07898f25d451fa0c69c4e9f,e11c72b55f06e648f9ab243b05b210f5bdc3a420,False
results/R4_A1_FIX_CONTINUOUS_SEARCH/ACOUSTIC_OPTIMIZATION_LOG.csv,f5936fb8c6d44b2f3b75d0823ad3c648698312d3170ffe09dc770a40fc4baec5,f5936fb8c6d44b2f3b75d0823ad3c648698312d3170ffe09dc770a40fc4baec5,1e8406ed5e70794b9100d247e3fb4cec12a2f1f6,False
results/R4_A1_FIX_CONTINUOUS_SEARCH/CASE_LEVEL_RESULTS.csv,50d8665ed8742fc39d4d412956ff805cd90ae491fca10de749708f98777a25ca,50d8665ed8742fc39d4d412956ff805cd90ae491fca10de749708f98777a25ca,4aa8b2db339ebff2207816756d02c774106b3046,False
results/R4_A1_FIX_CONTINUOUS_SEARCH/CASE_OBSERVATIONS.npz,d92493e6343d7a4305fc06c053d27e9aa8801a3e6cceea27295eaefe12a1b525,b8d5088b68b072a3930b20b4e87b48857d791315cfb41dfd061eedb2d72e6c69,16196072d3518c94a4a32cffda7eee9d9d5a94ba,False
results/R4_A1_FIX_CONTINUOUS_SEARCH/CONTINUOUS_ACOUSTIC_SEARCH.csv,c401029007478be95306f0242a1396624bde91280df0b5b3bb7f40768533d98d,c401029007478be95306f0242a1396624bde91280df0b5b3bb7f40768533d98d,00260d4864e2cfcbf8ed927476bcc8cd2c480473,False
results/R4_A1_FIX_CONTINUOUS_SEARCH/CONTINUOUS_ALIAS_DIAGNOSTIC.csv,540dc1547ef4b351ad036a91469daf183b80a93a3df0c6ff0356a3b0489646a7,540dc1547ef4b351ad036a91469daf183b80a93a3df0c6ff0356a3b0489646a7,d35afb23ff6cdb52c2c25825ae1f0ce7f696b716,False
results/R4_A1_FIX_CONTINUOUS_SEARCH/CONTINUOUS_FORWARD_SELF_MATCH.csv,eb9b4d4fd48226d4d95eb9df5b6c7077304a7c0ef02a83e7be6dbe4df2de7ccd,eb9b4d4fd48226d4d95eb9df5b6c7077304a7c0ef02a83e7be6dbe4df2de7ccd,f5f7d4b8b1103b9a8aeb28954b065461ccaa7d91,False
results/R4_A1_FIX_CONTINUOUS_SEARCH/CONTINUOUS_PRESSURE_INTERPOLATION_CONTROL.csv,5a50c20e263e4c9160982053e22f0e5b8cf0cba44771e4e12cd4c23938af36d0,5a50c20e263e4c9160982053e22f0e5b8cf0cba44771e4e12cd4c23938af36d0,3929882a0478c08374e89010f13728bc5f7bee23,False
results/R4_A1_FIX_CONTINUOUS_SEARCH/CONTINUOUS_SEARCH_BASIN_AND_ENVELOPES.pdf,51042c47258c65d9bbc3d101ddde687a25a94022fcde17db532dab9bea4ba9d9,51042c47258c65d9bbc3d101ddde687a25a94022fcde17db532dab9bea4ba9d9,b53ae8593a7266d95b07442b898ec5060fee07c2,False
results/R4_A1_FIX_CONTINUOUS_SEARCH/CONTINUOUS_SEARCH_BASIN_AND_ENVELOPES.png,9e5a4b8308236efc3f8aec98398216e2673f20e3a1fc3b7b040185c3f663d6cc,4cdbe3f70003bf638a076642ada265d5c9a8ffa27ee884599a1ccb29208769b4,15ca63f4c93152bf0de0e42f3d7c74763530347d,False
results/R4_A1_FIX_CONTINUOUS_SEARCH/CONVERGENCE_AUDIT.csv,8f4791fb414e6a015e5cf4fb3f3b45d3c387e14f91609a90e48395731e09cd22,8f4791fb414e6a015e5cf4fb3f3b45d3c387e14f91609a90e48395731e09cd22,7ba3f1d78db2e029a93f29c5d3021f03ff9ca69e,False
results/R4_A1_FIX_CONTINUOUS_SEARCH/DE_INITIAL_POPULATION_RECONSTRUCTION.csv,530980fb6a5c4631b7c8b4af96cca0a73702a584e96b5d6d3572de28c40e06e2,530980fb6a5c4631b7c8b4af96cca0a73702a584e96b5d6d3572de28c40e06e2,dbee47d8f35367964ee2e5734c889c36b173772b,False
results/R4_A1_FIX_CONTINUOUS_SEARCH/EXECUTION_MANIFEST.json,709c6022622b0e4726fcaebcc219c2d0768f26646f89ea44b6321769774af71a,68592a0ace6ceb6635da1607ca17087ea509b31ac4d94e7b15e83a87e0d096dc,7392a937c364261a18b7ce4cee5283fd5e6b3fbe,False
results/R4_A1_FIX_CONTINUOUS_SEARCH/FAILURE_MECHANISM_CLASSIFICATION.csv,737106b8a3aab20849ed31e69addf0bd678a2740b1ee7f942a677e031d08014b,737106b8a3aab20849ed31e69addf0bd678a2740b1ee7f942a677e031d08014b,d2ea368dc6a814a3e918d8e3d5c2e4e88439c8b3,False
results/R4_A1_FIX_CONTINUOUS_SEARCH/GPT_SYNC.md,c6196ab924bd82b5376e3e33455b4bd67d7253b47eaad2178c64a4dbd8ac5174,68112247eaf8313563387e994ca8543d0dfbaa0e8db2d24c6d92006bdb6f125a,3b68dad7356b72ccebc45b4ec2bda6478be64b6f,False
results/R4_A1_FIX_CONTINUOUS_SEARCH/HOLDOUT_DESIGN_FREEZE.json,6b31a57e46bd56cbcb6a57251e3dcdd8749312fa59d2f764ad8f44ada1f2b4d2,87554af9eebfec30715ec953f90e249d6c794066cd7ad21eef18bddbbe078bb0,bcd14ebf36967667d87a226614e7259013ab60bd,False
results/R4_A1_FIX_CONTINUOUS_SEARCH/HOLDOUT_RESULTS.csv,120b7708f9e68a7e2588d85360966d51009192bacc386b63c3c1b411a1fedd86,120b7708f9e68a7e2588d85360966d51009192bacc386b63c3c1b411a1fedd86,afb73c0263af6d53f49a445f54b4164d10db1d64,False
results/R4_A1_FIX_CONTINUOUS_SEARCH/HOLDOUT_TRUTH_PANEL.csv,5b94a60e7dd7e7cf34902344d5f83ce92055c06954a873f76848a0a04c891607,5b94a60e7dd7e7cf34902344d5f83ce92055c06954a873f76848a0a04c891607,16b11bb9ad0ce3a0a3a10e384b3f087b1a2e5b8f,False
results/R4_A1_FIX_CONTINUOUS_SEARCH/INITIAL_IMPLEMENTATION/.gitattributes,308a40fa1d89ae5ea4390b4c9b46a0108b09f171f07898f25d451fa0c69c4e9f,308a40fa1d89ae5ea4390b4c9b46a0108b09f171f07898f25d451fa0c69c4e9f,e11c72b55f06e648f9ab243b05b210f5bdc3a420,False
results/R4_A1_FIX_CONTINUOUS_SEARCH/INITIAL_IMPLEMENTATION/CASE_LEVEL_RESULTS.csv,c7b33cf1bb936e71f479aad0cd4a2879a5ac20ff275f62a1275fce0e707d9929,c7b33cf1bb936e71f479aad0cd4a2879a5ac20ff275f62a1275fce0e707d9929,bc5e137b7d582ff844c2babe976ed3906a53c063,False
results/R4_A1_FIX_CONTINUOUS_SEARCH/INITIAL_IMPLEMENTATION/CONTINUOUS_FORWARD_SELF_MATCH.csv,eb9b4d4fd48226d4d95eb9df5b6c7077304a7c0ef02a83e7be6dbe4df2de7ccd,eb9b4d4fd48226d4d95eb9df5b6c7077304a7c0ef02a83e7be6dbe4df2de7ccd,f5f7d4b8b1103b9a8aeb28954b065461ccaa7d91,False
results/R4_A1_FIX_CONTINUOUS_SEARCH/INITIAL_IMPLEMENTATION/CONTINUOUS_PRESSURE_INTERPOLATION_CONTROL.csv,5a50c20e263e4c9160982053e22f0e5b8cf0cba44771e4e12cd4c23938af36d0,5a50c20e263e4c9160982053e22f0e5b8cf0cba44771e4e12cd4c23938af36d0,3929882a0478c08374e89010f13728bc5f7bee23,False
results/R4_A1_FIX_CONTINUOUS_SEARCH/INITIAL_IMPLEMENTATION/EXECUTOR_SNAPSHOT.py,45f0fa1cf5bc3ae99f09d5fed5bee334fa4fa4b8a8d0adb4f1d7490d5c25d276,45f0fa1cf5bc3ae99f09d5fed5bee334fa4fa4b8a8d0adb4f1d7490d5c25d276,774ac71a63f819add63fb988c892601ec800289e,False
results/R4_A1_FIX_CONTINUOUS_SEARCH/INITIAL_IMPLEMENTATION/HOLDOUT_DESIGN_FREEZE.json,a86237843825fef1304c8791021b8d7f1f2872ef2ebf0d47f938a3063e8c22b4,1a5962e026afada9bee3931165b0a621f6e373169f05f8fbf2fffbfa34851f76,8546e7e40b134e811c4f4f5511e9c26c1b58939f,False
results/R4_A1_FIX_CONTINUOUS_SEARCH/INITIAL_IMPLEMENTATION/HOLDOUT_TRUTH_PANEL.csv,ca167427cf7d3059fe548f635651cf816a5c1013cc6930355739dddd81811a26,ca167427cf7d3059fe548f635651cf816a5c1013cc6930355739dddd81811a26,783b871534c0fdd27836002fbe8cd3a9f8c0af78,False
results/R4_A1_FIX_CONTINUOUS_SEARCH/INITIAL_IMPLEMENTATION/INITIAL_IMPLEMENTATION_STATUS.json,5d9c054bead2a632a3e1c090f93500ef13c9cba075a8e40c0bc0a7f63c761faf,84727d2e027fd824f252d31677a2e75705c4aab9c8a09075aa96798634d5f95c,987dea4a74a461d8ba14da676fba9cc6fd7ea320,False
results/R4_A1_FIX_CONTINUOUS_SEARCH/INITIAL_IMPLEMENTATION/LEGACY_A1_FAILURE_REPLAY.csv,52e2badb44ab8643a756cdf4307ce0ec38b1f7f2c4226da4cfdb611956e7173d,52e2badb44ab8643a756cdf4307ce0ec38b1f7f2c4226da4cfdb611956e7173d,bd3043396d6c758271a619e609ee30f174395747,False
results/R4_A1_FIX_CONTINUOUS_SEARCH/INITIAL_IMPLEMENTATION/METHOD_FREEZE.md,b136237509cc4b18c2bd56b105723f8944cf6ba5faa5d754e75c81ad605c9439,219cabc003b768f04ded9af01383e3b596da16afe158e1b1e05448f279d2bd87,cdbc0884ad98042f312342d14a2396be1b0db04f,False
results/R4_A1_FIX_CONTINUOUS_SEARCH/INITIAL_IMPLEMENTATION/R3_LEGACY_CONTROL.csv,357a65a2ee6754cb4808b4a29237538eaada32e36348f294964985c0de960961,357a65a2ee6754cb4808b4a29237538eaada32e36348f294964985c0de960961,1e53f75b49acab3d1857b061446b8110cdd96169,False
results/R4_A1_FIX_CONTINUOUS_SEARCH/INITIAL_IMPLEMENTATION/R4_A1_FIX_CONFIG.json,1e516c23ef916eaf142893622af4023902b33e25220378b3d8e6598017056ce7,4af18dbb570528520e150f13e0f754636c80f1ffe814012358e5df540297d4ce,d72414be9812b02aa7f082ed74a41a22545f0afa,False
results/R4_A1_FIX_CONTINUOUS_SEARCH/INITIAL_IMPLEMENTATION/case_cache/H01_s0.1_seed420001/ac.csv,699753f18a9b5670d860dc4d2ff6a2f8d7b7f738881a45f043e9cd04c9800d33,2275bc76632005eef793048d091923c7d1ccd016e22885dc19a6c632b6bb5335,2a86384e96723b82c21a48991dc837330ee47eeb,False
results/R4_A1_FIX_CONTINUOUS_SEARCH/INITIAL_IMPLEMENTATION/case_cache/H01_s0.1_seed420001/candidates.csv,d87753f952497b257716066b2915390f4912d48147aab1ea498bb1ba2e02e61e,24e0b6ac74b29001ab6418174a07158626a48caa98ac2e32682ef609be656947,a5eef9ff226ddb1e2f481a7d56905a471aff5da1,False
results/R4_A1_FIX_CONTINUOUS_SEARCH/INITIAL_IMPLEMENTATION/case_cache/H01_s0.1_seed420001/rc2.csv,2ca78aa624b8841aeec42bf37ac654a67505c564048acd365986f797195c534e,94b8647aa49c41dfc65198154fd9b7d2191c47ddf0267a75b5a8ec8e8159b4d7,4925d428b638122e19b1433930e32318b0e92a0a,False
results/R4_A1_FIX_CONTINUOUS_SEARCH/INITIAL_IMPLEMENTATION/case_cache/H01_s0.1_seed420001/region.csv,ad4be547999cf4e89456e94ee25619c3d12e42f66421036bf78271a2a16bd490,c63d5f008ab5f37d81407d9c1ebf13b17eb847e4d62477eb1fa4215062856d5a,34aa76b44b5c85799f77d0bef311e7e464ad204b,False
results/R4_A1_FIX_CONTINUOUS_SEARCH/INITIAL_IMPLEMENTATION/case_cache/H01_s0.1_seed420001/result.json,da5a712525566a118a7fd4385089e7e7fc2925df707c700f50503523adc7439b,b5865e8ef4a186a3fa2b9fc1d7cdd741a28b8b972ad18bf7d1bbad9ba915a91a,84c239ef2e1cf4c0d615e00fb33b66fbd698177c,False
results/R4_A1_FIX_CONTINUOUS_SEARCH/INITIAL_IMPLEMENTATION/case_cache/H01_s0.1_seed420002/ac.csv,1410b41a8fe05e6aa073ccc972c7e568d621eb1267e0cdc1af74ac24b0a1f10b,c2c3567127385274783fb599d0d7827d4a2f20d3f4374702b934395fe21787d7,ef5681bf04332e8f8fbe21475fd77ef24e6e850a,False
results/R4_A1_FIX_CONTINUOUS_SEARCH/INITIAL_IMPLEMENTATION/case_cache/H01_s0.1_seed420002/candidates.csv,63d8d5e041a52b78bd816ea1532eda03d7cb4a2e30ab3b9b58d369fdf47efbf6,27dba149c1656f70e6c06f25c631b88de5ad12f60746a6903216b2f0a5fd07f0,e20817d47250199a2bdb5f66f5e070079740c4dd,False
results/R4_A1_FIX_CONTINUOUS_SEARCH/INITIAL_IMPLEMENTATION/case_cache/H01_s0.1_seed420002/rc2.csv,0ad3c52748d4c7fb5dbc0e37842166492fe70a905bc282a361f7f942d4c735a0,e10d1bbea20158508e15a2a12858a1d579e52355b2c4f5b4572013ef7358fc95,de3b2a7a557d5728d93990f752ed83bf105192c1,False
results/R4_A1_FIX_CONTINUOUS_SEARCH/INITIAL_IMPLEMENTATION/case_cache/H01_s0.1_seed420002/region.csv,b972ece0eee73dafde6d7f285da9b4389ce772d56b6efa26cf0d71a1cb39fcc1,1dfd2a5b2d534c436d2184b4bc919de5cac4d1685ecc96d83639dcdcbda3495f,12c413167669e5936ec5730be28223281e44cf19,False
results/R4_A1_FIX_CONTINUOUS_SEARCH/INITIAL_IMPLEMENTATION/case_cache/H01_s0.1_seed420002/result.json,bd06c37cfecd09e51ad5968a4f22f85b801b3e3e9243cee3a2b1f72c52ea2a71,b74c7961147f6abc7790fa9227e8db2b97dbdb9e5b6b4460cd5c80e64dc0c2a1,d740adef9d4fdf35c78081a23ca64f99c768fa2c,False
results/R4_A1_FIX_CONTINUOUS_SEARCH/INITIAL_IMPLEMENTATION/case_cache/H01_s0_seed0/ac.csv,5f90ee7a0eaff9b55c556ed604f4dd0ed2410876e69e53cfdaa9fcb70ba4cffe,423eb98b1dce618a516e30026c29d602aea88c8745be94a78ba1720d682d0a6c,3a3726eb16ab50dde4dfc8666db69233bee55317,False
results/R4_A1_FIX_CONTINUOUS_SEARCH/INITIAL_IMPLEMENTATION/case_cache/H01_s0_seed0/candidates.csv,a22a01f1f9765ad711fb75a5eaa7cc5415d066b3b13e0359b93b1a560318db91,e84403a60045fceb7ae32222e0a7680bcf012c9e0cf0c492594c97049aa3439c,96714f64b5f3accebac3fa7a2c7efdab63895ced,False
results/R4_A1_FIX_CONTINUOUS_SEARCH/INITIAL_IMPLEMENTATION/case_cache/H01_s0_seed0/rc2.csv,2c050414ef20a302baa7f121ef4dfa81ddbd373e709e01d9d1d8a8ee640e8a45,562d4cd2799740f71b522004d2591c51fd8d7275cf4d16ee477c3c277663c0ed,1df53ccef86bfb81039ffd54772c3e6c5e7fba6b,False
results/R4_A1_FIX_CONTINUOUS_SEARCH/INITIAL_IMPLEMENTATION/case_cache/H01_s0_seed0/region.csv,ffc8fe8a52dd590dcade988a568a7e56013b3c1c8695b08b4a6955e4a18a150d,5403183071d6210459515dcdccc69e7dda04e2ad89c19c0b35923c8dcbd757d5,786bb5523bce2468db3dc7224ecffc9a436a0cfd,False
results/R4_A1_FIX_CONTINUOUS_SEARCH/INITIAL_IMPLEMENTATION/case_cache/H01_s0_seed0/result.json,32e465962a58be237fd300584a20715b0803d02e16ee6ad63a87b087d42dd4dc,c43ee58eca096efb3e270e3d790e612457c690fabec866c251d451e5364cc432,ab883f7fa529f2617054f0f644aca8a73dd671da,False
results/R4_A1_FIX_CONTINUOUS_SEARCH/INITIAL_IMPLEMENTATION/case_cache/H02_s0_seed0/ac.csv,5e46b0f752d1200e6178520d04a45b9f96a95e4b9310e9d2a96c8f1d07921301,02a9e14c056f8d276e40fde4560f83e8141e5ef6cb38633ab8021a9b7eaca606,dd7198c92a289dff4d2ab550d2fb2e9a616de257,False
results/R4_A1_FIX_CONTINUOUS_SEARCH/INITIAL_IMPLEMENTATION/case_cache/H02_s0_seed0/candidates.csv,e3bce191a6bdb7190d831bef5b65df5ed68ad0dfd744b3d4367218f6629fc63c,8f9ecc134307b726c07ff02381c4800e33e8b78a6ac0be3f901a64323a43f2b8,a1a4835539210f68ff5a75e43b28dd44ac8508be,False
results/R4_A1_FIX_CONTINUOUS_SEARCH/INITIAL_IMPLEMENTATION/case_cache/H02_s0_seed0/rc2.csv,22699504bfbd568f5051d2291dfc181efc440ae23841e06f31246bf5aa4e0023,eb8e816b6e22a297aedd63d8904b4a4afbd5e7f35baa364b24041483ff296ff3,8bca39eb5cdbb428085128f05fa9b11dfc058203,False
results/R4_A1_FIX_CONTINUOUS_SEARCH/INITIAL_IMPLEMENTATION/case_cache/H02_s0_seed0/region.csv,b3bf0d14617777a42292ea2ab0ace5a25b202a0b831967b6225804759c9900c6,0284995ebedf3c4054f64181781f8045b94406ca5c0ebc58960c44be49dc5386,ad852f2822def89756761cbdc215e04af4c538d1,False
results/R4_A1_FIX_CONTINUOUS_SEARCH/INITIAL_IMPLEMENTATION/case_cache/H02_s0_seed0/result.json,fc409cb301c6feafa0ee3d051fb52b02d0dd5b717c32fb91e4033b3d4c9891f2,15392073075a44fb8b00d94803b433f65f2efb3fe9bda161daa8660842e3a70e,3513e107da817dfbca4d3cbbe70941e0f7380f5e,False
results/R4_A1_FIX_CONTINUOUS_SEARCH/INITIAL_IMPLEMENTATION/case_cache/P01_s0.1_seed410001/ac.csv,f4c60350cbdec126f1e5ca08396622209f71f67e8aef6fb92341d0fbd152dac4,b9b8ae7edd8554122ab452c9390831be2946c8adb2988fb91af1b3d351087d2b,653c99c55863228c33bb503edbf91433bd838b2d,False
results/R4_A1_FIX_CONTINUOUS_SEARCH/INITIAL_IMPLEMENTATION/case_cache/P01_s0.1_seed410001/candidates.csv,135ca78327ecd346071da9e6abf7ab780ef403d61fbc1f12fcd7c40c559abbe2,d0e75601eb1afbd9759ca0d977655f5b9df7ebb317bb600b9463df4acbd9c3a3,a102b83d993db0bf0ba187b6efebfcca3b09ab58,False
results/R4_A1_FIX_CONTINUOUS_SEARCH/INITIAL_IMPLEMENTATION/case_cache/P01_s0.1_seed410001/rc2.csv,a64c09203db06a42f2aee65b53d0503c32dceac455e919049da3b5b6245bf6a9,4d743afd3e7517311c58bae50ea82f2b7537f83209eadb3e701dca2941bc26a4,f33c41880a1f29e4b0da430820f54d3e97452f95,False
results/R4_A1_FIX_CONTINUOUS_SEARCH/INITIAL_IMPLEMENTATION/case_cache/P01_s0.1_seed410001/region.csv,de0ee8f295c2ebe5e2ac7a671c323cff9965d09e8ba16ea0a75e560f248bd8a9,a5baa576b103c7fdf7fa91c65f217b5be7d7d42b246e4e06e366ba9ab2dba157,0e4feda9e247ed52817b00d7bb35ce41ccace06a,False
results/R4_A1_FIX_CONTINUOUS_SEARCH/INITIAL_IMPLEMENTATION/case_cache/P01_s0.1_seed410001/result.json,3976100c93ae84b015431e007115819df83599d02b22e04708d444c6e4634711,eebac2b90c2f48297b0f320c7b46594d89cc77b905f6e4db8b62c6a18798bbcd,66e4e99bf423b573bc0dac73b1f2745295ee87df,False
results/R4_A1_FIX_CONTINUOUS_SEARCH/INITIAL_IMPLEMENTATION/case_cache/P01_s0_seed0/ac.csv,b9cc02f10bae98b36dc14ba2b1d24fe6475146b0a2f2db9165018a11fc26ba8d,ecf6b96d9edf946b7926d9371444767441bf8049fb6bcb688da6af0f482d4e2b,f90b486bd6392689f215e7455123e83caba384d3,False
results/R4_A1_FIX_CONTINUOUS_SEARCH/INITIAL_IMPLEMENTATION/case_cache/P01_s0_seed0/candidates.csv,eca8c5da3d3f0fd2f0724ddcd5199ff826f84f5d31fdfa6e08c7e4ad6ef1f3cc,50b8a67d155d3f916ae8205d77397cb8c240d540bba51d5e274ffbf9dff4e288,1f58f6f08d3149f9fcecf49fa27c3983b03c85a3,False
results/R4_A1_FIX_CONTINUOUS_SEARCH/INITIAL_IMPLEMENTATION/case_cache/P01_s0_seed0/rc2.csv,af75ae18b3afb5589f6a332eeff12d1c21836c82425df523344aac9af818ae51,c6709d226644ef67648ecb5d6050316eabca5052ac013658776b0ae2aedc0e24,e16792e5b53d64f346fdc6f09387c201c4db35a4,False
results/R4_A1_FIX_CONTINUOUS_SEARCH/INITIAL_IMPLEMENTATION/case_cache/P01_s0_seed0/region.csv,fba59d5b8ba1955a821082950992278c8861b66c9b7eeca126abe202b93d9d73,d4caf98c2c1928339faa9b0ed610003fa387211e939b9a03e34f15330d26027c,ae48e93a6e343791133feea3ac30fb52ca5b6a13,False
results/R4_A1_FIX_CONTINUOUS_SEARCH/INITIAL_IMPLEMENTATION/case_cache/P01_s0_seed0/result.json,367ea3f326718f83b6bae549699704aaac22b44bf31e3a6bc8d33f50365ed3a6,057a9891a8958bb8681004ca7d165f882ff4daff96f9c56efd7f07e4f3b54b29,54b93781f268faaee653bbb6fe5f8faa211bb64b,False
results/R4_A1_FIX_CONTINUOUS_SEARCH/INITIAL_IMPLEMENTATION/case_cache/P02_s0.1_seed410001/ac.csv,52ca6da77d6b0f3f71887b34970f6dbfd051a0c76d842dc88f1a8e693de28d0f,edfcb089954f8556f718c3285409c19f6b3ce002463b0664fa479b3a6e38b9e3,7ac9954bed6aae0370941e2f987b7c8376e3fbe2,False
results/R4_A1_FIX_CONTINUOUS_SEARCH/INITIAL_IMPLEMENTATION/case_cache/P02_s0.1_seed410001/candidates.csv,794628bc5bd784f4c376e06acbd9a5b20c337c1d82e44f7ade1d870cc7cb7994,aff133cd621db6dc9d5ec95ca77fe585e9fb953b1526ff55036a77f504eb4fb9,bde627c6de7be00818c725fb03486eb0163827c6,False
results/R4_A1_FIX_CONTINUOUS_SEARCH/INITIAL_IMPLEMENTATION/case_cache/P02_s0.1_seed410001/rc2.csv,8ed75063ef11864b6cc7f3d9c04796654cc7894e753b78b620b2ec4c86eb48d5,e6e356185031a0e82d241e15afa5cb6ce722055af7f36b0cf80e4cc3200bdaa0,bdaf72cd587240e270b478241fa98f625ab7848f,False
results/R4_A1_FIX_CONTINUOUS_SEARCH/INITIAL_IMPLEMENTATION/case_cache/P02_s0.1_seed410001/region.csv,5f3897f61bb889e2388c9543d6c658b79d3b56dc523c7801b13f6538416fbc67,539e403e3fa1a7e1192c659441e567269488fe8ca48c52feaa8c59e46ec65eb2,3a9e1882c24cc6606b7a912c5860cd662d191f7e,False
results/R4_A1_FIX_CONTINUOUS_SEARCH/INITIAL_IMPLEMENTATION/case_cache/P02_s0.1_seed410001/result.json,c7a48c8ec08bc9376956063d1b73dade04cc18b8a753b4ecdbf81dedc2205bb9,526bda951a4f0c45e90badebf35c00e5aad4172878f0d8fdd2d691f761d12c6c,fcb9b19842f1ef3b3c84d45d34471fe8e0bedaa5,False
results/R4_A1_FIX_CONTINUOUS_SEARCH/INITIAL_IMPLEMENTATION/case_cache/P02_s0_seed0/ac.csv,ff09ed5f1afed00b8cfa792ed59444873f439fbe9218544f6576191fdcf8fb8c,21a5a99adbd907d7b844f39f1a2a06bd0fbbbc588945d99dac6394b611a5ca51,31b9673ec2d13b0f26dc0a5c748ab330d60bf3d8,False
results/R4_A1_FIX_CONTINUOUS_SEARCH/INITIAL_IMPLEMENTATION/case_cache/P02_s0_seed0/candidates.csv,e6ba530157d89bf4b0a8e08521856a9d506a32e7f0e87e479d45f2d0ee94a98c,5b20ffb0ef2a54f3828f68d10c95f608017f32a570fe4ad463bf889847a6c0e0,01aa77cdd300e76be9da4aba86fdfc224902ce67,False
results/R4_A1_FIX_CONTINUOUS_SEARCH/INITIAL_IMPLEMENTATION/case_cache/P02_s0_seed0/rc2.csv,2cd8bf235b488994b816fc4cd001b16717644ea41deddb0f5edb3e949eb52ae9,accbc472318d983d67eb5b6eadfc2c94f96bc26fbdc915a7cc7d86c48bc66b08,e3a3424ec8263a62d4cba4774f1d6f863138187b,False
results/R4_A1_FIX_CONTINUOUS_SEARCH/INITIAL_IMPLEMENTATION/case_cache/P02_s0_seed0/region.csv,f292617f4f9aeaf47e1f3b8eeca29a0c741e7c5ffad045c52a8e6a2b30533558,a65b3a2a8e25e6304414420107f05c0e7ec9598e14407abac0b1d6832d6cb78c,9d317b6b29f8fff5f031875427bcba46f61eed2e,False
results/R4_A1_FIX_CONTINUOUS_SEARCH/INITIAL_IMPLEMENTATION/case_cache/P02_s0_seed0/result.json,792dc4a1cb41c527a357a2f06dc7ff7bc33274718199e16f31724ffca2b33a14,3bcbab5b3947a84e5fdc04828918544efa3af2430aacc0bb962bf0b85112cde3,7f202ac31971af73f98fd18d795950bf08543a11,False
results/R4_A1_FIX_CONTINUOUS_SEARCH/INITIAL_IMPLEMENTATION/case_cache/P03_s0.1_seed410001/ac.csv,0e3fe65de8f98087236cb3cc14da119789409e13097c1c7c15368019fc73e036,55c77e7d8a2e47a4d9b506f3f7f5e5ab708cd4d90e209009bb634042a49bee36,6f53546af218343c68eb7b4c6fa7d4422232ddce,False
results/R4_A1_FIX_CONTINUOUS_SEARCH/INITIAL_IMPLEMENTATION/case_cache/P03_s0.1_seed410001/candidates.csv,057b65b3481331f560b92d90f1ab6f8dcf2e79f0132dbea73b2842fcd32001f7,ab2a054ab92232c5bdd56c6394dbd9a10b74c05af1d9abe15704a7b2286c959d,e8b2d168a12fd58d4a7082b37e4d54888aef5e68,False
results/R4_A1_FIX_CONTINUOUS_SEARCH/INITIAL_IMPLEMENTATION/case_cache/P03_s0.1_seed410001/rc2.csv,a3035e33abb34fcaa34a957baef4b3797d90b3363501b9b4725e72a0e7180ff4,e6f8cfb1c79c7ef644cd7ba81e187a727fd98d106f938fa018bcee38e554aa13,45c43bf34c7134d28c9f5e7f2b59ab1b279506fe,False
results/R4_A1_FIX_CONTINUOUS_SEARCH/INITIAL_IMPLEMENTATION/case_cache/P03_s0.1_seed410001/region.csv,b46adf8254d074287bc568c0624665d2710b640210eafe4430e499dbb41efbad,295012c89aa603f0bfc79abd9535eb86bb8d2fc394d1e7177b855a3f5161033a,54fe3d6807c8cb0b3d0f7a1415880530f9ad8b6a,False
results/R4_A1_FIX_CONTINUOUS_SEARCH/INITIAL_IMPLEMENTATION/case_cache/P03_s0.1_seed410001/result.json,02c811bb037e7335d850469472b798141bf7b4f209a21d662500d7bc210a3066,95784a75a2e5157a9b431a513f764fde8f22165f54699ceee5ce3a863c890c64,439bdab4f2dd4e238206af9ce276c53ef1506e9f,False
results/R4_A1_FIX_CONTINUOUS_SEARCH/INITIAL_IMPLEMENTATION/case_cache/P03_s0_seed0/ac.csv,e00499796a4d99cd0a2593299b6f50be2e94aca7856442aa83c6799f9f304db0,c3a26d35f17cff25904ddbe20a74995f37aad8812d85c6770d2fac38797a8127,61b0410d976a28e6a0099eb905cb8dcd98e79b56,False
results/R4_A1_FIX_CONTINUOUS_SEARCH/INITIAL_IMPLEMENTATION/case_cache/P03_s0_seed0/candidates.csv,441b332b77fcf22590907771132435c52bc634ee6376cd11fe3b0cd9a9c86072,e62248ccc9dc6fe18c297136e08d0049a9f8c64b41a5662322b29a5e5a642ff2,59c14992a0252eeef90660857aac32f8e12a7108,False
results/R4_A1_FIX_CONTINUOUS_SEARCH/INITIAL_IMPLEMENTATION/case_cache/P03_s0_seed0/rc2.csv,cc4f8d70e00a49ef14d4782ef277a72863d8610a1b3205eb3363361e967374ab,8c0794354be8b7ebcbd792135a0b5fc41af6ab12430b3c9aedc17d9b4e6a63c7,88e318b349975563f6e7fdb414390fb4503ae4ad,False
results/R4_A1_FIX_CONTINUOUS_SEARCH/INITIAL_IMPLEMENTATION/case_cache/P03_s0_seed0/region.csv,1679afbcafd1b590ac6c7d170a9514f766bc7b5bad4490b73ec2520dfea4fe48,7ad02913761a79e09ac4abb6d17cfc0edd748041e82b5071a6287c0562af309e,72295f9acc500ef684e11d775acf90bf824cafcc,False
results/R4_A1_FIX_CONTINUOUS_SEARCH/INITIAL_IMPLEMENTATION/case_cache/P03_s0_seed0/result.json,e20ada7bcf69482e42a4f7742a0155bc721cec1ebeab6693360b996a5b6313f7,e22b4bc3f5bcb132197ce1aded541495aa0a3ebbd4000e469e0b51dd7087f672,ea6fe2616a2800b91644c05467eccc649104d0f1,False
results/R4_A1_FIX_CONTINUOUS_SEARCH/INITIAL_IMPLEMENTATION/case_cache/P04_s0.1_seed410001/ac.csv,ce8ed6a745196e727814b4a0faa1ea291eb27a3b3241330f19bb5051259508fb,d93b9bf52651bceeb3c6e014e47630cf946f8bc9d19a40862b8e184e908bc666,12a25b8e7d77dc20eac3d8021b4775bea8c54cf2,False
results/R4_A1_FIX_CONTINUOUS_SEARCH/INITIAL_IMPLEMENTATION/case_cache/P04_s0.1_seed410001/candidates.csv,635181799bdb3946b562ce6d625c6e9f07b037031d04bfe846a8ddd11187d812,bb50df69d6eb2507c5081ec4866002b055679da03208a915f52ce5992716487b,b6fd01a2db961ad00b415ec1ea51943df811dc0e,False
results/R4_A1_FIX_CONTINUOUS_SEARCH/INITIAL_IMPLEMENTATION/case_cache/P04_s0.1_seed410001/rc2.csv,70d6935b93248dd40a9916cd2b7c168b2712134d419d8ec15bdcbe6ef6500a65,2792c0286b0ac2b6483d282462d691a8ea6bada64f147fca30a10ac81f487044,d6fa528d6fa3b19dfdba8f4f4e147b0e95e1dd3a,False
results/R4_A1_FIX_CONTINUOUS_SEARCH/INITIAL_IMPLEMENTATION/case_cache/P04_s0.1_seed410001/region.csv,9cdbed39ac1a8a30fa6a3bda0520b01a30e79c4637ddb533b89703cf2a38c8d7,4418483e6b34160cc195d49cfa2ed75ef4e46c722ba08212569d07e70be6fb03,26f10f2b20473aa43895d0c27b677bfe96c08cd6,False
results/R4_A1_FIX_CONTINUOUS_SEARCH/INITIAL_IMPLEMENTATION/case_cache/P04_s0.1_seed410001/result.json,9a9572d60ed536915741c08b2d7a78d5e794e899f3d1f978cca87b788ab50c96,ad2d8ce14ad767fa1e575b1d8a1eb55ad9c3de47472c38a802070ffdcd1ae72c,2fa0bdf05d2a08783df88f365b8e869fca83929b,False
results/R4_A1_FIX_CONTINUOUS_SEARCH/INITIAL_IMPLEMENTATION/case_cache/P04_s0_seed0/ac.csv,59b715fa71c35b5509c2063bbe49dbe0b8c5572af6cd7aa4497f5b0bc0397d74,ce90150e0b24073de42c98d82ac64bae3d9c82528589a70ec235ab5f45bc6b13,3e019a1fbb9d1bec3993bcd10d9693c10d8feded,False
results/R4_A1_FIX_CONTINUOUS_SEARCH/INITIAL_IMPLEMENTATION/case_cache/P04_s0_seed0/candidates.csv,02d1077f39dc1499094d9e273256996eed37bbc67e9d1f3d2751964f4e3177c6,da78c53c311e3abcdc9a3907e95cb8a4d699ad5af0647f1871972c82f49a3d4d,fb533315b287534627338cb16398fa04fd744e70,False
results/R4_A1_FIX_CONTINUOUS_SEARCH/INITIAL_IMPLEMENTATION/case_cache/P04_s0_seed0/rc2.csv,f5d89269e940a83f550cbde5598d602a977b9227755431793ce79080cbb210ba,2914712bba93d293300e3c17e905971b89cc59cf5474524c9dfed82554265fd8,1c3cf9c26aea77264fe32fb5a683a6a0da90df50,False
results/R4_A1_FIX_CONTINUOUS_SEARCH/INITIAL_IMPLEMENTATION/case_cache/P04_s0_seed0/region.csv,c279565fd44cd079d9a2d20784550ea973dddccafaf956a97d3a62d57995b762,12fe0788e4399dab69a5c8ca598b28a8919df4270b484da847cb287b28975f67,4b28dc1b17af1ee817bc10a5b0bfa0a7b677aa76,False
results/R4_A1_FIX_CONTINUOUS_SEARCH/INITIAL_IMPLEMENTATION/case_cache/P04_s0_seed0/result.json,67febb0ee673d5bca37c0f589b572fc70a777a3d9581fa892ef32530f954fede,10c3ea30d935f353cd42d6ede47a34573494f86a214d9b73e4a075556427f502,c99c22b77ffa1c7d8897d1651c543867c3751278,False
results/R4_A1_FIX_CONTINUOUS_SEARCH/INITIAL_IMPLEMENTATION/case_cache/P05_s0.1_seed410001/ac.csv,9e8df45ef0cab477e203c144f3c7ad58ce66f6647ea879c2665efedcba49e6aa,398b810da2265da1c5ef94b394f6a7da2938f8492bbd39b77a9c026bf5b850bc,cded45002302c1741ee488dc4a76717dcbde8cdd,False
results/R4_A1_FIX_CONTINUOUS_SEARCH/INITIAL_IMPLEMENTATION/case_cache/P05_s0.1_seed410001/candidates.csv,bbd0fbecea1cc1734cf32af106fdad0384652f6c0d2d29c5cc7febdfb869a449,83b3078b4b6b1f59f90155f966acb7f453de5cee2712026234db657e9753288b,eb8bd6a8e4e87ccc35b368b822adab1ef361f6fc,False
results/R4_A1_FIX_CONTINUOUS_SEARCH/INITIAL_IMPLEMENTATION/case_cache/P05_s0.1_seed410001/rc2.csv,655d2f39631abf8b35789b115a9b95892dcc23271df6fdd8c0949e8814054fcc,73fd72a26577f2b37328309b95f3b327b5605a5fb134038c39145dbf9dc0f2d5,6dcf239fc5709c35c678fa317739bd17db42b77f,False
results/R4_A1_FIX_CONTINUOUS_SEARCH/INITIAL_IMPLEMENTATION/case_cache/P05_s0.1_seed410001/region.csv,659bad3bcdea49461cff61ceba8f875e3f7c3c71e19f0ad3170b3064bbe7771f,523800adc8a3b99460914b79c7a572951ac98e326a454b3d574258eda24ecab9,a86b52a723805850da0918476293a43d73153b8f,False
results/R4_A1_FIX_CONTINUOUS_SEARCH/INITIAL_IMPLEMENTATION/case_cache/P05_s0.1_seed410001/result.json,83a07dee5f9a7cf97e4d3e93057bb90d5d37a73154e39d19c0e9b5bab823d8db,db7b449e9b493dad9218f668b13b8d7bca237bbd6a0df8e8d15a7edf39f5a22f,55912ac19e4fe88959b8f64ad1d1b80a5f4eac76,False
results/R4_A1_FIX_CONTINUOUS_SEARCH/INITIAL_IMPLEMENTATION/case_cache/P05_s0_seed0/ac.csv,50a841edc88c5bbdbc7f4d4db807ae109028cdc4fd7ce8feccd4decff24ddb4b,bdb7d33f579f432fe967ed08a4d6397ad2a6b2391a88229bb2ca6b434e5d7465,e4d245c1f87adbff4d04fac428ad319ba7f652f0,False
results/R4_A1_FIX_CONTINUOUS_SEARCH/INITIAL_IMPLEMENTATION/case_cache/P05_s0_seed0/candidates.csv,5cb6004111ba8cbc2f80b5404f8e9b546aa0312d79e7bd7b2f7f518d399c1201,87f04d811c7b4504d718f2ddddeacf33fd2a0129554a31474addbe9cf16049cf,00854b6fcda44e44c867e1df4f5fc020438ac51b,False
results/R4_A1_FIX_CONTINUOUS_SEARCH/INITIAL_IMPLEMENTATION/case_cache/P05_s0_seed0/rc2.csv,1e11e4f1344a9b56e2b6aeafe282a561136f76b017ad421b22c5e53793f37b44,c98f57e6fb02eafb8d6117bb299fa1168e9d1dd7900a5262d3b2099828f408ed,5b5ca0540799d8fc97c49dc889e63955c0f14d78,False
results/R4_A1_FIX_CONTINUOUS_SEARCH/INITIAL_IMPLEMENTATION/case_cache/P05_s0_seed0/region.csv,1c37b572744bcec3a267cd6b94294ff584350bea209e34f546d4b0c6533df9bf,91c5c6f6693504eaf2ed01eb000c407fc643b3a4af58cda01137e094a80ae2ab,e4e880a5652d8ef4787f1881bb4c06777ea62af5,False
results/R4_A1_FIX_CONTINUOUS_SEARCH/INITIAL_IMPLEMENTATION/case_cache/P05_s0_seed0/result.json,cfbc679a2bdf26fb3fef52a264e6ffa6f9f0544fa1e3897f20aee60858ba732b,5c6aafa1ab0635b338591f76fb398fd0127741c0504bacbd8a85ba9ea57e787c,e9f36baea7cb2e430b6e0fda0d17506c1e630e14,False
results/R4_A1_FIX_CONTINUOUS_SEARCH/INITIAL_IMPLEMENTATION/case_cache/P06_s0.1_seed410001/ac.csv,c19f59451b65328af0a25f44084dcb3337e2122f237036b748a202aa99eae88b,04ab006ca08f6f693c9ac8a4643d0872317d4a187cb3699b0e829e783a33822e,d7ca0eca8c65f1a9b04e2de75c74018d50eee4f9,False
results/R4_A1_FIX_CONTINUOUS_SEARCH/INITIAL_IMPLEMENTATION/case_cache/P06_s0.1_seed410001/candidates.csv,f7a0c0cdee409a9593611ec3611a7ca61e370797589ae9de48ff92b12b8a1a12,bcd53819c163ef3a8176b40f620f11dfcaa264ddbb14815dfba372121191f7ff,e04842e5d2bd922f900e5eb0a988a4d2c36ebef3,False
results/R4_A1_FIX_CONTINUOUS_SEARCH/INITIAL_IMPLEMENTATION/case_cache/P06_s0.1_seed410001/rc2.csv,5a54e50aa55dc7c6663a240f7742a0e5229c8f128d519d915aae2bf25d5aa6a8,a5425491ebd99d5440530a5f70a1278cf08feab7d90efd84c161553e35b02ec1,686ca29872225a3212eacd7d4a949722c8ad77a8,False
results/R4_A1_FIX_CONTINUOUS_SEARCH/INITIAL_IMPLEMENTATION/case_cache/P06_s0.1_seed410001/region.csv,f6454cd43f51835b9ea69b0e09d22e92864a16d662765cd8e220d9257ec1a163,a872e0ab011fe1e535b7f07fe621a85ccd089925b322d0a8556d572ee69b7b9c,860423aa84296d6f6de911e1a41279243ddd5f9e,False
results/R4_A1_FIX_CONTINUOUS_SEARCH/INITIAL_IMPLEMENTATION/case_cache/P06_s0.1_seed410001/result.json,27b175e834b6852b9ddfc1d4e5f89f752f685b2a37a254e49e67ed92aa6e6f53,4a34f816a7a2f298a02563970f530b0794a8da0f82e137827994b42d974d85df,ac5da760a9d80a5b1fbf7247341c57f7a9c50c09,False
results/R4_A1_FIX_CONTINUOUS_SEARCH/INITIAL_IMPLEMENTATION/case_cache/P06_s0_seed0/ac.csv,9a552ee16cf803bbf3a8ea17c1700b57ecd55e52e0e506cb524d0d48654abd6c,098226530ab01752fc6d33daade400f804d8ed948b02374b48514afb6a26037e,f771fa08e1dd49e3162243fe41cd4e52fc93002c,False
results/R4_A1_FIX_CONTINUOUS_SEARCH/INITIAL_IMPLEMENTATION/case_cache/P06_s0_seed0/candidates.csv,d06c555036d4eba6ca6e8dc83377e8bb42ba19ecd51b4bdc3cc354f3afab23f9,7e55cd583945fd6fac47e63b921d45acdf9c912acd58f63490d880fddfdc5db6,71103589fd456e62d4de138612527aea491d3a4e,False
results/R4_A1_FIX_CONTINUOUS_SEARCH/INITIAL_IMPLEMENTATION/case_cache/P06_s0_seed0/rc2.csv,c871a8e18d6ddb694c70ce7c2e265b6143d5df173c4681ac75d603fd7affb62c,5a23cf978444e42032f53aa9139feffc32977de7364a218e740109db46eccfba,ed89cfc737504341717ae074b3affeb74dbd209f,False
results/R4_A1_FIX_CONTINUOUS_SEARCH/INITIAL_IMPLEMENTATION/case_cache/P06_s0_seed0/region.csv,ede1adc1a938ab21273964d4c4e2d1027754fb4c367920a7041d23d857e27a72,553358b1edef64ce1ee1a009853c70dfc530fb857cb352a20f61fe8f20d08b58,eb91fcb424030e12d53fa3e6472b518dac78576f,False
results/R4_A1_FIX_CONTINUOUS_SEARCH/INITIAL_IMPLEMENTATION/case_cache/P06_s0_seed0/result.json,e528475fe9abf588f017fb0a2934b5b654b00c05e5b687bdd4efc1cd035cf7df,c14151468f112fc5de4adb85c9717e9da69884b8620cf92ea3701911a83c6456,8789e62a59181b8ef4b13825f1e886a0edd325e0,False
results/R4_A1_FIX_CONTINUOUS_SEARCH/INITIAL_IMPLEMENTATION/case_cache/P07_s0.1_seed410001/ac.csv,8f0046e9521c3feb049788d079b56451c5ff7a9e33531bb701a5d761d5f40131,f3556b05505fc68f76132568258abded1336a70ba90ba7e59e71af2fc960603f,a961c42a466bf9800b80f8fb9960cd8ff80fba47,False
results/R4_A1_FIX_CONTINUOUS_SEARCH/INITIAL_IMPLEMENTATION/case_cache/P07_s0.1_seed410001/candidates.csv,8c442430d475787c2db2bde2418f7972c0490f282350b6bd080ff94a716901ac,9914c4b3e1c4b20771e5ba867d2563c9a5b9f62db65635506570bfc69dc1aa81,213dc0c01893c73008100406e5bbd162ccc08fb8,False
results/R4_A1_FIX_CONTINUOUS_SEARCH/INITIAL_IMPLEMENTATION/case_cache/P07_s0.1_seed410001/rc2.csv,310e050d375bdbc699eea87b56f499f75f95ce3297ad7b4e9fdcb0190c031ec9,86e1f620ac58d0d4beed8b801da58b7a35ac5392437405776ed1370f6e0c9bcc,4c1a8aece503ddc9bacdaa4f10b3457da7ec9af0,False
results/R4_A1_FIX_CONTINUOUS_SEARCH/INITIAL_IMPLEMENTATION/case_cache/P07_s0.1_seed410001/region.csv,4178bf08a73f30bf2cc2b14b3741fdd43364007953b3b009c0e8b0c14de6769e,81ca43b40e99e97b6d366a179262bc2a43d86fe63a32980bccdacb0704030e86,7d2668b8ed6e65d5a13359d107abb190cd7f9ce5,False
results/R4_A1_FIX_CONTINUOUS_SEARCH/INITIAL_IMPLEMENTATION/case_cache/P07_s0.1_seed410001/result.json,a69173ae05f13bf72c044c8a2df20a8015073d9442a0dab971278e1ca51a55df,bd4ccbb563064b064d4f876276377fca1324a05ac89f4cf4c7d6d1d6d95da7a0,cf38f5ce9b093c34c0ba840850b07bbfbb41b3a4,False
results/R4_A1_FIX_CONTINUOUS_SEARCH/INITIAL_IMPLEMENTATION/case_cache/P07_s0_seed0/ac.csv,5ee625a3d1fe9b1cefb5f7d761ab66df262fa7658b7bed0cdcd6006563ba618a,a96e984eaf200b43c1e5d95f19dc4b30388a8930e7d59f70f98e8b41b12eea3a,c5a89c219231c3fdace92789fbfd8e635b0f9f5e,False
results/R4_A1_FIX_CONTINUOUS_SEARCH/INITIAL_IMPLEMENTATION/case_cache/P07_s0_seed0/candidates.csv,ab8efd2cdeb64686ed82ba076a5c7ee3c7f9a1b59aac73df2e83f6e9c504a8ac,776d76bdc077cdc085cc80012201d8abf43ddbc3c6b7ead31d87a07486bb906d,0768a3b2d99d5666d38d7bea75ac3c1a2a2f6f67,False
results/R4_A1_FIX_CONTINUOUS_SEARCH/INITIAL_IMPLEMENTATION/case_cache/P07_s0_seed0/rc2.csv,0bf8c0b62aee21f9952b0f70ae5437910e4783c8e159793dc31ca55a0a2ad161,cd07e22d161a9e87cbdb8fc6496b5eff2b17963c99c670b5682dcc1b7139f8dd,e7ceb0868bf569eaea521696d912e7b4ad388b49,False
results/R4_A1_FIX_CONTINUOUS_SEARCH/INITIAL_IMPLEMENTATION/case_cache/P07_s0_seed0/region.csv,f0dd67ab56f40b1f6b3e8d0b0b6d0b1952eda6bc0662e91e37975428a3198998,88e7dc374f97938cf8daf506100a248ea0906dfd3280eef0460d803afd5c023e,8c488282d1b4e902a149bb5e56ada66310f6b18b,False
results/R4_A1_FIX_CONTINUOUS_SEARCH/INITIAL_IMPLEMENTATION/case_cache/P07_s0_seed0/result.json,63b8c89e107ead797b9d7fa1b647af52e011c4a567715bcf098000afe12c0a07,0398321b28c7c1f92480b1577222d141003208ad43c2e7c7b2383898c797d38a,b29e2c733cca1797f5cb203278ef32243fee1eaf,False
results/R4_A1_FIX_CONTINUOUS_SEARCH/INITIAL_IMPLEMENTATION/case_cache/P08_s0.1_seed410001/ac.csv,db663459ec3b8d7b8195c98c545a8c58e5a224ccfb4d7664451b347cd1452efe,d46d0bd1f94a4806d621808a06a37ffba737d5d124bd209850511ef3fd0e64a1,e2f419537ad4fea7edff406b892ebe620e31b8c8,False
results/R4_A1_FIX_CONTINUOUS_SEARCH/INITIAL_IMPLEMENTATION/case_cache/P08_s0.1_seed410001/candidates.csv,a7aeed18bb3735e5954f6358ae8c0f33f20e4735c9548289f93d50f870c65acc,74752ec52da2c61a4dee6651da222b37bd25c29929c3dec694e3ff7372a2017f,42e72f7cfac9e379f25ccb2c4486a8da7de553c3,False
results/R4_A1_FIX_CONTINUOUS_SEARCH/INITIAL_IMPLEMENTATION/case_cache/P08_s0.1_seed410001/rc2.csv,8d338707c93f2743d0826055b31fa7ae0b50ba3d532556dc242103b96cfa6d6f,e291e520360821fc475a9e088d1e8f973fb7efc5a878ab5d9c04aea20e45e509,27dbfa6b7716ff7ef9ec83698aad4c73867188c1,False
results/R4_A1_FIX_CONTINUOUS_SEARCH/INITIAL_IMPLEMENTATION/case_cache/P08_s0.1_seed410001/region.csv,fc0a3b5266e172cce10da2a5ece7eca974ff684440b229ae1a418b9e1d7e72f5,aa18ad3158d623135155ef7c431d15914aa1e19952cb99a6859fd37ae44a7442,4c3c0d814886933d0aded9d4cd553165548fd1d9,False
results/R4_A1_FIX_CONTINUOUS_SEARCH/INITIAL_IMPLEMENTATION/case_cache/P08_s0.1_seed410001/result.json,d459c2b547e8762b17c7e74dc6cbef253fa2531b3fbbe35ba78df7a149802ae9,ef5fbeb76f5b3e847024a37297d93fa0f9adab3b4170df0b32515cfa648a9748,10b4858a6c30ab89d324bdf090a5b05d10d67dc8,False
results/R4_A1_FIX_CONTINUOUS_SEARCH/INITIAL_IMPLEMENTATION/case_cache/P08_s0_seed0/ac.csv,1a5af6fa52ea9f8a5fcace93e8025ff6a09e5b76cf168bc733069845209f2e2c,be840ffb3b81303383c46603b54acc37c83a311d5a539bdd0690f33a9a9c8757,5b021f59243228ad361526ee1f9ee25e9553025b,False
results/R4_A1_FIX_CONTINUOUS_SEARCH/INITIAL_IMPLEMENTATION/case_cache/P08_s0_seed0/candidates.csv,3300b0e0309cbac77734e1ec0e032407336822a31f02398aae8dc810cbdb4dc5,ec280ca37797bfb0cb236faa53098692be3fa8770db3b304036d9d04f8a374fb,d4316df7a08340bf49b389b681321602d88964f1,False
results/R4_A1_FIX_CONTINUOUS_SEARCH/INITIAL_IMPLEMENTATION/case_cache/P08_s0_seed0/rc2.csv,9cf82733a48183ed871747a90115e59b0820717015f3c2f1a9b5aa44c5fa08f7,d9e6069e8e1d6139883eec4b107152419e81edcd743fa271a6a7cc64a6d83fc2,a0ce2596ab5b8842015be9b702ead5fa60294837,False
results/R4_A1_FIX_CONTINUOUS_SEARCH/INITIAL_IMPLEMENTATION/case_cache/P08_s0_seed0/region.csv,5ab80a4e5f28f57853d4ade27822ca5f6759f0e42180b68bfc63a2d45510a569,072e198b044574124c760cbe47e852bc2d156bef152d8d14f7845bab57ab7c38,fdcea3a4c6f0bf27194a7f729d3fff039cbaa06b,False
results/R4_A1_FIX_CONTINUOUS_SEARCH/INITIAL_IMPLEMENTATION/case_cache/P08_s0_seed0/result.json,d9a44e81118be398e1162c658b3b64798f40af1641097a677968ec881e1413de,281b427aae00d6a54036f5a83608a1ade051f2340366e02b986fc60e7b09efaf,355174d2061f982ff5cff8da64d47c31896f9779,False
results/R4_A1_FIX_CONTINUOUS_SEARCH/INITIAL_IMPLEMENTATION/case_cache/P09_s0.1_seed410001/ac.csv,785b70f0df42ac97ca520fdf3938f7efa87bf8c1cbd0cb85dc0ed1dc952400a4,ded3181de9da248eaf1a8a2c2844e8077a76da615d97aec40305f18d1f0514b1,7a50fa288054804946db8c13900fb078faa385ae,False
results/R4_A1_FIX_CONTINUOUS_SEARCH/INITIAL_IMPLEMENTATION/case_cache/P09_s0.1_seed410001/candidates.csv,ae4163b1be638195ff40068f138b73761cc7392d8e8ce3d994cc076c8d4eb506,10b8027b9e8ba6b681d60914fa118c2996113d4061839d28cea93363988464e4,ad6e1aa6534cd8a7bac4539da62cff1ee7509122,False
results/R4_A1_FIX_CONTINUOUS_SEARCH/INITIAL_IMPLEMENTATION/case_cache/P09_s0.1_seed410001/rc2.csv,10e81b682a24b44d4d74e30a85802de4a5e6a4d2c32f9e0aee1a01e2623fc871,e1210b8669c9e605ee7db63785a3dfce10a90085e0eb7bb203761fa442eababf,1baa794fdb6eb26dcba5195e26e2e40cb22ab91b,False
results/R4_A1_FIX_CONTINUOUS_SEARCH/INITIAL_IMPLEMENTATION/case_cache/P09_s0.1_seed410001/region.csv,4380eb36dd7658765e8b1c92a0f309403fe52803a7ea6da1160c78943e9bdaef,1aa79e15ce28fbdbe6ac80e63da65204435e43692a7dd4d2058a8d1460e3dfdc,dfd51a31dc910edf10ed18d20276a4390c2e3bdf,False
results/R4_A1_FIX_CONTINUOUS_SEARCH/INITIAL_IMPLEMENTATION/case_cache/P09_s0.1_seed410001/result.json,1f0d9a131308defaedf0fbcd52784e73fcb9c5e4230ef7d5c9a465057745df35,20d460fa3cf56523c428c2beb46c090cc664068a6e339a99a3c8db6db3c0da04,68297f6601611accca7026ebbfa21cb7e7a9e650,False
results/R4_A1_FIX_CONTINUOUS_SEARCH/INITIAL_IMPLEMENTATION/case_cache/P09_s0_seed0/ac.csv,bc3d6fc149dd0ad2c41d08a9af52143186c071e2a2e32d473bff8ded955d1b09,f3c7603750fdb83bda3da17ca90efe261f7e0c2c29403cf1886cad966ecdc1a4,cfdeb7c4ca181be005f7708b0fa6cba108d09189,False
results/R4_A1_FIX_CONTINUOUS_SEARCH/INITIAL_IMPLEMENTATION/case_cache/P09_s0_seed0/candidates.csv,ac79073d832a7baec7f4114a689eeb014c84626e715c399dba49fe482523016b,aa67a2e45c21a199779a78bd2363abc925f8f6147d16c886fac168655231f189,646d92a2a9fe20fd6dc031567e2efb85b69280a0,False
results/R4_A1_FIX_CONTINUOUS_SEARCH/INITIAL_IMPLEMENTATION/case_cache/P09_s0_seed0/rc2.csv,57f17d6f842cd4f731cd4d68486df3f4405c4c42e962569b4173d53bc6e5a241,ce36af4445aaf7b07def5b8588998a0a80fa744b58bf56b748a2ce51b62eb199,e9e5fb3daac41bfad94c3774aa6fd49a16a80a15,False
results/R4_A1_FIX_CONTINUOUS_SEARCH/INITIAL_IMPLEMENTATION/case_cache/P09_s0_seed0/region.csv,c3f15020d8741c5a05bd887b1a8cd54ea70e3c7262d42ee9cefa72d1a2730e2a,72ab4f8fe04b7e7612a02864d9c7242e3b6c25ab82e7cff59e13dd1b1d7d9d81,32315bd38608368db735b29adb5d46bf7af7dd8f,False
results/R4_A1_FIX_CONTINUOUS_SEARCH/INITIAL_IMPLEMENTATION/case_cache/P09_s0_seed0/result.json,5795a3418f93b8f46456e9f1c7e311bbbd85ab2e1bd767ec60e92f8a060d1ef6,b7cb3ec9cce5d447d4baba88d0f4e8213490e87867ed7536e67d7f218d53e902,2d9da1902bd088e58286da20fc152bf081ed33d2,False
results/R4_A1_FIX_CONTINUOUS_SEARCH/LEAKAGE_AND_INTEGRITY_AUDIT.csv,f61e75896545eaab3ced3f69b19d622a0d4b61822310cdeac8140e87e8dd294e,f61e75896545eaab3ced3f69b19d622a0d4b61822310cdeac8140e87e8dd294e,871f2323369d8e998b0cff8209f2d5a8a7bc52aa,False
results/R4_A1_FIX_CONTINUOUS_SEARCH/LEGACY_A1_FAILURE_REPLAY.csv,52e2badb44ab8643a756cdf4307ce0ec38b1f7f2c4226da4cfdb611956e7173d,52e2badb44ab8643a756cdf4307ce0ec38b1f7f2c4226da4cfdb611956e7173d,bd3043396d6c758271a619e609ee30f174395747,False
results/R4_A1_FIX_CONTINUOUS_SEARCH/LEGACY_VS_CONTINUOUS.csv,05f47b4ca4e4ec0e887015c0b4653a9b1a783e0dfe02d88343181140a4f26597,05f47b4ca4e4ec0e887015c0b4653a9b1a783e0dfe02d88343181140a4f26597,e7e7c5332ad91c60177dda71310870d995bc4beb,False
results/R4_A1_FIX_CONTINUOUS_SEARCH/LOCAL_VALIDATION.md,5324d81ada5bf1924c5c2d07b2adb238ed7c5a4da9b05b0a60cc5996c162d3aa,5324d81ada5bf1924c5c2d07b2adb238ed7c5a4da9b05b0a60cc5996c162d3aa,8f3c44b55dddd4f142c22c58a7bba71a07e130cb,False
results/R4_A1_FIX_CONTINUOUS_SEARCH/METHOD_FREEZE.md,c8d45a018add793365182c780b53bfe1d554299874ff844e8869c94c08cdfac3,cc88e262bc46d5bbf069d56446e590ac59bacdbd3d11422e4f4b3efb7fcc01f1,7d57baf66596f571d608306242620caf1b327ac2,False
results/R4_A1_FIX_CONTINUOUS_SEARCH/MODE_INVENTORY.csv,fb3ae4897f55a40ed98850afa4bb9e9b17a79fb3726e93c4d13bda67560c89ca,fb3ae4897f55a40ed98850afa4bb9e9b17a79fb3726e93c4d13bda67560c89ca,1e2e19a72bfd82a6a084ee1d1c822c9be7088886,False
results/R4_A1_FIX_CONTINUOUS_SEARCH/PAIRED_LEGACY_CONTINUOUS_ERRORS.pdf,a6b811c093e49e33ccf725cc63386da3f97c20262a859412c1b24f716f105dc0,30217346b29acbf6b30620a248300976059ac1a817cc80d0599df8bd7ff540a2,e797da610c2e76d474b0d854d0bacd715bb04772,False
results/R4_A1_FIX_CONTINUOUS_SEARCH/PAIRED_LEGACY_CONTINUOUS_ERRORS.png,ba46c03e90dfc5e704054c4798f7d4ad33ad73850edd7fc0e057c01fe494234c,907495ffc536243bfe67522262eaabe7d03a3c1190b51660e2d44e4ccf7b3abe,bc448d8d93372be1a718cc3068ad797886b806e2,False
results/R4_A1_FIX_CONTINUOUS_SEARCH/R3_LEGACY_CONTROL.csv,357a65a2ee6754cb4808b4a29237538eaada32e36348f294964985c0de960961,357a65a2ee6754cb4808b4a29237538eaada32e36348f294964985c0de960961,1e53f75b49acab3d1857b061446b8110cdd96169,False
results/R4_A1_FIX_CONTINUOUS_SEARCH/R4_A1_FIX_CONFIG.json,d82e7c39c23e91ddb8a47d498431c97e4fefa886c5fdbdcb6130e38e62c0346f,600993e5279b0d0f1b00dec2eda395268ebbd75d6434f8a2e5ffdff63fbb09d7,388bcbcfea65ecd212516228b421c507d74eaa4b,False
results/R4_A1_FIX_CONTINUOUS_SEARCH/R4_A1_FIX_DECISION.json,38b5e17c7dc4b59e5c59425e27db5d6219bcb0ff192abd7b7d526eee64a25535,e4e69ee5ab3d42b22e6780b66228578f9995e407a2f2e7e8e990a54458b888cb,61350e073f558e3d843930f2f44e74f62b71aef3,False
results/R4_A1_FIX_CONTINUOUS_SEARCH/R4_A1_FIX_REPORT.md,c6196ab924bd82b5376e3e33455b4bd67d7253b47eaad2178c64a4dbd8ac5174,68112247eaf8313563387e994ca8543d0dfbaa0e8db2d24c6d92006bdb6f125a,3b68dad7356b72ccebc45b4ec2bda6478be64b6f,False
results/R4_A1_FIX_CONTINUOUS_SEARCH/RC2_CONTINUOUS_HYPOTHESES.csv,35e80947c2f84653f420883350f5794c9b7565f414bb899cc3f721a3972303e6,35e80947c2f84653f420883350f5794c9b7565f414bb899cc3f721a3972303e6,0e25cfbe5062235b5aec52ec6d6188f2edf05807,False
results/R4_A1_FIX_CONTINUOUS_SEARCH/RC2_CONTINUOUS_VALIDATION.csv,dfec1f7997072d97ed93dc6b5cb0e3f59c71e5d1b433ee75d583605728d50971,dfec1f7997072d97ed93dc6b5cb0e3f59c71e5d1b433ee75d583605728d50971,258f6fb16a8df134e409b83d80c96f73734d9389,False
results/R4_A1_FIX_CONTINUOUS_SEARCH/RC2_INITIAL_STARTS.csv,e7772195ce45042154022a3f8a85be2e0b0af8e6d7814440f0b449d56f364360,e7772195ce45042154022a3f8a85be2e0b0af8e6d7814440f0b449d56f364360,f278129db25dec3ead1a6bd6f6df649624110d0c,False
results/R4_A1_FIX_CONTINUOUS_SEARCH/RC2_OPTIMIZATION_STARTS.csv,94d02e56979ba9a026de9bd3ea9d9acbd3d7711e7db8cc8fa50caa9baa897858,94d02e56979ba9a026de9bd3ea9d9acbd3d7711e7db8cc8fa50caa9baa897858,0fe1be54bb80d436762a092411057d5182b552e1,False
results/R4_A1_FIX_CONTINUOUS_SEARCH/REGRESSION_PANEL_RESULTS.csv,af4d4f0c86deb5850513ae37bbcd870a02ecaadc569d7449d910f92f2ef59768,af4d4f0c86deb5850513ae37bbcd870a02ecaadc569d7449d910f92f2ef59768,5313e70f918461457c061ee04fbd9d71413728e7,False
results/R4_A1_FIX_CONTINUOUS_SEARCH/RESULT_RECONSTRUCTION_AUDIT.csv,e7a3d8402a612b9865927581be286c32bed22e6bd6ddaaaa12218d27a34dd286,e7a3d8402a612b9865927581be286c32bed22e6bd6ddaaaa12218d27a34dd286,bc000623edd5514fa8b05bbc9096e57b89b6d102,False
results/R4_A1_FIX_CONTINUOUS_SEARCH/case_cache/P01_s0.1_seed410001/ac.csv,2972a96421f360979a00b0e2c754461bf2d6c12165a6345a4561516f801a8288,9fabfbf5cf8c806c0213161dbb4c00e73d22b4d6b21ff5bb2364b8b0244d4d99,c5b6e306b8ab69fc2a5c721f1b669b76a12105f3,False
results/R4_A1_FIX_CONTINUOUS_SEARCH/case_cache/P01_s0.1_seed410001/candidates.csv,45c0ace23d20367b2d1fe9b3ee2276426e74d38a92ef5d4163ee6908c5401eb3,68744baf6c4dca9d8af85fead48ee6d8403bb221b1076c0ffbc3a516276e7843,ff0a624cfb53ef3c49f580abef71cbf2f83056e4,False
results/R4_A1_FIX_CONTINUOUS_SEARCH/case_cache/P01_s0.1_seed410001/rc2.csv,a64c09203db06a42f2aee65b53d0503c32dceac455e919049da3b5b6245bf6a9,4d743afd3e7517311c58bae50ea82f2b7537f83209eadb3e701dca2941bc26a4,f33c41880a1f29e4b0da430820f54d3e97452f95,False
results/R4_A1_FIX_CONTINUOUS_SEARCH/case_cache/P01_s0.1_seed410001/region.csv,de0ee8f295c2ebe5e2ac7a671c323cff9965d09e8ba16ea0a75e560f248bd8a9,a5baa576b103c7fdf7fa91c65f217b5be7d7d42b246e4e06e366ba9ab2dba157,0e4feda9e247ed52817b00d7bb35ce41ccace06a,False
results/R4_A1_FIX_CONTINUOUS_SEARCH/case_cache/P01_s0.1_seed410001/result.json,be4dc7353fba06c7cdaf8efcb068762d927c88b0447b84af3c3acf53b12717c1,216db086a2184aee400a24a0580f9bec3d6e1830b146f11535336d18d34944d0,48a86501760d5bae3eefcf7bfec74f89ffa786da,False
results/R4_A1_FIX_CONTINUOUS_SEARCH/case_cache/P01_s0_seed0/ac.csv,b9cc02f10bae98b36dc14ba2b1d24fe6475146b0a2f2db9165018a11fc26ba8d,ecf6b96d9edf946b7926d9371444767441bf8049fb6bcb688da6af0f482d4e2b,f90b486bd6392689f215e7455123e83caba384d3,False
results/R4_A1_FIX_CONTINUOUS_SEARCH/case_cache/P01_s0_seed0/candidates.csv,eca8c5da3d3f0fd2f0724ddcd5199ff826f84f5d31fdfa6e08c7e4ad6ef1f3cc,50b8a67d155d3f916ae8205d77397cb8c240d540bba51d5e274ffbf9dff4e288,1f58f6f08d3149f9fcecf49fa27c3983b03c85a3,False
results/R4_A1_FIX_CONTINUOUS_SEARCH/case_cache/P01_s0_seed0/rc2.csv,af75ae18b3afb5589f6a332eeff12d1c21836c82425df523344aac9af818ae51,c6709d226644ef67648ecb5d6050316eabca5052ac013658776b0ae2aedc0e24,e16792e5b53d64f346fdc6f09387c201c4db35a4,False
results/R4_A1_FIX_CONTINUOUS_SEARCH/case_cache/P01_s0_seed0/region.csv,fba59d5b8ba1955a821082950992278c8861b66c9b7eeca126abe202b93d9d73,d4caf98c2c1928339faa9b0ed610003fa387211e939b9a03e34f15330d26027c,ae48e93a6e343791133feea3ac30fb52ca5b6a13,False
results/R4_A1_FIX_CONTINUOUS_SEARCH/case_cache/P01_s0_seed0/result.json,c9f17d85e74279b9cdcb1b4582ccea4ca6ed27508fe0cc129b523ebdb145ecf4,602f1f2c8e90bf7433b691e421d82eca3970f8958af5b891488306f0a14603f5,7c3267d44085d92c6eac9308eda99ac344b023b9,False
results/R4_A1_FIX_CONTINUOUS_SEARCH/case_cache/P02_s0.1_seed410001/ac.csv,b006086da82877759460e2993dbb105b11e0c25f135e7af187daa37b7090f4e6,5eefe4da9d6728893270e82a342c0e504b1d16b25dd8466f2b2c0e8ebd4b3be5,1e2580b6afe8cbed8745d7afbf56260d17fedc8b,False
results/R4_A1_FIX_CONTINUOUS_SEARCH/case_cache/P02_s0.1_seed410001/candidates.csv,4c49d9f206717905fcba33fb33f16d1c3233eb13ddb419f919ff0b5371b58ea1,c073b69ff982e45b93ec16e91643840d614151135ec7cea63b1abc4c11a0cfe1,242052f986d38c730a19a35cbed075bb355d50fb,False
results/R4_A1_FIX_CONTINUOUS_SEARCH/case_cache/P02_s0.1_seed410001/rc2.csv,8ed75063ef11864b6cc7f3d9c04796654cc7894e753b78b620b2ec4c86eb48d5,e6e356185031a0e82d241e15afa5cb6ce722055af7f36b0cf80e4cc3200bdaa0,bdaf72cd587240e270b478241fa98f625ab7848f,False
results/R4_A1_FIX_CONTINUOUS_SEARCH/case_cache/P02_s0.1_seed410001/region.csv,5f3897f61bb889e2388c9543d6c658b79d3b56dc523c7801b13f6538416fbc67,539e403e3fa1a7e1192c659441e567269488fe8ca48c52feaa8c59e46ec65eb2,3a9e1882c24cc6606b7a912c5860cd662d191f7e,False
results/R4_A1_FIX_CONTINUOUS_SEARCH/case_cache/P02_s0.1_seed410001/result.json,a181e2609593f1926dab212d35b27db85188f13cce33c57cb8aee4c094154121,507776b75ce08014d6840d4d3dc0cd4a806665e0b20ef7222755150df62f54bd,b93fe52c5e4b2465ae7cdab1abfb2b01f2749e0e,False
results/R4_A1_FIX_CONTINUOUS_SEARCH/case_cache/P02_s0_seed0/ac.csv,ff09ed5f1afed00b8cfa792ed59444873f439fbe9218544f6576191fdcf8fb8c,21a5a99adbd907d7b844f39f1a2a06bd0fbbbc588945d99dac6394b611a5ca51,31b9673ec2d13b0f26dc0a5c748ab330d60bf3d8,False
results/R4_A1_FIX_CONTINUOUS_SEARCH/case_cache/P02_s0_seed0/candidates.csv,e6ba530157d89bf4b0a8e08521856a9d506a32e7f0e87e479d45f2d0ee94a98c,5b20ffb0ef2a54f3828f68d10c95f608017f32a570fe4ad463bf889847a6c0e0,01aa77cdd300e76be9da4aba86fdfc224902ce67,False
results/R4_A1_FIX_CONTINUOUS_SEARCH/case_cache/P02_s0_seed0/rc2.csv,2cd8bf235b488994b816fc4cd001b16717644ea41deddb0f5edb3e949eb52ae9,accbc472318d983d67eb5b6eadfc2c94f96bc26fbdc915a7cc7d86c48bc66b08,e3a3424ec8263a62d4cba4774f1d6f863138187b,False
results/R4_A1_FIX_CONTINUOUS_SEARCH/case_cache/P02_s0_seed0/region.csv,f292617f4f9aeaf47e1f3b8eeca29a0c741e7c5ffad045c52a8e6a2b30533558,a65b3a2a8e25e6304414420107f05c0e7ec9598e14407abac0b1d6832d6cb78c,9d317b6b29f8fff5f031875427bcba46f61eed2e,False
results/R4_A1_FIX_CONTINUOUS_SEARCH/case_cache/P02_s0_seed0/result.json,4ee009020f7a5454de50b62eadf62a0bebb0cf6ff897d88f2b9a565b020f6139,fd4f689ad7c99680e3623e79a77c2a6c73c9f457d0d96c068554b92378b1b204,f63bc869e9827e1d70f08023cb54bf625af70011,False
results/R4_A1_FIX_CONTINUOUS_SEARCH/case_cache/P03_s0.1_seed410001/ac.csv,5cd9cfde3a46ffc0f36f2e39ac426e12f855dd3b0f745324021aa43664d5581d,cd7da2e69c55c6189f47a1cb50d752f43ca47163b62811b828f840018e71c174,35533e615811909a83917a280cae966d0c833426,False
results/R4_A1_FIX_CONTINUOUS_SEARCH/case_cache/P03_s0.1_seed410001/candidates.csv,a0e68561b9c95c7df7846bc7a78861cfc5b552bbfaf4e4d1c5e03542ead884f6,840437cc72196098ca30f60d51b82a760e99d3a923389eb5f3613a8bd1567215,b32fe76907d31932932024412436fea4441915bd,False
results/R4_A1_FIX_CONTINUOUS_SEARCH/case_cache/P03_s0.1_seed410001/rc2.csv,a3035e33abb34fcaa34a957baef4b3797d90b3363501b9b4725e72a0e7180ff4,e6f8cfb1c79c7ef644cd7ba81e187a727fd98d106f938fa018bcee38e554aa13,45c43bf34c7134d28c9f5e7f2b59ab1b279506fe,False
results/R4_A1_FIX_CONTINUOUS_SEARCH/case_cache/P03_s0.1_seed410001/region.csv,b46adf8254d074287bc568c0624665d2710b640210eafe4430e499dbb41efbad,295012c89aa603f0bfc79abd9535eb86bb8d2fc394d1e7177b855a3f5161033a,54fe3d6807c8cb0b3d0f7a1415880530f9ad8b6a,False
results/R4_A1_FIX_CONTINUOUS_SEARCH/case_cache/P03_s0.1_seed410001/result.json,3ba792f6021f5dff9d2b7ed3d415dc5eba0e25556193bf6e3b88e7759f7344dd,2de65b825a9128a857b168bea0c30e62a61e4e22073f7b4d9003fb9bca141955,ee184b6ab87e347bd2def70c31884446f4675b97,False
results/R4_A1_FIX_CONTINUOUS_SEARCH/case_cache/P03_s0_seed0/ac.csv,e00499796a4d99cd0a2593299b6f50be2e94aca7856442aa83c6799f9f304db0,c3a26d35f17cff25904ddbe20a74995f37aad8812d85c6770d2fac38797a8127,61b0410d976a28e6a0099eb905cb8dcd98e79b56,False
results/R4_A1_FIX_CONTINUOUS_SEARCH/case_cache/P03_s0_seed0/candidates.csv,441b332b77fcf22590907771132435c52bc634ee6376cd11fe3b0cd9a9c86072,e62248ccc9dc6fe18c297136e08d0049a9f8c64b41a5662322b29a5e5a642ff2,59c14992a0252eeef90660857aac32f8e12a7108,False
results/R4_A1_FIX_CONTINUOUS_SEARCH/case_cache/P03_s0_seed0/rc2.csv,cc4f8d70e00a49ef14d4782ef277a72863d8610a1b3205eb3363361e967374ab,8c0794354be8b7ebcbd792135a0b5fc41af6ab12430b3c9aedc17d9b4e6a63c7,88e318b349975563f6e7fdb414390fb4503ae4ad,False
results/R4_A1_FIX_CONTINUOUS_SEARCH/case_cache/P03_s0_seed0/region.csv,1679afbcafd1b590ac6c7d170a9514f766bc7b5bad4490b73ec2520dfea4fe48,7ad02913761a79e09ac4abb6d17cfc0edd748041e82b5071a6287c0562af309e,72295f9acc500ef684e11d775acf90bf824cafcc,False
results/R4_A1_FIX_CONTINUOUS_SEARCH/case_cache/P03_s0_seed0/result.json,fde42aaa59b4e80fe21bd664b988aff055f8877ae19aef49459b775c1b7fd328,428ca4a5c655b71bbcc7b3f29c3a04533d94e3fe0302b1b899dd65d631a2b24e,768ecc85bd96be3942a033f031836da5bc3e752d,False
results/R4_A1_FIX_CONTINUOUS_SEARCH/case_cache/P04_s0.1_seed410001/ac.csv,71ab1443bcd7987f7cf38c9ec8d3c04473d5929da636321c3126d8889724e0d8,12815e09ade9d8982e687a8b41f80b6c374529a13d9be84c20bf097d2e314186,93cc841377495eff3a5fa70851d23b174acee337,False
results/R4_A1_FIX_CONTINUOUS_SEARCH/case_cache/P04_s0.1_seed410001/candidates.csv,83b55c87e13bb22795c1350fd8523df111ad752c7ba2cad75abcf5e545876319,402e5f4c02b0f7c070a84cb14b16ee67fd4106e22b2f85bdfaacd3c393a3a028,adc2870d1693ecd3c1fc05d55d599fff5f1a5bb3,False
results/R4_A1_FIX_CONTINUOUS_SEARCH/case_cache/P04_s0.1_seed410001/rc2.csv,70d6935b93248dd40a9916cd2b7c168b2712134d419d8ec15bdcbe6ef6500a65,2792c0286b0ac2b6483d282462d691a8ea6bada64f147fca30a10ac81f487044,d6fa528d6fa3b19dfdba8f4f4e147b0e95e1dd3a,False
results/R4_A1_FIX_CONTINUOUS_SEARCH/case_cache/P04_s0.1_seed410001/region.csv,9cdbed39ac1a8a30fa6a3bda0520b01a30e79c4637ddb533b89703cf2a38c8d7,4418483e6b34160cc195d49cfa2ed75ef4e46c722ba08212569d07e70be6fb03,26f10f2b20473aa43895d0c27b677bfe96c08cd6,False
results/R4_A1_FIX_CONTINUOUS_SEARCH/case_cache/P04_s0.1_seed410001/result.json,18c48923f3b0b97c35f511967669b3b6b04584c676ee3b843276f0b6ef50bd76,c8998ba5b364c98fbea00b6f5e476a554737905b844520264b17e17c1f85b0f4,5a198b6c690eecdc71508fb7b10baa5b8ea53663,False
results/R4_A1_FIX_CONTINUOUS_SEARCH/case_cache/P04_s0_seed0/ac.csv,59b715fa71c35b5509c2063bbe49dbe0b8c5572af6cd7aa4497f5b0bc0397d74,ce90150e0b24073de42c98d82ac64bae3d9c82528589a70ec235ab5f45bc6b13,3e019a1fbb9d1bec3993bcd10d9693c10d8feded,False
results/R4_A1_FIX_CONTINUOUS_SEARCH/case_cache/P04_s0_seed0/candidates.csv,02d1077f39dc1499094d9e273256996eed37bbc67e9d1f3d2751964f4e3177c6,da78c53c311e3abcdc9a3907e95cb8a4d699ad5af0647f1871972c82f49a3d4d,fb533315b287534627338cb16398fa04fd744e70,False
results/R4_A1_FIX_CONTINUOUS_SEARCH/case_cache/P04_s0_seed0/rc2.csv,f5d89269e940a83f550cbde5598d602a977b9227755431793ce79080cbb210ba,2914712bba93d293300e3c17e905971b89cc59cf5474524c9dfed82554265fd8,1c3cf9c26aea77264fe32fb5a683a6a0da90df50,False
results/R4_A1_FIX_CONTINUOUS_SEARCH/case_cache/P04_s0_seed0/region.csv,c279565fd44cd079d9a2d20784550ea973dddccafaf956a97d3a62d57995b762,12fe0788e4399dab69a5c8ca598b28a8919df4270b484da847cb287b28975f67,4b28dc1b17af1ee817bc10a5b0bfa0a7b677aa76,False
results/R4_A1_FIX_CONTINUOUS_SEARCH/case_cache/P04_s0_seed0/result.json,f5acc5badacd26309b25233671c32ff065996b7bd0c668400b9c7e1ca03d6482,4ad6fca5ba3e945717368eb15a025bd44b5ac00b4fedb18b5a8a7c137337290d,2e52691fb32eb53a62d7bc10afc903a650a503ed,False
results/R4_A1_FIX_CONTINUOUS_SEARCH/case_cache/P05_s0.1_seed410001/ac.csv,458dc4be6cd9551cb5c323131b87328a87931fb185a8c5761ec49fb1eed0aca8,c8f51afe44720ece58df10a6b26d83212f229dc58622e0957f27ceecbd1a6975,203da98e1efa003efdda8e4f57d66e7ed220c882,False
results/R4_A1_FIX_CONTINUOUS_SEARCH/case_cache/P05_s0.1_seed410001/candidates.csv,70498f9fc1913934ce102c4d6908fbe207746d16d77eed7d0b4a1fbf2c9f31b8,4556fed5c850e943dab2de586e6383bdd7398368621b9a0406c9e254d6472b55,c450570b512d0c21ccd7c02d55d2a7fb84ac68b9,False
results/R4_A1_FIX_CONTINUOUS_SEARCH/case_cache/P05_s0.1_seed410001/rc2.csv,655d2f39631abf8b35789b115a9b95892dcc23271df6fdd8c0949e8814054fcc,73fd72a26577f2b37328309b95f3b327b5605a5fb134038c39145dbf9dc0f2d5,6dcf239fc5709c35c678fa317739bd17db42b77f,False
results/R4_A1_FIX_CONTINUOUS_SEARCH/case_cache/P05_s0.1_seed410001/region.csv,659bad3bcdea49461cff61ceba8f875e3f7c3c71e19f0ad3170b3064bbe7771f,523800adc8a3b99460914b79c7a572951ac98e326a454b3d574258eda24ecab9,a86b52a723805850da0918476293a43d73153b8f,False
results/R4_A1_FIX_CONTINUOUS_SEARCH/case_cache/P05_s0.1_seed410001/result.json,1a6463f721224fc2c6fe5fdc6afb58fed7cbaf47222d4c1c908df24d3bd1742f,2a1a73c60a9b1a27428f7ee55d28dc83b24e6a0ed53b281727e1fd552eb1287d,c6066215e4bd75b4e326cd91a71a22841a3282c2,False
results/R4_A1_FIX_CONTINUOUS_SEARCH/case_cache/P05_s0_seed0/ac.csv,50a841edc88c5bbdbc7f4d4db807ae109028cdc4fd7ce8feccd4decff24ddb4b,bdb7d33f579f432fe967ed08a4d6397ad2a6b2391a88229bb2ca6b434e5d7465,e4d245c1f87adbff4d04fac428ad319ba7f652f0,False
results/R4_A1_FIX_CONTINUOUS_SEARCH/case_cache/P05_s0_seed0/candidates.csv,5cb6004111ba8cbc2f80b5404f8e9b546aa0312d79e7bd7b2f7f518d399c1201,87f04d811c7b4504d718f2ddddeacf33fd2a0129554a31474addbe9cf16049cf,00854b6fcda44e44c867e1df4f5fc020438ac51b,False
results/R4_A1_FIX_CONTINUOUS_SEARCH/case_cache/P05_s0_seed0/rc2.csv,1e11e4f1344a9b56e2b6aeafe282a561136f76b017ad421b22c5e53793f37b44,c98f57e6fb02eafb8d6117bb299fa1168e9d1dd7900a5262d3b2099828f408ed,5b5ca0540799d8fc97c49dc889e63955c0f14d78,False
results/R4_A1_FIX_CONTINUOUS_SEARCH/case_cache/P05_s0_seed0/region.csv,1c37b572744bcec3a267cd6b94294ff584350bea209e34f546d4b0c6533df9bf,91c5c6f6693504eaf2ed01eb000c407fc643b3a4af58cda01137e094a80ae2ab,e4e880a5652d8ef4787f1881bb4c06777ea62af5,False
results/R4_A1_FIX_CONTINUOUS_SEARCH/case_cache/P05_s0_seed0/result.json,4a77d92460a4db7a961276cd0a95d5b3ad65578ce782ffb788af2bad6eb4e288,797bc1fab4fba648e20982a2c2843e1b67c719ab050b38aa90f8dbf4cbde71b2,3ae15ff7e7731bffcb8760324ba882fab0a8f4b8,False
results/R4_A1_FIX_CONTINUOUS_SEARCH/case_cache/P06_s0.1_seed410001/ac.csv,f1893fd8c33ee9354584acc7403cde2c2192dada50bb6e09b8e26846b88ef7f4,708a046a46b5370220b2f5cda07a3d58ff72a0874b449620ddf037b8ce201177,1031b9220242a0ee8035206eefb88b6ac29d4dbc,False
results/R4_A1_FIX_CONTINUOUS_SEARCH/case_cache/P06_s0.1_seed410001/candidates.csv,4003cbc151d45d94572f853d5316a2fd7a4b08a1c64f7f1213a7cd4b5ee6b4c7,750b353d99aa71ba52a23ee6ce13d94e3a0c49fef36b75a473e313d583fb2ce9,7603afb9773c12e8d3bc02e9ce9bf1081dd38064,False
results/R4_A1_FIX_CONTINUOUS_SEARCH/case_cache/P06_s0.1_seed410001/rc2.csv,5a54e50aa55dc7c6663a240f7742a0e5229c8f128d519d915aae2bf25d5aa6a8,a5425491ebd99d5440530a5f70a1278cf08feab7d90efd84c161553e35b02ec1,686ca29872225a3212eacd7d4a949722c8ad77a8,False
results/R4_A1_FIX_CONTINUOUS_SEARCH/case_cache/P06_s0.1_seed410001/region.csv,f6454cd43f51835b9ea69b0e09d22e92864a16d662765cd8e220d9257ec1a163,a872e0ab011fe1e535b7f07fe621a85ccd089925b322d0a8556d572ee69b7b9c,860423aa84296d6f6de911e1a41279243ddd5f9e,False
results/R4_A1_FIX_CONTINUOUS_SEARCH/case_cache/P06_s0.1_seed410001/result.json,b8b781a43457e701995c3d79914af4f6247ef9797d1522febbea26edb1525304,91691548865d07edc13fe087a460a0a59e4977bec5325798c5ecdc4ee0384eb3,9e6ca88e89ae39d2c832753b388be0aded5c5265,False
results/R4_A1_FIX_CONTINUOUS_SEARCH/case_cache/P06_s0_seed0/ac.csv,9a552ee16cf803bbf3a8ea17c1700b57ecd55e52e0e506cb524d0d48654abd6c,098226530ab01752fc6d33daade400f804d8ed948b02374b48514afb6a26037e,f771fa08e1dd49e3162243fe41cd4e52fc93002c,False
results/R4_A1_FIX_CONTINUOUS_SEARCH/case_cache/P06_s0_seed0/candidates.csv,d06c555036d4eba6ca6e8dc83377e8bb42ba19ecd51b4bdc3cc354f3afab23f9,7e55cd583945fd6fac47e63b921d45acdf9c912acd58f63490d880fddfdc5db6,71103589fd456e62d4de138612527aea491d3a4e,False
results/R4_A1_FIX_CONTINUOUS_SEARCH/case_cache/P06_s0_seed0/rc2.csv,c871a8e18d6ddb694c70ce7c2e265b6143d5df173c4681ac75d603fd7affb62c,5a23cf978444e42032f53aa9139feffc32977de7364a218e740109db46eccfba,ed89cfc737504341717ae074b3affeb74dbd209f,False
results/R4_A1_FIX_CONTINUOUS_SEARCH/case_cache/P06_s0_seed0/region.csv,ede1adc1a938ab21273964d4c4e2d1027754fb4c367920a7041d23d857e27a72,553358b1edef64ce1ee1a009853c70dfc530fb857cb352a20f61fe8f20d08b58,eb91fcb424030e12d53fa3e6472b518dac78576f,False
results/R4_A1_FIX_CONTINUOUS_SEARCH/case_cache/P06_s0_seed0/result.json,a050de85615da2c5b2cc8dfb1fd14d112547ad1ad027f85637564a5eb28656f9,346ab11ab6af7e6819986285ddf02af4fc8dce6821b187c667f011c688199f0b,107187da065e3bd156cf09d680aeb06cc9e90e0b,False
results/R4_A1_FIX_CONTINUOUS_SEARCH/case_cache/P07_s0.1_seed410001/ac.csv,9ffe2b23d0c97d4a07155558b08321e04ba8afa3fcef02cb02ca1184ab080c12,eec092a249a20ccbba33dcea15cabef7421110723657d832bb5d1bc0791a0de1,be3a6da13cceec76e8c1525711977804370c1c8f,False
results/R4_A1_FIX_CONTINUOUS_SEARCH/case_cache/P07_s0.1_seed410001/candidates.csv,1ab754940a6708686f11e051496fc897b8af4e6a3fe1268fbd2f9144ce019d75,f1ee2602912a780ae915c2d6262da950c05ccc98e2bdbf48545eb3c6f912b6f8,16994690a9352771186bd2ca8195201197cd9829,False
results/R4_A1_FIX_CONTINUOUS_SEARCH/case_cache/P07_s0.1_seed410001/rc2.csv,310e050d375bdbc699eea87b56f499f75f95ce3297ad7b4e9fdcb0190c031ec9,86e1f620ac58d0d4beed8b801da58b7a35ac5392437405776ed1370f6e0c9bcc,4c1a8aece503ddc9bacdaa4f10b3457da7ec9af0,False
results/R4_A1_FIX_CONTINUOUS_SEARCH/case_cache/P07_s0.1_seed410001/region.csv,4178bf08a73f30bf2cc2b14b3741fdd43364007953b3b009c0e8b0c14de6769e,81ca43b40e99e97b6d366a179262bc2a43d86fe63a32980bccdacb0704030e86,7d2668b8ed6e65d5a13359d107abb190cd7f9ce5,False
results/R4_A1_FIX_CONTINUOUS_SEARCH/case_cache/P07_s0.1_seed410001/result.json,e5a94e12e2ea8c9e97a38e9b6d702f453e17f8137ae767ca69f6d57b5fc14702,ed57a39169d705c6bb29efff74cf848abcd8a58c99180aee6e15d75de3db0a8b,c19ab6eed810c639ce45caff9e2058965e855a0b,False
results/R4_A1_FIX_CONTINUOUS_SEARCH/case_cache/P07_s0_seed0/ac.csv,5ee625a3d1fe9b1cefb5f7d761ab66df262fa7658b7bed0cdcd6006563ba618a,a96e984eaf200b43c1e5d95f19dc4b30388a8930e7d59f70f98e8b41b12eea3a,c5a89c219231c3fdace92789fbfd8e635b0f9f5e,False
results/R4_A1_FIX_CONTINUOUS_SEARCH/case_cache/P07_s0_seed0/candidates.csv,ab8efd2cdeb64686ed82ba076a5c7ee3c7f9a1b59aac73df2e83f6e9c504a8ac,776d76bdc077cdc085cc80012201d8abf43ddbc3c6b7ead31d87a07486bb906d,0768a3b2d99d5666d38d7bea75ac3c1a2a2f6f67,False
results/R4_A1_FIX_CONTINUOUS_SEARCH/case_cache/P07_s0_seed0/rc2.csv,0bf8c0b62aee21f9952b0f70ae5437910e4783c8e159793dc31ca55a0a2ad161,cd07e22d161a9e87cbdb8fc6496b5eff2b17963c99c670b5682dcc1b7139f8dd,e7ceb0868bf569eaea521696d912e7b4ad388b49,False
results/R4_A1_FIX_CONTINUOUS_SEARCH/case_cache/P07_s0_seed0/region.csv,f0dd67ab56f40b1f6b3e8d0b0b6d0b1952eda6bc0662e91e37975428a3198998,88e7dc374f97938cf8daf506100a248ea0906dfd3280eef0460d803afd5c023e,8c488282d1b4e902a149bb5e56ada66310f6b18b,False
results/R4_A1_FIX_CONTINUOUS_SEARCH/case_cache/P07_s0_seed0/result.json,b16b006131a8a17a2b5eceda056727e7d98af24aeae604c25e012cc42bfd16c8,93cd1ad57ddc9d36e9d89cd7fbb7a34a477100b71fe4a71bdd89e66b8e48a882,e771ea16bda1df1423e514f36e0911ab8d45b123,False
results/R4_A1_FIX_CONTINUOUS_SEARCH/case_cache/P08_s0.1_seed410001/ac.csv,edc8fd1c2196212435430f19a0faaf4411ac26fd9d911006f36ce89e9376341f,55fb6937ca6271f0d6c706076b291d901a3f0003af6d3fa9377cac6cbf37804f,dc37bba222c6074ca832b1339d9273f5c03d9fb8,False
results/R4_A1_FIX_CONTINUOUS_SEARCH/case_cache/P08_s0.1_seed410001/candidates.csv,4508ebeff92ba5d8c694fd4177463089912b45170ea5a98c6ba8ef219b66089f,0906feaafdca91bcb3c5c23b1f11ac8be2ff5fb80bb63097237a8aae82fd758a,0b7e993b3a04723282be3a56d2e2d34d6eb92e37,False
results/R4_A1_FIX_CONTINUOUS_SEARCH/case_cache/P08_s0.1_seed410001/rc2.csv,8d338707c93f2743d0826055b31fa7ae0b50ba3d532556dc242103b96cfa6d6f,e291e520360821fc475a9e088d1e8f973fb7efc5a878ab5d9c04aea20e45e509,27dbfa6b7716ff7ef9ec83698aad4c73867188c1,False
results/R4_A1_FIX_CONTINUOUS_SEARCH/case_cache/P08_s0.1_seed410001/region.csv,fc0a3b5266e172cce10da2a5ece7eca974ff684440b229ae1a418b9e1d7e72f5,aa18ad3158d623135155ef7c431d15914aa1e19952cb99a6859fd37ae44a7442,4c3c0d814886933d0aded9d4cd553165548fd1d9,False
results/R4_A1_FIX_CONTINUOUS_SEARCH/case_cache/P08_s0.1_seed410001/result.json,c23a936c109b02572a2b29c71548eade40e455556723514ba714008ab7694daa,30398aa2aa3d87b4a92bc3f1c7bc9ac23d2294c9da962fe07ad5670425845674,8aa28e2c05bfbf6ca346cf4115a26437e43fbc0e,False
results/R4_A1_FIX_CONTINUOUS_SEARCH/case_cache/P08_s0_seed0/ac.csv,1a5af6fa52ea9f8a5fcace93e8025ff6a09e5b76cf168bc733069845209f2e2c,be840ffb3b81303383c46603b54acc37c83a311d5a539bdd0690f33a9a9c8757,5b021f59243228ad361526ee1f9ee25e9553025b,False
results/R4_A1_FIX_CONTINUOUS_SEARCH/case_cache/P08_s0_seed0/candidates.csv,3300b0e0309cbac77734e1ec0e032407336822a31f02398aae8dc810cbdb4dc5,ec280ca37797bfb0cb236faa53098692be3fa8770db3b304036d9d04f8a374fb,d4316df7a08340bf49b389b681321602d88964f1,False
results/R4_A1_FIX_CONTINUOUS_SEARCH/case_cache/P08_s0_seed0/rc2.csv,9cf82733a48183ed871747a90115e59b0820717015f3c2f1a9b5aa44c5fa08f7,d9e6069e8e1d6139883eec4b107152419e81edcd743fa271a6a7cc64a6d83fc2,a0ce2596ab5b8842015be9b702ead5fa60294837,False
results/R4_A1_FIX_CONTINUOUS_SEARCH/case_cache/P08_s0_seed0/region.csv,5ab80a4e5f28f57853d4ade27822ca5f6759f0e42180b68bfc63a2d45510a569,072e198b044574124c760cbe47e852bc2d156bef152d8d14f7845bab57ab7c38,fdcea3a4c6f0bf27194a7f729d3fff039cbaa06b,False
results/R4_A1_FIX_CONTINUOUS_SEARCH/case_cache/P08_s0_seed0/result.json,b1e976ace52a2985bda3658efb1772b92934bddf213380131002a04e7abe2ef8,cb097af1cd512d2f13d48006b8b44a296b07bba9817ecae53896451feabd35dc,10579245f43c0453c1d8a52a45b75376abcb7661,False
results/R4_A1_FIX_CONTINUOUS_SEARCH/case_cache/P09_s0.1_seed410001/ac.csv,51f8a207758c6b1d4a964bf7798362521b48ce0b07a36ae0f98bdfa6ffdeab81,8ad1f22c219309598f82a6d986200e56b948dee1e03419e303c54a5e3ab35572,45fce1009e194f1c2d7cf75a9c5a1e9ce24ffccc,False
results/R4_A1_FIX_CONTINUOUS_SEARCH/case_cache/P09_s0.1_seed410001/candidates.csv,c55185d8d223abfc068275f9f903dd359dc6ae219b3a3b92f822f29105e36968,50dbb0fd5e43b0ac5f6e1a173caa6d0bccdad0b610ae2c7ccfb978bf3898f7e8,c0240559ce05e949056b26e92b452683fa7ea6e0,False
results/R4_A1_FIX_CONTINUOUS_SEARCH/case_cache/P09_s0.1_seed410001/rc2.csv,10e81b682a24b44d4d74e30a85802de4a5e6a4d2c32f9e0aee1a01e2623fc871,e1210b8669c9e605ee7db63785a3dfce10a90085e0eb7bb203761fa442eababf,1baa794fdb6eb26dcba5195e26e2e40cb22ab91b,False
results/R4_A1_FIX_CONTINUOUS_SEARCH/case_cache/P09_s0.1_seed410001/region.csv,4380eb36dd7658765e8b1c92a0f309403fe52803a7ea6da1160c78943e9bdaef,1aa79e15ce28fbdbe6ac80e63da65204435e43692a7dd4d2058a8d1460e3dfdc,dfd51a31dc910edf10ed18d20276a4390c2e3bdf,False
results/R4_A1_FIX_CONTINUOUS_SEARCH/case_cache/P09_s0.1_seed410001/result.json,ffb2c3a3613fedc22fd4fc9bca25a80083ae506f9b251266e3f0179ce2725733,e9bcad71c78860b02d2ce7c540883fa2a0eaa476bf661ea80bf726af6b8794bc,c1fdd242b4973b5d5039801178a70c0eef65c47d,False
results/R4_A1_FIX_CONTINUOUS_SEARCH/case_cache/P09_s0_seed0/ac.csv,bc3d6fc149dd0ad2c41d08a9af52143186c071e2a2e32d473bff8ded955d1b09,f3c7603750fdb83bda3da17ca90efe261f7e0c2c29403cf1886cad966ecdc1a4,cfdeb7c4ca181be005f7708b0fa6cba108d09189,False
results/R4_A1_FIX_CONTINUOUS_SEARCH/case_cache/P09_s0_seed0/candidates.csv,ac79073d832a7baec7f4114a689eeb014c84626e715c399dba49fe482523016b,aa67a2e45c21a199779a78bd2363abc925f8f6147d16c886fac168655231f189,646d92a2a9fe20fd6dc031567e2efb85b69280a0,False
results/R4_A1_FIX_CONTINUOUS_SEARCH/case_cache/P09_s0_seed0/rc2.csv,57f17d6f842cd4f731cd4d68486df3f4405c4c42e962569b4173d53bc6e5a241,ce36af4445aaf7b07def5b8588998a0a80fa744b58bf56b748a2ce51b62eb199,e9e5fb3daac41bfad94c3774aa6fd49a16a80a15,False
results/R4_A1_FIX_CONTINUOUS_SEARCH/case_cache/P09_s0_seed0/region.csv,c3f15020d8741c5a05bd887b1a8cd54ea70e3c7262d42ee9cefa72d1a2730e2a,72ab4f8fe04b7e7612a02864d9c7242e3b6c25ab82e7cff59e13dd1b1d7d9d81,32315bd38608368db735b29adb5d46bf7af7dd8f,False
results/R4_A1_FIX_CONTINUOUS_SEARCH/case_cache/P09_s0_seed0/result.json,db1463b0145aabd90307051f3e4f5e43cdda611881a8a9ac095553ceed01348c,3e9b4173afd8273670e216b75e460bd74fb75da333c6cea1f6cd17bf272ee3d0,513513bff33c884a4ebdb41ebfcaaafcdfa4437c,False
results/R4_A1_FIX_CONTINUOUS_SEARCH/case_cache/Q01_s0.1_seed420001/ac.csv,8e832d1a3da656e42176b71221a039146d91df575e9e21ae14680b6aa43dd876,7587f39357cbdab8af42b66464f7bbff8ce77c0ffefe1e07df3f95a8c6b659e1,6191e4b37db5aab9f5841390c08491942dba9faf,False
results/R4_A1_FIX_CONTINUOUS_SEARCH/case_cache/Q01_s0.1_seed420001/candidates.csv,6477417a6a8b9dafdc5f0485c082600869ed28295fcda2c9fab65094696d4733,5b5664788445b63c8435fee7d02ce135734824ba14abd0cac1f2299a11f93391,23179593fe23325ab4286a5a6331e8a2125e56ea,False
results/R4_A1_FIX_CONTINUOUS_SEARCH/case_cache/Q01_s0.1_seed420001/rc2.csv,5f13fee87251c135b7bf6cdc0c7aa23f8d63c5f08aae7a59aa377c6d1cfa962b,2074fefd66d6e7192cd045a60317cc7c9ed9c95d3a4e6968fdef12e2682e260d,87d35f8bfb814f8a951cd0226f059c793461ffdb,False
results/R4_A1_FIX_CONTINUOUS_SEARCH/case_cache/Q01_s0.1_seed420001/region.csv,b9ef9299ef3293448d8246e06f1bb56a296ebefc7416751f58f68562f69c8cdf,02d7f7df19aff2be0651fd0d7f14977e9b5a7a2c8250f7843e23476a3a8a6e3b,b7851027f1df11adf76a325728e868ba06988092,False
results/R4_A1_FIX_CONTINUOUS_SEARCH/case_cache/Q01_s0.1_seed420001/result.json,81f601909fbed2d305a65afdd5433a36ed43e9d28441d61f055b41c39633ae7a,48df3e371d33f061aec3a05d360ee597941a5513539abd54a4a105759783ecb1,4fa053c241506100017cd2f28cb6d07d96903a0c,False
results/R4_A1_FIX_CONTINUOUS_SEARCH/case_cache/Q01_s0.1_seed420002/ac.csv,03ade27e72ec8ddccc564432a388b34242f66ba5376337b92269db347ea29453,d1a949078660258b1cc505e40ff8123e7a66e7f71bf46ccc77fe2e16a138b33e,00c0902d684413b5464225e3edb4cc98f955158f,False
results/R4_A1_FIX_CONTINUOUS_SEARCH/case_cache/Q01_s0.1_seed420002/candidates.csv,b3a495176e88a3137e2183c5596af7fe5b0721bc337b08b1510179138daeda2c,a9bca0734dd3e7d94d48b719b7d4822c34fbe579be7745e7baa1e1fb637ed83a,be2760b60cb4ae1cd32a944345683f00e4aa4251,False
results/R4_A1_FIX_CONTINUOUS_SEARCH/case_cache/Q01_s0.1_seed420002/rc2.csv,1a274fff47c387213f89521feeb9fe8967769be4dae8fdad4dd882c3091996c2,1762693e4cb4da0fe2c584df3781f57a16551de2b3d41497aa6db6c829ff3c90,7c94de27951e734af7c9da254d179b4c3365c275,False
results/R4_A1_FIX_CONTINUOUS_SEARCH/case_cache/Q01_s0.1_seed420002/region.csv,bfcb8450c38d9946d6a7aef82525fe4f242edaa5d291ad4a504f0d1cccd73fcf,65b46f35eccb88f1584da560f851c0fcfe64d16f57221a8109a38163e8cbdbed,e0d900fd327c3b9f70f7466738d8c2f13bda91d8,False
results/R4_A1_FIX_CONTINUOUS_SEARCH/case_cache/Q01_s0.1_seed420002/result.json,12c125c8cbeab5833c444a308c1204c95e95a8de863782cf81592de6a67ee0ef,5899848087a077f937739a34fb7e021e4add1d56bc6e30d2416822b93b53699a,256360665412736c035a8450b03c89e8579dbe33,False
results/R4_A1_FIX_CONTINUOUS_SEARCH/case_cache/Q01_s0_seed0/ac.csv,cfdf3c5b2f74e766b2343565890f4819a40352a46f60a0f21e4c26f326251007,0e8dfc853e509f695acc34d0556eff498cc44fdeac9e376fb53aa292e6ceb430,b31ab5bd61e4175f59677cf7f29446b65aab0f79,False
results/R4_A1_FIX_CONTINUOUS_SEARCH/case_cache/Q01_s0_seed0/candidates.csv,85575f3e43e0b9d8e8d76b49b29d562be2e3203ed7fa8c39fe2588572b364db9,5df5e28b3f5017a5d05264802ff2d29d09350c3d59b8dbb4c7131ab9c3865139,a4911799e5211ee01067ca54efdfa4b6b7d2ada7,False
results/R4_A1_FIX_CONTINUOUS_SEARCH/case_cache/Q01_s0_seed0/rc2.csv,9bc0dd8139b1fa0da9ca8b36616c13f3ffc215ba5090871027ac1393c968ac9a,65efcf6ec01b1d714263817fd56283a809872bf243ec1ee61776df6333f865aa,8c9201ebe75fbd40a6b1633945370ebe95975f75,False
results/R4_A1_FIX_CONTINUOUS_SEARCH/case_cache/Q01_s0_seed0/region.csv,57074e226a7dce383b0b7bbf03495a7c69d5fa141ede1bba6d84374011f56019,789650732722d426aaad829ca6fb20e5822e86f4d6dcd650273aa5eeb16f8fe7,df6260ebe36257fb2f3cef5b92262375ff1f69db,False
results/R4_A1_FIX_CONTINUOUS_SEARCH/case_cache/Q01_s0_seed0/result.json,5b0c8f7aacb2ae2342059091a80fd1a8453b28cb80383a7ee45bd42543c92108,ece723ff62cc1aa6e98d68b8f931e3e732f5d589da50923bae501090aad791d7,2bfeab1768fcd6b4b15ef2c37500f828364f06bd,False
results/R4_A1_FIX_CONTINUOUS_SEARCH/case_cache/Q02_s0.1_seed420001/ac.csv,7e563f7fdc13b0bfbebfeea4969c2b9d200d7a8aecb3531d36da17dd59f9098e,7944a0f315f158d003e09992e26a8aff248e0913c1e71c37a51bc58e6c35ea4f,47c5162838f1bc3e1e2ad6888b8d592a873f58ed,False
results/R4_A1_FIX_CONTINUOUS_SEARCH/case_cache/Q02_s0.1_seed420001/candidates.csv,cc6a91003576d6ec88753b86bc1db753b6c6978abba76d08c7fc860bec8380b2,4694cdfd3f61923e53edf93edcfb2e81a140c572740b79cda81d653a77716942,cbd3fa3fcef40f2008ca8ceca9b301c41feaf4c2,False
results/R4_A1_FIX_CONTINUOUS_SEARCH/case_cache/Q02_s0.1_seed420001/rc2.csv,1720232946eb9d7ea5d61e87178a3d12c73d672b6f163cbe1b70f6823768fd96,95ab8f9884eb3b272374b4591c56ef3ac69f7a92c6f122521994af0f7c6c9c1d,454496a3413226bad94b504cecd8420f024ccb64,False
results/R4_A1_FIX_CONTINUOUS_SEARCH/case_cache/Q02_s0.1_seed420001/region.csv,901719f992a3bd9e3532a174daf84d8efef9e254f83ce3d0e4bab4ece146ff18,08e0fe776ec16143e0bcda909f5461d20cbf0bb75a065b7e956e49f082c07d4c,f3802e5cc9d0830225e7fd10cba8c32220e06fd9,False
results/R4_A1_FIX_CONTINUOUS_SEARCH/case_cache/Q02_s0.1_seed420001/result.json,92a2a1de6e74330b52b2cd018b4bdc7496d372ae4e596c265ecd20db3ad202b6,8bfec731432a33e69d8d7aae394ca3767d16414a4c2dbac95d2de78c9c3d53c9,9fa5c5beaae5e563beb44cd2cea18f10d4b7245d,False
results/R4_A1_FIX_CONTINUOUS_SEARCH/case_cache/Q02_s0.1_seed420002/ac.csv,d53745e85f4619c41b75412fb8b0e12438acec6455f0387260d8515a8ff8a42e,949d76877083f5aeda1d1d9bffe6051904156ee02f5f5b6e59727f084bd6a3a7,d86373795de55f40e5d87892285b55c2299401dd,False
results/R4_A1_FIX_CONTINUOUS_SEARCH/case_cache/Q02_s0.1_seed420002/candidates.csv,4b8aff52888de145614b02be8987907124adf968d7d43a8de040cdb21b3200ce,cd4a67bd39a00dcc75756bbca96f293f5112bd049d0211bceb4568e24a6fedfd,ad6c193ca99ace96f7eec0df8457d3166ae2441f,False
results/R4_A1_FIX_CONTINUOUS_SEARCH/case_cache/Q02_s0.1_seed420002/rc2.csv,afb3c7d77e1be4ee7b3eeca5a63899eaf2be678f8fa2addd5333981f57440eaf,c4e6e60a27d227f187b5528c5363892e2ebd430ae07cd3d68078548e4c4e5485,56277692a9ddc6488c18d8071e07b9a26f35addf,False
results/R4_A1_FIX_CONTINUOUS_SEARCH/case_cache/Q02_s0.1_seed420002/region.csv,37c8106c8477ec17786d4bdaf568baf47cf063411aed6d2451904fb399fa2f83,87e7fd3c758ab7529ce1b7fd67aec2fc315798ee208e28c4428aa75b5e7d136a,afc534d43d64ded96234bf0251a9ba3ec556da9d,False
results/R4_A1_FIX_CONTINUOUS_SEARCH/case_cache/Q02_s0.1_seed420002/result.json,07ebd328bdcdc77b4140e8ddf69da2343ee5a4259f9bf7ed935f96ecf5f83cd7,e2c96b113626a37472f2b1c0a6eae1ece126cdc45024ddd6e85619418a193481,1f9f26d887e425b070b4cd94d7e507e8ce249604,False
results/R4_A1_FIX_CONTINUOUS_SEARCH/case_cache/Q02_s0_seed0/ac.csv,b51fd1e479ea129f3865e01bddad74d4a4b64b364abc7ef6c62313568a7da283,846dc69eb9573ed5809e73a77116e560bc75386c10b22184092c87de6127538c,53b348a420f68fca58f060c51c4e3671eb691d46,False
results/R4_A1_FIX_CONTINUOUS_SEARCH/case_cache/Q02_s0_seed0/candidates.csv,a1ec06ccede6ad080282dd54464fc076ac2d7e3e67bcc8968e731a208273ceca,2c4dcb8ed1be2e27b72a744e1db478d0da98fb641a7565cf33c2dbac9a42acee,13c9953d17baa29536b2b87851da6e1328220aa0,False
results/R4_A1_FIX_CONTINUOUS_SEARCH/case_cache/Q02_s0_seed0/rc2.csv,90775a2a2261e7222fb0f9ac3efeb9e9ee91c1a4fb13f5f3e48d9a1c4064bde8,20becc213cd365f9c6b965546d10110776356404769957e0d2ee5a39faf5c8c2,9323c5c44d19a96b643dcb12bae3c95f87643d8c,False
results/R4_A1_FIX_CONTINUOUS_SEARCH/case_cache/Q02_s0_seed0/region.csv,2df18f85eb34a103894b70baa21753dccbc73339f27b67963d3a867af24043c0,38917153ca3966f14e75f06a0cc96c9c43d4c2ddde2a155f37d2b7c948fa508e,dab363e94c45163bff4b1f036dae67d24bf30287,False
results/R4_A1_FIX_CONTINUOUS_SEARCH/case_cache/Q02_s0_seed0/result.json,1eda19454a78b4a477705dd65c999b35828f1e8db31ab8ce7fccf5608b129a86,ac13dd866d1f0cfac44f04c7aa0f1c8e05c909b38f566797762ca3575803d1f6,f2b552060247572a019750a019c8ed14a07bc17e,False
results/R4_A1_FIX_CONTINUOUS_SEARCH/case_cache/Q03_s0.1_seed420001/ac.csv,3458da8aac0a6f9e9808278a1c0f9608ed53cc196a395a858810c427668d7122,ae167942fcd34b08a5996268d939afbdc4d2dee5480747e1092427baef40b9bb,3160ad8a72bbaa508e32b34ac433690a457c74fe,False
results/R4_A1_FIX_CONTINUOUS_SEARCH/case_cache/Q03_s0.1_seed420001/candidates.csv,c29cdc40aa4e0f1042fa3e228bd022bddce20294316b10969746814591bac607,dc42e39a14bc14976efba5b58771d1ccfc5c2f81bbd0301812a6200e172269db,c11a7703a0a1fdec2f2ea0c055bc51c1c5d2447a,False
results/R4_A1_FIX_CONTINUOUS_SEARCH/case_cache/Q03_s0.1_seed420001/rc2.csv,8f803cdce019a6b4706558b93d1903c0a1826aff97c273e26d11d99ee543dcb8,5d162264cb5f723aacb26d8cf852016fb0aaf01267e4b3607a953627b56e5363,a78c8448151978feaa8fffbaad90b8726f4771d4,False
results/R4_A1_FIX_CONTINUOUS_SEARCH/case_cache/Q03_s0.1_seed420001/region.csv,80c360da2ad4e2d1d47a55e08549271662c390fe667ca67009d06c74958799a4,1548ea4e6038d9f724ca4696f9d480a42450f2bcb3f80d4c072859d3b07d5631,b7abaf9b0c5093955ea9fdde0ce1e019778b7c33,False
results/R4_A1_FIX_CONTINUOUS_SEARCH/case_cache/Q03_s0.1_seed420001/result.json,a2acce308d6b89ada923a0e61ad86f33fbe12fb9bba16743affe73ebc2e4fa52,a7a1e3e4384e47f0b43a6f07512239281ba5cf58b10f21ea5265a567158a2e84,4e7388fcea867f6ddfe39913ea5ec36cbcc7b0e0,False
results/R4_A1_FIX_CONTINUOUS_SEARCH/case_cache/Q03_s0.1_seed420002/ac.csv,8493c1159e1a878a97034fe4fe050a85736dcb7ad19f3f0e95f79c9d405cb6b8,d110add8c48cd25c906e2afc552e5cc1239b65c9bb81cb8a8ada37c8ccc0335f,338f6fbfe20c2edd159a3eae551fddf6e8758675,False
results/R4_A1_FIX_CONTINUOUS_SEARCH/case_cache/Q03_s0.1_seed420002/candidates.csv,7267c8dc4d5eeb19c2a23d31b27c8b6b6016c1930fd698027ce9ebc21042b51f,9eaf344af3b883a53eb391fcfa2e3221d46833ea367f0c0e86005bb00d09384c,46378e044b535285ae68215448ee417193123a2f,False
results/R4_A1_FIX_CONTINUOUS_SEARCH/case_cache/Q03_s0.1_seed420002/rc2.csv,effd82a23dbff6c616dfd16effb15e0aa3c319ef73659b54fb5aac8b1d233d57,bb6f972ffe66822275feb07123d0cc1f475c6a53d4030bb677115124c982338c,aaf8d760bf0034971914f001d621c16b9a039074,False
results/R4_A1_FIX_CONTINUOUS_SEARCH/case_cache/Q03_s0.1_seed420002/region.csv,dc0a4091fef7d1d56f4f2efab7753d97011850df3a77088bf83f8c2d21ed541c,fddc9173fe63f08e99a399865f9578bcf97a8dbaf5f81f420adef95ba9086b80,b19566a7cdde7d3dcd33e61975a55ac16e88497b,False
results/R4_A1_FIX_CONTINUOUS_SEARCH/case_cache/Q03_s0.1_seed420002/result.json,4f321619e955f830ae8f53d891a22f87a75a6284e3422890e035b53da494f3e9,bd3094b4789b3467a9e6ef0cf20bed6fc4186515b8c40423fd4a83eb17637b50,fb46ce807f91996077fa4dad9fd1948977eb8ab5,False
results/R4_A1_FIX_CONTINUOUS_SEARCH/case_cache/Q03_s0_seed0/ac.csv,20b7a8eb19609afec55c6bddbe36fdbc4646800e8733bff28d6d10a75ec4bfbc,b5ead532938a7e58bbedfd378f12f430913458776d8185bdf10d3f913c358f4d,405f2625071f9cccac40475a04496cc995452148,False
results/R4_A1_FIX_CONTINUOUS_SEARCH/case_cache/Q03_s0_seed0/candidates.csv,b677f42f5b5972e19d7ce3d8eaebf695801fa9274dd1a2f01cdb804729aaa6ee,eb2dc218ad7a5a0297dfc5cf3fec5ec6f433430f6f5dbf5461e8d78ed03a70b3,bd4881e5cf365d9663e412a6176df4e7a8aeebf4,False
results/R4_A1_FIX_CONTINUOUS_SEARCH/case_cache/Q03_s0_seed0/rc2.csv,65edf1303c276bf0a552e90dc61bba303496882d7415110854f17b06216957bd,10938cc07ecd58056ca236c82f285e502de9943993d9b5f7414e7045dd4ec942,1337d4fbbe969b30d1e264845a85d5f9e21c9f1c,False
results/R4_A1_FIX_CONTINUOUS_SEARCH/case_cache/Q03_s0_seed0/region.csv,9a36f1fd5aad1a422aee1c43161b8e0a8e287b9cef6b6d140bba135b4f635d59,f78c0f1de3d6d5b6918379efc811cf4eb2e37e27cf12885080f6ac7e1c53a457,14edc554f497cd239d23965c0a06b2a799554299,False
results/R4_A1_FIX_CONTINUOUS_SEARCH/case_cache/Q03_s0_seed0/result.json,c36d5aca6fb1075aa6c6f19c2dc0de2c79fa9fad52dd31720f374b7d9271e5eb,6d250b4282a19a42687a0bbc8da20c8e268a032f7c6c9214ec4be2bb69c87e76,daf52fa3a58ad761f66a59af2d66b9f45f64a8a3,False
results/R4_A1_FIX_CONTINUOUS_SEARCH/case_cache/Q04_s0.1_seed420001/ac.csv,08cc40d06c2b6a9b0d6e9bade2b101c315fd402238c63348f683ac7cffddf83c,1cecf5457022881f935f4584f204225bfb044459b80d5f9dde3c4a53978e8a44,1512637d6fdb15d1cf1e63dd4de386fdebd73ca2,False
results/R4_A1_FIX_CONTINUOUS_SEARCH/case_cache/Q04_s0.1_seed420001/candidates.csv,1017b71a57d7e338d5a39f259112ea723cd9d984a7788052f0cb3f2cda9fbe2d,579d64643ad3c86d5958d36696761872ba522cabbbd7dc57fdb7f5c235f908c0,a2046c373ffffd3f0f29dc620f63b784f6e48240,False
results/R4_A1_FIX_CONTINUOUS_SEARCH/case_cache/Q04_s0.1_seed420001/rc2.csv,a3fbf1a0cafdbb9a1749b14c92c47018bcc3c6e26088efefc1392da8dc8ebdd3,85e718e41115a9849a3f6e5deb9e3f628867809debd50c63d500d83159478092,673bcac8b7d760136e09ec08248edb2b074339f8,False
results/R4_A1_FIX_CONTINUOUS_SEARCH/case_cache/Q04_s0.1_seed420001/region.csv,6bd087cff49dbef72473d7fa52f140c017c4111b0112772b4f1f88c882b8cc3e,57d74e7fc5190bf5cf28a274a6bf0fd804edac86e143f4b7ff675c1a15059fba,2ea54a37ff1b2afdf3f8b5bba696b92bf695d685,False
results/R4_A1_FIX_CONTINUOUS_SEARCH/case_cache/Q04_s0.1_seed420001/result.json,7c1ac89fae624d7134d9081f1f8e64d663ab280169e7d632584ac69d533bc9de,865a2afec4e2738b2a48f38f7b486c6b494cbcf4d9d23038d147d9e4ed174b40,9e81a051a732ac3dfa8baf5c982d0b622875522a,False
results/R4_A1_FIX_CONTINUOUS_SEARCH/case_cache/Q04_s0.1_seed420002/ac.csv,0b3ba211f5838ce69dc205efeeef7b013b1ad7fadd772049776ce43f49aca64e,f7f51b66e274060c5b8d3e3fc4c1bf1b1c8dc318172e56dd32ac3201fa63aa2e,a18d10439cac53f24875737871d3b75d8f6858a2,False
results/R4_A1_FIX_CONTINUOUS_SEARCH/case_cache/Q04_s0.1_seed420002/candidates.csv,a4cc0163c19b0d4f160ee504a0447b741c0110b58fe71421997503ff5642076f,f2aa1ef7f87b47ed26660a4e5e73c7132f39da847e424497a7a79e1b9fca578d,66120d8b30fa7cd5aa45ec4c5eb37f494c731920,False
results/R4_A1_FIX_CONTINUOUS_SEARCH/case_cache/Q04_s0.1_seed420002/rc2.csv,4fd8e2052f6274cdbf9e52a3062fdd3d376e31fc7398619858b163e67b7ee8cf,99d9c4b79fc93b26fef84343444216bc695c9d777295375f81ce0ca12f35592e,4b31a9b9d33162c2865a5fcc47941d808533e9a7,False
results/R4_A1_FIX_CONTINUOUS_SEARCH/case_cache/Q04_s0.1_seed420002/region.csv,b57c548f300d161c359c362c3dfe210912901152614b51c960408f3d64477b15,7739111a3ec9b5bb2dcd760cc65cacddda296d6a6e92791324227cfd58c92315,3dc34dac55564b7fa05b6758d8d83547b9223264,False
results/R4_A1_FIX_CONTINUOUS_SEARCH/case_cache/Q04_s0.1_seed420002/result.json,a4ccc138c392abe80e31d130bb4c1fdac5ca999de32333a9a123a644f008474e,25ce540be88c43827c12a2f77fbc5951f49fe1efd8e89229e5d82c597ab5562a,213dba6609faa937e75341104917a764ad46a4e6,False
results/R4_A1_FIX_CONTINUOUS_SEARCH/case_cache/Q04_s0_seed0/ac.csv,def475f11dde9aebcfeb708d8a0e17a6a62dbec17862cc033e33b932535220d6,d630d8ba7f99ba91976d4dc7188228efaf1f53a9a8e8a1dfda89b450e2927001,3e088ab5ffc304de57a80f719a25cbe7cc3eccfc,False
results/R4_A1_FIX_CONTINUOUS_SEARCH/case_cache/Q04_s0_seed0/candidates.csv,2a3b626183565e68434674b863d0f97fa285a32247311d279bdd9e571afe3acc,639a10b477e7d23b41956703f887774e8923c417a7cd1d82f5053ff319b1a500,c8a914b767f9f28d8e7578e6c4f48ec091e4be8a,False
results/R4_A1_FIX_CONTINUOUS_SEARCH/case_cache/Q04_s0_seed0/rc2.csv,73829fe343b55f9b6ff86bd7fff564c08b5c6421c668619769ebacd8ae8fb428,0dfb46f7ad1385a0047db3f0fe484e802a05648cccf70b4630124e26f3f6472f,955162295ab7999bf3a65cb6f381f05ef68146a2,False
results/R4_A1_FIX_CONTINUOUS_SEARCH/case_cache/Q04_s0_seed0/region.csv,9dfc20f6f350e6f2e955da5502c94a9b6a7511a74f858d560a1b4d3abc0b9b3a,ca0d45fe7fb07ff711b6548e0e06ef200a03fd22168ee7f448a60b127448ca8c,6779cba293407538260ad3e3a565e5fe80a50d8a,False
results/R4_A1_FIX_CONTINUOUS_SEARCH/case_cache/Q04_s0_seed0/result.json,04a7a2d954735bcc8273906a35d56bdb7db1eba216d645891e01de9e0fabeac2,0dda06258ecca3d1ed78fdba476fb39dc89bb87fec6c6e6f05bffd77e9f8791b,76340f32346f44abd7dd42045d986774a8e1f052,False
results/R4_A1_FIX_CONTINUOUS_SEARCH/case_cache/Q05_s0.1_seed420001/ac.csv,77c03d6a08b2d64bbf992f4d773b12f79b75cd2aa6c64772e2c7ce404cb012c8,123ddcc9d6b699a9585bce68c96d23587adcf0c5fd5ca10f195e8e8b1cfd2c97,801440ddd30c2cb7ea5600f8d5f392c55d548326,False
results/R4_A1_FIX_CONTINUOUS_SEARCH/case_cache/Q05_s0.1_seed420001/candidates.csv,365aab9285bd634a366785a3919962c9b9b44a741b2d1ea3b081bb5633eb3430,1915e7892422d9cb9320243168dbdf3d26fd6a53bae351fde0d24a961a5bb3d6,53c3f255cb6111eba753985edef1b62e5ca398d5,False
results/R4_A1_FIX_CONTINUOUS_SEARCH/case_cache/Q05_s0.1_seed420001/rc2.csv,fa609415171bf2291826c6bf6b7e0862578ea48dae3ccd1470f08caa8bafc8bf,3772431e1600236c00ecbcf55fb45aeeb0ed0dde9b4b52732bf7f4defdf9dd31,a87e9c6d3f3c784e34ee84215622b5cb53289867,False
results/R4_A1_FIX_CONTINUOUS_SEARCH/case_cache/Q05_s0.1_seed420001/region.csv,4bc62449a953d55733510b0fe53977afbfd05881ec0d39c1085bdff31fd1c7af,3c4dfa5094778c2b7478c1e2d5e11fff6bfded9f7db9d5cb64cdbc53ce2aba61,eb2f32ca73b76d3843d2559d3d02f9fcffb3e1c0,False
results/R4_A1_FIX_CONTINUOUS_SEARCH/case_cache/Q05_s0.1_seed420001/result.json,263ff88d0f24ff8cf35e5015c3235049c37366063c2c7535a46582d9e1521575,4ed1e990905e5af4f00e9802373c3a17db2df6bb8a79cf30bd3699775e3f6dd8,8263b0ae5c33021125b0dac7526ed33426c452bc,False
results/R4_A1_FIX_CONTINUOUS_SEARCH/case_cache/Q05_s0.1_seed420002/ac.csv,4868c24ded659a0449360ac87e91ae5714e571d63b91990f4b1e81e7f652f0b5,c39c2d3690a914c9bc65e4ff8403be659c6a414d4e663a465791bdcf6464dd92,ac47fdc58372b685c1397c31504205782432981a,False
results/R4_A1_FIX_CONTINUOUS_SEARCH/case_cache/Q05_s0.1_seed420002/candidates.csv,76f4d57ee60c55e5651905bcb9ebb78771c565d004d64ffdc34f2f7d706e9ffc,ef56a97d550cfdbd53b9895da69006288529b16db695ce49eae11425d931d870,e58bdd0f5a74e9415c10efcb5eb438053005f667,False
results/R4_A1_FIX_CONTINUOUS_SEARCH/case_cache/Q05_s0.1_seed420002/rc2.csv,3bbd48ed1085142930db1ed5bf3b421397bd8a4f864cc17d6bff1cb17c5feab6,322ddaa4906f0d9f73a715dcb8d0fd0f4d4945178b70569377ac867bbce0cc6f,f616efdbefa81bfd938eab730b8e2cc66adb8249,False
results/R4_A1_FIX_CONTINUOUS_SEARCH/case_cache/Q05_s0.1_seed420002/region.csv,7945ca1be93ea515fd393e918c03a6e992f13dd494a0771abb1dc342cd44cba8,2cdc493eea62d68403a7f059f51356c4a79829513aba69c94f0397265e11e37e,ca2442c7184421f95e5858b347af49682e3fabfc,False
results/R4_A1_FIX_CONTINUOUS_SEARCH/case_cache/Q05_s0.1_seed420002/result.json,ee99fb24ca338025f0baf31827030f24f9779aaddf83265ce2ad769103e57674,8a8a400495a217213cc7cca6cfb7d28bfd39408e5624cf13a47d00cd6c409b9b,d881d2284ebc065d363888b45da60df7351fc7c4,False
results/R4_A1_FIX_CONTINUOUS_SEARCH/case_cache/Q05_s0_seed0/ac.csv,2576c67417b3aa4cb562eca57ad53ee5580807ecaff1ae5a62bfd71778bd2dc1,462c37a218bdc5e722af30ba317769661923a076998998ac36bc912c38b4e7f2,18fe7f17e8a479a1cebf20789698f422c6610bf5,False
results/R4_A1_FIX_CONTINUOUS_SEARCH/case_cache/Q05_s0_seed0/candidates.csv,b033ecc0c983b3f45c918e07c8d69ea0116081e2fa964084c83f1cc1a0aba9b4,4e529ff9063b0fbf0759459e60b24d43a8928a51e70a7b56acdd29d2591d9bf7,81a5459429182781da823c4c2822942755410dc7,False
results/R4_A1_FIX_CONTINUOUS_SEARCH/case_cache/Q05_s0_seed0/rc2.csv,b86c8ca30f44439c931573016b49aed926b5cf754ccdd5c2b3c02caa7314a0c6,728ef585e70e0aaae39080cf486f9db1d3f3a277ee2bea53047e70c090c24fb9,0eb00faef3a2f535c149cd9b93bb6d09914d6686,False
results/R4_A1_FIX_CONTINUOUS_SEARCH/case_cache/Q05_s0_seed0/region.csv,6197875da41c707a715958164a16ef4b19bc85b5cb3ff44196b4b4244f45d40e,812d91e6e777c99074fb8717ca086eaae709ec84a39a93e6c3174d1b7c4f9a83,9c9e0ba693195dcffaa0fc7e3cbea6f3bc0f318c,False
results/R4_A1_FIX_CONTINUOUS_SEARCH/case_cache/Q05_s0_seed0/result.json,e4213a618940af4db3db43f533de89c6169654abb7d24ca0d8c6a43f5648b51a,482115cc6406eca596973c0de6cf3dc7a039d73d3894d28ee20406457ec973e5,fd75873989ba041e2e19e51f067d1801c493ea39,False
results/R4_A1_FIX_CONTINUOUS_SEARCH/case_cache/Q06_s0.1_seed420001/ac.csv,6bbc5a7785ad94c27cac435e1f2fbf25737228a7004e203b24bf761bb66f6006,a71a3826f00eaf93345a66a9cb28c265c4abeaae252b96e141ca924877554af7,0ce03953ca52d4f67c52dc61b70ccdf14f9f85ed,False
results/R4_A1_FIX_CONTINUOUS_SEARCH/case_cache/Q06_s0.1_seed420001/candidates.csv,ee3fc6324cf0ce68799b0e165689386e3d8311072919d81e0dc82629a137f8a5,1dddb18f7b9db3d636677a0feacb3801cc1395baa8f0afce6ce6396feb9631c4,652db6b9b1d8a1f3c2ecc3e1268fdf38ba2f925b,False
results/R4_A1_FIX_CONTINUOUS_SEARCH/case_cache/Q06_s0.1_seed420001/rc2.csv,cc674ffeb626af55d17ec77a34d23df8b2c5e87544c0caef455fce69d6d91a38,de6bd4c3b25687d6dc18868c4cc80d9447538150d695eaebbddc4d0af4245c7b,91824708f56f7105c3f1136686a59191422b045f,False
results/R4_A1_FIX_CONTINUOUS_SEARCH/case_cache/Q06_s0.1_seed420001/region.csv,0fdab65cb0dcd2deae7d26cbef52d9829960bf1a70e642fc54a7ee03f6f986c2,259eb11f5ef7dd587707ce6368e5093f547f6873b400b5bebb76a96bc96aae54,b336685779ad20ca2cfe8ee775e625f85b362bd5,False
results/R4_A1_FIX_CONTINUOUS_SEARCH/case_cache/Q06_s0.1_seed420001/result.json,2164649d0089b58990e1e4e5e743541193875de7d8aa00999fd8268b937b51bc,8c1f1fb853ac496bb14ef608000f9d91ae838c1575cfcb48f7f42bf04573af8c,5a269f2c456f2fa81348766399296fe810fa3fd7,False
results/R4_A1_FIX_CONTINUOUS_SEARCH/case_cache/Q06_s0.1_seed420002/ac.csv,bc17f48b9bfe7ec7fec01f55e9bc15d8527cef188b7d1d09fa528819142e6623,49b725ad0a9053ae98eb0b74d3fd0dc1afa47fb1b3318e1e280272df362469ba,e27979d2e823d31ec75c010cbc7b597a063b209b,False
results/R4_A1_FIX_CONTINUOUS_SEARCH/case_cache/Q06_s0.1_seed420002/candidates.csv,0ee06ba44742fe9ebf30e793b68f272bcd47634f10d65584a36017de9811676f,1aa168eb30349af89f2464d7e19695c638728bcf622909e137d78a9d2fc7b20d,4a20b48a1d950a216159a941166fbf9db245b366,False
results/R4_A1_FIX_CONTINUOUS_SEARCH/case_cache/Q06_s0.1_seed420002/rc2.csv,fb1f3b6b1a5d73c45949a81ff3d0aeaacf9feb841b9f010c1d51f36793f73ac8,2e3a30ce5739c27d5a5ec597bfd68ee06fd78dbd28234935acb1f01bba90f2da,d0e22e949d09055b8c10fc64da30d672b0c6c0a1,False
results/R4_A1_FIX_CONTINUOUS_SEARCH/case_cache/Q06_s0.1_seed420002/region.csv,8bf4b675524e2c0bece0ea813c363f3289345084422d4aad5f262928cf2768dd,3232062f28bcd0853583fb5ec669c03de5ff53c3b5b74154492c7c5f7d249013,a39153d01f133d6eff6bfeec8bfc67325bbecd86,False
results/R4_A1_FIX_CONTINUOUS_SEARCH/case_cache/Q06_s0.1_seed420002/result.json,0462a524e5037c40b316a0f33edd02811203ebdce094afe8b628a41fd1a633cf,27b430e25c9a8f0cd11b7afdabf93ebc244276d6668909b39e130c6cf7842b1a,dd0eaf5c1465b920271992f421804e2970078649,False
results/R4_A1_FIX_CONTINUOUS_SEARCH/case_cache/Q06_s0_seed0/ac.csv,e3dda5e829e932016b835b9075cc58af16fcbd60f851739cb81ec21dc2942019,96a1cdc94b76e4ee1f44c6d338be0ba3b3ade11275064bdead14f0c7ca0ee3c6,9c5e4dad6fd4089fa606310eb99a4a1d9753065c,False
results/R4_A1_FIX_CONTINUOUS_SEARCH/case_cache/Q06_s0_seed0/candidates.csv,1d506a12cae9fc304964f240c19275acd77de9b3ab37fafc3c195d6ae94eacde,aef27a95125c8faab9437c2f74ba1b998fd1d58f959daa01c3dc05dd415f61ba,1c3a2a78460b40fec554814866d1267edcbe472f,False
results/R4_A1_FIX_CONTINUOUS_SEARCH/case_cache/Q06_s0_seed0/rc2.csv,4afe5afdd2c9de47e2517be8e9ebe04b18c5d342f0b9129c157fff17a4c07215,de863f401581187ed8a1de6f86d2852c88963a7937230364d1865ae33f2d4462,7332c5fcfb1d54b9d1e0bac49c42f1602b6bdb5b,False
results/R4_A1_FIX_CONTINUOUS_SEARCH/case_cache/Q06_s0_seed0/region.csv,b50759750545a983d917c99b26e2ce581c960c17fa75599dea6297204dd03ac0,04a3e479e45677d16e3468f19691fd754f02b2ee9f53bd5e67a89b092e7cbf2d,78d0cee4f3fcdd58495de8086dbc1782c9fc1068,False
results/R4_A1_FIX_CONTINUOUS_SEARCH/case_cache/Q06_s0_seed0/result.json,6cab30bd54d189e85af06d74730eb277eda626024cf3400ef8f757c6042a6069,61177ee5a8c58ea6a36a0e196fc81c4aaecc8ff77b09fd80899c2f65adf737d2,ca7a5dc0ce69d9c87e22d6716c468eeb42c57fc6,False
results/R4_A1_OFFGRID_BEARING_BOUNDARY/.gitattributes,4977d13c09bce27a6c15942025964bd4e688721dab86fd2b1408e6714ac3c3c1,4977d13c09bce27a6c15942025964bd4e688721dab86fd2b1408e6714ac3c3c1,d4150a6e92a9e61ff79a996eb2d69dbbd5c55e0b,False
results/R4_A1_OFFGRID_BEARING_BOUNDARY/BEARING_BOUNDARY_SUMMARY.csv,23a50d3206fbf31429d836ce950184566997d0a4800e72e4fa57a6aed73ac97c,23a50d3206fbf31429d836ce950184566997d0a4800e72e4fa57a6aed73ac97c,f6911cb724d56de7e7cca3c4e223c97cdeec1ab6,False
results/R4_A1_OFFGRID_BEARING_BOUNDARY/CANDIDATE_SCORE_CATALOG.csv.gz,700ede029f5134c356c102c46175b1449d2fa275bdd12f030215d95033fd1186,e7a73f62abffc3958983cbe8b6024a23b0008dad5370db2758a33c4ed962e50d,1529f8e72a50348fcf35d2ac1e26c94b151aeb6a,False
results/R4_A1_OFFGRID_BEARING_BOUNDARY/CASE_LEVEL_RESULTS.csv,63fa44ca9e8ceb87545bec83216e66773d3d653ba8b955ba123390c0d2c1f5a2,63fa44ca9e8ceb87545bec83216e66773d3d653ba8b955ba123390c0d2c1f5a2,c970f8eacf0b5b00db6842739604a8bebbefcb8e,False
results/R4_A1_OFFGRID_BEARING_BOUNDARY/DESIGN_FREEZE_MANIFEST.json,aa0558d4e97dfb0870a41f9323a836004fdc79b6b3792b05d35ad1f02b131241,a3017d9410151bb72efb7346e6b7e95497daacdb534b0a02a8845aec1ee50eef,ca599107089d3a36ead52da6c150cb7fd358645e,False
results/R4_A1_OFFGRID_BEARING_BOUNDARY/FAILURE_MODE_DIAGNOSTIC.csv,81cfe64ec49069f1b7d0ee87467d7b852d484df7f46a122db6b9459d5db8ea69,81cfe64ec49069f1b7d0ee87467d7b852d484df7f46a122db6b9459d5db8ea69,9103f65b8d0c0ee240dba9d3f87bd9b9c7e2fc19,False
results/R4_A1_OFFGRID_BEARING_BOUNDARY/GPT_SYNC.md,882c2e4f6aec0173d6ffb4871c5425f528c9271a9b407574f7e37d9599563ec6,a83ce9bb1fa563711f0358d38c5b43fba4aa4887694dd709e91bb38f8db25774,401e0fa6a986c1b8b1f0c45be9af23ea89dfde8b,False
results/R4_A1_OFFGRID_BEARING_BOUNDARY/GRID_STATE_TABLE.csv.gz,a937d02ba696f97226db979af14329ac4a4685815da9ccdd5ba84ae14d6440a9,38687c7e8c5e8bd6d6de5776f91c6b115da7caf95eec91e304ac6e22a0fd4b88,c8c781dc44ab24a23bac24ea685ce9b08893c1b0,False
results/R4_A1_OFFGRID_BEARING_BOUNDARY/INPUT_SOURCE_MANIFEST.csv,7c81108e99ea6664367ea343d484cfdcbd404d1032d8e2b13bff149a866f6de4,7c81108e99ea6664367ea343d484cfdcbd404d1032d8e2b13bff149a866f6de4,4268a4fdaee6d51e9effafd921d72ff7d760960c,False
results/R4_A1_OFFGRID_BEARING_BOUNDARY/LOCAL_VALIDATION.md,85ac99ec09b5372a5e9dcde7d99d4b3ff3bc314120ccab2a668fd2deae06f9b4,85ac99ec09b5372a5e9dcde7d99d4b3ff3bc314120ccab2a668fd2deae06f9b4,85c1b8e0765d054e9fafd4449c6cf021b3b03914,False
results/R4_A1_OFFGRID_BEARING_BOUNDARY/NEAREST_GRID_ORACLE_ACOUSTIC_DIAGNOSTIC.csv,6a4922435a92407e9c8b621c26c6f76664defe381a8d8f06d41d6c1891e888bd,6a4922435a92407e9c8b621c26c6f76664defe381a8d8f06d41d6c1891e888bd,7b3b0fe941dc9a3a4c0f3d49376269f17967c3c1,False
results/R4_A1_OFFGRID_BEARING_BOUNDARY/NOMINAL_PILOT_ERROR_ENVELOPES.pdf,0aa6f0447efc778d5e50d4a09c89fe732da8efb50c8bd5a0a40ba537266957df,0aa6f0447efc778d5e50d4a09c89fe732da8efb50c8bd5a0a40ba537266957df,1e7e7f7e1675a687d68acc258869d7f271889ca1,False
results/R4_A1_OFFGRID_BEARING_BOUNDARY/NOMINAL_PILOT_ERROR_ENVELOPES.png,759cfb95a1d07e86fdc68c8934f423b820cff466ef0f8d8e82ca0ef53a9a794a,3f668ae71bd4237f3b2e979f6ce0ba00d087a55100c6d31eea1e2d14b4239bfd,4301e33358ec913742c2473ccdf70837b28ffbdd,False
results/R4_A1_OFFGRID_BEARING_BOUNDARY/NUISANCE_DEPTH_MAPPING.csv,ff4b192f35b5a8277b75cccfa0c92e5a4a70da25f9b5ef54966f5659ba9cea35,ff4b192f35b5a8277b75cccfa0c92e5a4a70da25f9b5ef54966f5659ba9cea35,be20a80078d8217c59df33f33bc975db51a78c6c,False
results/R4_A1_OFFGRID_BEARING_BOUNDARY/OFFGRID_INTEGRITY_AUDIT.csv,9e48e41f1a7d37b25afbeb3fe85f87ef3502e4e21ae5cd5cc6ff4e83d0c9f102,9e48e41f1a7d37b25afbeb3fe85f87ef3502e4e21ae5cd5cc6ff4e83d0c9f102,7e83ec9649f42e5e4c37bea6226b54fec67745c0,False
results/R4_A1_OFFGRID_BEARING_BOUNDARY/OFFGRID_TRUTH_PANEL.csv,ba46243968e7b8123620b3976376fda9201d424e9d628777facb28a3e0ac09c7,ba46243968e7b8123620b3976376fda9201d424e9d628777facb28a3e0ac09c7,02d31da05729d252847f8ccdc0e38580c4814a12,False
results/R4_A1_OFFGRID_BEARING_BOUNDARY/PANEL_RC2_BOUNDARY_SUMMARY.csv,1c3e965a20a6be1c3f716e0ffc953170df67fc3b4e073a59790586501c9137e8,1c3e965a20a6be1c3f716e0ffc953170df67fc3b4e073a59790586501c9137e8,f64ade80d7d1cbd036b35d7c1627d9ec20582284,False
results/R4_A1_OFFGRID_BEARING_BOUNDARY/PILOT_ACTION_DECISION.md,3a1789cf31d601683334aa47c7e7855c0ee0efdaea43026a6095bfabc34268e3,3a1789cf31d601683334aa47c7e7855c0ee0efdaea43026a6095bfabc34268e3,c6581448afe91ccd2ee2c0a0800173d401ff192f,False
results/R4_A1_OFFGRID_BEARING_BOUNDARY/PILOT_COMPUTE_BENCHMARK.json,40948ddb4e9b7e10dff131bce119e4cc17acc1d52586f8e051fb972dc45c6085,fdc316b7288714f946ae41c6c959c78a7f26e62e5de5a613eb0549dd653a7343,209626275fc15ed8b989a84a1260981950b07a78,False
results/R4_A1_OFFGRID_BEARING_BOUNDARY/PILOT_OBSERVATIONS.npz,08895910b0f0f2613c687508c0dc3c14676c619bf4366a65aff7c4e39854957b,08895910b0f0f2613c687508c0dc3c14676c619bf4366a65aff7c4e39854957b,bcf71752a00137172d7beb4e22f0f049a6b6d78d,False
results/R4_A1_OFFGRID_BEARING_BOUNDARY/PILOT_RC2_DIAGNOSTIC.csv,8b2e6ab5e48661e5b914de9d8b3609cce9c7f8490dfe9bc8439e0c51313fc874,8b2e6ab5e48661e5b914de9d8b3609cce9c7f8490dfe9bc8439e0c51313fc874,f69c4c7df97313391b050cc4cbb8a8259c077fd0,False
results/R4_A1_OFFGRID_BEARING_BOUNDARY/QUANTIZATION_FLOOR.csv,a6783d7711f5ff923e8aad76d73b2ce63dd32149d4b419a698bc1b8103084874,a6783d7711f5ff923e8aad76d73b2ce63dd32149d4b419a698bc1b8103084874,145a39587651889b00e7f5ae98f2bcc873acf159,False
results/R4_A1_OFFGRID_BEARING_BOUNDARY/R3_IDENTITY_CANDIDATE_SCORES.csv.gz,b3e492449ec43e870d0e003757db41386834a9510958d79905b4a1441017d5bb,a7cd3ec4553766b59960f47f5943cccf66d3fab8e2c7c63509864f9811271097,0e1f958cc70f1ce011bcc2efbb3e849caca8e19a,False
results/R4_A1_OFFGRID_BEARING_BOUNDARY/R3_IDENTITY_REPLAY.csv,24f7fee04634238cb8964f91a6f9330573d7bd3cd12cac0631451b00b407c438,24f7fee04634238cb8964f91a6f9330573d7bd3cd12cac0631451b00b407c438,e9675b19c823c55045a72d116e686b1ee2768364,False
results/R4_A1_OFFGRID_BEARING_BOUNDARY/R4_A1_CONFIG.json,5667b533f646b2b4a82e9b247ea417b92de0f1589251ebe5b50530226878ffaa,5667b533f646b2b4a82e9b247ea417b92de0f1589251ebe5b50530226878ffaa,7e890f0aade7fbdca48e8427029dcb2b32f9a4c3,False
results/R4_A1_OFFGRID_BEARING_BOUNDARY/R4_A1_DECISION.json,98d616bfb7a884f4dfa6a7f0b81e347df07e5f742b122580a1c3f92c9c8842da,0a40fa05f4c8ac1a3100f5d799b0fe21815470a2c4f0d5b70129cd4663f89d45,885e85e4ac7d2aeea73d11c05b75c7e5884d90fa,False
results/R4_A1_OFFGRID_BEARING_BOUNDARY/R4_A1_DESIGN.md,d56c2b92dc564e2dfd1d5fe0525b85b491b040a46bddcd9c40009f17851cd96b,d56c2b92dc564e2dfd1d5fe0525b85b491b040a46bddcd9c40009f17851cd96b,c630ee539cd61c4e69fe62400e53dbda8a0acc26,False
results/R4_A1_OFFGRID_BEARING_BOUNDARY/R4_A1_REPORT.md,2910298556c903b4854fe966a15f083a80fc3c0b7ca34c2b84fa51f7958eaec5,c61645dd41a337e633d6004f69f77ee73f907fb9040dbdf0cf38a7fb7785d3fa,f8978281a8a87c706d23211958b3eec843b343f2,False
results/R4_A1_OFFGRID_BEARING_BOUNDARY/RC2_ACCEPTED_CLOUDS.npz,ce1834cc4c4fa5f4c4b29e1bacb3887615d45da0fbd6917e050641c1d015b16e,ce1834cc4c4fa5f4c4b29e1bacb3887615d45da0fbd6917e050641c1d015b16e,70f96bf2cf92f027ef2f246e47a8b045b8a7b0ab,False
results/R4_A1_OFFGRID_BEARING_BOUNDARY/RC2_AXIS_CASE_LEVEL.csv,d9f1c162b5ff6cd9d8939700fa5f0964f72be1d59fc2814ed990f495b14f4e79,d9f1c162b5ff6cd9d8939700fa5f0964f72be1d59fc2814ed990f495b14f4e79,1138c8876ff172de72aaf2f8dfb635c14a3c74af,False
results/R4_A1_OFFGRID_BEARING_BOUNDARY/RC2_BEARING_SELECTION_BOUNDARY.pdf,b2b088f39bfbacb7766d4ef5085da09b1b7472704f97c8f445425f88bce3faf7,3e3efba454ad5d370d7a2c7e5f6a804863f202e9f30127d5111dbe68ba9822a0,7731c346fecdfe46e386e31676e2d33648bd8d4e,False
results/R4_A1_OFFGRID_BEARING_BOUNDARY/RC2_BEARING_SELECTION_BOUNDARY.png,3b0df62cb6c80a64112f02494531b88630f1725df0a016643dcda97c940e0be1,b0c481d7881b845d4321dec45a7a11877e52022d6142e6e771d60f899dec15ab,b667c348ec093e4c7baeac9e546c9450b64b2e3b,False
results/R4_A1_OFFGRID_BEARING_BOUNDARY/RC2_BOUNDARY_SUMMARY.csv,e730c9dd653f3537bde59647f89da76b3de796721c430bdba53ee16d63e448da,e730c9dd653f3537bde59647f89da76b3de796721c430bdba53ee16d63e448da,ecd4c24716761cd57399a30f2f18e540a9da9a9d,False
results/R4_A1_OFFGRID_BEARING_BOUNDARY/RESULT_RECONSTRUCTION_AUDIT.csv,29778d9c49f7f18808a363dc2965e21248db7ddab38a5c980e338487bad07b37,a0deccbd19efbc24fcbe3eeeb04e56de4458a26744f33ca82d86b81f31b1237b,1b4d9e1c2a70ca1209da909fd2fd2311d1505133,False
results/R4_A1_OFFGRID_BEARING_BOUNDARY/RUN_SCOPE.json,802079bff26a514bf192ffcbb45cb369befab4ff2eba6a5fc3ef171b921caf2b,38270f390ebfdef25363d2b6542b8f839599edf0eb1ad34af973357000c1f463,ace65aff87521f99e4b11124da08fb35338e332f,False
results/R4_A1_OFFGRID_BEARING_BOUNDARY/SEED_LEVEL_RESULTS.csv,042449499f05671aff02e5e064ff9690cfbeb8e9c852064df0365c77cf9e4387,042449499f05671aff02e5e064ff9690cfbeb8e9c852064df0365c77cf9e4387,3d9f79edc742c43600b58c1fbe38acecfd3a5118,False
results/R4_A1_OFFGRID_BEARING_BOUNDARY/SURVIVOR_NODES.csv.gz,180a50564aeee5eec1a884ff519c58a8b8d934223804bdfb094298757637a7fe,180a50564aeee5eec1a884ff519c58a8b8d934223804bdfb094298757637a7fe,d1ed496ad18f191063b291f63f73797fe3986836,False
results/R4_A1_OFFGRID_BEARING_BOUNDARY/SURVIVOR_SET_QUALITY.csv,3faddb881ba94ee0b227356083472cdbde09caad4f7055bee8f5a3629c8400a1,3faddb881ba94ee0b227356083472cdbde09caad4f7055bee8f5a3629c8400a1,e499007056151f58875f9566e72d9ee6b62e1ca6,False
