geometry,config,method,sigma,source,replicate,safe_horizontal_points,direct_depth_states,direct_accepted,saved_accepted,false_rejected,false_accepted,max_saved_accepted_score_difference,PASS
G01,0,M0,0.1,S0,0,2822,59262,1,1,0,0,5.0249582272954285e-11,True
G01,1,M0,0.1,S0,1,2822,59262,1,1,0,0,5.0818016461562365e-11,True
G01,2,M0,0.1,S0,2,2822,59262,1,1,0,0,2.8421709430404007e-11,True
G01,3,M0,0.1,S0,3,2822,59262,1,1,0,0,4.524736141320318e-11,True
G01,4,M0,0.1,S0,4,2822,59262,1,1,0,0,3.5072389437118545e-11,True
G01,5,M0,0.1,S0,5,2822,59262,1,1,0,0,3.694822225952521e-11,True
G01,6,M0,0.1,S0,6,2822,59262,1,1,0,0,2.9899638320785016e-11,True
G01,7,M0,0.1,S0,7,2822,59262,1,1,0,0,2.290789780090563e-11,True
G01,8,M0,0.1,S0,8,2822,59262,1,1,0,0,7.548806024715304e-11,True
G01,9,M0,0.1,S0,9,2822,59262,1,1,0,0,2.2737367544323206e-13,True
G01,10,M0,0.1,S0,10,2822,59262,1,1,0,0,1.2778400559909642e-10,True
G01,11,M0,0.1,S0,11,2822,59262,1,1,0,0,4.126832209294662e-11,True
G01,12,M0,0.1,S0,12,2822,59262,0,0,0,0,0.0,True
G01,13,M0,0.1,S0,13,2822,59262,1,1,0,0,1.6541434888495132e-11,True
G01,14,M0,0.1,S0,14,2822,59262,1,1,0,0,1.3415046851150692e-11,True
G01,15,M0,0.1,S0,15,2822,59262,1,1,0,0,3.7971403799019754e-11,True
G01,16,M0,0.1,S0,16,2822,59262,1,1,0,0,2.7284841053187847e-12,True
G01,17,M0,0.1,S0,17,2822,59262,1,1,0,0,4.3371528590796515e-11,True
G01,18,M0,0.1,S0,18,2822,59262,1,1,0,0,3.149125404888764e-11,True
G01,19,M0,0.1,S0,19,2822,59262,1,1,0,0,4.985167834092863e-11,True
G01,20,M0,0.1,S0,20,2822,59262,1,1,0,0,7.327116691158153e-11,True
G01,21,M0,0.1,S0,21,2822,59262,1,1,0,0,2.262368070660159e-11,True
G01,22,M0,0.1,S0,22,2822,59262,1,1,0,0,7.696598913753405e-11,True
G01,23,M0,0.1,S0,23,2822,59262,1,1,0,0,2.7569058147491887e-11,True
G01,24,M0,0.1,S0,24,2822,59262,1,1,0,0,7.275957614183426e-12,True
G01,25,M0,0.1,S0,25,2822,59262,1,1,0,0,7.736389306955971e-11,True
G01,26,M0,0.1,S0,26,2822,59262,1,1,0,0,4.433786671143025e-12,True
G01,27,M0,0.1,S0,27,2822,59262,1,1,0,0,4.462208380573429e-11,True
G01,28,M0,0.1,S0,28,2822,59262,1,1,0,0,1.2278178473934531e-11,True
G01,29,M0,0.1,S0,29,2822,59262,1,1,0,0,4.069988790433854e-11,True
G01,30,M0,0.1,S0,30,2822,59262,1,1,0,0,3.2173375075217336e-11,True
G01,31,M0,0.1,S0,31,2822,59262,1,1,0,0,4.18367562815547e-11,True
G01,32,M0,0.1,S1,0,2822,59262,0,0,0,0,0.0,True
G01,33,M0,0.1,S1,1,2822,59262,0,0,0,0,0.0,True
G01,34,M0,0.1,S1,2,2822,59262,0,0,0,0,0.0,True
G01,35,M0,0.1,S1,3,2822,59262,0,0,0,0,0.0,True
G01,36,M0,0.1,S1,4,2822,59262,0,0,0,0,0.0,True
G01,37,M0,0.1,S1,5,2822,59262,0,0,0,0,0.0,True
G01,38,M0,0.1,S1,6,2822,59262,0,0,0,0,0.0,True
G01,39,M0,0.1,S1,7,2822,59262,0,0,0,0,0.0,True
G01,40,M0,0.1,S1,8,2822,59262,0,0,0,0,0.0,True
G01,41,M0,0.1,S1,9,2822,59262,0,0,0,0,0.0,True
G01,42,M0,0.1,S1,10,2822,59262,0,0,0,0,0.0,True
G01,43,M0,0.1,S1,11,2822,59262,0,0,0,0,0.0,True
G01,44,M0,0.1,S1,12,2822,59262,0,0,0,0,0.0,True
G01,45,M0,0.1,S1,13,2822,59262,0,0,0,0,0.0,True
G01,46,M0,0.1,S1,14,2822,59262,0,0,0,0,0.0,True
G01,47,M0,0.1,S1,15,2822,59262,0,0,0,0,0.0,True
G01,48,M0,0.1,S1,16,2822,59262,0,0,0,0,0.0,True
G01,49,M0,0.1,S1,17,2822,59262,0,0,0,0,0.0,True
G01,50,M0,0.1,S1,18,2822,59262,0,0,0,0,0.0,True
G01,51,M0,0.1,S1,19,2822,59262,0,0,0,0,0.0,True
G01,52,M0,0.1,S1,20,2822,59262,0,0,0,0,0.0,True
G01,53,M0,0.1,S1,21,2822,59262,0,0,0,0,0.0,True
G01,54,M0,0.1,S1,22,2822,59262,0,0,0,0,0.0,True
G01,55,M0,0.1,S1,23,2822,59262,0,0,0,0,0.0,True
G01,56,M0,0.1,S1,24,2822,59262,0,0,0,0,0.0,True
G01,57,M0,0.1,S1,25,2822,59262,0,0,0,0,0.0,True
G01,58,M0,0.1,S1,26,2822,59262,0,0,0,0,0.0,True
G01,59,M0,0.1,S1,27,2822,59262,0,0,0,0,0.0,True
G01,60,M0,0.1,S1,28,2822,59262,0,0,0,0,0.0,True
G01,61,M0,0.1,S1,29,2822,59262,0,0,0,0,0.0,True
G01,62,M0,0.1,S1,30,2822,59262,0,0,0,0,0.0,True
G01,63,M0,0.1,S1,31,2822,59262,0,0,0,0,0.0,True
G01,64,M0,0.1,S2,0,2822,59262,0,0,0,0,0.0,True
G01,65,M0,0.1,S2,1,2822,59262,0,0,0,0,0.0,True
G01,66,M0,0.1,S2,2,2822,59262,0,0,0,0,0.0,True
G01,67,M0,0.1,S2,3,2822,59262,0,0,0,0,0.0,True
G01,68,M0,0.1,S2,4,2822,59262,0,0,0,0,0.0,True
G01,69,M0,0.1,S2,5,2822,59262,0,0,0,0,0.0,True
G01,70,M0,0.1,S2,6,2822,59262,0,0,0,0,0.0,True
G01,71,M0,0.1,S2,7,2822,59262,0,0,0,0,0.0,True
G01,72,M0,0.1,S2,8,2822,59262,0,0,0,0,0.0,True
G01,73,M0,0.1,S2,9,2822,59262,0,0,0,0,0.0,True
G01,74,M0,0.1,S2,10,2822,59262,0,0,0,0,0.0,True
G01,75,M0,0.1,S2,11,2822,59262,0,0,0,0,0.0,True
G01,76,M0,0.1,S2,12,2822,59262,0,0,0,0,0.0,True
G01,77,M0,0.1,S2,13,2822,59262,0,0,0,0,0.0,True
G01,78,M0,0.1,S2,14,2822,59262,0,0,0,0,0.0,True
G01,79,M0,0.1,S2,15,2822,59262,0,0,0,0,0.0,True
G01,80,M0,0.1,S2,16,2822,59262,0,0,0,0,0.0,True
G01,81,M0,0.1,S2,17,2822,59262,0,0,0,0,0.0,True
G01,82,M0,0.1,S2,18,2822,59262,0,0,0,0,0.0,True
G01,83,M0,0.1,S2,19,2822,59262,0,0,0,0,0.0,True
G01,84,M0,0.1,S2,20,2822,59262,0,0,0,0,0.0,True
G01,85,M0,0.1,S2,21,2822,59262,0,0,0,0,0.0,True
G01,86,M0,0.1,S2,22,2822,59262,0,0,0,0,0.0,True
G01,87,M0,0.1,S2,23,2822,59262,0,0,0,0,0.0,True
G01,88,M0,0.1,S2,24,2822,59262,0,0,0,0,0.0,True
G01,89,M0,0.1,S2,25,2822,59262,0,0,0,0,0.0,True
G01,90,M0,0.1,S2,26,2822,59262,0,0,0,0,0.0,True
G01,91,M0,0.1,S2,27,2822,59262,0,0,0,0,0.0,True
G01,92,M0,0.1,S2,28,2822,59262,0,0,0,0,0.0,True
G01,93,M0,0.1,S2,29,2822,59262,0,0,0,0,0.0,True
G01,94,M0,0.1,S2,30,2822,59262,0,0,0,0,0.0,True
G01,95,M0,0.1,S2,31,2822,59262,0,0,0,0,0.0,True
G01,96,M0,0.1,S3,0,2822,59262,0,0,0,0,0.0,True
G01,97,M0,0.1,S3,1,2822,59262,0,0,0,0,0.0,True
G01,98,M0,0.1,S3,2,2822,59262,0,0,0,0,0.0,True
G01,99,M0,0.1,S3,3,2822,59262,0,0,0,0,0.0,True
G01,100,M0,0.1,S3,4,2822,59262,0,0,0,0,0.0,True
G01,101,M0,0.1,S3,5,2822,59262,0,0,0,0,0.0,True
G01,102,M0,0.1,S3,6,2822,59262,0,0,0,0,0.0,True
G01,103,M0,0.1,S3,7,2822,59262,0,0,0,0,0.0,True
G01,104,M0,0.1,S3,8,2822,59262,0,0,0,0,0.0,True
G01,105,M0,0.1,S3,9,2822,59262,0,0,0,0,0.0,True
G01,106,M0,0.1,S3,10,2822,59262,0,0,0,0,0.0,True
G01,107,M0,0.1,S3,11,2822,59262,0,0,0,0,0.0,True
G01,108,M0,0.1,S3,12,2822,59262,0,0,0,0,0.0,True
G01,109,M0,0.1,S3,13,2822,59262,0,0,0,0,0.0,True
G01,110,M0,0.1,S3,14,2822,59262,0,0,0,0,0.0,True
G01,111,M0,0.1,S3,15,2822,59262,0,0,0,0,0.0,True
G01,112,M0,0.1,S3,16,2822,59262,0,0,0,0,0.0,True
G01,113,M0,0.1,S3,17,2822,59262,0,0,0,0,0.0,True
G01,114,M0,0.1,S3,18,2822,59262,0,0,0,0,0.0,True
G01,115,M0,0.1,S3,19,2822,59262,0,0,0,0,0.0,True
G01,116,M0,0.1,S3,20,2822,59262,0,0,0,0,0.0,True
G01,117,M0,0.1,S3,21,2822,59262,0,0,0,0,0.0,True
G01,118,M0,0.1,S3,22,2822,59262,0,0,0,0,0.0,True
G01,119,M0,0.1,S3,23,2822,59262,0,0,0,0,0.0,True
G01,120,M0,0.1,S3,24,2822,59262,0,0,0,0,0.0,True
G01,121,M0,0.1,S3,25,2822,59262,0,0,0,0,0.0,True
G01,122,M0,0.1,S3,26,2822,59262,0,0,0,0,0.0,True
G01,123,M0,0.1,S3,27,2822,59262,0,0,0,0,0.0,True
G01,124,M0,0.1,S3,28,2822,59262,0,0,0,0,0.0,True
G01,125,M0,0.1,S3,29,2822,59262,0,0,0,0,0.0,True
G01,126,M0,0.1,S3,30,2822,59262,0,0,0,0,0.0,True
G01,127,M0,0.1,S3,31,2822,59262,0,0,0,0,0.0,True
G01,128,M0,0.25,S0,0,2822,59262,1,1,0,0,2.6830093702301383e-11,True
G01,129,M0,0.25,S0,1,2822,59262,1,1,0,0,2.1600499167107046e-12,True
G01,130,M0,0.25,S0,2,2822,59262,1,1,0,0,1.807620719773695e-11,True
G01,131,M0,0.25,S0,3,2822,59262,1,1,0,0,9.094947017729282e-13,True
G01,132,M0,0.25,S0,4,2822,59262,1,1,0,0,7.958078640513122e-13,True
G01,133,M0,0.25,S0,5,2822,59262,1,1,0,0,1.6257217794191092e-11,True
G01,134,M0,0.25,S0,6,2822,59262,1,1,0,0,4.888534022029489e-12,True
G01,135,M0,0.25,S0,7,2822,59262,1,1,0,0,3.865352482534945e-12,True
G01,136,M0,0.25,S0,8,2822,59262,1,1,0,0,6.0254023992456496e-12,True
G01,137,M0,0.25,S0,9,2822,59262,1,1,0,0,9.777068044058979e-12,True
G01,138,M0,0.25,S0,10,2822,59262,1,1,0,0,1.3642420526593924e-12,True
G01,139,M0,0.25,S0,11,2822,59262,1,1,0,0,2.1032064978498966e-12,True
G01,140,M0,0.25,S0,12,2822,59262,0,0,0,0,0.0,True
G01,141,M0,0.25,S0,13,2822,59262,1,1,0,0,3.637978807091713e-12,True
G01,142,M0,0.25,S0,14,2822,59262,1,1,0,0,2.3874235921539366e-12,True
G01,143,M0,0.25,S0,15,2822,59262,1,1,0,0,3.751665644813329e-12,True
G01,144,M0,0.25,S0,16,2822,59262,1,1,0,0,8.29913915367797e-12,True
G01,145,M0,0.25,S0,17,2822,59262,1,1,0,0,1.2505552149377763e-12,True
G01,146,M0,0.25,S0,18,2822,59262,1,1,0,0,5.684341886080802e-14,True
G01,147,M0,0.25,S0,19,2822,59262,1,1,0,0,4.945377440890297e-12,True
G01,148,M0,0.25,S0,20,2822,59262,1,1,0,0,4.092726157978177e-12,True
G01,149,M0,0.25,S0,21,2822,59262,1,1,0,0,2.1600499167107046e-12,True
G01,150,M0,0.25,S0,22,2822,59262,1,1,0,0,1.1254996934439987e-11,True
G01,151,M0,0.25,S0,23,2822,59262,1,1,0,0,3.751665644813329e-12,True
G01,152,M0,0.25,S0,24,2822,59262,1,1,0,0,3.069544618483633e-12,True
G01,153,M0,0.25,S0,25,2822,59262,1,1,0,0,1.0118128557223827e-11,True
G01,154,M0,0.25,S0,26,2822,59262,1,1,0,0,1.2960299500264227e-11,True
G01,155,M0,0.25,S0,27,2822,59262,1,1,0,0,4.547473508864641e-13,True
G01,156,M0,0.25,S0,28,2822,59262,1,1,0,0,8.981260180007666e-12,True
G01,157,M0,0.25,S0,29,2822,59262,1,1,0,0,3.637978807091713e-12,True
G01,158,M0,0.25,S0,30,2822,59262,1,1,0,0,9.663381206337363e-12,True
G01,159,M0,0.25,S0,31,2822,59262,1,1,0,0,2.6147972675971687e-12,True
G01,160,M0,0.25,S1,0,2822,59262,0,0,0,0,0.0,True
G01,161,M0,0.25,S1,1,2822,59262,0,0,0,0,0.0,True
G01,162,M0,0.25,S1,2,2822,59262,0,0,0,0,0.0,True
G01,163,M0,0.25,S1,3,2822,59262,0,0,0,0,0.0,True
G01,164,M0,0.25,S1,4,2822,59262,0,0,0,0,0.0,True
G01,165,M0,0.25,S1,5,2822,59262,0,0,0,0,0.0,True
G01,166,M0,0.25,S1,6,2822,59262,0,0,0,0,0.0,True
G01,167,M0,0.25,S1,7,2822,59262,0,0,0,0,0.0,True
G01,168,M0,0.25,S1,8,2822,59262,0,0,0,0,0.0,True
G01,169,M0,0.25,S1,9,2822,59262,0,0,0,0,0.0,True
G01,170,M0,0.25,S1,10,2822,59262,0,0,0,0,0.0,True
G01,171,M0,0.25,S1,11,2822,59262,0,0,0,0,0.0,True
G01,172,M0,0.25,S1,12,2822,59262,0,0,0,0,0.0,True
G01,173,M0,0.25,S1,13,2822,59262,0,0,0,0,0.0,True
G01,174,M0,0.25,S1,14,2822,59262,0,0,0,0,0.0,True
G01,175,M0,0.25,S1,15,2822,59262,0,0,0,0,0.0,True
G01,176,M0,0.25,S1,16,2822,59262,0,0,0,0,0.0,True
G01,177,M0,0.25,S1,17,2822,59262,0,0,0,0,0.0,True
G01,178,M0,0.25,S1,18,2822,59262,0,0,0,0,0.0,True
G01,179,M0,0.25,S1,19,2822,59262,0,0,0,0,0.0,True
G01,180,M0,0.25,S1,20,2822,59262,0,0,0,0,0.0,True
G01,181,M0,0.25,S1,21,2822,59262,0,0,0,0,0.0,True
G01,182,M0,0.25,S1,22,2822,59262,0,0,0,0,0.0,True
G01,183,M0,0.25,S1,23,2822,59262,0,0,0,0,0.0,True
G01,184,M0,0.25,S1,24,2822,59262,0,0,0,0,0.0,True
G01,185,M0,0.25,S1,25,2822,59262,0,0,0,0,0.0,True
G01,186,M0,0.25,S1,26,2822,59262,0,0,0,0,0.0,True
G01,187,M0,0.25,S1,27,2822,59262,0,0,0,0,0.0,True
G01,188,M0,0.25,S1,28,2822,59262,0,0,0,0,0.0,True
G01,189,M0,0.25,S1,29,2822,59262,0,0,0,0,0.0,True
G01,190,M0,0.25,S1,30,2822,59262,0,0,0,0,0.0,True
G01,191,M0,0.25,S1,31,2822,59262,0,0,0,0,0.0,True
G01,192,M0,0.25,S2,0,2822,59262,0,0,0,0,0.0,True
G01,193,M0,0.25,S2,1,2822,59262,0,0,0,0,0.0,True
G01,194,M0,0.25,S2,2,2822,59262,0,0,0,0,0.0,True
G01,195,M0,0.25,S2,3,2822,59262,0,0,0,0,0.0,True
G01,196,M0,0.25,S2,4,2822,59262,0,0,0,0,0.0,True
G01,197,M0,0.25,S2,5,2822,59262,0,0,0,0,0.0,True
G01,198,M0,0.25,S2,6,2822,59262,0,0,0,0,0.0,True
G01,199,M0,0.25,S2,7,2822,59262,0,0,0,0,0.0,True
G01,200,M0,0.25,S2,8,2822,59262,0,0,0,0,0.0,True
G01,201,M0,0.25,S2,9,2822,59262,0,0,0,0,0.0,True
G01,202,M0,0.25,S2,10,2822,59262,0,0,0,0,0.0,True
G01,203,M0,0.25,S2,11,2822,59262,0,0,0,0,0.0,True
G01,204,M0,0.25,S2,12,2822,59262,0,0,0,0,0.0,True
G01,205,M0,0.25,S2,13,2822,59262,0,0,0,0,0.0,True
G01,206,M0,0.25,S2,14,2822,59262,0,0,0,0,0.0,True
G01,207,M0,0.25,S2,15,2822,59262,0,0,0,0,0.0,True
G01,208,M0,0.25,S2,16,2822,59262,0,0,0,0,0.0,True
G01,209,M0,0.25,S2,17,2822,59262,0,0,0,0,0.0,True
G01,210,M0,0.25,S2,18,2822,59262,0,0,0,0,0.0,True
G01,211,M0,0.25,S2,19,2822,59262,0,0,0,0,0.0,True
G01,212,M0,0.25,S2,20,2822,59262,0,0,0,0,0.0,True
G01,213,M0,0.25,S2,21,2822,59262,0,0,0,0,0.0,True
G01,214,M0,0.25,S2,22,2822,59262,0,0,0,0,0.0,True
G01,215,M0,0.25,S2,23,2822,59262,0,0,0,0,0.0,True
G01,216,M0,0.25,S2,24,2822,59262,0,0,0,0,0.0,True
G01,217,M0,0.25,S2,25,2822,59262,0,0,0,0,0.0,True
G01,218,M0,0.25,S2,26,2822,59262,0,0,0,0,0.0,True
G01,219,M0,0.25,S2,27,2822,59262,0,0,0,0,0.0,True
G01,220,M0,0.25,S2,28,2822,59262,0,0,0,0,0.0,True
G01,221,M0,0.25,S2,29,2822,59262,0,0,0,0,0.0,True
G01,222,M0,0.25,S2,30,2822,59262,0,0,0,0,0.0,True
G01,223,M0,0.25,S2,31,2822,59262,0,0,0,0,0.0,True
G01,224,M0,0.25,S3,0,2822,59262,0,0,0,0,0.0,True
G01,225,M0,0.25,S3,1,2822,59262,0,0,0,0,0.0,True
G01,226,M0,0.25,S3,2,2822,59262,0,0,0,0,0.0,True
G01,227,M0,0.25,S3,3,2822,59262,0,0,0,0,0.0,True
G01,228,M0,0.25,S3,4,2822,59262,0,0,0,0,0.0,True
G01,229,M0,0.25,S3,5,2822,59262,0,0,0,0,0.0,True
G01,230,M0,0.25,S3,6,2822,59262,0,0,0,0,0.0,True
G01,231,M0,0.25,S3,7,2822,59262,0,0,0,0,0.0,True
G01,232,M0,0.25,S3,8,2822,59262,0,0,0,0,0.0,True
G01,233,M0,0.25,S3,9,2822,59262,0,0,0,0,0.0,True
G01,234,M0,0.25,S3,10,2822,59262,0,0,0,0,0.0,True
G01,235,M0,0.25,S3,11,2822,59262,0,0,0,0,0.0,True
G01,236,M0,0.25,S3,12,2822,59262,0,0,0,0,0.0,True
G01,237,M0,0.25,S3,13,2822,59262,0,0,0,0,0.0,True
G01,238,M0,0.25,S3,14,2822,59262,0,0,0,0,0.0,True
G01,239,M0,0.25,S3,15,2822,59262,0,0,0,0,0.0,True
G01,240,M0,0.25,S3,16,2822,59262,0,0,0,0,0.0,True
G01,241,M0,0.25,S3,17,2822,59262,0,0,0,0,0.0,True
G01,242,M0,0.25,S3,18,2822,59262,0,0,0,0,0.0,True
G01,243,M0,0.25,S3,19,2822,59262,0,0,0,0,0.0,True
G01,244,M0,0.25,S3,20,2822,59262,0,0,0,0,0.0,True
G01,245,M0,0.25,S3,21,2822,59262,0,0,0,0,0.0,True
G01,246,M0,0.25,S3,22,2822,59262,0,0,0,0,0.0,True
G01,247,M0,0.25,S3,23,2822,59262,0,0,0,0,0.0,True
G01,248,M0,0.25,S3,24,2822,59262,0,0,0,0,0.0,True
G01,249,M0,0.25,S3,25,2822,59262,0,0,0,0,0.0,True
G01,250,M0,0.25,S3,26,2822,59262,0,0,0,0,0.0,True
G01,251,M0,0.25,S3,27,2822,59262,0,0,0,0,0.0,True
G01,252,M0,0.25,S3,28,2822,59262,0,0,0,0,0.0,True
G01,253,M0,0.25,S3,29,2822,59262,0,0,0,0,0.0,True
G01,254,M0,0.25,S3,30,2822,59262,0,0,0,0,0.0,True
G01,255,M0,0.25,S3,31,2822,59262,0,0,0,0,0.0,True
G01,256,M0,0.5,S0,0,2822,59262,1,1,0,0,1.1368683772161603e-12,True
G01,257,M0,0.5,S0,1,2822,59262,1,1,0,0,9.094947017729282e-13,True
G01,258,M0,0.5,S0,2,2822,59262,1,1,0,0,2.5011104298755527e-12,True
G01,259,M0,0.5,S0,3,2822,59262,1,1,0,0,1.4779288903810084e-12,True
G01,260,M0,0.5,S0,4,2822,59262,1,1,0,0,3.410605131648481e-13,True
G01,261,M0,0.5,S0,5,2822,59262,1,1,0,0,3.410605131648481e-13,True
G01,262,M0,0.5,S0,6,2822,59262,1,1,0,0,1.1368683772161603e-13,True
G01,263,M0,0.5,S0,7,2822,59262,1,1,0,0,4.547473508864641e-13,True
G01,264,M0,0.5,S0,8,2822,59262,1,1,0,0,1.7053025658242404e-12,True
G01,265,M0,0.5,S0,9,2822,59262,1,1,0,0,1.4210854715202004e-12,True
G01,266,M0,0.5,S0,10,2822,59262,1,1,0,0,3.240074875066057e-12,True
G01,267,M0,0.5,S0,11,2822,59262,1,1,0,0,2.1600499167107046e-12,True
G01,268,M0,0.5,S0,12,2822,59262,0,0,0,0,0.0,True
G01,269,M0,0.5,S0,13,2822,59262,1,1,0,0,1.8758328224066645e-12,True
G01,270,M0,0.5,S0,14,2822,59262,1,1,0,0,3.410605131648481e-13,True
G01,271,M0,0.5,S0,15,2822,59262,1,1,0,0,1.0231815394945443e-12,True
G01,272,M0,0.5,S0,16,2822,59262,1,1,0,0,2.0463630789890885e-12,True
G01,273,M0,0.5,S0,17,2822,59262,1,1,0,0,2.0463630789890885e-12,True
G01,274,M0,0.5,S0,18,2822,59262,1,1,0,0,2.2737367544323206e-13,True
G01,275,M0,0.5,S0,19,2822,59262,1,1,0,0,7.389644451905042e-13,True
G01,276,M0,0.5,S0,20,2822,59262,1,1,0,0,9.094947017729282e-13,True
G01,277,M0,0.5,S0,21,2822,59262,1,1,0,0,3.410605131648481e-13,True
G01,278,M0,0.5,S0,22,2822,59262,1,1,0,0,5.684341886080801e-13,True
G01,279,M0,0.5,S0,23,2822,59262,1,1,0,0,7.958078640513122e-13,True
G01,280,M0,0.5,S0,24,2822,59262,1,1,0,0,2.2737367544323206e-13,True
G01,281,M0,0.5,S0,25,2822,59262,1,1,0,0,4.547473508864641e-13,True
G01,282,M0,0.5,S0,26,2822,59262,1,1,0,0,2.7284841053187847e-12,True
G01,283,M0,0.5,S0,27,2822,59262,1,1,0,0,1.0231815394945443e-12,True
G01,284,M0,0.5,S0,28,2822,59262,1,1,0,0,1.1368683772161603e-12,True
G01,285,M0,0.5,S0,29,2822,59262,1,1,0,0,1.4779288903810084e-12,True
G01,286,M0,0.5,S0,30,2822,59262,1,1,0,0,2.3874235921539366e-12,True
G01,287,M0,0.5,S0,31,2822,59262,1,1,0,0,1.5916157281026244e-12,True
G01,288,M0,0.5,S1,0,2822,59262,0,0,0,0,0.0,True
G01,289,M0,0.5,S1,1,2822,59262,0,0,0,0,0.0,True
G01,290,M0,0.5,S1,2,2822,59262,0,0,0,0,0.0,True
G01,291,M0,0.5,S1,3,2822,59262,0,0,0,0,0.0,True
G01,292,M0,0.5,S1,4,2822,59262,0,0,0,0,0.0,True
G01,293,M0,0.5,S1,5,2822,59262,0,0,0,0,0.0,True
G01,294,M0,0.5,S1,6,2822,59262,0,0,0,0,0.0,True
G01,295,M0,0.5,S1,7,2822,59262,0,0,0,0,0.0,True
G01,296,M0,0.5,S1,8,2822,59262,0,0,0,0,0.0,True
G01,297,M0,0.5,S1,9,2822,59262,0,0,0,0,0.0,True
G01,298,M0,0.5,S1,10,2822,59262,0,0,0,0,0.0,True
G01,299,M0,0.5,S1,11,2822,59262,0,0,0,0,0.0,True
G01,300,M0,0.5,S1,12,2822,59262,0,0,0,0,0.0,True
G01,301,M0,0.5,S1,13,2822,59262,0,0,0,0,0.0,True
G01,302,M0,0.5,S1,14,2822,59262,0,0,0,0,0.0,True
G01,303,M0,0.5,S1,15,2822,59262,0,0,0,0,0.0,True
G01,304,M0,0.5,S1,16,2822,59262,0,0,0,0,0.0,True
G01,305,M0,0.5,S1,17,2822,59262,0,0,0,0,0.0,True
G01,306,M0,0.5,S1,18,2822,59262,0,0,0,0,0.0,True
G01,307,M0,0.5,S1,19,2822,59262,0,0,0,0,0.0,True
G01,308,M0,0.5,S1,20,2822,59262,0,0,0,0,0.0,True
G01,309,M0,0.5,S1,21,2822,59262,0,0,0,0,0.0,True
G01,310,M0,0.5,S1,22,2822,59262,0,0,0,0,0.0,True
G01,311,M0,0.5,S1,23,2822,59262,0,0,0,0,0.0,True
G01,312,M0,0.5,S1,24,2822,59262,0,0,0,0,0.0,True
G01,313,M0,0.5,S1,25,2822,59262,0,0,0,0,0.0,True
G01,314,M0,0.5,S1,26,2822,59262,0,0,0,0,0.0,True
G01,315,M0,0.5,S1,27,2822,59262,0,0,0,0,0.0,True
G01,316,M0,0.5,S1,28,2822,59262,0,0,0,0,0.0,True
G01,317,M0,0.5,S1,29,2822,59262,0,0,0,0,0.0,True
G01,318,M0,0.5,S1,30,2822,59262,0,0,0,0,0.0,True
G01,319,M0,0.5,S1,31,2822,59262,0,0,0,0,0.0,True
G01,320,M0,0.5,S2,0,2822,59262,0,0,0,0,0.0,True
G01,321,M0,0.5,S2,1,2822,59262,0,0,0,0,0.0,True
G01,322,M0,0.5,S2,2,2822,59262,0,0,0,0,0.0,True
G01,323,M0,0.5,S2,3,2822,59262,0,0,0,0,0.0,True
G01,324,M0,0.5,S2,4,2822,59262,0,0,0,0,0.0,True
G01,325,M0,0.5,S2,5,2822,59262,0,0,0,0,0.0,True
G01,326,M0,0.5,S2,6,2822,59262,0,0,0,0,0.0,True
G01,327,M0,0.5,S2,7,2822,59262,0,0,0,0,0.0,True
G01,328,M0,0.5,S2,8,2822,59262,0,0,0,0,0.0,True
G01,329,M0,0.5,S2,9,2822,59262,0,0,0,0,0.0,True
G01,330,M0,0.5,S2,10,2822,59262,0,0,0,0,0.0,True
G01,331,M0,0.5,S2,11,2822,59262,0,0,0,0,0.0,True
G01,332,M0,0.5,S2,12,2822,59262,0,0,0,0,0.0,True
G01,333,M0,0.5,S2,13,2822,59262,0,0,0,0,0.0,True
G01,334,M0,0.5,S2,14,2822,59262,0,0,0,0,0.0,True
G01,335,M0,0.5,S2,15,2822,59262,0,0,0,0,0.0,True
G01,336,M0,0.5,S2,16,2822,59262,0,0,0,0,0.0,True
G01,337,M0,0.5,S2,17,2822,59262,0,0,0,0,0.0,True
G01,338,M0,0.5,S2,18,2822,59262,0,0,0,0,0.0,True
G01,339,M0,0.5,S2,19,2822,59262,0,0,0,0,0.0,True
G01,340,M0,0.5,S2,20,2822,59262,0,0,0,0,0.0,True
G01,341,M0,0.5,S2,21,2822,59262,0,0,0,0,0.0,True
G01,342,M0,0.5,S2,22,2822,59262,0,0,0,0,0.0,True
G01,343,M0,0.5,S2,23,2822,59262,0,0,0,0,0.0,True
G01,344,M0,0.5,S2,24,2822,59262,0,0,0,0,0.0,True
G01,345,M0,0.5,S2,25,2822,59262,0,0,0,0,0.0,True
G01,346,M0,0.5,S2,26,2822,59262,0,0,0,0,0.0,True
G01,347,M0,0.5,S2,27,2822,59262,0,0,0,0,0.0,True
G01,348,M0,0.5,S2,28,2822,59262,0,0,0,0,0.0,True
G01,349,M0,0.5,S2,29,2822,59262,0,0,0,0,0.0,True
G01,350,M0,0.5,S2,30,2822,59262,0,0,0,0,0.0,True
G01,351,M0,0.5,S2,31,2822,59262,0,0,0,0,0.0,True
G01,352,M0,0.5,S3,0,2822,59262,0,0,0,0,0.0,True
G01,353,M0,0.5,S3,1,2822,59262,0,0,0,0,0.0,True
G01,354,M0,0.5,S3,2,2822,59262,0,0,0,0,0.0,True
G01,355,M0,0.5,S3,3,2822,59262,0,0,0,0,0.0,True
G01,356,M0,0.5,S3,4,2822,59262,0,0,0,0,0.0,True
G01,357,M0,0.5,S3,5,2822,59262,0,0,0,0,0.0,True
G01,358,M0,0.5,S3,6,2822,59262,0,0,0,0,0.0,True
G01,359,M0,0.5,S3,7,2822,59262,0,0,0,0,0.0,True
G01,360,M0,0.5,S3,8,2822,59262,0,0,0,0,0.0,True
G01,361,M0,0.5,S3,9,2822,59262,0,0,0,0,0.0,True
G01,362,M0,0.5,S3,10,2822,59262,0,0,0,0,0.0,True
G01,363,M0,0.5,S3,11,2822,59262,0,0,0,0,0.0,True
G01,364,M0,0.5,S3,12,2822,59262,0,0,0,0,0.0,True
G01,365,M0,0.5,S3,13,2822,59262,0,0,0,0,0.0,True
G01,366,M0,0.5,S3,14,2822,59262,0,0,0,0,0.0,True
G01,367,M0,0.5,S3,15,2822,59262,0,0,0,0,0.0,True
G01,368,M0,0.5,S3,16,2822,59262,0,0,0,0,0.0,True
G01,369,M0,0.5,S3,17,2822,59262,0,0,0,0,0.0,True
G01,370,M0,0.5,S3,18,2822,59262,0,0,0,0,0.0,True
G01,371,M0,0.5,S3,19,2822,59262,0,0,0,0,0.0,True
G01,372,M0,0.5,S3,20,2822,59262,0,0,0,0,0.0,True
G01,373,M0,0.5,S3,21,2822,59262,0,0,0,0,0.0,True
G01,374,M0,0.5,S3,22,2822,59262,0,0,0,0,0.0,True
G01,375,M0,0.5,S3,23,2822,59262,0,0,0,0,0.0,True
G01,376,M0,0.5,S3,24,2822,59262,0,0,0,0,0.0,True
G01,377,M0,0.5,S3,25,2822,59262,0,0,0,0,0.0,True
G01,378,M0,0.5,S3,26,2822,59262,0,0,0,0,0.0,True
G01,379,M0,0.5,S3,27,2822,59262,0,0,0,0,0.0,True
G01,380,M0,0.5,S3,28,2822,59262,0,0,0,0,0.0,True
G01,381,M0,0.5,S3,29,2822,59262,0,0,0,0,0.0,True
G01,382,M0,0.5,S3,30,2822,59262,0,0,0,0,0.0,True
G01,383,M0,0.5,S3,31,2822,59262,0,0,0,0,0.0,True
G01,0,M1,0.1,S0,0,2822,59262,1,1,0,0,4.524736141320318e-11,True
G01,1,M1,0.1,S0,1,2822,59262,1,1,0,0,3.586819730116986e-11,True
G01,2,M1,0.1,S0,2,2822,59262,1,1,0,0,3.575451046344824e-11,True
G01,3,M1,0.1,S0,3,2822,59262,0,0,0,0,0.0,True
G01,4,M1,0.1,S0,4,2822,59262,1,1,0,0,2.7966962079517543e-11,True
G01,5,M1,0.1,S0,5,2822,59262,1,1,0,0,1.4665602066088468e-11,True
G01,6,M1,0.1,S0,6,2822,59262,1,1,0,0,3.240074875066057e-11,True
G01,7,M1,0.1,S0,7,2822,59262,1,1,0,0,3.637978807091713e-12,True
G01,8,M1,0.1,S0,8,2822,59262,1,1,0,0,2.376054908381775e-11,True
G01,9,M1,0.1,S0,9,2822,59262,1,1,0,0,4.8828496801434085e-11,True
G01,10,M1,0.1,S0,10,2822,59262,1,1,0,0,1.972466634470038e-11,True
G01,11,M1,0.1,S0,11,2822,59262,1,1,0,0,1.0936673788819462e-10,True
G01,12,M1,0.1,S0,12,2822,59262,1,1,0,0,4.990852175978944e-11,True
G01,13,M1,0.1,S0,13,2822,59262,1,1,0,0,1.5347723092418164e-12,True
G01,14,M1,0.1,S0,14,2822,59262,1,1,0,0,2.5011104298755527e-12,True
G01,15,M1,0.1,S0,15,2822,59262,1,1,0,0,5.4797055781818926e-11,True
G01,16,M1,0.1,S0,16,2822,59262,1,1,0,0,1.4210854715202004e-11,True
G01,17,M1,0.1,S0,17,2822,59262,1,1,0,0,2.9956481739645824e-11,True
G01,18,M1,0.1,S0,18,2822,59262,1,1,0,0,2.7284841053187847e-11,True
G01,19,M1,0.1,S0,19,2822,59262,0,0,0,0,0.0,True
G01,20,M1,0.1,S0,20,2822,59262,1,1,0,0,6.116351869422942e-11,True
G01,21,M1,0.1,S0,21,2822,59262,1,1,0,0,3.001332515850663e-11,True
G01,22,M1,0.1,S0,22,2822,59262,1,1,0,0,3.012701199622825e-11,True
G01,23,M1,0.1,S0,23,2822,59262,1,1,0,0,1.77351466845721e-11,True
G01,24,M1,0.1,S0,24,2822,59262,1,1,0,0,4.098410499864258e-11,True
G01,25,M1,0.1,S0,25,2822,59262,1,1,0,0,7.73070496506989e-12,True
G01,26,M1,0.1,S0,26,2822,59262,1,1,0,0,5.377387424232438e-11,True
G01,27,M1,0.1,S0,27,2822,59262,1,1,0,0,9.902123565552756e-11,True
G01,28,M1,0.1,S0,28,2822,59262,1,1,0,0,2.950173438875936e-11,True
G01,29,M1,0.1,S0,29,2822,59262,1,1,0,0,2.6773250283440575e-11,True
G01,30,M1,0.1,S0,30,2822,59262,1,1,0,0,9.947598300641403e-12,True
G01,31,M1,0.1,S0,31,2822,59262,1,1,0,0,1.1084466677857563e-11,True
G01,32,M1,0.1,S1,0,2822,59262,1,1,0,0,9.083578333957121e-11,True
G01,33,M1,0.1,S1,1,2822,59262,1,1,0,0,9.549694368615746e-12,True
G01,34,M1,0.1,S1,2,2822,59262,1,1,0,0,9.72022462519817e-12,True
G01,35,M1,0.1,S1,3,2822,59262,0,0,0,0,0.0,True
G01,36,M1,0.1,S1,4,2822,59262,1,1,0,0,7.338485374930315e-11,True
G01,37,M1,0.1,S1,5,2822,59262,1,1,0,0,7.628386811120436e-11,True
G01,38,M1,0.1,S1,6,2822,59262,1,1,0,0,7.787548383930698e-11,True
G01,39,M1,0.1,S1,7,2822,59262,1,1,0,0,4.18367562815547e-11,True
G01,40,M1,0.1,S1,8,2822,59262,1,1,0,0,2.3419488570652902e-11,True
G01,41,M1,0.1,S1,9,2822,59262,1,1,0,0,3.0127011996228248e-12,True
G01,42,M1,0.1,S1,10,2822,59262,1,1,0,0,2.580691216280684e-11,True
G01,43,M1,0.1,S1,11,2822,59262,1,1,0,0,2.717115421546623e-11,True
G01,44,M1,0.1,S1,12,2822,59262,1,1,0,0,4.433786671143025e-12,True
G01,45,M1,0.1,S1,13,2822,59262,1,1,0,0,1.2505552149377763e-12,True
G01,46,M1,0.1,S1,14,2822,59262,1,1,0,0,2.5579538487363607e-12,True
G01,47,M1,0.1,S1,15,2822,59262,1,1,0,0,9.322320693172514e-12,True
G01,48,M1,0.1,S1,16,2822,59262,1,1,0,0,3.126388037344441e-11,True
G01,49,M1,0.1,S1,17,2822,59262,1,1,0,0,1.5518253349000588e-11,True
G01,50,M1,0.1,S1,18,2822,59262,1,1,0,0,1.8189894035458565e-11,True
G01,51,M1,0.1,S1,19,2822,59262,0,0,0,0,0.0,True
G01,52,M1,0.1,S1,20,2822,59262,1,1,0,0,1.5688783605583012e-11,True
G01,53,M1,0.1,S1,21,2822,59262,1,1,0,0,1.574562702444382e-11,True
G01,54,M1,0.1,S1,22,2822,59262,1,1,0,0,6.082245818106458e-11,True
G01,55,M1,0.1,S1,23,2822,59262,1,1,0,0,1.77351466845721e-11,True
G01,56,M1,0.1,S1,24,2822,59262,1,1,0,0,4.376943252282217e-12,True
G01,57,M1,0.1,S1,25,2822,59262,1,1,0,0,7.73070496506989e-12,True
G01,58,M1,0.1,S1,26,2822,59262,1,1,0,0,8.29913915367797e-12,True
G01,59,M1,0.1,S1,27,2822,59262,1,1,0,0,8.071765478234738e-12,True
G01,60,M1,0.1,S1,28,2822,59262,1,1,0,0,2.944489096989855e-11,True
G01,61,M1,0.1,S1,29,2822,59262,1,1,0,0,2.665956344571896e-11,True
G01,62,M1,0.1,S1,30,2822,59262,1,1,0,0,5.5422333389287814e-11,True
G01,63,M1,0.1,S1,31,2822,59262,1,1,0,0,1.1027623258996755e-11,True
G01,64,M1,0.1,S2,0,2822,59262,1,1,0,0,1.1368683772161603e-13,True
G01,65,M1,0.1,S2,1,2822,59262,1,1,0,0,3.586819730116986e-11,True
G01,66,M1,0.1,S2,2,2822,59262,1,1,0,0,9.663381206337363e-12,True
G01,67,M1,0.1,S2,3,2822,59262,0,0,0,0,0.0,True
G01,68,M1,0.1,S2,4,2822,59262,1,1,0,0,7.344169716816396e-11,True
G01,69,M1,0.1,S2,5,2822,59262,1,1,0,0,1.2175860319985077e-10,True
G01,70,M1,0.1,S2,6,2822,59262,1,1,0,0,1.3073986337985843e-11,True
G01,71,M1,0.1,S2,7,2822,59262,1,1,0,0,3.637978807091713e-12,True
G01,72,M1,0.1,S2,8,2822,59262,1,1,0,0,2.3419488570652902e-11,True
G01,73,M1,0.1,S2,9,2822,59262,1,1,0,0,4.8828496801434085e-11,True
G01,74,M1,0.1,S2,10,2822,59262,1,1,0,0,2.575006874394603e-11,True
G01,75,M1,0.1,S2,11,2822,59262,1,1,0,0,6.377831596182659e-11,True
G01,76,M1,0.1,S2,12,2822,59262,1,1,0,0,5.002220859751105e-11,True
G01,77,M1,0.1,S2,13,2822,59262,1,1,0,0,1.4779288903810084e-12,True
G01,78,M1,0.1,S2,14,2822,59262,1,1,0,0,9.345058060716838e-11,True
G01,79,M1,0.1,S2,15,2822,59262,1,1,0,0,9.379164112033322e-12,True
G01,80,M1,0.1,S2,16,2822,59262,1,1,0,0,3.126388037344441e-11,True
G01,81,M1,0.1,S2,17,2822,59262,1,1,0,0,1.2090595191693865e-10,True
G01,82,M1,0.1,S2,18,2822,59262,1,1,0,0,2.7341684472048655e-11,True
G01,83,M1,0.1,S2,19,2822,59262,0,0,0,0,0.0,True
G01,84,M1,0.1,S2,20,2822,59262,1,1,0,0,1.5688783605583012e-11,True
G01,85,M1,0.1,S2,21,2822,59262,1,1,0,0,1.5859313862165436e-11,True
G01,86,M1,0.1,S2,22,2822,59262,1,1,0,0,3.012701199622825e-11,True
G01,87,M1,0.1,S2,23,2822,59262,1,1,0,0,2.773958840407431e-11,True
G01,88,M1,0.1,S2,24,2822,59262,1,1,0,0,4.951061782776378e-11,True
G01,89,M1,0.1,S2,25,2822,59262,1,1,0,0,7.73070496506989e-12,True
G01,90,M1,0.1,S2,26,2822,59262,1,1,0,0,3.723243935382925e-11,True
G01,91,M1,0.1,S2,27,2822,59262,1,1,0,0,8.071765478234738e-12,True
G01,92,M1,0.1,S2,28,2822,59262,1,1,0,0,2.950173438875936e-11,True
G01,93,M1,0.1,S2,29,2822,59262,1,1,0,0,2.6773250283440575e-11,True
G01,94,M1,0.1,S2,30,2822,59262,1,1,0,0,9.833911462919787e-12,True
G01,95,M1,0.1,S2,31,2822,59262,1,1,0,0,1.1084466677857563e-11,True
G01,96,M1,0.1,S3,0,2822,59262,0,0,0,0,0.0,True
G01,97,M1,0.1,S3,1,2822,59262,0,0,0,0,0.0,True
G01,98,M1,0.1,S3,2,2822,59262,0,0,0,0,0.0,True
G01,99,M1,0.1,S3,3,2822,59262,0,0,0,0,0.0,True
G01,100,M1,0.1,S3,4,2822,59262,0,0,0,0,0.0,True
G01,101,M1,0.1,S3,5,2822,59262,0,0,0,0,0.0,True
G01,102,M1,0.1,S3,6,2822,59262,0,0,0,0,0.0,True
G01,103,M1,0.1,S3,7,2822,59262,0,0,0,0,0.0,True
G01,104,M1,0.1,S3,8,2822,59262,0,0,0,0,0.0,True
G01,105,M1,0.1,S3,9,2822,59262,0,0,0,0,0.0,True
G01,106,M1,0.1,S3,10,2822,59262,0,0,0,0,0.0,True
G01,107,M1,0.1,S3,11,2822,59262,0,0,0,0,0.0,True
G01,108,M1,0.1,S3,12,2822,59262,0,0,0,0,0.0,True
G01,109,M1,0.1,S3,13,2822,59262,0,0,0,0,0.0,True
G01,110,M1,0.1,S3,14,2822,59262,0,0,0,0,0.0,True
G01,111,M1,0.1,S3,15,2822,59262,0,0,0,0,0.0,True
G01,112,M1,0.1,S3,16,2822,59262,0,0,0,0,0.0,True
G01,113,M1,0.1,S3,17,2822,59262,0,0,0,0,0.0,True
G01,114,M1,0.1,S3,18,2822,59262,0,0,0,0,0.0,True
G01,115,M1,0.1,S3,19,2822,59262,0,0,0,0,0.0,True
G01,116,M1,0.1,S3,20,2822,59262,0,0,0,0,0.0,True
G01,117,M1,0.1,S3,21,2822,59262,0,0,0,0,0.0,True
G01,118,M1,0.1,S3,22,2822,59262,0,0,0,0,0.0,True
G01,119,M1,0.1,S3,23,2822,59262,0,0,0,0,0.0,True
G01,120,M1,0.1,S3,24,2822,59262,0,0,0,0,0.0,True
G01,121,M1,0.1,S3,25,2822,59262,0,0,0,0,0.0,True
G01,122,M1,0.1,S3,26,2822,59262,0,0,0,0,0.0,True
G01,123,M1,0.1,S3,27,2822,59262,0,0,0,0,0.0,True
G01,124,M1,0.1,S3,28,2822,59262,0,0,0,0,0.0,True
G01,125,M1,0.1,S3,29,2822,59262,0,0,0,0,0.0,True
G01,126,M1,0.1,S3,30,2822,59262,0,0,0,0,0.0,True
G01,127,M1,0.1,S3,31,2822,59262,0,0,0,0,0.0,True
G01,128,M1,0.25,S0,0,2822,59262,1,1,0,0,3.296918293926865e-12,True
G01,129,M1,0.25,S0,1,2822,59262,1,1,0,0,5.115907697472721e-13,True
G01,130,M1,0.25,S0,2,2822,59262,1,1,0,0,2.3874235921539366e-12,True
G01,131,M1,0.25,S0,3,2822,59262,0,0,0,0,0.0,True
G01,132,M1,0.25,S0,4,2822,59262,1,1,0,0,1.8758328224066645e-12,True
G01,133,M1,0.25,S0,5,2822,59262,1,1,0,0,1.1027623258996755e-11,True
G01,134,M1,0.25,S0,6,2822,59262,1,1,0,0,2.1600499167107046e-12,True
G01,135,M1,0.25,S0,7,2822,59262,1,1,0,0,6.821210263296962e-13,True
G01,136,M1,0.25,S0,8,2822,59262,1,1,0,0,5.684341886080802e-14,True
G01,137,M1,0.25,S0,9,2822,59262,1,1,0,0,1.3528733688872308e-11,True
G01,138,M1,0.25,S0,10,2822,59262,1,1,0,0,6.934897101018578e-12,True
G01,139,M1,0.25,S0,11,2822,59262,1,1,0,0,3.410605131648481e-13,True
G01,140,M1,0.25,S0,12,2822,59262,1,1,0,0,8.469669410260394e-12,True
G01,141,M1,0.25,S0,13,2822,59262,1,1,0,0,2.3305801732931286e-12,True
G01,142,M1,0.25,S0,14,2822,59262,1,1,0,0,1.574562702444382e-11,True
G01,143,M1,0.25,S0,15,2822,59262,1,1,0,0,5.8548721426632255e-12,True
G01,144,M1,0.25,S0,16,2822,59262,1,1,0,0,8.526512829121202e-12,True
G01,145,M1,0.25,S0,17,2822,59262,1,1,0,0,6.252776074688882e-13,True
G01,146,M1,0.25,S0,18,2822,59262,1,1,0,0,2.2737367544323206e-12,True
G01,147,M1,0.25,S0,19,2822,59262,0,0,0,0,0.0,True
G01,148,M1,0.25,S0,20,2822,59262,1,1,0,0,8.29913915367797e-12,True
G01,149,M1,0.25,S0,21,2822,59262,1,1,0,0,9.43600753089413e-12,True
G01,150,M1,0.25,S0,22,2822,59262,1,1,0,0,2.9558577807620168e-12,True
G01,151,M1,0.25,S0,23,2822,59262,1,1,0,0,6.423306331271306e-12,True
G01,152,M1,0.25,S0,24,2822,59262,1,1,0,0,3.183231456205249e-12,True
G01,153,M1,0.25,S0,25,2822,59262,1,1,0,0,5.8548721426632255e-12,True
G01,154,M1,0.25,S0,26,2822,59262,1,1,0,0,6.821210263296962e-12,True
G01,155,M1,0.25,S0,27,2822,59262,1,1,0,0,3.467448550509289e-12,True
G01,156,M1,0.25,S0,28,2822,59262,1,1,0,0,1.4949819160392508e-11,True
G01,157,M1,0.25,S0,29,2822,59262,1,1,0,0,5.8548721426632255e-12,True
G01,158,M1,0.25,S0,30,2822,59262,1,1,0,0,7.787548383930698e-12,True
G01,159,M1,0.25,S0,31,2822,59262,1,1,0,0,1.0231815394945443e-12,True
G01,160,M1,0.25,S1,0,2822,59262,1,1,0,0,4.035882739117369e-12,True
G01,161,M1,0.25,S1,1,2822,59262,1,1,0,0,1.5063505998114124e-11,True
G01,162,M1,0.25,S1,2,2822,59262,1,1,0,0,1.2107648217352107e-11,True
G01,163,M1,0.25,S1,3,2822,59262,0,0,0,0,0.0,True
G01,164,M1,0.25,S1,4,2822,59262,1,1,0,0,5.4001247917767614e-12,True
G01,165,M1,0.25,S1,5,2822,59262,1,1,0,0,3.637978807091713e-12,True
G01,166,M1,0.25,S1,6,2822,59262,1,1,0,0,2.3874235921539366e-12,True
G01,167,M1,0.25,S1,7,2822,59262,1,1,0,0,1.5234036254696548e-11,True
G01,168,M1,0.25,S1,8,2822,59262,1,1,0,0,7.048583938740194e-12,True
G01,169,M1,0.25,S1,9,2822,59262,1,1,0,0,6.252776074688882e-12,True
G01,170,M1,0.25,S1,10,2822,59262,1,1,0,0,1.1368683772161603e-13,True
G01,171,M1,0.25,S1,11,2822,59262,1,1,0,0,3.410605131648481e-13,True
G01,172,M1,0.25,S1,12,2822,59262,1,1,0,0,6.195932655828074e-12,True
G01,173,M1,0.25,S1,13,2822,59262,1,1,0,0,2.3305801732931286e-12,True
G01,174,M1,0.25,S1,14,2822,59262,1,1,0,0,1.5688783605583012e-11,True
G01,175,M1,0.25,S1,15,2822,59262,1,1,0,0,6.0822458181064576e-12,True
G01,176,M1,0.25,S1,16,2822,59262,1,1,0,0,8.29913915367797e-12,True
G01,177,M1,0.25,S1,17,2822,59262,1,1,0,0,6.821210263296962e-13,True
G01,178,M1,0.25,S1,18,2822,59262,1,1,0,0,2.2737367544323206e-12,True
G01,179,M1,0.25,S1,19,2822,59262,0,0,0,0,0.0,True
G01,180,M1,0.25,S1,20,2822,59262,1,1,0,0,1.5575096767861396e-11,True
G01,181,M1,0.25,S1,21,2822,59262,1,1,0,0,5.115907697472721e-12,True
G01,182,M1,0.25,S1,22,2822,59262,1,1,0,0,4.320099833421409e-12,True
G01,183,M1,0.25,S1,23,2822,59262,1,1,0,0,8.526512829121202e-13,True
G01,184,M1,0.25,S1,24,2822,59262,1,1,0,0,1.8417267710901797e-11,True
G01,185,M1,0.25,S1,25,2822,59262,1,1,0,0,5.8548721426632255e-12,True
G01,186,M1,0.25,S1,26,2822,59262,1,1,0,0,6.87805368215777e-12,True
G01,187,M1,0.25,S1,27,2822,59262,1,1,0,0,1.0743406164692715e-11,True
G01,188,M1,0.25,S1,28,2822,59262,1,1,0,0,7.73070496506989e-12,True
G01,189,M1,0.25,S1,29,2822,59262,1,1,0,0,5.8548721426632255e-12,True
G01,190,M1,0.25,S1,30,2822,59262,1,1,0,0,7.787548383930698e-12,True
G01,191,M1,0.25,S1,31,2822,59262,1,1,0,0,6.252776074688882e-12,True
G01,192,M1,0.25,S2,0,2822,59262,1,1,0,0,1.1254996934439987e-11,True
G01,193,M1,0.25,S2,1,2822,59262,1,1,0,0,5.115907697472721e-13,True
G01,194,M1,0.25,S2,2,2822,59262,1,1,0,0,1.1993961379630491e-11,True
G01,195,M1,0.25,S2,3,2822,59262,0,0,0,0,0.0,True
G01,196,M1,0.25,S2,4,2822,59262,1,1,0,0,5.4569682106375694e-12,True
G01,197,M1,0.25,S2,5,2822,59262,1,1,0,0,3.751665644813329e-12,True
G01,198,M1,0.25,S2,6,2822,59262,1,1,0,0,2.1600499167107046e-12,True
G01,199,M1,0.25,S2,7,2822,59262,1,1,0,0,6.821210263296962e-13,True
G01,200,M1,0.25,S2,8,2822,59262,1,1,0,0,1.4551915228366852e-11,True
G01,201,M1,0.25,S2,9,2822,59262,1,1,0,0,6.30961949354969e-12,True
G01,202,M1,0.25,S2,10,2822,59262,1,1,0,0,7.44648787076585e-12,True
G01,203,M1,0.25,S2,11,2822,59262,1,1,0,0,7.617018127348274e-12,True
G01,204,M1,0.25,S2,12,2822,59262,1,1,0,0,5.8548721426632255e-12,True
G01,205,M1,0.25,S2,13,2822,59262,1,1,0,0,2.3305801732931286e-12,True
G01,206,M1,0.25,S2,14,2822,59262,1,1,0,0,1.1937117960769683e-12,True
G01,207,M1,0.25,S2,15,2822,59262,1,1,0,0,5.9685589803848416e-12,True
G01,208,M1,0.25,S2,16,2822,59262,1,1,0,0,6.0254023992456496e-12,True
G01,209,M1,0.25,S2,17,2822,59262,1,1,0,0,6.650680006714538e-12,True
G01,210,M1,0.25,S2,18,2822,59262,1,1,0,0,9.549694368615746e-12,True
G01,211,M1,0.25,S2,19,2822,59262,0,0,0,0,0.0,True
G01,212,M1,0.25,S2,20,2822,59262,1,1,0,0,8.29913915367797e-12,True
G01,213,M1,0.25,S2,21,2822,59262,1,1,0,0,2.1600499167107046e-12,True
G01,214,M1,0.25,S2,22,2822,59262,1,1,0,0,1.887201506178826e-11,True
G01,215,M1,0.25,S2,23,2822,59262,1,1,0,0,7.389644451905042e-13,True
G01,216,M1,0.25,S2,24,2822,59262,1,1,0,0,3.979039320256561e-12,True
G01,217,M1,0.25,S2,25,2822,59262,1,1,0,0,8.697043085703626e-12,True
G01,218,M1,0.25,S2,26,2822,59262,1,1,0,0,3.979039320256561e-13,True
G01,219,M1,0.25,S2,27,2822,59262,1,1,0,0,1.0743406164692715e-11,True
G01,220,M1,0.25,S2,28,2822,59262,1,1,0,0,7.673861546209082e-12,True
G01,221,M1,0.25,S2,29,2822,59262,1,1,0,0,5.7980287238024175e-12,True
G01,222,M1,0.25,S2,30,2822,59262,1,1,0,0,7.560174708487466e-12,True
G01,223,M1,0.25,S2,31,2822,59262,1,1,0,0,1.0231815394945443e-12,True
G01,224,M1,0.25,S3,0,2822,59262,0,0,0,0,0.0,True
G01,225,M1,0.25,S3,1,2822,59262,0,0,0,0,0.0,True
G01,226,M1,0.25,S3,2,2822,59262,1,1,0,0,4.149569576838985e-12,True
G01,227,M1,0.25,S3,3,2822,59262,0,0,0,0,0.0,True
G01,228,M1,0.25,S3,4,2822,59262,0,0,0,0,0.0,True
G01,229,M1,0.25,S3,5,2822,59262,0,0,0,0,0.0,True
G01,230,M1,0.25,S3,6,2822,59262,0,0,0,0,0.0,True
G01,231,M1,0.25,S3,7,2822,59262,0,0,0,0,0.0,True
G01,232,M1,0.25,S3,8,2822,59262,0,0,0,0,0.0,True
G01,233,M1,0.25,S3,9,2822,59262,0,0,0,0,0.0,True
G01,234,M1,0.25,S3,10,2822,59262,0,0,0,0,0.0,True
G01,235,M1,0.25,S3,11,2822,59262,0,0,0,0,0.0,True
G01,236,M1,0.25,S3,12,2822,59262,0,0,0,0,0.0,True
G01,237,M1,0.25,S3,13,2822,59262,1,1,0,0,7.617018127348274e-12,True
G01,238,M1,0.25,S3,14,2822,59262,0,0,0,0,0.0,True
G01,239,M1,0.25,S3,15,2822,59262,1,1,0,0,1.0118128557223827e-11,True
G01,240,M1,0.25,S3,16,2822,59262,0,0,0,0,0.0,True
G01,241,M1,0.25,S3,17,2822,59262,0,0,0,0,0.0,True
G01,242,M1,0.25,S3,18,2822,59262,0,0,0,0,0.0,True
G01,243,M1,0.25,S3,19,2822,59262,0,0,0,0,0.0,True
G01,244,M1,0.25,S3,20,2822,59262,1,1,0,0,0.0,True
G01,245,M1,0.25,S3,21,2822,59262,1,1,0,0,5.7980287238024175e-12,True
G01,246,M1,0.25,S3,22,2822,59262,0,0,0,0,0.0,True
G01,247,M1,0.25,S3,23,2822,59262,0,0,0,0,0.0,True
G01,248,M1,0.25,S3,24,2822,59262,0,0,0,0,0.0,True
G01,249,M1,0.25,S3,25,2822,59262,0,0,0,0,0.0,True
G01,250,M1,0.25,S3,26,2822,59262,0,0,0,0,0.0,True
G01,251,M1,0.25,S3,27,2822,59262,0,0,0,0,0.0,True
G01,252,M1,0.25,S3,28,2822,59262,0,0,0,0,0.0,True
G01,253,M1,0.25,S3,29,2822,59262,0,0,0,0,0.0,True
G01,254,M1,0.25,S3,30,2822,59262,0,0,0,0,0.0,True
G01,255,M1,0.25,S3,31,2822,59262,0,0,0,0,0.0,True
G01,256,M1,0.5,S0,0,2822,59262,1,1,0,0,1.2505552149377763e-12,True
G01,257,M1,0.5,S0,1,2822,59262,1,1,0,0,1.3073986337985843e-12,True
G01,258,M1,0.5,S0,2,2822,59262,1,1,0,0,7.389644451905042e-13,True
G01,259,M1,0.5,S0,3,2822,59262,0,0,0,0,0.0,True
G01,260,M1,0.5,S0,4,2822,59262,1,1,0,0,7.389644451905042e-13,True
G01,261,M1,0.5,S0,5,2822,59262,1,1,0,0,1.5916157281026244e-12,True
G01,262,M1,0.5,S0,6,2822,59262,1,1,0,0,2.2737367544323206e-12,True
G01,263,M1,0.5,S0,7,2822,59262,1,1,0,0,1.0800249583553523e-12,True
G01,264,M1,0.5,S0,8,2822,59262,1,1,0,0,1.3642420526593924e-12,True
G01,265,M1,0.5,S0,9,2822,59262,1,1,0,0,5.684341886080801e-13,True
G01,266,M1,0.5,S0,10,2822,59262,1,1,0,0,6.252776074688882e-13,True
G01,267,M1,0.5,S0,11,2822,59262,1,1,0,0,4.547473508864641e-13,True
G01,268,M1,0.5,S0,12,2822,59262,1,1,0,0,2.3305801732931286e-12,True
G01,269,M1,0.5,S0,13,2822,59262,1,1,0,0,1.5916157281026244e-12,True
G01,270,M1,0.5,S0,14,2822,59262,1,1,0,0,3.069544618483633e-12,True
G01,271,M1,0.5,S0,15,2822,59262,1,1,0,0,2.9558577807620168e-12,True
G01,272,M1,0.5,S0,16,2822,59262,1,1,0,0,5.684341886080801e-13,True
G01,273,M1,0.5,S0,17,2822,59262,1,1,0,0,1.3073986337985843e-12,True
G01,274,M1,0.5,S0,18,2822,59262,1,1,0,0,2.1600499167107046e-12,True
G01,275,M1,0.5,S0,19,2822,59262,0,0,0,0,0.0,True
G01,276,M1,0.5,S0,20,2822,59262,1,1,0,0,5.115907697472721e-13,True
G01,277,M1,0.5,S0,21,2822,59262,1,1,0,0,5.684341886080801e-13,True
G01,278,M1,0.5,S0,22,2822,59262,1,1,0,0,9.094947017729282e-13,True
G01,279,M1,0.5,S0,23,2822,59262,1,1,0,0,9.094947017729282e-13,True
G01,280,M1,0.5,S0,24,2822,59262,1,1,0,0,1.7053025658242404e-12,True
G01,281,M1,0.5,S0,25,2822,59262,1,1,0,0,1.5916157281026244e-12,True
G01,282,M1,0.5,S0,26,2822,59262,1,1,0,0,1.3073986337985843e-12,True
G01,283,M1,0.5,S0,27,2822,59262,1,1,0,0,7.389644451905042e-13,True
G01,284,M1,0.5,S0,28,2822,59262,1,1,0,0,1.7053025658242404e-12,True
G01,285,M1,0.5,S0,29,2822,59262,1,1,0,0,2.0463630789890885e-12,True
G01,286,M1,0.5,S0,30,2822,59262,1,1,0,0,2.2737367544323206e-13,True
G01,287,M1,0.5,S0,31,2822,59262,1,1,0,0,1.6484591469634324e-12,True
G01,288,M1,0.5,S1,0,2822,59262,1,1,0,0,1.3073986337985843e-12,True
G01,289,M1,0.5,S1,1,2822,59262,1,1,0,0,5.684341886080801e-13,True
G01,290,M1,0.5,S1,2,2822,59262,1,1,0,0,2.6147972675971687e-12,True
G01,291,M1,0.5,S1,3,2822,59262,0,0,0,0,0.0,True
G01,292,M1,0.5,S1,4,2822,59262,1,1,0,0,1.1937117960769683e-12,True
G01,293,M1,0.5,S1,5,2822,59262,1,1,0,0,1.5916157281026244e-12,True
G01,294,M1,0.5,S1,6,2822,59262,1,1,0,0,1.4779288903810084e-12,True
G01,295,M1,0.5,S1,7,2822,59262,1,1,0,0,7.389644451905042e-13,True
G01,296,M1,0.5,S1,8,2822,59262,1,1,0,0,5.684341886080801e-13,True
G01,297,M1,0.5,S1,9,2822,59262,1,1,0,0,2.4442670110147446e-12,True
G01,298,M1,0.5,S1,10,2822,59262,1,1,0,0,6.252776074688882e-13,True
G01,299,M1,0.5,S1,11,2822,59262,1,1,0,0,2.3874235921539366e-12,True
G01,300,M1,0.5,S1,12,2822,59262,1,1,0,0,2.3305801732931286e-12,True
G01,301,M1,0.5,S1,13,2822,59262,1,1,0,0,1.6484591469634324e-12,True
G01,302,M1,0.5,S1,14,2822,59262,1,1,0,0,5.684341886080801e-13,True
G01,303,M1,0.5,S1,15,2822,59262,1,1,0,0,2.8990143619012088e-12,True
G01,304,M1,0.5,S1,16,2822,59262,1,1,0,0,6.252776074688882e-13,True
G01,305,M1,0.5,S1,17,2822,59262,1,1,0,0,2.3305801732931286e-12,True
G01,306,M1,0.5,S1,18,2822,59262,1,1,0,0,1.4779288903810084e-12,True
G01,307,M1,0.5,S1,19,2822,59262,0,0,0,0,0.0,True
G01,308,M1,0.5,S1,20,2822,59262,1,1,0,0,5.115907697472721e-13,True
G01,309,M1,0.5,S1,21,2822,59262,1,1,0,0,2.2737367544323206e-12,True
G01,310,M1,0.5,S1,22,2822,59262,1,1,0,0,9.094947017729282e-13,True
G01,311,M1,0.5,S1,23,2822,59262,1,1,0,0,9.663381206337363e-13,True
G01,312,M1,0.5,S1,24,2822,59262,1,1,0,0,1.1368683772161603e-13,True
G01,313,M1,0.5,S1,25,2822,59262,1,1,0,0,2.1032064978498966e-12,True
G01,314,M1,0.5,S1,26,2822,59262,1,1,0,0,5.115907697472721e-13,True
G01,315,M1,0.5,S1,27,2822,59262,1,1,0,0,4.718003765447065e-12,True
G01,316,M1,0.5,S1,28,2822,59262,1,1,0,0,1.1368683772161603e-13,True
G01,317,M1,0.5,S1,29,2822,59262,1,1,0,0,2.2737367544323206e-13,True
G01,318,M1,0.5,S1,30,2822,59262,1,1,0,0,3.467448550509289e-12,True
G01,319,M1,0.5,S1,31,2822,59262,1,1,0,0,3.751665644813329e-12,True
G01,320,M1,0.5,S2,0,2822,59262,1,1,0,0,5.684341886080801e-13,True
G01,321,M1,0.5,S2,1,2822,59262,1,1,0,0,1.3073986337985843e-12,True
G01,322,M1,0.5,S2,2,2822,59262,1,1,0,0,7.389644451905042e-13,True
G01,323,M1,0.5,S2,3,2822,59262,0,0,0,0,0.0,True
G01,324,M1,0.5,S2,4,2822,59262,1,1,0,0,6.252776074688882e-13,True
G01,325,M1,0.5,S2,5,2822,59262,1,1,0,0,2.2737367544323206e-13,True
G01,326,M1,0.5,S2,6,2822,59262,1,1,0,0,1.4210854715202004e-12,True
G01,327,M1,0.5,S2,7,2822,59262,1,1,0,0,1.0800249583553523e-12,True
G01,328,M1,0.5,S2,8,2822,59262,1,1,0,0,4.547473508864641e-13,True
G01,329,M1,0.5,S2,9,2822,59262,1,1,0,0,2.9558577807620168e-12,True
G01,330,M1,0.5,S2,10,2822,59262,1,1,0,0,1.1937117960769683e-12,True
G01,331,M1,0.5,S2,11,2822,59262,1,1,0,0,1.2505552149377763e-12,True
G01,332,M1,0.5,S2,12,2822,59262,1,1,0,0,1.2505552149377763e-12,True
G01,333,M1,0.5,S2,13,2822,59262,1,1,0,0,2.0463630789890885e-12,True
G01,334,M1,0.5,S2,14,2822,59262,1,1,0,0,3.069544618483633e-12,True
G01,335,M1,0.5,S2,15,2822,59262,1,1,0,0,2.9558577807620168e-12,True
G01,336,M1,0.5,S2,16,2822,59262,1,1,0,0,2.3874235921539366e-12,True
G01,337,M1,0.5,S2,17,2822,59262,1,1,0,0,2.3305801732931286e-12,True
G01,338,M1,0.5,S2,18,2822,59262,1,1,0,0,3.410605131648481e-13,True
G01,339,M1,0.5,S2,19,2822,59262,0,0,0,0,0.0,True
G01,340,M1,0.5,S2,20,2822,59262,1,1,0,0,5.115907697472721e-13,True
G01,341,M1,0.5,S2,21,2822,59262,1,1,0,0,4.547473508864641e-13,True
G01,342,M1,0.5,S2,22,2822,59262,1,1,0,0,2.7284841053187847e-12,True
G01,343,M1,0.5,S2,23,2822,59262,1,1,0,0,2.6716406864579767e-12,True
G01,344,M1,0.5,S2,24,2822,59262,1,1,0,0,5.684341886080802e-14,True
G01,345,M1,0.5,S2,25,2822,59262,1,1,0,0,2.8421709430404007e-13,True
G01,346,M1,0.5,S2,26,2822,59262,1,1,0,0,4.547473508864641e-13,True
G01,347,M1,0.5,S2,27,2822,59262,1,1,0,0,1.0800249583553523e-12,True
G01,348,M1,0.5,S2,28,2822,59262,1,1,0,0,1.1368683772161603e-13,True
G01,349,M1,0.5,S2,29,2822,59262,1,1,0,0,2.2737367544323206e-13,True
G01,350,M1,0.5,S2,30,2822,59262,1,1,0,0,3.410605131648481e-12,True
G01,351,M1,0.5,S2,31,2822,59262,1,1,0,0,5.684341886080802e-14,True
G01,352,M1,0.5,S3,0,2822,59262,1,1,0,0,7.389644451905042e-13,True
G01,353,M1,0.5,S3,1,2822,59262,1,1,0,0,1.1368683772161603e-12,True
G01,354,M1,0.5,S3,2,2822,59262,1,1,0,0,2.6716406864579767e-12,True
G01,355,M1,0.5,S3,3,2822,59262,0,0,0,0,0.0,True
G01,356,M1,0.5,S3,4,2822,59262,1,1,0,0,1.1368683772161603e-13,True
G01,357,M1,0.5,S3,5,2822,59262,1,1,0,0,3.524291969370097e-12,True
G01,358,M1,0.5,S3,6,2822,59262,1,1,0,0,1.8189894035458565e-12,True
G01,359,M1,0.5,S3,7,2822,59262,1,1,0,0,9.663381206337363e-13,True
G01,360,M1,0.5,S3,8,2822,59262,1,1,0,0,2.1600499167107046e-12,True
G01,361,M1,0.5,S3,9,2822,59262,1,1,0,0,4.547473508864641e-13,True
G01,362,M1,0.5,S3,10,2822,59262,0,0,0,0,0.0,True
G01,363,M1,0.5,S3,11,2822,59262,1,1,0,0,2.2737367544323206e-13,True
G01,364,M1,0.5,S3,12,2822,59262,1,1,0,0,7.389644451905042e-13,True
G01,365,M1,0.5,S3,13,2822,59262,1,1,0,0,5.115907697472721e-13,True
G01,366,M1,0.5,S3,14,2822,59262,1,1,0,0,2.2737367544323206e-13,True
G01,367,M1,0.5,S3,15,2822,59262,1,1,0,0,3.410605131648481e-13,True
G01,368,M1,0.5,S3,16,2822,59262,1,1,0,0,1.1368683772161603e-12,True
G01,369,M1,0.5,S3,17,2822,59262,1,1,0,0,9.663381206337363e-13,True
G01,370,M1,0.5,S3,18,2822,59262,1,1,0,0,2.3305801732931286e-12,True
G01,371,M1,0.5,S3,19,2822,59262,0,0,0,0,0.0,True
G01,372,M1,0.5,S3,20,2822,59262,1,1,0,0,1.9326762412674725e-12,True
G01,373,M1,0.5,S3,21,2822,59262,1,1,0,0,6.252776074688882e-13,True
G01,374,M1,0.5,S3,22,2822,59262,1,1,0,0,1.1937117960769683e-12,True
G01,375,M1,0.5,S3,23,2822,59262,1,1,0,0,1.8758328224066645e-12,True
G01,376,M1,0.5,S3,24,2822,59262,1,1,0,0,2.5011104298755527e-12,True
G01,377,M1,0.5,S3,25,2822,59262,1,1,0,0,1.4779288903810084e-12,True
G01,378,M1,0.5,S3,26,2822,59262,1,1,0,0,2.2737367544323206e-13,True
G01,379,M1,0.5,S3,27,2822,59262,1,1,0,0,2.6147972675971687e-12,True
G01,380,M1,0.5,S3,28,2822,59262,1,1,0,0,2.1600499167107046e-12,True
G01,381,M1,0.5,S3,29,2822,59262,1,1,0,0,2.1600499167107046e-12,True
G01,382,M1,0.5,S3,30,2822,59262,1,1,0,0,1.9895196601282805e-12,True
G01,383,M1,0.5,S3,31,2822,59262,1,1,0,0,1.7053025658242404e-12,True
G01,0,ORACLE,0.1,S0,0,2822,59262,1,1,0,0,5.0249582272954285e-11,True
G01,1,ORACLE,0.1,S0,1,2822,59262,1,1,0,0,5.0818016461562365e-11,True
G01,2,ORACLE,0.1,S0,2,2822,59262,1,1,0,0,2.8421709430404007e-11,True
G01,3,ORACLE,0.1,S0,3,2822,59262,1,1,0,0,4.524736141320318e-11,True
G01,4,ORACLE,0.1,S0,4,2822,59262,1,1,0,0,3.5072389437118545e-11,True
G01,5,ORACLE,0.1,S0,5,2822,59262,1,1,0,0,3.694822225952521e-11,True
G01,6,ORACLE,0.1,S0,6,2822,59262,1,1,0,0,2.9899638320785016e-11,True
G01,7,ORACLE,0.1,S0,7,2822,59262,1,1,0,0,2.290789780090563e-11,True
G01,8,ORACLE,0.1,S0,8,2822,59262,1,1,0,0,7.548806024715304e-11,True
G01,9,ORACLE,0.1,S0,9,2822,59262,1,1,0,0,2.2737367544323206e-13,True
G01,10,ORACLE,0.1,S0,10,2822,59262,1,1,0,0,1.2778400559909642e-10,True
G01,11,ORACLE,0.1,S0,11,2822,59262,1,1,0,0,4.126832209294662e-11,True
G01,12,ORACLE,0.1,S0,12,2822,59262,0,0,0,0,0.0,True
G01,13,ORACLE,0.1,S0,13,2822,59262,1,1,0,0,1.6541434888495132e-11,True
G01,14,ORACLE,0.1,S0,14,2822,59262,1,1,0,0,1.3415046851150692e-11,True
G01,15,ORACLE,0.1,S0,15,2822,59262,1,1,0,0,3.7971403799019754e-11,True
G01,16,ORACLE,0.1,S0,16,2822,59262,1,1,0,0,2.7284841053187847e-12,True
G01,17,ORACLE,0.1,S0,17,2822,59262,1,1,0,0,4.3371528590796515e-11,True
G01,18,ORACLE,0.1,S0,18,2822,59262,1,1,0,0,3.149125404888764e-11,True
G01,19,ORACLE,0.1,S0,19,2822,59262,1,1,0,0,4.985167834092863e-11,True
G01,20,ORACLE,0.1,S0,20,2822,59262,1,1,0,0,7.327116691158153e-11,True
G01,21,ORACLE,0.1,S0,21,2822,59262,1,1,0,0,2.262368070660159e-11,True
G01,22,ORACLE,0.1,S0,22,2822,59262,1,1,0,0,7.696598913753405e-11,True
G01,23,ORACLE,0.1,S0,23,2822,59262,1,1,0,0,2.7569058147491887e-11,True
G01,24,ORACLE,0.1,S0,24,2822,59262,1,1,0,0,7.275957614183426e-12,True
G01,25,ORACLE,0.1,S0,25,2822,59262,1,1,0,0,7.736389306955971e-11,True
G01,26,ORACLE,0.1,S0,26,2822,59262,1,1,0,0,4.433786671143025e-12,True
G01,27,ORACLE,0.1,S0,27,2822,59262,1,1,0,0,4.462208380573429e-11,True
G01,28,ORACLE,0.1,S0,28,2822,59262,1,1,0,0,1.2278178473934531e-11,True
G01,29,ORACLE,0.1,S0,29,2822,59262,1,1,0,0,4.069988790433854e-11,True
G01,30,ORACLE,0.1,S0,30,2822,59262,1,1,0,0,3.2173375075217336e-11,True
G01,31,ORACLE,0.1,S0,31,2822,59262,1,1,0,0,4.18367562815547e-11,True
G01,32,ORACLE,0.1,S1,0,2822,59262,1,1,0,0,5.013589543523267e-11,True
G01,33,ORACLE,0.1,S1,1,2822,59262,1,1,0,0,5.0818016461562365e-11,True
G01,34,ORACLE,0.1,S1,2,2822,59262,1,1,0,0,2.8421709430404007e-11,True
G01,35,ORACLE,0.1,S1,3,2822,59262,1,1,0,0,4.524736141320318e-11,True
G01,36,ORACLE,0.1,S1,4,2822,59262,1,1,0,0,3.5072389437118545e-11,True
G01,37,ORACLE,0.1,S1,5,2822,59262,1,1,0,0,3.694822225952521e-11,True
G01,38,ORACLE,0.1,S1,6,2822,59262,1,1,0,0,2.9899638320785016e-11,True
G01,39,ORACLE,0.1,S1,7,2822,59262,1,1,0,0,2.290789780090563e-11,True
G01,40,ORACLE,0.1,S1,8,2822,59262,1,1,0,0,2.9899638320785016e-11,True
G01,41,ORACLE,0.1,S1,9,2822,59262,1,1,0,0,3.410605131648481e-13,True
G01,42,ORACLE,0.1,S1,10,2822,59262,1,1,0,0,1.2778400559909642e-10,True
G01,43,ORACLE,0.1,S1,11,2822,59262,1,1,0,0,4.126832209294662e-11,True
G01,44,ORACLE,0.1,S1,12,2822,59262,0,0,0,0,0.0,True
G01,45,ORACLE,0.1,S1,13,2822,59262,1,1,0,0,6.178879630169831e-11,True
G01,46,ORACLE,0.1,S1,14,2822,59262,1,1,0,0,1.3415046851150692e-11,True
G01,47,ORACLE,0.1,S1,15,2822,59262,1,1,0,0,3.7971403799019754e-11,True
G01,48,ORACLE,0.1,S1,16,2822,59262,1,1,0,0,2.7284841053187847e-12,True
G01,49,ORACLE,0.1,S1,17,2822,59262,1,1,0,0,4.3371528590796515e-11,True
G01,50,ORACLE,0.1,S1,18,2822,59262,1,1,0,0,3.149125404888764e-11,True
G01,51,ORACLE,0.1,S1,19,2822,59262,1,1,0,0,4.985167834092863e-11,True
G01,52,ORACLE,0.1,S1,20,2822,59262,1,1,0,0,7.327116691158153e-11,True
G01,53,ORACLE,0.1,S1,21,2822,59262,1,1,0,0,6.843947630841285e-11,True
G01,54,ORACLE,0.1,S1,22,2822,59262,1,1,0,0,7.696598913753405e-11,True
G01,55,ORACLE,0.1,S1,23,2822,59262,1,1,0,0,2.7569058147491887e-11,True
G01,56,ORACLE,0.1,S1,24,2822,59262,1,1,0,0,7.275957614183426e-12,True
G01,57,ORACLE,0.1,S1,25,2822,59262,1,1,0,0,7.736389306955971e-11,True
G01,58,ORACLE,0.1,S1,26,2822,59262,1,1,0,0,4.433786671143025e-12,True
G01,59,ORACLE,0.1,S1,27,2822,59262,1,1,0,0,4.462208380573429e-11,True
G01,60,ORACLE,0.1,S1,28,2822,59262,1,1,0,0,1.2278178473934531e-11,True
G01,61,ORACLE,0.1,S1,29,2822,59262,1,1,0,0,4.069988790433854e-11,True
G01,62,ORACLE,0.1,S1,30,2822,59262,1,1,0,0,3.2173375075217336e-11,True
G01,63,ORACLE,0.1,S1,31,2822,59262,1,1,0,0,4.18367562815547e-11,True
G01,64,ORACLE,0.1,S2,0,2822,59262,1,1,0,0,5.013589543523267e-11,True
G01,65,ORACLE,0.1,S2,1,2822,59262,1,1,0,0,5.0818016461562365e-11,True
G01,66,ORACLE,0.1,S2,2,2822,59262,1,1,0,0,2.8421709430404007e-11,True
G01,67,ORACLE,0.1,S2,3,2822,59262,1,1,0,0,4.524736141320318e-11,True
G01,68,ORACLE,0.1,S2,4,2822,59262,1,1,0,0,3.5072389437118545e-11,True
G01,69,ORACLE,0.1,S2,5,2822,59262,1,1,0,0,3.694822225952521e-11,True
G01,70,ORACLE,0.1,S2,6,2822,59262,1,1,0,0,3.001332515850663e-11,True
G01,71,ORACLE,0.1,S2,7,2822,59262,1,1,0,0,2.290789780090563e-11,True
G01,72,ORACLE,0.1,S2,8,2822,59262,1,1,0,0,2.9899638320785016e-11,True
G01,73,ORACLE,0.1,S2,9,2822,59262,1,1,0,0,2.2737367544323206e-13,True
G01,74,ORACLE,0.1,S2,10,2822,59262,1,1,0,0,1.2778400559909642e-10,True
G01,75,ORACLE,0.1,S2,11,2822,59262,1,1,0,0,4.126832209294662e-11,True
G01,76,ORACLE,0.1,S2,12,2822,59262,0,0,0,0,0.0,True
G01,77,ORACLE,0.1,S2,13,2822,59262,1,1,0,0,1.6541434888495132e-11,True
G01,78,ORACLE,0.1,S2,14,2822,59262,1,1,0,0,1.3415046851150692e-11,True
G01,79,ORACLE,0.1,S2,15,2822,59262,1,1,0,0,3.7971403799019754e-11,True
G01,80,ORACLE,0.1,S2,16,2822,59262,1,1,0,0,2.7284841053187847e-12,True
G01,81,ORACLE,0.1,S2,17,2822,59262,1,1,0,0,4.3371528590796515e-11,True
G01,82,ORACLE,0.1,S2,18,2822,59262,1,1,0,0,3.149125404888764e-11,True
G01,83,ORACLE,0.1,S2,19,2822,59262,1,1,0,0,4.985167834092863e-11,True
G01,84,ORACLE,0.1,S2,20,2822,59262,1,1,0,0,7.327116691158153e-11,True
G01,85,ORACLE,0.1,S2,21,2822,59262,1,1,0,0,6.866684998385608e-11,True
G01,86,ORACLE,0.1,S2,22,2822,59262,1,1,0,0,7.696598913753405e-11,True
G01,87,ORACLE,0.1,S2,23,2822,59262,1,1,0,0,2.7569058147491887e-11,True
G01,88,ORACLE,0.1,S2,24,2822,59262,1,1,0,0,6.59383658785373e-12,True
G01,89,ORACLE,0.1,S2,25,2822,59262,1,1,0,0,7.736389306955971e-11,True
G01,90,ORACLE,0.1,S2,26,2822,59262,1,1,0,0,4.433786671143025e-12,True
G01,91,ORACLE,0.1,S2,27,2822,59262,1,1,0,0,4.462208380573429e-11,True
G01,92,ORACLE,0.1,S2,28,2822,59262,1,1,0,0,1.2278178473934531e-11,True
G01,93,ORACLE,0.1,S2,29,2822,59262,1,1,0,0,4.069988790433854e-11,True
G01,94,ORACLE,0.1,S2,30,2822,59262,1,1,0,0,3.2173375075217336e-11,True
G01,95,ORACLE,0.1,S2,31,2822,59262,1,1,0,0,4.18367562815547e-11,True
G01,96,ORACLE,0.1,S3,0,2822,59262,1,1,0,0,4.945377440890297e-11,True
G01,97,ORACLE,0.1,S3,1,2822,59262,1,1,0,0,5.150013748789206e-11,True
G01,98,ORACLE,0.1,S3,2,2822,59262,1,1,0,0,1.63140612130519e-11,True
G01,99,ORACLE,0.1,S3,3,2822,59262,1,1,0,0,4.4792614062316716e-11,True
G01,100,ORACLE,0.1,S3,4,2822,59262,1,1,0,0,8.043343768804334e-11,True
G01,101,ORACLE,0.1,S3,5,2822,59262,1,1,0,0,3.672084858408198e-11,True
G01,102,ORACLE,0.1,S3,6,2822,59262,1,1,0,0,2.9899638320785016e-11,True
G01,103,ORACLE,0.1,S3,7,2822,59262,1,1,0,0,2.3646862246096134e-11,True
G01,104,ORACLE,0.1,S3,8,2822,59262,1,1,0,0,3.012701199622825e-11,True
G01,105,ORACLE,0.1,S3,9,2822,59262,1,1,0,0,1.7053025658242404e-13,True
G01,106,ORACLE,0.1,S3,10,2822,59262,1,1,0,0,8.265033102361485e-11,True
G01,107,ORACLE,0.1,S3,11,2822,59262,1,1,0,0,3.922195901395753e-12,True
G01,108,ORACLE,0.1,S3,12,2822,59262,0,0,0,0,0.0,True
G01,109,ORACLE,0.1,S3,13,2822,59262,1,1,0,0,1.7109869077103212e-11,True
G01,110,ORACLE,0.1,S3,14,2822,59262,1,1,0,0,1.2846612662542611e-11,True
G01,111,ORACLE,0.1,S3,15,2822,59262,1,1,0,0,3.802824721788056e-11,True
G01,112,ORACLE,0.1,S3,16,2822,59262,1,1,0,0,2.6147972675971687e-12,True
G01,113,ORACLE,0.1,S3,17,2822,59262,1,1,0,0,4.291678123991005e-11,True
G01,114,ORACLE,0.1,S3,18,2822,59262,1,1,0,0,7.66249286243692e-11,True
G01,115,ORACLE,0.1,S3,19,2822,59262,1,1,0,0,4.973799150320701e-11,True
G01,116,ORACLE,0.1,S3,20,2822,59262,1,1,0,0,2.830802259268239e-11,True
G01,117,ORACLE,0.1,S3,21,2822,59262,1,1,0,0,2.2737367544323206e-11,True
G01,118,ORACLE,0.1,S3,22,2822,59262,1,1,0,0,7.696598913753405e-11,True
G01,119,ORACLE,0.1,S3,23,2822,59262,1,1,0,0,2.745537130977027e-11,True
G01,120,ORACLE,0.1,S3,24,2822,59262,1,1,0,0,7.389644451905042e-12,True
G01,121,ORACLE,0.1,S3,25,2822,59262,1,1,0,0,3.234390533179976e-11,True
G01,122,ORACLE,0.1,S3,26,2822,59262,1,1,0,0,4.320099833421409e-12,True
G01,123,ORACLE,0.1,S3,27,2822,59262,1,1,0,0,4.4508396968012676e-11,True
G01,124,ORACLE,0.1,S3,28,2822,59262,1,1,0,0,1.1823431123048067e-11,True
G01,125,ORACLE,0.1,S3,29,2822,59262,1,1,0,0,4.069988790433854e-11,True
G01,126,ORACLE,0.1,S3,30,2822,59262,1,1,0,0,3.211653165635653e-11,True
G01,127,ORACLE,0.1,S3,31,2822,59262,1,1,0,0,4.2234660213580355e-11,True
G01,128,ORACLE,0.25,S0,0,2822,59262,1,1,0,0,2.6830093702301383e-11,True
G01,129,ORACLE,0.25,S0,1,2822,59262,1,1,0,0,2.1600499167107046e-12,True
G01,130,ORACLE,0.25,S0,2,2822,59262,1,1,0,0,1.807620719773695e-11,True
G01,131,ORACLE,0.25,S0,3,2822,59262,1,1,0,0,9.094947017729282e-13,True
G01,132,ORACLE,0.25,S0,4,2822,59262,1,1,0,0,7.958078640513122e-13,True
G01,133,ORACLE,0.25,S0,5,2822,59262,1,1,0,0,1.6257217794191092e-11,True
G01,134,ORACLE,0.25,S0,6,2822,59262,1,1,0,0,4.888534022029489e-12,True
G01,135,ORACLE,0.25,S0,7,2822,59262,1,1,0,0,3.865352482534945e-12,True
G01,136,ORACLE,0.25,S0,8,2822,59262,1,1,0,0,6.0254023992456496e-12,True
G01,137,ORACLE,0.25,S0,9,2822,59262,1,1,0,0,9.777068044058979e-12,True
G01,138,ORACLE,0.25,S0,10,2822,59262,1,1,0,0,1.3642420526593924e-12,True
G01,139,ORACLE,0.25,S0,11,2822,59262,1,1,0,0,2.1032064978498966e-12,True
G01,140,ORACLE,0.25,S0,12,2822,59262,0,0,0,0,0.0,True
G01,141,ORACLE,0.25,S0,13,2822,59262,1,1,0,0,3.637978807091713e-12,True
G01,142,ORACLE,0.25,S0,14,2822,59262,1,1,0,0,2.3874235921539366e-12,True
G01,143,ORACLE,0.25,S0,15,2822,59262,1,1,0,0,3.751665644813329e-12,True
G01,144,ORACLE,0.25,S0,16,2822,59262,1,1,0,0,8.29913915367797e-12,True
G01,145,ORACLE,0.25,S0,17,2822,59262,1,1,0,0,1.2505552149377763e-12,True
G01,146,ORACLE,0.25,S0,18,2822,59262,1,1,0,0,5.684341886080802e-14,True
G01,147,ORACLE,0.25,S0,19,2822,59262,1,1,0,0,4.945377440890297e-12,True
G01,148,ORACLE,0.25,S0,20,2822,59262,1,1,0,0,4.092726157978177e-12,True
G01,149,ORACLE,0.25,S0,21,2822,59262,1,1,0,0,2.1600499167107046e-12,True
G01,150,ORACLE,0.25,S0,22,2822,59262,1,1,0,0,1.1254996934439987e-11,True
G01,151,ORACLE,0.25,S0,23,2822,59262,1,1,0,0,3.751665644813329e-12,True
G01,152,ORACLE,0.25,S0,24,2822,59262,1,1,0,0,3.069544618483633e-12,True
G01,153,ORACLE,0.25,S0,25,2822,59262,1,1,0,0,1.0118128557223827e-11,True
G01,154,ORACLE,0.25,S0,26,2822,59262,1,1,0,0,1.2960299500264227e-11,True
G01,155,ORACLE,0.25,S0,27,2822,59262,1,1,0,0,4.547473508864641e-13,True
G01,156,ORACLE,0.25,S0,28,2822,59262,1,1,0,0,8.981260180007666e-12,True
G01,157,ORACLE,0.25,S0,29,2822,59262,1,1,0,0,3.637978807091713e-12,True
G01,158,ORACLE,0.25,S0,30,2822,59262,1,1,0,0,9.663381206337363e-12,True
G01,159,ORACLE,0.25,S0,31,2822,59262,1,1,0,0,2.6147972675971687e-12,True
G01,160,ORACLE,0.25,S1,0,2822,59262,1,1,0,0,2.660272002685815e-11,True
G01,161,ORACLE,0.25,S1,1,2822,59262,1,1,0,0,2.1600499167107046e-12,True
G01,162,ORACLE,0.25,S1,2,2822,59262,1,1,0,0,1.807620719773695e-11,True
G01,163,ORACLE,0.25,S1,3,2822,59262,1,1,0,0,9.094947017729282e-13,True
G01,164,ORACLE,0.25,S1,4,2822,59262,1,1,0,0,7.958078640513122e-13,True
G01,165,ORACLE,0.25,S1,5,2822,59262,1,1,0,0,1.6370904631912708e-11,True
G01,166,ORACLE,0.25,S1,6,2822,59262,1,1,0,0,4.661160346586257e-12,True
G01,167,ORACLE,0.25,S1,7,2822,59262,1,1,0,0,3.865352482534945e-12,True
G01,168,ORACLE,0.25,S1,8,2822,59262,1,1,0,0,5.9117155615240335e-12,True
G01,169,ORACLE,0.25,S1,9,2822,59262,1,1,0,0,9.777068044058979e-12,True
G01,170,ORACLE,0.25,S1,10,2822,59262,1,1,0,0,1.7053025658242404e-12,True
G01,171,ORACLE,0.25,S1,11,2822,59262,1,1,0,0,2.1032064978498966e-12,True
G01,172,ORACLE,0.25,S1,12,2822,59262,0,0,0,0,0.0,True
G01,173,ORACLE,0.25,S1,13,2822,59262,1,1,0,0,3.637978807091713e-12,True
G01,174,ORACLE,0.25,S1,14,2822,59262,1,1,0,0,2.3874235921539366e-12,True
G01,175,ORACLE,0.25,S1,15,2822,59262,1,1,0,0,3.467448550509289e-12,True
G01,176,ORACLE,0.25,S1,16,2822,59262,1,1,0,0,8.071765478234738e-12,True
G01,177,ORACLE,0.25,S1,17,2822,59262,1,1,0,0,1.2505552149377763e-12,True
G01,178,ORACLE,0.25,S1,18,2822,59262,1,1,0,0,5.684341886080802e-14,True
G01,179,ORACLE,0.25,S1,19,2822,59262,1,1,0,0,4.718003765447065e-12,True
G01,180,ORACLE,0.25,S1,20,2822,59262,1,1,0,0,4.092726157978177e-12,True
G01,181,ORACLE,0.25,S1,21,2822,59262,1,1,0,0,2.1600499167107046e-12,True
G01,182,ORACLE,0.25,S1,22,2822,59262,1,1,0,0,1.1254996934439987e-11,True
G01,183,ORACLE,0.25,S1,23,2822,59262,1,1,0,0,3.751665644813329e-12,True
G01,184,ORACLE,0.25,S1,24,2822,59262,1,1,0,0,2.9558577807620168e-12,True
G01,185,ORACLE,0.25,S1,25,2822,59262,1,1,0,0,1.000444171950221e-11,True
G01,186,ORACLE,0.25,S1,26,2822,59262,1,1,0,0,1.2960299500264227e-11,True
G01,187,ORACLE,0.25,S1,27,2822,59262,1,1,0,0,6.821210263296962e-13,True
G01,188,ORACLE,0.25,S1,28,2822,59262,1,1,0,0,8.753886504564434e-12,True
G01,189,ORACLE,0.25,S1,29,2822,59262,1,1,0,0,3.637978807091713e-12,True
G01,190,ORACLE,0.25,S1,30,2822,59262,1,1,0,0,9.663381206337363e-12,True
G01,191,ORACLE,0.25,S1,31,2822,59262,1,1,0,0,2.7284841053187847e-12,True
G01,192,ORACLE,0.25,S2,0,2822,59262,1,1,0,0,2.6830093702301383e-11,True
G01,193,ORACLE,0.25,S2,1,2822,59262,1,1,0,0,2.1600499167107046e-12,True
G01,194,ORACLE,0.25,S2,2,2822,59262,1,1,0,0,1.8189894035458565e-11,True
G01,195,ORACLE,0.25,S2,3,2822,59262,1,1,0,0,1.1368683772161603e-12,True
G01,196,ORACLE,0.25,S2,4,2822,59262,1,1,0,0,7.958078640513122e-13,True
G01,197,ORACLE,0.25,S2,5,2822,59262,1,1,0,0,1.659827830735594e-11,True
G01,198,ORACLE,0.25,S2,6,2822,59262,1,1,0,0,4.888534022029489e-12,True
G01,199,ORACLE,0.25,S2,7,2822,59262,1,1,0,0,3.865352482534945e-12,True
G01,200,ORACLE,0.25,S2,8,2822,59262,1,1,0,0,6.0254023992456496e-12,True
G01,201,ORACLE,0.25,S2,9,2822,59262,1,1,0,0,9.72022462519817e-12,True
G01,202,ORACLE,0.25,S2,10,2822,59262,1,1,0,0,1.5916157281026244e-12,True
G01,203,ORACLE,0.25,S2,11,2822,59262,1,1,0,0,2.1032064978498966e-12,True
G01,204,ORACLE,0.25,S2,12,2822,59262,0,0,0,0,0.0,True
G01,205,ORACLE,0.25,S2,13,2822,59262,1,1,0,0,3.637978807091713e-12,True
G01,206,ORACLE,0.25,S2,14,2822,59262,1,1,0,0,2.3874235921539366e-12,True
G01,207,ORACLE,0.25,S2,15,2822,59262,1,1,0,0,3.637978807091713e-12,True
G01,208,ORACLE,0.25,S2,16,2822,59262,1,1,0,0,8.29913915367797e-12,True
G01,209,ORACLE,0.25,S2,17,2822,59262,1,1,0,0,1.2505552149377763e-12,True
G01,210,ORACLE,0.25,S2,18,2822,59262,1,1,0,0,5.684341886080802e-14,True
G01,211,ORACLE,0.25,S2,19,2822,59262,1,1,0,0,4.718003765447065e-12,True
G01,212,ORACLE,0.25,S2,20,2822,59262,1,1,0,0,4.092726157978177e-12,True
G01,213,ORACLE,0.25,S2,21,2822,59262,1,1,0,0,2.1600499167107046e-12,True
G01,214,ORACLE,0.25,S2,22,2822,59262,1,1,0,0,1.1254996934439987e-11,True
G01,215,ORACLE,0.25,S2,23,2822,59262,1,1,0,0,3.581135388230905e-12,True
G01,216,ORACLE,0.25,S2,24,2822,59262,1,1,0,0,3.183231456205249e-12,True
G01,217,ORACLE,0.25,S2,25,2822,59262,1,1,0,0,1.0118128557223827e-11,True
G01,218,ORACLE,0.25,S2,26,2822,59262,1,1,0,0,1.2960299500264227e-11,True
G01,219,ORACLE,0.25,S2,27,2822,59262,1,1,0,0,4.547473508864641e-13,True
G01,220,ORACLE,0.25,S2,28,2822,59262,1,1,0,0,8.981260180007666e-12,True
G01,221,ORACLE,0.25,S2,29,2822,59262,1,1,0,0,3.637978807091713e-12,True
G01,222,ORACLE,0.25,S2,30,2822,59262,1,1,0,0,9.322320693172514e-12,True
G01,223,ORACLE,0.25,S2,31,2822,59262,1,1,0,0,2.6147972675971687e-12,True
G01,224,ORACLE,0.25,S3,0,2822,59262,1,1,0,0,2.660272002685815e-11,True
G01,225,ORACLE,0.25,S3,1,2822,59262,1,1,0,0,2.1600499167107046e-12,True
G01,226,ORACLE,0.25,S3,2,2822,59262,1,1,0,0,1.830358087318018e-11,True
G01,227,ORACLE,0.25,S3,3,2822,59262,1,1,0,0,1.1368683772161603e-12,True
G01,228,ORACLE,0.25,S3,4,2822,59262,1,1,0,0,7.958078640513122e-13,True
G01,229,ORACLE,0.25,S3,5,2822,59262,1,1,0,0,9.322320693172514e-12,True
G01,230,ORACLE,0.25,S3,6,2822,59262,1,1,0,0,4.774847184307873e-12,True
G01,231,ORACLE,0.25,S3,7,2822,59262,1,1,0,0,3.637978807091713e-12,True
G01,232,ORACLE,0.25,S3,8,2822,59262,1,1,0,0,1.3642420526593924e-12,True
G01,233,ORACLE,0.25,S3,9,2822,59262,1,1,0,0,9.777068044058979e-12,True
G01,234,ORACLE,0.25,S3,10,2822,59262,1,1,0,0,1.4779288903810084e-12,True
G01,235,ORACLE,0.25,S3,11,2822,59262,1,1,0,0,9.379164112033322e-12,True
G01,236,ORACLE,0.25,S3,12,2822,59262,0,0,0,0,0.0,True
G01,237,ORACLE,0.25,S3,13,2822,59262,1,1,0,0,3.637978807091713e-12,True
G01,238,ORACLE,0.25,S3,14,2822,59262,1,1,0,0,2.3874235921539366e-12,True
G01,239,ORACLE,0.25,S3,15,2822,59262,1,1,0,0,3.581135388230905e-12,True
G01,240,ORACLE,0.25,S3,16,2822,59262,1,1,0,0,8.185452315956354e-12,True
G01,241,ORACLE,0.25,S3,17,2822,59262,1,1,0,0,1.2505552149377763e-12,True
G01,242,ORACLE,0.25,S3,18,2822,59262,1,1,0,0,2.2737367544323206e-13,True
G01,243,ORACLE,0.25,S3,19,2822,59262,1,1,0,0,4.661160346586257e-12,True
G01,244,ORACLE,0.25,S3,20,2822,59262,1,1,0,0,3.979039320256561e-12,True
G01,245,ORACLE,0.25,S3,21,2822,59262,1,1,0,0,2.1600499167107046e-12,True
G01,246,ORACLE,0.25,S3,22,2822,59262,1,1,0,0,1.1141310096718371e-11,True
G01,247,ORACLE,0.25,S3,23,2822,59262,1,1,0,0,3.581135388230905e-12,True
G01,248,ORACLE,0.25,S3,24,2822,59262,1,1,0,0,2.9558577807620168e-12,True
G01,249,ORACLE,0.25,S3,25,2822,59262,1,1,0,0,3.0127011996228248e-12,True
G01,250,ORACLE,0.25,S3,26,2822,59262,1,1,0,0,1.3073986337985843e-11,True
G01,251,ORACLE,0.25,S3,27,2822,59262,1,1,0,0,8.526512829121202e-13,True
G01,252,ORACLE,0.25,S3,28,2822,59262,1,1,0,0,1.3073986337985843e-12,True
G01,253,ORACLE,0.25,S3,29,2822,59262,1,1,0,0,3.751665644813329e-12,True
G01,254,ORACLE,0.25,S3,30,2822,59262,1,1,0,0,9.777068044058979e-12,True
G01,255,ORACLE,0.25,S3,31,2822,59262,1,1,0,0,3.069544618483633e-12,True
G01,256,ORACLE,0.5,S0,0,2822,59262,1,1,0,0,1.1368683772161603e-12,True
G01,257,ORACLE,0.5,S0,1,2822,59262,1,1,0,0,9.094947017729282e-13,True
G01,258,ORACLE,0.5,S0,2,2822,59262,1,1,0,0,2.5011104298755527e-12,True
G01,259,ORACLE,0.5,S0,3,2822,59262,1,1,0,0,1.4779288903810084e-12,True
G01,260,ORACLE,0.5,S0,4,2822,59262,1,1,0,0,3.410605131648481e-13,True
G01,261,ORACLE,0.5,S0,5,2822,59262,1,1,0,0,3.410605131648481e-13,True
G01,262,ORACLE,0.5,S0,6,2822,59262,1,1,0,0,1.1368683772161603e-13,True
G01,263,ORACLE,0.5,S0,7,2822,59262,1,1,0,0,4.547473508864641e-13,True
G01,264,ORACLE,0.5,S0,8,2822,59262,1,1,0,0,1.7053025658242404e-12,True
G01,265,ORACLE,0.5,S0,9,2822,59262,1,1,0,0,1.4210854715202004e-12,True
G01,266,ORACLE,0.5,S0,10,2822,59262,1,1,0,0,3.240074875066057e-12,True
G01,267,ORACLE,0.5,S0,11,2822,59262,1,1,0,0,2.1600499167107046e-12,True
G01,268,ORACLE,0.5,S0,12,2822,59262,0,0,0,0,0.0,True
G01,269,ORACLE,0.5,S0,13,2822,59262,1,1,0,0,1.8758328224066645e-12,True
G01,270,ORACLE,0.5,S0,14,2822,59262,1,1,0,0,3.410605131648481e-13,True
G01,271,ORACLE,0.5,S0,15,2822,59262,1,1,0,0,1.0231815394945443e-12,True
G01,272,ORACLE,0.5,S0,16,2822,59262,1,1,0,0,2.0463630789890885e-12,True
G01,273,ORACLE,0.5,S0,17,2822,59262,1,1,0,0,2.0463630789890885e-12,True
G01,274,ORACLE,0.5,S0,18,2822,59262,1,1,0,0,2.2737367544323206e-13,True
G01,275,ORACLE,0.5,S0,19,2822,59262,1,1,0,0,7.389644451905042e-13,True
G01,276,ORACLE,0.5,S0,20,2822,59262,1,1,0,0,9.094947017729282e-13,True
G01,277,ORACLE,0.5,S0,21,2822,59262,1,1,0,0,3.410605131648481e-13,True
G01,278,ORACLE,0.5,S0,22,2822,59262,1,1,0,0,5.684341886080801e-13,True
G01,279,ORACLE,0.5,S0,23,2822,59262,1,1,0,0,7.958078640513122e-13,True
G01,280,ORACLE,0.5,S0,24,2822,59262,1,1,0,0,2.2737367544323206e-13,True
G01,281,ORACLE,0.5,S0,25,2822,59262,1,1,0,0,4.547473508864641e-13,True
G01,282,ORACLE,0.5,S0,26,2822,59262,1,1,0,0,2.7284841053187847e-12,True
G01,283,ORACLE,0.5,S0,27,2822,59262,1,1,0,0,1.0231815394945443e-12,True
G01,284,ORACLE,0.5,S0,28,2822,59262,1,1,0,0,1.1368683772161603e-12,True
G01,285,ORACLE,0.5,S0,29,2822,59262,1,1,0,0,1.4779288903810084e-12,True
G01,286,ORACLE,0.5,S0,30,2822,59262,1,1,0,0,2.3874235921539366e-12,True
G01,287,ORACLE,0.5,S0,31,2822,59262,1,1,0,0,1.5916157281026244e-12,True
G01,288,ORACLE,0.5,S1,0,2822,59262,1,1,0,0,1.1368683772161603e-12,True
G01,289,ORACLE,0.5,S1,1,2822,59262,1,1,0,0,9.094947017729282e-13,True
G01,290,ORACLE,0.5,S1,2,2822,59262,1,1,0,0,2.5011104298755527e-12,True
G01,291,ORACLE,0.5,S1,3,2822,59262,1,1,0,0,1.4779288903810084e-12,True
G01,292,ORACLE,0.5,S1,4,2822,59262,1,1,0,0,2.2737367544323206e-13,True
G01,293,ORACLE,0.5,S1,5,2822,59262,1,1,0,0,3.410605131648481e-13,True
G01,294,ORACLE,0.5,S1,6,2822,59262,1,1,0,0,2.0463630789890885e-12,True
G01,295,ORACLE,0.5,S1,7,2822,59262,1,1,0,0,2.3874235921539366e-12,True
G01,296,ORACLE,0.5,S1,8,2822,59262,1,1,0,0,1.8189894035458565e-12,True
G01,297,ORACLE,0.5,S1,9,2822,59262,1,1,0,0,1.4210854715202004e-12,True
G01,298,ORACLE,0.5,S1,10,2822,59262,1,1,0,0,3.240074875066057e-12,True
G01,299,ORACLE,0.5,S1,11,2822,59262,1,1,0,0,2.0463630789890885e-12,True
G01,300,ORACLE,0.5,S1,12,2822,59262,0,0,0,0,0.0,True
G01,301,ORACLE,0.5,S1,13,2822,59262,1,1,0,0,1.8189894035458565e-12,True
G01,302,ORACLE,0.5,S1,14,2822,59262,1,1,0,0,3.410605131648481e-13,True
G01,303,ORACLE,0.5,S1,15,2822,59262,1,1,0,0,9.663381206337363e-13,True
G01,304,ORACLE,0.5,S1,16,2822,59262,1,1,0,0,2.0463630789890885e-12,True
G01,305,ORACLE,0.5,S1,17,2822,59262,1,1,0,0,2.0463630789890885e-12,True
G01,306,ORACLE,0.5,S1,18,2822,59262,1,1,0,0,2.2737367544323206e-13,True
G01,307,ORACLE,0.5,S1,19,2822,59262,1,1,0,0,7.389644451905042e-13,True
G01,308,ORACLE,0.5,S1,20,2822,59262,1,1,0,0,9.094947017729282e-13,True
G01,309,ORACLE,0.5,S1,21,2822,59262,1,1,0,0,3.410605131648481e-13,True
G01,310,ORACLE,0.5,S1,22,2822,59262,1,1,0,0,5.684341886080801e-13,True
G01,311,ORACLE,0.5,S1,23,2822,59262,1,1,0,0,7.389644451905042e-13,True
G01,312,ORACLE,0.5,S1,24,2822,59262,1,1,0,0,2.2737367544323206e-13,True
G01,313,ORACLE,0.5,S1,25,2822,59262,1,1,0,0,3.410605131648481e-13,True
G01,314,ORACLE,0.5,S1,26,2822,59262,1,1,0,0,2.6147972675971687e-12,True
G01,315,ORACLE,0.5,S1,27,2822,59262,1,1,0,0,1.0231815394945443e-12,True
G01,316,ORACLE,0.5,S1,28,2822,59262,1,1,0,0,1.1368683772161603e-12,True
G01,317,ORACLE,0.5,S1,29,2822,59262,1,1,0,0,1.3642420526593924e-12,True
G01,318,ORACLE,0.5,S1,30,2822,59262,1,1,0,0,2.2737367544323206e-12,True
G01,319,ORACLE,0.5,S1,31,2822,59262,1,1,0,0,1.5916157281026244e-12,True
G01,320,ORACLE,0.5,S2,0,2822,59262,1,1,0,0,1.1368683772161603e-12,True
G01,321,ORACLE,0.5,S2,1,2822,59262,1,1,0,0,9.094947017729282e-13,True
G01,322,ORACLE,0.5,S2,2,2822,59262,1,1,0,0,2.5011104298755527e-12,True
G01,323,ORACLE,0.5,S2,3,2822,59262,1,1,0,0,1.4779288903810084e-12,True
G01,324,ORACLE,0.5,S2,4,2822,59262,1,1,0,0,2.2737367544323206e-13,True
G01,325,ORACLE,0.5,S2,5,2822,59262,1,1,0,0,4.547473508864641e-13,True
G01,326,ORACLE,0.5,S2,6,2822,59262,1,1,0,0,2.0463630789890885e-12,True
G01,327,ORACLE,0.5,S2,7,2822,59262,1,1,0,0,2.3874235921539366e-12,True
G01,328,ORACLE,0.5,S2,8,2822,59262,1,1,0,0,1.7053025658242404e-12,True
G01,329,ORACLE,0.5,S2,9,2822,59262,1,1,0,0,1.3073986337985843e-12,True
G01,330,ORACLE,0.5,S2,10,2822,59262,1,1,0,0,3.240074875066057e-12,True
G01,331,ORACLE,0.5,S2,11,2822,59262,1,1,0,0,2.1600499167107046e-12,True
G01,332,ORACLE,0.5,S2,12,2822,59262,0,0,0,0,0.0,True
G01,333,ORACLE,0.5,S2,13,2822,59262,1,1,0,0,1.8189894035458565e-12,True
G01,334,ORACLE,0.5,S2,14,2822,59262,1,1,0,0,3.410605131648481e-13,True
G01,335,ORACLE,0.5,S2,15,2822,59262,1,1,0,0,1.0231815394945443e-12,True
G01,336,ORACLE,0.5,S2,16,2822,59262,1,1,0,0,2.0463630789890885e-12,True
G01,337,ORACLE,0.5,S2,17,2822,59262,1,1,0,0,2.0463630789890885e-12,True
G01,338,ORACLE,0.5,S2,18,2822,59262,1,1,0,0,2.2737367544323206e-13,True
G01,339,ORACLE,0.5,S2,19,2822,59262,1,1,0,0,7.389644451905042e-13,True
G01,340,ORACLE,0.5,S2,20,2822,59262,1,1,0,0,9.094947017729282e-13,True
G01,341,ORACLE,0.5,S2,21,2822,59262,1,1,0,0,2.2737367544323206e-13,True
G01,342,ORACLE,0.5,S2,22,2822,59262,1,1,0,0,5.684341886080801e-13,True
G01,343,ORACLE,0.5,S2,23,2822,59262,1,1,0,0,7.958078640513122e-13,True
G01,344,ORACLE,0.5,S2,24,2822,59262,1,1,0,0,4.547473508864641e-13,True
G01,345,ORACLE,0.5,S2,25,2822,59262,1,1,0,0,3.410605131648481e-13,True
G01,346,ORACLE,0.5,S2,26,2822,59262,1,1,0,0,2.6147972675971687e-12,True
G01,347,ORACLE,0.5,S2,27,2822,59262,1,1,0,0,1.0231815394945443e-12,True
G01,348,ORACLE,0.5,S2,28,2822,59262,1,1,0,0,1.1368683772161603e-12,True
G01,349,ORACLE,0.5,S2,29,2822,59262,1,1,0,0,1.4779288903810084e-12,True
G01,350,ORACLE,0.5,S2,30,2822,59262,1,1,0,0,2.3874235921539366e-12,True
G01,351,ORACLE,0.5,S2,31,2822,59262,1,1,0,0,1.7053025658242404e-12,True
G01,352,ORACLE,0.5,S3,0,2822,59262,1,1,0,0,9.094947017729282e-13,True
G01,353,ORACLE,0.5,S3,1,2822,59262,1,1,0,0,1.0800249583553523e-12,True
G01,354,ORACLE,0.5,S3,2,2822,59262,1,1,0,0,6.252776074688882e-13,True
G01,355,ORACLE,0.5,S3,3,2822,59262,1,1,0,0,1.4779288903810084e-12,True
G01,356,ORACLE,0.5,S3,4,2822,59262,1,1,0,0,2.8421709430404007e-13,True
G01,357,ORACLE,0.5,S3,5,2822,59262,1,1,0,0,1.3642420526593924e-12,True
G01,358,ORACLE,0.5,S3,6,2822,59262,1,1,0,0,2.2737367544323206e-13,True
G01,359,ORACLE,0.5,S3,7,2822,59262,1,1,0,0,6.821210263296962e-13,True
G01,360,ORACLE,0.5,S3,8,2822,59262,1,1,0,0,1.7053025658242404e-12,True
G01,361,ORACLE,0.5,S3,9,2822,59262,1,1,0,0,4.547473508864641e-13,True
G01,362,ORACLE,0.5,S3,10,2822,59262,1,1,0,0,3.183231456205249e-12,True
G01,363,ORACLE,0.5,S3,11,2822,59262,1,1,0,0,2.1600499167107046e-12,True
G01,364,ORACLE,0.5,S3,12,2822,59262,0,0,0,0,0.0,True
G01,365,ORACLE,0.5,S3,13,2822,59262,1,1,0,0,1.8758328224066645e-12,True
G01,366,ORACLE,0.5,S3,14,2822,59262,1,1,0,0,3.410605131648481e-13,True
G01,367,ORACLE,0.5,S3,15,2822,59262,1,1,0,0,9.094947017729282e-13,True
G01,368,ORACLE,0.5,S3,16,2822,59262,1,1,0,0,2.0463630789890885e-12,True
G01,369,ORACLE,0.5,S3,17,2822,59262,1,1,0,0,1.8189894035458565e-12,True
G01,370,ORACLE,0.5,S3,18,2822,59262,1,1,0,0,1.7053025658242404e-13,True
G01,371,ORACLE,0.5,S3,19,2822,59262,1,1,0,0,1.0231815394945443e-12,True
G01,372,ORACLE,0.5,S3,20,2822,59262,1,1,0,0,8.526512829121202e-13,True
G01,373,ORACLE,0.5,S3,21,2822,59262,1,1,0,0,3.410605131648481e-13,True
G01,374,ORACLE,0.5,S3,22,2822,59262,1,1,0,0,1.1937117960769683e-12,True
G01,375,ORACLE,0.5,S3,23,2822,59262,1,1,0,0,7.958078640513122e-13,True
G01,376,ORACLE,0.5,S3,24,2822,59262,1,1,0,0,2.2737367544323206e-13,True
G01,377,ORACLE,0.5,S3,25,2822,59262,1,1,0,0,4.547473508864641e-13,True
G01,378,ORACLE,0.5,S3,26,2822,59262,1,1,0,0,2.7284841053187847e-12,True
G01,379,ORACLE,0.5,S3,27,2822,59262,1,1,0,0,9.663381206337363e-13,True
G01,380,ORACLE,0.5,S3,28,2822,59262,1,1,0,0,1.1368683772161603e-12,True
G01,381,ORACLE,0.5,S3,29,2822,59262,1,1,0,0,1.4210854715202004e-12,True
G01,382,ORACLE,0.5,S3,30,2822,59262,1,1,0,0,2.2737367544323206e-12,True
G01,383,ORACLE,0.5,S3,31,2822,59262,1,1,0,0,1.2505552149377763e-12,True
G02,0,M0,0.1,S0,0,2602,54642,1,1,0,0,3.057039066334255e-10,True
G02,1,M0,0.1,S0,1,2602,54642,1,1,0,0,3.136051418550778e-10,True
G02,2,M0,0.1,S0,2,2602,54642,1,1,0,0,1.8599166651256382e-10,True
G02,3,M0,0.1,S0,3,2602,54642,1,1,0,0,3.0945557227823883e-10,True
G02,4,M0,0.1,S0,4,2602,54642,1,1,0,0,2.615934135974385e-10,True
G02,5,M0,0.1,S0,5,2602,54642,1,1,0,0,1.185185283247847e-10,True
G02,6,M0,0.1,S0,6,2602,54642,1,1,0,0,4.695266397902742e-11,True
G02,7,M0,0.1,S0,7,2602,54642,1,1,0,0,1.078319655789528e-10,True
G02,8,M0,0.1,S0,8,2602,54642,1,1,0,0,1.6609646991128102e-10,True
G02,9,M0,0.1,S0,9,2602,54642,1,1,0,0,3.942659532185644e-10,True
G02,10,M0,0.1,S0,10,2602,54642,1,1,0,0,2.652313924045302e-10,True
G02,11,M0,0.1,S0,11,2602,54642,1,1,0,0,4.0233771869679913e-10,True
G02,12,M0,0.1,S0,12,2602,54642,1,1,0,0,2.448246050335001e-10,True
G02,13,M0,0.1,S0,13,2602,54642,0,0,0,0,0.0,True
G02,14,M0,0.1,S0,14,2602,54642,1,1,0,0,1.5631940186722204e-10,True
G02,15,M0,0.1,S0,15,2602,54642,1,1,0,0,1.659827830735594e-11,True
G02,16,M0,0.1,S0,16,2602,54642,1,1,0,0,4.5156411943025887e-10,True
G02,17,M0,0.1,S0,17,2602,54642,1,1,0,0,1.3517365005100146e-10,True
G02,18,M0,0.1,S0,18,2602,54642,1,1,0,0,7.173639460233971e-10,True
G02,19,M0,0.1,S0,19,2602,54642,1,1,0,0,2.1174173525650986e-10,True
G02,20,M0,0.1,S0,20,2602,54642,0,0,0,0,0.0,True
G02,21,M0,0.1,S0,21,2602,54642,1,1,0,0,2.1668711269740015e-10,True
G02,22,M0,0.1,S0,22,2602,54642,1,1,0,0,6.141362973721698e-10,True
G02,23,M0,0.1,S0,23,2602,54642,0,0,0,0,0.0,True
G02,24,M0,0.1,S0,24,2602,54642,0,0,0,0,0.0,True
G02,25,M0,0.1,S0,25,2602,54642,1,1,0,0,3.133777681796346e-10,True
G02,26,M0,0.1,S0,26,2602,54642,1,1,0,0,5.8548721426632255e-12,True
G02,27,M0,0.1,S0,27,2602,54642,1,1,0,0,4.376943252282217e-11,True
G02,28,M0,0.1,S0,28,2602,54642,1,1,0,0,2.6852831069845706e-10,True
G02,29,M0,0.1,S0,29,2602,54642,1,1,0,0,3.440732143644709e-10,True
G02,30,M0,0.1,S0,30,2602,54642,1,1,0,0,4.525304575508926e-10,True
G02,31,M0,0.1,S0,31,2602,54642,1,1,0,0,1.0516032489249483e-11,True
G02,32,M0,0.1,S1,0,2602,54642,0,0,0,0,0.0,True
G02,33,M0,0.1,S1,1,2602,54642,0,0,0,0,0.0,True
G02,34,M0,0.1,S1,2,2602,54642,0,0,0,0,0.0,True
G02,35,M0,0.1,S1,3,2602,54642,0,0,0,0,0.0,True
G02,36,M0,0.1,S1,4,2602,54642,0,0,0,0,0.0,True
G02,37,M0,0.1,S1,5,2602,54642,0,0,0,0,0.0,True
G02,38,M0,0.1,S1,6,2602,54642,0,0,0,0,0.0,True
G02,39,M0,0.1,S1,7,2602,54642,0,0,0,0,0.0,True
G02,40,M0,0.1,S1,8,2602,54642,0,0,0,0,0.0,True
G02,41,M0,0.1,S1,9,2602,54642,0,0,0,0,0.0,True
G02,42,M0,0.1,S1,10,2602,54642,0,0,0,0,0.0,True
G02,43,M0,0.1,S1,11,2602,54642,0,0,0,0,0.0,True
G02,44,M0,0.1,S1,12,2602,54642,0,0,0,0,0.0,True
G02,45,M0,0.1,S1,13,2602,54642,0,0,0,0,0.0,True
G02,46,M0,0.1,S1,14,2602,54642,0,0,0,0,0.0,True
G02,47,M0,0.1,S1,15,2602,54642,0,0,0,0,0.0,True
G02,48,M0,0.1,S1,16,2602,54642,0,0,0,0,0.0,True
G02,49,M0,0.1,S1,17,2602,54642,0,0,0,0,0.0,True
G02,50,M0,0.1,S1,18,2602,54642,0,0,0,0,0.0,True
G02,51,M0,0.1,S1,19,2602,54642,0,0,0,0,0.0,True
G02,52,M0,0.1,S1,20,2602,54642,0,0,0,0,0.0,True
G02,53,M0,0.1,S1,21,2602,54642,0,0,0,0,0.0,True
G02,54,M0,0.1,S1,22,2602,54642,0,0,0,0,0.0,True
G02,55,M0,0.1,S1,23,2602,54642,0,0,0,0,0.0,True
G02,56,M0,0.1,S1,24,2602,54642,0,0,0,0,0.0,True
G02,57,M0,0.1,S1,25,2602,54642,0,0,0,0,0.0,True
G02,58,M0,0.1,S1,26,2602,54642,0,0,0,0,0.0,True
G02,59,M0,0.1,S1,27,2602,54642,0,0,0,0,0.0,True
G02,60,M0,0.1,S1,28,2602,54642,0,0,0,0,0.0,True
G02,61,M0,0.1,S1,29,2602,54642,0,0,0,0,0.0,True
G02,62,M0,0.1,S1,30,2602,54642,0,0,0,0,0.0,True
G02,63,M0,0.1,S1,31,2602,54642,0,0,0,0,0.0,True
G02,64,M0,0.1,S2,0,2602,54642,0,0,0,0,0.0,True
G02,65,M0,0.1,S2,1,2602,54642,0,0,0,0,0.0,True
G02,66,M0,0.1,S2,2,2602,54642,0,0,0,0,0.0,True
G02,67,M0,0.1,S2,3,2602,54642,0,0,0,0,0.0,True
G02,68,M0,0.1,S2,4,2602,54642,0,0,0,0,0.0,True
G02,69,M0,0.1,S2,5,2602,54642,0,0,0,0,0.0,True
G02,70,M0,0.1,S2,6,2602,54642,0,0,0,0,0.0,True
G02,71,M0,0.1,S2,7,2602,54642,0,0,0,0,0.0,True
G02,72,M0,0.1,S2,8,2602,54642,0,0,0,0,0.0,True
G02,73,M0,0.1,S2,9,2602,54642,0,0,0,0,0.0,True
G02,74,M0,0.1,S2,10,2602,54642,0,0,0,0,0.0,True
G02,75,M0,0.1,S2,11,2602,54642,0,0,0,0,0.0,True
G02,76,M0,0.1,S2,12,2602,54642,0,0,0,0,0.0,True
G02,77,M0,0.1,S2,13,2602,54642,0,0,0,0,0.0,True
G02,78,M0,0.1,S2,14,2602,54642,0,0,0,0,0.0,True
G02,79,M0,0.1,S2,15,2602,54642,0,0,0,0,0.0,True
G02,80,M0,0.1,S2,16,2602,54642,0,0,0,0,0.0,True
G02,81,M0,0.1,S2,17,2602,54642,0,0,0,0,0.0,True
G02,82,M0,0.1,S2,18,2602,54642,0,0,0,0,0.0,True
G02,83,M0,0.1,S2,19,2602,54642,0,0,0,0,0.0,True
G02,84,M0,0.1,S2,20,2602,54642,0,0,0,0,0.0,True
G02,85,M0,0.1,S2,21,2602,54642,0,0,0,0,0.0,True
G02,86,M0,0.1,S2,22,2602,54642,0,0,0,0,0.0,True
G02,87,M0,0.1,S2,23,2602,54642,0,0,0,0,0.0,True
G02,88,M0,0.1,S2,24,2602,54642,0,0,0,0,0.0,True
G02,89,M0,0.1,S2,25,2602,54642,0,0,0,0,0.0,True
G02,90,M0,0.1,S2,26,2602,54642,0,0,0,0,0.0,True
G02,91,M0,0.1,S2,27,2602,54642,0,0,0,0,0.0,True
G02,92,M0,0.1,S2,28,2602,54642,0,0,0,0,0.0,True
G02,93,M0,0.1,S2,29,2602,54642,0,0,0,0,0.0,True
G02,94,M0,0.1,S2,30,2602,54642,0,0,0,0,0.0,True
G02,95,M0,0.1,S2,31,2602,54642,0,0,0,0,0.0,True
G02,96,M0,0.1,S3,0,2602,54642,0,0,0,0,0.0,True
G02,97,M0,0.1,S3,1,2602,54642,0,0,0,0,0.0,True
G02,98,M0,0.1,S3,2,2602,54642,0,0,0,0,0.0,True
G02,99,M0,0.1,S3,3,2602,54642,0,0,0,0,0.0,True
G02,100,M0,0.1,S3,4,2602,54642,0,0,0,0,0.0,True
G02,101,M0,0.1,S3,5,2602,54642,0,0,0,0,0.0,True
G02,102,M0,0.1,S3,6,2602,54642,0,0,0,0,0.0,True
G02,103,M0,0.1,S3,7,2602,54642,0,0,0,0,0.0,True
G02,104,M0,0.1,S3,8,2602,54642,0,0,0,0,0.0,True
G02,105,M0,0.1,S3,9,2602,54642,0,0,0,0,0.0,True
G02,106,M0,0.1,S3,10,2602,54642,0,0,0,0,0.0,True
G02,107,M0,0.1,S3,11,2602,54642,0,0,0,0,0.0,True
G02,108,M0,0.1,S3,12,2602,54642,0,0,0,0,0.0,True
G02,109,M0,0.1,S3,13,2602,54642,0,0,0,0,0.0,True
G02,110,M0,0.1,S3,14,2602,54642,0,0,0,0,0.0,True
G02,111,M0,0.1,S3,15,2602,54642,0,0,0,0,0.0,True
G02,112,M0,0.1,S3,16,2602,54642,0,0,0,0,0.0,True
G02,113,M0,0.1,S3,17,2602,54642,0,0,0,0,0.0,True
G02,114,M0,0.1,S3,18,2602,54642,0,0,0,0,0.0,True
G02,115,M0,0.1,S3,19,2602,54642,0,0,0,0,0.0,True
G02,116,M0,0.1,S3,20,2602,54642,0,0,0,0,0.0,True
G02,117,M0,0.1,S3,21,2602,54642,0,0,0,0,0.0,True
G02,118,M0,0.1,S3,22,2602,54642,0,0,0,0,0.0,True
G02,119,M0,0.1,S3,23,2602,54642,0,0,0,0,0.0,True
G02,120,M0,0.1,S3,24,2602,54642,0,0,0,0,0.0,True
G02,121,M0,0.1,S3,25,2602,54642,0,0,0,0,0.0,True
G02,122,M0,0.1,S3,26,2602,54642,0,0,0,0,0.0,True
G02,123,M0,0.1,S3,27,2602,54642,0,0,0,0,0.0,True
G02,124,M0,0.1,S3,28,2602,54642,0,0,0,0,0.0,True
G02,125,M0,0.1,S3,29,2602,54642,0,0,0,0,0.0,True
G02,126,M0,0.1,S3,30,2602,54642,0,0,0,0,0.0,True
G02,127,M0,0.1,S3,31,2602,54642,0,0,0,0,0.0,True
G02,128,M0,0.25,S0,0,2602,54642,1,1,0,0,2.5352164811920375e-11,True
G02,129,M0,0.25,S0,1,2602,54642,1,1,0,0,1.6370904631912708e-10,True
G02,130,M0,0.25,S0,2,2602,54642,1,1,0,0,2.2737367544323206e-12,True
G02,131,M0,0.25,S0,3,2602,54642,1,1,0,0,1.2505552149377763e-11,True
G02,132,M0,0.25,S0,4,2602,54642,1,1,0,0,4.433786671143025e-11,True
G02,133,M0,0.25,S0,5,2602,54642,1,1,0,0,6.144773578853346e-11,True
G02,134,M0,0.25,S0,6,2602,54642,1,1,0,0,2.6147972675971687e-11,True
G02,135,M0,0.25,S0,7,2602,54642,1,1,0,0,1.4381384971784428e-11,True
G02,136,M0,0.25,S0,8,2602,54642,1,1,0,0,1.2050804798491299e-11,True
G02,137,M0,0.25,S0,9,2602,54642,1,1,0,0,8.071765478234738e-12,True
G02,138,M0,0.25,S0,10,2602,54642,1,1,0,0,6.775735528208315e-11,True
G02,139,M0,0.25,S0,11,2602,54642,1,1,0,0,8.219558367272839e-11,True
G02,140,M0,0.25,S0,12,2602,54642,1,1,0,0,5.678657544194721e-11,True
G02,141,M0,0.25,S0,13,2602,54642,0,0,0,0,0.0,True
G02,142,M0,0.25,S0,14,2602,54642,1,1,0,0,3.183231456205249e-12,True
G02,143,M0,0.25,S0,15,2602,54642,1,1,0,0,1.3073986337985843e-11,True
G02,144,M0,0.25,S0,16,2602,54642,1,1,0,0,5.150013748789206e-11,True
G02,145,M0,0.25,S0,17,2602,54642,1,1,0,0,5.684341886080801e-13,True
G02,146,M0,0.25,S0,18,2602,54642,1,1,0,0,1.318767317570746e-11,True
G02,147,M0,0.25,S0,19,2602,54642,1,1,0,0,5.701394911739044e-11,True
G02,148,M0,0.25,S0,20,2602,54642,0,0,0,0,0.0,True
G02,149,M0,0.25,S0,21,2602,54642,1,1,0,0,5.707079253625125e-11,True
G02,150,M0,0.25,S0,22,2602,54642,1,1,0,0,3.183231456205249e-11,True
G02,151,M0,0.25,S0,23,2602,54642,0,0,0,0,0.0,True
G02,152,M0,0.25,S0,24,2602,54642,0,0,0,0,0.0,True
G02,153,M0,0.25,S0,25,2602,54642,1,1,0,0,2.05773176276125e-11,True
G02,154,M0,0.25,S0,26,2602,54642,1,1,0,0,3.728928277269006e-11,True
G02,155,M0,0.25,S0,27,2602,54642,1,1,0,0,2.9672264645341784e-11,True
G02,156,M0,0.25,S0,28,2602,54642,1,1,0,0,1.716671249596402e-11,True
G02,157,M0,0.25,S0,29,2602,54642,1,1,0,0,2.55226950685028e-11,True
G02,158,M0,0.25,S0,30,2602,54642,1,1,0,0,1.0368239600211382e-10,True
G02,159,M0,0.25,S0,31,2602,54642,1,1,0,0,9.72022462519817e-12,True
G02,160,M0,0.25,S1,0,2602,54642,0,0,0,0,0.0,True
G02,161,M0,0.25,S1,1,2602,54642,0,0,0,0,0.0,True
G02,162,M0,0.25,S1,2,2602,54642,0,0,0,0,0.0,True
G02,163,M0,0.25,S1,3,2602,54642,0,0,0,0,0.0,True
G02,164,M0,0.25,S1,4,2602,54642,0,0,0,0,0.0,True
G02,165,M0,0.25,S1,5,2602,54642,0,0,0,0,0.0,True
G02,166,M0,0.25,S1,6,2602,54642,0,0,0,0,0.0,True
G02,167,M0,0.25,S1,7,2602,54642,0,0,0,0,0.0,True
G02,168,M0,0.25,S1,8,2602,54642,0,0,0,0,0.0,True
G02,169,M0,0.25,S1,9,2602,54642,0,0,0,0,0.0,True
G02,170,M0,0.25,S1,10,2602,54642,0,0,0,0,0.0,True
G02,171,M0,0.25,S1,11,2602,54642,0,0,0,0,0.0,True
G02,172,M0,0.25,S1,12,2602,54642,0,0,0,0,0.0,True
G02,173,M0,0.25,S1,13,2602,54642,0,0,0,0,0.0,True
G02,174,M0,0.25,S1,14,2602,54642,0,0,0,0,0.0,True
G02,175,M0,0.25,S1,15,2602,54642,0,0,0,0,0.0,True
G02,176,M0,0.25,S1,16,2602,54642,0,0,0,0,0.0,True
G02,177,M0,0.25,S1,17,2602,54642,0,0,0,0,0.0,True
G02,178,M0,0.25,S1,18,2602,54642,0,0,0,0,0.0,True
G02,179,M0,0.25,S1,19,2602,54642,0,0,0,0,0.0,True
G02,180,M0,0.25,S1,20,2602,54642,0,0,0,0,0.0,True
G02,181,M0,0.25,S1,21,2602,54642,0,0,0,0,0.0,True
G02,182,M0,0.25,S1,22,2602,54642,0,0,0,0,0.0,True
G02,183,M0,0.25,S1,23,2602,54642,0,0,0,0,0.0,True
G02,184,M0,0.25,S1,24,2602,54642,0,0,0,0,0.0,True
G02,185,M0,0.25,S1,25,2602,54642,0,0,0,0,0.0,True
G02,186,M0,0.25,S1,26,2602,54642,0,0,0,0,0.0,True
G02,187,M0,0.25,S1,27,2602,54642,0,0,0,0,0.0,True
G02,188,M0,0.25,S1,28,2602,54642,0,0,0,0,0.0,True
G02,189,M0,0.25,S1,29,2602,54642,0,0,0,0,0.0,True
G02,190,M0,0.25,S1,30,2602,54642,0,0,0,0,0.0,True
G02,191,M0,0.25,S1,31,2602,54642,0,0,0,0,0.0,True
G02,192,M0,0.25,S2,0,2602,54642,0,0,0,0,0.0,True
G02,193,M0,0.25,S2,1,2602,54642,0,0,0,0,0.0,True
G02,194,M0,0.25,S2,2,2602,54642,0,0,0,0,0.0,True
G02,195,M0,0.25,S2,3,2602,54642,0,0,0,0,0.0,True
G02,196,M0,0.25,S2,4,2602,54642,0,0,0,0,0.0,True
G02,197,M0,0.25,S2,5,2602,54642,0,0,0,0,0.0,True
G02,198,M0,0.25,S2,6,2602,54642,0,0,0,0,0.0,True
G02,199,M0,0.25,S2,7,2602,54642,0,0,0,0,0.0,True
G02,200,M0,0.25,S2,8,2602,54642,0,0,0,0,0.0,True
G02,201,M0,0.25,S2,9,2602,54642,0,0,0,0,0.0,True
G02,202,M0,0.25,S2,10,2602,54642,0,0,0,0,0.0,True
G02,203,M0,0.25,S2,11,2602,54642,0,0,0,0,0.0,True
G02,204,M0,0.25,S2,12,2602,54642,0,0,0,0,0.0,True
G02,205,M0,0.25,S2,13,2602,54642,0,0,0,0,0.0,True
G02,206,M0,0.25,S2,14,2602,54642,0,0,0,0,0.0,True
G02,207,M0,0.25,S2,15,2602,54642,0,0,0,0,0.0,True
G02,208,M0,0.25,S2,16,2602,54642,0,0,0,0,0.0,True
G02,209,M0,0.25,S2,17,2602,54642,0,0,0,0,0.0,True
G02,210,M0,0.25,S2,18,2602,54642,0,0,0,0,0.0,True
G02,211,M0,0.25,S2,19,2602,54642,0,0,0,0,0.0,True
G02,212,M0,0.25,S2,20,2602,54642,0,0,0,0,0.0,True
G02,213,M0,0.25,S2,21,2602,54642,0,0,0,0,0.0,True
G02,214,M0,0.25,S2,22,2602,54642,0,0,0,0,0.0,True
G02,215,M0,0.25,S2,23,2602,54642,0,0,0,0,0.0,True
G02,216,M0,0.25,S2,24,2602,54642,0,0,0,0,0.0,True
G02,217,M0,0.25,S2,25,2602,54642,0,0,0,0,0.0,True
G02,218,M0,0.25,S2,26,2602,54642,0,0,0,0,0.0,True
G02,219,M0,0.25,S2,27,2602,54642,0,0,0,0,0.0,True
G02,220,M0,0.25,S2,28,2602,54642,0,0,0,0,0.0,True
G02,221,M0,0.25,S2,29,2602,54642,0,0,0,0,0.0,True
G02,222,M0,0.25,S2,30,2602,54642,0,0,0,0,0.0,True
G02,223,M0,0.25,S2,31,2602,54642,0,0,0,0,0.0,True
G02,224,M0,0.25,S3,0,2602,54642,0,0,0,0,0.0,True
G02,225,M0,0.25,S3,1,2602,54642,0,0,0,0,0.0,True
G02,226,M0,0.25,S3,2,2602,54642,0,0,0,0,0.0,True
G02,227,M0,0.25,S3,3,2602,54642,0,0,0,0,0.0,True
G02,228,M0,0.25,S3,4,2602,54642,0,0,0,0,0.0,True
G02,229,M0,0.25,S3,5,2602,54642,0,0,0,0,0.0,True
G02,230,M0,0.25,S3,6,2602,54642,0,0,0,0,0.0,True
G02,231,M0,0.25,S3,7,2602,54642,0,0,0,0,0.0,True
G02,232,M0,0.25,S3,8,2602,54642,0,0,0,0,0.0,True
G02,233,M0,0.25,S3,9,2602,54642,0,0,0,0,0.0,True
G02,234,M0,0.25,S3,10,2602,54642,0,0,0,0,0.0,True
G02,235,M0,0.25,S3,11,2602,54642,0,0,0,0,0.0,True
G02,236,M0,0.25,S3,12,2602,54642,0,0,0,0,0.0,True
G02,237,M0,0.25,S3,13,2602,54642,0,0,0,0,0.0,True
G02,238,M0,0.25,S3,14,2602,54642,0,0,0,0,0.0,True
G02,239,M0,0.25,S3,15,2602,54642,0,0,0,0,0.0,True
G02,240,M0,0.25,S3,16,2602,54642,0,0,0,0,0.0,True
G02,241,M0,0.25,S3,17,2602,54642,0,0,0,0,0.0,True
G02,242,M0,0.25,S3,18,2602,54642,0,0,0,0,0.0,True
G02,243,M0,0.25,S3,19,2602,54642,0,0,0,0,0.0,True
G02,244,M0,0.25,S3,20,2602,54642,0,0,0,0,0.0,True
G02,245,M0,0.25,S3,21,2602,54642,0,0,0,0,0.0,True
G02,246,M0,0.25,S3,22,2602,54642,0,0,0,0,0.0,True
G02,247,M0,0.25,S3,23,2602,54642,0,0,0,0,0.0,True
G02,248,M0,0.25,S3,24,2602,54642,0,0,0,0,0.0,True
G02,249,M0,0.25,S3,25,2602,54642,0,0,0,0,0.0,True
G02,250,M0,0.25,S3,26,2602,54642,0,0,0,0,0.0,True
G02,251,M0,0.25,S3,27,2602,54642,0,0,0,0,0.0,True
G02,252,M0,0.25,S3,28,2602,54642,0,0,0,0,0.0,True
G02,253,M0,0.25,S3,29,2602,54642,0,0,0,0,0.0,True
G02,254,M0,0.25,S3,30,2602,54642,0,0,0,0,0.0,True
G02,255,M0,0.25,S3,31,2602,54642,0,0,0,0,0.0,True
G02,256,M0,0.5,S0,0,2602,54642,1,1,0,0,2.1600499167107046e-12,True
G02,257,M0,0.5,S0,1,2602,54642,1,1,0,0,4.547473508864641e-12,True
G02,258,M0,0.5,S0,2,2602,54642,1,1,0,0,1.1368683772161603e-12,True
G02,259,M0,0.5,S0,3,2602,54642,1,1,0,0,2.0463630789890885e-12,True
G02,260,M0,0.5,S0,4,2602,54642,1,1,0,0,7.44648787076585e-12,True
G02,261,M0,0.5,S0,5,2602,54642,1,1,0,0,4.490630090003833e-12,True
G02,262,M0,0.5,S0,6,2602,54642,1,1,0,0,1.1027623258996755e-11,True
G02,263,M0,0.5,S0,7,2602,54642,1,1,0,0,6.707523425575346e-12,True
G02,264,M0,0.5,S0,8,2602,54642,1,1,0,0,1.9326762412674725e-11,True
G02,265,M0,0.5,S0,9,2602,54642,1,1,0,0,2.000888343900442e-11,True
G02,266,M0,0.5,S0,10,2602,54642,1,1,0,0,8.640199666842818e-12,True
G02,267,M0,0.5,S0,11,2602,54642,1,1,0,0,3.171862772433087e-11,True
G02,268,M0,0.5,S0,12,2602,54642,1,1,0,0,1.1368683772161603e-12,True
G02,269,M0,0.5,S0,13,2602,54642,0,0,0,0,0.0,True
G02,270,M0,0.5,S0,14,2602,54642,1,1,0,0,3.581135388230905e-12,True
G02,271,M0,0.5,S0,15,2602,54642,1,1,0,0,1.693933882052079e-11,True
G02,272,M0,0.5,S0,16,2602,54642,1,1,0,0,2.2509993868879974e-11,True
G02,273,M0,0.5,S0,17,2602,54642,1,1,0,0,7.958078640513122e-13,True
G02,274,M0,0.5,S0,18,2602,54642,1,1,0,0,1.4949819160392508e-11,True
G02,275,M0,0.5,S0,19,2602,54642,1,1,0,0,5.5706550483591855e-12,True
G02,276,M0,0.5,S0,20,2602,54642,0,0,0,0,0.0,True
G02,277,M0,0.5,S0,21,2602,54642,1,1,0,0,1.3073986337985843e-11,True
G02,278,M0,0.5,S0,22,2602,54642,1,1,0,0,2.432898327242583e-11,True
G02,279,M0,0.5,S0,23,2602,54642,0,0,0,0,0.0,True
G02,280,M0,0.5,S0,24,2602,54642,0,0,0,0,0.0,True
G02,281,M0,0.5,S0,25,2602,54642,1,1,0,0,2.3419488570652902e-11,True
G02,282,M0,0.5,S0,26,2602,54642,1,1,0,0,2.0747847884194925e-11,True
G02,283,M0,0.5,S0,27,2602,54642,1,1,0,0,2.091837814077735e-11,True
G02,284,M0,0.5,S0,28,2602,54642,1,1,0,0,4.092726157978177e-12,True
G02,285,M0,0.5,S0,29,2602,54642,1,1,0,0,3.865352482534945e-12,True
G02,286,M0,0.5,S0,30,2602,54642,1,1,0,0,2.887645678129047e-11,True
G02,287,M0,0.5,S0,31,2602,54642,1,1,0,0,2.9558577807620168e-12,True
G02,288,M0,0.5,S1,0,2602,54642,0,0,0,0,0.0,True
G02,289,M0,0.5,S1,1,2602,54642,0,0,0,0,0.0,True
G02,290,M0,0.5,S1,2,2602,54642,0,0,0,0,0.0,True
G02,291,M0,0.5,S1,3,2602,54642,0,0,0,0,0.0,True
G02,292,M0,0.5,S1,4,2602,54642,0,0,0,0,0.0,True
G02,293,M0,0.5,S1,5,2602,54642,0,0,0,0,0.0,True
G02,294,M0,0.5,S1,6,2602,54642,0,0,0,0,0.0,True
G02,295,M0,0.5,S1,7,2602,54642,0,0,0,0,0.0,True
G02,296,M0,0.5,S1,8,2602,54642,0,0,0,0,0.0,True
G02,297,M0,0.5,S1,9,2602,54642,0,0,0,0,0.0,True
G02,298,M0,0.5,S1,10,2602,54642,0,0,0,0,0.0,True
G02,299,M0,0.5,S1,11,2602,54642,0,0,0,0,0.0,True
G02,300,M0,0.5,S1,12,2602,54642,0,0,0,0,0.0,True
G02,301,M0,0.5,S1,13,2602,54642,0,0,0,0,0.0,True
G02,302,M0,0.5,S1,14,2602,54642,0,0,0,0,0.0,True
G02,303,M0,0.5,S1,15,2602,54642,0,0,0,0,0.0,True
G02,304,M0,0.5,S1,16,2602,54642,0,0,0,0,0.0,True
G02,305,M0,0.5,S1,17,2602,54642,0,0,0,0,0.0,True
G02,306,M0,0.5,S1,18,2602,54642,0,0,0,0,0.0,True
G02,307,M0,0.5,S1,19,2602,54642,0,0,0,0,0.0,True
G02,308,M0,0.5,S1,20,2602,54642,0,0,0,0,0.0,True
G02,309,M0,0.5,S1,21,2602,54642,0,0,0,0,0.0,True
G02,310,M0,0.5,S1,22,2602,54642,0,0,0,0,0.0,True
G02,311,M0,0.5,S1,23,2602,54642,0,0,0,0,0.0,True
G02,312,M0,0.5,S1,24,2602,54642,0,0,0,0,0.0,True
G02,313,M0,0.5,S1,25,2602,54642,0,0,0,0,0.0,True
G02,314,M0,0.5,S1,26,2602,54642,0,0,0,0,0.0,True
G02,315,M0,0.5,S1,27,2602,54642,0,0,0,0,0.0,True
G02,316,M0,0.5,S1,28,2602,54642,0,0,0,0,0.0,True
G02,317,M0,0.5,S1,29,2602,54642,0,0,0,0,0.0,True
G02,318,M0,0.5,S1,30,2602,54642,0,0,0,0,0.0,True
G02,319,M0,0.5,S1,31,2602,54642,0,0,0,0,0.0,True
G02,320,M0,0.5,S2,0,2602,54642,0,0,0,0,0.0,True
G02,321,M0,0.5,S2,1,2602,54642,0,0,0,0,0.0,True
G02,322,M0,0.5,S2,2,2602,54642,0,0,0,0,0.0,True
G02,323,M0,0.5,S2,3,2602,54642,0,0,0,0,0.0,True
G02,324,M0,0.5,S2,4,2602,54642,0,0,0,0,0.0,True
G02,325,M0,0.5,S2,5,2602,54642,0,0,0,0,0.0,True
G02,326,M0,0.5,S2,6,2602,54642,0,0,0,0,0.0,True
G02,327,M0,0.5,S2,7,2602,54642,0,0,0,0,0.0,True
G02,328,M0,0.5,S2,8,2602,54642,0,0,0,0,0.0,True
G02,329,M0,0.5,S2,9,2602,54642,0,0,0,0,0.0,True
G02,330,M0,0.5,S2,10,2602,54642,0,0,0,0,0.0,True
G02,331,M0,0.5,S2,11,2602,54642,0,0,0,0,0.0,True
G02,332,M0,0.5,S2,12,2602,54642,0,0,0,0,0.0,True
G02,333,M0,0.5,S2,13,2602,54642,0,0,0,0,0.0,True
G02,334,M0,0.5,S2,14,2602,54642,0,0,0,0,0.0,True
G02,335,M0,0.5,S2,15,2602,54642,0,0,0,0,0.0,True
G02,336,M0,0.5,S2,16,2602,54642,0,0,0,0,0.0,True
G02,337,M0,0.5,S2,17,2602,54642,0,0,0,0,0.0,True
G02,338,M0,0.5,S2,18,2602,54642,0,0,0,0,0.0,True
G02,339,M0,0.5,S2,19,2602,54642,0,0,0,0,0.0,True
G02,340,M0,0.5,S2,20,2602,54642,0,0,0,0,0.0,True
G02,341,M0,0.5,S2,21,2602,54642,0,0,0,0,0.0,True
G02,342,M0,0.5,S2,22,2602,54642,0,0,0,0,0.0,True
G02,343,M0,0.5,S2,23,2602,54642,0,0,0,0,0.0,True
G02,344,M0,0.5,S2,24,2602,54642,0,0,0,0,0.0,True
G02,345,M0,0.5,S2,25,2602,54642,0,0,0,0,0.0,True
G02,346,M0,0.5,S2,26,2602,54642,0,0,0,0,0.0,True
G02,347,M0,0.5,S2,27,2602,54642,0,0,0,0,0.0,True
G02,348,M0,0.5,S2,28,2602,54642,0,0,0,0,0.0,True
G02,349,M0,0.5,S2,29,2602,54642,0,0,0,0,0.0,True
G02,350,M0,0.5,S2,30,2602,54642,0,0,0,0,0.0,True
G02,351,M0,0.5,S2,31,2602,54642,0,0,0,0,0.0,True
G02,352,M0,0.5,S3,0,2602,54642,0,0,0,0,0.0,True
G02,353,M0,0.5,S3,1,2602,54642,0,0,0,0,0.0,True
G02,354,M0,0.5,S3,2,2602,54642,0,0,0,0,0.0,True
G02,355,M0,0.5,S3,3,2602,54642,0,0,0,0,0.0,True
G02,356,M0,0.5,S3,4,2602,54642,0,0,0,0,0.0,True
G02,357,M0,0.5,S3,5,2602,54642,0,0,0,0,0.0,True
G02,358,M0,0.5,S3,6,2602,54642,0,0,0,0,0.0,True
G02,359,M0,0.5,S3,7,2602,54642,0,0,0,0,0.0,True
G02,360,M0,0.5,S3,8,2602,54642,0,0,0,0,0.0,True
G02,361,M0,0.5,S3,9,2602,54642,0,0,0,0,0.0,True
G02,362,M0,0.5,S3,10,2602,54642,0,0,0,0,0.0,True
G02,363,M0,0.5,S3,11,2602,54642,0,0,0,0,0.0,True
G02,364,M0,0.5,S3,12,2602,54642,0,0,0,0,0.0,True
G02,365,M0,0.5,S3,13,2602,54642,0,0,0,0,0.0,True
G02,366,M0,0.5,S3,14,2602,54642,0,0,0,0,0.0,True
G02,367,M0,0.5,S3,15,2602,54642,0,0,0,0,0.0,True
G02,368,M0,0.5,S3,16,2602,54642,0,0,0,0,0.0,True
G02,369,M0,0.5,S3,17,2602,54642,0,0,0,0,0.0,True
G02,370,M0,0.5,S3,18,2602,54642,0,0,0,0,0.0,True
G02,371,M0,0.5,S3,19,2602,54642,0,0,0,0,0.0,True
G02,372,M0,0.5,S3,20,2602,54642,0,0,0,0,0.0,True
G02,373,M0,0.5,S3,21,2602,54642,0,0,0,0,0.0,True
G02,374,M0,0.5,S3,22,2602,54642,0,0,0,0,0.0,True
G02,375,M0,0.5,S3,23,2602,54642,0,0,0,0,0.0,True
G02,376,M0,0.5,S3,24,2602,54642,0,0,0,0,0.0,True
G02,377,M0,0.5,S3,25,2602,54642,0,0,0,0,0.0,True
G02,378,M0,0.5,S3,26,2602,54642,0,0,0,0,0.0,True
G02,379,M0,0.5,S3,27,2602,54642,0,0,0,0,0.0,True
G02,380,M0,0.5,S3,28,2602,54642,0,0,0,0,0.0,True
G02,381,M0,0.5,S3,29,2602,54642,0,0,0,0,0.0,True
G02,382,M0,0.5,S3,30,2602,54642,0,0,0,0,0.0,True
G02,383,M0,0.5,S3,31,2602,54642,0,0,0,0,0.0,True
G02,0,M1,0.1,S0,0,2602,54642,1,1,0,0,2.5988811103161424e-10,True
G02,1,M1,0.1,S0,1,2602,54642,1,1,0,0,1.8991386241395958e-10,True
G02,2,M1,0.1,S0,2,2602,54642,1,1,0,0,7.366907084360719e-11,True
G02,3,M1,0.1,S0,3,2602,54642,1,1,0,0,2.006572685786523e-11,True
G02,4,M1,0.1,S0,4,2602,54642,1,1,0,0,1.8309265215066262e-10,True
G02,5,M1,0.1,S0,5,2602,54642,1,1,0,0,7.73070496506989e-12,True
G02,6,M1,0.1,S0,6,2602,54642,1,1,0,0,2.2657786757918075e-10,True
G02,7,M1,0.1,S0,7,2602,54642,1,1,0,0,2.28283170145005e-10,True
G02,8,M1,0.1,S0,8,2602,54642,1,1,0,0,1.1783640729845501e-10,True
G02,9,M1,0.1,S0,9,2602,54642,1,1,0,0,9.936229616869241e-11,True
G02,10,M1,0.1,S0,10,2602,54642,1,1,0,0,3.888089850079268e-11,True
G02,11,M1,0.1,S0,11,2602,54642,1,1,0,0,1.8775381249724887e-10,True
G02,12,M1,0.1,S0,12,2602,54642,1,1,0,0,3.1508307074545883e-10,True
G02,13,M1,0.1,S0,13,2602,54642,1,1,0,0,1.91562321560923e-10,True
G02,14,M1,0.1,S0,14,2602,54642,1,1,0,0,3.5578295864979737e-10,True
G02,15,M1,0.1,S0,15,2602,54642,1,1,0,0,2.7478108677314594e-10,True
G02,16,M1,0.1,S0,16,2602,54642,1,1,0,0,2.092974682454951e-10,True
G02,17,M1,0.1,S0,17,2602,54642,1,1,0,0,2.908677743107546e-10,True
G02,18,M1,0.1,S0,18,2602,54642,1,1,0,0,2.787032826745417e-10,True
G02,19,M1,0.1,S0,19,2602,54642,1,1,0,0,5.724132279283367e-11,True
G02,20,M1,0.1,S0,20,2602,54642,0,0,0,0,0.0,True
G02,21,M1,0.1,S0,21,2602,54642,1,1,0,0,3.0951241569709964e-10,True
G02,22,M1,0.1,S0,22,2602,54642,0,0,0,0,0.0,True
G02,23,M1,0.1,S0,23,2602,54642,0,0,0,0,0.0,True
G02,24,M1,0.1,S0,24,2602,54642,1,1,0,0,4.973230716132093e-10,True
G02,25,M1,0.1,S0,25,2602,54642,1,1,0,0,1.4847501006443053e-10,True
G02,26,M1,0.1,S0,26,2602,54642,1,1,0,0,2.5977442419389263e-11,True
G02,27,M1,0.1,S0,27,2602,54642,1,1,0,0,2.0452262106118724e-10,True
G02,28,M1,0.1,S0,28,2602,54642,1,1,0,0,4.177991286269389e-10,True
G02,29,M1,0.1,S0,29,2602,54642,1,1,0,0,2.8546764951897785e-10,True
G02,30,M1,0.1,S0,30,2602,54642,1,1,0,0,3.284412741777487e-10,True
G02,31,M1,0.1,S0,31,2602,54642,1,1,0,0,1.7882939573610201e-10,True
G02,32,M1,0.1,S1,0,2602,54642,1,1,0,0,2.5983126761275344e-10,True
G02,33,M1,0.1,S1,1,2602,54642,1,1,0,0,8.01492205937393e-12,True
G02,34,M1,0.1,S1,2,2602,54642,1,1,0,0,7.366907084360719e-11,True
G02,35,M1,0.1,S1,3,2602,54642,1,1,0,0,3.4378899727016687e-10,True
G02,36,M1,0.1,S1,4,2602,54642,1,1,0,0,9.094947017729282e-13,True
G02,37,M1,0.1,S1,5,2602,54642,1,1,0,0,7.73070496506989e-12,True
G02,38,M1,0.1,S1,6,2602,54642,1,1,0,0,1.3733369996771216e-10,True
G02,39,M1,0.1,S1,7,2602,54642,1,1,0,0,4.638422979041934e-11,True
G02,40,M1,0.1,S1,8,2602,54642,1,1,0,0,6.406253305613063e-11,True
G02,41,M1,0.1,S1,9,2602,54642,1,1,0,0,8.253664418589324e-11,True
G02,42,M1,0.1,S1,10,2602,54642,1,1,0,0,2.2077983885537833e-10,True
G02,43,M1,0.1,S1,11,2602,54642,1,1,0,0,5.9117155615240335e-12,True
G02,44,M1,0.1,S1,12,2602,54642,1,1,0,0,3.1508307074545883e-10,True
G02,45,M1,0.1,S1,13,2602,54642,1,1,0,0,9.777068044058979e-12,True
G02,46,M1,0.1,S1,14,2602,54642,1,1,0,0,8.128608897095546e-12,True
G02,47,M1,0.1,S1,15,2602,54642,1,1,0,0,2.7466739993542433e-10,True
G02,48,M1,0.1,S1,16,2602,54642,1,1,0,0,2.7398527890909463e-11,True
G02,49,M1,0.1,S1,17,2602,54642,1,1,0,0,2.908109308918938e-10,True
G02,50,M1,0.1,S1,18,2602,54642,1,1,0,0,8.481038094032556e-11,True
G02,51,M1,0.1,S1,19,2602,54642,1,1,0,0,1.2465761756175198e-10,True
G02,52,M1,0.1,S1,20,2602,54642,0,0,0,0,0.0,True
G02,53,M1,0.1,S1,21,2602,54642,1,1,0,0,3.0951241569709964e-10,True
G02,54,M1,0.1,S1,22,2602,54642,0,0,0,0,0.0,True
G02,55,M1,0.1,S1,23,2602,54642,0,0,0,0,0.0,True
G02,56,M1,0.1,S1,24,2602,54642,1,1,0,0,3.154241312586237e-10,True
G02,57,M1,0.1,S1,25,2602,54642,1,1,0,0,3.268496584496461e-11,True
G02,58,M1,0.1,S1,26,2602,54642,1,1,0,0,2.5920599000528455e-11,True
G02,59,M1,0.1,S1,27,2602,54642,1,1,0,0,2.04295247385744e-10,True
G02,60,M1,0.1,S1,28,2602,54642,1,1,0,0,2.3595703169121407e-10,True
G02,61,M1,0.1,S1,29,2602,54642,1,1,0,0,2.8552449293783866e-10,True
G02,62,M1,0.1,S1,30,2602,54642,1,1,0,0,3.5413449950283393e-11,True
G02,63,M1,0.1,S1,31,2602,54642,1,1,0,0,3.069544618483633e-12,True
G02,64,M1,0.1,S2,0,2602,54642,1,1,0,0,4.417302079673391e-10,True
G02,65,M1,0.1,S2,1,2602,54642,1,1,0,0,1.8991386241395958e-10,True
G02,66,M1,0.1,S2,2,2602,54642,1,1,0,0,2.9029934012214653e-10,True
G02,67,M1,0.1,S2,3,2602,54642,1,1,0,0,2.006572685786523e-11,True
G02,68,M1,0.1,S2,4,2602,54642,1,1,0,0,1.8098944565281272e-10,True
G02,69,M1,0.1,S2,5,2602,54642,1,1,0,0,1.8962964531965554e-10,True
G02,70,M1,0.1,S2,6,2602,54642,1,1,0,0,4.46789272245951e-11,True
G02,71,M1,0.1,S2,7,2602,54642,1,1,0,0,4.638422979041934e-11,True
G02,72,M1,0.1,S2,8,2602,54642,1,1,0,0,1.1789325071731582e-10,True
G02,73,M1,0.1,S2,9,2602,54642,1,1,0,0,2.8120439310441725e-10,True
G02,74,M1,0.1,S2,10,2602,54642,1,1,0,0,3.888089850079268e-11,True
G02,75,M1,0.1,S2,11,2602,54642,1,1,0,0,1.8775381249724887e-10,True
G02,76,M1,0.1,S2,12,2602,54642,1,1,0,0,2.305000634805765e-10,True
G02,77,M1,0.1,S2,13,2602,54642,1,1,0,0,1.723492459859699e-10,True
G02,78,M1,0.1,S2,14,2602,54642,1,1,0,0,7.901235221652314e-12,True
G02,79,M1,0.1,S2,15,2602,54642,1,1,0,0,9.271161616197787e-11,True
G02,80,M1,0.1,S2,16,2602,54642,1,1,0,0,2.7284841053187847e-11,True
G02,81,M1,0.1,S2,17,2602,54642,1,1,0,0,1.0896883395616896e-10,True
G02,82,M1,0.1,S2,18,2602,54642,1,1,0,0,2.7898749976884574e-10,True
G02,83,M1,0.1,S2,19,2602,54642,1,1,0,0,4.2103920350200497e-10,True
G02,84,M1,0.1,S2,20,2602,54642,0,0,0,0,0.0,True
G02,85,M1,0.1,S2,21,2602,54642,1,1,0,0,5.4285465012071654e-11,True
G02,86,M1,0.1,S2,22,2602,54642,0,0,0,0,0.0,True
G02,87,M1,0.1,S2,23,2602,54642,0,0,0,0,0.0,True
G02,88,M1,0.1,S2,24,2602,54642,1,1,0,0,3.1536728783976287e-10,True
G02,89,M1,0.1,S2,25,2602,54642,1,1,0,0,3.30430793837877e-10,True
G02,90,M1,0.1,S2,26,2602,54642,1,1,0,0,1.56035184772918e-10,True
G02,91,M1,0.1,S2,27,2602,54642,1,1,0,0,2.0474999473663047e-10,True
G02,92,M1,0.1,S2,28,2602,54642,1,1,0,0,2.3590018827235326e-10,True
G02,93,M1,0.1,S2,29,2602,54642,1,1,0,0,7.833023119019344e-11,True
G02,94,M1,0.1,S2,30,2602,54642,1,1,0,0,3.284412741777487e-10,True
G02,95,M1,0.1,S2,31,2602,54642,1,1,0,0,1.7894308257382363e-10,True
G02,96,M1,0.1,S3,0,2602,54642,0,0,0,0,0.0,True
G02,97,M1,0.1,S3,1,2602,54642,0,0,0,0,0.0,True
G02,98,M1,0.1,S3,2,2602,54642,0,0,0,0,0.0,True
G02,99,M1,0.1,S3,3,2602,54642,0,0,0,0,0.0,True
G02,100,M1,0.1,S3,4,2602,54642,0,0,0,0,0.0,True
G02,101,M1,0.1,S3,5,2602,54642,0,0,0,0,0.0,True
G02,102,M1,0.1,S3,6,2602,54642,0,0,0,0,0.0,True
G02,103,M1,0.1,S3,7,2602,54642,0,0,0,0,0.0,True
G02,104,M1,0.1,S3,8,2602,54642,0,0,0,0,0.0,True
G02,105,M1,0.1,S3,9,2602,54642,0,0,0,0,0.0,True
G02,106,M1,0.1,S3,10,2602,54642,0,0,0,0,0.0,True
G02,107,M1,0.1,S3,11,2602,54642,0,0,0,0,0.0,True
G02,108,M1,0.1,S3,12,2602,54642,0,0,0,0,0.0,True
G02,109,M1,0.1,S3,13,2602,54642,0,0,0,0,0.0,True
G02,110,M1,0.1,S3,14,2602,54642,0,0,0,0,0.0,True
G02,111,M1,0.1,S3,15,2602,54642,0,0,0,0,0.0,True
G02,112,M1,0.1,S3,16,2602,54642,0,0,0,0,0.0,True
G02,113,M1,0.1,S3,17,2602,54642,0,0,0,0,0.0,True
G02,114,M1,0.1,S3,18,2602,54642,0,0,0,0,0.0,True
G02,115,M1,0.1,S3,19,2602,54642,0,0,0,0,0.0,True
G02,116,M1,0.1,S3,20,2602,54642,0,0,0,0,0.0,True
G02,117,M1,0.1,S3,21,2602,54642,0,0,0,0,0.0,True
G02,118,M1,0.1,S3,22,2602,54642,0,0,0,0,0.0,True
G02,119,M1,0.1,S3,23,2602,54642,0,0,0,0,0.0,True
G02,120,M1,0.1,S3,24,2602,54642,0,0,0,0,0.0,True
G02,121,M1,0.1,S3,25,2602,54642,0,0,0,0,0.0,True
G02,122,M1,0.1,S3,26,2602,54642,0,0,0,0,0.0,True
G02,123,M1,0.1,S3,27,2602,54642,0,0,0,0,0.0,True
G02,124,M1,0.1,S3,28,2602,54642,0,0,0,0,0.0,True
G02,125,M1,0.1,S3,29,2602,54642,0,0,0,0,0.0,True
G02,126,M1,0.1,S3,30,2602,54642,0,0,0,0,0.0,True
G02,127,M1,0.1,S3,31,2602,54642,0,0,0,0,0.0,True
G02,128,M1,0.25,S0,0,2602,54642,1,1,0,0,9.43600753089413e-12,True
G02,129,M1,0.25,S0,1,2602,54642,1,1,0,0,4.1666226024972275e-11,True
G02,130,M1,0.25,S0,2,2602,54642,1,1,0,0,3.5697667044587433e-11,True
G02,131,M1,0.25,S0,3,2602,54642,1,1,0,0,8.128608897095546e-12,True
G02,132,M1,0.25,S0,4,2602,54642,1,1,0,0,5.2864379540551454e-11,True
G02,133,M1,0.25,S0,5,2602,54642,1,1,0,0,2.177102942368947e-11,True
G02,134,M1,0.25,S0,6,2602,54642,1,1,0,0,2.034994395216927e-11,True
G02,135,M1,0.25,S0,7,2602,54642,1,1,0,0,5.644551492878236e-11,True
G02,136,M1,0.25,S0,8,2602,54642,1,1,0,0,4.376943252282217e-11,True
G02,137,M1,0.25,S0,9,2602,54642,1,1,0,0,3.1377567211166024e-11,True
G02,138,M1,0.25,S0,10,2602,54642,1,1,0,0,8.645884008728899e-11,True
G02,139,M1,0.25,S0,11,2602,54642,1,1,0,0,7.207745511550456e-11,True
G02,140,M1,0.25,S0,12,2602,54642,1,1,0,0,2.467004378559068e-11,True
G02,141,M1,0.25,S0,13,2602,54642,1,1,0,0,4.18367562815547e-11,True
G02,142,M1,0.25,S0,14,2602,54642,1,1,0,0,2.1259438653942198e-11,True
G02,143,M1,0.25,S0,15,2602,54642,1,1,0,0,5.6274984672199935e-12,True
G02,144,M1,0.25,S0,16,2602,54642,1,1,0,0,2.3078428057488054e-11,True
G02,145,M1,0.25,S0,17,2602,54642,1,1,0,0,2.3078428057488054e-11,True
G02,146,M1,0.25,S0,18,2602,54642,1,1,0,0,2.6261659513693303e-11,True
G02,147,M1,0.25,S0,19,2602,54642,1,1,0,0,1.1539214028744027e-11,True
G02,148,M1,0.25,S0,20,2602,54642,0,0,0,0,0.0,True
G02,149,M1,0.25,S0,21,2602,54642,1,1,0,0,3.751665644813329e-12,True
G02,150,M1,0.25,S0,22,2602,54642,0,0,0,0,0.0,True
G02,151,M1,0.25,S0,23,2602,54642,0,0,0,0,0.0,True
G02,152,M1,0.25,S0,24,2602,54642,1,1,0,0,3.342393029015511e-11,True
G02,153,M1,0.25,S0,25,2602,54642,1,1,0,0,5.780975698144175e-11,True
G02,154,M1,0.25,S0,26,2602,54642,1,1,0,0,2.6716406864579767e-12,True
G02,155,M1,0.25,S0,27,2602,54642,1,1,0,0,3.672084858408198e-11,True
G02,156,M1,0.25,S0,28,2602,54642,1,1,0,0,3.0240698833949864e-11,True
G02,157,M1,0.25,S0,29,2602,54642,1,1,0,0,4.200728653813712e-11,True
G02,158,M1,0.25,S0,30,2602,54642,1,1,0,0,4.411049303598702e-11,True
G02,159,M1,0.25,S0,31,2602,54642,1,1,0,0,1.1937117960769683e-12,True
G02,160,M1,0.25,S1,0,2602,54642,1,1,0,0,9.549694368615746e-12,True
G02,161,M1,0.25,S1,1,2602,54642,1,1,0,0,4.177991286269389e-11,True
G02,162,M1,0.25,S1,2,2602,54642,1,1,0,0,3.5697667044587433e-11,True
G02,163,M1,0.25,S1,3,2602,54642,1,1,0,0,8.128608897095546e-12,True
G02,164,M1,0.25,S1,4,2602,54642,1,1,0,0,8.202505341614597e-11,True
G02,165,M1,0.25,S1,5,2602,54642,1,1,0,0,2.177102942368947e-11,True
G02,166,M1,0.25,S1,6,2602,54642,1,1,0,0,3.7971403799019754e-11,True
G02,167,M1,0.25,S1,7,2602,54642,1,1,0,0,5.6559201766503975e-11,True
G02,168,M1,0.25,S1,8,2602,54642,1,1,0,0,4.354205884737894e-11,True
G02,169,M1,0.25,S1,9,2602,54642,1,1,0,0,2.6830093702301383e-11,True
G02,170,M1,0.25,S1,10,2602,54642,1,1,0,0,2.830802259268239e-11,True
G02,171,M1,0.25,S1,11,2602,54642,1,1,0,0,1.3869794202037156e-11,True
G02,172,M1,0.25,S1,12,2602,54642,1,1,0,0,2.467004378559068e-11,True
G02,173,M1,0.25,S1,13,2602,54642,1,1,0,0,1.2732925824820995e-11,True
G02,174,M1,0.25,S1,14,2602,54642,1,1,0,0,7.844391802791506e-12,True
G02,175,M1,0.25,S1,15,2602,54642,1,1,0,0,5.6274984672199935e-12,True
G02,176,M1,0.25,S1,16,2602,54642,1,1,0,0,2.3078428057488054e-11,True
G02,177,M1,0.25,S1,17,2602,54642,1,1,0,0,6.0254023992456496e-12,True
G02,178,M1,0.25,S1,18,2602,54642,1,1,0,0,2.7853275241795927e-12,True
G02,179,M1,0.25,S1,19,2602,54642,1,1,0,0,1.750777300912887e-11,True
G02,180,M1,0.25,S1,20,2602,54642,0,0,0,0,0.0,True
G02,181,M1,0.25,S1,21,2602,54642,1,1,0,0,2.5409008230781183e-11,True
G02,182,M1,0.25,S1,22,2602,54642,0,0,0,0,0.0,True
G02,183,M1,0.25,S1,23,2602,54642,0,0,0,0,0.0,True
G02,184,M1,0.25,S1,24,2602,54642,1,1,0,0,3.353761712787673e-11,True
G02,185,M1,0.25,S1,25,2602,54642,1,1,0,0,3.979039320256561e-13,True
G02,186,M1,0.25,S1,26,2602,54642,1,1,0,0,2.6147972675971687e-12,True
G02,187,M1,0.25,S1,27,2602,54642,1,1,0,0,6.559730536537245e-11,True
G02,188,M1,0.25,S1,28,2602,54642,1,1,0,0,2.7966962079517543e-11,True
G02,189,M1,0.25,S1,29,2602,54642,1,1,0,0,4.530420483206399e-11,True
G02,190,M1,0.25,S1,30,2602,54642,1,1,0,0,1.404032445861958e-11,True
G02,191,M1,0.25,S1,31,2602,54642,1,1,0,0,1.1937117960769683e-12,True
G02,192,M1,0.25,S2,0,2602,54642,1,1,0,0,3.8539837987627834e-11,True
G02,193,M1,0.25,S2,1,2602,54642,1,1,0,0,4.1666226024972275e-11,True
G02,194,M1,0.25,S2,2,2602,54642,1,1,0,0,3.5697667044587433e-11,True
G02,195,M1,0.25,S2,3,2602,54642,1,1,0,0,8.128608897095546e-12,True
G02,196,M1,0.25,S2,4,2602,54642,1,1,0,0,8.208189683500677e-11,True
G02,197,M1,0.25,S2,5,2602,54642,1,1,0,0,3.6550318327499554e-11,True
G02,198,M1,0.25,S2,6,2602,54642,1,1,0,0,8.697043085703626e-12,True
G02,199,M1,0.25,S2,7,2602,54642,1,1,0,0,1.7053025658242404e-12,True
G02,200,M1,0.25,S2,8,2602,54642,1,1,0,0,4.376943252282217e-11,True
G02,201,M1,0.25,S2,9,2602,54642,1,1,0,0,3.1377567211166024e-11,True
G02,202,M1,0.25,S2,10,2602,54642,1,1,0,0,2.830802259268239e-11,True
G02,203,M1,0.25,S2,11,2602,54642,1,1,0,0,1.3983481039758772e-11,True
G02,204,M1,0.25,S2,12,2602,54642,1,1,0,0,3.353761712787673e-11,True
G02,205,M1,0.25,S2,13,2602,54642,1,1,0,0,4.5361048250924796e-11,True
G02,206,M1,0.25,S2,14,2602,54642,1,1,0,0,7.844391802791506e-12,True
G02,207,M1,0.25,S2,15,2602,54642,1,1,0,0,2.347633198951371e-11,True
G02,208,M1,0.25,S2,16,2602,54642,1,1,0,0,6.0254023992456496e-12,True
G02,209,M1,0.25,S2,17,2602,54642,1,1,0,0,2.3078428057488054e-11,True
G02,210,M1,0.25,S2,18,2602,54642,1,1,0,0,3.1889157980913296e-11,True
G02,211,M1,0.25,S2,19,2602,54642,1,1,0,0,4.069988790433854e-11,True
G02,212,M1,0.25,S2,20,2602,54642,0,0,0,0,0.0,True
G02,213,M1,0.25,S2,21,2602,54642,1,1,0,0,2.546585164964199e-11,True
G02,214,M1,0.25,S2,22,2602,54642,0,0,0,0,0.0,True
G02,215,M1,0.25,S2,23,2602,54642,0,0,0,0,0.0,True
G02,216,M1,0.25,S2,24,2602,54642,1,1,0,0,8.29345481179189e-11,True
G02,217,M1,0.25,S2,25,2602,54642,1,1,0,0,2.8705926524708048e-11,True
G02,218,M1,0.25,S2,26,2602,54642,1,1,0,0,2.6489033189136535e-11,True
G02,219,M1,0.25,S2,27,2602,54642,1,1,0,0,7.617018127348274e-12,True
G02,220,M1,0.25,S2,28,2602,54642,1,1,0,0,2.808064891723916e-11,True
G02,221,M1,0.25,S2,29,2602,54642,1,1,0,0,4.206412995699793e-11,True
G02,222,M1,0.25,S2,30,2602,54642,1,1,0,0,7.224798537208699e-11,True
G02,223,M1,0.25,S2,31,2602,54642,1,1,0,0,1.1937117960769683e-12,True
G02,224,M1,0.25,S3,0,2602,54642,1,1,0,0,7.889866537880152e-11,True
G02,225,M1,0.25,S3,1,2602,54642,0,0,0,0,0.0,True
G02,226,M1,0.25,S3,2,2602,54642,0,0,0,0,0.0,True
G02,227,M1,0.25,S3,3,2602,54642,0,0,0,0,0.0,True
G02,228,M1,0.25,S3,4,2602,54642,1,1,0,0,3.6834535421803594e-11,True
G02,229,M1,0.25,S3,5,2602,54642,0,0,0,0,0.0,True
G02,230,M1,0.25,S3,6,2602,54642,0,0,0,0,0.0,True
G02,231,M1,0.25,S3,7,2602,54642,0,0,0,0,0.0,True
G02,232,M1,0.25,S3,8,2602,54642,0,0,0,0,0.0,True
G02,233,M1,0.25,S3,9,2602,54642,0,0,0,0,0.0,True
G02,234,M1,0.25,S3,10,2602,54642,0,0,0,0,0.0,True
G02,235,M1,0.25,S3,11,2602,54642,0,0,0,0,0.0,True
G02,236,M1,0.25,S3,12,2602,54642,1,1,0,0,2.3590018827235326e-11,True
G02,237,M1,0.25,S3,13,2602,54642,0,0,0,0,0.0,True
G02,238,M1,0.25,S3,14,2602,54642,1,1,0,0,5.67297320230864e-11,True
G02,239,M1,0.25,S3,15,2602,54642,1,1,0,0,5.5649707064731047e-11,True
G02,240,M1,0.25,S3,16,2602,54642,0,0,0,0,0.0,True
G02,241,M1,0.25,S3,17,2602,54642,0,0,0,0,0.0,True
G02,242,M1,0.25,S3,18,2602,54642,0,0,0,0,0.0,True
G02,243,M1,0.25,S3,19,2602,54642,1,1,0,0,6.707523425575346e-12,True
G02,244,M1,0.25,S3,20,2602,54642,0,0,0,0,0.0,True
G02,245,M1,0.25,S3,21,2602,54642,0,0,0,0,0.0,True
G02,246,M1,0.25,S3,22,2602,54642,0,0,0,0,0.0,True
G02,247,M1,0.25,S3,23,2602,54642,0,0,0,0,0.0,True
G02,248,M1,0.25,S3,24,2602,54642,0,0,0,0,0.0,True
G02,249,M1,0.25,S3,25,2602,54642,0,0,0,0,0.0,True
G02,250,M1,0.25,S3,26,2602,54642,0,0,0,0,0.0,True
G02,251,M1,0.25,S3,27,2602,54642,0,0,0,0,0.0,True
G02,252,M1,0.25,S3,28,2602,54642,0,0,0,0,0.0,True
G02,253,M1,0.25,S3,29,2602,54642,1,1,0,0,7.73070496506989e-12,True
G02,254,M1,0.25,S3,30,2602,54642,1,1,0,0,4.922640073345974e-11,True
G02,255,M1,0.25,S3,31,2602,54642,0,0,0,0,0.0,True
G02,256,M1,0.5,S0,0,2602,54642,1,1,0,0,3.637978807091713e-12,True
G02,257,M1,0.5,S0,1,2602,54642,1,1,0,0,1.7621459846850485e-12,True
G02,258,M1,0.5,S0,2,2602,54642,1,1,0,0,6.991740519879386e-12,True
G02,259,M1,0.5,S0,3,2602,54642,1,1,0,0,8.01492205937393e-12,True
G02,260,M1,0.5,S0,4,2602,54642,1,1,0,0,1.5802470443304628e-11,True
G02,261,M1,0.5,S0,5,2602,54642,1,1,0,0,7.673861546209082e-12,True
G02,262,M1,0.5,S0,6,2602,54642,1,1,0,0,9.208633855450898e-12,True
G02,263,M1,0.5,S0,7,2602,54642,1,1,0,0,9.606537787476555e-12,True
G02,264,M1,0.5,S0,8,2602,54642,1,1,0,0,7.389644451905042e-12,True
G02,265,M1,0.5,S0,9,2602,54642,1,1,0,0,1.0174971976084635e-11,True
G02,266,M1,0.5,S0,10,2602,54642,1,1,0,0,5.684341886080802e-14,True
G02,267,M1,0.5,S0,11,2602,54642,1,1,0,0,1.3869794202037156e-11,True
G02,268,M1,0.5,S0,12,2602,54642,1,1,0,0,1.2448708730516955e-11,True
G02,269,M1,0.5,S0,13,2602,54642,1,1,0,0,5.6843418860808015e-12,True
G02,270,M1,0.5,S0,14,2602,54642,1,1,0,0,1.432454155292362e-11,True
G02,271,M1,0.5,S0,15,2602,54642,1,1,0,0,1.2391865311656147e-11,True
G02,272,M1,0.5,S0,16,2602,54642,1,1,0,0,6.139089236967266e-12,True
G02,273,M1,0.5,S0,17,2602,54642,1,1,0,0,2.3078428057488054e-11,True
G02,274,M1,0.5,S0,18,2602,54642,1,1,0,0,3.865352482534945e-12,True
G02,275,M1,0.5,S0,19,2602,54642,1,1,0,0,3.296918293926865e-12,True
G02,276,M1,0.5,S0,20,2602,54642,0,0,0,0,0.0,True
G02,277,M1,0.5,S0,21,2602,54642,1,1,0,0,3.751665644813329e-12,True
G02,278,M1,0.5,S0,22,2602,54642,0,0,0,0,0.0,True
G02,279,M1,0.5,S0,23,2602,54642,0,0,0,0,0.0,True
G02,280,M1,0.5,S0,24,2602,54642,1,1,0,0,3.069544618483633e-12,True
G02,281,M1,0.5,S0,25,2602,54642,1,1,0,0,1.4267698134062812e-11,True
G02,282,M1,0.5,S0,26,2602,54642,1,1,0,0,1.7848833522293717e-11,True
G02,283,M1,0.5,S0,27,2602,54642,1,1,0,0,6.707523425575346e-12,True
G02,284,M1,0.5,S0,28,2602,54642,1,1,0,0,6.366462912410498e-12,True
G02,285,M1,0.5,S0,29,2602,54642,1,1,0,0,1.4779288903810084e-12,True
G02,286,M1,0.5,S0,30,2602,54642,1,1,0,0,7.332801033044234e-12,True
G02,287,M1,0.5,S0,31,2602,54642,1,1,0,0,1.2846612662542611e-11,True
G02,288,M1,0.5,S1,0,2602,54642,1,1,0,0,3.694822225952521e-12,True
G02,289,M1,0.5,S1,1,2602,54642,1,1,0,0,1.7621459846850485e-12,True
G02,290,M1,0.5,S1,2,2602,54642,1,1,0,0,6.934897101018578e-12,True
G02,291,M1,0.5,S1,3,2602,54642,1,1,0,0,6.821210263296962e-13,True
G02,292,M1,0.5,S1,4,2602,54642,1,1,0,0,8.469669410260394e-12,True
G02,293,M1,0.5,S1,5,2602,54642,1,1,0,0,6.87805368215777e-12,True
G02,294,M1,0.5,S1,6,2602,54642,1,1,0,0,9.208633855450898e-12,True
G02,295,M1,0.5,S1,7,2602,54642,1,1,0,0,4.945377440890297e-12,True
G02,296,M1,0.5,S1,8,2602,54642,1,1,0,0,7.389644451905042e-12,True
G02,297,M1,0.5,S1,9,2602,54642,1,1,0,0,4.320099833421409e-12,True
G02,298,M1,0.5,S1,10,2602,54642,1,1,0,0,7.275957614183426e-12,True
G02,299,M1,0.5,S1,11,2602,54642,1,1,0,0,1.3869794202037156e-11,True
G02,300,M1,0.5,S1,12,2602,54642,1,1,0,0,9.322320693172514e-12,True
G02,301,M1,0.5,S1,13,2602,54642,1,1,0,0,1.2846612662542611e-11,True
G02,302,M1,0.5,S1,14,2602,54642,1,1,0,0,7.048583938740194e-12,True
G02,303,M1,0.5,S1,15,2602,54642,1,1,0,0,1.2391865311656147e-11,True
G02,304,M1,0.5,S1,16,2602,54642,1,1,0,0,6.0254023992456496e-12,True
G02,305,M1,0.5,S1,17,2602,54642,1,1,0,0,8.640199666842818e-12,True
G02,306,M1,0.5,S1,18,2602,54642,1,1,0,0,3.467448550509289e-12,True
G02,307,M1,0.5,S1,19,2602,54642,1,1,0,0,1.1198153515579179e-11,True
G02,308,M1,0.5,S1,20,2602,54642,0,0,0,0,0.0,True
G02,309,M1,0.5,S1,21,2602,54642,1,1,0,0,3.694822225952521e-12,True
G02,310,M1,0.5,S1,22,2602,54642,0,0,0,0,0.0,True
G02,311,M1,0.5,S1,23,2602,54642,0,0,0,0,0.0,True
G02,312,M1,0.5,S1,24,2602,54642,1,1,0,0,1.1482370609883219e-11,True
G02,313,M1,0.5,S1,25,2602,54642,1,1,0,0,6.821210263296962e-12,True
G02,314,M1,0.5,S1,26,2602,54642,1,1,0,0,1.1254996934439987e-11,True
G02,315,M1,0.5,S1,27,2602,54642,1,1,0,0,6.59383658785373e-12,True
G02,316,M1,0.5,S1,28,2602,54642,1,1,0,0,9.094947017729282e-13,True
G02,317,M1,0.5,S1,29,2602,54642,1,1,0,0,1.6086687537608668e-11,True
G02,318,M1,0.5,S1,30,2602,54642,1,1,0,0,7.219114195322618e-12,True
G02,319,M1,0.5,S1,31,2602,54642,1,1,0,0,1.2846612662542611e-11,True
G02,320,M1,0.5,S2,0,2602,54642,1,1,0,0,3.694822225952521e-12,True
G02,321,M1,0.5,S2,1,2602,54642,1,1,0,0,5.5706550483591855e-12,True
G02,322,M1,0.5,S2,2,2602,54642,1,1,0,0,6.87805368215777e-12,True
G02,323,M1,0.5,S2,3,2602,54642,1,1,0,0,8.01492205937393e-12,True
G02,324,M1,0.5,S2,4,2602,54642,1,1,0,0,6.0254023992456496e-12,True
G02,325,M1,0.5,S2,5,2602,54642,1,1,0,0,7.048583938740194e-12,True
G02,326,M1,0.5,S2,6,2602,54642,1,1,0,0,1.6484591469634324e-11,True
G02,327,M1,0.5,S2,7,2602,54642,1,1,0,0,9.549694368615746e-12,True
G02,328,M1,0.5,S2,8,2602,54642,1,1,0,0,2.2737367544323206e-13,True
G02,329,M1,0.5,S2,9,2602,54642,1,1,0,0,1.0118128557223827e-11,True
G02,330,M1,0.5,S2,10,2602,54642,1,1,0,0,1.1368683772161603e-13,True
G02,331,M1,0.5,S2,11,2602,54642,1,1,0,0,1.3869794202037156e-11,True
G02,332,M1,0.5,S2,12,2602,54642,1,1,0,0,1.2562395568238571e-11,True
G02,333,M1,0.5,S2,13,2602,54642,1,1,0,0,1.7053025658242404e-12,True
G02,334,M1,0.5,S2,14,2602,54642,1,1,0,0,2.2737367544323206e-13,True
G02,335,M1,0.5,S2,15,2602,54642,1,1,0,0,2.1032064978498966e-12,True
G02,336,M1,0.5,S2,16,2602,54642,1,1,0,0,8.412825991399586e-12,True
G02,337,M1,0.5,S2,17,2602,54642,1,1,0,0,1.574562702444382e-11,True
G02,338,M1,0.5,S2,18,2602,54642,1,1,0,0,1.0743406164692715e-11,True
G02,339,M1,0.5,S2,19,2602,54642,1,1,0,0,3.979039320256561e-12,True
G02,340,M1,0.5,S2,20,2602,54642,0,0,0,0,0.0,True
G02,341,M1,0.5,S2,21,2602,54642,1,1,0,0,3.751665644813329e-12,True
G02,342,M1,0.5,S2,22,2602,54642,0,0,0,0,0.0,True
G02,343,M1,0.5,S2,23,2602,54642,0,0,0,0,0.0,True
G02,344,M1,0.5,S2,24,2602,54642,1,1,0,0,3.069544618483633e-12,True
G02,345,M1,0.5,S2,25,2602,54642,1,1,0,0,1.4267698134062812e-11,True
G02,346,M1,0.5,S2,26,2602,54642,1,1,0,0,3.296918293926865e-12,True
G02,347,M1,0.5,S2,27,2602,54642,1,1,0,0,7.844391802791506e-12,True
G02,348,M1,0.5,S2,28,2602,54642,1,1,0,0,9.094947017729282e-13,True
G02,349,M1,0.5,S2,29,2602,54642,1,1,0,0,1.5347723092418164e-12,True
G02,350,M1,0.5,S2,30,2602,54642,1,1,0,0,7.332801033044234e-12,True
G02,351,M1,0.5,S2,31,2602,54642,1,1,0,0,5.5706550483591855e-12,True
G02,352,M1,0.5,S3,0,2602,54642,1,1,0,0,1.1596057447604835e-11,True
G02,353,M1,0.5,S3,1,2602,54642,1,1,0,0,9.833911462919787e-12,True
G02,354,M1,0.5,S3,2,2602,54642,1,1,0,0,6.707523425575346e-12,True
G02,355,M1,0.5,S3,3,2602,54642,1,1,0,0,5.172751116333529e-12,True
G02,356,M1,0.5,S3,4,2602,54642,1,1,0,0,7.958078640513122e-13,True
G02,357,M1,0.5,S3,5,2602,54642,1,1,0,0,2.2168933355715126e-12,True
G02,358,M1,0.5,S3,6,2602,54642,1,1,0,0,6.0254023992456496e-12,True
G02,359,M1,0.5,S3,7,2602,54642,1,1,0,0,3.922195901395753e-12,True
G02,360,M1,0.5,S3,8,2602,54642,1,1,0,0,1.1198153515579179e-11,True
G02,361,M1,0.5,S3,9,2602,54642,1,1,0,0,7.16227077646181e-12,True
G02,362,M1,0.5,S3,10,2602,54642,0,0,0,0,0.0,True
G02,363,M1,0.5,S3,11,2602,54642,1,1,0,0,5.5706550483591855e-12,True
G02,364,M1,0.5,S3,12,2602,54642,1,1,0,0,2.05773176276125e-11,True
G02,365,M1,0.5,S3,13,2602,54642,1,1,0,0,7.503331289626658e-12,True
G02,366,M1,0.5,S3,14,2602,54642,1,1,0,0,1.0118128557223827e-11,True
G02,367,M1,0.5,S3,15,2602,54642,1,1,0,0,2.3078428057488054e-11,True
G02,368,M1,0.5,S3,16,2602,54642,1,1,0,0,4.547473508864641e-13,True
G02,369,M1,0.5,S3,17,2602,54642,1,1,0,0,4.661160346586257e-12,True
G02,370,M1,0.5,S3,18,2602,54642,1,1,0,0,5.343281372915953e-12,True
G02,371,M1,0.5,S3,19,2602,54642,1,1,0,0,1.9326762412674725e-12,True
G02,372,M1,0.5,S3,20,2602,54642,0,0,0,0,0.0,True
G02,373,M1,0.5,S3,21,2602,54642,1,1,0,0,3.0127011996228248e-12,True
G02,374,M1,0.5,S3,22,2602,54642,0,0,0,0,0.0,True
G02,375,M1,0.5,S3,23,2602,54642,0,0,0,0,0.0,True
G02,376,M1,0.5,S3,24,2602,54642,1,1,0,0,8.071765478234738e-12,True
G02,377,M1,0.5,S3,25,2602,54642,1,1,0,0,2.5011104298755527e-12,True
G02,378,M1,0.5,S3,26,2602,54642,1,1,0,0,6.480149750132114e-12,True
G02,379,M1,0.5,S3,27,2602,54642,1,1,0,0,9.094947017729282e-13,True
G02,380,M1,0.5,S3,28,2602,54642,1,1,0,0,1.4779288903810084e-12,True
G02,381,M1,0.5,S3,29,2602,54642,1,1,0,0,1.0516032489249483e-11,True
G02,382,M1,0.5,S3,30,2602,54642,1,1,0,0,4.547473508864641e-12,True
G02,383,M1,0.5,S3,31,2602,54642,1,1,0,0,8.412825991399586e-12,True
G02,0,ORACLE,0.1,S0,0,2602,54642,1,1,0,0,3.057039066334255e-10,True
G02,1,ORACLE,0.1,S0,1,2602,54642,1,1,0,0,3.136051418550778e-10,True
G02,2,ORACLE,0.1,S0,2,2602,54642,1,1,0,0,1.8599166651256382e-10,True
G02,3,ORACLE,0.1,S0,3,2602,54642,1,1,0,0,3.0945557227823883e-10,True
G02,4,ORACLE,0.1,S0,4,2602,54642,1,1,0,0,2.615934135974385e-10,True
G02,5,ORACLE,0.1,S0,5,2602,54642,1,1,0,0,1.185185283247847e-10,True
G02,6,ORACLE,0.1,S0,6,2602,54642,1,1,0,0,4.695266397902742e-11,True
G02,7,ORACLE,0.1,S0,7,2602,54642,1,1,0,0,1.078319655789528e-10,True
G02,8,ORACLE,0.1,S0,8,2602,54642,1,1,0,0,1.6609646991128102e-10,True
G02,9,ORACLE,0.1,S0,9,2602,54642,1,1,0,0,3.942659532185644e-10,True
G02,10,ORACLE,0.1,S0,10,2602,54642,1,1,0,0,2.652313924045302e-10,True
G02,11,ORACLE,0.1,S0,11,2602,54642,1,1,0,0,4.0233771869679913e-10,True
G02,12,ORACLE,0.1,S0,12,2602,54642,1,1,0,0,2.448246050335001e-10,True
G02,13,ORACLE,0.1,S0,13,2602,54642,0,0,0,0,0.0,True
G02,14,ORACLE,0.1,S0,14,2602,54642,1,1,0,0,1.5631940186722204e-10,True
G02,15,ORACLE,0.1,S0,15,2602,54642,1,1,0,0,1.659827830735594e-11,True
G02,16,ORACLE,0.1,S0,16,2602,54642,1,1,0,0,4.5156411943025887e-10,True
G02,17,ORACLE,0.1,S0,17,2602,54642,1,1,0,0,1.3517365005100146e-10,True
G02,18,ORACLE,0.1,S0,18,2602,54642,1,1,0,0,7.173639460233971e-10,True
G02,19,ORACLE,0.1,S0,19,2602,54642,1,1,0,0,2.1174173525650986e-10,True
G02,20,ORACLE,0.1,S0,20,2602,54642,0,0,0,0,0.0,True
G02,21,ORACLE,0.1,S0,21,2602,54642,1,1,0,0,2.1668711269740015e-10,True
G02,22,ORACLE,0.1,S0,22,2602,54642,1,1,0,0,6.141362973721698e-10,True
G02,23,ORACLE,0.1,S0,23,2602,54642,0,0,0,0,0.0,True
G02,24,ORACLE,0.1,S0,24,2602,54642,0,0,0,0,0.0,True
G02,25,ORACLE,0.1,S0,25,2602,54642,1,1,0,0,3.133777681796346e-10,True
G02,26,ORACLE,0.1,S0,26,2602,54642,1,1,0,0,5.8548721426632255e-12,True
G02,27,ORACLE,0.1,S0,27,2602,54642,1,1,0,0,4.376943252282217e-11,True
G02,28,ORACLE,0.1,S0,28,2602,54642,1,1,0,0,2.6852831069845706e-10,True
G02,29,ORACLE,0.1,S0,29,2602,54642,1,1,0,0,3.440732143644709e-10,True
G02,30,ORACLE,0.1,S0,30,2602,54642,1,1,0,0,4.525304575508926e-10,True
G02,31,ORACLE,0.1,S0,31,2602,54642,1,1,0,0,1.0516032489249483e-11,True
G02,32,ORACLE,0.1,S1,0,2602,54642,1,1,0,0,3.057039066334255e-10,True
G02,33,ORACLE,0.1,S1,1,2602,54642,1,1,0,0,3.136051418550778e-10,True
G02,34,ORACLE,0.1,S1,2,2602,54642,1,1,0,0,1.8599166651256382e-10,True
G02,35,ORACLE,0.1,S1,3,2602,54642,1,1,0,0,3.0945557227823883e-10,True
G02,36,ORACLE,0.1,S1,4,2602,54642,1,1,0,0,2.6221869120490737e-10,True
G02,37,ORACLE,0.1,S1,5,2602,54642,1,1,0,0,1.185185283247847e-10,True
G02,38,ORACLE,0.1,S1,6,2602,54642,1,1,0,0,4.695266397902742e-11,True
G02,39,ORACLE,0.1,S1,7,2602,54642,1,1,0,0,1.078319655789528e-10,True
G02,40,ORACLE,0.1,S1,8,2602,54642,1,1,0,0,1.6609646991128102e-10,True
G02,41,ORACLE,0.1,S1,9,2602,54642,1,1,0,0,3.9472070056945086e-10,True
G02,42,ORACLE,0.1,S1,10,2602,54642,1,1,0,0,2.652313924045302e-10,True
G02,43,ORACLE,0.1,S1,11,2602,54642,1,1,0,0,4.0233771869679913e-10,True
G02,44,ORACLE,0.1,S1,12,2602,54642,1,1,0,0,2.448246050335001e-10,True
G02,45,ORACLE,0.1,S1,13,2602,54642,0,0,0,0,0.0,True
G02,46,ORACLE,0.1,S1,14,2602,54642,1,1,0,0,1.5631940186722204e-10,True
G02,47,ORACLE,0.1,S1,15,2602,54642,1,1,0,0,1.659827830735594e-11,True
G02,48,ORACLE,0.1,S1,16,2602,54642,1,1,0,0,4.5156411943025887e-10,True
G02,49,ORACLE,0.1,S1,17,2602,54642,1,1,0,0,1.3517365005100146e-10,True
G02,50,ORACLE,0.1,S1,18,2602,54642,1,1,0,0,7.177618499554228e-10,True
G02,51,ORACLE,0.1,S1,19,2602,54642,1,1,0,0,2.1174173525650986e-10,True
G02,52,ORACLE,0.1,S1,20,2602,54642,0,0,0,0,0.0,True
G02,53,ORACLE,0.1,S1,21,2602,54642,1,1,0,0,2.1668711269740015e-10,True
G02,54,ORACLE,0.1,S1,22,2602,54642,1,1,0,0,6.141362973721698e-10,True
G02,55,ORACLE,0.1,S1,23,2602,54642,0,0,0,0,0.0,True
G02,56,ORACLE,0.1,S1,24,2602,54642,0,0,0,0,0.0,True
G02,57,ORACLE,0.1,S1,25,2602,54642,1,1,0,0,3.1451463655685075e-10,True
G02,58,ORACLE,0.1,S1,26,2602,54642,1,1,0,0,5.8548721426632255e-12,True
G02,59,ORACLE,0.1,S1,27,2602,54642,1,1,0,0,4.4224179873708636e-11,True
G02,60,ORACLE,0.1,S1,28,2602,54642,1,1,0,0,2.6852831069845706e-10,True
G02,61,ORACLE,0.1,S1,29,2602,54642,1,1,0,0,3.440732143644709e-10,True
G02,62,ORACLE,0.1,S1,30,2602,54642,1,1,0,0,4.525304575508926e-10,True
G02,63,ORACLE,0.1,S1,31,2602,54642,1,1,0,0,1.0516032489249483e-11,True
G02,64,ORACLE,0.1,S2,0,2602,54642,1,1,0,0,3.057039066334255e-10,True
G02,65,ORACLE,0.1,S2,1,2602,54642,1,1,0,0,3.136051418550778e-10,True
G02,66,ORACLE,0.1,S2,2,2602,54642,1,1,0,0,1.865032572823111e-10,True
G02,67,ORACLE,0.1,S2,3,2602,54642,1,1,0,0,3.0945557227823883e-10,True
G02,68,ORACLE,0.1,S2,4,2602,54642,1,1,0,0,2.6221869120490737e-10,True
G02,69,ORACLE,0.1,S2,5,2602,54642,1,1,0,0,1.185185283247847e-10,True
G02,70,ORACLE,0.1,S2,6,2602,54642,1,1,0,0,4.695266397902742e-11,True
G02,71,ORACLE,0.1,S2,7,2602,54642,1,1,0,0,1.078319655789528e-10,True
G02,72,ORACLE,0.1,S2,8,2602,54642,1,1,0,0,1.6609646991128102e-10,True
G02,73,ORACLE,0.1,S2,9,2602,54642,1,1,0,0,3.942659532185644e-10,True
G02,74,ORACLE,0.1,S2,10,2602,54642,1,1,0,0,2.652313924045302e-10,True
G02,75,ORACLE,0.1,S2,11,2602,54642,1,1,0,0,4.0233771869679913e-10,True
G02,76,ORACLE,0.1,S2,12,2602,54642,1,1,0,0,2.448246050335001e-10,True
G02,77,ORACLE,0.1,S2,13,2602,54642,0,0,0,0,0.0,True
G02,78,ORACLE,0.1,S2,14,2602,54642,1,1,0,0,1.5631940186722204e-10,True
G02,79,ORACLE,0.1,S2,15,2602,54642,1,1,0,0,1.659827830735594e-11,True
G02,80,ORACLE,0.1,S2,16,2602,54642,1,1,0,0,4.5156411943025887e-10,True
G02,81,ORACLE,0.1,S2,17,2602,54642,1,1,0,0,1.3517365005100146e-10,True
G02,82,ORACLE,0.1,S2,18,2602,54642,1,1,0,0,7.177618499554228e-10,True
G02,83,ORACLE,0.1,S2,19,2602,54642,1,1,0,0,2.1174173525650986e-10,True
G02,84,ORACLE,0.1,S2,20,2602,54642,0,0,0,0,0.0,True
G02,85,ORACLE,0.1,S2,21,2602,54642,1,1,0,0,2.1668711269740015e-10,True
G02,86,ORACLE,0.1,S2,22,2602,54642,1,1,0,0,6.141362973721698e-10,True
G02,87,ORACLE,0.1,S2,23,2602,54642,0,0,0,0,0.0,True
G02,88,ORACLE,0.1,S2,24,2602,54642,0,0,0,0,0.0,True
G02,89,ORACLE,0.1,S2,25,2602,54642,1,1,0,0,3.133777681796346e-10,True
G02,90,ORACLE,0.1,S2,26,2602,54642,1,1,0,0,5.4569682106375694e-12,True
G02,91,ORACLE,0.1,S2,27,2602,54642,1,1,0,0,4.331468517193571e-11,True
G02,92,ORACLE,0.1,S2,28,2602,54642,1,1,0,0,2.6852831069845706e-10,True
G02,93,ORACLE,0.1,S2,29,2602,54642,1,1,0,0,3.440732143644709e-10,True
G02,94,ORACLE,0.1,S2,30,2602,54642,1,1,0,0,4.525304575508926e-10,True
G02,95,ORACLE,0.1,S2,31,2602,54642,1,1,0,0,1.0516032489249483e-11,True
G02,96,ORACLE,0.1,S3,0,2602,54642,1,1,0,0,3.057039066334255e-10,True
G02,97,ORACLE,0.1,S3,1,2602,54642,1,1,0,0,3.1326408134191297e-10,True
G02,98,ORACLE,0.1,S3,2,2602,54642,1,1,0,0,1.8667378753889352e-10,True
G02,99,ORACLE,0.1,S3,3,2602,54642,1,1,0,0,3.0945557227823883e-10,True
G02,100,ORACLE,0.1,S3,4,2602,54642,1,1,0,0,2.6125235308427364e-10,True
G02,101,ORACLE,0.1,S3,5,2602,54642,1,1,0,0,6.286882126005366e-11,True
G02,102,ORACLE,0.1,S3,6,2602,54642,1,1,0,0,4.6838977141305804e-11,True
G02,103,ORACLE,0.1,S3,7,2602,54642,1,1,0,0,2.9052671379758976e-10,True
G02,104,ORACLE,0.1,S3,8,2602,54642,1,1,0,0,1.6609646991128102e-10,True
G02,105,ORACLE,0.1,S3,9,2602,54642,1,1,0,0,3.951754479203373e-10,True
G02,106,ORACLE,0.1,S3,10,2602,54642,1,1,0,0,2.652313924045302e-10,True
G02,107,ORACLE,0.1,S3,11,2602,54642,1,1,0,0,5.845777195645496e-10,True
G02,108,ORACLE,0.1,S3,12,2602,54642,1,1,0,0,2.4448354452033527e-10,True
G02,109,ORACLE,0.1,S3,13,2602,54642,0,0,0,0,0.0,True
G02,110,ORACLE,0.1,S3,14,2602,54642,1,1,0,0,1.567173057992477e-10,True
G02,111,ORACLE,0.1,S3,15,2602,54642,1,1,0,0,1.6711965145077556e-11,True
G02,112,ORACLE,0.1,S3,16,2602,54642,1,1,0,0,4.5156411943025887e-10,True
G02,113,ORACLE,0.1,S3,17,2602,54642,1,1,0,0,1.3494627637555823e-10,True
G02,114,ORACLE,0.1,S3,18,2602,54642,1,1,0,0,7.175913196988404e-10,True
G02,115,ORACLE,0.1,S3,19,2602,54642,1,1,0,0,3.942091097997036e-10,True
G02,116,ORACLE,0.1,S3,20,2602,54642,0,0,0,0,0.0,True
G02,117,ORACLE,0.1,S3,21,2602,54642,1,1,0,0,3.984723662142642e-10,True
G02,118,ORACLE,0.1,S3,22,2602,54642,1,1,0,0,6.144773578853346e-10,True
G02,119,ORACLE,0.1,S3,23,2602,54642,0,0,0,0,0.0,True
G02,120,ORACLE,0.1,S3,24,2602,54642,0,0,0,0,0.0,True
G02,121,ORACLE,0.1,S3,25,2602,54642,1,1,0,0,3.128661774098873e-10,True
G02,122,ORACLE,0.1,S3,26,2602,54642,1,1,0,0,5.172751116333529e-12,True
G02,123,ORACLE,0.1,S3,27,2602,54642,1,1,0,0,4.354205884737894e-11,True
G02,124,ORACLE,0.1,S3,28,2602,54642,1,1,0,0,2.681872501852922e-10,True
G02,125,ORACLE,0.1,S3,29,2602,54642,1,1,0,0,3.4418690120219253e-10,True
G02,126,ORACLE,0.1,S3,30,2602,54642,1,1,0,0,2.696651790756732e-10,True
G02,127,ORACLE,0.1,S3,31,2602,54642,1,1,0,0,1.7183765521622263e-10,True
G02,128,ORACLE,0.25,S0,0,2602,54642,1,1,0,0,2.5352164811920375e-11,True
G02,129,ORACLE,0.25,S0,1,2602,54642,1,1,0,0,1.6370904631912708e-10,True
G02,130,ORACLE,0.25,S0,2,2602,54642,1,1,0,0,2.2737367544323206e-12,True
G02,131,ORACLE,0.25,S0,3,2602,54642,1,1,0,0,1.2505552149377763e-11,True
G02,132,ORACLE,0.25,S0,4,2602,54642,1,1,0,0,4.433786671143025e-11,True
G02,133,ORACLE,0.25,S0,5,2602,54642,1,1,0,0,6.144773578853346e-11,True
G02,134,ORACLE,0.25,S0,6,2602,54642,1,1,0,0,2.6147972675971687e-11,True
G02,135,ORACLE,0.25,S0,7,2602,54642,1,1,0,0,1.4381384971784428e-11,True
G02,136,ORACLE,0.25,S0,8,2602,54642,1,1,0,0,1.2050804798491299e-11,True
G02,137,ORACLE,0.25,S0,9,2602,54642,1,1,0,0,8.071765478234738e-12,True
G02,138,ORACLE,0.25,S0,10,2602,54642,1,1,0,0,6.775735528208315e-11,True
G02,139,ORACLE,0.25,S0,11,2602,54642,1,1,0,0,8.219558367272839e-11,True
G02,140,ORACLE,0.25,S0,12,2602,54642,1,1,0,0,5.678657544194721e-11,True
G02,141,ORACLE,0.25,S0,13,2602,54642,0,0,0,0,0.0,True
G02,142,ORACLE,0.25,S0,14,2602,54642,1,1,0,0,3.183231456205249e-12,True
G02,143,ORACLE,0.25,S0,15,2602,54642,1,1,0,0,1.3073986337985843e-11,True
G02,144,ORACLE,0.25,S0,16,2602,54642,1,1,0,0,5.150013748789206e-11,True
G02,145,ORACLE,0.25,S0,17,2602,54642,1,1,0,0,5.684341886080801e-13,True
G02,146,ORACLE,0.25,S0,18,2602,54642,1,1,0,0,1.318767317570746e-11,True
G02,147,ORACLE,0.25,S0,19,2602,54642,1,1,0,0,5.701394911739044e-11,True
G02,148,ORACLE,0.25,S0,20,2602,54642,0,0,0,0,0.0,True
G02,149,ORACLE,0.25,S0,21,2602,54642,1,1,0,0,5.707079253625125e-11,True
G02,150,ORACLE,0.25,S0,22,2602,54642,1,1,0,0,3.183231456205249e-11,True
G02,151,ORACLE,0.25,S0,23,2602,54642,0,0,0,0,0.0,True
G02,152,ORACLE,0.25,S0,24,2602,54642,0,0,0,0,0.0,True
G02,153,ORACLE,0.25,S0,25,2602,54642,1,1,0,0,2.05773176276125e-11,True
G02,154,ORACLE,0.25,S0,26,2602,54642,1,1,0,0,3.728928277269006e-11,True
G02,155,ORACLE,0.25,S0,27,2602,54642,1,1,0,0,2.9672264645341784e-11,True
G02,156,ORACLE,0.25,S0,28,2602,54642,1,1,0,0,1.716671249596402e-11,True
G02,157,ORACLE,0.25,S0,29,2602,54642,1,1,0,0,2.55226950685028e-11,True
G02,158,ORACLE,0.25,S0,30,2602,54642,1,1,0,0,1.0368239600211382e-10,True
G02,159,ORACLE,0.25,S0,31,2602,54642,1,1,0,0,9.72022462519817e-12,True
G02,160,ORACLE,0.25,S1,0,2602,54642,1,1,0,0,2.546585164964199e-11,True
G02,161,ORACLE,0.25,S1,1,2602,54642,1,1,0,0,1.6370904631912708e-10,True
G02,162,ORACLE,0.25,S1,2,2602,54642,1,1,0,0,2.2737367544323206e-12,True
G02,163,ORACLE,0.25,S1,3,2602,54642,1,1,0,0,1.2505552149377763e-11,True
G02,164,ORACLE,0.25,S1,4,2602,54642,1,1,0,0,4.445155354915187e-11,True
G02,165,ORACLE,0.25,S1,5,2602,54642,1,1,0,0,6.144773578853346e-11,True
G02,166,ORACLE,0.25,S1,6,2602,54642,1,1,0,0,2.5920599000528455e-11,True
G02,167,ORACLE,0.25,S1,7,2602,54642,1,1,0,0,1.4154011296341196e-11,True
G02,168,ORACLE,0.25,S1,8,2602,54642,1,1,0,0,1.2050804798491299e-11,True
G02,169,ORACLE,0.25,S1,9,2602,54642,1,1,0,0,8.071765478234738e-12,True
G02,170,ORACLE,0.25,S1,10,2602,54642,1,1,0,0,6.775735528208315e-11,True
G02,171,ORACLE,0.25,S1,11,2602,54642,1,1,0,0,8.219558367272839e-11,True
G02,172,ORACLE,0.25,S1,12,2602,54642,1,1,0,0,5.678657544194721e-11,True
G02,173,ORACLE,0.25,S1,13,2602,54642,0,0,0,0,0.0,True
G02,174,ORACLE,0.25,S1,14,2602,54642,1,1,0,0,3.183231456205249e-12,True
G02,175,ORACLE,0.25,S1,15,2602,54642,1,1,0,0,1.3073986337985843e-11,True
G02,176,ORACLE,0.25,S1,16,2602,54642,1,1,0,0,5.150013748789206e-11,True
G02,177,ORACLE,0.25,S1,17,2602,54642,1,1,0,0,5.684341886080801e-13,True
G02,178,ORACLE,0.25,S1,18,2602,54642,1,1,0,0,1.318767317570746e-11,True
G02,179,ORACLE,0.25,S1,19,2602,54642,1,1,0,0,5.701394911739044e-11,True
G02,180,ORACLE,0.25,S1,20,2602,54642,0,0,0,0,0.0,True
G02,181,ORACLE,0.25,S1,21,2602,54642,1,1,0,0,5.6843418860808015e-11,True
G02,182,ORACLE,0.25,S1,22,2602,54642,1,1,0,0,3.183231456205249e-11,True
G02,183,ORACLE,0.25,S1,23,2602,54642,0,0,0,0,0.0,True
G02,184,ORACLE,0.25,S1,24,2602,54642,0,0,0,0,0.0,True
G02,185,ORACLE,0.25,S1,25,2602,54642,1,1,0,0,2.0463630789890885e-11,True
G02,186,ORACLE,0.25,S1,26,2602,54642,1,1,0,0,3.728928277269006e-11,True
G02,187,ORACLE,0.25,S1,27,2602,54642,1,1,0,0,2.944489096989855e-11,True
G02,188,ORACLE,0.25,S1,28,2602,54642,1,1,0,0,1.716671249596402e-11,True
G02,189,ORACLE,0.25,S1,29,2602,54642,1,1,0,0,2.5636381906224415e-11,True
G02,190,ORACLE,0.25,S1,30,2602,54642,1,1,0,0,1.0368239600211382e-10,True
G02,191,ORACLE,0.25,S1,31,2602,54642,1,1,0,0,9.72022462519817e-12,True
G02,192,ORACLE,0.25,S2,0,2602,54642,1,1,0,0,2.5352164811920375e-11,True
G02,193,ORACLE,0.25,S2,1,2602,54642,1,1,0,0,1.6370904631912708e-10,True
G02,194,ORACLE,0.25,S2,2,2602,54642,1,1,0,0,2.2737367544323206e-12,True
G02,195,ORACLE,0.25,S2,3,2602,54642,1,1,0,0,1.2505552149377763e-11,True
G02,196,ORACLE,0.25,S2,4,2602,54642,1,1,0,0,4.445155354915187e-11,True
G02,197,ORACLE,0.25,S2,5,2602,54642,1,1,0,0,6.16751094639767e-11,True
G02,198,ORACLE,0.25,S2,6,2602,54642,1,1,0,0,2.6147972675971687e-11,True
G02,199,ORACLE,0.25,S2,7,2602,54642,1,1,0,0,1.4381384971784428e-11,True
G02,200,ORACLE,0.25,S2,8,2602,54642,1,1,0,0,1.2050804798491299e-11,True
G02,201,ORACLE,0.25,S2,9,2602,54642,1,1,0,0,8.071765478234738e-12,True
G02,202,ORACLE,0.25,S2,10,2602,54642,1,1,0,0,6.775735528208315e-11,True
G02,203,ORACLE,0.25,S2,11,2602,54642,1,1,0,0,5.297806637827307e-11,True
G02,204,ORACLE,0.25,S2,12,2602,54642,1,1,0,0,5.678657544194721e-11,True
G02,205,ORACLE,0.25,S2,13,2602,54642,0,0,0,0,0.0,True
G02,206,ORACLE,0.25,S2,14,2602,54642,1,1,0,0,3.183231456205249e-12,True
G02,207,ORACLE,0.25,S2,15,2602,54642,1,1,0,0,1.3073986337985843e-11,True
G02,208,ORACLE,0.25,S2,16,2602,54642,1,1,0,0,5.150013748789206e-11,True
G02,209,ORACLE,0.25,S2,17,2602,54642,1,1,0,0,5.684341886080801e-13,True
G02,210,ORACLE,0.25,S2,18,2602,54642,1,1,0,0,1.318767317570746e-11,True
G02,211,ORACLE,0.25,S2,19,2602,54642,1,1,0,0,5.701394911739044e-11,True
G02,212,ORACLE,0.25,S2,20,2602,54642,0,0,0,0,0.0,True
G02,213,ORACLE,0.25,S2,21,2602,54642,1,1,0,0,5.6843418860808015e-11,True
G02,214,ORACLE,0.25,S2,22,2602,54642,1,1,0,0,3.183231456205249e-11,True
G02,215,ORACLE,0.25,S2,23,2602,54642,0,0,0,0,0.0,True
G02,216,ORACLE,0.25,S2,24,2602,54642,0,0,0,0,0.0,True
G02,217,ORACLE,0.25,S2,25,2602,54642,1,1,0,0,2.0463630789890885e-11,True
G02,218,ORACLE,0.25,S2,26,2602,54642,1,1,0,0,3.728928277269006e-11,True
G02,219,ORACLE,0.25,S2,27,2602,54642,1,1,0,0,2.9672264645341784e-11,True
G02,220,ORACLE,0.25,S2,28,2602,54642,1,1,0,0,1.693933882052079e-11,True
G02,221,ORACLE,0.25,S2,29,2602,54642,1,1,0,0,2.55226950685028e-11,True
G02,222,ORACLE,0.25,S2,30,2602,54642,1,1,0,0,1.0368239600211382e-10,True
G02,223,ORACLE,0.25,S2,31,2602,54642,1,1,0,0,9.72022462519817e-12,True
G02,224,ORACLE,0.25,S3,0,2602,54642,1,1,0,0,2.523847797419876e-11,True
G02,225,ORACLE,0.25,S3,1,2602,54642,1,1,0,0,1.638795765757095e-10,True
G02,226,ORACLE,0.25,S3,2,2602,54642,1,1,0,0,2.2737367544323206e-12,True
G02,227,ORACLE,0.25,S3,3,2602,54642,1,1,0,0,1.261923898709938e-11,True
G02,228,ORACLE,0.25,S3,4,2602,54642,1,1,0,0,4.4565240386873484e-11,True
G02,229,ORACLE,0.25,S3,5,2602,54642,1,1,0,0,6.17319528828375e-11,True
G02,230,ORACLE,0.25,S3,6,2602,54642,1,1,0,0,2.6489033189136535e-11,True
G02,231,ORACLE,0.25,S3,7,2602,54642,1,1,0,0,1.4381384971784428e-11,True
G02,232,ORACLE,0.25,S3,8,2602,54642,1,1,0,0,1.1823431123048067e-11,True
G02,233,ORACLE,0.25,S3,9,2602,54642,1,1,0,0,8.185452315956354e-12,True
G02,234,ORACLE,0.25,S3,10,2602,54642,1,1,0,0,6.775735528208315e-11,True
G02,235,ORACLE,0.25,S3,11,2602,54642,1,1,0,0,8.219558367272839e-11,True
G02,236,ORACLE,0.25,S3,12,2602,54642,1,1,0,0,5.678657544194721e-11,True
G02,237,ORACLE,0.25,S3,13,2602,54642,0,0,0,0,0.0,True
G02,238,ORACLE,0.25,S3,14,2602,54642,1,1,0,0,2.5920599000528455e-11,True
G02,239,ORACLE,0.25,S3,15,2602,54642,1,1,0,0,1.3244516594568267e-11,True
G02,240,ORACLE,0.25,S3,16,2602,54642,1,1,0,0,5.161382432561368e-11,True
G02,241,ORACLE,0.25,S3,17,2602,54642,1,1,0,0,5.684341886080801e-13,True
G02,242,ORACLE,0.25,S3,18,2602,54642,1,1,0,0,1.3301360013429075e-11,True
G02,243,ORACLE,0.25,S3,19,2602,54642,1,1,0,0,5.6843418860808015e-11,True
G02,244,ORACLE,0.25,S3,20,2602,54642,0,0,0,0,0.0,True
G02,245,ORACLE,0.25,S3,21,2602,54642,1,1,0,0,5.650235834764317e-11,True
G02,246,ORACLE,0.25,S3,22,2602,54642,1,1,0,0,3.205968823749572e-11,True
G02,247,ORACLE,0.25,S3,23,2602,54642,0,0,0,0,0.0,True
G02,248,ORACLE,0.25,S3,24,2602,54642,0,0,0,0,0.0,True
G02,249,ORACLE,0.25,S3,25,2602,54642,1,1,0,0,2.0406787371030077e-11,True
G02,250,ORACLE,0.25,S3,26,2602,54642,1,1,0,0,3.751665644813329e-11,True
G02,251,ORACLE,0.25,S3,27,2602,54642,1,1,0,0,2.9672264645341784e-11,True
G02,252,ORACLE,0.25,S3,28,2602,54642,1,1,0,0,1.6825651982799172e-11,True
G02,253,ORACLE,0.25,S3,29,2602,54642,1,1,0,0,2.55226950685028e-11,True
G02,254,ORACLE,0.25,S3,30,2602,54642,1,1,0,0,1.0368239600211382e-10,True
G02,255,ORACLE,0.25,S3,31,2602,54642,1,1,0,0,9.890754881780595e-12,True
G02,256,ORACLE,0.5,S0,0,2602,54642,1,1,0,0,2.1600499167107046e-12,True
G02,257,ORACLE,0.5,S0,1,2602,54642,1,1,0,0,4.547473508864641e-12,True
G02,258,ORACLE,0.5,S0,2,2602,54642,1,1,0,0,1.1368683772161603e-12,True
G02,259,ORACLE,0.5,S0,3,2602,54642,1,1,0,0,2.0463630789890885e-12,True
G02,260,ORACLE,0.5,S0,4,2602,54642,1,1,0,0,7.44648787076585e-12,True
G02,261,ORACLE,0.5,S0,5,2602,54642,1,1,0,0,4.490630090003833e-12,True
G02,262,ORACLE,0.5,S0,6,2602,54642,1,1,0,0,1.1027623258996755e-11,True
G02,263,ORACLE,0.5,S0,7,2602,54642,1,1,0,0,6.707523425575346e-12,True
G02,264,ORACLE,0.5,S0,8,2602,54642,1,1,0,0,1.9326762412674725e-11,True
G02,265,ORACLE,0.5,S0,9,2602,54642,1,1,0,0,2.000888343900442e-11,True
G02,266,ORACLE,0.5,S0,10,2602,54642,1,1,0,0,8.640199666842818e-12,True
G02,267,ORACLE,0.5,S0,11,2602,54642,1,1,0,0,3.171862772433087e-11,True
G02,268,ORACLE,0.5,S0,12,2602,54642,1,1,0,0,1.1368683772161603e-12,True
G02,269,ORACLE,0.5,S0,13,2602,54642,0,0,0,0,0.0,True
G02,270,ORACLE,0.5,S0,14,2602,54642,1,1,0,0,3.581135388230905e-12,True
G02,271,ORACLE,0.5,S0,15,2602,54642,1,1,0,0,1.693933882052079e-11,True
G02,272,ORACLE,0.5,S0,16,2602,54642,1,1,0,0,2.2509993868879974e-11,True
G02,273,ORACLE,0.5,S0,17,2602,54642,1,1,0,0,7.958078640513122e-13,True
G02,274,ORACLE,0.5,S0,18,2602,54642,1,1,0,0,1.4949819160392508e-11,True
G02,275,ORACLE,0.5,S0,19,2602,54642,1,1,0,0,5.5706550483591855e-12,True
G02,276,ORACLE,0.5,S0,20,2602,54642,0,0,0,0,0.0,True
G02,277,ORACLE,0.5,S0,21,2602,54642,1,1,0,0,1.3073986337985843e-11,True
G02,278,ORACLE,0.5,S0,22,2602,54642,1,1,0,0,2.432898327242583e-11,True
G02,279,ORACLE,0.5,S0,23,2602,54642,0,0,0,0,0.0,True
G02,280,ORACLE,0.5,S0,24,2602,54642,0,0,0,0,0.0,True
G02,281,ORACLE,0.5,S0,25,2602,54642,1,1,0,0,2.3419488570652902e-11,True
G02,282,ORACLE,0.5,S0,26,2602,54642,1,1,0,0,2.0747847884194925e-11,True
G02,283,ORACLE,0.5,S0,27,2602,54642,1,1,0,0,2.091837814077735e-11,True
G02,284,ORACLE,0.5,S0,28,2602,54642,1,1,0,0,4.092726157978177e-12,True
G02,285,ORACLE,0.5,S0,29,2602,54642,1,1,0,0,3.865352482534945e-12,True
G02,286,ORACLE,0.5,S0,30,2602,54642,1,1,0,0,2.887645678129047e-11,True
G02,287,ORACLE,0.5,S0,31,2602,54642,1,1,0,0,2.9558577807620168e-12,True
G02,288,ORACLE,0.5,S1,0,2602,54642,1,1,0,0,2.1600499167107046e-12,True
G02,289,ORACLE,0.5,S1,1,2602,54642,1,1,0,0,4.547473508864641e-12,True
G02,290,ORACLE,0.5,S1,2,2602,54642,1,1,0,0,1.0231815394945443e-12,True
G02,291,ORACLE,0.5,S1,3,2602,54642,1,1,0,0,2.0463630789890885e-12,True
G02,292,ORACLE,0.5,S1,4,2602,54642,1,1,0,0,7.503331289626658e-12,True
G02,293,ORACLE,0.5,S1,5,2602,54642,1,1,0,0,4.490630090003833e-12,True
G02,294,ORACLE,0.5,S1,6,2602,54642,1,1,0,0,1.1027623258996755e-11,True
G02,295,ORACLE,0.5,S1,7,2602,54642,1,1,0,0,6.707523425575346e-12,True
G02,296,ORACLE,0.5,S1,8,2602,54642,1,1,0,0,1.9326762412674725e-11,True
G02,297,ORACLE,0.5,S1,9,2602,54642,1,1,0,0,1.9895196601282805e-11,True
G02,298,ORACLE,0.5,S1,10,2602,54642,1,1,0,0,8.640199666842818e-12,True
G02,299,ORACLE,0.5,S1,11,2602,54642,1,1,0,0,3.171862772433087e-11,True
G02,300,ORACLE,0.5,S1,12,2602,54642,1,1,0,0,1.1368683772161603e-12,True
G02,301,ORACLE,0.5,S1,13,2602,54642,0,0,0,0,0.0,True
G02,302,ORACLE,0.5,S1,14,2602,54642,1,1,0,0,3.581135388230905e-12,True
G02,303,ORACLE,0.5,S1,15,2602,54642,1,1,0,0,1.693933882052079e-11,True
G02,304,ORACLE,0.5,S1,16,2602,54642,1,1,0,0,2.2396307031158358e-11,True
G02,305,ORACLE,0.5,S1,17,2602,54642,1,1,0,0,6.821210263296962e-13,True
G02,306,ORACLE,0.5,S1,18,2602,54642,1,1,0,0,1.48929757415317e-11,True
G02,307,ORACLE,0.5,S1,19,2602,54642,1,1,0,0,1.7053025658242404e-12,True
G02,308,ORACLE,0.5,S1,20,2602,54642,0,0,0,0,0.0,True
G02,309,ORACLE,0.5,S1,21,2602,54642,1,1,0,0,1.3073986337985843e-11,True
G02,310,ORACLE,0.5,S1,22,2602,54642,1,1,0,0,2.432898327242583e-11,True
G02,311,ORACLE,0.5,S1,23,2602,54642,0,0,0,0,0.0,True
G02,312,ORACLE,0.5,S1,24,2602,54642,0,0,0,0,0.0,True
G02,313,ORACLE,0.5,S1,25,2602,54642,1,1,0,0,2.3135271476348862e-11,True
G02,314,ORACLE,0.5,S1,26,2602,54642,1,1,0,0,2.0747847884194925e-11,True
G02,315,ORACLE,0.5,S1,27,2602,54642,1,1,0,0,2.0691004465334117e-11,True
G02,316,ORACLE,0.5,S1,28,2602,54642,1,1,0,0,4.092726157978177e-12,True
G02,317,ORACLE,0.5,S1,29,2602,54642,1,1,0,0,3.865352482534945e-12,True
G02,318,ORACLE,0.5,S1,30,2602,54642,1,1,0,0,2.887645678129047e-11,True
G02,319,ORACLE,0.5,S1,31,2602,54642,1,1,0,0,2.9558577807620168e-12,True
G02,320,ORACLE,0.5,S2,0,2602,54642,1,1,0,0,2.1600499167107046e-12,True
G02,321,ORACLE,0.5,S2,1,2602,54642,1,1,0,0,1.1823431123048067e-11,True
G02,322,ORACLE,0.5,S2,2,2602,54642,1,1,0,0,9.094947017729282e-13,True
G02,323,ORACLE,0.5,S2,3,2602,54642,1,1,0,0,2.0463630789890885e-12,True
G02,324,ORACLE,0.5,S2,4,2602,54642,1,1,0,0,7.503331289626658e-12,True
G02,325,ORACLE,0.5,S2,5,2602,54642,1,1,0,0,4.376943252282217e-12,True
G02,326,ORACLE,0.5,S2,6,2602,54642,1,1,0,0,1.1027623258996755e-11,True
G02,327,ORACLE,0.5,S2,7,2602,54642,1,1,0,0,6.707523425575346e-12,True
G02,328,ORACLE,0.5,S2,8,2602,54642,1,1,0,0,1.944044925039634e-11,True
G02,329,ORACLE,0.5,S2,9,2602,54642,1,1,0,0,2.000888343900442e-11,True
G02,330,ORACLE,0.5,S2,10,2602,54642,1,1,0,0,8.86757334228605e-12,True
G02,331,ORACLE,0.5,S2,11,2602,54642,1,1,0,0,3.171862772433087e-11,True
G02,332,ORACLE,0.5,S2,12,2602,54642,1,1,0,0,1.0231815394945443e-12,True
G02,333,ORACLE,0.5,S2,13,2602,54642,0,0,0,0,0.0,True
G02,334,ORACLE,0.5,S2,14,2602,54642,1,1,0,0,3.581135388230905e-12,True
G02,335,ORACLE,0.5,S2,15,2602,54642,1,1,0,0,1.688249540165998e-11,True
G02,336,ORACLE,0.5,S2,16,2602,54642,1,1,0,0,2.2509993868879974e-11,True
G02,337,ORACLE,0.5,S2,17,2602,54642,1,1,0,0,9.094947017729282e-13,True
G02,338,ORACLE,0.5,S2,18,2602,54642,1,1,0,0,1.48929757415317e-11,True
G02,339,ORACLE,0.5,S2,19,2602,54642,1,1,0,0,5.5706550483591855e-12,True
G02,340,ORACLE,0.5,S2,20,2602,54642,0,0,0,0,0.0,True
G02,341,ORACLE,0.5,S2,21,2602,54642,1,1,0,0,1.3073986337985843e-11,True
G02,342,ORACLE,0.5,S2,22,2602,54642,1,1,0,0,2.432898327242583e-11,True
G02,343,ORACLE,0.5,S2,23,2602,54642,0,0,0,0,0.0,True
G02,344,ORACLE,0.5,S2,24,2602,54642,0,0,0,0,0.0,True
G02,345,ORACLE,0.5,S2,25,2602,54642,1,1,0,0,2.3419488570652902e-11,True
G02,346,ORACLE,0.5,S2,26,2602,54642,1,1,0,0,2.0747847884194925e-11,True
G02,347,ORACLE,0.5,S2,27,2602,54642,1,1,0,0,2.0804691303055733e-11,True
G02,348,ORACLE,0.5,S2,28,2602,54642,1,1,0,0,4.092726157978177e-12,True
G02,349,ORACLE,0.5,S2,29,2602,54642,1,1,0,0,3.922195901395753e-12,True
G02,350,ORACLE,0.5,S2,30,2602,54642,1,1,0,0,2.887645678129047e-11,True
G02,351,ORACLE,0.5,S2,31,2602,54642,1,1,0,0,2.9558577807620168e-12,True
G02,352,ORACLE,0.5,S3,0,2602,54642,1,1,0,0,2.1600499167107046e-12,True
G02,353,ORACLE,0.5,S3,1,2602,54642,1,1,0,0,1.1937117960769683e-11,True
G02,354,ORACLE,0.5,S3,2,2602,54642,1,1,0,0,1.1368683772161603e-12,True
G02,355,ORACLE,0.5,S3,3,2602,54642,1,1,0,0,1.8758328224066645e-12,True
G02,356,ORACLE,0.5,S3,4,2602,54642,1,1,0,0,7.16227077646181e-12,True
G02,357,ORACLE,0.5,S3,5,2602,54642,1,1,0,0,4.661160346586257e-12,True
G02,358,ORACLE,0.5,S3,6,2602,54642,1,1,0,0,1.1027623258996755e-11,True
G02,359,ORACLE,0.5,S3,7,2602,54642,1,1,0,0,6.821210263296962e-13,True
G02,360,ORACLE,0.5,S3,8,2602,54642,1,1,0,0,1.9326762412674725e-11,True
G02,361,ORACLE,0.5,S3,9,2602,54642,1,1,0,0,1.9895196601282805e-11,True
G02,362,ORACLE,0.5,S3,10,2602,54642,1,1,0,0,8.640199666842818e-12,True
G02,363,ORACLE,0.5,S3,11,2602,54642,1,1,0,0,3.9108272176235914e-11,True
G02,364,ORACLE,0.5,S3,12,2602,54642,1,1,0,0,1.0231815394945443e-12,True
G02,365,ORACLE,0.5,S3,13,2602,54642,0,0,0,0,0.0,True
G02,366,ORACLE,0.5,S3,14,2602,54642,1,1,0,0,1.0857093002414331e-11,True
G02,367,ORACLE,0.5,S3,15,2602,54642,1,1,0,0,1.6825651982799172e-11,True
G02,368,ORACLE,0.5,S3,16,2602,54642,1,1,0,0,2.2509993868879974e-11,True
G02,369,ORACLE,0.5,S3,17,2602,54642,1,1,0,0,9.094947017729282e-13,True
G02,370,ORACLE,0.5,S3,18,2602,54642,1,1,0,0,1.48929757415317e-11,True
G02,371,ORACLE,0.5,S3,19,2602,54642,1,1,0,0,5.5138116294983774e-12,True
G02,372,ORACLE,0.5,S3,20,2602,54642,0,0,0,0,0.0,True
G02,373,ORACLE,0.5,S3,21,2602,54642,1,1,0,0,5.7411853049416095e-12,True
G02,374,ORACLE,0.5,S3,22,2602,54642,1,1,0,0,2.4101609596982598e-11,True
G02,375,ORACLE,0.5,S3,23,2602,54642,0,0,0,0,0.0,True
G02,376,ORACLE,0.5,S3,24,2602,54642,0,0,0,0,0.0,True
G02,377,ORACLE,0.5,S3,25,2602,54642,1,1,0,0,2.3419488570652902e-11,True
G02,378,ORACLE,0.5,S3,26,2602,54642,1,1,0,0,2.0691004465334117e-11,True
G02,379,ORACLE,0.5,S3,27,2602,54642,1,1,0,0,2.0804691303055733e-11,True
G02,380,ORACLE,0.5,S3,28,2602,54642,1,1,0,0,4.092726157978177e-12,True
G02,381,ORACLE,0.5,S3,29,2602,54642,1,1,0,0,3.865352482534945e-12,True
G02,382,ORACLE,0.5,S3,30,2602,54642,1,1,0,0,2.8762769943568856e-11,True
G02,383,ORACLE,0.5,S3,31,2602,54642,1,1,0,0,3.069544618483633e-12,True
G03,0,M0,0.1,S0,0,2014,42294,1,1,0,0,2.311253410880454e-10,True
G03,1,M0,0.1,S0,1,2014,42294,1,1,0,0,9.43600753089413e-12,True
G03,2,M0,0.1,S0,2,2014,42294,1,1,0,0,1.5074874681886286e-10,True
G03,3,M0,0.1,S0,3,2014,42294,1,1,0,0,2.262368070660159e-10,True
G03,4,M0,0.1,S0,4,2014,42294,1,1,0,0,2.9262992029543966e-10,True
G03,5,M0,0.1,S0,5,2014,42294,1,1,0,0,1.9554136088117957e-11,True
G03,6,M0,0.1,S0,6,2014,42294,1,1,0,0,5.264837454888038e-10,True
G03,7,M0,0.1,S0,7,2014,42294,1,1,0,0,4.446860657481011e-10,True
G03,8,M0,0.1,S0,8,2014,42294,1,1,0,0,2.0963852875865996e-10,True
G03,9,M0,0.1,S0,9,2014,42294,1,1,0,0,5.528590918402188e-10,True
G03,10,M0,0.1,S0,10,2014,42294,1,1,0,0,2.041815605480224e-10,True
G03,11,M0,0.1,S0,11,2014,42294,1,1,0,0,4.476987669477239e-10,True
G03,12,M0,0.1,S0,12,2014,42294,1,1,0,0,1.7331558410660364e-10,True
G03,13,M0,0.1,S0,13,2014,42294,1,1,0,0,1.1368683772161603e-13,True
G03,14,M0,0.1,S0,14,2014,42294,1,1,0,0,1.6962076188065112e-10,True
G03,15,M0,0.1,S0,15,2014,42294,1,1,0,0,3.8414782466134056e-10,True
G03,16,M0,0.1,S0,16,2014,42294,1,1,0,0,1.2676082405960187e-10,True
G03,17,M0,0.1,S0,17,2014,42294,1,1,0,0,4.0870418160920963e-10,True
G03,18,M0,0.1,S0,18,2014,42294,1,1,0,0,7.66249286243692e-11,True
G03,19,M0,0.1,S0,19,2014,42294,1,1,0,0,7.507878763135523e-10,True
G03,20,M0,0.1,S0,20,2014,42294,1,1,0,0,2.3578650143463165e-10,True
G03,21,M0,0.1,S0,21,2014,42294,1,1,0,0,2.828528522513807e-10,True
G03,22,M0,0.1,S0,22,2014,42294,1,1,0,0,4.5702108764089644e-10,True
G03,23,M0,0.1,S0,23,2014,42294,1,1,0,0,1.6302692529279739e-10,True
G03,24,M0,0.1,S0,24,2014,42294,1,1,0,0,2.9189095585024916e-10,True
G03,25,M0,0.1,S0,25,2014,42294,1,1,0,0,3.838636075670365e-10,True
G03,26,M0,0.1,S0,26,2014,42294,1,1,0,0,2.4209612092818134e-10,True
G03,27,M0,0.1,S0,27,2014,42294,1,1,0,0,1.8758328224066645e-11,True
G03,28,M0,0.1,S0,28,2014,42294,1,1,0,0,3.7260861063259654e-10,True
G03,29,M0,0.1,S0,29,2014,42294,1,1,0,0,1.6433432392659597e-10,True
G03,30,M0,0.1,S0,30,2014,42294,1,1,0,0,2.9615421226480976e-10,True
G03,31,M0,0.1,S0,31,2014,42294,1,1,0,0,3.9597125578438863e-10,True
G03,32,M0,0.1,S1,0,2014,42294,0,0,0,0,0.0,True
G03,33,M0,0.1,S1,1,2014,42294,0,0,0,0,0.0,True
G03,34,M0,0.1,S1,2,2014,42294,0,0,0,0,0.0,True
G03,35,M0,0.1,S1,3,2014,42294,0,0,0,0,0.0,True
G03,36,M0,0.1,S1,4,2014,42294,0,0,0,0,0.0,True
G03,37,M0,0.1,S1,5,2014,42294,0,0,0,0,0.0,True
G03,38,M0,0.1,S1,6,2014,42294,0,0,0,0,0.0,True
G03,39,M0,0.1,S1,7,2014,42294,0,0,0,0,0.0,True
G03,40,M0,0.1,S1,8,2014,42294,0,0,0,0,0.0,True
G03,41,M0,0.1,S1,9,2014,42294,0,0,0,0,0.0,True
G03,42,M0,0.1,S1,10,2014,42294,0,0,0,0,0.0,True
G03,43,M0,0.1,S1,11,2014,42294,0,0,0,0,0.0,True
G03,44,M0,0.1,S1,12,2014,42294,0,0,0,0,0.0,True
G03,45,M0,0.1,S1,13,2014,42294,0,0,0,0,0.0,True
G03,46,M0,0.1,S1,14,2014,42294,0,0,0,0,0.0,True
G03,47,M0,0.1,S1,15,2014,42294,0,0,0,0,0.0,True
G03,48,M0,0.1,S1,16,2014,42294,0,0,0,0,0.0,True
G03,49,M0,0.1,S1,17,2014,42294,0,0,0,0,0.0,True
G03,50,M0,0.1,S1,18,2014,42294,0,0,0,0,0.0,True
G03,51,M0,0.1,S1,19,2014,42294,0,0,0,0,0.0,True
G03,52,M0,0.1,S1,20,2014,42294,0,0,0,0,0.0,True
G03,53,M0,0.1,S1,21,2014,42294,0,0,0,0,0.0,True
G03,54,M0,0.1,S1,22,2014,42294,0,0,0,0,0.0,True
G03,55,M0,0.1,S1,23,2014,42294,0,0,0,0,0.0,True
G03,56,M0,0.1,S1,24,2014,42294,0,0,0,0,0.0,True
G03,57,M0,0.1,S1,25,2014,42294,0,0,0,0,0.0,True
G03,58,M0,0.1,S1,26,2014,42294,0,0,0,0,0.0,True
G03,59,M0,0.1,S1,27,2014,42294,0,0,0,0,0.0,True
G03,60,M0,0.1,S1,28,2014,42294,0,0,0,0,0.0,True
G03,61,M0,0.1,S1,29,2014,42294,0,0,0,0,0.0,True
G03,62,M0,0.1,S1,30,2014,42294,0,0,0,0,0.0,True
G03,63,M0,0.1,S1,31,2014,42294,0,0,0,0,0.0,True
G03,64,M0,0.1,S2,0,2014,42294,0,0,0,0,0.0,True
G03,65,M0,0.1,S2,1,2014,42294,0,0,0,0,0.0,True
G03,66,M0,0.1,S2,2,2014,42294,0,0,0,0,0.0,True
G03,67,M0,0.1,S2,3,2014,42294,0,0,0,0,0.0,True
G03,68,M0,0.1,S2,4,2014,42294,0,0,0,0,0.0,True
G03,69,M0,0.1,S2,5,2014,42294,0,0,0,0,0.0,True
G03,70,M0,0.1,S2,6,2014,42294,0,0,0,0,0.0,True
G03,71,M0,0.1,S2,7,2014,42294,0,0,0,0,0.0,True
G03,72,M0,0.1,S2,8,2014,42294,0,0,0,0,0.0,True
G03,73,M0,0.1,S2,9,2014,42294,0,0,0,0,0.0,True
G03,74,M0,0.1,S2,10,2014,42294,0,0,0,0,0.0,True
G03,75,M0,0.1,S2,11,2014,42294,0,0,0,0,0.0,True
G03,76,M0,0.1,S2,12,2014,42294,0,0,0,0,0.0,True
G03,77,M0,0.1,S2,13,2014,42294,0,0,0,0,0.0,True
G03,78,M0,0.1,S2,14,2014,42294,0,0,0,0,0.0,True
G03,79,M0,0.1,S2,15,2014,42294,0,0,0,0,0.0,True
G03,80,M0,0.1,S2,16,2014,42294,0,0,0,0,0.0,True
G03,81,M0,0.1,S2,17,2014,42294,0,0,0,0,0.0,True
G03,82,M0,0.1,S2,18,2014,42294,0,0,0,0,0.0,True
G03,83,M0,0.1,S2,19,2014,42294,0,0,0,0,0.0,True
G03,84,M0,0.1,S2,20,2014,42294,0,0,0,0,0.0,True
G03,85,M0,0.1,S2,21,2014,42294,0,0,0,0,0.0,True
G03,86,M0,0.1,S2,22,2014,42294,0,0,0,0,0.0,True
G03,87,M0,0.1,S2,23,2014,42294,0,0,0,0,0.0,True
G03,88,M0,0.1,S2,24,2014,42294,0,0,0,0,0.0,True
G03,89,M0,0.1,S2,25,2014,42294,0,0,0,0,0.0,True
G03,90,M0,0.1,S2,26,2014,42294,0,0,0,0,0.0,True
G03,91,M0,0.1,S2,27,2014,42294,0,0,0,0,0.0,True
G03,92,M0,0.1,S2,28,2014,42294,0,0,0,0,0.0,True
G03,93,M0,0.1,S2,29,2014,42294,0,0,0,0,0.0,True
G03,94,M0,0.1,S2,30,2014,42294,0,0,0,0,0.0,True
G03,95,M0,0.1,S2,31,2014,42294,0,0,0,0,0.0,True
G03,96,M0,0.1,S3,0,2014,42294,0,0,0,0,0.0,True
G03,97,M0,0.1,S3,1,2014,42294,0,0,0,0,0.0,True
G03,98,M0,0.1,S3,2,2014,42294,0,0,0,0,0.0,True
G03,99,M0,0.1,S3,3,2014,42294,0,0,0,0,0.0,True
G03,100,M0,0.1,S3,4,2014,42294,0,0,0,0,0.0,True
G03,101,M0,0.1,S3,5,2014,42294,0,0,0,0,0.0,True
G03,102,M0,0.1,S3,6,2014,42294,0,0,0,0,0.0,True
G03,103,M0,0.1,S3,7,2014,42294,0,0,0,0,0.0,True
G03,104,M0,0.1,S3,8,2014,42294,0,0,0,0,0.0,True
G03,105,M0,0.1,S3,9,2014,42294,0,0,0,0,0.0,True
G03,106,M0,0.1,S3,10,2014,42294,0,0,0,0,0.0,True
G03,107,M0,0.1,S3,11,2014,42294,0,0,0,0,0.0,True
G03,108,M0,0.1,S3,12,2014,42294,0,0,0,0,0.0,True
G03,109,M0,0.1,S3,13,2014,42294,0,0,0,0,0.0,True
G03,110,M0,0.1,S3,14,2014,42294,0,0,0,0,0.0,True
G03,111,M0,0.1,S3,15,2014,42294,0,0,0,0,0.0,True
G03,112,M0,0.1,S3,16,2014,42294,0,0,0,0,0.0,True
G03,113,M0,0.1,S3,17,2014,42294,0,0,0,0,0.0,True
G03,114,M0,0.1,S3,18,2014,42294,0,0,0,0,0.0,True
G03,115,M0,0.1,S3,19,2014,42294,0,0,0,0,0.0,True
G03,116,M0,0.1,S3,20,2014,42294,0,0,0,0,0.0,True
G03,117,M0,0.1,S3,21,2014,42294,0,0,0,0,0.0,True
G03,118,M0,0.1,S3,22,2014,42294,0,0,0,0,0.0,True
G03,119,M0,0.1,S3,23,2014,42294,0,0,0,0,0.0,True
G03,120,M0,0.1,S3,24,2014,42294,0,0,0,0,0.0,True
G03,121,M0,0.1,S3,25,2014,42294,0,0,0,0,0.0,True
G03,122,M0,0.1,S3,26,2014,42294,0,0,0,0,0.0,True
G03,123,M0,0.1,S3,27,2014,42294,0,0,0,0,0.0,True
G03,124,M0,0.1,S3,28,2014,42294,0,0,0,0,0.0,True
G03,125,M0,0.1,S3,29,2014,42294,0,0,0,0,0.0,True
G03,126,M0,0.1,S3,30,2014,42294,0,0,0,0,0.0,True
G03,127,M0,0.1,S3,31,2014,42294,0,0,0,0,0.0,True
G03,128,M0,0.25,S0,0,2014,42294,1,1,0,0,7.185008144006133e-11,True
G03,129,M0,0.25,S0,1,2014,42294,1,1,0,0,2.3078428057488054e-11,True
G03,130,M0,0.25,S0,2,2014,42294,1,1,0,0,7.594280759803951e-11,True
G03,131,M0,0.25,S0,3,2014,42294,1,1,0,0,1.4665602066088468e-11,True
G03,132,M0,0.25,S0,4,2014,42294,1,1,0,0,8.560618880437687e-11,True
G03,133,M0,0.25,S0,5,2014,42294,1,1,0,0,6.104983185650781e-11,True
G03,134,M0,0.25,S0,6,2014,42294,1,1,0,0,2.9558577807620168e-12,True
G03,135,M0,0.25,S0,7,2014,42294,1,1,0,0,1.5973000699887052e-11,True
G03,136,M0,0.25,S0,8,2014,42294,1,1,0,0,3.7630343285854906e-11,True
G03,137,M0,0.25,S0,9,2014,42294,1,1,0,0,2.142996891052462e-11,True
G03,138,M0,0.25,S0,10,2014,42294,1,1,0,0,2.921751729445532e-11,True
G03,139,M0,0.25,S0,11,2014,42294,1,1,0,0,2.4783730623312294e-11,True
G03,140,M0,0.25,S0,12,2014,42294,1,1,0,0,1.0936673788819462e-10,True
G03,141,M0,0.25,S0,13,2014,42294,1,1,0,0,5.911715561524034e-11,True
G03,142,M0,0.25,S0,14,2014,42294,1,1,0,0,7.082689990056679e-11,True
G03,143,M0,0.25,S0,15,2014,42294,1,1,0,0,5.1386450650170445e-11,True
G03,144,M0,0.25,S0,16,2014,42294,1,1,0,0,3.3082869776990265e-11,True
G03,145,M0,0.25,S0,17,2014,42294,1,1,0,0,7.048583938740194e-12,True
G03,146,M0,0.25,S0,18,2014,42294,1,1,0,0,5.945821612840518e-11,True
G03,147,M0,0.25,S0,19,2014,42294,1,1,0,0,7.219114195322618e-12,True
G03,148,M0,0.25,S0,20,2014,42294,1,1,0,0,4.945377440890297e-11,True
G03,149,M0,0.25,S0,21,2014,42294,1,1,0,0,5.326228347257711e-11,True
G03,150,M0,0.25,S0,22,2014,42294,1,1,0,0,4.808953235624358e-11,True
G03,151,M0,0.25,S0,23,2014,42294,1,1,0,0,9.094947017729282e-12,True
G03,152,M0,0.25,S0,24,2014,42294,1,1,0,0,3.637978807091713e-11,True
G03,153,M0,0.25,S0,25,2014,42294,1,1,0,0,4.405364961712621e-11,True
G03,154,M0,0.25,S0,26,2014,42294,1,1,0,0,4.575895218295045e-11,True
G03,155,M0,0.25,S0,27,2014,42294,1,1,0,0,4.8203219193965197e-11,True
G03,156,M0,0.25,S0,28,2014,42294,1,1,0,0,6.0822458181064576e-12,True
G03,157,M0,0.25,S0,29,2014,42294,1,1,0,0,1.2880718713859096e-10,True
G03,158,M0,0.25,S0,30,2014,42294,1,1,0,0,1.9895196601282805e-11,True
G03,159,M0,0.25,S0,31,2014,42294,1,1,0,0,2.376054908381775e-11,True
G03,160,M0,0.25,S1,0,2014,42294,0,0,0,0,0.0,True
G03,161,M0,0.25,S1,1,2014,42294,0,0,0,0,0.0,True
G03,162,M0,0.25,S1,2,2014,42294,0,0,0,0,0.0,True
G03,163,M0,0.25,S1,3,2014,42294,0,0,0,0,0.0,True
G03,164,M0,0.25,S1,4,2014,42294,0,0,0,0,0.0,True
G03,165,M0,0.25,S1,5,2014,42294,0,0,0,0,0.0,True
G03,166,M0,0.25,S1,6,2014,42294,0,0,0,0,0.0,True
G03,167,M0,0.25,S1,7,2014,42294,0,0,0,0,0.0,True
G03,168,M0,0.25,S1,8,2014,42294,0,0,0,0,0.0,True
G03,169,M0,0.25,S1,9,2014,42294,0,0,0,0,0.0,True
G03,170,M0,0.25,S1,10,2014,42294,0,0,0,0,0.0,True
G03,171,M0,0.25,S1,11,2014,42294,0,0,0,0,0.0,True
G03,172,M0,0.25,S1,12,2014,42294,0,0,0,0,0.0,True
G03,173,M0,0.25,S1,13,2014,42294,0,0,0,0,0.0,True
G03,174,M0,0.25,S1,14,2014,42294,0,0,0,0,0.0,True
G03,175,M0,0.25,S1,15,2014,42294,0,0,0,0,0.0,True
G03,176,M0,0.25,S1,16,2014,42294,0,0,0,0,0.0,True
G03,177,M0,0.25,S1,17,2014,42294,0,0,0,0,0.0,True
G03,178,M0,0.25,S1,18,2014,42294,0,0,0,0,0.0,True
G03,179,M0,0.25,S1,19,2014,42294,0,0,0,0,0.0,True
G03,180,M0,0.25,S1,20,2014,42294,0,0,0,0,0.0,True
G03,181,M0,0.25,S1,21,2014,42294,0,0,0,0,0.0,True
G03,182,M0,0.25,S1,22,2014,42294,0,0,0,0,0.0,True
G03,183,M0,0.25,S1,23,2014,42294,0,0,0,0,0.0,True
G03,184,M0,0.25,S1,24,2014,42294,0,0,0,0,0.0,True
G03,185,M0,0.25,S1,25,2014,42294,0,0,0,0,0.0,True
G03,186,M0,0.25,S1,26,2014,42294,0,0,0,0,0.0,True
G03,187,M0,0.25,S1,27,2014,42294,0,0,0,0,0.0,True
G03,188,M0,0.25,S1,28,2014,42294,0,0,0,0,0.0,True
G03,189,M0,0.25,S1,29,2014,42294,0,0,0,0,0.0,True
G03,190,M0,0.25,S1,30,2014,42294,0,0,0,0,0.0,True
G03,191,M0,0.25,S1,31,2014,42294,0,0,0,0,0.0,True
G03,192,M0,0.25,S2,0,2014,42294,0,0,0,0,0.0,True
G03,193,M0,0.25,S2,1,2014,42294,0,0,0,0,0.0,True
G03,194,M0,0.25,S2,2,2014,42294,0,0,0,0,0.0,True
G03,195,M0,0.25,S2,3,2014,42294,0,0,0,0,0.0,True
G03,196,M0,0.25,S2,4,2014,42294,0,0,0,0,0.0,True
G03,197,M0,0.25,S2,5,2014,42294,0,0,0,0,0.0,True
G03,198,M0,0.25,S2,6,2014,42294,0,0,0,0,0.0,True
G03,199,M0,0.25,S2,7,2014,42294,0,0,0,0,0.0,True
G03,200,M0,0.25,S2,8,2014,42294,0,0,0,0,0.0,True
G03,201,M0,0.25,S2,9,2014,42294,0,0,0,0,0.0,True
G03,202,M0,0.25,S2,10,2014,42294,0,0,0,0,0.0,True
G03,203,M0,0.25,S2,11,2014,42294,0,0,0,0,0.0,True
G03,204,M0,0.25,S2,12,2014,42294,0,0,0,0,0.0,True
G03,205,M0,0.25,S2,13,2014,42294,0,0,0,0,0.0,True
G03,206,M0,0.25,S2,14,2014,42294,0,0,0,0,0.0,True
G03,207,M0,0.25,S2,15,2014,42294,0,0,0,0,0.0,True
G03,208,M0,0.25,S2,16,2014,42294,0,0,0,0,0.0,True
G03,209,M0,0.25,S2,17,2014,42294,0,0,0,0,0.0,True
G03,210,M0,0.25,S2,18,2014,42294,0,0,0,0,0.0,True
G03,211,M0,0.25,S2,19,2014,42294,0,0,0,0,0.0,True
G03,212,M0,0.25,S2,20,2014,42294,0,0,0,0,0.0,True
G03,213,M0,0.25,S2,21,2014,42294,0,0,0,0,0.0,True
G03,214,M0,0.25,S2,22,2014,42294,0,0,0,0,0.0,True
G03,215,M0,0.25,S2,23,2014,42294,0,0,0,0,0.0,True
G03,216,M0,0.25,S2,24,2014,42294,0,0,0,0,0.0,True
G03,217,M0,0.25,S2,25,2014,42294,0,0,0,0,0.0,True
G03,218,M0,0.25,S2,26,2014,42294,0,0,0,0,0.0,True
G03,219,M0,0.25,S2,27,2014,42294,0,0,0,0,0.0,True
G03,220,M0,0.25,S2,28,2014,42294,0,0,0,0,0.0,True
G03,221,M0,0.25,S2,29,2014,42294,0,0,0,0,0.0,True
G03,222,M0,0.25,S2,30,2014,42294,0,0,0,0,0.0,True
G03,223,M0,0.25,S2,31,2014,42294,0,0,0,0,0.0,True
G03,224,M0,0.25,S3,0,2014,42294,0,0,0,0,0.0,True
G03,225,M0,0.25,S3,1,2014,42294,0,0,0,0,0.0,True
G03,226,M0,0.25,S3,2,2014,42294,0,0,0,0,0.0,True
G03,227,M0,0.25,S3,3,2014,42294,0,0,0,0,0.0,True
G03,228,M0,0.25,S3,4,2014,42294,0,0,0,0,0.0,True
G03,229,M0,0.25,S3,5,2014,42294,0,0,0,0,0.0,True
G03,230,M0,0.25,S3,6,2014,42294,0,0,0,0,0.0,True
G03,231,M0,0.25,S3,7,2014,42294,0,0,0,0,0.0,True
G03,232,M0,0.25,S3,8,2014,42294,0,0,0,0,0.0,True
G03,233,M0,0.25,S3,9,2014,42294,0,0,0,0,0.0,True
G03,234,M0,0.25,S3,10,2014,42294,0,0,0,0,0.0,True
G03,235,M0,0.25,S3,11,2014,42294,0,0,0,0,0.0,True
G03,236,M0,0.25,S3,12,2014,42294,0,0,0,0,0.0,True
G03,237,M0,0.25,S3,13,2014,42294,0,0,0,0,0.0,True
G03,238,M0,0.25,S3,14,2014,42294,0,0,0,0,0.0,True
G03,239,M0,0.25,S3,15,2014,42294,0,0,0,0,0.0,True
G03,240,M0,0.25,S3,16,2014,42294,0,0,0,0,0.0,True
G03,241,M0,0.25,S3,17,2014,42294,0,0,0,0,0.0,True
G03,242,M0,0.25,S3,18,2014,42294,0,0,0,0,0.0,True
G03,243,M0,0.25,S3,19,2014,42294,0,0,0,0,0.0,True
G03,244,M0,0.25,S3,20,2014,42294,0,0,0,0,0.0,True
G03,245,M0,0.25,S3,21,2014,42294,0,0,0,0,0.0,True
G03,246,M0,0.25,S3,22,2014,42294,0,0,0,0,0.0,True
G03,247,M0,0.25,S3,23,2014,42294,0,0,0,0,0.0,True
G03,248,M0,0.25,S3,24,2014,42294,0,0,0,0,0.0,True
G03,249,M0,0.25,S3,25,2014,42294,0,0,0,0,0.0,True
G03,250,M0,0.25,S3,26,2014,42294,0,0,0,0,0.0,True
G03,251,M0,0.25,S3,27,2014,42294,0,0,0,0,0.0,True
G03,252,M0,0.25,S3,28,2014,42294,0,0,0,0,0.0,True
G03,253,M0,0.25,S3,29,2014,42294,0,0,0,0,0.0,True
G03,254,M0,0.25,S3,30,2014,42294,0,0,0,0,0.0,True
G03,255,M0,0.25,S3,31,2014,42294,0,0,0,0,0.0,True
G03,256,M0,0.5,S0,0,2014,42294,1,1,0,0,2.864908310584724e-11,True
G03,257,M0,0.5,S0,1,2014,42294,1,1,0,0,2.2168933355715126e-11,True
G03,258,M0,0.5,S0,2,2014,42294,1,1,0,0,9.43600753089413e-12,True
G03,259,M0,0.5,S0,3,2014,42294,1,1,0,0,7.16227077646181e-12,True
G03,260,M0,0.5,S0,4,2014,42294,1,1,0,0,1.3926637620897964e-11,True
G03,261,M0,0.5,S0,5,2014,42294,1,1,0,0,2.0463630789890885e-12,True
G03,262,M0,0.5,S0,6,2014,42294,1,1,0,0,2.4783730623312294e-11,True
G03,263,M0,0.5,S0,7,2014,42294,1,1,0,0,3.029754225281067e-11,True
G03,264,M0,0.5,S0,8,2014,42294,1,1,0,0,6.707523425575346e-12,True
G03,265,M0,0.5,S0,9,2014,42294,1,1,0,0,1.2960299500264227e-11,True
G03,266,M0,0.5,S0,10,2014,42294,1,1,0,0,7.048583938740194e-12,True
G03,267,M0,0.5,S0,11,2014,42294,1,1,0,0,2.3305801732931286e-11,True
G03,268,M0,0.5,S0,12,2014,42294,1,1,0,0,6.934897101018578e-12,True
G03,269,M0,0.5,S0,13,2014,42294,1,1,0,0,2.8762769943568856e-11,True
G03,270,M0,0.5,S0,14,2014,42294,1,1,0,0,1.602984411874786e-11,True
G03,271,M0,0.5,S0,15,2014,42294,1,1,0,0,7.275957614183426e-12,True
G03,272,M0,0.5,S0,16,2014,42294,1,1,0,0,1.91562321560923e-11,True
G03,273,M0,0.5,S0,17,2014,42294,1,1,0,0,2.2737367544323206e-13,True
G03,274,M0,0.5,S0,18,2014,42294,1,1,0,0,1.2960299500264227e-11,True
G03,275,M0,0.5,S0,19,2014,42294,1,1,0,0,0.0,True
G03,276,M0,0.5,S0,20,2014,42294,1,1,0,0,9.777068044058979e-12,True
G03,277,M0,0.5,S0,21,2014,42294,1,1,0,0,3.637978807091713e-12,True
G03,278,M0,0.5,S0,22,2014,42294,1,1,0,0,4.433786671143025e-12,True
G03,279,M0,0.5,S0,23,2014,42294,1,1,0,0,1.6370904631912708e-11,True
G03,280,M0,0.5,S0,24,2014,42294,1,1,0,0,7.844391802791506e-12,True
G03,281,M0,0.5,S0,25,2014,42294,1,1,0,0,7.73070496506989e-12,True
G03,282,M0,0.5,S0,26,2014,42294,1,1,0,0,1.2050804798491299e-11,True
G03,283,M0,0.5,S0,27,2014,42294,1,1,0,0,4.661160346586257e-12,True
G03,284,M0,0.5,S0,28,2014,42294,1,1,0,0,8.86757334228605e-12,True
G03,285,M0,0.5,S0,29,2014,42294,1,1,0,0,5.6274984672199935e-12,True
G03,286,M0,0.5,S0,30,2014,42294,1,1,0,0,9.890754881780595e-12,True
G03,287,M0,0.5,S0,31,2014,42294,1,1,0,0,1.8417267710901797e-11,True
G03,288,M0,0.5,S1,0,2014,42294,0,0,0,0,0.0,True
G03,289,M0,0.5,S1,1,2014,42294,0,0,0,0,0.0,True
G03,290,M0,0.5,S1,2,2014,42294,0,0,0,0,0.0,True
G03,291,M0,0.5,S1,3,2014,42294,0,0,0,0,0.0,True
G03,292,M0,0.5,S1,4,2014,42294,0,0,0,0,0.0,True
G03,293,M0,0.5,S1,5,2014,42294,0,0,0,0,0.0,True
G03,294,M0,0.5,S1,6,2014,42294,0,0,0,0,0.0,True
G03,295,M0,0.5,S1,7,2014,42294,0,0,0,0,0.0,True
G03,296,M0,0.5,S1,8,2014,42294,0,0,0,0,0.0,True
G03,297,M0,0.5,S1,9,2014,42294,0,0,0,0,0.0,True
G03,298,M0,0.5,S1,10,2014,42294,0,0,0,0,0.0,True
G03,299,M0,0.5,S1,11,2014,42294,0,0,0,0,0.0,True
G03,300,M0,0.5,S1,12,2014,42294,0,0,0,0,0.0,True
G03,301,M0,0.5,S1,13,2014,42294,0,0,0,0,0.0,True
G03,302,M0,0.5,S1,14,2014,42294,0,0,0,0,0.0,True
G03,303,M0,0.5,S1,15,2014,42294,0,0,0,0,0.0,True
G03,304,M0,0.5,S1,16,2014,42294,0,0,0,0,0.0,True
G03,305,M0,0.5,S1,17,2014,42294,0,0,0,0,0.0,True
G03,306,M0,0.5,S1,18,2014,42294,0,0,0,0,0.0,True
G03,307,M0,0.5,S1,19,2014,42294,0,0,0,0,0.0,True
G03,308,M0,0.5,S1,20,2014,42294,0,0,0,0,0.0,True
G03,309,M0,0.5,S1,21,2014,42294,0,0,0,0,0.0,True
G03,310,M0,0.5,S1,22,2014,42294,0,0,0,0,0.0,True
G03,311,M0,0.5,S1,23,2014,42294,0,0,0,0,0.0,True
G03,312,M0,0.5,S1,24,2014,42294,0,0,0,0,0.0,True
G03,313,M0,0.5,S1,25,2014,42294,0,0,0,0,0.0,True
G03,314,M0,0.5,S1,26,2014,42294,0,0,0,0,0.0,True
G03,315,M0,0.5,S1,27,2014,42294,0,0,0,0,0.0,True
G03,316,M0,0.5,S1,28,2014,42294,0,0,0,0,0.0,True
G03,317,M0,0.5,S1,29,2014,42294,0,0,0,0,0.0,True
G03,318,M0,0.5,S1,30,2014,42294,0,0,0,0,0.0,True
G03,319,M0,0.5,S1,31,2014,42294,0,0,0,0,0.0,True
G03,320,M0,0.5,S2,0,2014,42294,0,0,0,0,0.0,True
G03,321,M0,0.5,S2,1,2014,42294,0,0,0,0,0.0,True
G03,322,M0,0.5,S2,2,2014,42294,0,0,0,0,0.0,True
G03,323,M0,0.5,S2,3,2014,42294,0,0,0,0,0.0,True
G03,324,M0,0.5,S2,4,2014,42294,0,0,0,0,0.0,True
G03,325,M0,0.5,S2,5,2014,42294,0,0,0,0,0.0,True
G03,326,M0,0.5,S2,6,2014,42294,0,0,0,0,0.0,True
G03,327,M0,0.5,S2,7,2014,42294,0,0,0,0,0.0,True
G03,328,M0,0.5,S2,8,2014,42294,0,0,0,0,0.0,True
G03,329,M0,0.5,S2,9,2014,42294,0,0,0,0,0.0,True
G03,330,M0,0.5,S2,10,2014,42294,0,0,0,0,0.0,True
G03,331,M0,0.5,S2,11,2014,42294,0,0,0,0,0.0,True
G03,332,M0,0.5,S2,12,2014,42294,0,0,0,0,0.0,True
G03,333,M0,0.5,S2,13,2014,42294,0,0,0,0,0.0,True
G03,334,M0,0.5,S2,14,2014,42294,0,0,0,0,0.0,True
G03,335,M0,0.5,S2,15,2014,42294,0,0,0,0,0.0,True
G03,336,M0,0.5,S2,16,2014,42294,0,0,0,0,0.0,True
G03,337,M0,0.5,S2,17,2014,42294,0,0,0,0,0.0,True
G03,338,M0,0.5,S2,18,2014,42294,0,0,0,0,0.0,True
G03,339,M0,0.5,S2,19,2014,42294,0,0,0,0,0.0,True
G03,340,M0,0.5,S2,20,2014,42294,0,0,0,0,0.0,True
G03,341,M0,0.5,S2,21,2014,42294,0,0,0,0,0.0,True
G03,342,M0,0.5,S2,22,2014,42294,0,0,0,0,0.0,True
G03,343,M0,0.5,S2,23,2014,42294,0,0,0,0,0.0,True
G03,344,M0,0.5,S2,24,2014,42294,0,0,0,0,0.0,True
G03,345,M0,0.5,S2,25,2014,42294,0,0,0,0,0.0,True
G03,346,M0,0.5,S2,26,2014,42294,0,0,0,0,0.0,True
G03,347,M0,0.5,S2,27,2014,42294,0,0,0,0,0.0,True
G03,348,M0,0.5,S2,28,2014,42294,0,0,0,0,0.0,True
G03,349,M0,0.5,S2,29,2014,42294,0,0,0,0,0.0,True
G03,350,M0,0.5,S2,30,2014,42294,0,0,0,0,0.0,True
G03,351,M0,0.5,S2,31,2014,42294,0,0,0,0,0.0,True
G03,352,M0,0.5,S3,0,2014,42294,0,0,0,0,0.0,True
G03,353,M0,0.5,S3,1,2014,42294,0,0,0,0,0.0,True
G03,354,M0,0.5,S3,2,2014,42294,0,0,0,0,0.0,True
G03,355,M0,0.5,S3,3,2014,42294,0,0,0,0,0.0,True
G03,356,M0,0.5,S3,4,2014,42294,0,0,0,0,0.0,True
G03,357,M0,0.5,S3,5,2014,42294,0,0,0,0,0.0,True
G03,358,M0,0.5,S3,6,2014,42294,0,0,0,0,0.0,True
G03,359,M0,0.5,S3,7,2014,42294,0,0,0,0,0.0,True
G03,360,M0,0.5,S3,8,2014,42294,0,0,0,0,0.0,True
G03,361,M0,0.5,S3,9,2014,42294,0,0,0,0,0.0,True
G03,362,M0,0.5,S3,10,2014,42294,0,0,0,0,0.0,True
G03,363,M0,0.5,S3,11,2014,42294,0,0,0,0,0.0,True
G03,364,M0,0.5,S3,12,2014,42294,0,0,0,0,0.0,True
G03,365,M0,0.5,S3,13,2014,42294,0,0,0,0,0.0,True
G03,366,M0,0.5,S3,14,2014,42294,0,0,0,0,0.0,True
G03,367,M0,0.5,S3,15,2014,42294,0,0,0,0,0.0,True
G03,368,M0,0.5,S3,16,2014,42294,0,0,0,0,0.0,True
G03,369,M0,0.5,S3,17,2014,42294,0,0,0,0,0.0,True
G03,370,M0,0.5,S3,18,2014,42294,0,0,0,0,0.0,True
G03,371,M0,0.5,S3,19,2014,42294,0,0,0,0,0.0,True
G03,372,M0,0.5,S3,20,2014,42294,0,0,0,0,0.0,True
G03,373,M0,0.5,S3,21,2014,42294,0,0,0,0,0.0,True
G03,374,M0,0.5,S3,22,2014,42294,0,0,0,0,0.0,True
G03,375,M0,0.5,S3,23,2014,42294,0,0,0,0,0.0,True
G03,376,M0,0.5,S3,24,2014,42294,0,0,0,0,0.0,True
G03,377,M0,0.5,S3,25,2014,42294,0,0,0,0,0.0,True
G03,378,M0,0.5,S3,26,2014,42294,0,0,0,0,0.0,True
G03,379,M0,0.5,S3,27,2014,42294,0,0,0,0,0.0,True
G03,380,M0,0.5,S3,28,2014,42294,0,0,0,0,0.0,True
G03,381,M0,0.5,S3,29,2014,42294,0,0,0,0,0.0,True
G03,382,M0,0.5,S3,30,2014,42294,0,0,0,0,0.0,True
G03,383,M0,0.5,S3,31,2014,42294,0,0,0,0,0.0,True
G03,0,M1,0.1,S0,0,2014,42294,1,1,0,0,2.1861978893866763e-10,True
G03,1,M1,0.1,S0,1,2014,42294,1,1,0,0,2.66766164713772e-10,True
G03,2,M1,0.1,S0,2,2014,42294,1,1,0,0,2.5579538487363607e-11,True
G03,3,M1,0.1,S0,3,2014,42294,1,1,0,0,8.412825991399586e-11,True
G03,4,M1,0.1,S0,4,2014,42294,1,1,0,0,2.2737367544323206e-13,True
G03,5,M1,0.1,S0,5,2014,42294,1,1,0,0,2.370370566495694e-10,True
G03,6,M1,0.1,S0,6,2014,42294,0,0,0,0,0.0,True
G03,7,M1,0.1,S0,7,2014,42294,1,1,0,0,1.5654677554266527e-10,True
G03,8,M1,0.1,S0,8,2014,42294,1,1,0,0,3.6641267797676846e-10,True
G03,9,M1,0.1,S0,9,2014,42294,1,1,0,0,2.441424840071704e-10,True
G03,10,M1,0.1,S0,10,2014,42294,1,1,0,0,2.7057467377744615e-11,True
G03,11,M1,0.1,S0,11,2014,42294,1,1,0,0,3.61524143954739e-11,True
G03,12,M1,0.1,S0,12,2014,42294,1,1,0,0,1.0942358130705543e-10,True
G03,13,M1,0.1,S0,13,2014,42294,1,1,0,0,1.0891199053730816e-10,True
G03,14,M1,0.1,S0,14,2014,42294,1,1,0,0,4.547473508864641e-12,True
G03,15,M1,0.1,S0,15,2014,42294,1,1,0,0,2.198135007347446e-10,True
G03,16,M1,0.1,S0,16,2014,42294,1,1,0,0,3.149125404888764e-11,True
G03,17,M1,0.1,S0,17,2014,42294,1,1,0,0,1.7149659470305778e-10,True
G03,18,M1,0.1,S0,18,2014,42294,1,1,0,0,3.235527401557192e-10,True
G03,19,M1,0.1,S0,19,2014,42294,1,1,0,0,3.7346126191550866e-11,True
G03,20,M1,0.1,S0,20,2014,42294,1,1,0,0,4.9396930990042165e-11,True
G03,21,M1,0.1,S0,21,2014,42294,1,1,0,0,2.984279490192421e-11,True
G03,22,M1,0.1,S0,22,2014,42294,1,1,0,0,2.1600499167107046e-12,True
G03,23,M1,0.1,S0,23,2014,42294,1,1,0,0,1.482476363889873e-10,True
G03,24,M1,0.1,S0,24,2014,42294,1,1,0,0,3.0257751859608106e-10,True
G03,25,M1,0.1,S0,25,2014,42294,1,1,0,0,6.548361852765083e-11,True
G03,26,M1,0.1,S0,26,2014,42294,1,1,0,0,1.2812506611226127e-10,True
G03,27,M1,0.1,S0,27,2014,42294,1,1,0,0,8.111555871437304e-11,True
G03,28,M1,0.1,S0,28,2014,42294,1,1,0,0,4.689582056016661e-11,True
G03,29,M1,0.1,S0,29,2014,42294,1,1,0,0,5.549054549192078e-10,True
G03,30,M1,0.1,S0,30,2014,42294,1,1,0,0,2.1617552192765288e-10,True
G03,31,M1,0.1,S0,31,2014,42294,1,1,0,0,1.3847056834492832e-10,True
G03,32,M1,0.1,S1,0,2014,42294,1,1,0,0,1.4517809177050367e-10,True
G03,33,M1,0.1,S1,1,2014,42294,1,1,0,0,2.7893065634998493e-10,True
G03,34,M1,0.1,S1,2,2014,42294,1,1,0,0,2.523847797419876e-11,True
G03,35,M1,0.1,S1,3,2014,42294,1,1,0,0,9.777068044058979e-11,True
G03,36,M1,0.1,S1,4,2014,42294,1,1,0,0,5.451283868751489e-10,True
G03,37,M1,0.1,S1,5,2014,42294,1,1,0,0,2.369233698118478e-10,True
G03,38,M1,0.1,S1,6,2014,42294,0,0,0,0,0.0,True
G03,39,M1,0.1,S1,7,2014,42294,1,1,0,0,5.203446562518366e-10,True
G03,40,M1,0.1,S1,8,2014,42294,1,1,0,0,1.8417267710901797e-10,True
G03,41,M1,0.1,S1,9,2014,42294,1,1,0,0,2.441424840071704e-10,True
G03,42,M1,0.1,S1,10,2014,42294,1,1,0,0,2.7057467377744615e-11,True
G03,43,M1,0.1,S1,11,2014,42294,1,1,0,0,3.6209257814334705e-11,True
G03,44,M1,0.1,S1,12,2014,42294,1,1,0,0,2.5437429940211587e-10,True
G03,45,M1,0.1,S1,13,2014,42294,1,1,0,0,1.0891199053730816e-10,True
G03,46,M1,0.1,S1,14,2014,42294,1,1,0,0,1.864464138634503e-10,True
G03,47,M1,0.1,S1,15,2014,42294,1,1,0,0,4.0165559767046943e-10,True
G03,48,M1,0.1,S1,16,2014,42294,1,1,0,0,2.133901944034733e-10,True
G03,49,M1,0.1,S1,17,2014,42294,1,1,0,0,1.709850039333105e-10,True
G03,50,M1,0.1,S1,18,2014,42294,1,1,0,0,3.235527401557192e-10,True
G03,51,M1,0.1,S1,19,2014,42294,1,1,0,0,3.745981302927248e-11,True
G03,52,M1,0.1,S1,20,2014,42294,1,1,0,0,2.3106849766918458e-10,True
G03,53,M1,0.1,S1,21,2014,42294,1,1,0,0,1.5205614545266144e-10,True
G03,54,M1,0.1,S1,22,2014,42294,1,1,0,0,3.659010872070212e-10,True
G03,55,M1,0.1,S1,23,2014,42294,1,1,0,0,3.370814738445915e-11,True
G03,56,M1,0.1,S1,24,2014,42294,1,1,0,0,3.029754225281067e-10,True
G03,57,M1,0.1,S1,25,2014,42294,1,1,0,0,6.565414878423326e-11,True
G03,58,M1,0.1,S1,26,2014,42294,1,1,0,0,1.2778400559909642e-10,True
G03,59,M1,0.1,S1,27,2014,42294,1,1,0,0,1.0078338164021261e-10,True
G03,60,M1,0.1,S1,28,2014,42294,1,1,0,0,3.168452167301439e-10,True
G03,61,M1,0.1,S1,29,2014,42294,1,1,0,0,1.907665136968717e-10,True
G03,62,M1,0.1,S1,30,2014,42294,1,1,0,0,3.2935076887952164e-10,True
G03,63,M1,0.1,S1,31,2014,42294,1,1,0,0,2.255546860396862e-10,True
G03,64,M1,0.1,S2,0,2014,42294,1,1,0,0,1.4517809177050367e-10,True
G03,65,M1,0.1,S2,1,2014,42294,1,1,0,0,9.697487257653847e-11,True
G03,66,M1,0.1,S2,2,2014,42294,1,1,0,0,2.5579538487363607e-11,True
G03,67,M1,0.1,S2,3,2014,42294,1,1,0,0,9.777068044058979e-11,True
G03,68,M1,0.1,S2,4,2014,42294,1,1,0,0,4.547473508864641e-13,True
G03,69,M1,0.1,S2,5,2014,42294,1,1,0,0,5.502442945726216e-11,True
G03,70,M1,0.1,S2,6,2014,42294,0,0,0,0,0.0,True
G03,71,M1,0.1,S2,7,2014,42294,1,1,0,0,1.5654677554266527e-10,True
G03,72,M1,0.1,S2,8,2014,42294,1,1,0,0,3.6629899113904685e-10,True
G03,73,M1,0.1,S2,9,2014,42294,1,1,0,0,2.440856405883096e-10,True
G03,74,M1,0.1,S2,10,2014,42294,1,1,0,0,1.5472778613911942e-10,True
G03,75,M1,0.1,S2,11,2014,42294,1,1,0,0,3.999502951046452e-10,True
G03,76,M1,0.1,S2,12,2014,42294,1,1,0,0,1.0948042472591624e-10,True
G03,77,M1,0.1,S2,13,2014,42294,1,1,0,0,1.0891199053730816e-10,True
G03,78,M1,0.1,S2,14,2014,42294,1,1,0,0,1.865032572823111e-10,True
G03,79,M1,0.1,S2,15,2014,42294,1,1,0,0,4.0171244108933024e-10,True
G03,80,M1,0.1,S2,16,2014,42294,1,1,0,0,1.50407686305698e-10,True
G03,81,M1,0.1,S2,17,2014,42294,1,1,0,0,3.5299763112561777e-10,True
G03,82,M1,0.1,S2,18,2014,42294,1,1,0,0,1.4165379980113357e-10,True
G03,83,M1,0.1,S2,19,2014,42294,1,1,0,0,3.2645175451762043e-10,True
G03,84,M1,0.1,S2,20,2014,42294,1,1,0,0,4.934008757118136e-11,True
G03,85,M1,0.1,S2,21,2014,42294,1,1,0,0,1.5216983229038306e-10,True
G03,86,M1,0.1,S2,22,2014,42294,1,1,0,0,2.2737367544323206e-12,True
G03,87,M1,0.1,S2,23,2014,42294,1,1,0,0,2.15550244320184e-10,True
G03,88,M1,0.1,S2,24,2014,42294,1,1,0,0,3.0257751859608106e-10,True
G03,89,M1,0.1,S2,25,2014,42294,1,1,0,0,2.475530891388189e-10,True
G03,90,M1,0.1,S2,26,2014,42294,1,1,0,0,4.1751491153263487e-10,True
G03,91,M1,0.1,S2,27,2014,42294,1,1,0,0,1.007265382213518e-10,True
G03,92,M1,0.1,S2,28,2014,42294,1,1,0,0,4.6838977141305804e-11,True
G03,93,M1,0.1,S2,29,2014,42294,1,1,0,0,8.86757334228605e-12,True
G03,94,M1,0.1,S2,30,2014,42294,1,1,0,0,3.444711182964966e-11,True
G03,95,M1,0.1,S2,31,2014,42294,1,1,0,0,1.383568815072067e-10,True
G03,96,M1,0.1,S3,0,2014,42294,0,0,0,0,0.0,True
G03,97,M1,0.1,S3,1,2014,42294,0,0,0,0,0.0,True
G03,98,M1,0.1,S3,2,2014,42294,0,0,0,0,0.0,True
G03,99,M1,0.1,S3,3,2014,42294,0,0,0,0,0.0,True
G03,100,M1,0.1,S3,4,2014,42294,0,0,0,0,0.0,True
G03,101,M1,0.1,S3,5,2014,42294,0,0,0,0,0.0,True
G03,102,M1,0.1,S3,6,2014,42294,0,0,0,0,0.0,True
G03,103,M1,0.1,S3,7,2014,42294,0,0,0,0,0.0,True
G03,104,M1,0.1,S3,8,2014,42294,0,0,0,0,0.0,True
G03,105,M1,0.1,S3,9,2014,42294,0,0,0,0,0.0,True
G03,106,M1,0.1,S3,10,2014,42294,0,0,0,0,0.0,True
G03,107,M1,0.1,S3,11,2014,42294,0,0,0,0,0.0,True
G03,108,M1,0.1,S3,12,2014,42294,0,0,0,0,0.0,True
G03,109,M1,0.1,S3,13,2014,42294,0,0,0,0,0.0,True
G03,110,M1,0.1,S3,14,2014,42294,0,0,0,0,0.0,True
G03,111,M1,0.1,S3,15,2014,42294,0,0,0,0,0.0,True
G03,112,M1,0.1,S3,16,2014,42294,0,0,0,0,0.0,True
G03,113,M1,0.1,S3,17,2014,42294,0,0,0,0,0.0,True
G03,114,M1,0.1,S3,18,2014,42294,0,0,0,0,0.0,True
G03,115,M1,0.1,S3,19,2014,42294,0,0,0,0,0.0,True
G03,116,M1,0.1,S3,20,2014,42294,0,0,0,0,0.0,True
G03,117,M1,0.1,S3,21,2014,42294,0,0,0,0,0.0,True
G03,118,M1,0.1,S3,22,2014,42294,0,0,0,0,0.0,True
G03,119,M1,0.1,S3,23,2014,42294,0,0,0,0,0.0,True
G03,120,M1,0.1,S3,24,2014,42294,0,0,0,0,0.0,True
G03,121,M1,0.1,S3,25,2014,42294,0,0,0,0,0.0,True
G03,122,M1,0.1,S3,26,2014,42294,0,0,0,0,0.0,True
G03,123,M1,0.1,S3,27,2014,42294,0,0,0,0,0.0,True
G03,124,M1,0.1,S3,28,2014,42294,0,0,0,0,0.0,True
G03,125,M1,0.1,S3,29,2014,42294,0,0,0,0,0.0,True
G03,126,M1,0.1,S3,30,2014,42294,0,0,0,0,0.0,True
G03,127,M1,0.1,S3,31,2014,42294,0,0,0,0,0.0,True
G03,128,M1,0.25,S0,0,2014,42294,1,1,0,0,4.5702108764089644e-11,True
G03,129,M1,0.25,S0,1,2014,42294,1,1,0,0,2.7682744985213503e-11,True
G03,130,M1,0.25,S0,2,2014,42294,1,1,0,0,9.663381206337363e-12,True
G03,131,M1,0.25,S0,3,2014,42294,1,1,0,0,3.257127900724299e-11,True
G03,132,M1,0.25,S0,4,2014,42294,1,1,0,0,4.4224179873708636e-11,True
G03,133,M1,0.25,S0,5,2014,42294,1,1,0,0,2.4556356947869062e-11,True
G03,134,M1,0.25,S0,6,2014,42294,0,0,0,0,0.0,True
G03,135,M1,0.25,S0,7,2014,42294,1,1,0,0,5.496758603840135e-11,True
G03,136,M1,0.25,S0,8,2014,42294,1,1,0,0,3.3082869776990265e-11,True
G03,137,M1,0.25,S0,9,2014,42294,1,1,0,0,3.433342499192804e-11,True
G03,138,M1,0.25,S0,10,2014,42294,1,1,0,0,4.581579560181126e-11,True
G03,139,M1,0.25,S0,11,2014,42294,1,1,0,0,8.128608897095546e-12,True
G03,140,M1,0.25,S0,12,2014,42294,1,1,0,0,2.7853275241795927e-11,True
G03,141,M1,0.25,S0,13,2014,42294,1,1,0,0,3.524291969370097e-11,True
G03,142,M1,0.25,S0,14,2014,42294,1,1,0,0,8.981260180007666e-12,True
G03,143,M1,0.25,S0,15,2014,42294,1,1,0,0,2.83648660115432e-11,True
G03,144,M1,0.25,S0,16,2014,42294,1,1,0,0,1.659827830735594e-11,True
G03,145,M1,0.25,S0,17,2014,42294,1,1,0,0,7.628386811120436e-11,True
G03,146,M1,0.25,S0,18,2014,42294,1,1,0,0,2.3248958314070478e-11,True
G03,147,M1,0.25,S0,19,2014,42294,1,1,0,0,5.115907697472721e-13,True
G03,148,M1,0.25,S0,20,2014,42294,1,1,0,0,5.6843418860808015e-12,True
G03,149,M1,0.25,S0,21,2014,42294,1,1,0,0,1.8758328224066645e-11,True
G03,150,M1,0.25,S0,22,2014,42294,1,1,0,0,4.376943252282217e-11,True
G03,151,M1,0.25,S0,23,2014,42294,1,1,0,0,2.6147972675971687e-11,True
G03,152,M1,0.25,S0,24,2014,42294,1,1,0,0,3.524291969370097e-12,True
G03,153,M1,0.25,S0,25,2014,42294,1,1,0,0,9.265477274311706e-12,True
G03,154,M1,0.25,S0,26,2014,42294,1,1,0,0,1.8701484805205837e-11,True
G03,155,M1,0.25,S0,27,2014,42294,1,1,0,0,5.0249582272954285e-11,True
G03,156,M1,0.25,S0,28,2014,42294,1,1,0,0,3.637978807091713e-12,True
G03,157,M1,0.25,S0,29,2014,42294,1,1,0,0,1.801936377887614e-11,True
G03,158,M1,0.25,S0,30,2014,42294,1,1,0,0,1.4779288903810084e-11,True
G03,159,M1,0.25,S0,31,2014,42294,1,1,0,0,1.000444171950221e-11,True
G03,160,M1,0.25,S1,0,2014,42294,1,1,0,0,1.6484591469634324e-11,True
G03,161,M1,0.25,S1,1,2014,42294,1,1,0,0,2.773958840407431e-11,True
G03,162,M1,0.25,S1,2,2014,42294,1,1,0,0,9.663381206337363e-12,True
G03,163,M1,0.25,S1,3,2014,42294,1,1,0,0,3.410605131648481e-12,True
G03,164,M1,0.25,S1,4,2014,42294,1,1,0,0,4.416733645484783e-11,True
G03,165,M1,0.25,S1,5,2014,42294,1,1,0,0,3.3651303965598345e-11,True
G03,166,M1,0.25,S1,6,2014,42294,0,0,0,0,0.0,True
G03,167,M1,0.25,S1,7,2014,42294,1,1,0,0,3.240074875066057e-11,True
G03,168,M1,0.25,S1,8,2014,42294,1,1,0,0,3.979039320256561e-12,True
G03,169,M1,0.25,S1,9,2014,42294,1,1,0,0,5.5706550483591855e-12,True
G03,170,M1,0.25,S1,10,2014,42294,1,1,0,0,4.581579560181126e-11,True
G03,171,M1,0.25,S1,11,2014,42294,1,1,0,0,2.0975221559638157e-11,True
G03,172,M1,0.25,S1,12,2014,42294,1,1,0,0,1.4210854715202004e-12,True
G03,173,M1,0.25,S1,13,2014,42294,1,1,0,0,3.512923285597935e-11,True
G03,174,M1,0.25,S1,14,2014,42294,1,1,0,0,8.981260180007666e-12,True
G03,175,M1,0.25,S1,15,2014,42294,1,1,0,0,2.984279490192421e-11,True
G03,176,M1,0.25,S1,16,2014,42294,1,1,0,0,1.6768808563938364e-11,True
G03,177,M1,0.25,S1,17,2014,42294,1,1,0,0,1.807620719773695e-11,True
G03,178,M1,0.25,S1,18,2014,42294,1,1,0,0,6.0254023992456496e-12,True
G03,179,M1,0.25,S1,19,2014,42294,1,1,0,0,3.410605131648481e-13,True
G03,180,M1,0.25,S1,20,2014,42294,1,1,0,0,3.4788172342814505e-11,True
G03,181,M1,0.25,S1,21,2014,42294,1,1,0,0,7.685230229981244e-11,True
G03,182,M1,0.25,S1,22,2014,42294,1,1,0,0,4.3712589103961363e-11,True
G03,183,M1,0.25,S1,23,2014,42294,1,1,0,0,2.637534635141492e-11,True
G03,184,M1,0.25,S1,24,2014,42294,1,1,0,0,3.410605131648481e-12,True
G03,185,M1,0.25,S1,25,2014,42294,1,1,0,0,9.208633855450898e-12,True
G03,186,M1,0.25,S1,26,2014,42294,1,1,0,0,1.028865881380625e-11,True
G03,187,M1,0.25,S1,27,2014,42294,1,1,0,0,2.114575181622058e-11,True
G03,188,M1,0.25,S1,28,2014,42294,1,1,0,0,3.581135388230905e-12,True
G03,189,M1,0.25,S1,29,2014,42294,1,1,0,0,1.801936377887614e-11,True
G03,190,M1,0.25,S1,30,2014,42294,1,1,0,0,1.432454155292362e-11,True
G03,191,M1,0.25,S1,31,2014,42294,1,1,0,0,1.9099388737231493e-11,True
G03,192,M1,0.25,S2,0,2014,42294,1,1,0,0,1.2505552149377763e-11,True
G03,193,M1,0.25,S2,1,2014,42294,1,1,0,0,8.594724931754172e-11,True
G03,194,M1,0.25,S2,2,2014,42294,1,1,0,0,4.843059286940843e-11,True
G03,195,M1,0.25,S2,3,2014,42294,1,1,0,0,3.410605131648481e-12,True
G03,196,M1,0.25,S2,4,2014,42294,1,1,0,0,4.4281023292569444e-11,True
G03,197,M1,0.25,S2,5,2014,42294,1,1,0,0,5.3660187404602766e-11,True
G03,198,M1,0.25,S2,6,2014,42294,0,0,0,0,0.0,True
G03,199,M1,0.25,S2,7,2014,42294,1,1,0,0,6.150457920739427e-11,True
G03,200,M1,0.25,S2,8,2014,42294,1,1,0,0,3.296918293926865e-11,True
G03,201,M1,0.25,S2,9,2014,42294,1,1,0,0,3.433342499192804e-11,True
G03,202,M1,0.25,S2,10,2014,42294,1,1,0,0,4.1382008930668235e-11,True
G03,203,M1,0.25,S2,11,2014,42294,1,1,0,0,3.723243935382925e-11,True
G03,204,M1,0.25,S2,12,2014,42294,1,1,0,0,3.035438567167148e-11,True
G03,205,M1,0.25,S2,13,2014,42294,1,1,0,0,2.2964741219766438e-11,True
G03,206,M1,0.25,S2,14,2014,42294,1,1,0,0,3.808509063674137e-11,True
G03,207,M1,0.25,S2,15,2014,42294,1,1,0,0,5.894662535865791e-11,True
G03,208,M1,0.25,S2,16,2014,42294,1,1,0,0,1.2391865311656147e-11,True
G03,209,M1,0.25,S2,17,2014,42294,1,1,0,0,4.718003765447065e-11,True
G03,210,M1,0.25,S2,18,2014,42294,1,1,0,0,2.3305801732931286e-11,True
G03,211,M1,0.25,S2,19,2014,42294,1,1,0,0,2.944489096989855e-11,True
G03,212,M1,0.25,S2,20,2014,42294,1,1,0,0,3.484501576167531e-11,True
G03,213,M1,0.25,S2,21,2014,42294,1,1,0,0,1.8758328224066645e-11,True
G03,214,M1,0.25,S2,22,2014,42294,1,1,0,0,1.4779288903810084e-11,True
G03,215,M1,0.25,S2,23,2014,42294,1,1,0,0,2.9558577807620168e-12,True
G03,216,M1,0.25,S2,24,2014,42294,1,1,0,0,3.524291969370097e-12,True
G03,217,M1,0.25,S2,25,2014,42294,1,1,0,0,1.972466634470038e-11,True
G03,218,M1,0.25,S2,26,2014,42294,1,1,0,0,3.944933268940076e-11,True
G03,219,M1,0.25,S2,27,2014,42294,1,1,0,0,2.114575181622058e-11,True
G03,220,M1,0.25,S2,28,2014,42294,1,1,0,0,3.637978807091713e-12,True
G03,221,M1,0.25,S2,29,2014,42294,1,1,0,0,1.1084466677857563e-11,True
G03,222,M1,0.25,S2,30,2014,42294,1,1,0,0,4.3428372009657323e-11,True
G03,223,M1,0.25,S2,31,2014,42294,1,1,0,0,3.9108272176235914e-11,True
G03,224,M1,0.25,S3,0,2014,42294,0,0,0,0,0.0,True
G03,225,M1,0.25,S3,1,2014,42294,0,0,0,0,0.0,True
G03,226,M1,0.25,S3,2,2014,42294,0,0,0,0,0.0,True
G03,227,M1,0.25,S3,3,2014,42294,1,1,0,0,9.890754881780595e-12,True
G03,228,M1,0.25,S3,4,2014,42294,1,1,0,0,2.467004378559068e-11,True
G03,229,M1,0.25,S3,5,2014,42294,0,0,0,0,0.0,True
G03,230,M1,0.25,S3,6,2014,42294,0,0,0,0,0.0,True
G03,231,M1,0.25,S3,7,2014,42294,0,0,0,0,0.0,True
G03,232,M1,0.25,S3,8,2014,42294,0,0,0,0,0.0,True
G03,233,M1,0.25,S3,9,2014,42294,0,0,0,0,0.0,True
G03,234,M1,0.25,S3,10,2014,42294,0,0,0,0,0.0,True
G03,235,M1,0.25,S3,11,2014,42294,0,0,0,0,0.0,True
G03,236,M1,0.25,S3,12,2014,42294,0,0,0,0,0.0,True
G03,237,M1,0.25,S3,13,2014,42294,0,0,0,0,0.0,True
G03,238,M1,0.25,S3,14,2014,42294,1,1,0,0,8.924416761146858e-12,True
G03,239,M1,0.25,S3,15,2014,42294,0,0,0,0,0.0,True
G03,240,M1,0.25,S3,16,2014,42294,0,0,0,0,0.0,True
G03,241,M1,0.25,S3,17,2014,42294,0,0,0,0,0.0,True
G03,242,M1,0.25,S3,18,2014,42294,0,0,0,0,0.0,True
G03,243,M1,0.25,S3,19,2014,42294,0,0,0,0,0.0,True
G03,244,M1,0.25,S3,20,2014,42294,1,1,0,0,3.643663148977794e-11,True
G03,245,M1,0.25,S3,21,2014,42294,0,0,0,0,0.0,True
G03,246,M1,0.25,S3,22,2014,42294,1,1,0,0,1.693933882052079e-11,True
G03,247,M1,0.25,S3,23,2014,42294,0,0,0,0,0.0,True
G03,248,M1,0.25,S3,24,2014,42294,0,0,0,0,0.0,True
G03,249,M1,0.25,S3,25,2014,42294,0,0,0,0,0.0,True
G03,250,M1,0.25,S3,26,2014,42294,0,0,0,0,0.0,True
G03,251,M1,0.25,S3,27,2014,42294,1,1,0,0,3.26281224261038e-11,True
G03,252,M1,0.25,S3,28,2014,42294,1,1,0,0,5.1443294069031253e-11,True
G03,253,M1,0.25,S3,29,2014,42294,0,0,0,0,0.0,True
G03,254,M1,0.25,S3,30,2014,42294,0,0,0,0,0.0,True
G03,255,M1,0.25,S3,31,2014,42294,0,0,0,0,0.0,True
G03,256,M1,0.5,S0,0,2014,42294,1,1,0,0,1.2732925824820995e-11,True
G03,257,M1,0.5,S0,1,2014,42294,1,1,0,0,1.6711965145077556e-11,True
G03,258,M1,0.5,S0,2,2014,42294,1,1,0,0,1.1482370609883219e-11,True
G03,259,M1,0.5,S0,3,2014,42294,1,1,0,0,1.0800249583553523e-11,True
G03,260,M1,0.5,S0,4,2014,42294,1,1,0,0,5.8548721426632255e-12,True
G03,261,M1,0.5,S0,5,2014,42294,1,1,0,0,3.240074875066057e-12,True
G03,262,M1,0.5,S0,6,2014,42294,0,0,0,0,0.0,True
G03,263,M1,0.5,S0,7,2014,42294,1,1,0,0,3.0127011996228248e-12,True
G03,264,M1,0.5,S0,8,2014,42294,1,1,0,0,3.353761712787673e-12,True
G03,265,M1,0.5,S0,9,2014,42294,1,1,0,0,8.469669410260394e-12,True
G03,266,M1,0.5,S0,10,2014,42294,1,1,0,0,1.2789769243681803e-11,True
G03,267,M1,0.5,S0,11,2014,42294,1,1,0,0,7.219114195322618e-12,True
G03,268,M1,0.5,S0,12,2014,42294,1,1,0,0,7.844391802791506e-12,True
G03,269,M1,0.5,S0,13,2014,42294,1,1,0,0,8.810729923425242e-12,True
G03,270,M1,0.5,S0,14,2014,42294,1,1,0,0,4.945377440890297e-12,True
G03,271,M1,0.5,S0,15,2014,42294,1,1,0,0,1.4722445484949276e-11,True
G03,272,M1,0.5,S0,16,2014,42294,1,1,0,0,1.4779288903810084e-12,True
G03,273,M1,0.5,S0,17,2014,42294,1,1,0,0,3.353761712787673e-12,True
G03,274,M1,0.5,S0,18,2014,42294,1,1,0,0,5.6843418860808015e-12,True
G03,275,M1,0.5,S0,19,2014,42294,1,1,0,0,4.547473508864641e-13,True
G03,276,M1,0.5,S0,20,2014,42294,1,1,0,0,4.604316927725449e-12,True
G03,277,M1,0.5,S0,21,2014,42294,1,1,0,0,3.183231456205249e-12,True
G03,278,M1,0.5,S0,22,2014,42294,1,1,0,0,1.1368683772161603e-13,True
G03,279,M1,0.5,S0,23,2014,42294,1,1,0,0,2.9558577807620168e-12,True
G03,280,M1,0.5,S0,24,2014,42294,1,1,0,0,2.9558577807620168e-12,True
G03,281,M1,0.5,S0,25,2014,42294,1,1,0,0,5.002220859751105e-12,True
G03,282,M1,0.5,S0,26,2014,42294,1,1,0,0,4.035882739117369e-12,True
G03,283,M1,0.5,S0,27,2014,42294,1,1,0,0,2.0691004465334117e-11,True
G03,284,M1,0.5,S0,28,2014,42294,1,1,0,0,3.694822225952521e-12,True
G03,285,M1,0.5,S0,29,2014,42294,1,1,0,0,1.1539214028744027e-11,True
G03,286,M1,0.5,S0,30,2014,42294,1,1,0,0,7.275957614183426e-12,True
G03,287,M1,0.5,S0,31,2014,42294,1,1,0,0,8.412825991399586e-12,True
G03,288,M1,0.5,S1,0,2014,42294,1,1,0,0,1.8189894035458565e-12,True
G03,289,M1,0.5,S1,1,2014,42294,1,1,0,0,2.1032064978498966e-12,True
G03,290,M1,0.5,S1,2,2014,42294,1,1,0,0,3.183231456205249e-12,True
G03,291,M1,0.5,S1,3,2014,42294,1,1,0,0,3.524291969370097e-12,True
G03,292,M1,0.5,S1,4,2014,42294,1,1,0,0,5.8548721426632255e-12,True
G03,293,M1,0.5,S1,5,2014,42294,1,1,0,0,3.296918293926865e-12,True
G03,294,M1,0.5,S1,6,2014,42294,0,0,0,0,0.0,True
G03,295,M1,0.5,S1,7,2014,42294,1,1,0,0,1.1652900866465643e-11,True
G03,296,M1,0.5,S1,8,2014,42294,1,1,0,0,3.410605131648481e-12,True
G03,297,M1,0.5,S1,9,2014,42294,1,1,0,0,1.1937117960769683e-12,True
G03,298,M1,0.5,S1,10,2014,42294,1,1,0,0,1.2846612662542611e-11,True
G03,299,M1,0.5,S1,11,2014,42294,1,1,0,0,7.275957614183426e-12,True
G03,300,M1,0.5,S1,12,2014,42294,1,1,0,0,1.5120349416974932e-11,True
G03,301,M1,0.5,S1,13,2014,42294,1,1,0,0,8.86757334228605e-12,True
G03,302,M1,0.5,S1,14,2014,42294,1,1,0,0,2.3874235921539366e-12,True
G03,303,M1,0.5,S1,15,2014,42294,1,1,0,0,7.44648787076585e-12,True
G03,304,M1,0.5,S1,16,2014,42294,1,1,0,0,1.3073986337985843e-11,True
G03,305,M1,0.5,S1,17,2014,42294,1,1,0,0,4.035882739117369e-12,True
G03,306,M1,0.5,S1,18,2014,42294,1,1,0,0,1.7053025658242404e-12,True
G03,307,M1,0.5,S1,19,2014,42294,1,1,0,0,4.547473508864641e-13,True
G03,308,M1,0.5,S1,20,2014,42294,1,1,0,0,2.7284841053187847e-12,True
G03,309,M1,0.5,S1,21,2014,42294,1,1,0,0,3.183231456205249e-12,True
G03,310,M1,0.5,S1,22,2014,42294,1,1,0,0,7.275957614183426e-12,True
G03,311,M1,0.5,S1,23,2014,42294,1,1,0,0,2.9558577807620168e-12,True
G03,312,M1,0.5,S1,24,2014,42294,1,1,0,0,1.0345502232667059e-11,True
G03,313,M1,0.5,S1,25,2014,42294,1,1,0,0,5.059064278611913e-12,True
G03,314,M1,0.5,S1,26,2014,42294,1,1,0,0,3.126388037344441e-12,True
G03,315,M1,0.5,S1,27,2014,42294,1,1,0,0,1.1368683772161603e-12,True
G03,316,M1,0.5,S1,28,2014,42294,1,1,0,0,3.694822225952521e-12,True
G03,317,M1,0.5,S1,29,2014,42294,1,1,0,0,3.069544618483633e-12,True
G03,318,M1,0.5,S1,30,2014,42294,1,1,0,0,7.275957614183426e-12,True
G03,319,M1,0.5,S1,31,2014,42294,1,1,0,0,8.412825991399586e-12,True
G03,320,M1,0.5,S2,0,2014,42294,1,1,0,0,1.8189894035458565e-12,True
G03,321,M1,0.5,S2,1,2014,42294,1,1,0,0,9.43600753089413e-12,True
G03,322,M1,0.5,S2,2,2014,42294,1,1,0,0,3.126388037344441e-12,True
G03,323,M1,0.5,S2,3,2014,42294,1,1,0,0,3.524291969370097e-12,True
G03,324,M1,0.5,S2,4,2014,42294,1,1,0,0,1.5973000699887052e-11,True
G03,325,M1,0.5,S2,5,2014,42294,1,1,0,0,3.296918293926865e-12,True
G03,326,M1,0.5,S2,6,2014,42294,0,0,0,0,0.0,True
G03,327,M1,0.5,S2,7,2014,42294,1,1,0,0,1.1539214028744027e-11,True
G03,328,M1,0.5,S2,8,2014,42294,1,1,0,0,3.353761712787673e-12,True
G03,329,M1,0.5,S2,9,2014,42294,1,1,0,0,1.574562702444382e-11,True
G03,330,M1,0.5,S2,10,2014,42294,1,1,0,0,1.7621459846850485e-12,True
G03,331,M1,0.5,S2,11,2014,42294,1,1,0,0,1.4495071809506044e-11,True
G03,332,M1,0.5,S2,12,2014,42294,1,1,0,0,1.5120349416974932e-11,True
G03,333,M1,0.5,S2,13,2014,42294,1,1,0,0,1.6086687537608668e-11,True
G03,334,M1,0.5,S2,14,2014,42294,1,1,0,0,2.3874235921539366e-12,True
G03,335,M1,0.5,S2,15,2014,42294,1,1,0,0,7.44648787076585e-12,True
G03,336,M1,0.5,S2,16,2014,42294,1,1,0,0,1.4779288903810084e-12,True
G03,337,M1,0.5,S2,17,2014,42294,1,1,0,0,3.979039320256561e-12,True
G03,338,M1,0.5,S2,18,2014,42294,1,1,0,0,5.6843418860808015e-12,True
G03,339,M1,0.5,S2,19,2014,42294,1,1,0,0,4.547473508864641e-13,True
G03,340,M1,0.5,S2,20,2014,42294,1,1,0,0,4.604316927725449e-12,True
G03,341,M1,0.5,S2,21,2014,42294,1,1,0,0,3.183231456205249e-12,True
G03,342,M1,0.5,S2,22,2014,42294,1,1,0,0,7.275957614183426e-12,True
G03,343,M1,0.5,S2,23,2014,42294,1,1,0,0,3.069544618483633e-12,True
G03,344,M1,0.5,S2,24,2014,42294,1,1,0,0,4.206412995699793e-12,True
G03,345,M1,0.5,S2,25,2014,42294,1,1,0,0,5.002220859751105e-12,True
G03,346,M1,0.5,S2,26,2014,42294,1,1,0,0,4.092726157978177e-12,True
G03,347,M1,0.5,S2,27,2014,42294,1,1,0,0,1.1368683772161603e-12,True
G03,348,M1,0.5,S2,28,2014,42294,1,1,0,0,3.694822225952521e-12,True
G03,349,M1,0.5,S2,29,2014,42294,1,1,0,0,3.126388037344441e-12,True
G03,350,M1,0.5,S2,30,2014,42294,1,1,0,0,1.4551915228366852e-11,True
G03,351,M1,0.5,S2,31,2014,42294,1,1,0,0,8.412825991399586e-12,True
G03,352,M1,0.5,S3,0,2014,42294,1,1,0,0,1.2505552149377763e-11,True
G03,353,M1,0.5,S3,1,2014,42294,0,0,0,0,0.0,True
G03,354,M1,0.5,S3,2,2014,42294,0,0,0,0,0.0,True
G03,355,M1,0.5,S3,3,2014,42294,1,1,0,0,1.1027623258996755e-11,True
G03,356,M1,0.5,S3,4,2014,42294,1,1,0,0,2.5409008230781183e-11,True
G03,357,M1,0.5,S3,5,2014,42294,1,1,0,0,7.275957614183426e-12,True
G03,358,M1,0.5,S3,6,2014,42294,0,0,0,0,0.0,True
G03,359,M1,0.5,S3,7,2014,42294,1,1,0,0,2.6716406864579767e-12,True
G03,360,M1,0.5,S3,8,2014,42294,1,1,0,0,3.979039320256561e-12,True
G03,361,M1,0.5,S3,9,2014,42294,1,1,0,0,2.5011104298755527e-12,True
G03,362,M1,0.5,S3,10,2014,42294,1,1,0,0,9.43600753089413e-12,True
G03,363,M1,0.5,S3,11,2014,42294,1,1,0,0,3.410605131648481e-13,True
G03,364,M1,0.5,S3,12,2014,42294,1,1,0,0,5.229594535194337e-12,True
G03,365,M1,0.5,S3,13,2014,42294,1,1,0,0,1.4097167877480388e-11,True
G03,366,M1,0.5,S3,14,2014,42294,1,1,0,0,6.934897101018578e-12,True
G03,367,M1,0.5,S3,15,2014,42294,0,0,0,0,0.0,True
G03,368,M1,0.5,S3,16,2014,42294,1,1,0,0,4.774847184307873e-12,True
G03,369,M1,0.5,S3,17,2014,42294,1,1,0,0,6.0254023992456496e-12,True
G03,370,M1,0.5,S3,18,2014,42294,1,1,0,0,5.4569682106375694e-12,True
G03,371,M1,0.5,S3,19,2014,42294,1,1,0,0,3.581135388230905e-12,True
G03,372,M1,0.5,S3,20,2014,42294,1,1,0,0,9.094947017729282e-12,True
G03,373,M1,0.5,S3,21,2014,42294,1,1,0,0,1.1823431123048067e-11,True
G03,374,M1,0.5,S3,22,2014,42294,1,1,0,0,1.5802470443304628e-11,True
G03,375,M1,0.5,S3,23,2014,42294,1,1,0,0,1.318767317570746e-11,True
G03,376,M1,0.5,S3,24,2014,42294,1,1,0,0,3.069544618483633e-12,True
G03,377,M1,0.5,S3,25,2014,42294,1,1,0,0,5.002220859751105e-12,True
G03,378,M1,0.5,S3,26,2014,42294,1,1,0,0,6.821210263296962e-13,True
G03,379,M1,0.5,S3,27,2014,42294,1,1,0,0,8.526512829121202e-12,True
G03,380,M1,0.5,S3,28,2014,42294,1,1,0,0,1.9326762412674725e-12,True
G03,381,M1,0.5,S3,29,2014,42294,1,1,0,0,6.536993168992922e-12,True
G03,382,M1,0.5,S3,30,2014,42294,1,1,0,0,1.4438228390645236e-11,True
G03,383,M1,0.5,S3,31,2014,42294,1,1,0,0,7.503331289626658e-12,True
G03,0,ORACLE,0.1,S0,0,2014,42294,1,1,0,0,2.311253410880454e-10,True
G03,1,ORACLE,0.1,S0,1,2014,42294,1,1,0,0,9.43600753089413e-12,True
G03,2,ORACLE,0.1,S0,2,2014,42294,1,1,0,0,1.5074874681886286e-10,True
G03,3,ORACLE,0.1,S0,3,2014,42294,1,1,0,0,2.262368070660159e-10,True
G03,4,ORACLE,0.1,S0,4,2014,42294,1,1,0,0,2.9262992029543966e-10,True
G03,5,ORACLE,0.1,S0,5,2014,42294,1,1,0,0,1.9554136088117957e-11,True
G03,6,ORACLE,0.1,S0,6,2014,42294,1,1,0,0,5.264837454888038e-10,True
G03,7,ORACLE,0.1,S0,7,2014,42294,1,1,0,0,4.446860657481011e-10,True
G03,8,ORACLE,0.1,S0,8,2014,42294,1,1,0,0,2.0963852875865996e-10,True
G03,9,ORACLE,0.1,S0,9,2014,42294,1,1,0,0,5.528590918402188e-10,True
G03,10,ORACLE,0.1,S0,10,2014,42294,1,1,0,0,2.041815605480224e-10,True
G03,11,ORACLE,0.1,S0,11,2014,42294,1,1,0,0,4.476987669477239e-10,True
G03,12,ORACLE,0.1,S0,12,2014,42294,1,1,0,0,1.7331558410660364e-10,True
G03,13,ORACLE,0.1,S0,13,2014,42294,1,1,0,0,1.1368683772161603e-13,True
G03,14,ORACLE,0.1,S0,14,2014,42294,1,1,0,0,1.6962076188065112e-10,True
G03,15,ORACLE,0.1,S0,15,2014,42294,1,1,0,0,3.8414782466134056e-10,True
G03,16,ORACLE,0.1,S0,16,2014,42294,1,1,0,0,1.2676082405960187e-10,True
G03,17,ORACLE,0.1,S0,17,2014,42294,1,1,0,0,4.0870418160920963e-10,True
G03,18,ORACLE,0.1,S0,18,2014,42294,1,1,0,0,7.66249286243692e-11,True
G03,19,ORACLE,0.1,S0,19,2014,42294,1,1,0,0,7.507878763135523e-10,True
G03,20,ORACLE,0.1,S0,20,2014,42294,1,1,0,0,2.3578650143463165e-10,True
G03,21,ORACLE,0.1,S0,21,2014,42294,1,1,0,0,2.828528522513807e-10,True
G03,22,ORACLE,0.1,S0,22,2014,42294,1,1,0,0,4.5702108764089644e-10,True
G03,23,ORACLE,0.1,S0,23,2014,42294,1,1,0,0,1.6302692529279739e-10,True
G03,24,ORACLE,0.1,S0,24,2014,42294,1,1,0,0,2.9189095585024916e-10,True
G03,25,ORACLE,0.1,S0,25,2014,42294,1,1,0,0,3.838636075670365e-10,True
G03,26,ORACLE,0.1,S0,26,2014,42294,1,1,0,0,2.4209612092818134e-10,True
G03,27,ORACLE,0.1,S0,27,2014,42294,1,1,0,0,1.8758328224066645e-11,True
G03,28,ORACLE,0.1,S0,28,2014,42294,1,1,0,0,3.7260861063259654e-10,True
G03,29,ORACLE,0.1,S0,29,2014,42294,1,1,0,0,1.6433432392659597e-10,True
G03,30,ORACLE,0.1,S0,30,2014,42294,1,1,0,0,2.9615421226480976e-10,True
G03,31,ORACLE,0.1,S0,31,2014,42294,1,1,0,0,3.9597125578438863e-10,True
G03,32,ORACLE,0.1,S1,0,2014,42294,1,1,0,0,2.311253410880454e-10,True
G03,33,ORACLE,0.1,S1,1,2014,42294,1,1,0,0,9.43600753089413e-12,True
G03,34,ORACLE,0.1,S1,2,2014,42294,1,1,0,0,1.5131718100747094e-10,True
G03,35,ORACLE,0.1,S1,3,2014,42294,1,1,0,0,2.262368070660159e-10,True
G03,36,ORACLE,0.1,S1,4,2014,42294,1,1,0,0,2.922888597822748e-10,True
G03,37,ORACLE,0.1,S1,5,2014,42294,1,1,0,0,1.9554136088117957e-11,True
G03,38,ORACLE,0.1,S1,6,2014,42294,1,1,0,0,5.264837454888038e-10,True
G03,39,ORACLE,0.1,S1,7,2014,42294,1,1,0,0,4.446860657481011e-10,True
G03,40,ORACLE,0.1,S1,8,2014,42294,1,1,0,0,2.091837814077735e-10,True
G03,41,ORACLE,0.1,S1,9,2014,42294,1,1,0,0,5.528590918402188e-10,True
G03,42,ORACLE,0.1,S1,10,2014,42294,1,1,0,0,2.041815605480224e-10,True
G03,43,ORACLE,0.1,S1,11,2014,42294,1,1,0,0,4.476987669477239e-10,True
G03,44,ORACLE,0.1,S1,12,2014,42294,1,1,0,0,1.7331558410660364e-10,True
G03,45,ORACLE,0.1,S1,13,2014,42294,1,1,0,0,1.1368683772161603e-13,True
G03,46,ORACLE,0.1,S1,14,2014,42294,1,1,0,0,1.6962076188065112e-10,True
G03,47,ORACLE,0.1,S1,15,2014,42294,1,1,0,0,3.8414782466134056e-10,True
G03,48,ORACLE,0.1,S1,16,2014,42294,1,1,0,0,1.2676082405960187e-10,True
G03,49,ORACLE,0.1,S1,17,2014,42294,1,1,0,0,2.2657786757918075e-10,True
G03,50,ORACLE,0.1,S1,18,2014,42294,1,1,0,0,7.66249286243692e-11,True
G03,51,ORACLE,0.1,S1,19,2014,42294,1,1,0,0,7.507878763135523e-10,True
G03,52,ORACLE,0.1,S1,20,2014,42294,1,1,0,0,2.360707185289357e-10,True
G03,53,ORACLE,0.1,S1,21,2014,42294,1,1,0,0,2.828528522513807e-10,True
G03,54,ORACLE,0.1,S1,22,2014,42294,1,1,0,0,4.5702108764089644e-10,True
G03,55,ORACLE,0.1,S1,23,2014,42294,1,1,0,0,1.6302692529279739e-10,True
G03,56,ORACLE,0.1,S1,24,2014,42294,1,1,0,0,2.922888597822748e-10,True
G03,57,ORACLE,0.1,S1,25,2014,42294,1,1,0,0,3.8346570363501087e-10,True
G03,58,ORACLE,0.1,S1,26,2014,42294,1,1,0,0,2.4152768673957326e-10,True
G03,59,ORACLE,0.1,S1,27,2014,42294,1,1,0,0,1.8758328224066645e-11,True
G03,60,ORACLE,0.1,S1,28,2014,42294,1,1,0,0,3.7260861063259654e-10,True
G03,61,ORACLE,0.1,S1,29,2014,42294,1,1,0,0,1.6490275811520405e-10,True
G03,62,ORACLE,0.1,S1,30,2014,42294,1,1,0,0,2.959268385893665e-10,True
G03,63,ORACLE,0.1,S1,31,2014,42294,1,1,0,0,3.963123162975535e-10,True
G03,64,ORACLE,0.1,S2,0,2014,42294,1,1,0,0,2.311253410880454e-10,True
G03,65,ORACLE,0.1,S2,1,2014,42294,1,1,0,0,9.43600753089413e-12,True
G03,66,ORACLE,0.1,S2,2,2014,42294,1,1,0,0,1.5074874681886286e-10,True
G03,67,ORACLE,0.1,S2,3,2014,42294,1,1,0,0,2.262368070660159e-10,True
G03,68,ORACLE,0.1,S2,4,2014,42294,1,1,0,0,2.922888597822748e-10,True
G03,69,ORACLE,0.1,S2,5,2014,42294,1,1,0,0,1.9554136088117957e-11,True
G03,70,ORACLE,0.1,S2,6,2014,42294,1,1,0,0,5.264837454888038e-10,True
G03,71,ORACLE,0.1,S2,7,2014,42294,1,1,0,0,4.446860657481011e-10,True
G03,72,ORACLE,0.1,S2,8,2014,42294,1,1,0,0,2.0963852875865996e-10,True
G03,73,ORACLE,0.1,S2,9,2014,42294,1,1,0,0,5.528590918402188e-10,True
G03,74,ORACLE,0.1,S2,10,2014,42294,1,1,0,0,2.041815605480224e-10,True
G03,75,ORACLE,0.1,S2,11,2014,42294,1,1,0,0,4.476987669477239e-10,True
G03,76,ORACLE,0.1,S2,12,2014,42294,1,1,0,0,1.7331558410660364e-10,True
G03,77,ORACLE,0.1,S2,13,2014,42294,1,1,0,0,1.1368683772161603e-13,True
G03,78,ORACLE,0.1,S2,14,2014,42294,1,1,0,0,1.6962076188065112e-10,True
G03,79,ORACLE,0.1,S2,15,2014,42294,1,1,0,0,3.8414782466134056e-10,True
G03,80,ORACLE,0.1,S2,16,2014,42294,1,1,0,0,1.2676082405960187e-10,True
G03,81,ORACLE,0.1,S2,17,2014,42294,1,1,0,0,2.2657786757918075e-10,True
G03,82,ORACLE,0.1,S2,18,2014,42294,1,1,0,0,7.66249286243692e-11,True
G03,83,ORACLE,0.1,S2,19,2014,42294,1,1,0,0,7.507878763135523e-10,True
G03,84,ORACLE,0.1,S2,20,2014,42294,1,1,0,0,2.3578650143463165e-10,True
G03,85,ORACLE,0.1,S2,21,2014,42294,1,1,0,0,2.828528522513807e-10,True
G03,86,ORACLE,0.1,S2,22,2014,42294,1,1,0,0,4.5702108764089644e-10,True
G03,87,ORACLE,0.1,S2,23,2014,42294,1,1,0,0,1.6302692529279739e-10,True
G03,88,ORACLE,0.1,S2,24,2014,42294,1,1,0,0,2.9189095585024916e-10,True
G03,89,ORACLE,0.1,S2,25,2014,42294,1,1,0,0,3.8346570363501087e-10,True
G03,90,ORACLE,0.1,S2,26,2014,42294,1,1,0,0,4.2388137444504537e-10,True
G03,91,ORACLE,0.1,S2,27,2014,42294,1,1,0,0,1.8758328224066645e-11,True
G03,92,ORACLE,0.1,S2,28,2014,42294,1,1,0,0,3.7260861063259654e-10,True
G03,93,ORACLE,0.1,S2,29,2014,42294,1,1,0,0,1.6490275811520405e-10,True
G03,94,ORACLE,0.1,S2,30,2014,42294,1,1,0,0,2.959268385893665e-10,True
G03,95,ORACLE,0.1,S2,31,2014,42294,1,1,0,0,3.9597125578438863e-10,True
G03,96,ORACLE,0.1,S3,0,2014,42294,1,1,0,0,2.3095481083146296e-10,True
G03,97,ORACLE,0.1,S3,1,2014,42294,1,1,0,0,9.094947017729282e-12,True
G03,98,ORACLE,0.1,S3,2,2014,42294,1,1,0,0,1.50407686305698e-10,True
G03,99,ORACLE,0.1,S3,3,2014,42294,1,1,0,0,2.2669155441690236e-10,True
G03,100,ORACLE,0.1,S3,4,2014,42294,1,1,0,0,2.921751729445532e-10,True
G03,101,ORACLE,0.1,S3,5,2014,42294,1,1,0,0,1.9099388737231493e-11,True
G03,102,ORACLE,0.1,S3,6,2014,42294,1,1,0,0,3.446984919719398e-10,True
G03,103,ORACLE,0.1,S3,7,2014,42294,1,1,0,0,4.4423131839721464e-10,True
G03,104,ORACLE,0.1,S3,8,2014,42294,1,1,0,0,2.098659024341032e-10,True
G03,105,ORACLE,0.1,S3,9,2014,42294,1,1,0,0,5.532569957722444e-10,True
G03,106,ORACLE,0.1,S3,10,2014,42294,1,1,0,0,2.2509993868879974e-11,True
G03,107,ORACLE,0.1,S3,11,2014,42294,1,1,0,0,4.4849457481177524e-10,True
G03,108,ORACLE,0.1,S3,12,2014,42294,1,1,0,0,1.7399770513293333e-10,True
G03,109,ORACLE,0.1,S3,13,2014,42294,1,1,0,0,7.958078640513122e-13,True
G03,110,ORACLE,0.1,S3,14,2014,42294,1,1,0,0,3.5197444958612323e-10,True
G03,111,ORACLE,0.1,S3,15,2014,42294,1,1,0,0,3.838067641481757e-10,True
G03,112,ORACLE,0.1,S3,16,2014,42294,1,1,0,0,1.2670398064074107e-10,True
G03,113,ORACLE,0.1,S3,17,2014,42294,1,1,0,0,4.0949998947326094e-10,True
G03,114,ORACLE,0.1,S3,18,2014,42294,1,1,0,0,7.605649443576112e-11,True
G03,115,ORACLE,0.1,S3,19,2014,42294,1,1,0,0,7.506173460569698e-10,True
G03,116,ORACLE,0.1,S3,20,2014,42294,1,1,0,0,2.3578650143463165e-10,True
G03,117,ORACLE,0.1,S3,21,2014,42294,1,1,0,0,1.0089706847793423e-10,True
G03,118,ORACLE,0.1,S3,22,2014,42294,1,1,0,0,4.5702108764089644e-10,True
G03,119,ORACLE,0.1,S3,23,2014,42294,1,1,0,0,1.8530954548623413e-11,True
G03,120,ORACLE,0.1,S3,24,2014,42294,1,1,0,0,2.9177726901252754e-10,True
G03,121,ORACLE,0.1,S3,25,2014,42294,1,1,0,0,3.843751983367838e-10,True
G03,122,ORACLE,0.1,S3,26,2014,42294,1,1,0,0,4.2382453102618456e-10,True
G03,123,ORACLE,0.1,S3,27,2014,42294,1,1,0,0,1.6325429896824062e-10,True
G03,124,ORACLE,0.1,S3,28,2014,42294,1,1,0,0,3.7277914088917896e-10,True
G03,125,ORACLE,0.1,S3,29,2014,42294,1,1,0,0,1.6467538443976082e-10,True
G03,126,ORACLE,0.1,S3,30,2014,42294,1,1,0,0,2.9547209123848006e-10,True
G03,127,ORACLE,0.1,S3,31,2014,42294,1,1,0,0,5.778701961389743e-10,True
G03,128,ORACLE,0.25,S0,0,2014,42294,1,1,0,0,7.185008144006133e-11,True
G03,129,ORACLE,0.25,S0,1,2014,42294,1,1,0,0,2.3078428057488054e-11,True
G03,130,ORACLE,0.25,S0,2,2014,42294,1,1,0,0,7.594280759803951e-11,True
G03,131,ORACLE,0.25,S0,3,2014,42294,1,1,0,0,1.4665602066088468e-11,True
G03,132,ORACLE,0.25,S0,4,2014,42294,1,1,0,0,8.560618880437687e-11,True
G03,133,ORACLE,0.25,S0,5,2014,42294,1,1,0,0,6.104983185650781e-11,True
G03,134,ORACLE,0.25,S0,6,2014,42294,1,1,0,0,2.9558577807620168e-12,True
G03,135,ORACLE,0.25,S0,7,2014,42294,1,1,0,0,1.5973000699887052e-11,True
G03,136,ORACLE,0.25,S0,8,2014,42294,1,1,0,0,3.7630343285854906e-11,True
G03,137,ORACLE,0.25,S0,9,2014,42294,1,1,0,0,2.142996891052462e-11,True
G03,138,ORACLE,0.25,S0,10,2014,42294,1,1,0,0,2.921751729445532e-11,True
G03,139,ORACLE,0.25,S0,11,2014,42294,1,1,0,0,2.4783730623312294e-11,True
G03,140,ORACLE,0.25,S0,12,2014,42294,1,1,0,0,1.0936673788819462e-10,True
G03,141,ORACLE,0.25,S0,13,2014,42294,1,1,0,0,5.911715561524034e-11,True
G03,142,ORACLE,0.25,S0,14,2014,42294,1,1,0,0,7.082689990056679e-11,True
G03,143,ORACLE,0.25,S0,15,2014,42294,1,1,0,0,5.1386450650170445e-11,True
G03,144,ORACLE,0.25,S0,16,2014,42294,1,1,0,0,3.3082869776990265e-11,True
G03,145,ORACLE,0.25,S0,17,2014,42294,1,1,0,0,7.048583938740194e-12,True
G03,146,ORACLE,0.25,S0,18,2014,42294,1,1,0,0,5.945821612840518e-11,True
G03,147,ORACLE,0.25,S0,19,2014,42294,1,1,0,0,7.219114195322618e-12,True
G03,148,ORACLE,0.25,S0,20,2014,42294,1,1,0,0,4.945377440890297e-11,True
G03,149,ORACLE,0.25,S0,21,2014,42294,1,1,0,0,5.326228347257711e-11,True
G03,150,ORACLE,0.25,S0,22,2014,42294,1,1,0,0,4.808953235624358e-11,True
G03,151,ORACLE,0.25,S0,23,2014,42294,1,1,0,0,9.094947017729282e-12,True
G03,152,ORACLE,0.25,S0,24,2014,42294,1,1,0,0,3.637978807091713e-11,True
G03,153,ORACLE,0.25,S0,25,2014,42294,1,1,0,0,4.405364961712621e-11,True
G03,154,ORACLE,0.25,S0,26,2014,42294,1,1,0,0,4.575895218295045e-11,True
G03,155,ORACLE,0.25,S0,27,2014,42294,1,1,0,0,4.8203219193965197e-11,True
G03,156,ORACLE,0.25,S0,28,2014,42294,1,1,0,0,6.0822458181064576e-12,True
G03,157,ORACLE,0.25,S0,29,2014,42294,1,1,0,0,1.2880718713859096e-10,True
G03,158,ORACLE,0.25,S0,30,2014,42294,1,1,0,0,1.9895196601282805e-11,True
G03,159,ORACLE,0.25,S0,31,2014,42294,1,1,0,0,2.376054908381775e-11,True
G03,160,ORACLE,0.25,S1,0,2014,42294,1,1,0,0,1.3011458577238955e-10,True
G03,161,ORACLE,0.25,S1,1,2014,42294,1,1,0,0,2.319211489520967e-11,True
G03,162,ORACLE,0.25,S1,2,2014,42294,1,1,0,0,7.594280759803951e-11,True
G03,163,ORACLE,0.25,S1,3,2014,42294,1,1,0,0,1.4665602066088468e-11,True
G03,164,ORACLE,0.25,S1,4,2014,42294,1,1,0,0,8.549250196665525e-11,True
G03,165,ORACLE,0.25,S1,5,2014,42294,1,1,0,0,6.104983185650781e-11,True
G03,166,ORACLE,0.25,S1,6,2014,42294,1,1,0,0,2.9558577807620168e-12,True
G03,167,ORACLE,0.25,S1,7,2014,42294,1,1,0,0,1.5973000699887052e-11,True
G03,168,ORACLE,0.25,S1,8,2014,42294,1,1,0,0,3.7630343285854906e-11,True
G03,169,ORACLE,0.25,S1,9,2014,42294,1,1,0,0,2.1088908397359774e-11,True
G03,170,ORACLE,0.25,S1,10,2014,42294,1,1,0,0,2.921751729445532e-11,True
G03,171,ORACLE,0.25,S1,11,2014,42294,1,1,0,0,2.4783730623312294e-11,True
G03,172,ORACLE,0.25,S1,12,2014,42294,1,1,0,0,1.0942358130705543e-10,True
G03,173,ORACLE,0.25,S1,13,2014,42294,1,1,0,0,5.911715561524034e-11,True
G03,174,ORACLE,0.25,S1,14,2014,42294,1,1,0,0,7.082689990056679e-11,True
G03,175,ORACLE,0.25,S1,15,2014,42294,1,1,0,0,5.1386450650170445e-11,True
G03,176,ORACLE,0.25,S1,16,2014,42294,1,1,0,0,3.296918293926865e-11,True
G03,177,ORACLE,0.25,S1,17,2014,42294,1,1,0,0,7.048583938740194e-12,True
G03,178,ORACLE,0.25,S1,18,2014,42294,1,1,0,0,5.923084245296195e-11,True
G03,179,ORACLE,0.25,S1,19,2014,42294,1,1,0,0,7.332801033044234e-12,True
G03,180,ORACLE,0.25,S1,20,2014,42294,1,1,0,0,4.945377440890297e-11,True
G03,181,ORACLE,0.25,S1,21,2014,42294,1,1,0,0,5.354650056688115e-11,True
G03,182,ORACLE,0.25,S1,22,2014,42294,1,1,0,0,1.8985701899509877e-11,True
G03,183,ORACLE,0.25,S1,23,2014,42294,1,1,0,0,9.43600753089413e-12,True
G03,184,ORACLE,0.25,S1,24,2014,42294,1,1,0,0,3.6266101233195513e-11,True
G03,185,ORACLE,0.25,S1,25,2014,42294,1,1,0,0,4.405364961712621e-11,True
G03,186,ORACLE,0.25,S1,26,2014,42294,1,1,0,0,4.5645265345228836e-11,True
G03,187,ORACLE,0.25,S1,27,2014,42294,1,1,0,0,4.8203219193965197e-11,True
G03,188,ORACLE,0.25,S1,28,2014,42294,1,1,0,0,6.252776074688882e-12,True
G03,189,ORACLE,0.25,S1,29,2014,42294,1,1,0,0,1.2880718713859096e-10,True
G03,190,ORACLE,0.25,S1,30,2014,42294,1,1,0,0,1.9895196601282805e-11,True
G03,191,ORACLE,0.25,S1,31,2014,42294,1,1,0,0,2.376054908381775e-11,True
G03,192,ORACLE,0.25,S2,0,2014,42294,1,1,0,0,7.185008144006133e-11,True
G03,193,ORACLE,0.25,S2,1,2014,42294,1,1,0,0,2.3078428057488054e-11,True
G03,194,ORACLE,0.25,S2,2,2014,42294,1,1,0,0,7.571543392259628e-11,True
G03,195,ORACLE,0.25,S2,3,2014,42294,1,1,0,0,1.4665602066088468e-11,True
G03,196,ORACLE,0.25,S2,4,2014,42294,1,1,0,0,8.566303222323768e-11,True
G03,197,ORACLE,0.25,S2,5,2014,42294,1,1,0,0,6.104983185650781e-11,True
G03,198,ORACLE,0.25,S2,6,2014,42294,1,1,0,0,2.9558577807620168e-12,True
G03,199,ORACLE,0.25,S2,7,2014,42294,1,1,0,0,1.5973000699887052e-11,True
G03,200,ORACLE,0.25,S2,8,2014,42294,1,1,0,0,3.7630343285854906e-11,True
G03,201,ORACLE,0.25,S2,9,2014,42294,1,1,0,0,2.142996891052462e-11,True
G03,202,ORACLE,0.25,S2,10,2014,42294,1,1,0,0,2.921751729445532e-11,True
G03,203,ORACLE,0.25,S2,11,2014,42294,1,1,0,0,2.4783730623312294e-11,True
G03,204,ORACLE,0.25,S2,12,2014,42294,1,1,0,0,1.0936673788819462e-10,True
G03,205,ORACLE,0.25,S2,13,2014,42294,1,1,0,0,5.911715561524034e-11,True
G03,206,ORACLE,0.25,S2,14,2014,42294,1,1,0,0,7.082689990056679e-11,True
G03,207,ORACLE,0.25,S2,15,2014,42294,1,1,0,0,5.1386450650170445e-11,True
G03,208,ORACLE,0.25,S2,16,2014,42294,1,1,0,0,3.296918293926865e-11,True
G03,209,ORACLE,0.25,S2,17,2014,42294,1,1,0,0,7.048583938740194e-12,True
G03,210,ORACLE,0.25,S2,18,2014,42294,1,1,0,0,5.945821612840518e-11,True
G03,211,ORACLE,0.25,S2,19,2014,42294,1,1,0,0,7.275957614183426e-12,True
G03,212,ORACLE,0.25,S2,20,2014,42294,1,1,0,0,4.945377440890297e-11,True
G03,213,ORACLE,0.25,S2,21,2014,42294,1,1,0,0,5.331912689143792e-11,True
G03,214,ORACLE,0.25,S2,22,2014,42294,1,1,0,0,4.7975845518521965e-11,True
G03,215,ORACLE,0.25,S2,23,2014,42294,1,1,0,0,9.094947017729282e-12,True
G03,216,ORACLE,0.25,S2,24,2014,42294,1,1,0,0,3.637978807091713e-11,True
G03,217,ORACLE,0.25,S2,25,2014,42294,1,1,0,0,4.3939962779404595e-11,True
G03,218,ORACLE,0.25,S2,26,2014,42294,1,1,0,0,4.5645265345228836e-11,True
G03,219,ORACLE,0.25,S2,27,2014,42294,1,1,0,0,4.8203219193965197e-11,True
G03,220,ORACLE,0.25,S2,28,2014,42294,1,1,0,0,6.0822458181064576e-12,True
G03,221,ORACLE,0.25,S2,29,2014,42294,1,1,0,0,1.2880718713859096e-10,True
G03,222,ORACLE,0.25,S2,30,2014,42294,1,1,0,0,1.9895196601282805e-11,True
G03,223,ORACLE,0.25,S2,31,2014,42294,1,1,0,0,2.376054908381775e-11,True
G03,224,ORACLE,0.25,S3,0,2014,42294,1,1,0,0,1.3017142919125035e-10,True
G03,225,ORACLE,0.25,S3,1,2014,42294,1,1,0,0,2.319211489520967e-11,True
G03,226,ORACLE,0.25,S3,2,2014,42294,1,1,0,0,7.560174708487466e-11,True
G03,227,ORACLE,0.25,S3,3,2014,42294,1,1,0,0,1.4665602066088468e-11,True
G03,228,ORACLE,0.25,S3,4,2014,42294,1,1,0,0,5.661604518536478e-11,True
G03,229,ORACLE,0.25,S3,5,2014,42294,1,1,0,0,6.127720553195104e-11,True
G03,230,ORACLE,0.25,S3,6,2014,42294,1,1,0,0,2.6147972675971687e-12,True
G03,231,ORACLE,0.25,S3,7,2014,42294,1,1,0,0,1.602984411874786e-11,True
G03,232,ORACLE,0.25,S3,8,2014,42294,1,1,0,0,3.7630343285854906e-11,True
G03,233,ORACLE,0.25,S3,9,2014,42294,1,1,0,0,2.114575181622058e-11,True
G03,234,ORACLE,0.25,S3,10,2014,42294,1,1,0,0,2.9331204132176936e-11,True
G03,235,ORACLE,0.25,S3,11,2014,42294,1,1,0,0,2.467004378559068e-11,True
G03,236,ORACLE,0.25,S3,12,2014,42294,1,1,0,0,8.0831341620069e-11,True
G03,237,ORACLE,0.25,S3,13,2014,42294,1,1,0,0,5.900346877751872e-11,True
G03,238,ORACLE,0.25,S3,14,2014,42294,1,1,0,0,7.082689990056679e-11,True
G03,239,ORACLE,0.25,S3,15,2014,42294,1,1,0,0,5.1159076974727213e-11,True
G03,240,ORACLE,0.25,S3,16,2014,42294,1,1,0,0,3.296918293926865e-11,True
G03,241,ORACLE,0.25,S3,17,2014,42294,1,1,0,0,6.934897101018578e-12,True
G03,242,ORACLE,0.25,S3,18,2014,42294,1,1,0,0,8.844835974741727e-11,True
G03,243,ORACLE,0.25,S3,19,2014,42294,1,1,0,0,7.219114195322618e-12,True
G03,244,ORACLE,0.25,S3,20,2014,42294,1,1,0,0,4.945377440890297e-11,True
G03,245,ORACLE,0.25,S3,21,2014,42294,1,1,0,0,5.326228347257711e-11,True
G03,246,ORACLE,0.25,S3,22,2014,42294,1,1,0,0,4.831690603168681e-11,True
G03,247,ORACLE,0.25,S3,23,2014,42294,1,1,0,0,9.549694368615746e-12,True
G03,248,ORACLE,0.25,S3,24,2014,42294,1,1,0,0,3.6493474908638746e-11,True
G03,249,ORACLE,0.25,S3,25,2014,42294,1,1,0,0,4.376943252282217e-11,True
G03,250,ORACLE,0.25,S3,26,2014,42294,1,1,0,0,4.575895218295045e-11,True
G03,251,ORACLE,0.25,S3,27,2014,42294,1,1,0,0,4.808953235624358e-11,True
G03,252,ORACLE,0.25,S3,28,2014,42294,1,1,0,0,6.423306331271306e-12,True
G03,253,ORACLE,0.25,S3,29,2014,42294,1,1,0,0,1.2880718713859096e-10,True
G03,254,ORACLE,0.25,S3,30,2014,42294,1,1,0,0,1.9895196601282805e-11,True
G03,255,ORACLE,0.25,S3,31,2014,42294,1,1,0,0,2.376054908381775e-11,True
G03,256,ORACLE,0.5,S0,0,2014,42294,1,1,0,0,2.864908310584724e-11,True
G03,257,ORACLE,0.5,S0,1,2014,42294,1,1,0,0,2.2168933355715126e-11,True
G03,258,ORACLE,0.5,S0,2,2014,42294,1,1,0,0,9.43600753089413e-12,True
G03,259,ORACLE,0.5,S0,3,2014,42294,1,1,0,0,7.16227077646181e-12,True
G03,260,ORACLE,0.5,S0,4,2014,42294,1,1,0,0,1.3926637620897964e-11,True
G03,261,ORACLE,0.5,S0,5,2014,42294,1,1,0,0,2.0463630789890885e-12,True
G03,262,ORACLE,0.5,S0,6,2014,42294,1,1,0,0,2.4783730623312294e-11,True
G03,263,ORACLE,0.5,S0,7,2014,42294,1,1,0,0,3.029754225281067e-11,True
G03,264,ORACLE,0.5,S0,8,2014,42294,1,1,0,0,6.707523425575346e-12,True
G03,265,ORACLE,0.5,S0,9,2014,42294,1,1,0,0,1.2960299500264227e-11,True
G03,266,ORACLE,0.5,S0,10,2014,42294,1,1,0,0,7.048583938740194e-12,True
G03,267,ORACLE,0.5,S0,11,2014,42294,1,1,0,0,2.3305801732931286e-11,True
G03,268,ORACLE,0.5,S0,12,2014,42294,1,1,0,0,6.934897101018578e-12,True
G03,269,ORACLE,0.5,S0,13,2014,42294,1,1,0,0,2.8762769943568856e-11,True
G03,270,ORACLE,0.5,S0,14,2014,42294,1,1,0,0,1.602984411874786e-11,True
G03,271,ORACLE,0.5,S0,15,2014,42294,1,1,0,0,7.275957614183426e-12,True
G03,272,ORACLE,0.5,S0,16,2014,42294,1,1,0,0,1.91562321560923e-11,True
G03,273,ORACLE,0.5,S0,17,2014,42294,1,1,0,0,2.2737367544323206e-13,True
G03,274,ORACLE,0.5,S0,18,2014,42294,1,1,0,0,1.2960299500264227e-11,True
G03,275,ORACLE,0.5,S0,19,2014,42294,1,1,0,0,0.0,True
G03,276,ORACLE,0.5,S0,20,2014,42294,1,1,0,0,9.777068044058979e-12,True
G03,277,ORACLE,0.5,S0,21,2014,42294,1,1,0,0,3.637978807091713e-12,True
G03,278,ORACLE,0.5,S0,22,2014,42294,1,1,0,0,4.433786671143025e-12,True
G03,279,ORACLE,0.5,S0,23,2014,42294,1,1,0,0,1.6370904631912708e-11,True
G03,280,ORACLE,0.5,S0,24,2014,42294,1,1,0,0,7.844391802791506e-12,True
G03,281,ORACLE,0.5,S0,25,2014,42294,1,1,0,0,7.73070496506989e-12,True
G03,282,ORACLE,0.5,S0,26,2014,42294,1,1,0,0,1.2050804798491299e-11,True
G03,283,ORACLE,0.5,S0,27,2014,42294,1,1,0,0,4.661160346586257e-12,True
G03,284,ORACLE,0.5,S0,28,2014,42294,1,1,0,0,8.86757334228605e-12,True
G03,285,ORACLE,0.5,S0,29,2014,42294,1,1,0,0,5.6274984672199935e-12,True
G03,286,ORACLE,0.5,S0,30,2014,42294,1,1,0,0,9.890754881780595e-12,True
G03,287,ORACLE,0.5,S0,31,2014,42294,1,1,0,0,1.8417267710901797e-11,True
G03,288,ORACLE,0.5,S1,0,2014,42294,1,1,0,0,2.864908310584724e-11,True
G03,289,ORACLE,0.5,S1,1,2014,42294,1,1,0,0,2.2282620193436742e-11,True
G03,290,ORACLE,0.5,S1,2,2014,42294,1,1,0,0,9.322320693172514e-12,True
G03,291,ORACLE,0.5,S1,3,2014,42294,1,1,0,0,7.16227077646181e-12,True
G03,292,ORACLE,0.5,S1,4,2014,42294,1,1,0,0,1.3926637620897964e-11,True
G03,293,ORACLE,0.5,S1,5,2014,42294,1,1,0,0,2.0463630789890885e-12,True
G03,294,ORACLE,0.5,S1,6,2014,42294,1,1,0,0,2.4783730623312294e-11,True
G03,295,ORACLE,0.5,S1,7,2014,42294,1,1,0,0,3.7630343285854906e-11,True
G03,296,ORACLE,0.5,S1,8,2014,42294,1,1,0,0,2.1259438653942198e-11,True
G03,297,ORACLE,0.5,S1,9,2014,42294,1,1,0,0,1.2960299500264227e-11,True
G03,298,ORACLE,0.5,S1,10,2014,42294,1,1,0,0,7.048583938740194e-12,True
G03,299,ORACLE,0.5,S1,11,2014,42294,1,1,0,0,2.3419488570652902e-11,True
G03,300,ORACLE,0.5,S1,12,2014,42294,1,1,0,0,6.934897101018578e-12,True
G03,301,ORACLE,0.5,S1,13,2014,42294,1,1,0,0,2.8762769943568856e-11,True
G03,302,ORACLE,0.5,S1,14,2014,42294,1,1,0,0,1.5916157281026244e-11,True
G03,303,ORACLE,0.5,S1,15,2014,42294,1,1,0,0,7.275957614183426e-12,True
G03,304,ORACLE,0.5,S1,16,2014,42294,1,1,0,0,1.91562321560923e-11,True
G03,305,ORACLE,0.5,S1,17,2014,42294,1,1,0,0,2.2737367544323206e-13,True
G03,306,ORACLE,0.5,S1,18,2014,42294,1,1,0,0,1.2960299500264227e-11,True
G03,307,ORACLE,0.5,S1,19,2014,42294,1,1,0,0,0.0,True
G03,308,ORACLE,0.5,S1,20,2014,42294,1,1,0,0,9.890754881780595e-12,True
G03,309,ORACLE,0.5,S1,21,2014,42294,1,1,0,0,3.637978807091713e-12,True
G03,310,ORACLE,0.5,S1,22,2014,42294,1,1,0,0,4.433786671143025e-12,True
G03,311,ORACLE,0.5,S1,23,2014,42294,1,1,0,0,1.6370904631912708e-11,True
G03,312,ORACLE,0.5,S1,24,2014,42294,1,1,0,0,7.844391802791506e-12,True
G03,313,ORACLE,0.5,S1,25,2014,42294,1,1,0,0,7.673861546209082e-12,True
G03,314,ORACLE,0.5,S1,26,2014,42294,1,1,0,0,4.888534022029489e-12,True
G03,315,ORACLE,0.5,S1,27,2014,42294,1,1,0,0,4.661160346586257e-12,True
G03,316,ORACLE,0.5,S1,28,2014,42294,1,1,0,0,8.86757334228605e-12,True
G03,317,ORACLE,0.5,S1,29,2014,42294,1,1,0,0,1.2789769243681803e-11,True
G03,318,ORACLE,0.5,S1,30,2014,42294,1,1,0,0,9.890754881780595e-12,True
G03,319,ORACLE,0.5,S1,31,2014,42294,1,1,0,0,1.8530954548623413e-11,True
G03,320,ORACLE,0.5,S2,0,2014,42294,1,1,0,0,2.864908310584724e-11,True
G03,321,ORACLE,0.5,S2,1,2014,42294,1,1,0,0,2.2168933355715126e-11,True
G03,322,ORACLE,0.5,S2,2,2014,42294,1,1,0,0,9.43600753089413e-12,True
G03,323,ORACLE,0.5,S2,3,2014,42294,1,1,0,0,7.048583938740194e-12,True
G03,324,ORACLE,0.5,S2,4,2014,42294,1,1,0,0,1.3869794202037156e-11,True
G03,325,ORACLE,0.5,S2,5,2014,42294,1,1,0,0,2.0463630789890885e-12,True
G03,326,ORACLE,0.5,S2,6,2014,42294,1,1,0,0,2.4783730623312294e-11,True
G03,327,ORACLE,0.5,S2,7,2014,42294,1,1,0,0,3.029754225281067e-11,True
G03,328,ORACLE,0.5,S2,8,2014,42294,1,1,0,0,6.707523425575346e-12,True
G03,329,ORACLE,0.5,S2,9,2014,42294,1,1,0,0,1.2960299500264227e-11,True
G03,330,ORACLE,0.5,S2,10,2014,42294,1,1,0,0,7.048583938740194e-12,True
G03,331,ORACLE,0.5,S2,11,2014,42294,1,1,0,0,2.3305801732931286e-11,True
G03,332,ORACLE,0.5,S2,12,2014,42294,1,1,0,0,6.934897101018578e-12,True
G03,333,ORACLE,0.5,S2,13,2014,42294,1,1,0,0,2.8762769943568856e-11,True
G03,334,ORACLE,0.5,S2,14,2014,42294,1,1,0,0,1.5916157281026244e-11,True
G03,335,ORACLE,0.5,S2,15,2014,42294,1,1,0,0,7.275957614183426e-12,True
G03,336,ORACLE,0.5,S2,16,2014,42294,1,1,0,0,1.91562321560923e-11,True
G03,337,ORACLE,0.5,S2,17,2014,42294,1,1,0,0,2.2737367544323206e-13,True
G03,338,ORACLE,0.5,S2,18,2014,42294,1,1,0,0,1.2960299500264227e-11,True
G03,339,ORACLE,0.5,S2,19,2014,42294,1,1,0,0,0.0,True
G03,340,ORACLE,0.5,S2,20,2014,42294,1,1,0,0,9.777068044058979e-12,True
G03,341,ORACLE,0.5,S2,21,2014,42294,1,1,0,0,3.524291969370097e-12,True
G03,342,ORACLE,0.5,S2,22,2014,42294,1,1,0,0,4.433786671143025e-12,True
G03,343,ORACLE,0.5,S2,23,2014,42294,1,1,0,0,1.6257217794191092e-11,True
G03,344,ORACLE,0.5,S2,24,2014,42294,1,1,0,0,2.2282620193436742e-11,True
G03,345,ORACLE,0.5,S2,25,2014,42294,1,1,0,0,7.673861546209082e-12,True
G03,346,ORACLE,0.5,S2,26,2014,42294,1,1,0,0,4.831690603168681e-12,True
G03,347,ORACLE,0.5,S2,27,2014,42294,1,1,0,0,4.661160346586257e-12,True
G03,348,ORACLE,0.5,S2,28,2014,42294,1,1,0,0,8.86757334228605e-12,True
G03,349,ORACLE,0.5,S2,29,2014,42294,1,1,0,0,1.2789769243681803e-11,True
G03,350,ORACLE,0.5,S2,30,2014,42294,1,1,0,0,9.890754881780595e-12,True
G03,351,ORACLE,0.5,S2,31,2014,42294,1,1,0,0,1.8417267710901797e-11,True
G03,352,ORACLE,0.5,S3,0,2014,42294,1,1,0,0,2.864908310584724e-11,True
G03,353,ORACLE,0.5,S3,1,2014,42294,1,1,0,0,2.2282620193436742e-11,True
G03,354,ORACLE,0.5,S3,2,2014,42294,1,1,0,0,9.322320693172514e-12,True
G03,355,ORACLE,0.5,S3,3,2014,42294,1,1,0,0,2.1600499167107046e-11,True
G03,356,ORACLE,0.5,S3,4,2014,42294,1,1,0,0,1.3869794202037156e-11,True
G03,357,ORACLE,0.5,S3,5,2014,42294,1,1,0,0,2.0463630789890885e-12,True
G03,358,ORACLE,0.5,S3,6,2014,42294,1,1,0,0,1.750777300912887e-11,True
G03,359,ORACLE,0.5,S3,7,2014,42294,1,1,0,0,3.774403012357652e-11,True
G03,360,ORACLE,0.5,S3,8,2014,42294,1,1,0,0,2.114575181622058e-11,True
G03,361,ORACLE,0.5,S3,9,2014,42294,1,1,0,0,1.2846612662542611e-11,True
G03,362,ORACLE,0.5,S3,10,2014,42294,1,1,0,0,7.048583938740194e-12,True
G03,363,ORACLE,0.5,S3,11,2014,42294,1,1,0,0,2.3135271476348862e-11,True
G03,364,ORACLE,0.5,S3,12,2014,42294,1,1,0,0,7.048583938740194e-12,True
G03,365,ORACLE,0.5,S3,13,2014,42294,1,1,0,0,2.864908310584724e-11,True
G03,366,ORACLE,0.5,S3,14,2014,42294,1,1,0,0,1.602984411874786e-11,True
G03,367,ORACLE,0.5,S3,15,2014,42294,1,1,0,0,1.4551915228366852e-11,True
G03,368,ORACLE,0.5,S3,16,2014,42294,1,1,0,0,1.91562321560923e-11,True
G03,369,ORACLE,0.5,S3,17,2014,42294,1,1,0,0,3.410605131648481e-13,True
G03,370,ORACLE,0.5,S3,18,2014,42294,1,1,0,0,1.2846612662542611e-11,True
G03,371,ORACLE,0.5,S3,19,2014,42294,1,1,0,0,5.684341886080802e-14,True
G03,372,ORACLE,0.5,S3,20,2014,42294,1,1,0,0,9.777068044058979e-12,True
G03,373,ORACLE,0.5,S3,21,2014,42294,1,1,0,0,3.524291969370097e-12,True
G03,374,ORACLE,0.5,S3,22,2014,42294,1,1,0,0,4.320099833421409e-12,True
G03,375,ORACLE,0.5,S3,23,2014,42294,1,1,0,0,1.6484591469634324e-11,True
G03,376,ORACLE,0.5,S3,24,2014,42294,1,1,0,0,2.233946361229755e-11,True
G03,377,ORACLE,0.5,S3,25,2014,42294,1,1,0,0,7.73070496506989e-12,True
G03,378,ORACLE,0.5,S3,26,2014,42294,1,1,0,0,1.2107648217352107e-11,True
G03,379,ORACLE,0.5,S3,27,2014,42294,1,1,0,0,4.547473508864641e-12,True
G03,380,ORACLE,0.5,S3,28,2014,42294,1,1,0,0,8.86757334228605e-12,True
G03,381,ORACLE,0.5,S3,29,2014,42294,1,1,0,0,1.2846612662542611e-11,True
G03,382,ORACLE,0.5,S3,30,2014,42294,1,1,0,0,9.777068044058979e-12,True
G03,383,ORACLE,0.5,S3,31,2014,42294,1,1,0,0,1.8417267710901797e-11,True
G04,0,M0,0.1,S0,0,2378,49938,1,1,0,0,7.008793545537628e-11,True
G04,1,M0,0.1,S0,1,2378,49938,1,1,0,0,1.0913936421275139e-10,True
G04,2,M0,0.1,S0,2,2378,49938,1,1,0,0,4.700950739788823e-11,True
G04,3,M0,0.1,S0,3,2378,49938,1,1,0,0,8.86757334228605e-12,True
G04,4,M0,0.1,S0,4,2378,49938,1,1,0,0,1.440412233932875e-10,True
G04,5,M0,0.1,S0,5,2378,49938,1,1,0,0,1.7246293282369152e-10,True
G04,6,M0,0.1,S0,6,2378,49938,1,1,0,0,1.6484591469634324e-11,True
G04,7,M0,0.1,S0,7,2378,49938,1,1,0,0,2.9331204132176936e-11,True
G04,8,M0,0.1,S0,8,2378,49938,1,1,0,0,1.1959855328314006e-10,True
G04,9,M0,0.1,S0,9,2378,49938,1,1,0,0,1.9554136088117957e-11,True
G04,10,M0,0.1,S0,10,2378,49938,1,1,0,0,1.0913936421275139e-10,True
G04,11,M0,0.1,S0,11,2378,49938,1,1,0,0,3.370814738445915e-11,True
G04,12,M0,0.1,S0,12,2378,49938,1,1,0,0,2.6921043172478676e-10,True
G04,13,M0,0.1,S0,13,2378,49938,1,1,0,0,3.391278369235806e-10,True
G04,14,M0,0.1,S0,14,2378,49938,1,1,0,0,4.3928594095632434e-10,True
G04,15,M0,0.1,S0,15,2378,49938,1,1,0,0,4.945377440890297e-11,True
G04,16,M0,0.1,S0,16,2378,49938,1,1,0,0,2.0480683815549128e-10,True
G04,17,M0,0.1,S0,17,2378,49938,1,1,0,0,4.61000126961153e-11,True
G04,18,M0,0.1,S0,18,2378,49938,1,1,0,0,3.865352482534945e-11,True
G04,19,M0,0.1,S0,19,2378,49938,1,1,0,0,3.0127011996228248e-12,True
G04,20,M0,0.1,S0,20,2378,49938,0,0,0,0,0.0,True
G04,21,M0,0.1,S0,21,2378,49938,1,1,0,0,3.427089723118115e-10,True
G04,22,M0,0.1,S0,22,2378,49938,1,1,0,0,8.571987564209849e-11,True
G04,23,M0,0.1,S0,23,2378,49938,1,1,0,0,1.397211235598661e-10,True
G04,24,M0,0.1,S0,24,2378,49938,1,1,0,0,2.710294211283326e-10,True
G04,25,M0,0.1,S0,25,2378,49938,1,1,0,0,4.0171244108933024e-10,True
G04,26,M0,0.1,S0,26,2378,49938,0,0,0,0,0.0,True
G04,27,M0,0.1,S0,27,2378,49938,1,1,0,0,1.4506440493278205e-10,True
G04,28,M0,0.1,S0,28,2378,49938,0,0,0,0,0.0,True
G04,29,M0,0.1,S0,29,2378,49938,1,1,0,0,4.1382008930668235e-10,True
G04,30,M0,0.1,S0,30,2378,49938,1,1,0,0,2.801243681460619e-10,True
G04,31,M0,0.1,S0,31,2378,49938,1,1,0,0,1.7905676941154525e-11,True
G04,32,M0,0.1,S1,0,2378,49938,0,0,0,0,0.0,True
G04,33,M0,0.1,S1,1,2378,49938,0,0,0,0,0.0,True
G04,34,M0,0.1,S1,2,2378,49938,0,0,0,0,0.0,True
G04,35,M0,0.1,S1,3,2378,49938,0,0,0,0,0.0,True
G04,36,M0,0.1,S1,4,2378,49938,0,0,0,0,0.0,True
G04,37,M0,0.1,S1,5,2378,49938,0,0,0,0,0.0,True
G04,38,M0,0.1,S1,6,2378,49938,0,0,0,0,0.0,True
G04,39,M0,0.1,S1,7,2378,49938,0,0,0,0,0.0,True
G04,40,M0,0.1,S1,8,2378,49938,0,0,0,0,0.0,True
G04,41,M0,0.1,S1,9,2378,49938,0,0,0,0,0.0,True
G04,42,M0,0.1,S1,10,2378,49938,0,0,0,0,0.0,True
G04,43,M0,0.1,S1,11,2378,49938,0,0,0,0,0.0,True
G04,44,M0,0.1,S1,12,2378,49938,0,0,0,0,0.0,True
G04,45,M0,0.1,S1,13,2378,49938,0,0,0,0,0.0,True
G04,46,M0,0.1,S1,14,2378,49938,0,0,0,0,0.0,True
G04,47,M0,0.1,S1,15,2378,49938,0,0,0,0,0.0,True
G04,48,M0,0.1,S1,16,2378,49938,0,0,0,0,0.0,True
G04,49,M0,0.1,S1,17,2378,49938,0,0,0,0,0.0,True
G04,50,M0,0.1,S1,18,2378,49938,0,0,0,0,0.0,True
G04,51,M0,0.1,S1,19,2378,49938,0,0,0,0,0.0,True
G04,52,M0,0.1,S1,20,2378,49938,0,0,0,0,0.0,True
G04,53,M0,0.1,S1,21,2378,49938,0,0,0,0,0.0,True
G04,54,M0,0.1,S1,22,2378,49938,0,0,0,0,0.0,True
G04,55,M0,0.1,S1,23,2378,49938,0,0,0,0,0.0,True
G04,56,M0,0.1,S1,24,2378,49938,0,0,0,0,0.0,True
G04,57,M0,0.1,S1,25,2378,49938,0,0,0,0,0.0,True
G04,58,M0,0.1,S1,26,2378,49938,0,0,0,0,0.0,True
G04,59,M0,0.1,S1,27,2378,49938,0,0,0,0,0.0,True
G04,60,M0,0.1,S1,28,2378,49938,0,0,0,0,0.0,True
G04,61,M0,0.1,S1,29,2378,49938,0,0,0,0,0.0,True
G04,62,M0,0.1,S1,30,2378,49938,0,0,0,0,0.0,True
G04,63,M0,0.1,S1,31,2378,49938,0,0,0,0,0.0,True
G04,64,M0,0.1,S2,0,2378,49938,0,0,0,0,0.0,True
G04,65,M0,0.1,S2,1,2378,49938,0,0,0,0,0.0,True
G04,66,M0,0.1,S2,2,2378,49938,0,0,0,0,0.0,True
G04,67,M0,0.1,S2,3,2378,49938,0,0,0,0,0.0,True
G04,68,M0,0.1,S2,4,2378,49938,0,0,0,0,0.0,True
G04,69,M0,0.1,S2,5,2378,49938,0,0,0,0,0.0,True
G04,70,M0,0.1,S2,6,2378,49938,0,0,0,0,0.0,True
G04,71,M0,0.1,S2,7,2378,49938,0,0,0,0,0.0,True
G04,72,M0,0.1,S2,8,2378,49938,0,0,0,0,0.0,True
G04,73,M0,0.1,S2,9,2378,49938,0,0,0,0,0.0,True
G04,74,M0,0.1,S2,10,2378,49938,0,0,0,0,0.0,True
G04,75,M0,0.1,S2,11,2378,49938,0,0,0,0,0.0,True
G04,76,M0,0.1,S2,12,2378,49938,0,0,0,0,0.0,True
G04,77,M0,0.1,S2,13,2378,49938,0,0,0,0,0.0,True
G04,78,M0,0.1,S2,14,2378,49938,0,0,0,0,0.0,True
G04,79,M0,0.1,S2,15,2378,49938,0,0,0,0,0.0,True
G04,80,M0,0.1,S2,16,2378,49938,0,0,0,0,0.0,True
G04,81,M0,0.1,S2,17,2378,49938,0,0,0,0,0.0,True
G04,82,M0,0.1,S2,18,2378,49938,0,0,0,0,0.0,True
G04,83,M0,0.1,S2,19,2378,49938,0,0,0,0,0.0,True
G04,84,M0,0.1,S2,20,2378,49938,0,0,0,0,0.0,True
G04,85,M0,0.1,S2,21,2378,49938,0,0,0,0,0.0,True
G04,86,M0,0.1,S2,22,2378,49938,0,0,0,0,0.0,True
G04,87,M0,0.1,S2,23,2378,49938,0,0,0,0,0.0,True
G04,88,M0,0.1,S2,24,2378,49938,0,0,0,0,0.0,True
G04,89,M0,0.1,S2,25,2378,49938,0,0,0,0,0.0,True
G04,90,M0,0.1,S2,26,2378,49938,0,0,0,0,0.0,True
G04,91,M0,0.1,S2,27,2378,49938,0,0,0,0,0.0,True
G04,92,M0,0.1,S2,28,2378,49938,0,0,0,0,0.0,True
G04,93,M0,0.1,S2,29,2378,49938,0,0,0,0,0.0,True
G04,94,M0,0.1,S2,30,2378,49938,0,0,0,0,0.0,True
G04,95,M0,0.1,S2,31,2378,49938,0,0,0,0,0.0,True
G04,96,M0,0.1,S3,0,2378,49938,0,0,0,0,0.0,True
G04,97,M0,0.1,S3,1,2378,49938,0,0,0,0,0.0,True
G04,98,M0,0.1,S3,2,2378,49938,0,0,0,0,0.0,True
G04,99,M0,0.1,S3,3,2378,49938,0,0,0,0,0.0,True
G04,100,M0,0.1,S3,4,2378,49938,0,0,0,0,0.0,True
G04,101,M0,0.1,S3,5,2378,49938,0,0,0,0,0.0,True
G04,102,M0,0.1,S3,6,2378,49938,0,0,0,0,0.0,True
G04,103,M0,0.1,S3,7,2378,49938,0,0,0,0,0.0,True
G04,104,M0,0.1,S3,8,2378,49938,0,0,0,0,0.0,True
G04,105,M0,0.1,S3,9,2378,49938,0,0,0,0,0.0,True
G04,106,M0,0.1,S3,10,2378,49938,0,0,0,0,0.0,True
G04,107,M0,0.1,S3,11,2378,49938,0,0,0,0,0.0,True
G04,108,M0,0.1,S3,12,2378,49938,0,0,0,0,0.0,True
G04,109,M0,0.1,S3,13,2378,49938,0,0,0,0,0.0,True
G04,110,M0,0.1,S3,14,2378,49938,0,0,0,0,0.0,True
G04,111,M0,0.1,S3,15,2378,49938,0,0,0,0,0.0,True
G04,112,M0,0.1,S3,16,2378,49938,0,0,0,0,0.0,True
G04,113,M0,0.1,S3,17,2378,49938,0,0,0,0,0.0,True
G04,114,M0,0.1,S3,18,2378,49938,0,0,0,0,0.0,True
G04,115,M0,0.1,S3,19,2378,49938,0,0,0,0,0.0,True
G04,116,M0,0.1,S3,20,2378,49938,0,0,0,0,0.0,True
G04,117,M0,0.1,S3,21,2378,49938,0,0,0,0,0.0,True
G04,118,M0,0.1,S3,22,2378,49938,0,0,0,0,0.0,True
G04,119,M0,0.1,S3,23,2378,49938,0,0,0,0,0.0,True
G04,120,M0,0.1,S3,24,2378,49938,0,0,0,0,0.0,True
G04,121,M0,0.1,S3,25,2378,49938,0,0,0,0,0.0,True
G04,122,M0,0.1,S3,26,2378,49938,0,0,0,0,0.0,True
G04,123,M0,0.1,S3,27,2378,49938,0,0,0,0,0.0,True
G04,124,M0,0.1,S3,28,2378,49938,0,0,0,0,0.0,True
G04,125,M0,0.1,S3,29,2378,49938,0,0,0,0,0.0,True
G04,126,M0,0.1,S3,30,2378,49938,0,0,0,0,0.0,True
G04,127,M0,0.1,S3,31,2378,49938,0,0,0,0,0.0,True
G04,128,M0,0.25,S0,0,2378,49938,1,1,0,0,1.750777300912887e-11,True
G04,129,M0,0.25,S0,1,2378,49938,1,1,0,0,1.4381384971784428e-11,True
G04,130,M0,0.25,S0,2,2378,49938,1,1,0,0,1.9099388737231493e-11,True
G04,131,M0,0.25,S0,3,2378,49938,1,1,0,0,2.5124791136477143e-11,True
G04,132,M0,0.25,S0,4,2378,49938,1,1,0,0,2.2964741219766438e-11,True
G04,133,M0,0.25,S0,5,2378,49938,1,1,0,0,6.59383658785373e-12,True
G04,134,M0,0.25,S0,6,2378,49938,1,1,0,0,3.808509063674137e-11,True
G04,135,M0,0.25,S0,7,2378,49938,1,1,0,0,2.7284841053187847e-12,True
G04,136,M0,0.25,S0,8,2378,49938,1,1,0,0,5.582023732131347e-11,True
G04,137,M0,0.25,S0,9,2378,49938,1,1,0,0,2.1600499167107046e-11,True
G04,138,M0,0.25,S0,10,2378,49938,1,1,0,0,5.263700586510822e-11,True
G04,139,M0,0.25,S0,11,2378,49938,1,1,0,0,3.296918293926865e-12,True
G04,140,M0,0.25,S0,12,2378,49938,1,1,0,0,8.29913915367797e-12,True
G04,141,M0,0.25,S0,13,2378,49938,1,1,0,0,3.2173375075217336e-11,True
G04,142,M0,0.25,S0,14,2378,49938,1,1,0,0,1.887201506178826e-11,True
G04,143,M0,0.25,S0,15,2378,49938,1,1,0,0,1.1368683772161603e-11,True
G04,144,M0,0.25,S0,16,2378,49938,1,1,0,0,1.4210854715202004e-11,True
G04,145,M0,0.25,S0,17,2378,49938,1,1,0,0,1.9326762412674725e-12,True
G04,146,M0,0.25,S0,18,2378,49938,1,1,0,0,5.4569682106375694e-12,True
G04,147,M0,0.25,S0,19,2378,49938,1,1,0,0,1.2164491636212915e-11,True
G04,148,M0,0.25,S0,20,2378,49938,0,0,0,0,0.0,True
G04,149,M0,0.25,S0,21,2378,49938,1,1,0,0,2.1941559680271894e-11,True
G04,150,M0,0.25,S0,22,2378,49938,1,1,0,0,1.722355591482483e-11,True
G04,151,M0,0.25,S0,23,2378,49938,1,1,0,0,4.3655745685100555e-11,True
G04,152,M0,0.25,S0,24,2378,49938,1,1,0,0,6.093614501878619e-11,True
G04,153,M0,0.25,S0,25,2378,49938,1,1,0,0,2.3305801732931286e-12,True
G04,154,M0,0.25,S0,26,2378,49938,0,0,0,0,0.0,True
G04,155,M0,0.25,S0,27,2378,49938,1,1,0,0,2.1373125491663814e-11,True
G04,156,M0,0.25,S0,28,2378,49938,0,0,0,0,0.0,True
G04,157,M0,0.25,S0,29,2378,49938,1,1,0,0,2.2737367544323206e-12,True
G04,158,M0,0.25,S0,30,2378,49938,1,1,0,0,2.4783730623312294e-11,True
G04,159,M0,0.25,S0,31,2378,49938,1,1,0,0,1.1823431123048067e-11,True
G04,160,M0,0.25,S1,0,2378,49938,0,0,0,0,0.0,True
G04,161,M0,0.25,S1,1,2378,49938,0,0,0,0,0.0,True
G04,162,M0,0.25,S1,2,2378,49938,0,0,0,0,0.0,True
G04,163,M0,0.25,S1,3,2378,49938,0,0,0,0,0.0,True
G04,164,M0,0.25,S1,4,2378,49938,0,0,0,0,0.0,True
G04,165,M0,0.25,S1,5,2378,49938,0,0,0,0,0.0,True
G04,166,M0,0.25,S1,6,2378,49938,0,0,0,0,0.0,True
G04,167,M0,0.25,S1,7,2378,49938,0,0,0,0,0.0,True
G04,168,M0,0.25,S1,8,2378,49938,0,0,0,0,0.0,True
G04,169,M0,0.25,S1,9,2378,49938,0,0,0,0,0.0,True
G04,170,M0,0.25,S1,10,2378,49938,0,0,0,0,0.0,True
G04,171,M0,0.25,S1,11,2378,49938,0,0,0,0,0.0,True
G04,172,M0,0.25,S1,12,2378,49938,0,0,0,0,0.0,True
G04,173,M0,0.25,S1,13,2378,49938,0,0,0,0,0.0,True
G04,174,M0,0.25,S1,14,2378,49938,0,0,0,0,0.0,True
G04,175,M0,0.25,S1,15,2378,49938,0,0,0,0,0.0,True
G04,176,M0,0.25,S1,16,2378,49938,0,0,0,0,0.0,True
G04,177,M0,0.25,S1,17,2378,49938,0,0,0,0,0.0,True
G04,178,M0,0.25,S1,18,2378,49938,0,0,0,0,0.0,True
G04,179,M0,0.25,S1,19,2378,49938,0,0,0,0,0.0,True
G04,180,M0,0.25,S1,20,2378,49938,0,0,0,0,0.0,True
G04,181,M0,0.25,S1,21,2378,49938,0,0,0,0,0.0,True
G04,182,M0,0.25,S1,22,2378,49938,0,0,0,0,0.0,True
G04,183,M0,0.25,S1,23,2378,49938,0,0,0,0,0.0,True
G04,184,M0,0.25,S1,24,2378,49938,0,0,0,0,0.0,True
G04,185,M0,0.25,S1,25,2378,49938,0,0,0,0,0.0,True
G04,186,M0,0.25,S1,26,2378,49938,0,0,0,0,0.0,True
G04,187,M0,0.25,S1,27,2378,49938,0,0,0,0,0.0,True
G04,188,M0,0.25,S1,28,2378,49938,0,0,0,0,0.0,True
G04,189,M0,0.25,S1,29,2378,49938,0,0,0,0,0.0,True
G04,190,M0,0.25,S1,30,2378,49938,0,0,0,0,0.0,True
G04,191,M0,0.25,S1,31,2378,49938,0,0,0,0,0.0,True
G04,192,M0,0.25,S2,0,2378,49938,0,0,0,0,0.0,True
G04,193,M0,0.25,S2,1,2378,49938,0,0,0,0,0.0,True
G04,194,M0,0.25,S2,2,2378,49938,0,0,0,0,0.0,True
G04,195,M0,0.25,S2,3,2378,49938,0,0,0,0,0.0,True
G04,196,M0,0.25,S2,4,2378,49938,0,0,0,0,0.0,True
G04,197,M0,0.25,S2,5,2378,49938,0,0,0,0,0.0,True
G04,198,M0,0.25,S2,6,2378,49938,0,0,0,0,0.0,True
G04,199,M0,0.25,S2,7,2378,49938,0,0,0,0,0.0,True
G04,200,M0,0.25,S2,8,2378,49938,0,0,0,0,0.0,True
G04,201,M0,0.25,S2,9,2378,49938,0,0,0,0,0.0,True
G04,202,M0,0.25,S2,10,2378,49938,0,0,0,0,0.0,True
G04,203,M0,0.25,S2,11,2378,49938,0,0,0,0,0.0,True
G04,204,M0,0.25,S2,12,2378,49938,0,0,0,0,0.0,True
G04,205,M0,0.25,S2,13,2378,49938,0,0,0,0,0.0,True
G04,206,M0,0.25,S2,14,2378,49938,0,0,0,0,0.0,True
G04,207,M0,0.25,S2,15,2378,49938,0,0,0,0,0.0,True
G04,208,M0,0.25,S2,16,2378,49938,0,0,0,0,0.0,True
G04,209,M0,0.25,S2,17,2378,49938,0,0,0,0,0.0,True
G04,210,M0,0.25,S2,18,2378,49938,0,0,0,0,0.0,True
G04,211,M0,0.25,S2,19,2378,49938,0,0,0,0,0.0,True
G04,212,M0,0.25,S2,20,2378,49938,0,0,0,0,0.0,True
G04,213,M0,0.25,S2,21,2378,49938,0,0,0,0,0.0,True
G04,214,M0,0.25,S2,22,2378,49938,0,0,0,0,0.0,True
G04,215,M0,0.25,S2,23,2378,49938,0,0,0,0,0.0,True
G04,216,M0,0.25,S2,24,2378,49938,0,0,0,0,0.0,True
G04,217,M0,0.25,S2,25,2378,49938,0,0,0,0,0.0,True
G04,218,M0,0.25,S2,26,2378,49938,0,0,0,0,0.0,True
G04,219,M0,0.25,S2,27,2378,49938,0,0,0,0,0.0,True
G04,220,M0,0.25,S2,28,2378,49938,0,0,0,0,0.0,True
G04,221,M0,0.25,S2,29,2378,49938,0,0,0,0,0.0,True
G04,222,M0,0.25,S2,30,2378,49938,0,0,0,0,0.0,True
G04,223,M0,0.25,S2,31,2378,49938,0,0,0,0,0.0,True
G04,224,M0,0.25,S3,0,2378,49938,0,0,0,0,0.0,True
G04,225,M0,0.25,S3,1,2378,49938,0,0,0,0,0.0,True
G04,226,M0,0.25,S3,2,2378,49938,0,0,0,0,0.0,True
G04,227,M0,0.25,S3,3,2378,49938,0,0,0,0,0.0,True
G04,228,M0,0.25,S3,4,2378,49938,0,0,0,0,0.0,True
G04,229,M0,0.25,S3,5,2378,49938,0,0,0,0,0.0,True
G04,230,M0,0.25,S3,6,2378,49938,0,0,0,0,0.0,True
G04,231,M0,0.25,S3,7,2378,49938,0,0,0,0,0.0,True
G04,232,M0,0.25,S3,8,2378,49938,0,0,0,0,0.0,True
G04,233,M0,0.25,S3,9,2378,49938,0,0,0,0,0.0,True
G04,234,M0,0.25,S3,10,2378,49938,0,0,0,0,0.0,True
G04,235,M0,0.25,S3,11,2378,49938,0,0,0,0,0.0,True
G04,236,M0,0.25,S3,12,2378,49938,0,0,0,0,0.0,True
G04,237,M0,0.25,S3,13,2378,49938,0,0,0,0,0.0,True
G04,238,M0,0.25,S3,14,2378,49938,0,0,0,0,0.0,True
G04,239,M0,0.25,S3,15,2378,49938,0,0,0,0,0.0,True
G04,240,M0,0.25,S3,16,2378,49938,0,0,0,0,0.0,True
G04,241,M0,0.25,S3,17,2378,49938,0,0,0,0,0.0,True
G04,242,M0,0.25,S3,18,2378,49938,0,0,0,0,0.0,True
G04,243,M0,0.25,S3,19,2378,49938,0,0,0,0,0.0,True
G04,244,M0,0.25,S3,20,2378,49938,0,0,0,0,0.0,True
G04,245,M0,0.25,S3,21,2378,49938,0,0,0,0,0.0,True
G04,246,M0,0.25,S3,22,2378,49938,0,0,0,0,0.0,True
G04,247,M0,0.25,S3,23,2378,49938,0,0,0,0,0.0,True
G04,248,M0,0.25,S3,24,2378,49938,0,0,0,0,0.0,True
G04,249,M0,0.25,S3,25,2378,49938,0,0,0,0,0.0,True
G04,250,M0,0.25,S3,26,2378,49938,0,0,0,0,0.0,True
G04,251,M0,0.25,S3,27,2378,49938,0,0,0,0,0.0,True
G04,252,M0,0.25,S3,28,2378,49938,0,0,0,0,0.0,True
G04,253,M0,0.25,S3,29,2378,49938,0,0,0,0,0.0,True
G04,254,M0,0.25,S3,30,2378,49938,0,0,0,0,0.0,True
G04,255,M0,0.25,S3,31,2378,49938,0,0,0,0,0.0,True
G04,256,M0,0.5,S0,0,2378,49938,1,1,0,0,4.263256414560601e-12,True
G04,257,M0,0.5,S0,1,2378,49938,1,1,0,0,3.410605131648481e-13,True
G04,258,M0,0.5,S0,2,2378,49938,1,1,0,0,3.694822225952521e-12,True
G04,259,M0,0.5,S0,3,2378,49938,1,1,0,0,5.8548721426632255e-12,True
G04,260,M0,0.5,S0,4,2378,49938,1,1,0,0,7.275957614183426e-12,True
G04,261,M0,0.5,S0,5,2378,49938,1,1,0,0,6.821210263296962e-13,True
G04,262,M0,0.5,S0,6,2378,49938,1,1,0,0,8.697043085703626e-12,True
G04,263,M0,0.5,S0,7,2378,49938,1,1,0,0,6.423306331271306e-12,True
G04,264,M0,0.5,S0,8,2378,49938,1,1,0,0,1.2278178473934531e-11,True
G04,265,M0,0.5,S0,9,2378,49938,1,1,0,0,8.071765478234738e-12,True
G04,266,M0,0.5,S0,10,2378,49938,1,1,0,0,5.9117155615240335e-12,True
G04,267,M0,0.5,S0,11,2378,49938,1,1,0,0,4.547473508864641e-12,True
G04,268,M0,0.5,S0,12,2378,49938,1,1,0,0,7.844391802791506e-12,True
G04,269,M0,0.5,S0,13,2378,49938,1,1,0,0,4.774847184307873e-12,True
G04,270,M0,0.5,S0,14,2378,49938,1,1,0,0,3.296918293926865e-12,True
G04,271,M0,0.5,S0,15,2378,49938,1,1,0,0,2.2737367544323206e-12,True
G04,272,M0,0.5,S0,16,2378,49938,1,1,0,0,1.432454155292362e-11,True
G04,273,M0,0.5,S0,17,2378,49938,1,1,0,0,1.5518253349000588e-11,True
G04,274,M0,0.5,S0,18,2378,49938,1,1,0,0,1.6427748050773516e-11,True
G04,275,M0,0.5,S0,19,2378,49938,1,1,0,0,2.7284841053187847e-12,True
G04,276,M0,0.5,S0,20,2378,49938,0,0,0,0,0.0,True
G04,277,M0,0.5,S0,21,2378,49938,1,1,0,0,7.958078640513122e-12,True
G04,278,M0,0.5,S0,22,2378,49938,1,1,0,0,1.1141310096718371e-11,True
G04,279,M0,0.5,S0,23,2378,49938,1,1,0,0,8.469669410260394e-12,True
G04,280,M0,0.5,S0,24,2378,49938,1,1,0,0,3.069544618483633e-12,True
G04,281,M0,0.5,S0,25,2378,49938,1,1,0,0,1.63140612130519e-11,True
G04,282,M0,0.5,S0,26,2378,49938,0,0,0,0,0.0,True
G04,283,M0,0.5,S0,27,2378,49938,1,1,0,0,7.332801033044234e-12,True
G04,284,M0,0.5,S0,28,2378,49938,0,0,0,0,0.0,True
G04,285,M0,0.5,S0,29,2378,49938,1,1,0,0,1.4097167877480388e-11,True
G04,286,M0,0.5,S0,30,2378,49938,1,1,0,0,9.777068044058979e-12,True
G04,287,M0,0.5,S0,31,2378,49938,1,1,0,0,5.9117155615240335e-12,True
G04,288,M0,0.5,S1,0,2378,49938,0,0,0,0,0.0,True
G04,289,M0,0.5,S1,1,2378,49938,0,0,0,0,0.0,True
G04,290,M0,0.5,S1,2,2378,49938,0,0,0,0,0.0,True
G04,291,M0,0.5,S1,3,2378,49938,0,0,0,0,0.0,True
G04,292,M0,0.5,S1,4,2378,49938,0,0,0,0,0.0,True
G04,293,M0,0.5,S1,5,2378,49938,0,0,0,0,0.0,True
G04,294,M0,0.5,S1,6,2378,49938,0,0,0,0,0.0,True
G04,295,M0,0.5,S1,7,2378,49938,0,0,0,0,0.0,True
G04,296,M0,0.5,S1,8,2378,49938,0,0,0,0,0.0,True
G04,297,M0,0.5,S1,9,2378,49938,0,0,0,0,0.0,True
G04,298,M0,0.5,S1,10,2378,49938,0,0,0,0,0.0,True
G04,299,M0,0.5,S1,11,2378,49938,0,0,0,0,0.0,True
G04,300,M0,0.5,S1,12,2378,49938,0,0,0,0,0.0,True
G04,301,M0,0.5,S1,13,2378,49938,0,0,0,0,0.0,True
G04,302,M0,0.5,S1,14,2378,49938,0,0,0,0,0.0,True
G04,303,M0,0.5,S1,15,2378,49938,0,0,0,0,0.0,True
G04,304,M0,0.5,S1,16,2378,49938,0,0,0,0,0.0,True
G04,305,M0,0.5,S1,17,2378,49938,0,0,0,0,0.0,True
G04,306,M0,0.5,S1,18,2378,49938,0,0,0,0,0.0,True
G04,307,M0,0.5,S1,19,2378,49938,0,0,0,0,0.0,True
G04,308,M0,0.5,S1,20,2378,49938,0,0,0,0,0.0,True
G04,309,M0,0.5,S1,21,2378,49938,0,0,0,0,0.0,True
G04,310,M0,0.5,S1,22,2378,49938,0,0,0,0,0.0,True
G04,311,M0,0.5,S1,23,2378,49938,0,0,0,0,0.0,True
G04,312,M0,0.5,S1,24,2378,49938,0,0,0,0,0.0,True
G04,313,M0,0.5,S1,25,2378,49938,0,0,0,0,0.0,True
G04,314,M0,0.5,S1,26,2378,49938,0,0,0,0,0.0,True
G04,315,M0,0.5,S1,27,2378,49938,0,0,0,0,0.0,True
G04,316,M0,0.5,S1,28,2378,49938,0,0,0,0,0.0,True
G04,317,M0,0.5,S1,29,2378,49938,0,0,0,0,0.0,True
G04,318,M0,0.5,S1,30,2378,49938,0,0,0,0,0.0,True
G04,319,M0,0.5,S1,31,2378,49938,0,0,0,0,0.0,True
G04,320,M0,0.5,S2,0,2378,49938,0,0,0,0,0.0,True
G04,321,M0,0.5,S2,1,2378,49938,0,0,0,0,0.0,True
G04,322,M0,0.5,S2,2,2378,49938,0,0,0,0,0.0,True
G04,323,M0,0.5,S2,3,2378,49938,0,0,0,0,0.0,True
G04,324,M0,0.5,S2,4,2378,49938,0,0,0,0,0.0,True
G04,325,M0,0.5,S2,5,2378,49938,0,0,0,0,0.0,True
G04,326,M0,0.5,S2,6,2378,49938,0,0,0,0,0.0,True
G04,327,M0,0.5,S2,7,2378,49938,0,0,0,0,0.0,True
G04,328,M0,0.5,S2,8,2378,49938,0,0,0,0,0.0,True
G04,329,M0,0.5,S2,9,2378,49938,0,0,0,0,0.0,True
G04,330,M0,0.5,S2,10,2378,49938,0,0,0,0,0.0,True
G04,331,M0,0.5,S2,11,2378,49938,0,0,0,0,0.0,True
G04,332,M0,0.5,S2,12,2378,49938,0,0,0,0,0.0,True
G04,333,M0,0.5,S2,13,2378,49938,0,0,0,0,0.0,True
G04,334,M0,0.5,S2,14,2378,49938,0,0,0,0,0.0,True
G04,335,M0,0.5,S2,15,2378,49938,0,0,0,0,0.0,True
G04,336,M0,0.5,S2,16,2378,49938,0,0,0,0,0.0,True
G04,337,M0,0.5,S2,17,2378,49938,0,0,0,0,0.0,True
G04,338,M0,0.5,S2,18,2378,49938,0,0,0,0,0.0,True
G04,339,M0,0.5,S2,19,2378,49938,0,0,0,0,0.0,True
G04,340,M0,0.5,S2,20,2378,49938,0,0,0,0,0.0,True
G04,341,M0,0.5,S2,21,2378,49938,0,0,0,0,0.0,True
G04,342,M0,0.5,S2,22,2378,49938,0,0,0,0,0.0,True
G04,343,M0,0.5,S2,23,2378,49938,0,0,0,0,0.0,True
G04,344,M0,0.5,S2,24,2378,49938,0,0,0,0,0.0,True
G04,345,M0,0.5,S2,25,2378,49938,0,0,0,0,0.0,True
G04,346,M0,0.5,S2,26,2378,49938,0,0,0,0,0.0,True
G04,347,M0,0.5,S2,27,2378,49938,0,0,0,0,0.0,True
G04,348,M0,0.5,S2,28,2378,49938,0,0,0,0,0.0,True
G04,349,M0,0.5,S2,29,2378,49938,0,0,0,0,0.0,True
G04,350,M0,0.5,S2,30,2378,49938,0,0,0,0,0.0,True
G04,351,M0,0.5,S2,31,2378,49938,0,0,0,0,0.0,True
G04,352,M0,0.5,S3,0,2378,49938,0,0,0,0,0.0,True
G04,353,M0,0.5,S3,1,2378,49938,0,0,0,0,0.0,True
G04,354,M0,0.5,S3,2,2378,49938,0,0,0,0,0.0,True
G04,355,M0,0.5,S3,3,2378,49938,0,0,0,0,0.0,True
G04,356,M0,0.5,S3,4,2378,49938,0,0,0,0,0.0,True
G04,357,M0,0.5,S3,5,2378,49938,0,0,0,0,0.0,True
G04,358,M0,0.5,S3,6,2378,49938,0,0,0,0,0.0,True
G04,359,M0,0.5,S3,7,2378,49938,0,0,0,0,0.0,True
G04,360,M0,0.5,S3,8,2378,49938,0,0,0,0,0.0,True
G04,361,M0,0.5,S3,9,2378,49938,0,0,0,0,0.0,True
G04,362,M0,0.5,S3,10,2378,49938,0,0,0,0,0.0,True
G04,363,M0,0.5,S3,11,2378,49938,0,0,0,0,0.0,True
G04,364,M0,0.5,S3,12,2378,49938,0,0,0,0,0.0,True
G04,365,M0,0.5,S3,13,2378,49938,0,0,0,0,0.0,True
G04,366,M0,0.5,S3,14,2378,49938,0,0,0,0,0.0,True
G04,367,M0,0.5,S3,15,2378,49938,0,0,0,0,0.0,True
G04,368,M0,0.5,S3,16,2378,49938,0,0,0,0,0.0,True
G04,369,M0,0.5,S3,17,2378,49938,0,0,0,0,0.0,True
G04,370,M0,0.5,S3,18,2378,49938,0,0,0,0,0.0,True
G04,371,M0,0.5,S3,19,2378,49938,0,0,0,0,0.0,True
G04,372,M0,0.5,S3,20,2378,49938,0,0,0,0,0.0,True
G04,373,M0,0.5,S3,21,2378,49938,0,0,0,0,0.0,True
G04,374,M0,0.5,S3,22,2378,49938,0,0,0,0,0.0,True
G04,375,M0,0.5,S3,23,2378,49938,0,0,0,0,0.0,True
G04,376,M0,0.5,S3,24,2378,49938,0,0,0,0,0.0,True
G04,377,M0,0.5,S3,25,2378,49938,0,0,0,0,0.0,True
G04,378,M0,0.5,S3,26,2378,49938,0,0,0,0,0.0,True
G04,379,M0,0.5,S3,27,2378,49938,0,0,0,0,0.0,True
G04,380,M0,0.5,S3,28,2378,49938,0,0,0,0,0.0,True
G04,381,M0,0.5,S3,29,2378,49938,0,0,0,0,0.0,True
G04,382,M0,0.5,S3,30,2378,49938,0,0,0,0,0.0,True
G04,383,M0,0.5,S3,31,2378,49938,0,0,0,0,0.0,True
G04,0,M1,0.1,S0,0,2378,49938,1,1,0,0,9.833911462919787e-12,True
G04,1,M1,0.1,S0,1,2378,49938,1,1,0,0,1.7814727470977232e-10,True
G04,2,M1,0.1,S0,2,2378,49938,1,1,0,0,8.549250196665525e-11,True
G04,3,M1,0.1,S0,3,2378,49938,1,1,0,0,9.725908967084251e-11,True
G04,4,M1,0.1,S0,4,2378,49938,1,1,0,0,3.3440983315813355e-10,True
G04,5,M1,0.1,S0,5,2378,49938,1,1,0,0,1.2579448593896814e-10,True
G04,6,M1,0.1,S0,6,2378,49938,1,1,0,0,1.3307044355315156e-10,True
G04,7,M1,0.1,S0,7,2378,49938,1,1,0,0,5.3375970310298726e-11,True
G04,8,M1,0.1,S0,8,2378,49938,1,1,0,0,1.6785861589596607e-10,True
G04,9,M1,0.1,S0,9,2378,49938,1,1,0,0,5.445599526865408e-11,True
G04,10,M1,0.1,S0,10,2378,49938,1,1,0,0,2.686419975361787e-10,True
G04,11,M1,0.1,S0,11,2378,49938,1,1,0,0,4.718003765447065e-12,True
G04,12,M1,0.1,S0,12,2378,49938,1,1,0,0,8.01492205937393e-11,True
G04,13,M1,0.1,S0,13,2378,49938,1,1,0,0,2.000888343900442e-10,True
G04,14,M1,0.1,S0,14,2378,49938,1,1,0,0,8.86757334228605e-11,True
G04,15,M1,0.1,S0,15,2378,49938,1,1,0,0,1.780904312909115e-10,True
G04,16,M1,0.1,S0,16,2378,49938,1,1,0,0,7.429434845107608e-11,True
G04,17,M1,0.1,S0,17,2378,49938,1,1,0,0,1.2920509107061662e-10,True
G04,18,M1,0.1,S0,18,2378,49938,1,1,0,0,1.4722445484949276e-11,True
G04,19,M1,0.1,S0,19,2378,49938,1,1,0,0,1.1590373105718754e-10,True
G04,20,M1,0.1,S0,20,2378,49938,1,1,0,0,1.8536638890509494e-10,True
G04,21,M1,0.1,S0,21,2378,49938,1,1,0,0,1.0453504728502594e-10,True
G04,22,M1,0.1,S0,22,2378,49938,1,1,0,0,3.3162450563395396e-10,True
G04,23,M1,0.1,S0,23,2378,49938,1,1,0,0,2.496562956366688e-10,True
G04,24,M1,0.1,S0,24,2378,49938,1,1,0,0,1.461444298911374e-10,True
G04,25,M1,0.1,S0,25,2378,49938,1,1,0,0,1.695070750429295e-10,True
G04,26,M1,0.1,S0,26,2378,49938,1,1,0,0,9.822542779147625e-11,True
G04,27,M1,0.1,S0,27,2378,49938,1,1,0,0,2.1589130483334884e-10,True
G04,28,M1,0.1,S0,28,2378,49938,0,0,0,0,0.0,True
G04,29,M1,0.1,S0,29,2378,49938,1,1,0,0,4.729372449219227e-11,True
G04,30,M1,0.1,S0,30,2378,49938,1,1,0,0,1.3324097380973399e-10,True
G04,31,M1,0.1,S0,31,2378,49938,1,1,0,0,1.468265509174671e-10,True
G04,32,M1,0.1,S1,0,2378,49938,1,1,0,0,1.000444171950221e-11,True
G04,33,M1,0.1,S1,1,2378,49938,1,1,0,0,3.751665644813329e-12,True
G04,34,M1,0.1,S1,2,2378,49938,1,1,0,0,2.674482857401017e-10,True
G04,35,M1,0.1,S1,3,2378,49938,1,1,0,0,9.725908967084251e-11,True
G04,36,M1,0.1,S1,4,2378,49938,1,1,0,0,1.525108928035479e-10,True
G04,37,M1,0.1,S1,5,2378,49938,1,1,0,0,5.60476109967567e-11,True
G04,38,M1,0.1,S1,6,2378,49938,1,1,0,0,1.3307044355315156e-10,True
G04,39,M1,0.1,S1,7,2378,49938,1,1,0,0,2.354454409214668e-10,True
G04,40,M1,0.1,S1,8,2378,49938,1,1,0,0,1.4097167877480388e-11,True
G04,41,M1,0.1,S1,9,2378,49938,1,1,0,0,1.2744294508593157e-10,True
G04,42,M1,0.1,S1,10,2378,49938,1,1,0,0,2.687556843739003e-10,True
G04,43,M1,0.1,S1,11,2378,49938,1,1,0,0,1.865601007011719e-10,True
G04,44,M1,0.1,S1,12,2378,49938,1,1,0,0,2.6216184778604656e-10,True
G04,45,M1,0.1,S1,13,2378,49938,1,1,0,0,1.8133050616597757e-11,True
G04,46,M1,0.1,S1,14,2378,49938,1,1,0,0,2.751221472863108e-10,True
G04,47,M1,0.1,S1,15,2378,49938,1,1,0,0,1.780904312909115e-10,True
G04,48,M1,0.1,S1,16,2378,49938,1,1,0,0,1.0766143532237038e-10,True
G04,49,M1,0.1,S1,17,2378,49938,1,1,0,0,5.2807536121690646e-11,True
G04,50,M1,0.1,S1,18,2378,49938,1,1,0,0,1.4722445484949276e-11,True
G04,51,M1,0.1,S1,19,2378,49938,1,1,0,0,2.4789414965198375e-10,True
G04,52,M1,0.1,S1,20,2378,49938,1,1,0,0,3.467448550509289e-12,True
G04,53,M1,0.1,S1,21,2378,49938,1,1,0,0,7.736389306955971e-11,True
G04,54,M1,0.1,S1,22,2378,49938,1,1,0,0,3.2173375075217336e-11,True
G04,55,M1,0.1,S1,23,2378,49938,1,1,0,0,6.752998160663992e-11,True
G04,56,M1,0.1,S1,24,2378,49938,1,1,0,0,3.558398020686582e-11,True
G04,57,M1,0.1,S1,25,2378,49938,1,1,0,0,1.2448708730516955e-11,True
G04,58,M1,0.1,S1,26,2378,49938,1,1,0,0,4.474713932722807e-10,True
G04,59,M1,0.1,S1,27,2378,49938,1,1,0,0,3.399236447876319e-11,True
G04,60,M1,0.1,S1,28,2378,49938,0,0,0,0,0.0,True
G04,61,M1,0.1,S1,29,2378,49938,1,1,0,0,3.163904693792574e-10,True
G04,62,M1,0.1,S1,30,2378,49938,1,1,0,0,3.15026227326598e-10,True
G04,63,M1,0.1,S1,31,2378,49938,1,1,0,0,2.169713297917042e-10,True
G04,64,M1,0.1,S2,0,2378,49938,1,1,0,0,1.7206502889166586e-10,True
G04,65,M1,0.1,S2,1,2378,49938,1,1,0,0,1.780904312909115e-10,True
G04,66,M1,0.1,S2,2,2378,49938,1,1,0,0,8.549250196665525e-11,True
G04,67,M1,0.1,S2,3,2378,49938,1,1,0,0,2.6625457394402474e-10,True
G04,68,M1,0.1,S2,4,2378,49938,1,1,0,0,2.9103830456733704e-11,True
G04,69,M1,0.1,S2,5,2378,49938,1,1,0,0,1.2573764252010733e-10,True
G04,70,M1,0.1,S2,6,2378,49938,1,1,0,0,1.3312728697201237e-10,True
G04,71,M1,0.1,S2,7,2378,49938,1,1,0,0,2.354454409214668e-10,True
G04,72,M1,0.1,S2,8,2378,49938,1,1,0,0,1.4097167877480388e-11,True
G04,73,M1,0.1,S2,9,2378,49938,1,1,0,0,5.4512838687514886e-11,True
G04,74,M1,0.1,S2,10,2378,49938,1,1,0,0,2.686419975361787e-10,True
G04,75,M1,0.1,S2,11,2378,49938,1,1,0,0,1.7718093658913858e-10,True
G04,76,M1,0.1,S2,12,2378,49938,1,1,0,0,8.049028110690415e-11,True
G04,77,M1,0.1,S2,13,2378,49938,1,1,0,0,2.000888343900442e-10,True
G04,78,M1,0.1,S2,14,2378,49938,1,1,0,0,2.7057467377744615e-10,True
G04,79,M1,0.1,S2,15,2378,49938,1,1,0,0,3.601030584832188e-10,True
G04,80,M1,0.1,S2,16,2378,49938,1,1,0,0,1.0766143532237038e-10,True
G04,81,M1,0.1,S2,17,2378,49938,1,1,0,0,1.291482476517558e-10,True
G04,82,M1,0.1,S2,18,2378,49938,1,1,0,0,1.4722445484949276e-11,True
G04,83,M1,0.1,S2,19,2378,49938,1,1,0,0,6.588152245967649e-11,True
G04,84,M1,0.1,S2,20,2378,49938,1,1,0,0,1.8536638890509494e-10,True
G04,85,M1,0.1,S2,21,2378,49938,1,1,0,0,1.0447820386616513e-10,True
G04,86,M1,0.1,S2,22,2378,49938,1,1,0,0,1.4978240869822912e-10,True
G04,87,M1,0.1,S2,23,2378,49938,1,1,0,0,1.141415850725025e-10,True
G04,88,M1,0.1,S2,24,2378,49938,1,1,0,0,3.575451046344824e-11,True
G04,89,M1,0.1,S2,25,2378,49938,1,1,0,0,1.2391865311656147e-11,True
G04,90,M1,0.1,S2,26,2378,49938,1,1,0,0,8.355982572538778e-11,True
G04,91,M1,0.1,S2,27,2378,49938,1,1,0,0,3.399236447876319e-11,True
G04,92,M1,0.1,S2,28,2378,49938,0,0,0,0,0.0,True
G04,93,M1,0.1,S2,29,2378,49938,1,1,0,0,4.723688107333146e-11,True
G04,94,M1,0.1,S2,30,2378,49938,1,1,0,0,1.3312728697201237e-10,True
G04,95,M1,0.1,S2,31,2378,49938,1,1,0,0,2.170850166294258e-10,True
G04,96,M1,0.1,S3,0,2378,49938,0,0,0,0,0.0,True
G04,97,M1,0.1,S3,1,2378,49938,0,0,0,0,0.0,True
G04,98,M1,0.1,S3,2,2378,49938,0,0,0,0,0.0,True
G04,99,M1,0.1,S3,3,2378,49938,0,0,0,0,0.0,True
G04,100,M1,0.1,S3,4,2378,49938,0,0,0,0,0.0,True
G04,101,M1,0.1,S3,5,2378,49938,0,0,0,0,0.0,True
G04,102,M1,0.1,S3,6,2378,49938,0,0,0,0,0.0,True
G04,103,M1,0.1,S3,7,2378,49938,0,0,0,0,0.0,True
G04,104,M1,0.1,S3,8,2378,49938,0,0,0,0,0.0,True
G04,105,M1,0.1,S3,9,2378,49938,0,0,0,0,0.0,True
G04,106,M1,0.1,S3,10,2378,49938,0,0,0,0,0.0,True
G04,107,M1,0.1,S3,11,2378,49938,0,0,0,0,0.0,True
G04,108,M1,0.1,S3,12,2378,49938,0,0,0,0,0.0,True
G04,109,M1,0.1,S3,13,2378,49938,0,0,0,0,0.0,True
G04,110,M1,0.1,S3,14,2378,49938,0,0,0,0,0.0,True
G04,111,M1,0.1,S3,15,2378,49938,0,0,0,0,0.0,True
G04,112,M1,0.1,S3,16,2378,49938,0,0,0,0,0.0,True
G04,113,M1,0.1,S3,17,2378,49938,0,0,0,0,0.0,True
G04,114,M1,0.1,S3,18,2378,49938,0,0,0,0,0.0,True
G04,115,M1,0.1,S3,19,2378,49938,0,0,0,0,0.0,True
G04,116,M1,0.1,S3,20,2378,49938,0,0,0,0,0.0,True
G04,117,M1,0.1,S3,21,2378,49938,0,0,0,0,0.0,True
G04,118,M1,0.1,S3,22,2378,49938,0,0,0,0,0.0,True
G04,119,M1,0.1,S3,23,2378,49938,0,0,0,0,0.0,True
G04,120,M1,0.1,S3,24,2378,49938,0,0,0,0,0.0,True
G04,121,M1,0.1,S3,25,2378,49938,0,0,0,0,0.0,True
G04,122,M1,0.1,S3,26,2378,49938,0,0,0,0,0.0,True
G04,123,M1,0.1,S3,27,2378,49938,0,0,0,0,0.0,True
G04,124,M1,0.1,S3,28,2378,49938,0,0,0,0,0.0,True
G04,125,M1,0.1,S3,29,2378,49938,0,0,0,0,0.0,True
G04,126,M1,0.1,S3,30,2378,49938,0,0,0,0,0.0,True
G04,127,M1,0.1,S3,31,2378,49938,0,0,0,0,0.0,True
G04,128,M1,0.25,S0,0,2378,49938,1,1,0,0,1.2278178473934531e-11,True
G04,129,M1,0.25,S0,1,2378,49938,1,1,0,0,3.069544618483633e-12,True
G04,130,M1,0.25,S0,2,2378,49938,1,1,0,0,1.2676082405960187e-11,True
G04,131,M1,0.25,S0,3,2378,49938,1,1,0,0,3.922195901395753e-12,True
G04,132,M1,0.25,S0,4,2378,49938,1,1,0,0,1.5347723092418164e-11,True
G04,133,M1,0.25,S0,5,2378,49938,1,1,0,0,1.4438228390645236e-11,True
G04,134,M1,0.25,S0,6,2378,49938,1,1,0,0,3.444711182964966e-11,True
G04,135,M1,0.25,S0,7,2378,49938,1,1,0,0,2.9046987037872896e-11,True
G04,136,M1,0.25,S0,8,2378,49938,1,1,0,0,4.8544279707130045e-11,True
G04,137,M1,0.25,S0,9,2378,49938,1,1,0,0,2.0747847884194925e-11,True
G04,138,M1,0.25,S0,10,2378,49938,1,1,0,0,2.2851054382044822e-11,True
G04,139,M1,0.25,S0,11,2378,49938,1,1,0,0,1.921307557495311e-11,True
G04,140,M1,0.25,S0,12,2378,49938,1,1,0,0,2.2737367544323206e-13,True
G04,141,M1,0.25,S0,13,2378,49938,1,1,0,0,1.750777300912887e-11,True
G04,142,M1,0.25,S0,14,2378,49938,1,1,0,0,8.753886504564434e-12,True
G04,143,M1,0.25,S0,15,2378,49938,1,1,0,0,1.807620719773695e-11,True
G04,144,M1,0.25,S0,16,2378,49938,1,1,0,0,3.68913788406644e-11,True
G04,145,M1,0.25,S0,17,2378,49938,1,1,0,0,5.4569682106375694e-12,True
G04,146,M1,0.25,S0,18,2378,49938,1,1,0,0,4.274625098332763e-11,True
G04,147,M1,0.25,S0,19,2378,49938,1,1,0,0,1.3869794202037156e-11,True
G04,148,M1,0.25,S0,20,2378,49938,1,1,0,0,2.5920599000528455e-11,True
G04,149,M1,0.25,S0,21,2378,49938,1,1,0,0,2.660272002685815e-11,True
G04,150,M1,0.25,S0,22,2378,49938,1,1,0,0,4.229150363244116e-11,True
G04,151,M1,0.25,S0,23,2378,49938,1,1,0,0,5.172751116333529e-12,True
G04,152,M1,0.25,S0,24,2378,49938,1,1,0,0,3.092281986027956e-11,True
G04,153,M1,0.25,S0,25,2378,49938,1,1,0,0,1.8758328224066645e-12,True
G04,154,M1,0.25,S0,26,2378,49938,1,1,0,0,2.5011104298755527e-12,True
G04,155,M1,0.25,S0,27,2378,49938,1,1,0,0,5.2523319027386606e-11,True
G04,156,M1,0.25,S0,28,2378,49938,0,0,0,0,0.0,True
G04,157,M1,0.25,S0,29,2378,49938,1,1,0,0,1.8189894035458565e-12,True
G04,158,M1,0.25,S0,30,2378,49938,1,1,0,0,4.5133674575481564e-11,True
G04,159,M1,0.25,S0,31,2378,49938,1,1,0,0,1.745092959026806e-11,True
G04,160,M1,0.25,S1,0,2378,49938,1,1,0,0,1.6768808563938364e-11,True
G04,161,M1,0.25,S1,1,2378,49938,1,1,0,0,3.211653165635653e-11,True
G04,162,M1,0.25,S1,2,2378,49938,1,1,0,0,4.5645265345228836e-11,True
G04,163,M1,0.25,S1,3,2378,49938,1,1,0,0,5.4001247917767614e-11,True
G04,164,M1,0.25,S1,4,2378,49938,1,1,0,0,1.375610736431554e-11,True
G04,165,M1,0.25,S1,5,2378,49938,1,1,0,0,1.4438228390645236e-11,True
G04,166,M1,0.25,S1,6,2378,49938,1,1,0,0,3.4503955248510465e-11,True
G04,167,M1,0.25,S1,7,2378,49938,1,1,0,0,2.9046987037872896e-11,True
G04,168,M1,0.25,S1,8,2378,49938,1,1,0,0,1.944044925039634e-11,True
G04,169,M1,0.25,S1,9,2378,49938,1,1,0,0,8.355982572538778e-12,True
G04,170,M1,0.25,S1,10,2378,49938,1,1,0,0,6.252776074688882e-12,True
G04,171,M1,0.25,S1,11,2378,49938,1,1,0,0,1.921307557495311e-11,True
G04,172,M1,0.25,S1,12,2378,49938,1,1,0,0,2.2737367544323206e-13,True
G04,173,M1,0.25,S1,13,2378,49938,1,1,0,0,1.745092959026806e-11,True
G04,174,M1,0.25,S1,14,2378,49938,1,1,0,0,8.753886504564434e-12,True
G04,175,M1,0.25,S1,15,2378,49938,1,1,0,0,1.801936377887614e-11,True
G04,176,M1,0.25,S1,16,2378,49938,1,1,0,0,8.071765478234738e-12,True
G04,177,M1,0.25,S1,17,2378,49938,1,1,0,0,2.3646862246096134e-11,True
G04,178,M1,0.25,S1,18,2378,49938,1,1,0,0,4.4565240386873484e-11,True
G04,179,M1,0.25,S1,19,2378,49938,1,1,0,0,4.268940756446682e-11,True
G04,180,M1,0.25,S1,20,2378,49938,1,1,0,0,3.296918293926865e-12,True
G04,181,M1,0.25,S1,21,2378,49938,1,1,0,0,2.6773250283440575e-11,True
G04,182,M1,0.25,S1,22,2378,49938,1,1,0,0,1.5916157281026244e-11,True
G04,183,M1,0.25,S1,23,2378,49938,1,1,0,0,5.3091753215994686e-11,True
G04,184,M1,0.25,S1,24,2378,49938,1,1,0,0,1.7053025658242404e-12,True
G04,185,M1,0.25,S1,25,2378,49938,1,1,0,0,2.722799763432704e-11,True
G04,186,M1,0.25,S1,26,2378,49938,1,1,0,0,3.1604940886609256e-11,True
G04,187,M1,0.25,S1,27,2378,49938,1,1,0,0,5.24664756085258e-11,True
G04,188,M1,0.25,S1,28,2378,49938,0,0,0,0,0.0,True
G04,189,M1,0.25,S1,29,2378,49938,1,1,0,0,2.7284841053187847e-11,True
G04,190,M1,0.25,S1,30,2378,49938,1,1,0,0,4.5133674575481564e-11,True
G04,191,M1,0.25,S1,31,2378,49938,1,1,0,0,1.722355591482483e-11,True
G04,192,M1,0.25,S2,0,2378,49938,1,1,0,0,4.581579560181126e-11,True
G04,193,M1,0.25,S2,1,2378,49938,1,1,0,0,3.0127011996228248e-12,True
G04,194,M1,0.25,S2,2,2378,49938,1,1,0,0,4.5702108764089644e-11,True
G04,195,M1,0.25,S2,3,2378,49938,1,1,0,0,3.979039320256561e-12,True
G04,196,M1,0.25,S2,4,2378,49938,1,1,0,0,1.5347723092418164e-11,True
G04,197,M1,0.25,S2,5,2378,49938,1,1,0,0,4.354205884737894e-11,True
G04,198,M1,0.25,S2,6,2378,49938,1,1,0,0,3.427658157306723e-11,True
G04,199,M1,0.25,S2,7,2378,49938,1,1,0,0,5.684341886080802e-14,True
G04,200,M1,0.25,S2,8,2378,49938,1,1,0,0,1.944044925039634e-11,True
G04,201,M1,0.25,S2,9,2378,49938,1,1,0,0,2.0747847884194925e-11,True
G04,202,M1,0.25,S2,10,2378,49938,1,1,0,0,3.5356606531422585e-11,True
G04,203,M1,0.25,S2,11,2378,49938,1,1,0,0,1.921307557495311e-11,True
G04,204,M1,0.25,S2,12,2378,49938,1,1,0,0,2.8421709430404007e-13,True
G04,205,M1,0.25,S2,13,2378,49938,1,1,0,0,4.069988790433854e-11,True
G04,206,M1,0.25,S2,14,2378,49938,1,1,0,0,4.9396930990042165e-11,True
G04,207,M1,0.25,S2,15,2378,49938,1,1,0,0,4.718003765447065e-11,True
G04,208,M1,0.25,S2,16,2378,49938,1,1,0,0,7.844391802791506e-12,True
G04,209,M1,0.25,S2,17,2378,49938,1,1,0,0,2.3590018827235326e-11,True
G04,210,M1,0.25,S2,18,2378,49938,1,1,0,0,1.5404566511278972e-11,True
G04,211,M1,0.25,S2,19,2378,49938,1,1,0,0,4.285993782104924e-11,True
G04,212,M1,0.25,S2,20,2378,49938,1,1,0,0,3.183231456205249e-12,True
G04,213,M1,0.25,S2,21,2378,49938,1,1,0,0,2.660272002685815e-11,True
G04,214,M1,0.25,S2,22,2378,49938,1,1,0,0,4.234834705130197e-11,True
G04,215,M1,0.25,S2,23,2378,49938,1,1,0,0,5.172751116333529e-12,True
G04,216,M1,0.25,S2,24,2378,49938,1,1,0,0,1.8189894035458565e-12,True
G04,217,M1,0.25,S2,25,2378,49938,1,1,0,0,5.638867150992155e-11,True
G04,218,M1,0.25,S2,26,2378,49938,1,1,0,0,3.1604940886609256e-11,True
G04,219,M1,0.25,S2,27,2378,49938,1,1,0,0,5.6843418860808015e-12,True
G04,220,M1,0.25,S2,28,2378,49938,0,0,0,0,0.0,True
G04,221,M1,0.25,S2,29,2378,49938,1,1,0,0,2.745537130977027e-11,True
G04,222,M1,0.25,S2,30,2378,49938,1,1,0,0,4.5133674575481564e-11,True
G04,223,M1,0.25,S2,31,2378,49938,1,1,0,0,4.6497916628140956e-11,True
G04,224,M1,0.25,S3,0,2378,49938,0,0,0,0,0.0,True
G04,225,M1,0.25,S3,1,2378,49938,1,1,0,0,2.7114310796605423e-11,True
G04,226,M1,0.25,S3,2,2378,49938,1,1,0,0,1.7564616427989677e-11,True
G04,227,M1,0.25,S3,3,2378,49938,0,0,0,0,0.0,True
G04,228,M1,0.25,S3,4,2378,49938,0,0,0,0,0.0,True
G04,229,M1,0.25,S3,5,2378,49938,0,0,0,0,0.0,True
G04,230,M1,0.25,S3,6,2378,49938,0,0,0,0,0.0,True
G04,231,M1,0.25,S3,7,2378,49938,1,1,0,0,3.8767211663071066e-11,True
G04,232,M1,0.25,S3,8,2378,49938,0,0,0,0,0.0,True
G04,233,M1,0.25,S3,9,2378,49938,0,0,0,0,0.0,True
G04,234,M1,0.25,S3,10,2378,49938,1,1,0,0,4.547473508864641e-13,True
G04,235,M1,0.25,S3,11,2378,49938,0,0,0,0,0.0,True
G04,236,M1,0.25,S3,12,2378,49938,1,1,0,0,1.3983481039758772e-11,True
G04,237,M1,0.25,S3,13,2378,49938,0,0,0,0,0.0,True
G04,238,M1,0.25,S3,14,2378,49938,1,1,0,0,1.546140993013978e-11,True
G04,239,M1,0.25,S3,15,2378,49938,0,0,0,0,0.0,True
G04,240,M1,0.25,S3,16,2378,49938,0,0,0,0,0.0,True
G04,241,M1,0.25,S3,17,2378,49938,1,1,0,0,1.6370904631912708e-11,True
G04,242,M1,0.25,S3,18,2378,49938,0,0,0,0,0.0,True
G04,243,M1,0.25,S3,19,2378,49938,0,0,0,0,0.0,True
G04,244,M1,0.25,S3,20,2378,49938,0,0,0,0,0.0,True
G04,245,M1,0.25,S3,21,2378,49938,0,0,0,0,0.0,True
G04,246,M1,0.25,S3,22,2378,49938,1,1,0,0,3.83124643121846e-11,True
G04,247,M1,0.25,S3,23,2378,49938,0,0,0,0,0.0,True
G04,248,M1,0.25,S3,24,2378,49938,0,0,0,0,0.0,True
G04,249,M1,0.25,S3,25,2378,49938,0,0,0,0,0.0,True
G04,250,M1,0.25,S3,26,2378,49938,0,0,0,0,0.0,True
G04,251,M1,0.25,S3,27,2378,49938,1,1,0,0,5.229594535194337e-12,True
G04,252,M1,0.25,S3,28,2378,49938,0,0,0,0,0.0,True
G04,253,M1,0.25,S3,29,2378,49938,0,0,0,0,0.0,True
G04,254,M1,0.25,S3,30,2378,49938,0,0,0,0,0.0,True
G04,255,M1,0.25,S3,31,2378,49938,1,1,0,0,1.1937117960769683e-12,True
G04,256,M1,0.5,S0,0,2378,49938,1,1,0,0,2.7284841053187847e-12,True
G04,257,M1,0.5,S0,1,2378,49938,1,1,0,0,3.637978807091713e-12,True
G04,258,M1,0.5,S0,2,2378,49938,1,1,0,0,4.831690603168681e-12,True
G04,259,M1,0.5,S0,3,2378,49938,1,1,0,0,2.3874235921539366e-12,True
G04,260,M1,0.5,S0,4,2378,49938,1,1,0,0,1.7053025658242404e-13,True
G04,261,M1,0.5,S0,5,2378,49938,1,1,0,0,7.73070496506989e-12,True
G04,262,M1,0.5,S0,6,2378,49938,1,1,0,0,5.8548721426632255e-12,True
G04,263,M1,0.5,S0,7,2378,49938,1,1,0,0,1.7621459846850485e-12,True
G04,264,M1,0.5,S0,8,2378,49938,1,1,0,0,4.661160346586257e-12,True
G04,265,M1,0.5,S0,9,2378,49938,1,1,0,0,5.059064278611913e-12,True
G04,266,M1,0.5,S0,10,2378,49938,1,1,0,0,2.063416104647331e-11,True
G04,267,M1,0.5,S0,11,2378,49938,1,1,0,0,9.777068044058979e-12,True
G04,268,M1,0.5,S0,12,2378,49938,1,1,0,0,1.1368683772161603e-13,True
G04,269,M1,0.5,S0,13,2378,49938,1,1,0,0,1.0913936421275139e-11,True
G04,270,M1,0.5,S0,14,2378,49938,1,1,0,0,1.318767317570746e-11,True
G04,271,M1,0.5,S0,15,2378,49938,1,1,0,0,3.069544618483633e-12,True
G04,272,M1,0.5,S0,16,2378,49938,1,1,0,0,2.114575181622058e-11,True
G04,273,M1,0.5,S0,17,2378,49938,1,1,0,0,1.7109869077103212e-11,True
G04,274,M1,0.5,S0,18,2378,49938,1,1,0,0,3.126388037344441e-12,True
G04,275,M1,0.5,S0,19,2378,49938,1,1,0,0,5.115907697472721e-13,True
G04,276,M1,0.5,S0,20,2378,49938,1,1,0,0,4.320099833421409e-12,True
G04,277,M1,0.5,S0,21,2378,49938,1,1,0,0,2.8421709430404007e-12,True
G04,278,M1,0.5,S0,22,2378,49938,1,1,0,0,1.7053025658242404e-12,True
G04,279,M1,0.5,S0,23,2378,49938,1,1,0,0,6.30961949354969e-12,True
G04,280,M1,0.5,S0,24,2378,49938,1,1,0,0,1.5916157281026244e-11,True
G04,281,M1,0.5,S0,25,2378,49938,1,1,0,0,1.5916157281026244e-12,True
G04,282,M1,0.5,S0,26,2378,49938,1,1,0,0,2.1600499167107046e-12,True
G04,283,M1,0.5,S0,27,2378,49938,1,1,0,0,2.0463630789890885e-12,True
G04,284,M1,0.5,S0,28,2378,49938,0,0,0,0,0.0,True
G04,285,M1,0.5,S0,29,2378,49938,1,1,0,0,3.524291969370097e-12,True
G04,286,M1,0.5,S0,30,2378,49938,1,1,0,0,5.7980287238024175e-12,True
G04,287,M1,0.5,S0,31,2378,49938,1,1,0,0,9.322320693172514e-12,True
G04,288,M1,0.5,S1,0,2378,49938,1,1,0,0,4.433786671143025e-12,True
G04,289,M1,0.5,S1,1,2378,49938,1,1,0,0,3.694822225952521e-12,True
G04,290,M1,0.5,S1,2,2378,49938,1,1,0,0,2.5011104298755527e-12,True
G04,291,M1,0.5,S1,3,2378,49938,1,1,0,0,4.888534022029489e-12,True
G04,292,M1,0.5,S1,4,2378,49938,1,1,0,0,1.1368683772161603e-13,True
G04,293,M1,0.5,S1,5,2378,49938,1,1,0,0,4.547473508864641e-13,True
G04,294,M1,0.5,S1,6,2378,49938,1,1,0,0,2.0463630789890885e-12,True
G04,295,M1,0.5,S1,7,2378,49938,1,1,0,0,1.6484591469634324e-12,True
G04,296,M1,0.5,S1,8,2378,49938,1,1,0,0,4.718003765447065e-12,True
G04,297,M1,0.5,S1,9,2378,49938,1,1,0,0,9.492850949754938e-12,True
G04,298,M1,0.5,S1,10,2378,49938,1,1,0,0,6.139089236967266e-12,True
G04,299,M1,0.5,S1,11,2378,49938,1,1,0,0,4.718003765447065e-12,True
G04,300,M1,0.5,S1,12,2378,49938,1,1,0,0,3.581135388230905e-12,True
G04,301,M1,0.5,S1,13,2378,49938,1,1,0,0,3.637978807091713e-12,True
G04,302,M1,0.5,S1,14,2378,49938,1,1,0,0,5.7980287238024175e-12,True
G04,303,M1,0.5,S1,15,2378,49938,1,1,0,0,3.069544618483633e-12,True
G04,304,M1,0.5,S1,16,2378,49938,1,1,0,0,6.59383658785373e-12,True
G04,305,M1,0.5,S1,17,2378,49938,1,1,0,0,9.833911462919787e-12,True
G04,306,M1,0.5,S1,18,2378,49938,1,1,0,0,5.115907697472721e-13,True
G04,307,M1,0.5,S1,19,2378,49938,1,1,0,0,3.126388037344441e-12,True
G04,308,M1,0.5,S1,20,2378,49938,1,1,0,0,4.320099833421409e-12,True
G04,309,M1,0.5,S1,21,2378,49938,1,1,0,0,2.8990143619012088e-12,True
G04,310,M1,0.5,S1,22,2378,49938,1,1,0,0,5.5706550483591855e-12,True
G04,311,M1,0.5,S1,23,2378,49938,1,1,0,0,6.30961949354969e-12,True
G04,312,M1,0.5,S1,24,2378,49938,1,1,0,0,1.3642420526593924e-12,True
G04,313,M1,0.5,S1,25,2378,49938,1,1,0,0,9.208633855450898e-12,True
G04,314,M1,0.5,S1,26,2378,49938,1,1,0,0,9.43600753089413e-12,True
G04,315,M1,0.5,S1,27,2378,49938,1,1,0,0,1.6655121726216748e-11,True
G04,316,M1,0.5,S1,28,2378,49938,0,0,0,0,0.0,True
G04,317,M1,0.5,S1,29,2378,49938,1,1,0,0,3.751665644813329e-12,True
G04,318,M1,0.5,S1,30,2378,49938,1,1,0,0,5.7980287238024175e-12,True
G04,319,M1,0.5,S1,31,2378,49938,1,1,0,0,1.659827830735594e-11,True
G04,320,M1,0.5,S2,0,2378,49938,1,1,0,0,2.7284841053187847e-12,True
G04,321,M1,0.5,S2,1,2378,49938,1,1,0,0,3.637978807091713e-12,True
G04,322,M1,0.5,S2,2,2378,49938,1,1,0,0,4.774847184307873e-12,True
G04,323,M1,0.5,S2,3,2378,49938,1,1,0,0,4.831690603168681e-12,True
G04,324,M1,0.5,S2,4,2378,49938,1,1,0,0,3.581135388230905e-12,True
G04,325,M1,0.5,S2,5,2378,49938,1,1,0,0,3.410605131648481e-13,True
G04,326,M1,0.5,S2,6,2378,49938,1,1,0,0,2.1032064978498966e-12,True
G04,327,M1,0.5,S2,7,2378,49938,1,1,0,0,1.7621459846850485e-12,True
G04,328,M1,0.5,S2,8,2378,49938,1,1,0,0,9.833911462919787e-12,True
G04,329,M1,0.5,S2,9,2378,49938,1,1,0,0,9.43600753089413e-12,True
G04,330,M1,0.5,S2,10,2378,49938,1,1,0,0,6.0254023992456496e-12,True
G04,331,M1,0.5,S2,11,2378,49938,1,1,0,0,9.663381206337363e-12,True
G04,332,M1,0.5,S2,12,2378,49938,1,1,0,0,3.694822225952521e-12,True
G04,333,M1,0.5,S2,13,2378,49938,1,1,0,0,1.0800249583553523e-11,True
G04,334,M1,0.5,S2,14,2378,49938,1,1,0,0,5.9117155615240335e-12,True
G04,335,M1,0.5,S2,15,2378,49938,1,1,0,0,3.069544618483633e-12,True
G04,336,M1,0.5,S2,16,2378,49938,1,1,0,0,6.59383658785373e-12,True
G04,337,M1,0.5,S2,17,2378,49938,1,1,0,0,9.833911462919787e-12,True
G04,338,M1,0.5,S2,18,2378,49938,1,1,0,0,1.3983481039758772e-11,True
G04,339,M1,0.5,S2,19,2378,49938,1,1,0,0,5.684341886080801e-13,True
G04,340,M1,0.5,S2,20,2378,49938,1,1,0,0,4.433786671143025e-12,True
G04,341,M1,0.5,S2,21,2378,49938,1,1,0,0,2.8421709430404007e-12,True
G04,342,M1,0.5,S2,22,2378,49938,1,1,0,0,1.7053025658242404e-12,True
G04,343,M1,0.5,S2,23,2378,49938,1,1,0,0,6.0822458181064576e-12,True
G04,344,M1,0.5,S2,24,2378,49938,1,1,0,0,8.753886504564434e-12,True
G04,345,M1,0.5,S2,25,2378,49938,1,1,0,0,9.322320693172514e-12,True
G04,346,M1,0.5,S2,26,2378,49938,1,1,0,0,9.43600753089413e-12,True
G04,347,M1,0.5,S2,27,2378,49938,1,1,0,0,2.1032064978498966e-12,True
G04,348,M1,0.5,S2,28,2378,49938,0,0,0,0,0.0,True
G04,349,M1,0.5,S2,29,2378,49938,1,1,0,0,3.524291969370097e-12,True
G04,350,M1,0.5,S2,30,2378,49938,1,1,0,0,1.4779288903810084e-12,True
G04,351,M1,0.5,S2,31,2378,49938,1,1,0,0,1.6541434888495132e-11,True
G04,352,M1,0.5,S3,0,2378,49938,1,1,0,0,2.1600499167107046e-12,True
G04,353,M1,0.5,S3,1,2378,49938,1,1,0,0,1.028865881380625e-11,True
G04,354,M1,0.5,S3,2,2378,49938,1,1,0,0,1.3926637620897964e-11,True
G04,355,M1,0.5,S3,3,2378,49938,1,1,0,0,5.343281372915953e-12,True
G04,356,M1,0.5,S3,4,2378,49938,1,1,0,0,2.2737367544323206e-12,True
G04,357,M1,0.5,S3,5,2378,49938,1,1,0,0,4.320099833421409e-12,True
G04,358,M1,0.5,S3,6,2378,49938,1,1,0,0,8.526512829121202e-13,True
G04,359,M1,0.5,S3,7,2378,49938,1,1,0,0,6.423306331271306e-12,True
G04,360,M1,0.5,S3,8,2378,49938,1,1,0,0,1.3869794202037156e-11,True
G04,361,M1,0.5,S3,9,2378,49938,1,1,0,0,1.0174971976084635e-11,True
G04,362,M1,0.5,S3,10,2378,49938,1,1,0,0,3.069544618483633e-12,True
G04,363,M1,0.5,S3,11,2378,49938,1,1,0,0,7.219114195322618e-12,True
G04,364,M1,0.5,S3,12,2378,49938,1,1,0,0,3.410605131648481e-13,True
G04,365,M1,0.5,S3,13,2378,49938,0,0,0,0,0.0,True
G04,366,M1,0.5,S3,14,2378,49938,1,1,0,0,2.2737367544323206e-12,True
G04,367,M1,0.5,S3,15,2378,49938,1,1,0,0,6.480149750132114e-12,True
G04,368,M1,0.5,S3,16,2378,49938,0,0,0,0,0.0,True
G04,369,M1,0.5,S3,17,2378,49938,1,1,0,0,1.3642420526593924e-12,True
G04,370,M1,0.5,S3,18,2378,49938,1,1,0,0,4.547473508864641e-12,True
G04,371,M1,0.5,S3,19,2378,49938,1,1,0,0,1.4836132322670892e-11,True
G04,372,M1,0.5,S3,20,2378,49938,0,0,0,0,0.0,True
G04,373,M1,0.5,S3,21,2378,49938,0,0,0,0,0.0,True
G04,374,M1,0.5,S3,22,2378,49938,1,1,0,0,1.7053025658242404e-12,True
G04,375,M1,0.5,S3,23,2378,49938,1,1,0,0,6.87805368215777e-12,True
G04,376,M1,0.5,S3,24,2378,49938,1,1,0,0,1.2505552149377763e-12,True
G04,377,M1,0.5,S3,25,2378,49938,1,1,0,0,1.0686562745831907e-11,True
G04,378,M1,0.5,S3,26,2378,49938,0,0,0,0,0.0,True
G04,379,M1,0.5,S3,27,2378,49938,1,1,0,0,4.774847184307873e-12,True
G04,380,M1,0.5,S3,28,2378,49938,0,0,0,0,0.0,True
G04,381,M1,0.5,S3,29,2378,49938,1,1,0,0,5.684341886080801e-13,True
G04,382,M1,0.5,S3,30,2378,49938,1,1,0,0,1.2846612662542611e-11,True
G04,383,M1,0.5,S3,31,2378,49938,1,1,0,0,1.0800249583553523e-12,True
G04,0,ORACLE,0.1,S0,0,2378,49938,1,1,0,0,7.008793545537628e-11,True
G04,1,ORACLE,0.1,S0,1,2378,49938,1,1,0,0,1.0913936421275139e-10,True
G04,2,ORACLE,0.1,S0,2,2378,49938,1,1,0,0,4.700950739788823e-11,True
G04,3,ORACLE,0.1,S0,3,2378,49938,1,1,0,0,8.86757334228605e-12,True
G04,4,ORACLE,0.1,S0,4,2378,49938,1,1,0,0,1.440412233932875e-10,True
G04,5,ORACLE,0.1,S0,5,2378,49938,1,1,0,0,1.7246293282369152e-10,True
G04,6,ORACLE,0.1,S0,6,2378,49938,1,1,0,0,1.6484591469634324e-11,True
G04,7,ORACLE,0.1,S0,7,2378,49938,1,1,0,0,2.9331204132176936e-11,True
G04,8,ORACLE,0.1,S0,8,2378,49938,1,1,0,0,1.1959855328314006e-10,True
G04,9,ORACLE,0.1,S0,9,2378,49938,1,1,0,0,1.9554136088117957e-11,True
G04,10,ORACLE,0.1,S0,10,2378,49938,1,1,0,0,1.0913936421275139e-10,True
G04,11,ORACLE,0.1,S0,11,2378,49938,1,1,0,0,3.370814738445915e-11,True
G04,12,ORACLE,0.1,S0,12,2378,49938,1,1,0,0,2.6921043172478676e-10,True
G04,13,ORACLE,0.1,S0,13,2378,49938,1,1,0,0,3.391278369235806e-10,True
G04,14,ORACLE,0.1,S0,14,2378,49938,1,1,0,0,4.3928594095632434e-10,True
G04,15,ORACLE,0.1,S0,15,2378,49938,1,1,0,0,4.945377440890297e-11,True
G04,16,ORACLE,0.1,S0,16,2378,49938,1,1,0,0,2.0480683815549128e-10,True
G04,17,ORACLE,0.1,S0,17,2378,49938,1,1,0,0,4.61000126961153e-11,True
G04,18,ORACLE,0.1,S0,18,2378,49938,1,1,0,0,3.865352482534945e-11,True
G04,19,ORACLE,0.1,S0,19,2378,49938,1,1,0,0,3.0127011996228248e-12,True
G04,20,ORACLE,0.1,S0,20,2378,49938,0,0,0,0,0.0,True
G04,21,ORACLE,0.1,S0,21,2378,49938,1,1,0,0,3.427089723118115e-10,True
G04,22,ORACLE,0.1,S0,22,2378,49938,1,1,0,0,8.571987564209849e-11,True
G04,23,ORACLE,0.1,S0,23,2378,49938,1,1,0,0,1.397211235598661e-10,True
G04,24,ORACLE,0.1,S0,24,2378,49938,1,1,0,0,2.710294211283326e-10,True
G04,25,ORACLE,0.1,S0,25,2378,49938,1,1,0,0,4.0171244108933024e-10,True
G04,26,ORACLE,0.1,S0,26,2378,49938,0,0,0,0,0.0,True
G04,27,ORACLE,0.1,S0,27,2378,49938,1,1,0,0,1.4506440493278205e-10,True
G04,28,ORACLE,0.1,S0,28,2378,49938,0,0,0,0,0.0,True
G04,29,ORACLE,0.1,S0,29,2378,49938,1,1,0,0,4.1382008930668235e-10,True
G04,30,ORACLE,0.1,S0,30,2378,49938,1,1,0,0,2.801243681460619e-10,True
G04,31,ORACLE,0.1,S0,31,2378,49938,1,1,0,0,1.7905676941154525e-11,True
G04,32,ORACLE,0.1,S1,0,2378,49938,1,1,0,0,7.031530913081951e-11,True
G04,33,ORACLE,0.1,S1,1,2378,49938,1,1,0,0,1.0913936421275139e-10,True
G04,34,ORACLE,0.1,S1,2,2378,49938,1,1,0,0,4.644107320928015e-11,True
G04,35,ORACLE,0.1,S1,3,2378,49938,1,1,0,0,8.86757334228605e-12,True
G04,36,ORACLE,0.1,S1,4,2378,49938,1,1,0,0,1.440412233932875e-10,True
G04,37,ORACLE,0.1,S1,5,2378,49938,1,1,0,0,1.7246293282369152e-10,True
G04,38,ORACLE,0.1,S1,6,2378,49938,1,1,0,0,1.6484591469634324e-11,True
G04,39,ORACLE,0.1,S1,7,2378,49938,1,1,0,0,2.9388047551037744e-11,True
G04,40,ORACLE,0.1,S1,8,2378,49938,1,1,0,0,1.1959855328314006e-10,True
G04,41,ORACLE,0.1,S1,9,2378,49938,1,1,0,0,1.9554136088117957e-11,True
G04,42,ORACLE,0.1,S1,10,2378,49938,1,1,0,0,1.0913936421275139e-10,True
G04,43,ORACLE,0.1,S1,11,2378,49938,1,1,0,0,3.370814738445915e-11,True
G04,44,ORACLE,0.1,S1,12,2378,49938,1,1,0,0,2.6921043172478676e-10,True
G04,45,ORACLE,0.1,S1,13,2378,49938,1,1,0,0,3.391278369235806e-10,True
G04,46,ORACLE,0.1,S1,14,2378,49938,1,1,0,0,4.3928594095632434e-10,True
G04,47,ORACLE,0.1,S1,15,2378,49938,1,1,0,0,4.945377440890297e-11,True
G04,48,ORACLE,0.1,S1,16,2378,49938,1,1,0,0,2.0480683815549128e-10,True
G04,49,ORACLE,0.1,S1,17,2378,49938,1,1,0,0,4.61000126961153e-11,True
G04,50,ORACLE,0.1,S1,18,2378,49938,1,1,0,0,3.865352482534945e-11,True
G04,51,ORACLE,0.1,S1,19,2378,49938,1,1,0,0,3.0127011996228248e-12,True
G04,52,ORACLE,0.1,S1,20,2378,49938,0,0,0,0,0.0,True
G04,53,ORACLE,0.1,S1,21,2378,49938,1,1,0,0,3.427089723118115e-10,True
G04,54,ORACLE,0.1,S1,22,2378,49938,1,1,0,0,8.571987564209849e-11,True
G04,55,ORACLE,0.1,S1,23,2378,49938,1,1,0,0,1.3920953279011883e-10,True
G04,56,ORACLE,0.1,S1,24,2378,49938,1,1,0,0,2.70915734290611e-10,True
G04,57,ORACLE,0.1,S1,25,2378,49938,1,1,0,0,4.0171244108933024e-10,True
G04,58,ORACLE,0.1,S1,26,2378,49938,0,0,0,0,0.0,True
G04,59,ORACLE,0.1,S1,27,2378,49938,1,1,0,0,1.4506440493278205e-10,True
G04,60,ORACLE,0.1,S1,28,2378,49938,0,0,0,0,0.0,True
G04,61,ORACLE,0.1,S1,29,2378,49938,1,1,0,0,4.1382008930668235e-10,True
G04,62,ORACLE,0.1,S1,30,2378,49938,1,1,0,0,2.801243681460619e-10,True
G04,63,ORACLE,0.1,S1,31,2378,49938,1,1,0,0,1.7905676941154525e-11,True
G04,64,ORACLE,0.1,S2,0,2378,49938,1,1,0,0,7.008793545537628e-11,True
G04,65,ORACLE,0.1,S2,1,2378,49938,1,1,0,0,1.0913936421275139e-10,True
G04,66,ORACLE,0.1,S2,2,2378,49938,1,1,0,0,4.700950739788823e-11,True
G04,67,ORACLE,0.1,S2,3,2378,49938,1,1,0,0,9.265477274311706e-12,True
G04,68,ORACLE,0.1,S2,4,2378,49938,1,1,0,0,1.4449597074417397e-10,True
G04,69,ORACLE,0.1,S2,5,2378,49938,1,1,0,0,1.7246293282369152e-10,True
G04,70,ORACLE,0.1,S2,6,2378,49938,1,1,0,0,1.6484591469634324e-11,True
G04,71,ORACLE,0.1,S2,7,2378,49938,1,1,0,0,2.9388047551037744e-11,True
G04,72,ORACLE,0.1,S2,8,2378,49938,1,1,0,0,1.1959855328314006e-10,True
G04,73,ORACLE,0.1,S2,9,2378,49938,1,1,0,0,1.9554136088117957e-11,True
G04,74,ORACLE,0.1,S2,10,2378,49938,1,1,0,0,1.0913936421275139e-10,True
G04,75,ORACLE,0.1,S2,11,2378,49938,1,1,0,0,3.370814738445915e-11,True
G04,76,ORACLE,0.1,S2,12,2378,49938,1,1,0,0,2.6909674488706514e-10,True
G04,77,ORACLE,0.1,S2,13,2378,49938,1,1,0,0,3.391278369235806e-10,True
G04,78,ORACLE,0.1,S2,14,2378,49938,1,1,0,0,4.3928594095632434e-10,True
G04,79,ORACLE,0.1,S2,15,2378,49938,1,1,0,0,4.922640073345974e-11,True
G04,80,ORACLE,0.1,S2,16,2378,49938,1,1,0,0,2.0480683815549128e-10,True
G04,81,ORACLE,0.1,S2,17,2378,49938,1,1,0,0,4.61000126961153e-11,True
G04,82,ORACLE,0.1,S2,18,2378,49938,1,1,0,0,3.865352482534945e-11,True
G04,83,ORACLE,0.1,S2,19,2378,49938,1,1,0,0,3.0127011996228248e-12,True
G04,84,ORACLE,0.1,S2,20,2378,49938,0,0,0,0,0.0,True
G04,85,ORACLE,0.1,S2,21,2378,49938,1,1,0,0,3.427089723118115e-10,True
G04,86,ORACLE,0.1,S2,22,2378,49938,1,1,0,0,8.571987564209849e-11,True
G04,87,ORACLE,0.1,S2,23,2378,49938,1,1,0,0,1.397211235598661e-10,True
G04,88,ORACLE,0.1,S2,24,2378,49938,1,1,0,0,2.710294211283326e-10,True
G04,89,ORACLE,0.1,S2,25,2378,49938,1,1,0,0,4.0171244108933024e-10,True
G04,90,ORACLE,0.1,S2,26,2378,49938,0,0,0,0,0.0,True
G04,91,ORACLE,0.1,S2,27,2378,49938,1,1,0,0,1.4506440493278205e-10,True
G04,92,ORACLE,0.1,S2,28,2378,49938,0,0,0,0,0.0,True
G04,93,ORACLE,0.1,S2,29,2378,49938,1,1,0,0,4.1382008930668235e-10,True
G04,94,ORACLE,0.1,S2,30,2378,49938,1,1,0,0,2.801243681460619e-10,True
G04,95,ORACLE,0.1,S2,31,2378,49938,1,1,0,0,1.7905676941154525e-11,True
G04,96,ORACLE,0.1,S3,0,2378,49938,1,1,0,0,6.87805368215777e-11,True
G04,97,ORACLE,0.1,S3,1,2378,49938,1,1,0,0,1.0896883395616896e-10,True
G04,98,ORACLE,0.1,S3,2,2378,49938,1,1,0,0,4.7066350816749036e-11,True
G04,99,ORACLE,0.1,S3,3,2378,49938,1,1,0,0,1.9133494788547978e-10,True
G04,100,ORACLE,0.1,S3,4,2378,49938,1,1,0,0,3.268496584496461e-10,True
G04,101,ORACLE,0.1,S3,5,2378,49938,1,1,0,0,1.7212187231052667e-10,True
G04,102,ORACLE,0.1,S3,6,2378,49938,1,1,0,0,1.6484591469634324e-11,True
G04,103,ORACLE,0.1,S3,7,2378,49938,1,1,0,0,2.9103830456733704e-11,True
G04,104,ORACLE,0.1,S3,8,2378,49938,1,1,0,0,1.198259269585833e-10,True
G04,105,ORACLE,0.1,S3,9,2378,49938,1,1,0,0,1.6257217794191092e-10,True
G04,106,ORACLE,0.1,S3,10,2378,49938,1,1,0,0,1.0902567737502977e-10,True
G04,107,ORACLE,0.1,S3,11,2378,49938,1,1,0,0,3.348077370901592e-11,True
G04,108,ORACLE,0.1,S3,12,2378,49938,1,1,0,0,2.6921043172478676e-10,True
G04,109,ORACLE,0.1,S3,13,2378,49938,1,1,0,0,3.39014150085859e-10,True
G04,110,ORACLE,0.1,S3,14,2378,49938,1,1,0,0,2.5795543479034677e-10,True
G04,111,ORACLE,0.1,S3,15,2378,49938,1,1,0,0,5.03632691106759e-11,True
G04,112,ORACLE,0.1,S3,16,2378,49938,1,1,0,0,2.290789780090563e-11,True
G04,113,ORACLE,0.1,S3,17,2378,49938,1,1,0,0,1.3653789210366085e-10,True
G04,114,ORACLE,0.1,S3,18,2378,49938,1,1,0,0,3.836930773104541e-11,True
G04,115,ORACLE,0.1,S3,19,2378,49938,1,1,0,0,2.9558577807620168e-12,True
G04,116,ORACLE,0.1,S3,20,2378,49938,0,0,0,0,0.0,True
G04,117,ORACLE,0.1,S3,21,2378,49938,1,1,0,0,3.4157210393459536e-10,True
G04,118,ORACLE,0.1,S3,22,2378,49938,1,1,0,0,8.492406777804717e-11,True
G04,119,ORACLE,0.1,S3,23,2378,49938,1,1,0,0,1.3955059330328368e-10,True
G04,120,ORACLE,0.1,S3,24,2378,49938,1,1,0,0,2.710294211283326e-10,True
G04,121,ORACLE,0.1,S3,25,2378,49938,1,1,0,0,4.0091663322527893e-10,True
G04,122,ORACLE,0.1,S3,26,2378,49938,0,0,0,0,0.0,True
G04,123,ORACLE,0.1,S3,27,2378,49938,1,1,0,0,1.4455281416303478e-10,True
G04,124,ORACLE,0.1,S3,28,2378,49938,0,0,0,0,0.0,True
G04,125,ORACLE,0.1,S3,29,2378,49938,1,1,0,0,4.142748366575688e-10,True
G04,126,ORACLE,0.1,S3,30,2378,49938,1,1,0,0,9.799805411603302e-11,True
G04,127,ORACLE,0.1,S3,31,2378,49938,1,1,0,0,1.858779796748422e-11,True
G04,128,ORACLE,0.25,S0,0,2378,49938,1,1,0,0,1.750777300912887e-11,True
G04,129,ORACLE,0.25,S0,1,2378,49938,1,1,0,0,1.4381384971784428e-11,True
G04,130,ORACLE,0.25,S0,2,2378,49938,1,1,0,0,1.9099388737231493e-11,True
G04,131,ORACLE,0.25,S0,3,2378,49938,1,1,0,0,2.5124791136477143e-11,True
G04,132,ORACLE,0.25,S0,4,2378,49938,1,1,0,0,2.2964741219766438e-11,True
G04,133,ORACLE,0.25,S0,5,2378,49938,1,1,0,0,6.59383658785373e-12,True
G04,134,ORACLE,0.25,S0,6,2378,49938,1,1,0,0,3.808509063674137e-11,True
G04,135,ORACLE,0.25,S0,7,2378,49938,1,1,0,0,2.7284841053187847e-12,True
G04,136,ORACLE,0.25,S0,8,2378,49938,1,1,0,0,5.582023732131347e-11,True
G04,137,ORACLE,0.25,S0,9,2378,49938,1,1,0,0,2.1600499167107046e-11,True
G04,138,ORACLE,0.25,S0,10,2378,49938,1,1,0,0,5.263700586510822e-11,True
G04,139,ORACLE,0.25,S0,11,2378,49938,1,1,0,0,3.296918293926865e-12,True
G04,140,ORACLE,0.25,S0,12,2378,49938,1,1,0,0,8.29913915367797e-12,True
G04,141,ORACLE,0.25,S0,13,2378,49938,1,1,0,0,3.2173375075217336e-11,True
G04,142,ORACLE,0.25,S0,14,2378,49938,1,1,0,0,1.887201506178826e-11,True
G04,143,ORACLE,0.25,S0,15,2378,49938,1,1,0,0,1.1368683772161603e-11,True
G04,144,ORACLE,0.25,S0,16,2378,49938,1,1,0,0,1.4210854715202004e-11,True
G04,145,ORACLE,0.25,S0,17,2378,49938,1,1,0,0,1.9326762412674725e-12,True
G04,146,ORACLE,0.25,S0,18,2378,49938,1,1,0,0,5.4569682106375694e-12,True
G04,147,ORACLE,0.25,S0,19,2378,49938,1,1,0,0,1.2164491636212915e-11,True
G04,148,ORACLE,0.25,S0,20,2378,49938,0,0,0,0,0.0,True
G04,149,ORACLE,0.25,S0,21,2378,49938,1,1,0,0,2.1941559680271894e-11,True
G04,150,ORACLE,0.25,S0,22,2378,49938,1,1,0,0,1.722355591482483e-11,True
G04,151,ORACLE,0.25,S0,23,2378,49938,1,1,0,0,4.3655745685100555e-11,True
G04,152,ORACLE,0.25,S0,24,2378,49938,1,1,0,0,6.093614501878619e-11,True
G04,153,ORACLE,0.25,S0,25,2378,49938,1,1,0,0,2.3305801732931286e-12,True
G04,154,ORACLE,0.25,S0,26,2378,49938,0,0,0,0,0.0,True
G04,155,ORACLE,0.25,S0,27,2378,49938,1,1,0,0,2.1373125491663814e-11,True
G04,156,ORACLE,0.25,S0,28,2378,49938,0,0,0,0,0.0,True
G04,157,ORACLE,0.25,S0,29,2378,49938,1,1,0,0,2.2737367544323206e-12,True
G04,158,ORACLE,0.25,S0,30,2378,49938,1,1,0,0,2.4783730623312294e-11,True
G04,159,ORACLE,0.25,S0,31,2378,49938,1,1,0,0,1.1823431123048067e-11,True
G04,160,ORACLE,0.25,S1,0,2378,49938,1,1,0,0,1.750777300912887e-11,True
G04,161,ORACLE,0.25,S1,1,2378,49938,1,1,0,0,1.4381384971784428e-11,True
G04,162,ORACLE,0.25,S1,2,2378,49938,1,1,0,0,1.8985701899509877e-11,True
G04,163,ORACLE,0.25,S1,3,2378,49938,1,1,0,0,2.4783730623312294e-11,True
G04,164,ORACLE,0.25,S1,4,2378,49938,1,1,0,0,2.2964741219766438e-11,True
G04,165,ORACLE,0.25,S1,5,2378,49938,1,1,0,0,6.59383658785373e-12,True
G04,166,ORACLE,0.25,S1,6,2378,49938,1,1,0,0,3.808509063674137e-11,True
G04,167,ORACLE,0.25,S1,7,2378,49938,1,1,0,0,2.7284841053187847e-12,True
G04,168,ORACLE,0.25,S1,8,2378,49938,1,1,0,0,5.5706550483591855e-11,True
G04,169,ORACLE,0.25,S1,9,2378,49938,1,1,0,0,2.1600499167107046e-11,True
G04,170,ORACLE,0.25,S1,10,2378,49938,1,1,0,0,5.263700586510822e-11,True
G04,171,ORACLE,0.25,S1,11,2378,49938,1,1,0,0,3.296918293926865e-12,True
G04,172,ORACLE,0.25,S1,12,2378,49938,1,1,0,0,8.29913915367797e-12,True
G04,173,ORACLE,0.25,S1,13,2378,49938,1,1,0,0,3.2173375075217336e-11,True
G04,174,ORACLE,0.25,S1,14,2378,49938,1,1,0,0,1.887201506178826e-11,True
G04,175,ORACLE,0.25,S1,15,2378,49938,1,1,0,0,1.1368683772161603e-11,True
G04,176,ORACLE,0.25,S1,16,2378,49938,1,1,0,0,1.460875864722766e-11,True
G04,177,ORACLE,0.25,S1,17,2378,49938,1,1,0,0,1.9326762412674725e-12,True
G04,178,ORACLE,0.25,S1,18,2378,49938,1,1,0,0,5.4569682106375694e-12,True
G04,179,ORACLE,0.25,S1,19,2378,49938,1,1,0,0,1.2278178473934531e-11,True
G04,180,ORACLE,0.25,S1,20,2378,49938,0,0,0,0,0.0,True
G04,181,ORACLE,0.25,S1,21,2378,49938,1,1,0,0,2.177102942368947e-11,True
G04,182,ORACLE,0.25,S1,22,2378,49938,1,1,0,0,1.722355591482483e-11,True
G04,183,ORACLE,0.25,S1,23,2378,49938,1,1,0,0,4.3655745685100555e-11,True
G04,184,ORACLE,0.25,S1,24,2378,49938,1,1,0,0,6.104983185650781e-11,True
G04,185,ORACLE,0.25,S1,25,2378,49938,1,1,0,0,2.3305801732931286e-12,True
G04,186,ORACLE,0.25,S1,26,2378,49938,0,0,0,0,0.0,True
G04,187,ORACLE,0.25,S1,27,2378,49938,1,1,0,0,2.1373125491663814e-11,True
G04,188,ORACLE,0.25,S1,28,2378,49938,0,0,0,0,0.0,True
G04,189,ORACLE,0.25,S1,29,2378,49938,1,1,0,0,2.2737367544323206e-12,True
G04,190,ORACLE,0.25,S1,30,2378,49938,1,1,0,0,2.4783730623312294e-11,True
G04,191,ORACLE,0.25,S1,31,2378,49938,1,1,0,0,1.1993961379630491e-11,True
G04,192,ORACLE,0.25,S2,0,2378,49938,1,1,0,0,1.750777300912887e-11,True
G04,193,ORACLE,0.25,S2,1,2378,49938,1,1,0,0,1.4381384971784428e-11,True
G04,194,ORACLE,0.25,S2,2,2378,49938,1,1,0,0,1.8985701899509877e-11,True
G04,195,ORACLE,0.25,S2,3,2378,49938,1,1,0,0,2.523847797419876e-11,True
G04,196,ORACLE,0.25,S2,4,2378,49938,1,1,0,0,2.2964741219766438e-11,True
G04,197,ORACLE,0.25,S2,5,2378,49938,1,1,0,0,6.59383658785373e-12,True
G04,198,ORACLE,0.25,S2,6,2378,49938,1,1,0,0,3.842615114990622e-11,True
G04,199,ORACLE,0.25,S2,7,2378,49938,1,1,0,0,2.7284841053187847e-12,True
G04,200,ORACLE,0.25,S2,8,2378,49938,1,1,0,0,5.582023732131347e-11,True
G04,201,ORACLE,0.25,S2,9,2378,49938,1,1,0,0,2.148681232938543e-11,True
G04,202,ORACLE,0.25,S2,10,2378,49938,1,1,0,0,5.263700586510822e-11,True
G04,203,ORACLE,0.25,S2,11,2378,49938,1,1,0,0,3.296918293926865e-12,True
G04,204,ORACLE,0.25,S2,12,2378,49938,1,1,0,0,8.29913915367797e-12,True
G04,205,ORACLE,0.25,S2,13,2378,49938,1,1,0,0,3.2173375075217336e-11,True
G04,206,ORACLE,0.25,S2,14,2378,49938,1,1,0,0,1.887201506178826e-11,True
G04,207,ORACLE,0.25,S2,15,2378,49938,1,1,0,0,1.1368683772161603e-11,True
G04,208,ORACLE,0.25,S2,16,2378,49938,1,1,0,0,1.4097167877480388e-11,True
G04,209,ORACLE,0.25,S2,17,2378,49938,1,1,0,0,1.9326762412674725e-12,True
G04,210,ORACLE,0.25,S2,18,2378,49938,1,1,0,0,5.4569682106375694e-12,True
G04,211,ORACLE,0.25,S2,19,2378,49938,1,1,0,0,1.2164491636212915e-11,True
G04,212,ORACLE,0.25,S2,20,2378,49938,0,0,0,0,0.0,True
G04,213,ORACLE,0.25,S2,21,2378,49938,1,1,0,0,2.1941559680271894e-11,True
G04,214,ORACLE,0.25,S2,22,2378,49938,1,1,0,0,1.722355591482483e-11,True
G04,215,ORACLE,0.25,S2,23,2378,49938,1,1,0,0,1.4495071809506044e-11,True
G04,216,ORACLE,0.25,S2,24,2378,49938,1,1,0,0,6.093614501878619e-11,True
G04,217,ORACLE,0.25,S2,25,2378,49938,1,1,0,0,2.3305801732931286e-12,True
G04,218,ORACLE,0.25,S2,26,2378,49938,0,0,0,0,0.0,True
G04,219,ORACLE,0.25,S2,27,2378,49938,1,1,0,0,2.1373125491663814e-11,True
G04,220,ORACLE,0.25,S2,28,2378,49938,0,0,0,0,0.0,True
G04,221,ORACLE,0.25,S2,29,2378,49938,1,1,0,0,2.5011104298755527e-12,True
G04,222,ORACLE,0.25,S2,30,2378,49938,1,1,0,0,2.4783730623312294e-11,True
G04,223,ORACLE,0.25,S2,31,2378,49938,1,1,0,0,1.1823431123048067e-11,True
G04,224,ORACLE,0.25,S3,0,2378,49938,1,1,0,0,1.7337242752546445e-11,True
G04,225,ORACLE,0.25,S3,1,2378,49938,1,1,0,0,1.4210854715202004e-11,True
G04,226,ORACLE,0.25,S3,2,2378,49938,1,1,0,0,1.9099388737231493e-11,True
G04,227,ORACLE,0.25,S3,3,2378,49938,1,1,0,0,2.495426087989472e-11,True
G04,228,ORACLE,0.25,S3,4,2378,49938,1,1,0,0,2.3078428057488054e-11,True
G04,229,ORACLE,0.25,S3,5,2378,49938,1,1,0,0,6.707523425575346e-12,True
G04,230,ORACLE,0.25,S3,6,2378,49938,1,1,0,0,3.865352482534945e-11,True
G04,231,ORACLE,0.25,S3,7,2378,49938,1,1,0,0,2.8421709430404007e-12,True
G04,232,ORACLE,0.25,S3,8,2378,49938,1,1,0,0,5.582023732131347e-11,True
G04,233,ORACLE,0.25,S3,9,2378,49938,1,1,0,0,2.148681232938543e-11,True
G04,234,ORACLE,0.25,S3,10,2378,49938,1,1,0,0,5.263700586510822e-11,True
G04,235,ORACLE,0.25,S3,11,2378,49938,1,1,0,0,3.410605131648481e-12,True
G04,236,ORACLE,0.25,S3,12,2378,49938,1,1,0,0,8.526512829121202e-12,True
G04,237,ORACLE,0.25,S3,13,2378,49938,1,1,0,0,3.205968823749572e-11,True
G04,238,ORACLE,0.25,S3,14,2378,49938,1,1,0,0,1.0345502232667059e-11,True
G04,239,ORACLE,0.25,S3,15,2378,49938,1,1,0,0,1.1254996934439987e-11,True
G04,240,ORACLE,0.25,S3,16,2378,49938,1,1,0,0,1.4210854715202004e-11,True
G04,241,ORACLE,0.25,S3,17,2378,49938,1,1,0,0,1.8189894035458565e-12,True
G04,242,ORACLE,0.25,S3,18,2378,49938,1,1,0,0,5.229594535194337e-12,True
G04,243,ORACLE,0.25,S3,19,2378,49938,1,1,0,0,1.2391865311656147e-11,True
G04,244,ORACLE,0.25,S3,20,2378,49938,0,0,0,0,0.0,True
G04,245,ORACLE,0.25,S3,21,2378,49938,1,1,0,0,2.1827872842550278e-11,True
G04,246,ORACLE,0.25,S3,22,2378,49938,1,1,0,0,1.2050804798491299e-11,True
G04,247,ORACLE,0.25,S3,23,2378,49938,1,1,0,0,4.354205884737894e-11,True
G04,248,ORACLE,0.25,S3,24,2378,49938,1,1,0,0,6.093614501878619e-11,True
G04,249,ORACLE,0.25,S3,25,2378,49938,1,1,0,0,2.1032064978498966e-12,True
G04,250,ORACLE,0.25,S3,26,2378,49938,0,0,0,0,0.0,True
G04,251,ORACLE,0.25,S3,27,2378,49938,1,1,0,0,2.1373125491663814e-11,True
G04,252,ORACLE,0.25,S3,28,2378,49938,0,0,0,0,0.0,True
G04,253,ORACLE,0.25,S3,29,2378,49938,1,1,0,0,2.2737367544323206e-12,True
G04,254,ORACLE,0.25,S3,30,2378,49938,1,1,0,0,4.092726157978177e-12,True
G04,255,ORACLE,0.25,S3,31,2378,49938,1,1,0,0,1.1766587704187259e-11,True
G04,256,ORACLE,0.5,S0,0,2378,49938,1,1,0,0,4.263256414560601e-12,True
G04,257,ORACLE,0.5,S0,1,2378,49938,1,1,0,0,3.410605131648481e-13,True
G04,258,ORACLE,0.5,S0,2,2378,49938,1,1,0,0,3.694822225952521e-12,True
G04,259,ORACLE,0.5,S0,3,2378,49938,1,1,0,0,5.8548721426632255e-12,True
G04,260,ORACLE,0.5,S0,4,2378,49938,1,1,0,0,7.275957614183426e-12,True
G04,261,ORACLE,0.5,S0,5,2378,49938,1,1,0,0,6.821210263296962e-13,True
G04,262,ORACLE,0.5,S0,6,2378,49938,1,1,0,0,8.697043085703626e-12,True
G04,263,ORACLE,0.5,S0,7,2378,49938,1,1,0,0,6.423306331271306e-12,True
G04,264,ORACLE,0.5,S0,8,2378,49938,1,1,0,0,1.2278178473934531e-11,True
G04,265,ORACLE,0.5,S0,9,2378,49938,1,1,0,0,8.071765478234738e-12,True
G04,266,ORACLE,0.5,S0,10,2378,49938,1,1,0,0,5.9117155615240335e-12,True
G04,267,ORACLE,0.5,S0,11,2378,49938,1,1,0,0,4.547473508864641e-12,True
G04,268,ORACLE,0.5,S0,12,2378,49938,1,1,0,0,7.844391802791506e-12,True
G04,269,ORACLE,0.5,S0,13,2378,49938,1,1,0,0,4.774847184307873e-12,True
G04,270,ORACLE,0.5,S0,14,2378,49938,1,1,0,0,3.296918293926865e-12,True
G04,271,ORACLE,0.5,S0,15,2378,49938,1,1,0,0,2.2737367544323206e-12,True
G04,272,ORACLE,0.5,S0,16,2378,49938,1,1,0,0,1.432454155292362e-11,True
G04,273,ORACLE,0.5,S0,17,2378,49938,1,1,0,0,1.5518253349000588e-11,True
G04,274,ORACLE,0.5,S0,18,2378,49938,1,1,0,0,1.6427748050773516e-11,True
G04,275,ORACLE,0.5,S0,19,2378,49938,1,1,0,0,2.7284841053187847e-12,True
G04,276,ORACLE,0.5,S0,20,2378,49938,0,0,0,0,0.0,True
G04,277,ORACLE,0.5,S0,21,2378,49938,1,1,0,0,7.958078640513122e-12,True
G04,278,ORACLE,0.5,S0,22,2378,49938,1,1,0,0,1.1141310096718371e-11,True
G04,279,ORACLE,0.5,S0,23,2378,49938,1,1,0,0,8.469669410260394e-12,True
G04,280,ORACLE,0.5,S0,24,2378,49938,1,1,0,0,3.069544618483633e-12,True
G04,281,ORACLE,0.5,S0,25,2378,49938,1,1,0,0,1.63140612130519e-11,True
G04,282,ORACLE,0.5,S0,26,2378,49938,0,0,0,0,0.0,True
G04,283,ORACLE,0.5,S0,27,2378,49938,1,1,0,0,7.332801033044234e-12,True
G04,284,ORACLE,0.5,S0,28,2378,49938,0,0,0,0,0.0,True
G04,285,ORACLE,0.5,S0,29,2378,49938,1,1,0,0,1.4097167877480388e-11,True
G04,286,ORACLE,0.5,S0,30,2378,49938,1,1,0,0,9.777068044058979e-12,True
G04,287,ORACLE,0.5,S0,31,2378,49938,1,1,0,0,5.9117155615240335e-12,True
G04,288,ORACLE,0.5,S1,0,2378,49938,1,1,0,0,4.433786671143025e-12,True
G04,289,ORACLE,0.5,S1,1,2378,49938,1,1,0,0,2.8421709430404007e-13,True
G04,290,ORACLE,0.5,S1,2,2378,49938,1,1,0,0,3.694822225952521e-12,True
G04,291,ORACLE,0.5,S1,3,2378,49938,1,1,0,0,5.8548721426632255e-12,True
G04,292,ORACLE,0.5,S1,4,2378,49938,1,1,0,0,7.275957614183426e-12,True
G04,293,ORACLE,0.5,S1,5,2378,49938,1,1,0,0,5.684341886080801e-13,True
G04,294,ORACLE,0.5,S1,6,2378,49938,1,1,0,0,8.86757334228605e-12,True
G04,295,ORACLE,0.5,S1,7,2378,49938,1,1,0,0,6.30961949354969e-12,True
G04,296,ORACLE,0.5,S1,8,2378,49938,1,1,0,0,1.2278178473934531e-11,True
G04,297,ORACLE,0.5,S1,9,2378,49938,1,1,0,0,8.071765478234738e-12,True
G04,298,ORACLE,0.5,S1,10,2378,49938,1,1,0,0,6.0254023992456496e-12,True
G04,299,ORACLE,0.5,S1,11,2378,49938,1,1,0,0,4.433786671143025e-12,True
G04,300,ORACLE,0.5,S1,12,2378,49938,1,1,0,0,7.844391802791506e-12,True
G04,301,ORACLE,0.5,S1,13,2378,49938,1,1,0,0,4.774847184307873e-12,True
G04,302,ORACLE,0.5,S1,14,2378,49938,1,1,0,0,3.069544618483633e-12,True
G04,303,ORACLE,0.5,S1,15,2378,49938,1,1,0,0,2.2737367544323206e-12,True
G04,304,ORACLE,0.5,S1,16,2378,49938,1,1,0,0,1.4267698134062812e-11,True
G04,305,ORACLE,0.5,S1,17,2378,49938,1,1,0,0,1.5518253349000588e-11,True
G04,306,ORACLE,0.5,S1,18,2378,49938,1,1,0,0,1.6427748050773516e-11,True
G04,307,ORACLE,0.5,S1,19,2378,49938,1,1,0,0,2.7284841053187847e-12,True
G04,308,ORACLE,0.5,S1,20,2378,49938,0,0,0,0,0.0,True
G04,309,ORACLE,0.5,S1,21,2378,49938,1,1,0,0,7.958078640513122e-12,True
G04,310,ORACLE,0.5,S1,22,2378,49938,1,1,0,0,1.1141310096718371e-11,True
G04,311,ORACLE,0.5,S1,23,2378,49938,1,1,0,0,8.526512829121202e-12,True
G04,312,ORACLE,0.5,S1,24,2378,49938,1,1,0,0,1.0345502232667059e-11,True
G04,313,ORACLE,0.5,S1,25,2378,49938,1,1,0,0,1.6370904631912708e-11,True
G04,314,ORACLE,0.5,S1,26,2378,49938,0,0,0,0,0.0,True
G04,315,ORACLE,0.5,S1,27,2378,49938,1,1,0,0,7.332801033044234e-12,True
G04,316,ORACLE,0.5,S1,28,2378,49938,0,0,0,0,0.0,True
G04,317,ORACLE,0.5,S1,29,2378,49938,1,1,0,0,1.4097167877480388e-11,True
G04,318,ORACLE,0.5,S1,30,2378,49938,1,1,0,0,9.777068044058979e-12,True
G04,319,ORACLE,0.5,S1,31,2378,49938,1,1,0,0,5.9117155615240335e-12,True
G04,320,ORACLE,0.5,S2,0,2378,49938,1,1,0,0,4.320099833421409e-12,True
G04,321,ORACLE,0.5,S2,1,2378,49938,1,1,0,0,3.410605131648481e-13,True
G04,322,ORACLE,0.5,S2,2,2378,49938,1,1,0,0,3.694822225952521e-12,True
G04,323,ORACLE,0.5,S2,3,2378,49938,1,1,0,0,5.7980287238024175e-12,True
G04,324,ORACLE,0.5,S2,4,2378,49938,1,1,0,0,7.16227077646181e-12,True
G04,325,ORACLE,0.5,S2,5,2378,49938,1,1,0,0,6.821210263296962e-13,True
G04,326,ORACLE,0.5,S2,6,2378,49938,1,1,0,0,8.86757334228605e-12,True
G04,327,ORACLE,0.5,S2,7,2378,49938,1,1,0,0,6.423306331271306e-12,True
G04,328,ORACLE,0.5,S2,8,2378,49938,1,1,0,0,1.2278178473934531e-11,True
G04,329,ORACLE,0.5,S2,9,2378,49938,1,1,0,0,8.071765478234738e-12,True
G04,330,ORACLE,0.5,S2,10,2378,49938,1,1,0,0,5.9117155615240335e-12,True
G04,331,ORACLE,0.5,S2,11,2378,49938,1,1,0,0,4.547473508864641e-12,True
G04,332,ORACLE,0.5,S2,12,2378,49938,1,1,0,0,7.844391802791506e-12,True
G04,333,ORACLE,0.5,S2,13,2378,49938,1,1,0,0,1.1937117960769683e-11,True
G04,334,ORACLE,0.5,S2,14,2378,49938,1,1,0,0,3.183231456205249e-12,True
G04,335,ORACLE,0.5,S2,15,2378,49938,1,1,0,0,2.3305801732931286e-12,True
G04,336,ORACLE,0.5,S2,16,2378,49938,1,1,0,0,1.432454155292362e-11,True
G04,337,ORACLE,0.5,S2,17,2378,49938,1,1,0,0,1.5518253349000588e-11,True
G04,338,ORACLE,0.5,S2,18,2378,49938,1,1,0,0,9.15179043659009e-12,True
G04,339,ORACLE,0.5,S2,19,2378,49938,1,1,0,0,2.7284841053187847e-12,True
G04,340,ORACLE,0.5,S2,20,2378,49938,0,0,0,0,0.0,True
G04,341,ORACLE,0.5,S2,21,2378,49938,1,1,0,0,7.958078640513122e-12,True
G04,342,ORACLE,0.5,S2,22,2378,49938,1,1,0,0,3.751665644813329e-12,True
G04,343,ORACLE,0.5,S2,23,2378,49938,1,1,0,0,1.5575096767861396e-11,True
G04,344,ORACLE,0.5,S2,24,2378,49938,1,1,0,0,3.183231456205249e-12,True
G04,345,ORACLE,0.5,S2,25,2378,49938,1,1,0,0,8.981260180007666e-12,True
G04,346,ORACLE,0.5,S2,26,2378,49938,0,0,0,0,0.0,True
G04,347,ORACLE,0.5,S2,27,2378,49938,1,1,0,0,7.332801033044234e-12,True
G04,348,ORACLE,0.5,S2,28,2378,49938,0,0,0,0,0.0,True
G04,349,ORACLE,0.5,S2,29,2378,49938,1,1,0,0,1.4097167877480388e-11,True
G04,350,ORACLE,0.5,S2,30,2378,49938,1,1,0,0,9.777068044058979e-12,True
G04,351,ORACLE,0.5,S2,31,2378,49938,1,1,0,0,5.9117155615240335e-12,True
G04,352,ORACLE,0.5,S3,0,2378,49938,1,1,0,0,3.979039320256561e-12,True
G04,353,ORACLE,0.5,S3,1,2378,49938,1,1,0,0,3.410605131648481e-13,True
G04,354,ORACLE,0.5,S3,2,2378,49938,1,1,0,0,3.637978807091713e-12,True
G04,355,ORACLE,0.5,S3,3,2378,49938,1,1,0,0,5.7411853049416095e-12,True
G04,356,ORACLE,0.5,S3,4,2378,49938,1,1,0,0,2.2737367544323206e-13,True
G04,357,ORACLE,0.5,S3,5,2378,49938,1,1,0,0,5.684341886080801e-13,True
G04,358,ORACLE,0.5,S3,6,2378,49938,1,1,0,0,8.753886504564434e-12,True
G04,359,ORACLE,0.5,S3,7,2378,49938,1,1,0,0,9.663381206337363e-13,True
G04,360,ORACLE,0.5,S3,8,2378,49938,1,1,0,0,1.2391865311656147e-11,True
G04,361,ORACLE,0.5,S3,9,2378,49938,1,1,0,0,7.958078640513122e-13,True
G04,362,ORACLE,0.5,S3,10,2378,49938,1,1,0,0,5.9117155615240335e-12,True
G04,363,ORACLE,0.5,S3,11,2378,49938,1,1,0,0,4.547473508864641e-12,True
G04,364,ORACLE,0.5,S3,12,2378,49938,1,1,0,0,7.958078640513122e-12,True
G04,365,ORACLE,0.5,S3,13,2378,49938,1,1,0,0,1.2050804798491299e-11,True
G04,366,ORACLE,0.5,S3,14,2378,49938,1,1,0,0,3.183231456205249e-12,True
G04,367,ORACLE,0.5,S3,15,2378,49938,1,1,0,0,2.1600499167107046e-12,True
G04,368,ORACLE,0.5,S3,16,2378,49938,1,1,0,0,1.432454155292362e-11,True
G04,369,ORACLE,0.5,S3,17,2378,49938,1,1,0,0,1.5347723092418164e-11,True
G04,370,ORACLE,0.5,S3,18,2378,49938,1,1,0,0,9.208633855450898e-12,True
G04,371,ORACLE,0.5,S3,19,2378,49938,1,1,0,0,2.6147972675971687e-12,True
G04,372,ORACLE,0.5,S3,20,2378,49938,0,0,0,0,0.0,True
G04,373,ORACLE,0.5,S3,21,2378,49938,1,1,0,0,8.071765478234738e-12,True
G04,374,ORACLE,0.5,S3,22,2378,49938,1,1,0,0,3.979039320256561e-12,True
G04,375,ORACLE,0.5,S3,23,2378,49938,1,1,0,0,1.546140993013978e-11,True
G04,376,ORACLE,0.5,S3,24,2378,49938,1,1,0,0,4.092726157978177e-12,True
G04,377,ORACLE,0.5,S3,25,2378,49938,1,1,0,0,8.86757334228605e-12,True
G04,378,ORACLE,0.5,S3,26,2378,49938,0,0,0,0,0.0,True
G04,379,ORACLE,0.5,S3,27,2378,49938,1,1,0,0,7.503331289626658e-12,True
G04,380,ORACLE,0.5,S3,28,2378,49938,0,0,0,0,0.0,True
G04,381,ORACLE,0.5,S3,29,2378,49938,1,1,0,0,1.3983481039758772e-11,True
G04,382,ORACLE,0.5,S3,30,2378,49938,1,1,0,0,9.890754881780595e-12,True
G04,383,ORACLE,0.5,S3,31,2378,49938,1,1,0,0,5.7980287238024175e-12,True
G05,0,M0,0.1,S0,0,2873,60333,1,1,0,0,3.255422598158475e-10,True
G05,1,M0,0.1,S0,1,2873,60333,1,1,0,0,4.771436579176225e-10,True
G05,2,M0,0.1,S0,2,2873,60333,1,1,0,0,1.7428192222723737e-10,True
G05,3,M0,0.1,S0,3,2873,60333,1,1,0,0,8.230927051045e-11,True
G05,4,M0,0.1,S0,4,2873,60333,1,1,0,0,2.333422344236169e-10,True
G05,5,M0,0.1,S0,5,2873,60333,1,1,0,0,1.5586465451633558e-10,True
G05,6,M0,0.1,S0,6,2873,60333,1,1,0,0,5.682068149326369e-10,True
G05,7,M0,0.1,S0,7,2873,60333,1,1,0,0,5.877609510207549e-10,True
G05,8,M0,0.1,S0,8,2873,60333,1,1,0,0,3.154809746774845e-11,True
G05,9,M0,0.1,S0,9,2873,60333,1,1,0,0,1.0606981959426776e-10,True
G05,10,M0,0.1,S0,10,2873,60333,1,1,0,0,5.991864782117773e-10,True
G05,11,M0,0.1,S0,11,2873,60333,1,1,0,0,5.718447937397286e-11,True
G05,12,M0,0.1,S0,12,2873,60333,1,1,0,0,8.446932042716071e-11,True
G05,13,M0,0.1,S0,13,2873,60333,1,1,0,0,1.8968648873851635e-10,True
G05,14,M0,0.1,S0,14,2873,60333,1,1,0,0,1.2738610166707076e-10,True
G05,15,M0,0.1,S0,15,2873,60333,1,1,0,0,2.04295247385744e-10,True
G05,16,M0,0.1,S0,16,2873,60333,1,1,0,0,5.895799404243007e-10,True
G05,17,M0,0.1,S0,17,2873,60333,1,1,0,0,2.0509105524979532e-10,True
G05,18,M0,0.1,S0,18,2873,60333,1,1,0,0,1.3142198440618813e-10,True
G05,19,M0,0.1,S0,19,2873,60333,1,1,0,0,4.001776687800884e-11,True
G05,20,M0,0.1,S0,20,2873,60333,1,1,0,0,1.7462298274040222e-10,True
G05,21,M0,0.1,S0,21,2873,60333,1,1,0,0,3.0877345125190914e-10,True
G05,22,M0,0.1,S0,22,2873,60333,1,1,0,0,4.18367562815547e-10,True
G05,23,M0,0.1,S0,23,2873,60333,1,1,0,0,3.9665337681071833e-10,True
G05,24,M0,0.1,S0,24,2873,60333,1,1,0,0,9.708855941426009e-11,True
G05,25,M0,0.1,S0,25,2873,60333,1,1,0,0,1.9406343199079856e-10,True
G05,26,M0,0.1,S0,26,2873,60333,1,1,0,0,5.94241100770887e-10,True
G05,27,M0,0.1,S0,27,2873,60333,1,1,0,0,2.615934135974385e-10,True
G05,28,M0,0.1,S0,28,2873,60333,1,1,0,0,2.8342128643998876e-10,True
G05,29,M0,0.1,S0,29,2873,60333,1,1,0,0,4.504272510530427e-10,True
G05,30,M0,0.1,S0,30,2873,60333,1,1,0,0,1.3699263945454732e-11,True
G05,31,M0,0.1,S0,31,2873,60333,1,1,0,0,1.1380052455933765e-10,True
G05,32,M0,0.1,S1,0,2873,60333,0,0,0,0,0.0,True
G05,33,M0,0.1,S1,1,2873,60333,0,0,0,0,0.0,True
G05,34,M0,0.1,S1,2,2873,60333,0,0,0,0,0.0,True
G05,35,M0,0.1,S1,3,2873,60333,0,0,0,0,0.0,True
G05,36,M0,0.1,S1,4,2873,60333,0,0,0,0,0.0,True
G05,37,M0,0.1,S1,5,2873,60333,0,0,0,0,0.0,True
G05,38,M0,0.1,S1,6,2873,60333,0,0,0,0,0.0,True
G05,39,M0,0.1,S1,7,2873,60333,0,0,0,0,0.0,True
G05,40,M0,0.1,S1,8,2873,60333,0,0,0,0,0.0,True
G05,41,M0,0.1,S1,9,2873,60333,0,0,0,0,0.0,True
G05,42,M0,0.1,S1,10,2873,60333,0,0,0,0,0.0,True
G05,43,M0,0.1,S1,11,2873,60333,0,0,0,0,0.0,True
G05,44,M0,0.1,S1,12,2873,60333,0,0,0,0,0.0,True
G05,45,M0,0.1,S1,13,2873,60333,0,0,0,0,0.0,True
G05,46,M0,0.1,S1,14,2873,60333,0,0,0,0,0.0,True
G05,47,M0,0.1,S1,15,2873,60333,0,0,0,0,0.0,True
G05,48,M0,0.1,S1,16,2873,60333,0,0,0,0,0.0,True
G05,49,M0,0.1,S1,17,2873,60333,0,0,0,0,0.0,True
G05,50,M0,0.1,S1,18,2873,60333,0,0,0,0,0.0,True
G05,51,M0,0.1,S1,19,2873,60333,0,0,0,0,0.0,True
G05,52,M0,0.1,S1,20,2873,60333,0,0,0,0,0.0,True
G05,53,M0,0.1,S1,21,2873,60333,0,0,0,0,0.0,True
G05,54,M0,0.1,S1,22,2873,60333,0,0,0,0,0.0,True
G05,55,M0,0.1,S1,23,2873,60333,0,0,0,0,0.0,True
G05,56,M0,0.1,S1,24,2873,60333,0,0,0,0,0.0,True
G05,57,M0,0.1,S1,25,2873,60333,0,0,0,0,0.0,True
G05,58,M0,0.1,S1,26,2873,60333,0,0,0,0,0.0,True
G05,59,M0,0.1,S1,27,2873,60333,0,0,0,0,0.0,True
G05,60,M0,0.1,S1,28,2873,60333,0,0,0,0,0.0,True
G05,61,M0,0.1,S1,29,2873,60333,0,0,0,0,0.0,True
G05,62,M0,0.1,S1,30,2873,60333,0,0,0,0,0.0,True
G05,63,M0,0.1,S1,31,2873,60333,0,0,0,0,0.0,True
G05,64,M0,0.1,S2,0,2873,60333,0,0,0,0,0.0,True
G05,65,M0,0.1,S2,1,2873,60333,0,0,0,0,0.0,True
G05,66,M0,0.1,S2,2,2873,60333,0,0,0,0,0.0,True
G05,67,M0,0.1,S2,3,2873,60333,0,0,0,0,0.0,True
G05,68,M0,0.1,S2,4,2873,60333,0,0,0,0,0.0,True
G05,69,M0,0.1,S2,5,2873,60333,0,0,0,0,0.0,True
G05,70,M0,0.1,S2,6,2873,60333,0,0,0,0,0.0,True
G05,71,M0,0.1,S2,7,2873,60333,0,0,0,0,0.0,True
G05,72,M0,0.1,S2,8,2873,60333,0,0,0,0,0.0,True
G05,73,M0,0.1,S2,9,2873,60333,0,0,0,0,0.0,True
G05,74,M0,0.1,S2,10,2873,60333,0,0,0,0,0.0,True
G05,75,M0,0.1,S2,11,2873,60333,0,0,0,0,0.0,True
G05,76,M0,0.1,S2,12,2873,60333,0,0,0,0,0.0,True
G05,77,M0,0.1,S2,13,2873,60333,0,0,0,0,0.0,True
G05,78,M0,0.1,S2,14,2873,60333,0,0,0,0,0.0,True
G05,79,M0,0.1,S2,15,2873,60333,0,0,0,0,0.0,True
G05,80,M0,0.1,S2,16,2873,60333,0,0,0,0,0.0,True
G05,81,M0,0.1,S2,17,2873,60333,0,0,0,0,0.0,True
G05,82,M0,0.1,S2,18,2873,60333,0,0,0,0,0.0,True
G05,83,M0,0.1,S2,19,2873,60333,0,0,0,0,0.0,True
G05,84,M0,0.1,S2,20,2873,60333,0,0,0,0,0.0,True
G05,85,M0,0.1,S2,21,2873,60333,0,0,0,0,0.0,True
G05,86,M0,0.1,S2,22,2873,60333,0,0,0,0,0.0,True
G05,87,M0,0.1,S2,23,2873,60333,0,0,0,0,0.0,True
G05,88,M0,0.1,S2,24,2873,60333,0,0,0,0,0.0,True
G05,89,M0,0.1,S2,25,2873,60333,0,0,0,0,0.0,True
G05,90,M0,0.1,S2,26,2873,60333,0,0,0,0,0.0,True
G05,91,M0,0.1,S2,27,2873,60333,0,0,0,0,0.0,True
G05,92,M0,0.1,S2,28,2873,60333,0,0,0,0,0.0,True
G05,93,M0,0.1,S2,29,2873,60333,0,0,0,0,0.0,True
G05,94,M0,0.1,S2,30,2873,60333,0,0,0,0,0.0,True
G05,95,M0,0.1,S2,31,2873,60333,0,0,0,0,0.0,True
G05,96,M0,0.1,S3,0,2873,60333,0,0,0,0,0.0,True
G05,97,M0,0.1,S3,1,2873,60333,0,0,0,0,0.0,True
G05,98,M0,0.1,S3,2,2873,60333,0,0,0,0,0.0,True
G05,99,M0,0.1,S3,3,2873,60333,0,0,0,0,0.0,True
G05,100,M0,0.1,S3,4,2873,60333,0,0,0,0,0.0,True
G05,101,M0,0.1,S3,5,2873,60333,0,0,0,0,0.0,True
G05,102,M0,0.1,S3,6,2873,60333,0,0,0,0,0.0,True
G05,103,M0,0.1,S3,7,2873,60333,0,0,0,0,0.0,True
G05,104,M0,0.1,S3,8,2873,60333,0,0,0,0,0.0,True
G05,105,M0,0.1,S3,9,2873,60333,0,0,0,0,0.0,True
G05,106,M0,0.1,S3,10,2873,60333,0,0,0,0,0.0,True
G05,107,M0,0.1,S3,11,2873,60333,0,0,0,0,0.0,True
G05,108,M0,0.1,S3,12,2873,60333,0,0,0,0,0.0,True
G05,109,M0,0.1,S3,13,2873,60333,0,0,0,0,0.0,True
G05,110,M0,0.1,S3,14,2873,60333,0,0,0,0,0.0,True
G05,111,M0,0.1,S3,15,2873,60333,0,0,0,0,0.0,True
G05,112,M0,0.1,S3,16,2873,60333,0,0,0,0,0.0,True
G05,113,M0,0.1,S3,17,2873,60333,0,0,0,0,0.0,True
G05,114,M0,0.1,S3,18,2873,60333,0,0,0,0,0.0,True
G05,115,M0,0.1,S3,19,2873,60333,0,0,0,0,0.0,True
G05,116,M0,0.1,S3,20,2873,60333,0,0,0,0,0.0,True
G05,117,M0,0.1,S3,21,2873,60333,0,0,0,0,0.0,True
G05,118,M0,0.1,S3,22,2873,60333,0,0,0,0,0.0,True
G05,119,M0,0.1,S3,23,2873,60333,0,0,0,0,0.0,True
G05,120,M0,0.1,S3,24,2873,60333,0,0,0,0,0.0,True
G05,121,M0,0.1,S3,25,2873,60333,0,0,0,0,0.0,True
G05,122,M0,0.1,S3,26,2873,60333,0,0,0,0,0.0,True
G05,123,M0,0.1,S3,27,2873,60333,0,0,0,0,0.0,True
G05,124,M0,0.1,S3,28,2873,60333,0,0,0,0,0.0,True
G05,125,M0,0.1,S3,29,2873,60333,0,0,0,0,0.0,True
G05,126,M0,0.1,S3,30,2873,60333,0,0,0,0,0.0,True
G05,127,M0,0.1,S3,31,2873,60333,0,0,0,0,0.0,True
G05,128,M0,0.25,S0,0,2873,60333,1,1,0,0,1.745092959026806e-11,True
G05,129,M0,0.25,S0,1,2873,60333,1,1,0,0,1.1482370609883219e-11,True
G05,130,M0,0.25,S0,2,2873,60333,1,1,0,0,2.6261659513693303e-11,True
G05,131,M0,0.25,S0,3,2873,60333,1,1,0,0,2.8251179173821583e-11,True
G05,132,M0,0.25,S0,4,2873,60333,1,1,0,0,2.2168933355715126e-11,True
G05,133,M0,0.25,S0,5,2873,60333,1,1,0,0,8.628830983070657e-11,True
G05,134,M0,0.25,S0,6,2873,60333,1,1,0,0,4.172306944383308e-11,True
G05,135,M0,0.25,S0,7,2873,60333,1,1,0,0,4.229150363244116e-11,True
G05,136,M0,0.25,S0,8,2873,60333,1,1,0,0,1.7905676941154525e-11,True
G05,137,M0,0.25,S0,9,2873,60333,1,1,0,0,6.298250809777528e-11,True
G05,138,M0,0.25,S0,10,2873,60333,1,1,0,0,1.4210854715202004e-11,True
G05,139,M0,0.25,S0,11,2873,60333,1,1,0,0,4.843059286940843e-11,True
G05,140,M0,0.25,S0,12,2873,60333,1,1,0,0,1.8701484805205837e-11,True
G05,141,M0,0.25,S0,13,2873,60333,1,1,0,0,5.638867150992155e-11,True
G05,142,M0,0.25,S0,14,2873,60333,1,1,0,0,3.126388037344441e-11,True
G05,143,M0,0.25,S0,15,2873,60333,1,1,0,0,5.832134775118902e-11,True
G05,144,M0,0.25,S0,16,2873,60333,1,1,0,0,6.59952092973981e-11,True
G05,145,M0,0.25,S0,17,2873,60333,1,1,0,0,3.1377567211166024e-11,True
G05,146,M0,0.25,S0,18,2873,60333,1,1,0,0,2.8535396268125623e-11,True
G05,147,M0,0.25,S0,19,2873,60333,1,1,0,0,3.387867764104158e-11,True
G05,148,M0,0.25,S0,20,2873,60333,1,1,0,0,1.546140993013978e-11,True
G05,149,M0,0.25,S0,21,2873,60333,1,1,0,0,3.353761712787673e-11,True
G05,150,M0,0.25,S0,22,2873,60333,1,1,0,0,7.275957614183426e-11,True
G05,151,M0,0.25,S0,23,2873,60333,1,1,0,0,7.548806024715304e-11,True
G05,152,M0,0.25,S0,24,2873,60333,1,1,0,0,8.43556335894391e-11,True
G05,153,M0,0.25,S0,25,2873,60333,1,1,0,0,5.67297320230864e-11,True
G05,154,M0,0.25,S0,26,2873,60333,1,1,0,0,4.3087311496492475e-11,True
G05,155,M0,0.25,S0,27,2873,60333,1,1,0,0,1.5006662579253316e-11,True
G05,156,M0,0.25,S0,28,2873,60333,1,1,0,0,2.1714186004828662e-11,True
G05,157,M0,0.25,S0,29,2873,60333,1,1,0,0,5.695710569852963e-11,True
G05,158,M0,0.25,S0,30,2873,60333,1,1,0,0,5.95719029661268e-11,True
G05,159,M0,0.25,S0,31,2873,60333,1,1,0,0,1.1596057447604835e-11,True
G05,160,M0,0.25,S1,0,2873,60333,0,0,0,0,0.0,True
G05,161,M0,0.25,S1,1,2873,60333,0,0,0,0,0.0,True
G05,162,M0,0.25,S1,2,2873,60333,0,0,0,0,0.0,True
G05,163,M0,0.25,S1,3,2873,60333,0,0,0,0,0.0,True
G05,164,M0,0.25,S1,4,2873,60333,0,0,0,0,0.0,True
G05,165,M0,0.25,S1,5,2873,60333,0,0,0,0,0.0,True
G05,166,M0,0.25,S1,6,2873,60333,0,0,0,0,0.0,True
G05,167,M0,0.25,S1,7,2873,60333,0,0,0,0,0.0,True
G05,168,M0,0.25,S1,8,2873,60333,0,0,0,0,0.0,True
G05,169,M0,0.25,S1,9,2873,60333,0,0,0,0,0.0,True
G05,170,M0,0.25,S1,10,2873,60333,0,0,0,0,0.0,True
G05,171,M0,0.25,S1,11,2873,60333,0,0,0,0,0.0,True
G05,172,M0,0.25,S1,12,2873,60333,0,0,0,0,0.0,True
G05,173,M0,0.25,S1,13,2873,60333,0,0,0,0,0.0,True
G05,174,M0,0.25,S1,14,2873,60333,0,0,0,0,0.0,True
G05,175,M0,0.25,S1,15,2873,60333,0,0,0,0,0.0,True
G05,176,M0,0.25,S1,16,2873,60333,0,0,0,0,0.0,True
G05,177,M0,0.25,S1,17,2873,60333,0,0,0,0,0.0,True
G05,178,M0,0.25,S1,18,2873,60333,0,0,0,0,0.0,True
G05,179,M0,0.25,S1,19,2873,60333,0,0,0,0,0.0,True
G05,180,M0,0.25,S1,20,2873,60333,0,0,0,0,0.0,True
G05,181,M0,0.25,S1,21,2873,60333,0,0,0,0,0.0,True
G05,182,M0,0.25,S1,22,2873,60333,0,0,0,0,0.0,True
G05,183,M0,0.25,S1,23,2873,60333,0,0,0,0,0.0,True
G05,184,M0,0.25,S1,24,2873,60333,0,0,0,0,0.0,True
G05,185,M0,0.25,S1,25,2873,60333,0,0,0,0,0.0,True
G05,186,M0,0.25,S1,26,2873,60333,0,0,0,0,0.0,True
G05,187,M0,0.25,S1,27,2873,60333,0,0,0,0,0.0,True
G05,188,M0,0.25,S1,28,2873,60333,0,0,0,0,0.0,True
G05,189,M0,0.25,S1,29,2873,60333,0,0,0,0,0.0,True
G05,190,M0,0.25,S1,30,2873,60333,0,0,0,0,0.0,True
G05,191,M0,0.25,S1,31,2873,60333,0,0,0,0,0.0,True
G05,192,M0,0.25,S2,0,2873,60333,0,0,0,0,0.0,True
G05,193,M0,0.25,S2,1,2873,60333,0,0,0,0,0.0,True
G05,194,M0,0.25,S2,2,2873,60333,0,0,0,0,0.0,True
G05,195,M0,0.25,S2,3,2873,60333,0,0,0,0,0.0,True
G05,196,M0,0.25,S2,4,2873,60333,0,0,0,0,0.0,True
G05,197,M0,0.25,S2,5,2873,60333,0,0,0,0,0.0,True
G05,198,M0,0.25,S2,6,2873,60333,0,0,0,0,0.0,True
G05,199,M0,0.25,S2,7,2873,60333,0,0,0,0,0.0,True
G05,200,M0,0.25,S2,8,2873,60333,0,0,0,0,0.0,True
G05,201,M0,0.25,S2,9,2873,60333,0,0,0,0,0.0,True
G05,202,M0,0.25,S2,10,2873,60333,0,0,0,0,0.0,True
G05,203,M0,0.25,S2,11,2873,60333,0,0,0,0,0.0,True
G05,204,M0,0.25,S2,12,2873,60333,0,0,0,0,0.0,True
G05,205,M0,0.25,S2,13,2873,60333,0,0,0,0,0.0,True
G05,206,M0,0.25,S2,14,2873,60333,0,0,0,0,0.0,True
G05,207,M0,0.25,S2,15,2873,60333,0,0,0,0,0.0,True
G05,208,M0,0.25,S2,16,2873,60333,0,0,0,0,0.0,True
G05,209,M0,0.25,S2,17,2873,60333,0,0,0,0,0.0,True
G05,210,M0,0.25,S2,18,2873,60333,0,0,0,0,0.0,True
G05,211,M0,0.25,S2,19,2873,60333,0,0,0,0,0.0,True
G05,212,M0,0.25,S2,20,2873,60333,0,0,0,0,0.0,True
G05,213,M0,0.25,S2,21,2873,60333,0,0,0,0,0.0,True
G05,214,M0,0.25,S2,22,2873,60333,0,0,0,0,0.0,True
G05,215,M0,0.25,S2,23,2873,60333,0,0,0,0,0.0,True
G05,216,M0,0.25,S2,24,2873,60333,0,0,0,0,0.0,True
G05,217,M0,0.25,S2,25,2873,60333,0,0,0,0,0.0,True
G05,218,M0,0.25,S2,26,2873,60333,0,0,0,0,0.0,True
G05,219,M0,0.25,S2,27,2873,60333,0,0,0,0,0.0,True
G05,220,M0,0.25,S2,28,2873,60333,0,0,0,0,0.0,True
G05,221,M0,0.25,S2,29,2873,60333,0,0,0,0,0.0,True
G05,222,M0,0.25,S2,30,2873,60333,0,0,0,0,0.0,True
G05,223,M0,0.25,S2,31,2873,60333,0,0,0,0,0.0,True
G05,224,M0,0.25,S3,0,2873,60333,0,0,0,0,0.0,True
G05,225,M0,0.25,S3,1,2873,60333,0,0,0,0,0.0,True
G05,226,M0,0.25,S3,2,2873,60333,0,0,0,0,0.0,True
G05,227,M0,0.25,S3,3,2873,60333,0,0,0,0,0.0,True
G05,228,M0,0.25,S3,4,2873,60333,0,0,0,0,0.0,True
G05,229,M0,0.25,S3,5,2873,60333,0,0,0,0,0.0,True
G05,230,M0,0.25,S3,6,2873,60333,0,0,0,0,0.0,True
G05,231,M0,0.25,S3,7,2873,60333,0,0,0,0,0.0,True
G05,232,M0,0.25,S3,8,2873,60333,0,0,0,0,0.0,True
G05,233,M0,0.25,S3,9,2873,60333,0,0,0,0,0.0,True
G05,234,M0,0.25,S3,10,2873,60333,0,0,0,0,0.0,True
G05,235,M0,0.25,S3,11,2873,60333,0,0,0,0,0.0,True
G05,236,M0,0.25,S3,12,2873,60333,0,0,0,0,0.0,True
G05,237,M0,0.25,S3,13,2873,60333,0,0,0,0,0.0,True
G05,238,M0,0.25,S3,14,2873,60333,0,0,0,0,0.0,True
G05,239,M0,0.25,S3,15,2873,60333,0,0,0,0,0.0,True
G05,240,M0,0.25,S3,16,2873,60333,0,0,0,0,0.0,True
G05,241,M0,0.25,S3,17,2873,60333,0,0,0,0,0.0,True
G05,242,M0,0.25,S3,18,2873,60333,0,0,0,0,0.0,True
G05,243,M0,0.25,S3,19,2873,60333,0,0,0,0,0.0,True
G05,244,M0,0.25,S3,20,2873,60333,0,0,0,0,0.0,True
G05,245,M0,0.25,S3,21,2873,60333,0,0,0,0,0.0,True
G05,246,M0,0.25,S3,22,2873,60333,0,0,0,0,0.0,True
G05,247,M0,0.25,S3,23,2873,60333,0,0,0,0,0.0,True
G05,248,M0,0.25,S3,24,2873,60333,0,0,0,0,0.0,True
G05,249,M0,0.25,S3,25,2873,60333,0,0,0,0,0.0,True
G05,250,M0,0.25,S3,26,2873,60333,0,0,0,0,0.0,True
G05,251,M0,0.25,S3,27,2873,60333,0,0,0,0,0.0,True
G05,252,M0,0.25,S3,28,2873,60333,0,0,0,0,0.0,True
G05,253,M0,0.25,S3,29,2873,60333,0,0,0,0,0.0,True
G05,254,M0,0.25,S3,30,2873,60333,0,0,0,0,0.0,True
G05,255,M0,0.25,S3,31,2873,60333,0,0,0,0,0.0,True
G05,256,M0,0.5,S0,0,2873,60333,1,1,0,0,1.8417267710901797e-11,True
G05,257,M0,0.5,S0,1,2873,60333,1,1,0,0,2.2737367544323206e-12,True
G05,258,M0,0.5,S0,2,2873,60333,1,1,0,0,1.6541434888495132e-11,True
G05,259,M0,0.5,S0,3,2873,60333,1,1,0,0,5.684341886080802e-14,True
G05,260,M0,0.5,S0,4,2873,60333,1,1,0,0,4.547473508864641e-13,True
G05,261,M0,0.5,S0,5,2873,60333,1,1,0,0,8.29913915367797e-12,True
G05,262,M0,0.5,S0,6,2873,60333,1,1,0,0,1.3415046851150692e-11,True
G05,263,M0,0.5,S0,7,2873,60333,1,1,0,0,9.777068044058979e-12,True
G05,264,M0,0.5,S0,8,2873,60333,1,1,0,0,2.6716406864579767e-12,True
G05,265,M0,0.5,S0,9,2873,60333,1,1,0,0,1.9895196601282805e-11,True
G05,266,M0,0.5,S0,10,2873,60333,1,1,0,0,7.958078640513122e-12,True
G05,267,M0,0.5,S0,11,2873,60333,1,1,0,0,2.4556356947869062e-11,True
G05,268,M0,0.5,S0,12,2873,60333,1,1,0,0,3.751665644813329e-12,True
G05,269,M0,0.5,S0,13,2873,60333,1,1,0,0,4.547473508864641e-12,True
G05,270,M0,0.5,S0,14,2873,60333,1,1,0,0,1.7848833522293717e-11,True
G05,271,M0,0.5,S0,15,2873,60333,1,1,0,0,7.389644451905042e-13,True
G05,272,M0,0.5,S0,16,2873,60333,1,1,0,0,1.460875864722766e-11,True
G05,273,M0,0.5,S0,17,2873,60333,1,1,0,0,1.1596057447604835e-11,True
G05,274,M0,0.5,S0,18,2873,60333,1,1,0,0,1.5120349416974932e-11,True
G05,275,M0,0.5,S0,19,2873,60333,1,1,0,0,1.693933882052079e-11,True
G05,276,M0,0.5,S0,20,2873,60333,1,1,0,0,1.3869794202037156e-11,True
G05,277,M0,0.5,S0,21,2873,60333,1,1,0,0,3.410605131648481e-12,True
G05,278,M0,0.5,S0,22,2873,60333,1,1,0,0,6.650680006714538e-12,True
G05,279,M0,0.5,S0,23,2873,60333,1,1,0,0,1.887201506178826e-11,True
G05,280,M0,0.5,S0,24,2873,60333,1,1,0,0,1.6711965145077556e-11,True
G05,281,M0,0.5,S0,25,2873,60333,1,1,0,0,1.0231815394945443e-12,True
G05,282,M0,0.5,S0,26,2873,60333,1,1,0,0,1.9326762412674725e-12,True
G05,283,M0,0.5,S0,27,2873,60333,1,1,0,0,7.958078640513122e-12,True
G05,284,M0,0.5,S0,28,2873,60333,1,1,0,0,0.0,True
G05,285,M0,0.5,S0,29,2873,60333,1,1,0,0,9.094947017729282e-13,True
G05,286,M0,0.5,S0,30,2873,60333,1,1,0,0,6.650680006714538e-12,True
G05,287,M0,0.5,S0,31,2873,60333,1,1,0,0,1.864464138634503e-11,True
G05,288,M0,0.5,S1,0,2873,60333,0,0,0,0,0.0,True
G05,289,M0,0.5,S1,1,2873,60333,0,0,0,0,0.0,True
G05,290,M0,0.5,S1,2,2873,60333,0,0,0,0,0.0,True
G05,291,M0,0.5,S1,3,2873,60333,0,0,0,0,0.0,True
G05,292,M0,0.5,S1,4,2873,60333,0,0,0,0,0.0,True
G05,293,M0,0.5,S1,5,2873,60333,0,0,0,0,0.0,True
G05,294,M0,0.5,S1,6,2873,60333,0,0,0,0,0.0,True
G05,295,M0,0.5,S1,7,2873,60333,0,0,0,0,0.0,True
G05,296,M0,0.5,S1,8,2873,60333,0,0,0,0,0.0,True
G05,297,M0,0.5,S1,9,2873,60333,0,0,0,0,0.0,True
G05,298,M0,0.5,S1,10,2873,60333,0,0,0,0,0.0,True
G05,299,M0,0.5,S1,11,2873,60333,0,0,0,0,0.0,True
G05,300,M0,0.5,S1,12,2873,60333,0,0,0,0,0.0,True
G05,301,M0,0.5,S1,13,2873,60333,0,0,0,0,0.0,True
G05,302,M0,0.5,S1,14,2873,60333,0,0,0,0,0.0,True
G05,303,M0,0.5,S1,15,2873,60333,0,0,0,0,0.0,True
G05,304,M0,0.5,S1,16,2873,60333,0,0,0,0,0.0,True
G05,305,M0,0.5,S1,17,2873,60333,0,0,0,0,0.0,True
G05,306,M0,0.5,S1,18,2873,60333,0,0,0,0,0.0,True
G05,307,M0,0.5,S1,19,2873,60333,0,0,0,0,0.0,True
G05,308,M0,0.5,S1,20,2873,60333,0,0,0,0,0.0,True
G05,309,M0,0.5,S1,21,2873,60333,0,0,0,0,0.0,True
G05,310,M0,0.5,S1,22,2873,60333,0,0,0,0,0.0,True
G05,311,M0,0.5,S1,23,2873,60333,0,0,0,0,0.0,True
G05,312,M0,0.5,S1,24,2873,60333,0,0,0,0,0.0,True
G05,313,M0,0.5,S1,25,2873,60333,0,0,0,0,0.0,True
G05,314,M0,0.5,S1,26,2873,60333,0,0,0,0,0.0,True
G05,315,M0,0.5,S1,27,2873,60333,0,0,0,0,0.0,True
G05,316,M0,0.5,S1,28,2873,60333,0,0,0,0,0.0,True
G05,317,M0,0.5,S1,29,2873,60333,0,0,0,0,0.0,True
G05,318,M0,0.5,S1,30,2873,60333,0,0,0,0,0.0,True
G05,319,M0,0.5,S1,31,2873,60333,0,0,0,0,0.0,True
G05,320,M0,0.5,S2,0,2873,60333,0,0,0,0,0.0,True
G05,321,M0,0.5,S2,1,2873,60333,0,0,0,0,0.0,True
G05,322,M0,0.5,S2,2,2873,60333,0,0,0,0,0.0,True
G05,323,M0,0.5,S2,3,2873,60333,0,0,0,0,0.0,True
G05,324,M0,0.5,S2,4,2873,60333,0,0,0,0,0.0,True
G05,325,M0,0.5,S2,5,2873,60333,0,0,0,0,0.0,True
G05,326,M0,0.5,S2,6,2873,60333,0,0,0,0,0.0,True
G05,327,M0,0.5,S2,7,2873,60333,0,0,0,0,0.0,True
G05,328,M0,0.5,S2,8,2873,60333,0,0,0,0,0.0,True
G05,329,M0,0.5,S2,9,2873,60333,0,0,0,0,0.0,True
G05,330,M0,0.5,S2,10,2873,60333,0,0,0,0,0.0,True
G05,331,M0,0.5,S2,11,2873,60333,0,0,0,0,0.0,True
G05,332,M0,0.5,S2,12,2873,60333,0,0,0,0,0.0,True
G05,333,M0,0.5,S2,13,2873,60333,0,0,0,0,0.0,True
G05,334,M0,0.5,S2,14,2873,60333,0,0,0,0,0.0,True
G05,335,M0,0.5,S2,15,2873,60333,0,0,0,0,0.0,True
G05,336,M0,0.5,S2,16,2873,60333,0,0,0,0,0.0,True
G05,337,M0,0.5,S2,17,2873,60333,0,0,0,0,0.0,True
G05,338,M0,0.5,S2,18,2873,60333,0,0,0,0,0.0,True
G05,339,M0,0.5,S2,19,2873,60333,0,0,0,0,0.0,True
G05,340,M0,0.5,S2,20,2873,60333,0,0,0,0,0.0,True
G05,341,M0,0.5,S2,21,2873,60333,0,0,0,0,0.0,True
G05,342,M0,0.5,S2,22,2873,60333,0,0,0,0,0.0,True
G05,343,M0,0.5,S2,23,2873,60333,0,0,0,0,0.0,True
G05,344,M0,0.5,S2,24,2873,60333,0,0,0,0,0.0,True
G05,345,M0,0.5,S2,25,2873,60333,0,0,0,0,0.0,True
G05,346,M0,0.5,S2,26,2873,60333,0,0,0,0,0.0,True
G05,347,M0,0.5,S2,27,2873,60333,0,0,0,0,0.0,True
G05,348,M0,0.5,S2,28,2873,60333,0,0,0,0,0.0,True
G05,349,M0,0.5,S2,29,2873,60333,0,0,0,0,0.0,True
G05,350,M0,0.5,S2,30,2873,60333,0,0,0,0,0.0,True
G05,351,M0,0.5,S2,31,2873,60333,0,0,0,0,0.0,True
G05,352,M0,0.5,S3,0,2873,60333,0,0,0,0,0.0,True
G05,353,M0,0.5,S3,1,2873,60333,0,0,0,0,0.0,True
G05,354,M0,0.5,S3,2,2873,60333,0,0,0,0,0.0,True
G05,355,M0,0.5,S3,3,2873,60333,0,0,0,0,0.0,True
G05,356,M0,0.5,S3,4,2873,60333,0,0,0,0,0.0,True
G05,357,M0,0.5,S3,5,2873,60333,0,0,0,0,0.0,True
G05,358,M0,0.5,S3,6,2873,60333,0,0,0,0,0.0,True
G05,359,M0,0.5,S3,7,2873,60333,0,0,0,0,0.0,True
G05,360,M0,0.5,S3,8,2873,60333,0,0,0,0,0.0,True
G05,361,M0,0.5,S3,9,2873,60333,0,0,0,0,0.0,True
G05,362,M0,0.5,S3,10,2873,60333,0,0,0,0,0.0,True
G05,363,M0,0.5,S3,11,2873,60333,0,0,0,0,0.0,True
G05,364,M0,0.5,S3,12,2873,60333,0,0,0,0,0.0,True
G05,365,M0,0.5,S3,13,2873,60333,0,0,0,0,0.0,True
G05,366,M0,0.5,S3,14,2873,60333,0,0,0,0,0.0,True
G05,367,M0,0.5,S3,15,2873,60333,0,0,0,0,0.0,True
G05,368,M0,0.5,S3,16,2873,60333,0,0,0,0,0.0,True
G05,369,M0,0.5,S3,17,2873,60333,0,0,0,0,0.0,True
G05,370,M0,0.5,S3,18,2873,60333,0,0,0,0,0.0,True
G05,371,M0,0.5,S3,19,2873,60333,0,0,0,0,0.0,True
G05,372,M0,0.5,S3,20,2873,60333,0,0,0,0,0.0,True
G05,373,M0,0.5,S3,21,2873,60333,0,0,0,0,0.0,True
G05,374,M0,0.5,S3,22,2873,60333,0,0,0,0,0.0,True
G05,375,M0,0.5,S3,23,2873,60333,0,0,0,0,0.0,True
G05,376,M0,0.5,S3,24,2873,60333,0,0,0,0,0.0,True
G05,377,M0,0.5,S3,25,2873,60333,0,0,0,0,0.0,True
G05,378,M0,0.5,S3,26,2873,60333,0,0,0,0,0.0,True
G05,379,M0,0.5,S3,27,2873,60333,0,0,0,0,0.0,True
G05,380,M0,0.5,S3,28,2873,60333,0,0,0,0,0.0,True
G05,381,M0,0.5,S3,29,2873,60333,0,0,0,0,0.0,True
G05,382,M0,0.5,S3,30,2873,60333,0,0,0,0,0.0,True
G05,383,M0,0.5,S3,31,2873,60333,0,0,0,0,0.0,True
G05,0,M1,0.1,S0,0,2873,60333,1,1,0,0,7.298694981727749e-11,True
G05,1,M1,0.1,S0,1,2873,60333,1,1,0,0,3.2940761229838245e-10,True
G05,2,M1,0.1,S0,2,2873,60333,1,1,0,0,1.4006218407303095e-10,True
G05,3,M1,0.1,S0,3,2873,60333,1,1,0,0,1.617195266589988e-10,True
G05,4,M1,0.1,S0,4,2873,60333,1,1,0,0,1.496118784416467e-10,True
G05,5,M1,0.1,S0,5,2873,60333,1,1,0,0,1.0811618267325684e-10,True
G05,6,M1,0.1,S0,6,2873,60333,1,1,0,0,1.0885514711844735e-10,True
G05,7,M1,0.1,S0,7,2873,60333,1,1,0,0,5.292122295941226e-11,True
G05,8,M1,0.1,S0,8,2873,60333,1,1,0,0,2.532942744437605e-10,True
G05,9,M1,0.1,S0,9,2873,60333,1,1,0,0,3.5174707591068e-10,True
G05,10,M1,0.1,S0,10,2873,60333,1,1,0,0,1.0231815394945443e-10,True
G05,11,M1,0.1,S0,11,2873,60333,1,1,0,0,1.8144419300369918e-10,True
G05,12,M1,0.1,S0,12,2873,60333,1,1,0,0,7.707967597525567e-11,True
G05,13,M1,0.1,S0,13,2873,60333,1,1,0,0,1.4836132322670892e-11,True
G05,14,M1,0.1,S0,14,2873,60333,1,1,0,0,1.1937117960769683e-10,True
G05,15,M1,0.1,S0,15,2873,60333,1,1,0,0,6.52562448522076e-11,True
G05,16,M1,0.1,S0,16,2873,60333,1,1,0,0,6.752998160663992e-11,True
G05,17,M1,0.1,S0,17,2873,60333,1,1,0,0,2.5124791136477143e-11,True
G05,18,M1,0.1,S0,18,2873,60333,1,1,0,0,2.2043877834221348e-10,True
G05,19,M1,0.1,S0,19,2873,60333,1,1,0,0,3.0399860406760126e-10,True
G05,20,M1,0.1,S0,20,2873,60333,1,1,0,0,5.325091478880495e-10,True
G05,21,M1,0.1,S0,21,2873,60333,1,1,0,0,3.021796146640554e-10,True
G05,22,M1,0.1,S0,22,2873,60333,1,1,0,0,2.0230572772561572e-10,True
G05,23,M1,0.1,S0,23,2873,60333,1,1,0,0,4.615685611497611e-11,True
G05,24,M1,0.1,S0,24,2873,60333,1,1,0,0,8.520828487235121e-11,True
G05,25,M1,0.1,S0,25,2873,60333,1,1,0,0,4.8487436288269237e-11,True
G05,26,M1,0.1,S0,26,2873,60333,1,1,0,0,1.5000978237367235e-10,True
G05,27,M1,0.1,S0,27,2873,60333,1,1,0,0,2.205524651799351e-10,True
G05,28,M1,0.1,S0,28,2873,60333,1,1,0,0,8.208189683500677e-11,True
G05,29,M1,0.1,S0,29,2873,60333,1,1,0,0,6.491518433904275e-11,True
G05,30,M1,0.1,S0,30,2873,60333,1,1,0,0,7.048583938740194e-12,True
G05,31,M1,0.1,S0,31,2873,60333,1,1,0,0,2.162323653465137e-10,True
G05,32,M1,0.1,S1,0,2873,60333,1,1,0,0,7.30437932361383e-11,True
G05,33,M1,0.1,S1,1,2873,60333,1,1,0,0,1.475655153626576e-10,True
G05,34,M1,0.1,S1,2,2873,60333,1,1,0,0,1.3994849723530933e-10,True
G05,35,M1,0.1,S1,3,2873,60333,1,1,0,0,1.6217427400988527e-10,True
G05,36,M1,0.1,S1,4,2873,60333,1,1,0,0,3.240074875066057e-11,True
G05,37,M1,0.1,S1,5,2873,60333,1,1,0,0,2.900151230278425e-10,True
G05,38,M1,0.1,S1,6,2873,60333,1,1,0,0,4.726530278276186e-10,True
G05,39,M1,0.1,S1,7,2873,60333,1,1,0,0,5.2864379540551454e-11,True
G05,40,M1,0.1,S1,8,2873,60333,1,1,0,0,2.9240254661999643e-10,True
G05,41,M1,0.1,S1,9,2873,60333,1,1,0,0,1.6962076188065112e-10,True
G05,42,M1,0.1,S1,10,2873,60333,1,1,0,0,1.0226131053059362e-10,True
G05,43,M1,0.1,S1,11,2873,60333,1,1,0,0,6.821210263296962e-13,True
G05,44,M1,0.1,S1,12,2873,60333,1,1,0,0,7.707967597525567e-11,True
G05,45,M1,0.1,S1,13,2873,60333,1,1,0,0,1.4836132322670892e-11,True
G05,46,M1,0.1,S1,14,2873,60333,1,1,0,0,1.1931433618883602e-10,True
G05,47,M1,0.1,S1,15,2873,60333,1,1,0,0,6.531308827106841e-11,True
G05,48,M1,0.1,S1,16,2873,60333,1,1,0,0,4.31384705734672e-10,True
G05,49,M1,0.1,S1,17,2873,60333,1,1,0,0,2.5124791136477143e-11,True
G05,50,M1,0.1,S1,18,2873,60333,1,1,0,0,1.4267698134062812e-10,True
G05,51,M1,0.1,S1,19,2873,60333,1,1,0,0,3.0405544748646207e-10,True
G05,52,M1,0.1,S1,20,2873,60333,1,1,0,0,1.3244516594568267e-11,True
G05,53,M1,0.1,S1,21,2873,60333,1,1,0,0,1.2028067430946976e-10,True
G05,54,M1,0.1,S1,22,2873,60333,1,1,0,0,2.063416104647331e-11,True
G05,55,M1,0.1,S1,23,2873,60333,1,1,0,0,4.6270542952697724e-11,True
G05,56,M1,0.1,S1,24,2873,60333,1,1,0,0,8.526512829121202e-11,True
G05,57,M1,0.1,S1,25,2873,60333,1,1,0,0,4.8487436288269237e-11,True
G05,58,M1,0.1,S1,26,2873,60333,1,1,0,0,3.1889157980913296e-11,True
G05,59,M1,0.1,S1,27,2873,60333,1,1,0,0,2.204956217610743e-10,True
G05,60,M1,0.1,S1,28,2873,60333,1,1,0,0,8.213874025386758e-11,True
G05,61,M1,0.1,S1,29,2873,60333,1,1,0,0,1.169837560155429e-10,True
G05,62,M1,0.1,S1,30,2873,60333,1,1,0,0,3.709033080667723e-10,True
G05,63,M1,0.1,S1,31,2873,60333,1,1,0,0,1.47451828524936e-10,True
G05,64,M1,0.1,S2,0,2873,60333,1,1,0,0,7.293010639841668e-11,True
G05,65,M1,0.1,S2,1,2873,60333,1,1,0,0,1.475655153626576e-10,True
G05,66,M1,0.1,S2,2,2873,60333,1,1,0,0,4.18367562815547e-11,True
G05,67,M1,0.1,S2,3,2873,60333,1,1,0,0,1.617195266589988e-10,True
G05,68,M1,0.1,S2,4,2873,60333,1,1,0,0,1.496118784416467e-10,True
G05,69,M1,0.1,S2,5,2873,60333,1,1,0,0,2.901288098655641e-10,True
G05,70,M1,0.1,S2,6,2873,60333,1,1,0,0,2.90754087473033e-10,True
G05,71,M1,0.1,S2,7,2873,60333,1,1,0,0,4.1666226024972275e-10,True
G05,72,M1,0.1,S2,8,2873,60333,1,1,0,0,2.533511178626213e-10,True
G05,73,M1,0.1,S2,9,2873,60333,1,1,0,0,3.5174707591068e-10,True
G05,74,M1,0.1,S2,10,2873,60333,1,1,0,0,2.842170943040401e-10,True
G05,75,M1,0.1,S2,11,2873,60333,1,1,0,0,1.8144419300369918e-10,True
G05,76,M1,0.1,S2,12,2873,60333,1,1,0,0,7.707967597525567e-11,True
G05,77,M1,0.1,S2,13,2873,60333,1,1,0,0,1.6706280803191476e-10,True
G05,78,M1,0.1,S2,14,2873,60333,1,1,0,0,1.1931433618883602e-10,True
G05,79,M1,0.1,S2,15,2873,60333,1,1,0,0,2.985416358569637e-10,True
G05,80,M1,0.1,S2,16,2873,60333,1,1,0,0,2.494857653800864e-10,True
G05,81,M1,0.1,S2,17,2873,60333,1,1,0,0,2.070805749099236e-10,True
G05,82,M1,0.1,S2,18,2873,60333,1,1,0,0,3.865352482534945e-11,True
G05,83,M1,0.1,S2,19,2873,60333,1,1,0,0,3.0399860406760126e-10,True
G05,84,M1,0.1,S2,20,2873,60333,1,1,0,0,1.6865442376001738e-10,True
G05,85,M1,0.1,S2,21,2873,60333,1,1,0,0,3.021796146640554e-10,True
G05,86,M1,0.1,S2,22,2873,60333,1,1,0,0,2.0406787371030077e-11,True
G05,87,M1,0.1,S2,23,2873,60333,1,1,0,0,4.6270542952697724e-11,True
G05,88,M1,0.1,S2,24,2873,60333,1,1,0,0,8.526512829121202e-11,True
G05,89,M1,0.1,S2,25,2873,60333,1,1,0,0,4.860112312599085e-11,True
G05,90,M1,0.1,S2,26,2873,60333,1,1,0,0,3.1946001399774104e-11,True
G05,91,M1,0.1,S2,27,2873,60333,1,1,0,0,3.8198777474462986e-11,True
G05,92,M1,0.1,S2,28,2873,60333,1,1,0,0,8.213874025386758e-11,True
G05,93,M1,0.1,S2,29,2873,60333,1,1,0,0,1.169837560155429e-10,True
G05,94,M1,0.1,S2,30,2873,60333,1,1,0,0,7.105427357601002e-12,True
G05,95,M1,0.1,S2,31,2873,60333,1,1,0,0,3.427658157306723e-11,True
G05,96,M1,0.1,S3,0,2873,60333,0,0,0,0,0.0,True
G05,97,M1,0.1,S3,1,2873,60333,0,0,0,0,0.0,True
G05,98,M1,0.1,S3,2,2873,60333,0,0,0,0,0.0,True
G05,99,M1,0.1,S3,3,2873,60333,0,0,0,0,0.0,True
G05,100,M1,0.1,S3,4,2873,60333,0,0,0,0,0.0,True
G05,101,M1,0.1,S3,5,2873,60333,0,0,0,0,0.0,True
G05,102,M1,0.1,S3,6,2873,60333,0,0,0,0,0.0,True
G05,103,M1,0.1,S3,7,2873,60333,0,0,0,0,0.0,True
G05,104,M1,0.1,S3,8,2873,60333,0,0,0,0,0.0,True
G05,105,M1,0.1,S3,9,2873,60333,0,0,0,0,0.0,True
G05,106,M1,0.1,S3,10,2873,60333,0,0,0,0,0.0,True
G05,107,M1,0.1,S3,11,2873,60333,0,0,0,0,0.0,True
G05,108,M1,0.1,S3,12,2873,60333,0,0,0,0,0.0,True
G05,109,M1,0.1,S3,13,2873,60333,0,0,0,0,0.0,True
G05,110,M1,0.1,S3,14,2873,60333,0,0,0,0,0.0,True
G05,111,M1,0.1,S3,15,2873,60333,0,0,0,0,0.0,True
G05,112,M1,0.1,S3,16,2873,60333,0,0,0,0,0.0,True
G05,113,M1,0.1,S3,17,2873,60333,0,0,0,0,0.0,True
G05,114,M1,0.1,S3,18,2873,60333,0,0,0,0,0.0,True
G05,115,M1,0.1,S3,19,2873,60333,0,0,0,0,0.0,True
G05,116,M1,0.1,S3,20,2873,60333,0,0,0,0,0.0,True
G05,117,M1,0.1,S3,21,2873,60333,0,0,0,0,0.0,True
G05,118,M1,0.1,S3,22,2873,60333,0,0,0,0,0.0,True
G05,119,M1,0.1,S3,23,2873,60333,0,0,0,0,0.0,True
G05,120,M1,0.1,S3,24,2873,60333,0,0,0,0,0.0,True
G05,121,M1,0.1,S3,25,2873,60333,0,0,0,0,0.0,True
G05,122,M1,0.1,S3,26,2873,60333,0,0,0,0,0.0,True
G05,123,M1,0.1,S3,27,2873,60333,0,0,0,0,0.0,True
G05,124,M1,0.1,S3,28,2873,60333,0,0,0,0,0.0,True
G05,125,M1,0.1,S3,29,2873,60333,0,0,0,0,0.0,True
G05,126,M1,0.1,S3,30,2873,60333,0,0,0,0,0.0,True
G05,127,M1,0.1,S3,31,2873,60333,0,0,0,0,0.0,True
G05,128,M1,0.25,S0,0,2873,60333,1,1,0,0,2.9558577807620168e-12,True
G05,129,M1,0.25,S0,1,2873,60333,1,1,0,0,2.2453150450019166e-11,True
G05,130,M1,0.25,S0,2,2873,60333,1,1,0,0,5.4228621593210846e-11,True
G05,131,M1,0.25,S0,3,2873,60333,1,1,0,0,3.268496584496461e-11,True
G05,132,M1,0.25,S0,4,2873,60333,1,1,0,0,1.0743406164692715e-11,True
G05,133,M1,0.25,S0,5,2873,60333,1,1,0,0,1.7394086171407253e-11,True
G05,134,M1,0.25,S0,6,2873,60333,1,1,0,0,1.3869794202037156e-11,True
G05,135,M1,0.25,S0,7,2873,60333,1,1,0,0,2.2453150450019166e-11,True
G05,136,M1,0.25,S0,8,2873,60333,1,1,0,0,1.745092959026806e-11,True
G05,137,M1,0.25,S0,9,2873,60333,1,1,0,0,7.048583938740194e-12,True
G05,138,M1,0.25,S0,10,2873,60333,1,1,0,0,6.03108674113173e-11,True
G05,139,M1,0.25,S0,11,2873,60333,1,1,0,0,7.389644451905042e-12,True
G05,140,M1,0.25,S0,12,2873,60333,1,1,0,0,6.895106707816012e-11,True
G05,141,M1,0.25,S0,13,2873,60333,1,1,0,0,3.666400516522117e-11,True
G05,142,M1,0.25,S0,14,2873,60333,1,1,0,0,5.354650056688115e-11,True
G05,143,M1,0.25,S0,15,2873,60333,1,1,0,0,2.1998403099132702e-11,True
G05,144,M1,0.25,S0,16,2873,60333,1,1,0,0,1.9383605831535533e-11,True
G05,145,M1,0.25,S0,17,2873,60333,1,1,0,0,1.3017142919125035e-11,True
G05,146,M1,0.25,S0,18,2873,60333,1,1,0,0,6.252776074688882e-12,True
G05,147,M1,0.25,S0,19,2873,60333,1,1,0,0,2.773958840407431e-11,True
G05,148,M1,0.25,S0,20,2873,60333,1,1,0,0,6.536993168992922e-12,True
G05,149,M1,0.25,S0,21,2873,60333,1,1,0,0,4.013145371573046e-11,True
G05,150,M1,0.25,S0,22,2873,60333,1,1,0,0,5.752553988713771e-11,True
G05,151,M1,0.25,S0,23,2873,60333,1,1,0,0,2.7853275241795927e-12,True
G05,152,M1,0.25,S0,24,2873,60333,1,1,0,0,4.376943252282217e-12,True
G05,153,M1,0.25,S0,25,2873,60333,1,1,0,0,3.808509063674137e-11,True
G05,154,M1,0.25,S0,26,2873,60333,1,1,0,0,3.240074875066057e-12,True
G05,155,M1,0.25,S0,27,2873,60333,1,1,0,0,3.2741809263825417e-11,True
G05,156,M1,0.25,S0,28,2873,60333,1,1,0,0,6.133404895081185e-11,True
G05,157,M1,0.25,S0,29,2873,60333,1,1,0,0,1.6370904631912708e-11,True
G05,158,M1,0.25,S0,30,2873,60333,1,1,0,0,9.094947017729282e-13,True
G05,159,M1,0.25,S0,31,2873,60333,1,1,0,0,2.0691004465334117e-11,True
G05,160,M1,0.25,S1,0,2873,60333,1,1,0,0,3.126388037344441e-12,True
G05,161,M1,0.25,S1,1,2873,60333,1,1,0,0,2.2680524125462398e-11,True
G05,162,M1,0.25,S1,2,2873,60333,1,1,0,0,3.979039320256561e-12,True
G05,163,M1,0.25,S1,3,2873,60333,1,1,0,0,3.637978807091713e-12,True
G05,164,M1,0.25,S1,4,2873,60333,1,1,0,0,1.0743406164692715e-11,True
G05,165,M1,0.25,S1,5,2873,60333,1,1,0,0,4.6497916628140956e-11,True
G05,166,M1,0.25,S1,6,2873,60333,1,1,0,0,1.3812950783176348e-11,True
G05,167,M1,0.25,S1,7,2873,60333,1,1,0,0,5.155698090675287e-11,True
G05,168,M1,0.25,S1,8,2873,60333,1,1,0,0,1.1652900866465643e-11,True
G05,169,M1,0.25,S1,9,2873,60333,1,1,0,0,7.048583938740194e-12,True
G05,170,M1,0.25,S1,10,2873,60333,1,1,0,0,6.03108674113173e-11,True
G05,171,M1,0.25,S1,11,2873,60333,1,1,0,0,2.1714186004828662e-11,True
G05,172,M1,0.25,S1,12,2873,60333,1,1,0,0,4.001776687800884e-11,True
G05,173,M1,0.25,S1,13,2873,60333,1,1,0,0,2.1373125491663814e-11,True
G05,174,M1,0.25,S1,14,2873,60333,1,1,0,0,4.604316927725449e-12,True
G05,175,M1,0.25,S1,15,2873,60333,1,1,0,0,5.10453901370056e-11,True
G05,176,M1,0.25,S1,16,2873,60333,1,1,0,0,1.9326762412674725e-11,True
G05,177,M1,0.25,S1,17,2873,60333,1,1,0,0,4.229150363244116e-11,True
G05,178,M1,0.25,S1,18,2873,60333,1,1,0,0,6.252776074688882e-12,True
G05,179,M1,0.25,S1,19,2873,60333,1,1,0,0,1.4210854715202004e-12,True
G05,180,M1,0.25,S1,20,2873,60333,1,1,0,0,6.480149750132114e-12,True
G05,181,M1,0.25,S1,21,2873,60333,1,1,0,0,4.7066350816749036e-11,True
G05,182,M1,0.25,S1,22,2873,60333,1,1,0,0,6.821210263296962e-13,True
G05,183,M1,0.25,S1,23,2873,60333,1,1,0,0,2.9558577807620168e-12,True
G05,184,M1,0.25,S1,24,2873,60333,1,1,0,0,4.433786671143025e-12,True
G05,185,M1,0.25,S1,25,2873,60333,1,1,0,0,8.924416761146858e-12,True
G05,186,M1,0.25,S1,26,2873,60333,1,1,0,0,3.240074875066057e-12,True
G05,187,M1,0.25,S1,27,2873,60333,1,1,0,0,2.5579538487363607e-11,True
G05,188,M1,0.25,S1,28,2873,60333,1,1,0,0,3.2230218494078144e-11,True
G05,189,M1,0.25,S1,29,2873,60333,1,1,0,0,1.6427748050773516e-11,True
G05,190,M1,0.25,S1,30,2873,60333,1,1,0,0,2.8137492336099967e-11,True
G05,191,M1,0.25,S1,31,2873,60333,1,1,0,0,3.75734998669941e-11,True
G05,192,M1,0.25,S2,0,2873,60333,1,1,0,0,2.9558577807620168e-12,True
G05,193,M1,0.25,S2,1,2873,60333,1,1,0,0,2.2566837287740782e-11,True
G05,194,M1,0.25,S2,2,2873,60333,1,1,0,0,5.4285465012071654e-11,True
G05,195,M1,0.25,S2,3,2873,60333,1,1,0,0,3.637978807091713e-12,True
G05,196,M1,0.25,S2,4,2873,60333,1,1,0,0,1.0743406164692715e-11,True
G05,197,M1,0.25,S2,5,2873,60333,1,1,0,0,4.6497916628140956e-11,True
G05,198,M1,0.25,S2,6,2873,60333,1,1,0,0,1.375610736431554e-11,True
G05,199,M1,0.25,S2,7,2873,60333,1,1,0,0,2.2566837287740782e-11,True
G05,200,M1,0.25,S2,8,2873,60333,1,1,0,0,1.1652900866465643e-11,True
G05,201,M1,0.25,S2,9,2873,60333,1,1,0,0,7.048583938740194e-12,True
G05,202,M1,0.25,S2,10,2873,60333,1,1,0,0,2.1032064978498966e-12,True
G05,203,M1,0.25,S2,11,2873,60333,1,1,0,0,2.1714186004828662e-11,True
G05,204,M1,0.25,S2,12,2873,60333,1,1,0,0,1.0800249583553523e-11,True
G05,205,M1,0.25,S2,13,2873,60333,1,1,0,0,3.666400516522117e-11,True
G05,206,M1,0.25,S2,14,2873,60333,1,1,0,0,2.4556356947869062e-11,True
G05,207,M1,0.25,S2,15,2873,60333,1,1,0,0,2.1941559680271894e-11,True
G05,208,M1,0.25,S2,16,2873,60333,1,1,0,0,1.944044925039634e-11,True
G05,209,M1,0.25,S2,17,2873,60333,1,1,0,0,1.5916157281026244e-11,True
G05,210,M1,0.25,S2,18,2873,60333,1,1,0,0,6.252776074688882e-12,True
G05,211,M1,0.25,S2,19,2873,60333,1,1,0,0,1.4779288903810084e-12,True
G05,212,M1,0.25,S2,20,2873,60333,1,1,0,0,6.536993168992922e-12,True
G05,213,M1,0.25,S2,21,2873,60333,1,1,0,0,1.807620719773695e-11,True
G05,214,M1,0.25,S2,22,2873,60333,1,1,0,0,2.8421709430404007e-11,True
G05,215,M1,0.25,S2,23,2873,60333,1,1,0,0,2.7853275241795927e-12,True
G05,216,M1,0.25,S2,24,2873,60333,1,1,0,0,3.348077370901592e-11,True
G05,217,M1,0.25,S2,25,2873,60333,1,1,0,0,3.802824721788056e-11,True
G05,218,M1,0.25,S2,26,2873,60333,1,1,0,0,3.234390533179976e-11,True
G05,219,M1,0.25,S2,27,2873,60333,1,1,0,0,2.5579538487363607e-11,True
G05,220,M1,0.25,S2,28,2873,60333,1,1,0,0,3.2173375075217336e-11,True
G05,221,M1,0.25,S2,29,2873,60333,1,1,0,0,1.6427748050773516e-11,True
G05,222,M1,0.25,S2,30,2873,60333,1,1,0,0,5.718447937397286e-11,True
G05,223,M1,0.25,S2,31,2873,60333,1,1,0,0,3.751665644813329e-11,True
G05,224,M1,0.25,S3,0,2873,60333,0,0,0,0,0.0,True
G05,225,M1,0.25,S3,1,2873,60333,1,1,0,0,1.1254996934439987e-11,True
G05,226,M1,0.25,S3,2,2873,60333,1,1,0,0,1.1254996934439987e-11,True
G05,227,M1,0.25,S3,3,2873,60333,1,1,0,0,6.8098415795248e-11,True
G05,228,M1,0.25,S3,4,2873,60333,0,0,0,0,0.0,True
G05,229,M1,0.25,S3,5,2873,60333,0,0,0,0,0.0,True
G05,230,M1,0.25,S3,6,2873,60333,0,0,0,0,0.0,True
G05,231,M1,0.25,S3,7,2873,60333,0,0,0,0,0.0,True
G05,232,M1,0.25,S3,8,2873,60333,1,1,0,0,4.888534022029489e-11,True
G05,233,M1,0.25,S3,9,2873,60333,1,1,0,0,4.7066350816749036e-11,True
G05,234,M1,0.25,S3,10,2873,60333,0,0,0,0,0.0,True
G05,235,M1,0.25,S3,11,2873,60333,1,1,0,0,2.5352164811920375e-11,True
G05,236,M1,0.25,S3,12,2873,60333,1,1,0,0,2.523847797419876e-11,True
G05,237,M1,0.25,S3,13,2873,60333,1,1,0,0,3.581135388230905e-11,True
G05,238,M1,0.25,S3,14,2873,60333,0,0,0,0,0.0,True
G05,239,M1,0.25,S3,15,2873,60333,1,1,0,0,2.029310053330846e-11,True
G05,240,M1,0.25,S3,16,2873,60333,0,0,0,0,0.0,True
G05,241,M1,0.25,S3,17,2873,60333,1,1,0,0,3.069544618483633e-12,True
G05,242,M1,0.25,S3,18,2873,60333,1,1,0,0,1.0686562745831907e-11,True
G05,243,M1,0.25,S3,19,2873,60333,1,1,0,0,1.1141310096718371e-11,True
G05,244,M1,0.25,S3,20,2873,60333,0,0,0,0,0.0,True
G05,245,M1,0.25,S3,21,2873,60333,0,0,0,0,0.0,True
G05,246,M1,0.25,S3,22,2873,60333,1,1,0,0,4.860112312599085e-11,True
G05,247,M1,0.25,S3,23,2873,60333,1,1,0,0,1.8189894035458565e-12,True
G05,248,M1,0.25,S3,24,2873,60333,0,0,0,0,0.0,True
G05,249,M1,0.25,S3,25,2873,60333,0,0,0,0,0.0,True
G05,250,M1,0.25,S3,26,2873,60333,0,0,0,0,0.0,True
G05,251,M1,0.25,S3,27,2873,60333,0,0,0,0,0.0,True
G05,252,M1,0.25,S3,28,2873,60333,0,0,0,0,0.0,True
G05,253,M1,0.25,S3,29,2873,60333,1,1,0,0,2.8421709430404007e-11,True
G05,254,M1,0.25,S3,30,2873,60333,0,0,0,0,0.0,True
G05,255,M1,0.25,S3,31,2873,60333,1,1,0,0,1.0800249583553523e-12,True
G05,256,M1,0.5,S0,0,2873,60333,1,1,0,0,4.774847184307873e-12,True
G05,257,M1,0.5,S0,1,2873,60333,1,1,0,0,1.7053025658242404e-12,True
G05,258,M1,0.5,S0,2,2873,60333,1,1,0,0,2.1600499167107046e-12,True
G05,259,M1,0.5,S0,3,2873,60333,1,1,0,0,1.057287590811029e-11,True
G05,260,M1,0.5,S0,4,2873,60333,1,1,0,0,1.1596057447604835e-11,True
G05,261,M1,0.5,S0,5,2873,60333,1,1,0,0,4.035882739117369e-12,True
G05,262,M1,0.5,S0,6,2873,60333,1,1,0,0,1.1368683772161603e-12,True
G05,263,M1,0.5,S0,7,2873,60333,1,1,0,0,1.1368683772161603e-13,True
G05,264,M1,0.5,S0,8,2873,60333,1,1,0,0,3.581135388230905e-12,True
G05,265,M1,0.5,S0,9,2873,60333,1,1,0,0,7.048583938740194e-12,True
G05,266,M1,0.5,S0,10,2873,60333,1,1,0,0,8.697043085703626e-12,True
G05,267,M1,0.5,S0,11,2873,60333,1,1,0,0,7.73070496506989e-12,True
G05,268,M1,0.5,S0,12,2873,60333,1,1,0,0,1.830358087318018e-11,True
G05,269,M1,0.5,S0,13,2873,60333,1,1,0,0,6.0822458181064576e-12,True
G05,270,M1,0.5,S0,14,2873,60333,1,1,0,0,3.410605131648481e-12,True
G05,271,M1,0.5,S0,15,2873,60333,1,1,0,0,7.332801033044234e-12,True
G05,272,M1,0.5,S0,16,2873,60333,1,1,0,0,1.722355591482483e-11,True
G05,273,M1,0.5,S0,17,2873,60333,1,1,0,0,1.1937117960769683e-12,True
G05,274,M1,0.5,S0,18,2873,60333,1,1,0,0,5.229594535194337e-12,True
G05,275,M1,0.5,S0,19,2873,60333,1,1,0,0,6.252776074688882e-12,True
G05,276,M1,0.5,S0,20,2873,60333,1,1,0,0,5.684341886080801e-13,True
G05,277,M1,0.5,S0,21,2873,60333,1,1,0,0,3.637978807091713e-12,True
G05,278,M1,0.5,S0,22,2873,60333,1,1,0,0,7.332801033044234e-12,True
G05,279,M1,0.5,S0,23,2873,60333,1,1,0,0,2.7284841053187847e-12,True
G05,280,M1,0.5,S0,24,2873,60333,1,1,0,0,2.5011104298755527e-12,True
G05,281,M1,0.5,S0,25,2873,60333,1,1,0,0,1.1937117960769683e-12,True
G05,282,M1,0.5,S0,26,2873,60333,1,1,0,0,1.000444171950221e-11,True
G05,283,M1,0.5,S0,27,2873,60333,1,1,0,0,3.581135388230905e-12,True
G05,284,M1,0.5,S0,28,2873,60333,1,1,0,0,3.581135388230905e-12,True
G05,285,M1,0.5,S0,29,2873,60333,1,1,0,0,8.412825991399586e-12,True
G05,286,M1,0.5,S0,30,2873,60333,1,1,0,0,1.7053025658242404e-13,True
G05,287,M1,0.5,S0,31,2873,60333,1,1,0,0,1.4210854715202004e-12,True
G05,288,M1,0.5,S1,0,2873,60333,1,1,0,0,4.774847184307873e-12,True
G05,289,M1,0.5,S1,1,2873,60333,1,1,0,0,5.6274984672199935e-12,True
G05,290,M1,0.5,S1,2,2873,60333,1,1,0,0,1.2391865311656147e-11,True
G05,291,M1,0.5,S1,3,2873,60333,1,1,0,0,3.865352482534945e-12,True
G05,292,M1,0.5,S1,4,2873,60333,1,1,0,0,1.1539214028744027e-11,True
G05,293,M1,0.5,S1,5,2873,60333,1,1,0,0,1.1311840353300795e-11,True
G05,294,M1,0.5,S1,6,2873,60333,1,1,0,0,8.412825991399586e-12,True
G05,295,M1,0.5,S1,7,2873,60333,1,1,0,0,1.1368683772161603e-13,True
G05,296,M1,0.5,S1,8,2873,60333,1,1,0,0,3.581135388230905e-12,True
G05,297,M1,0.5,S1,9,2873,60333,1,1,0,0,6.934897101018578e-12,True
G05,298,M1,0.5,S1,10,2873,60333,1,1,0,0,1.3642420526593924e-12,True
G05,299,M1,0.5,S1,11,2873,60333,1,1,0,0,4.547473508864641e-13,True
G05,300,M1,0.5,S1,12,2873,60333,1,1,0,0,3.581135388230905e-12,True
G05,301,M1,0.5,S1,13,2873,60333,1,1,0,0,1.1937117960769683e-12,True
G05,302,M1,0.5,S1,14,2873,60333,1,1,0,0,1.0686562745831907e-11,True
G05,303,M1,0.5,S1,15,2873,60333,1,1,0,0,7.332801033044234e-12,True
G05,304,M1,0.5,S1,16,2873,60333,1,1,0,0,2.6716406864579767e-12,True
G05,305,M1,0.5,S1,17,2873,60333,1,1,0,0,8.469669410260394e-12,True
G05,306,M1,0.5,S1,18,2873,60333,1,1,0,0,5.229594535194337e-12,True
G05,307,M1,0.5,S1,19,2873,60333,1,1,0,0,8.185452315956354e-12,True
G05,308,M1,0.5,S1,20,2873,60333,1,1,0,0,5.115907697472721e-13,True
G05,309,M1,0.5,S1,21,2873,60333,1,1,0,0,3.524291969370097e-12,True
G05,310,M1,0.5,S1,22,2873,60333,1,1,0,0,1.4551915228366852e-11,True
G05,311,M1,0.5,S1,23,2873,60333,1,1,0,0,4.490630090003833e-12,True
G05,312,M1,0.5,S1,24,2873,60333,1,1,0,0,9.777068044058979e-12,True
G05,313,M1,0.5,S1,25,2873,60333,1,1,0,0,5.8548721426632255e-12,True
G05,314,M1,0.5,S1,26,2873,60333,1,1,0,0,2.7284841053187847e-12,True
G05,315,M1,0.5,S1,27,2873,60333,1,1,0,0,3.694822225952521e-12,True
G05,316,M1,0.5,S1,28,2873,60333,1,1,0,0,3.581135388230905e-12,True
G05,317,M1,0.5,S1,29,2873,60333,1,1,0,0,1.1368683772161603e-12,True
G05,318,M1,0.5,S1,30,2873,60333,1,1,0,0,1.4381384971784428e-11,True
G05,319,M1,0.5,S1,31,2873,60333,1,1,0,0,5.8548721426632255e-12,True
G05,320,M1,0.5,S2,0,2873,60333,1,1,0,0,4.774847184307873e-12,True
G05,321,M1,0.5,S2,1,2873,60333,1,1,0,0,5.5706550483591855e-12,True
G05,322,M1,0.5,S2,2,2873,60333,1,1,0,0,5.115907697472721e-12,True
G05,323,M1,0.5,S2,3,2873,60333,1,1,0,0,3.296918293926865e-12,True
G05,324,M1,0.5,S2,4,2873,60333,1,1,0,0,1.8815171642927453e-11,True
G05,325,M1,0.5,S2,5,2873,60333,1,1,0,0,4.092726157978177e-12,True
G05,326,M1,0.5,S2,6,2873,60333,1,1,0,0,8.412825991399586e-12,True
G05,327,M1,0.5,S2,7,2873,60333,1,1,0,0,1.1368683772161603e-13,True
G05,328,M1,0.5,S2,8,2873,60333,1,1,0,0,3.581135388230905e-12,True
G05,329,M1,0.5,S2,9,2873,60333,1,1,0,0,3.410605131648481e-13,True
G05,330,M1,0.5,S2,10,2873,60333,1,1,0,0,8.640199666842818e-12,True
G05,331,M1,0.5,S2,11,2873,60333,1,1,0,0,4.547473508864641e-13,True
G05,332,M1,0.5,S2,12,2873,60333,1,1,0,0,3.581135388230905e-12,True
G05,333,M1,0.5,S2,13,2873,60333,1,1,0,0,1.0800249583553523e-12,True
G05,334,M1,0.5,S2,14,2873,60333,1,1,0,0,3.865352482534945e-12,True
G05,335,M1,0.5,S2,15,2873,60333,1,1,0,0,7.332801033044234e-12,True
G05,336,M1,0.5,S2,16,2873,60333,1,1,0,0,2.6716406864579767e-12,True
G05,337,M1,0.5,S2,17,2873,60333,1,1,0,0,1.2505552149377763e-12,True
G05,338,M1,0.5,S2,18,2873,60333,1,1,0,0,1.978150976356119e-11,True
G05,339,M1,0.5,S2,19,2873,60333,1,1,0,0,6.366462912410498e-12,True
G05,340,M1,0.5,S2,20,2873,60333,1,1,0,0,7.901235221652314e-12,True
G05,341,M1,0.5,S2,21,2873,60333,1,1,0,0,3.524291969370097e-12,True
G05,342,M1,0.5,S2,22,2873,60333,1,1,0,0,1.1368683772161603e-13,True
G05,343,M1,0.5,S2,23,2873,60333,1,1,0,0,4.433786671143025e-12,True
G05,344,M1,0.5,S2,24,2873,60333,1,1,0,0,4.774847184307873e-12,True
G05,345,M1,0.5,S2,25,2873,60333,1,1,0,0,1.2505552149377763e-12,True
G05,346,M1,0.5,S2,26,2873,60333,1,1,0,0,1.000444171950221e-11,True
G05,347,M1,0.5,S2,27,2873,60333,1,1,0,0,1.0800249583553523e-11,True
G05,348,M1,0.5,S2,28,2873,60333,1,1,0,0,1.0970779840135947e-11,True
G05,349,M1,0.5,S2,29,2873,60333,1,1,0,0,6.139089236967266e-12,True
G05,350,M1,0.5,S2,30,2873,60333,1,1,0,0,1.7053025658242404e-13,True
G05,351,M1,0.5,S2,31,2873,60333,1,1,0,0,1.4210854715202004e-12,True
G05,352,M1,0.5,S3,0,2873,60333,1,1,0,0,4.774847184307873e-12,True
G05,353,M1,0.5,S3,1,2873,60333,1,1,0,0,1.1596057447604835e-11,True
G05,354,M1,0.5,S3,2,2873,60333,1,1,0,0,4.661160346586257e-12,True
G05,355,M1,0.5,S3,3,2873,60333,1,1,0,0,4.604316927725449e-12,True
G05,356,M1,0.5,S3,4,2873,60333,1,1,0,0,1.5916157281026244e-12,True
G05,357,M1,0.5,S3,5,2873,60333,1,1,0,0,5.7980287238024175e-12,True
G05,358,M1,0.5,S3,6,2873,60333,1,1,0,0,5.7980287238024175e-12,True
G05,359,M1,0.5,S3,7,2873,60333,1,1,0,0,4.604316927725449e-12,True
G05,360,M1,0.5,S3,8,2873,60333,1,1,0,0,5.002220859751105e-12,True
G05,361,M1,0.5,S3,9,2873,60333,1,1,0,0,8.640199666842818e-12,True
G05,362,M1,0.5,S3,10,2873,60333,1,1,0,0,5.684341886080801e-13,True
G05,363,M1,0.5,S3,11,2873,60333,1,1,0,0,2.3874235921539366e-12,True
G05,364,M1,0.5,S3,12,2873,60333,1,1,0,0,5.684341886080801e-13,True
G05,365,M1,0.5,S3,13,2873,60333,1,1,0,0,3.410605131648481e-13,True
G05,366,M1,0.5,S3,14,2873,60333,1,1,0,0,1.5575096767861396e-11,True
G05,367,M1,0.5,S3,15,2873,60333,1,1,0,0,9.094947017729282e-13,True
G05,368,M1,0.5,S3,16,2873,60333,1,1,0,0,8.128608897095546e-12,True
G05,369,M1,0.5,S3,17,2873,60333,1,1,0,0,1.3528733688872308e-11,True
G05,370,M1,0.5,S3,18,2873,60333,1,1,0,0,3.410605131648481e-13,True
G05,371,M1,0.5,S3,19,2873,60333,1,1,0,0,5.7980287238024175e-12,True
G05,372,M1,0.5,S3,20,2873,60333,0,0,0,0,0.0,True
G05,373,M1,0.5,S3,21,2873,60333,1,1,0,0,8.071765478234738e-12,True
G05,374,M1,0.5,S3,22,2873,60333,1,1,0,0,1.2676082405960187e-11,True
G05,375,M1,0.5,S3,23,2873,60333,1,1,0,0,5.684341886080801e-13,True
G05,376,M1,0.5,S3,24,2873,60333,1,1,0,0,6.0254023992456496e-12,True
G05,377,M1,0.5,S3,25,2873,60333,0,0,0,0,0.0,True
G05,378,M1,0.5,S3,26,2873,60333,1,1,0,0,1.5916157281026244e-12,True
G05,379,M1,0.5,S3,27,2873,60333,1,1,0,0,5.059064278611913e-12,True
G05,380,M1,0.5,S3,28,2873,60333,1,1,0,0,5.002220859751105e-12,True
G05,381,M1,0.5,S3,29,2873,60333,1,1,0,0,7.332801033044234e-12,True
G05,382,M1,0.5,S3,30,2873,60333,1,1,0,0,8.29913915367797e-12,True
G05,383,M1,0.5,S3,31,2873,60333,1,1,0,0,3.637978807091713e-12,True
G05,0,ORACLE,0.1,S0,0,2873,60333,1,1,0,0,3.255422598158475e-10,True
G05,1,ORACLE,0.1,S0,1,2873,60333,1,1,0,0,4.771436579176225e-10,True
G05,2,ORACLE,0.1,S0,2,2873,60333,1,1,0,0,1.7428192222723737e-10,True
G05,3,ORACLE,0.1,S0,3,2873,60333,1,1,0,0,8.230927051045e-11,True
G05,4,ORACLE,0.1,S0,4,2873,60333,1,1,0,0,2.333422344236169e-10,True
G05,5,ORACLE,0.1,S0,5,2873,60333,1,1,0,0,1.5586465451633558e-10,True
G05,6,ORACLE,0.1,S0,6,2873,60333,1,1,0,0,5.682068149326369e-10,True
G05,7,ORACLE,0.1,S0,7,2873,60333,1,1,0,0,5.877609510207549e-10,True
G05,8,ORACLE,0.1,S0,8,2873,60333,1,1,0,0,3.154809746774845e-11,True
G05,9,ORACLE,0.1,S0,9,2873,60333,1,1,0,0,1.0606981959426776e-10,True
G05,10,ORACLE,0.1,S0,10,2873,60333,1,1,0,0,5.991864782117773e-10,True
G05,11,ORACLE,0.1,S0,11,2873,60333,1,1,0,0,5.718447937397286e-11,True
G05,12,ORACLE,0.1,S0,12,2873,60333,1,1,0,0,8.446932042716071e-11,True
G05,13,ORACLE,0.1,S0,13,2873,60333,1,1,0,0,1.8968648873851635e-10,True
G05,14,ORACLE,0.1,S0,14,2873,60333,1,1,0,0,1.2738610166707076e-10,True
G05,15,ORACLE,0.1,S0,15,2873,60333,1,1,0,0,2.04295247385744e-10,True
G05,16,ORACLE,0.1,S0,16,2873,60333,1,1,0,0,5.895799404243007e-10,True
G05,17,ORACLE,0.1,S0,17,2873,60333,1,1,0,0,2.0509105524979532e-10,True
G05,18,ORACLE,0.1,S0,18,2873,60333,1,1,0,0,1.3142198440618813e-10,True
G05,19,ORACLE,0.1,S0,19,2873,60333,1,1,0,0,4.001776687800884e-11,True
G05,20,ORACLE,0.1,S0,20,2873,60333,1,1,0,0,1.7462298274040222e-10,True
G05,21,ORACLE,0.1,S0,21,2873,60333,1,1,0,0,3.0877345125190914e-10,True
G05,22,ORACLE,0.1,S0,22,2873,60333,1,1,0,0,4.18367562815547e-10,True
G05,23,ORACLE,0.1,S0,23,2873,60333,1,1,0,0,3.9665337681071833e-10,True
G05,24,ORACLE,0.1,S0,24,2873,60333,1,1,0,0,9.708855941426009e-11,True
G05,25,ORACLE,0.1,S0,25,2873,60333,1,1,0,0,1.9406343199079856e-10,True
G05,26,ORACLE,0.1,S0,26,2873,60333,1,1,0,0,5.94241100770887e-10,True
G05,27,ORACLE,0.1,S0,27,2873,60333,1,1,0,0,2.615934135974385e-10,True
G05,28,ORACLE,0.1,S0,28,2873,60333,1,1,0,0,2.8342128643998876e-10,True
G05,29,ORACLE,0.1,S0,29,2873,60333,1,1,0,0,4.504272510530427e-10,True
G05,30,ORACLE,0.1,S0,30,2873,60333,1,1,0,0,1.3699263945454732e-11,True
G05,31,ORACLE,0.1,S0,31,2873,60333,1,1,0,0,1.1380052455933765e-10,True
G05,32,ORACLE,0.1,S1,0,2873,60333,1,1,0,0,3.255422598158475e-10,True
G05,33,ORACLE,0.1,S1,1,2873,60333,1,1,0,0,4.771436579176225e-10,True
G05,34,ORACLE,0.1,S1,2,2873,60333,1,1,0,0,1.7428192222723737e-10,True
G05,35,ORACLE,0.1,S1,3,2873,60333,1,1,0,0,8.191136657842435e-11,True
G05,36,ORACLE,0.1,S1,4,2873,60333,1,1,0,0,2.333422344236169e-10,True
G05,37,ORACLE,0.1,S1,5,2873,60333,1,1,0,0,1.5586465451633558e-10,True
G05,38,ORACLE,0.1,S1,6,2873,60333,1,1,0,0,5.682068149326369e-10,True
G05,39,ORACLE,0.1,S1,7,2873,60333,1,1,0,0,5.877609510207549e-10,True
G05,40,ORACLE,0.1,S1,8,2873,60333,1,1,0,0,3.154809746774845e-11,True
G05,41,ORACLE,0.1,S1,9,2873,60333,1,1,0,0,1.0550138540565968e-10,True
G05,42,ORACLE,0.1,S1,10,2873,60333,1,1,0,0,5.989022611174732e-10,True
G05,43,ORACLE,0.1,S1,11,2873,60333,1,1,0,0,5.718447937397286e-11,True
G05,44,ORACLE,0.1,S1,12,2873,60333,1,1,0,0,8.446932042716071e-11,True
G05,45,ORACLE,0.1,S1,13,2873,60333,1,1,0,0,1.8968648873851635e-10,True
G05,46,ORACLE,0.1,S1,14,2873,60333,1,1,0,0,1.2738610166707076e-10,True
G05,47,ORACLE,0.1,S1,15,2873,60333,1,1,0,0,2.04295247385744e-10,True
G05,48,ORACLE,0.1,S1,16,2873,60333,1,1,0,0,5.895799404243007e-10,True
G05,49,ORACLE,0.1,S1,17,2873,60333,1,1,0,0,2.0509105524979532e-10,True
G05,50,ORACLE,0.1,S1,18,2873,60333,1,1,0,0,1.319904185947962e-10,True
G05,51,ORACLE,0.1,S1,19,2873,60333,1,1,0,0,4.001776687800884e-11,True
G05,52,ORACLE,0.1,S1,20,2873,60333,1,1,0,0,1.7462298274040222e-10,True
G05,53,ORACLE,0.1,S1,21,2873,60333,1,1,0,0,3.0877345125190914e-10,True
G05,54,ORACLE,0.1,S1,22,2873,60333,1,1,0,0,4.1870862332871184e-10,True
G05,55,ORACLE,0.1,S1,23,2873,60333,1,1,0,0,3.9665337681071833e-10,True
G05,56,ORACLE,0.1,S1,24,2873,60333,1,1,0,0,9.708855941426009e-11,True
G05,57,ORACLE,0.1,S1,25,2873,60333,1,1,0,0,1.9406343199079856e-10,True
G05,58,ORACLE,0.1,S1,26,2873,60333,1,1,0,0,5.94241100770887e-10,True
G05,59,ORACLE,0.1,S1,27,2873,60333,1,1,0,0,2.6147972675971687e-10,True
G05,60,ORACLE,0.1,S1,28,2873,60333,1,1,0,0,2.8342128643998876e-10,True
G05,61,ORACLE,0.1,S1,29,2873,60333,1,1,0,0,4.504272510530427e-10,True
G05,62,ORACLE,0.1,S1,30,2873,60333,1,1,0,0,1.3699263945454732e-11,True
G05,63,ORACLE,0.1,S1,31,2873,60333,1,1,0,0,1.1380052455933765e-10,True
G05,64,ORACLE,0.1,S2,0,2873,60333,1,1,0,0,3.255422598158475e-10,True
G05,65,ORACLE,0.1,S2,1,2873,60333,1,1,0,0,4.771436579176225e-10,True
G05,66,ORACLE,0.1,S2,2,2873,60333,1,1,0,0,1.7428192222723737e-10,True
G05,67,ORACLE,0.1,S2,3,2873,60333,1,1,0,0,8.230927051045e-11,True
G05,68,ORACLE,0.1,S2,4,2873,60333,1,1,0,0,2.333422344236169e-10,True
G05,69,ORACLE,0.1,S2,5,2873,60333,1,1,0,0,1.5586465451633558e-10,True
G05,70,ORACLE,0.1,S2,6,2873,60333,1,1,0,0,5.682068149326369e-10,True
G05,71,ORACLE,0.1,S2,7,2873,60333,1,1,0,0,5.877609510207549e-10,True
G05,72,ORACLE,0.1,S2,8,2873,60333,1,1,0,0,3.154809746774845e-11,True
G05,73,ORACLE,0.1,S2,9,2873,60333,1,1,0,0,1.0606981959426776e-10,True
G05,74,ORACLE,0.1,S2,10,2873,60333,1,1,0,0,5.991864782117773e-10,True
G05,75,ORACLE,0.1,S2,11,2873,60333,1,1,0,0,5.718447937397286e-11,True
G05,76,ORACLE,0.1,S2,12,2873,60333,1,1,0,0,8.446932042716071e-11,True
G05,77,ORACLE,0.1,S2,13,2873,60333,1,1,0,0,1.8968648873851635e-10,True
G05,78,ORACLE,0.1,S2,14,2873,60333,1,1,0,0,1.2710188457276672e-10,True
G05,79,ORACLE,0.1,S2,15,2873,60333,1,1,0,0,2.04295247385744e-10,True
G05,80,ORACLE,0.1,S2,16,2873,60333,1,1,0,0,5.895799404243007e-10,True
G05,81,ORACLE,0.1,S2,17,2873,60333,1,1,0,0,2.0509105524979532e-10,True
G05,82,ORACLE,0.1,S2,18,2873,60333,1,1,0,0,1.3142198440618813e-10,True
G05,83,ORACLE,0.1,S2,19,2873,60333,1,1,0,0,4.001776687800884e-11,True
G05,84,ORACLE,0.1,S2,20,2873,60333,1,1,0,0,1.7462298274040222e-10,True
G05,85,ORACLE,0.1,S2,21,2873,60333,1,1,0,0,3.0877345125190914e-10,True
G05,86,ORACLE,0.1,S2,22,2873,60333,1,1,0,0,4.18367562815547e-10,True
G05,87,ORACLE,0.1,S2,23,2873,60333,1,1,0,0,3.9665337681071833e-10,True
G05,88,ORACLE,0.1,S2,24,2873,60333,1,1,0,0,9.708855941426009e-11,True
G05,89,ORACLE,0.1,S2,25,2873,60333,1,1,0,0,1.9406343199079856e-10,True
G05,90,ORACLE,0.1,S2,26,2873,60333,1,1,0,0,5.94241100770887e-10,True
G05,91,ORACLE,0.1,S2,27,2873,60333,1,1,0,0,4.440039447217714e-10,True
G05,92,ORACLE,0.1,S2,28,2873,60333,1,1,0,0,2.8342128643998876e-10,True
G05,93,ORACLE,0.1,S2,29,2873,60333,1,1,0,0,4.504272510530427e-10,True
G05,94,ORACLE,0.1,S2,30,2873,60333,1,1,0,0,1.3699263945454732e-11,True
G05,95,ORACLE,0.1,S2,31,2873,60333,1,1,0,0,1.1380052455933765e-10,True
G05,96,ORACLE,0.1,S3,0,2873,60333,1,1,0,0,5.069296094006859e-10,True
G05,97,ORACLE,0.1,S3,1,2873,60333,1,1,0,0,1.1334577720845118e-10,True
G05,98,ORACLE,0.1,S3,2,2873,60333,1,1,0,0,1.7473666957812384e-10,True
G05,99,ORACLE,0.1,S3,3,2873,60333,1,1,0,0,8.208189683500677e-11,True
G05,100,ORACLE,0.1,S3,4,2873,60333,1,1,0,0,2.3379698177450337e-10,True
G05,101,ORACLE,0.1,S3,5,2873,60333,1,1,0,0,1.5518253349000588e-10,True
G05,102,ORACLE,0.1,S3,6,2873,60333,1,1,0,0,5.680931280949153e-10,True
G05,103,ORACLE,0.1,S3,7,2873,60333,1,1,0,0,5.875335773453116e-10,True
G05,104,ORACLE,0.1,S3,8,2873,60333,1,1,0,0,3.1604940886609256e-11,True
G05,105,ORACLE,0.1,S3,9,2873,60333,1,1,0,0,1.0572875908110291e-10,True
G05,106,ORACLE,0.1,S3,10,2873,60333,1,1,0,0,5.988454176986124e-10,True
G05,107,ORACLE,0.1,S3,11,2873,60333,1,1,0,0,5.718447937397286e-11,True
G05,108,ORACLE,0.1,S3,12,2873,60333,1,1,0,0,8.429879017057829e-11,True
G05,109,ORACLE,0.1,S3,13,2873,60333,1,1,0,0,1.8997070583282039e-10,True
G05,110,ORACLE,0.1,S3,14,2873,60333,1,1,0,0,1.2744294508593157e-10,True
G05,111,ORACLE,0.1,S3,15,2873,60333,1,1,0,0,2.0406787371030077e-10,True
G05,112,ORACLE,0.1,S3,16,2873,60333,1,1,0,0,5.892388799111359e-10,True
G05,113,ORACLE,0.1,S3,17,2873,60333,1,1,0,0,2.0457946448004805e-10,True
G05,114,ORACLE,0.1,S3,18,2873,60333,1,1,0,0,5.070432962384075e-11,True
G05,115,ORACLE,0.1,S3,19,2873,60333,1,1,0,0,2.2225776774575934e-10,True
G05,116,ORACLE,0.1,S3,20,2873,60333,1,1,0,0,1.7627144188736565e-10,True
G05,117,ORACLE,0.1,S3,21,2873,60333,1,1,0,0,1.2710188457276672e-10,True
G05,118,ORACLE,0.1,S3,22,2873,60333,1,1,0,0,4.184812496532686e-10,True
G05,119,ORACLE,0.1,S3,23,2873,60333,1,1,0,0,3.963123162975535e-10,True
G05,120,ORACLE,0.1,S3,24,2873,60333,1,1,0,0,9.663381206337363e-11,True
G05,121,ORACLE,0.1,S3,25,2873,60333,1,1,0,0,1.1937117960769683e-11,True
G05,122,ORACLE,0.1,S3,26,2873,60333,1,1,0,0,5.94241100770887e-10,True
G05,123,ORACLE,0.1,S3,27,2873,60333,1,1,0,0,4.440039447217714e-10,True
G05,124,ORACLE,0.1,S3,28,2873,60333,1,1,0,0,2.830802259268239e-10,True
G05,125,ORACLE,0.1,S3,29,2873,60333,1,1,0,0,4.5071146814734675e-10,True
G05,126,ORACLE,0.1,S3,30,2873,60333,1,1,0,0,1.3699263945454732e-11,True
G05,127,ORACLE,0.1,S3,31,2873,60333,1,1,0,0,1.1368683772161603e-10,True
G05,128,ORACLE,0.25,S0,0,2873,60333,1,1,0,0,1.745092959026806e-11,True
G05,129,ORACLE,0.25,S0,1,2873,60333,1,1,0,0,1.1482370609883219e-11,True
G05,130,ORACLE,0.25,S0,2,2873,60333,1,1,0,0,2.6261659513693303e-11,True
G05,131,ORACLE,0.25,S0,3,2873,60333,1,1,0,0,2.8251179173821583e-11,True
G05,132,ORACLE,0.25,S0,4,2873,60333,1,1,0,0,2.2168933355715126e-11,True
G05,133,ORACLE,0.25,S0,5,2873,60333,1,1,0,0,8.628830983070657e-11,True
G05,134,ORACLE,0.25,S0,6,2873,60333,1,1,0,0,4.172306944383308e-11,True
G05,135,ORACLE,0.25,S0,7,2873,60333,1,1,0,0,4.229150363244116e-11,True
G05,136,ORACLE,0.25,S0,8,2873,60333,1,1,0,0,1.7905676941154525e-11,True
G05,137,ORACLE,0.25,S0,9,2873,60333,1,1,0,0,6.298250809777528e-11,True
G05,138,ORACLE,0.25,S0,10,2873,60333,1,1,0,0,1.4210854715202004e-11,True
G05,139,ORACLE,0.25,S0,11,2873,60333,1,1,0,0,4.843059286940843e-11,True
G05,140,ORACLE,0.25,S0,12,2873,60333,1,1,0,0,1.8701484805205837e-11,True
G05,141,ORACLE,0.25,S0,13,2873,60333,1,1,0,0,5.638867150992155e-11,True
G05,142,ORACLE,0.25,S0,14,2873,60333,1,1,0,0,3.126388037344441e-11,True
G05,143,ORACLE,0.25,S0,15,2873,60333,1,1,0,0,5.832134775118902e-11,True
G05,144,ORACLE,0.25,S0,16,2873,60333,1,1,0,0,6.59952092973981e-11,True
G05,145,ORACLE,0.25,S0,17,2873,60333,1,1,0,0,3.1377567211166024e-11,True
G05,146,ORACLE,0.25,S0,18,2873,60333,1,1,0,0,2.8535396268125623e-11,True
G05,147,ORACLE,0.25,S0,19,2873,60333,1,1,0,0,3.387867764104158e-11,True
G05,148,ORACLE,0.25,S0,20,2873,60333,1,1,0,0,1.546140993013978e-11,True
G05,149,ORACLE,0.25,S0,21,2873,60333,1,1,0,0,3.353761712787673e-11,True
G05,150,ORACLE,0.25,S0,22,2873,60333,1,1,0,0,7.275957614183426e-11,True
G05,151,ORACLE,0.25,S0,23,2873,60333,1,1,0,0,7.548806024715304e-11,True
G05,152,ORACLE,0.25,S0,24,2873,60333,1,1,0,0,8.43556335894391e-11,True
G05,153,ORACLE,0.25,S0,25,2873,60333,1,1,0,0,5.67297320230864e-11,True
G05,154,ORACLE,0.25,S0,26,2873,60333,1,1,0,0,4.3087311496492475e-11,True
G05,155,ORACLE,0.25,S0,27,2873,60333,1,1,0,0,1.5006662579253316e-11,True
G05,156,ORACLE,0.25,S0,28,2873,60333,1,1,0,0,2.1714186004828662e-11,True
G05,157,ORACLE,0.25,S0,29,2873,60333,1,1,0,0,5.695710569852963e-11,True
G05,158,ORACLE,0.25,S0,30,2873,60333,1,1,0,0,5.95719029661268e-11,True
G05,159,ORACLE,0.25,S0,31,2873,60333,1,1,0,0,1.1596057447604835e-11,True
G05,160,ORACLE,0.25,S1,0,2873,60333,1,1,0,0,1.7394086171407253e-11,True
G05,161,ORACLE,0.25,S1,1,2873,60333,1,1,0,0,1.1823431123048067e-11,True
G05,162,ORACLE,0.25,S1,2,2873,60333,1,1,0,0,2.6261659513693303e-11,True
G05,163,ORACLE,0.25,S1,3,2873,60333,1,1,0,0,2.8251179173821583e-11,True
G05,164,ORACLE,0.25,S1,4,2873,60333,1,1,0,0,2.2168933355715126e-11,True
G05,165,ORACLE,0.25,S1,5,2873,60333,1,1,0,0,8.628830983070657e-11,True
G05,166,ORACLE,0.25,S1,6,2873,60333,1,1,0,0,4.172306944383308e-11,True
G05,167,ORACLE,0.25,S1,7,2873,60333,1,1,0,0,4.229150363244116e-11,True
G05,168,ORACLE,0.25,S1,8,2873,60333,1,1,0,0,1.7905676941154525e-11,True
G05,169,ORACLE,0.25,S1,9,2873,60333,1,1,0,0,6.298250809777528e-11,True
G05,170,ORACLE,0.25,S1,10,2873,60333,1,1,0,0,1.4210854715202004e-11,True
G05,171,ORACLE,0.25,S1,11,2873,60333,1,1,0,0,4.843059286940843e-11,True
G05,172,ORACLE,0.25,S1,12,2873,60333,1,1,0,0,1.864464138634503e-11,True
G05,173,ORACLE,0.25,S1,13,2873,60333,1,1,0,0,5.6218141253339127e-11,True
G05,174,ORACLE,0.25,S1,14,2873,60333,1,1,0,0,3.126388037344441e-11,True
G05,175,ORACLE,0.25,S1,15,2873,60333,1,1,0,0,5.832134775118902e-11,True
G05,176,ORACLE,0.25,S1,16,2873,60333,1,1,0,0,6.59952092973981e-11,True
G05,177,ORACLE,0.25,S1,17,2873,60333,1,1,0,0,3.149125404888764e-11,True
G05,178,ORACLE,0.25,S1,18,2873,60333,1,1,0,0,2.8535396268125623e-11,True
G05,179,ORACLE,0.25,S1,19,2873,60333,1,1,0,0,3.387867764104158e-11,True
G05,180,ORACLE,0.25,S1,20,2873,60333,1,1,0,0,1.546140993013978e-11,True
G05,181,ORACLE,0.25,S1,21,2873,60333,1,1,0,0,3.3310243452433497e-11,True
G05,182,ORACLE,0.25,S1,22,2873,60333,1,1,0,0,7.275957614183426e-11,True
G05,183,ORACLE,0.25,S1,23,2873,60333,1,1,0,0,7.560174708487466e-11,True
G05,184,ORACLE,0.25,S1,24,2873,60333,1,1,0,0,8.458300726488233e-11,True
G05,185,ORACLE,0.25,S1,25,2873,60333,1,1,0,0,5.67297320230864e-11,True
G05,186,ORACLE,0.25,S1,26,2873,60333,1,1,0,0,4.3087311496492475e-11,True
G05,187,ORACLE,0.25,S1,27,2873,60333,1,1,0,0,1.4779288903810084e-11,True
G05,188,ORACLE,0.25,S1,28,2873,60333,1,1,0,0,2.1714186004828662e-11,True
G05,189,ORACLE,0.25,S1,29,2873,60333,1,1,0,0,5.6843418860808015e-11,True
G05,190,ORACLE,0.25,S1,30,2873,60333,1,1,0,0,5.945821612840518e-11,True
G05,191,ORACLE,0.25,S1,31,2873,60333,1,1,0,0,1.1823431123048067e-11,True
G05,192,ORACLE,0.25,S2,0,2873,60333,1,1,0,0,1.745092959026806e-11,True
G05,193,ORACLE,0.25,S2,1,2873,60333,1,1,0,0,1.1709744285326451e-11,True
G05,194,ORACLE,0.25,S2,2,2873,60333,1,1,0,0,2.6261659513693303e-11,True
G05,195,ORACLE,0.25,S2,3,2873,60333,1,1,0,0,2.830802259268239e-11,True
G05,196,ORACLE,0.25,S2,4,2873,60333,1,1,0,0,2.2168933355715126e-11,True
G05,197,ORACLE,0.25,S2,5,2873,60333,1,1,0,0,8.628830983070657e-11,True
G05,198,ORACLE,0.25,S2,6,2873,60333,1,1,0,0,4.172306944383308e-11,True
G05,199,ORACLE,0.25,S2,7,2873,60333,1,1,0,0,4.240519047016278e-11,True
G05,200,ORACLE,0.25,S2,8,2873,60333,1,1,0,0,1.7905676941154525e-11,True
G05,201,ORACLE,0.25,S2,9,2873,60333,1,1,0,0,6.298250809777528e-11,True
G05,202,ORACLE,0.25,S2,10,2873,60333,1,1,0,0,1.4210854715202004e-11,True
G05,203,ORACLE,0.25,S2,11,2873,60333,1,1,0,0,4.843059286940843e-11,True
G05,204,ORACLE,0.25,S2,12,2873,60333,1,1,0,0,1.864464138634503e-11,True
G05,205,ORACLE,0.25,S2,13,2873,60333,1,1,0,0,5.6274984672199935e-11,True
G05,206,ORACLE,0.25,S2,14,2873,60333,1,1,0,0,3.1320723792305216e-11,True
G05,207,ORACLE,0.25,S2,15,2873,60333,1,1,0,0,5.832134775118902e-11,True
G05,208,ORACLE,0.25,S2,16,2873,60333,1,1,0,0,6.59952092973981e-11,True
G05,209,ORACLE,0.25,S2,17,2873,60333,1,1,0,0,3.149125404888764e-11,True
G05,210,ORACLE,0.25,S2,18,2873,60333,1,1,0,0,2.8535396268125623e-11,True
G05,211,ORACLE,0.25,S2,19,2873,60333,1,1,0,0,3.387867764104158e-11,True
G05,212,ORACLE,0.25,S2,20,2873,60333,1,1,0,0,1.546140993013978e-11,True
G05,213,ORACLE,0.25,S2,21,2873,60333,1,1,0,0,3.353761712787673e-11,True
G05,214,ORACLE,0.25,S2,22,2873,60333,1,1,0,0,7.275957614183426e-11,True
G05,215,ORACLE,0.25,S2,23,2873,60333,1,1,0,0,7.548806024715304e-11,True
G05,216,ORACLE,0.25,S2,24,2873,60333,1,1,0,0,8.458300726488233e-11,True
G05,217,ORACLE,0.25,S2,25,2873,60333,1,1,0,0,5.67297320230864e-11,True
G05,218,ORACLE,0.25,S2,26,2873,60333,1,1,0,0,4.3087311496492475e-11,True
G05,219,ORACLE,0.25,S2,27,2873,60333,1,1,0,0,1.4779288903810084e-11,True
G05,220,ORACLE,0.25,S2,28,2873,60333,1,1,0,0,2.1714186004828662e-11,True
G05,221,ORACLE,0.25,S2,29,2873,60333,1,1,0,0,5.6843418860808015e-11,True
G05,222,ORACLE,0.25,S2,30,2873,60333,1,1,0,0,5.95719029661268e-11,True
G05,223,ORACLE,0.25,S2,31,2873,60333,1,1,0,0,1.1709744285326451e-11,True
G05,224,ORACLE,0.25,S3,0,2873,60333,1,1,0,0,1.7280399333685637e-11,True
G05,225,ORACLE,0.25,S3,1,2873,60333,1,1,0,0,1.1539214028744027e-11,True
G05,226,ORACLE,0.25,S3,2,2873,60333,1,1,0,0,2.8421709430404007e-12,True
G05,227,ORACLE,0.25,S3,3,2873,60333,1,1,0,0,2.9899638320785016e-11,True
G05,228,ORACLE,0.25,S3,4,2873,60333,1,1,0,0,2.2282620193436742e-11,True
G05,229,ORACLE,0.25,S3,5,2873,60333,1,1,0,0,8.617462299298495e-11,True
G05,230,ORACLE,0.25,S3,6,2873,60333,1,1,0,0,1.2732925824820995e-11,True
G05,231,ORACLE,0.25,S3,7,2873,60333,1,1,0,0,1.2960299500264227e-11,True
G05,232,ORACLE,0.25,S3,8,2873,60333,1,1,0,0,1.7962520360015333e-11,True
G05,233,ORACLE,0.25,S3,9,2873,60333,1,1,0,0,9.208633855450898e-11,True
G05,234,ORACLE,0.25,S3,10,2873,60333,1,1,0,0,4.3428372009657323e-11,True
G05,235,ORACLE,0.25,S3,11,2873,60333,1,1,0,0,4.843059286940843e-11,True
G05,236,ORACLE,0.25,S3,12,2873,60333,1,1,0,0,1.0402345651527867e-11,True
G05,237,ORACLE,0.25,S3,13,2873,60333,1,1,0,0,5.60476109967567e-11,True
G05,238,ORACLE,0.25,S3,14,2873,60333,1,1,0,0,3.1320723792305216e-11,True
G05,239,ORACLE,0.25,S3,15,2873,60333,1,1,0,0,5.832134775118902e-11,True
G05,240,ORACLE,0.25,S3,16,2873,60333,1,1,0,0,6.616573955398053e-11,True
G05,241,ORACLE,0.25,S3,17,2873,60333,1,1,0,0,2.2737367544323206e-12,True
G05,242,ORACLE,0.25,S3,18,2873,60333,1,1,0,0,2.8535396268125623e-11,True
G05,243,ORACLE,0.25,S3,19,2873,60333,1,1,0,0,3.410605131648481e-11,True
G05,244,ORACLE,0.25,S3,20,2873,60333,1,1,0,0,1.5347723092418164e-11,True
G05,245,ORACLE,0.25,S3,21,2873,60333,1,1,0,0,6.275513442233205e-11,True
G05,246,ORACLE,0.25,S3,22,2873,60333,1,1,0,0,1.4438228390645236e-11,True
G05,247,ORACLE,0.25,S3,23,2873,60333,1,1,0,0,7.560174708487466e-11,True
G05,248,ORACLE,0.25,S3,24,2873,60333,1,1,0,0,8.469669410260394e-11,True
G05,249,ORACLE,0.25,S3,25,2873,60333,1,1,0,0,5.650235834764317e-11,True
G05,250,ORACLE,0.25,S3,26,2873,60333,1,1,0,0,4.320099833421409e-11,True
G05,251,ORACLE,0.25,S3,27,2873,60333,1,1,0,0,1.5006662579253316e-11,True
G05,252,ORACLE,0.25,S3,28,2873,60333,1,1,0,0,2.1827872842550278e-11,True
G05,253,ORACLE,0.25,S3,29,2873,60333,1,1,0,0,5.667288860422559e-11,True
G05,254,ORACLE,0.25,S3,30,2873,60333,1,1,0,0,5.95719029661268e-11,True
G05,255,ORACLE,0.25,S3,31,2873,60333,1,1,0,0,1.7394086171407253e-11,True
G05,256,ORACLE,0.5,S0,0,2873,60333,1,1,0,0,1.8417267710901797e-11,True
G05,257,ORACLE,0.5,S0,1,2873,60333,1,1,0,0,2.2737367544323206e-12,True
G05,258,ORACLE,0.5,S0,2,2873,60333,1,1,0,0,1.6541434888495132e-11,True
G05,259,ORACLE,0.5,S0,3,2873,60333,1,1,0,0,5.684341886080802e-14,True
G05,260,ORACLE,0.5,S0,4,2873,60333,1,1,0,0,4.547473508864641e-13,True
G05,261,ORACLE,0.5,S0,5,2873,60333,1,1,0,0,8.29913915367797e-12,True
G05,262,ORACLE,0.5,S0,6,2873,60333,1,1,0,0,1.3415046851150692e-11,True
G05,263,ORACLE,0.5,S0,7,2873,60333,1,1,0,0,9.777068044058979e-12,True
G05,264,ORACLE,0.5,S0,8,2873,60333,1,1,0,0,2.6716406864579767e-12,True
G05,265,ORACLE,0.5,S0,9,2873,60333,1,1,0,0,1.9895196601282805e-11,True
G05,266,ORACLE,0.5,S0,10,2873,60333,1,1,0,0,7.958078640513122e-12,True
G05,267,ORACLE,0.5,S0,11,2873,60333,1,1,0,0,2.4556356947869062e-11,True
G05,268,ORACLE,0.5,S0,12,2873,60333,1,1,0,0,3.751665644813329e-12,True
G05,269,ORACLE,0.5,S0,13,2873,60333,1,1,0,0,4.547473508864641e-12,True
G05,270,ORACLE,0.5,S0,14,2873,60333,1,1,0,0,1.7848833522293717e-11,True
G05,271,ORACLE,0.5,S0,15,2873,60333,1,1,0,0,7.389644451905042e-13,True
G05,272,ORACLE,0.5,S0,16,2873,60333,1,1,0,0,1.460875864722766e-11,True
G05,273,ORACLE,0.5,S0,17,2873,60333,1,1,0,0,1.1596057447604835e-11,True
G05,274,ORACLE,0.5,S0,18,2873,60333,1,1,0,0,1.5120349416974932e-11,True
G05,275,ORACLE,0.5,S0,19,2873,60333,1,1,0,0,1.693933882052079e-11,True
G05,276,ORACLE,0.5,S0,20,2873,60333,1,1,0,0,1.3869794202037156e-11,True
G05,277,ORACLE,0.5,S0,21,2873,60333,1,1,0,0,3.410605131648481e-12,True
G05,278,ORACLE,0.5,S0,22,2873,60333,1,1,0,0,6.650680006714538e-12,True
G05,279,ORACLE,0.5,S0,23,2873,60333,1,1,0,0,1.887201506178826e-11,True
G05,280,ORACLE,0.5,S0,24,2873,60333,1,1,0,0,1.6711965145077556e-11,True
G05,281,ORACLE,0.5,S0,25,2873,60333,1,1,0,0,1.0231815394945443e-12,True
G05,282,ORACLE,0.5,S0,26,2873,60333,1,1,0,0,1.9326762412674725e-12,True
G05,283,ORACLE,0.5,S0,27,2873,60333,1,1,0,0,7.958078640513122e-12,True
G05,284,ORACLE,0.5,S0,28,2873,60333,1,1,0,0,0.0,True
G05,285,ORACLE,0.5,S0,29,2873,60333,1,1,0,0,9.094947017729282e-13,True
G05,286,ORACLE,0.5,S0,30,2873,60333,1,1,0,0,6.650680006714538e-12,True
G05,287,ORACLE,0.5,S0,31,2873,60333,1,1,0,0,1.864464138634503e-11,True
G05,288,ORACLE,0.5,S1,0,2873,60333,1,1,0,0,1.1141310096718371e-11,True
G05,289,ORACLE,0.5,S1,1,2873,60333,1,1,0,0,4.831690603168681e-12,True
G05,290,ORACLE,0.5,S1,2,2873,60333,1,1,0,0,1.6541434888495132e-11,True
G05,291,ORACLE,0.5,S1,3,2873,60333,1,1,0,0,1.7053025658242404e-13,True
G05,292,ORACLE,0.5,S1,4,2873,60333,1,1,0,0,4.547473508864641e-13,True
G05,293,ORACLE,0.5,S1,5,2873,60333,1,1,0,0,8.29913915367797e-12,True
G05,294,ORACLE,0.5,S1,6,2873,60333,1,1,0,0,1.3528733688872308e-11,True
G05,295,ORACLE,0.5,S1,7,2873,60333,1,1,0,0,9.777068044058979e-12,True
G05,296,ORACLE,0.5,S1,8,2873,60333,1,1,0,0,2.6716406864579767e-12,True
G05,297,ORACLE,0.5,S1,9,2873,60333,1,1,0,0,2.000888343900442e-11,True
G05,298,ORACLE,0.5,S1,10,2873,60333,1,1,0,0,7.901235221652314e-12,True
G05,299,ORACLE,0.5,S1,11,2873,60333,1,1,0,0,2.4556356947869062e-11,True
G05,300,ORACLE,0.5,S1,12,2873,60333,1,1,0,0,3.637978807091713e-12,True
G05,301,ORACLE,0.5,S1,13,2873,60333,1,1,0,0,4.547473508864641e-12,True
G05,302,ORACLE,0.5,S1,14,2873,60333,1,1,0,0,1.7848833522293717e-11,True
G05,303,ORACLE,0.5,S1,15,2873,60333,1,1,0,0,7.389644451905042e-13,True
G05,304,ORACLE,0.5,S1,16,2873,60333,1,1,0,0,1.460875864722766e-11,True
G05,305,ORACLE,0.5,S1,17,2873,60333,1,1,0,0,1.1652900866465643e-11,True
G05,306,ORACLE,0.5,S1,18,2873,60333,1,1,0,0,1.5120349416974932e-11,True
G05,307,ORACLE,0.5,S1,19,2873,60333,1,1,0,0,1.6711965145077556e-11,True
G05,308,ORACLE,0.5,S1,20,2873,60333,1,1,0,0,1.3869794202037156e-11,True
G05,309,ORACLE,0.5,S1,21,2873,60333,1,1,0,0,3.979039320256561e-12,True
G05,310,ORACLE,0.5,S1,22,2873,60333,1,1,0,0,6.707523425575346e-12,True
G05,311,ORACLE,0.5,S1,23,2873,60333,1,1,0,0,1.8701484805205837e-11,True
G05,312,ORACLE,0.5,S1,24,2873,60333,1,1,0,0,1.6711965145077556e-11,True
G05,313,ORACLE,0.5,S1,25,2873,60333,1,1,0,0,1.1368683772161603e-12,True
G05,314,ORACLE,0.5,S1,26,2873,60333,1,1,0,0,1.9326762412674725e-12,True
G05,315,ORACLE,0.5,S1,27,2873,60333,1,1,0,0,8.071765478234738e-12,True
G05,316,ORACLE,0.5,S1,28,2873,60333,1,1,0,0,0.0,True
G05,317,ORACLE,0.5,S1,29,2873,60333,1,1,0,0,9.094947017729282e-13,True
G05,318,ORACLE,0.5,S1,30,2873,60333,1,1,0,0,6.59383658785373e-12,True
G05,319,ORACLE,0.5,S1,31,2873,60333,1,1,0,0,1.864464138634503e-11,True
G05,320,ORACLE,0.5,S2,0,2873,60333,1,1,0,0,1.8417267710901797e-11,True
G05,321,ORACLE,0.5,S2,1,2873,60333,1,1,0,0,4.945377440890297e-12,True
G05,322,ORACLE,0.5,S2,2,2873,60333,1,1,0,0,1.6541434888495132e-11,True
G05,323,ORACLE,0.5,S2,3,2873,60333,1,1,0,0,1.1368683772161603e-13,True
G05,324,ORACLE,0.5,S2,4,2873,60333,1,1,0,0,4.547473508864641e-13,True
G05,325,ORACLE,0.5,S2,5,2873,60333,1,1,0,0,8.412825991399586e-12,True
G05,326,ORACLE,0.5,S2,6,2873,60333,1,1,0,0,1.3528733688872308e-11,True
G05,327,ORACLE,0.5,S2,7,2873,60333,1,1,0,0,9.777068044058979e-12,True
G05,328,ORACLE,0.5,S2,8,2873,60333,1,1,0,0,2.6716406864579767e-12,True
G05,329,ORACLE,0.5,S2,9,2873,60333,1,1,0,0,2.000888343900442e-11,True
G05,330,ORACLE,0.5,S2,10,2873,60333,1,1,0,0,7.958078640513122e-12,True
G05,331,ORACLE,0.5,S2,11,2873,60333,1,1,0,0,2.4556356947869062e-11,True
G05,332,ORACLE,0.5,S2,12,2873,60333,1,1,0,0,3.524291969370097e-12,True
G05,333,ORACLE,0.5,S2,13,2873,60333,1,1,0,0,4.661160346586257e-12,True
G05,334,ORACLE,0.5,S2,14,2873,60333,1,1,0,0,1.7905676941154525e-11,True
G05,335,ORACLE,0.5,S2,15,2873,60333,1,1,0,0,7.958078640513122e-13,True
G05,336,ORACLE,0.5,S2,16,2873,60333,1,1,0,0,1.4665602066088468e-11,True
G05,337,ORACLE,0.5,S2,17,2873,60333,1,1,0,0,1.1652900866465643e-11,True
G05,338,ORACLE,0.5,S2,18,2873,60333,1,1,0,0,1.5120349416974932e-11,True
G05,339,ORACLE,0.5,S2,19,2873,60333,1,1,0,0,1.6825651982799172e-11,True
G05,340,ORACLE,0.5,S2,20,2873,60333,1,1,0,0,1.375610736431554e-11,True
G05,341,ORACLE,0.5,S2,21,2873,60333,1,1,0,0,3.979039320256561e-12,True
G05,342,ORACLE,0.5,S2,22,2873,60333,1,1,0,0,6.650680006714538e-12,True
G05,343,ORACLE,0.5,S2,23,2873,60333,1,1,0,0,1.8701484805205837e-11,True
G05,344,ORACLE,0.5,S2,24,2873,60333,1,1,0,0,1.6711965145077556e-11,True
G05,345,ORACLE,0.5,S2,25,2873,60333,1,1,0,0,1.0231815394945443e-12,True
G05,346,ORACLE,0.5,S2,26,2873,60333,1,1,0,0,2.0463630789890885e-12,True
G05,347,ORACLE,0.5,S2,27,2873,60333,1,1,0,0,7.844391802791506e-12,True
G05,348,ORACLE,0.5,S2,28,2873,60333,1,1,0,0,0.0,True
G05,349,ORACLE,0.5,S2,29,2873,60333,1,1,0,0,9.094947017729282e-13,True
G05,350,ORACLE,0.5,S2,30,2873,60333,1,1,0,0,6.650680006714538e-12,True
G05,351,ORACLE,0.5,S2,31,2873,60333,1,1,0,0,1.864464138634503e-11,True
G05,352,ORACLE,0.5,S3,0,2873,60333,1,1,0,0,1.864464138634503e-11,True
G05,353,ORACLE,0.5,S3,1,2873,60333,1,1,0,0,9.663381206337363e-12,True
G05,354,ORACLE,0.5,S3,2,2873,60333,1,1,0,0,1.6484591469634324e-11,True
G05,355,ORACLE,0.5,S3,3,2873,60333,1,1,0,0,1.4665602066088468e-11,True
G05,356,ORACLE,0.5,S3,4,2873,60333,1,1,0,0,3.410605131648481e-13,True
G05,357,ORACLE,0.5,S3,5,2873,60333,1,1,0,0,8.412825991399586e-12,True
G05,358,ORACLE,0.5,S3,6,2873,60333,1,1,0,0,1.3528733688872308e-11,True
G05,359,ORACLE,0.5,S3,7,2873,60333,1,1,0,0,9.663381206337363e-12,True
G05,360,ORACLE,0.5,S3,8,2873,60333,1,1,0,0,2.7284841053187847e-12,True
G05,361,ORACLE,0.5,S3,9,2873,60333,1,1,0,0,1.2846612662542611e-11,True
G05,362,ORACLE,0.5,S3,10,2873,60333,1,1,0,0,1.5290879673557356e-11,True
G05,363,ORACLE,0.5,S3,11,2873,60333,1,1,0,0,2.4556356947869062e-11,True
G05,364,ORACLE,0.5,S3,12,2873,60333,1,1,0,0,3.524291969370097e-12,True
G05,365,ORACLE,0.5,S3,13,2873,60333,1,1,0,0,1.921307557495311e-11,True
G05,366,ORACLE,0.5,S3,14,2873,60333,1,1,0,0,1.7848833522293717e-11,True
G05,367,ORACLE,0.5,S3,15,2873,60333,1,1,0,0,8.526512829121202e-13,True
G05,368,ORACLE,0.5,S3,16,2873,60333,1,1,0,0,1.4779288903810084e-11,True
G05,369,ORACLE,0.5,S3,17,2873,60333,1,1,0,0,1.1766587704187259e-11,True
G05,370,ORACLE,0.5,S3,18,2873,60333,1,1,0,0,1.5234036254696548e-11,True
G05,371,ORACLE,0.5,S3,19,2873,60333,1,1,0,0,1.6711965145077556e-11,True
G05,372,ORACLE,0.5,S3,20,2873,60333,1,1,0,0,1.3983481039758772e-11,True
G05,373,ORACLE,0.5,S3,21,2873,60333,1,1,0,0,3.296918293926865e-12,True
G05,374,ORACLE,0.5,S3,22,2873,60333,1,1,0,0,6.821210263296962e-12,True
G05,375,ORACLE,0.5,S3,23,2873,60333,1,1,0,0,1.8701484805205837e-11,True
G05,376,ORACLE,0.5,S3,24,2873,60333,1,1,0,0,1.6711965145077556e-11,True
G05,377,ORACLE,0.5,S3,25,2873,60333,1,1,0,0,1.0231815394945443e-12,True
G05,378,ORACLE,0.5,S3,26,2873,60333,1,1,0,0,2.0463630789890885e-12,True
G05,379,ORACLE,0.5,S3,27,2873,60333,1,1,0,0,7.901235221652314e-12,True
G05,380,ORACLE,0.5,S3,28,2873,60333,1,1,0,0,1.4551915228366852e-11,True
G05,381,ORACLE,0.5,S3,29,2873,60333,1,1,0,0,9.094947017729282e-13,True
G05,382,ORACLE,0.5,S3,30,2873,60333,1,1,0,0,6.707523425575346e-12,True
G05,383,ORACLE,0.5,S3,31,2873,60333,1,1,0,0,1.8530954548623413e-11,True
G06,0,M0,0.1,S0,0,2294,48174,0,0,0,0,0.0,True
G06,1,M0,0.1,S0,1,2294,48174,1,1,0,0,4.7066350816749036e-11,True
G06,2,M0,0.1,S0,2,2294,48174,1,1,0,0,1.3227463568910025e-10,True
G06,3,M0,0.1,S0,3,2294,48174,1,1,0,0,3.7971403799019754e-10,True
G06,4,M0,0.1,S0,4,2294,48174,1,1,0,0,2.774527274596039e-10,True
G06,5,M0,0.1,S0,5,2294,48174,1,1,0,0,1.240323399542831e-10,True
G06,6,M0,0.1,S0,6,2294,48174,1,1,0,0,3.680611371237319e-10,True
G06,7,M0,0.1,S0,7,2294,48174,1,1,0,0,2.006572685786523e-11,True
G06,8,M0,0.1,S0,8,2294,48174,0,0,0,0,0.0,True
G06,9,M0,0.1,S0,9,2294,48174,1,1,0,0,6.195932655828074e-11,True
G06,10,M0,0.1,S0,10,2294,48174,1,1,0,0,4.546905074676033e-10,True
G06,11,M0,0.1,S0,11,2294,48174,1,1,0,0,1.3216094885137863e-10,True
G06,12,M0,0.1,S0,12,2294,48174,1,1,0,0,3.432774065004196e-10,True
G06,13,M0,0.1,S0,13,2294,48174,1,1,0,0,1.3790213415632024e-10,True
G06,14,M0,0.1,S0,14,2294,48174,1,1,0,0,1.5756995708215982e-10,True
G06,15,M0,0.1,S0,15,2294,48174,1,1,0,0,5.5138116294983774e-11,True
G06,16,M0,0.1,S0,16,2294,48174,1,1,0,0,9.384848453919403e-11,True
G06,17,M0,0.1,S0,17,2294,48174,1,1,0,0,1.2471446098061278e-10,True
G06,18,M0,0.1,S0,18,2294,48174,1,1,0,0,4.0120085031958297e-10,True
G06,19,M0,0.1,S0,19,2294,48174,0,0,0,0,0.0,True
G06,20,M0,0.1,S0,20,2294,48174,0,0,0,0,0.0,True
G06,21,M0,0.1,S0,21,2294,48174,1,1,0,0,1.1652900866465643e-10,True
G06,22,M0,0.1,S0,22,2294,48174,1,1,0,0,1.2096279533579946e-10,True
G06,23,M0,0.1,S0,23,2294,48174,1,1,0,0,1.0669509720173664e-10,True
G06,24,M0,0.1,S0,24,2294,48174,1,1,0,0,1.3142198440618813e-10,True
G06,25,M0,0.1,S0,25,2294,48174,1,1,0,0,2.7995383788947947e-10,True
G06,26,M0,0.1,S0,26,2294,48174,0,0,0,0,0.0,True
G06,27,M0,0.1,S0,27,2294,48174,1,1,0,0,1.4802026271354407e-10,True
G06,28,M0,0.1,S0,28,2294,48174,1,1,0,0,1.0805933925439604e-10,True
G06,29,M0,0.1,S0,29,2294,48174,1,1,0,0,1.8451373762218282e-10,True
G06,30,M0,0.1,S0,30,2294,48174,1,1,0,0,1.3221779227023944e-10,True
G06,31,M0,0.1,S0,31,2294,48174,1,1,0,0,8.856204658513889e-11,True
G06,32,M0,0.1,S1,0,2294,48174,0,0,0,0,0.0,True
G06,33,M0,0.1,S1,1,2294,48174,0,0,0,0,0.0,True
G06,34,M0,0.1,S1,2,2294,48174,0,0,0,0,0.0,True
G06,35,M0,0.1,S1,3,2294,48174,0,0,0,0,0.0,True
G06,36,M0,0.1,S1,4,2294,48174,0,0,0,0,0.0,True
G06,37,M0,0.1,S1,5,2294,48174,0,0,0,0,0.0,True
G06,38,M0,0.1,S1,6,2294,48174,0,0,0,0,0.0,True
G06,39,M0,0.1,S1,7,2294,48174,0,0,0,0,0.0,True
G06,40,M0,0.1,S1,8,2294,48174,0,0,0,0,0.0,True
G06,41,M0,0.1,S1,9,2294,48174,0,0,0,0,0.0,True
G06,42,M0,0.1,S1,10,2294,48174,0,0,0,0,0.0,True
G06,43,M0,0.1,S1,11,2294,48174,0,0,0,0,0.0,True
G06,44,M0,0.1,S1,12,2294,48174,0,0,0,0,0.0,True
G06,45,M0,0.1,S1,13,2294,48174,0,0,0,0,0.0,True
G06,46,M0,0.1,S1,14,2294,48174,0,0,0,0,0.0,True
G06,47,M0,0.1,S1,15,2294,48174,0,0,0,0,0.0,True
G06,48,M0,0.1,S1,16,2294,48174,0,0,0,0,0.0,True
G06,49,M0,0.1,S1,17,2294,48174,0,0,0,0,0.0,True
G06,50,M0,0.1,S1,18,2294,48174,0,0,0,0,0.0,True
G06,51,M0,0.1,S1,19,2294,48174,0,0,0,0,0.0,True
G06,52,M0,0.1,S1,20,2294,48174,0,0,0,0,0.0,True
G06,53,M0,0.1,S1,21,2294,48174,0,0,0,0,0.0,True
G06,54,M0,0.1,S1,22,2294,48174,0,0,0,0,0.0,True
G06,55,M0,0.1,S1,23,2294,48174,0,0,0,0,0.0,True
G06,56,M0,0.1,S1,24,2294,48174,0,0,0,0,0.0,True
G06,57,M0,0.1,S1,25,2294,48174,0,0,0,0,0.0,True
G06,58,M0,0.1,S1,26,2294,48174,0,0,0,0,0.0,True
G06,59,M0,0.1,S1,27,2294,48174,0,0,0,0,0.0,True
G06,60,M0,0.1,S1,28,2294,48174,0,0,0,0,0.0,True
G06,61,M0,0.1,S1,29,2294,48174,0,0,0,0,0.0,True
G06,62,M0,0.1,S1,30,2294,48174,0,0,0,0,0.0,True
G06,63,M0,0.1,S1,31,2294,48174,0,0,0,0,0.0,True
G06,64,M0,0.1,S2,0,2294,48174,0,0,0,0,0.0,True
G06,65,M0,0.1,S2,1,2294,48174,0,0,0,0,0.0,True
G06,66,M0,0.1,S2,2,2294,48174,0,0,0,0,0.0,True
G06,67,M0,0.1,S2,3,2294,48174,0,0,0,0,0.0,True
G06,68,M0,0.1,S2,4,2294,48174,0,0,0,0,0.0,True
G06,69,M0,0.1,S2,5,2294,48174,0,0,0,0,0.0,True
G06,70,M0,0.1,S2,6,2294,48174,0,0,0,0,0.0,True
G06,71,M0,0.1,S2,7,2294,48174,0,0,0,0,0.0,True
G06,72,M0,0.1,S2,8,2294,48174,0,0,0,0,0.0,True
G06,73,M0,0.1,S2,9,2294,48174,0,0,0,0,0.0,True
G06,74,M0,0.1,S2,10,2294,48174,0,0,0,0,0.0,True
G06,75,M0,0.1,S2,11,2294,48174,0,0,0,0,0.0,True
G06,76,M0,0.1,S2,12,2294,48174,0,0,0,0,0.0,True
G06,77,M0,0.1,S2,13,2294,48174,0,0,0,0,0.0,True
G06,78,M0,0.1,S2,14,2294,48174,0,0,0,0,0.0,True
G06,79,M0,0.1,S2,15,2294,48174,0,0,0,0,0.0,True
G06,80,M0,0.1,S2,16,2294,48174,0,0,0,0,0.0,True
G06,81,M0,0.1,S2,17,2294,48174,0,0,0,0,0.0,True
G06,82,M0,0.1,S2,18,2294,48174,0,0,0,0,0.0,True
G06,83,M0,0.1,S2,19,2294,48174,0,0,0,0,0.0,True
G06,84,M0,0.1,S2,20,2294,48174,0,0,0,0,0.0,True
G06,85,M0,0.1,S2,21,2294,48174,0,0,0,0,0.0,True
G06,86,M0,0.1,S2,22,2294,48174,0,0,0,0,0.0,True
G06,87,M0,0.1,S2,23,2294,48174,0,0,0,0,0.0,True
G06,88,M0,0.1,S2,24,2294,48174,0,0,0,0,0.0,True
G06,89,M0,0.1,S2,25,2294,48174,0,0,0,0,0.0,True
G06,90,M0,0.1,S2,26,2294,48174,0,0,0,0,0.0,True
G06,91,M0,0.1,S2,27,2294,48174,0,0,0,0,0.0,True
G06,92,M0,0.1,S2,28,2294,48174,0,0,0,0,0.0,True
G06,93,M0,0.1,S2,29,2294,48174,0,0,0,0,0.0,True
G06,94,M0,0.1,S2,30,2294,48174,0,0,0,0,0.0,True
G06,95,M0,0.1,S2,31,2294,48174,0,0,0,0,0.0,True
G06,96,M0,0.1,S3,0,2294,48174,0,0,0,0,0.0,True
G06,97,M0,0.1,S3,1,2294,48174,0,0,0,0,0.0,True
G06,98,M0,0.1,S3,2,2294,48174,0,0,0,0,0.0,True
G06,99,M0,0.1,S3,3,2294,48174,0,0,0,0,0.0,True
G06,100,M0,0.1,S3,4,2294,48174,0,0,0,0,0.0,True
G06,101,M0,0.1,S3,5,2294,48174,0,0,0,0,0.0,True
G06,102,M0,0.1,S3,6,2294,48174,0,0,0,0,0.0,True
G06,103,M0,0.1,S3,7,2294,48174,0,0,0,0,0.0,True
G06,104,M0,0.1,S3,8,2294,48174,0,0,0,0,0.0,True
G06,105,M0,0.1,S3,9,2294,48174,0,0,0,0,0.0,True
G06,106,M0,0.1,S3,10,2294,48174,0,0,0,0,0.0,True
G06,107,M0,0.1,S3,11,2294,48174,0,0,0,0,0.0,True
G06,108,M0,0.1,S3,12,2294,48174,0,0,0,0,0.0,True
G06,109,M0,0.1,S3,13,2294,48174,0,0,0,0,0.0,True
G06,110,M0,0.1,S3,14,2294,48174,0,0,0,0,0.0,True
G06,111,M0,0.1,S3,15,2294,48174,0,0,0,0,0.0,True
G06,112,M0,0.1,S3,16,2294,48174,0,0,0,0,0.0,True
G06,113,M0,0.1,S3,17,2294,48174,0,0,0,0,0.0,True
G06,114,M0,0.1,S3,18,2294,48174,0,0,0,0,0.0,True
G06,115,M0,0.1,S3,19,2294,48174,0,0,0,0,0.0,True
G06,116,M0,0.1,S3,20,2294,48174,0,0,0,0,0.0,True
G06,117,M0,0.1,S3,21,2294,48174,0,0,0,0,0.0,True
G06,118,M0,0.1,S3,22,2294,48174,0,0,0,0,0.0,True
G06,119,M0,0.1,S3,23,2294,48174,0,0,0,0,0.0,True
G06,120,M0,0.1,S3,24,2294,48174,0,0,0,0,0.0,True
G06,121,M0,0.1,S3,25,2294,48174,0,0,0,0,0.0,True
G06,122,M0,0.1,S3,26,2294,48174,0,0,0,0,0.0,True
G06,123,M0,0.1,S3,27,2294,48174,0,0,0,0,0.0,True
G06,124,M0,0.1,S3,28,2294,48174,0,0,0,0,0.0,True
G06,125,M0,0.1,S3,29,2294,48174,0,0,0,0,0.0,True
G06,126,M0,0.1,S3,30,2294,48174,0,0,0,0,0.0,True
G06,127,M0,0.1,S3,31,2294,48174,0,0,0,0,0.0,True
G06,128,M0,0.25,S0,0,2294,48174,0,0,0,0,0.0,True
G06,129,M0,0.25,S0,1,2294,48174,1,1,0,0,3.728928277269006e-11,True
G06,130,M0,0.25,S0,2,2294,48174,1,1,0,0,1.0800249583553523e-12,True
G06,131,M0,0.25,S0,3,2294,48174,1,1,0,0,2.376054908381775e-11,True
G06,132,M0,0.25,S0,4,2294,48174,1,1,0,0,2.9956481739645824e-11,True
G06,133,M0,0.25,S0,5,2294,48174,1,1,0,0,2.1373125491663814e-11,True
G06,134,M0,0.25,S0,6,2294,48174,1,1,0,0,4.263256414560601e-12,True
G06,135,M0,0.25,S0,7,2294,48174,1,1,0,0,6.969003152335063e-11,True
G06,136,M0,0.25,S0,8,2294,48174,0,0,0,0,0.0,True
G06,137,M0,0.25,S0,9,2294,48174,1,1,0,0,6.286882126005366e-11,True
G06,138,M0,0.25,S0,10,2294,48174,1,1,0,0,1.3244516594568267e-11,True
G06,139,M0,0.25,S0,11,2294,48174,1,1,0,0,1.921307557495311e-11,True
G06,140,M0,0.25,S0,12,2294,48174,1,1,0,0,3.893774191965349e-11,True
G06,141,M0,0.25,S0,13,2294,48174,1,1,0,0,4.5133674575481564e-11,True
G06,142,M0,0.25,S0,14,2294,48174,1,1,0,0,4.3371528590796515e-11,True
G06,143,M0,0.25,S0,15,2294,48174,1,1,0,0,5.496758603840135e-11,True
G06,144,M0,0.25,S0,16,2294,48174,1,1,0,0,1.3642420526593924e-11,True
G06,145,M0,0.25,S0,17,2294,48174,1,1,0,0,4.240519047016278e-11,True
G06,146,M0,0.25,S0,18,2294,48174,1,1,0,0,6.17319528828375e-11,True
G06,147,M0,0.25,S0,19,2294,48174,0,0,0,0,0.0,True
G06,148,M0,0.25,S0,20,2294,48174,0,0,0,0,0.0,True
G06,149,M0,0.25,S0,21,2294,48174,1,1,0,0,4.5929482439532876e-11,True
G06,150,M0,0.25,S0,22,2294,48174,1,1,0,0,9.839595804805867e-11,True
G06,151,M0,0.25,S0,23,2294,48174,1,1,0,0,2.262368070660159e-11,True
G06,152,M0,0.25,S0,24,2294,48174,1,1,0,0,5.263700586510822e-11,True
G06,153,M0,0.25,S0,25,2294,48174,1,1,0,0,2.1373125491663814e-11,True
G06,154,M0,0.25,S0,26,2294,48174,0,0,0,0,0.0,True
G06,155,M0,0.25,S0,27,2294,48174,1,1,0,0,4.729372449219227e-11,True
G06,156,M0,0.25,S0,28,2294,48174,1,1,0,0,1.4779288903810084e-12,True
G06,157,M0,0.25,S0,29,2294,48174,1,1,0,0,7.503331289626658e-11,True
G06,158,M0,0.25,S0,30,2294,48174,1,1,0,0,4.240519047016278e-11,True
G06,159,M0,0.25,S0,31,2294,48174,1,1,0,0,3.802824721788056e-11,True
G06,160,M0,0.25,S1,0,2294,48174,0,0,0,0,0.0,True
G06,161,M0,0.25,S1,1,2294,48174,0,0,0,0,0.0,True
G06,162,M0,0.25,S1,2,2294,48174,0,0,0,0,0.0,True
G06,163,M0,0.25,S1,3,2294,48174,0,0,0,0,0.0,True
G06,164,M0,0.25,S1,4,2294,48174,0,0,0,0,0.0,True
G06,165,M0,0.25,S1,5,2294,48174,0,0,0,0,0.0,True
G06,166,M0,0.25,S1,6,2294,48174,0,0,0,0,0.0,True
G06,167,M0,0.25,S1,7,2294,48174,0,0,0,0,0.0,True
G06,168,M0,0.25,S1,8,2294,48174,0,0,0,0,0.0,True
G06,169,M0,0.25,S1,9,2294,48174,0,0,0,0,0.0,True
G06,170,M0,0.25,S1,10,2294,48174,0,0,0,0,0.0,True
G06,171,M0,0.25,S1,11,2294,48174,0,0,0,0,0.0,True
G06,172,M0,0.25,S1,12,2294,48174,0,0,0,0,0.0,True
G06,173,M0,0.25,S1,13,2294,48174,0,0,0,0,0.0,True
G06,174,M0,0.25,S1,14,2294,48174,0,0,0,0,0.0,True
G06,175,M0,0.25,S1,15,2294,48174,0,0,0,0,0.0,True
G06,176,M0,0.25,S1,16,2294,48174,0,0,0,0,0.0,True
G06,177,M0,0.25,S1,17,2294,48174,0,0,0,0,0.0,True
G06,178,M0,0.25,S1,18,2294,48174,0,0,0,0,0.0,True
G06,179,M0,0.25,S1,19,2294,48174,0,0,0,0,0.0,True
G06,180,M0,0.25,S1,20,2294,48174,0,0,0,0,0.0,True
G06,181,M0,0.25,S1,21,2294,48174,0,0,0,0,0.0,True
G06,182,M0,0.25,S1,22,2294,48174,0,0,0,0,0.0,True
G06,183,M0,0.25,S1,23,2294,48174,0,0,0,0,0.0,True
G06,184,M0,0.25,S1,24,2294,48174,0,0,0,0,0.0,True
G06,185,M0,0.25,S1,25,2294,48174,0,0,0,0,0.0,True
G06,186,M0,0.25,S1,26,2294,48174,0,0,0,0,0.0,True
G06,187,M0,0.25,S1,27,2294,48174,0,0,0,0,0.0,True
G06,188,M0,0.25,S1,28,2294,48174,0,0,0,0,0.0,True
G06,189,M0,0.25,S1,29,2294,48174,0,0,0,0,0.0,True
G06,190,M0,0.25,S1,30,2294,48174,0,0,0,0,0.0,True
G06,191,M0,0.25,S1,31,2294,48174,0,0,0,0,0.0,True
G06,192,M0,0.25,S2,0,2294,48174,0,0,0,0,0.0,True
G06,193,M0,0.25,S2,1,2294,48174,0,0,0,0,0.0,True
G06,194,M0,0.25,S2,2,2294,48174,0,0,0,0,0.0,True
G06,195,M0,0.25,S2,3,2294,48174,0,0,0,0,0.0,True
G06,196,M0,0.25,S2,4,2294,48174,0,0,0,0,0.0,True
G06,197,M0,0.25,S2,5,2294,48174,0,0,0,0,0.0,True
G06,198,M0,0.25,S2,6,2294,48174,0,0,0,0,0.0,True
G06,199,M0,0.25,S2,7,2294,48174,0,0,0,0,0.0,True
G06,200,M0,0.25,S2,8,2294,48174,0,0,0,0,0.0,True
G06,201,M0,0.25,S2,9,2294,48174,0,0,0,0,0.0,True
G06,202,M0,0.25,S2,10,2294,48174,0,0,0,0,0.0,True
G06,203,M0,0.25,S2,11,2294,48174,0,0,0,0,0.0,True
G06,204,M0,0.25,S2,12,2294,48174,0,0,0,0,0.0,True
G06,205,M0,0.25,S2,13,2294,48174,0,0,0,0,0.0,True
G06,206,M0,0.25,S2,14,2294,48174,0,0,0,0,0.0,True
G06,207,M0,0.25,S2,15,2294,48174,0,0,0,0,0.0,True
G06,208,M0,0.25,S2,16,2294,48174,0,0,0,0,0.0,True
G06,209,M0,0.25,S2,17,2294,48174,0,0,0,0,0.0,True
G06,210,M0,0.25,S2,18,2294,48174,0,0,0,0,0.0,True
G06,211,M0,0.25,S2,19,2294,48174,0,0,0,0,0.0,True
G06,212,M0,0.25,S2,20,2294,48174,0,0,0,0,0.0,True
G06,213,M0,0.25,S2,21,2294,48174,0,0,0,0,0.0,True
G06,214,M0,0.25,S2,22,2294,48174,0,0,0,0,0.0,True
G06,215,M0,0.25,S2,23,2294,48174,0,0,0,0,0.0,True
G06,216,M0,0.25,S2,24,2294,48174,0,0,0,0,0.0,True
G06,217,M0,0.25,S2,25,2294,48174,0,0,0,0,0.0,True
G06,218,M0,0.25,S2,26,2294,48174,0,0,0,0,0.0,True
G06,219,M0,0.25,S2,27,2294,48174,0,0,0,0,0.0,True
G06,220,M0,0.25,S2,28,2294,48174,0,0,0,0,0.0,True
G06,221,M0,0.25,S2,29,2294,48174,0,0,0,0,0.0,True
G06,222,M0,0.25,S2,30,2294,48174,0,0,0,0,0.0,True
G06,223,M0,0.25,S2,31,2294,48174,0,0,0,0,0.0,True
G06,224,M0,0.25,S3,0,2294,48174,0,0,0,0,0.0,True
G06,225,M0,0.25,S3,1,2294,48174,0,0,0,0,0.0,True
G06,226,M0,0.25,S3,2,2294,48174,0,0,0,0,0.0,True
G06,227,M0,0.25,S3,3,2294,48174,0,0,0,0,0.0,True
G06,228,M0,0.25,S3,4,2294,48174,0,0,0,0,0.0,True
G06,229,M0,0.25,S3,5,2294,48174,0,0,0,0,0.0,True
G06,230,M0,0.25,S3,6,2294,48174,0,0,0,0,0.0,True
G06,231,M0,0.25,S3,7,2294,48174,0,0,0,0,0.0,True
G06,232,M0,0.25,S3,8,2294,48174,0,0,0,0,0.0,True
G06,233,M0,0.25,S3,9,2294,48174,0,0,0,0,0.0,True
G06,234,M0,0.25,S3,10,2294,48174,0,0,0,0,0.0,True
G06,235,M0,0.25,S3,11,2294,48174,0,0,0,0,0.0,True
G06,236,M0,0.25,S3,12,2294,48174,0,0,0,0,0.0,True
G06,237,M0,0.25,S3,13,2294,48174,0,0,0,0,0.0,True
G06,238,M0,0.25,S3,14,2294,48174,0,0,0,0,0.0,True
G06,239,M0,0.25,S3,15,2294,48174,0,0,0,0,0.0,True
G06,240,M0,0.25,S3,16,2294,48174,0,0,0,0,0.0,True
G06,241,M0,0.25,S3,17,2294,48174,0,0,0,0,0.0,True
G06,242,M0,0.25,S3,18,2294,48174,0,0,0,0,0.0,True
G06,243,M0,0.25,S3,19,2294,48174,0,0,0,0,0.0,True
G06,244,M0,0.25,S3,20,2294,48174,0,0,0,0,0.0,True
G06,245,M0,0.25,S3,21,2294,48174,0,0,0,0,0.0,True
G06,246,M0,0.25,S3,22,2294,48174,0,0,0,0,0.0,True
G06,247,M0,0.25,S3,23,2294,48174,0,0,0,0,0.0,True
G06,248,M0,0.25,S3,24,2294,48174,0,0,0,0,0.0,True
G06,249,M0,0.25,S3,25,2294,48174,0,0,0,0,0.0,True
G06,250,M0,0.25,S3,26,2294,48174,0,0,0,0,0.0,True
G06,251,M0,0.25,S3,27,2294,48174,0,0,0,0,0.0,True
G06,252,M0,0.25,S3,28,2294,48174,0,0,0,0,0.0,True
G06,253,M0,0.25,S3,29,2294,48174,0,0,0,0,0.0,True
G06,254,M0,0.25,S3,30,2294,48174,0,0,0,0,0.0,True
G06,255,M0,0.25,S3,31,2294,48174,0,0,0,0,0.0,True
G06,256,M0,0.5,S0,0,2294,48174,0,0,0,0,0.0,True
G06,257,M0,0.5,S0,1,2294,48174,1,1,0,0,7.958078640513122e-12,True
G06,258,M0,0.5,S0,2,2294,48174,1,1,0,0,6.0254023992456496e-12,True
G06,259,M0,0.5,S0,3,2294,48174,1,1,0,0,1.5688783605583012e-11,True
G06,260,M0,0.5,S0,4,2294,48174,1,1,0,0,7.958078640513122e-12,True
G06,261,M0,0.5,S0,5,2294,48174,1,1,0,0,6.139089236967266e-12,True
G06,262,M0,0.5,S0,6,2294,48174,1,1,0,0,2.3305801732931286e-12,True
G06,263,M0,0.5,S0,7,2294,48174,1,1,0,0,2.4442670110147446e-12,True
G06,264,M0,0.5,S0,8,2294,48174,0,0,0,0,0.0,True
G06,265,M0,0.5,S0,9,2294,48174,1,1,0,0,1.7678303265711293e-11,True
G06,266,M0,0.5,S0,10,2294,48174,1,1,0,0,5.5706550483591855e-12,True
G06,267,M0,0.5,S0,11,2294,48174,1,1,0,0,5.4569682106375694e-12,True
G06,268,M0,0.5,S0,12,2294,48174,1,1,0,0,2.1600499167107046e-12,True
G06,269,M0,0.5,S0,13,2294,48174,1,1,0,0,1.5006662579253316e-11,True
G06,270,M0,0.5,S0,14,2294,48174,1,1,0,0,1.48929757415317e-11,True
G06,271,M0,0.5,S0,15,2294,48174,1,1,0,0,1.693933882052079e-11,True
G06,272,M0,0.5,S0,16,2294,48174,1,1,0,0,5.9117155615240335e-12,True
G06,273,M0,0.5,S0,17,2294,48174,1,1,0,0,7.844391802791506e-12,True
G06,274,M0,0.5,S0,18,2294,48174,1,1,0,0,4.092726157978177e-12,True
G06,275,M0,0.5,S0,19,2294,48174,0,0,0,0,0.0,True
G06,276,M0,0.5,S0,20,2294,48174,0,0,0,0,0.0,True
G06,277,M0,0.5,S0,21,2294,48174,1,1,0,0,2.3874235921539366e-12,True
G06,278,M0,0.5,S0,22,2294,48174,1,1,0,0,3.296918293926865e-12,True
G06,279,M0,0.5,S0,23,2294,48174,1,1,0,0,8.810729923425242e-12,True
G06,280,M0,0.5,S0,24,2294,48174,1,1,0,0,1.546140993013978e-11,True
G06,281,M0,0.5,S0,25,2294,48174,1,1,0,0,5.5706550483591855e-12,True
G06,282,M0,0.5,S0,26,2294,48174,0,0,0,0,0.0,True
G06,283,M0,0.5,S0,27,2294,48174,1,1,0,0,5.002220859751105e-12,True
G06,284,M0,0.5,S0,28,2294,48174,1,1,0,0,8.355982572538778e-12,True
G06,285,M0,0.5,S0,29,2294,48174,1,1,0,0,2.2737367544323206e-12,True
G06,286,M0,0.5,S0,30,2294,48174,1,1,0,0,4.945377440890297e-12,True
G06,287,M0,0.5,S0,31,2294,48174,1,1,0,0,8.640199666842818e-12,True
G06,288,M0,0.5,S1,0,2294,48174,0,0,0,0,0.0,True
G06,289,M0,0.5,S1,1,2294,48174,0,0,0,0,0.0,True
G06,290,M0,0.5,S1,2,2294,48174,0,0,0,0,0.0,True
G06,291,M0,0.5,S1,3,2294,48174,0,0,0,0,0.0,True
G06,292,M0,0.5,S1,4,2294,48174,0,0,0,0,0.0,True
G06,293,M0,0.5,S1,5,2294,48174,0,0,0,0,0.0,True
G06,294,M0,0.5,S1,6,2294,48174,0,0,0,0,0.0,True
G06,295,M0,0.5,S1,7,2294,48174,0,0,0,0,0.0,True
G06,296,M0,0.5,S1,8,2294,48174,0,0,0,0,0.0,True
G06,297,M0,0.5,S1,9,2294,48174,0,0,0,0,0.0,True
G06,298,M0,0.5,S1,10,2294,48174,0,0,0,0,0.0,True
G06,299,M0,0.5,S1,11,2294,48174,0,0,0,0,0.0,True
G06,300,M0,0.5,S1,12,2294,48174,0,0,0,0,0.0,True
G06,301,M0,0.5,S1,13,2294,48174,0,0,0,0,0.0,True
G06,302,M0,0.5,S1,14,2294,48174,0,0,0,0,0.0,True
G06,303,M0,0.5,S1,15,2294,48174,0,0,0,0,0.0,True
G06,304,M0,0.5,S1,16,2294,48174,0,0,0,0,0.0,True
G06,305,M0,0.5,S1,17,2294,48174,0,0,0,0,0.0,True
G06,306,M0,0.5,S1,18,2294,48174,0,0,0,0,0.0,True
G06,307,M0,0.5,S1,19,2294,48174,0,0,0,0,0.0,True
G06,308,M0,0.5,S1,20,2294,48174,0,0,0,0,0.0,True
G06,309,M0,0.5,S1,21,2294,48174,0,0,0,0,0.0,True
G06,310,M0,0.5,S1,22,2294,48174,0,0,0,0,0.0,True
G06,311,M0,0.5,S1,23,2294,48174,0,0,0,0,0.0,True
G06,312,M0,0.5,S1,24,2294,48174,0,0,0,0,0.0,True
G06,313,M0,0.5,S1,25,2294,48174,0,0,0,0,0.0,True
G06,314,M0,0.5,S1,26,2294,48174,0,0,0,0,0.0,True
G06,315,M0,0.5,S1,27,2294,48174,0,0,0,0,0.0,True
G06,316,M0,0.5,S1,28,2294,48174,0,0,0,0,0.0,True
G06,317,M0,0.5,S1,29,2294,48174,0,0,0,0,0.0,True
G06,318,M0,0.5,S1,30,2294,48174,0,0,0,0,0.0,True
G06,319,M0,0.5,S1,31,2294,48174,0,0,0,0,0.0,True
G06,320,M0,0.5,S2,0,2294,48174,0,0,0,0,0.0,True
G06,321,M0,0.5,S2,1,2294,48174,0,0,0,0,0.0,True
G06,322,M0,0.5,S2,2,2294,48174,0,0,0,0,0.0,True
G06,323,M0,0.5,S2,3,2294,48174,0,0,0,0,0.0,True
G06,324,M0,0.5,S2,4,2294,48174,0,0,0,0,0.0,True
G06,325,M0,0.5,S2,5,2294,48174,0,0,0,0,0.0,True
G06,326,M0,0.5,S2,6,2294,48174,0,0,0,0,0.0,True
G06,327,M0,0.5,S2,7,2294,48174,0,0,0,0,0.0,True
G06,328,M0,0.5,S2,8,2294,48174,0,0,0,0,0.0,True
G06,329,M0,0.5,S2,9,2294,48174,0,0,0,0,0.0,True
G06,330,M0,0.5,S2,10,2294,48174,0,0,0,0,0.0,True
G06,331,M0,0.5,S2,11,2294,48174,0,0,0,0,0.0,True
G06,332,M0,0.5,S2,12,2294,48174,0,0,0,0,0.0,True
G06,333,M0,0.5,S2,13,2294,48174,0,0,0,0,0.0,True
G06,334,M0,0.5,S2,14,2294,48174,0,0,0,0,0.0,True
G06,335,M0,0.5,S2,15,2294,48174,0,0,0,0,0.0,True
G06,336,M0,0.5,S2,16,2294,48174,0,0,0,0,0.0,True
G06,337,M0,0.5,S2,17,2294,48174,0,0,0,0,0.0,True
G06,338,M0,0.5,S2,18,2294,48174,0,0,0,0,0.0,True
G06,339,M0,0.5,S2,19,2294,48174,0,0,0,0,0.0,True
G06,340,M0,0.5,S2,20,2294,48174,0,0,0,0,0.0,True
G06,341,M0,0.5,S2,21,2294,48174,0,0,0,0,0.0,True
G06,342,M0,0.5,S2,22,2294,48174,0,0,0,0,0.0,True
G06,343,M0,0.5,S2,23,2294,48174,0,0,0,0,0.0,True
G06,344,M0,0.5,S2,24,2294,48174,0,0,0,0,0.0,True
G06,345,M0,0.5,S2,25,2294,48174,0,0,0,0,0.0,True
G06,346,M0,0.5,S2,26,2294,48174,0,0,0,0,0.0,True
G06,347,M0,0.5,S2,27,2294,48174,0,0,0,0,0.0,True
G06,348,M0,0.5,S2,28,2294,48174,0,0,0,0,0.0,True
G06,349,M0,0.5,S2,29,2294,48174,0,0,0,0,0.0,True
G06,350,M0,0.5,S2,30,2294,48174,0,0,0,0,0.0,True
G06,351,M0,0.5,S2,31,2294,48174,0,0,0,0,0.0,True
G06,352,M0,0.5,S3,0,2294,48174,0,0,0,0,0.0,True
G06,353,M0,0.5,S3,1,2294,48174,0,0,0,0,0.0,True
G06,354,M0,0.5,S3,2,2294,48174,0,0,0,0,0.0,True
G06,355,M0,0.5,S3,3,2294,48174,0,0,0,0,0.0,True
G06,356,M0,0.5,S3,4,2294,48174,0,0,0,0,0.0,True
G06,357,M0,0.5,S3,5,2294,48174,0,0,0,0,0.0,True
G06,358,M0,0.5,S3,6,2294,48174,0,0,0,0,0.0,True
G06,359,M0,0.5,S3,7,2294,48174,0,0,0,0,0.0,True
G06,360,M0,0.5,S3,8,2294,48174,0,0,0,0,0.0,True
G06,361,M0,0.5,S3,9,2294,48174,0,0,0,0,0.0,True
G06,362,M0,0.5,S3,10,2294,48174,0,0,0,0,0.0,True
G06,363,M0,0.5,S3,11,2294,48174,0,0,0,0,0.0,True
G06,364,M0,0.5,S3,12,2294,48174,0,0,0,0,0.0,True
G06,365,M0,0.5,S3,13,2294,48174,0,0,0,0,0.0,True
G06,366,M0,0.5,S3,14,2294,48174,0,0,0,0,0.0,True
G06,367,M0,0.5,S3,15,2294,48174,0,0,0,0,0.0,True
G06,368,M0,0.5,S3,16,2294,48174,0,0,0,0,0.0,True
G06,369,M0,0.5,S3,17,2294,48174,0,0,0,0,0.0,True
G06,370,M0,0.5,S3,18,2294,48174,0,0,0,0,0.0,True
G06,371,M0,0.5,S3,19,2294,48174,0,0,0,0,0.0,True
G06,372,M0,0.5,S3,20,2294,48174,0,0,0,0,0.0,True
G06,373,M0,0.5,S3,21,2294,48174,0,0,0,0,0.0,True
G06,374,M0,0.5,S3,22,2294,48174,0,0,0,0,0.0,True
G06,375,M0,0.5,S3,23,2294,48174,0,0,0,0,0.0,True
G06,376,M0,0.5,S3,24,2294,48174,0,0,0,0,0.0,True
G06,377,M0,0.5,S3,25,2294,48174,0,0,0,0,0.0,True
G06,378,M0,0.5,S3,26,2294,48174,0,0,0,0,0.0,True
G06,379,M0,0.5,S3,27,2294,48174,0,0,0,0,0.0,True
G06,380,M0,0.5,S3,28,2294,48174,0,0,0,0,0.0,True
G06,381,M0,0.5,S3,29,2294,48174,0,0,0,0,0.0,True
G06,382,M0,0.5,S3,30,2294,48174,0,0,0,0,0.0,True
G06,383,M0,0.5,S3,31,2294,48174,0,0,0,0,0.0,True
G06,0,M1,0.1,S0,0,2294,48174,0,0,0,0,0.0,True
G06,1,M1,0.1,S0,1,2294,48174,1,1,0,0,1.864464138634503e-11,True
G06,2,M1,0.1,S0,2,2294,48174,1,1,0,0,1.5450041246367618e-10,True
G06,3,M1,0.1,S0,3,2294,48174,1,1,0,0,2.884803507186007e-10,True
G06,4,M1,0.1,S0,4,2294,48174,1,1,0,0,6.093614501878619e-11,True
G06,5,M1,0.1,S0,5,2294,48174,1,1,0,0,1.3073986337985843e-11,True
G06,6,M1,0.1,S0,6,2294,48174,1,1,0,0,2.0258994481991976e-10,True
G06,7,M1,0.1,S0,7,2294,48174,1,1,0,0,2.0975221559638157e-11,True
G06,8,M1,0.1,S0,8,2294,48174,1,1,0,0,1.0987832865794189e-10,True
G06,9,M1,0.1,S0,9,2294,48174,1,1,0,0,1.3295675671542995e-10,True
G06,10,M1,0.1,S0,10,2294,48174,1,1,0,0,4.949356480210554e-10,True
G06,11,M1,0.1,S0,11,2294,48174,1,1,0,0,2.575006874394603e-11,True
G06,12,M1,0.1,S0,12,2294,48174,1,1,0,0,2.8256863515707664e-10,True
G06,13,M1,0.1,S0,13,2294,48174,1,1,0,0,3.2162006391445175e-10,True
G06,14,M1,0.1,S0,14,2294,48174,1,1,0,0,1.6677859093761072e-10,True
G06,15,M1,0.1,S0,15,2294,48174,1,1,0,0,9.14610609470401e-11,True
G06,16,M1,0.1,S0,16,2294,48174,1,1,0,0,1.6041212802520022e-10,True
G06,17,M1,0.1,S0,17,2294,48174,1,1,0,0,8.151346264639869e-11,True
G06,18,M1,0.1,S0,18,2294,48174,1,1,0,0,1.0908252079389058e-10,True
G06,19,M1,0.1,S0,19,2294,48174,0,0,0,0,0.0,True
G06,20,M1,0.1,S0,20,2294,48174,0,0,0,0,0.0,True
G06,21,M1,0.1,S0,21,2294,48174,1,1,0,0,1.6689227777533233e-10,True
G06,22,M1,0.1,S0,22,2294,48174,1,1,0,0,6.252776074688882e-13,True
G06,23,M1,0.1,S0,23,2294,48174,1,1,0,0,1.4716761143063195e-10,True
G06,24,M1,0.1,S0,24,2294,48174,1,1,0,0,9.663381206337363e-11,True
G06,25,M1,0.1,S0,25,2294,48174,1,1,0,0,3.525997271935921e-10,True
G06,26,M1,0.1,S0,26,2294,48174,1,1,0,0,1.2653345038415864e-10,True
G06,27,M1,0.1,S0,27,2294,48174,1,1,0,0,1.8781065591610968e-10,True
G06,28,M1,0.1,S0,28,2294,48174,1,1,0,0,1.8957280190079473e-10,True
G06,29,M1,0.1,S0,29,2294,48174,1,1,0,0,2.2851054382044822e-11,True
G06,30,M1,0.1,S0,30,2294,48174,1,1,0,0,1.8479795471648686e-10,True
G06,31,M1,0.1,S0,31,2294,48174,1,1,0,0,9.418954505235888e-11,True
G06,32,M1,0.1,S1,0,2294,48174,0,0,0,0,0.0,True
G06,33,M1,0.1,S1,1,2294,48174,1,1,0,0,2.0054358174093068e-10,True
G06,34,M1,0.1,S1,2,2294,48174,1,1,0,0,6.349409886752255e-11,True
G06,35,M1,0.1,S1,3,2294,48174,1,1,0,0,1.0652456694515422e-10,True
G06,36,M1,0.1,S1,4,2294,48174,1,1,0,0,3.001332515850663e-11,True
G06,37,M1,0.1,S1,5,2294,48174,1,1,0,0,1.0413714335300028e-10,True
G06,38,M1,0.1,S1,6,2294,48174,1,1,0,0,2.935394149972126e-10,True
G06,39,M1,0.1,S1,7,2294,48174,1,1,0,0,2.063416104647331e-11,True
G06,40,M1,0.1,S1,8,2294,48174,1,1,0,0,1.949729266925715e-11,True
G06,41,M1,0.1,S1,9,2294,48174,1,1,0,0,4.9112713895738125e-11,True
G06,42,M1,0.1,S1,10,2294,48174,1,1,0,0,2.220303940703161e-10,True
G06,43,M1,0.1,S1,11,2294,48174,1,1,0,0,1.1732481652870774e-10,True
G06,44,M1,0.1,S1,12,2294,48174,1,1,0,0,1.7212187231052667e-10,True
G06,45,M1,0.1,S1,13,2294,48174,1,1,0,0,3.212790034012869e-10,True
G06,46,M1,0.1,S1,14,2294,48174,1,1,0,0,7.582912076031789e-11,True
G06,47,M1,0.1,S1,15,2294,48174,1,1,0,0,1.8241053112433292e-10,True
G06,48,M1,0.1,S1,16,2294,48174,1,1,0,0,2.148681232938543e-11,True
G06,49,M1,0.1,S1,17,2294,48174,1,1,0,0,9.549694368615746e-12,True
G06,50,M1,0.1,S1,18,2294,48174,1,1,0,0,1.0908252079389058e-10,True
G06,51,M1,0.1,S1,19,2294,48174,0,0,0,0,0.0,True
G06,52,M1,0.1,S1,20,2294,48174,0,0,0,0,0.0,True
G06,53,M1,0.1,S1,21,2294,48174,1,1,0,0,1.6689227777533233e-10,True
G06,54,M1,0.1,S1,22,2294,48174,1,1,0,0,9.202949513564818e-11,True
G06,55,M1,0.1,S1,23,2294,48174,1,1,0,0,5.616129783447832e-11,True
G06,56,M1,0.1,S1,24,2294,48174,1,1,0,0,2.7847590899909846e-10,True
G06,57,M1,0.1,S1,25,2294,48174,1,1,0,0,1.1709744285326451e-11,True
G06,58,M1,0.1,S1,26,2294,48174,1,1,0,0,5.547917680814862e-11,True
G06,59,M1,0.1,S1,27,2294,48174,1,1,0,0,5.9685589803848416e-12,True
G06,60,M1,0.1,S1,28,2294,48174,1,1,0,0,9.868017514236271e-11,True
G06,61,M1,0.1,S1,29,2294,48174,1,1,0,0,1.1380052455933765e-10,True
G06,62,M1,0.1,S1,30,2294,48174,1,1,0,0,2.7569058147491887e-10,True
G06,63,M1,0.1,S1,31,2294,48174,1,1,0,0,1.7894308257382363e-10,True
G06,64,M1,0.1,S2,0,2294,48174,0,0,0,0,0.0,True
G06,65,M1,0.1,S2,1,2294,48174,1,1,0,0,1.0970779840135947e-10,True
G06,66,M1,0.1,S2,2,2294,48174,1,1,0,0,6.355094228638336e-11,True
G06,67,M1,0.1,S2,3,2294,48174,1,1,0,0,1.9753088054130785e-10,True
G06,68,M1,0.1,S2,4,2294,48174,1,1,0,0,1.2107648217352107e-10,True
G06,69,M1,0.1,S2,5,2294,48174,1,1,0,0,1.0413714335300028e-10,True
G06,70,M1,0.1,S2,6,2294,48174,1,1,0,0,2.0258994481991976e-10,True
G06,71,M1,0.1,S2,7,2294,48174,1,1,0,0,2.0975221559638157e-11,True
G06,72,M1,0.1,S2,8,2294,48174,1,1,0,0,7.156586434575729e-11,True
G06,73,M1,0.1,S2,9,2294,48174,1,1,0,0,4.1950443119276315e-11,True
G06,74,M1,0.1,S2,10,2294,48174,1,1,0,0,2.2208723748917691e-10,True
G06,75,M1,0.1,S2,11,2294,48174,1,1,0,0,2.575006874394603e-11,True
G06,76,M1,0.1,S2,12,2294,48174,1,1,0,0,9.72022462519817e-12,True
G06,77,M1,0.1,S2,13,2294,48174,1,1,0,0,3.2162006391445175e-10,True
G06,78,M1,0.1,S2,14,2294,48174,1,1,0,0,7.582912076031789e-11,True
G06,79,M1,0.1,S2,15,2294,48174,1,1,0,0,9.157474778476171e-11,True
G06,80,M1,0.1,S2,16,2294,48174,1,1,0,0,6.94626578479074e-11,True
G06,81,M1,0.1,S2,17,2294,48174,1,1,0,0,9.379164112033322e-12,True
G06,82,M1,0.1,S2,18,2294,48174,1,1,0,0,1.858779796748422e-11,True
G06,83,M1,0.1,S2,19,2294,48174,0,0,0,0,0.0,True
G06,84,M1,0.1,S2,20,2294,48174,0,0,0,0,0.0,True
G06,85,M1,0.1,S2,21,2294,48174,1,1,0,0,7.594280759803951e-11,True
G06,86,M1,0.1,S2,22,2294,48174,1,1,0,0,1.0800249583553523e-12,True
G06,87,M1,0.1,S2,23,2294,48174,1,1,0,0,2.381739250267856e-10,True
G06,88,M1,0.1,S2,24,2294,48174,1,1,0,0,1.8758328224066645e-10,True
G06,89,M1,0.1,S2,25,2294,48174,1,1,0,0,1.1482370609883219e-11,True
G06,90,M1,0.1,S2,26,2294,48174,1,1,0,0,2.177102942368947e-10,True
G06,91,M1,0.1,S2,27,2294,48174,1,1,0,0,8.498091119690798e-11,True
G06,92,M1,0.1,S2,28,2294,48174,1,1,0,0,8.333245204994455e-11,True
G06,93,M1,0.1,S2,29,2294,48174,1,1,0,0,1.1391421139705926e-10,True
G06,94,M1,0.1,S2,30,2294,48174,1,1,0,0,1.8479795471648686e-10,True
G06,95,M1,0.1,S2,31,2294,48174,1,1,0,0,1.851958586485125e-10,True
G06,96,M1,0.1,S3,0,2294,48174,0,0,0,0,0.0,True
G06,97,M1,0.1,S3,1,2294,48174,0,0,0,0,0.0,True
G06,98,M1,0.1,S3,2,2294,48174,0,0,0,0,0.0,True
G06,99,M1,0.1,S3,3,2294,48174,0,0,0,0,0.0,True
G06,100,M1,0.1,S3,4,2294,48174,0,0,0,0,0.0,True
G06,101,M1,0.1,S3,5,2294,48174,0,0,0,0,0.0,True
G06,102,M1,0.1,S3,6,2294,48174,0,0,0,0,0.0,True
G06,103,M1,0.1,S3,7,2294,48174,0,0,0,0,0.0,True
G06,104,M1,0.1,S3,8,2294,48174,0,0,0,0,0.0,True
G06,105,M1,0.1,S3,9,2294,48174,0,0,0,0,0.0,True
G06,106,M1,0.1,S3,10,2294,48174,0,0,0,0,0.0,True
G06,107,M1,0.1,S3,11,2294,48174,0,0,0,0,0.0,True
G06,108,M1,0.1,S3,12,2294,48174,0,0,0,0,0.0,True
G06,109,M1,0.1,S3,13,2294,48174,0,0,0,0,0.0,True
G06,110,M1,0.1,S3,14,2294,48174,0,0,0,0,0.0,True
G06,111,M1,0.1,S3,15,2294,48174,0,0,0,0,0.0,True
G06,112,M1,0.1,S3,16,2294,48174,0,0,0,0,0.0,True
G06,113,M1,0.1,S3,17,2294,48174,0,0,0,0,0.0,True
G06,114,M1,0.1,S3,18,2294,48174,0,0,0,0,0.0,True
G06,115,M1,0.1,S3,19,2294,48174,0,0,0,0,0.0,True
G06,116,M1,0.1,S3,20,2294,48174,0,0,0,0,0.0,True
G06,117,M1,0.1,S3,21,2294,48174,0,0,0,0,0.0,True
G06,118,M1,0.1,S3,22,2294,48174,0,0,0,0,0.0,True
G06,119,M1,0.1,S3,23,2294,48174,0,0,0,0,0.0,True
G06,120,M1,0.1,S3,24,2294,48174,0,0,0,0,0.0,True
G06,121,M1,0.1,S3,25,2294,48174,0,0,0,0,0.0,True
G06,122,M1,0.1,S3,26,2294,48174,0,0,0,0,0.0,True
G06,123,M1,0.1,S3,27,2294,48174,0,0,0,0,0.0,True
G06,124,M1,0.1,S3,28,2294,48174,0,0,0,0,0.0,True
G06,125,M1,0.1,S3,29,2294,48174,0,0,0,0,0.0,True
G06,126,M1,0.1,S3,30,2294,48174,0,0,0,0,0.0,True
G06,127,M1,0.1,S3,31,2294,48174,0,0,0,0,0.0,True
G06,128,M1,0.25,S0,0,2294,48174,0,0,0,0,0.0,True
G06,129,M1,0.25,S0,1,2294,48174,1,1,0,0,2.7910118660656735e-11,True
G06,130,M1,0.25,S0,2,2294,48174,1,1,0,0,2.0236257114447653e-11,True
G06,131,M1,0.25,S0,3,2294,48174,1,1,0,0,4.092726157978177e-11,True
G06,132,M1,0.25,S0,4,2294,48174,1,1,0,0,1.2789769243681803e-11,True
G06,133,M1,0.25,S0,5,2294,48174,1,1,0,0,2.7398527890909463e-11,True
G06,134,M1,0.25,S0,6,2294,48174,1,1,0,0,5.229594535194337e-12,True
G06,135,M1,0.25,S0,7,2294,48174,1,1,0,0,3.0127011996228248e-12,True
G06,136,M1,0.25,S0,8,2294,48174,1,1,0,0,1.9554136088117957e-11,True
G06,137,M1,0.25,S0,9,2294,48174,1,1,0,0,7.787548383930698e-12,True
G06,138,M1,0.25,S0,10,2294,48174,1,1,0,0,9.322320693172514e-12,True
G06,139,M1,0.25,S0,11,2294,48174,1,1,0,0,2.4272139853565022e-11,True
G06,140,M1,0.25,S0,12,2294,48174,1,1,0,0,4.916955731459893e-11,True
G06,141,M1,0.25,S0,13,2294,48174,1,1,0,0,2.1941559680271894e-11,True
G06,142,M1,0.25,S0,14,2294,48174,1,1,0,0,1.6086687537608668e-11,True
G06,143,M1,0.25,S0,15,2294,48174,1,1,0,0,1.8758328224066645e-11,True
G06,144,M1,0.25,S0,16,2294,48174,1,1,0,0,5.127276381244883e-11,True
G06,145,M1,0.25,S0,17,2294,48174,1,1,0,0,3.313971319585107e-11,True
G06,146,M1,0.25,S0,18,2294,48174,1,1,0,0,1.978150976356119e-11,True
G06,147,M1,0.25,S0,19,2294,48174,0,0,0,0,0.0,True
G06,148,M1,0.25,S0,20,2294,48174,0,0,0,0,0.0,True
G06,149,M1,0.25,S0,21,2294,48174,1,1,0,0,1.9667822925839573e-11,True
G06,150,M1,0.25,S0,22,2294,48174,1,1,0,0,4.3144154915353283e-11,True
G06,151,M1,0.25,S0,23,2294,48174,1,1,0,0,5.1954884838778526e-11,True
G06,152,M1,0.25,S0,24,2294,48174,1,1,0,0,2.6147972675971687e-12,True
G06,153,M1,0.25,S0,25,2294,48174,1,1,0,0,1.261923898709938e-11,True
G06,154,M1,0.25,S0,26,2294,48174,1,1,0,0,3.2514435588382185e-11,True
G06,155,M1,0.25,S0,27,2294,48174,1,1,0,0,4.757794158649631e-11,True
G06,156,M1,0.25,S0,28,2294,48174,1,1,0,0,5.684341886080801e-13,True
G06,157,M1,0.25,S0,29,2294,48174,1,1,0,0,2.5011104298755527e-12,True
G06,158,M1,0.25,S0,30,2294,48174,1,1,0,0,1.7053025658242404e-12,True
G06,159,M1,0.25,S0,31,2294,48174,1,1,0,0,4.160938260611147e-11,True
G06,160,M1,0.25,S1,0,2294,48174,0,0,0,0,0.0,True
G06,161,M1,0.25,S1,1,2294,48174,1,1,0,0,3.0468072509393096e-11,True
G06,162,M1,0.25,S1,2,2294,48174,1,1,0,0,5.6843418860808015e-12,True
G06,163,M1,0.25,S1,3,2294,48174,1,1,0,0,2.637534635141492e-11,True
G06,164,M1,0.25,S1,4,2294,48174,1,1,0,0,2.7284841053187847e-11,True
G06,165,M1,0.25,S1,5,2294,48174,1,1,0,0,1.7621459846850485e-12,True
G06,166,M1,0.25,S1,6,2294,48174,1,1,0,0,3.433342499192804e-11,True
G06,167,M1,0.25,S1,7,2294,48174,1,1,0,0,2.603428583825007e-11,True
G06,168,M1,0.25,S1,8,2294,48174,1,1,0,0,4.888534022029489e-12,True
G06,169,M1,0.25,S1,9,2294,48174,1,1,0,0,6.764366844436154e-12,True
G06,170,M1,0.25,S1,10,2294,48174,1,1,0,0,3.461764208623208e-11,True
G06,171,M1,0.25,S1,11,2294,48174,1,1,0,0,3.865352482534945e-11,True
G06,172,M1,0.25,S1,12,2294,48174,1,1,0,0,6.372147254296578e-11,True
G06,173,M1,0.25,S1,13,2294,48174,1,1,0,0,2.177102942368947e-11,True
G06,174,M1,0.25,S1,14,2294,48174,1,1,0,0,1.6143530956469476e-11,True
G06,175,M1,0.25,S1,15,2294,48174,1,1,0,0,6.252776074688882e-11,True
G06,176,M1,0.25,S1,16,2294,48174,1,1,0,0,5.127276381244883e-11,True
G06,177,M1,0.25,S1,17,2294,48174,1,1,0,0,4.035882739117369e-12,True
G06,178,M1,0.25,S1,18,2294,48174,1,1,0,0,3.433342499192804e-11,True
G06,179,M1,0.25,S1,19,2294,48174,0,0,0,0,0.0,True
G06,180,M1,0.25,S1,20,2294,48174,0,0,0,0,0.0,True
G06,181,M1,0.25,S1,21,2294,48174,1,1,0,0,3.842615114990622e-11,True
G06,182,M1,0.25,S1,22,2294,48174,1,1,0,0,2.859223968698643e-11,True
G06,183,M1,0.25,S1,23,2294,48174,1,1,0,0,2.2794210963184014e-11,True
G06,184,M1,0.25,S1,24,2294,48174,1,1,0,0,2.6489033189136535e-11,True
G06,185,M1,0.25,S1,25,2294,48174,1,1,0,0,1.6427748050773516e-11,True
G06,186,M1,0.25,S1,26,2294,48174,1,1,0,0,3.2457592169521376e-11,True
G06,187,M1,0.25,S1,27,2294,48174,1,1,0,0,1.0800249583553523e-11,True
G06,188,M1,0.25,S1,28,2294,48174,1,1,0,0,2.859223968698643e-11,True
G06,189,M1,0.25,S1,29,2294,48174,1,1,0,0,2.660272002685815e-11,True
G06,190,M1,0.25,S1,30,2294,48174,1,1,0,0,1.63140612130519e-11,True
G06,191,M1,0.25,S1,31,2294,48174,1,1,0,0,1.2448708730516955e-11,True
G06,192,M1,0.25,S2,0,2294,48174,0,0,0,0,0.0,True
G06,193,M1,0.25,S2,1,2294,48174,1,1,0,0,1.1937117960769683e-12,True
G06,194,M1,0.25,S2,2,2294,48174,1,1,0,0,2.006572685786523e-11,True
G06,195,M1,0.25,S2,3,2294,48174,1,1,0,0,5.547917680814862e-11,True
G06,196,M1,0.25,S2,4,2294,48174,1,1,0,0,1.6370904631912708e-11,True
G06,197,M1,0.25,S2,5,2294,48174,1,1,0,0,1.7053025658242404e-12,True
G06,198,M1,0.25,S2,6,2294,48174,1,1,0,0,1.978150976356119e-11,True
G06,199,M1,0.25,S2,7,2294,48174,1,1,0,0,1.750777300912887e-11,True
G06,200,M1,0.25,S2,8,2294,48174,1,1,0,0,9.777068044058979e-12,True
G06,201,M1,0.25,S2,9,2294,48174,1,1,0,0,7.844391802791506e-12,True
G06,202,M1,0.25,S2,10,2294,48174,1,1,0,0,4.89421836391557e-11,True
G06,203,M1,0.25,S2,11,2294,48174,1,1,0,0,5.3432813729159534e-11,True
G06,204,M1,0.25,S2,12,2294,48174,1,1,0,0,3.808509063674137e-11,True
G06,205,M1,0.25,S2,13,2294,48174,1,1,0,0,7.219114195322618e-12,True
G06,206,M1,0.25,S2,14,2294,48174,1,1,0,0,3.0468072509393096e-11,True
G06,207,M1,0.25,S2,15,2294,48174,1,1,0,0,4.263256414560601e-12,True
G06,208,M1,0.25,S2,16,2294,48174,1,1,0,0,6.87805368215777e-12,True
G06,209,M1,0.25,S2,17,2294,48174,1,1,0,0,1.858779796748422e-11,True
G06,210,M1,0.25,S2,18,2294,48174,1,1,0,0,5.343281372915953e-12,True
G06,211,M1,0.25,S2,19,2294,48174,0,0,0,0,0.0,True
G06,212,M1,0.25,S2,20,2294,48174,0,0,0,0,0.0,True
G06,213,M1,0.25,S2,21,2294,48174,1,1,0,0,5.115907697472721e-12,True
G06,214,M1,0.25,S2,22,2294,48174,1,1,0,0,1.404032445861958e-11,True
G06,215,M1,0.25,S2,23,2294,48174,1,1,0,0,8.242295734817162e-12,True
G06,216,M1,0.25,S2,24,2294,48174,1,1,0,0,2.6147972675971687e-12,True
G06,217,M1,0.25,S2,25,2294,48174,1,1,0,0,1.9326762412674725e-12,True
G06,218,M1,0.25,S2,26,2294,48174,1,1,0,0,1.1141310096718371e-11,True
G06,219,M1,0.25,S2,27,2294,48174,1,1,0,0,1.858779796748422e-11,True
G06,220,M1,0.25,S2,28,2294,48174,1,1,0,0,1.3983481039758772e-11,True
G06,221,M1,0.25,S2,29,2294,48174,1,1,0,0,1.7053025658242404e-11,True
G06,222,M1,0.25,S2,30,2294,48174,1,1,0,0,1.6257217794191092e-11,True
G06,223,M1,0.25,S2,31,2294,48174,1,1,0,0,2.7114310796605423e-11,True
G06,224,M1,0.25,S3,0,2294,48174,0,0,0,0,0.0,True
G06,225,M1,0.25,S3,1,2294,48174,1,1,0,0,6.940581442904659e-11,True
G06,226,M1,0.25,S3,2,2294,48174,0,0,0,0,0.0,True
G06,227,M1,0.25,S3,3,2294,48174,0,0,0,0,0.0,True
G06,228,M1,0.25,S3,4,2294,48174,0,0,0,0,0.0,True
G06,229,M1,0.25,S3,5,2294,48174,0,0,0,0,0.0,True
G06,230,M1,0.25,S3,6,2294,48174,0,0,0,0,0.0,True
G06,231,M1,0.25,S3,7,2294,48174,0,0,0,0,0.0,True
G06,232,M1,0.25,S3,8,2294,48174,0,0,0,0,0.0,True
G06,233,M1,0.25,S3,9,2294,48174,1,1,0,0,1.807620719773695e-11,True
G06,234,M1,0.25,S3,10,2294,48174,0,0,0,0,0.0,True
G06,235,M1,0.25,S3,11,2294,48174,0,0,0,0,0.0,True
G06,236,M1,0.25,S3,12,2294,48174,1,1,0,0,2.5011104298755527e-11,True
G06,237,M1,0.25,S3,13,2294,48174,1,1,0,0,8.981260180007666e-12,True
G06,238,M1,0.25,S3,14,2294,48174,1,1,0,0,2.489741746103391e-11,True
G06,239,M1,0.25,S3,15,2294,48174,0,0,0,0,0.0,True
G06,240,M1,0.25,S3,16,2294,48174,0,0,0,0,0.0,True
G06,241,M1,0.25,S3,17,2294,48174,0,0,0,0,0.0,True
G06,242,M1,0.25,S3,18,2294,48174,1,1,0,0,4.160938260611147e-11,True
G06,243,M1,0.25,S3,19,2294,48174,0,0,0,0,0.0,True
G06,244,M1,0.25,S3,20,2294,48174,0,0,0,0,0.0,True
G06,245,M1,0.25,S3,21,2294,48174,0,0,0,0,0.0,True
G06,246,M1,0.25,S3,22,2294,48174,1,1,0,0,2.955857780762017e-11,True
G06,247,M1,0.25,S3,23,2294,48174,1,1,0,0,1.2505552149377763e-11,True
G06,248,M1,0.25,S3,24,2294,48174,1,1,0,0,2.5579538487363607e-12,True
G06,249,M1,0.25,S3,25,2294,48174,1,1,0,0,6.605205271625891e-11,True
G06,250,M1,0.25,S3,26,2294,48174,0,0,0,0,0.0,True
G06,251,M1,0.25,S3,27,2294,48174,0,0,0,0,0.0,True
G06,252,M1,0.25,S3,28,2294,48174,1,1,0,0,1.6825651982799172e-11,True
G06,253,M1,0.25,S3,29,2294,48174,0,0,0,0,0.0,True
G06,254,M1,0.25,S3,30,2294,48174,0,0,0,0,0.0,True
G06,255,M1,0.25,S3,31,2294,48174,1,1,0,0,8.640199666842818e-12,True
G06,256,M1,0.5,S0,0,2294,48174,0,0,0,0,0.0,True
G06,257,M1,0.5,S0,1,2294,48174,1,1,0,0,8.071765478234738e-12,True
G06,258,M1,0.5,S0,2,2294,48174,1,1,0,0,1.2960299500264227e-11,True
G06,259,M1,0.5,S0,3,2294,48174,1,1,0,0,7.617018127348274e-12,True
G06,260,M1,0.5,S0,4,2294,48174,1,1,0,0,2.1600499167107046e-12,True
G06,261,M1,0.5,S0,5,2294,48174,1,1,0,0,2.2737367544323206e-12,True
G06,262,M1,0.5,S0,6,2294,48174,1,1,0,0,1.546140993013978e-11,True
G06,263,M1,0.5,S0,7,2294,48174,1,1,0,0,8.526512829121202e-12,True
G06,264,M1,0.5,S0,8,2294,48174,1,1,0,0,4.547473508864641e-12,True
G06,265,M1,0.5,S0,9,2294,48174,1,1,0,0,1.3869794202037156e-11,True
G06,266,M1,0.5,S0,10,2294,48174,1,1,0,0,1.5347723092418164e-12,True
G06,267,M1,0.5,S0,11,2294,48174,1,1,0,0,3.0127011996228248e-12,True
G06,268,M1,0.5,S0,12,2294,48174,1,1,0,0,6.0822458181064576e-12,True
G06,269,M1,0.5,S0,13,2294,48174,1,1,0,0,1.722355591482483e-11,True
G06,270,M1,0.5,S0,14,2294,48174,1,1,0,0,1.3073986337985843e-12,True
G06,271,M1,0.5,S0,15,2294,48174,1,1,0,0,5.059064278611913e-12,True
G06,272,M1,0.5,S0,16,2294,48174,1,1,0,0,1.1368683772161603e-11,True
G06,273,M1,0.5,S0,17,2294,48174,1,1,0,0,2.1600499167107046e-12,True
G06,274,M1,0.5,S0,18,2294,48174,1,1,0,0,1.2960299500264227e-11,True
G06,275,M1,0.5,S0,19,2294,48174,0,0,0,0,0.0,True
G06,276,M1,0.5,S0,20,2294,48174,0,0,0,0,0.0,True
G06,277,M1,0.5,S0,21,2294,48174,1,1,0,0,1.9326762412674725e-12,True
G06,278,M1,0.5,S0,22,2294,48174,1,1,0,0,1.1368683772161603e-12,True
G06,279,M1,0.5,S0,23,2294,48174,1,1,0,0,6.30961949354969e-12,True
G06,280,M1,0.5,S0,24,2294,48174,1,1,0,0,5.7411853049416095e-12,True
G06,281,M1,0.5,S0,25,2294,48174,1,1,0,0,2.7284841053187847e-12,True
G06,282,M1,0.5,S0,26,2294,48174,1,1,0,0,1.3358203432289883e-11,True
G06,283,M1,0.5,S0,27,2294,48174,1,1,0,0,2.4442670110147446e-12,True
G06,284,M1,0.5,S0,28,2294,48174,1,1,0,0,4.263256414560601e-12,True
G06,285,M1,0.5,S0,29,2294,48174,1,1,0,0,4.888534022029489e-12,True
G06,286,M1,0.5,S0,30,2294,48174,1,1,0,0,1.0231815394945443e-12,True
G06,287,M1,0.5,S0,31,2294,48174,1,1,0,0,5.172751116333529e-12,True
G06,288,M1,0.5,S1,0,2294,48174,0,0,0,0,0.0,True
G06,289,M1,0.5,S1,1,2294,48174,1,1,0,0,2.8421709430404007e-12,True
G06,290,M1,0.5,S1,2,2294,48174,1,1,0,0,1.6143530956469476e-11,True
G06,291,M1,0.5,S1,3,2294,48174,1,1,0,0,7.503331289626658e-12,True
G06,292,M1,0.5,S1,4,2294,48174,1,1,0,0,5.7980287238024175e-12,True
G06,293,M1,0.5,S1,5,2294,48174,1,1,0,0,1.2278178473934531e-11,True
G06,294,M1,0.5,S1,6,2294,48174,1,1,0,0,1.1823431123048067e-11,True
G06,295,M1,0.5,S1,7,2294,48174,1,1,0,0,8.58335624798201e-12,True
G06,296,M1,0.5,S1,8,2294,48174,1,1,0,0,4.661160346586257e-12,True
G06,297,M1,0.5,S1,9,2294,48174,1,1,0,0,6.650680006714538e-12,True
G06,298,M1,0.5,S1,10,2294,48174,1,1,0,0,5.6843418860808015e-12,True
G06,299,M1,0.5,S1,11,2294,48174,1,1,0,0,2.9558577807620168e-12,True
G06,300,M1,0.5,S1,12,2294,48174,1,1,0,0,9.777068044058979e-12,True
G06,301,M1,0.5,S1,13,2294,48174,1,1,0,0,9.947598300641403e-12,True
G06,302,M1,0.5,S1,14,2294,48174,1,1,0,0,1.2164491636212915e-11,True
G06,303,M1,0.5,S1,15,2294,48174,1,1,0,0,8.58335624798201e-12,True
G06,304,M1,0.5,S1,16,2294,48174,1,1,0,0,1.1311840353300795e-11,True
G06,305,M1,0.5,S1,17,2294,48174,1,1,0,0,9.43600753089413e-12,True
G06,306,M1,0.5,S1,18,2294,48174,1,1,0,0,9.322320693172514e-12,True
G06,307,M1,0.5,S1,19,2294,48174,0,0,0,0,0.0,True
G06,308,M1,0.5,S1,20,2294,48174,0,0,0,0,0.0,True
G06,309,M1,0.5,S1,21,2294,48174,1,1,0,0,1.8189894035458565e-12,True
G06,310,M1,0.5,S1,22,2294,48174,1,1,0,0,6.139089236967266e-12,True
G06,311,M1,0.5,S1,23,2294,48174,1,1,0,0,9.947598300641403e-12,True
G06,312,M1,0.5,S1,24,2294,48174,1,1,0,0,5.7411853049416095e-12,True
G06,313,M1,0.5,S1,25,2294,48174,1,1,0,0,6.821210263296962e-13,True
G06,314,M1,0.5,S1,26,2294,48174,1,1,0,0,2.5011104298755527e-12,True
G06,315,M1,0.5,S1,27,2294,48174,1,1,0,0,8.469669410260394e-12,True
G06,316,M1,0.5,S1,28,2294,48174,1,1,0,0,7.901235221652314e-12,True
G06,317,M1,0.5,S1,29,2294,48174,1,1,0,0,1.3073986337985843e-12,True
G06,318,M1,0.5,S1,30,2294,48174,1,1,0,0,1.0231815394945443e-12,True
G06,319,M1,0.5,S1,31,2294,48174,1,1,0,0,5.059064278611913e-12,True
G06,320,M1,0.5,S2,0,2294,48174,0,0,0,0,0.0,True
G06,321,M1,0.5,S2,1,2294,48174,1,1,0,0,7.958078640513122e-13,True
G06,322,M1,0.5,S2,2,2294,48174,1,1,0,0,5.229594535194337e-12,True
G06,323,M1,0.5,S2,3,2294,48174,1,1,0,0,7.617018127348274e-12,True
G06,324,M1,0.5,S2,4,2294,48174,1,1,0,0,5.7980287238024175e-12,True
G06,325,M1,0.5,S2,5,2294,48174,1,1,0,0,9.549694368615746e-12,True
G06,326,M1,0.5,S2,6,2294,48174,1,1,0,0,2.2737367544323206e-11,True
G06,327,M1,0.5,S2,7,2294,48174,1,1,0,0,1.2505552149377763e-12,True
G06,328,M1,0.5,S2,8,2294,48174,1,1,0,0,2.6147972675971687e-12,True
G06,329,M1,0.5,S2,9,2294,48174,1,1,0,0,1.750777300912887e-11,True
G06,330,M1,0.5,S2,10,2294,48174,1,1,0,0,1.2960299500264227e-11,True
G06,331,M1,0.5,S2,11,2294,48174,1,1,0,0,5.684341886080801e-13,True
G06,332,M1,0.5,S2,12,2294,48174,1,1,0,0,4.888534022029489e-12,True
G06,333,M1,0.5,S2,13,2294,48174,1,1,0,0,6.252776074688882e-12,True
G06,334,M1,0.5,S2,14,2294,48174,1,1,0,0,8.58335624798201e-12,True
G06,335,M1,0.5,S2,15,2294,48174,1,1,0,0,8.58335624798201e-12,True
G06,336,M1,0.5,S2,16,2294,48174,1,1,0,0,3.979039320256561e-13,True
G06,337,M1,0.5,S2,17,2294,48174,1,1,0,0,2.1600499167107046e-12,True
G06,338,M1,0.5,S2,18,2294,48174,1,1,0,0,9.322320693172514e-12,True
G06,339,M1,0.5,S2,19,2294,48174,0,0,0,0,0.0,True
G06,340,M1,0.5,S2,20,2294,48174,0,0,0,0,0.0,True
G06,341,M1,0.5,S2,21,2294,48174,1,1,0,0,5.5706550483591855e-12,True
G06,342,M1,0.5,S2,22,2294,48174,1,1,0,0,1.1368683772161603e-12,True
G06,343,M1,0.5,S2,23,2294,48174,1,1,0,0,6.30961949354969e-12,True
G06,344,M1,0.5,S2,24,2294,48174,1,1,0,0,2.1032064978498966e-12,True
G06,345,M1,0.5,S2,25,2294,48174,1,1,0,0,4.490630090003833e-12,True
G06,346,M1,0.5,S2,26,2294,48174,1,1,0,0,1.7053025658242404e-11,True
G06,347,M1,0.5,S2,27,2294,48174,1,1,0,0,2.5579538487363607e-12,True
G06,348,M1,0.5,S2,28,2294,48174,1,1,0,0,4.263256414560601e-12,True
G06,349,M1,0.5,S2,29,2294,48174,1,1,0,0,4.888534022029489e-12,True
G06,350,M1,0.5,S2,30,2294,48174,1,1,0,0,1.0231815394945443e-12,True
G06,351,M1,0.5,S2,31,2294,48174,1,1,0,0,5.172751116333529e-12,True
G06,352,M1,0.5,S3,0,2294,48174,0,0,0,0,0.0,True
G06,353,M1,0.5,S3,1,2294,48174,1,1,0,0,1.261923898709938e-11,True
G06,354,M1,0.5,S3,2,2294,48174,1,1,0,0,4.547473508864641e-13,True
G06,355,M1,0.5,S3,3,2294,48174,1,1,0,0,8.071765478234738e-12,True
G06,356,M1,0.5,S3,4,2294,48174,1,1,0,0,8.58335624798201e-12,True
G06,357,M1,0.5,S3,5,2294,48174,1,1,0,0,3.979039320256561e-12,True
G06,358,M1,0.5,S3,6,2294,48174,1,1,0,0,3.581135388230905e-12,True
G06,359,M1,0.5,S3,7,2294,48174,1,1,0,0,7.958078640513122e-13,True
G06,360,M1,0.5,S3,8,2294,48174,1,1,0,0,9.094947017729282e-12,True
G06,361,M1,0.5,S3,9,2294,48174,1,1,0,0,1.2050804798491299e-11,True
G06,362,M1,0.5,S3,10,2294,48174,1,1,0,0,3.865352482534945e-12,True
G06,363,M1,0.5,S3,11,2294,48174,1,1,0,0,4.661160346586257e-12,True
G06,364,M1,0.5,S3,12,2294,48174,1,1,0,0,1.4154011296341196e-11,True
G06,365,M1,0.5,S3,13,2294,48174,1,1,0,0,5.5706550483591855e-12,True
G06,366,M1,0.5,S3,14,2294,48174,1,1,0,0,1.3017142919125035e-11,True
G06,367,M1,0.5,S3,15,2294,48174,1,1,0,0,7.958078640513122e-13,True
G06,368,M1,0.5,S3,16,2294,48174,1,1,0,0,3.524291969370097e-12,True
G06,369,M1,0.5,S3,17,2294,48174,1,1,0,0,2.5579538487363607e-12,True
G06,370,M1,0.5,S3,18,2294,48174,1,1,0,0,3.524291969370097e-12,True
G06,371,M1,0.5,S3,19,2294,48174,0,0,0,0,0.0,True
G06,372,M1,0.5,S3,20,2294,48174,0,0,0,0,0.0,True
G06,373,M1,0.5,S3,21,2294,48174,1,1,0,0,5.9117155615240335e-12,True
G06,374,M1,0.5,S3,22,2294,48174,1,1,0,0,1.3073986337985843e-12,True
G06,375,M1,0.5,S3,23,2294,48174,1,1,0,0,2.2737367544323206e-12,True
G06,376,M1,0.5,S3,24,2294,48174,1,1,0,0,8.469669410260394e-12,True
G06,377,M1,0.5,S3,25,2294,48174,1,1,0,0,9.379164112033322e-12,True
G06,378,M1,0.5,S3,26,2294,48174,1,1,0,0,6.821210263296962e-13,True
G06,379,M1,0.5,S3,27,2294,48174,1,1,0,0,3.581135388230905e-12,True
G06,380,M1,0.5,S3,28,2294,48174,1,1,0,0,1.2221335055073723e-11,True
G06,381,M1,0.5,S3,29,2294,48174,1,1,0,0,4.547473508864641e-13,True
G06,382,M1,0.5,S3,30,2294,48174,1,1,0,0,4.092726157978177e-12,True
G06,383,M1,0.5,S3,31,2294,48174,1,1,0,0,1.3642420526593924e-12,True
G06,0,ORACLE,0.1,S0,0,2294,48174,0,0,0,0,0.0,True
G06,1,ORACLE,0.1,S0,1,2294,48174,1,1,0,0,4.7066350816749036e-11,True
G06,2,ORACLE,0.1,S0,2,2294,48174,1,1,0,0,1.3227463568910025e-10,True
G06,3,ORACLE,0.1,S0,3,2294,48174,1,1,0,0,3.7971403799019754e-10,True
G06,4,ORACLE,0.1,S0,4,2294,48174,1,1,0,0,2.774527274596039e-10,True
G06,5,ORACLE,0.1,S0,5,2294,48174,1,1,0,0,1.240323399542831e-10,True
G06,6,ORACLE,0.1,S0,6,2294,48174,1,1,0,0,3.680611371237319e-10,True
G06,7,ORACLE,0.1,S0,7,2294,48174,1,1,0,0,2.006572685786523e-11,True
G06,8,ORACLE,0.1,S0,8,2294,48174,0,0,0,0,0.0,True
G06,9,ORACLE,0.1,S0,9,2294,48174,1,1,0,0,6.195932655828074e-11,True
G06,10,ORACLE,0.1,S0,10,2294,48174,1,1,0,0,4.546905074676033e-10,True
G06,11,ORACLE,0.1,S0,11,2294,48174,1,1,0,0,1.3216094885137863e-10,True
G06,12,ORACLE,0.1,S0,12,2294,48174,1,1,0,0,3.432774065004196e-10,True
G06,13,ORACLE,0.1,S0,13,2294,48174,1,1,0,0,1.3790213415632024e-10,True
G06,14,ORACLE,0.1,S0,14,2294,48174,1,1,0,0,1.5756995708215982e-10,True
G06,15,ORACLE,0.1,S0,15,2294,48174,1,1,0,0,5.5138116294983774e-11,True
G06,16,ORACLE,0.1,S0,16,2294,48174,1,1,0,0,9.384848453919403e-11,True
G06,17,ORACLE,0.1,S0,17,2294,48174,1,1,0,0,1.2471446098061278e-10,True
G06,18,ORACLE,0.1,S0,18,2294,48174,1,1,0,0,4.0120085031958297e-10,True
G06,19,ORACLE,0.1,S0,19,2294,48174,0,0,0,0,0.0,True
G06,20,ORACLE,0.1,S0,20,2294,48174,0,0,0,0,0.0,True
G06,21,ORACLE,0.1,S0,21,2294,48174,1,1,0,0,1.1652900866465643e-10,True
G06,22,ORACLE,0.1,S0,22,2294,48174,1,1,0,0,1.2096279533579946e-10,True
G06,23,ORACLE,0.1,S0,23,2294,48174,1,1,0,0,1.0669509720173664e-10,True
G06,24,ORACLE,0.1,S0,24,2294,48174,1,1,0,0,1.3142198440618813e-10,True
G06,25,ORACLE,0.1,S0,25,2294,48174,1,1,0,0,2.7995383788947947e-10,True
G06,26,ORACLE,0.1,S0,26,2294,48174,0,0,0,0,0.0,True
G06,27,ORACLE,0.1,S0,27,2294,48174,1,1,0,0,1.4802026271354407e-10,True
G06,28,ORACLE,0.1,S0,28,2294,48174,1,1,0,0,1.0805933925439604e-10,True
G06,29,ORACLE,0.1,S0,29,2294,48174,1,1,0,0,1.8451373762218282e-10,True
G06,30,ORACLE,0.1,S0,30,2294,48174,1,1,0,0,1.3221779227023944e-10,True
G06,31,ORACLE,0.1,S0,31,2294,48174,1,1,0,0,8.856204658513889e-11,True
G06,32,ORACLE,0.1,S1,0,2294,48174,0,0,0,0,0.0,True
G06,33,ORACLE,0.1,S1,1,2294,48174,1,1,0,0,4.7066350816749036e-11,True
G06,34,ORACLE,0.1,S1,2,2294,48174,1,1,0,0,1.3227463568910025e-10,True
G06,35,ORACLE,0.1,S1,3,2294,48174,1,1,0,0,3.7971403799019754e-10,True
G06,36,ORACLE,0.1,S1,4,2294,48174,1,1,0,0,2.774527274596039e-10,True
G06,37,ORACLE,0.1,S1,5,2294,48174,1,1,0,0,1.240323399542831e-10,True
G06,38,ORACLE,0.1,S1,6,2294,48174,1,1,0,0,3.680611371237319e-10,True
G06,39,ORACLE,0.1,S1,7,2294,48174,1,1,0,0,2.0520474208751693e-11,True
G06,40,ORACLE,0.1,S1,8,2294,48174,0,0,0,0,0.0,True
G06,41,ORACLE,0.1,S1,9,2294,48174,1,1,0,0,6.184563972055912e-11,True
G06,42,ORACLE,0.1,S1,10,2294,48174,1,1,0,0,4.546905074676033e-10,True
G06,43,ORACLE,0.1,S1,11,2294,48174,1,1,0,0,1.3301360013429075e-10,True
G06,44,ORACLE,0.1,S1,12,2294,48174,1,1,0,0,3.432774065004196e-10,True
G06,45,ORACLE,0.1,S1,13,2294,48174,1,1,0,0,1.3739054338657297e-10,True
G06,46,ORACLE,0.1,S1,14,2294,48174,1,1,0,0,1.5756995708215982e-10,True
G06,47,ORACLE,0.1,S1,15,2294,48174,1,1,0,0,5.5138116294983774e-11,True
G06,48,ORACLE,0.1,S1,16,2294,48174,1,1,0,0,9.384848453919403e-11,True
G06,49,ORACLE,0.1,S1,17,2294,48174,1,1,0,0,1.2471446098061278e-10,True
G06,50,ORACLE,0.1,S1,18,2294,48174,1,1,0,0,4.0120085031958297e-10,True
G06,51,ORACLE,0.1,S1,19,2294,48174,0,0,0,0,0.0,True
G06,52,ORACLE,0.1,S1,20,2294,48174,0,0,0,0,0.0,True
G06,53,ORACLE,0.1,S1,21,2294,48174,1,1,0,0,1.1652900866465643e-10,True
G06,54,ORACLE,0.1,S1,22,2294,48174,1,1,0,0,1.2045120456605218e-10,True
G06,55,ORACLE,0.1,S1,23,2294,48174,1,1,0,0,1.0669509720173664e-10,True
G06,56,ORACLE,0.1,S1,24,2294,48174,1,1,0,0,1.312514541496057e-10,True
G06,57,ORACLE,0.1,S1,25,2294,48174,1,1,0,0,2.7915803002542816e-10,True
G06,58,ORACLE,0.1,S1,26,2294,48174,0,0,0,0,0.0,True
G06,59,ORACLE,0.1,S1,27,2294,48174,1,1,0,0,1.4779288903810084e-10,True
G06,60,ORACLE,0.1,S1,28,2294,48174,1,1,0,0,1.0805933925439604e-10,True
G06,61,ORACLE,0.1,S1,29,2294,48174,1,1,0,0,1.8451373762218282e-10,True
G06,62,ORACLE,0.1,S1,30,2294,48174,1,1,0,0,1.3221779227023944e-10,True
G06,63,ORACLE,0.1,S1,31,2294,48174,1,1,0,0,8.878942026058212e-11,True
G06,64,ORACLE,0.1,S2,0,2294,48174,0,0,0,0,0.0,True
G06,65,ORACLE,0.1,S2,1,2294,48174,1,1,0,0,4.7066350816749036e-11,True
G06,66,ORACLE,0.1,S2,2,2294,48174,1,1,0,0,1.3227463568910025e-10,True
G06,67,ORACLE,0.1,S2,3,2294,48174,1,1,0,0,3.7971403799019754e-10,True
G06,68,ORACLE,0.1,S2,4,2294,48174,1,1,0,0,2.774527274596039e-10,True
G06,69,ORACLE,0.1,S2,5,2294,48174,1,1,0,0,1.240323399542831e-10,True
G06,70,ORACLE,0.1,S2,6,2294,48174,1,1,0,0,3.680611371237319e-10,True
G06,71,ORACLE,0.1,S2,7,2294,48174,1,1,0,0,2.006572685786523e-11,True
G06,72,ORACLE,0.1,S2,8,2294,48174,0,0,0,0,0.0,True
G06,73,ORACLE,0.1,S2,9,2294,48174,1,1,0,0,6.195932655828074e-11,True
G06,74,ORACLE,0.1,S2,10,2294,48174,1,1,0,0,4.546905074676033e-10,True
G06,75,ORACLE,0.1,S2,11,2294,48174,1,1,0,0,1.3216094885137863e-10,True
G06,76,ORACLE,0.1,S2,12,2294,48174,1,1,0,0,3.432774065004196e-10,True
G06,77,ORACLE,0.1,S2,13,2294,48174,1,1,0,0,1.3790213415632024e-10,True
G06,78,ORACLE,0.1,S2,14,2294,48174,1,1,0,0,1.5756995708215982e-10,True
G06,79,ORACLE,0.1,S2,15,2294,48174,1,1,0,0,5.5138116294983774e-11,True
G06,80,ORACLE,0.1,S2,16,2294,48174,1,1,0,0,9.384848453919403e-11,True
G06,81,ORACLE,0.1,S2,17,2294,48174,1,1,0,0,1.2471446098061278e-10,True
G06,82,ORACLE,0.1,S2,18,2294,48174,1,1,0,0,4.006324161309749e-10,True
G06,83,ORACLE,0.1,S2,19,2294,48174,0,0,0,0,0.0,True
G06,84,ORACLE,0.1,S2,20,2294,48174,0,0,0,0,0.0,True
G06,85,ORACLE,0.1,S2,21,2294,48174,1,1,0,0,1.1652900866465643e-10,True
G06,86,ORACLE,0.1,S2,22,2294,48174,1,1,0,0,1.2045120456605218e-10,True
G06,87,ORACLE,0.1,S2,23,2294,48174,1,1,0,0,1.0669509720173664e-10,True
G06,88,ORACLE,0.1,S2,24,2294,48174,1,1,0,0,1.3142198440618813e-10,True
G06,89,ORACLE,0.1,S2,25,2294,48174,1,1,0,0,2.7978330763289705e-10,True
G06,90,ORACLE,0.1,S2,26,2294,48174,0,0,0,0,0.0,True
G06,91,ORACLE,0.1,S2,27,2294,48174,1,1,0,0,1.4779288903810084e-10,True
G06,92,ORACLE,0.1,S2,28,2294,48174,1,1,0,0,1.0805933925439604e-10,True
G06,93,ORACLE,0.1,S2,29,2294,48174,1,1,0,0,1.8451373762218282e-10,True
G06,94,ORACLE,0.1,S2,30,2294,48174,1,1,0,0,1.3221779227023944e-10,True
G06,95,ORACLE,0.1,S2,31,2294,48174,1,1,0,0,8.856204658513889e-11,True
G06,96,ORACLE,0.1,S3,0,2294,48174,0,0,0,0,0.0,True
G06,97,ORACLE,0.1,S3,1,2294,48174,1,1,0,0,4.7407411329913884e-11,True
G06,98,ORACLE,0.1,S3,2,2294,48174,1,1,0,0,1.3250200936454348e-10,True
G06,99,ORACLE,0.1,S3,3,2294,48174,1,1,0,0,1.9815615814877674e-10,True
G06,100,ORACLE,0.1,S3,4,2294,48174,1,1,0,0,2.7824853532365523e-10,True
G06,101,ORACLE,0.1,S3,5,2294,48174,1,1,0,0,3.0604496714659035e-10,True
G06,102,ORACLE,0.1,S3,6,2294,48174,1,1,0,0,3.682316673803143e-10,True
G06,103,ORACLE,0.1,S3,7,2294,48174,1,1,0,0,2.0224888430675492e-10,True
G06,104,ORACLE,0.1,S3,8,2294,48174,0,0,0,0,0.0,True
G06,105,ORACLE,0.1,S3,9,2294,48174,1,1,0,0,6.178879630169831e-11,True
G06,106,ORACLE,0.1,S3,10,2294,48174,1,1,0,0,4.5486103772418573e-10,True
G06,107,ORACLE,0.1,S3,11,2294,48174,1,1,0,0,4.990852175978944e-11,True
G06,108,ORACLE,0.1,S3,12,2294,48174,1,1,0,0,3.4276581573067233e-10,True
G06,109,ORACLE,0.1,S3,13,2294,48174,1,1,0,0,1.3869794202037156e-10,True
G06,110,ORACLE,0.1,S3,14,2294,48174,1,1,0,0,1.5722889656899497e-10,True
G06,111,ORACLE,0.1,S3,15,2294,48174,1,1,0,0,5.519495971384458e-11,True
G06,112,ORACLE,0.1,S3,16,2294,48174,1,1,0,0,9.424638847121969e-11,True
G06,113,ORACLE,0.1,S3,17,2294,48174,1,1,0,0,1.2573764252010733e-10,True
G06,114,ORACLE,0.1,S3,18,2294,48174,1,1,0,0,4.0108716348186135e-10,True
G06,115,ORACLE,0.1,S3,19,2294,48174,0,0,0,0,0.0,True
G06,116,ORACLE,0.1,S3,20,2294,48174,0,0,0,0,0.0,True
G06,117,ORACLE,0.1,S3,21,2294,48174,1,1,0,0,1.1618794815149158e-10,True
G06,118,ORACLE,0.1,S3,22,2294,48174,1,1,0,0,6.144773578853346e-11,True
G06,119,ORACLE,0.1,S3,23,2294,48174,1,1,0,0,1.0658141036401503e-10,True
G06,120,ORACLE,0.1,S3,24,2294,48174,1,1,0,0,1.3250200936454348e-10,True
G06,121,ORACLE,0.1,S3,25,2294,48174,1,1,0,0,9.822542779147625e-11,True
G06,122,ORACLE,0.1,S3,26,2294,48174,0,0,0,0,0.0,True
G06,123,ORACLE,0.1,S3,27,2294,48174,1,1,0,0,1.4779288903810084e-10,True
G06,124,ORACLE,0.1,S3,28,2294,48174,1,1,0,0,2.9103830456733704e-10,True
G06,125,ORACLE,0.1,S3,29,2294,48174,1,1,0,0,1.8474111129762605e-10,True
G06,126,ORACLE,0.1,S3,30,2294,48174,1,1,0,0,1.3250200936454348e-10,True
G06,127,ORACLE,0.1,S3,31,2294,48174,1,1,0,0,8.890310709830374e-11,True
G06,128,ORACLE,0.25,S0,0,2294,48174,0,0,0,0,0.0,True
G06,129,ORACLE,0.25,S0,1,2294,48174,1,1,0,0,3.728928277269006e-11,True
G06,130,ORACLE,0.25,S0,2,2294,48174,1,1,0,0,1.0800249583553523e-12,True
G06,131,ORACLE,0.25,S0,3,2294,48174,1,1,0,0,2.376054908381775e-11,True
G06,132,ORACLE,0.25,S0,4,2294,48174,1,1,0,0,2.9956481739645824e-11,True
G06,133,ORACLE,0.25,S0,5,2294,48174,1,1,0,0,2.1373125491663814e-11,True
G06,134,ORACLE,0.25,S0,6,2294,48174,1,1,0,0,4.263256414560601e-12,True
G06,135,ORACLE,0.25,S0,7,2294,48174,1,1,0,0,6.969003152335063e-11,True
G06,136,ORACLE,0.25,S0,8,2294,48174,0,0,0,0,0.0,True
G06,137,ORACLE,0.25,S0,9,2294,48174,1,1,0,0,6.286882126005366e-11,True
G06,138,ORACLE,0.25,S0,10,2294,48174,1,1,0,0,1.3244516594568267e-11,True
G06,139,ORACLE,0.25,S0,11,2294,48174,1,1,0,0,1.921307557495311e-11,True
G06,140,ORACLE,0.25,S0,12,2294,48174,1,1,0,0,3.893774191965349e-11,True
G06,141,ORACLE,0.25,S0,13,2294,48174,1,1,0,0,4.5133674575481564e-11,True
G06,142,ORACLE,0.25,S0,14,2294,48174,1,1,0,0,4.3371528590796515e-11,True
G06,143,ORACLE,0.25,S0,15,2294,48174,1,1,0,0,5.496758603840135e-11,True
G06,144,ORACLE,0.25,S0,16,2294,48174,1,1,0,0,1.3642420526593924e-11,True
G06,145,ORACLE,0.25,S0,17,2294,48174,1,1,0,0,4.240519047016278e-11,True
G06,146,ORACLE,0.25,S0,18,2294,48174,1,1,0,0,6.17319528828375e-11,True
G06,147,ORACLE,0.25,S0,19,2294,48174,0,0,0,0,0.0,True
G06,148,ORACLE,0.25,S0,20,2294,48174,0,0,0,0,0.0,True
G06,149,ORACLE,0.25,S0,21,2294,48174,1,1,0,0,4.5929482439532876e-11,True
G06,150,ORACLE,0.25,S0,22,2294,48174,1,1,0,0,9.839595804805867e-11,True
G06,151,ORACLE,0.25,S0,23,2294,48174,1,1,0,0,2.262368070660159e-11,True
G06,152,ORACLE,0.25,S0,24,2294,48174,1,1,0,0,5.263700586510822e-11,True
G06,153,ORACLE,0.25,S0,25,2294,48174,1,1,0,0,2.1373125491663814e-11,True
G06,154,ORACLE,0.25,S0,26,2294,48174,0,0,0,0,0.0,True
G06,155,ORACLE,0.25,S0,27,2294,48174,1,1,0,0,4.729372449219227e-11,True
G06,156,ORACLE,0.25,S0,28,2294,48174,1,1,0,0,1.4779288903810084e-12,True
G06,157,ORACLE,0.25,S0,29,2294,48174,1,1,0,0,7.503331289626658e-11,True
G06,158,ORACLE,0.25,S0,30,2294,48174,1,1,0,0,4.240519047016278e-11,True
G06,159,ORACLE,0.25,S0,31,2294,48174,1,1,0,0,3.802824721788056e-11,True
G06,160,ORACLE,0.25,S1,0,2294,48174,0,0,0,0,0.0,True
G06,161,ORACLE,0.25,S1,1,2294,48174,1,1,0,0,3.7630343285854906e-11,True
G06,162,ORACLE,0.25,S1,2,2294,48174,1,1,0,0,1.1937117960769683e-12,True
G06,163,ORACLE,0.25,S1,3,2294,48174,1,1,0,0,2.376054908381775e-11,True
G06,164,ORACLE,0.25,S1,4,2294,48174,1,1,0,0,2.9899638320785016e-11,True
G06,165,ORACLE,0.25,S1,5,2294,48174,1,1,0,0,2.1259438653942198e-11,True
G06,166,ORACLE,0.25,S1,6,2294,48174,1,1,0,0,4.263256414560601e-12,True
G06,167,ORACLE,0.25,S1,7,2294,48174,1,1,0,0,6.969003152335063e-11,True
G06,168,ORACLE,0.25,S1,8,2294,48174,0,0,0,0,0.0,True
G06,169,ORACLE,0.25,S1,9,2294,48174,1,1,0,0,6.286882126005366e-11,True
G06,170,ORACLE,0.25,S1,10,2294,48174,1,1,0,0,1.3528733688872308e-11,True
G06,171,ORACLE,0.25,S1,11,2294,48174,1,1,0,0,1.0061285138363019e-11,True
G06,172,ORACLE,0.25,S1,12,2294,48174,1,1,0,0,3.893774191965349e-11,True
G06,173,ORACLE,0.25,S1,13,2294,48174,1,1,0,0,4.5133674575481564e-11,True
G06,174,ORACLE,0.25,S1,14,2294,48174,1,1,0,0,4.3371528590796515e-11,True
G06,175,ORACLE,0.25,S1,15,2294,48174,1,1,0,0,2.5920599000528455e-11,True
G06,176,ORACLE,0.25,S1,16,2294,48174,1,1,0,0,1.3642420526593924e-11,True
G06,177,ORACLE,0.25,S1,17,2294,48174,1,1,0,0,4.240519047016278e-11,True
G06,178,ORACLE,0.25,S1,18,2294,48174,1,1,0,0,6.17319528828375e-11,True
G06,179,ORACLE,0.25,S1,19,2294,48174,0,0,0,0,0.0,True
G06,180,ORACLE,0.25,S1,20,2294,48174,0,0,0,0,0.0,True
G06,181,ORACLE,0.25,S1,21,2294,48174,1,1,0,0,4.604316927725449e-11,True
G06,182,ORACLE,0.25,S1,22,2294,48174,1,1,0,0,9.839595804805867e-11,True
G06,183,ORACLE,0.25,S1,23,2294,48174,1,1,0,0,2.262368070660159e-11,True
G06,184,ORACLE,0.25,S1,24,2294,48174,1,1,0,0,5.263700586510822e-11,True
G06,185,ORACLE,0.25,S1,25,2294,48174,1,1,0,0,2.1373125491663814e-11,True
G06,186,ORACLE,0.25,S1,26,2294,48174,0,0,0,0,0.0,True
G06,187,ORACLE,0.25,S1,27,2294,48174,1,1,0,0,4.729372449219227e-11,True
G06,188,ORACLE,0.25,S1,28,2294,48174,1,1,0,0,1.4779288903810084e-12,True
G06,189,ORACLE,0.25,S1,29,2294,48174,1,1,0,0,7.503331289626658e-11,True
G06,190,ORACLE,0.25,S1,30,2294,48174,1,1,0,0,4.240519047016278e-11,True
G06,191,ORACLE,0.25,S1,31,2294,48174,1,1,0,0,3.802824721788056e-11,True
G06,192,ORACLE,0.25,S2,0,2294,48174,0,0,0,0,0.0,True
G06,193,ORACLE,0.25,S2,1,2294,48174,1,1,0,0,3.728928277269006e-11,True
G06,194,ORACLE,0.25,S2,2,2294,48174,1,1,0,0,9.663381206337363e-13,True
G06,195,ORACLE,0.25,S2,3,2294,48174,1,1,0,0,2.376054908381775e-11,True
G06,196,ORACLE,0.25,S2,4,2294,48174,1,1,0,0,2.9899638320785016e-11,True
G06,197,ORACLE,0.25,S2,5,2294,48174,1,1,0,0,2.1373125491663814e-11,True
G06,198,ORACLE,0.25,S2,6,2294,48174,1,1,0,0,4.263256414560601e-12,True
G06,199,ORACLE,0.25,S2,7,2294,48174,1,1,0,0,6.969003152335063e-11,True
G06,200,ORACLE,0.25,S2,8,2294,48174,0,0,0,0,0.0,True
G06,201,ORACLE,0.25,S2,9,2294,48174,1,1,0,0,6.286882126005366e-11,True
G06,202,ORACLE,0.25,S2,10,2294,48174,1,1,0,0,1.3244516594568267e-11,True
G06,203,ORACLE,0.25,S2,11,2294,48174,1,1,0,0,1.921307557495311e-11,True
G06,204,ORACLE,0.25,S2,12,2294,48174,1,1,0,0,3.9051428757375106e-11,True
G06,205,ORACLE,0.25,S2,13,2294,48174,1,1,0,0,4.5133674575481564e-11,True
G06,206,ORACLE,0.25,S2,14,2294,48174,1,1,0,0,4.354205884737894e-11,True
G06,207,ORACLE,0.25,S2,15,2294,48174,1,1,0,0,2.5920599000528455e-11,True
G06,208,ORACLE,0.25,S2,16,2294,48174,1,1,0,0,1.3642420526593924e-11,True
G06,209,ORACLE,0.25,S2,17,2294,48174,1,1,0,0,4.240519047016278e-11,True
G06,210,ORACLE,0.25,S2,18,2294,48174,1,1,0,0,6.17319528828375e-11,True
G06,211,ORACLE,0.25,S2,19,2294,48174,0,0,0,0,0.0,True
G06,212,ORACLE,0.25,S2,20,2294,48174,0,0,0,0,0.0,True
G06,213,ORACLE,0.25,S2,21,2294,48174,1,1,0,0,4.5929482439532876e-11,True
G06,214,ORACLE,0.25,S2,22,2294,48174,1,1,0,0,9.839595804805867e-11,True
G06,215,ORACLE,0.25,S2,23,2294,48174,1,1,0,0,2.262368070660159e-11,True
G06,216,ORACLE,0.25,S2,24,2294,48174,1,1,0,0,5.263700586510822e-11,True
G06,217,ORACLE,0.25,S2,25,2294,48174,1,1,0,0,2.1373125491663814e-11,True
G06,218,ORACLE,0.25,S2,26,2294,48174,0,0,0,0,0.0,True
G06,219,ORACLE,0.25,S2,27,2294,48174,1,1,0,0,4.7634785005357116e-11,True
G06,220,ORACLE,0.25,S2,28,2294,48174,1,1,0,0,1.4779288903810084e-12,True
G06,221,ORACLE,0.25,S2,29,2294,48174,1,1,0,0,7.503331289626658e-11,True
G06,222,ORACLE,0.25,S2,30,2294,48174,1,1,0,0,4.240519047016278e-11,True
G06,223,ORACLE,0.25,S2,31,2294,48174,1,1,0,0,3.7971403799019754e-11,True
G06,224,ORACLE,0.25,S3,0,2294,48174,0,0,0,0,0.0,True
G06,225,ORACLE,0.25,S3,1,2294,48174,1,1,0,0,3.728928277269006e-11,True
G06,226,ORACLE,0.25,S3,2,2294,48174,1,1,0,0,1.7053025658242404e-12,True
G06,227,ORACLE,0.25,S3,3,2294,48174,1,1,0,0,2.3646862246096134e-11,True
G06,228,ORACLE,0.25,S3,4,2294,48174,1,1,0,0,3.007016857736744e-11,True
G06,229,ORACLE,0.25,S3,5,2294,48174,1,1,0,0,7.844391802791506e-12,True
G06,230,ORACLE,0.25,S3,6,2294,48174,1,1,0,0,4.320099833421409e-12,True
G06,231,ORACLE,0.25,S3,7,2294,48174,1,1,0,0,6.974687494221143e-11,True
G06,232,ORACLE,0.25,S3,8,2294,48174,0,0,0,0,0.0,True
G06,233,ORACLE,0.25,S3,9,2294,48174,1,1,0,0,6.30961949354969e-11,True
G06,234,ORACLE,0.25,S3,10,2294,48174,1,1,0,0,1.3073986337985843e-11,True
G06,235,ORACLE,0.25,S3,11,2294,48174,1,1,0,0,1.0231815394945443e-11,True
G06,236,ORACLE,0.25,S3,12,2294,48174,1,1,0,0,3.888089850079268e-11,True
G06,237,ORACLE,0.25,S3,13,2294,48174,1,1,0,0,4.558842192636803e-11,True
G06,238,ORACLE,0.25,S3,14,2294,48174,1,1,0,0,4.348521542851813e-11,True
G06,239,ORACLE,0.25,S3,15,2294,48174,1,1,0,0,5.491074261954054e-11,True
G06,240,ORACLE,0.25,S3,16,2294,48174,1,1,0,0,1.3642420526593924e-11,True
G06,241,ORACLE,0.25,S3,17,2294,48174,1,1,0,0,4.229150363244116e-11,True
G06,242,ORACLE,0.25,S3,18,2294,48174,1,1,0,0,6.161826604511589e-11,True
G06,243,ORACLE,0.25,S3,19,2294,48174,0,0,0,0,0.0,True
G06,244,ORACLE,0.25,S3,20,2294,48174,0,0,0,0,0.0,True
G06,245,ORACLE,0.25,S3,21,2294,48174,1,1,0,0,4.5929482439532876e-11,True
G06,246,ORACLE,0.25,S3,22,2294,48174,1,1,0,0,9.833911462919787e-11,True
G06,247,ORACLE,0.25,S3,23,2294,48174,1,1,0,0,2.2737367544323206e-11,True
G06,248,ORACLE,0.25,S3,24,2294,48174,1,1,0,0,5.2864379540551454e-11,True
G06,249,ORACLE,0.25,S3,25,2294,48174,1,1,0,0,2.1259438653942198e-11,True
G06,250,ORACLE,0.25,S3,26,2294,48174,0,0,0,0,0.0,True
G06,251,ORACLE,0.25,S3,27,2294,48174,1,1,0,0,4.75210981676355e-11,True
G06,252,ORACLE,0.25,S3,28,2294,48174,1,1,0,0,1.5916157281026244e-12,True
G06,253,ORACLE,0.25,S3,29,2294,48174,1,1,0,0,7.503331289626658e-11,True
G06,254,ORACLE,0.25,S3,30,2294,48174,1,1,0,0,4.246203388902359e-11,True
G06,255,ORACLE,0.25,S3,31,2294,48174,1,1,0,0,3.7971403799019754e-11,True
G06,256,ORACLE,0.5,S0,0,2294,48174,0,0,0,0,0.0,True
G06,257,ORACLE,0.5,S0,1,2294,48174,1,1,0,0,7.958078640513122e-12,True
G06,258,ORACLE,0.5,S0,2,2294,48174,1,1,0,0,6.0254023992456496e-12,True
G06,259,ORACLE,0.5,S0,3,2294,48174,1,1,0,0,1.5688783605583012e-11,True
G06,260,ORACLE,0.5,S0,4,2294,48174,1,1,0,0,7.958078640513122e-12,True
G06,261,ORACLE,0.5,S0,5,2294,48174,1,1,0,0,6.139089236967266e-12,True
G06,262,ORACLE,0.5,S0,6,2294,48174,1,1,0,0,2.3305801732931286e-12,True
G06,263,ORACLE,0.5,S0,7,2294,48174,1,1,0,0,2.4442670110147446e-12,True
G06,264,ORACLE,0.5,S0,8,2294,48174,0,0,0,0,0.0,True
G06,265,ORACLE,0.5,S0,9,2294,48174,1,1,0,0,1.7678303265711293e-11,True
G06,266,ORACLE,0.5,S0,10,2294,48174,1,1,0,0,5.5706550483591855e-12,True
G06,267,ORACLE,0.5,S0,11,2294,48174,1,1,0,0,5.4569682106375694e-12,True
G06,268,ORACLE,0.5,S0,12,2294,48174,1,1,0,0,2.1600499167107046e-12,True
G06,269,ORACLE,0.5,S0,13,2294,48174,1,1,0,0,1.5006662579253316e-11,True
G06,270,ORACLE,0.5,S0,14,2294,48174,1,1,0,0,1.48929757415317e-11,True
G06,271,ORACLE,0.5,S0,15,2294,48174,1,1,0,0,1.693933882052079e-11,True
G06,272,ORACLE,0.5,S0,16,2294,48174,1,1,0,0,5.9117155615240335e-12,True
G06,273,ORACLE,0.5,S0,17,2294,48174,1,1,0,0,7.844391802791506e-12,True
G06,274,ORACLE,0.5,S0,18,2294,48174,1,1,0,0,4.092726157978177e-12,True
G06,275,ORACLE,0.5,S0,19,2294,48174,0,0,0,0,0.0,True
G06,276,ORACLE,0.5,S0,20,2294,48174,0,0,0,0,0.0,True
G06,277,ORACLE,0.5,S0,21,2294,48174,1,1,0,0,2.3874235921539366e-12,True
G06,278,ORACLE,0.5,S0,22,2294,48174,1,1,0,0,3.296918293926865e-12,True
G06,279,ORACLE,0.5,S0,23,2294,48174,1,1,0,0,8.810729923425242e-12,True
G06,280,ORACLE,0.5,S0,24,2294,48174,1,1,0,0,1.546140993013978e-11,True
G06,281,ORACLE,0.5,S0,25,2294,48174,1,1,0,0,5.5706550483591855e-12,True
G06,282,ORACLE,0.5,S0,26,2294,48174,0,0,0,0,0.0,True
G06,283,ORACLE,0.5,S0,27,2294,48174,1,1,0,0,5.002220859751105e-12,True
G06,284,ORACLE,0.5,S0,28,2294,48174,1,1,0,0,8.355982572538778e-12,True
G06,285,ORACLE,0.5,S0,29,2294,48174,1,1,0,0,2.2737367544323206e-12,True
G06,286,ORACLE,0.5,S0,30,2294,48174,1,1,0,0,4.945377440890297e-12,True
G06,287,ORACLE,0.5,S0,31,2294,48174,1,1,0,0,8.640199666842818e-12,True
G06,288,ORACLE,0.5,S1,0,2294,48174,0,0,0,0,0.0,True
G06,289,ORACLE,0.5,S1,1,2294,48174,1,1,0,0,7.958078640513122e-12,True
G06,290,ORACLE,0.5,S1,2,2294,48174,1,1,0,0,6.0254023992456496e-12,True
G06,291,ORACLE,0.5,S1,3,2294,48174,1,1,0,0,1.5688783605583012e-11,True
G06,292,ORACLE,0.5,S1,4,2294,48174,1,1,0,0,8.071765478234738e-12,True
G06,293,ORACLE,0.5,S1,5,2294,48174,1,1,0,0,6.0254023992456496e-12,True
G06,294,ORACLE,0.5,S1,6,2294,48174,1,1,0,0,2.3305801732931286e-12,True
G06,295,ORACLE,0.5,S1,7,2294,48174,1,1,0,0,2.2737367544323206e-12,True
G06,296,ORACLE,0.5,S1,8,2294,48174,0,0,0,0,0.0,True
G06,297,ORACLE,0.5,S1,9,2294,48174,1,1,0,0,1.7621459846850485e-11,True
G06,298,ORACLE,0.5,S1,10,2294,48174,1,1,0,0,5.5706550483591855e-12,True
G06,299,ORACLE,0.5,S1,11,2294,48174,1,1,0,0,1.9326762412674725e-12,True
G06,300,ORACLE,0.5,S1,12,2294,48174,1,1,0,0,2.1600499167107046e-12,True
G06,301,ORACLE,0.5,S1,13,2294,48174,1,1,0,0,1.48929757415317e-11,True
G06,302,ORACLE,0.5,S1,14,2294,48174,1,1,0,0,1.4779288903810084e-11,True
G06,303,ORACLE,0.5,S1,15,2294,48174,1,1,0,0,9.777068044058979e-12,True
G06,304,ORACLE,0.5,S1,16,2294,48174,1,1,0,0,5.9117155615240335e-12,True
G06,305,ORACLE,0.5,S1,17,2294,48174,1,1,0,0,7.844391802791506e-12,True
G06,306,ORACLE,0.5,S1,18,2294,48174,1,1,0,0,4.092726157978177e-12,True
G06,307,ORACLE,0.5,S1,19,2294,48174,0,0,0,0,0.0,True
G06,308,ORACLE,0.5,S1,20,2294,48174,0,0,0,0,0.0,True
G06,309,ORACLE,0.5,S1,21,2294,48174,1,1,0,0,2.1600499167107046e-12,True
G06,310,ORACLE,0.5,S1,22,2294,48174,1,1,0,0,3.296918293926865e-12,True
G06,311,ORACLE,0.5,S1,23,2294,48174,1,1,0,0,8.810729923425242e-12,True
G06,312,ORACLE,0.5,S1,24,2294,48174,1,1,0,0,1.546140993013978e-11,True
G06,313,ORACLE,0.5,S1,25,2294,48174,1,1,0,0,1.8758328224066645e-12,True
G06,314,ORACLE,0.5,S1,26,2294,48174,0,0,0,0,0.0,True
G06,315,ORACLE,0.5,S1,27,2294,48174,1,1,0,0,5.002220859751105e-12,True
G06,316,ORACLE,0.5,S1,28,2294,48174,1,1,0,0,8.355982572538778e-12,True
G06,317,ORACLE,0.5,S1,29,2294,48174,1,1,0,0,2.3874235921539366e-12,True
G06,318,ORACLE,0.5,S1,30,2294,48174,1,1,0,0,4.945377440890297e-12,True
G06,319,ORACLE,0.5,S1,31,2294,48174,1,1,0,0,8.753886504564434e-12,True
G06,320,ORACLE,0.5,S2,0,2294,48174,0,0,0,0,0.0,True
G06,321,ORACLE,0.5,S2,1,2294,48174,1,1,0,0,7.958078640513122e-12,True
G06,322,ORACLE,0.5,S2,2,2294,48174,1,1,0,0,6.0254023992456496e-12,True
G06,323,ORACLE,0.5,S2,3,2294,48174,1,1,0,0,1.5688783605583012e-11,True
G06,324,ORACLE,0.5,S2,4,2294,48174,1,1,0,0,8.128608897095546e-12,True
G06,325,ORACLE,0.5,S2,5,2294,48174,1,1,0,0,6.0254023992456496e-12,True
G06,326,ORACLE,0.5,S2,6,2294,48174,1,1,0,0,2.3305801732931286e-12,True
G06,327,ORACLE,0.5,S2,7,2294,48174,1,1,0,0,2.4442670110147446e-12,True
G06,328,ORACLE,0.5,S2,8,2294,48174,0,0,0,0,0.0,True
G06,329,ORACLE,0.5,S2,9,2294,48174,1,1,0,0,1.7678303265711293e-11,True
G06,330,ORACLE,0.5,S2,10,2294,48174,1,1,0,0,5.5706550483591855e-12,True
G06,331,ORACLE,0.5,S2,11,2294,48174,1,1,0,0,5.5706550483591855e-12,True
G06,332,ORACLE,0.5,S2,12,2294,48174,1,1,0,0,2.2737367544323206e-12,True
G06,333,ORACLE,0.5,S2,13,2294,48174,1,1,0,0,1.4949819160392508e-11,True
G06,334,ORACLE,0.5,S2,14,2294,48174,1,1,0,0,1.48929757415317e-11,True
G06,335,ORACLE,0.5,S2,15,2294,48174,1,1,0,0,9.777068044058979e-12,True
G06,336,ORACLE,0.5,S2,16,2294,48174,1,1,0,0,5.9117155615240335e-12,True
G06,337,ORACLE,0.5,S2,17,2294,48174,1,1,0,0,7.844391802791506e-12,True
G06,338,ORACLE,0.5,S2,18,2294,48174,1,1,0,0,4.206412995699793e-12,True
G06,339,ORACLE,0.5,S2,19,2294,48174,0,0,0,0,0.0,True
G06,340,ORACLE,0.5,S2,20,2294,48174,0,0,0,0,0.0,True
G06,341,ORACLE,0.5,S2,21,2294,48174,1,1,0,0,2.2737367544323206e-12,True
G06,342,ORACLE,0.5,S2,22,2294,48174,1,1,0,0,3.410605131648481e-12,True
G06,343,ORACLE,0.5,S2,23,2294,48174,1,1,0,0,8.810729923425242e-12,True
G06,344,ORACLE,0.5,S2,24,2294,48174,1,1,0,0,1.546140993013978e-11,True
G06,345,ORACLE,0.5,S2,25,2294,48174,1,1,0,0,1.7053025658242404e-12,True
G06,346,ORACLE,0.5,S2,26,2294,48174,0,0,0,0,0.0,True
G06,347,ORACLE,0.5,S2,27,2294,48174,1,1,0,0,4.888534022029489e-12,True
G06,348,ORACLE,0.5,S2,28,2294,48174,1,1,0,0,8.355982572538778e-12,True
G06,349,ORACLE,0.5,S2,29,2294,48174,1,1,0,0,2.2737367544323206e-12,True
G06,350,ORACLE,0.5,S2,30,2294,48174,1,1,0,0,4.945377440890297e-12,True
G06,351,ORACLE,0.5,S2,31,2294,48174,1,1,0,0,8.58335624798201e-12,True
G06,352,ORACLE,0.5,S3,0,2294,48174,0,0,0,0,0.0,True
G06,353,ORACLE,0.5,S3,1,2294,48174,1,1,0,0,1.5347723092418164e-11,True
G06,354,ORACLE,0.5,S3,2,2294,48174,1,1,0,0,5.6843418860808015e-12,True
G06,355,ORACLE,0.5,S3,3,2294,48174,1,1,0,0,1.5575096767861396e-11,True
G06,356,ORACLE,0.5,S3,4,2294,48174,1,1,0,0,8.071765478234738e-12,True
G06,357,ORACLE,0.5,S3,5,2294,48174,1,1,0,0,6.0254023992456496e-12,True
G06,358,ORACLE,0.5,S3,6,2294,48174,1,1,0,0,4.831690603168681e-12,True
G06,359,ORACLE,0.5,S3,7,2294,48174,1,1,0,0,2.2737367544323206e-12,True
G06,360,ORACLE,0.5,S3,8,2294,48174,0,0,0,0,0.0,True
G06,361,ORACLE,0.5,S3,9,2294,48174,1,1,0,0,1.0345502232667059e-11,True
G06,362,ORACLE,0.5,S3,10,2294,48174,1,1,0,0,5.5138116294983774e-12,True
G06,363,ORACLE,0.5,S3,11,2294,48174,1,1,0,0,5.5706550483591855e-12,True
G06,364,ORACLE,0.5,S3,12,2294,48174,1,1,0,0,2.1600499167107046e-12,True
G06,365,ORACLE,0.5,S3,13,2294,48174,1,1,0,0,1.5120349416974932e-11,True
G06,366,ORACLE,0.5,S3,14,2294,48174,1,1,0,0,1.4949819160392508e-11,True
G06,367,ORACLE,0.5,S3,15,2294,48174,1,1,0,0,2.5011104298755527e-12,True
G06,368,ORACLE,0.5,S3,16,2294,48174,1,1,0,0,5.9117155615240335e-12,True
G06,369,ORACLE,0.5,S3,17,2294,48174,1,1,0,0,8.071765478234738e-12,True
G06,370,ORACLE,0.5,S3,18,2294,48174,1,1,0,0,4.092726157978177e-12,True
G06,371,ORACLE,0.5,S3,19,2294,48174,0,0,0,0,0.0,True
G06,372,ORACLE,0.5,S3,20,2294,48174,0,0,0,0,0.0,True
G06,373,ORACLE,0.5,S3,21,2294,48174,1,1,0,0,2.5011104298755527e-12,True
G06,374,ORACLE,0.5,S3,22,2294,48174,1,1,0,0,3.922195901395753e-12,True
G06,375,ORACLE,0.5,S3,23,2294,48174,1,1,0,0,8.86757334228605e-12,True
G06,376,ORACLE,0.5,S3,24,2294,48174,1,1,0,0,1.5688783605583012e-11,True
G06,377,ORACLE,0.5,S3,25,2294,48174,1,1,0,0,5.7980287238024175e-12,True
G06,378,ORACLE,0.5,S3,26,2294,48174,0,0,0,0,0.0,True
G06,379,ORACLE,0.5,S3,27,2294,48174,1,1,0,0,5.002220859751105e-12,True
G06,380,ORACLE,0.5,S3,28,2294,48174,1,1,0,0,8.469669410260394e-12,True
G06,381,ORACLE,0.5,S3,29,2294,48174,1,1,0,0,2.1600499167107046e-12,True
G06,382,ORACLE,0.5,S3,30,2294,48174,1,1,0,0,5.002220859751105e-12,True
G06,383,ORACLE,0.5,S3,31,2294,48174,1,1,0,0,8.753886504564434e-12,True
