case_id,budget,r_km,theta_deg,v_mps,psi_deg,J_exact,z_star_label_m,bearing_cost,keep_tau05
Q05_s0.1_seed420001,B1,50.230453671359875,0.5136953854565105,1.8452686063401966,-1.800305405777662,7.9717292562299326e-12,200,0.00038472983027826405,True
Q05_s0.1_seed420001,B1,50.239561024869623,0.47930741434102142,1.8266691045084422,-2.2267248479994937,0.81121468523734219,200,0.00041659016611027153,False
Q05_s0.1_seed420001,B1,50.240000000000002,0.51245457021707574,1.8221754049908438,-2.2875311512970189,1.0044090401029957,200,0.00037877419793039963,False
Q05_s0.1_seed420001,B1,51.960163669388251,0.48483489437423177,1.8200657108151028,-2.6930032364083942,1.0245735967541327,220,0.0004165901660963333,False
Q05_s0.1_seed420001,B1,51.960000000000001,0.51538125431594528,1.8227702332634352,-2.643875005746235,1.0378343235489706,220,0.00037990073082904861,False
Q05_s0.1_seed420001,B1,50.440780361321437,0.48062182020934152,1.8239535934916731,-2.3142730166877161,1.1838688526460008,180,0.00041659016610567299,False
Q05_s0.1_seed420001,B1,50.439999999999998,0.51280515733590037,1.8222409064502638,-2.328979165380296,1.2322015371386825,180,0.00037889767180160236,False
Q05_s0.1_seed420001,B1,54.718883718973956,0.55121395973432641,1.9397592065105549,-3.0500815327810997,1.2736113295860203,200,0.00041659016611255079,False
Q05_s0.1_seed420001,B1,50.76137040148145,0.48082497450548978,1.8253549818589794,-2.3582285273297714,1.2844639244848839,175,0.00041659016610651054,False
Q05_s0.1_seed420001,B1,55.640033860021404,0.55336246925280008,1.9351422714182809,-3.2943578893134244,1.3096824793599027,190,0.00041659016610892126,False
Q05_s0.1_seed420001,B1,55.04336469485375,0.49074442158847198,1.9401606818147961,-3.1158795077673886,1.3174070131021101,180,0.00041659016599738418,False
Q05_s0.1_seed420001,B1,52.523680677938032,0.48653746152905519,1.8986402685833608,-2.7093803581454896,1.3320895559154597,190,0.0004165901660879097,False
Q05_s0.1_seed420001,B1,48.966555904834394,0.5444246602594518,1.9351640591337098,-1.9726086742108393,1.3324183777012761,175,0.00041659016611370905,False
Q05_s0.1_seed420001,B1,56.441917426171869,0.49458516482335924,1.9363686914743667,-3.4610677590953074,1.3343735399617969,195,0.0004165901661079856,False
Q05_s0.1_seed420001,B1,51.992554388633785,0.48323217936985685,1.7467008788957705,-2.7439423363097504,1.3369224221422982,220,0.00041659016610871532,False
Q05_s0.1_seed420001,B1,53.161373332958497,0.48855655056076674,1.9366225048218766,-2.8116181580955324,1.3425237770572411,225,0.00041659016610003471,False
Q05_s0.1_seed420001,B1,59.636939548817594,0.55594036500672139,1.94163726266674,-4.0069639340785823,1.345458697772677,225,0.00041659016610198025,False
Q05_s0.1_seed420001,B1,48.521202499363142,0.48096395523419133,1.9309759532460449,-1.9700013780242216,1.3503378876322663,170,0.00041659016611180475,False
Q05_s0.1_seed420001,B1,52.520000000000003,0.51645981300686039,1.9028851405035858,-2.6390513060310781,1.3612052966651602,190,0.00038040100199920022,False
Q05_s0.1_seed420001,B1,51.719283704300665,0.48366216682547858,1.8225190762644952,-2.6056329850714004,1.3630200633888254,220,0.00041659016587263978,False
Q05_s0.1_seed420001,B1,51.719999999999999,0.5149845876534479,1.8226829545641086,-2.5941678130538426,1.3649880261691985,220,0.0003797352976038235,False
Q05_s0.1_seed420001,B1,50.759999999999998,0.51336033929244473,1.8223477157454286,-2.3952892162171815,1.3714449013694829,175,0.00037909959058218318,False
Q05_s0.1_seed420001,B1,47.003160751424254,0.540108551583522,1.9367256578281733,-1.5462307196035638,1.371827488147116,160,0.00041659016611341013,False
Q05_s0.1_seed420001,B1,53.321021006492387,0.5501370578454079,1.9372679359554024,-2.8067165366806321,1.3782472725982724,205,0.00041659016611358881,False
Q05_s0.1_seed420001,B1,55.039999999999999,0.52039814250152183,1.9438185385079136,-3.0715452121407711,1.3971400943968062,180,0.00038238217683509351,False
Q05_s0.1_seed420001,B1,50.679072064429349,0.48336595392152049,1.9362643335370895,-2.3068542592752994,1.4113313733948474,235,0.00041659016608559899,False
Q05_s0.1_seed420001,B1,48.800196808768398,0.5438316825155054,1.9359699152539358,-1.9251219912314497,1.4155737583394596,185,0.00041659016610711162,False
Q05_s0.1_seed420001,B1,48.839038612393573,0.54462493285063562,1.9337064796720722,-1.9666966513017865,1.4158889752956161,160,0.00041659016610025686,False
Q05_s0.1_seed420001,B1,52.516611643661641,0.48410442421484667,1.9066211167674179,-2.5843238564376154,1.418265887768428,190,0.00041659016611114789,False
Q05_s0.1_seed420001,B1,48.087704665030479,0.47844939816489163,1.9363209591675312,-1.8133338275687176,1.4217619607791423,150,0.00041659016601051029,False
Q05_s0.1_seed420001,B1,51.123899166606904,0.47414314150638681,1.9260978829025444,-1.9437864204265782,1.422721035069288,230,0.00041659016609405517,False
Q05_s0.1_seed420001,B1,54.719999999999999,0.51992832177199,1.9436864789314141,-3.009456935450356,1.4287838691315697,200,0.00038212694248439071,False
Q05_s0.1_seed420001,B1,46.606884841091677,0.54030314107957356,1.935046350427549,-1.508055012146583,1.4405742121285563,230,0.00041659016610441559,False
Q05_s0.1_seed420001,B1,53.32,0.51780652114089265,1.9431358429137755,-2.7377228752419533,1.4427480269862007,205,0.00038104409999582502,False
Q05_s0.1_seed420001,B1,57.441141955608231,0.5536286847187819,1.9423491550887082,-3.5579033021186,1.4430336532528105,155,0.00041659016606390768,False
Q05_s0.1_seed420001,B1,47.442012288697356,0.47515991985264527,1.9012757717702127,-1.643932433211555,1.445304093297425,200,0.00041659016609666517,False
Q05_s0.1_seed420001,B1,47,0.50665400433578212,1.9412015197855319,-1.5093444074264273,1.4463023359181757,160,0.00037723290608929747,False
Q05_s0.1_seed420001,B1,52,0.51527707188597138,1.7428800749093267,-2.7790414875803973,1.4464697619842521,220,0.00037982648723100439,False
Q05_s0.1_seed420001,B1,48.807269557279675,0.48056538016341399,1.9340426876364907,-1.9827112592500118,1.4469713981744687,230,0.00041659016608804571,False
Q05_s0.1_seed420001,B1,52.879609429253591,0.54982569139566095,1.9364077107737587,-2.7323485225208035,1.4484236769285388,220,0.00041659016608472659,False
Q05_s0.1_seed420001,B1,50.873196758039384,0.48102378489222097,1.8654721621338877,-2.3223091253393982,1.4514024744545839,195,0.00041659016609638013,False
Q05_s0.1_seed420001,B1,57.439999999999998,0.52375487051747194,1.9448823985100301,-3.5369223117687114,1.4526348369917697,155,0.00038436889659445217,False
Q05_s0.1_seed420001,B1,50.676393132212908,0.48083520302682459,1.8252509306749074,-2.349191530220347,1.4539907357595498,225,0.00041659016609357156,False
Q05_s0.1_seed420001,B1,57.167367437429228,0.49485088497791008,1.9395827755123907,-3.5491643706908231,1.4540505048489203,215,0.00041659016611137758,False
Q05_s0.1_seed420001,B1,57.478113927806639,0.55392511046868176,1.9414000752603404,-3.5799838811684204,1.4569594483453441,185,0.000416590166103703,False
Q05_s0.1_seed420001,B1,49.040935797936903,0.54377270281527323,1.9372656769255925,-1.9517265785081364,1.457320410833014,240,0.00041659016609010239,False
Q05_s0.1_seed420001,B1,46.360648135561867,0.47206090054935146,1.9035835299019981,-1.3960712406923719,1.4585719967182533,215,0.00041659016610186636,False
Q05_s0.1_seed420001,B1,47.439999999999998,0.50742970407742671,1.9013237372985201,-1.6307081298664103,1.4607533846970424,200,0.00037737968277640725,False
Q05_s0.1_seed420001,B1,54.76013818965712,0.5505869683662814,1.9422337309289577,-3.022085992666808,1.4612956082108524,175,0.00041659016610753972,False
Q05_s0.1_seed420001,B1,48.960000000000001,0.51042085051255215,1.9417045933312194,-1.8905573702772209,1.461344053909339,175,0.00037816679015871714,False
Q05_s0.1_seed420001,B1,47.803477506687862,0.54202804165303409,1.9358080037952003,-1.724286559566707,1.4687878998831179,235,0.00041659016611485922,False
Q05_s0.1_seed420001,B1,48.799999999999997,0.51012470052858094,1.941660257031498,-1.8594457456509292,1.4714447851845442,185,0.00037808031236870082,False
Q05_s0.1_seed420001,B1,47.083865000110919,0.47721854821985588,1.930339353790594,-1.6576863444375736,1.4728555603725142,170,0.00041659016611448165,False
Q05_s0.1_seed420001,B1,54.759999999999998,0.51998734978085137,1.9437028602900628,-3.0172184369914601,1.4738394754114645,175,0.00038215870199173016,False
Q05_s0.1_seed420001,B1,46.359999999999999,0.5052545633709995,1.9010688360200052,-1.4161313369409649,1.4757346729056804,215,0.00037696151798760066,False
Q05_s0.1_seed420001,B1,55.640000000000001,0.52126448434634653,1.9440723623916463,-3.1879373606892312,1.4775322187660804,190,0.00038286752783836807,False
Q05_s0.1_seed420001,B1,49.002706861389861,0.48121250812192073,1.9317336965425218,-2.0340668380037297,1.4776459914919733,180,0.00041659016604655665,False
Q05_s0.1_seed420001,B1,50.448012044941244,0.48543391996403074,1.9303250154648137,-2.3761971226922611,1.4807777473226216,195,0.0004165901660876278,False
Q05_s0.1_seed420001,B1,51.683901168137879,0.48308309086669432,1.8243392050904081,-2.5712828277194983,1.4864510001855973,185,0.00041659016610718096,False
Q05_s0.1_seed420001,B1,50.510930130614788,0.47413944854327283,1.7926879514581102,-2.0514021339452491,1.4913158471726728,210,0.00041659016610993808,False
Q05_s0.1_seed420001,B1,57.077908710602358,0.55297349216896663,1.9432526442089646,-3.4702006018084219,1.503949940775325,250,0.00041659016607058263,False
Q05_s0.1_seed420001,B1,47.437353903957636,0.4737935289444124,1.8251019253964713,-1.6650362278339177,1.5042260592282855,205,0.00041659016610307752,False
Q05_s0.1_seed420001,B1,49.039999999999999,0.51056820047886264,1.9417269792218095,-1.9061126333900169,1.5082548144093837,240,0.00037821064740907906,False
Q05_s0.1_seed420001,B1,48.520000000000003,0.50960173592475377,1.9415840659956247,-1.8049969261465089,1.5084749176815331,170,0.00037793304428915275,False
Q05_s0.1_seed420001,B1,47.162481236137438,0.53964464163453485,1.9392532569379135,-1.544252099849988,1.5130254214518908,245,0.00041659016609857646,False
Q05_s0.1_seed420001,B1,49,0.51049458566778871,1.9417157681330413,-1.8983350478382617,1.5137647161500358,180,0.00037818866774744014,False
Q05_s0.1_seed420001,B1,48.160528939038116,0.54246347200915146,1.9364048825181708,-1.7862468356698056,1.5159830624763386,245,0.00041659016609611114,False
Q05_s0.1_seed420001,B1,48.081098964567502,0.54217468891613407,1.9369964111855076,-1.7636170343816868,1.5159986712688538,165,0.00041659016608540302,False
Q05_s0.1_seed420001,B1,50.68,0.51348630964603914,1.9422178537133741,-2.2249109020242828,1.5160533608893558,235,0.00037919281636769153,False
Q05_s0.1_seed420001,B1,50.68,0.51322220234391969,1.8223207818945546,-2.3787124920516192,1.5171559734642084,225,0.00037904861854127879,False
Q05_s0.1_seed420001,B1,59.640000000000001,0.52659444918697096,1.9459711895338425,-3.963039881145213,1.5205956329339785,225,0.00038627301570778568,False
Q05_s0.1_seed420001,B1,48.482006718163539,0.54310203571276183,1.9364598907297923,-1.8533721307648214,1.5208625176310901,165,0.00041659016609709495,False
Q05_s0.1_seed420001,B1,48.124250592734022,0.54224368686174618,1.9367270171301092,-1.7721664590773845,1.5218426439991524,155,0.00041659016609756153,False
Q05_s0.1_seed420001,B1,53.645294952372097,0.48886407292616063,1.9380243928469052,-2.8774279228595159,1.5230711799567196,245,0.00041659016610118423,False
Q05_s0.1_seed420001,B1,56.439999999999998,0.52239094179537626,1.9444233900285386,-3.3430780637907422,1.5236825228791611,195,0.00038352711591425355,False
Q05_s0.1_seed420001,B1,57.479999999999997,0.5238084401416927,1.9449012259053082,-3.5446741392705383,1.5264191108189615,185,0.00038440292282964706,False
Q05_s0.1_seed420001,B1,51.119999999999997,0.51423734675953992,1.9423599127322906,-2.3104132220002116,1.5271619003310031,230,0.0003794806003578431,False
Q05_s0.1_seed420001,B1,47.079999999999998,0.50681389576897717,1.941220344893076,-1.524908001381176,1.5275809048180189,170,0.00037726522116835474,False
Q05_s0.1_seed420001,B1,48.522917899194667,0.47771620408976112,1.8628338557091073,-1.9151768352422067,1.5285770166612371,155,0.00041659016609165453,False
Q05_s0.1_seed420001,B1,51.720115271457161,0.48317338996100823,1.9048123141792277,-2.4574013977614335,1.5325182745022785,160,0.00041659016607212057,False
Q05_s0.1_seed420001,B1,52.880000000000003,0.51711645545826546,1.942971913431577,-2.6522891290544881,1.533353651225025,190,0.00038071657688668731,False
Q05_s0.1_seed420001,B1,51.68,0.51491811768193552,1.8226685429652609,-2.5858827877315202,1.536030972867606,185,0.00037970796681414433,False
Q05_s0.1_seed420001,B1,55.32297376146628,0.55173145096326781,1.9404373508076751,-3.1599592829096856,1.5361381811130195,150,0.00041659016611074657,False
Q05_s0.1_seed420001,B1,50.439999999999998,0.51307112770164987,1.9421422134697697,-2.1782679460166636,1.5390461703200629,195,0.00037903987620326279,False
Q05_s0.1_seed420001,B1,47.159999999999997,0.50697324446352054,1.9412393155251193,-1.540471282190836,1.5390633684376014,245,0.00037729807271688495,False
Q05_s0.1_seed420001,B1,56.959947486980603,0.55318901497782313,1.9427551542451797,-3.4643841849711396,1.5420724204802692,215,0.00041659016559962851,False
Q05_s0.1_seed420001,B1,47.439999999999998,0.50723532925890691,1.8213598493157164,-1.7069408233294334,1.542276531008425,205,0.00037730532795602646,False
Q05_s0.1_seed420001,B1,50.520000000000003,0.51285598107762975,1.7823038249110794,-2.400665925655018,1.5431899849251314,210,0.00037890036794754927,False
Q05_s0.1_seed420001,B1,46.040006367618254,0.53762822189139392,1.9385342334305498,-1.3299795105959547,1.5445704957968174,240,0.00041659016610641264,False
Q05_s0.1_seed420001,B1,50.919714226434778,0.54736986306381397,2.1421511654389058,-2.1008527179097509,1.5450140179523226,205,0.00041659016465383505,False
Q05_s0.1_seed420001,B1,52.721466991051351,0.48586099215255452,1.9027594361293798,-2.6941008545876777,1.5451256700058362,210,0.00041659016610797519,False
Q05_s0.1_seed420001,B1,50.920000000000002,0.5143328999330864,2.1421434760982327,-2.0490229229107402,1.5452131321108376,205,0.00037959541531471739,False
Q05_s0.1_seed420001,B1,50.880000000000003,0.5136543428391499,1.8623513312680078,-2.3657949640703428,1.546274865555372,195,0.00037922509291911469,False
Q05_s0.1_seed420001,B1,47.799999999999997,0.50822882259747926,1.9413963175286149,-1.664965980605851,1.5463826259633919,235,0.00037757949028825386,False
Q05_s0.1_seed420001,B1,53.159999999999997,0.51755691045081609,1.9430757267935577,-2.7066577563525156,1.54747572918879,225,0.00038092423182417914,False
Q05_s0.1_seed420001,B1,51.719999999999999,0.51515553891325072,1.902599687882661,-2.4803766326232708,1.5482557350167292,160,0.00037983661641893113,False
Q05_s0.1_seed420001,B1,56.960000000000001,0.5231061639934379,1.9446592715237483,-3.4438886326557268,1.5493169961325708,215,0.00038396263902739259,False
Q05_s0.1_seed420001,B1,59.999355870939723,0.55492373217169799,1.9441601679195433,-4.0045230860586329,1.5499729494882619,240,0.00041659016610840339,False
Q05_s0.1_seed420001,B1,52.719999999999999,0.51677969095857834,1.9029588093651597,-2.6787121755672008,1.5521269053183628,210,0.00038054601888473313,False
Q05_s0.1_seed420001,B1,52.277378111691796,0.48373923520656348,1.9061703476570173,-2.5421155002879576,1.5527590519616612,250,0.00041659016611055987,False
Q05_s0.1_seed420001,B1,46.600000000000001,0.50584630820708421,1.9411095776861116,-1.4315218206718561,1.5540126125418183,230,0.00037707959243479783,False
Q05_s0.1_seed420001,B1,57.079999999999998,0.52326936388863321,1.9447145682737381,-3.4671490733436996,1.5564816848283787,250,0.00038406383785260102,False
Q05_s0.1_seed420001,B1,53.041147994744563,0.5493307514520529,1.9386921322213213,-2.7282702469026052,1.5571660544907755,250,0.00041659016608216565,False
Q05_s0.1_seed420001,B1,48.079999999999998,0.50876762179518931,1.9414679321653729,-1.7194257635156289,1.5606551045653392,165,0.00037771253386248308,False
Q05_s0.1_seed420001,B1,46.963367123105499,0.53981868661706223,1.9372930854778925,-1.5290747838789702,1.5624835177455112,165,0.00041659016611195714,False
Q05_s0.1_seed420001,B1,48.840000000000003,0.51019892002360179,1.9416712866664776,-1.8672237883939973,1.5631172518734118,160,0.00037810177574025929,False
Q05_s0.1_seed420001,B1,52.280000000000001,0.51607272588732511,1.9027979549987486,-2.5914540991116728,1.5643493152401353,250,0.00038022899188668653,False
Q05_s0.1_seed420001,B1,48.479999999999997,0.50952653332310927,1.9415733267862718,-1.7972181667438742,1.5681951022216976,165,0.00037791243843867935,False
Q05_s0.1_seed420001,B1,53.039999999999999,0.51736871371213189,1.9430310187284243,-2.6833576397956871,1.5714721070912721,250,0.00038083490243137613,False
Q05_s0.1_seed420001,B1,60,0.52703927423404928,1.9461596788708093,-4.0327213494290737,1.5722522933126062,240,0.00038658985582343383,False
Q05_s0.1_seed420001,B1,48.159999999999997,0.50892041311994163,1.9414887205014499,-1.7349849368233206,1.5750511942421275,245,0.00037775160423350124,False
Q05_s0.1_seed420001,B1,45.000000001488623,0.53732533641005809,1.9337865513767638,-1.2014041502627784,1.5754329109697691,150,0.00041659016548582989,False
Q05_s0.1_seed420001,B1,46.039999999999999,0.50469194315177646,1.9409869753759625,-1.3225576888966404,1.5828295149786928,240,0.0003768892449095463,False
Q05_s0.1_seed420001,B1,48.119999999999997,0.50884408099329614,1.9414783081687312,-1.7272053930321518,1.5960662939075003,155,0.00037773201116220629,False
Q05_s0.1_seed420001,B1,45,0.50247185722309784,1.9407782360615904,-1.120159492985862,1.6009254275457863,150,0.00037661832582503151,False
Q05_s0.1_seed420001,B1,46.960000000000001,0.50657385422493451,1.9411921618085253,-1.5015624937353735,1.6028459819651923,165,0.00037721695162005624,False
Q05_s0.1_seed420001,B1,57.159999999999997,0.52337778297477555,1.9447516124220809,-3.4826552885813769,1.6035679118547763,215,0.00038413144161882588,False
Q05_s0.1_seed420001,B1,53.640000000000001,0.51830127323333974,1.9432578074204063,-2.7998472056679793,1.6037364087427304,245,0.00038128636779715866,False
Q05_s0.1_seed420001,B1,48.520000000000003,0.50941399501151496,1.8616283157320488,-1.8871670064725381,1.6038938936147011,155,0.00037785014942202791,False
Q05_s0.1_seed420001,B1,51.085533139419816,0.48505715628387325,1.9369643142759729,-2.4239023052808868,1.6045047768317213,235,0.00041659016566249538,False
Q05_s0.1_seed420001,B1,55.32,0.52080477501109956,1.9439359815412112,-3.1258653809516797,1.6119087862135488,150,0.00038260761037841039,False
Q05_s0.1_seed420001,B1,51.079999999999998,0.51416960556769398,1.9423468172956866,-2.3026408136510335,1.617111485378981,235,0.00037945405521276512,False
Q05_s0.1_seed420001,B1,48.400439398547654,0.54185678388865099,1.9396550684602101,-1.7873888597345857,1.6244950835875795,170,0.00041659016610023436,False
Q05_s0.1_seed420001,B1,48.399999999999999,0.50937575503082766,1.9415519573051059,-1.7816603833327602,1.6328448047652799,170,0.00037787155730398784,False
Q05_s0.1_seed420001,B2,50.230453671359875,0.5136953854565105,1.8452686063401966,-1.800305405777662,7.9717292562299326e-12,200,0.00038472983027826405,True
Q05_s0.1_seed420001,B2,50.225043728017397,0.54570169256028933,1.8575280568040451,-2.294441984582452,0.53742128596827343,200,0.00041659016609036693,False
Q05_s0.1_seed420001,B2,50.239561024869623,0.47930741434102142,1.8266691045084422,-2.2267248479994937,0.81121468523734219,200,0.00041659016611027153,False
Q05_s0.1_seed420001,B2,50.219999999999999,0.51250868361023194,1.8621358785859434,-2.231981914121512,0.91670874057627161,200,0.00037880857151343457,False
Q05_s0.1_seed420001,B2,50.240000000000002,0.51245457021707574,1.8221754049908438,-2.2875311512970189,1.0044090401029957,200,0.00037877419793039963,False
Q05_s0.1_seed420001,B2,51.960163669388251,0.48483489437423177,1.8200657108151028,-2.6930032364083942,1.0245735967541327,220,0.0004165901660963333,False
Q05_s0.1_seed420001,B2,51.965510266704968,0.48284891501990757,1.8089697088989189,-2.6169459701529814,1.0367530176224162,220,0.00041659016611322137,False
Q05_s0.1_seed420001,B2,51.960000000000001,0.51538125431594528,1.8227702332634352,-2.643875005746235,1.0378343235489706,220,0.00037990073082904861,False
Q05_s0.1_seed420001,B2,50.440780360908768,0.48062182176973689,1.8239535880809363,-2.3142730962453122,1.183868879885557,180,0.00041659016609039588,False
Q05_s0.1_seed420001,B2,51.975728613302721,0.48325942190681737,1.7854215979003862,-2.6769260873709619,1.2092790390734256,220,0.00041659016611355487,False
Q05_s0.1_seed420001,B2,50.439999999999998,0.51280515733590037,1.8222409064502638,-2.328979165380296,1.2322015371386825,180,0.00037889767180160236,False
Q05_s0.1_seed420001,B2,51.979999999999997,0.51532917032417758,1.7828239167063744,-2.7099453658658375,1.2612709900159882,220,0.00037986357300779305,False
Q05_s0.1_seed420001,B2,51.982585602784575,0.54569164942422432,1.7658372791925578,-2.6840359044129904,1.2612872263141086,220,0.00041659016611279317,False
Q05_s0.1_seed420001,B2,54.718883718973736,0.55121395973036424,1.9397592065110616,-3.0500815327756658,1.2736113295924241,200,0.00041659016610382958,False
Q05_s0.1_seed420001,B2,50.761370401481599,0.48082497451263251,1.8253549818583616,-2.358228527337209,1.2844639244906282,175,0.00041659016609002628,False
Q05_s0.1_seed420001,B2,49.503391320669856,0.47828072056118565,1.9271413394888119,-1.9711693418080038,1.3004064510467117,195,0.00041659016611487603,False
Q05_s0.1_seed420001,B2,55.643021274146321,0.4900312230561843,1.927734859787299,-3.16967848916123,1.3018473691445727,190,0.0004165901660938116,False
Q05_s0.1_seed420001,B2,55.462511439358885,0.5519403498251938,1.8805105876197643,-3.300396703053778,1.3058796818162863,205,0.00041659016609577661,False
Q05_s0.1_seed420001,B2,55.640033860021404,0.55336246925280008,1.9351422714182809,-3.2943578893134244,1.3096824793599027,190,0.00041659016610892126,False
Q05_s0.1_seed420001,B2,59.658947777728841,0.49767099026727379,1.9273308007018373,-3.9935945277756186,1.3099714146997539,245,0.00041659016609476147,False
Q05_s0.1_seed420001,B2,51.979999999999997,0.51528665126855411,1.7628478955628661,-2.7419605790820154,1.3102375775418558,220,0.00037983810202548395,False
Q05_s0.1_seed420001,B2,50.519794662539631,0.48167085891409034,1.8414491013287264,-2.3462241496168694,1.3115887136484985,200,0.00041659016610316523,False
Q05_s0.1_seed420001,B2,50.661282395891334,0.48464364331059606,1.8532636541951781,-2.4784498462880045,1.3130822383676291,225,0.00041659016610790943,False
Q05_s0.1_seed420001,B2,50.70455840787568,0.48080955185038654,1.8251265842137605,-2.3513846575050064,1.3135422863802091,230,0.00041659016608565824,False
Q05_s0.1_seed420001,B2,53.342037297834217,0.48638907119947561,1.924715964948112,-2.7519091941732601,1.3138810711870605,185,0.00041659016609589165,False
Q05_s0.1_seed420001,B2,50.520000000000003,0.5129888951905448,1.8422497627286454,-2.3188982439650081,1.3167804003137014,200,0.00037897136244658769,False
Q05_s0.1_seed420001,B2,55.04336469485375,0.49074442158847198,1.9401606818147961,-3.1158795077673886,1.3174070131021101,180,0.00041659016599738418,False
Q05_s0.1_seed420001,B2,59.659999999999997,0.52658464996211374,1.9260325122152899,-4.0093662793014238,1.3187608096839016,245,0.00038625909584221228,False
Q05_s0.1_seed420001,B2,51.941289896003951,0.54788418341524725,1.8590172640124196,-2.63155212405354,1.3233232705032814,220,0.00041659016608624653,False
Q05_s0.1_seed420001,B2,52.523680677938032,0.48653746152905519,1.8986402685833608,-2.7093803581454896,1.3320895559154597,190,0.0004165901660879097,False
Q05_s0.1_seed420001,B2,48.966555904834394,0.5444246602594518,1.9351640591337098,-1.9726086742108393,1.3324183777012761,175,0.00041659016611370905,False
Q05_s0.1_seed420001,B2,56.441917426171869,0.49458516482335924,1.9363686914743667,-3.4610677590953074,1.3343735399617969,195,0.0004165901661079856,False
Q05_s0.1_seed420001,B2,57.378813708157487,0.49386119494490455,1.9367732170967473,-3.5295787448053773,1.3452961313953715,210,0.00041659016602281826,False
Q05_s0.1_seed420001,B2,59.636939548817594,0.55594036500672139,1.94163726266674,-4.0069639340785823,1.345458697772677,225,0.00041659016610198025,False
Q05_s0.1_seed420001,B2,50.240000000000002,0.51249921846604407,1.842158645449697,-2.2615054802786942,1.3478874648577119,200,0.00037879750652214378,False
Q05_s0.1_seed420001,B2,48.521202499363142,0.48096395523419133,1.9309759532460449,-1.9700013780242216,1.3503378876322663,170,0.00041659016611180475,False
Q05_s0.1_seed420001,B2,52.999566857511596,0.54730726268341279,1.8803418539606933,-2.7205985439324358,1.350845883108611,180,0.00041659016441540712,False
Q05_s0.1_seed420001,B2,51.939999999999998,0.5154333238874178,1.862718865363548,-2.5806359146043993,1.3536052425635312,220,0.00037993796060049656,False
Q05_s0.1_seed420001,B2,52.520000000000003,0.51645981300686039,1.9028851405035858,-2.6390513060310781,1.3612052966651602,190,0.00038040100199920022,False
Q05_s0.1_seed420001,B2,51.719283704300665,0.48366216682547858,1.8225190762644952,-2.6056329850714004,1.3630200633888254,220,0.00041659016587263978,False
Q05_s0.1_seed420001,B2,51.719999999999999,0.5149845876534479,1.8226829545641086,-2.5941678130538426,1.3649880261691985,220,0.0003797352976038235,False
Q05_s0.1_seed420001,B2,51.960000000000001,0.51533875393354045,1.8027930737810964,-2.6744504288818209,1.3686702965424449,220,0.00037987520857927869,False
Q05_s0.1_seed420001,B2,50.759999999999998,0.51336033929244473,1.8223477157454286,-2.3952892162171815,1.3714449013694829,175,0.00037909959058218318,False
Q05_s0.1_seed420001,B2,47.003160751424254,0.540108551583522,1.9367256578281733,-1.5462307196035638,1.371827488147116,160,0.00041659016611341013,False
Q05_s0.1_seed420001,B2,48.117434624804304,0.47635822313355725,1.9230790216306415,-1.7448919785771615,1.3733147319484658,190,0.00041659016610578423,False
Q05_s0.1_seed420001,B2,56.140466115502434,0.55271944850073851,1.9404465005784077,-3.3258677764054276,1.3748105056842042,160,0.0004165901661090775,False
Q05_s0.1_seed420001,B2,52.800148962048404,0.48570036491681812,1.9235107711722945,-2.662892866568761,1.3763238867812642,155,0.00041659016608219709,False
Q05_s0.1_seed420001,B2,48.843640597860386,0.477486937587285,1.9236868831582266,-1.8703131970170404,1.3773586911629843,160,0.00041659016611293883,False
Q05_s0.1_seed420001,B2,53.321021006492387,0.5501370578454079,1.9372679359554024,-2.8067165366806321,1.3782472725982724,205,0.00041659016611358881,False
Q05_s0.1_seed420001,B2,53.582357030847675,0.4807638930203959,1.9358826926419046,-2.4890094701510286,1.3805594226843108,170,0.00041659016608040512,False
Q05_s0.1_seed420001,B2,52.799999999999997,0.51694836810254818,1.9229653122653372,-2.6653650251887617,1.3830686682640572,155,0.00038063108054449906,False
Q05_s0.1_seed420001,B2,51.073208884345263,0.54271094486800564,1.7705779588727424,-2.4017794134893666,1.3855302881537974,190,0.00041659016605567344,False
Q05_s0.1_seed420001,B2,49.574556696153579,0.47882130242543308,1.8641958173338193,-2.0801094132622104,1.3899095276651126,250,0.00041659016610990431,False
Q05_s0.1_seed420001,B2,47.544998640060768,0.47579248094877968,1.9203504306048282,-1.6618849496234684,1.3938307581338498,205,0.00041659016598950599,False
Q05_s0.1_seed420001,B2,48.119999999999997,0.50879660135643856,1.9214881053850552,-1.7462922432440324,1.3939075471228548,190,0.00037771192958129207,False
Q05_s0.1_seed420001,B2,55.460000000000001,0.52089095407472097,1.8840945722970273,-3.2571723982329397,1.3956062391676274,205,0.00038263394613642876,False
Q05_s0.1_seed420001,B2,49.776394003069015,0.47870404616372042,1.9257452111291213,-2.0203621772058664,1.3964189482066331,225,0.0004165901661089481,False
Q05_s0.1_seed420001,B2,55.039999999999999,0.52039814250152183,1.9438185385079136,-3.0715452121407711,1.3971400943968062,180,0.00038238217683509351,False
Q05_s0.1_seed420001,B2,49.419244755859516,0.47867680353197528,1.9237429849037797,-1.983250141749334,1.3997099934058814,250,0.00041659016611107666,False
Q05_s0.1_seed420001,B2,53.598255226369432,0.48614889082677326,1.9270909737581379,-2.7646040910209368,1.4001525172043983,175,0.00041659016609954015,False
Q05_s0.1_seed420001,B2,55.342725379684921,0.49169932514034986,1.9396233052491003,-3.1949180927890861,1.4005587772630821,215,0.00041659016611203525,False
Q05_s0.1_seed420001,B2,47.360558048939225,0.47572202101991756,1.9194923644984065,-1.639583523741976,1.4037088222051295,150,0.00041659016611010196,False
Q05_s0.1_seed420001,B2,47.399513641272314,0.47533828368345432,1.9209452513805991,-1.6267462997084134,1.4044496313686905,180,0.00041659016610732532,False
Q05_s0.1_seed420001,B2,47.399999999999999,0.50739950057198224,1.9213053648652725,-1.6047759182351968,1.4094455084611845,180,0.00037738108417837503,False
Q05_s0.1_seed420001,B2,47.359999999999999,0.50732063737535016,1.9212955615673286,-1.5969130833578313,1.4106221963302676,150,0.0003773638872413323,False
Q05_s0.1_seed420001,B2,50.679072064429349,0.48336595392152049,1.9362643335370895,-2.3068542592752994,1.4113313733948474,235,0.00041659016608559899,False
Q05_s0.1_seed420001,B2,53,0.51718226446841353,1.8830879163173573,-2.764484343085436,1.4127861574240999,180,0.00038072469272401192,False
Q05_s0.1_seed420001,B2,46.422262755730642,0.47332549759196141,1.9209600339672361,-1.4383454040551964,1.4137648284057693,170,0.00041659016609534721,False
Q05_s0.1_seed420001,B2,51.079999999999998,0.51377772389549836,1.7625178572196716,-2.5491597515932152,1.4152988004902856,190,0.00037923350437831118,False
Q05_s0.1_seed420001,B2,48.800196808768398,0.5438316825155054,1.9359699152539358,-1.9251219912314497,1.4155737583394596,185,0.00041659016610711162,False
Q05_s0.1_seed420001,B2,53.87895425387542,0.48718746529305434,1.9257509537450792,-2.845896582469285,1.4158230885535366,210,0.00041659016610453106,False
Q05_s0.1_seed420001,B2,49.420000000000002,0.51121596246694401,1.9218481685993194,-2.0017331641442153,1.4161687364951887,250,0.00037840214027058417,False
Q05_s0.1_seed420001,B2,49.036427039470937,0.47751071350369934,1.9251003603626518,-1.8904509204820581,1.4169360749668036,160,0.00041659016609019503,False
Q05_s0.1_seed420001,B2,51.123899166606904,0.47414314150638681,1.9260978829025444,-1.9437864204265782,1.422721035069288,230,0.00041659016609405517,False
Q05_s0.1_seed420001,B2,53.340000000000003,0.51779684581164276,1.9231679559414885,-2.7713118352353723,1.4228175143776942,185,0.00038103192048031663,False
Q05_s0.1_seed420001,B2,45.079262517789324,0.46914491706810146,1.9234068918339475,-1.1251562827033723,1.4232946723112958,215,0.00041659016610980397,False
Q05_s0.1_seed420001,B2,55.340000000000003,0.52083366266775832,1.9439444378448982,-3.1297451376657222,1.4265065314046683,215,0.00038262378524533741,False
Q05_s0.1_seed420001,B2,52.882170361629342,0.4857573840960967,1.9238434559672644,-2.6739598238159896,1.4273192731125999,190,0.00041659016608675708,False
Q05_s0.1_seed420001,B2,48.740507980972929,0.47745013707736295,1.9227865606907923,-1.8586217066452857,1.4277602781344267,150,0.00041659016609184904,False
Q05_s0.1_seed420001,B2,50.224533173153915,0.48071966539404709,1.8824050065828122,-2.213146030213144,1.4281763299152075,205,0.00041659016609316168,False
Q05_s0.1_seed420001,B2,54.719999999999999,0.51992832177199,1.9436864789314141,-3.009456935450356,1.4287838691315697,200,0.00038212694248439071,False
Q05_s0.1_seed420001,B2,46.420000000000002,0.50542819607553602,1.9210757666034339,-1.4121129017727116,1.4298206649780916,170,0.00037699860798788066,False
Q05_s0.1_seed420001,B2,48.257520547882194,0.47613187282922631,1.9235827827729044,-1.7500093380774118,1.4302482480014067,225,0.000416590166102447,False
Q05_s0.1_seed420001,B2,50.659999999999997,0.513275778010164,1.8622783713510074,-2.3211942788527824,1.4304773782049367,225,0.00037908377113734674,False
Q05_s0.1_seed420001,B2,57.224168725628765,0.55375175206365679,1.9408805393252315,-3.534775979534956,1.4329758933008974,240,0.00041659016609729889,False
Q05_s0.1_seed420001,B2,50.216186834319544,0.48115300441933773,1.9009192853278243,-2.2066950770035589,1.434003320255979,205,0.00041659016607601399,False
Q05_s0.1_seed420001,B2,53.600000000000001,0.51819927061099791,1.9232678955224862,-2.8223150186001948,1.4341307882461334,175,0.00038122842911079605,False
Q05_s0.1_seed420001,B2,59.657417302759455,0.55511531455601837,1.9452041905364434,-3.9598577474199708,1.4362145195227167,230,0.00041659016610834154,False
Q05_s0.1_seed420001,B2,48.740000000000002,0.50996656042305466,1.9216549958177711,-1.8681303295407796,1.4376170467892471,150,0.00037802713540814538,False
Q05_s0.1_seed420001,B2,59.934975041006851,0.55272139310271307,1.9340591319342937,-3.9050497749946587,1.4403789892877967,205,0.00041659016608567342,False
Q05_s0.1_seed420001,B2,53.32,0.51780652114089265,1.9431358429137755,-2.7377228752419533,1.4427480269862007,205,0.00038104409999582502,False
Q05_s0.1_seed420001,B2,57.441141955608231,0.5536286847187819,1.9423491550887082,-3.5579033021186,1.4430336532528105,155,0.00041659016606390768,False
Q05_s0.1_seed420001,B2,47.442012288697356,0.47515991985264527,1.9012757717702127,-1.643932433211555,1.445304093297425,200,0.00041659016609666517,False
Q05_s0.1_seed420001,B2,47.539999999999999,0.50767447587283243,1.9213399657489119,-1.6322951743067984,1.4455656405945649,205,0.00037744228128950972,False
Q05_s0.1_seed420001,B2,47,0.50665400433578212,1.9412015197855319,-1.5093444074264273,1.4463023359181757,160,0.00037723290608929747,False
Q05_s0.1_seed420001,B2,48.807269557279675,0.48056538016341399,1.9340426876364907,-1.9827112592500118,1.4469713981744687,230,0.00041659016608804571,False
Q05_s0.1_seed420001,B2,55.640000000000001,0.52122615144814977,1.9241054460615821,-3.2222978523427108,1.44899476559691,190,0.00038283833712199117,False
Q05_s0.1_seed420001,B2,51.022119739186763,0.54688376334156352,1.9372069625980552,-2.3455109556745857,1.449428371916716,155,0.00041659016610460326,False
Q05_s0.1_seed420001,B2,46.242250515813133,0.47192811326630668,1.922877402078818,-1.3610557775502823,1.4496526651078869,170,0.00041659016610708381,False
Q05_s0.1_seed420001,B2,52.880000000000003,0.51707516270911236,1.9229949140482623,-2.6810622874259229,1.450116121346323,190,0.00038068981886156165,False
Q05_s0.1_seed420001,B2,57.439999999999998,0.52375487051747194,1.9448823985100301,-3.5369223117687114,1.4526348369917697,155,0.00038436889659445217,False
Q05_s0.1_seed420001,B2,51.68182457551471,0.48287601515264811,1.8448043624476269,-2.5293129168388617,1.4533298935793886,215,0.0004165901661099802,False
Q05_s0.1_seed420001,B2,49.140012406069651,0.5435309549279701,1.938451295981285,-1.9526948877234176,1.4533967213650665,215,0.00041659016607465473,False
Q05_s0.1_seed420001,B2,50.676393132212908,0.48083520302682459,1.8252509306749074,-2.349191530220347,1.4539907357595498,225,0.00041659016609357156,False
Q05_s0.1_seed420001,B2,46.580524877907862,0.53969803210044098,1.9356948979152151,-1.479636292390115,1.4540285063305622,165,0.00041659016611352891,False
Q05_s0.1_seed420001,B2,52.015860081670127,0.48405122410674117,1.9243400687796881,-2.5009882161785963,1.4544317180652628,160,0.00041659016609758956,False
Q05_s0.1_seed420001,B2,51.022240746530073,0.4866350661179375,1.9291266339198139,-2.4949270825341188,1.4555868143378823,155,0.00041659016590499091,False
Q05_s0.1_seed420001,B2,56.140000000000001,0.52197228406184271,1.9442900684661237,-3.2849069603171843,1.4557275836874821,160,0.00038327821047250241,False
Q05_s0.1_seed420001,B2,53.700021641213247,0.5505829803566904,1.9376292075045392,-2.8799376912328807,1.4563916548101472,165,0.00041659016611250336,False
Q05_s0.1_seed420001,B2,57.478113927806639,0.55392511046868176,1.9414000752603404,-3.5799838811684204,1.4569594483453441,185,0.000416590166103703,False
Q05_s0.1_seed420001,B2,48.259999999999998,0.5090634152342981,1.9215250197344502,-1.773805989095796,1.4572730961111908,225,0.00037778075264913109,False
Q05_s0.1_seed420001,B2,49.040935797936903,0.54377270281527323,1.9372656769255925,-1.9517265785081364,1.457320410833014,240,0.00041659016609010239,False
Q05_s0.1_seed420001,B2,48.501228583122661,0.54244030205755944,1.9380190000519291,-1.8262000272055605,1.4577389501377469,210,0.00041659016609804021,False
Q05_s0.1_seed420001,B2,52.255955919645835,0.48477119956057724,1.8828561763981586,-2.6231369377263452,1.4580820019458858,185,0.00041659016608883409,False
Q05_s0.1_seed420001,B2,45.659790348594349,0.47118086839082807,1.9213207346587784,-1.2696083048144384,1.4585484493634728,210,0.00041659016610064723,False
Q05_s0.1_seed420001,B2,46.360648135561867,0.47206090054935146,1.9035835299019981,-1.3960712406923719,1.4585719967182533,215,0.00041659016610186636,False
Q05_s0.1_seed420001,B2,50.552857337930284,0.54274763642368473,1.9281463813455337,-2.1150461674223884,1.4587016534211219,235,0.00041659016609356332,False
Q05_s0.1_seed420001,B2,52.699307303321362,0.48583373463077173,1.8425982325335188,-2.788596275986297,1.4587564795216255,175,0.00041659016599702124,False
Q05_s0.1_seed420001,B2,47.439999999999998,0.50742970407742671,1.9013237372985201,-1.6307081298664103,1.4607533846970424,200,0.00037737968277640725,False
Q05_s0.1_seed420001,B2,45.659999999999997,0.50384112545952575,1.9209129144977828,-1.2626686516689287,1.461167235523616,210,0.00037676241705064456,False
Q05_s0.1_seed420001,B2,54.76013818965712,0.5505869683662814,1.9422337309289577,-3.022085992666808,1.4612956082108524,175,0.00041659016610753972,False
Q05_s0.1_seed420001,B2,48.960000000000001,0.51042085051255215,1.9417045933312194,-1.8905573702772209,1.461344053909339,175,0.00037816679015871714,False
Q05_s0.1_seed420001,B2,45.079999999999998,0.50259390878699051,1.9207975781955826,-1.1486015887706156,1.4632405380742799,215,0.00037662170665222095,False
Q05_s0.1_seed420001,B2,49.508504931306071,0.48228643176087438,1.9330221889219981,-2.1340842598477359,1.4638151615388435,240,0.00041659016610247649,False
Q05_s0.1_seed420001,B2,53.265587417668598,0.54968809061146207,1.9388347150153931,-2.7756687738272223,1.4638459719347041,150,0.00041659016609978892,False
Q05_s0.1_seed420001,B2,50.379259026386741,0.48175681799846437,1.9203396809516613,-2.2254453872027025,1.4648340116059408,210,0.00041659016608940779,False
Q05_s0.1_seed420001,B2,47.698533825046106,0.54137858110590553,1.9372176670646069,-1.6828697149962419,1.4649511625577265,165,0.00041659016611098493,False
Q05_s0.1_seed420001,B2,52.700000000000003,0.51662312717850445,1.8430231006742666,-2.7655231156231221,1.4655122149018074,175,0.00038045205771180998,False
Q05_s0.1_seed420001,B2,47.803477506687862,0.54202804165303409,1.9358080037952003,-1.724286559566707,1.4687878998831179,235,0.00041659016611485922,False
Q05_s0.1_seed420001,B2,48.799999999999997,0.51012470052858094,1.941660257031498,-1.8594457456509292,1.4714447851845442,185,0.00037808031236870082,False
Q05_s0.1_seed420001,B2,53.18150837796567,0.54932483226633266,1.9394955029046341,-2.7461846034548341,1.4718439394492335,235,0.00041659016610645487,False
Q05_s0.1_seed420001,B2,58.542611885748599,0.55471026766740561,1.9428125032585721,-3.7755587890340063,1.4722994980896784,240,0.0004165901661056242,False
Q05_s0.1_seed420001,B2,47.083865000110919,0.47721854821985588,1.930339353790594,-1.6576863444375736,1.4728555603725142,170,0.00041659016611448165,False
Q05_s0.1_seed420001,B2,50.380000000000003,0.51292236482133935,1.9221389096912271,-2.1902998650037149,1.4730612541322829,210,0.00037897837994102052,False
Q05_s0.1_seed420001,B2,54.759999999999998,0.51998734978085137,1.9437028602900628,-3.0172184369914601,1.4738394754114645,175,0.00038215870199173016,False
Q05_s0.1_seed420001,B2,51.056163534211478,0.48145872070539575,1.8253069346709365,-2.421482806125077,1.4740179247084491,215,0.00041659016610618159,False
Q05_s0.1_seed420001,B2,52.020000000000003,0.51569166876624495,1.9226843458226779,-2.5122911645168058,1.4757070285143303,160,0.0003800709917012324,False
Q05_s0.1_seed420001,B2,46.359999999999999,0.5052545633709995,1.9010688360200052,-1.4161313369409649,1.4757346729056804,215,0.00037696151798760066,False
Q05_s0.1_seed420001,B2,52.702740795666578,0.54858933998496529,1.939773679844778,-2.6459865722396305,1.4758039872944966,165,0.00041659016610756075,False
Q05_s0.1_seed420001,B2,55.640000000000001,0.52126448434634653,1.9440723623916463,-3.1879373606892312,1.4775322187660804,190,0.00038286752783836807,False
Q05_s0.1_seed420001,B2,51.418916192336042,0.48319540101960712,1.9223082262131204,-2.4003325533780497,1.4816400895682518,230,0.00041659016608243529,False
Q05_s0.1_seed420001,B2,52.256629041603006,0.54665365108053443,2.1436281031479987,-2.233671564967727,1.4818556893840562,210,0.00041659016463679031,False
Q05_s0.1_seed420001,B2,53.880000000000003,0.51862830480294531,1.923377245106539,-2.8772354081947711,1.4841924255032457,210,0.00038144246251699536,False
Q05_s0.1_seed420001,B2,52.604391720841257,0.48688640443650488,1.9189616593189089,-2.702122648420799,1.4851088832698596,225,0.00041659016611185896,False
Q05_s0.1_seed420001,B2,51.420000000000002,0.51469901490564862,1.9224776673966926,-2.3945114113472332,1.4880588281606124,230,0.00037965694483128203,False
Q05_s0.1_seed420001,B2,49.83903298019824,0.47978864108014907,1.9231872344288292,-2.0773465008294902,1.4880991103230565,175,0.00041659016610614896,False
Q05_s0.1_seed420001,B2,50.864177432744199,0.54622728687079025,1.8790466734909019,-2.3754037867781204,1.4881813397826578,195,0.00041659016611463522,False
Q05_s0.1_seed420001,B2,48.098858901431136,0.47612759546912375,1.8832984143849676,-1.7761845920513757,1.4883407542233773,165,0.00041659016610167337,False
Q05_s0.1_seed420001,B2,51.675845724268399,0.48365159787225576,1.8425239023489952,-2.5684673485241731,1.488870441425971,185,0.00041659016605739163,False
Q05_s0.1_seed420001,B2,55.617846203441204,0.49022046639833405,1.9069602297199748,-3.2143937245646121,1.4893215297311484,155,0.000416590166107224,False
Q05_s0.1_seed420001,B2,48.656534473710316,0.47687189051322942,1.9242858928780739,-1.823385577016273,1.4902173701815782,240,0.00041659016609830248,False
Q05_s0.1_seed420001,B2,51.024064259776146,0.48166401589968633,1.9249561211056312,-2.2855840015998918,1.491899655402811,155,0.00041659016610956663,False
Q05_s0.1_seed420001,B2,48.219425628222041,0.47606348607402715,1.9241570721179173,-1.7424278858429911,1.493208596594451,150,0.00041659016611120324,False
Q05_s0.1_seed420001,B2,52.63778106151085,0.48447534678910564,1.9260188736611936,-2.5851584771260061,1.4934395222696419,180,0.00041659016607506206,False
Q05_s0.1_seed420001,B2,49.840000000000003,0.51197060797978,1.9219727722490252,-2.084238353045254,1.493637195107465,175,0.00037864785536457796,False
Q05_s0.1_seed420001,B2,48.100000000000001,0.50866326238452408,1.8815030280762266,-1.7816644681166507,1.4937363404356188,165,0.00037766227930555955,False
Q05_s0.1_seed420001,B2,50.658419201923877,0.48166233209261033,1.9225392257707652,-2.2490682528155368,1.4939703816560843,230,0.00041659016609731987,False
Q05_s0.1_seed420001,B2,51.060000000000002,0.51387449033357502,1.822450092001155,-2.4574471896519103,1.4963389894439612,215,0.0003792935710018091,False
Q05_s0.1_seed420001,B2,59.939999999999998,0.52693108779763587,1.9261803711405838,-4.064125267716717,1.4973400387137694,205,0.00038650535864780274,False
Q05_s0.1_seed420001,B2,50.219999999999999,0.51255331169360085,1.8821199059127385,-2.2070969036786017,1.4977741579509853,205,0.00037883193776730889,False
Q05_s0.1_seed420001,B2,51.68,0.514960936801381,1.8426471686804482,-2.55660153325225,1.4986843627280559,215,0.0003797331907996282,False
Q05_s0.1_seed420001,B2,53.08313003471433,0.48709206531852534,1.9205916151722977,-2.762402616037761,1.4991764764958095,245,0.00041659016611291888,False
Q05_s0.1_seed420001,B2,48.840000000000003,0.5101524795820086,1.9216827390446689,-1.887779545034405,1.4994755510887865,160,0.00037808042706197729,False
Q05_s0.1_seed420001,B2,55.660516353304459,0.55140520003785642,1.9433166752308653,-3.1877966541857425,1.4995504044278256,195,0.0004165901660196622,False
Q05_s0.1_seed420001,B2,52.640000000000001,0.51669362191642521,1.9229065465666209,-2.6339690199154995,1.5003372323330864,180,0.00038051430252287349,False
Q05_s0.1_seed420001,B2,55.659999999999997,0.52129304059590587,1.94408096268445,-3.1918165654518598,1.5030406795773965,195,0.00038288385050315639,False
Q05_s0.1_seed420001,B2,57.077908710602358,0.55297349216896663,1.9432526442089646,-3.4702006018084219,1.503949940775325,250,0.00041659016607058263,False
Q05_s0.1_seed420001,B2,49.977445570937363,0.48004487051743716,1.922849283633862,-2.1039025022501434,1.5041355253573492,195,0.00041659016606871037,False
Q05_s0.1_seed420001,B2,45.09902246066882,0.47291488448219532,1.914682396139193,-1.279762007502395,1.5042095505034556,165,0.00041659016610653786,False
Q05_s0.1_seed420001,B2,52.600000000000001,0.51662969304988815,1.9228919463747403,-2.6261197117872679,1.5042739246303807,175,0.00038048525570827466,False
Q05_s0.1_seed420001,B2,49.5,0.51140621547616316,1.9418585142538309,-1.9955481617971487,1.5043499400210198,195,0.00037847056284760842,False
Q05_s0.1_seed420001,B2,46.240000000000002,0.50505702942804209,1.9210359954089027,-1.3767206542789854,1.5047365863186479,170,0.00037693763759959236,False
Q05_s0.1_seed420001,B2,53.18,0.51758819396349787,1.9430832097249531,-2.710541002951504,1.505268830254523,235,0.000380939168055586,False
Q05_s0.1_seed420001,B2,54.380089528479175,0.55050176347175039,1.9409388497701605,-2.9664001853825557,1.5067088409449523,170,0.00041659016609910403,False
Q05_s0.1_seed420001,B2,49.039999999999999,0.51056820047886264,1.9417269792218095,-1.9061126333900169,1.5082548144093837,240,0.00037821064740907906,False
Q05_s0.1_seed420001,B2,50.219999999999999,0.51259791653348175,1.9021042793850329,-2.1827337598432459,1.5082920678665861,205,0.00037885534721836402,False
Q05_s0.1_seed420001,B2,48.520000000000003,0.50960173592475377,1.9415840659956247,-1.8049969261465089,1.5084749176815331,170,0.00037793304428915275,False
Q05_s0.1_seed420001,B2,52.259999999999998,0.51599825123062326,1.8828126460014416,-2.6161744048245339,1.5090763381445378,185,0.00038018874317653371,False
Q05_s0.1_seed420001,B2,51.400001547084607,0.48308505770006427,1.8830233113766606,-2.4498086471867992,1.5092723216512745,180,0.00041659016610614381,False
Q05_s0.1_seed420001,B2,50.659999999999997,0.51340787467097271,1.9222276812572239,-2.2452871604836124,1.5093211332663794,230,0.00037915585067898331,False
Q05_s0.1_seed420001,B2,51.399999999999999,0.51457935227830875,1.8825087702419276,-2.4437587957316409,1.5099332330576929,180,0.00037959338600873437,False
Q05_s0.1_seed420001,B2,47.463636691546739,0.54237628338523258,1.9276112742252256,-1.7054714867507261,1.5105980193480757,250,0.00041659016610878053,False
Q05_s0.1_seed420001,B2,51.139609781244467,0.48432949707272144,1.9172525349995555,-2.4264868888913895,1.5106620683860728,195,0.00041659016611298512,False
Q05_s0.1_seed420001,B2,48.219999999999999,0.5089873409091249,1.9215144268985056,-1.765945031554045,1.5117009680906537,150,0.00037776094540999632,False
Q05_s0.1_seed420001,B2,48.75947855699129,0.47775705269211244,1.9214948241162588,-1.8751245774429854,1.512135848030733,250,0.00041659016569869022,False
Q05_s0.1_seed420001,B2,47.162481236137438,0.53964464163453485,1.9392532569379135,-1.544252099849988,1.5130254214518908,245,0.00041659016609857646,False
Q05_s0.1_seed420001,B2,48.759999999999998,0.51000380530704459,1.9216605261258137,-1.8720602198333116,1.5143322662001424,250,0.00037803774090190549,False
Q05_s0.1_seed420001,B2,51.020000000000003,0.51406779452628448,1.9423272419987778,-2.2909820009307915,1.5148557977963402,155,0.00037941437867743182,False
Q05_s0.1_seed420001,B2,50.68,0.51348630964603914,1.9422178537133741,-2.2249109020242828,1.5160533608893558,235,0.00037919281636769153,False
Q05_s0.1_seed420001,B2,48.5,0.5095641501372371,1.9415786918520854,-1.8011075575001592,1.5164590201339374,210,0.00037792272765584833,False
Q05_s0.1_seed420001,B2,50.68,0.51322220234391969,1.8223207818945546,-2.3787124920516192,1.5171559734642084,225,0.00037904861854127879,False
Q05_s0.1_seed420001,B2,57.380000000000003,0.52367437598398747,1.9448542247558001,-3.525294286250972,1.517673746642247,210,0.00038431790532159228,False
Q05_s0.1_seed420001,B2,49.780000000000001,0.51186358167952906,1.921954724465829,-2.0724525788351946,1.5180691002518807,225,0.00037861212682573547,False
Q05_s0.1_seed420001,B2,52.542010764910472,0.4856395629210386,1.9222694707561643,-2.633684149229552,1.5187065435309499,185,0.00041659016611104456,False
Q05_s0.1_seed420001,B2,52.259999999999998,0.5165433558752216,2.1425605763996352,-2.284908777045541,1.519513701146908,210,0.00038052975197220082,False
Q05_s0.1_seed420001,B2,59.640000000000001,0.52659444918697096,1.9459711895338425,-3.963039881145213,1.5205956329339785,225,0.00038627301570778568,False
Q05_s0.1_seed420001,B2,49.53643316960131,0.47880956450046774,1.9243033532990974,-2.0009438540104991,1.5209913382490761,155,0.00041659016608738744,False
Q05_s0.1_seed420001,B2,46.579999999999998,0.5058055590748427,1.9411050761289919,-1.4276304924746277,1.5211071460301631,165,0.00037707229675181339,False
Q05_s0.1_seed420001,B2,49.140000000000001,0.51075171293039001,1.9417551656866501,-1.9255561928570648,1.5213516444876929,215,0.00037826603929082367,False
Q05_s0.1_seed420001,B2,49.039999999999999,0.51052204152404268,1.921738913063507,-1.927076193507717,1.5222158392450968,160,0.00037818896544975254,False
Q05_s0.1_seed420001,B2,59.659999999999997,0.52661930258130951,1.9459815850594298,-3.966911430521618,1.5235396445301492,230,0.00038629058571815737,False
Q05_s0.1_seed420001,B2,56.439999999999998,0.52239094179537626,1.9444233900285386,-3.3430780637907422,1.5236825228791611,195,0.00038352711591425355,False
Q05_s0.1_seed420001,B2,53.700000000000003,0.5183933825149053,1.9432809328427012,-2.811494631688594,1.5256042155062586,165,0.00038133215801480091,False
Q05_s0.1_seed420001,B2,57.479999999999997,0.5238084401416927,1.9449012259053082,-3.5446741392705383,1.5264191108189615,185,0.00038440292282964706,False
Q05_s0.1_seed420001,B2,50.560000000000002,0.51323509604906825,1.9221957713009037,-2.2256494433691385,1.5264948566777348,235,0.00037909200774392641,False
Q05_s0.1_seed420001,B2,49.997574020422043,0.47960664751270343,1.9246912471254143,-2.0847115691418612,1.5266081944244447,245,0.0004165901661127511,False
Q05_s0.1_seed420001,B2,51.119999999999997,0.51423734675953992,1.9423599127322906,-2.3104132220002116,1.5271619003310031,230,0.0003794806003578431,False
Q05_s0.1_seed420001,B2,47.079999999999998,0.50681389576897717,1.941220344893076,-1.524908001381176,1.5275809048180189,170,0.00037726522116835474,False
Q05_s0.1_seed420001,B2,50.700000000000003,0.51325677752836507,1.822327500888498,-2.3828567226428587,1.5276449460368402,230,0.00037906133117293384,False
Q05_s0.1_seed420001,B2,52.539999999999999,0.51653361711010914,1.9228701145188249,-2.6143455206647648,1.5276587435789439,185,0.00038044179776524132,False
Q05_s0.1_seed420001,B2,50.859999999999999,0.51366386215576354,1.8823267813293378,-2.3354686691510484,1.5290713362208543,195,0.00037923640182141254,False
Q05_s0.1_seed420001,B2,48.702080278142986,0.54311234877069126,1.9375323227369972,-1.8803659820468894,1.5291991672661358,240,0.00041659016611241662,False
Q05_s0.1_seed420001,B2,51.140000000000001,0.51422779956932185,1.9223840314596423,-2.3395387207088838,1.5303269062060154,195,0.00037946915759384765,False
Q05_s0.1_seed420001,B2,47.762277647749933,0.47586934698466621,1.9213688693456776,-1.687766425428304,1.5303769599071719,150,0.00041659016609994326,False
Q05_s0.1_seed420001,B2,49.979999999999997,0.51221933598136793,1.9220152041902141,-2.1117375977560622,1.5317768292181235,195,0.00037873201208180708,False
Q05_s0.1_seed420001,B2,51.720115271457161,0.48317338996100823,1.9048123141792277,-2.4574013977614335,1.5325182745022785,160,0.00041659016607212057,False
Q05_s0.1_seed420001,B2,53.079999999999998,0.51739047596900334,1.9230695569467116,-2.7203032649350787,1.5328836112816326,245,0.00038083766020121626,False
Q05_s0.1_seed420001,B2,52.700000000000003,0.51683083318899226,1.9429061105912471,-2.6173347683783552,1.5367038447643009,165,0.00038058455281438899,False
Q05_s0.1_seed420001,B2,47.959054827569645,0.53632607106039742,1.928176588859055,-1.5194840390132516,1.5371959755332147,245,0.00041659016531529411,False
Q05_s0.1_seed420001,B2,47.159999999999997,0.50697324446352054,1.9412393155251193,-1.540471282190836,1.5390633684376014,245,0.00037729807271688495,False
Q05_s0.1_seed420001,B2,45.100000000000001,0.50263745070278509,1.920801426312869,-1.1525351767633414,1.5409844156580286,165,0.00037662595328940971,False
Q05_s0.1_seed420001,B2,52.095378843490273,0.48451830903157678,1.9231266623000964,-2.5325521390644337,1.5456520219806558,155,0.00041659016608327489,False
Q05_s0.1_seed420001,B2,47.960000000000001,0.5084897623739596,1.9214464681694698,-1.714846619327713,1.5458640169254512,245,0.00037763501812053553,False
Q05_s0.1_seed420001,B2,47.799999999999997,0.50822882259747926,1.9413963175286149,-1.664965980605851,1.5463826259633919,235,0.00037757949028825386,False
Q05_s0.1_seed420001,B2,46.980674264998036,0.47402307989402637,1.921577737473509,-1.5268107943201219,1.5465855600727985,150,0.00041659016607671178,False
Q05_s0.1_seed420001,B2,53.579999999999998,0.51820895756835228,1.9432347631719178,-2.7881994985012719,1.5468921019494382,170,0.00038124069122961524,False
Q05_s0.1_seed420001,B2,47.759999999999998,0.50810332039322581,1.9213952477554732,-1.6755376023555268,1.547871285717946,150,0.00037754155669203542,False
Q05_s0.1_seed420001,B2,51.719999999999999,0.51515553891325072,1.902599687882661,-2.4803766326232708,1.5482557350167292,160,0.00037983661641893113,False
Q05_s0.1_seed420001,B2,53.259999999999998,0.51771309295983203,1.9431132316916699,-2.7260736847359635,1.5487150353336057,150,0.00038099904852685303,False
Q05_s0.1_seed420001,B2,48.700000000000003,0.50993861812512942,1.9416328417453625,-1.8400002431218456,1.5490193828639176,240,0.00037802711486196767,False
Q05_s0.1_seed420001,B2,57.219999999999999,0.52345889825518377,1.9447794898389783,-3.4942845571771439,1.5499307494969672,240,0.00038418221561108888,False
Q05_s0.1_seed420001,B2,47.460000000000001,0.50756601517616728,1.9413117511967455,-1.5988307571756208,1.5504259271869822,250,0.00037742594216412165,False
Q05_s0.1_seed420001,B2,47.700000000000003,0.5080348605752697,1.9413711724354077,-1.6455150622199053,1.5518486221622509,165,0.00037753340131567068,False
Q05_s0.1_seed420001,B2,52.277378111691796,0.48373923520656348,1.9061703476570173,-2.5421155002879576,1.5527590519616612,250,0.00041659016611055987,False
Q05_s0.1_seed420001,B2,49.579999999999998,0.51136856940643116,1.8619367780137974,-2.1021930348718372,1.5541640520831226,250,0.00037842717100658902,False
Q05_s0.1_seed420001,B2,46.979999999999997,0.50656473403607472,1.921204263204725,-1.5222120019372918,1.5560724659982039,150,0.00037720706990956708,False
Q05_s0.1_seed420001,B2,57.079999999999998,0.52326936388863321,1.9447145682737381,-3.4671490733436996,1.5564816848283787,250,0.00038406383785260102,False
Q05_s0.1_seed420001,B2,58.539999999999999,0.52520134934358875,1.9454132319952877,-3.7500413420095651,1.5574186706702324,240,0.00038531325877198905,False
Q05_s0.1_seed420001,B2,49.261637422615379,0.48030913921212282,1.9172811009565995,-2.043203244954368,1.5589196194254205,245,0.0004165901661061128,False
Q05_s0.1_seed420001,B2,48.659999999999997,0.50981727449607117,1.9216329662796001,-1.8524105334947882,1.5600357924408341,240,0.00037798497990070836,False
Q05_s0.1_seed420001,B2,52.280000000000001,0.51607272588732511,1.9027979549987486,-2.5914540991116728,1.5643493152401353,250,0.00038022899188668653,False
Q05_s0.1_seed420001,B2,49.539999999999999,0.51143288211074178,1.9218833574962528,-2.0253072042879352,1.5652684906271088,155,0.00037847128840197978,False
Q05_s0.1_seed420001,B2,50,0.51225475476685134,1.9220213025151525,-2.1156659584541031,1.5676132964709582,245,0.00037874412380713157,False
Q05_s0.1_seed420001,B2,49.259999999999998,0.5109250910747013,1.9218017630918931,-1.9702997253056065,1.5676205405591921,245,0.00037831129445839196,False
Q05_s0.1_seed420001,B2,54.380000000000003,0.51942307608536065,1.9435486922861986,-2.9434788482542249,1.5685545484689902,170,0.00038185872061252321,False
Q05_s0.1_seed420001,B2,51.020000000000003,0.51402426572521376,1.9223444501823315,-2.3159773170250699,1.5702472862081387,235,0.00037938979036937433,False
Q05_s0.1_seed420001,B2,52.100000000000001,0.51582229396079549,1.9227125239696359,-2.5279931479900992,1.5777445909567451,175,0.00038012734066735144,False
Q05_s0.1_seed420001,B2,55.619999999999997,0.52115918366181224,1.9041304826018972,-3.2534171630022568,1.5851845081831804,155,0.00038279288954962414,False
Q05_s0.1_seed420001,B3,50.230453671359882,0.51369538546666593,1.8452686063404977,-1.800305406011562,6.2014502076687427e-12,200,0.00038472983028110623,True
Q05_s0.1_seed420001,B3,50.229999999999997,0.51248162887217141,1.8421554258666528,-2.2594556263585259,0.4345332803639414,200,0.00037879137482121433,True
Q05_s0.1_seed420001,B3,50.222749579086909,0.54721285567923239,1.8629587624911925,-2.3559709674683393,0.76643653087099128,200,0.00041659016609722446,False
Q05_s0.1_seed420001,B3,51.960163669388251,0.48483489437423177,1.8200657108151028,-2.6930032364083942,1.0245735967541327,220,0.0004165901660963333,False
Q05_s0.1_seed420001,B3,51.960000000000001,0.51538125431594528,1.8227702332634352,-2.643875005746235,1.0378343235489706,220,0.00037990073082904861,False
Q05_s0.1_seed420001,B3,50.219999999999999,0.5125310005587248,1.8721278482883068,-2.219473131693547,1.0871947689852137,200,0.00037882024923554787,False
Q05_s0.1_seed420001,B3,51.971271335245227,0.48300651588551258,1.7964628655930257,-2.6457188456276306,1.1209467647029918,220,0.00041659016611429663,False
Q05_s0.1_seed420001,B3,50.244513061202085,0.47961287635154193,1.8156652835190839,-2.2569048177765616,1.1645773240962167,200,0.00041659016611012982,False
Q05_s0.1_seed420001,B3,50.440780360908768,0.48062182176973689,1.8239535880809363,-2.3142730962453122,1.183868879885557,180,0.00041659016609039588,False
Q05_s0.1_seed420001,B3,51.969999999999999,0.5153339619424836,1.7928084093050378,-2.6920990950401551,1.1901044667201248,220,0.00037986938992146606,False
Q05_s0.1_seed420001,B3,55.060656141087733,0.54907695427073122,1.9360350418314418,-3.0046836420414067,1.2244843876843088,200,0.00041659016597908876,False
Q05_s0.1_seed420001,B3,55.467115026892081,0.54841839731167052,1.8719544345387775,-3.1452052733239206,1.2264108178204216,205,0.0004165901661019364,False
Q05_s0.1_seed420001,B3,50.439999999999998,0.51280515733590037,1.8222409064502638,-2.328979165380296,1.2322015371386825,180,0.00037889767180160236,False
Q05_s0.1_seed420001,B3,51.945843188575026,0.54770983080183822,1.8494264500282658,-2.6390769535730545,1.2330340437019252,220,0.00041659016610706039,False
Q05_s0.1_seed420001,B3,50.75747949232872,0.48155294385835568,1.832952589053211,-2.3804470795493362,1.240068170625394,175,0.0004165901661045619,False
Q05_s0.1_seed420001,B3,51.98048319114875,0.54153215461831028,1.7706216827841457,-2.4788442005485241,1.2547085255843387,220,0.00041659016611343404,False
Q05_s0.1_seed420001,B3,54.720298782652648,0.46060792229841585,1.9336879226816075,-0.66362595567006544,1.2587728341965936,200,0.00041659016605935875,False
Q05_s0.1_seed420001,B3,53.338422065185739,0.48687945153508672,1.9336537066497614,-2.7599118790174231,1.2619746103613003,185,0.00041659016610650306,False
Q05_s0.1_seed420001,B3,50.759999999999998,0.51338232804910977,1.832338482506968,-2.3816141566461737,1.2789204244893906,175,0.00037911160462771775,False
Q05_s0.1_seed420001,B3,48.460545407605409,0.47770017726104452,1.9299419069989614,-1.8307047510112273,1.2797635670911047,220,0.00041659016611442196,False
Q05_s0.1_seed420001,B3,59.639428673155962,0.55326165321537246,1.9355934044085839,-3.8838008567536235,1.28308334805427,225,0.00041659016607941372,False
Q05_s0.1_seed420001,B3,48.460000000000001,0.50946539672056423,1.9315732239687793,-1.8031680404452088,1.2850128496337139,220,0.0003778918237656265,False
Q05_s0.1_seed420001,B3,53.340000000000003,0.5178172339668059,1.9331556122380511,-2.7563822344066025,1.2870542833871534,185,0.00038104552802550249,False
Q05_s0.1_seed420001,B3,59.640000000000001,0.52657711640697125,1.9359964717528411,-3.9841380747696467,1.2878810977975035,225,0.00038625727259169416,False
Q05_s0.1_seed420001,B3,45.781631361883434,0.47327888663095052,1.9271414007173282,-1.3603387404404277,1.2917686203295211,225,0.00041659016611407832,False
Q05_s0.1_seed420001,B3,55.060000000000002,0.52040786589893628,1.9338421967502599,-3.0919340114075418,1.2929910211445295,200,0.00038238383844882971,False
Q05_s0.1_seed420001,B3,49.502581451501094,0.48029446659758079,1.9290558725704097,-2.0549508595021475,1.2947606972993644,195,0.00041659016605861835,False
Q05_s0.1_seed420001,B3,48.970266626777999,0.47956330904820543,1.9280989541933022,-1.9665196744080298,1.2952435225332213,175,0.00041659016610062294,False
Q05_s0.1_seed420001,B3,55.641835527135783,0.49203934816803141,1.930771397813781,-3.2606197321952699,1.3016015516264976,190,0.00041659016610776897,False
Q05_s0.1_seed420001,B3,50.662810569096841,0.48211643458425524,1.8503838349077746,-2.3699573270728749,1.3059632517944115,225,0.00041659016610072876,False
Q05_s0.1_seed420001,B3,51.990000000000002,0.51528186139145782,1.7528638935328937,-2.7603954695657293,1.3061591412367095,220,0.00037983229375625058,False
Q05_s0.1_seed420001,B3,55.640000000000001,0.52124532013950231,1.9340888175032864,-3.2050290344974544,1.3086047748547407,190,0.00038285292907947263,False
Q05_s0.1_seed420001,B3,50.702587188340317,0.48265941503682086,1.8292567580109709,-2.4303331927243104,1.309536350493308,230,0.00041659016611454502,False
Q05_s0.1_seed420001,B3,59.658947777728841,0.49767099026727379,1.9273308007018373,-3.9935945277756186,1.3099714146997539,245,0.00041659016609476147,False
Q05_s0.1_seed420001,B3,50.519794662539631,0.48167085891409034,1.8414491013287264,-2.3462241496168694,1.3115887136484985,200,0.00041659016610316523,False
Q05_s0.1_seed420001,B3,57.711217439020608,0.49539245898984152,1.9318337811522219,-3.6522076849947478,1.3133069348872239,205,0.00041659016606739036,False
Q05_s0.1_seed420001,B3,54.719999999999999,0.51990868614072061,1.9337011642384865,-3.0256234404511955,1.3155199564690565,200,0.00038211270334022242,False
Q05_s0.1_seed420001,B3,50.520000000000003,0.5129888951905448,1.8422497627286454,-2.3188982439650081,1.3167804003137014,200,0.00037897136244658769,False
Q05_s0.1_seed420001,B3,55.04336469485375,0.49074442158847198,1.9401606818147961,-3.1158795077673886,1.3174070131021101,180,0.00041659016599738418,False
Q05_s0.1_seed420001,B3,54.62689586359317,0.48915163164563591,1.9344329798779074,-3.0051866905454148,1.3178035792265139,175,0.00041659016609454577,False
Q05_s0.1_seed420001,B3,59.659999999999997,0.52658464996211374,1.9260325122152899,-4.0093662793014238,1.3187608096839016,245,0.00038625909584221228,False
Q05_s0.1_seed420001,B3,46.387699676835688,0.46368277213178111,1.9302514709561485,-1.0216591055531516,1.3195034008159934,165,0.0004165901660984721,False
Q05_s0.1_seed420001,B3,48.969999999999999,0.51041617012461027,1.9317132340361161,-1.9028584898245562,1.3198614917656284,175,0.00037816146085443796,False
Q05_s0.1_seed420001,B3,55.469999999999999,0.52086679964690108,1.8641335014523295,-3.2953975846228332,1.3224755057977831,205,0.00038261306159796313,False
Q05_s0.1_seed420001,B3,51.941203328011767,0.55331790577967421,1.859684766438106,-2.8943991096040698,1.3248839148745479,220,0.00041659016609327763,False
Q05_s0.1_seed420001,B3,50.700000000000003,0.51327880484755839,1.8323183625066772,-2.3692498787850735,1.3252301752226614,230,0.00037907330422645458,False
Q05_s0.1_seed420001,B3,49.5,0.51138345699756516,1.9318650176247418,-2.0064422091384295,1.3280740147703405,195,0.00037845934749589148,False
Q05_s0.1_seed420001,B3,57.710000000000001,0.52409684880081642,1.9350309741734812,-3.6084125845547832,1.3288709850085161,205,0.00038458379292149363,False
Q05_s0.1_seed420001,B3,50.659999999999997,0.51325374200093599,1.8522871481620446,-2.3343222390409131,1.3305426546582262,225,0.00037907179427222338,False
Q05_s0.1_seed420001,B3,48.77967725454247,0.47834080043756089,1.9304324244974245,-1.8917495063535963,1.3310982926649482,225,0.00041659016609771143,False
Q05_s0.1_seed420001,B3,52.523680677938032,0.48653746152905519,1.8986402685833608,-2.7093803581454896,1.3320895559154597,190,0.0004165901660879097,False
Q05_s0.1_seed420001,B3,56.442125130939189,0.49226167604346394,1.9356341468980025,-3.3506299614008057,1.3345672256148382,195,0.00041659016611099063,False
Q05_s0.1_seed420001,B3,50.614304701612383,0.48258016524002212,1.9287944773603831,-2.2758666887359134,1.3357405118382548,220,0.00041659016610271149,False
Q05_s0.1_seed420001,B3,45.780000000000001,0.50412080596065723,1.9309350972475192,-1.2790777724836295,1.3417138795233166,225,0.00037680348966887954,False
Q05_s0.1_seed420001,B3,48.780000000000001,0.51006428548958194,1.9316603801662136,-1.8657206602375533,1.3438595761032053,225,0.00037805899036556057,False
Q05_s0.1_seed420001,B3,57.018956481216712,0.55217910291706662,1.9360082087917085,-3.4365515538185161,1.3439951501037908,240,0.00041659016610180488,False
Q05_s0.1_seed420001,B3,57.378916000625615,0.49375334420807171,1.9365242127250824,-3.5247341686182168,1.3453243329978195,210,0.00041659016610015733,False
Q05_s0.1_seed420001,B3,51.939999999999998,0.51541208569589536,1.85272969361579,-2.5951715827225863,1.346035798371481,220,0.0003799251692162637,False
Q05_s0.1_seed420001,B3,48.521188812465461,0.47769392018249235,1.9310765565838754,-1.8358061709451423,1.350571668224577,170,0.00041659016610527254,False
Q05_s0.1_seed420001,B3,52.999566857511596,0.54730726268341279,1.8803418539606933,-2.7205985439324358,1.350845883108611,180,0.00041659016441540712,False
Q05_s0.1_seed420001,B3,57.020000000000003,0.52316935557384958,1.9347061723309382,-3.473995949309657,1.3511513485351554,240,0.0003839981426537576,False
Q05_s0.1_seed420001,B3,57.380000000000003,0.52365604956141287,1.9348742939323305,-3.5441320782599099,1.3516255535211987,210,0.00038430273259683253,False
Q05_s0.1_seed420001,B3,58.896313939915906,0.55349020985844533,1.9370883286745584,-3.7793754441106877,1.3548932372475566,225,0.00041659016611160548,False
Q05_s0.1_seed420001,B3,48.520000000000003,0.50957829046361613,1.9315893878453394,-1.8148971002918606,1.3595282619161819,170,0.00037792263865405335,False
Q05_s0.1_seed420001,B3,52.520000000000003,0.51645981300686039,1.9028851405035858,-2.6390513060310781,1.3612052966651602,190,0.00038040100199920022,False
Q05_s0.1_seed420001,B3,53.346395559657239,0.48401762127322456,1.9136043927132897,-2.6580293856919663,1.361236254307949,185,0.00041659016607642631,False
Q05_s0.1_seed420001,B3,55.667354540947926,0.54829937485809843,1.9418843030823356,-3.0454071657264201,1.3613937435678771,240,0.00041659016609526368,False
Q05_s0.1_seed420001,B3,49.773848524432296,0.53974755368200356,1.9312961982490999,-1.8839617323952851,1.3627866915683982,225,0.00041659016604387076,False
Q05_s0.1_seed420001,B3,51.719283704300665,0.48366216682547858,1.8225190762644952,-2.6056329850714004,1.3630200633888254,220,0.00041659016587263978,False
Q05_s0.1_seed420001,B3,51.719999999999999,0.5149845876534479,1.8226829545641086,-2.5941678130538426,1.3649880261691985,220,0.0003797352976038235,False
Q05_s0.1_seed420001,B3,55.900598230035257,0.49150443267475641,1.932207045776432,-3.2609758250831948,1.3669687486660396,150,0.00041659016590131725,False
Q05_s0.1_seed420001,B3,46.891607578159622,0.47545668318691447,1.9266081539044673,-1.5699608761831421,1.368421891402442,190,0.00041659016598942614,False
Q05_s0.1_seed420001,B3,55.738318460656494,0.49103599192181235,1.9351918979667755,-3.2150948493554292,1.368912279332642,185,0.00041659016603904525,False
Q05_s0.1_seed420001,B3,52.890554734114886,0.48650565783721955,1.9110630577186387,-2.7293606439439593,1.369020646812557,220,0.00041659016610044893,False
Q05_s0.1_seed420001,B3,46.390000000000001,0.50539161561820445,1.9310659081701347,-1.3983980115879631,1.3692413716670955,165,0.00037699650876374353,False
Q05_s0.1_seed420001,B3,53.322566643692362,0.48671256226906223,1.9332795412571875,-2.7510988408802071,1.3696355910522855,205,0.00041659016597552211,False
Q05_s0.1_seed420001,B3,47.003160751424254,0.540108551583522,1.9367256578281733,-1.5462307196035638,1.371827488147116,160,0.00041659016611341013,False
Q05_s0.1_seed420001,B3,55.899999999999999,0.52161508641211274,1.9342018409243209,-3.2557171946652876,1.3728310473544916,150,0.0003830657194292219,False
Q05_s0.1_seed420001,B3,48.117434624804304,0.47635822313355725,1.9230790216306415,-1.7448919785771615,1.3733147319484658,190,0.00041659016610578423,False
Q05_s0.1_seed420001,B3,56.140466115502434,0.55271944850073851,1.9404465005784077,-3.3258677764054276,1.3748105056842042,160,0.0004165901661090775,False
Q05_s0.1_seed420001,B3,49.571955484055927,0.48111827300798993,1.8677976235221418,-2.1760606853182374,1.3749113442997958,250,0.00041659016607818738,False
Q05_s0.1_seed420001,B3,52.800148962048404,0.48570036491681812,1.9235107711722945,-2.662892866568761,1.3763238867812642,155,0.00041659016608219709,False
Q05_s0.1_seed420001,B3,59.651151573832905,0.55550710965990113,1.9440449880295778,-3.9815155485059108,1.3768869451786203,245,0.00041659016609760935,False
Q05_s0.1_seed420001,B3,48.843871133788909,0.48064588190809943,1.9233173818002705,-2.0028772397645884,1.3782341079038336,160,0.00041659016609386229,False
Q05_s0.1_seed420001,B3,52.890000000000001,0.51707033676608471,1.9130103258669542,-2.6976462830034929,1.379912937745355,220,0.0003806838059335452,False
Q05_s0.1_seed420001,B3,53.582357030847675,0.4807638930203959,1.9358826926419046,-2.4890094701510286,1.3805594226843108,170,0.00041659016608040512,False
Q05_s0.1_seed420001,B3,55.740000000000002,0.52138794638757635,1.9341321071986701,-3.2245251927172318,1.3811508673031931,185,0.00038293459508836214,False
Q05_s0.1_seed420001,B3,45.074442560069535,0.46866946279026322,1.929829786552224,-1.1012823902636075,1.3813412465187997,215,0.00041659016610182646,False
Q05_s0.1_seed420001,B3,53.872327908317388,0.55000038320759437,1.9403074467342596,-2.8725011151927866,1.3813471561491788,210,0.00041659016608624631,False
Q05_s0.1_seed420001,B3,49.487456119321898,0.54031831370734551,1.9328270839063091,-1.8689268260598055,1.381517368300661,250,0.00041659016609792225,False
Q05_s0.1_seed420001,B3,50.25,0.51244983972205227,1.8121871950072699,-2.3028427983835371,1.3817007484182775,200,0.0003787686752943759,False
Q05_s0.1_seed420001,B3,55.598169512643111,0.55106962315077723,1.9341610916050598,-3.1790861846915117,1.3826900510337281,220,0.00041659016598056154,False
Q05_s0.1_seed420001,B3,52.799999999999997,0.51694836810254818,1.9229653122653372,-2.6653650251887617,1.3830686682640572,155,0.00038063108054449906,False
Q05_s0.1_seed420001,B3,46.890000000000001,0.5064085888173645,1.931179479306804,-1.4961885007794284,1.3843333479175353,190,0.0003771805267458755,False
Q05_s0.1_seed420001,B3,56.613091966537723,0.49151714363589871,1.932810382183165,-3.3379356502033559,1.3846338359563688,215,0.00041659016604937449,False
Q05_s0.1_seed420001,B3,51.072652735798194,0.545442807658711,1.771790555423471,-2.529068302918299,1.3853673286107393,190,0.00041659016601189032,False
Q05_s0.1_seed420001,B3,50.609999999999999,0.5133435991587576,1.9322036347325975,-2.223325391501263,1.3869827521728744,220,0.00037913588143251509,False
Q05_s0.1_seed420001,B3,54.191052428863784,0.54933276841330514,1.9440770780916696,-2.8801228976698852,1.3915165286239437,215,0.00041659016611064547,False
Q05_s0.1_seed420001,B3,57.227217574701335,0.5517878155886411,1.9348151225872992,-3.4504969347867949,1.3919929405044358,240,0.00041659016583481999,False
Q05_s0.1_seed420001,B3,49.034344320153771,0.47940769272840811,1.9290065189584906,-1.9660324669655207,1.3936776283968211,160,0.00041659016607081405,False
Q05_s0.1_seed420001,B3,48.119999999999997,0.50879660135643856,1.9214881053850552,-1.7462922432440324,1.3939075471228548,190,0.00037771192958129207,False
Q05_s0.1_seed420001,B3,55.226813223681518,0.5495539982344404,1.9358310400471046,-3.0510545599820276,1.395671618901025,150,0.00041659016611291855,False
Q05_s0.1_seed420001,B3,51.07,0.51378248348897937,1.7725038840604366,-2.5320237985865601,1.3961307583858069,190,0.0003792391580120909,False
Q05_s0.1_seed420001,B3,55.039999999999999,0.52039814250152183,1.9438185385079136,-3.0715452121407711,1.3971400943968062,180,0.00038238217683509351,False
Q05_s0.1_seed420001,B3,48.802188562875777,0.47839280030197084,1.9302732123478523,-1.8965673958047837,1.3988324346787691,185,0.0004165901661073206,False
Q05_s0.1_seed420001,B3,49.419244755859516,0.47867680353197528,1.9237429849037797,-1.983250141749334,1.3997099934058814,250,0.00041659016611107666,False
Q05_s0.1_seed420001,B3,53.598255226369432,0.48614889082677326,1.9270909737581379,-2.7646040910209368,1.4001525172043983,175,0.00041659016609954015,False
Q05_s0.1_seed420001,B3,55.342725379684921,0.49169932514034986,1.9396233052491003,-3.1949180927890861,1.4005587772630821,215,0.00041659016611203525,False
Q05_s0.1_seed420001,B3,45.496646465675759,0.44549231210965434,1.9294120616589561,-0.034685960188552301,1.4010870522066103,170,0.00041659016602715317,False
Q05_s0.1_seed420001,B3,49.933819739858961,0.48276336601753922,1.9349871159408489,-2.1995304339055775,1.4013499839928178,185,0.00041659016608304596,False
Q05_s0.1_seed420001,B3,48.840000000000003,0.51017570291237169,1.9316769819393673,-1.8774486225772309,1.4020278559160326,160,0.00037809109533441858,False
Q05_s0.1_seed420001,B3,47.772755482608503,0.47284348379015828,1.9293641075097856,-1.5540751729581181,1.4022182198195956,195,0.00041659016600472423,False
Q05_s0.1_seed420001,B3,47.548152174667329,0.47509127783287042,1.9122844495871092,-1.6415245587011729,1.4025876743233932,205,0.000416590166104417,False
Q05_s0.1_seed420001,B3,51.130949285224879,0.4827353814362052,1.9120656274912422,-2.362617099250933,1.4027845223403712,230,0.00041659016606635559,False
Q05_s0.1_seed420001,B3,51.025144179079874,0.4808318591686076,1.9298152597886165,-2.2420370815715547,1.4032847272208027,155,0.00041659016575622157,False
Q05_s0.1_seed420001,B3,55.600000000000001,0.52118812591068309,1.934071564930639,-3.1972303232532524,1.40351961467046,220,0.00038282032554046868,False
Q05_s0.1_seed420001,B3,47.360558048939225,0.47572202101991756,1.9194923644984065,-1.639583523741976,1.4037088222051295,150,0.00041659016611010196,False
Q05_s0.1_seed420001,B3,47.399513641272314,0.47533828368345432,1.9209452513805991,-1.6267462997084134,1.4044496313686905,180,0.00041659016610732532,False
Q05_s0.1_seed420001,B3,49.57,0.51137327396406473,1.8719266294674355,-2.0883646771165272,1.4065256262599095,250,0.00037843258870916464,False
Q05_s0.1_seed420001,B3,47.662634931530491,0.47610070279568717,1.9282700288541559,-1.6793011910439883,1.4069136144738634,190,0.00041659016605955418,False
Q05_s0.1_seed420001,B3,51.130000000000003,0.51418917133822495,1.9123896258437592,-2.3503820665332622,1.40701476350984,230,0.00037945016740783302,False
Q05_s0.1_seed420001,B3,48.448975532533517,0.5388760534385737,1.932143955879901,-1.6788321920214546,1.407600403106199,175,0.00041659016608777238,False
Q05_s0.1_seed420001,B3,48.507209221614055,0.54048771970794895,1.9325226691838195,-1.7516653531629842,1.4082358297594311,175,0.00041659016604640275,False
Q05_s0.1_seed420001,B3,50.229999999999997,0.51252626703555082,1.8621390662983215,-2.234009628393268,1.4084164353241988,200,0.00037881471225638619,False
Q05_s0.1_seed420001,B3,46.610121136874184,0.47444233986019402,1.9283069528092716,-1.4968210690689627,1.4085174140343932,230,0.00041659016609750494,False
Q05_s0.1_seed420001,B3,47.399999999999999,0.50739950057198224,1.9213053648652725,-1.6047759182351968,1.4094455084611845,180,0.00037738108417837503,False
Q05_s0.1_seed420001,B3,49.490000000000002,0.51136539818102578,1.9318620945372107,-2.0044879558085391,1.4094575638057858,250,0.00037845356834650918,False
Q05_s0.1_seed420001,B3,47.359999999999999,0.50732063737535016,1.9212955615673286,-1.5969130833578313,1.4106221963302676,150,0.0003773638872413323,False
Q05_s0.1_seed420001,B3,48.799999999999997,0.51010145509110105,1.9316659049696483,-1.8696300041646496,1.4116837319088105,185,0.00037806966574430601,False
Q05_s0.1_seed420001,B3,50.679835542302456,0.480996239354198,1.9349202258955485,-2.2058232492728216,1.4125804393382961,235,0.00041659016611442765,False
Q05_s0.1_seed420001,B3,53,0.51718226446841353,1.8830879163173573,-2.764484343085436,1.4127861574240999,180,0.00038072469272401192,False
Q05_s0.1_seed420001,B3,48.450000000000003,0.50944655389532989,1.9315705379736838,-1.8012131774041398,1.4133859387916612,175,0.00037788671205647798,False
Q05_s0.1_seed420001,B3,46.422262755730642,0.47332549759196141,1.9209600339672361,-1.4383454040551964,1.4137648284057693,170,0.00041659016609534721,False
Q05_s0.1_seed420001,B3,47.090191943738645,0.47331666362460023,1.9321501787737194,-1.4997977410839649,1.4138039925317054,225,0.00041659016604001187,False
Q05_s0.1_seed420001,B3,47.549999999999997,0.50766987890073401,1.9113468124657123,-1.6433625147944049,1.4140107630231349,205,0.00037743723273864476,False
Q05_s0.1_seed420001,B3,45.012771179579296,0.47214385426789818,1.9348628353996506,-1.2247466455176461,1.4147069509459875,245,0.00041659016603596177,False
Q05_s0.1_seed420001,B3,59.649999999999999,0.52660687796823813,1.9459763861772987,-3.9649756610536011,1.4148287380901556,245,0.00038628180022494223,False
Q05_s0.1_seed420001,B3,53.32,0.51778612675920421,1.9331480229278293,-2.7524790645703119,1.4155256056490888,205,0.00038103049405700925,False
Q05_s0.1_seed420001,B3,49.420000000000002,0.51121596246694401,1.9218481685993194,-2.0017331641442153,1.4161687364951887,250,0.00037840214027058417,False
Q05_s0.1_seed420001,B3,52.353632317345635,0.48634340504931206,1.9282773109820655,-2.6352497964093384,1.417201523231121,200,0.00041659016608882411,False
Q05_s0.1_seed420001,B3,54.936879430427467,0.54446797542782388,1.9358294763416719,-2.7780751231731298,1.4176212339324732,155,0.00041659016607296993,False
Q05_s0.1_seed420001,B3,54.630000000000003,0.51977550969443653,1.933664270039996,-3.0080690024456986,1.419369870077211,175,0.00038204143672988648,False
Q05_s0.1_seed420001,B3,46.609999999999999,0.50584177362578164,1.9311151750605451,-1.4414273066184549,1.4220536136028434,230,0.00037707472232662595,False
Q05_s0.1_seed420001,B3,54.189999999999998,0.51913797026495334,1.9434728280939959,-2.9066046331697084,1.4224523618074689,215,0.00038171022740176197,False
Q05_s0.1_seed420001,B3,51.123899166606904,0.47414314150638681,1.9260978829025444,-1.9437864204265782,1.422721035069288,230,0.00041659016609405517,False
Q05_s0.1_seed420001,B3,47.090000000000003,0.50680932726821759,1.9312265083299003,-1.5353012827018564,1.4229367387852043,225,0.00037726025560266455,False
Q05_s0.1_seed420001,B3,48.088391838155296,0.47549721287638658,1.9348198954758702,-1.6935355146846653,1.4234898457097924,150,0.00041659016610564941,False
Q05_s0.1_seed420001,B3,49.201457135797135,0.47944655856956953,1.9300901075668695,-1.9847727098790617,1.4257635330137801,155,0.00041659016601078178,False
Q05_s0.1_seed420001,B3,55.340000000000003,0.52083366266775832,1.9439444378448982,-3.1297451376657222,1.4265065314046683,215,0.00038262378524533741,False
Q05_s0.1_seed420001,B3,49.534307453116483,0.48021642245530849,1.9299729686853984,-2.0540181570303027,1.4268707459535925,200,0.00041659016610950147,False
Q05_s0.1_seed420001,B3,47.659999999999997,0.50793296830084866,1.9313655558492813,-1.6467615894432199,1.4272817590791,190,0.00037750556647518375,False
Q05_s0.1_seed420001,B3,52.882170361629342,0.4857573840960967,1.9238434559672644,-2.6739598238159896,1.4273192731125999,190,0.00041659016608675708,False
Q05_s0.1_seed420001,B3,48.740507980972929,0.47745013707736295,1.9227865606907923,-1.8586217066452857,1.4277602781344267,150,0.00041659016609184904,False
Q05_s0.1_seed420001,B3,55.816076888787236,0.49049450187148036,1.9373771033945577,-3.1933597737475363,1.4279588315141547,155,0.00041659016611009784,False
Q05_s0.1_seed420001,B3,52.656110896167377,0.54520207283087618,1.9381456874359659,-2.490300512189819,1.4293793113059854,175,0.00041659016605775782,False
Q05_s0.1_seed420001,B3,46.583711833186676,0.47151000712270097,1.9290449313846629,-1.3750774793212521,1.4294904948807512,165,0.0004165901651509006,False
Q05_s0.1_seed420001,B3,50.945114751034374,0.54183720925481982,1.822215189603922,-2.2683228451249029,1.4296393545329824,190,0.00041659016591821449,False
Q05_s0.1_seed420001,B3,46.420000000000002,0.50542819607553602,1.9210757666034339,-1.4121129017727116,1.4298206649780916,170,0.00037699860798788066,False
Q05_s0.1_seed420001,B3,54.449061014214237,0.48812175768147625,1.9363378131561855,-2.9339954227816296,1.4299309362248929,220,0.00041659016611115515,False
Q05_s0.1_seed420001,B3,48.257520547882194,0.47613187282922631,1.9235827827729044,-1.7500093380774118,1.4302482480014067,225,0.000416590166102447,False
Q05_s0.1_seed420001,B3,50.2204696711728,0.48084731519467461,1.8919858239030809,-2.2055682626604796,1.4304589967406012,205,0.0004165901660594605,False
Q05_s0.1_seed420001,B3,46.351593252974453,0.47457372615145577,1.9257671108635006,-1.4756718142736585,1.4306860550649743,215,0.00041659016611410538,False
Q05_s0.1_seed420001,B3,57.870240362446154,0.55250855961307099,1.9367332858911279,-3.5774087513567885,1.4310312222730492,175,0.00041659016611073931,False
Q05_s0.1_seed420001,B3,52.510670261995628,0.48557898500196561,1.9213867774256617,-2.6288328748460934,1.431229687856878,210,0.00041659016597332736,False
Q05_s0.1_seed420001,B3,50.219999999999999,0.51257561701760412,1.8921120500662303,-2.1948511313021775,1.4321482117049855,205,0.00037884363709837055,False
Q05_s0.1_seed420001,B3,54.867837885562032,0.54870919287313136,1.9340848314148771,-2.9634027729152219,1.4325325210406332,185,0.00041659016609675939,False
Q05_s0.1_seed420001,B3,52.509999999999998,0.51648549674860889,1.9228592293868694,-2.6084583223495992,1.4325617688428038,210,0.00038042011966222313,False
Q05_s0.1_seed420001,B3,49.042195766861099,0.44651661053988256,1.9307320963175929,0.044191443676872666,1.4328585546691843,240,0.00041659016604649334,False
Q05_s0.1_seed420001,B3,51.936323780462956,0.54545254409194754,1.9342592416234847,-2.4089826870897699,1.4328602790328471,160,0.00041659016610615367,False
Q05_s0.1_seed420001,B3,50.68,0.51346433191395469,1.9322259289250199,-2.2370000485847177,1.4336300532495934,235,0.00037918074290305647,False
Q05_s0.1_seed420001,B3,53.600000000000001,0.51819927061099791,1.9232678955224862,-2.8223150186001948,1.4341307882461334,175,0.00038122842911079605,False
Q05_s0.1_seed420001,B3,49.816942866521515,0.4792262647647183,1.9351074802892074,-2.0360326453741386,1.4342706132107257,235,0.00041659016606847976,False
Q05_s0.1_seed420001,B3,50.350545011800932,0.48001843383813192,1.9320055649922634,-2.1313797510082395,1.4346513211596796,155,0.00041659016601030858,False
Q05_s0.1_seed420001,B3,47.152306450431148,0.54010664332378688,1.9376423974898576,-1.5633509709006486,1.4357389290854365,240,0.00041659016610410686,False
Q05_s0.1_seed420001,B3,55.050574060776185,0.49139958186596022,1.9290416209907493,-3.1673484135582122,1.4360430615553998,240,0.00041659016607460209,False
Q05_s0.1_seed420001,B3,59.657417302759455,0.55511531455601837,1.9452041905364434,-3.9598577474199708,1.4362145195227167,230,0.00041659016610834154,False
Q05_s0.1_seed420001,B3,49.082479746281294,0.47886943958297401,1.9295695558946075,-1.9480260738082418,1.4371037982685979,230,0.00041659016588226246,False
Q05_s0.1_seed420001,B3,48.740000000000002,0.50996656042305466,1.9216549958177711,-1.8681303295407796,1.4376170467892471,150,0.00037802713540814538,False
Q05_s0.1_seed420001,B3,47.821177331818532,0.47618595525398799,1.930988683965714,-1.6972912241492786,1.4377466810819108,220,0.00041659016585026489,False
Q05_s0.1_seed420001,B3,51.93,0.51545935327370451,1.8826940036795785,-2.5500218218787358,1.439012686050168,220,0.00037995660243815078,False
Q05_s0.1_seed420001,B3,47.770000000000003,0.50814672263971261,1.9313932438871548,-1.6682695282339659,1.4395228293838411,195,0.00037755586408464283,False
Q05_s0.1_seed420001,B3,59.934975041006851,0.55272139310271307,1.9340591319342937,-3.9050497749946587,1.4403789892877967,205,0.00041659016608567342,False
Q05_s0.1_seed420001,B3,49.200000000000003,0.51083849723174646,1.93177831613471,-1.9478119763854809,1.4405119654364402,155,0.00037828859773796238,False
Q05_s0.1_seed420001,B3,50.350000000000001,0.51289222236076826,1.932121803754772,-2.172530989602123,1.4405198014574656,155,0.00037897144048572166,False
Q05_s0.1_seed420001,B3,47.82,0.50824355841004121,1.9314059206980045,-1.678045651636614,1.4406585927472433,220,0.00037757903212461477,False
Q05_s0.1_seed420001,B3,46.350000000000001,0.50530930929149653,1.9310570695105569,-1.3905742577963742,1.4407145685626366,215,0.00037698276497267076,False
Q05_s0.1_seed420001,B3,48.509999999999998,0.5095594942452919,1.9315866881629711,-1.8129422711017951,1.4415447623883222,175,0.00037791748567018432,False
Q05_s0.1_seed420001,B3,57.229999999999997,0.52345400490403393,1.934803887832975,-3.5149101942135479,1.442231177802421,240,0.00038417555556327225,False
Q05_s0.1_seed420001,B3,45.009999999999998,0.50249369296197777,1.9407801257755268,-1.1221058415474681,1.4426708112557149,245,0.00037662038074925394,False
Q05_s0.1_seed420001,B3,57.441141955608231,0.5536286847187819,1.9423491550887082,-3.5579033021186,1.4430336532528105,155,0.00041659016606390768,False
Q05_s0.1_seed420001,B3,49.911202569534034,0.4797687968046338,1.9235368271330431,-2.0838779529715499,1.4431074313507875,225,0.00041659016611431696,False
Q05_s0.1_seed420001,B3,47.634248047191114,0.47723739476807214,1.8775937738893527,-1.7767307714951119,1.4437903762059388,200,0.00041659016609897631,False
Q05_s0.1_seed420001,B3,59.070756908671108,0.4981007890356004,1.9409326029868557,-3.9198127218822751,1.4438703281314367,150,0.00041659016599274624,False
Q05_s0.1_seed420001,B3,48.090000000000003,0.50876298984050838,1.9314753617461515,-1.7308343960309152,1.4443325612860711,150,0.00037770737260416299,False
Q05_s0.1_seed420001,B3,49.789194582306834,0.4799084510416467,1.9326217221767998,-2.065466008064119,1.444431983107098,185,0.0004165901661042001,False
Q05_s0.1_seed420001,B3,59.303464519996496,0.49860430331702332,1.9300123422589104,-3.9956500923972751,1.4444406865581794,235,0.00041659016598876472,False
Q05_s0.1_seed420001,B3,48.652009330432655,0.47751760524377573,1.9323241109973834,-1.8412464034992926,1.4448433963373177,240,0.0004165901659769409,False
Q05_s0.1_seed420001,B3,47.442012288697356,0.47515991985264527,1.9012757717702127,-1.643932433211555,1.445304093297425,200,0.00041659016609666517,False
Q05_s0.1_seed420001,B3,50.950000000000003,0.51366479959828604,1.8124219467536014,-2.4487007179725957,1.445533896226959,190,0.00037920980022155133,False
Q05_s0.1_seed420001,B3,47,0.50665400433578212,1.9412015197855319,-1.5093444074264273,1.4463023359181757,160,0.00037723290608929747,False
Q05_s0.1_seed420001,B3,48.547539076513758,0.54031748077452413,1.9333094080318123,-1.7488952372279023,1.4463264158601365,165,0.00041659016610411066,False
Q05_s0.1_seed420001,B3,52.708625423856745,0.48473825847317364,1.9262035310989889,-2.6046195952706821,1.4463884216835159,165,0.0004165901661002451,False
Q05_s0.1_seed420001,B3,52.350000000000001,0.51624887960742227,1.9327908320548612,-2.5631384945505946,1.4467599875184614,200,0.00038031817315911122,False
Q05_s0.1_seed420001,B3,52.389254249409987,0.4844845152805437,1.9247783975838813,-2.5605997818275696,1.4468391356932033,205,0.00041659016607858323,False
Q05_s0.1_seed420001,B3,53.86893736091637,0.48751762821070965,1.9350285013565782,-2.8450174593063071,1.4472069632514395,155,0.00041659016611389569,False
Q05_s0.1_seed420001,B3,45.07,0.50259831737693583,1.9307935727469256,-1.1401761959164625,1.4475075238757551,215,0.00037662626382857652,False
Q05_s0.1_seed420001,B3,48.700792564510699,0.47817479367228266,1.9298908196814093,-1.8767995921553506,1.4475438693490505,160,0.00041659016600476966,False
Q05_s0.1_seed420001,B3,53.267781932735346,0.54822786703756599,1.9334488572778432,-2.7172162854691422,1.4476213484196199,150,0.00041659016604179028,False
Q05_s0.1_seed420001,B3,52.950745690050944,0.48563454059727995,1.9246437035368069,-2.6745368379791454,1.4476801842278142,190,0.00041659016608416193,False
Q05_s0.1_seed420001,B3,57.479324108425288,0.55243713851803555,1.9370589747550075,-3.5151767066968826,1.4478027524391861,185,0.00041659016607662922,False
Q05_s0.1_seed420001,B3,48.809021717967106,0.47788892248741188,1.932170381781412,-1.874004410091942,1.4481180056567513,230,0.00041659016609355459,False
Q05_s0.1_seed420001,B3,50.231409374810092,0.48011156091799023,1.8644061660852191,-2.2109023297529937,1.4482989676451956,205,0.00041659016611363711,False
Q05_s0.1_seed420001,B3,46.241307163847601,0.4741964560828329,1.9253517136422174,-1.4489316911722518,1.4491459586233577,170,0.00041659016611001002,False
Q05_s0.1_seed420001,B3,49.789999999999999,0.51190400529356472,1.9319507780459606,-2.0631128843425657,1.4492239054038052,185,0.00037862949369458452,False
Q05_s0.1_seed420001,B3,48.700000000000003,0.5099153016014184,1.9316383721676069,-1.8500830538988464,1.4492670922691586,160,0.00037801655339243274,False
Q05_s0.1_seed420001,B3,51.679113896921933,0.4839585633230552,1.8511622400916621,-2.5696182151770461,1.4493480965179826,215,0.00041659016610981405,False
Q05_s0.1_seed420001,B3,45.392591177531685,0.53680851369334626,1.9369523866861091,-1.223538681873622,1.4497270748483966,210,0.00041659016609193268,False
Q05_s0.1_seed420001,B3,55.132591348174884,0.55147826110252574,1.9409611983821549,-3.1196336304051826,1.4499557968638304,165,0.00041659016609392908,False
Q05_s0.1_seed420001,B3,52.880000000000003,0.51707516270911236,1.9229949140482623,-2.6810622874259229,1.450116121346323,190,0.00038068981886156165,False
Q05_s0.1_seed420001,B3,52.390000000000001,0.51629246382201288,1.9228158941834672,-2.5849088469172394,1.4504788894137015,205,0.00038033375009620727,False
Q05_s0.1_seed420001,B3,57.479999999999997,0.5237901598545065,1.9349215133689865,-3.5636121329405661,1.4508329196851242,185,0.0003843877209485459,False
Q05_s0.1_seed420001,B3,57.869999999999997,0.52430875908062891,1.9351078245114843,-3.6395750729407124,1.4509649711841199,175,0.00038472066698276634,False
Q05_s0.1_seed420001,B3,50.871053981408657,0.54623400709130721,1.8689723875135993,-2.3910123228331397,1.4513170841812124,195,0.00041659016611151955,False
Q05_s0.1_seed420001,B3,45.222681436369513,0.5329376579164915,1.9311489240085127,-1.0589048956020335,1.4515411798529601,160,0.00041659016606581414,False
Q05_s0.1_seed420001,B3,49.079999999999998,0.51061864680005098,1.9317442098163486,-1.9243583735519036,1.4516345495832945,230,0.00037822184878010559,False
Q05_s0.1_seed420001,B3,48.810000000000002,0.51012002846211424,1.9316686707917672,-1.8715846674547501,1.4519540631800036,230,0.00037807501330189823,False
Q05_s0.1_seed420001,B3,57.303799824597903,0.49499350409825471,1.9400690601927932,-3.5703591149412457,1.4523044723793261,190,0.0004165901660080633,False
Q05_s0.1_seed420001,B3,57.439999999999998,0.52375487051747194,1.9448823985100301,-3.5369223117687114,1.4526348369917697,155,0.00038436889659445217,False
Q05_s0.1_seed420001,B3,47.807906134516514,0.47533712201632294,1.9231973948274139,-1.6687700459673227,1.4529505294314267,235,0.00041659016608612125,False
Q05_s0.1_seed420001,B3,49.090804068329987,0.47826518091889803,1.9227739052657311,-1.9312191133197345,1.4532063978874794,250,0.00041659016609037035,False
Q05_s0.1_seed420001,B3,53.700769025148531,0.48700858376007616,1.9356976203127649,-2.8019969704366705,1.4536801649929327,165,0.00041659016609565334,False
Q05_s0.1_seed420001,B3,55.049999999999997,0.52039327219968556,1.9338380113980369,-3.0899838413545009,1.4538973535769821,240,0.00038237582189126063,False
Q05_s0.1_seed420001,B3,53.869999999999997,0.51863315396817222,1.9333600327931895,-2.8598047243042966,1.454143666140455,155,0.00038144863666612054,False
Q05_s0.1_seed420001,B3,52.015860081670127,0.48405122410674117,1.9243400687796881,-2.5009882161785963,1.4544317180652628,160,0.00041659016609758956,False
Q05_s0.1_seed420001,B3,51.022148593071677,0.4834553371860828,1.9290784868684647,-2.3586306906068959,1.4546071496032094,155,0.00041659016608014805,False
Q05_s0.1_seed420001,B3,56.140000000000001,0.52197228406184271,1.9442900684661237,-3.2849069603171843,1.4557275836874821,160,0.00038327821047250241,False
Q05_s0.1_seed420001,B3,57.168278820285352,0.4932296271856309,1.9370538967245206,-3.4747239042332989,1.4562412105115148,215,0.00041659016610433774,False
Q05_s0.1_seed420001,B3,54.450000000000003,0.51950783531832756,1.9335910317451015,-2.9729580891455516,1.4563913108132189,220,0.00038189955921105615,False
Q05_s0.1_seed420001,B3,47.700265433399039,0.53814407089371841,1.9340496338856497,-1.5544028498805353,1.457063961517713,165,0.000416590166046048,False
Q05_s0.1_seed420001,B3,48.259999999999998,0.5090634152342981,1.9215250197344502,-1.773805989095796,1.4572730961111908,225,0.00037778075264913109,False
Q05_s0.1_seed420001,B3,52.25132166962058,0.48538535235809022,1.890356188503528,-2.6391277221133507,1.4572942694248516,185,0.00041659016610248576,False
Q05_s0.1_seed420001,B3,50.552193251219627,0.54510465076336345,1.9304197347158096,-2.213799547969229,1.4583052318425136,235,0.00041659016610924728,False
Q05_s0.1_seed420001,B3,45.659790348594349,0.47118086839082807,1.9213207346587784,-1.2696083048144384,1.4585484493634728,210,0.00041659016610064723,False
Q05_s0.1_seed420001,B3,46.360648135561867,0.47206090054935146,1.9035835299019981,-1.3960712406923719,1.4585719967182533,215,0.00041659016610186636,False
Q05_s0.1_seed420001,B3,52.699307303321362,0.48583373463077173,1.8425982325335188,-2.788596275986297,1.4587564795216255,175,0.00041659016599702124,False
Q05_s0.1_seed420001,B3,46.291428247623742,0.47402955500179456,1.9274931198923624,-1.4460088673765732,1.4596461757924342,150,0.00041659016610971474,False
Q05_s0.1_seed420001,B3,58.899999999999999,0.52564535614058716,1.9356163630498422,-3.8401225352343706,1.4596768394849373,225,0.00038561027148497625,False
Q05_s0.1_seed420001,B3,51.051127398148743,0.48230577375301475,1.8327075250024683,-2.4493020065761311,1.4598568286682567,215,0.00041659016610658806,False
Q05_s0.1_seed420001,B3,52.25,0.51600305805480728,1.8927980228166021,-2.5997615028969303,1.459989237301893,185,0.00038019464176241652,False
Q05_s0.1_seed420001,B3,47.439999999999998,0.50742970407742671,1.9013237372985201,-1.6307081298664103,1.4607533846970424,200,0.00037737968277640725,False
Q05_s0.1_seed420001,B3,49.93,0.51217560727125966,1.9419858078408816,-2.0791395167555824,1.4607949075001976,185,0.00037872490314631033,False
Q05_s0.1_seed420001,B3,45.659999999999997,0.50384112545952575,1.9209129144977828,-1.2626686516689287,1.461167235523616,210,0.00037676241705064456,False
Q05_s0.1_seed420001,B3,54.76013818965712,0.5505869683662814,1.9422337309289577,-3.022085992666808,1.4612956082108524,175,0.00041659016610753972,False
Q05_s0.1_seed420001,B3,50.270030714336805,0.48183753558514564,1.8500802382492725,-2.3126295613735515,1.4613922563122721,210,0.00041659016599781147,False
Q05_s0.1_seed420001,B3,46.579999999999998,0.5057806389942654,1.9311083916578589,-1.4355598110753953,1.4621025864927184,165,0.00037706379827809978,False
Q05_s0.1_seed420001,B3,48.617591340138105,0.54037548587857032,1.9333564529910952,-1.7600546641732997,1.4622945767859359,150,0.00041659016610310728,False
Q05_s0.1_seed420001,B3,56.609999999999999,0.52260752185001969,1.9345182636098484,-3.3941037721983691,1.4629344693823143,215,0.00038365401016816398,False
Q05_s0.1_seed420001,B3,50.648786289898027,0.4824412763869752,1.8799575083688074,-2.3407105356383209,1.4630456952238817,225,0.00041659016609777886,False
Q05_s0.1_seed420001,B3,49.909999999999997,0.51209514653006916,1.9219939321445225,-2.0979881325280969,1.4636570540967551,225,0.00037868979632491414,False
Q05_s0.1_seed420001,B3,49.509076868999777,0.47956679255270274,1.9318886181144284,-2.0213296708857911,1.4639171337990449,240,0.00041659016608018286,False
Q05_s0.1_seed420001,B3,55.157586669688172,0.54924151057311477,1.9380546856870677,-3.0227587123615578,1.4640387183390307,170,0.00041659016609146615,False
Q05_s0.1_seed420001,B3,46.420000000000002,0.50545325221654724,1.9310725611871338,-1.4042657776390224,1.4641451556969112,170,0.00037700691374950172,False
Q05_s0.1_seed420001,B3,51.68,0.51498233823514927,1.8526366584933067,-2.5421973490762992,1.4642194906895758,215,0.00037974581713238803,False
Q05_s0.1_seed420001,B3,50.379259026386741,0.48175681799846437,1.9203396809516613,-2.2254453872027025,1.4648340116059408,210,0.00041659016608940779,False
Q05_s0.1_seed420001,B3,48.549999999999997,0.50963463263173858,1.931597500578957,-1.8207615538986937,1.4651295719479267,165,0.00037793813863520854,False
Q05_s0.1_seed420001,B3,52.700000000000003,0.51662312717850445,1.8430231006742666,-2.7655231156231221,1.4655122149018074,175,0.00038045205771180998,False
Q05_s0.1_seed420001,B3,50.869999999999997,0.51365910231635892,1.8723389907913186,-2.3505509669492208,1.4659094106984261,195,0.00037923074648759362,False
Q05_s0.1_seed420001,B3,50.549999999999997,0.51323984764839836,1.9321846141466337,-2.2116039994675272,1.4659890469992036,235,0.00037909762563238195,False
Q05_s0.1_seed420001,B3,51.049999999999997,0.51387925357241993,1.8324369461394248,-2.4413706918173137,1.4660909203403831,215,0.00037929924227102609,False
Q05_s0.1_seed420001,B3,52.659999999999997,0.51674632566821921,1.9329026648466365,-2.6236571422290513,1.4663253357916743,175,0.00038054210693233342,False
Q05_s0.1_seed420001,B3,49.908223647800753,0.48035320680061844,1.9323290555521639,-2.0978497171417292,1.466531139868519,225,0.0004165901660128719,False
Q05_s0.1_seed420001,B3,51.020000000000003,0.51404603291134321,1.9323358003069053,-2.3034151624742636,1.4665840487410866,155,0.00037940207950948383,False
Q05_s0.1_seed420001,B3,52.950000000000003,0.51718579348346516,1.923020935322405,-2.6947969845221063,1.4669420500508539,190,0.0003807414028303995,False
Q05_s0.1_seed420001,B3,50.190593712328834,0.48091335063730511,1.9318541701881329,-2.1533071546636773,1.4673810684566098,200,0.00041659016605240809,False
Q05_s0.1_seed420001,B3,59.07,0.52587904977635791,1.9456786822612793,-3.8526833094428605,1.4678263620639544,150,0.00038577399319887721,False
Q05_s0.1_seed420001,B3,50.270000000000003,0.51257424083627989,1.8521600338430955,-2.2548189613908933,1.4681402772668728,210,0.00037882762622495507,False
Q05_s0.1_seed420001,B3,52.751991380832074,0.48619419738397873,1.9314042326138625,-2.6678883341015123,1.4681863038625327,235,0.00041659016607338513,False
Q05_s0.1_seed420001,B3,50.070914433783194,0.48104587957454559,1.9301485325518275,-2.1481139743561215,1.4681878138171873,185,0.00041659016609736172,False
Q05_s0.1_seed420001,B3,52.549216103902836,0.48575973259594818,1.9015081834770593,-2.6722163076917411,1.4686053380593516,185,0.00041659016473207596,False
Q05_s0.1_seed420001,B3,46.240000000000002,0.50508223217542514,1.9310329519597784,-1.3690585498081898,1.4686307434630301,170,0.00037694573924553138,False
Q05_s0.1_seed420001,B3,53.188319449307528,0.48561184528616241,1.9262875670739388,-2.6966464513240389,1.4693120323576427,235,0.00041659016611253231,False
Q05_s0.1_seed420001,B3,52.577931461012909,0.54789580867183041,2.0927042235841,-2.3871176006078141,1.4695283658619351,190,0.00041659016611258793,False
Q05_s0.1_seed420001,B3,49.509999999999998,0.51140150851467847,1.9318679429904402,-2.0083964563693604,1.469638031317072,240,0.00037846513258912385,False
Q05_s0.1_seed420001,B3,49.770000000000003,0.51186830028341679,1.9319448020385086,-2.0592047288576758,1.4698321326782806,225,0.00037861760328053911,False
Q05_s0.1_seed420001,B3,59.299999999999997,0.52615189952481789,1.9358202964676718,-3.9179758830426406,1.470253276743245,235,0.0003859592722339433,False
Q05_s0.1_seed420001,B3,49.090000000000003,0.51061396114832025,1.9217530997888264,-1.9368999809498366,1.4703094039467355,250,0.00037821650057650187,False
Q05_s0.1_seed420001,B3,46.289999999999999,0.50518558292015858,1.9310438801606549,-1.3788384868606873,1.4710989129004339,150,0.00037696242852345403,False
Q05_s0.1_seed420001,B3,50.189999999999998,0.51261212619982865,1.9320722108258663,-2.1412707133359974,1.4714335188851952,200,0.00037887200115774679,False
Q05_s0.1_seed420001,B3,48.649999999999999,0.50982193770137541,1.9316246912856843,-1.8403093632822827,1.4717318976645561,240,0.00037799024677161955,False
Q05_s0.1_seed420001,B3,47.431117567396974,0.47697800892372122,1.9263859870918676,-1.691200369796368,1.471753572864501,200,0.00041659016611085982,False
Q05_s0.1_seed420001,B3,47.630000000000003,0.50775389016589734,1.8813805173930869,-1.6873082049083541,1.471825185951225,200,0.00037744429090827517,False
Q05_s0.1_seed420001,B3,50.07,0.51240087861786088,1.9320353985148477,-2.1178244283357262,1.4718628755597385,185,0.00037879832275876325,False
Q05_s0.1_seed420001,B3,53.350000000000001,0.51777161621180801,1.9031968904705001,-2.8036228661366707,1.4718904029983828,185,0.00038101223731150889,False
Q05_s0.1_seed420001,B3,57.170000000000002,0.52337289002120824,1.9347758675575486,-3.5032208379945136,1.4721380704341112,215,0.00038412478952705643,False
Q05_s0.1_seed420001,B3,53.270000000000003,0.51770825649094721,1.9331290893305979,-2.7427210033352956,1.4721463623463895,150,0.00038099296750824613,False
Q05_s0.1_seed420001,B3,55.130000000000003,0.52052929645840196,1.9438560956187882,-3.0890059915004282,1.4724344387518407,165,0.00038245442854522216,False
Q05_s0.1_seed420001,B3,48.350954825150325,0.53988685607677755,1.9315082246542299,-1.7084107092487919,1.4725627113138344,165,0.00041659016599291494,False
Q05_s0.1_seed420001,B3,50.380000000000003,0.51292236482133935,1.9221389096912271,-2.1902998650037149,1.4730612541322829,210,0.00037897837994102052,False
Q05_s0.1_seed420001,B3,49.039999999999999,0.51054512407910446,1.9317329139823376,-1.9165403164384436,1.473120908682032,240,0.00037819980046925491,False
Q05_s0.1_seed420001,B3,48.618745178828419,0.47741838396045111,1.9328097804101025,-1.8329521902074966,1.4732192900301486,150,0.00041659016609976789,False
Q05_s0.1_seed420001,B3,46.572223404003829,0.53890893991623479,1.9377772076142588,-1.4448480954299452,1.4737741228599597,240,0.00041659016609998147,False
Q05_s0.1_seed420001,B3,54.759999999999998,0.51998734978085137,1.9437028602900628,-3.0172184369914601,1.4738394754114645,175,0.00038215870199173016,False
Q05_s0.1_seed420001,B3,48.164943812243152,0.47687109983968323,1.9272394041018519,-1.7669511623020355,1.4741142837570935,245,0.00041659016586685871,False
Q05_s0.1_seed420001,B3,54.869999999999997,0.52012967550470324,1.9337630619836028,-3.0548793167981598,1.4745599754448016,185,0.00038223195533631903,False
Q05_s0.1_seed420001,B3,56.439999999999998,0.52237217119212909,1.9344414634906424,-3.3609731563945635,1.4745748211581202,195,0.00038351223703696961,False
Q05_s0.1_seed420001,B3,50.888653191235264,0.54536439566847328,1.8812595580562301,-2.336571377991616,1.4747511170819032,200,0.00041659016514337667,False
Q05_s0.1_seed420001,B3,46.91094964871764,0.47503076237884123,1.9273461868040156,-1.5543738509293537,1.4749173292186628,195,0.0004165901661086044,False
Q05_s0.1_seed420001,B3,47.612283524467379,0.54012701783744177,2.0611834325096874,-1.5053809653218746,1.474966990410157,205,0.00041659016601112655,False
Q05_s0.1_seed420001,B3,49.030000000000001,0.51052672464310567,1.9317300957226005,-1.9145857874189935,1.4756238842636957,160,0.0003781943042502064,False
Q05_s0.1_seed420001,B3,52.020000000000003,0.51569166876624495,1.9226843458226779,-2.5122911645168058,1.4757070285143303,160,0.0003800709917012324,False
Q05_s0.1_seed420001,B3,46.359999999999999,0.5052545633709995,1.9010688360200052,-1.4161313369409649,1.4757346729056804,215,0.00037696151798760066,False
Q05_s0.1_seed420001,B3,50.766645950019722,0.4806245384172243,1.8261162515721279,-2.3483451531862656,1.4762371846514546,175,0.00041659016610839412,False
Q05_s0.1_seed420001,B3,47.087530648330308,0.47435659735482449,1.9213823067953388,-1.5521954328836394,1.4763247617069797,170,0.00041659016609497815,False
Q05_s0.1_seed420001,B3,47.810000000000002,0.5082002342245191,1.9214079667941926,-1.6853650618200486,1.476336465034358,235,0.00037756463899342614,False
Q05_s0.1_seed420001,B3,47.430061980309716,0.47563350846128216,1.8392248245460947,-1.7281666314611108,1.4767476670518656,205,0.00041659016611018306,False
Q05_s0.1_seed420001,B3,49.87419958663844,0.48331007510899759,1.9215773750884124,-2.2331315526005167,1.476960405305459,205,0.00041659016604706834,False
Q05_s0.1_seed420001,B3,52.75,0.51688964974468898,1.9329355409120856,-2.6412257249463558,1.477299709300639,235,0.00038060779320532752,False
Q05_s0.1_seed420001,B3,48.029563650327006,0.5397064589180296,1.9335864373214662,-1.6587995907666393,1.4774509539672198,165,0.00041659016605323409,False
Q05_s0.1_seed420001,B3,49.002502812583188,0.47842535221476279,1.9319044127152369,-1.9178792766827328,1.4777196001220567,180,0.00041659016606819337,False
Q05_s0.1_seed420001,B3,52.436823235562038,0.48532131044541149,1.9322048999847079,-2.5926183191725034,1.4779896813040985,180,0.00041659016608740354,False
Q05_s0.1_seed420001,B3,46.418182595047497,0.47267153580539922,1.9327647462438615,-1.4012454211575349,1.4783424143724579,170,0.0004165901661115697,False
Q05_s0.1_seed420001,B3,47.368760773875231,0.47567950104817491,1.8993462081290229,-1.6592479329040621,1.4784956235426563,235,0.00041659016611107351,False
Q05_s0.1_seed420001,B3,48.350000000000001,0.50925769668875875,1.931543803500303,-1.7816642383070573,1.4786217992427912,165,0.00037783597684677364,False
Q05_s0.1_seed420001,B3,52.549999999999997,0.51650795006359307,1.9028961320576134,-2.6450006386023088,1.4786929863766343,185,0.00038042265880914428,False
Q05_s0.1_seed420001,B3,47.700000000000003,0.50801081129042025,1.9313755922562608,-1.6545827321855691,1.4787436293826011,165,0.00037752374898679993,False
Q05_s0.1_seed420001,B3,52.491551647331242,0.48699161826659587,1.936681024697696,-2.6666084358459141,1.4788730406260095,215,0.00041659016559039236,False
Q05_s0.1_seed420001,B3,53.869999999999997,0.51865324407221747,1.943346895639992,-2.844494136959967,1.4794839671573803,210,0.00038146250453276892,False
Q05_s0.1_seed420001,B3,51.418916192336042,0.48319540101960712,1.9223082262131204,-2.4003325533780497,1.4816400895682518,230,0.00041659016608243529,False
Q05_s0.1_seed420001,B3,55.229999999999997,0.52065514978929939,1.9339136938846586,-3.1250855845986343,1.4818878769076185,150,0.00038252049807210783,False
Q05_s0.1_seed420001,B3,52.256815064968713,0.54204411430495902,2.1428684901791168,-2.0535773412690581,1.4818976411609672,210,0.00041659016611420875,False
Q05_s0.1_seed420001,B3,47.43,0.50726423189483139,1.841347961042179,-1.6852118554347395,1.482710441923923,205,0.00037731957021881372,False
Q05_s0.1_seed420001,B3,59.907597722319714,0.55365183313913668,1.9394200678460232,-3.9361418623362567,1.483384755325355,195,0.00041659016605730657,False
Q05_s0.1_seed420001,B3,51.680182728414238,0.48368772297299145,1.8322701181000947,-2.5867884901007425,1.4836253875438319,185,0.0004165901660727178,False
Q05_s0.1_seed420001,B3,54.849349012492453,0.55064537893026344,1.9428905934486682,-3.0364013862419252,1.4836940318492344,240,0.00041659016601162664,False
Q05_s0.1_seed420001,B3,51.68,0.51493952995113923,1.8326577961947119,-2.5711624876015735,1.4840140641855051,185,0.00037972057402383454,False
Q05_s0.1_seed420001,B3,58.131138197580157,0.55431307236158034,1.9430034428039473,-3.6934340199454461,1.4841619428424888,150,0.00041659016602195101,False
Q05_s0.1_seed420001,B3,53.491247885975611,0.48687039528236742,1.9243243389331617,-2.7911746178695278,1.4843222535043248,235,0.0004165901661142409,False
Q05_s0.1_seed420001,B3,54.889583091838844,0.54890185183122586,1.9371655829775569,-2.9702767545549413,1.4847052432570271,225,0.00041659016610889779,False
Q05_s0.1_seed420001,B3,46.909999999999997,0.50644881652933638,1.9311841410617154,-1.5000998681636213,1.4850505228745297,195,0.00037718834602981443,False
Q05_s0.1_seed420001,B3,52.604391720841257,0.48688640443650488,1.9189616593189089,-2.702122648420799,1.4851088832698596,225,0.00041659016611185896,False
Q05_s0.1_seed420001,B3,49.909999999999997,0.51211763406831379,1.931986825376707,-2.086561292708371,1.4857261871739198,225,0.00037870131251195241,False
Q05_s0.1_seed420001,B3,53.700000000000003,0.51837319923793967,1.93329377040738,-2.8266339068078521,1.4859998761536906,165,0.00038131836922102041,False
Q05_s0.1_seed420001,B3,47.43,0.50748282151112778,1.9313085556778,-1.6017883913209106,1.4869809120711748,200,0.00037740344046400544,False
Q05_s0.1_seed420001,B3,51.076508080039716,0.54447046060337012,1.9355591888240826,-2.2490048364183242,1.4875329267038178,165,0.00041659016593813541,False
Q05_s0.1_seed420001,B3,47.609999999999999,0.50814848851705152,2.0613002891693353,-1.5270642072974794,1.4875564407941886,205,0.00037760841084470389,False
Q05_s0.1_seed420001,B3,50.371585948400941,0.48164549788468136,1.9106110833126895,-2.2326315985650087,1.4876568250250624,230,0.00041659016608429621,False
Q05_s0.1_seed420001,B3,47.132062520613118,0.47643766412666899,1.926020054790347,-1.636477415854289,1.4879720398995264,235,0.00041659016601487269,False
Q05_s0.1_seed420001,B3,51.420000000000002,0.51469901490564862,1.9224776673966926,-2.3945114113472332,1.4880588281606124,230,0.00037965694483128203,False
Q05_s0.1_seed420001,B3,49.83903298019824,0.47978864108014907,1.9231872344288292,-2.0773465008294902,1.4880991103230565,175,0.00041659016610614896,False
Q05_s0.1_seed420001,B3,52.579999999999998,0.51695096918575301,2.0927112643198558,-2.3999104973446097,1.4882188996094616,190,0.00038069660977085515,False
Q05_s0.1_seed420001,B3,48.098858901431136,0.47612759546912375,1.8832984143849676,-1.7761845920513757,1.4883407542233773,165,0.00041659016610167337,False
Q05_s0.1_seed420001,B3,50.890000000000001,0.51371523302897792,1.8823367132851292,-2.3414853608928472,1.4885948122624957,200,0.0003792558693823594,False
Q05_s0.1_seed420001,B3,50.450868924045366,0.48070744104567265,1.924189500911841,-2.1824178386526594,1.4899554329096236,195,0.0004165901660914417,False
Q05_s0.1_seed420001,B3,51.391695030294152,0.4832769218563282,1.9023710217230272,-2.4294161962623129,1.4903770397571292,180,0.00041659016609592471,False
Q05_s0.1_seed420001,B3,50.180582138051918,0.4808357193001207,1.8723117237402433,-2.2269711877335912,1.4904798973914519,210,0.00041659016606026335,False
Q05_s0.1_seed420001,B3,55.159999999999997,0.52055351170630759,1.9338841747077675,-3.1114352388221778,1.4906062473858843,170,0.00038246414050742693,False
Q05_s0.1_seed420001,B3,49,0.51047148124775066,1.9317216546209059,-1.9087221650543686,1.4908472754373787,180,0.00037817785380039095,False
Q05_s0.1_seed420001,B3,48.74869961718683,0.47728931993649404,1.9236297385774535,-1.8517445396950656,1.4909398986821576,230,0.00041659016611372021,False
Q05_s0.1_seed420001,B3,49.840242709974554,0.48053792475283164,1.9307554704098715,-2.1003073615835142,1.4912975722545974,160,0.00041659016610487914,False
Q05_s0.1_seed420001,B3,51.939999999999998,0.51558184174158461,1.9326462748230055,-2.4830868334125045,1.4913685004066217,160,0.00038002776101098634,False
Q05_s0.1_seed420001,B3,47.167881241711029,0.53933970717911173,1.9295924137553193,-1.5417348837199416,1.4917258710996177,245,0.00041659016611425771,False
Q05_s0.1_seed420001,B3,48.126949334339784,0.44434290970934764,1.9299049287472463,0.2981358965904839,1.4917788110468395,155,0.00041659016575500255,False
Q05_s0.1_seed420001,B3,50.511320581006856,0.46597308128839288,1.7910130514002514,-1.6136969824458589,1.4920554753533453,210,0.00041659016610813668,False
Q05_s0.1_seed420001,B3,51.661358853207133,0.48362405664282093,1.9024286227459379,-2.4748583033325264,1.492311031457759,190,0.00041659016589869956,False
Q05_s0.1_seed420001,B3,50.369999999999997,0.51288273561690501,1.9121435844351409,-2.2003575539549574,1.4923210162976681,230,0.00037896027827438402,False
Q05_s0.1_seed420001,B3,50.18,0.51246062306263396,1.8721151789516393,-2.2114057897682455,1.4925958716174372,210,0.00037879571149281255,False
Q05_s0.1_seed420001,B3,48.619999999999997,0.50976582713127938,1.9316165101248206,-1.8344450802820376,1.4931042219056945,150,0.00037797454334582742,False
Q05_s0.1_seed420001,B3,48.219425628222041,0.47606348607402715,1.9241570721179173,-1.7424278858429911,1.493208596594451,150,0.00041659016611120324,False
Q05_s0.1_seed420001,B3,48.030000000000001,0.50864806563560849,1.9314597865880723,-1.7191039050289088,1.4932473035486653,165,0.00037767838677921109,False
Q05_s0.1_seed420001,B3,59.106412671169437,0.55277485731563836,1.9406505031062515,-3.7679795891326222,1.4932556989312251,180,0.00041659016608009412,False
Q05_s0.1_seed420001,B3,52.63778106151085,0.48447534678910564,1.9260188736611936,-2.5851584771260061,1.4934395222696419,180,0.00041659016607506206,False
Q05_s0.1_seed420001,B3,49.840000000000003,0.51197060797978,1.9219727722490252,-2.084238353045254,1.493637195107465,175,0.00037864785536457796,False
Q05_s0.1_seed420001,B3,48.100000000000001,0.50866326238452408,1.8815030280762266,-1.7816644681166507,1.4937363404356188,165,0.00037766227930555955,False
Q05_s0.1_seed420001,B3,50.658419201923877,0.48166233209261033,1.9225392257707652,-2.2490682528155368,1.4939703816560843,230,0.00041659016609731987,False
Q05_s0.1_seed420001,B3,49.840000000000003,0.51199314237493976,1.9319657579170455,-2.0728831639585943,1.4946704475732178,160,0.00037865931930359967,False
Q05_s0.1_seed420001,B3,48.059189171750575,0.4757847290976418,1.9133412452022642,-1.7248896475500839,1.4954809020605531,205,0.00041659016608393094,False
Q05_s0.1_seed420001,B3,48.215320031197813,0.5334802900350013,1.9320471231292686,-1.4366155310969653,1.4956195233354936,170,0.00041659016597037416,False
Q05_s0.1_seed420001,B3,50.509999999999998,0.51286072046522035,1.7922911915004658,-2.3845516901570827,1.4961245845038043,210,0.00037890592870173755,False
Q05_s0.1_seed420001,B3,52.640681428598612,0.4844101719077134,1.9333839036675768,-2.5714029174837609,1.4961497205236758,160,0.00041659016583181968,False
Q05_s0.1_seed420001,B3,54.850000000000001,0.52011984788403565,1.9437398500743692,-3.0346813292878898,1.4966316026961637,240,0.0003822303137708421,False
Q05_s0.1_seed420001,B3,50.649999999999999,0.51330256009774267,1.8822578459576025,-2.2933499673967721,1.4966639649898008,225,0.00037910137638817645,False
Q05_s0.1_seed420001,B3,59.939999999999998,0.52693108779763587,1.9261803711405838,-4.064125267716717,1.4973400387137694,205,0.00038650535864780274,False
Q05_s0.1_seed420001,B3,52.220713280133722,0.48593361422948878,1.9270992437986432,-2.6039371128556876,1.4979236607843107,180,0.00041659016607926194,False
Q05_s0.1_seed420001,B3,57.858085354293394,0.55233485462323451,1.9378885897314615,-3.5647729303683455,1.4979387757075782,250,0.00041659016609718906,False
Q05_s0.1_seed420001,B3,51.390000000000001,0.5146056845265834,1.9024862400545486,-2.4149091723361948,1.4981165460011328,180,0.00037961163350111861,False
Q05_s0.1_seed420001,B3,48.060000000000002,0.50865798256254591,1.9114773347149141,-1.7441308298408214,1.4982924880716066,205,0.00037767290177717611,False
Q05_s0.1_seed420001,B3,49.82,0.51195750902547721,1.9319597591369089,-2.068975070836883,1.4983067451660252,235,0.00037864737203166288,False
Q05_s0.1_seed420001,B3,51.659999999999997,0.51505608838616002,1.9025788740714833,-2.4684740623010528,1.4983714257565042,190,0.00037979535544961402,False
Q05_s0.1_seed420001,B3,52.598506802408473,0.48453151095627067,1.8358491726130308,-2.7261465239958564,1.4983825583889541,215,0.0004165901661030039,False
Q05_s0.1_seed420001,B3,50.966326990047591,0.48132974223198843,1.8248223135985429,-2.405933869712733,1.4993444986937974,195,0.00041659016611447753,False
Q05_s0.1_seed420001,B3,55.660516353304459,0.55140520003785642,1.9433166752308653,-3.1877966541857425,1.4995504044278256,195,0.0004165901660196622,False
Q05_s0.1_seed420001,B3,52.640000000000001,0.51671440928020829,1.9328953840140668,-2.6197529299282745,1.4996379917499227,160,0.00038052755050475102,False
Q05_s0.1_seed420001,B3,52.640000000000001,0.51669362191642521,1.9229065465666209,-2.6339690199154995,1.5003372323330864,180,0.00038051430252287349,False
Q05_s0.1_seed420001,B3,49.869999999999997,0.51204653877762341,1.9319747731659205,-2.0787452567394573,1.5007060484460943,205,0.00037867728261687387,False
Q05_s0.1_seed420001,B3,57.299999999999997,0.52356678760278641,1.9448167854580356,-3.509789723066314,1.5007937964666389,190,0.00038425000779433532,False
Q05_s0.1_seed420001,B3,53.086223938350798,0.48432161761340176,1.9095114935566746,-2.6513561033053676,1.5008315452130487,245,0.00041659016609878847,False
Q05_s0.1_seed420001,B3,47.466622899877287,0.53456029761359414,1.9190579404677708,-1.3976598428618914,1.5013750399090178,250,0.00041659016538170442,False
Q05_s0.1_seed420001,B3,54.890000000000001,0.52015904944659974,1.9337713534902865,-3.0587799560682041,1.5015152733527004,225,0.00038224789974146981,False
Q05_s0.1_seed420001,B3,53.189999999999998,0.51756288684404561,1.9231109992438868,-2.7418844662393034,1.5020377512996388,235,0.00038091956681176003,False
Q05_s0.1_seed420001,B3,45.390000000000001,0.50331631784720998,1.940853624571512,-1.196064107691488,1.5023611598769606,210,0.00037670662047694145,False
Q05_s0.1_seed420001,B3,55.659999999999997,0.52129304059590587,1.94408096268445,-3.1918165654518598,1.5030406795773965,195,0.00038288385050315639,False
Q05_s0.1_seed420001,B3,49.993847984369133,0.48117384816952136,1.9304333016144968,-2.1447727542702371,1.5038719791166935,245,0.00041659016602932147,False
Q05_s0.1_seed420001,B3,52.710000000000001,0.51680526380134895,1.922932184717224,-2.6477050143581962,1.5039906155587164,165,0.00038056527726842792,False
Q05_s0.1_seed420001,B3,52.490000000000002,0.51649513022076554,1.9428302650274771,-2.5765516548014098,1.503995194835358,215,0.00038043202911295011,False
Q05_s0.1_seed420001,B3,49.977445570937363,0.48004487051743716,1.922849283633862,-2.1039025022501434,1.5041355253573492,195,0.00041659016606871037,False
Q05_s0.1_seed420001,B3,50.450000000000003,0.51304424788278613,1.9221609344839601,-2.2040471798541255,1.5041564403038221,210,0.00037902236948073514,False
Q05_s0.1_seed420001,B3,52.600000000000001,0.51662969304988815,1.9228919463747403,-2.6261197117872679,1.5042739246303807,175,0.00038048525570827466,False
Q05_s0.1_seed420001,B3,58.130000000000003,0.52466860944243154,1.9452122031444141,-3.6706198425904439,1.5045477864714425,150,0.00038495926619012814,False
Q05_s0.1_seed420001,B3,46.822784792270035,0.53969654990755167,1.9272929508820158,-1.5165553111303396,1.5048358172883478,160,0.00041659016591996987,False
Q05_s0.1_seed420001,B3,48.029640096431947,0.47547080015982868,1.9242114205434102,-1.6971340424365398,1.5052267504780068,230,0.00041659016611316011,False
Q05_s0.1_seed420001,B3,55.670000000000002,0.52128816184471305,1.9341017806730019,-3.2108779750559364,1.5056322416466892,240,0.00038287740540599165,False
Q05_s0.1_seed420001,B3,51.079999999999998,0.51414788169615744,1.932355462256599,-2.3151346678299976,1.5059936712994377,165,0.00037944171715759947,False
Q05_s0.1_seed420001,B3,45.5,0.5035260659423455,1.9308779055965002,-1.2243022570718853,1.506520731250151,170,0.00037672724998418406,False
Q05_s0.1_seed420001,B3,53.081614200000175,0.48800300776853334,1.9271471593235474,-2.7930548107333308,1.5066224881606241,245,0.00041659016610690199,False
Q05_s0.1_seed420001,B3,48.159999999999997,0.50889670593246827,1.9314936366136739,-1.7445197202007998,1.5066868840658179,245,0.00037774152037129679,False
Q05_s0.1_seed420001,B3,47.130000000000003,0.50688906656322685,1.93123602384963,-1.5431235996514905,1.5085703240492778,235,0.00037727660678140763,False
Q05_s0.1_seed420001,B3,51.14150048833546,0.48262469209053993,1.9127861564866016,-2.357846128825452,1.5091027766157419,195,0.00041659016602465398,False
Q05_s0.1_seed420001,B3,50.659999999999997,0.51340787467097271,1.9222276812572239,-2.2452871604836124,1.5093211332663794,230,0.00037915585067898331,False
Q05_s0.1_seed420001,B3,59.909999999999997,0.52691134876340162,1.9361382286789928,-4.0366699062279734,1.5094685437334412,195,0.00038649473325618361,False
Q05_s0.1_seed420001,B3,50.100486529202726,0.48062596711347627,1.9312887199820206,-2.1318084778763016,1.5101388819284891,180,0.00041659016602465154,False
Q05_s0.1_seed420001,B3,52.259999999999998,0.51652245552187659,2.1325691065608017,-2.2961602432007386,1.5103974366273025,210,0.00038051652480295751,False
Q05_s0.1_seed420001,B3,50.100000000000001,0.51245378544168263,1.9320445708619107,-2.1236860856889286,1.5107312694190353,180,0.00037881666905868131,False
Q05_s0.1_seed420001,B3,48.37920340272413,0.5392498162983852,1.9353037022570829,-1.6820471326379742,1.5114764736374211,240,0.00041659016607719019,False
Q05_s0.1_seed420001,B3,48.219999999999999,0.5089873409091249,1.9215144268985056,-1.765945031554045,1.5117009680906537,150,0.00037776094540999632,False
Q05_s0.1_seed420001,B3,48.75947855699129,0.47775705269211244,1.9214948241162588,-1.8751245774429854,1.512135848030733,250,0.00041659016569869022,False
Q05_s0.1_seed420001,B3,47.149999999999999,0.50695335546325127,1.9412369362382975,-1.5385258892931539,1.512482156903133,240,0.00037729393714103232,False
Q05_s0.1_seed420001,B3,45.219999999999999,0.50292395584534244,1.9308225099416783,-1.1695233754876235,1.5130584419051067,160,0.00037665921927860049,False
Q05_s0.1_seed420001,B3,47.090000000000003,0.50678480373586432,1.9212303505314796,-1.5438367644849231,1.5133324614515831,170,0.00037725122700588197,False
Q05_s0.1_seed420001,B3,46.82,0.50626752100463923,1.9311632351816785,-1.4824985601304153,1.5137860505600391,160,0.00037715343147020426,False
Q05_s0.1_seed420001,B3,48.759999999999998,0.51000380530704459,1.9216605261258137,-1.8720602198333116,1.5143322662001424,250,0.00037803774090190549,False
Q05_s0.1_seed420001,B3,51.469060173198507,0.54602973628760587,1.9322486302684467,-2.3742293588121992,1.5153042883401087,160,0.00041659016608076014,False
Q05_s0.1_seed420001,B3,58.498528297117787,0.55333761943932736,1.9366319838807371,-3.7127356428059279,1.5154586731589901,240,0.00041659016608537293,False
Q05_s0.1_seed420001,B3,51.140000000000001,0.51420610224469887,1.9123929516983478,-2.3523558041205277,1.5156413588890447,195,0.00037945680078837378,False
Q05_s0.1_seed420001,B3,50.770000000000003,0.51337757574295451,1.8223510933280336,-2.39736126952213,1.5156936822727214,215,0.00037910598479267365,False
Q05_s0.1_seed420001,B3,48.75,0.50998518668786452,1.9216577598256632,-1.8700952776299118,1.516069956385276,230,0.00037803243483847679,False
Q05_s0.1_seed420001,B3,53.207752913882203,0.54744179921252289,1.9360053746484693,-2.6692237472900917,1.5161177290899284,180,0.00041659016610812394,False
Q05_s0.1_seed420001,B3,48.130000000000003,0.50883944669229175,1.9314857908337353,-1.7386546141522294,1.5162025951184737,155,0.00037772684217598243,False
Q05_s0.1_seed420001,B3,52.439999999999998,0.51639390565740073,1.9328230749466691,-2.5807091609321446,1.5170932473673058,180,0.00038038280989909274,False
Q05_s0.1_seed420001,B3,48.519733442524789,0.47889078059809886,1.8684203993777746,-1.9583818934945096,1.5175177669361728,155,0.00041659016606170041,False
Q05_s0.1_seed420001,B3,50.969999999999999,0.51372088173531827,1.8224191513066632,-2.4388005884961372,1.5180336977994919,195,0.00037923491353197803,False
Q05_s0.1_seed420001,B3,52.08364364808368,0.48680460294469974,1.9252634777208653,-2.6298828447833831,1.5185848952397254,195,0.00041659016611191046,False
Q05_s0.1_seed420001,B3,52.600000000000001,0.51644216504036233,1.832997383806539,-2.7606381478013571,1.5189392357672258,215,0.00038036661291774405,False
Q05_s0.1_seed420001,B3,57.859999999999999,0.52429554904149978,1.9351030044522739,-3.6376274909895763,1.5191330440863098,250,0.00038471210120337077,False
Q05_s0.1_seed420001,B3,51.469999999999999,0.51480410744595462,1.9324852597218343,-2.3913054341126077,1.5206018077078165,160,0.00037970342679874734,False
Q05_s0.1_seed420001,B3,52.219999999999999,0.51603851449318272,1.9327445836038544,-2.53775758879741,1.5206102667098735,180,0.00038022536503249472,False
Q05_s0.1_seed420001,B3,48.030000000000001,0.50862425616419527,1.9214646121759129,-1.7286042549520306,1.522418176319809,230,0.00037766843555266544,False
Q05_s0.1_seed420001,B3,47.469999999999999,0.50751295409876085,1.9113268829657362,-1.6275544161978714,1.5224581209036456,250,0.00037740208759485519,False
Q05_s0.1_seed420001,B3,48.380000000000003,0.50931443587749392,1.9315517998866536,-1.7875289788411737,1.5229713775024081,225,0.00037785112422706072,False
Q05_s0.1_seed420001,B3,59.648655334595176,0.55543206734179229,1.9541599221987491,-3.9553478150506844,1.5233971779338025,245,0.00041659016607919271,False
Q05_s0.1_seed420001,B3,59.659999999999997,0.52661930258130951,1.9459815850594298,-3.966911430521618,1.5235396445301492,230,0.00038629058571815737,False
Q05_s0.1_seed420001,B3,56.902548114588008,0.55213749290576075,1.9356125587922866,-3.418135868211932,1.5260612545175327,235,0.0004165901660901335,False
Q05_s0.1_seed420001,B3,54.3891228445544,0.48894155806853501,1.9230559144526258,-2.9887835221619916,1.5266340896770547,170,0.00041659016608795572,False
Q05_s0.1_seed420001,B3,53.079999999999998,0.51741101078085683,1.933057658667547,-2.7056385991910217,1.526905936091802,245,0.00038085113776756133,False
Q05_s0.1_seed420001,B3,51.119999999999997,0.51423734675953992,1.9423599127322906,-2.3104132220002116,1.5271619003310031,230,0.0003794806003578431,False
Q05_s0.1_seed420001,B3,52.777479133029409,0.54593473533772752,1.8778125593796027,-2.6297794487318082,1.5283205247231824,245,0.00041659016611345653,False
Q05_s0.1_seed420001,B3,53.210000000000001,0.51761461888481208,1.9331064438398475,-2.7310110728195838,1.5293374480347031,180,0.00038094804648999137,False
Q05_s0.1_seed420001,B3,58.5,0.52513188212789896,1.9354160330405779,-3.7622527250559727,1.5298006341207471,240,0.00038526314809515707,False
Q05_s0.1_seed420001,B3,47.762277647749933,0.47586934698466621,1.9213688693456776,-1.687766425428304,1.5303769599071719,150,0.00041659016609994326,False
Q05_s0.1_seed420001,B3,49.979999999999997,0.51221933598136793,1.9220152041902141,-2.1117375977560622,1.5317768292181235,195,0.00037873201208180708,False
Q05_s0.1_seed420001,B3,59.109999999999999,0.52591214665758779,1.9357229789044461,-3.8809976133442423,1.5318448259342368,180,0.0003857932736884166,False
Q05_s0.1_seed420001,B3,52.692365376878648,0.48592660428077306,1.9309645151050949,-2.649886939505997,1.5318469274899646,250,0.00041659016608701263,False
Q05_s0.1_seed420001,B3,52.079999999999998,0.51581079227741589,1.9326952066796403,-2.5104229223739933,1.5320793338519274,195,0.00038012616653071624,False
Q05_s0.1_seed420001,B3,55.82,0.52150167925308577,1.9341669017262366,-3.2401214793447877,1.5329048138875667,155,0.00038300008744349021,False
Q05_s0.1_seed420001,B3,47.170000000000002,0.50696867053510386,1.9312455759362877,-1.5509458361150292,1.534591888613698,245,0.00037729309133047309,False
Q05_s0.1_seed420001,B3,45.349270251746702,0.4704055527575246,1.9314851014936587,-1.1975095497817509,1.5370405050412397,250,0.00041659016602174664,False
Q05_s0.1_seed420001,B3,45.510929736989368,0.47046449580506788,1.9327606104694657,-1.2162126137487821,1.537115897120922,250,0.0004165901660893281,False
Q05_s0.1_seed420001,B3,47.959054827569645,0.53632607106039742,1.928176588859055,-1.5194840390132516,1.5371959755332147,245,0.00041659016531529411,False
Q05_s0.1_seed420001,B3,53.490000000000002,0.51802949173094059,1.9232254254081478,-2.8007374112417636,1.537769757791116,235,0.00038114502243489948,False
Q05_s0.1_seed420001,B3,46.57,0.50578517137688783,1.9411028287635477,-1.4256848213703976,1.5377763523224874,240,0.00037706866239159659,False
Q05_s0.1_seed420001,B3,45.350000000000001,0.50320443221773281,1.9308480059508768,-1.1949568399543324,1.5403982198507153,250,0.00037668976361903903,False
Q05_s0.1_seed420001,B3,49.990000000000002,0.51225948311971792,1.9320110390905207,-2.1021930627474297,1.5404202249652588,245,0.00037874964054335127,False
Q05_s0.1_seed420001,B3,52.689999999999998,0.5167941547940198,1.9329136031139211,-2.6295134042872945,1.5427168103356974,250,0.00038056396928893871,False
Q05_s0.1_seed420001,B3,49.267900623817482,0.47843329844213134,1.9035039502048017,-1.9804891886970388,1.5430369367218171,245,0.00041659016609991691,False
Q05_s0.1_seed420001,B3,52.780000000000001,0.5168130005049959,1.8730167688818886,-2.7355283869323022,1.5430919131390493,245,0.00038054994996334604,False
Q05_s0.1_seed420001,B3,47.369999999999997,0.50729173173410647,1.9013063951875557,-1.6168022671864148,1.5436347582116772,235,0.00037734958759843559,False
Q05_s0.1_seed420001,B3,53.049455292467243,0.48640483528867584,1.9226811803347892,-2.7238588013434484,1.5436476376365273,250,0.0004165901660273099,False
Q05_s0.1_seed420001,B3,53.049999999999997,0.51734333064726734,1.9230583023741463,-2.7144173176313915,1.5455198376160206,250,0.00038081539452287304,False
Q05_s0.1_seed420001,B3,52.092204571215667,0.485472233178319,1.9301806625863285,-2.5644685712597841,1.5455380766538496,155,0.00041659016610110747,False
Q05_s0.1_seed420001,B3,47.960000000000001,0.5084897623739596,1.9214464681694698,-1.714846619327713,1.5458640169254512,245,0.00037763501812053553,False
Q05_s0.1_seed420001,B3,53.579999999999998,0.51820895756835228,1.9432347631719178,-2.7881994985012719,1.5468921019494382,170,0.00038124069122961524,False
Q05_s0.1_seed420001,B3,47.759999999999998,0.50810332039322581,1.9213952477554732,-1.6755376023555268,1.547871285717946,150,0.00037754155669203542,False
Q05_s0.1_seed420001,B3,45.509999999999998,0.50354743275630454,1.9308799172339701,-1.226258584033149,1.5480262566069989,250,0.00037672983337655067,False
Q05_s0.1_seed420001,B3,54.939999999999998,0.5202323906857963,1.9337921218590894,-3.0685314051867283,1.5497747601477605,155,0.00038228780562458119,False
Q05_s0.1_seed420001,B3,48.520000000000003,0.50943748480031203,1.8716225684388739,-1.8765127764193683,1.5501253936229558,155,0.00037786046741906894,False
Q05_s0.1_seed420001,B3,56.899999999999999,0.5230057549660454,1.9346507818159018,-3.4506145053092214,1.5502756422975301,235,0.00038389710703830754,False
Q05_s0.1_seed420001,B3,49.530000000000001,0.51143758966831554,1.9318738005562197,-2.0123049325159901,1.5503974803285641,155,0.0003784767205726167,False
Q05_s0.1_seed420001,B3,52.090000000000003,0.51582709876770338,1.9326987188438154,-2.5123754458685919,1.5532599089737116,155,0.00038013322604242078,False
Q05_s0.1_seed420001,B3,48.219999999999999,0.50901101053765185,1.9315093897923097,-1.7562497838044715,1.5535529849928782,170,0.00037777107103166416,False
Q05_s0.1_seed420001,B3,49.270000000000003,0.5108974625883177,1.9018174186423393,-1.9941462020089575,1.558518807275127,245,0.000378294917617589,False
Q05_s0.1_seed420001,B3,59.649999999999999,0.52662420279808253,1.9559513405232456,-3.9440825809708051,1.5597140839837371,245,0.00038629755039815361,False
Q05_s0.1_seed420001,B3,53.090000000000003,0.51736510582021111,1.9030975267429511,-2.7520763371231527,1.5626115856946847,245,0.00038081814900184016,False
Q05_s0.1_seed420001,B3,50.418115380691169,0.48004966713947805,1.9357474507133439,-2.1352164664447759,1.5677400329000379,170,0.00041659016559980546,False
Q05_s0.1_seed420001,B3,54.390000000000001,0.51939840199818443,1.9235810051039846,-2.9772523604210441,1.5682617682602131,170,0.00038183837250952194,False
Q05_s0.1_seed420001,B3,47.071042099754997,0.47464592879207679,1.9607209424228333,-1.5249422886546711,1.5705710647250937,170,0.00041659016602481921,False
Q05_s0.1_seed420001,B3,50.420000000000002,0.51301420510149964,1.9321436838603623,-2.1862068398000032,1.5757855666238383,170,0.00037901536961051793,False
Q05_s0.1_seed420001,B3,47.07,0.50684298322972077,1.96121054605272,-1.5063644237874794,1.5781393217956035,170,0.00037727923905636076,False
