pair_id,mechanism,shape,A_rms_db,config,mode,z_true,J_true_star,J_alt_star,delta_J,delta_J_gt_0,delta_J_gt_0p5,static_blind
A01,A,A-RAMP,0.0,201,COMMON,180.0,0.0,6.298414224949022,6.298414224949022,True,True,False
A01,A,A-RAMP,0.0,201,COMMON,200.0,0.0,8.6308085936723,8.6308085936723,True,True,False
A01,A,A-RAMP,0.0,201,COMMON,220.0,0.0,5.637243778250966,5.637243778250966,True,True,False
A01,A,A-RAMP,0.0,235,COMMON,180.0,0.0,2.687144924444203,2.687144924444203,True,True,False
A01,A,A-RAMP,0.0,235,COMMON,200.0,0.0,6.037110401977917,6.037110401977917,True,True,False
A01,A,A-RAMP,0.0,235,COMMON,220.0,0.0,4.18947184887821,4.18947184887821,True,True,False
A01,A,A-RAMP,0.0,283,COMMON,180.0,0.0,2.593174851837706,2.593174851837706,True,True,False
A01,A,A-RAMP,0.0,283,COMMON,200.0,0.0,2.6044859376457525,2.6044859376457525,True,True,False
A01,A,A-RAMP,0.0,283,COMMON,220.0,0.0,2.984933432280757,2.984933432280757,True,True,False
A01,A,A-RAMP,0.0,338,COMMON,180.0,0.0,9.637531622565769,9.637531622565769,True,True,False
A01,A,A-RAMP,0.0,338,COMMON,200.0,0.0,6.169350061978404,6.169350061978404,True,True,False
A01,A,A-RAMP,0.0,338,COMMON,220.0,0.0,8.268091894234416,8.268091894234416,True,True,False
A01,A,A-RAMP,0.0,FOUR,COMMON_LINE_AMPLITUDE_VARIATION,180.0,0.0,7.6304280371236,7.6304280371236,True,True,False
A01,A,A-RAMP,0.0,FOUR,COMMON_LINE_AMPLITUDE_VARIATION,200.0,0.0,7.528861879221905,7.528861879221905,True,True,False
A01,A,A-RAMP,0.0,FOUR,COMMON_LINE_AMPLITUDE_VARIATION,220.0,0.0,7.225468066021642,7.225468066021642,True,True,False
A01,A,A-RAMP,0.0,FOUR,LINE_SPECIFIC_AMPLITUDE_VARIATION,180.0,0.0,7.6304280371236,7.6304280371236,True,True,False
A01,A,A-RAMP,0.0,FOUR,LINE_SPECIFIC_AMPLITUDE_VARIATION,200.0,0.0,7.528861879221905,7.528861879221905,True,True,False
A01,A,A-RAMP,0.0,FOUR,LINE_SPECIFIC_AMPLITUDE_VARIATION,220.0,0.0,7.225468066021642,7.225468066021642,True,True,False
A01,A,A-RAMP,0.25,201,COMMON,180.0,0.25,6.32011833530625,6.07011833530625,True,True,False
A01,A,A-RAMP,0.25,201,COMMON,200.0,0.25,8.646660106876046,8.396660106876046,True,True,False
A01,A,A-RAMP,0.25,201,COMMON,220.0,0.25,5.661483148315756,5.411483148315756,True,True,False
A01,A,A-RAMP,0.25,235,COMMON,180.0,0.25,2.6984680486844956,2.4484680486844956,True,True,False
A01,A,A-RAMP,0.25,235,COMMON,200.0,0.25,6.021631226099225,5.771631226099225,True,True,False
A01,A,A-RAMP,0.25,235,COMMON,220.0,0.25,4.1671351058018615,3.9171351058018615,True,True,False
A01,A,A-RAMP,0.25,283,COMMON,180.0,0.25,2.6629907106407447,2.4129907106407447,True,True,False
A01,A,A-RAMP,0.25,283,COMMON,200.0,0.25,2.6783126297175364,2.4283126297175364,True,True,False
A01,A,A-RAMP,0.25,283,COMMON,220.0,0.25,3.0457825444215105,2.7957825444215105,True,True,False
A01,A,A-RAMP,0.25,338,COMMON,180.0,0.25,9.605269327553506,9.355269327553506,True,True,False
A01,A,A-RAMP,0.25,338,COMMON,200.0,0.25,6.118828586103549,5.868828586103549,True,True,False
A01,A,A-RAMP,0.25,338,COMMON,220.0,0.25,8.230463331452844,7.980463331452844,True,True,False
A01,A,A-RAMP,0.25,FOUR,COMMON_LINE_AMPLITUDE_VARIATION,180.0,0.25,7.652680964311971,7.402680964311971,True,True,False
A01,A,A-RAMP,0.25,FOUR,COMMON_LINE_AMPLITUDE_VARIATION,200.0,0.25,7.495445810461254,7.245445810461254,True,True,False
A01,A,A-RAMP,0.25,FOUR,COMMON_LINE_AMPLITUDE_VARIATION,220.0,0.25,7.1906422157036065,6.9406422157036065,True,True,False
A01,A,A-RAMP,0.25,FOUR,LINE_SPECIFIC_AMPLITUDE_VARIATION,180.0,0.25,7.652680964311971,7.402680964311971,True,True,False
A01,A,A-RAMP,0.25,FOUR,LINE_SPECIFIC_AMPLITUDE_VARIATION,200.0,0.25,7.495445810461254,7.245445810461254,True,True,False
A01,A,A-RAMP,0.25,FOUR,LINE_SPECIFIC_AMPLITUDE_VARIATION,220.0,0.25,7.1906422157036065,6.9406422157036065,True,True,False
A01,A,A-RAMP,0.5,201,COMMON,180.0,0.5,6.351595846360842,5.851595846360842,True,True,False
A01,A,A-RAMP,0.5,201,COMMON,200.0,0.5,8.669694632861976,8.169694632861976,True,True,False
A01,A,A-RAMP,0.5,201,COMMON,220.0,0.5,5.696601220192384,5.196601220192384,True,True,False
A01,A,A-RAMP,0.5,235,COMMON,180.0,0.5,2.7327114327304987,2.2327114327304987,True,True,False
A01,A,A-RAMP,0.5,235,COMMON,200.0,0.5,6.016509223843718,5.516509223843718,True,True,False
A01,A,A-RAMP,0.5,235,COMMON,220.0,0.5,4.159730232535468,3.659730232535468,True,True,False
A01,A,A-RAMP,0.5,283,COMMON,180.0,0.5,2.753812491386131,2.253812491386131,True,True,False
A01,A,A-RAMP,0.5,283,COMMON,200.0,0.5,2.7727910281185015,2.2727910281185015,True,True,False
A01,A,A-RAMP,0.5,283,COMMON,220.0,0.5,3.1255007631831035,2.6255007631831035,True,True,False
A01,A,A-RAMP,0.5,338,COMMON,180.0,0.5,9.579424927088537,9.079424927088537,True,True,False
A01,A,A-RAMP,0.5,338,COMMON,200.0,0.5,6.078177880335765,5.578177880335765,True,True,False
A01,A,A-RAMP,0.5,338,COMMON,220.0,0.5,8.200287173585743,7.7002871735857426,True,True,False
A01,A,A-RAMP,0.5,FOUR,COMMON_LINE_AMPLITUDE_VARIATION,180.0,0.5,7.62800581034802,7.12800581034802,True,True,False
A01,A,A-RAMP,0.5,FOUR,COMMON_LINE_AMPLITUDE_VARIATION,200.0,0.5,7.470251307601473,6.970251307601473,True,True,False
A01,A,A-RAMP,0.5,FOUR,COMMON_LINE_AMPLITUDE_VARIATION,220.0,0.5,7.164375909695082,6.664375909695082,True,True,False
A01,A,A-RAMP,0.5,FOUR,LINE_SPECIFIC_AMPLITUDE_VARIATION,180.0,0.5,7.62800581034802,7.12800581034802,True,True,False
A01,A,A-RAMP,0.5,FOUR,LINE_SPECIFIC_AMPLITUDE_VARIATION,200.0,0.5,7.470251307601473,6.970251307601473,True,True,False
A01,A,A-RAMP,0.5,FOUR,LINE_SPECIFIC_AMPLITUDE_VARIATION,220.0,0.5,7.164375909695082,6.664375909695082,True,True,False
A01,A,A-RAMP,1.0,201,COMMON,180.0,1.0,6.443253668914211,5.443253668914211,True,True,False
A01,A,A-RAMP,1.0,201,COMMON,200.0,1.0,8.737067761757595,7.737067761757595,True,True,False
A01,A,A-RAMP,1.0,201,COMMON,220.0,1.0,5.798621690398975,4.798621690398975,True,True,False
A01,A,A-RAMP,1.0,235,COMMON,180.0,1.0,2.8661255562493606,1.8661255562493606,True,True,False
A01,A,A-RAMP,1.0,235,COMMON,200.0,1.0,6.037388878937907,5.037388878937907,True,True,False
A01,A,A-RAMP,1.0,235,COMMON,220.0,1.0,4.1898731296300795,3.1898731296300795,True,True,False
A01,A,A-RAMP,1.0,283,COMMON,180.0,1.0,2.990386373568652,1.990386373568652,True,True,False
A01,A,A-RAMP,1.0,283,COMMON,200.0,1.0,3.015525355859977,2.015525355859977,True,True,False
A01,A,A-RAMP,1.0,283,COMMON,220.0,1.0,3.335818107476627,2.335818107476627,True,True,False
A01,A,A-RAMP,1.0,338,COMMON,180.0,1.0,9.547185349174658,8.547185349174658,True,True,False
A01,A,A-RAMP,1.0,338,COMMON,200.0,1.0,6.027239210681206,5.027239210681206,True,True,False
A01,A,A-RAMP,1.0,338,COMMON,220.0,1.0,8.162602274216532,7.162602274216532,True,True,False
A01,A,A-RAMP,1.0,FOUR,COMMON_LINE_AMPLITUDE_VARIATION,180.0,1.0,7.6031155485776925,6.6031155485776925,True,True,False
A01,A,A-RAMP,1.0,FOUR,COMMON_LINE_AMPLITUDE_VARIATION,200.0,1.0,7.444833644954213,6.444833644954213,True,True,False
A01,A,A-RAMP,1.0,FOUR,COMMON_LINE_AMPLITUDE_VARIATION,220.0,1.0,7.137869120244496,6.137869120244496,True,True,False
A01,A,A-RAMP,1.0,FOUR,LINE_SPECIFIC_AMPLITUDE_VARIATION,180.0,1.0,7.6031155485776925,6.6031155485776925,True,True,False
A01,A,A-RAMP,1.0,FOUR,LINE_SPECIFIC_AMPLITUDE_VARIATION,200.0,1.0,7.444833644954213,6.444833644954213,True,True,False
A01,A,A-RAMP,1.0,FOUR,LINE_SPECIFIC_AMPLITUDE_VARIATION,220.0,1.0,7.137869120244496,6.137869120244496,True,True,False
A01,A,A-RAMP,2.0,201,COMMON,180.0,2.0,6.735058569523555,4.735058569523555,True,True,False
A01,A,A-RAMP,2.0,201,COMMON,200.0,2.0,8.954431817065789,6.954431817065789,True,True,False
A01,A,A-RAMP,2.0,201,COMMON,220.0,2.0,6.121234320078077,4.121234320078077,True,True,False
A01,A,A-RAMP,2.0,235,COMMON,180.0,2.0,3.235450222432438,1.235450222432438,True,True,False
A01,A,A-RAMP,2.0,235,COMMON,200.0,2.0,6.201082723635951,4.201082723635951,True,True,False
A01,A,A-RAMP,2.0,235,COMMON,220.0,2.0,4.422487909791198,2.422487909791198,True,True,False
A01,A,A-RAMP,2.0,283,COMMON,180.0,2.0,3.6133980842302895,1.6133980842302895,True,True,False
A01,A,A-RAMP,2.0,283,COMMON,200.0,2.0,3.1376905396821804,1.1376905396821804,True,True,False
A01,A,A-RAMP,2.0,283,COMMON,220.0,2.0,3.9173380371357425,1.9173380371357425,True,True,False
A01,A,A-RAMP,2.0,338,COMMON,180.0,2.0,9.561144304267941,7.561144304267941,True,True,False
A01,A,A-RAMP,2.0,338,COMMON,200.0,2.0,6.049325980496758,4.049325980496758,True,True,False
A01,A,A-RAMP,2.0,338,COMMON,220.0,2.0,8.178924636074413,6.178924636074413,True,True,False
A01,A,A-RAMP,2.0,FOUR,COMMON_LINE_AMPLITUDE_VARIATION,180.0,2.0,7.651741818021914,5.651741818021914,True,True,False
A01,A,A-RAMP,2.0,FOUR,COMMON_LINE_AMPLITUDE_VARIATION,200.0,2.0,7.4944869608055,5.4944869608055,True,True,False
A01,A,A-RAMP,2.0,FOUR,COMMON_LINE_AMPLITUDE_VARIATION,220.0,2.0,7.189642715906082,5.189642715906082,True,True,False
A01,A,A-RAMP,2.0,FOUR,LINE_SPECIFIC_AMPLITUDE_VARIATION,180.0,2.0,7.651741818021914,5.651741818021914,True,True,False
A01,A,A-RAMP,2.0,FOUR,LINE_SPECIFIC_AMPLITUDE_VARIATION,200.0,2.0,7.4944869608055,5.4944869608055,True,True,False
A01,A,A-RAMP,2.0,FOUR,LINE_SPECIFIC_AMPLITUDE_VARIATION,220.0,2.0,7.189642715906082,5.189642715906082,True,True,False
A01,A,A-SINE,0.0,201,COMMON,180.0,0.0,6.298414224949022,6.298414224949022,True,True,False
A01,A,A-SINE,0.0,201,COMMON,200.0,0.0,8.6308085936723,8.6308085936723,True,True,False
A01,A,A-SINE,0.0,201,COMMON,220.0,0.0,5.637243778250966,5.637243778250966,True,True,False
A01,A,A-SINE,0.0,235,COMMON,180.0,0.0,2.687144924444203,2.687144924444203,True,True,False
A01,A,A-SINE,0.0,235,COMMON,200.0,0.0,6.037110401977917,6.037110401977917,True,True,False
A01,A,A-SINE,0.0,235,COMMON,220.0,0.0,4.18947184887821,4.18947184887821,True,True,False
A01,A,A-SINE,0.0,283,COMMON,180.0,0.0,2.593174851837706,2.593174851837706,True,True,False
A01,A,A-SINE,0.0,283,COMMON,200.0,0.0,2.6044859376457525,2.6044859376457525,True,True,False
A01,A,A-SINE,0.0,283,COMMON,220.0,0.0,2.984933432280757,2.984933432280757,True,True,False
A01,A,A-SINE,0.0,338,COMMON,180.0,0.0,9.637531622565769,9.637531622565769,True,True,False
A01,A,A-SINE,0.0,338,COMMON,200.0,0.0,6.169350061978404,6.169350061978404,True,True,False
A01,A,A-SINE,0.0,338,COMMON,220.0,0.0,8.268091894234416,8.268091894234416,True,True,False
A01,A,A-SINE,0.0,FOUR,COMMON_LINE_AMPLITUDE_VARIATION,180.0,0.0,7.6304280371236,7.6304280371236,True,True,False
A01,A,A-SINE,0.0,FOUR,COMMON_LINE_AMPLITUDE_VARIATION,200.0,0.0,7.528861879221905,7.528861879221905,True,True,False
A01,A,A-SINE,0.0,FOUR,COMMON_LINE_AMPLITUDE_VARIATION,220.0,0.0,7.225468066021642,7.225468066021642,True,True,False
A01,A,A-SINE,0.0,FOUR,LINE_SPECIFIC_AMPLITUDE_VARIATION,180.0,0.0,7.6304280371236,7.6304280371236,True,True,False
A01,A,A-SINE,0.0,FOUR,LINE_SPECIFIC_AMPLITUDE_VARIATION,200.0,0.0,7.528861879221905,7.528861879221905,True,True,False
A01,A,A-SINE,0.0,FOUR,LINE_SPECIFIC_AMPLITUDE_VARIATION,220.0,0.0,7.225468066021642,7.225468066021642,True,True,False
A01,A,A-SINE,0.25,201,COMMON,180.0,0.24999999999999994,6.312349847929734,6.062349847929734,True,True,False
A01,A,A-SINE,0.25,201,COMMON,200.0,0.25000000000000006,8.640983499245094,8.390983499245094,True,True,False
A01,A,A-SINE,0.25,201,COMMON,220.0,0.24999999999999994,5.652809590729866,5.402809590729866,True,True,False
A01,A,A-SINE,0.25,235,COMMON,180.0,0.25,2.697439756758532,2.447439756758532,True,True,False
A01,A,A-SINE,0.25,235,COMMON,200.0,0.24999999999999997,6.040608628794498,5.790608628794498,True,True,False
A01,A,A-SINE,0.25,235,COMMON,220.0,0.24999999999999994,4.194511291335331,3.9445112913353313,True,True,False
A01,A,A-SINE,0.25,283,COMMON,180.0,0.25,2.59807846767697,2.34807846767697,True,True,False
A01,A,A-SINE,0.25,283,COMMON,200.0,0.25,2.5162828835084894,2.2662828835084894,True,True,False
A01,A,A-SINE,0.25,283,COMMON,220.0,0.24999999999999994,2.989194457901758,2.739194457901758,True,True,False
A01,A,A-SINE,0.25,338,COMMON,180.0,0.25000000000000006,9.662756132215806,9.412756132215806,True,True,False
A01,A,A-SINE,0.25,338,COMMON,200.0,0.24999999999999994,6.208681058159771,5.958681058159771,True,True,False
A01,A,A-SINE,0.25,338,COMMON,220.0,0.25000000000000006,8.297480573416477,8.047480573416477,True,True,False
A01,A,A-SINE,0.25,FOUR,COMMON_LINE_AMPLITUDE_VARIATION,180.0,0.25,7.624395990430025,7.374395990430025,True,True,False
A01,A,A-SINE,0.25,FOUR,COMMON_LINE_AMPLITUDE_VARIATION,200.0,0.25,7.5615524532069776,7.3115524532069776,True,True,False
A01,A,A-SINE,0.25,FOUR,COMMON_LINE_AMPLITUDE_VARIATION,220.0,0.24999999999999997,7.2595249899217364,7.0095249899217364,True,True,False
A01,A,A-SINE,0.25,FOUR,LINE_SPECIFIC_AMPLITUDE_VARIATION,180.0,0.25,7.624395990430025,7.374395990430025,True,True,False
A01,A,A-SINE,0.25,FOUR,LINE_SPECIFIC_AMPLITUDE_VARIATION,200.0,0.25,7.5615524532069776,7.3115524532069776,True,True,False
A01,A,A-SINE,0.25,FOUR,LINE_SPECIFIC_AMPLITUDE_VARIATION,220.0,0.24999999999999997,7.2595249899217364,7.0095249899217364,True,True,False
A01,A,A-SINE,0.5,201,COMMON,180.0,0.5,6.336126534111898,5.836126534111898,True,True,False
A01,A,A-SINE,0.5,201,COMMON,200.0,0.4999999999999999,8.658367899774431,8.158367899774431,True,True,False
A01,A,A-SINE,0.5,201,COMMON,220.0,0.5,5.679348124799702,5.179348124799702,True,True,False
A01,A,A-SINE,0.5,235,COMMON,180.0,0.5,2.686496607716141,2.186496607716141,True,True,False
A01,A,A-SINE,0.5,235,COMMON,200.0,0.49999999999999994,6.054436654789868,5.554436654789868,True,True,False
A01,A,A-SINE,0.5,235,COMMON,220.0,0.5,4.214400974484531,3.7144009744845308,True,True,False
A01,A,A-SINE,0.5,283,COMMON,180.0,0.5,2.6268741188359064,2.1268741188359064,True,True,False
A01,A,A-SINE,0.5,283,COMMON,200.0,0.5,2.4505126198983587,1.9505126198983587,True,True,False
A01,A,A-SINE,0.5,283,COMMON,220.0,0.5,3.014256030789985,2.514256030789985,True,True,False
A01,A,A-SINE,0.5,338,COMMON,180.0,0.4999999999999999,9.694364154775348,9.194364154775348,True,True,False
A01,A,A-SINE,0.5,338,COMMON,200.0,0.5,6.257760044670211,5.757760044670211,True,True,False
A01,A,A-SINE,0.5,338,COMMON,220.0,0.4999999999999999,8.334268063899962,7.834268063899962,True,True,False
A01,A,A-SINE,0.5,FOUR,COMMON_LINE_AMPLITUDE_VARIATION,180.0,0.5,7.626558621557231,7.126558621557231,True,True,False
A01,A,A-SINE,0.5,FOUR,COMMON_LINE_AMPLITUDE_VARIATION,200.0,0.49999999999999994,7.602327920367559,7.102327920367559,True,True,False
A01,A,A-SINE,0.5,FOUR,COMMON_LINE_AMPLITUDE_VARIATION,220.0,0.5,7.301987221674511,6.801987221674511,True,True,False
A01,A,A-SINE,0.5,FOUR,LINE_SPECIFIC_AMPLITUDE_VARIATION,180.0,0.5,7.626558621557231,7.126558621557231,True,True,False
A01,A,A-SINE,0.5,FOUR,LINE_SPECIFIC_AMPLITUDE_VARIATION,200.0,0.49999999999999994,7.602327920367559,7.102327920367559,True,True,False
A01,A,A-SINE,0.5,FOUR,LINE_SPECIFIC_AMPLITUDE_VARIATION,220.0,0.5,7.301987221674511,6.801987221674511,True,True,False
A01,A,A-SINE,1.0,201,COMMON,180.0,1.0,6.412719950497879,5.412719950497879,True,True,False
A01,A,A-SINE,1.0,201,COMMON,200.0,1.0,8.714574711084929,7.7145747110849285,True,True,False
A01,A,A-SINE,1.0,201,COMMON,220.0,1.0,5.764674564093151,4.764674564093151,True,True,False
A01,A,A-SINE,1.0,235,COMMON,180.0,1.0,2.569919744350124,1.5699197443501238,True,True,False
A01,A,A-SINE,1.0,235,COMMON,200.0,1.0,6.112749332997083,5.112749332997083,True,True,False
A01,A,A-SINE,1.0,235,COMMON,220.0,1.0,4.297752526022097,3.297752526022097,True,True,False
A01,A,A-SINE,1.0,283,COMMON,180.0,1.0,2.7525223814196917,1.7525223814196917,True,True,False
A01,A,A-SINE,1.0,283,COMMON,200.0,1.0,2.3930476805044565,1.3930476805044565,True,True,False
A01,A,A-SINE,1.0,283,COMMON,220.0,1.0,3.124364134213585,2.124364134213585,True,True,False
A01,A,A-SINE,1.0,338,COMMON,180.0,1.0,9.776470577607807,8.776470577607807,True,True,False
A01,A,A-SINE,1.0,338,COMMON,200.0,1.0,6.38421814838034,5.38421814838034,True,True,False
A01,A,A-SINE,1.0,338,COMMON,220.0,1.0,8.429632539463437,7.429632539463437,True,True,False
A01,A,A-SINE,1.0,FOUR,COMMON_LINE_AMPLITUDE_VARIATION,180.0,1.0,7.655413822020068,6.655413822020068,True,True,False
A01,A,A-SINE,1.0,FOUR,COMMON_LINE_AMPLITUDE_VARIATION,200.0,1.0,7.707594853208065,6.707594853208065,True,True,False
A01,A,A-SINE,1.0,FOUR,COMMON_LINE_AMPLITUDE_VARIATION,220.0,1.0,7.411521166258461,6.411521166258461,True,True,False
A01,A,A-SINE,1.0,FOUR,LINE_SPECIFIC_AMPLITUDE_VARIATION,180.0,1.0,7.655413822020068,6.655413822020068,True,True,False
A01,A,A-SINE,1.0,FOUR,LINE_SPECIFIC_AMPLITUDE_VARIATION,200.0,1.0,7.707594853208065,6.707594853208065,True,True,False
A01,A,A-SINE,1.0,FOUR,LINE_SPECIFIC_AMPLITUDE_VARIATION,220.0,1.0,7.411521166258461,6.411521166258461,True,True,False
A01,A,A-SINE,2.0,201,COMMON,180.0,2.0,6.676520993600398,4.676520993600398,True,True,False
A01,A,A-SINE,2.0,201,COMMON,200.0,2.0,8.910486395789755,6.910486395789755,True,True,False
A01,A,A-SINE,2.0,201,COMMON,220.0,2.0,6.056767144638787,4.056767144638787,True,True,False
A01,A,A-SINE,2.0,235,COMMON,180.0,2.0,2.6227722796043795,0.6227722796043795,True,True,False
A01,A,A-SINE,2.0,235,COMMON,200.0,2.0,6.347023460681596,4.347023460681596,True,True,False
A01,A,A-SINE,2.0,235,COMMON,220.0,2.0,4.62489774776866,2.62489774776866,True,True,False
A01,A,A-SINE,2.0,283,COMMON,180.0,2.0,3.2292728451199593,1.2292728451199593,True,True,False
A01,A,A-SINE,2.0,283,COMMON,200.0,2.0,2.5826357472437027,0.5826357472437027,True,True,False
A01,A,A-SINE,2.0,283,COMMON,220.0,2.0,3.5515454229353494,1.5515454229353494,True,True,False
A01,A,A-SINE,2.0,338,COMMON,180.0,2.0,10.013827346909228,8.013827346909228,True,True,False
A01,A,A-SINE,2.0,338,COMMON,200.0,2.0,6.7420770201018065,4.7420770201018065,True,True,False
A01,A,A-SINE,2.0,338,COMMON,220.0,2.0,8.703796064319105,6.703796064319105,True,True,False
A01,A,A-SINE,2.0,FOUR,COMMON_LINE_AMPLITUDE_VARIATION,180.0,2.0,7.809435929888271,5.809435929888271,True,True,False
A01,A,A-SINE,2.0,FOUR,COMMON_LINE_AMPLITUDE_VARIATION,200.0,2.0,8.00813808859451,6.00813808859451,True,True,False
A01,A,A-SINE,2.0,FOUR,COMMON_LINE_AMPLITUDE_VARIATION,220.0,2.0,7.723593931758444,5.723593931758444,True,True,False
A01,A,A-SINE,2.0,FOUR,LINE_SPECIFIC_AMPLITUDE_VARIATION,180.0,2.0,7.809435929888271,5.809435929888271,True,True,False
A01,A,A-SINE,2.0,FOUR,LINE_SPECIFIC_AMPLITUDE_VARIATION,200.0,2.0,8.00813808859451,6.00813808859451,True,True,False
A01,A,A-SINE,2.0,FOUR,LINE_SPECIFIC_AMPLITUDE_VARIATION,220.0,2.0,7.723593931758444,5.723593931758444,True,True,False
A02,A,A-RAMP,0.0,201,COMMON,180.0,0.0,6.522098093787661,6.522098093787661,True,True,False
A02,A,A-RAMP,0.0,201,COMMON,200.0,0.0,8.867500712615362,8.867500712615362,True,True,False
A02,A,A-RAMP,0.0,201,COMMON,220.0,0.0,5.8535963208141135,5.8535963208141135,True,True,False
A02,A,A-RAMP,0.0,235,COMMON,180.0,0.0,2.7773358676665265,2.7773358676665265,True,True,False
A02,A,A-RAMP,0.0,235,COMMON,200.0,0.0,6.396602028063141,6.396602028063141,True,True,False
A02,A,A-RAMP,0.0,235,COMMON,220.0,0.0,4.500402511319204,4.500402511319204,True,True,False
A02,A,A-RAMP,0.0,283,COMMON,180.0,0.0,3.7648980216787997,3.7648980216787997,True,True,False
A02,A,A-RAMP,0.0,283,COMMON,200.0,0.0,2.768577167632464,2.768577167632464,True,True,False
A02,A,A-RAMP,0.0,283,COMMON,220.0,0.0,4.187712664754511,4.187712664754511,True,True,False
A02,A,A-RAMP,0.0,338,COMMON,180.0,0.0,10.233547819312504,10.233547819312504,True,True,False
A02,A,A-RAMP,0.0,338,COMMON,200.0,0.0,6.6685746595730135,6.6685746595730135,True,True,False
A02,A,A-RAMP,0.0,338,COMMON,220.0,0.0,8.842480369097649,8.842480369097649,True,True,False
A02,A,A-RAMP,0.0,FOUR,COMMON_LINE_AMPLITUDE_VARIATION,180.0,0.0,7.648727293462629,7.648727293462629,True,True,False
A02,A,A-RAMP,0.0,FOUR,COMMON_LINE_AMPLITUDE_VARIATION,200.0,0.0,7.721035955357969,7.721035955357969,True,True,False
A02,A,A-RAMP,0.0,FOUR,COMMON_LINE_AMPLITUDE_VARIATION,220.0,0.0,7.230565420543872,7.230565420543872,True,True,False
A02,A,A-RAMP,0.0,FOUR,LINE_SPECIFIC_AMPLITUDE_VARIATION,180.0,0.0,7.648727293462629,7.648727293462629,True,True,False
A02,A,A-RAMP,0.0,FOUR,LINE_SPECIFIC_AMPLITUDE_VARIATION,200.0,0.0,7.721035955357969,7.721035955357969,True,True,False
A02,A,A-RAMP,0.0,FOUR,LINE_SPECIFIC_AMPLITUDE_VARIATION,220.0,0.0,7.230565420543872,7.230565420543872,True,True,False
A02,A,A-RAMP,0.25,201,COMMON,180.0,0.25,6.549745077271686,6.299745077271686,True,True,False
A02,A,A-RAMP,0.25,201,COMMON,200.0,0.25,8.887854967341106,8.637854967341106,True,True,False
A02,A,A-RAMP,0.25,201,COMMON,220.0,0.25,5.88438500773909,5.63438500773909,True,True,False
A02,A,A-RAMP,0.25,235,COMMON,180.0,0.25,2.813307522912949,2.563307522912949,True,True,False
A02,A,A-RAMP,0.25,235,COMMON,200.0,0.25,6.412302410372822,6.162302410372822,True,True,False
A02,A,A-RAMP,0.25,235,COMMON,220.0,0.25,4.5226902901414565,4.2726902901414565,True,True,False
A02,A,A-RAMP,0.25,283,COMMON,180.0,0.25,3.8677782734993245,3.6177782734993245,True,True,False
A02,A,A-RAMP,0.25,283,COMMON,200.0,0.25,2.8206940279951307,2.5706940279951307,True,True,False
A02,A,A-RAMP,0.25,283,COMMON,220.0,0.25,4.280442619853442,4.030442619853442,True,True,False
A02,A,A-RAMP,0.25,338,COMMON,180.0,0.25,10.177551765940551,9.927551765940551,True,True,False
A02,A,A-RAMP,0.25,338,COMMON,200.0,0.25,6.660490336733855,6.410490336733855,True,True,False
A02,A,A-RAMP,0.25,338,COMMON,220.0,0.25,8.836385155328111,8.586385155328111,True,True,False
A02,A,A-RAMP,0.25,FOUR,COMMON_LINE_AMPLITUDE_VARIATION,180.0,0.25,7.632547305434181,7.382547305434181,True,True,False
A02,A,A-RAMP,0.25,FOUR,COMMON_LINE_AMPLITUDE_VARIATION,200.0,0.25,7.705007812057101,7.455007812057101,True,True,False
A02,A,A-RAMP,0.25,FOUR,COMMON_LINE_AMPLITUDE_VARIATION,220.0,0.25,7.213447543352291,6.963447543352291,True,True,False
A02,A,A-RAMP,0.25,FOUR,LINE_SPECIFIC_AMPLITUDE_VARIATION,180.0,0.25,7.632547305434181,7.382547305434181,True,True,False
A02,A,A-RAMP,0.25,FOUR,LINE_SPECIFIC_AMPLITUDE_VARIATION,200.0,0.25,7.705007812057101,7.455007812057101,True,True,False
A02,A,A-RAMP,0.25,FOUR,LINE_SPECIFIC_AMPLITUDE_VARIATION,220.0,0.25,7.213447543352291,6.963447543352291,True,True,False
A02,A,A-RAMP,0.5,201,COMMON,180.0,0.5,6.586771410144785,6.086771410144785,True,True,False
A02,A,A-RAMP,0.5,201,COMMON,200.0,0.5,8.915175991125807,8.415175991125807,True,True,False
A02,A,A-RAMP,0.5,201,COMMON,220.0,0.5,5.925570348207892,5.425570348207892,True,True,False
A02,A,A-RAMP,0.5,235,COMMON,180.0,0.5,2.8706800440192226,2.3706800440192226,True,True,False
A02,A,A-RAMP,0.5,235,COMMON,200.0,0.5,6.4376802420378665,5.9376802420378665,True,True,False
A02,A,A-RAMP,0.5,235,COMMON,220.0,0.5,4.558599802262908,4.058599802262908,True,True,False
A02,A,A-RAMP,0.5,283,COMMON,180.0,0.5,3.9837118912222915,3.4837118912222915,True,True,False
A02,A,A-RAMP,0.5,283,COMMON,200.0,0.5,2.8935462785307227,2.3935462785307227,True,True,False
A02,A,A-RAMP,0.5,283,COMMON,220.0,0.5,4.385480667061511,3.885480667061511,True,True,False
A02,A,A-RAMP,0.5,338,COMMON,180.0,0.5,10.124536609891246,9.624536609891246,True,True,False
A02,A,A-RAMP,0.5,338,COMMON,200.0,0.5,6.661784675381724,6.161784675381724,True,True,False
A02,A,A-RAMP,0.5,338,COMMON,220.0,0.5,8.811947801002743,8.311947801002743,True,True,False
A02,A,A-RAMP,0.5,FOUR,COMMON_LINE_AMPLITUDE_VARIATION,180.0,0.5,7.624534577901852,7.124534577901852,True,True,False
A02,A,A-RAMP,0.5,FOUR,COMMON_LINE_AMPLITUDE_VARIATION,200.0,0.5,7.697070517007842,7.197070517007842,True,True,False
A02,A,A-RAMP,0.5,FOUR,COMMON_LINE_AMPLITUDE_VARIATION,220.0,0.5,7.204968745291377,6.704968745291377,True,True,False
A02,A,A-RAMP,0.5,FOUR,LINE_SPECIFIC_AMPLITUDE_VARIATION,180.0,0.5,7.624534577901852,7.124534577901852,True,True,False
A02,A,A-RAMP,0.5,FOUR,LINE_SPECIFIC_AMPLITUDE_VARIATION,200.0,0.5,7.697070517007842,7.197070517007842,True,True,False
A02,A,A-RAMP,0.5,FOUR,LINE_SPECIFIC_AMPLITUDE_VARIATION,220.0,0.5,7.204968745291377,6.704968745291377,True,True,False
A02,A,A-RAMP,1.0,201,COMMON,180.0,1.0,6.688299610066282,5.688299610066282,True,True,False
A02,A,A-RAMP,1.0,201,COMMON,200.0,1.0,8.990448098802311,7.990448098802311,True,True,False
A02,A,A-RAMP,1.0,201,COMMON,220.0,1.0,6.038226396556582,5.038226396556582,True,True,False
A02,A,A-RAMP,1.0,235,COMMON,180.0,1.0,2.791313950826489,1.7913139508264888,True,True,False
A02,A,A-RAMP,1.0,235,COMMON,200.0,1.0,6.516972939335251,5.516972939335251,True,True,False
A02,A,A-RAMP,1.0,235,COMMON,220.0,1.0,4.669908088013581,3.669908088013581,True,True,False
A02,A,A-RAMP,1.0,283,COMMON,180.0,1.0,4.250348662273582,3.2503486622735824,True,True,False
A02,A,A-RAMP,1.0,283,COMMON,200.0,1.0,3.095189913214081,2.095189913214081,True,True,False
A02,A,A-RAMP,1.0,283,COMMON,220.0,1.0,4.629032728313251,3.629032728313251,True,True,False
A02,A,A-RAMP,1.0,338,COMMON,180.0,1.0,10.036364122444194,9.036364122444194,True,True,False
A02,A,A-RAMP,1.0,338,COMMON,200.0,1.0,6.692448141898614,5.692448141898614,True,True,False
A02,A,A-RAMP,1.0,338,COMMON,220.0,1.0,8.710498681525301,7.710498681525301,True,True,False
A02,A,A-RAMP,1.0,FOUR,COMMON_LINE_AMPLITUDE_VARIATION,180.0,1.0,7.633087569881653,6.633087569881653,True,True,False
A02,A,A-RAMP,1.0,FOUR,COMMON_LINE_AMPLITUDE_VARIATION,200.0,1.0,7.705542996029038,6.705542996029038,True,True,False
A02,A,A-RAMP,1.0,FOUR,COMMON_LINE_AMPLITUDE_VARIATION,220.0,1.0,7.214019194629746,6.214019194629746,True,True,False
A02,A,A-RAMP,1.0,FOUR,LINE_SPECIFIC_AMPLITUDE_VARIATION,180.0,1.0,7.633087569881653,6.633087569881653,True,True,False
A02,A,A-RAMP,1.0,FOUR,LINE_SPECIFIC_AMPLITUDE_VARIATION,200.0,1.0,7.705542996029038,6.705542996029038,True,True,False
A02,A,A-RAMP,1.0,FOUR,LINE_SPECIFIC_AMPLITUDE_VARIATION,220.0,1.0,7.214019194629746,6.214019194629746,True,True,False
A02,A,A-RAMP,2.0,201,COMMON,180.0,2.0,6.994922430094341,4.994922430094341,True,True,False
A02,A,A-RAMP,2.0,201,COMMON,200.0,2.0,9.220832128733406,7.220832128733406,True,True,False
A02,A,A-RAMP,2.0,201,COMMON,220.0,2.0,6.376187430204418,4.376187430204418,True,True,False
A02,A,A-RAMP,2.0,235,COMMON,180.0,2.0,2.746204459047566,0.7462044590475658,True,True,False
A02,A,A-RAMP,2.0,235,COMMON,200.0,2.0,6.784198926817698,4.784198926817698,True,True,False
A02,A,A-RAMP,2.0,235,COMMON,220.0,2.0,5.03611560005339,3.0361156000533898,True,True,False
A02,A,A-RAMP,2.0,283,COMMON,180.0,2.0,4.609265622931523,2.609265622931523,True,True,False
A02,A,A-RAMP,2.0,283,COMMON,200.0,2.0,3.3727389228853006,1.3727389228853006,True,True,False
A02,A,A-RAMP,2.0,283,COMMON,220.0,2.0,5.021149855724173,3.0211498557241727,True,True,False
A02,A,A-RAMP,2.0,338,COMMON,180.0,2.0,9.93344508540712,7.93344508540712,True,True,False
A02,A,A-RAMP,2.0,338,COMMON,200.0,2.0,6.555588282187791,4.555588282187791,True,True,False
A02,A,A-RAMP,2.0,338,COMMON,220.0,2.0,8.591711921809752,6.591711921809752,True,True,False
A02,A,A-RAMP,2.0,FOUR,COMMON_LINE_AMPLITUDE_VARIATION,180.0,2.0,7.747581718781894,5.747581718781894,True,True,False
A02,A,A-RAMP,2.0,FOUR,COMMON_LINE_AMPLITUDE_VARIATION,200.0,2.0,7.818976243944842,5.818976243944842,True,True,False
A02,A,A-RAMP,2.0,FOUR,COMMON_LINE_AMPLITUDE_VARIATION,220.0,2.0,7.335057571703716,5.335057571703716,True,True,False
A02,A,A-RAMP,2.0,FOUR,LINE_SPECIFIC_AMPLITUDE_VARIATION,180.0,2.0,7.747581718781894,5.747581718781894,True,True,False
A02,A,A-RAMP,2.0,FOUR,LINE_SPECIFIC_AMPLITUDE_VARIATION,200.0,2.0,7.818976243944842,5.818976243944842,True,True,False
A02,A,A-RAMP,2.0,FOUR,LINE_SPECIFIC_AMPLITUDE_VARIATION,220.0,2.0,7.335057571703716,5.335057571703716,True,True,False
A02,A,A-SINE,0.0,201,COMMON,180.0,0.0,6.522098093787661,6.522098093787661,True,True,False
A02,A,A-SINE,0.0,201,COMMON,200.0,0.0,8.867500712615362,8.867500712615362,True,True,False
A02,A,A-SINE,0.0,201,COMMON,220.0,0.0,5.8535963208141135,5.8535963208141135,True,True,False
A02,A,A-SINE,0.0,235,COMMON,180.0,0.0,2.7773358676665265,2.7773358676665265,True,True,False
A02,A,A-SINE,0.0,235,COMMON,200.0,0.0,6.396602028063141,6.396602028063141,True,True,False
A02,A,A-SINE,0.0,235,COMMON,220.0,0.0,4.500402511319204,4.500402511319204,True,True,False
A02,A,A-SINE,0.0,283,COMMON,180.0,0.0,3.7648980216787997,3.7648980216787997,True,True,False
A02,A,A-SINE,0.0,283,COMMON,200.0,0.0,2.768577167632464,2.768577167632464,True,True,False
A02,A,A-SINE,0.0,283,COMMON,220.0,0.0,4.187712664754511,4.187712664754511,True,True,False
A02,A,A-SINE,0.0,338,COMMON,180.0,0.0,10.233547819312504,10.233547819312504,True,True,False
A02,A,A-SINE,0.0,338,COMMON,200.0,0.0,6.6685746595730135,6.6685746595730135,True,True,False
A02,A,A-SINE,0.0,338,COMMON,220.0,0.0,8.842480369097649,8.842480369097649,True,True,False
A02,A,A-SINE,0.0,FOUR,COMMON_LINE_AMPLITUDE_VARIATION,180.0,0.0,7.648727293462629,7.648727293462629,True,True,False
A02,A,A-SINE,0.0,FOUR,COMMON_LINE_AMPLITUDE_VARIATION,200.0,0.0,7.721035955357969,7.721035955357969,True,True,False
A02,A,A-SINE,0.0,FOUR,COMMON_LINE_AMPLITUDE_VARIATION,220.0,0.0,7.230565420543872,7.230565420543872,True,True,False
A02,A,A-SINE,0.0,FOUR,LINE_SPECIFIC_AMPLITUDE_VARIATION,180.0,0.0,7.648727293462629,7.648727293462629,True,True,False
A02,A,A-SINE,0.0,FOUR,LINE_SPECIFIC_AMPLITUDE_VARIATION,200.0,0.0,7.721035955357969,7.721035955357969,True,True,False
A02,A,A-SINE,0.0,FOUR,LINE_SPECIFIC_AMPLITUDE_VARIATION,220.0,0.0,7.230565420543872,7.230565420543872,True,True,False
A02,A,A-SINE,0.25,201,COMMON,180.0,0.25,6.5095986330961715,6.2595986330961715,True,True,False
A02,A,A-SINE,0.25,201,COMMON,200.0,0.25000000000000006,8.858311334969711,8.608311334969711,True,True,False
A02,A,A-SINE,0.25,201,COMMON,220.0,0.25,5.8396661467987565,5.5896661467987565,True,True,False
A02,A,A-SINE,0.25,235,COMMON,180.0,0.25,2.753009533556726,2.503009533556726,True,True,False
A02,A,A-SINE,0.25,235,COMMON,200.0,0.25,6.386077393474709,6.136077393474709,True,True,False
A02,A,A-SINE,0.25,235,COMMON,220.0,0.25,4.485430830356816,4.235430830356816,True,True,False
A02,A,A-SINE,0.25,283,COMMON,180.0,0.25,3.660432806568886,3.410432806568886,True,True,False
A02,A,A-SINE,0.25,283,COMMON,200.0,0.25,2.7517274150477284,2.5017274150477284,True,True,False
A02,A,A-SINE,0.25,283,COMMON,220.0,0.25,4.094050388101026,3.844050388101026,True,True,False
A02,A,A-SINE,0.25,338,COMMON,180.0,0.25000000000000006,10.201204250066752,9.951204250066752,True,True,False
A02,A,A-SINE,0.25,338,COMMON,200.0,0.25,6.677335663755895,6.427335663755895,True,True,False
A02,A,A-SINE,0.25,338,COMMON,220.0,0.25000000000000006,8.82320581579504,8.57320581579504,True,True,False
A02,A,A-SINE,0.25,FOUR,COMMON_LINE_AMPLITUDE_VARIATION,180.0,0.25,7.668092511428385,7.418092511428385,True,True,False
A02,A,A-SINE,0.25,FOUR,COMMON_LINE_AMPLITUDE_VARIATION,200.0,0.25,7.740220266762081,7.490220266762081,True,True,False
A02,A,A-SINE,0.25,FOUR,COMMON_LINE_AMPLITUDE_VARIATION,220.0,0.25,7.251047500522162,7.001047500522162,True,True,False
A02,A,A-SINE,0.25,FOUR,LINE_SPECIFIC_AMPLITUDE_VARIATION,180.0,0.25,7.668092511428385,7.418092511428385,True,True,False
A02,A,A-SINE,0.25,FOUR,LINE_SPECIFIC_AMPLITUDE_VARIATION,200.0,0.25,7.740220266762081,7.490220266762081,True,True,False
A02,A,A-SINE,0.25,FOUR,LINE_SPECIFIC_AMPLITUDE_VARIATION,220.0,0.25,7.251047500522162,7.001047500522162,True,True,False
A02,A,A-SINE,0.5,201,COMMON,180.0,0.5,6.506687727486732,6.006687727486732,True,True,False
A02,A,A-SINE,0.5,201,COMMON,200.0,0.5,8.85617245350788,8.35617245350788,True,True,False
A02,A,A-SINE,0.5,201,COMMON,220.0,0.5,5.836421123007346,5.336421123007346,True,True,False
A02,A,A-SINE,0.5,235,COMMON,180.0,0.5,2.7512776053829007,2.2512776053829007,True,True,False
A02,A,A-SINE,0.5,235,COMMON,200.0,0.5,6.385330958178751,5.885330958178751,True,True,False
A02,A,A-SINE,0.5,235,COMMON,220.0,0.5,4.484368038413293,3.984368038413293,True,True,False
A02,A,A-SINE,0.5,283,COMMON,180.0,0.5,3.570445287239479,3.070445287239479,True,True,False
A02,A,A-SINE,0.5,283,COMMON,200.0,0.5,2.7575329554358383,2.2575329554358383,True,True,False
A02,A,A-SINE,0.5,283,COMMON,220.0,0.5,4.013796182926457,3.5137961829264572,True,True,False
A02,A,A-SINE,0.5,338,COMMON,180.0,0.5,10.1749022271963,9.6749022271963,True,True,False
A02,A,A-SINE,0.5,338,COMMON,200.0,0.5,6.653944446077863,6.153944446077863,True,True,False
A02,A,A-SINE,0.5,338,COMMON,220.0,0.5,8.792782725013947,8.292782725013947,True,True,False
A02,A,A-SINE,0.5,FOUR,COMMON_LINE_AMPLITUDE_VARIATION,180.0,0.5,7.695534829879465,7.195534829879465,True,True,False
A02,A,A-SINE,0.5,FOUR,COMMON_LINE_AMPLITUDE_VARIATION,200.0,0.5,7.767407761412963,7.267407761412963,True,True,False
A02,A,A-SINE,0.5,FOUR,COMMON_LINE_AMPLITUDE_VARIATION,220.0,0.5,7.28006204704964,6.78006204704964,True,True,False
A02,A,A-SINE,0.5,FOUR,LINE_SPECIFIC_AMPLITUDE_VARIATION,180.0,0.5,7.695534829879465,7.195534829879465,True,True,False
A02,A,A-SINE,0.5,FOUR,LINE_SPECIFIC_AMPLITUDE_VARIATION,200.0,0.5,7.767407761412963,7.267407761412963,True,True,False
A02,A,A-SINE,0.5,FOUR,LINE_SPECIFIC_AMPLITUDE_VARIATION,220.0,0.5,7.28006204704964,6.78006204704964,True,True,False
A02,A,A-SINE,1.0,201,COMMON,180.0,1.0,6.529640634909723,5.529640634909723,True,True,False
A02,A,A-SINE,1.0,201,COMMON,200.0,1.0,8.87304976681127,7.8730497668112704,True,True,False
A02,A,A-SINE,1.0,201,COMMON,220.0,1.0,5.8619990756672875,4.8619990756672875,True,True,False
A02,A,A-SINE,1.0,235,COMMON,180.0,1.0,2.8152197786204822,1.8152197786204822,True,True,False
A02,A,A-SINE,1.0,235,COMMON,200.0,1.0,6.413141615895478,5.413141615895478,True,True,False
A02,A,A-SINE,1.0,235,COMMON,220.0,1.0,4.523880043060069,3.5238800430600694,True,True,False
A02,A,A-SINE,1.0,283,COMMON,180.0,1.0,3.4382702023983334,2.4382702023983334,True,True,False
A02,A,A-SINE,1.0,283,COMMON,200.0,1.0,2.836010660680531,1.836010660680531,True,True,False
A02,A,A-SINE,1.0,283,COMMON,220.0,1.0,3.896688624153162,2.896688624153162,True,True,False
A02,A,A-SINE,1.0,338,COMMON,180.0,1.0,10.140600065866554,9.140600065866554,True,True,False
A02,A,A-SINE,1.0,338,COMMON,200.0,1.0,6.60137190698562,5.60137190698562,True,True,False
A02,A,A-SINE,1.0,338,COMMON,220.0,1.0,8.75306588642815,7.75306588642815,True,True,False
A02,A,A-SINE,1.0,FOUR,COMMON_LINE_AMPLITUDE_VARIATION,180.0,1.0,7.774283467047993,6.774283467047993,True,True,False
A02,A,A-SINE,1.0,FOUR,COMMON_LINE_AMPLITUDE_VARIATION,200.0,1.0,7.845435006434387,6.845435006434387,True,True,False
A02,A,A-SINE,1.0,FOUR,COMMON_LINE_AMPLITUDE_VARIATION,220.0,1.0,7.3632554292935115,6.3632554292935115,True,True,False
A02,A,A-SINE,1.0,FOUR,LINE_SPECIFIC_AMPLITUDE_VARIATION,180.0,1.0,7.774283467047993,6.774283467047993,True,True,False
A02,A,A-SINE,1.0,FOUR,LINE_SPECIFIC_AMPLITUDE_VARIATION,200.0,1.0,7.845435006434387,6.845435006434387,True,True,False
A02,A,A-SINE,1.0,FOUR,LINE_SPECIFIC_AMPLITUDE_VARIATION,220.0,1.0,7.3632554292935115,6.3632554292935115,True,True,False
A02,A,A-SINE,2.0,201,COMMON,180.0,2.0,6.688396676120506,4.688396676120506,True,True,False
A02,A,A-SINE,2.0,201,COMMON,200.0,2.0,8.990520309769904,6.990520309769904,True,True,False
A02,A,A-SINE,2.0,201,COMMON,220.0,2.0,6.038333912529162,4.038333912529162,True,True,False
A02,A,A-SINE,2.0,235,COMMON,180.0,2.0,2.9158337847732585,0.9158337847732585,True,True,False
A02,A,A-SINE,2.0,235,COMMON,200.0,2.0,6.583331471651677,4.583331471651677,True,True,False
A02,A,A-SINE,2.0,235,COMMON,220.0,2.0,4.7620750229397,2.7620750229397,True,True,False
A02,A,A-SINE,2.0,283,COMMON,180.0,2.0,3.386583360225999,1.3865833602259992,True,True,False
A02,A,A-SINE,2.0,283,COMMON,200.0,2.0,3.1990190597103787,1.1990190597103787,True,True,False
A02,A,A-SINE,2.0,283,COMMON,220.0,2.0,3.851159189732879,1.8511591897328792,True,True,False
A02,A,A-SINE,2.0,338,COMMON,180.0,2.0,10.145838477994305,8.145838477994305,True,True,False
A02,A,A-SINE,2.0,338,COMMON,200.0,2.0,6.609415993870867,4.609415993870867,True,True,False
A02,A,A-SINE,2.0,338,COMMON,220.0,2.0,8.759134154575397,6.759134154575397,True,True,False
A02,A,A-SINE,2.0,FOUR,COMMON_LINE_AMPLITUDE_VARIATION,180.0,2.0,8.023461699433192,6.0234616994331915,True,True,False
A02,A,A-SINE,2.0,FOUR,COMMON_LINE_AMPLITUDE_VARIATION,200.0,2.0,8.092422669166616,6.092422669166616,True,True,False
A02,A,A-SINE,2.0,FOUR,COMMON_LINE_AMPLITUDE_VARIATION,220.0,2.0,7.625875997764189,5.625875997764189,True,True,False
A02,A,A-SINE,2.0,FOUR,LINE_SPECIFIC_AMPLITUDE_VARIATION,180.0,2.0,8.023461699433192,6.0234616994331915,True,True,False
A02,A,A-SINE,2.0,FOUR,LINE_SPECIFIC_AMPLITUDE_VARIATION,200.0,2.0,8.092422669166616,6.092422669166616,True,True,False
A02,A,A-SINE,2.0,FOUR,LINE_SPECIFIC_AMPLITUDE_VARIATION,220.0,2.0,7.625875997764189,5.625875997764189,True,True,False
A03,A,A-RAMP,0.0,201,COMMON,180.0,0.0,4.282816154434994,4.282816154434994,True,True,False
A03,A,A-RAMP,0.0,201,COMMON,200.0,0.0,6.795647491762226,6.795647491762226,True,True,False
A03,A,A-RAMP,0.0,201,COMMON,220.0,0.0,3.5415967892909235,3.5415967892909235,True,True,False
A03,A,A-RAMP,0.0,235,COMMON,180.0,0.0,1.5253240657747371,1.5253240657747371,True,True,False
A03,A,A-RAMP,0.0,235,COMMON,200.0,0.0,3.909944515899218,3.909944515899218,True,True,False
A03,A,A-RAMP,0.0,235,COMMON,220.0,0.0,1.7439183134682796,1.7439183134682796,True,True,False
A03,A,A-RAMP,0.0,283,COMMON,180.0,0.0,1.5734687590335563,1.5734687590335563,True,True,False
A03,A,A-RAMP,0.0,283,COMMON,200.0,0.0,1.4348219817138306,1.4348219817138306,True,True,False
A03,A,A-RAMP,0.0,283,COMMON,220.0,0.0,1.9537572416340496,1.9537572416340496,True,True,False
A03,A,A-RAMP,0.0,338,COMMON,180.0,0.0,7.234911331764421,7.234911331764421,True,True,False
A03,A,A-RAMP,0.0,338,COMMON,200.0,0.0,3.49440778631282,3.49440778631282,True,True,False
A03,A,A-RAMP,0.0,338,COMMON,220.0,0.0,5.782714479923021,5.782714479923021,True,True,False
A03,A,A-RAMP,0.0,FOUR,COMMON_LINE_AMPLITUDE_VARIATION,180.0,0.0,6.3512212479549985,6.3512212479549985,True,True,False
A03,A,A-RAMP,0.0,FOUR,COMMON_LINE_AMPLITUDE_VARIATION,200.0,0.0,6.8714658644853515,6.8714658644853515,True,True,False
A03,A,A-RAMP,0.0,FOUR,COMMON_LINE_AMPLITUDE_VARIATION,220.0,0.0,6.141790052000916,6.141790052000916,True,True,False
A03,A,A-RAMP,0.0,FOUR,LINE_SPECIFIC_AMPLITUDE_VARIATION,180.0,0.0,6.3512212479549985,6.3512212479549985,True,True,False
A03,A,A-RAMP,0.0,FOUR,LINE_SPECIFIC_AMPLITUDE_VARIATION,200.0,0.0,6.8714658644853515,6.8714658644853515,True,True,False
A03,A,A-RAMP,0.0,FOUR,LINE_SPECIFIC_AMPLITUDE_VARIATION,220.0,0.0,6.141790052000916,6.141790052000916,True,True,False
A03,A,A-RAMP,0.25,201,COMMON,180.0,0.25,4.241081488114979,3.991081488114979,True,True,False
A03,A,A-RAMP,0.25,201,COMMON,200.0,0.25,6.769422634792162,6.519422634792162,True,True,False
A03,A,A-RAMP,0.25,201,COMMON,220.0,0.25,3.491012144644873,3.241012144644873,True,True,False
A03,A,A-RAMP,0.25,235,COMMON,180.0,0.25,1.41391915701598,1.16391915701598,True,True,False
A03,A,A-RAMP,0.25,235,COMMON,200.0,0.25,3.9064205535577194,3.6564205535577194,True,True,False
A03,A,A-RAMP,0.25,235,COMMON,220.0,0.25,1.7360030264656447,1.4860030264656447,True,True,False
A03,A,A-RAMP,0.25,283,COMMON,180.0,0.25,1.5378314661360746,1.2878314661360746,True,True,False
A03,A,A-RAMP,0.25,283,COMMON,200.0,0.25,1.6057363419266764,1.3557363419266764,True,True,False
A03,A,A-RAMP,0.25,283,COMMON,220.0,0.25,1.7596175813957513,1.5096175813957513,True,True,False
A03,A,A-RAMP,0.25,338,COMMON,180.0,0.25,7.282935688280807,7.032935688280807,True,True,False
A03,A,A-RAMP,0.25,338,COMMON,200.0,0.25,3.592783884146756,3.342783884146756,True,True,False
A03,A,A-RAMP,0.25,338,COMMON,220.0,0.25,5.8426874824392545,5.5926874824392545,True,True,False
A03,A,A-RAMP,0.25,FOUR,COMMON_LINE_AMPLITUDE_VARIATION,180.0,0.25,6.324251932172095,6.074251932172095,True,True,False
A03,A,A-RAMP,0.25,FOUR,COMMON_LINE_AMPLITUDE_VARIATION,200.0,0.25,6.846546157581561,6.596546157581561,True,True,False
A03,A,A-RAMP,0.25,FOUR,COMMON_LINE_AMPLITUDE_VARIATION,220.0,0.25,6.113896973613871,5.863896973613871,True,True,False
A03,A,A-RAMP,0.25,FOUR,LINE_SPECIFIC_AMPLITUDE_VARIATION,180.0,0.25,6.324251932172095,6.074251932172095,True,True,False
A03,A,A-RAMP,0.25,FOUR,LINE_SPECIFIC_AMPLITUDE_VARIATION,200.0,0.25,6.846546157581561,6.596546157581561,True,True,False
A03,A,A-RAMP,0.25,FOUR,LINE_SPECIFIC_AMPLITUDE_VARIATION,220.0,0.25,6.113896973613871,5.863896973613871,True,True,False
A03,A,A-RAMP,0.5,201,COMMON,180.0,0.5,4.213790474735755,3.713790474735755,True,True,False
A03,A,A-RAMP,0.5,201,COMMON,200.0,0.5,6.7523581647139155,6.2523581647139155,True,True,False
A03,A,A-RAMP,0.5,201,COMMON,220.0,0.5,3.457806207727699,2.957806207727699,True,True,False
A03,A,A-RAMP,0.5,235,COMMON,180.0,0.5,1.2874158714701986,0.7874158714701986,True,True,False
A03,A,A-RAMP,0.5,235,COMMON,200.0,0.5,3.918874451306909,3.418874451306909,True,True,False
A03,A,A-RAMP,0.5,235,COMMON,220.0,0.5,1.7638486136133418,1.2638486136133418,True,True,False
A03,A,A-RAMP,0.5,283,COMMON,180.0,0.5,1.5424160595707817,1.0424160595707817,True,True,False
A03,A,A-RAMP,0.5,283,COMMON,200.0,0.5,1.7952894697955883,1.2952894697955883,True,True,False
A03,A,A-RAMP,0.5,283,COMMON,220.0,0.5,1.581246567198353,1.081246567198353,True,True,False
A03,A,A-RAMP,0.5,338,COMMON,180.0,0.5,7.3359959315188785,6.8359959315188785,True,True,False
A03,A,A-RAMP,0.5,338,COMMON,200.0,0.5,3.6457230780543464,3.1457230780543464,True,True,False
A03,A,A-RAMP,0.5,338,COMMON,220.0,0.5,5.895981760559969,5.395981760559969,True,True,False
A03,A,A-RAMP,0.5,FOUR,COMMON_LINE_AMPLITUDE_VARIATION,180.0,0.5,6.3070844026927295,5.8070844026927295,True,True,False
A03,A,A-RAMP,0.5,FOUR,COMMON_LINE_AMPLITUDE_VARIATION,200.0,0.5,6.830691432717647,6.330691432717647,True,True,False
A03,A,A-RAMP,0.5,FOUR,COMMON_LINE_AMPLITUDE_VARIATION,220.0,0.5,6.096137085488832,5.596137085488832,True,True,False
A03,A,A-RAMP,0.5,FOUR,LINE_SPECIFIC_AMPLITUDE_VARIATION,180.0,0.5,6.3070844026927295,5.8070844026927295,True,True,False
A03,A,A-RAMP,0.5,FOUR,LINE_SPECIFIC_AMPLITUDE_VARIATION,200.0,0.5,6.830691432717647,6.330691432717647,True,True,False
A03,A,A-RAMP,0.5,FOUR,LINE_SPECIFIC_AMPLITUDE_VARIATION,220.0,0.5,6.096137085488832,5.596137085488832,True,True,False
A03,A,A-RAMP,1.0,201,COMMON,180.0,1.0,4.2035159232787755,3.2035159232787755,True,True,False
A03,A,A-RAMP,1.0,201,COMMON,200.0,1.0,6.745951136560589,5.745951136560589,True,True,False
A03,A,A-RAMP,1.0,201,COMMON,220.0,1.0,3.4452778875563355,2.4452778875563355,True,True,False
A03,A,A-RAMP,1.0,235,COMMON,180.0,1.0,1.0151304929202254,0.015130492920225391,True,False,False
A03,A,A-RAMP,1.0,235,COMMON,200.0,1.0,3.9909256836981672,2.9909256836981672,True,True,False
A03,A,A-RAMP,1.0,235,COMMON,220.0,1.0,1.9186122014209557,0.9186122014209557,True,True,False
A03,A,A-RAMP,1.0,283,COMMON,180.0,1.0,1.2056334595453562,0.20563345954535617,True,False,False
A03,A,A-RAMP,1.0,283,COMMON,200.0,1.0,2.2107497464680725,1.2107497464680725,True,True,False
A03,A,A-RAMP,1.0,283,COMMON,220.0,1.0,1.2079709159181586,0.20797091591815864,True,False,False
A03,A,A-RAMP,1.0,338,COMMON,180.0,1.0,7.308621219026817,6.308621219026817,True,True,False
A03,A,A-RAMP,1.0,338,COMMON,200.0,1.0,3.5903209574919006,2.5903209574919006,True,True,False
A03,A,A-RAMP,1.0,338,COMMON,220.0,1.0,5.861886107457508,4.861886107457508,True,True,False
A03,A,A-RAMP,1.0,FOUR,COMMON_LINE_AMPLITUDE_VARIATION,180.0,1.0,6.3024293716712725,5.3024293716712725,True,True,False
A03,A,A-RAMP,1.0,FOUR,COMMON_LINE_AMPLITUDE_VARIATION,200.0,1.0,6.826393467360134,5.826393467360134,True,True,False
A03,A,A-RAMP,1.0,FOUR,COMMON_LINE_AMPLITUDE_VARIATION,220.0,1.0,6.091320849149806,5.091320849149806,True,True,False
A03,A,A-RAMP,1.0,FOUR,LINE_SPECIFIC_AMPLITUDE_VARIATION,180.0,1.0,6.3024293716712725,5.3024293716712725,True,True,False
A03,A,A-RAMP,1.0,FOUR,LINE_SPECIFIC_AMPLITUDE_VARIATION,200.0,1.0,6.826393467360134,5.826393467360134,True,True,False
A03,A,A-RAMP,1.0,FOUR,LINE_SPECIFIC_AMPLITUDE_VARIATION,220.0,1.0,6.091320849149806,5.091320849149806,True,True,False
A03,A,A-RAMP,2.0,201,COMMON,180.0,2.0,4.358506398048198,2.358506398048198,True,True,False
A03,A,A-RAMP,2.0,201,COMMON,200.0,2.0,6.843602022431753,4.843602022431753,True,True,False
A03,A,A-RAMP,2.0,201,COMMON,220.0,2.0,3.6327636349002272,1.6327636349002272,True,True,False
A03,A,A-RAMP,2.0,235,COMMON,180.0,2.0,1.1298630451265486,-0.8701369548734514,False,False,False
A03,A,A-RAMP,2.0,235,COMMON,200.0,2.0,4.308980100695871,2.3089801006958712,True,True,False
A03,A,A-RAMP,2.0,235,COMMON,220.0,2.0,2.514138913193279,0.5141389131932792,True,True,False
A03,A,A-RAMP,2.0,283,COMMON,180.0,2.0,0.8767619040428573,-1.1232380959571429,False,False,False
A03,A,A-RAMP,2.0,283,COMMON,200.0,2.0,2.547234589699296,0.5472345896992961,True,True,False
A03,A,A-RAMP,2.0,283,COMMON,220.0,2.0,0.8799733696593934,-1.1200266303406066,False,False,False
A03,A,A-RAMP,2.0,338,COMMON,180.0,2.0,7.356232714855072,5.356232714855072,True,True,False
A03,A,A-RAMP,2.0,338,COMMON,200.0,2.0,3.6862745705794295,1.6862745705794295,True,True,False
A03,A,A-RAMP,2.0,338,COMMON,220.0,2.0,5.921142150691733,3.9211421506917334,True,True,False
A03,A,A-RAMP,2.0,FOUR,COMMON_LINE_AMPLITUDE_VARIATION,180.0,2.0,6.4111793477748265,4.4111793477748265,True,True,False
A03,A,A-RAMP,2.0,FOUR,COMMON_LINE_AMPLITUDE_VARIATION,200.0,2.0,6.926922290284972,4.926922290284972,True,True,False
A03,A,A-RAMP,2.0,FOUR,COMMON_LINE_AMPLITUDE_VARIATION,220.0,2.0,6.203772588652554,4.203772588652554,True,True,False
A03,A,A-RAMP,2.0,FOUR,LINE_SPECIFIC_AMPLITUDE_VARIATION,180.0,2.0,6.4111793477748265,4.4111793477748265,True,True,False
A03,A,A-RAMP,2.0,FOUR,LINE_SPECIFIC_AMPLITUDE_VARIATION,200.0,2.0,6.926922290284972,4.926922290284972,True,True,False
A03,A,A-RAMP,2.0,FOUR,LINE_SPECIFIC_AMPLITUDE_VARIATION,220.0,2.0,6.203772588652554,4.203772588652554,True,True,False
A03,A,A-SINE,0.0,201,COMMON,180.0,0.0,4.282816154434994,4.282816154434994,True,True,False
A03,A,A-SINE,0.0,201,COMMON,200.0,0.0,6.795647491762226,6.795647491762226,True,True,False
A03,A,A-SINE,0.0,201,COMMON,220.0,0.0,3.5415967892909235,3.5415967892909235,True,True,False
A03,A,A-SINE,0.0,235,COMMON,180.0,0.0,1.5253240657747371,1.5253240657747371,True,True,False
A03,A,A-SINE,0.0,235,COMMON,200.0,0.0,3.909944515899218,3.909944515899218,True,True,False
A03,A,A-SINE,0.0,235,COMMON,220.0,0.0,1.7439183134682796,1.7439183134682796,True,True,False
A03,A,A-SINE,0.0,283,COMMON,180.0,0.0,1.5734687590335563,1.5734687590335563,True,True,False
A03,A,A-SINE,0.0,283,COMMON,200.0,0.0,1.4348219817138306,1.4348219817138306,True,True,False
A03,A,A-SINE,0.0,283,COMMON,220.0,0.0,1.9537572416340496,1.9537572416340496,True,True,False
A03,A,A-SINE,0.0,338,COMMON,180.0,0.0,7.234911331764421,7.234911331764421,True,True,False
A03,A,A-SINE,0.0,338,COMMON,200.0,0.0,3.49440778631282,3.49440778631282,True,True,False
A03,A,A-SINE,0.0,338,COMMON,220.0,0.0,5.782714479923021,5.782714479923021,True,True,False
A03,A,A-SINE,0.0,FOUR,COMMON_LINE_AMPLITUDE_VARIATION,180.0,0.0,6.3512212479549985,6.3512212479549985,True,True,False
A03,A,A-SINE,0.0,FOUR,COMMON_LINE_AMPLITUDE_VARIATION,200.0,0.0,6.8714658644853515,6.8714658644853515,True,True,False
A03,A,A-SINE,0.0,FOUR,COMMON_LINE_AMPLITUDE_VARIATION,220.0,0.0,6.141790052000916,6.141790052000916,True,True,False
A03,A,A-SINE,0.0,FOUR,LINE_SPECIFIC_AMPLITUDE_VARIATION,180.0,0.0,6.3512212479549985,6.3512212479549985,True,True,False
A03,A,A-SINE,0.0,FOUR,LINE_SPECIFIC_AMPLITUDE_VARIATION,200.0,0.0,6.8714658644853515,6.8714658644853515,True,True,False
A03,A,A-SINE,0.0,FOUR,LINE_SPECIFIC_AMPLITUDE_VARIATION,220.0,0.0,6.141790052000916,6.141790052000916,True,True,False
A03,A,A-SINE,0.25,201,COMMON,180.0,0.24999999999999994,4.338612670881752,4.088612670881752,True,True,False
A03,A,A-SINE,0.25,201,COMMON,200.0,0.25000000000000006,6.830949460180523,6.580949460180523,True,True,False
A03,A,A-SINE,0.25,201,COMMON,220.0,0.24999999999999994,3.6088715013369645,3.3588715013369645,True,True,False
A03,A,A-SINE,0.25,235,COMMON,180.0,0.25,1.6093660055521755,1.3593660055521755,True,True,False
A03,A,A-SINE,0.25,235,COMMON,200.0,0.24999999999999997,3.938202675780775,3.688202675780775,True,True,False
A03,A,A-SINE,0.25,235,COMMON,220.0,0.24999999999999994,1.8063845886650305,1.5563845886650305,True,True,False
A03,A,A-SINE,0.25,283,COMMON,180.0,0.25,1.641427797949057,1.391427797949057,True,True,False
A03,A,A-SINE,0.25,283,COMMON,200.0,0.25,1.3304880375682386,1.0804880375682386,True,True,False
A03,A,A-SINE,0.25,283,COMMON,220.0,0.24999999999999994,2.163955639870688,1.913955639870688,True,True,False
A03,A,A-SINE,0.25,338,COMMON,180.0,0.25000000000000006,7.205425109969135,6.955425109969135,True,True,False
A03,A,A-SINE,0.25,338,COMMON,200.0,0.24999999999999994,3.4329425882068216,3.1829425882068216,True,True,False
A03,A,A-SINE,0.25,338,COMMON,220.0,0.25000000000000006,5.745780694839636,5.495780694839636,True,True,False
A03,A,A-SINE,0.25,FOUR,COMMON_LINE_AMPLITUDE_VARIATION,180.0,0.25,6.380105960748415,6.130105960748415,True,True,False
A03,A,A-SINE,0.25,FOUR,COMMON_LINE_AMPLITUDE_VARIATION,200.0,0.25,6.898172501227395,6.648172501227395,True,True,False
A03,A,A-SINE,0.25,FOUR,COMMON_LINE_AMPLITUDE_VARIATION,220.0,0.24999999999999997,6.171655027037708,5.921655027037708,True,True,False
A03,A,A-SINE,0.25,FOUR,LINE_SPECIFIC_AMPLITUDE_VARIATION,180.0,0.25,6.380105960748415,6.130105960748415,True,True,False
A03,A,A-SINE,0.25,FOUR,LINE_SPECIFIC_AMPLITUDE_VARIATION,200.0,0.25,6.898172501227395,6.648172501227395,True,True,False
A03,A,A-SINE,0.25,FOUR,LINE_SPECIFIC_AMPLITUDE_VARIATION,220.0,0.24999999999999997,6.171655027037708,5.921655027037708,True,True,False
A03,A,A-SINE,0.5,201,COMMON,180.0,0.5,4.407902630864482,3.9079026308644824,True,True,False
A03,A,A-SINE,0.5,201,COMMON,200.0,0.4999999999999999,6.875166632365133,6.375166632365133,True,True,False
A03,A,A-SINE,0.5,201,COMMON,220.0,0.5,3.6918828811879254,3.1918828811879254,True,True,False
A03,A,A-SINE,0.5,235,COMMON,180.0,0.5,1.725834399362336,1.225834399362336,True,True,False
A03,A,A-SINE,0.5,235,COMMON,200.0,0.49999999999999994,3.9819862523172196,3.4819862523172196,True,True,False
A03,A,A-SINE,0.5,235,COMMON,220.0,0.5,1.899947230920642,1.399947230920642,True,True,False
A03,A,A-SINE,0.5,283,COMMON,180.0,0.5,1.7429189585592273,1.2429189585592273,True,True,False
A03,A,A-SINE,0.5,283,COMMON,200.0,0.5,1.2675498873871442,0.7675498873871442,True,True,False
A03,A,A-SINE,0.5,283,COMMON,220.0,0.5,2.3068987312783356,1.8068987312783356,True,True,False
A03,A,A-SINE,0.5,338,COMMON,180.0,0.4999999999999999,7.184522256368492,6.684522256368492,True,True,False
A03,A,A-SINE,0.5,338,COMMON,200.0,0.5,3.388849930404803,2.888849930404803,True,True,False
A03,A,A-SINE,0.5,338,COMMON,220.0,0.4999999999999999,5.719545858726227,5.219545858726227,True,True,False
A03,A,A-SINE,0.5,FOUR,COMMON_LINE_AMPLITUDE_VARIATION,180.0,0.5,6.418605206762591,5.918605206762591,True,True,False
A03,A,A-SINE,0.5,FOUR,COMMON_LINE_AMPLITUDE_VARIATION,200.0,0.49999999999999994,6.933795828158788,6.433795828158788,True,True,False
A03,A,A-SINE,0.5,FOUR,COMMON_LINE_AMPLITUDE_VARIATION,220.0,0.5,6.211446409868012,5.711446409868012,True,True,False
A03,A,A-SINE,0.5,FOUR,LINE_SPECIFIC_AMPLITUDE_VARIATION,180.0,0.5,6.418605206762591,5.918605206762591,True,True,False
A03,A,A-SINE,0.5,FOUR,LINE_SPECIFIC_AMPLITUDE_VARIATION,200.0,0.49999999999999994,6.933795828158788,6.433795828158788,True,True,False
A03,A,A-SINE,0.5,FOUR,LINE_SPECIFIC_AMPLITUDE_VARIATION,220.0,0.5,6.211446409868012,5.711446409868012,True,True,False
A03,A,A-SINE,1.0,201,COMMON,180.0,1.0,4.584397124341946,3.5843971243419457,True,True,False
A03,A,A-SINE,1.0,201,COMMON,200.0,1.0,6.989635728225013,5.989635728225013,True,True,False
A03,A,A-SINE,1.0,201,COMMON,220.0,1.0,3.900908945220477,2.900908945220477,True,True,False
A03,A,A-SINE,1.0,235,COMMON,180.0,1.0,1.8555425238178858,0.8555425238178858,True,True,False
A03,A,A-SINE,1.0,235,COMMON,200.0,1.0,4.113971671010424,3.1139716710104244,True,True,False
A03,A,A-SINE,1.0,235,COMMON,220.0,1.0,2.1629488843974056,1.1629488843974056,True,True,False
A03,A,A-SINE,1.0,283,COMMON,180.0,1.0,1.8539718490511876,0.8539718490511876,True,True,False
A03,A,A-SINE,1.0,283,COMMON,200.0,1.0,1.2863325055447836,0.2863325055447836,True,False,False
A03,A,A-SINE,1.0,283,COMMON,220.0,1.0,2.361891760754978,1.361891760754978,True,True,False
A03,A,A-SINE,1.0,338,COMMON,180.0,1.0,7.168736159604089,6.168736159604089,True,True,False
A03,A,A-SINE,1.0,338,COMMON,200.0,1.0,3.355252885337499,2.355252885337499,True,True,False
A03,A,A-SINE,1.0,338,COMMON,220.0,1.0,5.699703755795849,4.699703755795849,True,True,False
A03,A,A-SINE,1.0,FOUR,COMMON_LINE_AMPLITUDE_VARIATION,180.0,1.0,6.52372395645958,5.52372395645958,True,True,False
A03,A,A-SINE,1.0,FOUR,COMMON_LINE_AMPLITUDE_VARIATION,200.0,1.0,7.031216540997511,6.031216540997511,True,True,False
A03,A,A-SINE,1.0,FOUR,COMMON_LINE_AMPLITUDE_VARIATION,220.0,1.0,6.320011705880536,5.320011705880536,True,True,False
A03,A,A-SINE,1.0,FOUR,LINE_SPECIFIC_AMPLITUDE_VARIATION,180.0,1.0,6.52372395645958,5.52372395645958,True,True,False
A03,A,A-SINE,1.0,FOUR,LINE_SPECIFIC_AMPLITUDE_VARIATION,200.0,1.0,7.031216540997511,6.031216540997511,True,True,False
A03,A,A-SINE,1.0,FOUR,LINE_SPECIFIC_AMPLITUDE_VARIATION,220.0,1.0,6.320011705880536,5.320011705880536,True,True,False
A03,A,A-SINE,2.0,201,COMMON,180.0,2.0,5.068617146190867,3.068617146190867,True,True,False
A03,A,A-SINE,2.0,201,COMMON,200.0,2.0,7.316364561328594,5.316364561328594,True,True,False
A03,A,A-SINE,2.0,201,COMMON,220.0,2.0,4.459963383245034,2.459963383245034,True,True,False
A03,A,A-SINE,2.0,235,COMMON,180.0,2.0,1.381503645392167,-0.618496354607833,False,False,False
A03,A,A-SINE,2.0,235,COMMON,200.0,2.0,4.534518684749489,2.5345186847494894,True,True,False
A03,A,A-SINE,2.0,235,COMMON,220.0,2.0,2.8836512738162208,0.8836512738162208,True,True,False
A03,A,A-SINE,2.0,283,COMMON,180.0,2.0,2.175922646135066,0.1759226461350658,True,False,False
A03,A,A-SINE,2.0,283,COMMON,200.0,2.0,1.802938853769877,-0.19706114623012305,False,False,False
A03,A,A-SINE,2.0,283,COMMON,220.0,2.0,2.622205261685553,0.6222052616855529,True,True,False
A03,A,A-SINE,2.0,338,COMMON,180.0,2.0,7.241382069297071,5.241382069297071,True,True,False
A03,A,A-SINE,2.0,338,COMMON,200.0,2.0,3.5077853514842614,1.5077853514842614,True,True,False
A03,A,A-SINE,2.0,338,COMMON,220.0,2.0,5.790808151834704,3.790808151834704,True,True,False
A03,A,A-SINE,2.0,FOUR,COMMON_LINE_AMPLITUDE_VARIATION,180.0,2.0,6.83958603862063,4.83958603862063,True,True,False
A03,A,A-SINE,2.0,FOUR,COMMON_LINE_AMPLITUDE_VARIATION,200.0,2.0,7.325228253509006,5.325228253509006,True,True,False
A03,A,A-SINE,2.0,FOUR,COMMON_LINE_AMPLITUDE_VARIATION,220.0,2.0,6.6455632479178615,4.6455632479178615,True,True,False
A03,A,A-SINE,2.0,FOUR,LINE_SPECIFIC_AMPLITUDE_VARIATION,180.0,2.0,6.83958603862063,4.83958603862063,True,True,False
A03,A,A-SINE,2.0,FOUR,LINE_SPECIFIC_AMPLITUDE_VARIATION,200.0,2.0,7.325228253509006,5.325228253509006,True,True,False
A03,A,A-SINE,2.0,FOUR,LINE_SPECIFIC_AMPLITUDE_VARIATION,220.0,2.0,6.6455632479178615,4.6455632479178615,True,True,False
A04,A,A-RAMP,0.0,201,COMMON,180.0,0.0,5.807490324786124,5.807490324786124,True,True,False
A04,A,A-RAMP,0.0,201,COMMON,200.0,0.0,8.175811215541335,8.175811215541335,True,True,False
A04,A,A-RAMP,0.0,201,COMMON,220.0,0.0,5.132826589007832,5.132826589007832,True,True,False
A04,A,A-RAMP,0.0,235,COMMON,180.0,0.0,1.8490333841084814,1.8490333841084814,True,True,False
A04,A,A-RAMP,0.0,235,COMMON,200.0,0.0,6.045108381684878,6.045108381684878,True,True,False
A04,A,A-RAMP,0.0,235,COMMON,220.0,0.0,3.9883633858827374,3.9883633858827374,True,True,False
A04,A,A-RAMP,0.0,283,COMMON,180.0,0.0,1.561422001527365,1.561422001527365,True,True,False
A04,A,A-RAMP,0.0,283,COMMON,200.0,0.0,2.831550560550055,2.831550560550055,True,True,False
A04,A,A-RAMP,0.0,283,COMMON,220.0,0.0,1.9322712441065444,1.9322712441065444,True,True,False
A04,A,A-RAMP,0.0,338,COMMON,180.0,0.0,9.531302730170873,9.531302730170873,True,True,False
A04,A,A-RAMP,0.0,338,COMMON,200.0,0.0,6.100337469271913,6.100337469271913,True,True,False
A04,A,A-RAMP,0.0,338,COMMON,220.0,0.0,8.171897933054021,8.171897933054021,True,True,False
A04,A,A-RAMP,0.0,FOUR,COMMON_LINE_AMPLITUDE_VARIATION,180.0,0.0,7.2210535300437355,7.2210535300437355,True,True,False
A04,A,A-RAMP,0.0,FOUR,COMMON_LINE_AMPLITUDE_VARIATION,200.0,0.0,7.918755224555259,7.918755224555259,True,True,False
A04,A,A-RAMP,0.0,FOUR,COMMON_LINE_AMPLITUDE_VARIATION,220.0,0.0,7.259087229659803,7.259087229659803,True,True,False
A04,A,A-RAMP,0.0,FOUR,LINE_SPECIFIC_AMPLITUDE_VARIATION,180.0,0.0,7.2210535300437355,7.2210535300437355,True,True,False
A04,A,A-RAMP,0.0,FOUR,LINE_SPECIFIC_AMPLITUDE_VARIATION,200.0,0.0,7.918755224555259,7.918755224555259,True,True,False
A04,A,A-RAMP,0.0,FOUR,LINE_SPECIFIC_AMPLITUDE_VARIATION,220.0,0.0,7.259087229659803,7.259087229659803,True,True,False
A04,A,A-RAMP,0.25,201,COMMON,180.0,0.25,5.800308755315489,5.550308755315489,True,True,False
A04,A,A-RAMP,0.25,201,COMMON,200.0,0.25,8.170711524504862,7.920711524504862,True,True,False
A04,A,A-RAMP,0.25,201,COMMON,220.0,0.25,5.124699657280497,4.874699657280497,True,True,False
A04,A,A-RAMP,0.25,235,COMMON,180.0,0.25,1.9363292069374438,1.6863292069374438,True,True,False
A04,A,A-RAMP,0.25,235,COMMON,200.0,0.25,6.072378585728009,5.822378585728009,True,True,False
A04,A,A-RAMP,0.25,235,COMMON,220.0,0.25,4.0295767569239,3.7795767569239,True,True,False
A04,A,A-RAMP,0.25,283,COMMON,180.0,0.25,1.460594729142312,1.210594729142312,True,True,False
A04,A,A-RAMP,0.25,283,COMMON,200.0,0.25,2.945940478618394,2.695940478618394,True,True,False
A04,A,A-RAMP,0.25,283,COMMON,220.0,0.25,1.8517479463322308,1.6017479463322308,True,True,False
A04,A,A-RAMP,0.25,338,COMMON,180.0,0.25,9.467845679994191,9.217845679994191,True,True,False
A04,A,A-RAMP,0.25,338,COMMON,200.0,0.25,6.000707235403572,5.750707235403572,True,True,False
A04,A,A-RAMP,0.25,338,COMMON,220.0,0.25,8.097795126716562,7.847795126716562,True,True,False
A04,A,A-RAMP,0.25,FOUR,COMMON_LINE_AMPLITUDE_VARIATION,180.0,0.25,7.234271280769448,6.984271280769448,True,True,False
A04,A,A-RAMP,0.25,FOUR,COMMON_LINE_AMPLITUDE_VARIATION,200.0,0.25,7.888702560873593,7.638702560873593,True,True,False
A04,A,A-RAMP,0.25,FOUR,COMMON_LINE_AMPLITUDE_VARIATION,220.0,0.25,7.272235852048431,7.022235852048431,True,True,False
A04,A,A-RAMP,0.25,FOUR,LINE_SPECIFIC_AMPLITUDE_VARIATION,180.0,0.25,7.234271280769448,6.984271280769448,True,True,False
A04,A,A-RAMP,0.25,FOUR,LINE_SPECIFIC_AMPLITUDE_VARIATION,200.0,0.25,7.888702560873593,7.638702560873593,True,True,False
A04,A,A-RAMP,0.25,FOUR,LINE_SPECIFIC_AMPLITUDE_VARIATION,220.0,0.25,7.272235852048431,7.022235852048431,True,True,False
A04,A,A-RAMP,0.5,201,COMMON,180.0,0.5,5.8038969185793245,5.3038969185793245,True,True,False
A04,A,A-RAMP,0.5,201,COMMON,200.0,0.5,8.17325911746236,7.67325911746236,True,True,False
A04,A,A-RAMP,0.5,201,COMMON,220.0,0.5,5.1287605093078685,4.6287605093078685,True,True,False
A04,A,A-RAMP,0.5,235,COMMON,180.0,0.5,2.050565078150488,1.550565078150488,True,True,False
A04,A,A-RAMP,0.5,235,COMMON,200.0,0.5,6.10976497342569,5.60976497342569,True,True,False
A04,A,A-RAMP,0.5,235,COMMON,220.0,0.5,4.085698860908947,3.5856988609089466,True,True,False
A04,A,A-RAMP,0.5,283,COMMON,180.0,0.5,1.3977250297332748,0.8977250297332748,True,True,False
A04,A,A-RAMP,0.5,283,COMMON,200.0,0.5,3.076434954646923,2.576434954646923,True,True,False
A04,A,A-RAMP,0.5,283,COMMON,220.0,0.5,1.802572814809492,1.302572814809492,True,True,False
A04,A,A-RAMP,0.5,338,COMMON,180.0,0.5,9.410604226414295,8.910604226414295,True,True,False
A04,A,A-RAMP,0.5,338,COMMON,200.0,0.5,5.909979476364254,5.409979476364254,True,True,False
A04,A,A-RAMP,0.5,338,COMMON,220.0,0.5,8.030794232222393,7.530794232222393,True,True,False
A04,A,A-RAMP,0.5,FOUR,COMMON_LINE_AMPLITUDE_VARIATION,180.0,0.5,7.256083505843505,6.756083505843505,True,True,False
A04,A,A-RAMP,0.5,FOUR,COMMON_LINE_AMPLITUDE_VARIATION,200.0,0.5,7.857392715622646,7.357392715622646,True,True,False
A04,A,A-RAMP,0.5,FOUR,COMMON_LINE_AMPLITUDE_VARIATION,220.0,0.5,7.293934546445225,6.793934546445225,True,True,False
A04,A,A-RAMP,0.5,FOUR,LINE_SPECIFIC_AMPLITUDE_VARIATION,180.0,0.5,7.256083505843505,6.756083505843505,True,True,False
A04,A,A-RAMP,0.5,FOUR,LINE_SPECIFIC_AMPLITUDE_VARIATION,200.0,0.5,7.857392715622646,7.357392715622646,True,True,False
A04,A,A-RAMP,0.5,FOUR,LINE_SPECIFIC_AMPLITUDE_VARIATION,220.0,0.5,7.293934546445225,6.793934546445225,True,True,False
A04,A,A-RAMP,1.0,201,COMMON,180.0,1.0,5.843243535101434,4.843243535101434,True,True,False
A04,A,A-RAMP,1.0,201,COMMON,200.0,1.0,8.201246257136274,7.201246257136274,True,True,False
A04,A,A-RAMP,1.0,201,COMMON,220.0,1.0,5.173244623139915,4.173244623139915,True,True,False
A04,A,A-RAMP,1.0,235,COMMON,180.0,1.0,2.343226370608049,1.3432263706080492,True,True,False
A04,A,A-RAMP,1.0,235,COMMON,200.0,1.0,6.214106590225345,5.214106590225345,True,True,False
A04,A,A-RAMP,1.0,235,COMMON,220.0,1.0,4.240144793071968,3.240144793071968,True,True,False
A04,A,A-RAMP,1.0,283,COMMON,180.0,1.0,1.403293216199681,0.40329321619968095,True,False,False
A04,A,A-RAMP,1.0,283,COMMON,200.0,1.0,3.243466836833884,2.243466836833884,True,True,False
A04,A,A-RAMP,1.0,283,COMMON,220.0,1.0,1.8068938387684472,0.8068938387684472,True,True,False
A04,A,A-RAMP,1.0,338,COMMON,180.0,1.0,9.315214011403626,8.315214011403626,True,True,False
A04,A,A-RAMP,1.0,338,COMMON,200.0,1.0,5.756873941914185,4.756873941914185,True,True,False
A04,A,A-RAMP,1.0,338,COMMON,220.0,1.0,7.91880017252237,6.91880017252237,True,True,False
A04,A,A-RAMP,1.0,FOUR,COMMON_LINE_AMPLITUDE_VARIATION,180.0,1.0,7.325154032768953,6.325154032768953,True,True,False
A04,A,A-RAMP,1.0,FOUR,COMMON_LINE_AMPLITUDE_VARIATION,200.0,1.0,7.8133268869720895,6.8133268869720895,True,True,False
A04,A,A-RAMP,1.0,FOUR,COMMON_LINE_AMPLITUDE_VARIATION,220.0,1.0,7.3626499935718925,6.3626499935718925,True,True,False
A04,A,A-RAMP,1.0,FOUR,LINE_SPECIFIC_AMPLITUDE_VARIATION,180.0,1.0,7.325154032768953,6.325154032768953,True,True,False
A04,A,A-RAMP,1.0,FOUR,LINE_SPECIFIC_AMPLITUDE_VARIATION,200.0,1.0,7.8133268869720895,6.8133268869720895,True,True,False
A04,A,A-RAMP,1.0,FOUR,LINE_SPECIFIC_AMPLITUDE_VARIATION,220.0,1.0,7.3626499935718925,6.3626499935718925,True,True,False
A04,A,A-RAMP,2.0,201,COMMON,180.0,2.0,6.046490399275018,4.046490399275018,True,True,False
A04,A,A-RAMP,2.0,201,COMMON,200.0,2.0,8.347274483818776,6.347274483818776,True,True,False
A04,A,A-RAMP,2.0,201,COMMON,220.0,2.0,5.401759997340339,3.4017599973403394,True,True,False
A04,A,A-RAMP,2.0,235,COMMON,180.0,2.0,3.092328441850619,1.092328441850619,True,True,False
A04,A,A-RAMP,2.0,235,COMMON,200.0,2.0,6.404920822236245,4.404920822236245,True,True,False
A04,A,A-RAMP,2.0,235,COMMON,220.0,2.0,4.652386639986607,2.6523866399866067,True,True,False
A04,A,A-RAMP,2.0,283,COMMON,180.0,2.0,1.870942285162844,-0.1290577148371559,False,False,False
A04,A,A-RAMP,2.0,283,COMMON,200.0,2.0,3.1237875035298446,1.1237875035298446,True,True,False
A04,A,A-RAMP,2.0,283,COMMON,220.0,2.0,2.189990531568047,0.1899905315680468,True,False,False
A04,A,A-RAMP,2.0,338,COMMON,180.0,2.0,9.203297910115598,7.203297910115598,True,True,False
A04,A,A-RAMP,2.0,338,COMMON,200.0,2.0,5.573964291882239,3.5739642918822394,True,True,False
A04,A,A-RAMP,2.0,338,COMMON,220.0,2.0,7.786839957031865,5.786839957031865,True,True,False
A04,A,A-RAMP,2.0,FOUR,COMMON_LINE_AMPLITUDE_VARIATION,180.0,2.0,7.561226694381371,5.561226694381371,True,True,False
A04,A,A-RAMP,2.0,FOUR,COMMON_LINE_AMPLITUDE_VARIATION,200.0,2.0,7.8209328441691195,5.8209328441691195,True,True,False
A04,A,A-RAMP,2.0,FOUR,COMMON_LINE_AMPLITUDE_VARIATION,220.0,2.0,7.3817369643358655,5.3817369643358655,True,True,False
A04,A,A-RAMP,2.0,FOUR,LINE_SPECIFIC_AMPLITUDE_VARIATION,180.0,2.0,7.561226694381371,5.561226694381371,True,True,False
A04,A,A-RAMP,2.0,FOUR,LINE_SPECIFIC_AMPLITUDE_VARIATION,200.0,2.0,7.8209328441691195,5.8209328441691195,True,True,False
A04,A,A-RAMP,2.0,FOUR,LINE_SPECIFIC_AMPLITUDE_VARIATION,220.0,2.0,7.3817369643358655,5.3817369643358655,True,True,False
A04,A,A-SINE,0.0,201,COMMON,180.0,0.0,5.807490324786124,5.807490324786124,True,True,False
A04,A,A-SINE,0.0,201,COMMON,200.0,0.0,8.175811215541335,8.175811215541335,True,True,False
A04,A,A-SINE,0.0,201,COMMON,220.0,0.0,5.132826589007832,5.132826589007832,True,True,False
A04,A,A-SINE,0.0,235,COMMON,180.0,0.0,1.8490333841084814,1.8490333841084814,True,True,False
A04,A,A-SINE,0.0,235,COMMON,200.0,0.0,6.045108381684878,6.045108381684878,True,True,False
A04,A,A-SINE,0.0,235,COMMON,220.0,0.0,3.9883633858827374,3.9883633858827374,True,True,False
A04,A,A-SINE,0.0,283,COMMON,180.0,0.0,1.561422001527365,1.561422001527365,True,True,False
A04,A,A-SINE,0.0,283,COMMON,200.0,0.0,2.831550560550055,2.831550560550055,True,True,False
A04,A,A-SINE,0.0,283,COMMON,220.0,0.0,1.9322712441065444,1.9322712441065444,True,True,False
A04,A,A-SINE,0.0,338,COMMON,180.0,0.0,9.531302730170873,9.531302730170873,True,True,False
A04,A,A-SINE,0.0,338,COMMON,200.0,0.0,6.100337469271913,6.100337469271913,True,True,False
A04,A,A-SINE,0.0,338,COMMON,220.0,0.0,8.171897933054021,8.171897933054021,True,True,False
A04,A,A-SINE,0.0,FOUR,COMMON_LINE_AMPLITUDE_VARIATION,180.0,0.0,7.2210535300437355,7.2210535300437355,True,True,False
A04,A,A-SINE,0.0,FOUR,COMMON_LINE_AMPLITUDE_VARIATION,200.0,0.0,7.918755224555259,7.918755224555259,True,True,False
A04,A,A-SINE,0.0,FOUR,COMMON_LINE_AMPLITUDE_VARIATION,220.0,0.0,7.259087229659803,7.259087229659803,True,True,False
A04,A,A-SINE,0.0,FOUR,LINE_SPECIFIC_AMPLITUDE_VARIATION,180.0,0.0,7.2210535300437355,7.2210535300437355,True,True,False
A04,A,A-SINE,0.0,FOUR,LINE_SPECIFIC_AMPLITUDE_VARIATION,200.0,0.0,7.918755224555259,7.918755224555259,True,True,False
A04,A,A-SINE,0.0,FOUR,LINE_SPECIFIC_AMPLITUDE_VARIATION,220.0,0.0,7.259087229659803,7.259087229659803,True,True,False
A04,A,A-SINE,0.25,201,COMMON,180.0,0.25,5.788890521337029,5.538890521337029,True,True,False
A04,A,A-SINE,0.25,201,COMMON,200.0,0.25,8.162609792689636,7.912609792689636,True,True,False
A04,A,A-SINE,0.25,201,COMMON,220.0,0.25,5.111772529012518,4.861772529012518,True,True,False
A04,A,A-SINE,0.25,235,COMMON,180.0,0.25000000000000006,1.8004837062550811,1.5504837062550811,True,True,False
A04,A,A-SINE,0.25,235,COMMON,200.0,0.25,6.03043551223783,5.78043551223783,True,True,False
A04,A,A-SINE,0.25,235,COMMON,220.0,0.25,3.9660887053610367,3.7160887053610367,True,True,False
A04,A,A-SINE,0.25,283,COMMON,180.0,0.25,1.6906244436209246,1.4406244436209246,True,True,False
A04,A,A-SINE,0.25,283,COMMON,200.0,0.25,2.7419921654747905,2.4919921654747905,True,True,False
A04,A,A-SINE,0.25,283,COMMON,220.0,0.25,2.038098256541105,1.788098256541105,True,True,False
A04,A,A-SINE,0.25,338,COMMON,180.0,0.25,9.583102059890908,9.333102059890908,True,True,False
A04,A,A-SINE,0.25,338,COMMON,200.0,0.25,6.180957093778073,5.930957093778073,True,True,False
A04,A,A-SINE,0.25,338,COMMON,220.0,0.25,8.232255412970083,7.982255412970083,True,True,False
A04,A,A-SINE,0.25,FOUR,COMMON_LINE_AMPLITUDE_VARIATION,180.0,0.25,7.222689262284437,6.972689262284437,True,True,False
A04,A,A-SINE,0.25,FOUR,COMMON_LINE_AMPLITUDE_VARIATION,200.0,0.25,7.920218434004313,7.670218434004313,True,True,False
A04,A,A-SINE,0.25,FOUR,COMMON_LINE_AMPLITUDE_VARIATION,220.0,0.25,7.260714393472025,7.010714393472025,True,True,False
A04,A,A-SINE,0.25,FOUR,LINE_SPECIFIC_AMPLITUDE_VARIATION,180.0,0.25,7.222689262284437,6.972689262284437,True,True,False
A04,A,A-SINE,0.25,FOUR,LINE_SPECIFIC_AMPLITUDE_VARIATION,200.0,0.25,7.920218434004313,7.670218434004313,True,True,False
A04,A,A-SINE,0.25,FOUR,LINE_SPECIFIC_AMPLITUDE_VARIATION,220.0,0.25,7.260714393472025,7.010714393472025,True,True,False
A04,A,A-SINE,0.5,201,COMMON,180.0,0.5,5.781052072379815,5.281052072379815,True,True,False
A04,A,A-SINE,0.5,201,COMMON,200.0,0.5,8.157052667676849,7.657052667676849,True,True,False
A04,A,A-SINE,0.5,201,COMMON,220.0,0.5,5.102894079236634,4.602894079236634,True,True,False
A04,A,A-SINE,0.5,235,COMMON,180.0,0.5000000000000001,1.7859335646749028,1.2859335646749028,True,True,False
A04,A,A-SINE,0.5,235,COMMON,200.0,0.5,6.026107332947324,5.526107332947324,True,True,False
A04,A,A-SINE,0.5,235,COMMON,220.0,0.5,3.9595046078688627,3.4595046078688627,True,True,False
A04,A,A-SINE,0.5,283,COMMON,180.0,0.5,1.8448261034263902,1.3448261034263902,True,True,False
A04,A,A-SINE,0.5,283,COMMON,200.0,0.5000000000000001,2.672894216780554,2.172894216780554,True,True,False
A04,A,A-SINE,0.5,283,COMMON,220.0,0.5,2.167721579407911,1.6677215794079112,True,True,False
A04,A,A-SINE,0.5,338,COMMON,180.0,0.5,9.64110773959134,9.14110773959134,True,True,False
A04,A,A-SINE,0.5,338,COMMON,200.0,0.5,6.270513850654357,5.770513850654357,True,True,False
A04,A,A-SINE,0.5,338,COMMON,220.0,0.5,8.29970737679937,7.79970737679937,True,True,False
A04,A,A-SINE,0.5,FOUR,COMMON_LINE_AMPLITUDE_VARIATION,180.0,0.5,7.23297077799162,6.73297077799162,True,True,False
A04,A,A-SINE,0.5,FOUR,COMMON_LINE_AMPLITUDE_VARIATION,200.0,0.5,7.929567187322535,7.429567187322535,True,True,False
A04,A,A-SINE,0.5,FOUR,COMMON_LINE_AMPLITUDE_VARIATION,220.0,0.5,7.270942139732212,6.770942139732212,True,True,False
A04,A,A-SINE,0.5,FOUR,LINE_SPECIFIC_AMPLITUDE_VARIATION,180.0,0.5,7.23297077799162,6.73297077799162,True,True,False
A04,A,A-SINE,0.5,FOUR,LINE_SPECIFIC_AMPLITUDE_VARIATION,200.0,0.5,7.929567187322535,7.429567187322535,True,True,False
A04,A,A-SINE,0.5,FOUR,LINE_SPECIFIC_AMPLITUDE_VARIATION,220.0,0.5,7.270942139732212,6.770942139732212,True,True,False
A04,A,A-SINE,1.0,201,COMMON,180.0,1.0000000000000002,5.797773905099221,4.797773905099221,True,True,False
A04,A,A-SINE,1.0,201,COMMON,200.0,1.0,8.168912254048058,7.168912254048058,True,True,False
A04,A,A-SINE,1.0,201,COMMON,220.0,1.0000000000000002,5.121830451605247,4.121830451605247,True,True,False
A04,A,A-SINE,1.0,235,COMMON,180.0,1.0000000000000002,1.8601593854605973,0.8601593854605971,True,True,False
A04,A,A-SINE,1.0,235,COMMON,200.0,1.0,6.048520796863167,5.048520796863167,True,True,False
A04,A,A-SINE,1.0,235,COMMON,220.0,1.0000000000000002,3.993533645985657,2.993533645985657,True,True,False
A04,A,A-SINE,1.0,283,COMMON,180.0,1.0000000000000002,2.206519439504912,1.206519439504912,True,True,False
A04,A,A-SINE,1.0,283,COMMON,200.0,1.0000000000000002,2.533822387108174,1.533822387108174,True,True,False
A04,A,A-SINE,1.0,283,COMMON,220.0,1.0000000000000002,2.4828132291536558,1.4828132291536555,True,True,False
A04,A,A-SINE,1.0,338,COMMON,180.0,1.0,9.775284402954897,8.775284402954897,True,True,False
A04,A,A-SINE,1.0,338,COMMON,200.0,1.0000000000000002,6.474918583541682,5.474918583541682,True,True,False
A04,A,A-SINE,1.0,338,COMMON,220.0,1.0,8.45519776544246,7.45519776544246,True,True,False
A04,A,A-SINE,1.0,FOUR,COMMON_LINE_AMPLITUDE_VARIATION,180.0,1.0000000000000002,7.2792938164910135,6.2792938164910135,True,True,False
A04,A,A-SINE,1.0,FOUR,COMMON_LINE_AMPLITUDE_VARIATION,200.0,1.0,7.971786954635907,6.971786954635907,True,True,False
A04,A,A-SINE,1.0,FOUR,COMMON_LINE_AMPLITUDE_VARIATION,220.0,1.0000000000000002,7.317024790914491,6.317024790914491,True,True,False
A04,A,A-SINE,1.0,FOUR,LINE_SPECIFIC_AMPLITUDE_VARIATION,180.0,1.0000000000000002,7.2792938164910135,6.2792938164910135,True,True,False
A04,A,A-SINE,1.0,FOUR,LINE_SPECIFIC_AMPLITUDE_VARIATION,200.0,1.0,7.971786954635907,6.971786954635907,True,True,False
A04,A,A-SINE,1.0,FOUR,LINE_SPECIFIC_AMPLITUDE_VARIATION,220.0,1.0000000000000002,7.317024790914491,6.317024790914491,True,True,False
A04,A,A-SINE,2.0,201,COMMON,180.0,2.0000000000000004,5.9583068599069735,3.958306859906973,True,True,False
A04,A,A-SINE,2.0,201,COMMON,200.0,2.0000000000000004,8.283620331503704,6.283620331503704,True,True,False
A04,A,A-SINE,2.0,201,COMMON,220.0,2.0000000000000004,5.302865787209387,3.3028657872093867,True,True,False
A04,A,A-SINE,2.0,235,COMMON,180.0,2.0000000000000004,2.345519435665932,0.3455194356659317,True,False,False
A04,A,A-SINE,2.0,235,COMMON,200.0,2.0000000000000004,6.214971626150496,4.214971626150495,True,True,False
A04,A,A-SINE,2.0,235,COMMON,220.0,2.0000000000000004,4.241412437548249,2.2414124375482483,True,True,False
A04,A,A-SINE,2.0,283,COMMON,180.0,2.0000000000000004,3.0494946150095794,1.049494615009579,True,True,False
A04,A,A-SINE,2.0,283,COMMON,200.0,2.0000000000000004,1.9391322577421464,-0.060867742257854074,False,False,False
A04,A,A-SINE,2.0,283,COMMON,220.0,2.0000000000000004,3.2550039786334755,1.255003978633475,True,True,False
A04,A,A-SINE,2.0,338,COMMON,180.0,2.0000000000000004,9.981069302003093,7.9810693020030925,True,True,False
A04,A,A-SINE,2.0,338,COMMON,200.0,2.0000000000000004,6.219296303598111,4.21929630359811,True,True,False
A04,A,A-SINE,2.0,338,COMMON,220.0,2.0000000000000004,8.529976639594185,6.529976639594185,True,True,False
A04,A,A-SINE,2.0,FOUR,COMMON_LINE_AMPLITUDE_VARIATION,180.0,2.0000000000000004,7.472123048361256,5.472123048361256,True,True,False
A04,A,A-SINE,2.0,FOUR,COMMON_LINE_AMPLITUDE_VARIATION,200.0,2.0000000000000004,8.148134154135244,6.148134154135244,True,True,False
A04,A,A-SINE,2.0,FOUR,COMMON_LINE_AMPLITUDE_VARIATION,220.0,2.0000000000000004,7.508885148535996,5.508885148535995,True,True,False
A04,A,A-SINE,2.0,FOUR,LINE_SPECIFIC_AMPLITUDE_VARIATION,180.0,2.0000000000000004,7.472123048361256,5.472123048361256,True,True,False
A04,A,A-SINE,2.0,FOUR,LINE_SPECIFIC_AMPLITUDE_VARIATION,200.0,2.0000000000000004,8.148134154135244,6.148134154135244,True,True,False
A04,A,A-SINE,2.0,FOUR,LINE_SPECIFIC_AMPLITUDE_VARIATION,220.0,2.0000000000000004,7.508885148535996,5.508885148535995,True,True,False
A05,A,A-RAMP,0.0,201,COMMON,180.0,0.0,3.7198460016088855,3.7198460016088855,True,True,True
A05,A,A-RAMP,0.0,201,COMMON,200.0,0.0,6.27425940480029,6.27425940480029,True,True,True
A05,A,A-RAMP,0.0,201,COMMON,220.0,0.0,2.9545680498605975,2.9545680498605975,True,True,True
A05,A,A-RAMP,0.0,235,COMMON,180.0,0.0,0.08022789209486803,0.08022789209486803,True,False,True
A05,A,A-RAMP,0.0,235,COMMON,200.0,0.0,3.8142911014427336,3.8142911014427336,True,True,True
A05,A,A-RAMP,0.0,235,COMMON,220.0,0.0,1.6179911532252618,1.6179911532252618,True,True,True
A05,A,A-RAMP,0.0,283,COMMON,180.0,0.0,0.34143019656200124,0.34143019656200124,True,False,True
A05,A,A-RAMP,0.0,283,COMMON,200.0,0.0,0.11450354353709712,0.11450354353709712,True,False,True
A05,A,A-RAMP,0.0,283,COMMON,220.0,0.0,0.13695612047639827,0.13695612047639827,True,False,True
A05,A,A-RAMP,0.0,338,COMMON,180.0,0.0,5.258654093371093,5.258654093371093,True,True,True
A05,A,A-RAMP,0.0,338,COMMON,200.0,0.0,1.377300249989176,1.377300249989176,True,True,True
A05,A,A-RAMP,0.0,338,COMMON,220.0,0.0,3.7744784431198326,3.7744784431198326,True,True,True
A05,A,A-RAMP,0.0,FOUR,COMMON_LINE_AMPLITUDE_VARIATION,180.0,0.0,5.44875425593574,5.44875425593574,True,True,True
A05,A,A-RAMP,0.0,FOUR,COMMON_LINE_AMPLITUDE_VARIATION,200.0,0.0,5.886022214600133,5.886022214600133,True,True,True
A05,A,A-RAMP,0.0,FOUR,COMMON_LINE_AMPLITUDE_VARIATION,220.0,0.0,5.7729500001405425,5.7729500001405425,True,True,True
A05,A,A-RAMP,0.0,FOUR,LINE_SPECIFIC_AMPLITUDE_VARIATION,180.0,0.0,5.44875425593574,5.44875425593574,True,True,True
A05,A,A-RAMP,0.0,FOUR,LINE_SPECIFIC_AMPLITUDE_VARIATION,200.0,0.0,5.886022214600133,5.886022214600133,True,True,True
A05,A,A-RAMP,0.0,FOUR,LINE_SPECIFIC_AMPLITUDE_VARIATION,220.0,0.0,5.7729500001405425,5.7729500001405425,True,True,True
A05,A,A-RAMP,0.25,201,COMMON,180.0,0.25,3.7282374221186094,3.4782374221186094,True,True,True
A05,A,A-RAMP,0.25,201,COMMON,200.0,0.25,6.279238096992731,6.029238096992731,True,True,True
A05,A,A-RAMP,0.25,201,COMMON,220.0,0.25,2.9651260278876945,2.7151260278876945,True,True,True
A05,A,A-RAMP,0.25,235,COMMON,180.0,0.25,0.26255764066198073,0.012557640661980729,True,False,True
A05,A,A-RAMP,0.25,235,COMMON,200.0,0.25,3.8224751937122137,3.5724751937122137,True,True,True
A05,A,A-RAMP,0.25,235,COMMON,220.0,0.25,1.637191305839123,1.387191305839123,True,True,True
A05,A,A-RAMP,0.25,283,COMMON,180.0,0.25,0.4231720443559177,0.1731720443559177,True,False,True
A05,A,A-RAMP,0.25,283,COMMON,200.0,0.25,0.2749746560731587,0.024974656073158685,True,False,True
A05,A,A-RAMP,0.25,283,COMMON,220.0,0.25,0.28505609787539316,0.035056097875393155,True,False,True
A05,A,A-RAMP,0.25,338,COMMON,180.0,0.25,5.26459332462903,5.01459332462903,True,True,True
A05,A,A-RAMP,0.25,338,COMMON,200.0,0.25,1.3998056931661076,1.1498056931661076,True,True,True
A05,A,A-RAMP,0.25,338,COMMON,220.0,0.25,3.782748672272097,3.532748672272097,True,True,True
A05,A,A-RAMP,0.25,FOUR,COMMON_LINE_AMPLITUDE_VARIATION,180.0,0.25,5.454486496598726,5.204486496598726,True,True,True
A05,A,A-RAMP,0.25,FOUR,COMMON_LINE_AMPLITUDE_VARIATION,200.0,0.25,5.89132901056852,5.64132901056852,True,True,True
A05,A,A-RAMP,0.25,FOUR,COMMON_LINE_AMPLITUDE_VARIATION,220.0,0.25,5.7783606415766995,5.5283606415766995,True,True,True
A05,A,A-RAMP,0.25,FOUR,LINE_SPECIFIC_AMPLITUDE_VARIATION,180.0,0.25,5.454486496598726,5.204486496598726,True,True,True
A05,A,A-RAMP,0.25,FOUR,LINE_SPECIFIC_AMPLITUDE_VARIATION,200.0,0.25,5.89132901056852,5.64132901056852,True,True,True
A05,A,A-RAMP,0.25,FOUR,LINE_SPECIFIC_AMPLITUDE_VARIATION,220.0,0.25,5.7783606415766995,5.5283606415766995,True,True,True
A05,A,A-RAMP,0.5,201,COMMON,180.0,0.5,3.753299118866709,3.253299118866709,True,True,True
A05,A,A-RAMP,0.5,201,COMMON,200.0,0.5,6.294150544650556,5.794150544650556,True,True,True
A05,A,A-RAMP,0.5,201,COMMON,220.0,0.5,2.996576773796569,2.496576773796569,True,True,True
A05,A,A-RAMP,0.5,235,COMMON,180.0,0.5,0.5063956108320705,0.00639561083207052,True,False,True
A05,A,A-RAMP,0.5,235,COMMON,200.0,0.5,3.8469230050191054,3.3469230050191054,True,True,True
A05,A,A-RAMP,0.5,235,COMMON,220.0,0.5,1.693486159351535,1.193486159351535,True,True,True
A05,A,A-RAMP,0.5,283,COMMON,180.0,0.5,0.6054540272591857,0.10545402725918573,True,False,True
A05,A,A-RAMP,0.5,283,COMMON,200.0,0.5,0.5129435266016639,0.012943526601663868,True,False,True
A05,A,A-RAMP,0.5,283,COMMON,220.0,0.5,0.5184177648730276,0.018417764873027598,True,False,True
A05,A,A-RAMP,0.5,338,COMMON,180.0,0.5,5.282370951923817,4.782370951923817,True,True,True
A05,A,A-RAMP,0.5,338,COMMON,200.0,0.5,1.465249459518838,0.9652494595188379,True,True,True
A05,A,A-RAMP,0.5,338,COMMON,220.0,0.5,3.8074515778373748,3.3074515778373748,True,True,True
A05,A,A-RAMP,0.5,FOUR,COMMON_LINE_AMPLITUDE_VARIATION,180.0,0.5,5.471647187235106,4.971647187235106,True,True,True
A05,A,A-RAMP,0.5,FOUR,COMMON_LINE_AMPLITUDE_VARIATION,200.0,0.5,5.907220794143914,5.407220794143914,True,True,True
A05,A,A-RAMP,0.5,FOUR,COMMON_LINE_AMPLITUDE_VARIATION,220.0,0.5,5.794562253019867,5.294562253019867,True,True,True
A05,A,A-RAMP,0.5,FOUR,LINE_SPECIFIC_AMPLITUDE_VARIATION,180.0,0.5,5.471647187235106,4.971647187235106,True,True,True
A05,A,A-RAMP,0.5,FOUR,LINE_SPECIFIC_AMPLITUDE_VARIATION,200.0,0.5,5.907220794143914,5.407220794143914,True,True,True
A05,A,A-RAMP,0.5,FOUR,LINE_SPECIFIC_AMPLITUDE_VARIATION,220.0,0.5,5.794562253019867,5.294562253019867,True,True,True
A05,A,A-RAMP,1.0,201,COMMON,180.0,1.0,3.8519156631065554,2.8519156631065554,True,True,True
A05,A,A-RAMP,1.0,201,COMMON,200.0,1.0,6.353450328658035,5.353450328658035,True,True,True
A05,A,A-RAMP,1.0,201,COMMON,220.0,1.0,3.119210214342255,2.119210214342255,True,True,True
A05,A,A-RAMP,1.0,235,COMMON,180.0,1.0,1.0032130953441476,0.0032130953441475985,True,False,True
A05,A,A-RAMP,1.0,235,COMMON,200.0,1.0,3.943198778472273,2.943198778472273,True,True,True
A05,A,A-RAMP,1.0,235,COMMON,220.0,1.0,1.9020765946499665,0.9020765946499665,True,True,True
A05,A,A-RAMP,1.0,283,COMMON,180.0,1.0,1.056680925882722,0.05668092588272211,True,False,True
A05,A,A-RAMP,1.0,283,COMMON,200.0,1.0,1.006534182967748,0.006534182967748103,True,False,True
A05,A,A-RAMP,1.0,283,COMMON,220.0,1.0,1.0093349191105725,0.009334919110572493,True,False,True
A05,A,A-RAMP,1.0,338,COMMON,180.0,1.0,5.352891076206253,4.352891076206253,True,True,True
A05,A,A-RAMP,1.0,338,COMMON,200.0,1.0,1.7020446464826493,0.7020446464826493,True,True,True
A05,A,A-RAMP,1.0,338,COMMON,220.0,1.0,3.9047006950054843,2.9047006950054843,True,True,True
A05,A,A-RAMP,1.0,FOUR,COMMON_LINE_AMPLITUDE_VARIATION,180.0,1.0,5.539758382960203,4.539758382960203,True,True,True
A05,A,A-RAMP,1.0,FOUR,COMMON_LINE_AMPLITUDE_VARIATION,200.0,1.0,5.970364939496266,4.970364939496266,True,True,True
A05,A,A-RAMP,1.0,FOUR,COMMON_LINE_AMPLITUDE_VARIATION,220.0,1.0,5.858920694472889,4.858920694472889,True,True,True
A05,A,A-RAMP,1.0,FOUR,LINE_SPECIFIC_AMPLITUDE_VARIATION,180.0,1.0,5.539758382960203,4.539758382960203,True,True,True
A05,A,A-RAMP,1.0,FOUR,LINE_SPECIFIC_AMPLITUDE_VARIATION,200.0,1.0,5.970364939496266,4.970364939496266,True,True,True
A05,A,A-RAMP,1.0,FOUR,LINE_SPECIFIC_AMPLITUDE_VARIATION,220.0,1.0,5.858920694472889,4.858920694472889,True,True,True
A05,A,A-RAMP,2.0,201,COMMON,180.0,2.0,4.223417369345068,2.223417369345068,True,True,True
A05,A,A-RAMP,2.0,201,COMMON,200.0,2.0,6.585311767769609,4.585311767769609,True,True,True
A05,A,A-RAMP,2.0,201,COMMON,220.0,2.0,3.5678386119970527,1.5678386119970527,True,True,True
A05,A,A-RAMP,2.0,235,COMMON,180.0,2.0,2.00160848186402,0.0016084818640198506,True,False,True
A05,A,A-RAMP,2.0,235,COMMON,200.0,2.0,4.306833710110622,2.306833710110622,True,True,True
A05,A,A-RAMP,2.0,235,COMMON,220.0,2.0,2.5725270400746445,0.5725270400746445,True,True,True
A05,A,A-RAMP,2.0,283,COMMON,180.0,2.0,2.0289343456909505,0.028934345690950547,True,False,True
A05,A,A-RAMP,2.0,283,COMMON,200.0,2.0,2.0032750838271194,0.003275083827119385,True,False,True
A05,A,A-RAMP,2.0,283,COMMON,220.0,2.0,2.004683760331276,0.004683760331276154,True,False,True
A05,A,A-RAMP,2.0,338,COMMON,180.0,2.0,5.626139251185358,3.626139251185358,True,True,True
A05,A,A-RAMP,2.0,338,COMMON,200.0,2.0,2.4283648775709645,0.42836487757096453,True,False,True
A05,A,A-RAMP,2.0,338,COMMON,220.0,2.0,4.271614158321924,2.271614158321924,True,True,True
A05,A,A-RAMP,2.0,FOUR,COMMON_LINE_AMPLITUDE_VARIATION,180.0,2.0,5.804215962692794,3.804215962692794,True,True,True
A05,A,A-RAMP,2.0,FOUR,COMMON_LINE_AMPLITUDE_VARIATION,200.0,2.0,6.216530986874131,4.216530986874131,True,True,True
A05,A,A-RAMP,2.0,FOUR,COMMON_LINE_AMPLITUDE_VARIATION,220.0,2.0,6.1095786846658005,4.1095786846658005,True,True,True
A05,A,A-RAMP,2.0,FOUR,LINE_SPECIFIC_AMPLITUDE_VARIATION,180.0,2.0,5.804215962692794,3.804215962692794,True,True,True
A05,A,A-RAMP,2.0,FOUR,LINE_SPECIFIC_AMPLITUDE_VARIATION,200.0,2.0,6.216530986874131,4.216530986874131,True,True,True
A05,A,A-RAMP,2.0,FOUR,LINE_SPECIFIC_AMPLITUDE_VARIATION,220.0,2.0,6.1095786846658005,4.1095786846658005,True,True,True
A05,A,A-SINE,0.0,201,COMMON,180.0,0.0,3.7198460016088855,3.7198460016088855,True,True,True
A05,A,A-SINE,0.0,201,COMMON,200.0,0.0,6.27425940480029,6.27425940480029,True,True,True
A05,A,A-SINE,0.0,201,COMMON,220.0,0.0,2.9545680498605975,2.9545680498605975,True,True,True
A05,A,A-SINE,0.0,235,COMMON,180.0,0.0,0.08022789209486803,0.08022789209486803,True,False,True
A05,A,A-SINE,0.0,235,COMMON,200.0,0.0,3.8142911014427336,3.8142911014427336,True,True,True
A05,A,A-SINE,0.0,235,COMMON,220.0,0.0,1.6179911532252618,1.6179911532252618,True,True,True
A05,A,A-SINE,0.0,283,COMMON,180.0,0.0,0.34143019656200124,0.34143019656200124,True,False,True
A05,A,A-SINE,0.0,283,COMMON,200.0,0.0,0.11450354353709712,0.11450354353709712,True,False,True
A05,A,A-SINE,0.0,283,COMMON,220.0,0.0,0.13695612047639827,0.13695612047639827,True,False,True
A05,A,A-SINE,0.0,338,COMMON,180.0,0.0,5.258654093371093,5.258654093371093,True,True,True
A05,A,A-SINE,0.0,338,COMMON,200.0,0.0,1.377300249989176,1.377300249989176,True,True,True
A05,A,A-SINE,0.0,338,COMMON,220.0,0.0,3.7744784431198326,3.7744784431198326,True,True,True
A05,A,A-SINE,0.0,FOUR,COMMON_LINE_AMPLITUDE_VARIATION,180.0,0.0,5.44875425593574,5.44875425593574,True,True,True
A05,A,A-SINE,0.0,FOUR,COMMON_LINE_AMPLITUDE_VARIATION,200.0,0.0,5.886022214600133,5.886022214600133,True,True,True
A05,A,A-SINE,0.0,FOUR,COMMON_LINE_AMPLITUDE_VARIATION,220.0,0.0,5.7729500001405425,5.7729500001405425,True,True,True
A05,A,A-SINE,0.0,FOUR,LINE_SPECIFIC_AMPLITUDE_VARIATION,180.0,0.0,5.44875425593574,5.44875425593574,True,True,True
A05,A,A-SINE,0.0,FOUR,LINE_SPECIFIC_AMPLITUDE_VARIATION,200.0,0.0,5.886022214600133,5.886022214600133,True,True,True
A05,A,A-SINE,0.0,FOUR,LINE_SPECIFIC_AMPLITUDE_VARIATION,220.0,0.0,5.7729500001405425,5.7729500001405425,True,True,True
A05,A,A-SINE,0.25,201,COMMON,180.0,0.24999999999999994,3.72823742211861,3.47823742211861,True,True,True
A05,A,A-SINE,0.25,201,COMMON,200.0,0.25000000000000006,6.279238096992731,6.029238096992731,True,True,True
A05,A,A-SINE,0.25,201,COMMON,220.0,0.24999999999999994,2.965126027887694,2.715126027887694,True,True,True
A05,A,A-SINE,0.25,235,COMMON,180.0,0.25,0.26255764066198073,0.012557640661980729,True,False,True
A05,A,A-SINE,0.25,235,COMMON,200.0,0.24999999999999997,3.8224751937122132,3.5724751937122132,True,True,True
A05,A,A-SINE,0.25,235,COMMON,220.0,0.24999999999999994,1.637191305839123,1.387191305839123,True,True,True
A05,A,A-SINE,0.25,283,COMMON,180.0,0.25,0.4231720443559177,0.1731720443559177,True,False,True
A05,A,A-SINE,0.25,283,COMMON,200.0,0.25,0.2749746560731587,0.024974656073158685,True,False,True
A05,A,A-SINE,0.25,283,COMMON,220.0,0.24999999999999994,0.2850560978753931,0.035056097875393155,True,False,True
A05,A,A-SINE,0.25,338,COMMON,180.0,0.25000000000000006,5.26459332462903,5.01459332462903,True,True,True
A05,A,A-SINE,0.25,338,COMMON,200.0,0.24999999999999994,1.3998056931661076,1.1498056931661076,True,True,True
A05,A,A-SINE,0.25,338,COMMON,220.0,0.25000000000000006,3.782748672272097,3.532748672272097,True,True,True
A05,A,A-SINE,0.25,FOUR,COMMON_LINE_AMPLITUDE_VARIATION,180.0,0.25,5.454486496598726,5.204486496598726,True,True,True
A05,A,A-SINE,0.25,FOUR,COMMON_LINE_AMPLITUDE_VARIATION,200.0,0.25,5.891329010568519,5.641329010568519,True,True,True
A05,A,A-SINE,0.25,FOUR,COMMON_LINE_AMPLITUDE_VARIATION,220.0,0.24999999999999997,5.7783606415766995,5.5283606415766995,True,True,True
A05,A,A-SINE,0.25,FOUR,LINE_SPECIFIC_AMPLITUDE_VARIATION,180.0,0.25,5.454486496598726,5.204486496598726,True,True,True
A05,A,A-SINE,0.25,FOUR,LINE_SPECIFIC_AMPLITUDE_VARIATION,200.0,0.25,5.891329010568519,5.641329010568519,True,True,True
A05,A,A-SINE,0.25,FOUR,LINE_SPECIFIC_AMPLITUDE_VARIATION,220.0,0.24999999999999997,5.7783606415766995,5.5283606415766995,True,True,True
A05,A,A-SINE,0.5,201,COMMON,180.0,0.5,3.753299118866709,3.253299118866709,True,True,True
A05,A,A-SINE,0.5,201,COMMON,200.0,0.4999999999999999,6.294150544650556,5.794150544650556,True,True,True
A05,A,A-SINE,0.5,201,COMMON,220.0,0.5,2.996576773796569,2.496576773796569,True,True,True
A05,A,A-SINE,0.5,235,COMMON,180.0,0.5,0.5063956108320705,0.00639561083207052,True,False,True
A05,A,A-SINE,0.5,235,COMMON,200.0,0.49999999999999994,3.846923005019106,3.346923005019106,True,True,True
A05,A,A-SINE,0.5,235,COMMON,220.0,0.5,1.693486159351535,1.193486159351535,True,True,True
A05,A,A-SINE,0.5,283,COMMON,180.0,0.5,0.6054540272591857,0.10545402725918573,True,False,True
A05,A,A-SINE,0.5,283,COMMON,200.0,0.5,0.512943526601664,0.01294352660166398,True,False,True
A05,A,A-SINE,0.5,283,COMMON,220.0,0.5,0.5184177648730276,0.018417764873027598,True,False,True
A05,A,A-SINE,0.5,338,COMMON,180.0,0.4999999999999999,5.282370951923817,4.782370951923817,True,True,True
A05,A,A-SINE,0.5,338,COMMON,200.0,0.5,1.465249459518838,0.9652494595188379,True,True,True
A05,A,A-SINE,0.5,338,COMMON,220.0,0.4999999999999999,3.8074515778373748,3.3074515778373748,True,True,True
A05,A,A-SINE,0.5,FOUR,COMMON_LINE_AMPLITUDE_VARIATION,180.0,0.5,5.471647187235106,4.971647187235106,True,True,True
A05,A,A-SINE,0.5,FOUR,COMMON_LINE_AMPLITUDE_VARIATION,200.0,0.49999999999999994,5.907220794143914,5.407220794143914,True,True,True
A05,A,A-SINE,0.5,FOUR,COMMON_LINE_AMPLITUDE_VARIATION,220.0,0.5,5.794562253019867,5.294562253019867,True,True,True
A05,A,A-SINE,0.5,FOUR,LINE_SPECIFIC_AMPLITUDE_VARIATION,180.0,0.5,5.471647187235106,4.971647187235106,True,True,True
A05,A,A-SINE,0.5,FOUR,LINE_SPECIFIC_AMPLITUDE_VARIATION,200.0,0.49999999999999994,5.907220794143914,5.407220794143914,True,True,True
A05,A,A-SINE,0.5,FOUR,LINE_SPECIFIC_AMPLITUDE_VARIATION,220.0,0.5,5.794562253019867,5.294562253019867,True,True,True
A05,A,A-SINE,1.0,201,COMMON,180.0,1.0,3.851915663106556,2.851915663106556,True,True,True
A05,A,A-SINE,1.0,201,COMMON,200.0,1.0,6.353450328658035,5.353450328658035,True,True,True
A05,A,A-SINE,1.0,201,COMMON,220.0,1.0,3.1192102143422544,2.1192102143422544,True,True,True
A05,A,A-SINE,1.0,235,COMMON,180.0,1.0,1.0032130953441476,0.0032130953441475985,True,False,True
A05,A,A-SINE,1.0,235,COMMON,200.0,1.0,3.943198778472273,2.943198778472273,True,True,True
A05,A,A-SINE,1.0,235,COMMON,220.0,1.0,1.9020765946499665,0.9020765946499665,True,True,True
A05,A,A-SINE,1.0,283,COMMON,180.0,1.0,1.056680925882722,0.05668092588272211,True,False,True
A05,A,A-SINE,1.0,283,COMMON,200.0,1.0,1.006534182967748,0.006534182967748103,True,False,True
A05,A,A-SINE,1.0,283,COMMON,220.0,1.0,1.0093349191105725,0.009334919110572493,True,False,True
A05,A,A-SINE,1.0,338,COMMON,180.0,1.0,5.352891076206253,4.352891076206253,True,True,True
A05,A,A-SINE,1.0,338,COMMON,200.0,1.0,1.7020446464826493,0.7020446464826493,True,True,True
A05,A,A-SINE,1.0,338,COMMON,220.0,1.0,3.904700695005485,2.904700695005485,True,True,True
A05,A,A-SINE,1.0,FOUR,COMMON_LINE_AMPLITUDE_VARIATION,180.0,1.0,5.539758382960203,4.539758382960203,True,True,True
A05,A,A-SINE,1.0,FOUR,COMMON_LINE_AMPLITUDE_VARIATION,200.0,1.0,5.970364939496267,4.970364939496267,True,True,True
A05,A,A-SINE,1.0,FOUR,COMMON_LINE_AMPLITUDE_VARIATION,220.0,1.0,5.858920694472889,4.858920694472889,True,True,True
A05,A,A-SINE,1.0,FOUR,LINE_SPECIFIC_AMPLITUDE_VARIATION,180.0,1.0,5.539758382960203,4.539758382960203,True,True,True
A05,A,A-SINE,1.0,FOUR,LINE_SPECIFIC_AMPLITUDE_VARIATION,200.0,1.0,5.970364939496267,4.970364939496267,True,True,True
A05,A,A-SINE,1.0,FOUR,LINE_SPECIFIC_AMPLITUDE_VARIATION,220.0,1.0,5.858920694472889,4.858920694472889,True,True,True
A05,A,A-SINE,2.0,201,COMMON,180.0,2.0,4.223417369345068,2.223417369345068,True,True,True
A05,A,A-SINE,2.0,201,COMMON,200.0,2.0,6.585311767769609,4.585311767769609,True,True,True
A05,A,A-SINE,2.0,201,COMMON,220.0,2.0,3.5678386119970527,1.5678386119970527,True,True,True
A05,A,A-SINE,2.0,235,COMMON,180.0,2.0,2.00160848186402,0.0016084818640198506,True,False,True
A05,A,A-SINE,2.0,235,COMMON,200.0,2.0,4.306833710110622,2.306833710110622,True,True,True
A05,A,A-SINE,2.0,235,COMMON,220.0,2.0,2.572527040074645,0.5725270400746449,True,True,True
A05,A,A-SINE,2.0,283,COMMON,180.0,2.0,2.028934345690951,0.02893434569095099,True,False,True
A05,A,A-SINE,2.0,283,COMMON,200.0,2.0,2.0032750838271194,0.003275083827119385,True,False,True
A05,A,A-SINE,2.0,283,COMMON,220.0,2.0,2.004683760331276,0.004683760331276154,True,False,True
A05,A,A-SINE,2.0,338,COMMON,180.0,2.0,5.626139251185358,3.626139251185358,True,True,True
A05,A,A-SINE,2.0,338,COMMON,200.0,2.0,2.428364877570965,0.428364877570965,True,False,True
A05,A,A-SINE,2.0,338,COMMON,220.0,2.0,4.271614158321924,2.271614158321924,True,True,True
A05,A,A-SINE,2.0,FOUR,COMMON_LINE_AMPLITUDE_VARIATION,180.0,2.0,5.804215962692794,3.804215962692794,True,True,True
A05,A,A-SINE,2.0,FOUR,COMMON_LINE_AMPLITUDE_VARIATION,200.0,2.0,6.216530986874131,4.216530986874131,True,True,True
A05,A,A-SINE,2.0,FOUR,COMMON_LINE_AMPLITUDE_VARIATION,220.0,2.0,6.1095786846658005,4.1095786846658005,True,True,True
A05,A,A-SINE,2.0,FOUR,LINE_SPECIFIC_AMPLITUDE_VARIATION,180.0,2.0,5.804215962692794,3.804215962692794,True,True,True
A05,A,A-SINE,2.0,FOUR,LINE_SPECIFIC_AMPLITUDE_VARIATION,200.0,2.0,6.216530986874131,4.216530986874131,True,True,True
A05,A,A-SINE,2.0,FOUR,LINE_SPECIFIC_AMPLITUDE_VARIATION,220.0,2.0,6.1095786846658005,4.1095786846658005,True,True,True
A06,A,A-RAMP,0.0,201,COMMON,180.0,0.0,4.595190747535326,4.595190747535326,True,True,False
A06,A,A-RAMP,0.0,201,COMMON,200.0,0.0,6.943239914791219,6.943239914791219,True,True,False
A06,A,A-RAMP,0.0,201,COMMON,220.0,0.0,3.9420196281297866,3.9420196281297866,True,True,False
A06,A,A-RAMP,0.0,235,COMMON,180.0,0.0,2.076799315232921,2.076799315232921,True,True,False
A06,A,A-RAMP,0.0,235,COMMON,200.0,0.0,4.994427719213072,4.994427719213072,True,True,False
A06,A,A-RAMP,0.0,235,COMMON,220.0,0.0,3.2045195098103862,3.2045195098103862,True,True,False
A06,A,A-RAMP,0.0,283,COMMON,180.0,0.0,1.837844090862054,1.837844090862054,True,True,False
A06,A,A-RAMP,0.0,283,COMMON,200.0,0.0,3.338502143312868,3.338502143312868,True,True,False
A06,A,A-RAMP,0.0,283,COMMON,220.0,0.0,2.1381982465607567,2.1381982465607567,True,True,False
A06,A,A-RAMP,0.0,338,COMMON,180.0,0.0,8.163466099224074,8.163466099224074,True,True,False
A06,A,A-RAMP,0.0,338,COMMON,200.0,0.0,4.910045881104592,4.910045881104592,True,True,False
A06,A,A-RAMP,0.0,338,COMMON,220.0,0.0,6.84251987460911,6.84251987460911,True,True,False
A06,A,A-RAMP,0.0,FOUR,COMMON_LINE_AMPLITUDE_VARIATION,180.0,0.0,5.524453132860109,5.524453132860109,True,True,False
A06,A,A-RAMP,0.0,FOUR,COMMON_LINE_AMPLITUDE_VARIATION,200.0,0.0,6.365661849378607,6.365661849378607,True,True,False
A06,A,A-RAMP,0.0,FOUR,COMMON_LINE_AMPLITUDE_VARIATION,220.0,0.0,5.465108406101473,5.465108406101473,True,True,False
A06,A,A-RAMP,0.0,FOUR,LINE_SPECIFIC_AMPLITUDE_VARIATION,180.0,0.0,5.524453132860109,5.524453132860109,True,True,False
A06,A,A-RAMP,0.0,FOUR,LINE_SPECIFIC_AMPLITUDE_VARIATION,200.0,0.0,6.365661849378607,6.365661849378607,True,True,False
A06,A,A-RAMP,0.0,FOUR,LINE_SPECIFIC_AMPLITUDE_VARIATION,220.0,0.0,5.465108406101473,5.465108406101473,True,True,False
A06,A,A-RAMP,0.25,201,COMMON,180.0,0.25,4.614320516509496,4.364320516509496,True,True,False
A06,A,A-RAMP,0.25,201,COMMON,200.0,0.25,6.955915204859542,6.705915204859542,True,True,False
A06,A,A-RAMP,0.25,201,COMMON,220.0,0.25,3.964302532780098,3.714302532780098,True,True,False
A06,A,A-RAMP,0.25,235,COMMON,180.0,0.25,2.1346331956270124,1.8846331956270124,True,True,False
A06,A,A-RAMP,0.25,235,COMMON,200.0,0.25,4.951129165051118,4.701129165051118,True,True,False
A06,A,A-RAMP,0.25,235,COMMON,220.0,0.25,3.1366091652182764,2.8866091652182764,True,True,False
A06,A,A-RAMP,0.25,283,COMMON,180.0,0.25,1.8916495713650927,1.6416495713650927,True,True,False
A06,A,A-RAMP,0.25,283,COMMON,200.0,0.25,3.498726525663888,3.248726525663888,True,True,False
A06,A,A-RAMP,0.25,283,COMMON,220.0,0.25,2.184618717333683,1.934618717333683,True,True,False
A06,A,A-RAMP,0.25,338,COMMON,180.0,0.25,8.147199407856839,7.897199407856839,True,True,False
A06,A,A-RAMP,0.25,338,COMMON,200.0,0.25,4.882952999236658,4.632952999236658,True,True,False
A06,A,A-RAMP,0.25,338,COMMON,220.0,0.25,6.823104694537728,6.573104694537728,True,True,False
A06,A,A-RAMP,0.25,FOUR,COMMON_LINE_AMPLITUDE_VARIATION,180.0,0.25,5.556290595722642,5.306290595722642,True,True,False
A06,A,A-RAMP,0.25,FOUR,COMMON_LINE_AMPLITUDE_VARIATION,200.0,0.25,6.393999807155216,6.143999807155216,True,True,False
A06,A,A-RAMP,0.25,FOUR,COMMON_LINE_AMPLITUDE_VARIATION,220.0,0.25,5.497289573725308,5.247289573725308,True,True,False
A06,A,A-RAMP,0.25,FOUR,LINE_SPECIFIC_AMPLITUDE_VARIATION,180.0,0.25,5.556290595722642,5.306290595722642,True,True,False
A06,A,A-RAMP,0.25,FOUR,LINE_SPECIFIC_AMPLITUDE_VARIATION,200.0,0.25,6.393999807155216,6.143999807155216,True,True,False
A06,A,A-RAMP,0.25,FOUR,LINE_SPECIFIC_AMPLITUDE_VARIATION,220.0,0.25,5.497289573725308,5.247289573725308,True,True,False
A06,A,A-RAMP,0.5,201,COMMON,180.0,0.5,4.646840824896701,4.146840824896701,True,True,False
A06,A,A-RAMP,0.5,201,COMMON,200.0,0.5,6.977530520179927,6.477530520179927,True,True,False
A06,A,A-RAMP,0.5,201,COMMON,220.0,0.5,4.002108243695177,3.5021082436951767,True,True,False
A06,A,A-RAMP,0.5,235,COMMON,180.0,0.5,2.219284200816483,1.719284200816483,True,True,False
A06,A,A-RAMP,0.5,235,COMMON,200.0,0.5,4.920167860510013,4.420167860510013,True,True,False
A06,A,A-RAMP,0.5,235,COMMON,220.0,0.5,3.087505274798277,2.587505274798277,True,True,False
A06,A,A-RAMP,0.5,283,COMMON,180.0,0.5,1.9758555866699645,1.4758555866699645,True,True,False
A06,A,A-RAMP,0.5,283,COMMON,200.0,0.5,3.6690023224118553,3.1690023224118553,True,True,False
A06,A,A-RAMP,0.5,283,COMMON,220.0,0.5,2.257925184467775,1.757925184467775,True,True,False
A06,A,A-RAMP,0.5,338,COMMON,180.0,0.5,8.138583269192798,7.638583269192798,True,True,False
A06,A,A-RAMP,0.5,338,COMMON,200.0,0.5,4.8685633847117975,4.3685633847117975,True,True,False
A06,A,A-RAMP,0.5,338,COMMON,220.0,0.5,6.812814184375272,6.312814184375272,True,True,False
A06,A,A-RAMP,0.5,FOUR,COMMON_LINE_AMPLITUDE_VARIATION,180.0,0.5,5.599120283675273,5.099120283675273,True,True,False
A06,A,A-RAMP,0.5,FOUR,COMMON_LINE_AMPLITUDE_VARIATION,200.0,0.5,6.4319372110716095,5.9319372110716095,True,True,False
A06,A,A-RAMP,0.5,FOUR,COMMON_LINE_AMPLITUDE_VARIATION,220.0,0.5,5.540575369430234,5.040575369430234,True,True,False
A06,A,A-RAMP,0.5,FOUR,LINE_SPECIFIC_AMPLITUDE_VARIATION,180.0,0.5,5.599120283675273,5.099120283675273,True,True,False
A06,A,A-RAMP,0.5,FOUR,LINE_SPECIFIC_AMPLITUDE_VARIATION,200.0,0.5,6.4319372110716095,5.9319372110716095,True,True,False
A06,A,A-RAMP,0.5,FOUR,LINE_SPECIFIC_AMPLITUDE_VARIATION,220.0,0.5,5.540575369430234,5.040575369430234,True,True,False
A06,A,A-RAMP,1.0,201,COMMON,180.0,1.0,4.750840062306776,3.750840062306776,True,True,False
A06,A,A-RAMP,1.0,201,COMMON,200.0,1.0,7.047218160787613,6.047218160787613,True,True,False
A06,A,A-RAMP,1.0,201,COMMON,220.0,1.0,4.122404885494059,3.122404885494059,True,True,False
A06,A,A-RAMP,1.0,235,COMMON,180.0,1.0,2.4571018156021496,1.4571018156021496,True,True,False
A06,A,A-RAMP,1.0,235,COMMON,200.0,1.0,4.8961000100842975,3.8961000100842975,True,True,False
A06,A,A-RAMP,1.0,235,COMMON,220.0,1.0,3.049005141855122,2.049005141855122,True,True,False
A06,A,A-RAMP,1.0,283,COMMON,180.0,1.0,2.2204368255893367,1.2204368255893367,True,True,False
A06,A,A-RAMP,1.0,283,COMMON,200.0,1.0,3.959125259538586,2.959125259538586,True,True,False
A06,A,A-RAMP,1.0,283,COMMON,220.0,1.0,2.4747849473665737,1.4747849473665737,True,True,False
A06,A,A-RAMP,1.0,338,COMMON,180.0,1.0,8.144378214817209,7.144378214817209,True,True,False
A06,A,A-RAMP,1.0,338,COMMON,200.0,1.0,4.878244387826486,3.878244387826486,True,True,False
A06,A,A-RAMP,1.0,338,COMMON,220.0,1.0,6.819735771071275,5.819735771071275,True,True,False
A06,A,A-RAMP,1.0,FOUR,COMMON_LINE_AMPLITUDE_VARIATION,180.0,1.0,5.716704775039538,4.716704775039538,True,True,False
A06,A,A-RAMP,1.0,FOUR,COMMON_LINE_AMPLITUDE_VARIATION,200.0,1.0,6.535899463249186,5.535899463249186,True,True,False
A06,A,A-RAMP,1.0,FOUR,COMMON_LINE_AMPLITUDE_VARIATION,220.0,1.0,5.659376375382094,4.659376375382094,True,True,False
A06,A,A-RAMP,1.0,FOUR,LINE_SPECIFIC_AMPLITUDE_VARIATION,180.0,1.0,5.716704775039538,4.716704775039538,True,True,False
A06,A,A-RAMP,1.0,FOUR,LINE_SPECIFIC_AMPLITUDE_VARIATION,200.0,1.0,6.535899463249186,5.535899463249186,True,True,False
A06,A,A-RAMP,1.0,FOUR,LINE_SPECIFIC_AMPLITUDE_VARIATION,220.0,1.0,5.659376375382094,4.659376375382094,True,True,False
A06,A,A-RAMP,2.0,201,COMMON,180.0,2.0,5.1014884679869485,3.1014884679869485,True,True,False
A06,A,A-RAMP,2.0,201,COMMON,200.0,2.0,7.28820877151029,5.28820877151029,True,True,False
A06,A,A-RAMP,2.0,201,COMMON,220.0,2.0,4.522048797981957,2.522048797981957,True,True,False
A06,A,A-RAMP,2.0,235,COMMON,180.0,2.0,2.870230347039316,0.8702303470393158,True,True,False
A06,A,A-RAMP,2.0,235,COMMON,200.0,2.0,4.999928236990111,2.999928236990111,True,True,False
A06,A,A-RAMP,2.0,235,COMMON,220.0,2.0,3.2130856542212727,1.2130856542212727,True,True,False
A06,A,A-RAMP,2.0,283,COMMON,180.0,2.0,2.582770974784494,0.582770974784494,True,True,False
A06,A,A-RAMP,2.0,283,COMMON,200.0,2.0,4.121565610611845,2.121565610611845,True,True,False
A06,A,A-RAMP,2.0,283,COMMON,220.0,2.0,2.740141370109766,0.7401413701097659,True,True,False
A06,A,A-RAMP,2.0,338,COMMON,180.0,2.0,8.247400454615843,6.247400454615843,True,True,False
A06,A,A-RAMP,2.0,338,COMMON,200.0,2.0,5.048364691676807,3.048364691676807,True,True,False
A06,A,A-RAMP,2.0,338,COMMON,220.0,2.0,6.942442923066603,4.942442923066603,True,True,False
A06,A,A-RAMP,2.0,FOUR,COMMON_LINE_AMPLITUDE_VARIATION,180.0,2.0,6.069748310494583,4.069748310494583,True,True,False
A06,A,A-RAMP,2.0,FOUR,COMMON_LINE_AMPLITUDE_VARIATION,200.0,2.0,6.722641395713265,4.722641395713265,True,True,False
A06,A,A-RAMP,2.0,FOUR,COMMON_LINE_AMPLITUDE_VARIATION,220.0,2.0,6.0157852376913326,4.0157852376913326,True,True,False
A06,A,A-RAMP,2.0,FOUR,LINE_SPECIFIC_AMPLITUDE_VARIATION,180.0,2.0,6.069748310494583,4.069748310494583,True,True,False
A06,A,A-RAMP,2.0,FOUR,LINE_SPECIFIC_AMPLITUDE_VARIATION,200.0,2.0,6.722641395713265,4.722641395713265,True,True,False
A06,A,A-RAMP,2.0,FOUR,LINE_SPECIFIC_AMPLITUDE_VARIATION,220.0,2.0,6.0157852376913326,4.0157852376913326,True,True,False
A06,A,A-SINE,0.0,201,COMMON,180.0,0.0,4.595190747535326,4.595190747535326,True,True,False
A06,A,A-SINE,0.0,201,COMMON,200.0,0.0,6.943239914791219,6.943239914791219,True,True,False
A06,A,A-SINE,0.0,201,COMMON,220.0,0.0,3.9420196281297866,3.9420196281297866,True,True,False
A06,A,A-SINE,0.0,235,COMMON,180.0,0.0,2.076799315232921,2.076799315232921,True,True,False
A06,A,A-SINE,0.0,235,COMMON,200.0,0.0,4.994427719213072,4.994427719213072,True,True,False
A06,A,A-SINE,0.0,235,COMMON,220.0,0.0,3.2045195098103862,3.2045195098103862,True,True,False
A06,A,A-SINE,0.0,283,COMMON,180.0,0.0,1.837844090862054,1.837844090862054,True,True,False
A06,A,A-SINE,0.0,283,COMMON,200.0,0.0,3.338502143312868,3.338502143312868,True,True,False
A06,A,A-SINE,0.0,283,COMMON,220.0,0.0,2.1381982465607567,2.1381982465607567,True,True,False
A06,A,A-SINE,0.0,338,COMMON,180.0,0.0,8.163466099224074,8.163466099224074,True,True,False
A06,A,A-SINE,0.0,338,COMMON,200.0,0.0,4.910045881104592,4.910045881104592,True,True,False
A06,A,A-SINE,0.0,338,COMMON,220.0,0.0,6.84251987460911,6.84251987460911,True,True,False
A06,A,A-SINE,0.0,FOUR,COMMON_LINE_AMPLITUDE_VARIATION,180.0,0.0,5.524453132860109,5.524453132860109,True,True,False
A06,A,A-SINE,0.0,FOUR,COMMON_LINE_AMPLITUDE_VARIATION,200.0,0.0,6.365661849378607,6.365661849378607,True,True,False
A06,A,A-SINE,0.0,FOUR,COMMON_LINE_AMPLITUDE_VARIATION,220.0,0.0,5.465108406101473,5.465108406101473,True,True,False
A06,A,A-SINE,0.0,FOUR,LINE_SPECIFIC_AMPLITUDE_VARIATION,180.0,0.0,5.524453132860109,5.524453132860109,True,True,False
A06,A,A-SINE,0.0,FOUR,LINE_SPECIFIC_AMPLITUDE_VARIATION,200.0,0.0,6.365661849378607,6.365661849378607,True,True,False
A06,A,A-SINE,0.0,FOUR,LINE_SPECIFIC_AMPLITUDE_VARIATION,220.0,0.0,5.465108406101473,5.465108406101473,True,True,False
A06,A,A-SINE,0.25,201,COMMON,180.0,0.25,4.556390700110369,4.306390700110369,True,True,False
A06,A,A-SINE,0.25,201,COMMON,200.0,0.25000000000000006,6.917622331420526,6.667622331420526,True,True,False
A06,A,A-SINE,0.25,201,COMMON,220.0,0.25,3.8967213082768057,3.6467213082768057,True,True,False
A06,A,A-SINE,0.25,235,COMMON,180.0,0.25,2.033932499774779,1.783932499774779,True,True,False
A06,A,A-SINE,0.25,235,COMMON,200.0,0.25,5.021895950249467,4.771895950249467,True,True,False
A06,A,A-SINE,0.25,235,COMMON,220.0,0.25,3.2471642984985403,2.9971642984985403,True,True,False
A06,A,A-SINE,0.25,283,COMMON,180.0,0.25,1.8461180090887344,1.5961180090887344,True,True,False
A06,A,A-SINE,0.25,283,COMMON,200.0,0.25,3.2184916586554984,2.9684916586554984,True,True,False
A06,A,A-SINE,0.25,283,COMMON,220.0,0.25,2.1453140895357676,1.8953140895357676,True,True,False
A06,A,A-SINE,0.25,338,COMMON,180.0,0.25000000000000006,8.188282517132558,7.938282517132558,True,True,False
A06,A,A-SINE,0.25,338,COMMON,200.0,0.25,4.951196055676868,4.701196055676868,True,True,False
A06,A,A-SINE,0.25,338,COMMON,220.0,0.25000000000000006,6.872108123539579,6.622108123539579,True,True,False
A06,A,A-SINE,0.25,FOUR,COMMON_LINE_AMPLITUDE_VARIATION,180.0,0.25,5.524890777352502,5.274890777352502,True,True,False
A06,A,A-SINE,0.25,FOUR,COMMON_LINE_AMPLITUDE_VARIATION,200.0,0.25,6.3497910799461375,6.0997910799461375,True,True,False
A06,A,A-SINE,0.25,FOUR,COMMON_LINE_AMPLITUDE_VARIATION,220.0,0.25,5.465550802521905,5.215550802521905,True,True,False
A06,A,A-SINE,0.25,FOUR,LINE_SPECIFIC_AMPLITUDE_VARIATION,180.0,0.25,5.524890777352502,5.274890777352502,True,True,False
A06,A,A-SINE,0.25,FOUR,LINE_SPECIFIC_AMPLITUDE_VARIATION,200.0,0.25,6.3497910799461375,6.0997910799461375,True,True,False
A06,A,A-SINE,0.25,FOUR,LINE_SPECIFIC_AMPLITUDE_VARIATION,220.0,0.25,5.465550802521905,5.215550802521905,True,True,False
A06,A,A-SINE,0.5,201,COMMON,180.0,0.5,4.531072104686733,4.031072104686733,True,True,False
A06,A,A-SINE,0.5,201,COMMON,200.0,0.5,6.9009721725265605,6.4009721725265605,True,True,False
A06,A,A-SINE,0.5,201,COMMON,220.0,0.5,3.8670861330201185,3.3670861330201185,True,True,False
A06,A,A-SINE,0.5,235,COMMON,180.0,0.5,2.0213033991779255,1.5213033991779255,True,True,False
A06,A,A-SINE,0.5,235,COMMON,200.0,0.5,5.061577780477164,4.561577780477164,True,True,False
A06,A,A-SINE,0.5,235,COMMON,220.0,0.5,3.308202937265433,2.808202937265433,True,True,False
A06,A,A-SINE,0.5,283,COMMON,180.0,0.5,1.8877585927885314,1.3877585927885314,True,True,False
A06,A,A-SINE,0.5,283,COMMON,200.0,0.5,3.1139654064818103,2.6139654064818103,True,True,False
A06,A,A-SINE,0.5,283,COMMON,220.0,0.5,2.1812504083497295,1.6812504083497295,True,True,False
A06,A,A-SINE,0.5,338,COMMON,180.0,0.5,8.220630292597809,7.720630292597809,True,True,False
A06,A,A-SINE,0.5,338,COMMON,200.0,0.5,5.0045113856347845,4.5045113856347845,True,True,False
A06,A,A-SINE,0.5,338,COMMON,220.0,0.5,6.910619501087923,6.410619501087923,True,True,False
A06,A,A-SINE,0.5,FOUR,COMMON_LINE_AMPLITUDE_VARIATION,180.0,0.5,5.536628377106559,5.036628377106559,True,True,False
A06,A,A-SINE,0.5,FOUR,COMMON_LINE_AMPLITUDE_VARIATION,200.0,0.5,6.343740437414887,5.843740437414887,True,True,False
A06,A,A-SINE,0.5,FOUR,COMMON_LINE_AMPLITUDE_VARIATION,220.0,0.5,5.477415563881812,4.977415563881812,True,True,False
A06,A,A-SINE,0.5,FOUR,LINE_SPECIFIC_AMPLITUDE_VARIATION,180.0,0.5,5.536628377106559,5.036628377106559,True,True,False
A06,A,A-SINE,0.5,FOUR,LINE_SPECIFIC_AMPLITUDE_VARIATION,200.0,0.5,6.343740437414887,5.843740437414887,True,True,False
A06,A,A-SINE,0.5,FOUR,LINE_SPECIFIC_AMPLITUDE_VARIATION,220.0,0.5,5.477415563881812,4.977415563881812,True,True,False
A06,A,A-SINE,1.0,201,COMMON,180.0,1.0,4.521664608250622,3.5216646082506218,True,True,False
A06,A,A-SINE,1.0,201,COMMON,200.0,1.0,6.894799006325127,5.894799006325127,True,True,False
A06,A,A-SINE,1.0,201,COMMON,220.0,1.0,3.8560590726585717,2.8560590726585717,True,True,False
A06,A,A-SINE,1.0,235,COMMON,180.0,1.0,2.0876396880938395,1.0876396880938395,True,True,False
A06,A,A-SINE,1.0,235,COMMON,200.0,1.0,5.176372379687957,4.176372379687957,True,True,False
A06,A,A-SINE,1.0,235,COMMON,220.0,1.0,3.4813026383105328,2.4813026383105328,True,True,False
A06,A,A-SINE,1.0,283,COMMON,180.0,1.0,2.061454366940317,1.0614543669403171,True,True,False
A06,A,A-SINE,1.0,283,COMMON,200.0,1.0,2.9576958167847884,1.9576958167847884,True,True,False
A06,A,A-SINE,1.0,283,COMMON,220.0,1.0,2.3331984369650662,1.3331984369650662,True,True,False
A06,A,A-SINE,1.0,338,COMMON,180.0,1.0,8.307547535944213,7.307547535944213,True,True,False
A06,A,A-SINE,1.0,338,COMMON,200.0,1.0,5.146039046037663,4.146039046037663,True,True,False
A06,A,A-SINE,1.0,338,COMMON,220.0,1.0,7.013789670585561,6.013789670585561,True,True,False
A06,A,A-SINE,1.0,FOUR,COMMON_LINE_AMPLITUDE_VARIATION,180.0,1.0,5.593650431980473,4.593650431980473,True,True,False
A06,A,A-SINE,1.0,FOUR,COMMON_LINE_AMPLITUDE_VARIATION,200.0,1.0,6.361166142614999,5.361166142614999,True,True,False
A06,A,A-SINE,1.0,FOUR,COMMON_LINE_AMPLITUDE_VARIATION,220.0,1.0,5.53504766270973,4.53504766270973,True,True,False
A06,A,A-SINE,1.0,FOUR,LINE_SPECIFIC_AMPLITUDE_VARIATION,180.0,1.0,5.593650431980473,4.593650431980473,True,True,False
A06,A,A-SINE,1.0,FOUR,LINE_SPECIFIC_AMPLITUDE_VARIATION,200.0,1.0,6.361166142614999,5.361166142614999,True,True,False
A06,A,A-SINE,1.0,FOUR,LINE_SPECIFIC_AMPLITUDE_VARIATION,220.0,1.0,5.53504766270973,4.53504766270973,True,True,False
A06,A,A-SINE,2.0,201,COMMON,180.0,2.0,4.666382287466194,2.6663822874661944,True,True,False
A06,A,A-SINE,2.0,201,COMMON,200.0,2.0,6.990559788807613,4.990559788807613,True,True,False
A06,A,A-SINE,2.0,201,COMMON,220.0,2.0,4.024781285374954,2.024781285374954,True,True,False
A06,A,A-SINE,2.0,235,COMMON,180.0,2.0,2.530490770356051,0.5304907703560509,True,True,False
A06,A,A-SINE,2.0,235,COMMON,200.0,2.0,5.535824580308596,3.5358245803085957,True,True,False
A06,A,A-SINE,2.0,235,COMMON,220.0,2.0,3.9962470932439045,1.9962470932439045,True,True,False
A06,A,A-SINE,2.0,283,COMMON,180.0,2.0,2.668617115968126,0.668617115968126,True,True,False
A06,A,A-SINE,2.0,283,COMMON,200.0,2.0,2.8896941928771387,0.8896941928771387,True,True,False
A06,A,A-SINE,2.0,283,COMMON,220.0,2.0,2.8837021605770876,0.8837021605770876,True,True,False
A06,A,A-SINE,2.0,338,COMMON,180.0,2.0,8.566709600001905,6.566709600001905,True,True,False
A06,A,A-SINE,2.0,338,COMMON,200.0,2.0,5.5547173800416045,3.5547173800416045,True,True,False
A06,A,A-SINE,2.0,338,COMMON,220.0,2.0,7.318907900226971,5.318907900226971,True,True,False
A06,A,A-SINE,2.0,FOUR,COMMON_LINE_AMPLITUDE_VARIATION,180.0,2.0,5.835946186628419,3.8359461866284192,True,True,False
A06,A,A-SINE,2.0,FOUR,COMMON_LINE_AMPLITUDE_VARIATION,200.0,2.0,6.512082509249134,4.512082509249134,True,True,False
A06,A,A-SINE,2.0,FOUR,COMMON_LINE_AMPLITUDE_VARIATION,220.0,2.0,5.779800633801819,3.779800633801819,True,True,False
A06,A,A-SINE,2.0,FOUR,LINE_SPECIFIC_AMPLITUDE_VARIATION,180.0,2.0,5.835946186628419,3.8359461866284192,True,True,False
A06,A,A-SINE,2.0,FOUR,LINE_SPECIFIC_AMPLITUDE_VARIATION,200.0,2.0,6.512082509249134,4.512082509249134,True,True,False
A06,A,A-SINE,2.0,FOUR,LINE_SPECIFIC_AMPLITUDE_VARIATION,220.0,2.0,5.779800633801819,3.779800633801819,True,True,False
A07,A,A-RAMP,0.0,201,COMMON,180.0,0.0,4.750292037782061,4.750292037782061,True,True,False
A07,A,A-RAMP,0.0,201,COMMON,200.0,0.0,7.063982594811772,7.063982594811772,True,True,False
A07,A,A-RAMP,0.0,201,COMMON,220.0,0.0,4.112977297761146,4.112977297761146,True,True,False
A07,A,A-RAMP,0.0,235,COMMON,180.0,0.0,1.7348465642543796,1.7348465642543796,True,True,False
A07,A,A-RAMP,0.0,235,COMMON,200.0,0.0,7.039663905976733,7.039663905976733,True,True,False
A07,A,A-RAMP,0.0,235,COMMON,220.0,0.0,5.134746529836359,5.134746529836359,True,True,False
A07,A,A-RAMP,0.0,283,COMMON,180.0,0.0,2.757457005121983,2.757457005121983,True,True,False
A07,A,A-RAMP,0.0,283,COMMON,200.0,0.0,1.982251389591599,1.982251389591599,True,True,False
A07,A,A-RAMP,0.0,283,COMMON,220.0,0.0,3.341820409705855,3.341820409705855,True,True,False
A07,A,A-RAMP,0.0,338,COMMON,180.0,0.0,10.4468952553241,10.4468952553241,True,True,False
A07,A,A-RAMP,0.0,338,COMMON,200.0,0.0,6.7318854775186665,6.7318854775186665,True,True,False
A07,A,A-RAMP,0.0,338,COMMON,220.0,0.0,9.00978139832911,9.00978139832911,True,True,False
A07,A,A-RAMP,0.0,FOUR,COMMON_LINE_AMPLITUDE_VARIATION,180.0,0.0,7.04828754342031,7.04828754342031,True,True,False
A07,A,A-RAMP,0.0,FOUR,COMMON_LINE_AMPLITUDE_VARIATION,200.0,0.0,7.035184744904946,7.035184744904946,True,True,False
A07,A,A-RAMP,0.0,FOUR,COMMON_LINE_AMPLITUDE_VARIATION,220.0,0.0,7.167876705788699,7.167876705788699,True,True,False
A07,A,A-RAMP,0.0,FOUR,LINE_SPECIFIC_AMPLITUDE_VARIATION,180.0,0.0,7.04828754342031,7.04828754342031,True,True,False
A07,A,A-RAMP,0.0,FOUR,LINE_SPECIFIC_AMPLITUDE_VARIATION,200.0,0.0,7.035184744904946,7.035184744904946,True,True,False
A07,A,A-RAMP,0.0,FOUR,LINE_SPECIFIC_AMPLITUDE_VARIATION,220.0,0.0,7.167876705788699,7.167876705788699,True,True,False
A07,A,A-RAMP,0.25,201,COMMON,180.0,0.25,4.856849718388828,4.606849718388828,True,True,False
A07,A,A-RAMP,0.25,201,COMMON,200.0,0.25,7.136074890484379,6.886074890484379,True,True,False
A07,A,A-RAMP,0.25,201,COMMON,220.0,0.25,4.23559877640654,3.9855987764065404,True,True,False
A07,A,A-RAMP,0.25,235,COMMON,180.0,0.25,1.5839047946204055,1.3339047946204055,True,True,False
A07,A,A-RAMP,0.25,235,COMMON,200.0,0.25,7.117418203834698,6.867418203834698,True,True,False
A07,A,A-RAMP,0.25,235,COMMON,220.0,0.25,5.130308973961082,4.880308973961082,True,True,False
A07,A,A-RAMP,0.25,283,COMMON,180.0,0.25,2.7441860228442048,2.4941860228442048,True,True,False
A07,A,A-RAMP,0.25,283,COMMON,200.0,0.25,1.9646905799153696,1.7146905799153696,True,True,False
A07,A,A-RAMP,0.25,283,COMMON,220.0,0.25,3.33087847926096,3.08087847926096,True,True,False
A07,A,A-RAMP,0.25,338,COMMON,180.0,0.25,10.4887299492759,10.2387299492759,True,True,False
A07,A,A-RAMP,0.25,338,COMMON,200.0,0.25,6.796625453528446,6.546625453528446,True,True,False
A07,A,A-RAMP,0.25,338,COMMON,220.0,0.25,9.05825569957049,8.80825569957049,True,True,False
A07,A,A-RAMP,0.25,FOUR,COMMON_LINE_AMPLITUDE_VARIATION,180.0,0.25,7.0305503660743565,6.7805503660743565,True,True,False
A07,A,A-RAMP,0.25,FOUR,COMMON_LINE_AMPLITUDE_VARIATION,200.0,0.25,7.0133142950834255,6.7633142950834255,True,True,False
A07,A,A-RAMP,0.25,FOUR,COMMON_LINE_AMPLITUDE_VARIATION,220.0,0.25,7.150436184217199,6.900436184217199,True,True,False
A07,A,A-RAMP,0.25,FOUR,LINE_SPECIFIC_AMPLITUDE_VARIATION,180.0,0.25,7.0305503660743565,6.7805503660743565,True,True,False
A07,A,A-RAMP,0.25,FOUR,LINE_SPECIFIC_AMPLITUDE_VARIATION,200.0,0.25,7.0133142950834255,6.7633142950834255,True,True,False
A07,A,A-RAMP,0.25,FOUR,LINE_SPECIFIC_AMPLITUDE_VARIATION,220.0,0.25,7.150436184217199,6.900436184217199,True,True,False
A07,A,A-RAMP,0.5,201,COMMON,180.0,0.5,4.973701230453196,4.473701230453196,True,True,False
A07,A,A-RAMP,0.5,201,COMMON,200.0,0.5,7.216112498111406,6.716112498111406,True,True,False
A07,A,A-RAMP,0.5,201,COMMON,220.0,0.5,4.33512471829308,3.8351247182930797,True,True,False
A07,A,A-RAMP,0.5,235,COMMON,180.0,0.5,1.4604164458598075,0.9604164458598075,True,True,False
A07,A,A-RAMP,0.5,235,COMMON,200.0,0.5,7.203014359797117,6.703014359797117,True,True,False
A07,A,A-RAMP,0.5,235,COMMON,220.0,0.5,5.093538255988846,4.593538255988846,True,True,False
A07,A,A-RAMP,0.5,283,COMMON,180.0,0.5,2.753642082924121,2.253642082924121,True,True,False
A07,A,A-RAMP,0.5,283,COMMON,200.0,0.5,1.9788121634148494,1.4788121634148494,True,True,False
A07,A,A-RAMP,0.5,283,COMMON,220.0,0.5,3.338673274892439,2.838673274892439,True,True,False
A07,A,A-RAMP,0.5,338,COMMON,180.0,0.5,10.536331971894262,10.036331971894262,True,True,False
A07,A,A-RAMP,0.5,338,COMMON,200.0,0.5,6.869858297568792,6.369858297568792,True,True,False
A07,A,A-RAMP,0.5,338,COMMON,220.0,0.5,9.113332639157056,8.613332639157056,True,True,False
A07,A,A-RAMP,0.5,FOUR,COMMON_LINE_AMPLITUDE_VARIATION,180.0,0.5,7.021674985719762,6.521674985719762,True,True,False
A07,A,A-RAMP,0.5,FOUR,COMMON_LINE_AMPLITUDE_VARIATION,200.0,0.5,7.000309308044879,6.500309308044879,True,True,False
A07,A,A-RAMP,0.5,FOUR,COMMON_LINE_AMPLITUDE_VARIATION,220.0,0.5,7.141709793861478,6.641709793861478,True,True,False
A07,A,A-RAMP,0.5,FOUR,LINE_SPECIFIC_AMPLITUDE_VARIATION,180.0,0.5,7.021674985719762,6.521674985719762,True,True,False
A07,A,A-RAMP,0.5,FOUR,LINE_SPECIFIC_AMPLITUDE_VARIATION,200.0,0.5,7.000309308044879,6.500309308044879,True,True,False
A07,A,A-RAMP,0.5,FOUR,LINE_SPECIFIC_AMPLITUDE_VARIATION,220.0,0.5,7.141709793861478,6.641709793861478,True,True,False
A07,A,A-RAMP,1.0,201,COMMON,180.0,1.0,5.118562927800834,4.118562927800834,True,True,False
A07,A,A-RAMP,1.0,201,COMMON,200.0,1.0,7.398966756986791,6.398966756986791,True,True,False
A07,A,A-RAMP,1.0,201,COMMON,220.0,1.0,4.421215478321282,3.4212154783212823,True,True,False
A07,A,A-RAMP,1.0,235,COMMON,180.0,1.0,1.3251187830418676,0.3251187830418676,True,False,False
A07,A,A-RAMP,1.0,235,COMMON,200.0,1.0,7.211534690435504,6.211534690435504,True,True,False
A07,A,A-RAMP,1.0,235,COMMON,220.0,1.0,5.056407376690931,4.056407376690931,True,True,False
A07,A,A-RAMP,1.0,283,COMMON,180.0,1.0,2.8392816532716667,1.8392816532716667,True,True,False
A07,A,A-RAMP,1.0,283,COMMON,200.0,1.0,2.0981121477698204,1.0981121477698204,True,True,False
A07,A,A-RAMP,1.0,283,COMMON,220.0,1.0,3.4096502492536382,2.4096502492536382,True,True,False
A07,A,A-RAMP,1.0,338,COMMON,180.0,1.0,10.57858941081958,9.57858941081958,True,True,False
A07,A,A-RAMP,1.0,338,COMMON,200.0,1.0,6.893055505847927,5.893055505847927,True,True,False
A07,A,A-RAMP,1.0,338,COMMON,220.0,1.0,9.156097564821117,8.156097564821117,True,True,False
A07,A,A-RAMP,1.0,FOUR,COMMON_LINE_AMPLITUDE_VARIATION,180.0,1.0,7.030610351557776,6.030610351557776,True,True,False
A07,A,A-RAMP,1.0,FOUR,COMMON_LINE_AMPLITUDE_VARIATION,200.0,1.0,7.001059664197719,6.001059664197719,True,True,False
A07,A,A-RAMP,1.0,FOUR,COMMON_LINE_AMPLITUDE_VARIATION,220.0,1.0,7.150495163978903,6.150495163978903,True,True,False
A07,A,A-RAMP,1.0,FOUR,LINE_SPECIFIC_AMPLITUDE_VARIATION,180.0,1.0,7.030610351557776,6.030610351557776,True,True,False
A07,A,A-RAMP,1.0,FOUR,LINE_SPECIFIC_AMPLITUDE_VARIATION,200.0,1.0,7.001059664197719,6.001059664197719,True,True,False
A07,A,A-RAMP,1.0,FOUR,LINE_SPECIFIC_AMPLITUDE_VARIATION,220.0,1.0,7.150495163978903,6.150495163978903,True,True,False
A07,A,A-RAMP,2.0,201,COMMON,180.0,2.0,5.404383999221476,3.4043839992214764,True,True,False
A07,A,A-RAMP,2.0,201,COMMON,200.0,2.0,7.739035844702572,5.739035844702572,True,True,False
A07,A,A-RAMP,2.0,201,COMMON,220.0,2.0,4.749192170351896,2.749192170351896,True,True,False
A07,A,A-RAMP,2.0,235,COMMON,180.0,2.0,1.5818302617017712,-0.4181697382982288,False,False,False
A07,A,A-RAMP,2.0,235,COMMON,200.0,2.0,7.263090236188715,5.263090236188715,True,True,False
A07,A,A-RAMP,2.0,235,COMMON,220.0,2.0,5.129668873009211,3.1296688730092113,True,True,False
A07,A,A-RAMP,2.0,283,COMMON,180.0,2.0,3.2433734718829226,1.2433734718829226,True,True,False
A07,A,A-RAMP,2.0,283,COMMON,200.0,2.0,2.621989435085647,0.6219894350856472,True,True,False
A07,A,A-RAMP,2.0,283,COMMON,220.0,2.0,3.7528210713733996,1.7528210713733996,True,True,False
A07,A,A-RAMP,2.0,338,COMMON,180.0,2.0,10.518266718772255,8.518266718772255,True,True,False
A07,A,A-RAMP,2.0,338,COMMON,200.0,2.0,6.829703749773273,4.829703749773273,True,True,False
A07,A,A-RAMP,2.0,338,COMMON,220.0,2.0,9.088870543340121,7.088870543340121,True,True,False
A07,A,A-RAMP,2.0,FOUR,COMMON_LINE_AMPLITUDE_VARIATION,180.0,2.0,7.15406224016319,5.15406224016319,True,True,False
A07,A,A-RAMP,2.0,FOUR,COMMON_LINE_AMPLITUDE_VARIATION,200.0,2.0,7.10885704233594,5.10885704233594,True,True,False
A07,A,A-RAMP,2.0,FOUR,COMMON_LINE_AMPLITUDE_VARIATION,220.0,2.0,7.271912108296078,5.271912108296078,True,True,False
A07,A,A-RAMP,2.0,FOUR,LINE_SPECIFIC_AMPLITUDE_VARIATION,180.0,2.0,7.15406224016319,5.15406224016319,True,True,False
A07,A,A-RAMP,2.0,FOUR,LINE_SPECIFIC_AMPLITUDE_VARIATION,200.0,2.0,7.10885704233594,5.10885704233594,True,True,False
A07,A,A-RAMP,2.0,FOUR,LINE_SPECIFIC_AMPLITUDE_VARIATION,220.0,2.0,7.271912108296078,5.271912108296078,True,True,False
A07,A,A-SINE,0.0,201,COMMON,180.0,0.0,4.750292037782061,4.750292037782061,True,True,False
A07,A,A-SINE,0.0,201,COMMON,200.0,0.0,7.063982594811772,7.063982594811772,True,True,False
A07,A,A-SINE,0.0,201,COMMON,220.0,0.0,4.112977297761146,4.112977297761146,True,True,False
A07,A,A-SINE,0.0,235,COMMON,180.0,0.0,1.7348465642543796,1.7348465642543796,True,True,False
A07,A,A-SINE,0.0,235,COMMON,200.0,0.0,7.039663905976733,7.039663905976733,True,True,False
A07,A,A-SINE,0.0,235,COMMON,220.0,0.0,5.134746529836359,5.134746529836359,True,True,False
A07,A,A-SINE,0.0,283,COMMON,180.0,0.0,2.757457005121983,2.757457005121983,True,True,False
A07,A,A-SINE,0.0,283,COMMON,200.0,0.0,1.982251389591599,1.982251389591599,True,True,False
A07,A,A-SINE,0.0,283,COMMON,220.0,0.0,3.341820409705855,3.341820409705855,True,True,False
A07,A,A-SINE,0.0,338,COMMON,180.0,0.0,10.4468952553241,10.4468952553241,True,True,False
A07,A,A-SINE,0.0,338,COMMON,200.0,0.0,6.7318854775186665,6.7318854775186665,True,True,False
A07,A,A-SINE,0.0,338,COMMON,220.0,0.0,9.00978139832911,9.00978139832911,True,True,False
A07,A,A-SINE,0.0,FOUR,COMMON_LINE_AMPLITUDE_VARIATION,180.0,0.0,7.04828754342031,7.04828754342031,True,True,False
A07,A,A-SINE,0.0,FOUR,COMMON_LINE_AMPLITUDE_VARIATION,200.0,0.0,7.035184744904946,7.035184744904946,True,True,False
A07,A,A-SINE,0.0,FOUR,COMMON_LINE_AMPLITUDE_VARIATION,220.0,0.0,7.167876705788699,7.167876705788699,True,True,False
A07,A,A-SINE,0.0,FOUR,LINE_SPECIFIC_AMPLITUDE_VARIATION,180.0,0.0,7.04828754342031,7.04828754342031,True,True,False
A07,A,A-SINE,0.0,FOUR,LINE_SPECIFIC_AMPLITUDE_VARIATION,200.0,0.0,7.035184744904946,7.035184744904946,True,True,False
A07,A,A-SINE,0.0,FOUR,LINE_SPECIFIC_AMPLITUDE_VARIATION,220.0,0.0,7.167876705788699,7.167876705788699,True,True,False
A07,A,A-SINE,0.25,201,COMMON,180.0,0.25,4.680601074111162,4.430601074111162,True,True,False
A07,A,A-SINE,0.25,201,COMMON,200.0,0.25000000000000006,7.017307323365463,6.767307323365463,True,True,False
A07,A,A-SINE,0.25,201,COMMON,220.0,0.25,4.032286475767005,3.7822864757670054,True,True,False
A07,A,A-SINE,0.25,235,COMMON,180.0,0.25,1.8965235576460697,1.6465235576460697,True,True,False
A07,A,A-SINE,0.25,235,COMMON,200.0,0.25,6.9911944961512065,6.7411944961512065,True,True,False
A07,A,A-SINE,0.25,235,COMMON,220.0,0.25,5.06809180062574,4.81809180062574,True,True,False
A07,A,A-SINE,0.25,283,COMMON,180.0,0.25,2.7796669669029432,2.5296669669029432,True,True,False
A07,A,A-SINE,0.25,283,COMMON,200.0,0.25,1.9634838396330827,1.7134838396330827,True,True,False
A07,A,A-SINE,0.25,283,COMMON,220.0,0.25,3.232700070031818,2.982700070031818,True,True,False
A07,A,A-SINE,0.25,338,COMMON,180.0,0.25000000000000006,10.409354826501053,10.159354826501053,True,True,False
A07,A,A-SINE,0.25,338,COMMON,200.0,0.25,6.673479565467651,6.423479565467651,True,True,False
A07,A,A-SINE,0.25,338,COMMON,220.0,0.25000000000000006,8.966225977185989,8.716225977185989,True,True,False
A07,A,A-SINE,0.25,FOUR,COMMON_LINE_AMPLITUDE_VARIATION,180.0,0.25,7.081176440086483,6.831176440086483,True,True,False
A07,A,A-SINE,0.25,FOUR,COMMON_LINE_AMPLITUDE_VARIATION,200.0,0.25,7.074474516069657,6.824474516069657,True,True,False
A07,A,A-SINE,0.25,FOUR,COMMON_LINE_AMPLITUDE_VARIATION,220.0,0.25,7.200219368206097,6.950219368206097,True,True,False
A07,A,A-SINE,0.25,FOUR,LINE_SPECIFIC_AMPLITUDE_VARIATION,180.0,0.25,7.081176440086483,6.831176440086483,True,True,False
A07,A,A-SINE,0.25,FOUR,LINE_SPECIFIC_AMPLITUDE_VARIATION,200.0,0.25,7.074474516069657,6.824474516069657,True,True,False
A07,A,A-SINE,0.25,FOUR,LINE_SPECIFIC_AMPLITUDE_VARIATION,220.0,0.25,7.200219368206097,6.950219368206097,True,True,False
A07,A,A-SINE,0.5,201,COMMON,180.0,0.5,4.6233946820194225,4.1233946820194225,True,True,False
A07,A,A-SINE,0.5,201,COMMON,200.0,0.5,6.979280338352478,6.479280338352478,True,True,False
A07,A,A-SINE,0.5,201,COMMON,220.0,0.5,3.9657390475683623,3.4657390475683623,True,True,False
A07,A,A-SINE,0.5,235,COMMON,180.0,0.5,1.9736770596039463,1.4736770596039463,True,True,False
A07,A,A-SINE,0.5,235,COMMON,200.0,0.5,6.95138353544949,6.45138353544949,True,True,False
A07,A,A-SINE,0.5,235,COMMON,220.0,0.5,5.01303172476229,4.51303172476229,True,True,False
A07,A,A-SINE,0.5,283,COMMON,180.0,0.5,2.823920636046013,2.323920636046013,True,True,False
A07,A,A-SINE,0.5,283,COMMON,200.0,0.5,1.9764151905565595,1.4764151905565595,True,True,False
A07,A,A-SINE,0.5,283,COMMON,220.0,0.5,3.1247044878818473,2.6247044878818473,True,True,False
A07,A,A-SINE,0.5,338,COMMON,180.0,0.5,10.377702796490578,9.877702796490578,True,True,False
A07,A,A-SINE,0.5,338,COMMON,200.0,0.5,6.624000070878765,6.124000070878765,True,True,False
A07,A,A-SINE,0.5,338,COMMON,220.0,0.5,8.929459989397591,8.429459989397591,True,True,False
A07,A,A-SINE,0.5,FOUR,COMMON_LINE_AMPLITUDE_VARIATION,180.0,0.5,7.122693469224815,6.622693469224815,True,True,False
A07,A,A-SINE,0.5,FOUR,COMMON_LINE_AMPLITUDE_VARIATION,200.0,0.5,7.122327917338175,6.622327917338175,True,True,False
A07,A,A-SINE,0.5,FOUR,COMMON_LINE_AMPLITUDE_VARIATION,220.0,0.5,7.241053889537916,6.741053889537916,True,True,False
A07,A,A-SINE,0.5,FOUR,LINE_SPECIFIC_AMPLITUDE_VARIATION,180.0,0.5,7.122693469224815,6.622693469224815,True,True,False
A07,A,A-SINE,0.5,FOUR,LINE_SPECIFIC_AMPLITUDE_VARIATION,200.0,0.5,7.122327917338175,6.622327917338175,True,True,False
A07,A,A-SINE,0.5,FOUR,LINE_SPECIFIC_AMPLITUDE_VARIATION,220.0,0.5,7.241053889537916,6.741053889537916,True,True,False
A07,A,A-SINE,1.0,201,COMMON,180.0,1.0,4.548217488998884,3.5482174889988842,True,True,False
A07,A,A-SINE,1.0,201,COMMON,200.0,1.0,6.929708362032511,5.929708362032511,True,True,False
A07,A,A-SINE,1.0,201,COMMON,220.0,1.0,3.877833175230499,2.877833175230499,True,True,False
A07,A,A-SINE,1.0,235,COMMON,180.0,1.0,1.9097472104802464,0.9097472104802464,True,True,False
A07,A,A-SINE,1.0,235,COMMON,200.0,1.0,6.898304009300033,5.898304009300033,True,True,False
A07,A,A-SINE,1.0,235,COMMON,220.0,1.0,4.939165134036302,3.939165134036302,True,True,False
A07,A,A-SINE,1.0,283,COMMON,180.0,1.0,2.76471955816991,1.7647195581699102,True,True,False
A07,A,A-SINE,1.0,283,COMMON,200.0,1.0,2.0935886509502337,1.0935886509502337,True,True,False
A07,A,A-SINE,1.0,283,COMMON,220.0,1.0,2.9606814965813917,1.9606814965813917,True,True,False
A07,A,A-SINE,1.0,338,COMMON,180.0,1.0,10.332270330806464,9.332270330806464,True,True,False
A07,A,A-SINE,1.0,338,COMMON,200.0,1.0,6.552592753679802,5.552592753679802,True,True,False
A07,A,A-SINE,1.0,338,COMMON,220.0,1.0,8.876618193818386,7.876618193818386,True,True,False
A07,A,A-SINE,1.0,FOUR,COMMON_LINE_AMPLITUDE_VARIATION,180.0,1.0,7.230986600619708,6.230986600619708,True,True,False
A07,A,A-SINE,1.0,FOUR,COMMON_LINE_AMPLITUDE_VARIATION,200.0,1.0,7.2430163281084905,6.2430163281084905,True,True,False
A07,A,A-SINE,1.0,FOUR,COMMON_LINE_AMPLITUDE_VARIATION,220.0,1.0,7.347602765051749,6.347602765051749,True,True,False
A07,A,A-SINE,1.0,FOUR,LINE_SPECIFIC_AMPLITUDE_VARIATION,180.0,1.0,7.230986600619708,6.230986600619708,True,True,False
A07,A,A-SINE,1.0,FOUR,LINE_SPECIFIC_AMPLITUDE_VARIATION,200.0,1.0,7.2430163281084905,6.2430163281084905,True,True,False
A07,A,A-SINE,1.0,FOUR,LINE_SPECIFIC_AMPLITUDE_VARIATION,220.0,1.0,7.347602765051749,6.347602765051749,True,True,False
A07,A,A-SINE,2.0,201,COMMON,180.0,2.0,4.457308986336993,2.457308986336993,True,True,False
A07,A,A-SINE,2.0,201,COMMON,200.0,2.0,6.853346196898336,4.853346196898336,True,True,False
A07,A,A-SINE,2.0,201,COMMON,220.0,2.0,3.7800744623460396,1.7800744623460396,True,True,False
A07,A,A-SINE,2.0,235,COMMON,180.0,2.0,2.156525203329998,0.15652520332999798,True,False,False
A07,A,A-SINE,2.0,235,COMMON,200.0,2.0,6.9004585717427664,4.9004585717427664,True,True,False
A07,A,A-SINE,2.0,235,COMMON,220.0,2.0,4.942173865506267,2.942173865506267,True,True,False
A07,A,A-SINE,2.0,283,COMMON,180.0,2.0,2.673459895070088,0.6734598950700881,True,True,False
A07,A,A-SINE,2.0,283,COMMON,200.0,2.0,2.528280765666407,0.5282807656664068,True,True,False
A07,A,A-SINE,2.0,283,COMMON,220.0,2.0,2.8756474922042123,0.8756474922042123,True,True,False
A07,A,A-SINE,2.0,338,COMMON,180.0,2.0,10.313777188887387,8.313777188887387,True,True,False
A07,A,A-SINE,2.0,338,COMMON,200.0,2.0,6.523393404412108,4.523393404412108,True,True,False
A07,A,A-SINE,2.0,338,COMMON,220.0,2.0,8.855085559833848,6.855085559833848,True,True,False
A07,A,A-SINE,2.0,FOUR,COMMON_LINE_AMPLITUDE_VARIATION,180.0,2.0,7.494243456387524,5.494243456387524,True,True,False
A07,A,A-SINE,2.0,FOUR,COMMON_LINE_AMPLITUDE_VARIATION,200.0,2.0,7.506206143981249,5.506206143981249,True,True,False
A07,A,A-SINE,2.0,FOUR,COMMON_LINE_AMPLITUDE_VARIATION,220.0,2.0,7.654807399053484,5.654807399053484,True,True,False
A07,A,A-SINE,2.0,FOUR,LINE_SPECIFIC_AMPLITUDE_VARIATION,180.0,2.0,7.494243456387524,5.494243456387524,True,True,False
A07,A,A-SINE,2.0,FOUR,LINE_SPECIFIC_AMPLITUDE_VARIATION,200.0,2.0,7.506206143981249,5.506206143981249,True,True,False
A07,A,A-SINE,2.0,FOUR,LINE_SPECIFIC_AMPLITUDE_VARIATION,220.0,2.0,7.654807399053484,5.654807399053484,True,True,False
A08,A,A-RAMP,0.0,201,COMMON,180.0,0.0,3.4669868841817544,3.4669868841817544,True,True,False
A08,A,A-RAMP,0.0,201,COMMON,200.0,0.0,5.08493104918454,5.08493104918454,True,True,False
A08,A,A-RAMP,0.0,201,COMMON,220.0,0.0,3.2272578448183307,3.2272578448183307,True,True,False
A08,A,A-RAMP,0.0,235,COMMON,180.0,0.0,2.0036735017486875,2.0036735017486875,True,True,False
A08,A,A-RAMP,0.0,235,COMMON,200.0,0.0,4.789726802487361,4.789726802487361,True,True,False
A08,A,A-RAMP,0.0,235,COMMON,220.0,0.0,2.838457739639814,2.838457739639814,True,True,False
A08,A,A-RAMP,0.0,283,COMMON,180.0,0.0,3.910544501404808,3.910544501404808,True,True,False
A08,A,A-RAMP,0.0,283,COMMON,200.0,0.0,2.71230250985421,2.71230250985421,True,True,False
A08,A,A-RAMP,0.0,283,COMMON,220.0,0.0,4.252998654906844,4.252998654906844,True,True,False
A08,A,A-RAMP,0.0,338,COMMON,180.0,0.0,7.455568101401543,7.455568101401543,True,True,False
A08,A,A-RAMP,0.0,338,COMMON,200.0,0.0,3.9836428733978106,3.9836428733978106,True,True,False
A08,A,A-RAMP,0.0,338,COMMON,220.0,0.0,6.1244065730700115,6.1244065730700115,True,True,False
A08,A,A-RAMP,0.0,FOUR,COMMON_LINE_AMPLITUDE_VARIATION,180.0,0.0,5.724299038815195,5.724299038815195,True,True,False
A08,A,A-RAMP,0.0,FOUR,COMMON_LINE_AMPLITUDE_VARIATION,200.0,0.0,5.338450502465467,5.338450502465467,True,True,False
A08,A,A-RAMP,0.0,FOUR,COMMON_LINE_AMPLITUDE_VARIATION,220.0,0.0,5.848908912074467,5.848908912074467,True,True,False
A08,A,A-RAMP,0.0,FOUR,LINE_SPECIFIC_AMPLITUDE_VARIATION,180.0,0.0,5.724299038815195,5.724299038815195,True,True,False
A08,A,A-RAMP,0.0,FOUR,LINE_SPECIFIC_AMPLITUDE_VARIATION,200.0,0.0,5.338450502465467,5.338450502465467,True,True,False
A08,A,A-RAMP,0.0,FOUR,LINE_SPECIFIC_AMPLITUDE_VARIATION,220.0,0.0,5.848908912074467,5.848908912074467,True,True,False
A08,A,A-RAMP,0.25,201,COMMON,180.0,0.25,3.4879590286887696,3.2379590286887696,True,True,False
A08,A,A-RAMP,0.25,201,COMMON,200.0,0.25,5.099253269419375,4.849253269419375,True,True,False
A08,A,A-RAMP,0.25,201,COMMON,220.0,0.25,3.2497774274040143,2.9997774274040143,True,True,False
A08,A,A-RAMP,0.25,235,COMMON,180.0,0.25,2.0490182439710964,1.7990182439710964,True,True,False
A08,A,A-RAMP,0.25,235,COMMON,200.0,0.25,4.804028874038962,4.554028874038962,True,True,False
A08,A,A-RAMP,0.25,235,COMMON,220.0,0.25,2.8625256190740753,2.6125256190740753,True,True,False
A08,A,A-RAMP,0.25,283,COMMON,180.0,0.25,3.911299325573593,3.661299325573593,True,True,False
A08,A,A-RAMP,0.25,283,COMMON,200.0,0.25,2.65540611106523,2.40540611106523,True,True,False
A08,A,A-RAMP,0.25,283,COMMON,220.0,0.25,4.253692710505131,4.003692710505131,True,True,False
A08,A,A-RAMP,0.25,338,COMMON,180.0,0.25,7.481348563736422,7.231348563736422,True,True,False
A08,A,A-RAMP,0.25,338,COMMON,200.0,0.25,4.024531114440233,3.774531114440233,True,True,False
A08,A,A-RAMP,0.25,338,COMMON,220.0,0.25,6.155764492713147,5.905764492713147,True,True,False
A08,A,A-RAMP,0.25,FOUR,COMMON_LINE_AMPLITUDE_VARIATION,180.0,0.25,5.757349397827771,5.507349397827771,True,True,False
A08,A,A-RAMP,0.25,FOUR,COMMON_LINE_AMPLITUDE_VARIATION,200.0,0.25,5.35981182825,5.10981182825,True,True,False
A08,A,A-RAMP,0.25,FOUR,COMMON_LINE_AMPLITUDE_VARIATION,220.0,0.25,5.864423193704028,5.614423193704028,True,True,False
A08,A,A-RAMP,0.25,FOUR,LINE_SPECIFIC_AMPLITUDE_VARIATION,180.0,0.25,5.757349397827771,5.507349397827771,True,True,False
A08,A,A-RAMP,0.25,FOUR,LINE_SPECIFIC_AMPLITUDE_VARIATION,200.0,0.25,5.35981182825,5.10981182825,True,True,False
A08,A,A-RAMP,0.25,FOUR,LINE_SPECIFIC_AMPLITUDE_VARIATION,220.0,0.25,5.864423193704028,5.614423193704028,True,True,False
A08,A,A-RAMP,0.5,201,COMMON,180.0,0.5,3.5265731690317597,3.0265731690317597,True,True,False
A08,A,A-RAMP,0.5,201,COMMON,200.0,0.5,5.125743266727995,4.625743266727995,True,True,False
A08,A,A-RAMP,0.5,201,COMMON,220.0,0.5,3.29118724146589,2.79118724146589,True,True,False
A08,A,A-RAMP,0.5,235,COMMON,180.0,0.5,2.1230270904166395,1.6230270904166395,True,True,False
A08,A,A-RAMP,0.5,235,COMMON,200.0,0.5,4.831242490574687,4.331242490574687,True,True,False
A08,A,A-RAMP,0.5,235,COMMON,220.0,0.5,2.907965525928682,2.407965525928682,True,True,False
A08,A,A-RAMP,0.5,283,COMMON,180.0,0.5,3.92799777634834,3.42799777634834,True,True,False
A08,A,A-RAMP,0.5,283,COMMON,200.0,0.5,2.621216954852018,2.121216954852018,True,True,False
A08,A,A-RAMP,0.5,283,COMMON,220.0,0.5,4.269052095274728,3.769052095274728,True,True,False
A08,A,A-RAMP,0.5,338,COMMON,180.0,0.5,7.5153613984695244,7.0153613984695244,True,True,False
A08,A,A-RAMP,0.5,338,COMMON,200.0,0.5,4.080354254157586,3.5803542541575863,True,True,False
A08,A,A-RAMP,0.5,338,COMMON,220.0,0.5,6.197057132803662,5.697057132803662,True,True,False
A08,A,A-RAMP,0.5,FOUR,COMMON_LINE_AMPLITUDE_VARIATION,180.0,0.5,5.800995146658462,5.300995146658462,True,True,False
A08,A,A-RAMP,0.5,FOUR,COMMON_LINE_AMPLITUDE_VARIATION,200.0,0.5,5.39269059943396,4.89269059943396,True,True,False
A08,A,A-RAMP,0.5,FOUR,COMMON_LINE_AMPLITUDE_VARIATION,220.0,0.5,5.8812087819870245,5.3812087819870245,True,True,False
A08,A,A-RAMP,0.5,FOUR,LINE_SPECIFIC_AMPLITUDE_VARIATION,180.0,0.5,5.800995146658462,5.300995146658462,True,True,False
A08,A,A-RAMP,0.5,FOUR,LINE_SPECIFIC_AMPLITUDE_VARIATION,200.0,0.5,5.39269059943396,4.89269059943396,True,True,False
A08,A,A-RAMP,0.5,FOUR,LINE_SPECIFIC_AMPLITUDE_VARIATION,220.0,0.5,5.8812087819870245,5.3812087819870245,True,True,False
A08,A,A-RAMP,1.0,201,COMMON,180.0,1.0,3.654235703670619,2.654235703670619,True,True,False
A08,A,A-RAMP,1.0,201,COMMON,200.0,1.0,5.214399706375968,4.214399706375968,True,True,False
A08,A,A-RAMP,1.0,201,COMMON,220.0,1.0,3.3958920620411535,2.3958920620411535,True,True,False
A08,A,A-RAMP,1.0,235,COMMON,180.0,1.0,2.345161092905141,1.345161092905141,True,True,False
A08,A,A-RAMP,1.0,235,COMMON,200.0,1.0,4.9234464720359075,3.9234464720359075,True,True,False
A08,A,A-RAMP,1.0,235,COMMON,220.0,1.0,3.0587063703889896,2.0587063703889896,True,True,False
A08,A,A-RAMP,1.0,283,COMMON,180.0,1.0,4.008238361740432,3.008238361740432,True,True,False
A08,A,A-RAMP,1.0,283,COMMON,200.0,1.0,2.6239229683521437,1.6239229683521437,True,True,False
A08,A,A-RAMP,1.0,283,COMMON,220.0,1.0,4.3429959734841646,3.3429959734841646,True,True,False
A08,A,A-RAMP,1.0,338,COMMON,180.0,1.0,7.60761580158826,6.60761580158826,True,True,False
A08,A,A-RAMP,1.0,338,COMMON,200.0,1.0,4.234285197771953,3.2342851977719533,True,True,False
A08,A,A-RAMP,1.0,338,COMMON,220.0,1.0,6.308619368942964,5.308619368942964,True,True,False
A08,A,A-RAMP,1.0,FOUR,COMMON_LINE_AMPLITUDE_VARIATION,180.0,1.0,5.919078466900866,4.919078466900866,True,True,False
A08,A,A-RAMP,1.0,FOUR,COMMON_LINE_AMPLITUDE_VARIATION,200.0,1.0,5.492100694194619,4.492100694194619,True,True,False
A08,A,A-RAMP,1.0,FOUR,COMMON_LINE_AMPLITUDE_VARIATION,220.0,1.0,5.946253561887216,4.946253561887216,True,True,False
A08,A,A-RAMP,1.0,FOUR,LINE_SPECIFIC_AMPLITUDE_VARIATION,180.0,1.0,5.919078466900866,4.919078466900866,True,True,False
A08,A,A-RAMP,1.0,FOUR,LINE_SPECIFIC_AMPLITUDE_VARIATION,200.0,1.0,5.492100694194619,4.492100694194619,True,True,False
A08,A,A-RAMP,1.0,FOUR,LINE_SPECIFIC_AMPLITUDE_VARIATION,220.0,1.0,5.946253561887216,4.946253561887216,True,True,False
A08,A,A-RAMP,2.0,201,COMMON,180.0,2.0,3.978142965405632,1.978142965405632,True,True,False
A08,A,A-RAMP,2.0,201,COMMON,200.0,2.0,5.524799075147129,3.524799075147129,True,True,False
A08,A,A-RAMP,2.0,201,COMMON,220.0,2.0,3.5674221175480603,1.5674221175480603,True,True,False
A08,A,A-RAMP,2.0,235,COMMON,180.0,2.0,2.9974745372967266,0.9974745372967266,True,True,False
A08,A,A-RAMP,2.0,235,COMMON,200.0,2.0,5.247777385097414,3.2477773850974136,True,True,False
A08,A,A-RAMP,2.0,235,COMMON,220.0,2.0,3.5573201965517827,1.5573201965517827,True,True,False
A08,A,A-RAMP,2.0,283,COMMON,180.0,2.0,4.340459794951205,2.3404597949512054,True,True,False
A08,A,A-RAMP,2.0,283,COMMON,200.0,2.0,2.900579008186193,0.9005790081861931,True,True,False
A08,A,A-RAMP,2.0,283,COMMON,220.0,2.0,4.651368668764055,2.6513686687640554,True,True,False
A08,A,A-RAMP,2.0,338,COMMON,180.0,2.0,7.884550757938878,5.884550757938878,True,True,False
A08,A,A-RAMP,2.0,338,COMMON,200.0,2.0,4.689235729771768,2.6892357297717684,True,True,False
A08,A,A-RAMP,2.0,338,COMMON,220.0,2.0,6.639954880279043,4.639954880279043,True,True,False
A08,A,A-RAMP,2.0,FOUR,COMMON_LINE_AMPLITUDE_VARIATION,180.0,2.0,6.269240808014831,4.269240808014831,True,True,False
A08,A,A-RAMP,2.0,FOUR,COMMON_LINE_AMPLITUDE_VARIATION,200.0,2.0,5.81612296148149,3.81612296148149,True,True,False
A08,A,A-RAMP,2.0,FOUR,COMMON_LINE_AMPLITUDE_VARIATION,220.0,2.0,6.196495847826141,4.196495847826141,True,True,False
A08,A,A-RAMP,2.0,FOUR,LINE_SPECIFIC_AMPLITUDE_VARIATION,180.0,2.0,6.269240808014831,4.269240808014831,True,True,False
A08,A,A-RAMP,2.0,FOUR,LINE_SPECIFIC_AMPLITUDE_VARIATION,200.0,2.0,5.81612296148149,3.81612296148149,True,True,False
A08,A,A-RAMP,2.0,FOUR,LINE_SPECIFIC_AMPLITUDE_VARIATION,220.0,2.0,6.196495847826141,4.196495847826141,True,True,False
A08,A,A-SINE,0.0,201,COMMON,180.0,0.0,3.4669868841817544,3.4669868841817544,True,True,False
A08,A,A-SINE,0.0,201,COMMON,200.0,0.0,5.08493104918454,5.08493104918454,True,True,False
A08,A,A-SINE,0.0,201,COMMON,220.0,0.0,3.2272578448183307,3.2272578448183307,True,True,False
A08,A,A-SINE,0.0,235,COMMON,180.0,0.0,2.0036735017486875,2.0036735017486875,True,True,False
A08,A,A-SINE,0.0,235,COMMON,200.0,0.0,4.789726802487361,4.789726802487361,True,True,False
A08,A,A-SINE,0.0,235,COMMON,220.0,0.0,2.838457739639814,2.838457739639814,True,True,False
A08,A,A-SINE,0.0,283,COMMON,180.0,0.0,3.910544501404808,3.910544501404808,True,True,False
A08,A,A-SINE,0.0,283,COMMON,200.0,0.0,2.71230250985421,2.71230250985421,True,True,False
A08,A,A-SINE,0.0,283,COMMON,220.0,0.0,4.252998654906844,4.252998654906844,True,True,False
A08,A,A-SINE,0.0,338,COMMON,180.0,0.0,7.455568101401543,7.455568101401543,True,True,False
A08,A,A-SINE,0.0,338,COMMON,200.0,0.0,3.9836428733978106,3.9836428733978106,True,True,False
A08,A,A-SINE,0.0,338,COMMON,220.0,0.0,6.1244065730700115,6.1244065730700115,True,True,False
A08,A,A-SINE,0.0,FOUR,COMMON_LINE_AMPLITUDE_VARIATION,180.0,0.0,5.724299038815195,5.724299038815195,True,True,False
A08,A,A-SINE,0.0,FOUR,COMMON_LINE_AMPLITUDE_VARIATION,200.0,0.0,5.338450502465467,5.338450502465467,True,True,False
A08,A,A-SINE,0.0,FOUR,COMMON_LINE_AMPLITUDE_VARIATION,220.0,0.0,5.848908912074467,5.848908912074467,True,True,False
A08,A,A-SINE,0.0,FOUR,LINE_SPECIFIC_AMPLITUDE_VARIATION,180.0,0.0,5.724299038815195,5.724299038815195,True,True,False
A08,A,A-SINE,0.0,FOUR,LINE_SPECIFIC_AMPLITUDE_VARIATION,200.0,0.0,5.338450502465467,5.338450502465467,True,True,False
A08,A,A-SINE,0.0,FOUR,LINE_SPECIFIC_AMPLITUDE_VARIATION,220.0,0.0,5.848908912074467,5.848908912074467,True,True,False
A08,A,A-SINE,0.25,201,COMMON,180.0,0.25,3.479292005450659,3.229292005450659,True,True,False
A08,A,A-SINE,0.25,201,COMMON,200.0,0.25,5.093328830839959,4.843328830839959,True,True,False
A08,A,A-SINE,0.25,201,COMMON,220.0,0.25,3.2404734223637783,2.9904734223637783,True,True,False
A08,A,A-SINE,0.25,235,COMMON,180.0,0.25000000000000006,2.0247233700222607,1.7747233700222607,True,True,False
A08,A,A-SINE,0.25,235,COMMON,200.0,0.25,4.818304666604768,4.568304666604768,True,True,False
A08,A,A-SINE,0.25,235,COMMON,220.0,0.25,2.8864198165687274,2.6364198165687274,True,True,False
A08,A,A-SINE,0.25,283,COMMON,180.0,0.25,3.895928202996507,3.645928202996507,True,True,False
A08,A,A-SINE,0.25,283,COMMON,200.0,0.25,2.846793765667809,2.596793765667809,True,True,False
A08,A,A-SINE,0.25,283,COMMON,220.0,0.25,4.2395631642983735,3.9895631642983735,True,True,False
A08,A,A-SINE,0.25,338,COMMON,180.0,0.25,7.455746684398793,7.205746684398793,True,True,False
A08,A,A-SINE,0.25,338,COMMON,200.0,0.25,3.9708055633550843,3.7208055633550843,True,True,False
A08,A,A-SINE,0.25,338,COMMON,220.0,0.25,6.124623970461414,5.874623970461414,True,True,False
A08,A,A-SINE,0.25,FOUR,COMMON_LINE_AMPLITUDE_VARIATION,180.0,0.25,5.713266574185226,5.463266574185226,True,True,False
A08,A,A-SINE,0.25,FOUR,COMMON_LINE_AMPLITUDE_VARIATION,200.0,0.25,5.355213000441622,5.105213000441622,True,True,False
A08,A,A-SINE,0.25,FOUR,COMMON_LINE_AMPLITUDE_VARIATION,220.0,0.25,5.8381119314094825,5.5881119314094825,True,True,False
A08,A,A-SINE,0.25,FOUR,LINE_SPECIFIC_AMPLITUDE_VARIATION,180.0,0.25,5.713266574185226,5.463266574185226,True,True,False
A08,A,A-SINE,0.25,FOUR,LINE_SPECIFIC_AMPLITUDE_VARIATION,200.0,0.25,5.355213000441622,5.105213000441622,True,True,False
A08,A,A-SINE,0.25,FOUR,LINE_SPECIFIC_AMPLITUDE_VARIATION,220.0,0.25,5.8381119314094825,5.5881119314094825,True,True,False
A08,A,A-SINE,0.5,201,COMMON,180.0,0.5,3.509408449197305,3.009408449197305,True,True,False
A08,A,A-SINE,0.5,201,COMMON,200.0,0.5,5.113948903066016,4.613948903066016,True,True,False
A08,A,A-SINE,0.5,201,COMMON,220.0,0.5,3.272788231027266,2.772788231027266,True,True,False
A08,A,A-SINE,0.5,235,COMMON,180.0,0.5000000000000001,2.0758858226354238,1.5758858226354238,True,True,False
A08,A,A-SINE,0.5,235,COMMON,200.0,0.5,4.859592254293025,4.359592254293025,True,True,False
A08,A,A-SINE,0.5,235,COMMON,220.0,0.5,2.9548259466912987,2.4548259466912987,True,True,False
A08,A,A-SINE,0.5,283,COMMON,180.0,0.5,3.897326625821835,3.397326625821835,True,True,False
A08,A,A-SINE,0.5,283,COMMON,200.0,0.5000000000000001,2.9961449536911196,2.4961449536911196,True,True,False
A08,A,A-SINE,0.5,283,COMMON,220.0,0.5,4.240848274757287,3.740848274757287,True,True,False
A08,A,A-SINE,0.5,338,COMMON,180.0,0.5,7.464303150945233,6.964303150945233,True,True,False
A08,A,A-SINE,0.5,338,COMMON,200.0,0.5,3.973686336535662,3.473686336535662,True,True,False
A08,A,A-SINE,0.5,338,COMMON,220.0,0.5,6.135037219678288,5.635037219678288,True,True,False
A08,A,A-SINE,0.5,FOUR,COMMON_LINE_AMPLITUDE_VARIATION,180.0,0.5,5.713162907674156,5.213162907674156,True,True,False
A08,A,A-SINE,0.5,FOUR,COMMON_LINE_AMPLITUDE_VARIATION,200.0,0.5,5.383545188156602,4.883545188156602,True,True,False
A08,A,A-SINE,0.5,FOUR,COMMON_LINE_AMPLITUDE_VARIATION,220.0,0.5,5.838010481798349,5.338010481798349,True,True,False
A08,A,A-SINE,0.5,FOUR,LINE_SPECIFIC_AMPLITUDE_VARIATION,180.0,0.5,5.713162907674156,5.213162907674156,True,True,False
A08,A,A-SINE,0.5,FOUR,LINE_SPECIFIC_AMPLITUDE_VARIATION,200.0,0.5,5.383545188156602,4.883545188156602,True,True,False
A08,A,A-SINE,0.5,FOUR,LINE_SPECIFIC_AMPLITUDE_VARIATION,220.0,0.5,5.838010481798349,5.338010481798349,True,True,False
A08,A,A-SINE,1.0,201,COMMON,180.0,1.0000000000000002,3.621035386668647,2.6210353866686464,True,True,False
A08,A,A-SINE,1.0,201,COMMON,200.0,1.0,5.19118705031703,4.19118705031703,True,True,False
A08,A,A-SINE,1.0,201,COMMON,220.0,1.0000000000000002,3.3922105496799144,2.3922105496799144,True,True,False
A08,A,A-SINE,1.0,235,COMMON,180.0,1.0000000000000002,2.259180469911081,1.2591804699110807,True,True,False
A08,A,A-SINE,1.0,235,COMMON,200.0,1.0,4.978934716734468,3.978934716734468,True,True,False
A08,A,A-SINE,1.0,235,COMMON,220.0,1.0000000000000002,3.1472448920856317,2.1472448920856317,True,True,False
A08,A,A-SINE,1.0,283,COMMON,180.0,1.0000000000000002,3.94790467960059,2.9479046796005894,True,True,False
A08,A,A-SINE,1.0,283,COMMON,200.0,1.0000000000000002,3.331243650965218,2.3312436509652175,True,True,False
A08,A,A-SINE,1.0,283,COMMON,220.0,1.0000000000000002,4.28737572652366,3.28737572652366,True,True,False
A08,A,A-SINE,1.0,338,COMMON,180.0,1.0,7.506407086202138,6.506407086202138,True,True,False
A08,A,A-SINE,1.0,338,COMMON,200.0,1.0000000000000002,4.026283107230198,3.0262831072301983,True,True,False
A08,A,A-SINE,1.0,338,COMMON,220.0,1.0,6.186194912982667,5.186194912982667,True,True,False
A08,A,A-SINE,1.0,FOUR,COMMON_LINE_AMPLITUDE_VARIATION,180.0,1.0000000000000002,5.745681972879032,4.745681972879032,True,True,False
A08,A,A-SINE,1.0,FOUR,COMMON_LINE_AMPLITUDE_VARIATION,200.0,1.0,5.474126763107921,4.474126763107921,True,True,False
A08,A,A-SINE,1.0,FOUR,COMMON_LINE_AMPLITUDE_VARIATION,220.0,1.0000000000000002,5.869837928719212,4.869837928719212,True,True,False
A08,A,A-SINE,1.0,FOUR,LINE_SPECIFIC_AMPLITUDE_VARIATION,180.0,1.0000000000000002,5.745681972879032,4.745681972879032,True,True,False
A08,A,A-SINE,1.0,FOUR,LINE_SPECIFIC_AMPLITUDE_VARIATION,200.0,1.0,5.474126763107921,4.474126763107921,True,True,False
A08,A,A-SINE,1.0,FOUR,LINE_SPECIFIC_AMPLITUDE_VARIATION,220.0,1.0000000000000002,5.869837928719212,4.869837928719212,True,True,False
A08,A,A-SINE,2.0,201,COMMON,180.0,2.0000000000000004,4.025393954375747,2.025393954375746,True,True,False
A08,A,A-SINE,2.0,201,COMMON,200.0,2.0000000000000004,5.4809052361628625,3.480905236162862,True,True,False
A08,A,A-SINE,2.0,201,COMMON,220.0,2.0000000000000004,3.8208626813558686,1.8208626813558682,True,True,False
A08,A,A-SINE,2.0,235,COMMON,180.0,2.0000000000000004,2.7295686427035633,0.7295686427035628,True,True,False
A08,A,A-SINE,2.0,235,COMMON,200.0,2.0000000000000004,5.351457650448304,3.3514576504483036,True,True,False
A08,A,A-SINE,2.0,235,COMMON,220.0,2.0000000000000004,3.7085655558176454,1.708565555817645,True,True,False
A08,A,A-SINE,2.0,283,COMMON,180.0,2.0000000000000004,4.228421031656746,2.228421031656745,True,True,False
A08,A,A-SINE,2.0,283,COMMON,200.0,2.0000000000000004,3.5304448614559614,1.530444861455961,True,True,False
A08,A,A-SINE,2.0,283,COMMON,220.0,2.0000000000000004,4.5469972159799195,2.546997215979919,True,True,False
A08,A,A-SINE,2.0,338,COMMON,180.0,2.0000000000000004,7.688094625649136,5.688094625649136,True,True,False
A08,A,A-SINE,2.0,338,COMMON,200.0,2.0000000000000004,4.307261400978742,2.3072614009787418,True,True,False
A08,A,A-SINE,2.0,338,COMMON,220.0,2.0000000000000004,6.386654510219404,4.386654510219403,True,True,False
A08,A,A-SINE,2.0,FOUR,COMMON_LINE_AMPLITUDE_VARIATION,180.0,2.0000000000000004,5.937855099373309,3.937855099373308,True,True,False
A08,A,A-SINE,2.0,FOUR,COMMON_LINE_AMPLITUDE_VARIATION,200.0,2.0000000000000004,5.7821340238596175,3.782134023859617,True,True,False
A08,A,A-SINE,2.0,FOUR,COMMON_LINE_AMPLITUDE_VARIATION,220.0,2.0000000000000004,6.058073881781005,4.058073881781004,True,True,False
A08,A,A-SINE,2.0,FOUR,LINE_SPECIFIC_AMPLITUDE_VARIATION,180.0,2.0000000000000004,5.937855099373309,3.937855099373308,True,True,False
A08,A,A-SINE,2.0,FOUR,LINE_SPECIFIC_AMPLITUDE_VARIATION,200.0,2.0000000000000004,5.7821340238596175,3.782134023859617,True,True,False
A08,A,A-SINE,2.0,FOUR,LINE_SPECIFIC_AMPLITUDE_VARIATION,220.0,2.0000000000000004,6.058073881781005,4.058073881781004,True,True,False
A09,A,A-RAMP,0.0,201,COMMON,180.0,0.0,3.373956775740916,3.373956775740916,True,True,False
A09,A,A-RAMP,0.0,201,COMMON,200.0,0.0,5.866089597407733,5.866089597407733,True,True,False
A09,A,A-RAMP,0.0,201,COMMON,220.0,0.0,2.65052337011417,2.65052337011417,True,True,False
A09,A,A-RAMP,0.0,235,COMMON,180.0,0.0,2.087138772570158,2.087138772570158,True,True,False
A09,A,A-RAMP,0.0,235,COMMON,200.0,0.0,4.640620686834904,4.640620686834904,True,True,False
A09,A,A-RAMP,0.0,235,COMMON,220.0,0.0,3.097788499450213,3.097788499450213,True,True,False
A09,A,A-RAMP,0.0,283,COMMON,180.0,0.0,3.1113375546380224,3.1113375546380224,True,True,False
A09,A,A-RAMP,0.0,283,COMMON,200.0,0.0,3.2787752384709643,3.2787752384709643,True,True,False
A09,A,A-RAMP,0.0,283,COMMON,220.0,0.0,3.5402939949198653,3.5402939949198653,True,True,False
A09,A,A-RAMP,0.0,338,COMMON,180.0,0.0,7.0832111021074216,7.0832111021074216,True,True,False
A09,A,A-RAMP,0.0,338,COMMON,200.0,0.0,3.281957324715711,3.281957324715711,True,True,False
A09,A,A-RAMP,0.0,338,COMMON,220.0,0.0,5.6167420911065715,5.6167420911065715,True,True,False
A09,A,A-RAMP,0.0,FOUR,COMMON_LINE_AMPLITUDE_VARIATION,180.0,0.0,5.378175568038244,5.378175568038244,True,True,False
A09,A,A-RAMP,0.0,FOUR,COMMON_LINE_AMPLITUDE_VARIATION,200.0,0.0,5.028510734448415,5.028510734448415,True,True,False
A09,A,A-RAMP,0.0,FOUR,COMMON_LINE_AMPLITUDE_VARIATION,220.0,0.0,4.742991292467722,4.742991292467722,True,True,False
A09,A,A-RAMP,0.0,FOUR,LINE_SPECIFIC_AMPLITUDE_VARIATION,180.0,0.0,5.378175568038244,5.378175568038244,True,True,False
A09,A,A-RAMP,0.0,FOUR,LINE_SPECIFIC_AMPLITUDE_VARIATION,200.0,0.0,5.028510734448415,5.028510734448415,True,True,False
A09,A,A-RAMP,0.0,FOUR,LINE_SPECIFIC_AMPLITUDE_VARIATION,220.0,0.0,4.742991292467722,4.742991292467722,True,True,False
A09,A,A-RAMP,0.25,201,COMMON,180.0,0.25,3.390912696506146,3.140912696506146,True,True,False
A09,A,A-RAMP,0.25,201,COMMON,200.0,0.25,5.875858384574442,5.625858384574442,True,True,False
A09,A,A-RAMP,0.25,201,COMMON,220.0,0.25,2.6720738624296896,2.4220738624296896,True,True,False
A09,A,A-RAMP,0.25,235,COMMON,180.0,0.25,1.9198950595976287,1.6698950595976287,True,True,False
A09,A,A-RAMP,0.25,235,COMMON,200.0,0.25,4.53863504914497,4.28863504914497,True,True,False
A09,A,A-RAMP,0.25,235,COMMON,220.0,0.25,2.986877362191974,2.736877362191974,True,True,False
A09,A,A-RAMP,0.25,283,COMMON,180.0,0.25,3.026692774607132,2.776692774607132,True,True,False
A09,A,A-RAMP,0.25,283,COMMON,200.0,0.25,3.3080480532104826,3.0580480532104826,True,True,False
A09,A,A-RAMP,0.25,283,COMMON,220.0,0.25,3.466140410229189,3.216140410229189,True,True,False
A09,A,A-RAMP,0.25,338,COMMON,180.0,0.25,7.068603417853917,6.818603417853917,True,True,False
A09,A,A-RAMP,0.25,338,COMMON,200.0,0.25,3.250310545645346,3.000310545645346,True,True,False
A09,A,A-RAMP,0.25,338,COMMON,220.0,0.25,5.598309251897975,5.348309251897975,True,True,False
A09,A,A-RAMP,0.25,FOUR,COMMON_LINE_AMPLITUDE_VARIATION,180.0,0.25,5.3278889175314035,5.0778889175314035,True,True,False
A09,A,A-RAMP,0.25,FOUR,COMMON_LINE_AMPLITUDE_VARIATION,200.0,0.25,4.974690752536623,4.724690752536623,True,True,False
A09,A,A-RAMP,0.25,FOUR,COMMON_LINE_AMPLITUDE_VARIATION,220.0,0.25,4.6858931141603195,4.4358931141603195,True,True,False
A09,A,A-RAMP,0.25,FOUR,LINE_SPECIFIC_AMPLITUDE_VARIATION,180.0,0.25,5.3278889175314035,5.0778889175314035,True,True,False
A09,A,A-RAMP,0.25,FOUR,LINE_SPECIFIC_AMPLITUDE_VARIATION,200.0,0.25,4.974690752536623,4.724690752536623,True,True,False
A09,A,A-RAMP,0.25,FOUR,LINE_SPECIFIC_AMPLITUDE_VARIATION,220.0,0.25,4.6858931141603195,4.4358931141603195,True,True,False
A09,A,A-RAMP,0.5,201,COMMON,180.0,0.5,3.426075525449654,2.926075525449654,True,True,False
A09,A,A-RAMP,0.5,201,COMMON,200.0,0.5,5.896220513713196,5.396220513713196,True,True,False
A09,A,A-RAMP,0.5,201,COMMON,220.0,0.5,2.7165572545113905,2.2165572545113905,True,True,False
A09,A,A-RAMP,0.5,235,COMMON,180.0,0.5,1.772243161580571,1.272243161580571,True,True,False
A09,A,A-RAMP,0.5,235,COMMON,200.0,0.5,4.448376766818913,3.948376766818913,True,True,False
A09,A,A-RAMP,0.5,235,COMMON,220.0,0.5,2.8478560579885355,2.3478560579885355,True,True,False
A09,A,A-RAMP,0.5,283,COMMON,180.0,0.5,2.96079667063058,2.46079667063058,True,True,False
A09,A,A-RAMP,0.5,283,COMMON,200.0,0.5,3.290189614603637,2.790189614603637,True,True,False
A09,A,A-RAMP,0.5,283,COMMON,220.0,0.5,3.408750081244133,2.908750081244133,True,True,False
A09,A,A-RAMP,0.5,338,COMMON,180.0,0.5,7.06282019031876,6.56282019031876,True,True,False
A09,A,A-RAMP,0.5,338,COMMON,200.0,0.5,3.237714225346577,2.737714225346577,True,True,False
A09,A,A-RAMP,0.5,338,COMMON,220.0,0.5,5.591005387384697,5.091005387384697,True,True,False
A09,A,A-RAMP,0.5,FOUR,COMMON_LINE_AMPLITUDE_VARIATION,180.0,0.5,5.288953412014934,4.788953412014934,True,True,False
A09,A,A-RAMP,0.5,FOUR,COMMON_LINE_AMPLITUDE_VARIATION,200.0,0.5,4.93296827075584,4.43296827075584,True,True,False
A09,A,A-RAMP,0.5,FOUR,COMMON_LINE_AMPLITUDE_VARIATION,220.0,0.5,4.641575395729941,4.141575395729941,True,True,False
A09,A,A-RAMP,0.5,FOUR,LINE_SPECIFIC_AMPLITUDE_VARIATION,180.0,0.5,5.288953412014934,4.788953412014934,True,True,False
A09,A,A-RAMP,0.5,FOUR,LINE_SPECIFIC_AMPLITUDE_VARIATION,200.0,0.5,4.93296827075584,4.43296827075584,True,True,False
A09,A,A-RAMP,0.5,FOUR,LINE_SPECIFIC_AMPLITUDE_VARIATION,220.0,0.5,4.641575395729941,4.141575395729941,True,True,False
A09,A,A-RAMP,1.0,201,COMMON,180.0,1.0,3.548577558346754,2.548577558346754,True,True,False
A09,A,A-RAMP,1.0,201,COMMON,200.0,1.0,5.968234707838608,4.968234707838608,True,True,False
A09,A,A-RAMP,1.0,201,COMMON,220.0,1.0,2.869510846565238,1.869510846565238,True,True,False
A09,A,A-RAMP,1.0,235,COMMON,180.0,1.0,1.5574156129859908,0.5574156129859908,True,True,False
A09,A,A-RAMP,1.0,235,COMMON,200.0,1.0,4.305897276999128,3.3058972769991284,True,True,False
A09,A,A-RAMP,1.0,235,COMMON,220.0,1.0,2.619728922525426,1.619728922525426,True,True,False
A09,A,A-RAMP,1.0,283,COMMON,180.0,1.0,2.890019458538879,1.890019458538879,True,True,False
A09,A,A-RAMP,1.0,283,COMMON,200.0,1.0,3.311295706432388,2.311295706432388,True,True,False
A09,A,A-RAMP,1.0,283,COMMON,220.0,1.0,3.3474576415987856,2.3474576415987856,True,True,False
A09,A,A-RAMP,1.0,338,COMMON,180.0,1.0,7.077780624216238,6.077780624216238,True,True,False
A09,A,A-RAMP,1.0,338,COMMON,200.0,1.0,3.2702206238674583,2.2702206238674583,True,True,False
A09,A,A-RAMP,1.0,338,COMMON,220.0,1.0,5.609892224055751,4.609892224055751,True,True,False
A09,A,A-RAMP,1.0,FOUR,COMMON_LINE_AMPLITUDE_VARIATION,180.0,1.0,5.2460731931879625,4.2460731931879625,True,True,False
A09,A,A-RAMP,1.0,FOUR,COMMON_LINE_AMPLITUDE_VARIATION,200.0,1.0,4.886965491396965,3.886965491396965,True,True,False
A09,A,A-RAMP,1.0,FOUR,COMMON_LINE_AMPLITUDE_VARIATION,220.0,1.0,4.592654777801885,3.5926547778018847,True,True,False
A09,A,A-RAMP,1.0,FOUR,LINE_SPECIFIC_AMPLITUDE_VARIATION,180.0,1.0,5.2460731931879625,4.2460731931879625,True,True,False
A09,A,A-RAMP,1.0,FOUR,LINE_SPECIFIC_AMPLITUDE_VARIATION,200.0,1.0,4.886965491396965,3.886965491396965,True,True,False
A09,A,A-RAMP,1.0,FOUR,LINE_SPECIFIC_AMPLITUDE_VARIATION,220.0,1.0,4.592654777801885,3.5926547778018847,True,True,False
A09,A,A-RAMP,2.0,201,COMMON,180.0,2.0,3.9750749742157536,1.9750749742157536,True,True,False
A09,A,A-RAMP,2.0,201,COMMON,200.0,2.0,6.231263426535871,4.231263426535871,True,True,False
A09,A,A-RAMP,2.0,201,COMMON,220.0,2.0,3.3827371848238097,1.3827371848238097,True,True,False
A09,A,A-RAMP,2.0,235,COMMON,180.0,2.0,1.5795374408919192,-0.42046255910808084,False,False,False
A09,A,A-RAMP,2.0,235,COMMON,200.0,2.0,4.186216012773777,2.1862160127737766,True,True,False
A09,A,A-RAMP,2.0,235,COMMON,220.0,2.0,2.422472007785577,0.42247200778557703,True,False,False
A09,A,A-RAMP,2.0,283,COMMON,180.0,2.0,3.0039979298537807,1.0039979298537807,True,True,False
A09,A,A-RAMP,2.0,283,COMMON,200.0,2.0,3.3075338820438587,1.3075338820438587,True,True,False
A09,A,A-RAMP,2.0,283,COMMON,220.0,2.0,3.446340632341869,1.4463406323418688,True,True,False
A09,A,A-RAMP,2.0,338,COMMON,180.0,2.0,7.212355898875468,5.212355898875468,True,True,False
A09,A,A-RAMP,2.0,338,COMMON,200.0,2.0,3.552103880277296,1.5521038802772962,True,True,False
A09,A,A-RAMP,2.0,338,COMMON,220.0,2.0,5.778753309584529,3.7787533095845287,True,True,False
A09,A,A-RAMP,2.0,FOUR,COMMON_LINE_AMPLITUDE_VARIATION,180.0,2.0,5.302621564464807,3.3026215644648067,True,True,False
A09,A,A-RAMP,2.0,FOUR,COMMON_LINE_AMPLITUDE_VARIATION,200.0,2.0,4.94761995526603,2.9476199552660303,True,True,False
A09,A,A-RAMP,2.0,FOUR,COMMON_LINE_AMPLITUDE_VARIATION,220.0,2.0,4.657143911852878,2.657143911852878,True,True,False
A09,A,A-RAMP,2.0,FOUR,LINE_SPECIFIC_AMPLITUDE_VARIATION,180.0,2.0,5.302621564464807,3.3026215644648067,True,True,False
A09,A,A-RAMP,2.0,FOUR,LINE_SPECIFIC_AMPLITUDE_VARIATION,200.0,2.0,4.94761995526603,2.9476199552660303,True,True,False
A09,A,A-RAMP,2.0,FOUR,LINE_SPECIFIC_AMPLITUDE_VARIATION,220.0,2.0,4.657143911852878,2.657143911852878,True,True,False
A09,A,A-SINE,0.0,201,COMMON,180.0,0.0,3.373956775740916,3.373956775740916,True,True,False
A09,A,A-SINE,0.0,201,COMMON,200.0,0.0,5.866089597407733,5.866089597407733,True,True,False
A09,A,A-SINE,0.0,201,COMMON,220.0,0.0,2.65052337011417,2.65052337011417,True,True,False
A09,A,A-SINE,0.0,235,COMMON,180.0,0.0,2.087138772570158,2.087138772570158,True,True,False
A09,A,A-SINE,0.0,235,COMMON,200.0,0.0,4.640620686834904,4.640620686834904,True,True,False
A09,A,A-SINE,0.0,235,COMMON,220.0,0.0,3.097788499450213,3.097788499450213,True,True,False
A09,A,A-SINE,0.0,283,COMMON,180.0,0.0,3.1113375546380224,3.1113375546380224,True,True,False
A09,A,A-SINE,0.0,283,COMMON,200.0,0.0,3.2787752384709643,3.2787752384709643,True,True,False
A09,A,A-SINE,0.0,283,COMMON,220.0,0.0,3.5402939949198653,3.5402939949198653,True,True,False
A09,A,A-SINE,0.0,338,COMMON,180.0,0.0,7.0832111021074216,7.0832111021074216,True,True,False
A09,A,A-SINE,0.0,338,COMMON,200.0,0.0,3.281957324715711,3.281957324715711,True,True,False
A09,A,A-SINE,0.0,338,COMMON,220.0,0.0,5.6167420911065715,5.6167420911065715,True,True,False
A09,A,A-SINE,0.0,FOUR,COMMON_LINE_AMPLITUDE_VARIATION,180.0,0.0,5.378175568038244,5.378175568038244,True,True,False
A09,A,A-SINE,0.0,FOUR,COMMON_LINE_AMPLITUDE_VARIATION,200.0,0.0,5.028510734448415,5.028510734448415,True,True,False
A09,A,A-SINE,0.0,FOUR,COMMON_LINE_AMPLITUDE_VARIATION,220.0,0.0,4.742991292467722,4.742991292467722,True,True,False
A09,A,A-SINE,0.0,FOUR,LINE_SPECIFIC_AMPLITUDE_VARIATION,180.0,0.0,5.378175568038244,5.378175568038244,True,True,False
A09,A,A-SINE,0.0,FOUR,LINE_SPECIFIC_AMPLITUDE_VARIATION,200.0,0.0,5.028510734448415,5.028510734448415,True,True,False
A09,A,A-SINE,0.0,FOUR,LINE_SPECIFIC_AMPLITUDE_VARIATION,220.0,0.0,4.742991292467722,4.742991292467722,True,True,False
A09,A,A-SINE,0.25,201,COMMON,180.0,0.24999999999999994,3.3644987872018857,3.1144987872018857,True,True,False
A09,A,A-SINE,0.25,201,COMMON,200.0,0.25000000000000006,5.860654820865168,5.610654820865168,True,True,False
A09,A,A-SINE,0.25,201,COMMON,220.0,0.24999999999999994,2.6384734033217585,2.3884734033217585,True,True,False
A09,A,A-SINE,0.25,235,COMMON,180.0,0.25,2.225935333438486,1.975935333438486,True,True,False
A09,A,A-SINE,0.25,235,COMMON,200.0,0.24999999999999997,4.699011922846953,4.449011922846953,True,True,False
A09,A,A-SINE,0.25,235,COMMON,220.0,0.24999999999999994,3.179865685797698,2.929865685797698,True,True,False
A09,A,A-SINE,0.25,283,COMMON,180.0,0.25,3.209327409657848,2.959327409657848,True,True,False
A09,A,A-SINE,0.25,283,COMMON,200.0,0.25,3.2485243398060684,2.9985243398060684,True,True,False
A09,A,A-SINE,0.25,283,COMMON,220.0,0.24999999999999994,3.6664347124304193,3.4164347124304193,True,True,False
A09,A,A-SINE,0.25,338,COMMON,180.0,0.25000000000000006,7.099554532709356,6.849554532709356,True,True,False
A09,A,A-SINE,0.25,338,COMMON,200.0,0.24999999999999994,3.3170828942236623,3.0670828942236623,True,True,False
A09,A,A-SINE,0.25,338,COMMON,220.0,0.25000000000000006,5.6373386242006385,5.3873386242006385,True,True,False
A09,A,A-SINE,0.25,FOUR,COMMON_LINE_AMPLITUDE_VARIATION,180.0,0.25,5.408375321654652,5.158375321654652,True,True,False
A09,A,A-SINE,0.25,FOUR,COMMON_LINE_AMPLITUDE_VARIATION,200.0,0.25,5.071098729692064,4.821098729692064,True,True,False
A09,A,A-SINE,0.25,FOUR,COMMON_LINE_AMPLITUDE_VARIATION,220.0,0.24999999999999997,4.788119518166413,4.538119518166413,True,True,False
A09,A,A-SINE,0.25,FOUR,LINE_SPECIFIC_AMPLITUDE_VARIATION,180.0,0.25,5.408375321654652,5.158375321654652,True,True,False
A09,A,A-SINE,0.25,FOUR,LINE_SPECIFIC_AMPLITUDE_VARIATION,200.0,0.25,5.071098729692064,4.821098729692064,True,True,False
A09,A,A-SINE,0.25,FOUR,LINE_SPECIFIC_AMPLITUDE_VARIATION,220.0,0.24999999999999997,4.788119518166413,4.538119518166413,True,True,False
A09,A,A-SINE,0.5,201,COMMON,180.0,0.5,3.3735915362707867,2.8735915362707867,True,True,False
A09,A,A-SINE,0.5,201,COMMON,200.0,0.4999999999999999,5.86587953284459,5.36587953284459,True,True,False
A09,A,A-SINE,0.5,201,COMMON,220.0,0.5,2.6500584266297276,2.1500584266297276,True,True,False
A09,A,A-SINE,0.5,235,COMMON,180.0,0.5,2.227138073174788,1.727138073174788,True,True,False
A09,A,A-SINE,0.5,235,COMMON,200.0,0.49999999999999994,4.769807726002756,4.269807726002756,True,True,False
A09,A,A-SINE,0.5,235,COMMON,220.0,0.5,3.2789934388621953,2.7789934388621953,True,True,False
A09,A,A-SINE,0.5,283,COMMON,180.0,0.5,3.1864538329218397,2.6864538329218397,True,True,False
A09,A,A-SINE,0.5,283,COMMON,200.0,0.5,3.237352885957071,2.737352885957071,True,True,False
A09,A,A-SINE,0.5,283,COMMON,220.0,0.5,3.6917731847462028,3.1917731847462028,True,True,False
A09,A,A-SINE,0.5,338,COMMON,180.0,0.4999999999999999,7.124638208976656,6.624638208976656,True,True,False
A09,A,A-SINE,0.5,338,COMMON,200.0,0.5,3.3704352794627805,2.8704352794627805,True,True,False
A09,A,A-SINE,0.5,338,COMMON,220.0,0.4999999999999999,5.668895995676801,5.168895995676801,True,True,False
A09,A,A-SINE,0.5,FOUR,COMMON_LINE_AMPLITUDE_VARIATION,180.0,0.5,5.37058132114128,4.87058132114128,True,True,False
A09,A,A-SINE,0.5,FOUR,COMMON_LINE_AMPLITUDE_VARIATION,200.0,0.49999999999999994,5.125540405274941,4.625540405274941,True,True,False
A09,A,A-SINE,0.5,FOUR,COMMON_LINE_AMPLITUDE_VARIATION,220.0,0.5,4.845741495382074,4.345741495382074,True,True,False
A09,A,A-SINE,0.5,FOUR,LINE_SPECIFIC_AMPLITUDE_VARIATION,180.0,0.5,5.37058132114128,4.87058132114128,True,True,False
A09,A,A-SINE,0.5,FOUR,LINE_SPECIFIC_AMPLITUDE_VARIATION,200.0,0.49999999999999994,5.125540405274941,4.625540405274941,True,True,False
A09,A,A-SINE,0.5,FOUR,LINE_SPECIFIC_AMPLITUDE_VARIATION,220.0,0.5,4.845741495382074,4.345741495382074,True,True,False
A09,A,A-SINE,1.0,201,COMMON,180.0,1.0,3.446542525869619,2.446542525869619,True,True,False
A09,A,A-SINE,1.0,201,COMMON,200.0,1.0,5.908136611730886,4.908136611730886,True,True,False
A09,A,A-SINE,1.0,201,COMMON,220.0,1.0,2.7423247790116103,1.7423247790116103,True,True,False
A09,A,A-SINE,1.0,235,COMMON,180.0,1.0,2.0673589621791364,1.0673589621791364,True,True,False
A09,A,A-SINE,1.0,235,COMMON,200.0,1.0,4.946389706340485,3.9463897063404847,True,True,False
A09,A,A-SINE,1.0,235,COMMON,220.0,1.0,3.522400084725846,2.522400084725846,True,True,False
A09,A,A-SINE,1.0,283,COMMON,180.0,1.0,3.1993591925985028,2.1993591925985028,True,True,False
A09,A,A-SINE,1.0,283,COMMON,200.0,1.0,3.099053856592842,2.099053856592842,True,True,False
A09,A,A-SINE,1.0,283,COMMON,220.0,1.0,3.7029178307833646,2.7029178307833646,True,True,False
A09,A,A-SINE,1.0,338,COMMON,180.0,1.0,7.20062911838975,6.20062911838975,True,True,False
A09,A,A-SINE,1.0,338,COMMON,200.0,1.0,3.528232427836862,2.528232427836862,True,True,False
A09,A,A-SINE,1.0,338,COMMON,220.0,1.0,5.764110677423944,4.764110677423944,True,True,False
A09,A,A-SINE,1.0,FOUR,COMMON_LINE_AMPLITUDE_VARIATION,180.0,1.0,5.329482520959115,4.329482520959115,True,True,False
A09,A,A-SINE,1.0,FOUR,COMMON_LINE_AMPLITUDE_VARIATION,200.0,1.0,5.268435126842607,4.268435126842607,True,True,False
A09,A,A-SINE,1.0,FOUR,COMMON_LINE_AMPLITUDE_VARIATION,220.0,1.0,4.996644361940399,3.9966443619403993,True,True,False
A09,A,A-SINE,1.0,FOUR,LINE_SPECIFIC_AMPLITUDE_VARIATION,180.0,1.0,5.329482520959115,4.329482520959115,True,True,False
A09,A,A-SINE,1.0,FOUR,LINE_SPECIFIC_AMPLITUDE_VARIATION,200.0,1.0,5.268435126842607,4.268435126842607,True,True,False
A09,A,A-SINE,1.0,FOUR,LINE_SPECIFIC_AMPLITUDE_VARIATION,220.0,1.0,4.996644361940399,3.9966443619403993,True,True,False
A09,A,A-SINE,2.0,201,COMMON,180.0,2.0,3.7912697662771815,1.7912697662771815,True,True,False
A09,A,A-SINE,2.0,201,COMMON,200.0,2.0,6.115647903610427,4.115647903610427,True,True,False
A09,A,A-SINE,2.0,201,COMMON,220.0,2.0,3.1647142448633137,1.1647142448633137,True,True,False
A09,A,A-SINE,2.0,235,COMMON,180.0,2.0,2.0752006340081226,0.0752006340081226,True,False,False
A09,A,A-SINE,2.0,235,COMMON,200.0,2.0,5.422009027556315,3.4220090275563146,True,True,False
A09,A,A-SINE,2.0,235,COMMON,220.0,2.0,4.082477260639602,2.0824772606396023,True,True,False
A09,A,A-SINE,2.0,283,COMMON,180.0,2.0,3.319238907931614,1.3192389079316138,True,True,False
A09,A,A-SINE,2.0,283,COMMON,200.0,2.0,2.9683273533862584,0.9683273533862584,True,True,False
A09,A,A-SINE,2.0,283,COMMON,220.0,2.0,3.8734242363285887,1.8734242363285887,True,True,False
A09,A,A-SINE,2.0,338,COMMON,180.0,2.0,7.4406263259440655,5.4406263259440655,True,True,False
A09,A,A-SINE,2.0,338,COMMON,200.0,2.0,3.6482813594747023,1.6482813594747023,True,True,False
A09,A,A-SINE,2.0,338,COMMON,220.0,2.0,5.977007544528976,3.977007544528976,True,True,False
A09,A,A-SINE,2.0,FOUR,COMMON_LINE_AMPLITUDE_VARIATION,180.0,2.0,5.387380102577036,3.387380102577036,True,True,False
A09,A,A-SINE,2.0,FOUR,COMMON_LINE_AMPLITUDE_VARIATION,200.0,2.0,5.557705571033001,3.557705571033001,True,True,False
A09,A,A-SINE,2.0,FOUR,COMMON_LINE_AMPLITUDE_VARIATION,220.0,2.0,5.181068246747217,3.181068246747217,True,True,False
A09,A,A-SINE,2.0,FOUR,LINE_SPECIFIC_AMPLITUDE_VARIATION,180.0,2.0,5.387380102577036,3.387380102577036,True,True,False
A09,A,A-SINE,2.0,FOUR,LINE_SPECIFIC_AMPLITUDE_VARIATION,200.0,2.0,5.557705571033001,3.557705571033001,True,True,False
A09,A,A-SINE,2.0,FOUR,LINE_SPECIFIC_AMPLITUDE_VARIATION,220.0,2.0,5.181068246747217,3.181068246747217,True,True,False
A10,A,A-RAMP,0.0,201,COMMON,180.0,0.0,1.5874402389426008,1.5874402389426008,True,True,False
A10,A,A-RAMP,0.0,201,COMMON,200.0,0.0,1.1497883136649076,1.1497883136649076,True,True,False
A10,A,A-RAMP,0.0,201,COMMON,220.0,0.0,1.1840964462383123,1.1840964462383123,True,True,False
A10,A,A-RAMP,0.0,235,COMMON,180.0,0.0,1.688349381020343,1.688349381020343,True,True,False
A10,A,A-RAMP,0.0,235,COMMON,200.0,0.0,2.429869370837681,2.429869370837681,True,True,False
A10,A,A-RAMP,0.0,235,COMMON,220.0,0.0,0.32860842703451226,0.32860842703451226,True,False,False
A10,A,A-RAMP,0.0,283,COMMON,180.0,0.0,1.6432300139160014,1.6432300139160014,True,True,False
A10,A,A-RAMP,0.0,283,COMMON,200.0,0.0,1.7703032456716585,1.7703032456716585,True,True,False
A10,A,A-RAMP,0.0,283,COMMON,220.0,0.0,1.1146944241883163,1.1146944241883163,True,True,False
A10,A,A-RAMP,0.0,338,COMMON,180.0,0.0,5.558634037123862,5.558634037123862,True,True,False
A10,A,A-RAMP,0.0,338,COMMON,200.0,0.0,1.8455904210733367,1.8455904210733367,True,True,False
A10,A,A-RAMP,0.0,338,COMMON,220.0,0.0,4.102187378809736,4.102187378809736,True,True,False
A10,A,A-RAMP,0.0,FOUR,COMMON_LINE_AMPLITUDE_VARIATION,180.0,0.0,5.6200219580201205,5.6200219580201205,True,True,False
A10,A,A-RAMP,0.0,FOUR,COMMON_LINE_AMPLITUDE_VARIATION,200.0,0.0,4.159426487508117,4.159426487508117,True,True,False
A10,A,A-RAMP,0.0,FOUR,COMMON_LINE_AMPLITUDE_VARIATION,220.0,0.0,5.015615746359117,5.015615746359117,True,True,False
A10,A,A-RAMP,0.0,FOUR,LINE_SPECIFIC_AMPLITUDE_VARIATION,180.0,0.0,5.6200219580201205,5.6200219580201205,True,True,False
A10,A,A-RAMP,0.0,FOUR,LINE_SPECIFIC_AMPLITUDE_VARIATION,200.0,0.0,4.159426487508117,4.159426487508117,True,True,False
A10,A,A-RAMP,0.0,FOUR,LINE_SPECIFIC_AMPLITUDE_VARIATION,220.0,0.0,5.015615746359117,5.015615746359117,True,True,False
A10,A,A-RAMP,0.25,201,COMMON,180.0,0.24999999999999994,1.531839218474577,1.281839218474577,True,True,False
A10,A,A-RAMP,0.25,201,COMMON,200.0,0.24999999999999997,1.0717173346004314,0.8217173346004314,True,True,False
A10,A,A-RAMP,0.25,201,COMMON,220.0,0.24999999999999994,1.0481693198391853,0.7981693198391853,True,True,False
A10,A,A-RAMP,0.25,235,COMMON,180.0,0.24999999999999997,1.5792814721707973,1.3292814721707973,True,True,False
A10,A,A-RAMP,0.25,235,COMMON,200.0,0.24999999999999992,2.4536299523148783,2.2036299523148783,True,True,False
A10,A,A-RAMP,0.25,235,COMMON,220.0,0.24999999999999994,0.36529936630266363,0.11529936630266369,True,False,False
A10,A,A-RAMP,0.25,283,COMMON,180.0,0.24999999999999992,1.502442184789685,1.252442184789685,True,True,False
A10,A,A-RAMP,0.25,283,COMMON,200.0,0.24999999999999994,1.6945305401461277,1.4445305401461277,True,True,False
A10,A,A-RAMP,0.25,283,COMMON,220.0,0.24999999999999994,0.9716476603326047,0.7216476603326047,True,True,False
A10,A,A-RAMP,0.25,338,COMMON,180.0,0.24999999999999997,5.604696435628412,5.354696435628412,True,True,False
A10,A,A-RAMP,0.25,338,COMMON,200.0,0.24999999999999994,1.926461881092384,1.676461881092384,True,True,False
A10,A,A-RAMP,0.25,338,COMMON,220.0,0.24999999999999997,4.164390839935632,3.914390839935632,True,True,False
A10,A,A-RAMP,0.25,FOUR,COMMON_LINE_AMPLITUDE_VARIATION,180.0,0.24999999999999997,5.59626528263688,5.34626528263688,True,True,False
A10,A,A-RAMP,0.25,FOUR,COMMON_LINE_AMPLITUDE_VARIATION,200.0,0.24999999999999997,4.243896583018456,3.993896583018456,True,True,False
A10,A,A-RAMP,0.25,FOUR,COMMON_LINE_AMPLITUDE_VARIATION,220.0,0.24999999999999997,5.032624948903573,4.782624948903573,True,True,False
A10,A,A-RAMP,0.25,FOUR,LINE_SPECIFIC_AMPLITUDE_VARIATION,180.0,0.24999999999999997,5.59626528263688,5.34626528263688,True,True,False
A10,A,A-RAMP,0.25,FOUR,LINE_SPECIFIC_AMPLITUDE_VARIATION,200.0,0.24999999999999997,4.243896583018456,3.993896583018456,True,True,False
A10,A,A-RAMP,0.25,FOUR,LINE_SPECIFIC_AMPLITUDE_VARIATION,220.0,0.24999999999999997,5.032624948903573,4.782624948903573,True,True,False
A10,A,A-RAMP,0.5,201,COMMON,180.0,0.4999999999999999,1.515947317784976,1.0159473177849763,True,True,False
A10,A,A-RAMP,0.5,201,COMMON,200.0,0.4999999999999999,1.0488769824558617,0.5488769824558618,True,True,False
A10,A,A-RAMP,0.5,201,COMMON,220.0,0.4999999999999999,0.9592879922682652,0.45928799226826533,True,False,False
A10,A,A-RAMP,0.5,235,COMMON,180.0,0.49999999999999994,1.5042394438027962,1.0042394438027962,True,True,False
A10,A,A-RAMP,0.5,235,COMMON,200.0,0.4999999999999999,2.4705326569006116,1.9705326569006116,True,True,False
A10,A,A-RAMP,0.5,235,COMMON,220.0,0.4999999999999999,0.3575365017607947,-0.14246349823920518,False,False,False
A10,A,A-RAMP,0.5,283,COMMON,180.0,0.4999999999999999,1.3774102413589202,0.8774102413589203,True,True,False
A10,A,A-RAMP,0.5,283,COMMON,200.0,0.49999999999999994,1.653449098502959,1.153449098502959,True,True,False
A10,A,A-RAMP,0.5,283,COMMON,220.0,0.4999999999999999,0.8778694050615549,0.377869405061555,True,False,False
A10,A,A-RAMP,0.5,338,COMMON,180.0,0.4999999999999999,5.661433732935477,5.161433732935477,True,True,False
A10,A,A-RAMP,0.5,338,COMMON,200.0,0.4999999999999999,1.8939757165537132,1.3939757165537134,True,True,False
A10,A,A-RAMP,0.5,338,COMMON,220.0,0.4999999999999999,4.240443472635109,3.740443472635109,True,True,False
A10,A,A-RAMP,0.5,FOUR,COMMON_LINE_AMPLITUDE_VARIATION,180.0,0.49999999999999994,5.583612040486457,5.083612040486457,True,True,False
A10,A,A-RAMP,0.5,FOUR,COMMON_LINE_AMPLITUDE_VARIATION,200.0,0.49999999999999994,4.341138987607669,3.8411389876076694,True,True,False
A10,A,A-RAMP,0.5,FOUR,COMMON_LINE_AMPLITUDE_VARIATION,220.0,0.49999999999999994,5.06193899978337,4.56193899978337,True,True,False
A10,A,A-RAMP,0.5,FOUR,LINE_SPECIFIC_AMPLITUDE_VARIATION,180.0,0.49999999999999994,5.583612040486457,5.083612040486457,True,True,False
A10,A,A-RAMP,0.5,FOUR,LINE_SPECIFIC_AMPLITUDE_VARIATION,200.0,0.49999999999999994,4.341138987607669,3.8411389876076694,True,True,False
A10,A,A-RAMP,0.5,FOUR,LINE_SPECIFIC_AMPLITUDE_VARIATION,220.0,0.49999999999999994,5.06193899978337,4.56193899978337,True,True,False
A10,A,A-RAMP,1.0,201,COMMON,180.0,0.9999999999999998,1.6006060052231192,0.6006060052231195,True,True,False
A10,A,A-RAMP,1.0,201,COMMON,200.0,0.9999999999999998,1.031697544094034,0.031697544094034136,True,False,False
A10,A,A-RAMP,1.0,201,COMMON,220.0,0.9999999999999999,0.968701455674532,-0.03129854432546786,False,False,False
A10,A,A-RAMP,1.0,235,COMMON,180.0,0.9999999999999999,1.474770821582973,0.474770821582973,True,False,False
A10,A,A-RAMP,1.0,235,COMMON,200.0,0.9999999999999998,2.5430904535530847,1.543090453553085,True,True,False
A10,A,A-RAMP,1.0,235,COMMON,220.0,0.9999999999999999,0.56769131139848,-0.43230868860151994,False,False,False
A10,A,A-RAMP,1.0,283,COMMON,180.0,0.9999999999999999,1.2458378232057792,0.2458378232057793,True,False,False
A10,A,A-RAMP,1.0,283,COMMON,200.0,0.9999999999999999,1.6833936738163433,0.6833936738163434,True,True,False
A10,A,A-RAMP,1.0,283,COMMON,220.0,0.9999999999999999,0.8937369441674291,-0.10626305583257079,False,False,False
A10,A,A-RAMP,1.0,338,COMMON,180.0,0.9999999999999998,5.774936615643045,4.774936615643045,True,True,False
A10,A,A-RAMP,1.0,338,COMMON,200.0,0.9999999999999999,1.9271536747445543,0.9271536747445545,True,True,False
A10,A,A-RAMP,1.0,338,COMMON,220.0,0.9999999999999998,4.296472579904968,3.296472579904968,True,True,False
A10,A,A-RAMP,1.0,FOUR,COMMON_LINE_AMPLITUDE_VARIATION,180.0,0.9999999999999999,5.591851216609968,4.591851216609968,True,True,False
A10,A,A-RAMP,1.0,FOUR,COMMON_LINE_AMPLITUDE_VARIATION,200.0,0.9999999999999999,4.570574002734291,3.5705740027342907,True,True,False
A10,A,A-RAMP,1.0,FOUR,COMMON_LINE_AMPLITUDE_VARIATION,220.0,0.9999999999999999,5.156554233199745,4.156554233199745,True,True,False
A10,A,A-RAMP,1.0,FOUR,LINE_SPECIFIC_AMPLITUDE_VARIATION,180.0,0.9999999999999999,5.591851216609968,4.591851216609968,True,True,False
A10,A,A-RAMP,1.0,FOUR,LINE_SPECIFIC_AMPLITUDE_VARIATION,200.0,0.9999999999999999,4.570574002734291,3.5705740027342907,True,True,False
A10,A,A-RAMP,1.0,FOUR,LINE_SPECIFIC_AMPLITUDE_VARIATION,220.0,0.9999999999999999,5.156554233199745,4.156554233199745,True,True,False
A10,A,A-RAMP,2.0,201,COMMON,180.0,1.9999999999999998,1.9813728987928518,-0.018627101207147945,False,False,False
A10,A,A-RAMP,2.0,201,COMMON,200.0,1.9999999999999998,1.5582999719579465,-0.4417000280420533,False,False,False
A10,A,A-RAMP,2.0,201,COMMON,220.0,1.9999999999999998,1.5731117654056603,-0.42688823459433944,False,False,False
A10,A,A-RAMP,2.0,235,COMMON,180.0,1.9999999999999998,1.7588911262152727,-0.24110887378472712,False,False,False
A10,A,A-RAMP,2.0,235,COMMON,200.0,1.9999999999999998,2.782204115618638,0.7822041156186381,True,True,False
A10,A,A-RAMP,2.0,235,COMMON,220.0,1.9999999999999998,0.8725289643199798,-1.12747103568002,False,False,False
A10,A,A-RAMP,2.0,283,COMMON,180.0,1.9999999999999998,1.536820646396145,-0.46317935360385487,False,False,False
A10,A,A-RAMP,2.0,283,COMMON,200.0,1.9999999999999998,0.9630315618298413,-1.0369684381701585,False,False,False
A10,A,A-RAMP,2.0,283,COMMON,220.0,1.9999999999999998,1.534596947547774,-0.4654030524522257,False,False,False
A10,A,A-RAMP,2.0,338,COMMON,180.0,1.9999999999999998,5.924816238253076,3.924816238253076,True,True,False
A10,A,A-RAMP,2.0,338,COMMON,200.0,1.9999999999999998,2.3382634215276124,0.3382634215276126,True,False,False
A10,A,A-RAMP,2.0,338,COMMON,220.0,1.9999999999999998,4.495912718486405,2.495912718486405,True,True,False
A10,A,A-RAMP,2.0,FOUR,COMMON_LINE_AMPLITUDE_VARIATION,180.0,1.9999999999999998,5.740466291929292,3.740466291929292,True,True,False
A10,A,A-RAMP,2.0,FOUR,COMMON_LINE_AMPLITUDE_VARIATION,200.0,1.9999999999999998,5.14582012160909,3.1458201216090904,True,True,False
A10,A,A-RAMP,2.0,FOUR,COMMON_LINE_AMPLITUDE_VARIATION,220.0,1.9999999999999998,5.479388816714405,3.4793888167144047,True,True,False
A10,A,A-RAMP,2.0,FOUR,LINE_SPECIFIC_AMPLITUDE_VARIATION,180.0,1.9999999999999998,5.740466291929292,3.740466291929292,True,True,False
A10,A,A-RAMP,2.0,FOUR,LINE_SPECIFIC_AMPLITUDE_VARIATION,200.0,1.9999999999999998,5.14582012160909,3.1458201216090904,True,True,False
A10,A,A-RAMP,2.0,FOUR,LINE_SPECIFIC_AMPLITUDE_VARIATION,220.0,1.9999999999999998,5.479388816714405,3.4793888167144047,True,True,False
A10,A,A-SINE,0.0,201,COMMON,180.0,0.0,1.5874402389426008,1.5874402389426008,True,True,False
A10,A,A-SINE,0.0,201,COMMON,200.0,0.0,1.1497883136649076,1.1497883136649076,True,True,False
A10,A,A-SINE,0.0,201,COMMON,220.0,0.0,1.1840964462383123,1.1840964462383123,True,True,False
A10,A,A-SINE,0.0,235,COMMON,180.0,0.0,1.688349381020343,1.688349381020343,True,True,False
A10,A,A-SINE,0.0,235,COMMON,200.0,0.0,2.429869370837681,2.429869370837681,True,True,False
A10,A,A-SINE,0.0,235,COMMON,220.0,0.0,0.32860842703451226,0.32860842703451226,True,False,False
A10,A,A-SINE,0.0,283,COMMON,180.0,0.0,1.6432300139160014,1.6432300139160014,True,True,False
A10,A,A-SINE,0.0,283,COMMON,200.0,0.0,1.7703032456716585,1.7703032456716585,True,True,False
A10,A,A-SINE,0.0,283,COMMON,220.0,0.0,1.1146944241883163,1.1146944241883163,True,True,False
A10,A,A-SINE,0.0,338,COMMON,180.0,0.0,5.558634037123862,5.558634037123862,True,True,False
A10,A,A-SINE,0.0,338,COMMON,200.0,0.0,1.8455904210733367,1.8455904210733367,True,True,False
A10,A,A-SINE,0.0,338,COMMON,220.0,0.0,4.102187378809736,4.102187378809736,True,True,False
A10,A,A-SINE,0.0,FOUR,COMMON_LINE_AMPLITUDE_VARIATION,180.0,0.0,5.6200219580201205,5.6200219580201205,True,True,False
A10,A,A-SINE,0.0,FOUR,COMMON_LINE_AMPLITUDE_VARIATION,200.0,0.0,4.159426487508117,4.159426487508117,True,True,False
A10,A,A-SINE,0.0,FOUR,COMMON_LINE_AMPLITUDE_VARIATION,220.0,0.0,5.015615746359117,5.015615746359117,True,True,False
A10,A,A-SINE,0.0,FOUR,LINE_SPECIFIC_AMPLITUDE_VARIATION,180.0,0.0,5.6200219580201205,5.6200219580201205,True,True,False
A10,A,A-SINE,0.0,FOUR,LINE_SPECIFIC_AMPLITUDE_VARIATION,200.0,0.0,4.159426487508117,4.159426487508117,True,True,False
A10,A,A-SINE,0.0,FOUR,LINE_SPECIFIC_AMPLITUDE_VARIATION,220.0,0.0,5.015615746359117,5.015615746359117,True,True,False
A10,A,A-SINE,0.25,201,COMMON,180.0,0.24999999999999997,1.6676867961614075,1.4176867961614075,True,True,False
A10,A,A-SINE,0.25,201,COMMON,200.0,0.24999999999999997,1.2582630504458723,1.0082630504458723,True,True,False
A10,A,A-SINE,0.25,201,COMMON,220.0,0.24999999999999997,1.3296765043451488,1.0796765043451488,True,True,False
A10,A,A-SINE,0.25,235,COMMON,180.0,0.25,1.6271659559063876,1.3771659559063876,True,True,False
A10,A,A-SINE,0.25,235,COMMON,200.0,0.25,2.4422397958706736,2.1922397958706736,True,True,False
A10,A,A-SINE,0.25,235,COMMON,220.0,0.24999999999999997,0.4101872249563813,0.16018722495638135,True,False,False
A10,A,A-SINE,0.25,283,COMMON,180.0,0.25,1.7492767693737121,1.4992767693737121,True,True,False
A10,A,A-SINE,0.25,283,COMMON,200.0,0.25,1.838442893366754,1.588442893366754,True,True,False
A10,A,A-SINE,0.25,283,COMMON,220.0,0.24999999999999997,1.2658230510433401,1.0158230510433401,True,True,False
A10,A,A-SINE,0.25,338,COMMON,180.0,0.24999999999999997,5.530689496111527,5.280689496111527,True,True,False
A10,A,A-SINE,0.25,338,COMMON,200.0,0.24999999999999997,1.7596357424433342,1.5096357424433342,True,True,False
A10,A,A-SINE,0.25,338,COMMON,220.0,0.24999999999999997,4.064241040414846,3.8142410404148457,True,True,False
A10,A,A-SINE,0.25,FOUR,COMMON_LINE_AMPLITUDE_VARIATION,180.0,0.24999999999999997,5.6484378577018255,5.3984378577018255,True,True,False
A10,A,A-SINE,0.25,FOUR,COMMON_LINE_AMPLITUDE_VARIATION,200.0,0.25,4.106708488531166,3.856708488531166,True,True,False
A10,A,A-SINE,0.25,FOUR,COMMON_LINE_AMPLITUDE_VARIATION,220.0,0.24999999999999997,5.019116078970147,4.769116078970147,True,True,False
A10,A,A-SINE,0.25,FOUR,LINE_SPECIFIC_AMPLITUDE_VARIATION,180.0,0.24999999999999997,5.6484378577018255,5.3984378577018255,True,True,False
A10,A,A-SINE,0.25,FOUR,LINE_SPECIFIC_AMPLITUDE_VARIATION,200.0,0.25,4.106708488531166,3.856708488531166,True,True,False
A10,A,A-SINE,0.25,FOUR,LINE_SPECIFIC_AMPLITUDE_VARIATION,220.0,0.24999999999999997,5.019116078970147,4.769116078970147,True,True,False
A10,A,A-SINE,0.5,201,COMMON,180.0,0.5,1.779716828028566,1.279716828028566,True,True,False
A10,A,A-SINE,0.5,201,COMMON,200.0,0.49999999999999994,1.4033668950044071,0.9033668950044071,True,True,False
A10,A,A-SINE,0.5,201,COMMON,220.0,0.5,1.502995282235067,1.002995282235067,True,True,False
A10,A,A-SINE,0.5,235,COMMON,180.0,0.5,1.542182685795965,1.042182685795965,True,True,False
A10,A,A-SINE,0.5,235,COMMON,200.0,0.5,2.4798800942250714,1.9798800942250714,True,True,False
A10,A,A-SINE,0.5,235,COMMON,220.0,0.5,0.5945785235919118,0.09457852359191177,True,False,False
A10,A,A-SINE,0.5,283,COMMON,180.0,0.5,1.8827462795360077,1.3827462795360077,True,True,False
A10,A,A-SINE,0.5,283,COMMON,200.0,0.5,1.7827809610700942,1.2827809610700942,True,True,False
A10,A,A-SINE,0.5,283,COMMON,220.0,0.5,1.444670320103801,0.9446703201038009,True,True,False
A10,A,A-SINE,0.5,338,COMMON,180.0,0.49999999999999994,5.513949604967824,5.013949604967824,True,True,False
A10,A,A-SINE,0.5,338,COMMON,200.0,0.5,1.7062918536436116,1.2062918536436116,True,True,False
A10,A,A-SINE,0.5,338,COMMON,220.0,0.49999999999999994,4.041431575360245,3.541431575360245,True,True,False
A10,A,A-SINE,0.5,FOUR,COMMON_LINE_AMPLITUDE_VARIATION,180.0,0.5,5.68771075706299,5.18771075706299,True,True,False
A10,A,A-SINE,0.5,FOUR,COMMON_LINE_AMPLITUDE_VARIATION,200.0,0.5,4.068695185752277,3.5686951857522766,True,True,False
A10,A,A-SINE,0.5,FOUR,COMMON_LINE_AMPLITUDE_VARIATION,220.0,0.5,5.035042314939151,4.535042314939151,True,True,False
A10,A,A-SINE,0.5,FOUR,LINE_SPECIFIC_AMPLITUDE_VARIATION,180.0,0.5,5.68771075706299,5.18771075706299,True,True,False
A10,A,A-SINE,0.5,FOUR,LINE_SPECIFIC_AMPLITUDE_VARIATION,200.0,0.5,4.068695185752277,3.5686951857522766,True,True,False
A10,A,A-SINE,0.5,FOUR,LINE_SPECIFIC_AMPLITUDE_VARIATION,220.0,0.5,5.035042314939151,4.535042314939151,True,True,False
A10,A,A-SINE,1.0,201,COMMON,180.0,1.0,2.0772138704818,1.0772138704818,True,True,False
A10,A,A-SINE,1.0,201,COMMON,200.0,1.0,1.7654642782419108,0.7654642782419108,True,True,False
A10,A,A-SINE,1.0,201,COMMON,220.0,1.0,1.7923827953748075,0.7923827953748075,True,True,False
A10,A,A-SINE,1.0,235,COMMON,180.0,1.0,1.4881680728281574,0.48816807282815744,True,False,False
A10,A,A-SINE,1.0,235,COMMON,200.0,1.0,2.625898970663645,1.6258989706636449,True,True,False
A10,A,A-SINE,1.0,235,COMMON,220.0,1.0,1.0058784412978161,0.005878441297816117,True,False,False
A10,A,A-SINE,1.0,283,COMMON,180.0,1.0,2.07985253576132,1.07985253576132,True,True,False
A10,A,A-SINE,1.0,283,COMMON,200.0,0.9999999999999999,1.6749353733380317,0.6749353733380318,True,True,False
A10,A,A-SINE,1.0,283,COMMON,220.0,1.0,1.4996186030428893,0.4996186030428893,True,False,False
A10,A,A-SINE,1.0,338,COMMON,180.0,1.0,5.514423644731852,4.514423644731852,True,True,False
A10,A,A-SINE,1.0,338,COMMON,200.0,1.0,1.707823110648011,0.7078231106480111,True,True,False
A10,A,A-SINE,1.0,338,COMMON,220.0,1.0,4.042078310197823,3.042078310197823,True,True,False
A10,A,A-SINE,1.0,FOUR,COMMON_LINE_AMPLITUDE_VARIATION,180.0,1.0,5.797884140218033,4.797884140218033,True,True,False
A10,A,A-SINE,1.0,FOUR,COMMON_LINE_AMPLITUDE_VARIATION,200.0,1.0,4.038283338764552,3.0382833387645523,True,True,False
A10,A,A-SINE,1.0,FOUR,COMMON_LINE_AMPLITUDE_VARIATION,220.0,1.0,5.1036164541754205,4.1036164541754205,True,True,False
A10,A,A-SINE,1.0,FOUR,LINE_SPECIFIC_AMPLITUDE_VARIATION,180.0,1.0,5.797884140218033,4.797884140218033,True,True,False
A10,A,A-SINE,1.0,FOUR,LINE_SPECIFIC_AMPLITUDE_VARIATION,200.0,1.0,4.038283338764552,3.0382833387645523,True,True,False
A10,A,A-SINE,1.0,FOUR,LINE_SPECIFIC_AMPLITUDE_VARIATION,220.0,1.0,5.1036164541754205,4.1036164541754205,True,True,False
A10,A,A-SINE,2.0,201,COMMON,180.0,2.0,2.8477479550040616,0.8477479550040616,True,True,False
A10,A,A-SINE,2.0,201,COMMON,200.0,2.0,2.6290140869261367,0.6290140869261367,True,True,False
A10,A,A-SINE,2.0,201,COMMON,220.0,2.0,2.4819283503459264,0.4819283503459264,True,False,False
A10,A,A-SINE,2.0,235,COMMON,180.0,2.0,1.5222572995248165,-0.4777427004751835,False,False,False
A10,A,A-SINE,2.0,235,COMMON,200.0,2.0,3.144268698589494,1.144268698589494,True,True,False
A10,A,A-SINE,2.0,235,COMMON,220.0,2.0,1.6456947164022329,-0.35430528359776714,False,False,False
A10,A,A-SINE,2.0,283,COMMON,180.0,2.0,2.472808207420194,0.472808207420194,True,False,False
A10,A,A-SINE,2.0,283,COMMON,200.0,1.9999999999999998,1.7139620575053327,-0.2860379424946671,False,False,False
A10,A,A-SINE,2.0,283,COMMON,220.0,2.0,2.0094401744675516,0.009440174467551632,True,False,False
A10,A,A-SINE,2.0,338,COMMON,180.0,2.0,5.649718922962762,3.6497189229627622,True,True,False
A10,A,A-SINE,2.0,338,COMMON,200.0,2.0,2.104071185147794,0.10407118514779379,True,False,False
A10,A,A-SINE,2.0,338,COMMON,220.0,2.0,4.2247902717978185,2.2247902717978185,True,True,False
A10,A,A-SINE,2.0,FOUR,COMMON_LINE_AMPLITUDE_VARIATION,180.0,2.0,6.109431325048407,4.109431325048407,True,True,False
A10,A,A-SINE,2.0,FOUR,COMMON_LINE_AMPLITUDE_VARIATION,200.0,2.0,4.161085909147111,2.1610859091471113,True,True,False
A10,A,A-SINE,2.0,FOUR,COMMON_LINE_AMPLITUDE_VARIATION,220.0,2.0,5.379349450215581,3.3793494502155808,True,True,False
A10,A,A-SINE,2.0,FOUR,LINE_SPECIFIC_AMPLITUDE_VARIATION,180.0,2.0,6.109431325048407,4.109431325048407,True,True,False
A10,A,A-SINE,2.0,FOUR,LINE_SPECIFIC_AMPLITUDE_VARIATION,200.0,2.0,4.161085909147111,2.1610859091471113,True,True,False
A10,A,A-SINE,2.0,FOUR,LINE_SPECIFIC_AMPLITUDE_VARIATION,220.0,2.0,5.379349450215581,3.3793494502155808,True,True,False
B01,B,A-RAMP,0.0,201,COMMON,180.0,0.0,1.6950544568395336,1.6950544568395336,True,True,False
B01,B,A-RAMP,0.0,201,COMMON,200.0,0.0,3.8078608373955043,3.8078608373955043,True,True,False
B01,B,A-RAMP,0.0,201,COMMON,220.0,0.0,1.3311197298638333,1.3311197298638333,True,True,False
B01,B,A-RAMP,0.0,235,COMMON,180.0,0.0,2.2809345728968475,2.2809345728968475,True,True,False
B01,B,A-RAMP,0.0,235,COMMON,200.0,0.0,2.6345199221036686,2.6345199221036686,True,True,False
B01,B,A-RAMP,0.0,235,COMMON,220.0,0.0,1.4413442741294384,1.4413442741294384,True,True,False
B01,B,A-RAMP,0.0,283,COMMON,180.0,0.0,1.7374082298818885,1.7374082298818885,True,True,False
B01,B,A-RAMP,0.0,283,COMMON,200.0,0.0,4.47249932846809,4.47249932846809,True,True,False
B01,B,A-RAMP,0.0,283,COMMON,220.0,0.0,1.4987166734871025,1.4987166734871025,True,True,False
B01,B,A-RAMP,0.0,338,COMMON,180.0,0.0,3.8057300267428715,3.8057300267428715,True,True,False
B01,B,A-RAMP,0.0,338,COMMON,200.0,0.0,0.8510676049403784,0.8510676049403784,True,True,False
B01,B,A-RAMP,0.0,338,COMMON,220.0,0.0,2.302436155460323,2.302436155460323,True,True,False
B01,B,A-RAMP,0.0,FOUR,COMMON_LINE_AMPLITUDE_VARIATION,180.0,0.0,4.074632260925296,4.074632260925296,True,True,False
B01,B,A-RAMP,0.0,FOUR,COMMON_LINE_AMPLITUDE_VARIATION,200.0,0.0,4.676108414307609,4.676108414307609,True,True,False
B01,B,A-RAMP,0.0,FOUR,COMMON_LINE_AMPLITUDE_VARIATION,220.0,0.0,4.074165240275136,4.074165240275136,True,True,False
B01,B,A-RAMP,0.0,FOUR,LINE_SPECIFIC_AMPLITUDE_VARIATION,180.0,0.0,4.074632260925296,4.074632260925296,True,True,False
B01,B,A-RAMP,0.0,FOUR,LINE_SPECIFIC_AMPLITUDE_VARIATION,200.0,0.0,4.676108414307609,4.676108414307609,True,True,False
B01,B,A-RAMP,0.0,FOUR,LINE_SPECIFIC_AMPLITUDE_VARIATION,220.0,0.0,4.074165240275136,4.074165240275136,True,True,False
B01,B,A-RAMP,0.25,201,COMMON,180.0,0.25,1.6447423587957126,1.3947423587957126,True,True,False
B01,B,A-RAMP,0.25,201,COMMON,200.0,0.24999999999999994,3.8362468826053626,3.5862468826053626,True,True,False
B01,B,A-RAMP,0.25,201,COMMON,220.0,0.25,1.261542044474522,1.011542044474522,True,True,False
B01,B,A-RAMP,0.25,235,COMMON,180.0,0.25,2.3117383341038127,2.0617383341038127,True,True,False
B01,B,A-RAMP,0.25,235,COMMON,200.0,0.25,2.6707514584232808,2.4207514584232808,True,True,False
B01,B,A-RAMP,0.25,235,COMMON,220.0,0.24648090217352572,1.4389416221461275,1.1924607199726018,True,True,False
B01,B,A-RAMP,0.25,283,COMMON,180.0,0.13948980110010895,1.788408627112243,1.6489188260121341,True,True,False
B01,B,A-RAMP,0.25,283,COMMON,200.0,0.22932158027136176,4.534224092559431,4.304902512288069,True,True,False
B01,B,A-RAMP,0.25,283,COMMON,220.0,0.22288489960264676,1.49716401023223,1.2742791106295832,True,True,False
B01,B,A-RAMP,0.25,338,COMMON,180.0,0.24999999999999997,3.798309754555144,3.548309754555144,True,True,False
B01,B,A-RAMP,0.25,338,COMMON,200.0,0.2197873177539125,0.8220141224364356,0.6022268046825231,True,True,False
B01,B,A-RAMP,0.25,338,COMMON,220.0,0.24999999999999994,2.286399502475763,2.036399502475763,True,True,False
B01,B,A-RAMP,0.25,FOUR,COMMON_LINE_AMPLITUDE_VARIATION,180.0,0.25,4.093914084628889,3.8439140846288886,True,True,False
B01,B,A-RAMP,0.25,FOUR,COMMON_LINE_AMPLITUDE_VARIATION,200.0,0.25,4.693944977870936,4.443944977870936,True,True,False
B01,B,A-RAMP,0.25,FOUR,COMMON_LINE_AMPLITUDE_VARIATION,220.0,0.25,4.094437585261454,3.8444375852614536,True,True,False
B01,B,A-RAMP,0.25,FOUR,LINE_SPECIFIC_AMPLITUDE_VARIATION,180.0,0.25,4.093914084628889,3.8439140846288886,True,True,False
B01,B,A-RAMP,0.25,FOUR,LINE_SPECIFIC_AMPLITUDE_VARIATION,200.0,0.25,4.693944977870936,4.443944977870936,True,True,False
B01,B,A-RAMP,0.25,FOUR,LINE_SPECIFIC_AMPLITUDE_VARIATION,220.0,0.25,4.094437585261454,3.8444375852614536,True,True,False
B01,B,A-RAMP,0.5,201,COMMON,180.0,0.5,1.6316081766104886,1.1316081766104886,True,True,False
B01,B,A-RAMP,0.5,201,COMMON,200.0,0.5,3.8302655475969343,3.3302655475969343,True,True,False
B01,B,A-RAMP,0.5,201,COMMON,220.0,0.49881356770217367,1.2393937730685716,0.7405802053663979,True,True,False
B01,B,A-RAMP,0.5,235,COMMON,180.0,0.5,2.243266481016614,1.7432664810166139,True,True,False
B01,B,A-RAMP,0.5,235,COMMON,200.0,0.5,2.68367645328339,2.18367645328339,True,True,False
B01,B,A-RAMP,0.5,235,COMMON,220.0,0.4857560814602661,1.479402807663734,0.9936467262034678,True,True,False
B01,B,A-RAMP,0.5,283,COMMON,180.0,0.35686730267847044,1.87169000579628,1.5148227031178094,True,True,False
B01,B,A-RAMP,0.5,283,COMMON,200.0,0.42899499618532344,4.608701118530608,4.179706122345285,True,True,False
B01,B,A-RAMP,0.5,283,COMMON,220.0,0.4698129157387015,1.5368306607043796,1.0670177449656781,True,True,False
B01,B,A-RAMP,0.5,338,COMMON,180.0,0.5,3.8073262201504647,3.3073262201504647,True,True,False
B01,B,A-RAMP,0.5,338,COMMON,200.0,0.4604837163679577,0.8672360502140893,0.40675233384613163,True,False,False
B01,B,A-RAMP,0.5,338,COMMON,220.0,0.5,2.29761465869974,1.79761465869974,True,True,False
B01,B,A-RAMP,0.5,FOUR,COMMON_LINE_AMPLITUDE_VARIATION,180.0,0.5,4.128272883770206,3.6282728837702063,True,True,False
B01,B,A-RAMP,0.5,FOUR,COMMON_LINE_AMPLITUDE_VARIATION,200.0,0.5,4.724960212340539,4.224960212340539,True,True,False
B01,B,A-RAMP,0.5,FOUR,COMMON_LINE_AMPLITUDE_VARIATION,220.0,0.5,4.12977189129583,3.62977189129583,True,True,False
B01,B,A-RAMP,0.5,FOUR,LINE_SPECIFIC_AMPLITUDE_VARIATION,180.0,0.5,4.128272883770206,3.6282728837702063,True,True,False
B01,B,A-RAMP,0.5,FOUR,LINE_SPECIFIC_AMPLITUDE_VARIATION,200.0,0.5,4.724960212340539,4.224960212340539,True,True,False
B01,B,A-RAMP,0.5,FOUR,LINE_SPECIFIC_AMPLITUDE_VARIATION,220.0,0.5,4.12977189129583,3.62977189129583,True,True,False
B01,B,A-RAMP,1.0,201,COMMON,180.0,1.0,1.7178710290102808,0.7178710290102808,True,True,False
B01,B,A-RAMP,1.0,201,COMMON,200.0,1.0,3.8670689425875775,2.8670689425875775,True,True,False
B01,B,A-RAMP,1.0,201,COMMON,220.0,0.9741998314351901,1.3417578448473988,0.36755801341220873,True,False,False
B01,B,A-RAMP,1.0,235,COMMON,180.0,1.0,2.187113454722422,1.187113454722422,True,True,False
B01,B,A-RAMP,1.0,235,COMMON,200.0,1.0,2.740777438501622,1.7407774385016221,True,True,False
B01,B,A-RAMP,1.0,235,COMMON,220.0,0.9804954062892633,1.6732579054290946,0.6927624991398312,True,True,False
B01,B,A-RAMP,1.0,283,COMMON,180.0,0.8474361367921037,1.8813990629472623,1.0339629261551586,True,True,False
B01,B,A-RAMP,1.0,283,COMMON,200.0,0.9066053970167107,4.793433191016962,3.8868277940002507,True,True,False
B01,B,A-RAMP,1.0,283,COMMON,220.0,0.9684096088138204,1.7255565165980145,0.757146907784194,True,True,False
B01,B,A-RAMP,1.0,338,COMMON,180.0,1.0,3.874001143112654,2.874001143112654,True,True,False
B01,B,A-RAMP,1.0,338,COMMON,200.0,0.9563068696967614,1.1313181097299367,0.17501124003317536,True,False,False
B01,B,A-RAMP,1.0,338,COMMON,220.0,1.0,2.399344491683704,1.3993444916837041,True,True,False
B01,B,A-RAMP,1.0,FOUR,COMMON_LINE_AMPLITUDE_VARIATION,180.0,1.0,4.240594998814621,3.240594998814621,True,True,False
B01,B,A-RAMP,1.0,FOUR,COMMON_LINE_AMPLITUDE_VARIATION,200.0,1.0,4.825402378459633,3.825402378459633,True,True,False
B01,B,A-RAMP,1.0,FOUR,COMMON_LINE_AMPLITUDE_VARIATION,220.0,1.0,4.231961600602744,3.2319616006027436,True,True,False
B01,B,A-RAMP,1.0,FOUR,LINE_SPECIFIC_AMPLITUDE_VARIATION,180.0,1.0,4.240594998814621,3.240594998814621,True,True,False
B01,B,A-RAMP,1.0,FOUR,LINE_SPECIFIC_AMPLITUDE_VARIATION,200.0,1.0,4.825402378459633,3.825402378459633,True,True,False
B01,B,A-RAMP,1.0,FOUR,LINE_SPECIFIC_AMPLITUDE_VARIATION,220.0,1.0,4.231961600602744,3.2319616006027436,True,True,False
B01,B,A-RAMP,2.0,201,COMMON,180.0,2.0,2.242532526625671,0.24253252662567082,True,False,False
B01,B,A-RAMP,2.0,201,COMMON,200.0,2.0,4.10133373119091,2.10133373119091,True,True,False
B01,B,A-RAMP,2.0,201,COMMON,220.0,1.9616240152378996,1.9567188078991595,-0.004905207338740114,False,False,False
B01,B,A-RAMP,2.0,235,COMMON,180.0,2.0,2.405391191007861,0.4053911910078609,True,False,False
B01,B,A-RAMP,2.0,235,COMMON,200.0,1.9759167874783012,3.0398635714118027,1.0639467839335015,True,True,False
B01,B,A-RAMP,2.0,235,COMMON,220.0,1.9779271432264074,2.3499171729225274,0.37199002969612005,True,False,False
B01,B,A-RAMP,2.0,283,COMMON,180.0,1.843837160483908,2.233873283134787,0.39003612265087906,True,False,False
B01,B,A-RAMP,2.0,283,COMMON,200.0,1.8967674143646058,5.286847195667621,3.390079781303015,True,True,False
B01,B,A-RAMP,2.0,283,COMMON,220.0,1.9677406230850167,2.328434488987408,0.3606938659023913,True,False,False
B01,B,A-RAMP,2.0,338,COMMON,180.0,2.0,4.18714564795924,2.18714564795924,True,True,False
B01,B,A-RAMP,2.0,338,COMMON,200.0,1.9543484799307325,1.958429284561197,0.004080804630464563,True,False,False
B01,B,A-RAMP,2.0,338,COMMON,220.0,2.0,2.8657452311004463,0.8657452311004463,True,True,False
B01,B,A-RAMP,2.0,FOUR,COMMON_LINE_AMPLITUDE_VARIATION,180.0,2.0,4.6219761819128795,2.6219761819128795,True,True,False
B01,B,A-RAMP,2.0,FOUR,COMMON_LINE_AMPLITUDE_VARIATION,200.0,2.0,5.167497104569033,3.1674971045690334,True,True,False
B01,B,A-RAMP,2.0,FOUR,COMMON_LINE_AMPLITUDE_VARIATION,220.0,2.0,4.545452917226729,2.5454529172267293,True,True,False
B01,B,A-RAMP,2.0,FOUR,LINE_SPECIFIC_AMPLITUDE_VARIATION,180.0,2.0,4.6219761819128795,2.6219761819128795,True,True,False
B01,B,A-RAMP,2.0,FOUR,LINE_SPECIFIC_AMPLITUDE_VARIATION,200.0,2.0,5.167497104569033,3.1674971045690334,True,True,False
B01,B,A-RAMP,2.0,FOUR,LINE_SPECIFIC_AMPLITUDE_VARIATION,220.0,2.0,4.545452917226729,2.5454529172267293,True,True,False
B01,B,A-SINE,0.0,201,COMMON,180.0,0.0,1.6950544568395336,1.6950544568395336,True,True,False
B01,B,A-SINE,0.0,201,COMMON,200.0,0.0,3.8078608373955043,3.8078608373955043,True,True,False
B01,B,A-SINE,0.0,201,COMMON,220.0,0.0,1.3311197298638333,1.3311197298638333,True,True,False
B01,B,A-SINE,0.0,235,COMMON,180.0,0.0,2.2809345728968475,2.2809345728968475,True,True,False
B01,B,A-SINE,0.0,235,COMMON,200.0,0.0,2.6345199221036686,2.6345199221036686,True,True,False
B01,B,A-SINE,0.0,235,COMMON,220.0,0.0,1.4413442741294384,1.4413442741294384,True,True,False
B01,B,A-SINE,0.0,283,COMMON,180.0,0.0,1.7374082298818885,1.7374082298818885,True,True,False
B01,B,A-SINE,0.0,283,COMMON,200.0,0.0,4.47249932846809,4.47249932846809,True,True,False
B01,B,A-SINE,0.0,283,COMMON,220.0,0.0,1.4987166734871025,1.4987166734871025,True,True,False
B01,B,A-SINE,0.0,338,COMMON,180.0,0.0,3.8057300267428715,3.8057300267428715,True,True,False
B01,B,A-SINE,0.0,338,COMMON,200.0,0.0,0.8510676049403784,0.8510676049403784,True,True,False
B01,B,A-SINE,0.0,338,COMMON,220.0,0.0,2.302436155460323,2.302436155460323,True,True,False
B01,B,A-SINE,0.0,FOUR,COMMON_LINE_AMPLITUDE_VARIATION,180.0,0.0,4.074632260925296,4.074632260925296,True,True,False
B01,B,A-SINE,0.0,FOUR,COMMON_LINE_AMPLITUDE_VARIATION,200.0,0.0,4.676108414307609,4.676108414307609,True,True,False
B01,B,A-SINE,0.0,FOUR,COMMON_LINE_AMPLITUDE_VARIATION,220.0,0.0,4.074165240275136,4.074165240275136,True,True,False
B01,B,A-SINE,0.0,FOUR,LINE_SPECIFIC_AMPLITUDE_VARIATION,180.0,0.0,4.074632260925296,4.074632260925296,True,True,False
B01,B,A-SINE,0.0,FOUR,LINE_SPECIFIC_AMPLITUDE_VARIATION,200.0,0.0,4.676108414307609,4.676108414307609,True,True,False
B01,B,A-SINE,0.0,FOUR,LINE_SPECIFIC_AMPLITUDE_VARIATION,220.0,0.0,4.074165240275136,4.074165240275136,True,True,False
B01,B,A-SINE,0.25,201,COMMON,180.0,0.24999999999999994,1.8221535916850775,1.5721535916850775,True,True,False
B01,B,A-SINE,0.25,201,COMMON,200.0,0.25000000000000006,3.7160408270316916,3.4660408270316916,True,True,False
B01,B,A-SINE,0.25,201,COMMON,220.0,0.24999999999999994,1.4536119588030856,1.2036119588030856,True,True,False
B01,B,A-SINE,0.25,235,COMMON,180.0,0.25,2.2167494399530883,1.9667494399530883,True,True,False
B01,B,A-SINE,0.25,235,COMMON,200.0,0.24999999999999994,2.4876311167040113,2.2376311167040113,True,True,False
B01,B,A-SINE,0.25,235,COMMON,220.0,0.2205322132883548,1.5601533057765817,1.339621092488227,True,True,False
B01,B,A-SINE,0.25,283,COMMON,180.0,0.25,1.706748079281048,1.456748079281048,True,True,False
B01,B,A-SINE,0.25,283,COMMON,200.0,0.25,4.462178224391382,4.212178224391382,True,True,False
B01,B,A-SINE,0.25,283,COMMON,220.0,0.24999999999999994,1.444913971172149,1.194913971172149,True,True,False
B01,B,A-SINE,0.25,338,COMMON,180.0,0.25,3.839183398504444,3.589183398504444,True,True,False
B01,B,A-SINE,0.25,338,COMMON,200.0,0.24822514454033703,0.9498790378802827,0.7016538933399457,True,True,False
B01,B,A-SINE,0.25,338,COMMON,220.0,0.25000000000000006,2.360140789879476,2.110140789879476,True,True,False
B01,B,A-SINE,0.25,FOUR,COMMON_LINE_AMPLITUDE_VARIATION,180.0,0.25,4.062710347772565,3.8127103477725646,True,True,False
B01,B,A-SINE,0.25,FOUR,COMMON_LINE_AMPLITUDE_VARIATION,200.0,0.25,4.682640729571811,4.432640729571811,True,True,False
B01,B,A-SINE,0.25,FOUR,COMMON_LINE_AMPLITUDE_VARIATION,220.0,0.24999999999999997,4.061469905030978,3.811469905030978,True,True,False
B01,B,A-SINE,0.25,FOUR,LINE_SPECIFIC_AMPLITUDE_VARIATION,180.0,0.25,4.062710347772565,3.8127103477725646,True,True,False
B01,B,A-SINE,0.25,FOUR,LINE_SPECIFIC_AMPLITUDE_VARIATION,200.0,0.25,4.682640729571811,4.432640729571811,True,True,False
B01,B,A-SINE,0.25,FOUR,LINE_SPECIFIC_AMPLITUDE_VARIATION,220.0,0.24999999999999997,4.061469905030978,3.811469905030978,True,True,False
B01,B,A-SINE,0.5,201,COMMON,180.0,0.4951683621386593,1.6589787207812923,1.163810358642633,True,True,False
B01,B,A-SINE,0.5,201,COMMON,200.0,0.4999999999999999,3.6391090529637022,3.1391090529637022,True,True,False
B01,B,A-SINE,0.5,201,COMMON,220.0,0.5,1.3161561373941393,0.8161561373941393,True,True,False
B01,B,A-SINE,0.5,235,COMMON,180.0,0.5,2.1795168348119125,1.6795168348119125,True,True,False
B01,B,A-SINE,0.5,235,COMMON,200.0,0.5,2.3581607081848706,1.8581607081848706,True,True,False
B01,B,A-SINE,0.5,235,COMMON,220.0,0.4554663005127972,1.7075372202342982,1.252070919721501,True,True,False
B01,B,A-SINE,0.5,283,COMMON,180.0,0.5,1.7124224522581386,1.2124224522581386,True,True,False
B01,B,A-SINE,0.5,283,COMMON,200.0,0.5,4.465850285143661,3.9658502851436612,True,True,False
B01,B,A-SINE,0.5,283,COMMON,220.0,0.5,1.4333182133736717,0.9333182133736717,True,True,False
B01,B,A-SINE,0.5,338,COMMON,180.0,0.4999999999999999,3.8884543585146996,3.3884543585146996,True,True,False
B01,B,A-SINE,0.5,338,COMMON,200.0,0.4960379371039634,1.019562491534693,0.5235245544307296,True,True,False
B01,B,A-SINE,0.5,338,COMMON,220.0,0.4999999999999999,2.433411194910257,1.9334111949102568,True,True,False
B01,B,A-SINE,0.5,FOUR,COMMON_LINE_AMPLITUDE_VARIATION,180.0,0.5,4.066153302326826,3.5661533023268257,True,True,False
B01,B,A-SINE,0.5,FOUR,COMMON_LINE_AMPLITUDE_VARIATION,200.0,0.5,4.702473657781744,4.202473657781744,True,True,False
B01,B,A-SINE,0.5,FOUR,COMMON_LINE_AMPLITUDE_VARIATION,220.0,0.5,4.064142366339857,3.5641423663398566,True,True,False
B01,B,A-SINE,0.5,FOUR,LINE_SPECIFIC_AMPLITUDE_VARIATION,180.0,0.5,4.066153302326826,3.5661533023268257,True,True,False
B01,B,A-SINE,0.5,FOUR,LINE_SPECIFIC_AMPLITUDE_VARIATION,200.0,0.5,4.702473657781744,4.202473657781744,True,True,False
B01,B,A-SINE,0.5,FOUR,LINE_SPECIFIC_AMPLITUDE_VARIATION,220.0,0.5,4.064142366339857,3.5641423663398566,True,True,False
B01,B,A-SINE,1.0,201,COMMON,180.0,0.9824474014309781,1.4110789363581828,0.42863153492720474,True,False,False
B01,B,A-SINE,1.0,201,COMMON,200.0,1.0,3.5336136237220894,2.5336136237220894,True,True,False
B01,B,A-SINE,1.0,201,COMMON,220.0,1.0,1.1542183388673488,0.15421833886734881,True,False,False
B01,B,A-SINE,1.0,235,COMMON,180.0,1.0,2.190416567829269,1.1904165678292689,True,True,False
B01,B,A-SINE,1.0,235,COMMON,200.0,1.0,2.1635962264925537,1.1635962264925537,True,True,False
B01,B,A-SINE,1.0,235,COMMON,220.0,0.9487253230059375,1.6958288260926158,0.7471035030866783,True,True,False
B01,B,A-SINE,1.0,283,COMMON,180.0,1.0,1.829260493405528,0.8292604934055281,True,True,False
B01,B,A-SINE,1.0,283,COMMON,200.0,1.0,4.514907229997968,3.5149072299979682,True,True,False
B01,B,A-SINE,1.0,283,COMMON,220.0,1.0,1.5370915828893028,0.5370915828893028,True,True,False
B01,B,A-SINE,1.0,338,COMMON,180.0,1.0,3.9938417686830308,2.9938417686830308,True,True,False
B01,B,A-SINE,1.0,338,COMMON,200.0,0.9886820248749665,1.2996086523352137,0.31092662746024724,True,False,False
B01,B,A-SINE,1.0,338,COMMON,220.0,1.0,2.5709312930419603,1.5709312930419603,True,True,False
B01,B,A-SINE,1.0,FOUR,COMMON_LINE_AMPLITUDE_VARIATION,180.0,1.0,4.1188077515554795,3.1188077515554795,True,True,False
B01,B,A-SINE,1.0,FOUR,COMMON_LINE_AMPLITUDE_VARIATION,200.0,1.0,4.781268357026619,3.781268357026619,True,True,False
B01,B,A-SINE,1.0,FOUR,COMMON_LINE_AMPLITUDE_VARIATION,220.0,1.0,4.115298767123828,3.1152987671238277,True,True,False
B01,B,A-SINE,1.0,FOUR,LINE_SPECIFIC_AMPLITUDE_VARIATION,180.0,1.0,4.1188077515554795,3.1188077515554795,True,True,False
B01,B,A-SINE,1.0,FOUR,LINE_SPECIFIC_AMPLITUDE_VARIATION,200.0,1.0,4.781268357026619,3.781268357026619,True,True,False
B01,B,A-SINE,1.0,FOUR,LINE_SPECIFIC_AMPLITUDE_VARIATION,220.0,1.0,4.115298767123828,3.1152987671238277,True,True,False
B01,B,A-SINE,2.0,201,COMMON,180.0,1.976164283658947,1.4032143463815347,-0.5729499372774123,False,False,False
B01,B,A-SINE,2.0,201,COMMON,200.0,2.0,3.5317200238040276,1.5317200238040276,True,True,False
B01,B,A-SINE,2.0,201,COMMON,220.0,2.0,1.1612074986275254,-0.8387925013724746,False,False,False
B01,B,A-SINE,2.0,235,COMMON,180.0,2.0,2.52847522341149,0.52847522341149,True,True,False
B01,B,A-SINE,2.0,235,COMMON,200.0,2.0,2.102760576628855,0.10276057662885485,True,False,False
B01,B,A-SINE,2.0,235,COMMON,220.0,1.9450827088643488,1.5288862811921835,-0.41619642767216525,False,False,False
B01,B,A-SINE,2.0,283,COMMON,180.0,2.0,2.381974086384475,0.38197408638447516,True,False,False
B01,B,A-SINE,2.0,283,COMMON,200.0,2.0,4.771323123393376,2.771323123393376,True,True,False
B01,B,A-SINE,2.0,283,COMMON,220.0,1.9955317738342595,2.1164001041839984,0.12086833034973887,True,False,False
B01,B,A-SINE,2.0,338,COMMON,180.0,2.0,4.332891730080986,2.332891730080986,True,True,False
B01,B,A-SINE,2.0,338,COMMON,200.0,1.9739293123160242,2.1184741205369466,0.14454480822092242,True,False,False
B01,B,A-SINE,2.0,338,COMMON,220.0,2.0,3.0799485472322563,1.0799485472322563,True,True,False
B01,B,A-SINE,2.0,FOUR,COMMON_LINE_AMPLITUDE_VARIATION,180.0,2.0,4.396194550605538,2.3961945506055384,True,True,False
B01,B,A-SINE,2.0,FOUR,COMMON_LINE_AMPLITUDE_VARIATION,200.0,2.0,5.08478753749354,3.08478753749354,True,True,False
B01,B,A-SINE,2.0,FOUR,COMMON_LINE_AMPLITUDE_VARIATION,220.0,2.0,4.390050737783749,2.390050737783749,True,True,False
B01,B,A-SINE,2.0,FOUR,LINE_SPECIFIC_AMPLITUDE_VARIATION,180.0,2.0,4.396194550605538,2.3961945506055384,True,True,False
B01,B,A-SINE,2.0,FOUR,LINE_SPECIFIC_AMPLITUDE_VARIATION,200.0,2.0,5.08478753749354,3.08478753749354,True,True,False
B01,B,A-SINE,2.0,FOUR,LINE_SPECIFIC_AMPLITUDE_VARIATION,220.0,2.0,4.390050737783749,2.390050737783749,True,True,False
B02,B,A-RAMP,0.0,201,COMMON,180.0,0.0,4.0719097353590925,4.0719097353590925,True,True,False
B02,B,A-RAMP,0.0,201,COMMON,200.0,0.0,6.437937006509408,6.437937006509408,True,True,False
B02,B,A-RAMP,0.0,201,COMMON,220.0,0.0,3.342020286698394,3.342020286698394,True,True,False
B02,B,A-RAMP,0.0,235,COMMON,180.0,0.0,1.8539176275662619,1.8539176275662619,True,True,False
B02,B,A-RAMP,0.0,235,COMMON,200.0,0.0,4.377338234893204,4.377338234893204,True,True,False
B02,B,A-RAMP,0.0,235,COMMON,220.0,0.0,2.89366354600863,2.89366354600863,True,True,False
B02,B,A-RAMP,0.0,283,COMMON,180.0,0.0,2.6759167547039744,2.6759167547039744,True,True,False
B02,B,A-RAMP,0.0,283,COMMON,200.0,0.0,3.448152654710764,3.448152654710764,True,True,False
B02,B,A-RAMP,0.0,283,COMMON,220.0,0.0,3.2364789595132475,3.2364789595132475,True,True,False
B02,B,A-RAMP,0.0,338,COMMON,180.0,0.0,6.806973929816306,6.806973929816306,True,True,False
B02,B,A-RAMP,0.0,338,COMMON,200.0,0.0,3.061349033095256,3.061349033095256,True,True,False
B02,B,A-RAMP,0.0,338,COMMON,220.0,0.0,5.2329853795846795,5.2329853795846795,True,True,False
B02,B,A-RAMP,0.0,FOUR,COMMON_LINE_AMPLITUDE_VARIATION,180.0,0.0,5.036548815055422,5.036548815055422,True,True,False
B02,B,A-RAMP,0.0,FOUR,COMMON_LINE_AMPLITUDE_VARIATION,200.0,0.0,5.351848787918192,5.351848787918192,True,True,False
B02,B,A-RAMP,0.0,FOUR,COMMON_LINE_AMPLITUDE_VARIATION,220.0,0.0,4.544683902683468,4.544683902683468,True,True,False
B02,B,A-RAMP,0.0,FOUR,LINE_SPECIFIC_AMPLITUDE_VARIATION,180.0,0.0,5.036548815055422,5.036548815055422,True,True,False
B02,B,A-RAMP,0.0,FOUR,LINE_SPECIFIC_AMPLITUDE_VARIATION,200.0,0.0,5.351848787918192,5.351848787918192,True,True,False
B02,B,A-RAMP,0.0,FOUR,LINE_SPECIFIC_AMPLITUDE_VARIATION,220.0,0.0,4.544683902683468,4.544683902683468,True,True,False
B02,B,A-RAMP,0.25,201,COMMON,180.0,0.25,4.050500205401898,3.8005002054018977,True,True,False
B02,B,A-RAMP,0.25,201,COMMON,200.0,0.24999999999999997,6.423979605781652,6.173979605781652,True,True,False
B02,B,A-RAMP,0.25,201,COMMON,220.0,0.2287961514865364,3.3121890666436378,3.0833929151571016,True,True,False
B02,B,A-RAMP,0.25,235,COMMON,180.0,0.25,1.6963035676277127,1.4463035676277127,True,True,False
B02,B,A-RAMP,0.25,235,COMMON,200.0,0.24999999999999997,4.2891633559286655,4.0391633559286655,True,True,False
B02,B,A-RAMP,0.25,235,COMMON,220.0,0.21558929265002635,2.807795057239857,2.5922057645898304,True,True,False
B02,B,A-RAMP,0.25,283,COMMON,180.0,0.09473087811293872,2.5620281658433215,2.467297287730383,True,True,False
B02,B,A-RAMP,0.25,283,COMMON,200.0,0.25,3.5537502960137948,3.3037502960137948,True,True,False
B02,B,A-RAMP,0.25,283,COMMON,220.0,0.1855086252837761,3.166983950324899,2.9814753250411226,True,True,False
B02,B,A-RAMP,0.25,338,COMMON,180.0,0.24999999999999994,6.791725829075338,6.541725829075338,True,True,False
B02,B,A-RAMP,0.25,338,COMMON,200.0,0.19812610256091906,3.0298618740482057,2.8317357714872866,True,True,False
B02,B,A-RAMP,0.25,338,COMMON,220.0,0.24999999999999997,5.209856666160161,4.959856666160161,True,True,False
B02,B,A-RAMP,0.25,FOUR,COMMON_LINE_AMPLITUDE_VARIATION,180.0,0.25,5.004177975936901,4.754177975936901,True,True,False
B02,B,A-RAMP,0.25,FOUR,COMMON_LINE_AMPLITUDE_VARIATION,200.0,0.25,5.321647204683471,5.071647204683471,True,True,False
B02,B,A-RAMP,0.25,FOUR,COMMON_LINE_AMPLITUDE_VARIATION,220.0,0.25,4.510569372530049,4.260569372530049,True,True,False
B02,B,A-RAMP,0.25,FOUR,LINE_SPECIFIC_AMPLITUDE_VARIATION,180.0,0.25,5.004177975936901,4.754177975936901,True,True,False
B02,B,A-RAMP,0.25,FOUR,LINE_SPECIFIC_AMPLITUDE_VARIATION,200.0,0.25,5.321647204683471,5.071647204683471,True,True,False
B02,B,A-RAMP,0.25,FOUR,LINE_SPECIFIC_AMPLITUDE_VARIATION,220.0,0.25,4.510569372530049,4.260569372530049,True,True,False
B02,B,A-RAMP,0.5,201,COMMON,180.0,0.5,4.044459782839914,3.5444597828399136,True,True,False
B02,B,A-RAMP,0.5,201,COMMON,200.0,0.5,6.419734811595713,5.919734811595713,True,True,False
B02,B,A-RAMP,0.5,201,COMMON,220.0,0.4353492053997234,3.301074556819899,2.8657253514201755,True,True,False
B02,B,A-RAMP,0.5,235,COMMON,180.0,0.5,1.562971854286601,1.062971854286601,True,True,False
B02,B,A-RAMP,0.5,235,COMMON,200.0,0.5,4.213995083649784,3.7139950836497837,True,True,False
B02,B,A-RAMP,0.5,235,COMMON,220.0,0.45771460208142506,2.7421045657344845,2.2843899636530596,True,True,False
B02,B,A-RAMP,0.5,283,COMMON,180.0,0.19491168186362923,2.4682881045460516,2.2733764226824222,True,True,False
B02,B,A-RAMP,0.5,283,COMMON,200.0,0.3871518088861841,3.595502685551732,3.208350876665548,True,True,False
B02,B,A-RAMP,0.5,283,COMMON,220.0,0.4349205236514949,3.1160517691237173,2.6811312454722223,True,True,False
B02,B,A-RAMP,0.5,338,COMMON,180.0,0.5,6.785660276897107,6.285660276897107,True,True,False
B02,B,A-RAMP,0.5,338,COMMON,200.0,0.423612214539103,3.0188189825142797,2.595206767975177,True,True,False
B02,B,A-RAMP,0.5,338,COMMON,220.0,0.5,5.1986610757886424,4.6986610757886424,True,True,False
B02,B,A-RAMP,0.5,FOUR,COMMON_LINE_AMPLITUDE_VARIATION,180.0,0.5,4.984151930195118,4.484151930195118,True,True,False
B02,B,A-RAMP,0.5,FOUR,COMMON_LINE_AMPLITUDE_VARIATION,200.0,0.5,5.303071986451756,4.803071986451756,True,True,False
B02,B,A-RAMP,0.5,FOUR,COMMON_LINE_AMPLITUDE_VARIATION,220.0,0.5,4.490135894770002,3.9901358947700016,True,True,False
B02,B,A-RAMP,0.5,FOUR,LINE_SPECIFIC_AMPLITUDE_VARIATION,180.0,0.5,4.984151930195118,4.484151930195118,True,True,False
B02,B,A-RAMP,0.5,FOUR,LINE_SPECIFIC_AMPLITUDE_VARIATION,200.0,0.5,5.303071986451756,4.803071986451756,True,True,False
B02,B,A-RAMP,0.5,FOUR,LINE_SPECIFIC_AMPLITUDE_VARIATION,220.0,0.5,4.490135894770002,3.9901358947700016,True,True,False
B02,B,A-RAMP,1.0,201,COMMON,180.0,1.0,4.078585658914963,3.078585658914963,True,True,False
B02,B,A-RAMP,1.0,201,COMMON,200.0,1.0,6.440415918451571,5.440415918451571,True,True,False
B02,B,A-RAMP,1.0,201,COMMON,220.0,0.9159101670231702,3.335429037269984,2.419518870246814,True,True,False
B02,B,A-RAMP,1.0,235,COMMON,180.0,1.0,1.3959768854760002,0.3959768854760002,True,False,False
B02,B,A-RAMP,1.0,235,COMMON,200.0,0.9738873770278547,4.1054133905602175,3.131526013532363,True,True,False
B02,B,A-RAMP,1.0,235,COMMON,220.0,0.9542276901583785,2.6767491816277023,1.7225214914693239,True,True,False
B02,B,A-RAMP,1.0,283,COMMON,180.0,0.6863117459614319,2.3503961061875573,1.6640843602261255,True,True,False
B02,B,A-RAMP,1.0,283,COMMON,200.0,0.8226164549906133,3.5758238708367363,2.753207415846123,True,True,False
B02,B,A-RAMP,1.0,283,COMMON,220.0,0.9346874801614273,3.0732330208342717,2.1385455406728444,True,True,False
B02,B,A-RAMP,1.0,338,COMMON,180.0,1.0,6.801137897860901,5.801137897860901,True,True,False
B02,B,A-RAMP,1.0,338,COMMON,200.0,0.9136925193347101,3.0585418414571084,2.1448493221223983,True,True,False
B02,B,A-RAMP,1.0,338,COMMON,220.0,1.0,5.212294886026004,4.212294886026004,True,True,False
B02,B,A-RAMP,1.0,FOUR,COMMON_LINE_AMPLITUDE_VARIATION,180.0,1.0,4.981637979630722,3.9816379796307224,True,True,False
B02,B,A-RAMP,1.0,FOUR,COMMON_LINE_AMPLITUDE_VARIATION,200.0,1.0,5.301213025170496,4.301213025170496,True,True,False
B02,B,A-RAMP,1.0,FOUR,COMMON_LINE_AMPLITUDE_VARIATION,220.0,1.0,4.490934082314477,3.490934082314477,True,True,False
B02,B,A-RAMP,1.0,FOUR,LINE_SPECIFIC_AMPLITUDE_VARIATION,180.0,1.0,4.981637979630722,3.9816379796307224,True,True,False
B02,B,A-RAMP,1.0,FOUR,LINE_SPECIFIC_AMPLITUDE_VARIATION,200.0,1.0,5.301213025170496,4.301213025170496,True,True,False
B02,B,A-RAMP,1.0,FOUR,LINE_SPECIFIC_AMPLITUDE_VARIATION,220.0,1.0,4.490934082314477,3.490934082314477,True,True,False
B02,B,A-RAMP,2.0,201,COMMON,180.0,1.9999999999999998,4.058001155398802,2.0580011553988022,True,True,False
B02,B,A-RAMP,2.0,201,COMMON,200.0,2.0,6.46311853743659,4.46311853743659,True,True,False
B02,B,A-RAMP,2.0,201,COMMON,220.0,1.907253638320004,3.2927759676271924,1.3855223293071883,True,True,False
B02,B,A-RAMP,2.0,235,COMMON,180.0,2.0,1.5685956648434385,-0.4314043351565615,False,False,False
B02,B,A-RAMP,2.0,235,COMMON,200.0,1.9084829811562534,3.889494293254563,1.9810113120983095,True,True,False
B02,B,A-RAMP,2.0,235,COMMON,220.0,1.9525998412572578,2.709442734848738,0.7568428935914802,True,True,False
B02,B,A-RAMP,2.0,283,COMMON,180.0,1.6442804772251705,2.4265599588425206,0.7822794816173502,True,True,False
B02,B,A-RAMP,2.0,283,COMMON,200.0,1.7973092248737506,3.572614582568296,1.7753053576945454,True,True,False
B02,B,A-RAMP,2.0,283,COMMON,220.0,1.9345827283745132,3.227185514549843,1.29260278617533,True,True,False
B02,B,A-RAMP,2.0,338,COMMON,180.0,2.0,6.940897588225945,4.940897588225945,True,True,False
B02,B,A-RAMP,2.0,338,COMMON,200.0,1.9093473866877086,3.296839615125168,1.3874922284374593,True,True,False
B02,B,A-RAMP,2.0,338,COMMON,220.0,2.0,5.380696978537135,3.3806969785371352,True,True,False
B02,B,A-RAMP,2.0,FOUR,COMMON_LINE_AMPLITUDE_VARIATION,180.0,2.0,5.125096092149136,3.1250960921491364,True,True,False
B02,B,A-RAMP,2.0,FOUR,COMMON_LINE_AMPLITUDE_VARIATION,200.0,2.0,5.437226648552847,3.437226648552847,True,True,False
B02,B,A-RAMP,2.0,FOUR,COMMON_LINE_AMPLITUDE_VARIATION,220.0,2.0,4.656482158032748,2.6564821580327482,True,True,False
B02,B,A-RAMP,2.0,FOUR,LINE_SPECIFIC_AMPLITUDE_VARIATION,180.0,2.0,5.125096092149136,3.1250960921491364,True,True,False
B02,B,A-RAMP,2.0,FOUR,LINE_SPECIFIC_AMPLITUDE_VARIATION,200.0,2.0,5.437226648552847,3.437226648552847,True,True,False
B02,B,A-RAMP,2.0,FOUR,LINE_SPECIFIC_AMPLITUDE_VARIATION,220.0,2.0,4.656482158032748,2.6564821580327482,True,True,False
B02,B,A-SINE,0.0,201,COMMON,180.0,0.0,4.0719097353590925,4.0719097353590925,True,True,False
B02,B,A-SINE,0.0,201,COMMON,200.0,0.0,6.437937006509408,6.437937006509408,True,True,False
B02,B,A-SINE,0.0,201,COMMON,220.0,0.0,3.342020286698394,3.342020286698394,True,True,False
B02,B,A-SINE,0.0,235,COMMON,180.0,0.0,1.8539176275662619,1.8539176275662619,True,True,False
B02,B,A-SINE,0.0,235,COMMON,200.0,0.0,4.377338234893204,4.377338234893204,True,True,False
B02,B,A-SINE,0.0,235,COMMON,220.0,0.0,2.89366354600863,2.89366354600863,True,True,False
B02,B,A-SINE,0.0,283,COMMON,180.0,0.0,2.6759167547039744,2.6759167547039744,True,True,False
B02,B,A-SINE,0.0,283,COMMON,200.0,0.0,3.448152654710764,3.448152654710764,True,True,False
B02,B,A-SINE,0.0,283,COMMON,220.0,0.0,3.2364789595132475,3.2364789595132475,True,True,False
B02,B,A-SINE,0.0,338,COMMON,180.0,0.0,6.806973929816306,6.806973929816306,True,True,False
B02,B,A-SINE,0.0,338,COMMON,200.0,0.0,3.061349033095256,3.061349033095256,True,True,False
B02,B,A-SINE,0.0,338,COMMON,220.0,0.0,5.2329853795846795,5.2329853795846795,True,True,False
B02,B,A-SINE,0.0,FOUR,COMMON_LINE_AMPLITUDE_VARIATION,180.0,0.0,5.036548815055422,5.036548815055422,True,True,False
B02,B,A-SINE,0.0,FOUR,COMMON_LINE_AMPLITUDE_VARIATION,200.0,0.0,5.351848787918192,5.351848787918192,True,True,False
B02,B,A-SINE,0.0,FOUR,COMMON_LINE_AMPLITUDE_VARIATION,220.0,0.0,4.544683902683468,4.544683902683468,True,True,False
B02,B,A-SINE,0.0,FOUR,LINE_SPECIFIC_AMPLITUDE_VARIATION,180.0,0.0,5.036548815055422,5.036548815055422,True,True,False
B02,B,A-SINE,0.0,FOUR,LINE_SPECIFIC_AMPLITUDE_VARIATION,200.0,0.0,5.351848787918192,5.351848787918192,True,True,False
B02,B,A-SINE,0.0,FOUR,LINE_SPECIFIC_AMPLITUDE_VARIATION,220.0,0.0,4.544683902683468,4.544683902683468,True,True,False
B02,B,A-SINE,0.25,201,COMMON,180.0,0.24999999999999994,4.088403052497419,3.8384030524974193,True,True,False
B02,B,A-SINE,0.25,201,COMMON,200.0,0.25000000000000006,6.448719638656876,6.198719638656876,True,True,False
B02,B,A-SINE,0.25,201,COMMON,220.0,0.24999999999999994,3.2916174306964745,3.0416174306964745,True,True,False
B02,B,A-SINE,0.25,235,COMMON,180.0,0.25,2.018065050936829,1.768065050936829,True,True,False
B02,B,A-SINE,0.25,235,COMMON,200.0,0.24999999999999994,4.45691504759409,4.20691504759409,True,True,False
B02,B,A-SINE,0.25,235,COMMON,220.0,0.16647712228333442,3.005259134222748,2.8387820119394136,True,True,False
B02,B,A-SINE,0.25,283,COMMON,180.0,0.25,2.819182091411727,2.569182091411727,True,True,False
B02,B,A-SINE,0.25,283,COMMON,200.0,0.25,3.3101114101072255,3.0601114101072255,True,True,False
B02,B,A-SINE,0.25,283,COMMON,220.0,0.24999999999999994,3.366742044849117,3.116742044849117,True,True,False
B02,B,A-SINE,0.25,338,COMMON,180.0,0.25000000000000006,6.8311667911675675,6.5811667911675675,True,True,False
B02,B,A-SINE,0.25,338,COMMON,200.0,0.24374740481079543,3.1128335488417487,2.869086144030953,True,True,False
B02,B,A-SINE,0.25,338,COMMON,220.0,0.25000000000000006,5.266934059847283,5.016934059847283,True,True,False
B02,B,A-SINE,0.25,FOUR,COMMON_LINE_AMPLITUDE_VARIATION,180.0,0.25,5.081735149351143,4.831735149351143,True,True,False
B02,B,A-SINE,0.25,FOUR,COMMON_LINE_AMPLITUDE_VARIATION,200.0,0.25,5.394202632219214,5.144202632219214,True,True,False
B02,B,A-SINE,0.25,FOUR,COMMON_LINE_AMPLITUDE_VARIATION,220.0,0.24999999999999997,4.59334966507534,4.34334966507534,True,True,False
B02,B,A-SINE,0.25,FOUR,LINE_SPECIFIC_AMPLITUDE_VARIATION,180.0,0.25,5.081735149351143,4.831735149351143,True,True,False
B02,B,A-SINE,0.25,FOUR,LINE_SPECIFIC_AMPLITUDE_VARIATION,200.0,0.25,5.394202632219214,5.144202632219214,True,True,False
B02,B,A-SINE,0.25,FOUR,LINE_SPECIFIC_AMPLITUDE_VARIATION,220.0,0.24999999999999997,4.59334966507534,4.34334966507534,True,True,False
B02,B,A-SINE,0.5,201,COMMON,180.0,0.480340976068191,4.065507221271716,3.5851662452035247,True,True,False
B02,B,A-SINE,0.5,201,COMMON,200.0,0.4999999999999999,6.469152730938916,5.969152730938916,True,True,False
B02,B,A-SINE,0.5,201,COMMON,220.0,0.5,3.2541993632743873,2.7541993632743873,True,True,False
B02,B,A-SINE,0.5,235,COMMON,180.0,0.5,2.1984454802938402,1.6984454802938402,True,True,False
B02,B,A-SINE,0.5,235,COMMON,200.0,0.5,4.548856280460321,4.048856280460321,True,True,False
B02,B,A-SINE,0.5,235,COMMON,220.0,0.39755614149014495,3.1328702830087436,2.7353141415185984,True,True,False
B02,B,A-SINE,0.5,283,COMMON,180.0,0.5,2.77675615901069,2.27675615901069,True,True,False
B02,B,A-SINE,0.5,283,COMMON,200.0,0.5,3.18573670670619,2.68573670670619,True,True,False
B02,B,A-SINE,0.5,283,COMMON,220.0,0.5,3.510001130731681,3.010001130731681,True,True,False
B02,B,A-SINE,0.5,338,COMMON,180.0,0.4999999999999999,6.86438528757691,6.36438528757691,True,True,False
B02,B,A-SINE,0.5,338,COMMON,200.0,0.4907245867217512,3.1831756946728795,2.692451107951128,True,True,False
B02,B,A-SINE,0.5,338,COMMON,220.0,0.49999999999999994,5.312443204271624,4.812443204271624,True,True,False
B02,B,A-SINE,0.5,FOUR,COMMON_LINE_AMPLITUDE_VARIATION,180.0,0.5,5.138700252969187,4.638700252969187,True,True,False
B02,B,A-SINE,0.5,FOUR,COMMON_LINE_AMPLITUDE_VARIATION,200.0,0.5,5.447711320007691,4.947711320007691,True,True,False
B02,B,A-SINE,0.5,FOUR,COMMON_LINE_AMPLITUDE_VARIATION,220.0,0.5,4.654951182986265,4.154951182986265,True,True,False
B02,B,A-SINE,0.5,FOUR,LINE_SPECIFIC_AMPLITUDE_VARIATION,180.0,0.5,5.138700252969187,4.638700252969187,True,True,False
B02,B,A-SINE,0.5,FOUR,LINE_SPECIFIC_AMPLITUDE_VARIATION,200.0,0.5,5.447711320007691,4.947711320007691,True,True,False
B02,B,A-SINE,0.5,FOUR,LINE_SPECIFIC_AMPLITUDE_VARIATION,220.0,0.5,4.654951182986265,4.154951182986265,True,True,False
B02,B,A-SINE,1.0,201,COMMON,180.0,0.9596693521476847,4.046641424849943,3.0869720727022583,True,True,False
B02,B,A-SINE,1.0,201,COMMON,200.0,1.0,6.518857194511335,5.518857194511335,True,True,False
B02,B,A-SINE,1.0,201,COMMON,220.0,1.0,3.2365027217162305,2.2365027217162305,True,True,False
B02,B,A-SINE,1.0,235,COMMON,180.0,1.0,2.2337819551448774,1.2337819551448774,True,True,False
B02,B,A-SINE,1.0,235,COMMON,200.0,1.0,4.766874961430043,3.7668749614300427,True,True,False
B02,B,A-SINE,1.0,235,COMMON,220.0,0.8909115514023355,3.4287699985299884,2.537858447127653,True,True,False
B02,B,A-SINE,1.0,283,COMMON,180.0,1.0,2.758722343900923,1.758722343900923,True,True,False
B02,B,A-SINE,1.0,283,COMMON,200.0,1.0,2.9846406816770275,1.9846406816770275,True,True,False
B02,B,A-SINE,1.0,283,COMMON,220.0,1.0,3.6940408741114092,2.6940408741114092,True,True,False
B02,B,A-SINE,1.0,338,COMMON,180.0,1.0,6.957346956376823,5.957346956376823,True,True,False
B02,B,A-SINE,1.0,338,COMMON,200.0,0.9630796860107915,3.3754047318623996,2.412325045851608,True,True,False
B02,B,A-SINE,1.0,338,COMMON,220.0,1.0,5.436908093234289,4.436908093234289,True,True,False
B02,B,A-SINE,1.0,FOUR,COMMON_LINE_AMPLITUDE_VARIATION,180.0,1.0,5.286365160797633,4.286365160797633,True,True,False
B02,B,A-SINE,1.0,FOUR,COMMON_LINE_AMPLITUDE_VARIATION,200.0,1.0,5.5868445301027005,4.5868445301027005,True,True,False
B02,B,A-SINE,1.0,FOUR,COMMON_LINE_AMPLITUDE_VARIATION,220.0,1.0,4.81487167603252,3.81487167603252,True,True,False
B02,B,A-SINE,1.0,FOUR,LINE_SPECIFIC_AMPLITUDE_VARIATION,180.0,1.0,5.286365160797633,4.286365160797633,True,True,False
B02,B,A-SINE,1.0,FOUR,LINE_SPECIFIC_AMPLITUDE_VARIATION,200.0,1.0,5.5868445301027005,4.5868445301027005,True,True,False
B02,B,A-SINE,1.0,FOUR,LINE_SPECIFIC_AMPLITUDE_VARIATION,220.0,1.0,4.81487167603252,3.81487167603252,True,True,False
B02,B,A-SINE,2.0,201,COMMON,180.0,1.9497284143629814,4.191565642037569,2.241837227674587,True,True,False
B02,B,A-SINE,2.0,201,COMMON,200.0,2.0,6.611116444176461,4.611116444176461,True,True,False
B02,B,A-SINE,2.0,201,COMMON,220.0,2.0,3.427130375570625,1.4271303755706248,True,True,False
B02,B,A-SINE,2.0,235,COMMON,180.0,2.0,1.8468323108755964,-0.1531676891244036,False,False,False
B02,B,A-SINE,2.0,235,COMMON,200.0,2.0,5.31837416633687,3.31837416633687,True,True,False
B02,B,A-SINE,2.0,235,COMMON,220.0,1.8823377645706076,3.9706904725086387,2.0883527079380313,True,True,False
B02,B,A-SINE,2.0,283,COMMON,180.0,2.0,2.985112624174674,0.9851126241746742,True,True,False
B02,B,A-SINE,2.0,283,COMMON,200.0,2.0,2.8153868770124886,0.8153868770124886,True,True,False
B02,B,A-SINE,2.0,283,COMMON,220.0,1.9471447471760441,3.8047409378993122,1.857596190723268,True,True,False
B02,B,A-SINE,2.0,338,COMMON,180.0,2.0,7.243925680293306,5.243925680293306,True,True,False
B02,B,A-SINE,2.0,338,COMMON,200.0,1.9405964594547016,3.903931485340448,1.9633350258857463,True,True,False
B02,B,A-SINE,2.0,338,COMMON,220.0,2.0,5.8082530287175,3.8082530287175,True,True,False
B02,B,A-SINE,2.0,FOUR,COMMON_LINE_AMPLITUDE_VARIATION,180.0,2.0,5.579183028803719,3.579183028803719,True,True,False
B02,B,A-SINE,2.0,FOUR,COMMON_LINE_AMPLITUDE_VARIATION,200.0,2.0,5.922741410497527,3.922741410497527,True,True,False
B02,B,A-SINE,2.0,FOUR,COMMON_LINE_AMPLITUDE_VARIATION,220.0,2.0,5.2642023838384295,3.2642023838384295,True,True,False
B02,B,A-SINE,2.0,FOUR,LINE_SPECIFIC_AMPLITUDE_VARIATION,180.0,2.0,5.579183028803719,3.579183028803719,True,True,False
B02,B,A-SINE,2.0,FOUR,LINE_SPECIFIC_AMPLITUDE_VARIATION,200.0,2.0,5.922741410497527,3.922741410497527,True,True,False
B02,B,A-SINE,2.0,FOUR,LINE_SPECIFIC_AMPLITUDE_VARIATION,220.0,2.0,5.2642023838384295,3.2642023838384295,True,True,False
B03,B,A-RAMP,0.0,201,COMMON,180.0,0.0,0.9426384574998019,0.9426384574998019,True,True,False
B03,B,A-RAMP,0.0,201,COMMON,200.0,0.0,0.9730891046967431,0.9730891046967431,True,True,False
B03,B,A-RAMP,0.0,201,COMMON,220.0,0.0,0.48543981231957956,0.48543981231957956,True,False,False
B03,B,A-RAMP,0.0,235,COMMON,180.0,0.0,1.2948154140358228,1.2948154140358228,True,True,False
B03,B,A-RAMP,0.0,235,COMMON,200.0,0.0,1.1259996544700266,1.1259996544700266,True,True,False
B03,B,A-RAMP,0.0,235,COMMON,220.0,0.0,0.8446842122281957,0.8446842122281957,True,True,False
B03,B,A-RAMP,0.0,283,COMMON,180.0,0.0,1.776442144270833,1.776442144270833,True,True,False
B03,B,A-RAMP,0.0,283,COMMON,200.0,0.0,3.850177420587233,3.850177420587233,True,True,False
B03,B,A-RAMP,0.0,283,COMMON,220.0,0.0,1.0820597849922813,1.0820597849922813,True,True,False
B03,B,A-RAMP,0.0,338,COMMON,180.0,0.0,2.049024964122057,2.049024964122057,True,True,False
B03,B,A-RAMP,0.0,338,COMMON,200.0,0.0,1.1005617519670075,1.1005617519670075,True,True,False
B03,B,A-RAMP,0.0,338,COMMON,220.0,0.0,1.037051324461688,1.037051324461688,True,True,False
B03,B,A-RAMP,0.0,FOUR,COMMON_LINE_AMPLITUDE_VARIATION,180.0,0.0,3.236458018577614,3.236458018577614,True,True,False
B03,B,A-RAMP,0.0,FOUR,COMMON_LINE_AMPLITUDE_VARIATION,200.0,0.0,3.520674955228143,3.520674955228143,True,True,False
B03,B,A-RAMP,0.0,FOUR,COMMON_LINE_AMPLITUDE_VARIATION,220.0,0.0,1.6455298708784936,1.6455298708784936,True,True,False
B03,B,A-RAMP,0.0,FOUR,LINE_SPECIFIC_AMPLITUDE_VARIATION,180.0,0.0,3.236458018577614,3.236458018577614,True,True,False
B03,B,A-RAMP,0.0,FOUR,LINE_SPECIFIC_AMPLITUDE_VARIATION,200.0,0.0,3.520674955228143,3.520674955228143,True,True,False
B03,B,A-RAMP,0.0,FOUR,LINE_SPECIFIC_AMPLITUDE_VARIATION,220.0,0.0,1.6455298708784936,1.6455298708784936,True,True,False
B03,B,A-RAMP,0.25,201,COMMON,180.0,0.24999999999999997,0.959945057061947,0.709945057061947,True,True,False
B03,B,A-RAMP,0.25,201,COMMON,200.0,0.25,1.0791380591840711,0.8291380591840711,True,True,False
B03,B,A-RAMP,0.25,201,COMMON,220.0,0.032450432677962424,0.5766220946804623,0.5441716620024999,True,True,False
B03,B,A-RAMP,0.25,235,COMMON,180.0,0.25,1.191927144798996,0.9419271447989961,True,True,False
B03,B,A-RAMP,0.25,235,COMMON,200.0,0.25,1.126459836422299,0.8764598364222991,True,True,False
B03,B,A-RAMP,0.25,235,COMMON,220.0,0.18433138785201195,0.9500749736162059,0.7657435857641939,True,True,False
B03,B,A-RAMP,0.25,283,COMMON,180.0,0.25,1.7287732549024204,1.4787732549024204,True,True,False
B03,B,A-RAMP,0.25,283,COMMON,200.0,0.25,3.9964091718439128,3.7464091718439128,True,True,False
B03,B,A-RAMP,0.25,283,COMMON,220.0,0.25,1.1903898274979008,0.9403898274979008,True,True,False
B03,B,A-RAMP,0.25,338,COMMON,180.0,0.24999999999999997,2.0079191794207265,1.7579191794207265,True,True,False
B03,B,A-RAMP,0.25,338,COMMON,200.0,0.25,1.1719902599370555,0.9219902599370555,True,True,False
B03,B,A-RAMP,0.25,338,COMMON,220.0,0.25,0.8787842785711162,0.6287842785711162,True,True,False
B03,B,A-RAMP,0.25,FOUR,COMMON_LINE_AMPLITUDE_VARIATION,180.0,0.25,3.2597415786801007,3.0097415786801007,True,True,False
B03,B,A-RAMP,0.25,FOUR,COMMON_LINE_AMPLITUDE_VARIATION,200.0,0.25,3.474230023777179,3.224230023777179,True,True,False
B03,B,A-RAMP,0.25,FOUR,COMMON_LINE_AMPLITUDE_VARIATION,220.0,0.25,1.7208358257574443,1.4708358257574443,True,True,False
B03,B,A-RAMP,0.25,FOUR,LINE_SPECIFIC_AMPLITUDE_VARIATION,180.0,0.25,3.2597415786801007,3.0097415786801007,True,True,False
B03,B,A-RAMP,0.25,FOUR,LINE_SPECIFIC_AMPLITUDE_VARIATION,200.0,0.25,3.474230023777179,3.224230023777179,True,True,False
B03,B,A-RAMP,0.25,FOUR,LINE_SPECIFIC_AMPLITUDE_VARIATION,220.0,0.25,1.7208358257574443,1.4708358257574443,True,True,False
B03,B,A-RAMP,0.5,201,COMMON,180.0,0.49999999999999994,1.0389522431746916,0.5389522431746916,True,True,False
B03,B,A-RAMP,0.5,201,COMMON,200.0,0.4999999999999999,1.2276707603749546,0.7276707603749547,True,True,False
B03,B,A-RAMP,0.5,201,COMMON,220.0,0.24124315373449592,0.7445362776671794,0.5032931239326836,True,True,False
B03,B,A-RAMP,0.5,235,COMMON,180.0,0.5,1.1357084487634204,0.6357084487634204,True,True,False
B03,B,A-RAMP,0.5,235,COMMON,200.0,0.41773508613101457,1.1470091871091945,0.72927410097818,True,True,False
B03,B,A-RAMP,0.5,235,COMMON,220.0,0.3517859868594604,0.8011313423633064,0.449345355503846,True,False,False
B03,B,A-RAMP,0.5,283,COMMON,180.0,0.5,1.7165567983000924,1.2165567983000924,True,True,False
B03,B,A-RAMP,0.5,283,COMMON,200.0,0.5,4.152554198032404,3.652554198032404,True,True,False
B03,B,A-RAMP,0.5,283,COMMON,220.0,0.3993427595474656,1.3372368916999793,0.9378941321525136,True,True,False
B03,B,A-RAMP,0.5,338,COMMON,180.0,0.5,1.9974923175261048,1.4974923175261048,True,True,False
B03,B,A-RAMP,0.5,338,COMMON,200.0,0.5,1.069942769329125,0.569942769329125,True,True,False
B03,B,A-RAMP,0.5,338,COMMON,220.0,0.258046582217484,0.7707452023592317,0.5126986201417477,True,True,False
B03,B,A-RAMP,0.5,FOUR,COMMON_LINE_AMPLITUDE_VARIATION,180.0,0.5,3.3018433962767437,2.8018433962767437,True,True,False
B03,B,A-RAMP,0.5,FOUR,COMMON_LINE_AMPLITUDE_VARIATION,200.0,0.5,3.4453441592762353,2.9453441592762353,True,True,False
B03,B,A-RAMP,0.5,FOUR,COMMON_LINE_AMPLITUDE_VARIATION,220.0,0.5,1.827507406952765,1.327507406952765,True,True,False
B03,B,A-RAMP,0.5,FOUR,LINE_SPECIFIC_AMPLITUDE_VARIATION,180.0,0.5,3.3018433962767437,2.8018433962767437,True,True,False
B03,B,A-RAMP,0.5,FOUR,LINE_SPECIFIC_AMPLITUDE_VARIATION,200.0,0.5,3.4453441592762353,2.9453441592762353,True,True,False
B03,B,A-RAMP,0.5,FOUR,LINE_SPECIFIC_AMPLITUDE_VARIATION,220.0,0.5,1.827507406952765,1.327507406952765,True,True,False
B03,B,A-RAMP,1.0,201,COMMON,180.0,1.0,1.3305172924986135,0.3305172924986135,True,False,False
B03,B,A-RAMP,1.0,201,COMMON,200.0,1.0,1.6023259924496416,0.6023259924496416,True,True,False
B03,B,A-RAMP,1.0,201,COMMON,220.0,0.6923939575161606,0.8034609514524064,0.11106699393624575,True,False,False
B03,B,A-RAMP,1.0,235,COMMON,180.0,1.0,1.1845338343671195,0.18453383436711945,True,False,False
B03,B,A-RAMP,1.0,235,COMMON,200.0,0.4569843618483555,0.8595033585957688,0.40251899674741326,True,False,False
B03,B,A-RAMP,1.0,235,COMMON,220.0,0.8235921445455605,0.7036685101429729,-0.11992363440258758,False,False,False
B03,B,A-RAMP,1.0,283,COMMON,180.0,0.3244030985308141,1.765871832999574,1.4414687344687598,True,True,False
B03,B,A-RAMP,1.0,283,COMMON,200.0,0.7765318851307621,4.490383788184851,3.7138519030540893,True,True,False
B03,B,A-RAMP,1.0,283,COMMON,220.0,0.8049191529520772,1.5213142245757052,0.716395071623628,True,True,False
B03,B,A-RAMP,1.0,338,COMMON,180.0,1.0,2.069165970519577,1.069165970519577,True,True,False
B03,B,A-RAMP,1.0,338,COMMON,200.0,0.8739413190738669,1.0162434083886975,0.14230208931483068,True,False,False
B03,B,A-RAMP,1.0,338,COMMON,220.0,0.5826205443105918,0.7827010184941661,0.20008047418357422,True,False,False
B03,B,A-RAMP,1.0,FOUR,COMMON_LINE_AMPLITUDE_VARIATION,180.0,1.0,3.4394300575905516,2.4394300575905516,True,True,False
B03,B,A-RAMP,1.0,FOUR,COMMON_LINE_AMPLITUDE_VARIATION,200.0,1.0,3.4417496439089015,2.4417496439089015,True,True,False
B03,B,A-RAMP,1.0,FOUR,COMMON_LINE_AMPLITUDE_VARIATION,220.0,1.0,2.11466264188429,1.1146626418842902,True,True,False
B03,B,A-RAMP,1.0,FOUR,LINE_SPECIFIC_AMPLITUDE_VARIATION,180.0,1.0,3.4394300575905516,2.4394300575905516,True,True,False
B03,B,A-RAMP,1.0,FOUR,LINE_SPECIFIC_AMPLITUDE_VARIATION,200.0,1.0,3.4417496439089015,2.4417496439089015,True,True,False
B03,B,A-RAMP,1.0,FOUR,LINE_SPECIFIC_AMPLITUDE_VARIATION,220.0,1.0,2.11466264188429,1.1146626418842902,True,True,False
B03,B,A-RAMP,2.0,201,COMMON,180.0,1.9478578568542424,1.7224009502168762,-0.22545690663736617,False,False,False
B03,B,A-RAMP,2.0,201,COMMON,200.0,2.0,2.4875680425829456,0.4875680425829456,True,False,False
B03,B,A-RAMP,2.0,201,COMMON,220.0,1.635783256233152,0.6917541723535708,-0.9440290838795812,False,False,False
B03,B,A-RAMP,2.0,235,COMMON,180.0,2.0,1.7690940769490417,-0.23090592305095825,False,False,False
B03,B,A-RAMP,2.0,235,COMMON,200.0,1.2286128866606625,1.00751891578843,-0.2210939708722326,False,False,False
B03,B,A-RAMP,2.0,235,COMMON,220.0,1.8131203215920606,1.304540248925585,-0.5085800726664755,False,False,False
B03,B,A-RAMP,2.0,283,COMMON,180.0,0.23619998242982618,1.5077642393543498,1.2715642569245236,True,True,False
B03,B,A-RAMP,2.0,283,COMMON,200.0,1.3971150266517331,4.606759631500324,3.209644604848591,True,True,False
B03,B,A-RAMP,2.0,283,COMMON,220.0,1.7676920685349296,2.0391971884915367,0.2715051199566072,True,False,False
B03,B,A-RAMP,2.0,338,COMMON,180.0,1.968888742067068,2.5227747270648337,0.5538859849977658,True,True,False
B03,B,A-RAMP,2.0,338,COMMON,200.0,1.7344325075176172,1.295313732173014,-0.4391187753446033,False,False,False
B03,B,A-RAMP,2.0,338,COMMON,220.0,1.544397623272602,1.4662081431829073,-0.07818948008969473,False,False,False
B03,B,A-RAMP,2.0,FOUR,COMMON_LINE_AMPLITUDE_VARIATION,180.0,2.0,3.8967547698180027,1.8967547698180027,True,True,False
B03,B,A-RAMP,2.0,FOUR,COMMON_LINE_AMPLITUDE_VARIATION,200.0,2.0,3.6463857561047237,1.6463857561047237,True,True,False
B03,B,A-RAMP,2.0,FOUR,COMMON_LINE_AMPLITUDE_VARIATION,220.0,2.0,2.2851605488920907,0.28516054889209075,True,False,False
B03,B,A-RAMP,2.0,FOUR,LINE_SPECIFIC_AMPLITUDE_VARIATION,180.0,2.0,3.8967547698180027,1.8967547698180027,True,True,False
B03,B,A-RAMP,2.0,FOUR,LINE_SPECIFIC_AMPLITUDE_VARIATION,200.0,2.0,3.6463857561047237,1.6463857561047237,True,True,False
B03,B,A-RAMP,2.0,FOUR,LINE_SPECIFIC_AMPLITUDE_VARIATION,220.0,2.0,2.2851605488920907,0.28516054889209075,True,False,False
B03,B,A-SINE,0.0,201,COMMON,180.0,0.0,0.9426384574998019,0.9426384574998019,True,True,False
B03,B,A-SINE,0.0,201,COMMON,200.0,0.0,0.9730891046967431,0.9730891046967431,True,True,False
B03,B,A-SINE,0.0,201,COMMON,220.0,0.0,0.48543981231957956,0.48543981231957956,True,False,False
B03,B,A-SINE,0.0,235,COMMON,180.0,0.0,1.2948154140358228,1.2948154140358228,True,True,False
B03,B,A-SINE,0.0,235,COMMON,200.0,0.0,1.1259996544700266,1.1259996544700266,True,True,False
B03,B,A-SINE,0.0,235,COMMON,220.0,0.0,0.8446842122281957,0.8446842122281957,True,True,False
B03,B,A-SINE,0.0,283,COMMON,180.0,0.0,1.776442144270833,1.776442144270833,True,True,False
B03,B,A-SINE,0.0,283,COMMON,200.0,0.0,3.850177420587233,3.850177420587233,True,True,False
B03,B,A-SINE,0.0,283,COMMON,220.0,0.0,1.0820597849922813,1.0820597849922813,True,True,False
B03,B,A-SINE,0.0,338,COMMON,180.0,0.0,2.049024964122057,2.049024964122057,True,True,False
B03,B,A-SINE,0.0,338,COMMON,200.0,0.0,1.1005617519670075,1.1005617519670075,True,True,False
B03,B,A-SINE,0.0,338,COMMON,220.0,0.0,1.037051324461688,1.037051324461688,True,True,False
B03,B,A-SINE,0.0,FOUR,COMMON_LINE_AMPLITUDE_VARIATION,180.0,0.0,3.236458018577614,3.236458018577614,True,True,False
B03,B,A-SINE,0.0,FOUR,COMMON_LINE_AMPLITUDE_VARIATION,200.0,0.0,3.520674955228143,3.520674955228143,True,True,False
B03,B,A-SINE,0.0,FOUR,COMMON_LINE_AMPLITUDE_VARIATION,220.0,0.0,1.6455298708784936,1.6455298708784936,True,True,False
B03,B,A-SINE,0.0,FOUR,LINE_SPECIFIC_AMPLITUDE_VARIATION,180.0,0.0,3.236458018577614,3.236458018577614,True,True,False
B03,B,A-SINE,0.0,FOUR,LINE_SPECIFIC_AMPLITUDE_VARIATION,200.0,0.0,3.520674955228143,3.520674955228143,True,True,False
B03,B,A-SINE,0.0,FOUR,LINE_SPECIFIC_AMPLITUDE_VARIATION,220.0,0.0,1.6455298708784936,1.6455298708784936,True,True,False
B03,B,A-SINE,0.25,201,COMMON,180.0,0.24999999999999994,0.8747908272208564,0.6247908272208564,True,True,False
B03,B,A-SINE,0.25,201,COMMON,200.0,0.25000000000000006,0.9062945406154279,0.6562945406154279,True,True,False
B03,B,A-SINE,0.25,201,COMMON,220.0,0.24999999999999994,0.44619349558106147,0.19619349558106153,True,False,False
B03,B,A-SINE,0.25,235,COMMON,180.0,0.25,1.3893464588491158,1.1393464588491158,True,True,False
B03,B,A-SINE,0.25,235,COMMON,200.0,0.24999999999999994,1.1955809195948113,0.9455809195948113,True,True,False
B03,B,A-SINE,0.25,235,COMMON,220.0,0.24999999999999994,0.7573870611347111,0.5073870611347111,True,True,False
B03,B,A-SINE,0.25,283,COMMON,180.0,0.25,1.9013401957249834,1.6513401957249834,True,True,False
B03,B,A-SINE,0.25,283,COMMON,200.0,0.25,3.7561006599937854,3.5061006599937854,True,True,False
B03,B,A-SINE,0.25,283,COMMON,220.0,0.24999999999999994,1.0442488622864683,0.7942488622864683,True,True,False
B03,B,A-SINE,0.25,338,COMMON,180.0,0.25000000000000006,2.1150475971790166,1.8650475971790166,True,True,False
B03,B,A-SINE,0.25,338,COMMON,200.0,0.2451370728550973,1.111818178326431,0.8666811054713336,True,True,False
B03,B,A-SINE,0.25,338,COMMON,220.0,0.24999999999999997,1.1067375398366994,0.8567375398366994,True,True,False
B03,B,A-SINE,0.25,FOUR,COMMON_LINE_AMPLITUDE_VARIATION,180.0,0.25,3.218727051092311,2.968727051092311,True,True,False
B03,B,A-SINE,0.25,FOUR,COMMON_LINE_AMPLITUDE_VARIATION,200.0,0.24999999999999997,3.5751596629182085,3.3251596629182085,True,True,False
B03,B,A-SINE,0.25,FOUR,COMMON_LINE_AMPLITUDE_VARIATION,220.0,0.24999999999999994,1.6252950922315257,1.3752950922315257,True,True,False
B03,B,A-SINE,0.25,FOUR,LINE_SPECIFIC_AMPLITUDE_VARIATION,180.0,0.25,3.218727051092311,2.968727051092311,True,True,False
B03,B,A-SINE,0.25,FOUR,LINE_SPECIFIC_AMPLITUDE_VARIATION,200.0,0.24999999999999997,3.5751596629182085,3.3251596629182085,True,True,False
B03,B,A-SINE,0.25,FOUR,LINE_SPECIFIC_AMPLITUDE_VARIATION,220.0,0.24999999999999994,1.6252950922315257,1.3752950922315257,True,True,False
B03,B,A-SINE,0.5,201,COMMON,180.0,0.5,0.8757572273306654,0.3757572273306654,True,False,False
B03,B,A-SINE,0.5,201,COMMON,200.0,0.4999999999999999,0.8959847376943599,0.39598473769436004,True,False,False
B03,B,A-SINE,0.5,201,COMMON,220.0,0.5,0.536214005423977,0.036214005423977014,True,False,False
B03,B,A-SINE,0.5,235,COMMON,180.0,0.4329438604985889,1.4792715273221455,1.0463276668235566,True,True,False
B03,B,A-SINE,0.5,235,COMMON,200.0,0.5,1.3099436051722722,0.8099436051722722,True,True,False
B03,B,A-SINE,0.5,235,COMMON,220.0,0.5,0.7475151519273584,0.2475151519273584,True,False,False
B03,B,A-SINE,0.5,283,COMMON,180.0,0.5,1.9936875030927508,1.4936875030927508,True,True,False
B03,B,A-SINE,0.5,283,COMMON,200.0,0.5,3.676644960560068,3.176644960560068,True,True,False
B03,B,A-SINE,0.5,283,COMMON,220.0,0.5,1.0653910054414881,0.5653910054414881,True,True,False
B03,B,A-SINE,0.5,338,COMMON,180.0,0.4999999999999999,2.2075663915429744,1.7075663915429744,True,True,False
B03,B,A-SINE,0.5,338,COMMON,200.0,0.4724703858862637,1.177303339594991,0.7048329537087272,True,True,False
B03,B,A-SINE,0.5,338,COMMON,220.0,0.49999999999999994,1.2237822015640194,0.7237822015640194,True,True,False
B03,B,A-SINE,0.5,FOUR,COMMON_LINE_AMPLITUDE_VARIATION,180.0,0.5,3.2203644441043418,2.7203644441043418,True,True,False
B03,B,A-SINE,0.5,FOUR,COMMON_LINE_AMPLITUDE_VARIATION,200.0,0.5,3.64600892625679,3.14600892625679,True,True,False
B03,B,A-SINE,0.5,FOUR,COMMON_LINE_AMPLITUDE_VARIATION,220.0,0.5,1.6432892982400802,1.1432892982400802,True,True,False
B03,B,A-SINE,0.5,FOUR,LINE_SPECIFIC_AMPLITUDE_VARIATION,180.0,0.5,3.2203644441043418,2.7203644441043418,True,True,False
B03,B,A-SINE,0.5,FOUR,LINE_SPECIFIC_AMPLITUDE_VARIATION,200.0,0.5,3.64600892625679,3.14600892625679,True,True,False
B03,B,A-SINE,0.5,FOUR,LINE_SPECIFIC_AMPLITUDE_VARIATION,220.0,0.5,1.6432892982400802,1.1432892982400802,True,True,False
B03,B,A-SINE,1.0,201,COMMON,180.0,0.9798678921960823,1.0702028690328689,0.0903349768367866,True,False,False
B03,B,A-SINE,1.0,201,COMMON,200.0,1.0,1.0553547219740447,0.055354721974044674,True,False,False
B03,B,A-SINE,1.0,201,COMMON,220.0,1.0,0.9161872667969038,-0.08381273320309623,False,False,False
B03,B,A-SINE,1.0,235,COMMON,180.0,0.6651864194716605,1.3782739664021733,0.7130875469305128,True,True,False
B03,B,A-SINE,1.0,235,COMMON,200.0,1.0,1.6321854292931428,0.6321854292931428,True,True,False
B03,B,A-SINE,1.0,235,COMMON,220.0,0.7600441768574008,0.9508240564554497,0.19077987959804887,True,False,False
B03,B,A-SINE,1.0,283,COMMON,180.0,1.0,1.6180892445015882,0.6180892445015882,True,True,False
B03,B,A-SINE,1.0,283,COMMON,200.0,1.0,3.565328899558037,2.565328899558037,True,True,False
B03,B,A-SINE,1.0,283,COMMON,220.0,1.0,1.2646195517442027,0.2646195517442027,True,False,False
B03,B,A-SINE,1.0,338,COMMON,180.0,1.0,2.392815581363048,1.392815581363048,True,True,False
B03,B,A-SINE,1.0,338,COMMON,200.0,0.9615094527058039,1.435566138131695,0.4740566854258912,True,False,False
B03,B,A-SINE,1.0,338,COMMON,220.0,1.0,1.555053911099887,0.5550539110998871,True,True,False
B03,B,A-SINE,1.0,FOUR,COMMON_LINE_AMPLITUDE_VARIATION,180.0,1.0,3.281285388332993,2.281285388332993,True,True,False
B03,B,A-SINE,1.0,FOUR,COMMON_LINE_AMPLITUDE_VARIATION,200.0,1.0,3.8329636106174676,2.8329636106174676,True,True,False
B03,B,A-SINE,1.0,FOUR,COMMON_LINE_AMPLITUDE_VARIATION,220.0,1.0,1.7869053918625235,0.7869053918625235,True,True,False
B03,B,A-SINE,1.0,FOUR,LINE_SPECIFIC_AMPLITUDE_VARIATION,180.0,1.0,3.281285388332993,2.281285388332993,True,True,False
B03,B,A-SINE,1.0,FOUR,LINE_SPECIFIC_AMPLITUDE_VARIATION,200.0,1.0,3.8329636106174676,2.8329636106174676,True,True,False
B03,B,A-SINE,1.0,FOUR,LINE_SPECIFIC_AMPLITUDE_VARIATION,220.0,1.0,1.7869053918625235,0.7869053918625235,True,True,False
B03,B,A-SINE,2.0,201,COMMON,180.0,1.8662585299708487,1.625036301593721,-0.2412222283771277,False,False,False
B03,B,A-SINE,2.0,201,COMMON,200.0,2.0,1.7988172411938568,-0.20118275880614322,False,False,False
B03,B,A-SINE,2.0,201,COMMON,220.0,1.9845471031041282,1.5639691973437042,-0.420577905760424,False,False,False
B03,B,A-SINE,2.0,235,COMMON,180.0,1.4700562940064628,1.6800085941131226,0.20995230010665988,True,False,False
B03,B,A-SINE,2.0,235,COMMON,200.0,2.0,2.4617439609608187,0.4617439609608187,True,False,False
B03,B,A-SINE,2.0,235,COMMON,220.0,1.4882283011587027,1.7591592748472846,0.2709309736885819,True,False,False
B03,B,A-SINE,2.0,283,COMMON,180.0,2.0,1.1411014588827502,-0.8588985411172498,False,False,False
B03,B,A-SINE,2.0,283,COMMON,200.0,2.0,3.3610826730655554,1.3610826730655554,True,True,False
B03,B,A-SINE,2.0,283,COMMON,220.0,2.0,2.006906037414277,0.006906037414276867,True,False,False
B03,B,A-SINE,2.0,338,COMMON,180.0,2.0,2.9399388162128597,0.9399388162128597,True,True,False
B03,B,A-SINE,2.0,338,COMMON,200.0,1.8854491134363984,2.120437737514245,0.2349886240778467,True,False,False
B03,B,A-SINE,2.0,338,COMMON,220.0,2.0,2.399852546626857,0.3998525466268572,True,False,False
B03,B,A-SINE,2.0,FOUR,COMMON_LINE_AMPLITUDE_VARIATION,180.0,2.0,3.613724822584014,1.6137248225840142,True,True,False
B03,B,A-SINE,2.0,FOUR,COMMON_LINE_AMPLITUDE_VARIATION,200.0,2.0,4.35753002746564,2.35753002746564,True,True,False
B03,B,A-SINE,2.0,FOUR,COMMON_LINE_AMPLITUDE_VARIATION,220.0,2.0,2.382916952598501,0.3829169525985008,True,False,False
B03,B,A-SINE,2.0,FOUR,LINE_SPECIFIC_AMPLITUDE_VARIATION,180.0,2.0,3.613724822584014,1.6137248225840142,True,True,False
B03,B,A-SINE,2.0,FOUR,LINE_SPECIFIC_AMPLITUDE_VARIATION,200.0,2.0,4.35753002746564,2.35753002746564,True,True,False
B03,B,A-SINE,2.0,FOUR,LINE_SPECIFIC_AMPLITUDE_VARIATION,220.0,2.0,2.382916952598501,0.3829169525985008,True,False,False
B04,B,A-RAMP,0.0,201,COMMON,180.0,0.0,0.9599536384235268,0.9599536384235268,True,True,False
B04,B,A-RAMP,0.0,201,COMMON,200.0,0.0,2.9687477523187606,2.9687477523187606,True,True,False
B04,B,A-RAMP,0.0,201,COMMON,220.0,0.0,1.314220836324404,1.314220836324404,True,True,False
B04,B,A-RAMP,0.0,235,COMMON,180.0,0.0,1.589340858508292,1.589340858508292,True,True,False
B04,B,A-RAMP,0.0,235,COMMON,200.0,0.0,1.4356610179672713,1.4356610179672713,True,True,False
B04,B,A-RAMP,0.0,235,COMMON,220.0,0.0,1.0702940566139525,1.0702940566139525,True,True,False
B04,B,A-RAMP,0.0,283,COMMON,180.0,0.0,1.7595776180722953,1.7595776180722953,True,True,False
B04,B,A-RAMP,0.0,283,COMMON,200.0,0.0,3.0967507188937384,3.0967507188937384,True,True,False
B04,B,A-RAMP,0.0,283,COMMON,220.0,0.0,1.2214482884111384,1.2214482884111384,True,True,False
B04,B,A-RAMP,0.0,338,COMMON,180.0,0.0,2.524894021854712,2.524894021854712,True,True,False
B04,B,A-RAMP,0.0,338,COMMON,200.0,0.0,1.7275045404130251,1.7275045404130251,True,True,False
B04,B,A-RAMP,0.0,338,COMMON,220.0,0.0,1.9482620701197964,1.9482620701197964,True,True,False
B04,B,A-RAMP,0.0,FOUR,COMMON_LINE_AMPLITUDE_VARIATION,180.0,0.0,4.3548923639052415,4.3548923639052415,True,True,False
B04,B,A-RAMP,0.0,FOUR,COMMON_LINE_AMPLITUDE_VARIATION,200.0,0.0,4.659845553760977,4.659845553760977,True,True,False
B04,B,A-RAMP,0.0,FOUR,COMMON_LINE_AMPLITUDE_VARIATION,220.0,0.0,1.944442390048798,1.944442390048798,True,True,False
B04,B,A-RAMP,0.0,FOUR,LINE_SPECIFIC_AMPLITUDE_VARIATION,180.0,0.0,4.3548923639052415,4.3548923639052415,True,True,False
B04,B,A-RAMP,0.0,FOUR,LINE_SPECIFIC_AMPLITUDE_VARIATION,200.0,0.0,4.659845553760977,4.659845553760977,True,True,False
B04,B,A-RAMP,0.0,FOUR,LINE_SPECIFIC_AMPLITUDE_VARIATION,220.0,0.0,1.944442390048798,1.944442390048798,True,True,False
B04,B,A-RAMP,0.25,201,COMMON,180.0,0.25,0.86838171413449,0.61838171413449,True,True,False
B04,B,A-RAMP,0.25,201,COMMON,200.0,0.25,3.0848506858348292,2.8348506858348292,True,True,False
B04,B,A-RAMP,0.25,201,COMMON,220.0,0.25,1.168740684552065,0.9187406845520649,True,True,False
B04,B,A-RAMP,0.25,235,COMMON,180.0,0.25,1.6002600970464473,1.3502600970464473,True,True,False
B04,B,A-RAMP,0.25,235,COMMON,200.0,0.25,1.449443213498854,1.199443213498854,True,True,False
B04,B,A-RAMP,0.25,235,COMMON,220.0,0.25,0.9948203711955458,0.7448203711955458,True,True,False
B04,B,A-RAMP,0.25,283,COMMON,180.0,0.25,1.7662851662874643,1.5162851662874643,True,True,False
B04,B,A-RAMP,0.25,283,COMMON,200.0,0.25,3.1777793321110237,2.9277793321110237,True,True,False
B04,B,A-RAMP,0.25,283,COMMON,220.0,0.25,1.1467066275942401,0.8967066275942401,True,True,False
B04,B,A-RAMP,0.25,338,COMMON,180.0,0.25,2.4869434997052857,2.2369434997052857,True,True,False
B04,B,A-RAMP,0.25,338,COMMON,200.0,0.25,1.7144013769569455,1.4644013769569455,True,True,False
B04,B,A-RAMP,0.25,338,COMMON,220.0,0.25,1.8265708697949732,1.5765708697949732,True,True,False
B04,B,A-RAMP,0.25,FOUR,COMMON_LINE_AMPLITUDE_VARIATION,180.0,0.25,4.303621214785729,4.053621214785729,True,True,False
B04,B,A-RAMP,0.25,FOUR,COMMON_LINE_AMPLITUDE_VARIATION,200.0,0.25,4.697065567255037,4.447065567255037,True,True,False
B04,B,A-RAMP,0.25,FOUR,COMMON_LINE_AMPLITUDE_VARIATION,220.0,0.25,1.8611324902612456,1.6111324902612456,True,True,False
B04,B,A-RAMP,0.25,FOUR,LINE_SPECIFIC_AMPLITUDE_VARIATION,180.0,0.25,4.303621214785729,4.053621214785729,True,True,False
B04,B,A-RAMP,0.25,FOUR,LINE_SPECIFIC_AMPLITUDE_VARIATION,200.0,0.25,4.697065567255037,4.447065567255037,True,True,False
B04,B,A-RAMP,0.25,FOUR,LINE_SPECIFIC_AMPLITUDE_VARIATION,220.0,0.25,1.8611324902612456,1.6111324902612456,True,True,False
B04,B,A-RAMP,0.5,201,COMMON,180.0,0.4179271779362263,0.8436009808930658,0.4256738029568395,True,False,False
B04,B,A-RAMP,0.5,201,COMMON,200.0,0.5,3.070765598734455,2.570765598734455,True,True,False
B04,B,A-RAMP,0.5,201,COMMON,220.0,0.402848244832156,1.0628890670362752,0.6600408222041192,True,True,False
B04,B,A-RAMP,0.5,235,COMMON,180.0,0.5,1.6494424487912074,1.1494424487912074,True,True,False
B04,B,A-RAMP,0.5,235,COMMON,200.0,0.5,1.5052071949751462,1.0052071949751462,True,True,False
B04,B,A-RAMP,0.5,235,COMMON,220.0,0.5,0.9791862816993181,0.4791862816993181,True,False,False
B04,B,A-RAMP,0.5,283,COMMON,180.0,0.5,1.807875322933885,1.307875322933885,True,True,False
B04,B,A-RAMP,0.5,283,COMMON,200.0,0.5,3.2759270370713516,2.7759270370713516,True,True,False
B04,B,A-RAMP,0.5,283,COMMON,220.0,0.4749474177983281,1.1238043683286743,0.6488569505303461,True,True,False
B04,B,A-RAMP,0.5,338,COMMON,180.0,0.46361142096895747,2.4737999352928868,2.0101885143239295,True,True,False
B04,B,A-RAMP,0.5,338,COMMON,200.0,0.12517981806121017,1.7296019725541378,1.6044221544929276,True,True,False
B04,B,A-RAMP,0.5,338,COMMON,220.0,0.5,1.7326272509976446,1.2326272509976446,True,True,False
B04,B,A-RAMP,0.5,FOUR,COMMON_LINE_AMPLITUDE_VARIATION,180.0,0.5,4.266406405806579,3.7664064058065794,True,True,False
B04,B,A-RAMP,0.5,FOUR,COMMON_LINE_AMPLITUDE_VARIATION,200.0,0.5,4.7471769823000916,4.2471769823000916,True,True,False
B04,B,A-RAMP,0.5,FOUR,COMMON_LINE_AMPLITUDE_VARIATION,220.0,0.5,1.808804048091824,1.308804048091824,True,True,False
B04,B,A-RAMP,0.5,FOUR,LINE_SPECIFIC_AMPLITUDE_VARIATION,180.0,0.5,4.266406405806579,3.7664064058065794,True,True,False
B04,B,A-RAMP,0.5,FOUR,LINE_SPECIFIC_AMPLITUDE_VARIATION,200.0,0.5,4.7471769823000916,4.2471769823000916,True,True,False
B04,B,A-RAMP,0.5,FOUR,LINE_SPECIFIC_AMPLITUDE_VARIATION,220.0,0.5,1.808804048091824,1.308804048091824,True,True,False
B04,B,A-RAMP,1.0,201,COMMON,180.0,0.7208614981813105,1.0009067099410005,0.28004521175969,True,False,False
B04,B,A-RAMP,1.0,201,COMMON,200.0,1.0,3.0491931986484064,2.0491931986484064,True,True,False
B04,B,A-RAMP,1.0,201,COMMON,220.0,0.6397568122133868,1.016016698200021,0.3762598859866342,True,False,False
B04,B,A-RAMP,1.0,235,COMMON,180.0,1.0,1.8480574718403093,0.8480574718403093,True,True,False
B04,B,A-RAMP,1.0,235,COMMON,200.0,0.4277207514142882,1.6184901370736446,1.1907693856593564,True,True,False
B04,B,A-RAMP,1.0,235,COMMON,220.0,0.798157303114661,1.1278662070091126,0.3297089038944515,True,False,False
B04,B,A-RAMP,1.0,283,COMMON,180.0,1.0,1.98512291118853,0.98512291118853,True,True,False
B04,B,A-RAMP,1.0,283,COMMON,200.0,1.0,3.517603003390417,2.517603003390417,True,True,False
B04,B,A-RAMP,1.0,283,COMMON,220.0,0.5194186611324716,1.238521939768013,0.7191032786355414,True,True,False
B04,B,A-RAMP,1.0,338,COMMON,180.0,0.8411826171853041,2.5227529443273915,1.6815703271420874,True,True,False
B04,B,A-RAMP,1.0,338,COMMON,200.0,0.3784333846145252,1.6899561412459003,1.3115227566313752,True,True,False
B04,B,A-RAMP,1.0,338,COMMON,220.0,0.5598476821980767,1.6456820130061074,1.0858343308080307,True,True,False
B04,B,A-RAMP,1.0,FOUR,COMMON_LINE_AMPLITUDE_VARIATION,180.0,1.0,4.235488134538292,3.2354881345382918,True,True,False
B04,B,A-RAMP,1.0,FOUR,COMMON_LINE_AMPLITUDE_VARIATION,200.0,1.0,4.884385121758282,3.8843851217582817,True,True,False
B04,B,A-RAMP,1.0,FOUR,COMMON_LINE_AMPLITUDE_VARIATION,220.0,1.0,1.8062912169880185,0.8062912169880185,True,True,False
B04,B,A-RAMP,1.0,FOUR,LINE_SPECIFIC_AMPLITUDE_VARIATION,180.0,1.0,4.235488134538292,3.2354881345382918,True,True,False
B04,B,A-RAMP,1.0,FOUR,LINE_SPECIFIC_AMPLITUDE_VARIATION,200.0,1.0,4.884385121758282,3.8843851217582817,True,True,False
B04,B,A-RAMP,1.0,FOUR,LINE_SPECIFIC_AMPLITUDE_VARIATION,220.0,1.0,1.8062912169880185,0.8062912169880185,True,True,False
B04,B,A-RAMP,2.0,201,COMMON,180.0,1.6460855526263314,1.3344234872033685,-0.31166206542296293,False,False,False
B04,B,A-RAMP,2.0,201,COMMON,200.0,2.0,3.1182340102030803,1.1182340102030803,True,True,False
B04,B,A-RAMP,2.0,201,COMMON,220.0,1.175603811210442,1.2019006058760549,0.026296794665612744,True,False,False
B04,B,A-RAMP,2.0,235,COMMON,180.0,2.0,2.510901924394045,0.5109019243940449,True,True,False
B04,B,A-RAMP,2.0,235,COMMON,200.0,0.5708806478062388,1.2963897832071365,0.7255091354008977,True,True,False
B04,B,A-RAMP,2.0,235,COMMON,220.0,1.692915998916033,1.5799152828979812,-0.11300071601805173,False,False,False
B04,B,A-RAMP,2.0,283,COMMON,180.0,1.2930855327156936,2.2098851117752636,0.91679957905957,True,True,False
B04,B,A-RAMP,2.0,283,COMMON,200.0,2.0,4.142124667843024,2.1421246678430244,True,True,False
B04,B,A-RAMP,2.0,283,COMMON,220.0,1.363171719649197,1.8910148781305087,0.5278431584813117,True,True,False
B04,B,A-RAMP,2.0,338,COMMON,180.0,1.7868669472175152,2.8902378820137598,1.1033709347962446,True,True,False
B04,B,A-RAMP,2.0,338,COMMON,200.0,1.3672917551227546,2.0210911189448812,0.6537993638221267,True,True,False
B04,B,A-RAMP,2.0,338,COMMON,220.0,0.5230535398791596,1.586015023617013,1.0629614837378534,True,True,False
B04,B,A-RAMP,2.0,FOUR,COMMON_LINE_AMPLITUDE_VARIATION,180.0,2.0,4.348980567262761,2.3489805672627613,True,True,False
B04,B,A-RAMP,2.0,FOUR,COMMON_LINE_AMPLITUDE_VARIATION,200.0,2.0,5.253734622821091,3.2537346228210913,True,True,False
B04,B,A-RAMP,2.0,FOUR,COMMON_LINE_AMPLITUDE_VARIATION,220.0,2.0,2.178191844837693,0.17819184483769313,True,False,False
B04,B,A-RAMP,2.0,FOUR,LINE_SPECIFIC_AMPLITUDE_VARIATION,180.0,2.0,4.348980567262761,2.3489805672627613,True,True,False
B04,B,A-RAMP,2.0,FOUR,LINE_SPECIFIC_AMPLITUDE_VARIATION,200.0,2.0,5.253734622821091,3.2537346228210913,True,True,False
B04,B,A-RAMP,2.0,FOUR,LINE_SPECIFIC_AMPLITUDE_VARIATION,220.0,2.0,2.178191844837693,0.17819184483769313,True,False,False
B04,B,A-SINE,0.0,201,COMMON,180.0,0.0,0.9599536384235268,0.9599536384235268,True,True,False
B04,B,A-SINE,0.0,201,COMMON,200.0,0.0,2.9687477523187606,2.9687477523187606,True,True,False
B04,B,A-SINE,0.0,201,COMMON,220.0,0.0,1.314220836324404,1.314220836324404,True,True,False
B04,B,A-SINE,0.0,235,COMMON,180.0,0.0,1.589340858508292,1.589340858508292,True,True,False
B04,B,A-SINE,0.0,235,COMMON,200.0,0.0,1.4356610179672713,1.4356610179672713,True,True,False
B04,B,A-SINE,0.0,235,COMMON,220.0,0.0,1.0702940566139525,1.0702940566139525,True,True,False
B04,B,A-SINE,0.0,283,COMMON,180.0,0.0,1.7595776180722953,1.7595776180722953,True,True,False
B04,B,A-SINE,0.0,283,COMMON,200.0,0.0,3.0967507188937384,3.0967507188937384,True,True,False
B04,B,A-SINE,0.0,283,COMMON,220.0,0.0,1.2214482884111384,1.2214482884111384,True,True,False
B04,B,A-SINE,0.0,338,COMMON,180.0,0.0,2.524894021854712,2.524894021854712,True,True,False
B04,B,A-SINE,0.0,338,COMMON,200.0,0.0,1.7275045404130251,1.7275045404130251,True,True,False
B04,B,A-SINE,0.0,338,COMMON,220.0,0.0,1.9482620701197964,1.9482620701197964,True,True,False
B04,B,A-SINE,0.0,FOUR,COMMON_LINE_AMPLITUDE_VARIATION,180.0,0.0,4.3548923639052415,4.3548923639052415,True,True,False
B04,B,A-SINE,0.0,FOUR,COMMON_LINE_AMPLITUDE_VARIATION,200.0,0.0,4.659845553760977,4.659845553760977,True,True,False
B04,B,A-SINE,0.0,FOUR,COMMON_LINE_AMPLITUDE_VARIATION,220.0,0.0,1.944442390048798,1.944442390048798,True,True,False
B04,B,A-SINE,0.0,FOUR,LINE_SPECIFIC_AMPLITUDE_VARIATION,180.0,0.0,4.3548923639052415,4.3548923639052415,True,True,False
B04,B,A-SINE,0.0,FOUR,LINE_SPECIFIC_AMPLITUDE_VARIATION,200.0,0.0,4.659845553760977,4.659845553760977,True,True,False
B04,B,A-SINE,0.0,FOUR,LINE_SPECIFIC_AMPLITUDE_VARIATION,220.0,0.0,1.944442390048798,1.944442390048798,True,True,False
B04,B,A-SINE,0.25,201,COMMON,180.0,0.25,1.094893080359705,0.844893080359705,True,True,False
B04,B,A-SINE,0.25,201,COMMON,200.0,0.25000000000000006,2.843901157289618,2.593901157289618,True,True,False
B04,B,A-SINE,0.25,201,COMMON,220.0,0.25,1.4680536235502482,1.2180536235502482,True,True,False
B04,B,A-SINE,0.25,235,COMMON,180.0,0.25,1.7175738017751432,1.4675738017751432,True,True,False
B04,B,A-SINE,0.25,235,COMMON,200.0,0.25,1.3479067706233134,1.0979067706233134,True,True,False
B04,B,A-SINE,0.25,235,COMMON,220.0,0.22625674790112785,1.2622978837182892,1.0360411358171613,True,True,False
B04,B,A-SINE,0.25,283,COMMON,180.0,0.25,1.6748079576017016,1.4248079576017016,True,True,False
B04,B,A-SINE,0.25,283,COMMON,200.0,0.25,3.0347406829918553,2.7847406829918553,True,True,False
B04,B,A-SINE,0.25,283,COMMON,220.0,0.25,1.3508927087578648,1.1008927087578648,True,True,False
B04,B,A-SINE,0.25,338,COMMON,180.0,0.25000000000000006,2.5169969480164727,2.2669969480164727,True,True,False
B04,B,A-SINE,0.25,338,COMMON,200.0,0.25,1.8932130314164275,1.6432130314164275,True,True,False
B04,B,A-SINE,0.25,338,COMMON,220.0,0.25,1.9912932075656287,1.7412932075656287,True,True,False
B04,B,A-SINE,0.25,FOUR,COMMON_LINE_AMPLITUDE_VARIATION,180.0,0.25,4.401664001403395,4.151664001403395,True,True,False
B04,B,A-SINE,0.25,FOUR,COMMON_LINE_AMPLITUDE_VARIATION,200.0,0.25,4.623772582111418,4.373772582111418,True,True,False
B04,B,A-SINE,0.25,FOUR,COMMON_LINE_AMPLITUDE_VARIATION,220.0,0.25,2.022801671097892,1.7728016710978922,True,True,False
B04,B,A-SINE,0.25,FOUR,LINE_SPECIFIC_AMPLITUDE_VARIATION,180.0,0.25,4.401664001403395,4.151664001403395,True,True,False
B04,B,A-SINE,0.25,FOUR,LINE_SPECIFIC_AMPLITUDE_VARIATION,200.0,0.25,4.623772582111418,4.373772582111418,True,True,False
B04,B,A-SINE,0.25,FOUR,LINE_SPECIFIC_AMPLITUDE_VARIATION,220.0,0.25,2.022801671097892,1.7728016710978922,True,True,False
B04,B,A-SINE,0.5,201,COMMON,180.0,0.5,1.2653342352582417,0.7653342352582417,True,True,False
B04,B,A-SINE,0.5,201,COMMON,200.0,0.5,2.736253710453174,2.236253710453174,True,True,False
B04,B,A-SINE,0.5,201,COMMON,220.0,0.48694033449756763,1.356974069047763,0.8700337345501954,True,True,False
B04,B,A-SINE,0.5,235,COMMON,180.0,0.5,1.8705921962214966,1.3705921962214966,True,True,False
B04,B,A-SINE,0.5,235,COMMON,200.0,0.5,1.3029131843962272,0.8029131843962272,True,True,False
B04,B,A-SINE,0.5,235,COMMON,220.0,0.4598148650462959,1.4718228585180326,1.0120079934717368,True,True,False
B04,B,A-SINE,0.5,283,COMMON,180.0,0.5,1.624453753010837,1.124453753010837,True,True,False
B04,B,A-SINE,0.5,283,COMMON,200.0,0.5,2.9923965330555466,2.4923965330555466,True,True,False
B04,B,A-SINE,0.5,283,COMMON,220.0,0.5,1.510922334168048,1.010922334168048,True,True,False
B04,B,A-SINE,0.5,338,COMMON,180.0,0.5,2.533862161020369,2.033862161020369,True,True,False
B04,B,A-SINE,0.5,338,COMMON,200.0,0.47668330994373326,1.9561983281282298,1.4795150181844965,True,True,False
B04,B,A-SINE,0.5,338,COMMON,220.0,0.5,2.0639215544992364,1.5639215544992364,True,True,False
B04,B,A-SINE,0.5,FOUR,COMMON_LINE_AMPLITUDE_VARIATION,180.0,0.5,4.46197315784182,3.96197315784182,True,True,False
B04,B,A-SINE,0.5,FOUR,COMMON_LINE_AMPLITUDE_VARIATION,200.0,0.5,4.601020017046725,4.101020017046725,True,True,False
B04,B,A-SINE,0.5,FOUR,COMMON_LINE_AMPLITUDE_VARIATION,220.0,0.5,2.1278150749005817,1.6278150749005817,True,True,False
B04,B,A-SINE,0.5,FOUR,LINE_SPECIFIC_AMPLITUDE_VARIATION,180.0,0.5,4.46197315784182,3.96197315784182,True,True,False
B04,B,A-SINE,0.5,FOUR,LINE_SPECIFIC_AMPLITUDE_VARIATION,200.0,0.5,4.601020017046725,4.101020017046725,True,True,False
B04,B,A-SINE,0.5,FOUR,LINE_SPECIFIC_AMPLITUDE_VARIATION,220.0,0.5,2.1278150749005817,1.6278150749005817,True,True,False
B04,B,A-SINE,1.0,201,COMMON,180.0,0.931657697788333,0.9818312368468081,0.0501735390584751,True,False,False
B04,B,A-SINE,1.0,201,COMMON,200.0,1.0,2.580834268030366,1.5808342680303662,True,True,False
B04,B,A-SINE,1.0,201,COMMON,220.0,0.9037091969199215,1.1691409627523528,0.26543176583243133,True,False,False
B04,B,A-SINE,1.0,235,COMMON,180.0,1.0,2.2298488658663955,1.2298488658663955,True,True,False
B04,B,A-SINE,1.0,235,COMMON,200.0,1.0,1.354268427467839,0.35426842746783893,True,False,False
B04,B,A-SINE,1.0,235,COMMON,220.0,0.9523155456102987,1.1767843684866177,0.22446882287631897,True,False,False
B04,B,A-SINE,1.0,283,COMMON,180.0,1.0,1.6375550669583645,0.6375550669583645,True,True,False
B04,B,A-SINE,1.0,283,COMMON,200.0,1.0,2.969681633966313,1.9696816339663128,True,True,False
B04,B,A-SINE,1.0,283,COMMON,220.0,1.0,1.890459382931341,0.890459382931341,True,True,False
B04,B,A-SINE,1.0,338,COMMON,180.0,1.0,2.639284956290997,1.639284956290997,True,True,False
B04,B,A-SINE,1.0,338,COMMON,200.0,0.9385433962683456,2.127517236205566,1.1889738399372203,True,True,False
B04,B,A-SINE,1.0,338,COMMON,220.0,1.0,2.285567603984974,1.285567603984974,True,True,False
B04,B,A-SINE,1.0,FOUR,COMMON_LINE_AMPLITUDE_VARIATION,180.0,1.0,4.54914650804735,3.5491465080473503,True,True,False
B04,B,A-SINE,1.0,FOUR,COMMON_LINE_AMPLITUDE_VARIATION,200.0,1.0,4.596151630399431,3.596151630399431,True,True,False
B04,B,A-SINE,1.0,FOUR,COMMON_LINE_AMPLITUDE_VARIATION,220.0,1.0,2.402985180505626,1.4029851805056262,True,True,False
B04,B,A-SINE,1.0,FOUR,LINE_SPECIFIC_AMPLITUDE_VARIATION,180.0,1.0,4.54914650804735,3.5491465080473503,True,True,False
B04,B,A-SINE,1.0,FOUR,LINE_SPECIFIC_AMPLITUDE_VARIATION,200.0,1.0,4.596151630399431,3.596151630399431,True,True,False
B04,B,A-SINE,1.0,FOUR,LINE_SPECIFIC_AMPLITUDE_VARIATION,220.0,1.0,2.402985180505626,1.4029851805056262,True,True,False
B04,B,A-SINE,2.0,201,COMMON,180.0,1.741690133174533,0.8471296528812726,-0.8945604802932603,False,False,False
B04,B,A-SINE,2.0,201,COMMON,200.0,2.0,2.5510679765898003,0.5510679765898003,True,True,False
B04,B,A-SINE,2.0,201,COMMON,220.0,1.8643629365206074,1.155807560008339,-0.7085553765122683,False,False,False
B04,B,A-SINE,2.0,235,COMMON,180.0,1.4717599157987704,1.912107426679424,0.4403475108806536,True,False,False
B04,B,A-SINE,2.0,235,COMMON,200.0,2.0,1.5905185483365025,-0.4094814516634975,False,False,False
B04,B,A-SINE,2.0,235,COMMON,220.0,1.3443272150564058,1.0319199796036698,-0.3124072354527361,False,False,False
B04,B,A-SINE,2.0,283,COMMON,180.0,2.0,2.0656862783639376,0.06568627836393759,True,False,False
B04,B,A-SINE,2.0,283,COMMON,200.0,2.0,3.169882174350456,1.1698821743504562,True,True,False
B04,B,A-SINE,2.0,283,COMMON,220.0,1.868822741271627,2.766900329929467,0.89807758865784,True,True,False
B04,B,A-SINE,2.0,338,COMMON,180.0,2.0,3.0913686838373513,1.0913686838373513,True,True,False
B04,B,A-SINE,2.0,338,COMMON,200.0,1.800165992002541,2.596728742684858,0.7965627506823172,True,True,False
B04,B,A-SINE,2.0,338,COMMON,220.0,2.0,2.885434968871694,0.885434968871694,True,True,False
B04,B,A-SINE,2.0,FOUR,COMMON_LINE_AMPLITUDE_VARIATION,180.0,2.0,4.708567740610599,2.708567740610599,True,True,False
B04,B,A-SINE,2.0,FOUR,COMMON_LINE_AMPLITUDE_VARIATION,200.0,2.0,4.747110598494704,2.7471105984947037,True,True,False
B04,B,A-SINE,2.0,FOUR,COMMON_LINE_AMPLITUDE_VARIATION,220.0,2.0,3.1253510758378216,1.1253510758378216,True,True,False
B04,B,A-SINE,2.0,FOUR,LINE_SPECIFIC_AMPLITUDE_VARIATION,180.0,2.0,4.708567740610599,2.708567740610599,True,True,False
B04,B,A-SINE,2.0,FOUR,LINE_SPECIFIC_AMPLITUDE_VARIATION,200.0,2.0,4.747110598494704,2.7471105984947037,True,True,False
B04,B,A-SINE,2.0,FOUR,LINE_SPECIFIC_AMPLITUDE_VARIATION,220.0,2.0,3.1253510758378216,1.1253510758378216,True,True,False
B05,B,A-RAMP,0.0,201,COMMON,180.0,0.0,1.682898342971709,1.682898342971709,True,True,False
B05,B,A-RAMP,0.0,201,COMMON,200.0,0.0,3.2749498504394237,3.2749498504394237,True,True,False
B05,B,A-RAMP,0.0,201,COMMON,220.0,0.0,1.4032039305513477,1.4032039305513477,True,True,False
B05,B,A-RAMP,0.0,235,COMMON,180.0,0.0,2.1315807473275123,2.1315807473275123,True,True,False
B05,B,A-RAMP,0.0,235,COMMON,200.0,0.0,2.7768097237458527,2.7768097237458527,True,True,False
B05,B,A-RAMP,0.0,235,COMMON,220.0,0.0,1.4392133059398784,1.4392133059398784,True,True,False
B05,B,A-RAMP,0.0,283,COMMON,180.0,0.0,1.6958966360608083,1.6958966360608083,True,True,False
B05,B,A-RAMP,0.0,283,COMMON,200.0,0.0,4.087033814288442,4.087033814288442,True,True,False
B05,B,A-RAMP,0.0,283,COMMON,220.0,0.0,1.3523788902519662,1.3523788902519662,True,True,False
B05,B,A-RAMP,0.0,338,COMMON,180.0,0.0,3.653046681168911,3.653046681168911,True,True,False
B05,B,A-RAMP,0.0,338,COMMON,200.0,0.0,0.8908844094824713,0.8908844094824713,True,True,False
B05,B,A-RAMP,0.0,338,COMMON,220.0,0.0,2.3910499691844542,2.3910499691844542,True,True,False
B05,B,A-RAMP,0.0,FOUR,COMMON_LINE_AMPLITUDE_VARIATION,180.0,0.0,4.0398357181594795,4.0398357181594795,True,True,False
B05,B,A-RAMP,0.0,FOUR,COMMON_LINE_AMPLITUDE_VARIATION,200.0,0.0,4.613616589238066,4.613616589238066,True,True,False
B05,B,A-RAMP,0.0,FOUR,COMMON_LINE_AMPLITUDE_VARIATION,220.0,0.0,3.9415225009589374,3.9415225009589374,True,True,False
B05,B,A-RAMP,0.0,FOUR,LINE_SPECIFIC_AMPLITUDE_VARIATION,180.0,0.0,4.0398357181594795,4.0398357181594795,True,True,False
B05,B,A-RAMP,0.0,FOUR,LINE_SPECIFIC_AMPLITUDE_VARIATION,200.0,0.0,4.613616589238066,4.613616589238066,True,True,False
B05,B,A-RAMP,0.0,FOUR,LINE_SPECIFIC_AMPLITUDE_VARIATION,220.0,0.0,3.9415225009589374,3.9415225009589374,True,True,False
B05,B,A-RAMP,0.25,201,COMMON,180.0,0.25,1.6236866608865137,1.3736866608865137,True,True,False
B05,B,A-RAMP,0.25,201,COMMON,200.0,0.24999999999999997,3.3469220176745917,3.0969220176745917,True,True,False
B05,B,A-RAMP,0.25,201,COMMON,220.0,0.2024717353172384,1.3096620507110726,1.1071903153938343,True,True,False
B05,B,A-RAMP,0.25,235,COMMON,180.0,0.25,2.2368750691387453,1.9868750691387453,True,True,False
B05,B,A-RAMP,0.25,235,COMMON,200.0,0.25,2.7771182136307813,2.5271182136307813,True,True,False
B05,B,A-RAMP,0.25,235,COMMON,220.0,0.15506574221053132,1.3725426977127126,1.2174769555021814,True,True,False
B05,B,A-RAMP,0.25,283,COMMON,180.0,0.2203837192094031,1.7465254818861653,1.5261417626767622,True,True,False
B05,B,A-RAMP,0.25,283,COMMON,200.0,0.25,4.1673937507609375,3.9173937507609375,True,True,False
B05,B,A-RAMP,0.25,283,COMMON,220.0,0.25,1.4180287306406951,1.1680287306406951,True,True,False
B05,B,A-RAMP,0.25,338,COMMON,180.0,0.24999999999999994,3.6306993931639195,3.3806993931639195,True,True,False
B05,B,A-RAMP,0.25,338,COMMON,200.0,0.1552629811392498,0.832072332256437,0.6768093511171871,True,True,False
B05,B,A-RAMP,0.25,338,COMMON,220.0,0.24999999999999997,2.38851256247093,2.13851256247093,True,True,False
B05,B,A-RAMP,0.25,FOUR,COMMON_LINE_AMPLITUDE_VARIATION,180.0,0.25,4.062301976467392,3.812301976467392,True,True,False
B05,B,A-RAMP,0.25,FOUR,COMMON_LINE_AMPLITUDE_VARIATION,200.0,0.25,4.625676082442893,4.375676082442893,True,True,False
B05,B,A-RAMP,0.25,FOUR,COMMON_LINE_AMPLITUDE_VARIATION,220.0,0.25,3.936255005426648,3.686255005426648,True,True,False
B05,B,A-RAMP,0.25,FOUR,LINE_SPECIFIC_AMPLITUDE_VARIATION,180.0,0.25,4.062301976467392,3.812301976467392,True,True,False
B05,B,A-RAMP,0.25,FOUR,LINE_SPECIFIC_AMPLITUDE_VARIATION,200.0,0.25,4.625676082442893,4.375676082442893,True,True,False
B05,B,A-RAMP,0.25,FOUR,LINE_SPECIFIC_AMPLITUDE_VARIATION,220.0,0.25,3.936255005426648,3.686255005426648,True,True,False
B05,B,A-RAMP,0.5,201,COMMON,180.0,0.3284258404843007,1.6017396519736498,1.273313811489349,True,True,False
B05,B,A-RAMP,0.5,201,COMMON,200.0,0.5,3.3993126679188244,2.8993126679188244,True,True,False
B05,B,A-RAMP,0.5,201,COMMON,220.0,0.3071415715498055,1.2207147425664142,0.9135731710166087,True,True,False
B05,B,A-RAMP,0.5,235,COMMON,180.0,0.5,2.310819215722576,1.8108192157225762,True,True,False
B05,B,A-RAMP,0.5,235,COMMON,200.0,0.5,2.7843336563012997,2.2843336563012997,True,True,False
B05,B,A-RAMP,0.5,235,COMMON,220.0,0.30042100483492595,1.349596967281191,1.0491759624462649,True,True,False
B05,B,A-RAMP,0.5,283,COMMON,180.0,0.28151495046074326,1.8302013871574458,1.5486864366967026,True,True,False
B05,B,A-RAMP,0.5,283,COMMON,200.0,0.5,4.26092665374863,3.76092665374863,True,True,False
B05,B,A-RAMP,0.5,283,COMMON,220.0,0.5,1.5223936084488081,1.0223936084488081,True,True,False
B05,B,A-RAMP,0.5,338,COMMON,180.0,0.5,3.6254939128679444,3.1254939128679444,True,True,False
B05,B,A-RAMP,0.5,338,COMMON,200.0,0.3159765110159751,0.8461759280163915,0.5301994170004164,True,True,False
B05,B,A-RAMP,0.5,338,COMMON,220.0,0.5,2.412024993035087,1.9120249930350872,True,True,False
B05,B,A-RAMP,0.5,FOUR,COMMON_LINE_AMPLITUDE_VARIATION,180.0,0.5,4.099917324325533,3.599917324325533,True,True,False
B05,B,A-RAMP,0.5,FOUR,COMMON_LINE_AMPLITUDE_VARIATION,200.0,0.5,4.651161189087707,4.151161189087707,True,True,False
B05,B,A-RAMP,0.5,FOUR,COMMON_LINE_AMPLITUDE_VARIATION,220.0,0.5,3.9468477687804335,3.4468477687804335,True,True,False
B05,B,A-RAMP,0.5,FOUR,LINE_SPECIFIC_AMPLITUDE_VARIATION,180.0,0.5,4.099917324325533,3.599917324325533,True,True,False
B05,B,A-RAMP,0.5,FOUR,LINE_SPECIFIC_AMPLITUDE_VARIATION,200.0,0.5,4.651161189087707,4.151161189087707,True,True,False
B05,B,A-RAMP,0.5,FOUR,LINE_SPECIFIC_AMPLITUDE_VARIATION,220.0,0.5,3.9468477687804335,3.4468477687804335,True,True,False
B05,B,A-RAMP,1.0,201,COMMON,180.0,0.7023100290749027,1.6730191250049753,0.9707090959300726,True,True,False
B05,B,A-RAMP,1.0,201,COMMON,200.0,0.8851191009311439,3.351053617797883,2.465934516866739,True,True,False
B05,B,A-RAMP,1.0,201,COMMON,220.0,0.5764189238175326,1.189539437770559,0.6131205139530265,True,True,False
B05,B,A-RAMP,1.0,235,COMMON,180.0,1.0,2.316094907071632,1.3160949070716321,True,True,False
B05,B,A-RAMP,1.0,235,COMMON,200.0,1.0,2.823144599215017,1.8231445992150168,True,True,False
B05,B,A-RAMP,1.0,235,COMMON,220.0,0.7231235091273813,1.439266830089119,0.7161433209617376,True,True,False
B05,B,A-RAMP,1.0,283,COMMON,180.0,0.7180626954616193,1.8635848718189818,1.1455221763573626,True,True,False
B05,B,A-RAMP,1.0,283,COMMON,200.0,1.0,4.484099296192477,3.4840992961924773,True,True,False
B05,B,A-RAMP,1.0,283,COMMON,220.0,0.9760249380293055,1.8183607824885648,0.8423358444592594,True,True,False
B05,B,A-RAMP,1.0,338,COMMON,180.0,0.7751985627428848,3.666559991284179,2.8913614285412943,True,True,False
B05,B,A-RAMP,1.0,338,COMMON,200.0,0.7913976749504587,1.0669359733601036,0.27553829840964494,True,False,False
B05,B,A-RAMP,1.0,338,COMMON,220.0,1.0,2.533497420348962,1.533497420348962,True,True,False
B05,B,A-RAMP,1.0,FOUR,COMMON_LINE_AMPLITUDE_VARIATION,180.0,1.0,4.218811622114948,3.2188116221149476,True,True,False
B05,B,A-RAMP,1.0,FOUR,COMMON_LINE_AMPLITUDE_VARIATION,200.0,1.0,4.741428348215217,3.7414283482152166,True,True,False
B05,B,A-RAMP,1.0,FOUR,COMMON_LINE_AMPLITUDE_VARIATION,220.0,1.0,4.01492403343931,3.0149240334393097,True,True,False
B05,B,A-RAMP,1.0,FOUR,LINE_SPECIFIC_AMPLITUDE_VARIATION,180.0,1.0,4.218811622114948,3.2188116221149476,True,True,False
B05,B,A-RAMP,1.0,FOUR,LINE_SPECIFIC_AMPLITUDE_VARIATION,200.0,1.0,4.741428348215217,3.7414283482152166,True,True,False
B05,B,A-RAMP,1.0,FOUR,LINE_SPECIFIC_AMPLITUDE_VARIATION,220.0,1.0,4.01492403343931,3.0149240334393097,True,True,False
B05,B,A-RAMP,2.0,201,COMMON,180.0,1.6625255082018842,2.1830801983637484,0.5205546901618643,True,True,False
B05,B,A-RAMP,2.0,201,COMMON,200.0,1.691068863465385,3.4753457122309497,1.7842768487655647,True,True,False
B05,B,A-RAMP,2.0,201,COMMON,220.0,1.4241024008168708,1.6627456981139717,0.23864329729710088,True,False,False
B05,B,A-RAMP,2.0,235,COMMON,180.0,2.0,2.6292805023778003,0.6292805023778003,True,True,False
B05,B,A-RAMP,2.0,235,COMMON,200.0,2.0,3.147285888667636,1.147285888667636,True,True,False
B05,B,A-RAMP,2.0,235,COMMON,220.0,1.6176272905957383,2.0178312804580982,0.40020398986235994,True,False,False
B05,B,A-RAMP,2.0,283,COMMON,180.0,1.6995119208687501,2.239761741852864,0.540249820984114,True,True,False
B05,B,A-RAMP,2.0,283,COMMON,200.0,2.0,5.050786829503955,3.050786829503955,True,True,False
B05,B,A-RAMP,2.0,283,COMMON,220.0,1.9255589530537525,2.45974742359468,0.5341884705409274,True,True,False
B05,B,A-RAMP,2.0,338,COMMON,180.0,1.6515116562253365,3.9424071687957962,2.2908955125704598,True,True,False
B05,B,A-RAMP,2.0,338,COMMON,200.0,1.7830447354801051,1.8662876818542233,0.08324294637411822,True,False,False
B05,B,A-RAMP,2.0,338,COMMON,220.0,2.0,3.0199500662581675,1.0199500662581675,True,True,False
B05,B,A-RAMP,2.0,FOUR,COMMON_LINE_AMPLITUDE_VARIATION,180.0,2.0,4.597525779732051,2.5975257797320506,True,True,False
B05,B,A-RAMP,2.0,FOUR,COMMON_LINE_AMPLITUDE_VARIATION,200.0,2.0,5.067230755553281,3.0672307555532807,True,True,False
B05,B,A-RAMP,2.0,FOUR,COMMON_LINE_AMPLITUDE_VARIATION,220.0,2.0,4.324769399980945,2.324769399980945,True,True,False
B05,B,A-RAMP,2.0,FOUR,LINE_SPECIFIC_AMPLITUDE_VARIATION,180.0,2.0,4.597525779732051,2.5975257797320506,True,True,False
B05,B,A-RAMP,2.0,FOUR,LINE_SPECIFIC_AMPLITUDE_VARIATION,200.0,2.0,5.067230755553281,3.0672307555532807,True,True,False
B05,B,A-RAMP,2.0,FOUR,LINE_SPECIFIC_AMPLITUDE_VARIATION,220.0,2.0,4.324769399980945,2.324769399980945,True,True,False
B05,B,A-SINE,0.0,201,COMMON,180.0,0.0,1.682898342971709,1.682898342971709,True,True,False
B05,B,A-SINE,0.0,201,COMMON,200.0,0.0,3.2749498504394237,3.2749498504394237,True,True,False
B05,B,A-SINE,0.0,201,COMMON,220.0,0.0,1.4032039305513477,1.4032039305513477,True,True,False
B05,B,A-SINE,0.0,235,COMMON,180.0,0.0,2.1315807473275123,2.1315807473275123,True,True,False
B05,B,A-SINE,0.0,235,COMMON,200.0,0.0,2.7768097237458527,2.7768097237458527,True,True,False
B05,B,A-SINE,0.0,235,COMMON,220.0,0.0,1.4392133059398784,1.4392133059398784,True,True,False
B05,B,A-SINE,0.0,283,COMMON,180.0,0.0,1.6958966360608083,1.6958966360608083,True,True,False
B05,B,A-SINE,0.0,283,COMMON,200.0,0.0,4.087033814288442,4.087033814288442,True,True,False
B05,B,A-SINE,0.0,283,COMMON,220.0,0.0,1.3523788902519662,1.3523788902519662,True,True,False
B05,B,A-SINE,0.0,338,COMMON,180.0,0.0,3.653046681168911,3.653046681168911,True,True,False
B05,B,A-SINE,0.0,338,COMMON,200.0,0.0,0.8908844094824713,0.8908844094824713,True,True,False
B05,B,A-SINE,0.0,338,COMMON,220.0,0.0,2.3910499691844542,2.3910499691844542,True,True,False
B05,B,A-SINE,0.0,FOUR,COMMON_LINE_AMPLITUDE_VARIATION,180.0,0.0,4.0398357181594795,4.0398357181594795,True,True,False
B05,B,A-SINE,0.0,FOUR,COMMON_LINE_AMPLITUDE_VARIATION,200.0,0.0,4.613616589238066,4.613616589238066,True,True,False
B05,B,A-SINE,0.0,FOUR,COMMON_LINE_AMPLITUDE_VARIATION,220.0,0.0,3.9415225009589374,3.9415225009589374,True,True,False
B05,B,A-SINE,0.0,FOUR,LINE_SPECIFIC_AMPLITUDE_VARIATION,180.0,0.0,4.0398357181594795,4.0398357181594795,True,True,False
B05,B,A-SINE,0.0,FOUR,LINE_SPECIFIC_AMPLITUDE_VARIATION,200.0,0.0,4.613616589238066,4.613616589238066,True,True,False
B05,B,A-SINE,0.0,FOUR,LINE_SPECIFIC_AMPLITUDE_VARIATION,220.0,0.0,3.9415225009589374,3.9415225009589374,True,True,False
B05,B,A-SINE,0.25,201,COMMON,180.0,0.24999999999999994,1.8209855988468817,1.5709855988468817,True,True,False
B05,B,A-SINE,0.25,201,COMMON,200.0,0.25,3.2011570399965783,2.9511570399965783,True,True,False
B05,B,A-SINE,0.25,201,COMMON,220.0,0.24999999999999994,1.253526623047677,1.003526623047677,True,True,False
B05,B,A-SINE,0.25,235,COMMON,180.0,0.25,2.0518688091134267,1.8018688091134267,True,True,False
B05,B,A-SINE,0.25,235,COMMON,200.0,0.24999999999999994,2.71555339496161,2.46555339496161,True,True,False
B05,B,A-SINE,0.25,235,COMMON,220.0,0.24999999999999994,1.6040215436567173,1.3540215436567173,True,True,False
B05,B,A-SINE,0.25,283,COMMON,180.0,0.25,1.6441383576325428,1.3941383576325428,True,True,False
B05,B,A-SINE,0.25,283,COMMON,200.0,0.19512883062218944,4.0493599062986405,3.8542310756764513,True,True,False
B05,B,A-SINE,0.25,283,COMMON,220.0,0.24999999999999994,1.2473979827822228,0.9973979827822228,True,True,False
B05,B,A-SINE,0.25,338,COMMON,180.0,0.25000000000000006,3.6998698563445083,3.4498698563445083,True,True,False
B05,B,A-SINE,0.25,338,COMMON,200.0,0.24999999999999994,1.0088172781717202,0.7588172781717202,True,True,False
B05,B,A-SINE,0.25,338,COMMON,220.0,0.25000000000000006,2.438513957517488,2.188513957517488,True,True,False
B05,B,A-SINE,0.25,FOUR,COMMON_LINE_AMPLITUDE_VARIATION,180.0,0.25,4.027140623569737,3.7771406235697373,True,True,False
B05,B,A-SINE,0.25,FOUR,COMMON_LINE_AMPLITUDE_VARIATION,200.0,0.24999999999999997,4.61735337102363,4.36735337102363,True,True,False
B05,B,A-SINE,0.25,FOUR,COMMON_LINE_AMPLITUDE_VARIATION,220.0,0.24999999999999997,3.966262290729701,3.716262290729701,True,True,False
B05,B,A-SINE,0.25,FOUR,LINE_SPECIFIC_AMPLITUDE_VARIATION,180.0,0.25,4.027140623569737,3.7771406235697373,True,True,False
B05,B,A-SINE,0.25,FOUR,LINE_SPECIFIC_AMPLITUDE_VARIATION,200.0,0.24999999999999997,4.61735337102363,4.36735337102363,True,True,False
B05,B,A-SINE,0.25,FOUR,LINE_SPECIFIC_AMPLITUDE_VARIATION,220.0,0.24999999999999997,3.966262290729701,3.716262290729701,True,True,False
B05,B,A-SINE,0.5,201,COMMON,180.0,0.5,1.67307190993695,1.17307190993695,True,True,False
B05,B,A-SINE,0.5,201,COMMON,200.0,0.49999999999999994,3.145555001354469,2.645555001354469,True,True,False
B05,B,A-SINE,0.5,201,COMMON,220.0,0.5,1.1395949800976986,0.6395949800976986,True,True,False
B05,B,A-SINE,0.5,235,COMMON,180.0,0.5,2.000423639444352,1.5004236394443522,True,True,False
B05,B,A-SINE,0.5,235,COMMON,200.0,0.5,2.5691336063183727,2.0691336063183727,True,True,False
B05,B,A-SINE,0.5,235,COMMON,220.0,0.5,1.747934576500387,1.247934576500387,True,True,False
B05,B,A-SINE,0.5,283,COMMON,180.0,0.4602601673736659,1.629514184619117,1.169254017245451,True,True,False
B05,B,A-SINE,0.5,283,COMMON,200.0,0.4317112962791489,4.026882901493503,3.595171605214354,True,True,False
B05,B,A-SINE,0.5,283,COMMON,220.0,0.4622887143706602,1.1866232730311579,0.7243345586604977,True,True,False
B05,B,A-SINE,0.5,338,COMMON,180.0,0.4999999999999999,3.762754822330877,3.262754822330877,True,True,False
B05,B,A-SINE,0.5,338,COMMON,200.0,0.44047123178452263,1.1007757374847145,0.6603045057001918,True,True,False
B05,B,A-SINE,0.5,338,COMMON,220.0,0.4999999999999999,2.507916495237273,2.007916495237273,True,True,False
B05,B,A-SINE,0.5,FOUR,COMMON_LINE_AMPLITUDE_VARIATION,180.0,0.5,4.029944239601113,3.5299442396011127,True,True,False
B05,B,A-SINE,0.5,FOUR,COMMON_LINE_AMPLITUDE_VARIATION,200.0,0.5,4.634592352442,4.134592352442,True,True,False
B05,B,A-SINE,0.5,FOUR,COMMON_LINE_AMPLITUDE_VARIATION,220.0,0.5,4.006478939438374,3.5064789394383737,True,True,False
B05,B,A-SINE,0.5,FOUR,LINE_SPECIFIC_AMPLITUDE_VARIATION,180.0,0.5,4.029944239601113,3.5299442396011127,True,True,False
B05,B,A-SINE,0.5,FOUR,LINE_SPECIFIC_AMPLITUDE_VARIATION,200.0,0.5,4.634592352442,4.134592352442,True,True,False
B05,B,A-SINE,0.5,FOUR,LINE_SPECIFIC_AMPLITUDE_VARIATION,220.0,0.5,4.006478939438374,3.5064789394383737,True,True,False
B05,B,A-SINE,1.0,201,COMMON,180.0,1.0,1.438608110690517,0.4386081106905171,True,False,False
B05,B,A-SINE,1.0,201,COMMON,200.0,1.0,3.092529063759793,2.092529063759793,True,True,False
B05,B,A-SINE,1.0,201,COMMON,220.0,1.0,1.0352261774340137,0.035226177434013684,True,False,False
B05,B,A-SINE,1.0,235,COMMON,180.0,1.0,1.9899128101799484,0.9899128101799484,True,True,False
B05,B,A-SINE,1.0,235,COMMON,200.0,0.991398060316133,2.329781530437625,1.338383470121492,True,True,False
B05,B,A-SINE,1.0,235,COMMON,220.0,0.8541145504847224,1.679750621822344,0.8256360713376215,True,True,False
B05,B,A-SINE,1.0,283,COMMON,180.0,0.8936133254798322,1.713057954520934,0.8194446290411017,True,True,False
B05,B,A-SINE,1.0,283,COMMON,200.0,0.9262685403947946,4.028365227427168,3.102096687032373,True,True,False
B05,B,A-SINE,1.0,283,COMMON,220.0,0.8972288008418923,1.2195166753264244,0.3222878744845321,True,False,False
B05,B,A-SINE,1.0,338,COMMON,180.0,1.0,3.8844234160279014,2.8844234160279014,True,True,False
B05,B,A-SINE,1.0,338,COMMON,200.0,0.8404782544701322,1.405239150902598,0.5647608964324659,True,True,False
B05,B,A-SINE,1.0,338,COMMON,220.0,1.0,2.6276013681201467,1.6276013681201467,True,True,False
B05,B,A-SINE,1.0,FOUR,COMMON_LINE_AMPLITUDE_VARIATION,180.0,1.0,4.081743318592102,3.0817433185921024,True,True,False
B05,B,A-SINE,1.0,FOUR,COMMON_LINE_AMPLITUDE_VARIATION,200.0,1.0,4.708867646699687,3.7088676466996873,True,True,False
B05,B,A-SINE,1.0,FOUR,COMMON_LINE_AMPLITUDE_VARIATION,220.0,1.0,4.075150008406439,3.075150008406439,True,True,False
B05,B,A-SINE,1.0,FOUR,LINE_SPECIFIC_AMPLITUDE_VARIATION,180.0,1.0,4.081743318592102,3.0817433185921024,True,True,False
B05,B,A-SINE,1.0,FOUR,LINE_SPECIFIC_AMPLITUDE_VARIATION,200.0,1.0,4.708867646699687,3.7088676466996873,True,True,False
B05,B,A-SINE,1.0,FOUR,LINE_SPECIFIC_AMPLITUDE_VARIATION,220.0,1.0,4.075150008406439,3.075150008406439,True,True,False
B05,B,A-SINE,2.0,201,COMMON,180.0,1.9746503152755182,1.4527355770385295,-0.5219147382369886,False,False,False
B05,B,A-SINE,2.0,201,COMMON,200.0,2.0,3.2252403782516486,1.2252403782516486,True,True,False
B05,B,A-SINE,2.0,201,COMMON,220.0,2.0,1.1878980594696904,-0.8121019405303096,False,False,False
B05,B,A-SINE,2.0,235,COMMON,180.0,1.9408125999938353,2.318592137884368,0.37777953789053287,True,False,False
B05,B,A-SINE,2.0,235,COMMON,200.0,1.9738435143561504,2.1407360800612385,0.16689256570508815,True,False,False
B05,B,A-SINE,2.0,235,COMMON,220.0,1.7543552735749242,1.5860237431252036,-0.1683315304497206,False,False,False
B05,B,A-SINE,2.0,283,COMMON,180.0,1.8633184062536665,2.2345177803930145,0.371199374139348,True,False,False
B05,B,A-SINE,2.0,283,COMMON,200.0,1.9238427534768179,4.213265646971664,2.2894228934948457,True,True,False
B05,B,A-SINE,2.0,283,COMMON,220.0,1.8675215801461529,1.7735594661581808,-0.09396211398797205,False,False,False
B05,B,A-SINE,2.0,338,COMMON,180.0,2.0,4.275308060617485,2.275308060617485,True,True,False
B05,B,A-SINE,2.0,338,COMMON,200.0,1.7975486854747305,2.2362193016827154,0.438670616207985,True,False,False
B05,B,A-SINE,2.0,338,COMMON,220.0,2.0,3.1038003407233186,1.1038003407233186,True,True,False
B05,B,A-SINE,2.0,FOUR,COMMON_LINE_AMPLITUDE_VARIATION,180.0,2.0,4.3590118614228865,2.3590118614228865,True,True,False
B05,B,A-SINE,2.0,FOUR,COMMON_LINE_AMPLITUDE_VARIATION,200.0,2.0,4.931602222891732,2.9316022228917316,True,True,False
B05,B,A-SINE,2.0,FOUR,COMMON_LINE_AMPLITUDE_VARIATION,220.0,2.0,4.361171537061513,2.361171537061513,True,True,False
B05,B,A-SINE,2.0,FOUR,LINE_SPECIFIC_AMPLITUDE_VARIATION,180.0,2.0,4.3590118614228865,2.3590118614228865,True,True,False
B05,B,A-SINE,2.0,FOUR,LINE_SPECIFIC_AMPLITUDE_VARIATION,200.0,2.0,4.931602222891732,2.9316022228917316,True,True,False
B05,B,A-SINE,2.0,FOUR,LINE_SPECIFIC_AMPLITUDE_VARIATION,220.0,2.0,4.361171537061513,2.361171537061513,True,True,False
B06,B,A-RAMP,0.0,201,COMMON,180.0,0.0,2.697668079908464,2.697668079908464,True,True,False
B06,B,A-RAMP,0.0,201,COMMON,200.0,0.0,4.9307707230686795,4.9307707230686795,True,True,False
B06,B,A-RAMP,0.0,201,COMMON,220.0,0.0,1.924386212517177,1.924386212517177,True,True,False
B06,B,A-RAMP,0.0,235,COMMON,180.0,0.0,1.478757934891875,1.478757934891875,True,True,False
B06,B,A-RAMP,0.0,235,COMMON,200.0,0.0,2.957267213329708,2.957267213329708,True,True,False
B06,B,A-RAMP,0.0,235,COMMON,220.0,0.0,1.9880668420834955,1.9880668420834955,True,True,False
B06,B,A-RAMP,0.0,283,COMMON,180.0,0.0,2.0542150222488638,2.0542150222488638,True,True,False
B06,B,A-RAMP,0.0,283,COMMON,200.0,0.0,3.903180826807214,3.903180826807214,True,True,False
B06,B,A-RAMP,0.0,283,COMMON,220.0,0.0,1.2880073499006282,1.2880073499006282,True,True,False
B06,B,A-RAMP,0.0,338,COMMON,180.0,0.0,5.093733416922134,5.093733416922134,True,True,False
B06,B,A-RAMP,0.0,338,COMMON,200.0,0.0,2.154594463859324,2.154594463859324,True,True,False
B06,B,A-RAMP,0.0,338,COMMON,220.0,0.0,3.4394051719727887,3.4394051719727887,True,True,False
B06,B,A-RAMP,0.0,FOUR,COMMON_LINE_AMPLITUDE_VARIATION,180.0,0.0,4.68991756637799,4.68991756637799,True,True,False
B06,B,A-RAMP,0.0,FOUR,COMMON_LINE_AMPLITUDE_VARIATION,200.0,0.0,5.332165552916746,5.332165552916746,True,True,False
B06,B,A-RAMP,0.0,FOUR,COMMON_LINE_AMPLITUDE_VARIATION,220.0,0.0,4.067356990538348,4.067356990538348,True,True,False
B06,B,A-RAMP,0.0,FOUR,LINE_SPECIFIC_AMPLITUDE_VARIATION,180.0,0.0,4.68991756637799,4.68991756637799,True,True,False
B06,B,A-RAMP,0.0,FOUR,LINE_SPECIFIC_AMPLITUDE_VARIATION,200.0,0.0,5.332165552916746,5.332165552916746,True,True,False
B06,B,A-RAMP,0.0,FOUR,LINE_SPECIFIC_AMPLITUDE_VARIATION,220.0,0.0,4.067356990538348,4.067356990538348,True,True,False
B06,B,A-RAMP,0.25,201,COMMON,180.0,0.25,2.7243557716398166,2.4743557716398166,True,True,False
B06,B,A-RAMP,0.25,201,COMMON,200.0,0.25,4.943429334094031,4.693429334094031,True,True,False
B06,B,A-RAMP,0.25,201,COMMON,220.0,0.06657699857817725,1.9395120319848587,1.8729350334066814,True,True,False
B06,B,A-RAMP,0.25,235,COMMON,180.0,0.25,1.5548816436413593,1.3048816436413593,True,True,False
B06,B,A-RAMP,0.25,235,COMMON,200.0,0.25,2.8944762194371605,2.6444762194371605,True,True,False
B06,B,A-RAMP,0.25,235,COMMON,220.0,0.1744913199437226,1.9814311269838105,1.806939807040088,True,True,False
B06,B,A-RAMP,0.25,283,COMMON,180.0,0.25,1.9597584210106274,1.7097584210106274,True,True,False
B06,B,A-RAMP,0.25,283,COMMON,200.0,0.25,3.8685262501760835,3.6185262501760835,True,True,False
B06,B,A-RAMP,0.25,283,COMMON,220.0,0.25,1.3457395020963385,1.0957395020963385,True,True,False
B06,B,A-RAMP,0.25,338,COMMON,180.0,0.24999999999999997,5.093749137987237,4.843749137987237,True,True,False
B06,B,A-RAMP,0.25,338,COMMON,200.0,0.25,2.210047851797231,1.9600478517972308,True,True,False
B06,B,A-RAMP,0.25,338,COMMON,220.0,0.25,3.421968381543088,3.171968381543088,True,True,False
B06,B,A-RAMP,0.25,FOUR,COMMON_LINE_AMPLITUDE_VARIATION,180.0,0.25,4.693954655442326,4.443954655442326,True,True,False
B06,B,A-RAMP,0.25,FOUR,COMMON_LINE_AMPLITUDE_VARIATION,200.0,0.25,5.336593821546534,5.086593821546534,True,True,False
B06,B,A-RAMP,0.25,FOUR,COMMON_LINE_AMPLITUDE_VARIATION,220.0,0.25,4.078940232849253,3.828940232849253,True,True,False
B06,B,A-RAMP,0.25,FOUR,LINE_SPECIFIC_AMPLITUDE_VARIATION,180.0,0.25,4.693954655442326,4.443954655442326,True,True,False
B06,B,A-RAMP,0.25,FOUR,LINE_SPECIFIC_AMPLITUDE_VARIATION,200.0,0.25,5.336593821546534,5.086593821546534,True,True,False
B06,B,A-RAMP,0.25,FOUR,LINE_SPECIFIC_AMPLITUDE_VARIATION,220.0,0.25,4.078940232849253,3.828940232849253,True,True,False
B06,B,A-RAMP,0.5,201,COMMON,180.0,0.5,2.7734122794091287,2.2734122794091287,True,True,False
B06,B,A-RAMP,0.5,201,COMMON,200.0,0.5,4.968650444425679,4.468650444425679,True,True,False
B06,B,A-RAMP,0.5,201,COMMON,220.0,0.2553368094681493,1.9862405568062158,1.7309037473380666,True,True,False
B06,B,A-RAMP,0.5,235,COMMON,180.0,0.5,1.6654095056351839,1.1654095056351839,True,True,False
B06,B,A-RAMP,0.5,235,COMMON,200.0,0.3131809989868861,2.8522895713338117,2.5391085723469256,True,True,False
B06,B,A-RAMP,0.5,235,COMMON,220.0,0.363519841296749,2.006172687823465,1.642652846526716,True,True,False
B06,B,A-RAMP,0.5,283,COMMON,180.0,0.4421507594113234,1.8938074822460793,1.4516567228347559,True,True,False
B06,B,A-RAMP,0.5,283,COMMON,200.0,0.5,3.8498272857165174,3.3498272857165174,True,True,False
B06,B,A-RAMP,0.5,283,COMMON,220.0,0.3987719258039487,1.445014422629395,1.0462424968254465,True,True,False
B06,B,A-RAMP,0.5,338,COMMON,180.0,0.5,5.106020019430221,4.606020019430221,True,True,False
B06,B,A-RAMP,0.5,338,COMMON,200.0,0.5,2.291581486828225,1.7915814868282252,True,True,False
B06,B,A-RAMP,0.5,338,COMMON,220.0,0.31948548254089876,3.4227514183136454,3.103265935772747,True,True,False
B06,B,A-RAMP,0.5,FOUR,COMMON_LINE_AMPLITUDE_VARIATION,180.0,0.5,4.6434922722016,4.1434922722016,True,True,False
B06,B,A-RAMP,0.5,FOUR,COMMON_LINE_AMPLITUDE_VARIATION,200.0,0.5,5.352707515699443,4.852707515699443,True,True,False
B06,B,A-RAMP,0.5,FOUR,COMMON_LINE_AMPLITUDE_VARIATION,220.0,0.5,4.105741584395133,3.6057415843951333,True,True,False
B06,B,A-RAMP,0.5,FOUR,LINE_SPECIFIC_AMPLITUDE_VARIATION,180.0,0.5,4.6434922722016,4.1434922722016,True,True,False
B06,B,A-RAMP,0.5,FOUR,LINE_SPECIFIC_AMPLITUDE_VARIATION,200.0,0.5,5.352707515699443,4.852707515699443,True,True,False
B06,B,A-RAMP,0.5,FOUR,LINE_SPECIFIC_AMPLITUDE_VARIATION,220.0,0.5,4.105741584395133,3.6057415843951333,True,True,False
B06,B,A-RAMP,1.0,201,COMMON,180.0,1.0,2.933635675028114,1.933635675028114,True,True,False
B06,B,A-RAMP,1.0,201,COMMON,200.0,1.0,5.055934587621933,4.055934587621933,True,True,False
B06,B,A-RAMP,1.0,201,COMMON,220.0,0.716433388502327,2.1649574601080563,1.4485240716057293,True,True,False
B06,B,A-RAMP,1.0,235,COMMON,180.0,1.0,1.8798394370939702,0.8798394370939702,True,True,False
B06,B,A-RAMP,1.0,235,COMMON,200.0,0.468762782778388,2.8329635060205733,2.3642007232421856,True,True,False
B06,B,A-RAMP,1.0,235,COMMON,220.0,0.8429386594396033,2.1440727455349573,1.301134086095354,True,True,False
B06,B,A-RAMP,1.0,283,COMMON,180.0,0.2576774193714141,1.8582825947604331,1.6006051753890191,True,True,False
B06,B,A-RAMP,1.0,283,COMMON,200.0,0.7255837011021724,3.8610257306756415,3.1354420295734693,True,True,False
B06,B,A-RAMP,1.0,283,COMMON,220.0,0.8242309142554076,1.7370004115761999,0.9127694973207923,True,True,False
B06,B,A-RAMP,1.0,338,COMMON,180.0,1.0,5.1668908208878515,4.1668908208878515,True,True,False
B06,B,A-RAMP,1.0,338,COMMON,200.0,0.881117909908272,2.5096546542263423,1.6285367443180703,True,True,False
B06,B,A-RAMP,1.0,338,COMMON,220.0,0.6581407837201587,3.478641488590478,2.8205007048703195,True,True,False
B06,B,A-RAMP,1.0,FOUR,COMMON_LINE_AMPLITUDE_VARIATION,180.0,1.0,4.556079293634998,3.5560792936349976,True,True,False
B06,B,A-RAMP,1.0,FOUR,COMMON_LINE_AMPLITUDE_VARIATION,200.0,1.0,5.419498686551981,4.419498686551981,True,True,False
B06,B,A-RAMP,1.0,FOUR,COMMON_LINE_AMPLITUDE_VARIATION,220.0,1.0,4.203669233798225,3.203669233798225,True,True,False
B06,B,A-RAMP,1.0,FOUR,LINE_SPECIFIC_AMPLITUDE_VARIATION,180.0,1.0,4.556079293634998,3.5560792936349976,True,True,False
B06,B,A-RAMP,1.0,FOUR,LINE_SPECIFIC_AMPLITUDE_VARIATION,200.0,1.0,5.419498686551981,4.419498686551981,True,True,False
B06,B,A-RAMP,1.0,FOUR,LINE_SPECIFIC_AMPLITUDE_VARIATION,220.0,1.0,4.203669233798225,3.203669233798225,True,True,False
B06,B,A-RAMP,2.0,201,COMMON,180.0,1.979457320061617,3.4547103320305017,1.4752530119688847,True,True,False
B06,B,A-RAMP,2.0,201,COMMON,200.0,2.0,5.367722905027075,3.367722905027075,True,True,False
B06,B,A-RAMP,2.0,201,COMMON,220.0,1.6756223886456147,2.6682743599459666,0.9926519713003519,True,True,False
B06,B,A-RAMP,2.0,235,COMMON,180.0,2.0,2.4239302489646546,0.4239302489646546,True,False,False
B06,B,A-RAMP,2.0,235,COMMON,200.0,1.3858134704591063,3.050563076196573,1.6647496057374667,True,True,False
B06,B,A-RAMP,2.0,235,COMMON,220.0,1.8350322614877046,2.691038109670648,0.8560058481829433,True,True,False
B06,B,A-RAMP,2.0,283,COMMON,180.0,0.5464077408202919,2.1648623619866085,1.6184546211663167,True,True,False
B06,B,A-RAMP,2.0,283,COMMON,200.0,1.441131555172082,4.071881483924022,2.63074992875194,True,True,False
B06,B,A-RAMP,2.0,283,COMMON,220.0,1.7944446780060217,2.52495107402772,0.7305063960216984,True,True,False
B06,B,A-RAMP,2.0,338,COMMON,180.0,1.9883684215278468,5.426545990524821,3.4381775689969745,True,True,False
B06,B,A-RAMP,2.0,338,COMMON,200.0,1.7643803160193894,3.044204380908348,1.2798240648889587,True,True,False
B06,B,A-RAMP,2.0,338,COMMON,220.0,1.6109953216811561,3.7910928866611515,2.180097564979995,True,True,False
B06,B,A-RAMP,2.0,FOUR,COMMON_LINE_AMPLITUDE_VARIATION,180.0,2.0,4.544175901709436,2.544175901709436,True,True,False
B06,B,A-RAMP,2.0,FOUR,COMMON_LINE_AMPLITUDE_VARIATION,200.0,2.0,5.629940635309336,3.629940635309336,True,True,False
B06,B,A-RAMP,2.0,FOUR,COMMON_LINE_AMPLITUDE_VARIATION,220.0,2.0,4.560512818300408,2.560512818300408,True,True,False
B06,B,A-RAMP,2.0,FOUR,LINE_SPECIFIC_AMPLITUDE_VARIATION,180.0,2.0,4.544175901709436,2.544175901709436,True,True,False
B06,B,A-RAMP,2.0,FOUR,LINE_SPECIFIC_AMPLITUDE_VARIATION,200.0,2.0,5.629940635309336,3.629940635309336,True,True,False
B06,B,A-RAMP,2.0,FOUR,LINE_SPECIFIC_AMPLITUDE_VARIATION,220.0,2.0,4.560512818300408,2.560512818300408,True,True,False
B06,B,A-SINE,0.0,201,COMMON,180.0,0.0,2.697668079908464,2.697668079908464,True,True,False
B06,B,A-SINE,0.0,201,COMMON,200.0,0.0,4.9307707230686795,4.9307707230686795,True,True,False
B06,B,A-SINE,0.0,201,COMMON,220.0,0.0,1.924386212517177,1.924386212517177,True,True,False
B06,B,A-SINE,0.0,235,COMMON,180.0,0.0,1.478757934891875,1.478757934891875,True,True,False
B06,B,A-SINE,0.0,235,COMMON,200.0,0.0,2.957267213329708,2.957267213329708,True,True,False
B06,B,A-SINE,0.0,235,COMMON,220.0,0.0,1.9880668420834955,1.9880668420834955,True,True,False
B06,B,A-SINE,0.0,283,COMMON,180.0,0.0,2.0542150222488638,2.0542150222488638,True,True,False
B06,B,A-SINE,0.0,283,COMMON,200.0,0.0,3.903180826807214,3.903180826807214,True,True,False
B06,B,A-SINE,0.0,283,COMMON,220.0,0.0,1.2880073499006282,1.2880073499006282,True,True,False
B06,B,A-SINE,0.0,338,COMMON,180.0,0.0,5.093733416922134,5.093733416922134,True,True,False
B06,B,A-SINE,0.0,338,COMMON,200.0,0.0,2.154594463859324,2.154594463859324,True,True,False
B06,B,A-SINE,0.0,338,COMMON,220.0,0.0,3.4394051719727887,3.4394051719727887,True,True,False
B06,B,A-SINE,0.0,FOUR,COMMON_LINE_AMPLITUDE_VARIATION,180.0,0.0,4.68991756637799,4.68991756637799,True,True,False
B06,B,A-SINE,0.0,FOUR,COMMON_LINE_AMPLITUDE_VARIATION,200.0,0.0,5.332165552916746,5.332165552916746,True,True,False
B06,B,A-SINE,0.0,FOUR,COMMON_LINE_AMPLITUDE_VARIATION,220.0,0.0,4.067356990538348,4.067356990538348,True,True,False
B06,B,A-SINE,0.0,FOUR,LINE_SPECIFIC_AMPLITUDE_VARIATION,180.0,0.0,4.68991756637799,4.68991756637799,True,True,False
B06,B,A-SINE,0.0,FOUR,LINE_SPECIFIC_AMPLITUDE_VARIATION,200.0,0.0,5.332165552916746,5.332165552916746,True,True,False
B06,B,A-SINE,0.0,FOUR,LINE_SPECIFIC_AMPLITUDE_VARIATION,220.0,0.0,4.067356990538348,4.067356990538348,True,True,False
B06,B,A-SINE,0.25,201,COMMON,180.0,0.24999999999999994,2.7021260213484495,2.4521260213484495,True,True,False
B06,B,A-SINE,0.25,201,COMMON,200.0,0.25000000000000006,4.93475983861406,4.68475983861406,True,True,False
B06,B,A-SINE,0.25,201,COMMON,220.0,0.24999999999999994,1.9478768221102625,1.6978768221102625,True,True,False
B06,B,A-SINE,0.25,235,COMMON,180.0,0.25,1.482458525493863,1.232458525493863,True,True,False
B06,B,A-SINE,0.25,235,COMMON,200.0,0.24999999999999994,3.0341963291117295,2.7841963291117295,True,True,False
B06,B,A-SINE,0.25,235,COMMON,220.0,0.24999999999999994,2.0368643173422614,1.7868643173422614,True,True,False
B06,B,A-SINE,0.25,283,COMMON,180.0,0.25,2.1507949817361496,1.9007949817361496,True,True,False
B06,B,A-SINE,0.25,283,COMMON,200.0,0.25,3.962342228799905,3.712342228799905,True,True,False
B06,B,A-SINE,0.25,283,COMMON,220.0,0.24999999999999994,1.285749581077813,1.035749581077813,True,True,False
B06,B,A-SINE,0.25,338,COMMON,180.0,0.25000000000000006,5.139887838706965,4.889887838706965,True,True,False
B06,B,A-SINE,0.25,338,COMMON,200.0,0.2458569502496011,2.059447731772619,1.813590781523018,True,True,False
B06,B,A-SINE,0.25,338,COMMON,220.0,0.24999999999999997,3.5206160025896636,3.2706160025896636,True,True,False
B06,B,A-SINE,0.25,FOUR,COMMON_LINE_AMPLITUDE_VARIATION,180.0,0.25,4.718748785015268,4.468748785015268,True,True,False
B06,B,A-SINE,0.25,FOUR,COMMON_LINE_AMPLITUDE_VARIATION,200.0,0.24999999999999997,5.356864184390776,5.106864184390776,True,True,False
B06,B,A-SINE,0.25,FOUR,COMMON_LINE_AMPLITUDE_VARIATION,220.0,0.24999999999999994,4.09522401402821,3.8452240140282097,True,True,False
B06,B,A-SINE,0.25,FOUR,LINE_SPECIFIC_AMPLITUDE_VARIATION,180.0,0.25,4.718748785015268,4.468748785015268,True,True,False
B06,B,A-SINE,0.25,FOUR,LINE_SPECIFIC_AMPLITUDE_VARIATION,200.0,0.24999999999999997,5.356864184390776,5.106864184390776,True,True,False
B06,B,A-SINE,0.25,FOUR,LINE_SPECIFIC_AMPLITUDE_VARIATION,220.0,0.24999999999999994,4.09522401402821,3.8452240140282097,True,True,False
B06,B,A-SINE,0.5,201,COMMON,180.0,0.5,2.72957084559822,2.22957084559822,True,True,False
B06,B,A-SINE,0.5,201,COMMON,200.0,0.4999999999999999,4.9513845948507464,4.4513845948507464,True,True,False
B06,B,A-SINE,0.5,201,COMMON,220.0,0.5,2.0025448642421337,1.5025448642421337,True,True,False
B06,B,A-SINE,0.5,235,COMMON,180.0,0.42713136585959144,1.466529792579898,1.0393984267203065,True,True,False
B06,B,A-SINE,0.5,235,COMMON,200.0,0.5,3.12925955397684,2.62925955397684,True,True,False
B06,B,A-SINE,0.5,235,COMMON,220.0,0.5,2.1142901234060734,1.6142901234060734,True,True,False
B06,B,A-SINE,0.5,283,COMMON,180.0,0.5,2.1754300049845225,1.6754300049845225,True,True,False
B06,B,A-SINE,0.5,283,COMMON,200.0,0.5,4.036148078243233,3.536148078243233,True,True,False
B06,B,A-SINE,0.5,283,COMMON,220.0,0.5,1.331292994455204,0.8312929944552041,True,True,False
B06,B,A-SINE,0.5,338,COMMON,180.0,0.4999999999999999,5.197670042077149,4.697670042077149,True,True,False
B06,B,A-SINE,0.5,338,COMMON,200.0,0.4759866190047112,1.9913243372473313,1.5153377182426202,True,True,False
B06,B,A-SINE,0.5,338,COMMON,220.0,0.49999999999999994,3.6173147690500578,3.1173147690500578,True,True,False
B06,B,A-SINE,0.5,FOUR,COMMON_LINE_AMPLITUDE_VARIATION,180.0,0.5,4.715106557284762,4.215106557284762,True,True,False
B06,B,A-SINE,0.5,FOUR,COMMON_LINE_AMPLITUDE_VARIATION,200.0,0.5,5.393050926544766,4.893050926544766,True,True,False
B06,B,A-SINE,0.5,FOUR,COMMON_LINE_AMPLITUDE_VARIATION,220.0,0.5,4.1380341421580225,3.6380341421580225,True,True,False
B06,B,A-SINE,0.5,FOUR,LINE_SPECIFIC_AMPLITUDE_VARIATION,180.0,0.5,4.715106557284762,4.215106557284762,True,True,False
B06,B,A-SINE,0.5,FOUR,LINE_SPECIFIC_AMPLITUDE_VARIATION,200.0,0.5,5.393050926544766,4.893050926544766,True,True,False
B06,B,A-SINE,0.5,FOUR,LINE_SPECIFIC_AMPLITUDE_VARIATION,220.0,0.5,4.1380341421580225,3.6380341421580225,True,True,False
B06,B,A-SINE,1.0,201,COMMON,180.0,0.9798939280439578,2.850210682199221,1.870316754155263,True,True,False
B06,B,A-SINE,1.0,201,COMMON,200.0,1.0,5.021943736122435,4.021943736122435,True,True,False
B06,B,A-SINE,1.0,201,COMMON,220.0,1.0,2.1947914642805793,1.1947914642805793,True,True,False
B06,B,A-SINE,1.0,235,COMMON,180.0,0.7057234204401293,1.502982035785199,0.7972586153450698,True,True,False
B06,B,A-SINE,1.0,235,COMMON,200.0,1.0,3.3673582139825577,2.3673582139825577,True,True,False
B06,B,A-SINE,1.0,235,COMMON,220.0,0.7092225250067787,2.3426556902953313,1.6334331652885525,True,True,False
B06,B,A-SINE,1.0,283,COMMON,180.0,1.0,2.275944892713316,1.2759448927133161,True,True,False
B06,B,A-SINE,1.0,283,COMMON,200.0,1.0,4.087087452591758,3.087087452591758,True,True,False
B06,B,A-SINE,1.0,283,COMMON,220.0,1.0,1.5445773340215017,0.5445773340215017,True,True,False
B06,B,A-SINE,1.0,338,COMMON,180.0,1.0,5.346534168032904,4.346534168032904,True,True,False
B06,B,A-SINE,1.0,338,COMMON,200.0,0.9663325020108445,1.9463987074938673,0.9800662054830228,True,True,False
B06,B,A-SINE,1.0,338,COMMON,220.0,1.0,3.6598037219094044,2.6598037219094044,True,True,False
B06,B,A-SINE,1.0,FOUR,COMMON_LINE_AMPLITUDE_VARIATION,180.0,1.0,4.707260213357247,3.707260213357247,True,True,False
B06,B,A-SINE,1.0,FOUR,COMMON_LINE_AMPLITUDE_VARIATION,200.0,1.0,5.498909629090004,4.498909629090004,True,True,False
B06,B,A-SINE,1.0,FOUR,COMMON_LINE_AMPLITUDE_VARIATION,220.0,1.0,4.266527889847878,3.266527889847878,True,True,False
B06,B,A-SINE,1.0,FOUR,LINE_SPECIFIC_AMPLITUDE_VARIATION,180.0,1.0,4.707260213357247,3.707260213357247,True,True,False
B06,B,A-SINE,1.0,FOUR,LINE_SPECIFIC_AMPLITUDE_VARIATION,200.0,1.0,5.498909629090004,4.498909629090004,True,True,False
B06,B,A-SINE,1.0,FOUR,LINE_SPECIFIC_AMPLITUDE_VARIATION,220.0,1.0,4.266527889847878,3.266527889847878,True,True,False
B06,B,A-SINE,2.0,201,COMMON,180.0,1.8818533044801213,3.312097341034541,1.4302440365544198,True,True,False
B06,B,A-SINE,2.0,201,COMMON,200.0,2.0,5.303521269316029,3.303521269316029,True,True,False
B06,B,A-SINE,2.0,201,COMMON,220.0,1.9975501682276378,2.5269147102369844,0.5293645420093467,True,True,False
B06,B,A-SINE,2.0,235,COMMON,180.0,1.342463118705321,1.8333631104418846,0.4908999917365635,True,False,False
B06,B,A-SINE,2.0,235,COMMON,200.0,2.0,3.9164380154188394,1.9164380154188394,True,True,False
B06,B,A-SINE,2.0,235,COMMON,220.0,1.518858531136402,2.883544290703861,1.364685759567459,True,True,False
B06,B,A-SINE,2.0,283,COMMON,180.0,2.0,2.255693998716262,0.2556939987162621,True,False,False
B06,B,A-SINE,2.0,283,COMMON,200.0,2.0,4.155642439577172,2.1556424395771723,True,True,False
B06,B,A-SINE,2.0,283,COMMON,220.0,2.0,2.2610783595771067,0.2610783595771067,True,False,False
B06,B,A-SINE,2.0,338,COMMON,180.0,2.0,5.620604378943815,3.620604378943815,True,True,False
B06,B,A-SINE,2.0,338,COMMON,200.0,1.89833289302418,2.2214091368710864,0.32307624384690636,True,False,False
B06,B,A-SINE,2.0,338,COMMON,220.0,2.0,3.8834457096603354,1.8834457096603354,True,True,False
B06,B,A-SINE,2.0,FOUR,COMMON_LINE_AMPLITUDE_VARIATION,180.0,2.0,4.848756176141344,2.848756176141344,True,True,False
B06,B,A-SINE,2.0,FOUR,COMMON_LINE_AMPLITUDE_VARIATION,200.0,2.0,5.726928853674881,3.726928853674881,True,True,False
B06,B,A-SINE,2.0,FOUR,COMMON_LINE_AMPLITUDE_VARIATION,220.0,2.0,4.607253622914231,2.6072536229142314,True,True,False
B06,B,A-SINE,2.0,FOUR,LINE_SPECIFIC_AMPLITUDE_VARIATION,180.0,2.0,4.848756176141344,2.848756176141344,True,True,False
B06,B,A-SINE,2.0,FOUR,LINE_SPECIFIC_AMPLITUDE_VARIATION,200.0,2.0,5.726928853674881,3.726928853674881,True,True,False
B06,B,A-SINE,2.0,FOUR,LINE_SPECIFIC_AMPLITUDE_VARIATION,220.0,2.0,4.607253622914231,2.6072536229142314,True,True,False
B07,B,A-RAMP,0.0,201,COMMON,180.0,0.0,3.664118201297707,3.664118201297707,True,True,False
B07,B,A-RAMP,0.0,201,COMMON,200.0,0.0,5.601105583803416,5.601105583803416,True,True,False
B07,B,A-RAMP,0.0,201,COMMON,220.0,0.0,3.206154800942631,3.206154800942631,True,True,False
B07,B,A-RAMP,0.0,235,COMMON,180.0,0.0,1.684726836192221,1.684726836192221,True,True,False
B07,B,A-RAMP,0.0,235,COMMON,200.0,0.0,5.233434701349765,5.233434701349765,True,True,False
B07,B,A-RAMP,0.0,235,COMMON,220.0,0.0,3.4312595937251085,3.4312595937251085,True,True,False
B07,B,A-RAMP,0.0,283,COMMON,180.0,0.0,2.1223792682613656,2.1223792682613656,True,True,False
B07,B,A-RAMP,0.0,283,COMMON,200.0,0.0,2.9819584236662124,2.9819584236662124,True,True,False
B07,B,A-RAMP,0.0,283,COMMON,220.0,0.0,2.2412686001355056,2.2412686001355056,True,True,False
B07,B,A-RAMP,0.0,338,COMMON,180.0,0.0,4.87166863393769,4.87166863393769,True,True,False
B07,B,A-RAMP,0.0,338,COMMON,200.0,0.0,1.452130175767119,1.452130175767119,True,True,False
B07,B,A-RAMP,0.0,338,COMMON,220.0,0.0,3.3654210789403014,3.3654210789403014,True,True,False
B07,B,A-RAMP,0.0,FOUR,COMMON_LINE_AMPLITUDE_VARIATION,180.0,0.0,5.387012554368784,5.387012554368784,True,True,False
B07,B,A-RAMP,0.0,FOUR,COMMON_LINE_AMPLITUDE_VARIATION,200.0,0.0,7.029330909958292,7.029330909958292,True,True,False
B07,B,A-RAMP,0.0,FOUR,COMMON_LINE_AMPLITUDE_VARIATION,220.0,0.0,6.142845800911105,6.142845800911105,True,True,False
B07,B,A-RAMP,0.0,FOUR,LINE_SPECIFIC_AMPLITUDE_VARIATION,180.0,0.0,5.387012554368784,5.387012554368784,True,True,False
B07,B,A-RAMP,0.0,FOUR,LINE_SPECIFIC_AMPLITUDE_VARIATION,200.0,0.0,7.029330909958292,7.029330909958292,True,True,False
B07,B,A-RAMP,0.0,FOUR,LINE_SPECIFIC_AMPLITUDE_VARIATION,220.0,0.0,6.142845800911105,6.142845800911105,True,True,False
B07,B,A-RAMP,0.25,201,COMMON,180.0,0.25,3.772537493066187,3.522537493066187,True,True,False
B07,B,A-RAMP,0.25,201,COMMON,200.0,0.24999999999999994,5.672374891530542,5.422374891530542,True,True,False
B07,B,A-RAMP,0.25,201,COMMON,220.0,0.25,3.3276637947207526,3.0776637947207526,True,True,False
B07,B,A-RAMP,0.25,235,COMMON,180.0,0.25,1.6526339189119743,1.4026339189119743,True,True,False
B07,B,A-RAMP,0.25,235,COMMON,200.0,0.25,5.264065506731018,5.014065506731018,True,True,False
B07,B,A-RAMP,0.25,235,COMMON,220.0,0.24648090217352572,3.484818934684433,3.2383380325109075,True,True,False
B07,B,A-RAMP,0.25,283,COMMON,180.0,0.13948980110010895,2.10438093572816,1.9648911346280513,True,True,False
B07,B,A-RAMP,0.25,283,COMMON,200.0,0.22932158027136176,2.8785149977861986,2.649193417514837,True,True,False
B07,B,A-RAMP,0.25,283,COMMON,220.0,0.22288489960264676,2.2412770060623104,2.0183921064596637,True,True,False
B07,B,A-RAMP,0.25,338,COMMON,180.0,0.24999999999999997,4.867151651921963,4.617151651921963,True,True,False
B07,B,A-RAMP,0.25,338,COMMON,200.0,0.2197873177539125,1.4396204935667438,1.2198331758128313,True,True,False
B07,B,A-RAMP,0.25,338,COMMON,220.0,0.24999999999999994,3.3563229049577643,3.1063229049577643,True,True,False
B07,B,A-RAMP,0.25,FOUR,COMMON_LINE_AMPLITUDE_VARIATION,180.0,0.25,5.3513997575872025,5.1013997575872025,True,True,False
B07,B,A-RAMP,0.25,FOUR,COMMON_LINE_AMPLITUDE_VARIATION,200.0,0.25,7.018579229205715,6.768579229205715,True,True,False
B07,B,A-RAMP,0.25,FOUR,COMMON_LINE_AMPLITUDE_VARIATION,220.0,0.25,6.131090190639862,5.881090190639862,True,True,False
B07,B,A-RAMP,0.25,FOUR,LINE_SPECIFIC_AMPLITUDE_VARIATION,180.0,0.25,5.3513997575872025,5.1013997575872025,True,True,False
B07,B,A-RAMP,0.25,FOUR,LINE_SPECIFIC_AMPLITUDE_VARIATION,200.0,0.25,7.018579229205715,6.768579229205715,True,True,False
B07,B,A-RAMP,0.25,FOUR,LINE_SPECIFIC_AMPLITUDE_VARIATION,220.0,0.25,6.131090190639862,5.881090190639862,True,True,False
B07,B,A-RAMP,0.5,201,COMMON,180.0,0.5,3.8940102824850213,3.3940102824850213,True,True,False
B07,B,A-RAMP,0.5,201,COMMON,200.0,0.5,5.753632770625742,5.253632770625742,True,True,False
B07,B,A-RAMP,0.5,201,COMMON,220.0,0.49881356770217367,3.4629848474665836,2.96417127976441,True,True,False
B07,B,A-RAMP,0.5,235,COMMON,180.0,0.5,1.6580389703774907,1.1580389703774907,True,True,False
B07,B,A-RAMP,0.5,235,COMMON,200.0,0.5,5.3063106340487325,4.8063106340487325,True,True,False
B07,B,A-RAMP,0.5,235,COMMON,220.0,0.4857560814602661,3.5551910800320843,3.0694349985718183,True,True,False
B07,B,A-RAMP,0.5,283,COMMON,180.0,0.35686730267847044,2.115973649875302,1.7591063471968313,True,True,False
B07,B,A-RAMP,0.5,283,COMMON,200.0,0.42899499618532344,2.7936752038285113,2.364680207643188,True,True,False
B07,B,A-RAMP,0.5,283,COMMON,220.0,0.4698129157387015,2.268999845274102,1.7991869295354004,True,True,False
B07,B,A-RAMP,0.5,338,COMMON,180.0,0.5,4.875466657328412,4.375466657328412,True,True,False
B07,B,A-RAMP,0.5,338,COMMON,200.0,0.4604837163679577,1.4701470278925388,1.009663311524581,True,True,False
B07,B,A-RAMP,0.5,338,COMMON,220.0,0.5,3.3658205308828557,2.8658205308828557,True,True,False
B07,B,A-RAMP,0.5,FOUR,COMMON_LINE_AMPLITUDE_VARIATION,180.0,0.5,5.327293353109236,4.827293353109236,True,True,False
B07,B,A-RAMP,0.5,FOUR,COMMON_LINE_AMPLITUDE_VARIATION,200.0,0.5,7.01672400423308,6.51672400423308,True,True,False
B07,B,A-RAMP,0.5,FOUR,COMMON_LINE_AMPLITUDE_VARIATION,220.0,0.5,6.129517054201701,5.629517054201701,True,True,False
B07,B,A-RAMP,0.5,FOUR,LINE_SPECIFIC_AMPLITUDE_VARIATION,180.0,0.5,5.327293353109236,4.827293353109236,True,True,False
B07,B,A-RAMP,0.5,FOUR,LINE_SPECIFIC_AMPLITUDE_VARIATION,200.0,0.5,7.01672400423308,6.51672400423308,True,True,False
B07,B,A-RAMP,0.5,FOUR,LINE_SPECIFIC_AMPLITUDE_VARIATION,220.0,0.5,6.129517054201701,5.629517054201701,True,True,False
B07,B,A-RAMP,1.0,201,COMMON,180.0,1.0,4.171435000945958,3.1714350009459578,True,True,False
B07,B,A-RAMP,1.0,201,COMMON,200.0,1.0,5.94442565413372,4.94442565413372,True,True,False
B07,B,A-RAMP,1.0,201,COMMON,220.0,0.9741998314351901,3.7063778126588396,2.7321779812236495,True,True,False
B07,B,A-RAMP,1.0,235,COMMON,180.0,1.0,1.777605676744606,0.777605676744606,True,True,False
B07,B,A-RAMP,1.0,235,COMMON,200.0,1.0,5.424483967783979,4.424483967783979,True,True,False
B07,B,A-RAMP,1.0,235,COMMON,220.0,0.9804954062892633,3.7423555191281337,2.7618601128388702,True,True,False
B07,B,A-RAMP,1.0,283,COMMON,180.0,0.8474361367921037,2.2249034171369244,1.3774672803448207,True,True,False
B07,B,A-RAMP,1.0,283,COMMON,200.0,0.9066053970167107,2.686478410205202,1.7798730131884912,True,True,False
B07,B,A-RAMP,1.0,283,COMMON,220.0,0.9684096088138204,2.4027974649883466,1.434387856174526,True,True,False
B07,B,A-RAMP,1.0,338,COMMON,180.0,1.0,4.930232750545337,3.930232750545337,True,True,False
B07,B,A-RAMP,1.0,338,COMMON,200.0,0.9563068696967614,1.647416923510587,0.6911100538138257,True,True,False
B07,B,A-RAMP,1.0,338,COMMON,220.0,1.0,3.4396855457511517,2.4396855457511517,True,True,False
B07,B,A-RAMP,1.0,FOUR,COMMON_LINE_AMPLITUDE_VARIATION,180.0,1.0,5.3141513602114125,4.3141513602114125,True,True,False
B07,B,A-RAMP,1.0,FOUR,COMMON_LINE_AMPLITUDE_VARIATION,200.0,1.0,7.039697327404522,6.039697327404522,True,True,False
B07,B,A-RAMP,1.0,FOUR,COMMON_LINE_AMPLITUDE_VARIATION,220.0,1.0,6.156898902997176,5.156898902997176,True,True,False
B07,B,A-RAMP,1.0,FOUR,LINE_SPECIFIC_AMPLITUDE_VARIATION,180.0,1.0,5.3141513602114125,4.3141513602114125,True,True,False
B07,B,A-RAMP,1.0,FOUR,LINE_SPECIFIC_AMPLITUDE_VARIATION,200.0,1.0,7.039697327404522,6.039697327404522,True,True,False
B07,B,A-RAMP,1.0,FOUR,LINE_SPECIFIC_AMPLITUDE_VARIATION,220.0,1.0,6.156898902997176,5.156898902997176,True,True,False
B07,B,A-RAMP,2.0,201,COMMON,180.0,2.0,4.7014993440527455,2.7014993440527455,True,True,False
B07,B,A-RAMP,2.0,201,COMMON,200.0,2.0,6.426508301879989,4.426508301879989,True,True,False
B07,B,A-RAMP,2.0,201,COMMON,220.0,1.9616240152378996,4.274958463178454,2.313334447940554,True,True,False
B07,B,A-RAMP,2.0,235,COMMON,180.0,2.0,2.3412516676775796,0.34125166767757964,True,False,False
B07,B,A-RAMP,2.0,235,COMMON,200.0,1.9759167874783012,5.784566868850157,3.808650081371856,True,True,False
B07,B,A-RAMP,2.0,235,COMMON,220.0,1.9779271432264074,4.27046920883022,2.2925420656038127,True,True,False
B07,B,A-RAMP,2.0,283,COMMON,180.0,1.843837160483908,2.7195397906317673,0.8757026301478592,True,True,False
B07,B,A-RAMP,2.0,283,COMMON,200.0,1.8967674143646058,2.7463168893125682,0.8495494749479624,True,True,False
B07,B,A-RAMP,2.0,283,COMMON,220.0,1.9677406230850167,2.919518175582313,0.9517775524972965,True,True,False
B07,B,A-RAMP,2.0,338,COMMON,180.0,2.0,5.184711628452191,3.184711628452191,True,True,False
B07,B,A-RAMP,2.0,338,COMMON,200.0,1.9543484799307325,2.211067406586145,0.2567189266554126,True,False,False
B07,B,A-RAMP,2.0,338,COMMON,220.0,2.0,3.7863985882000186,1.7863985882000186,True,True,False
B07,B,A-RAMP,2.0,FOUR,COMMON_LINE_AMPLITUDE_VARIATION,180.0,2.0,5.427753227399596,3.427753227399596,True,True,False
B07,B,A-RAMP,2.0,FOUR,COMMON_LINE_AMPLITUDE_VARIATION,200.0,2.0,7.190492603517344,5.190492603517344,True,True,False
B07,B,A-RAMP,2.0,FOUR,COMMON_LINE_AMPLITUDE_VARIATION,220.0,2.0,6.330896750831154,4.330896750831154,True,True,False
B07,B,A-RAMP,2.0,FOUR,LINE_SPECIFIC_AMPLITUDE_VARIATION,180.0,2.0,5.427753227399596,3.427753227399596,True,True,False
B07,B,A-RAMP,2.0,FOUR,LINE_SPECIFIC_AMPLITUDE_VARIATION,200.0,2.0,7.190492603517344,5.190492603517344,True,True,False
B07,B,A-RAMP,2.0,FOUR,LINE_SPECIFIC_AMPLITUDE_VARIATION,220.0,2.0,6.330896750831154,4.330896750831154,True,True,False
B07,B,A-SINE,0.0,201,COMMON,180.0,0.0,3.664118201297707,3.664118201297707,True,True,False
B07,B,A-SINE,0.0,201,COMMON,200.0,0.0,5.601105583803416,5.601105583803416,True,True,False
B07,B,A-SINE,0.0,201,COMMON,220.0,0.0,3.206154800942631,3.206154800942631,True,True,False
B07,B,A-SINE,0.0,235,COMMON,180.0,0.0,1.684726836192221,1.684726836192221,True,True,False
B07,B,A-SINE,0.0,235,COMMON,200.0,0.0,5.233434701349765,5.233434701349765,True,True,False
B07,B,A-SINE,0.0,235,COMMON,220.0,0.0,3.4312595937251085,3.4312595937251085,True,True,False
B07,B,A-SINE,0.0,283,COMMON,180.0,0.0,2.1223792682613656,2.1223792682613656,True,True,False
B07,B,A-SINE,0.0,283,COMMON,200.0,0.0,2.9819584236662124,2.9819584236662124,True,True,False
B07,B,A-SINE,0.0,283,COMMON,220.0,0.0,2.2412686001355056,2.2412686001355056,True,True,False
B07,B,A-SINE,0.0,338,COMMON,180.0,0.0,4.87166863393769,4.87166863393769,True,True,False
B07,B,A-SINE,0.0,338,COMMON,200.0,0.0,1.452130175767119,1.452130175767119,True,True,False
B07,B,A-SINE,0.0,338,COMMON,220.0,0.0,3.3654210789403014,3.3654210789403014,True,True,False
B07,B,A-SINE,0.0,FOUR,COMMON_LINE_AMPLITUDE_VARIATION,180.0,0.0,5.387012554368784,5.387012554368784,True,True,False
B07,B,A-SINE,0.0,FOUR,COMMON_LINE_AMPLITUDE_VARIATION,200.0,0.0,7.029330909958292,7.029330909958292,True,True,False
B07,B,A-SINE,0.0,FOUR,COMMON_LINE_AMPLITUDE_VARIATION,220.0,0.0,6.142845800911105,6.142845800911105,True,True,False
B07,B,A-SINE,0.0,FOUR,LINE_SPECIFIC_AMPLITUDE_VARIATION,180.0,0.0,5.387012554368784,5.387012554368784,True,True,False
B07,B,A-SINE,0.0,FOUR,LINE_SPECIFIC_AMPLITUDE_VARIATION,200.0,0.0,7.029330909958292,7.029330909958292,True,True,False
B07,B,A-SINE,0.0,FOUR,LINE_SPECIFIC_AMPLITUDE_VARIATION,220.0,0.0,6.142845800911105,6.142845800911105,True,True,False
B07,B,A-SINE,0.25,201,COMMON,180.0,0.24999999999999994,3.532227672293479,3.282227672293479,True,True,False
B07,B,A-SINE,0.25,201,COMMON,200.0,0.25000000000000006,5.515926257994223,5.265926257994223,True,True,False
B07,B,A-SINE,0.25,201,COMMON,220.0,0.24999999999999994,3.0561213620209218,2.8061213620209218,True,True,False
B07,B,A-SINE,0.25,235,COMMON,180.0,0.25,1.7130707396689888,1.4630707396689888,True,True,False
B07,B,A-SINE,0.25,235,COMMON,200.0,0.24999999999999994,5.188673226897136,4.938673226897136,True,True,False
B07,B,A-SINE,0.25,235,COMMON,220.0,0.2205322132883548,3.356956034227774,3.1364238209394193,True,True,False
B07,B,A-SINE,0.25,283,COMMON,180.0,0.25,2.0720482653046446,1.8220482653046446,True,True,False
B07,B,A-SINE,0.25,283,COMMON,200.0,0.25,3.084746648720924,2.834746648720924,True,True,False
B07,B,A-SINE,0.25,283,COMMON,220.0,0.24999999999999994,2.1801798564765273,1.9301798564765273,True,True,False
B07,B,A-SINE,0.25,338,COMMON,180.0,0.25,4.9111058045752145,4.6611058045752145,True,True,False
B07,B,A-SINE,0.25,338,COMMON,200.0,0.24822514454033703,1.5774757722138912,1.3292506276735543,True,True,False
B07,B,A-SINE,0.25,338,COMMON,220.0,0.25000000000000006,3.4242032869848615,3.1742032869848615,True,True,False
B07,B,A-SINE,0.25,FOUR,COMMON_LINE_AMPLITUDE_VARIATION,180.0,0.25,5.431060172173281,5.181060172173281,True,True,False
B07,B,A-SINE,0.25,FOUR,COMMON_LINE_AMPLITUDE_VARIATION,200.0,0.25,7.044188006135806,6.794188006135806,True,True,False
B07,B,A-SINE,0.25,FOUR,COMMON_LINE_AMPLITUDE_VARIATION,220.0,0.24999999999999997,6.140826780441052,5.890826780441052,True,True,False
B07,B,A-SINE,0.25,FOUR,LINE_SPECIFIC_AMPLITUDE_VARIATION,180.0,0.25,5.431060172173281,5.181060172173281,True,True,False
B07,B,A-SINE,0.25,FOUR,LINE_SPECIFIC_AMPLITUDE_VARIATION,200.0,0.25,7.044188006135806,6.794188006135806,True,True,False
B07,B,A-SINE,0.25,FOUR,LINE_SPECIFIC_AMPLITUDE_VARIATION,220.0,0.24999999999999997,6.140826780441052,5.890826780441052,True,True,False
B07,B,A-SINE,0.5,201,COMMON,180.0,0.4951683621386593,3.413576198761421,2.918407836622762,True,True,False
B07,B,A-SINE,0.5,201,COMMON,200.0,0.4999999999999999,5.440909961242375,4.940909961242375,True,True,False
B07,B,A-SINE,0.5,201,COMMON,220.0,0.5,2.9198162529847225,2.4198162529847225,True,True,False
B07,B,A-SINE,0.5,235,COMMON,180.0,0.5,1.6673035596971295,1.1673035596971295,True,True,False
B07,B,A-SINE,0.5,235,COMMON,200.0,0.5,5.155659117682858,4.655659117682858,True,True,False
B07,B,A-SINE,0.5,235,COMMON,220.0,0.4554663005127972,3.299964428891004,2.844498128378207,True,True,False
B07,B,A-SINE,0.5,283,COMMON,180.0,0.5,2.051164125358652,1.551164125358652,True,True,False
B07,B,A-SINE,0.5,283,COMMON,200.0,0.5,3.2037864680899166,2.7037864680899166,True,True,False
B07,B,A-SINE,0.5,283,COMMON,220.0,0.5,2.146644701672508,1.6466447016725079,True,True,False
B07,B,A-SINE,0.5,338,COMMON,180.0,0.4999999999999999,4.962838418543609,4.462838418543609,True,True,False
B07,B,A-SINE,0.5,338,COMMON,200.0,0.4960379371039634,1.7300802225533303,1.234042285449367,True,True,False
B07,B,A-SINE,0.5,338,COMMON,220.0,0.4999999999999999,3.4998967502799507,2.9998967502799507,True,True,False
B07,B,A-SINE,0.5,FOUR,COMMON_LINE_AMPLITUDE_VARIATION,180.0,0.5,5.486157573986265,4.986157573986265,True,True,False
B07,B,A-SINE,0.5,FOUR,COMMON_LINE_AMPLITUDE_VARIATION,200.0,0.5,7.046041982929284,6.546041982929284,True,True,False
B07,B,A-SINE,0.5,FOUR,COMMON_LINE_AMPLITUDE_VARIATION,220.0,0.5,6.114480177981638,5.614480177981638,True,True,False
B07,B,A-SINE,0.5,FOUR,LINE_SPECIFIC_AMPLITUDE_VARIATION,180.0,0.5,5.486157573986265,4.986157573986265,True,True,False
B07,B,A-SINE,0.5,FOUR,LINE_SPECIFIC_AMPLITUDE_VARIATION,200.0,0.5,7.046041982929284,6.546041982929284,True,True,False
B07,B,A-SINE,0.5,FOUR,LINE_SPECIFIC_AMPLITUDE_VARIATION,220.0,0.5,6.114480177981638,5.614480177981638,True,True,False
B07,B,A-SINE,1.0,201,COMMON,180.0,0.9824474014309781,3.2216832147838184,2.23923581335284,True,True,False
B07,B,A-SINE,1.0,201,COMMON,200.0,1.0,5.3230272074994325,4.3230272074994325,True,True,False
B07,B,A-SINE,1.0,201,COMMON,220.0,1.0,2.696520961309222,1.696520961309222,True,True,False
B07,B,A-SINE,1.0,235,COMMON,180.0,1.0,1.540806222430028,0.5408062224300281,True,True,False
B07,B,A-SINE,1.0,235,COMMON,200.0,1.0,5.125700254814055,4.125700254814055,True,True,False
B07,B,A-SINE,1.0,235,COMMON,220.0,0.9487253230059375,3.2412941958978774,2.29256887289194,True,True,False
B07,B,A-SINE,1.0,283,COMMON,180.0,1.0,2.100013042809734,1.100013042809734,True,True,False
B07,B,A-SINE,1.0,283,COMMON,200.0,1.0,3.4837364173769294,2.4837364173769294,True,True,False
B07,B,A-SINE,1.0,283,COMMON,220.0,1.0,2.166306075439002,1.1663060754390022,True,True,False
B07,B,A-SINE,1.0,338,COMMON,180.0,1.0,5.101605145270706,4.101605145270706,True,True,False
B07,B,A-SINE,1.0,338,COMMON,200.0,0.9886820248749665,1.915952177727191,0.9272701528522246,True,True,False
B07,B,A-SINE,1.0,338,COMMON,220.0,1.0,3.697633768596427,2.697633768596427,True,True,False
B07,B,A-SINE,1.0,FOUR,COMMON_LINE_AMPLITUDE_VARIATION,180.0,1.0,5.628138732501789,4.628138732501789,True,True,False
B07,B,A-SINE,1.0,FOUR,COMMON_LINE_AMPLITUDE_VARIATION,200.0,1.0,7.076295184913574,6.076295184913574,True,True,False
B07,B,A-SINE,1.0,FOUR,COMMON_LINE_AMPLITUDE_VARIATION,220.0,1.0,6.092298125176331,5.092298125176331,True,True,False
B07,B,A-SINE,1.0,FOUR,LINE_SPECIFIC_AMPLITUDE_VARIATION,180.0,1.0,5.628138732501789,4.628138732501789,True,True,False
B07,B,A-SINE,1.0,FOUR,LINE_SPECIFIC_AMPLITUDE_VARIATION,200.0,1.0,7.076295184913574,6.076295184913574,True,True,False
B07,B,A-SINE,1.0,FOUR,LINE_SPECIFIC_AMPLITUDE_VARIATION,220.0,1.0,6.092298125176331,5.092298125176331,True,True,False
B07,B,A-SINE,2.0,201,COMMON,180.0,1.976164283658947,3.054950618219296,1.078786334560349,True,True,False
B07,B,A-SINE,2.0,201,COMMON,200.0,2.0,5.224639082524707,3.224639082524707,True,True,False
B07,B,A-SINE,2.0,201,COMMON,220.0,2.0,2.502603041225784,0.5026030412257838,True,True,False
B07,B,A-SINE,2.0,235,COMMON,180.0,2.0,1.7499854641910144,-0.2500145358089856,False,False,False
B07,B,A-SINE,2.0,235,COMMON,200.0,2.0,5.211215542568723,3.2112155425687234,True,True,False
B07,B,A-SINE,2.0,235,COMMON,220.0,1.9450827088643488,3.352377325002652,1.4072946161383033,True,True,False
B07,B,A-SINE,2.0,283,COMMON,180.0,2.0,2.513088896477072,0.5130888964770719,True,True,False
B07,B,A-SINE,2.0,283,COMMON,200.0,2.0,3.952570019046807,1.952570019046807,True,True,False
B07,B,A-SINE,2.0,283,COMMON,220.0,1.9955317738342595,2.3635009655991497,0.3679691917648902,True,False,False
B07,B,A-SINE,2.0,338,COMMON,180.0,2.0,5.481555121298107,3.481555121298107,True,True,False
B07,B,A-SINE,2.0,338,COMMON,200.0,1.9739293123160242,2.5540525629771706,0.5801232506611465,True,True,False
B07,B,A-SINE,2.0,338,COMMON,220.0,2.0,4.124673874619169,2.1246738746191687,True,True,False
B07,B,A-SINE,2.0,FOUR,COMMON_LINE_AMPLITUDE_VARIATION,180.0,2.0,6.027602087368308,4.027602087368308,True,True,False
B07,B,A-SINE,2.0,FOUR,COMMON_LINE_AMPLITUDE_VARIATION,200.0,2.0,7.240748951709971,5.240748951709971,True,True,False
B07,B,A-SINE,2.0,FOUR,COMMON_LINE_AMPLITUDE_VARIATION,220.0,2.0,6.170458138924566,4.170458138924566,True,True,False
B07,B,A-SINE,2.0,FOUR,LINE_SPECIFIC_AMPLITUDE_VARIATION,180.0,2.0,6.027602087368308,4.027602087368308,True,True,False
B07,B,A-SINE,2.0,FOUR,LINE_SPECIFIC_AMPLITUDE_VARIATION,200.0,2.0,7.240748951709971,5.240748951709971,True,True,False
B07,B,A-SINE,2.0,FOUR,LINE_SPECIFIC_AMPLITUDE_VARIATION,220.0,2.0,6.170458138924566,4.170458138924566,True,True,False
B08,B,A-RAMP,0.0,201,COMMON,180.0,0.0,0.9414235118196366,0.9414235118196366,True,True,False
B08,B,A-RAMP,0.0,201,COMMON,200.0,0.0,0.9772878196317215,0.9772878196317215,True,True,False
B08,B,A-RAMP,0.0,201,COMMON,220.0,0.0,0.49367798875110835,0.49367798875110835,True,False,False
B08,B,A-RAMP,0.0,235,COMMON,180.0,0.0,1.3397976927006379,1.3397976927006379,True,True,False
B08,B,A-RAMP,0.0,235,COMMON,200.0,0.0,1.1669957761938454,1.1669957761938454,True,True,False
B08,B,A-RAMP,0.0,235,COMMON,220.0,0.0,0.834887193181981,0.834887193181981,True,True,False
B08,B,A-RAMP,0.0,283,COMMON,180.0,0.0,1.7279105443774538,1.7279105443774538,True,True,False
B08,B,A-RAMP,0.0,283,COMMON,200.0,0.0,3.8519344766747667,3.8519344766747667,True,True,False
B08,B,A-RAMP,0.0,283,COMMON,220.0,0.0,1.0883927292833193,1.0883927292833193,True,True,False
B08,B,A-RAMP,0.0,338,COMMON,180.0,0.0,2.0622360342709274,2.0622360342709274,True,True,False
B08,B,A-RAMP,0.0,338,COMMON,200.0,0.0,1.1059605202847889,1.1059605202847889,True,True,False
B08,B,A-RAMP,0.0,338,COMMON,220.0,0.0,1.0139423340809326,1.0139423340809326,True,True,False
B08,B,A-RAMP,0.0,FOUR,COMMON_LINE_AMPLITUDE_VARIATION,180.0,0.0,3.2054874573295318,3.2054874573295318,True,True,False
B08,B,A-RAMP,0.0,FOUR,COMMON_LINE_AMPLITUDE_VARIATION,200.0,0.0,3.512136089412344,3.512136089412344,True,True,False
B08,B,A-RAMP,0.0,FOUR,COMMON_LINE_AMPLITUDE_VARIATION,220.0,0.0,1.6450160323256764,1.6450160323256764,True,True,False
B08,B,A-RAMP,0.0,FOUR,LINE_SPECIFIC_AMPLITUDE_VARIATION,180.0,0.0,3.2054874573295318,3.2054874573295318,True,True,False
B08,B,A-RAMP,0.0,FOUR,LINE_SPECIFIC_AMPLITUDE_VARIATION,200.0,0.0,3.512136089412344,3.512136089412344,True,True,False
B08,B,A-RAMP,0.0,FOUR,LINE_SPECIFIC_AMPLITUDE_VARIATION,220.0,0.0,1.6450160323256764,1.6450160323256764,True,True,False
B08,B,A-RAMP,0.25,201,COMMON,180.0,0.25,0.9576471017290763,0.7076471017290763,True,True,False
B08,B,A-RAMP,0.25,201,COMMON,200.0,0.25,1.0876451894082537,0.8376451894082537,True,True,False
B08,B,A-RAMP,0.25,201,COMMON,220.0,0.06657699857817725,0.597417522401408,0.5308405238232308,True,True,False
B08,B,A-RAMP,0.25,235,COMMON,180.0,0.25,1.2298966267723754,0.9798966267723754,True,True,False
B08,B,A-RAMP,0.25,235,COMMON,200.0,0.25,1.1854573493358305,0.9354573493358305,True,True,False
B08,B,A-RAMP,0.25,235,COMMON,220.0,0.1744913199437226,0.960626592023519,0.7861352720797964,True,True,False
B08,B,A-RAMP,0.25,283,COMMON,180.0,0.25,1.6934911114554447,1.4434911114554447,True,True,False
B08,B,A-RAMP,0.25,283,COMMON,200.0,0.25,3.996749237352131,3.746749237352131,True,True,False
B08,B,A-RAMP,0.25,283,COMMON,220.0,0.25,1.1941653661607536,0.9441653661607536,True,True,False
B08,B,A-RAMP,0.25,338,COMMON,180.0,0.24999999999999997,2.0235919762813506,1.7735919762813506,True,True,False
B08,B,A-RAMP,0.25,338,COMMON,200.0,0.25,1.1749765165752954,0.9249765165752954,True,True,False
B08,B,A-RAMP,0.25,338,COMMON,220.0,0.25,0.8662479965213491,0.6162479965213491,True,True,False
B08,B,A-RAMP,0.25,FOUR,COMMON_LINE_AMPLITUDE_VARIATION,180.0,0.25,3.2324057177182253,2.9824057177182253,True,True,False
B08,B,A-RAMP,0.25,FOUR,COMMON_LINE_AMPLITUDE_VARIATION,200.0,0.25,3.466960919926778,3.216960919926778,True,True,False
B08,B,A-RAMP,0.25,FOUR,COMMON_LINE_AMPLITUDE_VARIATION,220.0,0.25,1.7217433949155339,1.4717433949155339,True,True,False
B08,B,A-RAMP,0.25,FOUR,LINE_SPECIFIC_AMPLITUDE_VARIATION,180.0,0.25,3.2324057177182253,2.9824057177182253,True,True,False
B08,B,A-RAMP,0.25,FOUR,LINE_SPECIFIC_AMPLITUDE_VARIATION,200.0,0.25,3.466960919926778,3.216960919926778,True,True,False
B08,B,A-RAMP,0.25,FOUR,LINE_SPECIFIC_AMPLITUDE_VARIATION,220.0,0.25,1.7217433949155339,1.4717433949155339,True,True,False
B08,B,A-RAMP,0.5,201,COMMON,180.0,0.5,1.0358077593324844,0.5358077593324844,True,True,False
B08,B,A-RAMP,0.5,201,COMMON,200.0,0.5,1.2365341048713792,0.7365341048713792,True,True,False
B08,B,A-RAMP,0.5,201,COMMON,220.0,0.2553368094681493,0.771425586539061,0.5160887770709117,True,True,False
B08,B,A-RAMP,0.5,235,COMMON,180.0,0.5,1.1641449942881612,0.6641449942881612,True,True,False
B08,B,A-RAMP,0.5,235,COMMON,200.0,0.3131809989868861,1.1326002466296534,0.8194192476427673,True,True,False
B08,B,A-RAMP,0.5,235,COMMON,220.0,0.363519841296749,0.8072245135667276,0.4437046722699786,True,False,False
B08,B,A-RAMP,0.5,283,COMMON,180.0,0.4421507594113234,1.695626562597557,1.2534758031862336,True,True,False
B08,B,A-RAMP,0.5,283,COMMON,200.0,0.5,4.151579183871359,3.651579183871359,True,True,False
B08,B,A-RAMP,0.5,283,COMMON,220.0,0.3987719258039487,1.3388290071248465,0.9400570813208978,True,True,False
B08,B,A-RAMP,0.5,338,COMMON,180.0,0.5,2.0154482161283735,1.5154482161283735,True,True,False
B08,B,A-RAMP,0.5,338,COMMON,200.0,0.5,1.0681237931824314,0.5681237931824314,True,True,False
B08,B,A-RAMP,0.5,338,COMMON,220.0,0.31948548254089876,0.7731055077497591,0.4536200252088603,True,False,False
B08,B,A-RAMP,0.5,FOUR,COMMON_LINE_AMPLITUDE_VARIATION,180.0,0.5,3.2782226295323516,2.7782226295323516,True,True,False
B08,B,A-RAMP,0.5,FOUR,COMMON_LINE_AMPLITUDE_VARIATION,200.0,0.5,3.439409270506555,2.939409270506555,True,True,False
B08,B,A-RAMP,0.5,FOUR,COMMON_LINE_AMPLITUDE_VARIATION,220.0,0.5,1.8296783567780501,1.3296783567780501,True,True,False
B08,B,A-RAMP,0.5,FOUR,LINE_SPECIFIC_AMPLITUDE_VARIATION,180.0,0.5,3.2782226295323516,2.7782226295323516,True,True,False
B08,B,A-RAMP,0.5,FOUR,LINE_SPECIFIC_AMPLITUDE_VARIATION,200.0,0.5,3.439409270506555,2.939409270506555,True,True,False
B08,B,A-RAMP,0.5,FOUR,LINE_SPECIFIC_AMPLITUDE_VARIATION,220.0,0.5,1.8296783567780501,1.3296783567780501,True,True,False
B08,B,A-RAMP,1.0,201,COMMON,180.0,1.0,1.3264679415575586,0.32646794155755865,True,False,False
B08,B,A-RAMP,1.0,201,COMMON,200.0,1.0,1.6112435140115717,0.6112435140115717,True,True,False
B08,B,A-RAMP,1.0,201,COMMON,220.0,0.716433388502327,0.8005490428227244,0.08411565432039747,True,False,False
B08,B,A-RAMP,1.0,235,COMMON,180.0,1.0,1.1897097453103482,0.18970974531034823,True,False,False
B08,B,A-RAMP,1.0,235,COMMON,200.0,0.468762782778388,0.879000063530415,0.41023728075202703,True,False,False
B08,B,A-RAMP,1.0,235,COMMON,220.0,0.8429386594396033,0.6958644604401629,-0.1470741989994404,False,False,False
B08,B,A-RAMP,1.0,283,COMMON,180.0,0.2576774193714141,1.7153338359275867,1.4576564165561727,True,True,False
B08,B,A-RAMP,1.0,283,COMMON,200.0,0.7255837011021724,4.4870725676449945,3.7614888665428223,True,True,False
B08,B,A-RAMP,1.0,283,COMMON,220.0,0.8242309142554076,1.5259860820574571,0.7017551678020495,True,True,False
B08,B,A-RAMP,1.0,338,COMMON,180.0,1.0,2.0907523915434387,1.0907523915434387,True,True,False
B08,B,A-RAMP,1.0,338,COMMON,200.0,0.881117909908272,1.0180990539630443,0.13698114405477235,True,False,False
B08,B,A-RAMP,1.0,338,COMMON,220.0,0.6581407837201587,0.8168875047303248,0.15874672101016607,True,False,False
B08,B,A-RAMP,1.0,FOUR,COMMON_LINE_AMPLITUDE_VARIATION,180.0,1.0,3.4232057166432557,2.4232057166432557,True,True,False
B08,B,A-RAMP,1.0,FOUR,COMMON_LINE_AMPLITUDE_VARIATION,200.0,1.0,3.4386003474582836,2.4386003474582836,True,True,False
B08,B,A-RAMP,1.0,FOUR,COMMON_LINE_AMPLITUDE_VARIATION,220.0,1.0,2.118812882704733,1.118812882704733,True,True,False
B08,B,A-RAMP,1.0,FOUR,LINE_SPECIFIC_AMPLITUDE_VARIATION,180.0,1.0,3.4232057166432557,2.4232057166432557,True,True,False
B08,B,A-RAMP,1.0,FOUR,LINE_SPECIFIC_AMPLITUDE_VARIATION,200.0,1.0,3.4386003474582836,2.4386003474582836,True,True,False
B08,B,A-RAMP,1.0,FOUR,LINE_SPECIFIC_AMPLITUDE_VARIATION,220.0,1.0,2.118812882704733,1.118812882704733,True,True,False
B08,B,A-RAMP,2.0,201,COMMON,180.0,1.979457320061617,1.73627539919373,-0.24318192086788692,False,False,False
B08,B,A-RAMP,2.0,201,COMMON,200.0,2.0,2.49605364511922,0.4960536451192201,True,False,False
B08,B,A-RAMP,2.0,201,COMMON,220.0,1.6756223886456147,0.7374030707834125,-0.9382193178622023,False,False,False
B08,B,A-RAMP,2.0,235,COMMON,180.0,2.0,1.7423434503010233,-0.25765654969897667,False,False,False
B08,B,A-RAMP,2.0,235,COMMON,200.0,1.3858134704591063,1.0962026902219553,-0.28961078023715103,False,False,False
B08,B,A-RAMP,2.0,235,COMMON,220.0,1.8350322614877046,1.2843127389016107,-0.5507195225860939,False,False,False
B08,B,A-RAMP,2.0,283,COMMON,180.0,0.5464077408202919,1.5321329019677197,0.9857251611474278,True,True,False
B08,B,A-RAMP,2.0,283,COMMON,200.0,1.441131555172082,4.573418475189742,3.13228692001766,True,True,False
B08,B,A-RAMP,2.0,283,COMMON,220.0,1.7944446780060217,2.045052327917016,0.25060764991099416,True,False,False
B08,B,A-RAMP,2.0,338,COMMON,180.0,1.9883684215278468,2.547483790810795,0.559115369282948,True,True,False
B08,B,A-RAMP,2.0,338,COMMON,200.0,1.7643803160193894,1.301041750425426,-0.46333856559396347,False,False,False
B08,B,A-RAMP,2.0,338,COMMON,220.0,1.6109953216811561,1.5187268793063429,-0.09226844237481324,False,False,False
B08,B,A-RAMP,2.0,FOUR,COMMON_LINE_AMPLITUDE_VARIATION,180.0,2.0,3.8937802862797977,1.8937802862797977,True,True,False
B08,B,A-RAMP,2.0,FOUR,COMMON_LINE_AMPLITUDE_VARIATION,200.0,2.0,3.6486771285669866,1.6486771285669866,True,True,False
B08,B,A-RAMP,2.0,FOUR,COMMON_LINE_AMPLITUDE_VARIATION,220.0,2.0,2.301471591391544,0.301471591391544,True,False,False
B08,B,A-RAMP,2.0,FOUR,LINE_SPECIFIC_AMPLITUDE_VARIATION,180.0,2.0,3.8937802862797977,1.8937802862797977,True,True,False
B08,B,A-RAMP,2.0,FOUR,LINE_SPECIFIC_AMPLITUDE_VARIATION,200.0,2.0,3.6486771285669866,1.6486771285669866,True,True,False
B08,B,A-RAMP,2.0,FOUR,LINE_SPECIFIC_AMPLITUDE_VARIATION,220.0,2.0,2.301471591391544,0.301471591391544,True,False,False
B08,B,A-SINE,0.0,201,COMMON,180.0,0.0,0.9414235118196366,0.9414235118196366,True,True,False
B08,B,A-SINE,0.0,201,COMMON,200.0,0.0,0.9772878196317215,0.9772878196317215,True,True,False
B08,B,A-SINE,0.0,201,COMMON,220.0,0.0,0.49367798875110835,0.49367798875110835,True,False,False
B08,B,A-SINE,0.0,235,COMMON,180.0,0.0,1.3397976927006379,1.3397976927006379,True,True,False
B08,B,A-SINE,0.0,235,COMMON,200.0,0.0,1.1669957761938454,1.1669957761938454,True,True,False
B08,B,A-SINE,0.0,235,COMMON,220.0,0.0,0.834887193181981,0.834887193181981,True,True,False
B08,B,A-SINE,0.0,283,COMMON,180.0,0.0,1.7279105443774538,1.7279105443774538,True,True,False
B08,B,A-SINE,0.0,283,COMMON,200.0,0.0,3.8519344766747667,3.8519344766747667,True,True,False
B08,B,A-SINE,0.0,283,COMMON,220.0,0.0,1.0883927292833193,1.0883927292833193,True,True,False
B08,B,A-SINE,0.0,338,COMMON,180.0,0.0,2.0622360342709274,2.0622360342709274,True,True,False
B08,B,A-SINE,0.0,338,COMMON,200.0,0.0,1.1059605202847889,1.1059605202847889,True,True,False
B08,B,A-SINE,0.0,338,COMMON,220.0,0.0,1.0139423340809326,1.0139423340809326,True,True,False
B08,B,A-SINE,0.0,FOUR,COMMON_LINE_AMPLITUDE_VARIATION,180.0,0.0,3.2054874573295318,3.2054874573295318,True,True,False
B08,B,A-SINE,0.0,FOUR,COMMON_LINE_AMPLITUDE_VARIATION,200.0,0.0,3.512136089412344,3.512136089412344,True,True,False
B08,B,A-SINE,0.0,FOUR,COMMON_LINE_AMPLITUDE_VARIATION,220.0,0.0,1.6450160323256764,1.6450160323256764,True,True,False
B08,B,A-SINE,0.0,FOUR,LINE_SPECIFIC_AMPLITUDE_VARIATION,180.0,0.0,3.2054874573295318,3.2054874573295318,True,True,False
B08,B,A-SINE,0.0,FOUR,LINE_SPECIFIC_AMPLITUDE_VARIATION,200.0,0.0,3.512136089412344,3.512136089412344,True,True,False
B08,B,A-SINE,0.0,FOUR,LINE_SPECIFIC_AMPLITUDE_VARIATION,220.0,0.0,1.6450160323256764,1.6450160323256764,True,True,False
B08,B,A-SINE,0.25,201,COMMON,180.0,0.24999999999999994,0.8729411905810541,0.6229411905810542,True,True,False
B08,B,A-SINE,0.25,201,COMMON,200.0,0.25000000000000006,0.8953452256495552,0.6453452256495551,True,True,False
B08,B,A-SINE,0.25,201,COMMON,220.0,0.24999999999999994,0.44246229456213665,0.1924622945621367,True,False,False
B08,B,A-SINE,0.25,235,COMMON,180.0,0.25,1.4377861326882346,1.1877861326882346,True,True,False
B08,B,A-SINE,0.25,235,COMMON,200.0,0.24999999999999994,1.2219664569060955,0.9719664569060955,True,True,False
B08,B,A-SINE,0.25,235,COMMON,220.0,0.24999999999999994,0.7508981233154902,0.5008981233154903,True,True,False
B08,B,A-SINE,0.25,283,COMMON,180.0,0.25,1.8461036348361048,1.5961036348361048,True,True,False
B08,B,A-SINE,0.25,283,COMMON,200.0,0.25,3.7595045564849903,3.5095045564849903,True,True,False
B08,B,A-SINE,0.25,283,COMMON,220.0,0.24999999999999994,1.0523712750646816,0.8023712750646816,True,True,False
B08,B,A-SINE,0.25,338,COMMON,180.0,0.25000000000000006,2.1260288396897686,1.8760288396897686,True,True,False
B08,B,A-SINE,0.25,338,COMMON,200.0,0.2458569502496011,1.112246201027698,0.8663892507780968,True,True,False
B08,B,A-SINE,0.25,338,COMMON,220.0,0.24999999999999997,1.1078202985300825,0.8578202985300825,True,True,False
B08,B,A-SINE,0.25,FOUR,COMMON_LINE_AMPLITUDE_VARIATION,180.0,0.25,3.1848109889688847,2.9348109889688847,True,True,False
B08,B,A-SINE,0.25,FOUR,COMMON_LINE_AMPLITUDE_VARIATION,200.0,0.24999999999999997,3.5655331501276337,3.3155331501276337,True,True,False
B08,B,A-SINE,0.25,FOUR,COMMON_LINE_AMPLITUDE_VARIATION,220.0,0.24999999999999994,1.6237341429552348,1.3737341429552348,True,True,False
B08,B,A-SINE,0.25,FOUR,LINE_SPECIFIC_AMPLITUDE_VARIATION,180.0,0.25,3.1848109889688847,2.9348109889688847,True,True,False
B08,B,A-SINE,0.25,FOUR,LINE_SPECIFIC_AMPLITUDE_VARIATION,200.0,0.24999999999999997,3.5655331501276337,3.3155331501276337,True,True,False
B08,B,A-SINE,0.25,FOUR,LINE_SPECIFIC_AMPLITUDE_VARIATION,220.0,0.24999999999999994,1.6237341429552348,1.3737341429552348,True,True,False
B08,B,A-SINE,0.5,201,COMMON,180.0,0.5,0.8733695757348768,0.37336957573487684,True,False,False
B08,B,A-SINE,0.5,201,COMMON,200.0,0.4999999999999999,0.8793148831825726,0.37931488318257267,True,False,False
B08,B,A-SINE,0.5,201,COMMON,220.0,0.5,0.5223292138498885,0.022329213849888507,True,False,False
B08,B,A-SINE,0.5,235,COMMON,180.0,0.42713136585959144,1.468908906544789,1.0417775406851975,True,True,False
B08,B,A-SINE,0.5,235,COMMON,200.0,0.5,1.322696073160043,0.822696073160043,True,True,False
B08,B,A-SINE,0.5,235,COMMON,220.0,0.5,0.7454256219490738,0.2454256219490738,True,False,False
B08,B,A-SINE,0.5,283,COMMON,180.0,0.5,1.9888495196317315,1.4888495196317315,True,True,False
B08,B,A-SINE,0.5,283,COMMON,200.0,0.5,3.6817590643423563,3.1817590643423563,True,True,False
B08,B,A-SINE,0.5,283,COMMON,220.0,0.5,1.0748822577406958,0.5748822577406958,True,True,False
B08,B,A-SINE,0.5,338,COMMON,180.0,0.4999999999999999,2.216343789519073,1.716343789519073,True,True,False
B08,B,A-SINE,0.5,338,COMMON,200.0,0.4759866190047112,1.1730449910265555,0.6970583720218443,True,True,False
B08,B,A-SINE,0.5,338,COMMON,220.0,0.49999999999999994,1.217979892256961,0.7179798922569609,True,True,False
B08,B,A-SINE,0.5,FOUR,COMMON_LINE_AMPLITUDE_VARIATION,180.0,0.5,3.183691604382715,2.683691604382715,True,True,False
B08,B,A-SINE,0.5,FOUR,COMMON_LINE_AMPLITUDE_VARIATION,200.0,0.5,3.635375273443657,3.135375273443657,True,True,False
B08,B,A-SINE,0.5,FOUR,COMMON_LINE_AMPLITUDE_VARIATION,220.0,0.5,1.64071551080272,1.14071551080272,True,True,False
B08,B,A-SINE,0.5,FOUR,LINE_SPECIFIC_AMPLITUDE_VARIATION,180.0,0.5,3.183691604382715,2.683691604382715,True,True,False
B08,B,A-SINE,0.5,FOUR,LINE_SPECIFIC_AMPLITUDE_VARIATION,200.0,0.5,3.635375273443657,3.135375273443657,True,True,False
B08,B,A-SINE,0.5,FOUR,LINE_SPECIFIC_AMPLITUDE_VARIATION,220.0,0.5,1.64071551080272,1.14071551080272,True,True,False
B08,B,A-SINE,1.0,201,COMMON,180.0,0.9798939280439578,1.0673661991237218,0.08747227107976396,True,False,False
B08,B,A-SINE,1.0,201,COMMON,200.0,1.0,1.044652021092305,0.04465202109230493,True,False,False
B08,B,A-SINE,1.0,201,COMMON,220.0,1.0,0.8955097200504,-0.10449027994960003,False,False,False
B08,B,A-SINE,1.0,235,COMMON,180.0,0.7057234204401293,1.3810034195341907,0.6752799990940614,True,True,False
B08,B,A-SINE,1.0,235,COMMON,200.0,1.0,1.6239367790193435,0.6239367790193435,True,True,False
B08,B,A-SINE,1.0,235,COMMON,220.0,0.7092225250067787,0.9561809924784328,0.24695846747165406,True,False,False
B08,B,A-SINE,1.0,283,COMMON,180.0,1.0,1.739568811498938,0.739568811498938,True,True,False
B08,B,A-SINE,1.0,283,COMMON,200.0,1.0,3.5739754340423904,2.5739754340423904,True,True,False
B08,B,A-SINE,1.0,283,COMMON,220.0,1.0,1.2752039063830847,0.2752039063830847,True,False,False
B08,B,A-SINE,1.0,338,COMMON,180.0,1.0,2.3972104371119585,1.3972104371119585,True,True,False
B08,B,A-SINE,1.0,338,COMMON,200.0,0.9663325020108445,1.424401779525841,0.4580692775149965,True,False,False
B08,B,A-SINE,1.0,338,COMMON,220.0,1.0,1.5397705758184472,0.5397705758184472,True,True,False
B08,B,A-SINE,1.0,FOUR,COMMON_LINE_AMPLITUDE_VARIATION,180.0,1.0,3.2398510188798846,2.2398510188798846,True,True,False
B08,B,A-SINE,1.0,FOUR,COMMON_LINE_AMPLITUDE_VARIATION,200.0,1.0,3.820576768889543,2.820576768889543,True,True,False
B08,B,A-SINE,1.0,FOUR,COMMON_LINE_AMPLITUDE_VARIATION,220.0,1.0,1.782643270025933,0.7826432700259329,True,True,False
B08,B,A-SINE,1.0,FOUR,LINE_SPECIFIC_AMPLITUDE_VARIATION,180.0,1.0,3.2398510188798846,2.2398510188798846,True,True,False
B08,B,A-SINE,1.0,FOUR,LINE_SPECIFIC_AMPLITUDE_VARIATION,200.0,1.0,3.820576768889543,2.820576768889543,True,True,False
B08,B,A-SINE,1.0,FOUR,LINE_SPECIFIC_AMPLITUDE_VARIATION,220.0,1.0,1.782643270025933,0.7826432700259329,True,True,False
B08,B,A-SINE,2.0,201,COMMON,180.0,1.8818533044801213,1.619548003574862,-0.2623053009052594,False,False,False
B08,B,A-SINE,2.0,201,COMMON,200.0,2.0,1.7965255934564226,-0.2034744065435774,False,False,False
B08,B,A-SINE,2.0,201,COMMON,220.0,1.9975501682276378,1.5617141132024641,-0.43583605502517364,False,False,False
B08,B,A-SINE,2.0,235,COMMON,180.0,1.342463118705321,1.704735927597635,0.36227280889231395,True,False,False
B08,B,A-SINE,2.0,235,COMMON,200.0,2.0,2.431555506841076,0.43155550684107613,True,False,False
B08,B,A-SINE,2.0,235,COMMON,220.0,1.518858531136402,1.769612261320201,0.250753730183799,True,False,False
B08,B,A-SINE,2.0,283,COMMON,180.0,2.0,1.2273784307845321,-0.7726215692154679,False,False,False
B08,B,A-SINE,2.0,283,COMMON,200.0,2.0,3.347313900770799,1.347313900770799,True,True,False
B08,B,A-SINE,2.0,283,COMMON,220.0,2.0,2.016851822160608,0.016851822160607988,True,False,False
B08,B,A-SINE,2.0,338,COMMON,180.0,2.0,2.9410620157880962,0.9410620157880962,True,True,False
B08,B,A-SINE,2.0,338,COMMON,200.0,1.89833289302418,2.1168442877311104,0.21851139470693037,True,False,False
B08,B,A-SINE,2.0,338,COMMON,220.0,2.0,2.3760745448289837,0.3760745448289837,True,False,False
B08,B,A-SINE,2.0,FOUR,COMMON_LINE_AMPLITUDE_VARIATION,180.0,2.0,3.566247244650475,1.5662472446504752,True,True,False
B08,B,A-SINE,2.0,FOUR,COMMON_LINE_AMPLITUDE_VARIATION,200.0,2.0,4.342639034435661,2.3426390344356607,True,True,False
B08,B,A-SINE,2.0,FOUR,COMMON_LINE_AMPLITUDE_VARIATION,220.0,2.0,2.376879532018607,0.37687953201860713,True,False,False
B08,B,A-SINE,2.0,FOUR,LINE_SPECIFIC_AMPLITUDE_VARIATION,180.0,2.0,3.566247244650475,1.5662472446504752,True,True,False
B08,B,A-SINE,2.0,FOUR,LINE_SPECIFIC_AMPLITUDE_VARIATION,200.0,2.0,4.342639034435661,2.3426390344356607,True,True,False
B08,B,A-SINE,2.0,FOUR,LINE_SPECIFIC_AMPLITUDE_VARIATION,220.0,2.0,2.376879532018607,0.37687953201860713,True,False,False
B09,B,A-RAMP,0.0,201,COMMON,180.0,0.0,2.524835372695582,2.524835372695582,True,True,False
B09,B,A-RAMP,0.0,201,COMMON,200.0,0.0,3.8062425415388343,3.8062425415388343,True,True,False
B09,B,A-RAMP,0.0,201,COMMON,220.0,0.0,1.7205285088417042,1.7205285088417042,True,True,False
B09,B,A-RAMP,0.0,235,COMMON,180.0,0.0,2.6876041891890616,2.6876041891890616,True,True,False
B09,B,A-RAMP,0.0,235,COMMON,200.0,0.0,3.190364211600016,3.190364211600016,True,True,False
B09,B,A-RAMP,0.0,235,COMMON,220.0,0.0,1.6090238885764783,1.6090238885764783,True,True,False
B09,B,A-RAMP,0.0,283,COMMON,180.0,0.0,2.201268593614652,2.201268593614652,True,True,False
B09,B,A-RAMP,0.0,283,COMMON,200.0,0.0,4.227448687749579,4.227448687749579,True,True,False
B09,B,A-RAMP,0.0,283,COMMON,220.0,0.0,2.3341396309399607,2.3341396309399607,True,True,False
B09,B,A-RAMP,0.0,338,COMMON,180.0,0.0,3.331978823995417,3.331978823995417,True,True,False
B09,B,A-RAMP,0.0,338,COMMON,200.0,0.0,1.0247875995612867,1.0247875995612867,True,True,False
B09,B,A-RAMP,0.0,338,COMMON,220.0,0.0,2.2005313445131485,2.2005313445131485,True,True,False
B09,B,A-RAMP,0.0,FOUR,COMMON_LINE_AMPLITUDE_VARIATION,180.0,0.0,3.9723324041636108,3.9723324041636108,True,True,False
B09,B,A-RAMP,0.0,FOUR,COMMON_LINE_AMPLITUDE_VARIATION,200.0,0.0,5.288259027791135,5.288259027791135,True,True,False
B09,B,A-RAMP,0.0,FOUR,COMMON_LINE_AMPLITUDE_VARIATION,220.0,0.0,4.120939187033393,4.120939187033393,True,True,False
B09,B,A-RAMP,0.0,FOUR,LINE_SPECIFIC_AMPLITUDE_VARIATION,180.0,0.0,3.9723324041636108,3.9723324041636108,True,True,False
B09,B,A-RAMP,0.0,FOUR,LINE_SPECIFIC_AMPLITUDE_VARIATION,200.0,0.0,5.288259027791135,5.288259027791135,True,True,False
B09,B,A-RAMP,0.0,FOUR,LINE_SPECIFIC_AMPLITUDE_VARIATION,220.0,0.0,4.120939187033393,4.120939187033393,True,True,False
B09,B,A-RAMP,0.25,201,COMMON,180.0,0.25,2.5938198587261057,2.3438198587261057,True,True,False
B09,B,A-RAMP,0.25,201,COMMON,200.0,0.25,3.842131391009647,3.592131391009647,True,True,False
B09,B,A-RAMP,0.25,201,COMMON,220.0,0.25,1.7402100558346247,1.4902100558346247,True,True,False
B09,B,A-RAMP,0.25,235,COMMON,180.0,0.25,2.6336375195551702,2.3836375195551702,True,True,False
B09,B,A-RAMP,0.25,235,COMMON,200.0,0.25,3.241091798267203,2.991091798267203,True,True,False
B09,B,A-RAMP,0.25,235,COMMON,220.0,0.25,1.5929127294891277,1.3429127294891277,True,True,False
B09,B,A-RAMP,0.25,283,COMMON,180.0,0.25,2.1590180123686045,1.9090180123686045,True,True,False
B09,B,A-RAMP,0.25,283,COMMON,200.0,0.25,4.372166903404628,4.122166903404628,True,True,False
B09,B,A-RAMP,0.25,283,COMMON,220.0,0.25,2.3918187301468694,2.1418187301468694,True,True,False
B09,B,A-RAMP,0.25,338,COMMON,180.0,0.25,3.2869526488949705,3.0369526488949705,True,True,False
B09,B,A-RAMP,0.25,338,COMMON,200.0,0.25,0.9425449923636721,0.6925449923636721,True,True,False
B09,B,A-RAMP,0.25,338,COMMON,220.0,0.25,2.2011702521654164,1.9511702521654164,True,True,False
B09,B,A-RAMP,0.25,FOUR,COMMON_LINE_AMPLITUDE_VARIATION,180.0,0.25,3.9858759606421406,3.7358759606421406,True,True,False
B09,B,A-RAMP,0.25,FOUR,COMMON_LINE_AMPLITUDE_VARIATION,200.0,0.25,5.277306283892016,5.027306283892016,True,True,False
B09,B,A-RAMP,0.25,FOUR,COMMON_LINE_AMPLITUDE_VARIATION,220.0,0.25,4.1289900166903335,3.8789900166903335,True,True,False
B09,B,A-RAMP,0.25,FOUR,LINE_SPECIFIC_AMPLITUDE_VARIATION,180.0,0.25,3.9858759606421406,3.7358759606421406,True,True,False
B09,B,A-RAMP,0.25,FOUR,LINE_SPECIFIC_AMPLITUDE_VARIATION,200.0,0.25,5.277306283892016,5.027306283892016,True,True,False
B09,B,A-RAMP,0.25,FOUR,LINE_SPECIFIC_AMPLITUDE_VARIATION,220.0,0.25,4.1289900166903335,3.8789900166903335,True,True,False
B09,B,A-RAMP,0.5,201,COMMON,180.0,0.5,2.6844010989099583,2.1844010989099583,True,True,False
B09,B,A-RAMP,0.5,201,COMMON,200.0,0.5,3.8605659809251254,3.3605659809251254,True,True,False
B09,B,A-RAMP,0.5,201,COMMON,220.0,0.2846247512625119,1.7884067588977082,1.5037820076351962,True,True,False
B09,B,A-RAMP,0.5,235,COMMON,180.0,0.5,2.602667264763367,2.102667264763367,True,True,False
B09,B,A-RAMP,0.5,235,COMMON,200.0,0.5,3.309974061368408,2.809974061368408,True,True,False
B09,B,A-RAMP,0.5,235,COMMON,220.0,0.3784712264128503,1.61579208239403,1.2373208559811797,True,True,False
B09,B,A-RAMP,0.5,283,COMMON,180.0,0.5,2.1452585238683786,1.6452585238683786,True,True,False
B09,B,A-RAMP,0.5,283,COMMON,200.0,0.5,4.52607605491755,4.02607605491755,True,True,False
B09,B,A-RAMP,0.5,283,COMMON,220.0,0.46767962368600535,2.473537114950619,2.0058574912646137,True,True,False
B09,B,A-RAMP,0.5,338,COMMON,180.0,0.5,3.260526422006337,2.760526422006337,True,True,False
B09,B,A-RAMP,0.5,338,COMMON,200.0,0.3319433532870822,0.9154420474107954,0.5834986941237132,True,True,False
B09,B,A-RAMP,0.5,338,COMMON,220.0,0.5,2.230014071671092,1.730014071671092,True,True,False
B09,B,A-RAMP,0.5,FOUR,COMMON_LINE_AMPLITUDE_VARIATION,180.0,0.5,4.014970687076254,3.5149706870762536,True,True,False
B09,B,A-RAMP,0.5,FOUR,COMMON_LINE_AMPLITUDE_VARIATION,200.0,0.5,5.278185264179145,4.778185264179145,True,True,False
B09,B,A-RAMP,0.5,FOUR,COMMON_LINE_AMPLITUDE_VARIATION,220.0,0.5,4.1521051687823896,3.6521051687823896,True,True,False
B09,B,A-RAMP,0.5,FOUR,LINE_SPECIFIC_AMPLITUDE_VARIATION,180.0,0.5,4.014970687076254,3.5149706870762536,True,True,False
B09,B,A-RAMP,0.5,FOUR,LINE_SPECIFIC_AMPLITUDE_VARIATION,200.0,0.5,5.278185264179145,4.778185264179145,True,True,False
B09,B,A-RAMP,0.5,FOUR,LINE_SPECIFIC_AMPLITUDE_VARIATION,220.0,0.5,4.1521051687823896,3.6521051687823896,True,True,False
B09,B,A-RAMP,1.0,201,COMMON,180.0,0.6880702382072286,2.92185298405706,2.2337827458498314,True,True,False
B09,B,A-RAMP,1.0,201,COMMON,200.0,0.6283769255517448,3.9073605643846396,3.278983638832895,True,True,False
B09,B,A-RAMP,1.0,201,COMMON,220.0,0.6129438327819479,1.978265434403867,1.3653216016219192,True,True,False
B09,B,A-RAMP,1.0,235,COMMON,180.0,1.0,2.6123815771045122,1.6123815771045122,True,True,False
B09,B,A-RAMP,1.0,235,COMMON,200.0,1.0,3.4976324522747038,2.4976324522747038,True,True,False
B09,B,A-RAMP,1.0,235,COMMON,220.0,0.5572855287283063,1.7699181430350672,1.212632614306761,True,True,False
B09,B,A-RAMP,1.0,283,COMMON,180.0,0.7292657250108369,2.204242465616167,1.4749767406053302,True,True,False
B09,B,A-RAMP,1.0,283,COMMON,200.0,1.0,4.857922035422182,3.857922035422182,True,True,False
B09,B,A-RAMP,1.0,283,COMMON,220.0,0.851010074274282,2.6997340427071572,1.8487239684328753,True,True,False
B09,B,A-RAMP,1.0,338,COMMON,180.0,0.5406921340094748,3.2649628196426694,2.7242706856331944,True,True,False
B09,B,A-RAMP,1.0,338,COMMON,200.0,0.6432254361932228,1.0546659666659097,0.4114405304726869,True,False,False
B09,B,A-RAMP,1.0,338,COMMON,220.0,1.0,2.367189751903577,1.367189751903577,True,True,False
B09,B,A-RAMP,1.0,FOUR,COMMON_LINE_AMPLITUDE_VARIATION,180.0,1.0,4.118319378945115,3.118319378945115,True,True,False
B09,B,A-RAMP,1.0,FOUR,COMMON_LINE_AMPLITUDE_VARIATION,200.0,1.0,5.315335908574482,4.315335908574482,True,True,False
B09,B,A-RAMP,1.0,FOUR,COMMON_LINE_AMPLITUDE_VARIATION,220.0,1.0,4.242383160681201,3.242383160681201,True,True,False
B09,B,A-RAMP,1.0,FOUR,LINE_SPECIFIC_AMPLITUDE_VARIATION,180.0,1.0,4.118319378945115,3.118319378945115,True,True,False
B09,B,A-RAMP,1.0,FOUR,LINE_SPECIFIC_AMPLITUDE_VARIATION,200.0,1.0,5.315335908574482,4.315335908574482,True,True,False
B09,B,A-RAMP,1.0,FOUR,LINE_SPECIFIC_AMPLITUDE_VARIATION,220.0,1.0,4.242383160681201,3.242383160681201,True,True,False
B09,B,A-RAMP,2.0,201,COMMON,180.0,1.420260356978397,3.563657680203228,2.143397323224831,True,True,False
B09,B,A-RAMP,2.0,201,COMMON,200.0,1.2451365640885204,4.182637965945894,2.9375014018573733,True,True,False
B09,B,A-RAMP,2.0,201,COMMON,220.0,1.3416883890225815,2.6160666880508514,1.27437829902827,True,True,False
B09,B,A-RAMP,2.0,235,COMMON,180.0,2.0,2.9027329761870146,0.9027329761870146,True,True,False
B09,B,A-RAMP,2.0,235,COMMON,200.0,2.0,3.9445849469233583,1.9445849469233583,True,True,False
B09,B,A-RAMP,2.0,235,COMMON,220.0,1.2251813354887462,2.38249083777454,1.157309502285794,True,True,False
B09,B,A-RAMP,2.0,283,COMMON,180.0,1.5099535628078582,2.621409215139264,1.1114556523314059,True,True,False
B09,B,A-RAMP,2.0,283,COMMON,200.0,2.0,5.597096622082306,3.597096622082306,True,True,False
B09,B,A-RAMP,2.0,283,COMMON,220.0,1.7986678344616023,3.336003595018945,1.5373357605573428,True,True,False
B09,B,A-RAMP,2.0,338,COMMON,180.0,1.2443274338961052,3.495408637590767,2.251081203694662,True,True,False
B09,B,A-RAMP,2.0,338,COMMON,200.0,1.4935073963947934,1.7778899345557575,0.28438253816096415,True,False,False
B09,B,A-RAMP,2.0,338,COMMON,220.0,2.0,2.8922026977460957,0.8922026977460957,True,True,False
B09,B,A-RAMP,2.0,FOUR,COMMON_LINE_AMPLITUDE_VARIATION,180.0,2.0,4.487948783667379,2.4879487836673793,True,True,False
B09,B,A-RAMP,2.0,FOUR,COMMON_LINE_AMPLITUDE_VARIATION,200.0,2.0,5.513460067413862,3.5134600674138623,True,True,False
B09,B,A-RAMP,2.0,FOUR,COMMON_LINE_AMPLITUDE_VARIATION,220.0,2.0,4.4557651953164115,2.4557651953164115,True,True,False
B09,B,A-RAMP,2.0,FOUR,LINE_SPECIFIC_AMPLITUDE_VARIATION,180.0,2.0,4.487948783667379,2.4879487836673793,True,True,False
B09,B,A-RAMP,2.0,FOUR,LINE_SPECIFIC_AMPLITUDE_VARIATION,200.0,2.0,5.513460067413862,3.5134600674138623,True,True,False
B09,B,A-RAMP,2.0,FOUR,LINE_SPECIFIC_AMPLITUDE_VARIATION,220.0,2.0,4.4557651953164115,2.4557651953164115,True,True,False
B09,B,A-SINE,0.0,201,COMMON,180.0,0.0,2.524835372695582,2.524835372695582,True,True,False
B09,B,A-SINE,0.0,201,COMMON,200.0,0.0,3.8062425415388343,3.8062425415388343,True,True,False
B09,B,A-SINE,0.0,201,COMMON,220.0,0.0,1.7205285088417042,1.7205285088417042,True,True,False
B09,B,A-SINE,0.0,235,COMMON,180.0,0.0,2.6876041891890616,2.6876041891890616,True,True,False
B09,B,A-SINE,0.0,235,COMMON,200.0,0.0,3.190364211600016,3.190364211600016,True,True,False
B09,B,A-SINE,0.0,235,COMMON,220.0,0.0,1.6090238885764783,1.6090238885764783,True,True,False
B09,B,A-SINE,0.0,283,COMMON,180.0,0.0,2.201268593614652,2.201268593614652,True,True,False
B09,B,A-SINE,0.0,283,COMMON,200.0,0.0,4.227448687749579,4.227448687749579,True,True,False
B09,B,A-SINE,0.0,283,COMMON,220.0,0.0,2.3341396309399607,2.3341396309399607,True,True,False
B09,B,A-SINE,0.0,338,COMMON,180.0,0.0,3.331978823995417,3.331978823995417,True,True,False
B09,B,A-SINE,0.0,338,COMMON,200.0,0.0,1.0247875995612867,1.0247875995612867,True,True,False
B09,B,A-SINE,0.0,338,COMMON,220.0,0.0,2.2005313445131485,2.2005313445131485,True,True,False
B09,B,A-SINE,0.0,FOUR,COMMON_LINE_AMPLITUDE_VARIATION,180.0,0.0,3.9723324041636108,3.9723324041636108,True,True,False
B09,B,A-SINE,0.0,FOUR,COMMON_LINE_AMPLITUDE_VARIATION,200.0,0.0,5.288259027791135,5.288259027791135,True,True,False
B09,B,A-SINE,0.0,FOUR,COMMON_LINE_AMPLITUDE_VARIATION,220.0,0.0,4.120939187033393,4.120939187033393,True,True,False
B09,B,A-SINE,0.0,FOUR,LINE_SPECIFIC_AMPLITUDE_VARIATION,180.0,0.0,3.9723324041636108,3.9723324041636108,True,True,False
B09,B,A-SINE,0.0,FOUR,LINE_SPECIFIC_AMPLITUDE_VARIATION,200.0,0.0,5.288259027791135,5.288259027791135,True,True,False
B09,B,A-SINE,0.0,FOUR,LINE_SPECIFIC_AMPLITUDE_VARIATION,220.0,0.0,4.120939187033393,4.120939187033393,True,True,False
B09,B,A-SINE,0.25,201,COMMON,180.0,0.25,2.4778587472296274,2.2278587472296274,True,True,False
B09,B,A-SINE,0.25,201,COMMON,200.0,0.25,3.8259847692709332,3.5759847692709332,True,True,False
B09,B,A-SINE,0.25,201,COMMON,220.0,0.25,1.7204124329653245,1.4704124329653245,True,True,False
B09,B,A-SINE,0.25,235,COMMON,180.0,0.25,2.706917235580791,2.456917235580791,True,True,False
B09,B,A-SINE,0.25,235,COMMON,200.0,0.25000000000000006,3.148800245767742,2.898800245767742,True,True,False
B09,B,A-SINE,0.25,235,COMMON,220.0,0.25,1.623829932342887,1.373829932342887,True,True,False
B09,B,A-SINE,0.25,283,COMMON,180.0,0.25,2.226754770922978,1.976754770922978,True,True,False
B09,B,A-SINE,0.25,283,COMMON,200.0,0.23726520419212435,4.145435435389853,3.9081702311977287,True,True,False
B09,B,A-SINE,0.25,283,COMMON,220.0,0.25,2.3040787758140913,2.0540787758140913,True,True,False
B09,B,A-SINE,0.25,338,COMMON,180.0,0.25000000000000006,3.3786467454072757,3.1286467454072757,True,True,False
B09,B,A-SINE,0.25,338,COMMON,200.0,0.25,1.0733105062016328,0.8233105062016328,True,True,False
B09,B,A-SINE,0.25,338,COMMON,220.0,0.25000000000000006,2.219283882907828,1.969283882907828,True,True,False
B09,B,A-SINE,0.25,FOUR,COMMON_LINE_AMPLITUDE_VARIATION,180.0,0.25,3.976432603233247,3.726432603233247,True,True,False
B09,B,A-SINE,0.25,FOUR,COMMON_LINE_AMPLITUDE_VARIATION,200.0,0.25,5.309202021808861,5.059202021808861,True,True,False
B09,B,A-SINE,0.25,FOUR,COMMON_LINE_AMPLITUDE_VARIATION,220.0,0.25,4.129289962424013,3.8792899624240134,True,True,False
B09,B,A-SINE,0.25,FOUR,LINE_SPECIFIC_AMPLITUDE_VARIATION,180.0,0.25,3.976432603233247,3.726432603233247,True,True,False
B09,B,A-SINE,0.25,FOUR,LINE_SPECIFIC_AMPLITUDE_VARIATION,200.0,0.25,5.309202021808861,5.059202021808861,True,True,False
B09,B,A-SINE,0.25,FOUR,LINE_SPECIFIC_AMPLITUDE_VARIATION,220.0,0.25,4.129289962424013,3.8792899624240134,True,True,False
B09,B,A-SINE,0.5,201,COMMON,180.0,0.5,2.4555598716443305,1.9555598716443305,True,True,False
B09,B,A-SINE,0.5,201,COMMON,200.0,0.5,3.861843682021103,3.361843682021103,True,True,False
B09,B,A-SINE,0.5,201,COMMON,220.0,0.5,1.749678409713752,1.249678409713752,True,True,False
B09,B,A-SINE,0.5,235,COMMON,180.0,0.5,2.748924437452239,2.248924437452239,True,True,False
B09,B,A-SINE,0.5,235,COMMON,200.0,0.5,3.126733466868546,2.626733466868546,True,True,False
B09,B,A-SINE,0.5,235,COMMON,220.0,0.5,1.6762128219100458,1.1762128219100458,True,True,False
B09,B,A-SINE,0.5,283,COMMON,180.0,0.4292618172631365,2.279537277260949,1.8502754599978122,True,True,False
B09,B,A-SINE,0.5,283,COMMON,200.0,0.4069586722393539,4.077124904931916,3.6701662326925617,True,True,False
B09,B,A-SINE,0.5,283,COMMON,220.0,0.5,2.300945499917238,1.8009454999172378,True,True,False
B09,B,A-SINE,0.5,338,COMMON,180.0,0.5,3.442880302442777,2.942880302442777,True,True,False
B09,B,A-SINE,0.5,338,COMMON,200.0,0.5,1.1742236844958571,0.6742236844958571,True,True,False
B09,B,A-SINE,0.5,338,COMMON,220.0,0.5,2.2656353871892208,1.7656353871892208,True,True,False
B09,B,A-SINE,0.5,FOUR,COMMON_LINE_AMPLITUDE_VARIATION,180.0,0.5,3.996199165074787,3.496199165074787,True,True,False
B09,B,A-SINE,0.5,FOUR,COMMON_LINE_AMPLITUDE_VARIATION,200.0,0.5,5.304646401899576,4.804646401899576,True,True,False
B09,B,A-SINE,0.5,FOUR,COMMON_LINE_AMPLITUDE_VARIATION,220.0,0.5,4.152701699414968,3.652701699414968,True,True,False
B09,B,A-SINE,0.5,FOUR,LINE_SPECIFIC_AMPLITUDE_VARIATION,180.0,0.5,3.996199165074787,3.496199165074787,True,True,False
B09,B,A-SINE,0.5,FOUR,LINE_SPECIFIC_AMPLITUDE_VARIATION,200.0,0.5,5.304646401899576,4.804646401899576,True,True,False
B09,B,A-SINE,0.5,FOUR,LINE_SPECIFIC_AMPLITUDE_VARIATION,220.0,0.5,4.152701699414968,3.652701699414968,True,True,False
B09,B,A-SINE,1.0,201,COMMON,180.0,1.0,2.4869167471479625,1.4869167471479625,True,True,False
B09,B,A-SINE,1.0,201,COMMON,200.0,1.0,3.979973739073239,2.979973739073239,True,True,False
B09,B,A-SINE,1.0,201,COMMON,220.0,1.0,1.9077436235647596,0.9077436235647596,True,True,False
B09,B,A-SINE,1.0,235,COMMON,180.0,1.0,2.706854648742451,1.7068546487424512,True,True,False
B09,B,A-SINE,1.0,235,COMMON,200.0,0.9682790427802279,3.1423718021604956,2.174092759380268,True,True,False
B09,B,A-SINE,1.0,235,COMMON,220.0,1.0,1.8789414505677149,0.8789414505677149,True,True,False
B09,B,A-SINE,1.0,283,COMMON,180.0,0.7794457264941901,2.3154262566362047,1.5359805301420146,True,True,False
B09,B,A-SINE,1.0,283,COMMON,200.0,0.8713532742187825,3.9842907239904743,3.112937449771692,True,True,False
B09,B,A-SINE,1.0,283,COMMON,220.0,0.8581894543716,2.374972119931988,1.516782665560388,True,True,False
B09,B,A-SINE,1.0,338,COMMON,180.0,1.0,3.620050644720742,2.620050644720742,True,True,False
B09,B,A-SINE,1.0,338,COMMON,200.0,0.8591416865809375,1.4857364834476767,0.6265947968667392,True,True,False
B09,B,A-SINE,1.0,338,COMMON,220.0,1.0,2.4339000014756675,1.4339000014756675,True,True,False
B09,B,A-SINE,1.0,FOUR,COMMON_LINE_AMPLITUDE_VARIATION,180.0,1.0,4.081640700100953,3.0816407001009534,True,True,False
B09,B,A-SINE,1.0,FOUR,COMMON_LINE_AMPLITUDE_VARIATION,200.0,1.0,5.330159906146431,4.330159906146431,True,True,False
B09,B,A-SINE,1.0,FOUR,COMMON_LINE_AMPLITUDE_VARIATION,220.0,1.0,4.235240132786349,3.235240132786349,True,True,False
B09,B,A-SINE,1.0,FOUR,LINE_SPECIFIC_AMPLITUDE_VARIATION,180.0,1.0,4.081640700100953,3.0816407001009534,True,True,False
B09,B,A-SINE,1.0,FOUR,LINE_SPECIFIC_AMPLITUDE_VARIATION,200.0,1.0,5.330159906146431,4.330159906146431,True,True,False
B09,B,A-SINE,1.0,FOUR,LINE_SPECIFIC_AMPLITUDE_VARIATION,220.0,1.0,4.235240132786349,3.235240132786349,True,True,False
B09,B,A-SINE,2.0,201,COMMON,180.0,1.715372568120844,2.8274929098540933,1.1121203417332493,True,True,False
B09,B,A-SINE,2.0,201,COMMON,200.0,2.0,4.380970171366752,2.3809701713667524,True,True,False
B09,B,A-SINE,2.0,201,COMMON,220.0,1.9815398009914929,2.509124971961163,0.5275851709696702,True,True,False
B09,B,A-SINE,2.0,235,COMMON,180.0,1.6973479656749428,2.8610430846773656,1.1636951190024227,True,True,False
B09,B,A-SINE,2.0,235,COMMON,200.0,1.9349208242993523,3.401555127198237,1.4666343028988846,True,True,False
B09,B,A-SINE,2.0,235,COMMON,220.0,1.7995908295278291,2.5439897946558756,0.7443989651280465,True,True,False
B09,B,A-SINE,2.0,283,COMMON,180.0,1.7187424199483956,2.6059395408126527,0.8871971208642571,True,True,False
B09,B,A-SINE,2.0,283,COMMON,200.0,1.8560222817568608,3.9846985756763886,2.128676293919528,True,True,False
B09,B,A-SINE,2.0,283,COMMON,220.0,1.7610633833021485,2.798709939272726,1.0376465559705774,True,True,False
B09,B,A-SINE,2.0,338,COMMON,180.0,2.0,4.136115382473299,2.1361153824732986,True,True,False
B09,B,A-SINE,2.0,338,COMMON,200.0,1.6694584906297598,2.3161684248517753,0.6467099342220155,True,True,False
B09,B,A-SINE,2.0,338,COMMON,220.0,1.9615316198463397,3.0008999043922917,1.039368284545952,True,True,False
B09,B,A-SINE,2.0,FOUR,COMMON_LINE_AMPLITUDE_VARIATION,180.0,2.0,4.420424966026791,2.4204249660267907,True,True,False
B09,B,A-SINE,2.0,FOUR,COMMON_LINE_AMPLITUDE_VARIATION,200.0,2.0,5.496806896277011,3.496806896277011,True,True,False
B09,B,A-SINE,2.0,FOUR,COMMON_LINE_AMPLITUDE_VARIATION,220.0,2.0,4.508420790017047,2.5084207900170474,True,True,False
B09,B,A-SINE,2.0,FOUR,LINE_SPECIFIC_AMPLITUDE_VARIATION,180.0,2.0,4.420424966026791,2.4204249660267907,True,True,False
B09,B,A-SINE,2.0,FOUR,LINE_SPECIFIC_AMPLITUDE_VARIATION,200.0,2.0,5.496806896277011,3.496806896277011,True,True,False
B09,B,A-SINE,2.0,FOUR,LINE_SPECIFIC_AMPLITUDE_VARIATION,220.0,2.0,4.508420790017047,2.5084207900170474,True,True,False
B10,B,A-RAMP,0.0,201,COMMON,180.0,0.0,0.9549535760375729,0.9549535760375729,True,True,False
B10,B,A-RAMP,0.0,201,COMMON,200.0,0.0,2.691936681951027,2.691936681951027,True,True,False
B10,B,A-RAMP,0.0,201,COMMON,220.0,0.0,1.274472899376421,1.274472899376421,True,True,False
B10,B,A-RAMP,0.0,235,COMMON,180.0,0.0,2.5445226115466557,2.5445226115466557,True,True,False
B10,B,A-RAMP,0.0,235,COMMON,200.0,0.0,1.4188683513976044,1.4188683513976044,True,True,False
B10,B,A-RAMP,0.0,235,COMMON,220.0,0.0,1.599671963680809,1.599671963680809,True,True,False
B10,B,A-RAMP,0.0,283,COMMON,180.0,0.0,1.721082571281295,1.721082571281295,True,True,False
B10,B,A-RAMP,0.0,283,COMMON,200.0,0.0,2.6407510402020273,2.6407510402020273,True,True,False
B10,B,A-RAMP,0.0,283,COMMON,220.0,0.0,1.1989403766075293,1.1989403766075293,True,True,False
B10,B,A-RAMP,0.0,338,COMMON,180.0,0.0,3.0042541604510005,3.0042541604510005,True,True,False
B10,B,A-RAMP,0.0,338,COMMON,200.0,0.0,1.58157326578579,1.58157326578579,True,True,False
B10,B,A-RAMP,0.0,338,COMMON,220.0,0.0,1.9145648385281089,1.9145648385281089,True,True,False
B10,B,A-RAMP,0.0,FOUR,COMMON_LINE_AMPLITUDE_VARIATION,180.0,0.0,3.6495797440324633,3.6495797440324633,True,True,False
B10,B,A-RAMP,0.0,FOUR,COMMON_LINE_AMPLITUDE_VARIATION,200.0,0.0,4.704672142232254,4.704672142232254,True,True,False
B10,B,A-RAMP,0.0,FOUR,COMMON_LINE_AMPLITUDE_VARIATION,220.0,0.0,2.2369890189255206,2.2369890189255206,True,True,False
B10,B,A-RAMP,0.0,FOUR,LINE_SPECIFIC_AMPLITUDE_VARIATION,180.0,0.0,3.6495797440324633,3.6495797440324633,True,True,False
B10,B,A-RAMP,0.0,FOUR,LINE_SPECIFIC_AMPLITUDE_VARIATION,200.0,0.0,4.704672142232254,4.704672142232254,True,True,False
B10,B,A-RAMP,0.0,FOUR,LINE_SPECIFIC_AMPLITUDE_VARIATION,220.0,0.0,2.2369890189255206,2.2369890189255206,True,True,False
B10,B,A-RAMP,0.25,201,COMMON,180.0,0.25,0.8192643665822559,0.5692643665822559,True,True,False
B10,B,A-RAMP,0.25,201,COMMON,200.0,0.24999999999999997,2.7641343099635476,2.5141343099635476,True,True,False
B10,B,A-RAMP,0.25,201,COMMON,220.0,0.2024717353172384,1.1087187185629184,0.90624698324568,True,True,False
B10,B,A-RAMP,0.25,235,COMMON,180.0,0.25,2.4934130793946525,2.2434130793946525,True,True,False
B10,B,A-RAMP,0.25,235,COMMON,200.0,0.25,1.3392467046911691,1.0892467046911691,True,True,False
B10,B,A-RAMP,0.25,235,COMMON,220.0,0.15506574221053132,1.7257405709503653,1.570674828739834,True,True,False
B10,B,A-RAMP,0.25,283,COMMON,180.0,0.2203837192094031,1.6195339493820877,1.3991502301726846,True,True,False
B10,B,A-RAMP,0.25,283,COMMON,200.0,0.25,2.7651634434564047,2.5151634434564047,True,True,False
B10,B,A-RAMP,0.25,283,COMMON,220.0,0.25,1.1106875561556497,0.8606875561556497,True,True,False
B10,B,A-RAMP,0.25,338,COMMON,180.0,0.24999999999999994,2.977374502662549,2.727374502662549,True,True,False
B10,B,A-RAMP,0.25,338,COMMON,200.0,0.1552629811392498,1.5898555322686216,1.4345925511293718,True,True,False
B10,B,A-RAMP,0.25,338,COMMON,220.0,0.24999999999999997,1.911914921399193,1.661914921399193,True,True,False
B10,B,A-RAMP,0.25,FOUR,COMMON_LINE_AMPLITUDE_VARIATION,180.0,0.25,3.6604699489420782,3.4104699489420782,True,True,False
B10,B,A-RAMP,0.25,FOUR,COMMON_LINE_AMPLITUDE_VARIATION,200.0,0.25,4.69273044788291,4.44273044788291,True,True,False
B10,B,A-RAMP,0.25,FOUR,COMMON_LINE_AMPLITUDE_VARIATION,220.0,0.25,2.151090289504186,1.901090289504186,True,True,False
B10,B,A-RAMP,0.25,FOUR,LINE_SPECIFIC_AMPLITUDE_VARIATION,180.0,0.25,3.6604699489420782,3.4104699489420782,True,True,False
B10,B,A-RAMP,0.25,FOUR,LINE_SPECIFIC_AMPLITUDE_VARIATION,200.0,0.25,4.69273044788291,4.44273044788291,True,True,False
B10,B,A-RAMP,0.25,FOUR,LINE_SPECIFIC_AMPLITUDE_VARIATION,220.0,0.25,2.151090289504186,1.901090289504186,True,True,False
B10,B,A-RAMP,0.5,201,COMMON,180.0,0.3284258404843007,0.7452864364228704,0.4168605959385697,True,False,False
B10,B,A-RAMP,0.5,201,COMMON,200.0,0.5,2.7649740607364275,2.2649740607364275,True,True,False
B10,B,A-RAMP,0.5,201,COMMON,220.0,0.3071415715498055,0.9794045244630326,0.6722629529132271,True,True,False
B10,B,A-RAMP,0.5,235,COMMON,180.0,0.5,2.466144752637311,1.966144752637311,True,True,False
B10,B,A-RAMP,0.5,235,COMMON,200.0,0.5,1.3034477639915436,0.8034477639915436,True,True,False
B10,B,A-RAMP,0.5,235,COMMON,220.0,0.30042100483492595,1.641462775122325,1.341041770287399,True,True,False
B10,B,A-RAMP,0.5,283,COMMON,180.0,0.28151495046074326,1.551984281245803,1.2704693307850596,True,True,False
B10,B,A-RAMP,0.5,283,COMMON,200.0,0.5,2.9058031044321075,2.4058031044321075,True,True,False
B10,B,A-RAMP,0.5,283,COMMON,220.0,0.5,1.0746141950198758,0.5746141950198758,True,True,False
B10,B,A-RAMP,0.5,338,COMMON,180.0,0.5,2.971359082578707,2.471359082578707,True,True,False
B10,B,A-RAMP,0.5,338,COMMON,200.0,0.3159765110159751,1.6367367631729774,1.3207602521570023,True,True,False
B10,B,A-RAMP,0.5,338,COMMON,220.0,0.5,1.9417205804156277,1.4417205804156277,True,True,False
B10,B,A-RAMP,0.5,FOUR,COMMON_LINE_AMPLITUDE_VARIATION,180.0,0.5,3.688312376435052,3.188312376435052,True,True,False
B10,B,A-RAMP,0.5,FOUR,COMMON_LINE_AMPLITUDE_VARIATION,200.0,0.5,4.694091834112158,4.194091834112158,True,True,False
B10,B,A-RAMP,0.5,FOUR,COMMON_LINE_AMPLITUDE_VARIATION,220.0,0.5,2.0917119774015354,1.5917119774015354,True,True,False
B10,B,A-RAMP,0.5,FOUR,LINE_SPECIFIC_AMPLITUDE_VARIATION,180.0,0.5,3.688312376435052,3.188312376435052,True,True,False
B10,B,A-RAMP,0.5,FOUR,LINE_SPECIFIC_AMPLITUDE_VARIATION,200.0,0.5,4.694091834112158,4.194091834112158,True,True,False
B10,B,A-RAMP,0.5,FOUR,LINE_SPECIFIC_AMPLITUDE_VARIATION,220.0,0.5,2.0917119774015354,1.5917119774015354,True,True,False
B10,B,A-RAMP,1.0,201,COMMON,180.0,0.7023100290749027,0.8360427095817855,0.1337326805068828,True,False,False
B10,B,A-RAMP,1.0,201,COMMON,200.0,0.8851191009311439,2.688755799924824,1.8036366989936803,True,True,False
B10,B,A-RAMP,1.0,201,COMMON,220.0,0.5764189238175326,0.891170732145293,0.3147518083277604,True,False,False
B10,B,A-RAMP,1.0,235,COMMON,180.0,1.0,2.4811680712392272,1.4811680712392272,True,True,False
B10,B,A-RAMP,1.0,235,COMMON,200.0,1.0,1.3728673454894882,0.3728673454894882,True,False,False
B10,B,A-RAMP,1.0,235,COMMON,220.0,0.7231235091273813,1.581720294454322,0.8585967853269407,True,True,False
B10,B,A-RAMP,1.0,283,COMMON,180.0,0.7180626954616193,1.5346612659801733,0.816598570518554,True,True,False
B10,B,A-RAMP,1.0,283,COMMON,200.0,1.0,3.2270446707671185,2.2270446707671185,True,True,False
B10,B,A-RAMP,1.0,283,COMMON,220.0,0.9760249380293055,1.1713809412896503,0.19535600326034486,True,False,False
B10,B,A-RAMP,1.0,338,COMMON,180.0,0.7751985627428848,3.021987183073218,2.2467886203303333,True,True,False
B10,B,A-RAMP,1.0,338,COMMON,200.0,0.7913976749504587,1.7241372424753365,0.9327395675248779,True,True,False
B10,B,A-RAMP,1.0,338,COMMON,220.0,1.0,2.091649852124165,1.0916498521241649,True,True,False
B10,B,A-RAMP,1.0,FOUR,COMMON_LINE_AMPLITUDE_VARIATION,180.0,1.0,3.6837330226820324,2.6837330226820324,True,True,False
B10,B,A-RAMP,1.0,FOUR,COMMON_LINE_AMPLITUDE_VARIATION,200.0,1.0,4.736565879227342,3.736565879227342,True,True,False
B10,B,A-RAMP,1.0,FOUR,COMMON_LINE_AMPLITUDE_VARIATION,220.0,1.0,2.060679043911671,1.0606790439116711,True,True,False
B10,B,A-RAMP,1.0,FOUR,LINE_SPECIFIC_AMPLITUDE_VARIATION,180.0,1.0,3.6837330226820324,2.6837330226820324,True,True,False
B10,B,A-RAMP,1.0,FOUR,LINE_SPECIFIC_AMPLITUDE_VARIATION,200.0,1.0,4.736565879227342,3.736565879227342,True,True,False
B10,B,A-RAMP,1.0,FOUR,LINE_SPECIFIC_AMPLITUDE_VARIATION,220.0,1.0,2.060679043911671,1.0606790439116711,True,True,False
B10,B,A-RAMP,2.0,201,COMMON,180.0,1.6625255082018842,1.5767049477003485,-0.08582056050153564,False,False,False
B10,B,A-RAMP,2.0,201,COMMON,200.0,1.691068863465385,2.7895118469578115,1.0984429834924265,True,True,False
B10,B,A-RAMP,2.0,201,COMMON,220.0,1.4241024008168708,1.244856998034128,-0.1792454027827428,False,False,False
B10,B,A-RAMP,2.0,235,COMMON,180.0,2.0,2.6159373102979546,0.6159373102979546,True,True,False
B10,B,A-RAMP,2.0,235,COMMON,200.0,2.0,1.9381285040019793,-0.061871495998020665,False,False,False
B10,B,A-RAMP,2.0,235,COMMON,220.0,1.6176272905957383,1.6314224718470662,0.013795181251327948,True,False,False
B10,B,A-RAMP,2.0,283,COMMON,180.0,1.6995119208687501,1.9360385289119386,0.23652660804318848,True,False,False
B10,B,A-RAMP,2.0,283,COMMON,200.0,2.0,3.981716785247895,1.9817167852478952,True,True,False
B10,B,A-RAMP,2.0,283,COMMON,220.0,1.9255589530537525,1.8184632502675024,-0.10709570278625002,False,False,False
B10,B,A-RAMP,2.0,338,COMMON,180.0,1.6515116562253365,3.3525020520098807,1.7009903957845443,True,True,False
B10,B,A-RAMP,2.0,338,COMMON,200.0,1.7830447354801051,1.9565159320884236,0.17347119660831845,True,False,False
B10,B,A-RAMP,2.0,338,COMMON,220.0,2.0,2.644645916764055,0.644645916764055,True,True,False
B10,B,A-RAMP,2.0,FOUR,COMMON_LINE_AMPLITUDE_VARIATION,180.0,2.0,3.859403461550702,1.859403461550702,True,True,False
B10,B,A-RAMP,2.0,FOUR,COMMON_LINE_AMPLITUDE_VARIATION,200.0,2.0,4.973547294499685,2.973547294499685,True,True,False
B10,B,A-RAMP,2.0,FOUR,COMMON_LINE_AMPLITUDE_VARIATION,220.0,2.0,2.3427924306775605,0.3427924306775605,True,False,False
B10,B,A-RAMP,2.0,FOUR,LINE_SPECIFIC_AMPLITUDE_VARIATION,180.0,2.0,3.859403461550702,1.859403461550702,True,True,False
B10,B,A-RAMP,2.0,FOUR,LINE_SPECIFIC_AMPLITUDE_VARIATION,200.0,2.0,4.973547294499685,2.973547294499685,True,True,False
B10,B,A-RAMP,2.0,FOUR,LINE_SPECIFIC_AMPLITUDE_VARIATION,220.0,2.0,2.3427924306775605,0.3427924306775605,True,False,False
B10,B,A-SINE,0.0,201,COMMON,180.0,0.0,0.9549535760375729,0.9549535760375729,True,True,False
B10,B,A-SINE,0.0,201,COMMON,200.0,0.0,2.691936681951027,2.691936681951027,True,True,False
B10,B,A-SINE,0.0,201,COMMON,220.0,0.0,1.274472899376421,1.274472899376421,True,True,False
B10,B,A-SINE,0.0,235,COMMON,180.0,0.0,2.5445226115466557,2.5445226115466557,True,True,False
B10,B,A-SINE,0.0,235,COMMON,200.0,0.0,1.4188683513976044,1.4188683513976044,True,True,False
B10,B,A-SINE,0.0,235,COMMON,220.0,0.0,1.599671963680809,1.599671963680809,True,True,False
B10,B,A-SINE,0.0,283,COMMON,180.0,0.0,1.721082571281295,1.721082571281295,True,True,False
B10,B,A-SINE,0.0,283,COMMON,200.0,0.0,2.6407510402020273,2.6407510402020273,True,True,False
B10,B,A-SINE,0.0,283,COMMON,220.0,0.0,1.1989403766075293,1.1989403766075293,True,True,False
B10,B,A-SINE,0.0,338,COMMON,180.0,0.0,3.0042541604510005,3.0042541604510005,True,True,False
B10,B,A-SINE,0.0,338,COMMON,200.0,0.0,1.58157326578579,1.58157326578579,True,True,False
B10,B,A-SINE,0.0,338,COMMON,220.0,0.0,1.9145648385281089,1.9145648385281089,True,True,False
B10,B,A-SINE,0.0,FOUR,COMMON_LINE_AMPLITUDE_VARIATION,180.0,0.0,3.6495797440324633,3.6495797440324633,True,True,False
B10,B,A-SINE,0.0,FOUR,COMMON_LINE_AMPLITUDE_VARIATION,200.0,0.0,4.704672142232254,4.704672142232254,True,True,False
B10,B,A-SINE,0.0,FOUR,COMMON_LINE_AMPLITUDE_VARIATION,220.0,0.0,2.2369890189255206,2.2369890189255206,True,True,False
B10,B,A-SINE,0.0,FOUR,LINE_SPECIFIC_AMPLITUDE_VARIATION,180.0,0.0,3.6495797440324633,3.6495797440324633,True,True,False
B10,B,A-SINE,0.0,FOUR,LINE_SPECIFIC_AMPLITUDE_VARIATION,200.0,0.0,4.704672142232254,4.704672142232254,True,True,False
B10,B,A-SINE,0.0,FOUR,LINE_SPECIFIC_AMPLITUDE_VARIATION,220.0,0.0,2.2369890189255206,2.2369890189255206,True,True,False
B10,B,A-SINE,0.25,201,COMMON,180.0,0.24999999999999994,1.1312204224018692,0.8812204224018692,True,True,False
B10,B,A-SINE,0.25,201,COMMON,200.0,0.25,2.6003883967531847,2.3503883967531847,True,True,False
B10,B,A-SINE,0.25,201,COMMON,220.0,0.24999999999999994,1.4483189967492696,1.1983189967492696,True,True,False
B10,B,A-SINE,0.25,235,COMMON,180.0,0.25,2.5936279350259035,2.3436279350259035,True,True,False
B10,B,A-SINE,0.25,235,COMMON,200.0,0.24999999999999994,1.5483162543812694,1.2983162543812694,True,True,False
B10,B,A-SINE,0.25,235,COMMON,220.0,0.24999999999999994,1.3865643167246808,1.1365643167246808,True,True,False
B10,B,A-SINE,0.25,283,COMMON,180.0,0.25,1.8212185463305144,1.5712185463305144,True,True,False
B10,B,A-SINE,0.25,283,COMMON,200.0,0.19512883062218944,2.5763084411656045,2.3811796105434153,True,True,False
B10,B,A-SINE,0.25,283,COMMON,220.0,0.24999999999999994,1.3138074974584988,1.0638074974584988,True,True,False
B10,B,A-SINE,0.25,338,COMMON,180.0,0.25000000000000006,3.0292453790708826,2.7792453790708826,True,True,False
B10,B,A-SINE,0.25,338,COMMON,200.0,0.24999999999999994,1.663136334672987,1.413136334672987,True,True,False
B10,B,A-SINE,0.25,338,COMMON,220.0,0.25000000000000006,1.923872785229418,1.673872785229418,True,True,False
B10,B,A-SINE,0.25,FOUR,COMMON_LINE_AMPLITUDE_VARIATION,180.0,0.25,3.675477917671964,3.425477917671964,True,True,False
B10,B,A-SINE,0.25,FOUR,COMMON_LINE_AMPLITUDE_VARIATION,200.0,0.24999999999999997,4.692483157924798,4.442483157924798,True,True,False
B10,B,A-SINE,0.25,FOUR,COMMON_LINE_AMPLITUDE_VARIATION,220.0,0.24999999999999997,2.3412687998269455,2.0912687998269455,True,True,False
B10,B,A-SINE,0.25,FOUR,LINE_SPECIFIC_AMPLITUDE_VARIATION,180.0,0.25,3.675477917671964,3.425477917671964,True,True,False
B10,B,A-SINE,0.25,FOUR,LINE_SPECIFIC_AMPLITUDE_VARIATION,200.0,0.24999999999999997,4.692483157924798,4.442483157924798,True,True,False
B10,B,A-SINE,0.25,FOUR,LINE_SPECIFIC_AMPLITUDE_VARIATION,220.0,0.24999999999999997,2.3412687998269455,2.0912687998269455,True,True,False
B10,B,A-SINE,0.5,201,COMMON,180.0,0.5,1.3228756709649194,0.8228756709649194,True,True,False
B10,B,A-SINE,0.5,201,COMMON,200.0,0.49999999999999994,2.5303194518288974,2.0303194518288974,True,True,False
B10,B,A-SINE,0.5,201,COMMON,220.0,0.5,1.5388783711354894,1.0388783711354894,True,True,False
B10,B,A-SINE,0.5,235,COMMON,180.0,0.5,2.3966175078361753,1.8966175078361753,True,True,False
B10,B,A-SINE,0.5,235,COMMON,200.0,0.5,1.382948368519837,0.8829483685198369,True,True,False
B10,B,A-SINE,0.5,235,COMMON,220.0,0.5,1.1879271094818686,0.6879271094818686,True,True,False
B10,B,A-SINE,0.5,283,COMMON,180.0,0.4602601673736659,1.9484734460156823,1.4882132786420164,True,True,False
B10,B,A-SINE,0.5,283,COMMON,200.0,0.4317112962791489,2.5349880298956458,2.103276733616497,True,True,False
B10,B,A-SINE,0.5,283,COMMON,220.0,0.4622887143706602,1.4627789491568857,1.0004902347862255,True,True,False
B10,B,A-SINE,0.5,338,COMMON,180.0,0.4999999999999999,3.074428739238795,2.574428739238795,True,True,False
B10,B,A-SINE,0.5,338,COMMON,200.0,0.44047123178452263,1.7764208229951224,1.3359495912105999,True,True,False
B10,B,A-SINE,0.5,338,COMMON,220.0,0.4999999999999999,1.9652008718104705,1.4652008718104708,True,True,False
B10,B,A-SINE,0.5,FOUR,COMMON_LINE_AMPLITUDE_VARIATION,180.0,0.5,3.718042971582821,3.218042971582821,True,True,False
B10,B,A-SINE,0.5,FOUR,COMMON_LINE_AMPLITUDE_VARIATION,200.0,0.5,4.640130587280608,4.140130587280608,True,True,False
B10,B,A-SINE,0.5,FOUR,COMMON_LINE_AMPLITUDE_VARIATION,220.0,0.5,2.4665683277162316,1.9665683277162316,True,True,False
B10,B,A-SINE,0.5,FOUR,LINE_SPECIFIC_AMPLITUDE_VARIATION,180.0,0.5,3.718042971582821,3.218042971582821,True,True,False
B10,B,A-SINE,0.5,FOUR,LINE_SPECIFIC_AMPLITUDE_VARIATION,200.0,0.5,4.640130587280608,4.140130587280608,True,True,False
B10,B,A-SINE,0.5,FOUR,LINE_SPECIFIC_AMPLITUDE_VARIATION,220.0,0.5,2.4665683277162316,1.9665683277162316,True,True,False
B10,B,A-SINE,1.0,201,COMMON,180.0,1.0,1.00359225095286,0.0035922509528600877,True,False,False
B10,B,A-SINE,1.0,201,COMMON,200.0,1.0,2.4614040621104607,1.4614040621104607,True,True,False
B10,B,A-SINE,1.0,201,COMMON,220.0,1.0,1.4519986788559254,0.4519986788559254,True,False,False
B10,B,A-SINE,1.0,235,COMMON,180.0,1.0,2.037771995564563,1.037771995564563,True,True,False
B10,B,A-SINE,1.0,235,COMMON,200.0,0.991398060316133,1.1480732218863703,0.1566751615702373,True,False,False
B10,B,A-SINE,1.0,235,COMMON,220.0,0.8541145504847224,0.8737226353354245,0.01960808485070209,True,False,False
B10,B,A-SINE,1.0,283,COMMON,180.0,0.8936133254798322,2.2651649658442587,1.3715516403644266,True,True,False
B10,B,A-SINE,1.0,283,COMMON,200.0,0.9262685403947946,2.525621223996252,1.5993526836014573,True,True,False
B10,B,A-SINE,1.0,283,COMMON,220.0,0.8972288008418923,1.8281100846320062,0.9308812837901139,True,True,False
B10,B,A-SINE,1.0,338,COMMON,180.0,1.0,3.221596046174589,2.221596046174589,True,True,False
B10,B,A-SINE,1.0,338,COMMON,200.0,0.8404782544701322,2.0760462147295775,1.2355679602594454,True,True,False
B10,B,A-SINE,1.0,338,COMMON,220.0,1.0,2.135057472809831,1.135057472809831,True,True,False
B10,B,A-SINE,1.0,FOUR,COMMON_LINE_AMPLITUDE_VARIATION,180.0,1.0,3.850747300073164,2.850747300073164,True,True,False
B10,B,A-SINE,1.0,FOUR,COMMON_LINE_AMPLITUDE_VARIATION,200.0,1.0,4.574782970397118,3.574782970397118,True,True,False
B10,B,A-SINE,1.0,FOUR,COMMON_LINE_AMPLITUDE_VARIATION,220.0,1.0,2.6563090503203797,1.6563090503203797,True,True,False
B10,B,A-SINE,1.0,FOUR,LINE_SPECIFIC_AMPLITUDE_VARIATION,180.0,1.0,3.850747300073164,2.850747300073164,True,True,False
B10,B,A-SINE,1.0,FOUR,LINE_SPECIFIC_AMPLITUDE_VARIATION,200.0,1.0,4.574782970397118,3.574782970397118,True,True,False
B10,B,A-SINE,1.0,FOUR,LINE_SPECIFIC_AMPLITUDE_VARIATION,220.0,1.0,2.6563090503203797,1.6563090503203797,True,True,False
B10,B,A-SINE,2.0,201,COMMON,180.0,1.9746503152755182,1.0107384116852953,-0.9639119035902228,False,False,False
B10,B,A-SINE,2.0,201,COMMON,200.0,2.0,2.621163255944629,0.6211632559446292,True,True,False
B10,B,A-SINE,2.0,201,COMMON,220.0,2.0,1.595364731901096,-0.40463526809890404,False,False,False
B10,B,A-SINE,2.0,235,COMMON,180.0,1.9408125999938353,1.571621188450887,-0.3691914115429482,False,False,False
B10,B,A-SINE,2.0,235,COMMON,200.0,1.9738435143561504,1.2716981266563805,-0.7021453876997699,False,False,False
B10,B,A-SINE,2.0,235,COMMON,220.0,1.7543552735749242,0.9837845778464629,-0.7705706957284613,False,False,False
B10,B,A-SINE,2.0,283,COMMON,180.0,1.8633184062536665,3.04956053027452,1.1862421240208534,True,True,False
B10,B,A-SINE,2.0,283,COMMON,200.0,1.9238427534768179,2.789974745024149,0.8661319915473311,True,True,False
B10,B,A-SINE,2.0,283,COMMON,220.0,1.8675215801461529,2.6919351657138173,0.8244135855676644,True,True,False
B10,B,A-SINE,2.0,338,COMMON,180.0,2.0,3.705646921776053,1.705646921776053,True,True,False
B10,B,A-SINE,2.0,338,COMMON,200.0,1.7975486854747305,2.7710990015880634,0.973550316113333,True,True,False
B10,B,A-SINE,2.0,338,COMMON,220.0,2.0,2.7297220194507066,0.7297220194507066,True,True,False
B10,B,A-SINE,2.0,FOUR,COMMON_LINE_AMPLITUDE_VARIATION,180.0,2.0,4.282181363509662,2.282181363509662,True,True,False
B10,B,A-SINE,2.0,FOUR,COMMON_LINE_AMPLITUDE_VARIATION,200.0,2.0,4.606983171737474,2.6069831717374736,True,True,False
B10,B,A-SINE,2.0,FOUR,COMMON_LINE_AMPLITUDE_VARIATION,220.0,2.0,3.115072563370951,1.1150725633709508,True,True,False
B10,B,A-SINE,2.0,FOUR,LINE_SPECIFIC_AMPLITUDE_VARIATION,180.0,2.0,4.282181363509662,2.282181363509662,True,True,False
B10,B,A-SINE,2.0,FOUR,LINE_SPECIFIC_AMPLITUDE_VARIATION,200.0,2.0,4.606983171737474,2.6069831717374736,True,True,False
B10,B,A-SINE,2.0,FOUR,LINE_SPECIFIC_AMPLITUDE_VARIATION,220.0,2.0,3.115072563370951,1.1150725633709508,True,True,False
C01,C,A-RAMP,0.0,201,COMMON,180.0,0.0,1.3117236174662394,1.3117236174662394,True,True,False
C01,C,A-RAMP,0.0,201,COMMON,200.0,0.0,2.7702750537899576,2.7702750537899576,True,True,False
C01,C,A-RAMP,0.0,201,COMMON,220.0,0.0,1.043560137058224,1.043560137058224,True,True,False
C01,C,A-RAMP,0.0,235,COMMON,180.0,0.0,1.160950095335369,1.160950095335369,True,True,False
C01,C,A-RAMP,0.0,235,COMMON,200.0,0.0,0.5664331248726024,0.5664331248726024,True,True,False
C01,C,A-RAMP,0.0,235,COMMON,220.0,0.0,0.5148197648506241,0.5148197648506241,True,True,False
C01,C,A-RAMP,0.0,283,COMMON,180.0,0.0,1.2141935436276363,1.2141935436276363,True,True,False
C01,C,A-RAMP,0.0,283,COMMON,200.0,0.0,3.9632176511258654,3.9632176511258654,True,True,False
C01,C,A-RAMP,0.0,283,COMMON,220.0,0.0,0.918607448080613,0.918607448080613,True,True,False
C01,C,A-RAMP,0.0,338,COMMON,180.0,0.0,2.9531007733908705,2.9531007733908705,True,True,False
C01,C,A-RAMP,0.0,338,COMMON,200.0,0.0,0.9194406080296958,0.9194406080296958,True,True,False
C01,C,A-RAMP,0.0,338,COMMON,220.0,0.0,1.392250135608426,1.392250135608426,True,True,False
C01,C,A-RAMP,0.0,FOUR,COMMON_LINE_AMPLITUDE_VARIATION,180.0,0.0,3.398797094983095,3.398797094983095,True,True,False
C01,C,A-RAMP,0.0,FOUR,COMMON_LINE_AMPLITUDE_VARIATION,200.0,0.0,4.378321297212003,4.378321297212003,True,True,False
C01,C,A-RAMP,0.0,FOUR,COMMON_LINE_AMPLITUDE_VARIATION,220.0,0.0,1.621179897778273,1.621179897778273,True,True,False
C01,C,A-RAMP,0.0,FOUR,LINE_SPECIFIC_AMPLITUDE_VARIATION,180.0,0.0,3.398797094983095,3.398797094983095,True,True,False
C01,C,A-RAMP,0.0,FOUR,LINE_SPECIFIC_AMPLITUDE_VARIATION,200.0,0.0,4.378321297212003,4.378321297212003,True,True,False
C01,C,A-RAMP,0.0,FOUR,LINE_SPECIFIC_AMPLITUDE_VARIATION,220.0,0.0,1.621179897778273,1.621179897778273,True,True,False
C01,C,A-RAMP,0.25,201,COMMON,180.0,0.24999999999999997,1.1432404904986397,0.8932404904986397,True,True,False
C01,C,A-RAMP,0.25,201,COMMON,200.0,0.25,2.6413589091315783,2.3913589091315783,True,True,False
C01,C,A-RAMP,0.25,201,COMMON,220.0,0.032450432677962424,1.229012774804322,1.1965623421263596,True,True,False
C01,C,A-RAMP,0.25,235,COMMON,180.0,0.25,1.2291016575324643,0.9791016575324643,True,True,False
C01,C,A-RAMP,0.25,235,COMMON,200.0,0.25,0.5623143479981082,0.3123143479981082,True,False,False
C01,C,A-RAMP,0.25,235,COMMON,220.0,0.18433138785201195,0.6020448766922951,0.41771348884028314,True,False,False
C01,C,A-RAMP,0.25,283,COMMON,180.0,0.25,1.2123644701690228,0.9623644701690228,True,True,False
C01,C,A-RAMP,0.25,283,COMMON,200.0,0.25,4.0258103428441325,3.7758103428441325,True,True,False
C01,C,A-RAMP,0.25,283,COMMON,220.0,0.25,1.0671158888301127,0.8171158888301127,True,True,False
C01,C,A-RAMP,0.25,338,COMMON,180.0,0.24999999999999997,2.9138381959305906,2.6638381959305906,True,True,False
C01,C,A-RAMP,0.25,338,COMMON,200.0,0.25,1.042559496544325,0.792559496544325,True,True,False
C01,C,A-RAMP,0.25,338,COMMON,220.0,0.25,1.2728492749570686,1.0228492749570686,True,True,False
C01,C,A-RAMP,0.25,FOUR,COMMON_LINE_AMPLITUDE_VARIATION,180.0,0.25,3.36435149814685,3.11435149814685,True,True,False
C01,C,A-RAMP,0.25,FOUR,COMMON_LINE_AMPLITUDE_VARIATION,200.0,0.25,4.352860919757918,4.102860919757918,True,True,False
C01,C,A-RAMP,0.25,FOUR,COMMON_LINE_AMPLITUDE_VARIATION,220.0,0.25,1.568307837192561,1.318307837192561,True,True,False
C01,C,A-RAMP,0.25,FOUR,LINE_SPECIFIC_AMPLITUDE_VARIATION,180.0,0.25,3.36435149814685,3.11435149814685,True,True,False
C01,C,A-RAMP,0.25,FOUR,LINE_SPECIFIC_AMPLITUDE_VARIATION,200.0,0.25,4.352860919757918,4.102860919757918,True,True,False
C01,C,A-RAMP,0.25,FOUR,LINE_SPECIFIC_AMPLITUDE_VARIATION,220.0,0.25,1.568307837192561,1.318307837192561,True,True,False
C01,C,A-RAMP,0.5,201,COMMON,180.0,0.49999999999999994,1.0087685188174529,0.5087685188174529,True,True,False
C01,C,A-RAMP,0.5,201,COMMON,200.0,0.4999999999999999,2.5306382396633804,2.0306382396633804,True,True,False
C01,C,A-RAMP,0.5,201,COMMON,220.0,0.24124315373449592,1.1801234643177692,0.9388803105832733,True,True,False
C01,C,A-RAMP,0.5,235,COMMON,180.0,0.5,1.3411102285937944,0.8411102285937944,True,True,False
C01,C,A-RAMP,0.5,235,COMMON,200.0,0.41773508613101457,0.6069443573031275,0.1892092711721129,True,False,False
C01,C,A-RAMP,0.5,235,COMMON,220.0,0.3517859868594604,0.7647723039062212,0.4129863170467608,True,False,False
C01,C,A-RAMP,0.5,283,COMMON,180.0,0.5,1.2611063617591476,0.7611063617591476,True,True,False
C01,C,A-RAMP,0.5,283,COMMON,200.0,0.5,4.102706872652001,3.602706872652001,True,True,False
C01,C,A-RAMP,0.5,283,COMMON,220.0,0.3993427595474656,1.2484522404634413,0.8491094809159756,True,True,False
C01,C,A-RAMP,0.5,338,COMMON,180.0,0.5,2.8957040398366547,2.3957040398366547,True,True,False
C01,C,A-RAMP,0.5,338,COMMON,200.0,0.5,1.0317870877553448,0.5317870877553448,True,True,False
C01,C,A-RAMP,0.5,338,COMMON,220.0,0.258046582217484,1.1740291147270696,0.9159825325095856,True,True,False
C01,C,A-RAMP,0.5,FOUR,COMMON_LINE_AMPLITUDE_VARIATION,180.0,0.5,3.348268255875025,2.848268255875025,True,True,False
C01,C,A-RAMP,0.5,FOUR,COMMON_LINE_AMPLITUDE_VARIATION,200.0,0.5,4.341670069442321,3.841670069442321,True,True,False
C01,C,A-RAMP,0.5,FOUR,COMMON_LINE_AMPLITUDE_VARIATION,220.0,0.5,1.5543341608028969,1.0543341608028969,True,True,False
C01,C,A-RAMP,0.5,FOUR,LINE_SPECIFIC_AMPLITUDE_VARIATION,180.0,0.5,3.348268255875025,2.848268255875025,True,True,False
C01,C,A-RAMP,0.5,FOUR,LINE_SPECIFIC_AMPLITUDE_VARIATION,200.0,0.5,4.341670069442321,3.841670069442321,True,True,False
C01,C,A-RAMP,0.5,FOUR,LINE_SPECIFIC_AMPLITUDE_VARIATION,220.0,0.5,1.5543341608028969,1.0543341608028969,True,True,False
C01,C,A-RAMP,1.0,201,COMMON,180.0,1.0,0.6273656972849947,-0.3726343027150053,False,False,False
C01,C,A-RAMP,1.0,201,COMMON,200.0,1.0,2.373570291026199,1.373570291026199,True,True,False
C01,C,A-RAMP,1.0,201,COMMON,220.0,0.6923939575161606,1.1435531540464952,0.45115919653033454,True,False,False
C01,C,A-RAMP,1.0,235,COMMON,180.0,1.0,1.658115848370854,0.658115848370854,True,True,False
C01,C,A-RAMP,1.0,235,COMMON,200.0,0.4569843618483555,0.6412630743259915,0.184278712477636,True,False,False
C01,C,A-RAMP,1.0,235,COMMON,220.0,0.8235921445455605,1.1852062956984355,0.361614151152875,True,False,False
C01,C,A-RAMP,1.0,283,COMMON,180.0,0.3244030985308141,1.4854334552418533,1.1610303567110392,True,True,False
C01,C,A-RAMP,1.0,283,COMMON,200.0,0.7765318851307621,4.071518640418738,3.294986755287976,True,True,False
C01,C,A-RAMP,1.0,283,COMMON,220.0,0.8049191529520772,1.6303476872365623,0.8254285342844851,True,True,False
C01,C,A-RAMP,1.0,338,COMMON,180.0,1.0,2.923935634525987,1.923935634525987,True,True,False
C01,C,A-RAMP,1.0,338,COMMON,200.0,0.8739413190738669,0.8639850120564232,-0.009956307017443655,False,False,False
C01,C,A-RAMP,1.0,338,COMMON,220.0,0.5826205443105918,1.126828528731417,0.5442079844208252,True,True,False
C01,C,A-RAMP,1.0,FOUR,COMMON_LINE_AMPLITUDE_VARIATION,180.0,1.0,3.3664785310568046,2.3664785310568046,True,True,False
C01,C,A-RAMP,1.0,FOUR,COMMON_LINE_AMPLITUDE_VARIATION,200.0,1.0,4.362396199585999,3.362396199585999,True,True,False
C01,C,A-RAMP,1.0,FOUR,COMMON_LINE_AMPLITUDE_VARIATION,220.0,1.0,1.6442886321802872,0.6442886321802872,True,True,False
C01,C,A-RAMP,1.0,FOUR,LINE_SPECIFIC_AMPLITUDE_VARIATION,180.0,1.0,3.3664785310568046,2.3664785310568046,True,True,False
C01,C,A-RAMP,1.0,FOUR,LINE_SPECIFIC_AMPLITUDE_VARIATION,200.0,1.0,4.362396199585999,3.362396199585999,True,True,False
C01,C,A-RAMP,1.0,FOUR,LINE_SPECIFIC_AMPLITUDE_VARIATION,220.0,1.0,1.6442886321802872,0.6442886321802872,True,True,False
C01,C,A-RAMP,2.0,201,COMMON,180.0,1.9478578568542424,0.8034521175996411,-1.1444057392546014,False,False,False
C01,C,A-RAMP,2.0,201,COMMON,200.0,2.0,2.3650048581838976,0.3650048581838976,True,False,False
C01,C,A-RAMP,2.0,201,COMMON,220.0,1.635783256233152,1.128042746793823,-0.507740509439329,False,False,False
C01,C,A-RAMP,2.0,235,COMMON,180.0,2.0,2.2257087154391586,0.2257087154391586,True,False,False
C01,C,A-RAMP,2.0,235,COMMON,200.0,1.2286128866606625,1.4131143215458026,0.18450143488514015,True,False,False
C01,C,A-RAMP,2.0,235,COMMON,220.0,1.8131203215920606,1.8494436961464447,0.03632337455438406,True,False,False
C01,C,A-RAMP,2.0,283,COMMON,180.0,0.23619998242982618,1.1810847585428885,0.9448847761130623,True,True,False
C01,C,A-RAMP,2.0,283,COMMON,200.0,1.3971150266517331,4.0501231099847335,2.6530080833330003,True,True,False
C01,C,A-RAMP,2.0,283,COMMON,220.0,1.7676920685349296,2.08735779921281,0.3196657306778805,True,False,False
C01,C,A-RAMP,2.0,338,COMMON,180.0,1.968888742067068,3.221489564145756,1.252600822078688,True,True,False
C01,C,A-RAMP,2.0,338,COMMON,200.0,1.7344325075176172,1.2689527628155048,-0.4654797447021124,False,False,False
C01,C,A-RAMP,2.0,338,COMMON,220.0,1.544397623272602,1.5520476095945224,0.007649986321920377,True,False,False
C01,C,A-RAMP,2.0,FOUR,COMMON_LINE_AMPLITUDE_VARIATION,180.0,2.0,3.571115204268671,1.5711152042686711,True,True,False
C01,C,A-RAMP,2.0,FOUR,COMMON_LINE_AMPLITUDE_VARIATION,200.0,2.0,4.5707005833574925,2.5707005833574925,True,True,False
C01,C,A-RAMP,2.0,FOUR,COMMON_LINE_AMPLITUDE_VARIATION,220.0,2.0,2.1861257856935565,0.18612578569355653,True,False,False
C01,C,A-RAMP,2.0,FOUR,LINE_SPECIFIC_AMPLITUDE_VARIATION,180.0,2.0,3.571115204268671,1.5711152042686711,True,True,False
C01,C,A-RAMP,2.0,FOUR,LINE_SPECIFIC_AMPLITUDE_VARIATION,200.0,2.0,4.5707005833574925,2.5707005833574925,True,True,False
C01,C,A-RAMP,2.0,FOUR,LINE_SPECIFIC_AMPLITUDE_VARIATION,220.0,2.0,2.1861257856935565,0.18612578569355653,True,False,False
C01,C,A-SINE,0.0,201,COMMON,180.0,0.0,1.3117236174662394,1.3117236174662394,True,True,False
C01,C,A-SINE,0.0,201,COMMON,200.0,0.0,2.7702750537899576,2.7702750537899576,True,True,False
C01,C,A-SINE,0.0,201,COMMON,220.0,0.0,1.043560137058224,1.043560137058224,True,True,False
C01,C,A-SINE,0.0,235,COMMON,180.0,0.0,1.160950095335369,1.160950095335369,True,True,False
C01,C,A-SINE,0.0,235,COMMON,200.0,0.0,0.5664331248726024,0.5664331248726024,True,True,False
C01,C,A-SINE,0.0,235,COMMON,220.0,0.0,0.5148197648506241,0.5148197648506241,True,True,False
C01,C,A-SINE,0.0,283,COMMON,180.0,0.0,1.2141935436276363,1.2141935436276363,True,True,False
C01,C,A-SINE,0.0,283,COMMON,200.0,0.0,3.9632176511258654,3.9632176511258654,True,True,False
C01,C,A-SINE,0.0,283,COMMON,220.0,0.0,0.918607448080613,0.918607448080613,True,True,False
C01,C,A-SINE,0.0,338,COMMON,180.0,0.0,2.9531007733908705,2.9531007733908705,True,True,False
C01,C,A-SINE,0.0,338,COMMON,200.0,0.0,0.9194406080296958,0.9194406080296958,True,True,False
C01,C,A-SINE,0.0,338,COMMON,220.0,0.0,1.392250135608426,1.392250135608426,True,True,False
C01,C,A-SINE,0.0,FOUR,COMMON_LINE_AMPLITUDE_VARIATION,180.0,0.0,3.398797094983095,3.398797094983095,True,True,False
C01,C,A-SINE,0.0,FOUR,COMMON_LINE_AMPLITUDE_VARIATION,200.0,0.0,4.378321297212003,4.378321297212003,True,True,False
C01,C,A-SINE,0.0,FOUR,COMMON_LINE_AMPLITUDE_VARIATION,220.0,0.0,1.621179897778273,1.621179897778273,True,True,False
C01,C,A-SINE,0.0,FOUR,LINE_SPECIFIC_AMPLITUDE_VARIATION,180.0,0.0,3.398797094983095,3.398797094983095,True,True,False
C01,C,A-SINE,0.0,FOUR,LINE_SPECIFIC_AMPLITUDE_VARIATION,200.0,0.0,4.378321297212003,4.378321297212003,True,True,False
C01,C,A-SINE,0.0,FOUR,LINE_SPECIFIC_AMPLITUDE_VARIATION,220.0,0.0,1.621179897778273,1.621179897778273,True,True,False
C01,C,A-SINE,0.25,201,COMMON,180.0,0.24999999999999994,1.4918820223195188,1.2418820223195188,True,True,False
C01,C,A-SINE,0.25,201,COMMON,200.0,0.25000000000000006,2.8759209578852065,2.6259209578852065,True,True,False
C01,C,A-SINE,0.25,201,COMMON,220.0,0.24999999999999994,0.8891072521899083,0.6391072521899084,True,True,False
C01,C,A-SINE,0.25,235,COMMON,180.0,0.25,1.2209677497584177,0.9709677497584177,True,True,False
C01,C,A-SINE,0.25,235,COMMON,200.0,0.24999999999999994,0.6265311949715772,0.3765311949715772,True,False,False
C01,C,A-SINE,0.25,235,COMMON,220.0,0.24999999999999994,0.5376223937843415,0.28762239378434157,True,False,False
C01,C,A-SINE,0.25,283,COMMON,180.0,0.25,1.229585484369464,0.979585484369464,True,True,False
C01,C,A-SINE,0.25,283,COMMON,200.0,0.25,3.918332257265554,3.668332257265554,True,True,False
C01,C,A-SINE,0.25,283,COMMON,220.0,0.24999999999999994,0.8364812246220719,0.5864812246220719,True,True,False
C01,C,A-SINE,0.25,338,COMMON,180.0,0.25000000000000006,3.0080984271281452,2.7580984271281452,True,True,False
C01,C,A-SINE,0.25,338,COMMON,200.0,0.2451370728550973,0.8289301186827847,0.5837930458276873,True,True,False
C01,C,A-SINE,0.25,338,COMMON,220.0,0.24999999999999997,1.3274302183842184,1.0774302183842184,True,True,False
C01,C,A-SINE,0.25,FOUR,COMMON_LINE_AMPLITUDE_VARIATION,180.0,0.25,3.447144962210106,3.197144962210106,True,True,False
C01,C,A-SINE,0.25,FOUR,COMMON_LINE_AMPLITUDE_VARIATION,200.0,0.24999999999999997,4.415021290172181,4.165021290172181,True,True,False
C01,C,A-SINE,0.25,FOUR,COMMON_LINE_AMPLITUDE_VARIATION,220.0,0.24999999999999994,1.705669233783511,1.455669233783511,True,True,False
C01,C,A-SINE,0.25,FOUR,LINE_SPECIFIC_AMPLITUDE_VARIATION,180.0,0.25,3.447144962210106,3.197144962210106,True,True,False
C01,C,A-SINE,0.25,FOUR,LINE_SPECIFIC_AMPLITUDE_VARIATION,200.0,0.24999999999999997,4.415021290172181,4.165021290172181,True,True,False
C01,C,A-SINE,0.25,FOUR,LINE_SPECIFIC_AMPLITUDE_VARIATION,220.0,0.24999999999999994,1.705669233783511,1.455669233783511,True,True,False
C01,C,A-SINE,0.5,201,COMMON,180.0,0.5,1.6899127458012846,1.1899127458012846,True,True,False
C01,C,A-SINE,0.5,201,COMMON,200.0,0.4999999999999999,2.998736206863781,2.498736206863781,True,True,False
C01,C,A-SINE,0.5,201,COMMON,220.0,0.5,0.7854970732831529,0.2854970732831529,True,False,False
C01,C,A-SINE,0.5,235,COMMON,180.0,0.4329438604985889,1.3261671719813706,0.8932233114827817,True,True,False
C01,C,A-SINE,0.5,235,COMMON,200.0,0.5,0.7676172168418864,0.26761721684188644,True,False,False
C01,C,A-SINE,0.5,235,COMMON,220.0,0.5,0.6618430979589948,0.16184309795899476,True,False,False
C01,C,A-SINE,0.5,283,COMMON,180.0,0.5,1.2290273989497598,0.7290273989497598,True,True,False
C01,C,A-SINE,0.5,283,COMMON,200.0,0.5,3.8890308826827193,3.3890308826827193,True,True,False
C01,C,A-SINE,0.5,283,COMMON,220.0,0.5,0.8243254645518748,0.32432546455187483,True,False,False
C01,C,A-SINE,0.5,338,COMMON,180.0,0.4999999999999999,3.082451640623075,2.582451640623075,True,True,False
C01,C,A-SINE,0.5,338,COMMON,200.0,0.4724703858862637,0.7664577252646149,0.29398733937835114,True,False,False
C01,C,A-SINE,0.5,338,COMMON,220.0,0.49999999999999994,1.3079684741068751,0.8079684741068751,True,True,False
C01,C,A-SINE,0.5,FOUR,COMMON_LINE_AMPLITUDE_VARIATION,180.0,0.5,3.5126621084464555,3.0126621084464555,True,True,False
C01,C,A-SINE,0.5,FOUR,COMMON_LINE_AMPLITUDE_VARIATION,200.0,0.5,4.465437112279945,3.965437112279945,True,True,False
C01,C,A-SINE,0.5,FOUR,COMMON_LINE_AMPLITUDE_VARIATION,220.0,0.5,1.774483221786987,1.274483221786987,True,True,False
C01,C,A-SINE,0.5,FOUR,LINE_SPECIFIC_AMPLITUDE_VARIATION,180.0,0.5,3.5126621084464555,3.0126621084464555,True,True,False
C01,C,A-SINE,0.5,FOUR,LINE_SPECIFIC_AMPLITUDE_VARIATION,200.0,0.5,4.465437112279945,3.965437112279945,True,True,False
C01,C,A-SINE,0.5,FOUR,LINE_SPECIFIC_AMPLITUDE_VARIATION,220.0,0.5,1.774483221786987,1.274483221786987,True,True,False
C01,C,A-SINE,1.0,201,COMMON,180.0,0.9798678921960823,1.7851857773940727,0.8053178851979904,True,True,False
C01,C,A-SINE,1.0,201,COMMON,200.0,1.0,3.287919372956186,2.287919372956186,True,True,False
C01,C,A-SINE,1.0,201,COMMON,220.0,1.0,0.8031149012537485,-0.19688509874625149,False,False,False
C01,C,A-SINE,1.0,235,COMMON,180.0,0.6651864194716605,1.6339013471513293,0.9687149276796688,True,True,False
C01,C,A-SINE,1.0,235,COMMON,200.0,1.0,1.1651720466228264,0.16517204662282636,True,False,False
C01,C,A-SINE,1.0,235,COMMON,220.0,0.7600441768574008,0.8797496143547543,0.11970543749735352,True,False,False
C01,C,A-SINE,1.0,283,COMMON,180.0,1.0,1.3316243710740883,0.33162437107408826,True,False,False
C01,C,A-SINE,1.0,283,COMMON,200.0,1.0,3.878405376275698,2.878405376275698,True,True,False
C01,C,A-SINE,1.0,283,COMMON,220.0,1.0,0.9333527389456404,-0.06664726105435959,False,False,False
C01,C,A-SINE,1.0,338,COMMON,180.0,1.0,3.1889674638389462,2.1889674638389462,True,True,False
C01,C,A-SINE,1.0,338,COMMON,200.0,0.9615094527058039,0.7428163209957312,-0.21869313171007265,False,False,False
C01,C,A-SINE,1.0,338,COMMON,220.0,1.0,1.3710757461825425,0.37107574618254247,True,False,False
C01,C,A-SINE,1.0,FOUR,COMMON_LINE_AMPLITUDE_VARIATION,180.0,1.0,3.691309860112732,2.691309860112732,True,True,False
C01,C,A-SINE,1.0,FOUR,COMMON_LINE_AMPLITUDE_VARIATION,200.0,1.0,4.6011688664220936,3.6011688664220936,True,True,False
C01,C,A-SINE,1.0,FOUR,COMMON_LINE_AMPLITUDE_VARIATION,220.0,1.0,1.9080784489644762,0.9080784489644762,True,True,False
C01,C,A-SINE,1.0,FOUR,LINE_SPECIFIC_AMPLITUDE_VARIATION,180.0,1.0,3.691309860112732,2.691309860112732,True,True,False
C01,C,A-SINE,1.0,FOUR,LINE_SPECIFIC_AMPLITUDE_VARIATION,200.0,1.0,4.6011688664220936,3.6011688664220936,True,True,False
C01,C,A-SINE,1.0,FOUR,LINE_SPECIFIC_AMPLITUDE_VARIATION,220.0,1.0,1.9080784489644762,0.9080784489644762,True,True,False
C01,C,A-SINE,2.0,201,COMMON,180.0,1.8662585299708487,2.1066552583596443,0.24039672838879556,True,False,False
C01,C,A-SINE,2.0,201,COMMON,200.0,2.0,3.9932948466736393,1.9932948466736393,True,True,False
C01,C,A-SINE,2.0,201,COMMON,220.0,1.9845471031041282,1.4835664223669454,-0.5009806807371828,False,False,False
C01,C,A-SINE,2.0,235,COMMON,180.0,1.4700562940064628,2.4477463309310985,0.9776900369246357,True,True,False
C01,C,A-SINE,2.0,235,COMMON,200.0,2.0,1.9422623954013565,-0.05773760459864352,False,False,False
C01,C,A-SINE,2.0,235,COMMON,220.0,1.4882283011587027,1.535548845905039,0.04732054474633629,True,False,False
C01,C,A-SINE,2.0,283,COMMON,180.0,2.0,1.9490135202653058,-0.05098647973469417,False,False,False
C01,C,A-SINE,2.0,283,COMMON,200.0,2.0,4.046845978691659,2.0468459786916586,True,True,False
C01,C,A-SINE,2.0,283,COMMON,220.0,2.0,1.4495775910687694,-0.5504224089312306,False,False,False
C01,C,A-SINE,2.0,338,COMMON,180.0,2.0,3.366994967322112,1.3669949673221118,True,True,False
C01,C,A-SINE,2.0,338,COMMON,200.0,1.8854491134363984,1.0566958882439015,-0.828753225192497,False,False,False
C01,C,A-SINE,2.0,338,COMMON,220.0,2.0,1.7472831414374328,-0.2527168585625672,False,False,False
C01,C,A-SINE,2.0,FOUR,COMMON_LINE_AMPLITUDE_VARIATION,180.0,2.0,4.207102954987604,2.2071029549876036,True,True,False
C01,C,A-SINE,2.0,FOUR,COMMON_LINE_AMPLITUDE_VARIATION,200.0,2.0,4.880699705071287,2.8806997050712866,True,True,False
C01,C,A-SINE,2.0,FOUR,COMMON_LINE_AMPLITUDE_VARIATION,220.0,2.0,2.474814880632689,0.47481488063268884,True,False,False
C01,C,A-SINE,2.0,FOUR,LINE_SPECIFIC_AMPLITUDE_VARIATION,180.0,2.0,4.207102954987604,2.2071029549876036,True,True,False
C01,C,A-SINE,2.0,FOUR,LINE_SPECIFIC_AMPLITUDE_VARIATION,200.0,2.0,4.880699705071287,2.8806997050712866,True,True,False
C01,C,A-SINE,2.0,FOUR,LINE_SPECIFIC_AMPLITUDE_VARIATION,220.0,2.0,2.474814880632689,0.47481488063268884,True,False,False
C02,C,A-RAMP,0.0,201,COMMON,180.0,0.0,3.4712903246339484,3.4712903246339484,True,True,False
C02,C,A-RAMP,0.0,201,COMMON,200.0,0.0,5.90062352300646,5.90062352300646,True,True,False
C02,C,A-RAMP,0.0,201,COMMON,220.0,0.0,2.7238108015952167,2.7238108015952167,True,True,False
C02,C,A-RAMP,0.0,235,COMMON,180.0,0.0,1.49382495321162,1.49382495321162,True,True,False
C02,C,A-RAMP,0.0,235,COMMON,200.0,0.0,1.3879219907223923,1.3879219907223923,True,True,False
C02,C,A-RAMP,0.0,235,COMMON,220.0,0.0,1.100223496846649,1.100223496846649,True,True,False
C02,C,A-RAMP,0.0,283,COMMON,180.0,0.0,1.5082066891494736,1.5082066891494736,True,True,False
C02,C,A-RAMP,0.0,283,COMMON,200.0,0.0,1.8168921443739037,1.8168921443739037,True,True,False
C02,C,A-RAMP,0.0,283,COMMON,220.0,0.0,1.5082996971154836,1.5082996971154836,True,True,False
C02,C,A-RAMP,0.0,338,COMMON,180.0,0.0,7.657316863671291,7.657316863671291,True,True,False
C02,C,A-RAMP,0.0,338,COMMON,200.0,0.0,4.22164616200524,4.22164616200524,True,True,False
C02,C,A-RAMP,0.0,338,COMMON,220.0,0.0,6.181779227991873,6.181779227991873,True,True,False
C02,C,A-RAMP,0.0,FOUR,COMMON_LINE_AMPLITUDE_VARIATION,180.0,0.0,4.802713350268507,4.802713350268507,True,True,False
C02,C,A-RAMP,0.0,FOUR,COMMON_LINE_AMPLITUDE_VARIATION,200.0,0.0,5.23272650555855,5.23272650555855,True,True,False
C02,C,A-RAMP,0.0,FOUR,COMMON_LINE_AMPLITUDE_VARIATION,220.0,0.0,4.300889532317985,4.300889532317985,True,True,False
C02,C,A-RAMP,0.0,FOUR,LINE_SPECIFIC_AMPLITUDE_VARIATION,180.0,0.0,4.802713350268507,4.802713350268507,True,True,False
C02,C,A-RAMP,0.0,FOUR,LINE_SPECIFIC_AMPLITUDE_VARIATION,200.0,0.0,5.23272650555855,5.23272650555855,True,True,False
C02,C,A-RAMP,0.0,FOUR,LINE_SPECIFIC_AMPLITUDE_VARIATION,220.0,0.0,4.300889532317985,4.300889532317985,True,True,False
C02,C,A-RAMP,0.25,201,COMMON,180.0,0.25,3.4631871188121015,3.2131871188121015,True,True,False
C02,C,A-RAMP,0.25,201,COMMON,200.0,0.24999999999999994,5.895620634666833,5.645620634666833,True,True,False
C02,C,A-RAMP,0.25,201,COMMON,220.0,0.25,2.711197994332848,2.461197994332848,True,True,False
C02,C,A-RAMP,0.25,235,COMMON,180.0,0.25,1.5138291071762746,1.2638291071762746,True,True,False
C02,C,A-RAMP,0.25,235,COMMON,200.0,0.25,1.344810533206912,1.094810533206912,True,True,False
C02,C,A-RAMP,0.25,235,COMMON,220.0,0.24648090217352572,1.1856657188602373,0.9391848166867116,True,True,False
C02,C,A-RAMP,0.25,283,COMMON,180.0,0.13948980110010895,1.4417474692308032,1.3022576681306943,True,True,False
C02,C,A-RAMP,0.25,283,COMMON,200.0,0.22932158027136176,1.8204583882367458,1.591136807965384,True,True,False
C02,C,A-RAMP,0.25,283,COMMON,220.0,0.22288489960264676,1.6279341382149255,1.4050492386122788,True,True,False
C02,C,A-RAMP,0.25,338,COMMON,180.0,0.24999999999999997,7.711932584399875,7.461932584399875,True,True,False
C02,C,A-RAMP,0.25,338,COMMON,200.0,0.2197873177539125,4.320823318193755,4.1010360004398425,True,True,False
C02,C,A-RAMP,0.25,338,COMMON,220.0,0.24999999999999994,6.247930180399717,5.997930180399717,True,True,False
C02,C,A-RAMP,0.25,FOUR,COMMON_LINE_AMPLITUDE_VARIATION,180.0,0.25,4.812695262198181,4.562695262198181,True,True,False
C02,C,A-RAMP,0.25,FOUR,COMMON_LINE_AMPLITUDE_VARIATION,200.0,0.25,5.2420175572819305,4.9920175572819305,True,True,False
C02,C,A-RAMP,0.25,FOUR,COMMON_LINE_AMPLITUDE_VARIATION,220.0,0.25,4.335080730755959,4.085080730755959,True,True,False
C02,C,A-RAMP,0.25,FOUR,LINE_SPECIFIC_AMPLITUDE_VARIATION,180.0,0.25,4.812695262198181,4.562695262198181,True,True,False
C02,C,A-RAMP,0.25,FOUR,LINE_SPECIFIC_AMPLITUDE_VARIATION,200.0,0.25,5.2420175572819305,4.9920175572819305,True,True,False
C02,C,A-RAMP,0.25,FOUR,LINE_SPECIFIC_AMPLITUDE_VARIATION,220.0,0.25,4.335080730755959,4.085080730755959,True,True,False
C02,C,A-RAMP,0.5,201,COMMON,180.0,0.5,3.473107185491814,2.973107185491814,True,True,False
C02,C,A-RAMP,0.5,201,COMMON,200.0,0.5,5.901214059459418,5.401214059459418,True,True,False
C02,C,A-RAMP,0.5,201,COMMON,220.0,0.49881356770217367,2.7215884784555757,2.222774910753402,True,True,False
C02,C,A-RAMP,0.5,235,COMMON,180.0,0.5,1.5737992694846874,1.0737992694846874,True,True,False
C02,C,A-RAMP,0.5,235,COMMON,200.0,0.5,1.3474803479523214,0.8474803479523214,True,True,False
C02,C,A-RAMP,0.5,235,COMMON,220.0,0.4857560814602661,1.2353725827580209,0.7496165012977547,True,True,False
C02,C,A-RAMP,0.5,283,COMMON,180.0,0.35686730267847044,1.416892414007371,1.0600251113289008,True,True,False
C02,C,A-RAMP,0.5,283,COMMON,200.0,0.42899499618532344,1.8579667441360348,1.4289717479507114,True,True,False
C02,C,A-RAMP,0.5,283,COMMON,220.0,0.4698129157387015,1.6905225889881992,1.2207096732494978,True,True,False
C02,C,A-RAMP,0.5,338,COMMON,180.0,0.5,7.774207793852202,7.274207793852202,True,True,False
C02,C,A-RAMP,0.5,338,COMMON,200.0,0.4604837163679577,4.431899364484736,3.9714156481167784,True,True,False
C02,C,A-RAMP,0.5,338,COMMON,220.0,0.5,6.323279896910105,5.823279896910105,True,True,False
C02,C,A-RAMP,0.5,FOUR,COMMON_LINE_AMPLITUDE_VARIATION,180.0,0.5,4.835598809736214,4.335598809736214,True,True,False
C02,C,A-RAMP,0.5,FOUR,COMMON_LINE_AMPLITUDE_VARIATION,200.0,0.5,5.263180545993937,4.763180545993937,True,True,False
C02,C,A-RAMP,0.5,FOUR,COMMON_LINE_AMPLITUDE_VARIATION,220.0,0.5,4.374985175434863,3.8749851754348628,True,True,False
C02,C,A-RAMP,0.5,FOUR,LINE_SPECIFIC_AMPLITUDE_VARIATION,180.0,0.5,4.835598809736214,4.335598809736214,True,True,False
C02,C,A-RAMP,0.5,FOUR,LINE_SPECIFIC_AMPLITUDE_VARIATION,200.0,0.5,5.263180545993937,4.763180545993937,True,True,False
C02,C,A-RAMP,0.5,FOUR,LINE_SPECIFIC_AMPLITUDE_VARIATION,220.0,0.5,4.374985175434863,3.8749851754348628,True,True,False
C02,C,A-RAMP,1.0,201,COMMON,180.0,1.0,3.5461374093416747,2.5461374093416747,True,True,False
C02,C,A-RAMP,1.0,201,COMMON,200.0,1.0,5.944013525461214,4.944013525461214,True,True,False
C02,C,A-RAMP,1.0,201,COMMON,220.0,0.9741998314351901,2.809794015446239,1.835594184011049,True,True,False
C02,C,A-RAMP,1.0,235,COMMON,180.0,1.0,1.7950418631395129,0.7950418631395129,True,True,False
C02,C,A-RAMP,1.0,235,COMMON,200.0,1.0,1.4849508826572717,0.4849508826572717,True,False,False
C02,C,A-RAMP,1.0,235,COMMON,220.0,0.9804954062892633,1.4188970005957005,0.4384015943064371,True,False,False
C02,C,A-RAMP,1.0,283,COMMON,180.0,0.8474361367921037,1.49682357295309,0.6493874361609864,True,True,False
C02,C,A-RAMP,1.0,283,COMMON,200.0,0.9066053970167107,2.025582331168821,1.11897693415211,True,True,False
C02,C,A-RAMP,1.0,283,COMMON,220.0,0.9684096088138204,1.91004208197279,0.9416324731589695,True,True,False
C02,C,A-RAMP,1.0,338,COMMON,180.0,1.0,7.920991862975235,6.920991862975235,True,True,False
C02,C,A-RAMP,1.0,338,COMMON,200.0,0.9563068696967614,4.686274387684405,3.7299675179876433,True,True,False
C02,C,A-RAMP,1.0,338,COMMON,220.0,1.0,6.500257139967859,5.500257139967859,True,True,False
C02,C,A-RAMP,1.0,FOUR,COMMON_LINE_AMPLITUDE_VARIATION,180.0,1.0,4.919347128694745,3.9193471286947448,True,True,False
C02,C,A-RAMP,1.0,FOUR,COMMON_LINE_AMPLITUDE_VARIATION,200.0,1.0,5.340478652469561,4.340478652469561,True,True,False
C02,C,A-RAMP,1.0,FOUR,COMMON_LINE_AMPLITUDE_VARIATION,220.0,1.0,4.469187861023695,3.469187861023695,True,True,False
C02,C,A-RAMP,1.0,FOUR,LINE_SPECIFIC_AMPLITUDE_VARIATION,180.0,1.0,4.919347128694745,3.9193471286947448,True,True,False
C02,C,A-RAMP,1.0,FOUR,LINE_SPECIFIC_AMPLITUDE_VARIATION,200.0,1.0,5.340478652469561,4.340478652469561,True,True,False
C02,C,A-RAMP,1.0,FOUR,LINE_SPECIFIC_AMPLITUDE_VARIATION,220.0,1.0,4.469187861023695,3.469187861023695,True,True,False
C02,C,A-RAMP,2.0,201,COMMON,180.0,2.0,3.885913603513041,1.8859136035130408,True,True,False
C02,C,A-RAMP,2.0,201,COMMON,200.0,2.0,6.151848146815274,4.151848146815274,True,True,False
C02,C,A-RAMP,2.0,201,COMMON,220.0,1.9616240152378996,3.2203632614331292,1.2587392461952296,True,True,False
C02,C,A-RAMP,2.0,235,COMMON,180.0,2.0,2.451281112343043,0.45128111234304313,True,False,False
C02,C,A-RAMP,2.0,235,COMMON,200.0,1.9759167874783012,2.117505795854739,0.14158900837643773,True,False,False
C02,C,A-RAMP,2.0,235,COMMON,220.0,1.9779271432264074,2.118375617882244,0.14044847465583654,True,False,False
C02,C,A-RAMP,2.0,283,COMMON,180.0,1.843837160483908,2.037607759137532,0.19377059865362378,True,False,False
C02,C,A-RAMP,2.0,283,COMMON,200.0,1.8967674143646058,2.6277120269160066,0.7309446125514008,True,True,False
C02,C,A-RAMP,2.0,283,COMMON,220.0,1.9677406230850167,2.3718755452241305,0.40413492213911373,True,False,False
C02,C,A-RAMP,2.0,338,COMMON,180.0,2.0,8.037108096190845,6.037108096190845,True,True,False
C02,C,A-RAMP,2.0,338,COMMON,200.0,1.9543484799307325,4.796173931821376,2.8418254518906436,True,True,False
C02,C,A-RAMP,2.0,338,COMMON,220.0,2.0,6.6292033368441,4.6292033368441,True,True,False
C02,C,A-RAMP,2.0,FOUR,COMMON_LINE_AMPLITUDE_VARIATION,180.0,2.0,5.228182936771351,3.2281829367713506,True,True,False
C02,C,A-RAMP,2.0,FOUR,COMMON_LINE_AMPLITUDE_VARIATION,200.0,2.0,5.626721762535553,3.626721762535553,True,True,False
C02,C,A-RAMP,2.0,FOUR,COMMON_LINE_AMPLITUDE_VARIATION,220.0,2.0,4.810398095876786,2.810398095876786,True,True,False
C02,C,A-RAMP,2.0,FOUR,LINE_SPECIFIC_AMPLITUDE_VARIATION,180.0,2.0,5.228182936771351,3.2281829367713506,True,True,False
C02,C,A-RAMP,2.0,FOUR,LINE_SPECIFIC_AMPLITUDE_VARIATION,200.0,2.0,5.626721762535553,3.626721762535553,True,True,False
C02,C,A-RAMP,2.0,FOUR,LINE_SPECIFIC_AMPLITUDE_VARIATION,220.0,2.0,4.810398095876786,2.810398095876786,True,True,False
C02,C,A-SINE,0.0,201,COMMON,180.0,0.0,3.4712903246339484,3.4712903246339484,True,True,False
C02,C,A-SINE,0.0,201,COMMON,200.0,0.0,5.90062352300646,5.90062352300646,True,True,False
C02,C,A-SINE,0.0,201,COMMON,220.0,0.0,2.7238108015952167,2.7238108015952167,True,True,False
C02,C,A-SINE,0.0,235,COMMON,180.0,0.0,1.49382495321162,1.49382495321162,True,True,False
C02,C,A-SINE,0.0,235,COMMON,200.0,0.0,1.3879219907223923,1.3879219907223923,True,True,False
C02,C,A-SINE,0.0,235,COMMON,220.0,0.0,1.100223496846649,1.100223496846649,True,True,False
C02,C,A-SINE,0.0,283,COMMON,180.0,0.0,1.5082066891494736,1.5082066891494736,True,True,False
C02,C,A-SINE,0.0,283,COMMON,200.0,0.0,1.8168921443739037,1.8168921443739037,True,True,False
C02,C,A-SINE,0.0,283,COMMON,220.0,0.0,1.5082996971154836,1.5082996971154836,True,True,False
C02,C,A-SINE,0.0,338,COMMON,180.0,0.0,7.657316863671291,7.657316863671291,True,True,False
C02,C,A-SINE,0.0,338,COMMON,200.0,0.0,4.22164616200524,4.22164616200524,True,True,False
C02,C,A-SINE,0.0,338,COMMON,220.0,0.0,6.181779227991873,6.181779227991873,True,True,False
C02,C,A-SINE,0.0,FOUR,COMMON_LINE_AMPLITUDE_VARIATION,180.0,0.0,4.802713350268507,4.802713350268507,True,True,False
C02,C,A-SINE,0.0,FOUR,COMMON_LINE_AMPLITUDE_VARIATION,200.0,0.0,5.23272650555855,5.23272650555855,True,True,False
C02,C,A-SINE,0.0,FOUR,COMMON_LINE_AMPLITUDE_VARIATION,220.0,0.0,4.300889532317985,4.300889532317985,True,True,False
C02,C,A-SINE,0.0,FOUR,LINE_SPECIFIC_AMPLITUDE_VARIATION,180.0,0.0,4.802713350268507,4.802713350268507,True,True,False
C02,C,A-SINE,0.0,FOUR,LINE_SPECIFIC_AMPLITUDE_VARIATION,200.0,0.0,5.23272650555855,5.23272650555855,True,True,False
C02,C,A-SINE,0.0,FOUR,LINE_SPECIFIC_AMPLITUDE_VARIATION,220.0,0.0,4.300889532317985,4.300889532317985,True,True,False
C02,C,A-SINE,0.25,201,COMMON,180.0,0.24999999999999994,3.5440311364585315,3.2940311364585315,True,True,False
C02,C,A-SINE,0.25,201,COMMON,200.0,0.25000000000000006,5.943891547246563,5.693891547246563,True,True,False
C02,C,A-SINE,0.25,201,COMMON,220.0,0.24999999999999994,2.8176274588979178,2.5676274588979178,True,True,False
C02,C,A-SINE,0.25,235,COMMON,180.0,0.25,1.5214723330266526,1.2714723330266526,True,True,False
C02,C,A-SINE,0.25,235,COMMON,200.0,0.24999999999999994,1.3982730627575786,1.1482730627575786,True,True,False
C02,C,A-SINE,0.25,235,COMMON,220.0,0.2205322132883548,1.0615644993320066,0.8410322860436518,True,True,False
C02,C,A-SINE,0.25,283,COMMON,180.0,0.25,1.5265953644334094,1.2765953644334094,True,True,False
C02,C,A-SINE,0.25,283,COMMON,200.0,0.25,1.8592505025895356,1.6092505025895356,True,True,False
C02,C,A-SINE,0.25,283,COMMON,220.0,0.24999999999999994,1.3822048088305248,1.1322048088305248,True,True,False
C02,C,A-SINE,0.25,338,COMMON,180.0,0.25,7.585085896465153,7.335085896465153,True,True,False
C02,C,A-SINE,0.25,338,COMMON,200.0,0.24822514454033703,4.0884307066369265,3.8402055620965894,True,True,False
C02,C,A-SINE,0.25,338,COMMON,220.0,0.25000000000000006,6.093170364999144,5.843170364999144,True,True,False
C02,C,A-SINE,0.25,FOUR,COMMON_LINE_AMPLITUDE_VARIATION,180.0,0.25,4.80985603124051,4.55985603124051,True,True,False
C02,C,A-SINE,0.25,FOUR,COMMON_LINE_AMPLITUDE_VARIATION,200.0,0.25,5.2391837797545175,4.9891837797545175,True,True,False
C02,C,A-SINE,0.25,FOUR,COMMON_LINE_AMPLITUDE_VARIATION,220.0,0.24999999999999997,4.272317251860804,4.022317251860804,True,True,False
C02,C,A-SINE,0.25,FOUR,LINE_SPECIFIC_AMPLITUDE_VARIATION,180.0,0.25,4.80985603124051,4.55985603124051,True,True,False
C02,C,A-SINE,0.25,FOUR,LINE_SPECIFIC_AMPLITUDE_VARIATION,200.0,0.25,5.2391837797545175,4.9891837797545175,True,True,False
C02,C,A-SINE,0.25,FOUR,LINE_SPECIFIC_AMPLITUDE_VARIATION,220.0,0.24999999999999997,4.272317251860804,4.022317251860804,True,True,False
C02,C,A-SINE,0.5,201,COMMON,180.0,0.4951683621386593,3.632555144038125,3.137386781899466,True,True,False
C02,C,A-SINE,0.5,201,COMMON,200.0,0.4999999999999999,5.997277339810219,5.497277339810219,True,True,False
C02,C,A-SINE,0.5,201,COMMON,220.0,0.5,2.929829979944962,2.429829979944962,True,True,False
C02,C,A-SINE,0.5,235,COMMON,180.0,0.5,1.570053684105346,1.070053684105346,True,True,False
C02,C,A-SINE,0.5,235,COMMON,200.0,0.5,1.4263501208614868,0.9263501208614868,True,True,False
C02,C,A-SINE,0.5,235,COMMON,220.0,0.4554663005127972,1.080900841645782,0.6254345411329847,True,True,False
C02,C,A-SINE,0.5,283,COMMON,180.0,0.5,1.5501686533652865,1.0501686533652865,True,True,False
C02,C,A-SINE,0.5,283,COMMON,200.0,0.5,1.8686875127047755,1.3686875127047755,True,True,False
C02,C,A-SINE,0.5,283,COMMON,220.0,0.5,1.2926764060621647,0.7926764060621647,True,True,False
C02,C,A-SINE,0.5,338,COMMON,180.0,0.4999999999999999,7.520475687271679,7.020475687271679,True,True,False
C02,C,A-SINE,0.5,338,COMMON,200.0,0.4960379371039634,3.966514208819864,3.470476271715901,True,True,False
C02,C,A-SINE,0.5,338,COMMON,220.0,0.4999999999999999,6.01365577416731,5.51365577416731,True,True,False
C02,C,A-SINE,0.5,FOUR,COMMON_LINE_AMPLITUDE_VARIATION,180.0,0.5,4.829945606078195,4.329945606078195,True,True,False
C02,C,A-SINE,0.5,FOUR,COMMON_LINE_AMPLITUDE_VARIATION,200.0,0.5,5.257534277026701,4.757534277026701,True,True,False
C02,C,A-SINE,0.5,FOUR,COMMON_LINE_AMPLITUDE_VARIATION,220.0,0.5,4.258255350714949,3.7582553507149488,True,True,False
C02,C,A-SINE,0.5,FOUR,LINE_SPECIFIC_AMPLITUDE_VARIATION,180.0,0.5,4.829945606078195,4.329945606078195,True,True,False
C02,C,A-SINE,0.5,FOUR,LINE_SPECIFIC_AMPLITUDE_VARIATION,200.0,0.5,5.257534277026701,4.757534277026701,True,True,False
C02,C,A-SINE,0.5,FOUR,LINE_SPECIFIC_AMPLITUDE_VARIATION,220.0,0.5,4.258255350714949,3.7582553507149488,True,True,False
C02,C,A-SINE,1.0,201,COMMON,180.0,0.9824474014309781,3.7182266883581816,2.7357792869272037,True,True,False
C02,C,A-SINE,1.0,201,COMMON,200.0,1.0,6.038034515049504,5.038034515049504,True,True,False
C02,C,A-SINE,1.0,201,COMMON,220.0,1.0,3.0367284436337427,2.0367284436337427,True,True,False
C02,C,A-SINE,1.0,235,COMMON,180.0,1.0,1.6521690984875494,0.6521690984875494,True,True,False
C02,C,A-SINE,1.0,235,COMMON,200.0,1.0,1.602525783186597,0.6025257831865971,True,True,False
C02,C,A-SINE,1.0,235,COMMON,220.0,0.9487253230059375,1.1779909261884314,0.2292656031824939,True,False,False
C02,C,A-SINE,1.0,283,COMMON,180.0,1.0,1.6170805854202115,0.6170805854202115,True,True,False
C02,C,A-SINE,1.0,283,COMMON,200.0,1.0,1.725980953772467,0.7259809537724671,True,True,False
C02,C,A-SINE,1.0,283,COMMON,220.0,1.0,1.2518213152287068,0.25182131522870677,True,False,False
C02,C,A-SINE,1.0,338,COMMON,180.0,1.0,7.414890934803028,6.414890934803028,True,True,False
C02,C,A-SINE,1.0,338,COMMON,200.0,0.9886820248749665,3.760874050053549,2.7721920251785828,True,True,False
C02,C,A-SINE,1.0,338,COMMON,220.0,1.0,5.883342342301683,4.883342342301683,True,True,False
C02,C,A-SINE,1.0,FOUR,COMMON_LINE_AMPLITUDE_VARIATION,180.0,1.0,4.908227133140924,3.908227133140924,True,True,False
C02,C,A-SINE,1.0,FOUR,COMMON_LINE_AMPLITUDE_VARIATION,200.0,1.0,5.329343924560167,4.329343924560167,True,True,False
C02,C,A-SINE,1.0,FOUR,COMMON_LINE_AMPLITUDE_VARIATION,220.0,1.0,4.274087796779865,3.274087796779865,True,True,False
C02,C,A-SINE,1.0,FOUR,LINE_SPECIFIC_AMPLITUDE_VARIATION,180.0,1.0,4.908227133140924,3.908227133140924,True,True,False
C02,C,A-SINE,1.0,FOUR,LINE_SPECIFIC_AMPLITUDE_VARIATION,200.0,1.0,5.329343924560167,4.329343924560167,True,True,False
C02,C,A-SINE,1.0,FOUR,LINE_SPECIFIC_AMPLITUDE_VARIATION,220.0,1.0,4.274087796779865,3.274087796779865,True,True,False
C02,C,A-SINE,2.0,201,COMMON,180.0,1.976164283658947,3.9491777039375133,1.9730134202785663,True,True,False
C02,C,A-SINE,2.0,201,COMMON,200.0,2.0,6.196921940836451,4.196921940836451,True,True,False
C02,C,A-SINE,2.0,201,COMMON,220.0,2.0,3.241263185437851,1.2412631854378509,True,True,False
C02,C,A-SINE,2.0,235,COMMON,180.0,2.0,2.1814790964036175,0.18147909640361748,True,False,False
C02,C,A-SINE,2.0,235,COMMON,200.0,2.0,2.266123854243252,0.266123854243252,True,False,False
C02,C,A-SINE,2.0,235,COMMON,220.0,1.9450827088643488,1.6324105421977588,-0.3126721666665899,False,False,False
C02,C,A-SINE,2.0,283,COMMON,180.0,2.0,2.0652862856406986,0.0652862856406986,True,False,False
C02,C,A-SINE,2.0,283,COMMON,200.0,2.0,1.8582369919034616,-0.1417630080965384,False,False,False
C02,C,A-SINE,2.0,283,COMMON,220.0,1.9955317738342595,1.6909007168379817,-0.3046310569962778,False,False,False
C02,C,A-SINE,2.0,338,COMMON,180.0,2.0,7.30251419713673,5.30251419713673,True,True,False
C02,C,A-SINE,2.0,338,COMMON,200.0,1.9739293123160242,3.5307295171902933,1.556800204874269,True,True,False
C02,C,A-SINE,2.0,338,COMMON,220.0,2.0,5.7456975042032905,3.7456975042032905,True,True,False
C02,C,A-SINE,2.0,FOUR,COMMON_LINE_AMPLITUDE_VARIATION,180.0,2.0,5.207238390563101,3.2072383905631012,True,True,False
C02,C,A-SINE,2.0,FOUR,COMMON_LINE_AMPLITUDE_VARIATION,200.0,2.0,5.605567469089791,3.6055674690897908,True,True,False
C02,C,A-SINE,2.0,FOUR,COMMON_LINE_AMPLITUDE_VARIATION,220.0,2.0,4.476382715984271,2.476382715984271,True,True,False
C02,C,A-SINE,2.0,FOUR,LINE_SPECIFIC_AMPLITUDE_VARIATION,180.0,2.0,5.207238390563101,3.2072383905631012,True,True,False
C02,C,A-SINE,2.0,FOUR,LINE_SPECIFIC_AMPLITUDE_VARIATION,200.0,2.0,5.605567469089791,3.6055674690897908,True,True,False
C02,C,A-SINE,2.0,FOUR,LINE_SPECIFIC_AMPLITUDE_VARIATION,220.0,2.0,4.476382715984271,2.476382715984271,True,True,False
C03,C,A-RAMP,0.0,201,COMMON,180.0,0.0,3.8529949831406594,3.8529949831406594,True,True,False
C03,C,A-RAMP,0.0,201,COMMON,200.0,0.0,6.2522473113273405,6.2522473113273405,True,True,False
C03,C,A-RAMP,0.0,201,COMMON,220.0,0.0,3.0514357282973132,3.0514357282973132,True,True,False
C03,C,A-RAMP,0.0,235,COMMON,180.0,0.0,2.116630236907849,2.116630236907849,True,True,False
C03,C,A-RAMP,0.0,235,COMMON,200.0,0.0,1.8324353456487192,1.8324353456487192,True,True,False
C03,C,A-RAMP,0.0,235,COMMON,220.0,0.0,1.1707561069138726,1.1707561069138726,True,True,False
C03,C,A-RAMP,0.0,283,COMMON,180.0,0.0,1.4889742601446394,1.4889742601446394,True,True,False
C03,C,A-RAMP,0.0,283,COMMON,200.0,0.0,1.659246730275229,1.659246730275229,True,True,False
C03,C,A-RAMP,0.0,283,COMMON,220.0,0.0,1.4326231903328208,1.4326231903328208,True,True,False
C03,C,A-RAMP,0.0,338,COMMON,180.0,0.0,7.906418583659319,7.906418583659319,True,True,False
C03,C,A-RAMP,0.0,338,COMMON,200.0,0.0,4.6150091162237,4.6150091162237,True,True,False
C03,C,A-RAMP,0.0,338,COMMON,220.0,0.0,6.40169109712036,6.40169109712036,True,True,False
C03,C,A-RAMP,0.0,FOUR,COMMON_LINE_AMPLITUDE_VARIATION,180.0,0.0,4.969189373246599,4.969189373246599,True,True,False
C03,C,A-RAMP,0.0,FOUR,COMMON_LINE_AMPLITUDE_VARIATION,200.0,0.0,5.303364791739795,5.303364791739795,True,True,False
C03,C,A-RAMP,0.0,FOUR,COMMON_LINE_AMPLITUDE_VARIATION,220.0,0.0,4.334531395314179,4.334531395314179,True,True,False
C03,C,A-RAMP,0.0,FOUR,LINE_SPECIFIC_AMPLITUDE_VARIATION,180.0,0.0,4.969189373246599,4.969189373246599,True,True,False
C03,C,A-RAMP,0.0,FOUR,LINE_SPECIFIC_AMPLITUDE_VARIATION,200.0,0.0,5.303364791739795,5.303364791739795,True,True,False
C03,C,A-RAMP,0.0,FOUR,LINE_SPECIFIC_AMPLITUDE_VARIATION,220.0,0.0,4.334531395314179,4.334531395314179,True,True,False
C03,C,A-RAMP,0.25,201,COMMON,180.0,0.25,3.8821311248335957,3.6321311248335957,True,True,False
C03,C,A-RAMP,0.25,201,COMMON,200.0,0.25,6.26979843923196,6.01979843923196,True,True,False
C03,C,A-RAMP,0.25,201,COMMON,220.0,0.18036849949711203,3.084175803095022,2.90380730359791,True,True,False
C03,C,A-RAMP,0.25,235,COMMON,180.0,0.25,2.0485646981302676,1.7985646981302676,True,True,False
C03,C,A-RAMP,0.25,235,COMMON,200.0,0.25,1.9213427886113184,1.6713427886113184,True,True,False
C03,C,A-RAMP,0.25,235,COMMON,220.0,0.2058946561538251,1.2750152642697947,1.0691206081159697,True,True,False
C03,C,A-RAMP,0.25,283,COMMON,180.0,0.24156826283512137,1.4556341596107703,1.2140658967756488,True,True,False
C03,C,A-RAMP,0.25,283,COMMON,200.0,0.1781645228896271,1.6908947140984785,1.5127301912088513,True,True,False
C03,C,A-RAMP,0.25,283,COMMON,220.0,0.19123007400110062,1.417829501976361,1.2265994279752603,True,True,False
C03,C,A-RAMP,0.25,338,COMMON,180.0,0.25,7.902543165572015,7.652543165572015,True,True,False
C03,C,A-RAMP,0.25,338,COMMON,200.0,0.25,4.610046593783773,4.360046593783773,True,True,False
C03,C,A-RAMP,0.25,338,COMMON,220.0,0.25,6.394244828701003,6.144244828701003,True,True,False
C03,C,A-RAMP,0.25,FOUR,COMMON_LINE_AMPLITUDE_VARIATION,180.0,0.25,4.9718200392691445,4.7218200392691445,True,True,False
C03,C,A-RAMP,0.25,FOUR,COMMON_LINE_AMPLITUDE_VARIATION,200.0,0.25,5.306080229306658,5.056080229306658,True,True,False
C03,C,A-RAMP,0.25,FOUR,COMMON_LINE_AMPLITUDE_VARIATION,220.0,0.25,4.339395088212376,4.089395088212376,True,True,False
C03,C,A-RAMP,0.25,FOUR,LINE_SPECIFIC_AMPLITUDE_VARIATION,180.0,0.25,4.9718200392691445,4.7218200392691445,True,True,False
C03,C,A-RAMP,0.25,FOUR,LINE_SPECIFIC_AMPLITUDE_VARIATION,200.0,0.25,5.306080229306658,5.056080229306658,True,True,False
C03,C,A-RAMP,0.25,FOUR,LINE_SPECIFIC_AMPLITUDE_VARIATION,220.0,0.25,4.339395088212376,4.089395088212376,True,True,False
C03,C,A-RAMP,0.5,201,COMMON,180.0,0.5,3.926998064768614,3.426998064768614,True,True,False
C03,C,A-RAMP,0.5,201,COMMON,200.0,0.5,6.297233400088572,5.797233400088572,True,True,False
C03,C,A-RAMP,0.5,201,COMMON,220.0,0.4122486153474899,3.1365619338479984,2.7243133185005086,True,True,False
C03,C,A-RAMP,0.5,235,COMMON,180.0,0.5,2.009505184133282,1.5095051841332818,True,True,False
C03,C,A-RAMP,0.5,235,COMMON,200.0,0.5,2.0083880819025253,1.5083880819025253,True,True,False
C03,C,A-RAMP,0.5,235,COMMON,220.0,0.45335501614273066,1.4162125498546545,0.9628575337119238,True,True,False
C03,C,A-RAMP,0.5,283,COMMON,180.0,0.22457138272767255,1.464819874891869,1.2402484921641965,True,True,False
C03,C,A-RAMP,0.5,283,COMMON,200.0,0.34109159561215274,1.7578822931025022,1.4167906974903495,True,True,False
C03,C,A-RAMP,0.5,283,COMMON,220.0,0.43756628766601807,1.4442630048516831,1.0066967171856651,True,True,False
C03,C,A-RAMP,0.5,338,COMMON,180.0,0.5,7.906574615307475,7.406574615307475,True,True,False
C03,C,A-RAMP,0.5,338,COMMON,200.0,0.45671883346599246,4.618630754984304,4.161911921518311,True,True,False
C03,C,A-RAMP,0.5,338,COMMON,220.0,0.5,6.396568217082419,5.896568217082419,True,True,False
C03,C,A-RAMP,0.5,FOUR,COMMON_LINE_AMPLITUDE_VARIATION,180.0,0.5,4.986997691855244,4.486997691855244,True,True,False
C03,C,A-RAMP,0.5,FOUR,COMMON_LINE_AMPLITUDE_VARIATION,200.0,0.5,5.320554170893548,4.820554170893548,True,True,False
C03,C,A-RAMP,0.5,FOUR,COMMON_LINE_AMPLITUDE_VARIATION,220.0,0.5,4.3586164142120944,3.8586164142120944,True,True,False
C03,C,A-RAMP,0.5,FOUR,LINE_SPECIFIC_AMPLITUDE_VARIATION,180.0,0.5,4.986997691855244,4.486997691855244,True,True,False
C03,C,A-RAMP,0.5,FOUR,LINE_SPECIFIC_AMPLITUDE_VARIATION,200.0,0.5,5.320554170893548,4.820554170893548,True,True,False
C03,C,A-RAMP,0.5,FOUR,LINE_SPECIFIC_AMPLITUDE_VARIATION,220.0,0.5,4.3586164142120944,3.8586164142120944,True,True,False
C03,C,A-RAMP,1.0,201,COMMON,180.0,1.0,4.061656960070087,3.0616569600700867,True,True,False
C03,C,A-RAMP,1.0,201,COMMON,200.0,1.0,6.381198989875041,5.381198989875041,True,True,False
C03,C,A-RAMP,1.0,201,COMMON,220.0,0.905417677840503,3.296176804390085,2.3907591265495824,True,True,False
C03,C,A-RAMP,1.0,235,COMMON,180.0,1.0,2.0238820643319344,1.0238820643319344,True,True,False
C03,C,A-RAMP,1.0,235,COMMON,200.0,0.9262081102096308,2.230451065668248,1.3042429554586175,True,True,False
C03,C,A-RAMP,1.0,235,COMMON,220.0,0.9522641929212305,1.6058984037920006,0.65363421087077,True,True,False
C03,C,A-RAMP,1.0,283,COMMON,180.0,0.6399894269457111,1.6044781657545812,0.9644887388088701,True,True,False
C03,C,A-RAMP,1.0,283,COMMON,200.0,0.8127393403538161,1.9817165793517462,1.16897723899793,True,True,False
C03,C,A-RAMP,1.0,283,COMMON,220.0,0.9360848710990519,1.616232003210111,0.680147132111059,True,True,False
C03,C,A-RAMP,1.0,338,COMMON,180.0,1.0,7.938286305923695,6.938286305923695,True,True,False
C03,C,A-RAMP,1.0,338,COMMON,200.0,0.9297421321085215,4.67602298528845,3.746280853179928,True,True,False
C03,C,A-RAMP,1.0,338,COMMON,220.0,1.0,6.430437077573176,5.430437077573176,True,True,False
C03,C,A-RAMP,1.0,FOUR,COMMON_LINE_AMPLITUDE_VARIATION,180.0,1.0,5.054448429843966,4.054448429843966,True,True,False
C03,C,A-RAMP,1.0,FOUR,COMMON_LINE_AMPLITUDE_VARIATION,200.0,1.0,5.384321243811533,4.384321243811533,True,True,False
C03,C,A-RAMP,1.0,FOUR,COMMON_LINE_AMPLITUDE_VARIATION,220.0,1.0,4.43924674641024,3.43924674641024,True,True,False
C03,C,A-RAMP,1.0,FOUR,LINE_SPECIFIC_AMPLITUDE_VARIATION,180.0,1.0,5.054448429843966,4.054448429843966,True,True,False
C03,C,A-RAMP,1.0,FOUR,LINE_SPECIFIC_AMPLITUDE_VARIATION,200.0,1.0,5.384321243811533,4.384321243811533,True,True,False
C03,C,A-RAMP,1.0,FOUR,LINE_SPECIFIC_AMPLITUDE_VARIATION,220.0,1.0,4.43924674641024,3.43924674641024,True,True,False
C03,C,A-RAMP,2.0,201,COMMON,180.0,2.0,4.488712976173066,2.4887129761730664,True,True,False
C03,C,A-RAMP,2.0,201,COMMON,200.0,2.0,6.659489819405427,4.659489819405427,True,True,False
C03,C,A-RAMP,2.0,201,COMMON,220.0,1.9024840793884243,3.7971440646450483,1.894659985256624,True,True,False
C03,C,A-RAMP,2.0,235,COMMON,180.0,2.0,2.389994489712561,0.3899944897125609,True,False,False
C03,C,A-RAMP,2.0,235,COMMON,200.0,1.8711074217263175,2.7732882596713346,0.9021808379450171,True,True,False
C03,C,A-RAMP,2.0,235,COMMON,220.0,1.9517581146331167,2.188137019930608,0.2363789052974914,True,False,False
C03,C,A-RAMP,2.0,283,COMMON,180.0,1.6210782793950642,2.2207332170688794,0.5996549376738152,True,True,False
C03,C,A-RAMP,2.0,283,COMMON,200.0,1.8024840506594724,2.664826727917996,0.8623426772585234,True,True,False
C03,C,A-RAMP,2.0,283,COMMON,220.0,1.9354162718903507,2.2726254443342127,0.33720917244386195,True,False,False
C03,C,A-RAMP,2.0,338,COMMON,180.0,2.0,8.094524330039281,6.094524330039281,True,True,False
C03,C,A-RAMP,2.0,338,COMMON,200.0,1.917309863055011,4.9428810197155215,3.0255711566605106,True,True,False
C03,C,A-RAMP,2.0,338,COMMON,220.0,2.0,6.612064209783934,4.612064209783934,True,True,False
C03,C,A-RAMP,2.0,FOUR,COMMON_LINE_AMPLITUDE_VARIATION,180.0,2.0,5.329357825546839,3.329357825546839,True,True,False
C03,C,A-RAMP,2.0,FOUR,COMMON_LINE_AMPLITUDE_VARIATION,200.0,2.0,5.644125476887899,3.644125476887899,True,True,False
C03,C,A-RAMP,2.0,FOUR,COMMON_LINE_AMPLITUDE_VARIATION,220.0,2.0,4.756643872949027,2.7566438729490272,True,True,False
C03,C,A-RAMP,2.0,FOUR,LINE_SPECIFIC_AMPLITUDE_VARIATION,180.0,2.0,5.329357825546839,3.329357825546839,True,True,False
C03,C,A-RAMP,2.0,FOUR,LINE_SPECIFIC_AMPLITUDE_VARIATION,200.0,2.0,5.644125476887899,3.644125476887899,True,True,False
C03,C,A-RAMP,2.0,FOUR,LINE_SPECIFIC_AMPLITUDE_VARIATION,220.0,2.0,4.756643872949027,2.7566438729490272,True,True,False
C03,C,A-SINE,0.0,201,COMMON,180.0,0.0,3.8529949831406594,3.8529949831406594,True,True,False
C03,C,A-SINE,0.0,201,COMMON,200.0,0.0,6.2522473113273405,6.2522473113273405,True,True,False
C03,C,A-SINE,0.0,201,COMMON,220.0,0.0,3.0514357282973132,3.0514357282973132,True,True,False
C03,C,A-SINE,0.0,235,COMMON,180.0,0.0,2.116630236907849,2.116630236907849,True,True,False
C03,C,A-SINE,0.0,235,COMMON,200.0,0.0,1.8324353456487192,1.8324353456487192,True,True,False
C03,C,A-SINE,0.0,235,COMMON,220.0,0.0,1.1707561069138726,1.1707561069138726,True,True,False
C03,C,A-SINE,0.0,283,COMMON,180.0,0.0,1.4889742601446394,1.4889742601446394,True,True,False
C03,C,A-SINE,0.0,283,COMMON,200.0,0.0,1.659246730275229,1.659246730275229,True,True,False
C03,C,A-SINE,0.0,283,COMMON,220.0,0.0,1.4326231903328208,1.4326231903328208,True,True,False
C03,C,A-SINE,0.0,338,COMMON,180.0,0.0,7.906418583659319,7.906418583659319,True,True,False
C03,C,A-SINE,0.0,338,COMMON,200.0,0.0,4.6150091162237,4.6150091162237,True,True,False
C03,C,A-SINE,0.0,338,COMMON,220.0,0.0,6.40169109712036,6.40169109712036,True,True,False
C03,C,A-SINE,0.0,FOUR,COMMON_LINE_AMPLITUDE_VARIATION,180.0,0.0,4.969189373246599,4.969189373246599,True,True,False
C03,C,A-SINE,0.0,FOUR,COMMON_LINE_AMPLITUDE_VARIATION,200.0,0.0,5.303364791739795,5.303364791739795,True,True,False
C03,C,A-SINE,0.0,FOUR,COMMON_LINE_AMPLITUDE_VARIATION,220.0,0.0,4.334531395314179,4.334531395314179,True,True,False
C03,C,A-SINE,0.0,FOUR,LINE_SPECIFIC_AMPLITUDE_VARIATION,180.0,0.0,4.969189373246599,4.969189373246599,True,True,False
C03,C,A-SINE,0.0,FOUR,LINE_SPECIFIC_AMPLITUDE_VARIATION,200.0,0.0,5.303364791739795,5.303364791739795,True,True,False
C03,C,A-SINE,0.0,FOUR,LINE_SPECIFIC_AMPLITUDE_VARIATION,220.0,0.0,4.334531395314179,4.334531395314179,True,True,False
C03,C,A-SINE,0.25,201,COMMON,180.0,0.25,3.832630563356173,3.582630563356173,True,True,False
C03,C,A-SINE,0.25,201,COMMON,200.0,0.25000000000000006,6.240066256612036,5.990066256612036,True,True,False
C03,C,A-SINE,0.25,201,COMMON,220.0,0.25,3.028821302199416,2.778821302199416,True,True,False
C03,C,A-SINE,0.25,235,COMMON,180.0,0.25,2.184222388794193,1.934222388794193,True,True,False
C03,C,A-SINE,0.25,235,COMMON,200.0,0.25,1.810280215916022,1.560280215916022,True,True,False
C03,C,A-SINE,0.25,235,COMMON,220.0,0.20652292792200605,1.1822075958091196,0.9756846678871136,True,True,False
C03,C,A-SINE,0.25,283,COMMON,180.0,0.25,1.5166120807165349,1.2666120807165349,True,True,False
C03,C,A-SINE,0.25,283,COMMON,200.0,0.25,1.6256520310338956,1.3756520310338956,True,True,False
C03,C,A-SINE,0.25,283,COMMON,220.0,0.25,1.3285878955667314,1.0785878955667314,True,True,False
C03,C,A-SINE,0.25,338,COMMON,180.0,0.25000000000000006,7.92527141535288,7.67527141535288,True,True,False
C03,C,A-SINE,0.25,338,COMMON,200.0,0.24718366417461457,4.6269388467161425,4.379755182541528,True,True,False
C03,C,A-SINE,0.25,338,COMMON,220.0,0.25000000000000006,6.413639370080566,6.163639370080566,True,True,False
C03,C,A-SINE,0.25,FOUR,COMMON_LINE_AMPLITUDE_VARIATION,180.0,0.25,4.974869749908368,4.724869749908368,True,True,False
C03,C,A-SINE,0.25,FOUR,COMMON_LINE_AMPLITUDE_VARIATION,200.0,0.25,5.308493284389687,5.058493284389687,True,True,False
C03,C,A-SINE,0.25,FOUR,COMMON_LINE_AMPLITUDE_VARIATION,220.0,0.25,4.339608318177947,4.089608318177947,True,True,False
C03,C,A-SINE,0.25,FOUR,LINE_SPECIFIC_AMPLITUDE_VARIATION,180.0,0.25,4.974869749908368,4.724869749908368,True,True,False
C03,C,A-SINE,0.25,FOUR,LINE_SPECIFIC_AMPLITUDE_VARIATION,200.0,0.25,5.308493284389687,5.058493284389687,True,True,False
C03,C,A-SINE,0.25,FOUR,LINE_SPECIFIC_AMPLITUDE_VARIATION,220.0,0.25,4.339608318177947,4.089608318177947,True,True,False
C03,C,A-SINE,0.5,201,COMMON,180.0,0.5,3.828517171208276,3.328517171208276,True,True,False
C03,C,A-SINE,0.5,201,COMMON,200.0,0.5,6.237888852153134,5.737888852153134,True,True,False
C03,C,A-SINE,0.5,201,COMMON,220.0,0.5,3.0267568381659893,2.5267568381659893,True,True,False
C03,C,A-SINE,0.5,235,COMMON,180.0,0.5,2.27739573364557,1.77739573364557,True,True,False
C03,C,A-SINE,0.5,235,COMMON,200.0,0.5,1.8224734906964155,1.3224734906964155,True,True,False
C03,C,A-SINE,0.5,235,COMMON,220.0,0.4161970457726327,1.1206194773122735,0.7044224315396408,True,True,False
C03,C,A-SINE,0.5,283,COMMON,180.0,0.5,1.5837234794551092,1.0837234794551092,True,True,False
C03,C,A-SINE,0.5,283,COMMON,200.0,0.5,1.6301500974082788,1.1301500974082788,True,True,False
C03,C,A-SINE,0.5,283,COMMON,220.0,0.5,1.2660499148980981,0.7660499148980981,True,True,False
C03,C,A-SINE,0.5,338,COMMON,180.0,0.5,7.933560899416115,7.433560899416115,True,True,False
C03,C,A-SINE,0.5,338,COMMON,200.0,0.4924655857121687,4.623138393950965,4.1306728082387965,True,True,False
C03,C,A-SINE,0.5,338,COMMON,220.0,0.5,6.413894487583335,5.913894487583335,True,True,False
C03,C,A-SINE,0.5,FOUR,COMMON_LINE_AMPLITUDE_VARIATION,180.0,0.5,4.993076709797253,4.493076709797253,True,True,False
C03,C,A-SINE,0.5,FOUR,COMMON_LINE_AMPLITUDE_VARIATION,200.0,0.5,5.325366070661765,4.825366070661765,True,True,False
C03,C,A-SINE,0.5,FOUR,COMMON_LINE_AMPLITUDE_VARIATION,220.0,0.5,4.359040983224886,3.8590409832248858,True,True,False
C03,C,A-SINE,0.5,FOUR,LINE_SPECIFIC_AMPLITUDE_VARIATION,180.0,0.5,4.993076709797253,4.493076709797253,True,True,False
C03,C,A-SINE,0.5,FOUR,LINE_SPECIFIC_AMPLITUDE_VARIATION,200.0,0.5,5.325366070661765,4.825366070661765,True,True,False
C03,C,A-SINE,0.5,FOUR,LINE_SPECIFIC_AMPLITUDE_VARIATION,220.0,0.5,4.359040983224886,3.8590409832248858,True,True,False
C03,C,A-SINE,1.0,201,COMMON,180.0,0.9756151203858421,3.869046022001567,2.893430901615725,True,True,False
C03,C,A-SINE,1.0,201,COMMON,200.0,1.0,6.263538793815579,5.263538793815579,True,True,False
C03,C,A-SINE,1.0,201,COMMON,220.0,1.0,3.0840320865451125,2.0840320865451125,True,True,False
C03,C,A-SINE,1.0,235,COMMON,180.0,1.0,2.3686973509301716,1.3686973509301716,True,True,False
C03,C,A-SINE,1.0,235,COMMON,200.0,1.0,1.945507633652362,0.945507633652362,True,True,False
C03,C,A-SINE,1.0,235,COMMON,220.0,0.8996424307549331,1.0896741821439717,0.1900317513890386,True,False,False
C03,C,A-SINE,1.0,283,COMMON,180.0,1.0,1.7396604206475124,0.7396604206475124,True,True,False
C03,C,A-SINE,1.0,283,COMMON,200.0,1.0,1.7497654037702892,0.7497654037702892,True,True,False
C03,C,A-SINE,1.0,283,COMMON,220.0,1.0,1.2858287477528156,0.28582874775281564,True,False,False
C03,C,A-SINE,1.0,338,COMMON,180.0,1.0,7.9542519002814895,6.9542519002814895,True,True,False
C03,C,A-SINE,1.0,338,COMMON,200.0,0.9901351077822214,4.655974618312338,3.6658395105301165,True,True,False
C03,C,A-SINE,1.0,338,COMMON,220.0,1.0,6.44356947309958,5.44356947309958,True,True,False
C03,C,A-SINE,1.0,FOUR,COMMON_LINE_AMPLITUDE_VARIATION,180.0,1.0,5.066437311627629,4.066437311627629,True,True,False
C03,C,A-SINE,1.0,FOUR,COMMON_LINE_AMPLITUDE_VARIATION,200.0,1.0,5.393826977095741,4.393826977095741,True,True,False
C03,C,A-SINE,1.0,FOUR,COMMON_LINE_AMPLITUDE_VARIATION,220.0,1.0,4.44008042381037,3.44008042381037,True,True,False
C03,C,A-SINE,1.0,FOUR,LINE_SPECIFIC_AMPLITUDE_VARIATION,180.0,1.0,5.066437311627629,4.066437311627629,True,True,False
C03,C,A-SINE,1.0,FOUR,LINE_SPECIFIC_AMPLITUDE_VARIATION,200.0,1.0,5.393826977095741,4.393826977095741,True,True,False
C03,C,A-SINE,1.0,FOUR,LINE_SPECIFIC_AMPLITUDE_VARIATION,220.0,1.0,4.44008042381037,3.44008042381037,True,True,False
C03,C,A-SINE,2.0,201,COMMON,180.0,1.9577501360759415,4.134424252616706,2.176674116540765,True,True,False
C03,C,A-SINE,2.0,201,COMMON,200.0,2.0,6.432203355092679,4.432203355092679,True,True,False
C03,C,A-SINE,2.0,201,COMMON,220.0,2.0,3.4221700451249126,1.4221700451249126,True,True,False
C03,C,A-SINE,2.0,235,COMMON,180.0,2.0,2.436991547413752,0.436991547413752,True,False,False
C03,C,A-SINE,2.0,235,COMMON,200.0,2.0,2.338714528596741,0.338714528596741,True,False,False
C03,C,A-SINE,2.0,235,COMMON,220.0,1.892519365244171,1.597057745928473,-0.29546161931569803,False,False,False
C03,C,A-SINE,2.0,283,COMMON,180.0,2.0,2.320661746604258,0.32066174660425784,True,False,False
C03,C,A-SINE,2.0,283,COMMON,200.0,2.0,2.317381760637157,0.31738176063715695,True,False,False
C03,C,A-SINE,2.0,283,COMMON,220.0,2.0,1.8039683843171306,-0.19603161568286942,False,False,False
C03,C,A-SINE,2.0,338,COMMON,180.0,2.0,8.088732458791464,6.088732458791464,True,True,False
C03,C,A-SINE,2.0,338,COMMON,200.0,1.9564870336279807,4.877241199680323,2.920754166052342,True,True,False
C03,C,A-SINE,2.0,338,COMMON,220.0,2.0,6.616848016108472,4.616848016108472,True,True,False
C03,C,A-SINE,2.0,FOUR,COMMON_LINE_AMPLITUDE_VARIATION,180.0,2.0,5.352077263840487,3.3520772638404868,True,True,False
C03,C,A-SINE,2.0,FOUR,COMMON_LINE_AMPLITUDE_VARIATION,200.0,2.0,5.662248740864912,3.6622487408649116,True,True,False
C03,C,A-SINE,2.0,FOUR,COMMON_LINE_AMPLITUDE_VARIATION,220.0,2.0,4.758199861590922,2.7581998615909216,True,True,False
C03,C,A-SINE,2.0,FOUR,LINE_SPECIFIC_AMPLITUDE_VARIATION,180.0,2.0,5.352077263840487,3.3520772638404868,True,True,False
C03,C,A-SINE,2.0,FOUR,LINE_SPECIFIC_AMPLITUDE_VARIATION,200.0,2.0,5.662248740864912,3.6622487408649116,True,True,False
C03,C,A-SINE,2.0,FOUR,LINE_SPECIFIC_AMPLITUDE_VARIATION,220.0,2.0,4.758199861590922,2.7581998615909216,True,True,False
C04,C,A-RAMP,0.0,201,COMMON,180.0,0.0,1.44655142850712,1.44655142850712,True,True,False
C04,C,A-RAMP,0.0,201,COMMON,200.0,0.0,3.4875727461074515,3.4875727461074515,True,True,False
C04,C,A-RAMP,0.0,201,COMMON,220.0,0.0,1.2549488500433243,1.2549488500433243,True,True,False
C04,C,A-RAMP,0.0,235,COMMON,180.0,0.0,1.3253622522357824,1.3253622522357824,True,True,False
C04,C,A-RAMP,0.0,235,COMMON,200.0,0.0,4.150242072983724,4.150242072983724,True,True,False
C04,C,A-RAMP,0.0,235,COMMON,220.0,0.0,2.2731280921307846,2.2731280921307846,True,True,False
C04,C,A-RAMP,0.0,283,COMMON,180.0,0.0,1.7680627000177382,1.7680627000177382,True,True,False
C04,C,A-RAMP,0.0,283,COMMON,200.0,0.0,3.0432263694452786,3.0432263694452786,True,True,False
C04,C,A-RAMP,0.0,283,COMMON,220.0,0.0,1.5405865564998051,1.5405865564998051,True,True,False
C04,C,A-RAMP,0.0,338,COMMON,180.0,0.0,5.214196542730689,5.214196542730689,True,True,False
C04,C,A-RAMP,0.0,338,COMMON,200.0,0.0,1.832939560793386,1.832939560793386,True,True,False
C04,C,A-RAMP,0.0,338,COMMON,220.0,0.0,3.736757515406632,3.736757515406632,True,True,False
C04,C,A-RAMP,0.0,FOUR,COMMON_LINE_AMPLITUDE_VARIATION,180.0,0.0,5.54740115320649,5.54740115320649,True,True,False
C04,C,A-RAMP,0.0,FOUR,COMMON_LINE_AMPLITUDE_VARIATION,200.0,0.0,6.046363007994664,6.046363007994664,True,True,False
C04,C,A-RAMP,0.0,FOUR,COMMON_LINE_AMPLITUDE_VARIATION,220.0,0.0,5.117065619925505,5.117065619925505,True,True,False
C04,C,A-RAMP,0.0,FOUR,LINE_SPECIFIC_AMPLITUDE_VARIATION,180.0,0.0,5.54740115320649,5.54740115320649,True,True,False
C04,C,A-RAMP,0.0,FOUR,LINE_SPECIFIC_AMPLITUDE_VARIATION,200.0,0.0,6.046363007994664,6.046363007994664,True,True,False
C04,C,A-RAMP,0.0,FOUR,LINE_SPECIFIC_AMPLITUDE_VARIATION,220.0,0.0,5.117065619925505,5.117065619925505,True,True,False
C04,C,A-RAMP,0.25,201,COMMON,180.0,0.25,1.5271293509898527,1.2771293509898527,True,True,False
C04,C,A-RAMP,0.25,201,COMMON,200.0,0.24999999999999994,3.521356682356039,3.271356682356039,True,True,False
C04,C,A-RAMP,0.25,201,COMMON,220.0,0.25,1.3424419596923494,1.0924419596923494,True,True,False
C04,C,A-RAMP,0.25,235,COMMON,180.0,0.25,1.2986983169881439,1.0486983169881439,True,True,False
C04,C,A-RAMP,0.25,235,COMMON,200.0,0.25,4.111348217018733,3.861348217018733,True,True,False
C04,C,A-RAMP,0.25,235,COMMON,220.0,0.24648090217352572,2.2123878372912356,1.9659069351177099,True,True,False
C04,C,A-RAMP,0.25,283,COMMON,180.0,0.13948980110010895,1.6151126665859314,1.4756228654858226,True,True,False
C04,C,A-RAMP,0.25,283,COMMON,200.0,0.22932158027136176,2.8061646393684305,2.576843059097069,True,True,False
C04,C,A-RAMP,0.25,283,COMMON,220.0,0.22288489960264676,1.3899864993157365,1.1671015997130898,True,True,False
C04,C,A-RAMP,0.25,338,COMMON,180.0,0.24999999999999997,5.180360296793266,4.930360296793266,True,True,False
C04,C,A-RAMP,0.25,338,COMMON,200.0,0.2197873177539125,1.7365972031816488,1.5168098854277363,True,True,False
C04,C,A-RAMP,0.25,338,COMMON,220.0,0.24999999999999994,3.6870690835905595,3.4370690835905595,True,True,False
C04,C,A-RAMP,0.25,FOUR,COMMON_LINE_AMPLITUDE_VARIATION,180.0,0.25,5.588848364119267,5.338848364119267,True,True,False
C04,C,A-RAMP,0.25,FOUR,COMMON_LINE_AMPLITUDE_VARIATION,200.0,0.25,6.084522440907564,5.834522440907564,True,True,False
C04,C,A-RAMP,0.25,FOUR,COMMON_LINE_AMPLITUDE_VARIATION,220.0,0.25,5.162753074197078,4.912753074197078,True,True,False
C04,C,A-RAMP,0.25,FOUR,LINE_SPECIFIC_AMPLITUDE_VARIATION,180.0,0.25,5.588848364119267,5.338848364119267,True,True,False
C04,C,A-RAMP,0.25,FOUR,LINE_SPECIFIC_AMPLITUDE_VARIATION,200.0,0.25,6.084522440907564,5.834522440907564,True,True,False
C04,C,A-RAMP,0.25,FOUR,LINE_SPECIFIC_AMPLITUDE_VARIATION,220.0,0.25,5.162753074197078,4.912753074197078,True,True,False
C04,C,A-RAMP,0.5,201,COMMON,180.0,0.5,1.6421744955982562,1.1421744955982562,True,True,False
C04,C,A-RAMP,0.5,201,COMMON,200.0,0.5,3.5723580600711893,3.0723580600711893,True,True,False
C04,C,A-RAMP,0.5,201,COMMON,220.0,0.49881356770217367,1.4677888860664563,0.9689753183642826,True,True,False
C04,C,A-RAMP,0.5,235,COMMON,180.0,0.5,1.2476821953770667,0.7476821953770667,True,True,False
C04,C,A-RAMP,0.5,235,COMMON,200.0,0.5,4.087402483093877,3.587402483093877,True,True,False
C04,C,A-RAMP,0.5,235,COMMON,220.0,0.4857560814602661,2.178808977848733,1.693052896388467,True,True,False
C04,C,A-RAMP,0.5,283,COMMON,180.0,0.35686730267847044,1.4886679080099168,1.1318006053314464,True,True,False
C04,C,A-RAMP,0.5,283,COMMON,200.0,0.42899499618532344,2.5715546330569015,2.142559636871578,True,True,False
C04,C,A-RAMP,0.5,283,COMMON,220.0,0.4698129157387015,1.2711089640515107,0.8012960483128093,True,True,False
C04,C,A-RAMP,0.5,338,COMMON,180.0,0.5,5.158431934508719,4.658431934508719,True,True,False
C04,C,A-RAMP,0.5,338,COMMON,200.0,0.4604837163679577,1.6723852004473123,1.2119014840793545,True,True,False
C04,C,A-RAMP,0.5,338,COMMON,220.0,0.5,3.653847304607941,3.153847304607941,True,True,False
C04,C,A-RAMP,0.5,FOUR,COMMON_LINE_AMPLITUDE_VARIATION,180.0,0.5,5.641080793574979,5.141080793574979,True,True,False
C04,C,A-RAMP,0.5,FOUR,COMMON_LINE_AMPLITUDE_VARIATION,200.0,0.5,6.132643886886731,5.632643886886731,True,True,False
C04,C,A-RAMP,0.5,FOUR,COMMON_LINE_AMPLITUDE_VARIATION,220.0,0.5,5.2200266332308285,4.7200266332308285,True,True,False
C04,C,A-RAMP,0.5,FOUR,LINE_SPECIFIC_AMPLITUDE_VARIATION,180.0,0.5,5.641080793574979,5.141080793574979,True,True,False
C04,C,A-RAMP,0.5,FOUR,LINE_SPECIFIC_AMPLITUDE_VARIATION,200.0,0.5,6.132643886886731,5.632643886886731,True,True,False
C04,C,A-RAMP,0.5,FOUR,LINE_SPECIFIC_AMPLITUDE_VARIATION,220.0,0.5,5.2200266332308285,4.7200266332308285,True,True,False
C04,C,A-RAMP,1.0,201,COMMON,180.0,1.0,1.9496058864988035,0.9496058864988035,True,True,False
C04,C,A-RAMP,1.0,201,COMMON,200.0,1.0,3.7229451458918534,2.7229451458918534,True,True,False
C04,C,A-RAMP,1.0,201,COMMON,220.0,0.9741998314351901,1.7983080414365484,0.8241082100013584,True,True,False
C04,C,A-RAMP,1.0,235,COMMON,180.0,1.0,1.2930189267319854,0.2930189267319854,True,False,False
C04,C,A-RAMP,1.0,235,COMMON,200.0,1.0,4.085242814477462,3.0852428144774624,True,True,False
C04,C,A-RAMP,1.0,235,COMMON,220.0,0.9804954062892633,2.19711306051244,1.2166176542231764,True,True,False
C04,C,A-RAMP,1.0,283,COMMON,180.0,0.8474361367921037,1.343956312341748,0.4965201755496442,True,False,False
C04,C,A-RAMP,1.0,283,COMMON,200.0,0.9066053970167107,2.1129504788105513,1.2063450817938406,True,True,False
C04,C,A-RAMP,1.0,283,COMMON,220.0,0.9684096088138204,1.1653450385685273,0.1969354297547069,True,False,False
C04,C,A-RAMP,1.0,338,COMMON,180.0,1.0,5.150824638802416,4.150824638802416,True,True,False
C04,C,A-RAMP,1.0,338,COMMON,200.0,0.9563068696967614,1.6535044855787189,0.6971976158819575,True,True,False
C04,C,A-RAMP,1.0,338,COMMON,220.0,1.0,3.63838474076526,2.63838474076526,True,True,False
C04,C,A-RAMP,1.0,FOUR,COMMON_LINE_AMPLITUDE_VARIATION,180.0,1.0,5.649074588433669,4.649074588433669,True,True,False
C04,C,A-RAMP,1.0,FOUR,COMMON_LINE_AMPLITUDE_VARIATION,200.0,1.0,6.257806042239733,5.257806042239733,True,True,False
C04,C,A-RAMP,1.0,FOUR,COMMON_LINE_AMPLITUDE_VARIATION,220.0,1.0,5.367773797828554,4.367773797828554,True,True,False
C04,C,A-RAMP,1.0,FOUR,LINE_SPECIFIC_AMPLITUDE_VARIATION,180.0,1.0,5.649074588433669,4.649074588433669,True,True,False
C04,C,A-RAMP,1.0,FOUR,LINE_SPECIFIC_AMPLITUDE_VARIATION,200.0,1.0,6.257806042239733,5.257806042239733,True,True,False
C04,C,A-RAMP,1.0,FOUR,LINE_SPECIFIC_AMPLITUDE_VARIATION,220.0,1.0,5.367773797828554,4.367773797828554,True,True,False
C04,C,A-RAMP,2.0,201,COMMON,180.0,2.0,2.740331219036411,0.7403312190364111,True,True,False
C04,C,A-RAMP,2.0,201,COMMON,200.0,2.0,4.190164371387829,2.190164371387829,True,True,False
C04,C,A-RAMP,2.0,201,COMMON,220.0,1.9616240152378996,2.625438441016214,0.6638144257783145,True,True,False
C04,C,A-RAMP,2.0,235,COMMON,180.0,2.0,1.8445249017943703,-0.15547509820562966,False,False,False
C04,C,A-RAMP,2.0,235,COMMON,200.0,1.9759167874783012,4.260740363142917,2.284823575664616,True,True,False
C04,C,A-RAMP,2.0,235,COMMON,220.0,1.9779271432264074,2.5470571799852744,0.569130036758867,True,True,False
C04,C,A-RAMP,2.0,283,COMMON,180.0,1.843837160483908,1.5768295493719178,-0.26700761111199034,False,False,False
C04,C,A-RAMP,2.0,283,COMMON,200.0,1.8967674143646058,1.2914692083531778,-0.605298206011428,False,False,False
C04,C,A-RAMP,2.0,283,COMMON,220.0,1.9677406230850167,1.5305721739809064,-0.43716844910411035,False,False,False
C04,C,A-RAMP,2.0,338,COMMON,180.0,2.0,5.279596891161618,3.279596891161618,True,True,False
C04,C,A-RAMP,2.0,338,COMMON,200.0,1.9543484799307325,2.0269402394092517,0.07259175947851926,True,False,False
C04,C,A-RAMP,2.0,338,COMMON,220.0,2.0,3.8095052585236098,1.8095052585236098,True,True,False
C04,C,A-RAMP,2.0,FOUR,COMMON_LINE_AMPLITUDE_VARIATION,180.0,2.0,5.657891539107545,3.6578915391075446,True,True,False
C04,C,A-RAMP,2.0,FOUR,COMMON_LINE_AMPLITUDE_VARIATION,200.0,2.0,6.615267742135456,4.615267742135456,True,True,False
C04,C,A-RAMP,2.0,FOUR,COMMON_LINE_AMPLITUDE_VARIATION,220.0,2.0,5.782873898909258,3.7828738989092576,True,True,False
C04,C,A-RAMP,2.0,FOUR,LINE_SPECIFIC_AMPLITUDE_VARIATION,180.0,2.0,5.657891539107545,3.6578915391075446,True,True,False
C04,C,A-RAMP,2.0,FOUR,LINE_SPECIFIC_AMPLITUDE_VARIATION,200.0,2.0,6.615267742135456,4.615267742135456,True,True,False
C04,C,A-RAMP,2.0,FOUR,LINE_SPECIFIC_AMPLITUDE_VARIATION,220.0,2.0,5.782873898909258,3.7828738989092576,True,True,False
C04,C,A-SINE,0.0,201,COMMON,180.0,0.0,1.44655142850712,1.44655142850712,True,True,False
C04,C,A-SINE,0.0,201,COMMON,200.0,0.0,3.4875727461074515,3.4875727461074515,True,True,False
C04,C,A-SINE,0.0,201,COMMON,220.0,0.0,1.2549488500433243,1.2549488500433243,True,True,False
C04,C,A-SINE,0.0,235,COMMON,180.0,0.0,1.3253622522357824,1.3253622522357824,True,True,False
C04,C,A-SINE,0.0,235,COMMON,200.0,0.0,4.150242072983724,4.150242072983724,True,True,False
C04,C,A-SINE,0.0,235,COMMON,220.0,0.0,2.2731280921307846,2.2731280921307846,True,True,False
C04,C,A-SINE,0.0,283,COMMON,180.0,0.0,1.7680627000177382,1.7680627000177382,True,True,False
C04,C,A-SINE,0.0,283,COMMON,200.0,0.0,3.0432263694452786,3.0432263694452786,True,True,False
C04,C,A-SINE,0.0,283,COMMON,220.0,0.0,1.5405865564998051,1.5405865564998051,True,True,False
C04,C,A-SINE,0.0,338,COMMON,180.0,0.0,5.214196542730689,5.214196542730689,True,True,False
C04,C,A-SINE,0.0,338,COMMON,200.0,0.0,1.832939560793386,1.832939560793386,True,True,False
C04,C,A-SINE,0.0,338,COMMON,220.0,0.0,3.736757515406632,3.736757515406632,True,True,False
C04,C,A-SINE,0.0,FOUR,COMMON_LINE_AMPLITUDE_VARIATION,180.0,0.0,5.54740115320649,5.54740115320649,True,True,False
C04,C,A-SINE,0.0,FOUR,COMMON_LINE_AMPLITUDE_VARIATION,200.0,0.0,6.046363007994664,6.046363007994664,True,True,False
C04,C,A-SINE,0.0,FOUR,COMMON_LINE_AMPLITUDE_VARIATION,220.0,0.0,5.117065619925505,5.117065619925505,True,True,False
C04,C,A-SINE,0.0,FOUR,LINE_SPECIFIC_AMPLITUDE_VARIATION,180.0,0.0,5.54740115320649,5.54740115320649,True,True,False
C04,C,A-SINE,0.0,FOUR,LINE_SPECIFIC_AMPLITUDE_VARIATION,200.0,0.0,6.046363007994664,6.046363007994664,True,True,False
C04,C,A-SINE,0.0,FOUR,LINE_SPECIFIC_AMPLITUDE_VARIATION,220.0,0.0,5.117065619925505,5.117065619925505,True,True,False
C04,C,A-SINE,0.25,201,COMMON,180.0,0.24999999999999994,1.2921494489727678,1.0421494489727678,True,True,False
C04,C,A-SINE,0.25,201,COMMON,200.0,0.25000000000000006,3.4267318846734702,3.1767318846734702,True,True,False
C04,C,A-SINE,0.25,201,COMMON,220.0,0.24999999999999994,1.077782359916959,0.8277823599169589,True,True,False
C04,C,A-SINE,0.25,235,COMMON,180.0,0.25,1.1975526878820375,0.9475526878820375,True,True,False
C04,C,A-SINE,0.25,235,COMMON,200.0,0.24999999999999994,4.194689312802947,3.9446893128029474,True,True,False
C04,C,A-SINE,0.25,235,COMMON,220.0,0.2205322132883548,2.3452379034532056,2.1247056901648507,True,True,False
C04,C,A-SINE,0.25,283,COMMON,180.0,0.25,1.9728241754771942,1.7228241754771942,True,True,False
C04,C,A-SINE,0.25,283,COMMON,200.0,0.25,3.264976163614501,3.014976163614501,True,True,False
C04,C,A-SINE,0.25,283,COMMON,220.0,0.24999999999999994,1.7551083919369446,1.5051083919369446,True,True,False
C04,C,A-SINE,0.25,338,COMMON,180.0,0.25,5.256184742666446,5.006184742666446,True,True,False
C04,C,A-SINE,0.25,338,COMMON,200.0,0.24822514454033703,1.8679326704068648,1.6197075258665279,True,True,False
C04,C,A-SINE,0.25,338,COMMON,220.0,0.25000000000000006,3.7968794238091066,3.5468794238091066,True,True,False
C04,C,A-SINE,0.25,FOUR,COMMON_LINE_AMPLITUDE_VARIATION,180.0,0.25,5.531513843390121,5.281513843390121,True,True,False
C04,C,A-SINE,0.25,FOUR,COMMON_LINE_AMPLITUDE_VARIATION,200.0,0.25,6.031703900981928,5.781703900981928,True,True,False
C04,C,A-SINE,0.25,FOUR,COMMON_LINE_AMPLITUDE_VARIATION,220.0,0.24999999999999997,5.099222929027965,4.849222929027965,True,True,False
C04,C,A-SINE,0.25,FOUR,LINE_SPECIFIC_AMPLITUDE_VARIATION,180.0,0.25,5.531513843390121,5.281513843390121,True,True,False
C04,C,A-SINE,0.25,FOUR,LINE_SPECIFIC_AMPLITUDE_VARIATION,200.0,0.25,6.031703900981928,5.781703900981928,True,True,False
C04,C,A-SINE,0.25,FOUR,LINE_SPECIFIC_AMPLITUDE_VARIATION,220.0,0.24999999999999997,5.099222929027965,4.849222929027965,True,True,False
C04,C,A-SINE,0.5,201,COMMON,180.0,0.4951683621386593,1.1712341190578706,0.6760657569192112,True,True,False
C04,C,A-SINE,0.5,201,COMMON,200.0,0.4999999999999999,3.383314818263905,2.883314818263905,True,True,False
C04,C,A-SINE,0.5,201,COMMON,220.0,0.5,0.9345228806569028,0.4345228806569028,True,False,False
C04,C,A-SINE,0.5,235,COMMON,180.0,0.5,1.1120610508670286,0.6120610508670286,True,True,False
C04,C,A-SINE,0.5,235,COMMON,200.0,0.5,4.253390129946027,3.753390129946027,True,True,False
C04,C,A-SINE,0.5,235,COMMON,220.0,0.4554663005127972,2.44093636220878,1.9854700616959828,True,True,False
C04,C,A-SINE,0.5,283,COMMON,180.0,0.5,2.187012744247397,1.6870127442473968,True,True,False
C04,C,A-SINE,0.5,283,COMMON,200.0,0.5,3.298865315486166,2.798865315486166,True,True,False
C04,C,A-SINE,0.5,283,COMMON,220.0,0.5,1.9779797766476401,1.4779797766476401,True,True,False
C04,C,A-SINE,0.5,338,COMMON,180.0,0.4999999999999999,5.309624328693546,4.809624328693546,True,True,False
C04,C,A-SINE,0.5,338,COMMON,200.0,0.4960379371039634,1.8648655370702736,1.3688275999663102,True,True,False
C04,C,A-SINE,0.5,338,COMMON,220.0,0.4999999999999999,3.8483430623244548,3.3483430623244548,True,True,False
C04,C,A-SINE,0.5,FOUR,COMMON_LINE_AMPLITUDE_VARIATION,180.0,0.5,5.526900690679759,5.026900690679759,True,True,False
C04,C,A-SINE,0.5,FOUR,COMMON_LINE_AMPLITUDE_VARIATION,200.0,0.5,6.027387350568648,5.527387350568648,True,True,False
C04,C,A-SINE,0.5,FOUR,COMMON_LINE_AMPLITUDE_VARIATION,220.0,0.5,5.093602693695837,4.593602693695837,True,True,False
C04,C,A-SINE,0.5,FOUR,LINE_SPECIFIC_AMPLITUDE_VARIATION,180.0,0.5,5.526900690679759,5.026900690679759,True,True,False
C04,C,A-SINE,0.5,FOUR,LINE_SPECIFIC_AMPLITUDE_VARIATION,200.0,0.5,6.027387350568648,5.527387350568648,True,True,False
C04,C,A-SINE,0.5,FOUR,LINE_SPECIFIC_AMPLITUDE_VARIATION,220.0,0.5,5.093602693695837,4.593602693695837,True,True,False
C04,C,A-SINE,1.0,201,COMMON,180.0,0.9824474014309781,1.0728782260697352,0.09043082463875707,True,False,False
C04,C,A-SINE,1.0,201,COMMON,200.0,1.0,3.351190036326912,2.351190036326912,True,True,False
C04,C,A-SINE,1.0,201,COMMON,220.0,1.0,0.8196154053685726,-0.18038459463142742,False,False,False
C04,C,A-SINE,1.0,235,COMMON,180.0,1.0,1.1030750029165985,0.10307500291659855,True,False,False
C04,C,A-SINE,1.0,235,COMMON,200.0,1.0,4.411138847359072,3.411138847359072,True,True,False
C04,C,A-SINE,1.0,235,COMMON,220.0,0.9487253230059375,2.6924392890967708,1.7437139660908332,True,True,False
C04,C,A-SINE,1.0,283,COMMON,180.0,1.0,1.9596301800308713,0.9596301800308713,True,True,False
C04,C,A-SINE,1.0,283,COMMON,200.0,1.0,3.021549274722073,2.021549274722073,True,True,False
C04,C,A-SINE,1.0,283,COMMON,220.0,1.0,2.1917882299453293,1.1917882299453293,True,True,False
C04,C,A-SINE,1.0,338,COMMON,180.0,1.0,5.400515041640194,4.400515041640194,True,True,False
C04,C,A-SINE,1.0,338,COMMON,200.0,0.9886820248749665,1.9569939937849987,0.9683119689100322,True,True,False
C04,C,A-SINE,1.0,338,COMMON,220.0,1.0,3.8987907151636962,2.8987907151636962,True,True,False
C04,C,A-SINE,1.0,FOUR,COMMON_LINE_AMPLITUDE_VARIATION,180.0,1.0,5.551540591104067,4.551540591104067,True,True,False
C04,C,A-SINE,1.0,FOUR,COMMON_LINE_AMPLITUDE_VARIATION,200.0,1.0,6.049817428910034,5.049817428910034,True,True,False
C04,C,A-SINE,1.0,FOUR,COMMON_LINE_AMPLITUDE_VARIATION,220.0,1.0,5.119103070248479,4.119103070248479,True,True,False
C04,C,A-SINE,1.0,FOUR,LINE_SPECIFIC_AMPLITUDE_VARIATION,180.0,1.0,5.551540591104067,4.551540591104067,True,True,False
C04,C,A-SINE,1.0,FOUR,LINE_SPECIFIC_AMPLITUDE_VARIATION,200.0,1.0,6.049817428910034,5.049817428910034,True,True,False
C04,C,A-SINE,1.0,FOUR,LINE_SPECIFIC_AMPLITUDE_VARIATION,220.0,1.0,5.119103070248479,4.119103070248479,True,True,False
C04,C,A-SINE,2.0,201,COMMON,180.0,1.976164283658947,1.4864805214442247,-0.4896837622147223,False,False,False
C04,C,A-SINE,2.0,201,COMMON,200.0,2.0,3.5068198784314646,1.5068198784314646,True,True,False
C04,C,A-SINE,2.0,201,COMMON,220.0,2.0,1.2633874073340403,-0.7366125926659597,False,False,False
C04,C,A-SINE,2.0,235,COMMON,180.0,2.0,1.6361429718907217,-0.36385702810927834,False,False,False
C04,C,A-SINE,2.0,235,COMMON,200.0,2.0,4.867420528061696,2.867420528061696,True,True,False
C04,C,A-SINE,2.0,235,COMMON,220.0,1.9450827088643488,3.3249753897733734,1.3798926809090246,True,True,False
C04,C,A-SINE,2.0,283,COMMON,180.0,2.0,1.7190914565793323,-0.28090854342066773,False,False,False
C04,C,A-SINE,2.0,283,COMMON,200.0,2.0,2.66913006788451,0.66913006788451,True,True,False
C04,C,A-SINE,2.0,283,COMMON,220.0,1.9955317738342595,1.9191395705962395,-0.07639220323801998,False,False,False
C04,C,A-SINE,2.0,338,COMMON,180.0,2.0,5.603034488280886,3.603034488280886,True,True,False
C04,C,A-SINE,2.0,338,COMMON,200.0,1.9739293123160242,2.4564261707665622,0.482496858450538,True,False,False
C04,C,A-SINE,2.0,338,COMMON,220.0,2.0,4.18117429333655,2.18117429333655,True,True,False
C04,C,A-SINE,2.0,FOUR,COMMON_LINE_AMPLITUDE_VARIATION,180.0,2.0,5.7328480107844735,3.7328480107844735,True,True,False
C04,C,A-SINE,2.0,FOUR,COMMON_LINE_AMPLITUDE_VARIATION,200.0,2.0,6.216275108281563,4.216275108281563,True,True,False
C04,C,A-SINE,2.0,FOUR,COMMON_LINE_AMPLITUDE_VARIATION,220.0,2.0,5.312821465947376,3.3128214659473763,True,True,False
C04,C,A-SINE,2.0,FOUR,LINE_SPECIFIC_AMPLITUDE_VARIATION,180.0,2.0,5.7328480107844735,3.7328480107844735,True,True,False
C04,C,A-SINE,2.0,FOUR,LINE_SPECIFIC_AMPLITUDE_VARIATION,200.0,2.0,6.216275108281563,4.216275108281563,True,True,False
C04,C,A-SINE,2.0,FOUR,LINE_SPECIFIC_AMPLITUDE_VARIATION,220.0,2.0,5.312821465947376,3.3128214659473763,True,True,False
C05,C,A-RAMP,0.0,201,COMMON,180.0,0.0,4.453915117253212,4.453915117253212,True,True,False
C05,C,A-RAMP,0.0,201,COMMON,200.0,0.0,6.65617410472412,6.65617410472412,True,True,False
C05,C,A-RAMP,0.0,201,COMMON,220.0,0.0,3.660273058300904,3.660273058300904,True,True,False
C05,C,A-RAMP,0.0,235,COMMON,180.0,0.0,2.182138528831848,2.182138528831848,True,True,False
C05,C,A-RAMP,0.0,235,COMMON,200.0,0.0,2.1583346588999297,2.1583346588999297,True,True,False
C05,C,A-RAMP,0.0,235,COMMON,220.0,0.0,1.6769362707734365,1.6769362707734365,True,True,False
C05,C,A-RAMP,0.0,283,COMMON,180.0,0.0,1.9194363320993693,1.9194363320993693,True,True,False
C05,C,A-RAMP,0.0,283,COMMON,200.0,0.0,3.06563075477299,3.06563075477299,True,True,False
C05,C,A-RAMP,0.0,283,COMMON,220.0,0.0,1.7830731620853173,1.7830731620853173,True,True,False
C05,C,A-RAMP,0.0,338,COMMON,180.0,0.0,8.453131586363776,8.453131586363776,True,True,False
C05,C,A-RAMP,0.0,338,COMMON,200.0,0.0,5.194553399885564,5.194553399885564,True,True,False
C05,C,A-RAMP,0.0,338,COMMON,220.0,0.0,6.7881792711635685,6.7881792711635685,True,True,False
C05,C,A-RAMP,0.0,FOUR,COMMON_LINE_AMPLITUDE_VARIATION,180.0,0.0,6.036077512325405,6.036077512325405,True,True,False
C05,C,A-RAMP,0.0,FOUR,COMMON_LINE_AMPLITUDE_VARIATION,200.0,0.0,5.7727836647527955,5.7727836647527955,True,True,False
C05,C,A-RAMP,0.0,FOUR,COMMON_LINE_AMPLITUDE_VARIATION,220.0,0.0,5.2255737213463185,5.2255737213463185,True,True,False
C05,C,A-RAMP,0.0,FOUR,LINE_SPECIFIC_AMPLITUDE_VARIATION,180.0,0.0,6.036077512325405,6.036077512325405,True,True,False
C05,C,A-RAMP,0.0,FOUR,LINE_SPECIFIC_AMPLITUDE_VARIATION,200.0,0.0,5.7727836647527955,5.7727836647527955,True,True,False
C05,C,A-RAMP,0.0,FOUR,LINE_SPECIFIC_AMPLITUDE_VARIATION,220.0,0.0,5.2255737213463185,5.2255737213463185,True,True,False
C05,C,A-RAMP,0.25,201,COMMON,180.0,0.25,4.4778663960872525,4.2278663960872525,True,True,False
C05,C,A-RAMP,0.25,201,COMMON,200.0,0.25,6.671399341422932,6.421399341422932,True,True,False
C05,C,A-RAMP,0.25,201,COMMON,220.0,0.12398263596426218,3.682842437368936,3.558859801404674,True,True,False
C05,C,A-RAMP,0.25,235,COMMON,180.0,0.25,2.146902992242253,1.8969029922422531,True,True,False
C05,C,A-RAMP,0.25,235,COMMON,200.0,0.20680399354659676,2.1811404560237007,1.9743364624771038,True,True,False
C05,C,A-RAMP,0.25,235,COMMON,220.0,0.18408857115050792,1.7611576834260436,1.5770691122755358,True,True,False
C05,C,A-RAMP,0.25,283,COMMON,180.0,0.25,1.8725565180654036,1.6225565180654036,True,True,False
C05,C,A-RAMP,0.25,283,COMMON,200.0,0.25,3.068578123076991,2.818578123076991,True,True,False
C05,C,A-RAMP,0.25,283,COMMON,220.0,0.24530904755303196,1.7708018530093002,1.5254928054562682,True,True,False
C05,C,A-RAMP,0.25,338,COMMON,180.0,0.25,8.467256895176341,8.217256895176341,True,True,False
C05,C,A-RAMP,0.25,338,COMMON,200.0,0.25,5.22042796551907,4.97042796551907,True,True,False
C05,C,A-RAMP,0.25,338,COMMON,220.0,0.25,6.800841276422096,6.550841276422096,True,True,False
C05,C,A-RAMP,0.25,FOUR,COMMON_LINE_AMPLITUDE_VARIATION,180.0,0.25,6.070600057641078,5.820600057641078,True,True,False
C05,C,A-RAMP,0.25,FOUR,COMMON_LINE_AMPLITUDE_VARIATION,200.0,0.25,5.776378450750547,5.526378450750547,True,True,False
C05,C,A-RAMP,0.25,FOUR,COMMON_LINE_AMPLITUDE_VARIATION,220.0,0.25,5.2320612504991395,4.9820612504991395,True,True,False
C05,C,A-RAMP,0.25,FOUR,LINE_SPECIFIC_AMPLITUDE_VARIATION,180.0,0.25,6.070600057641078,5.820600057641078,True,True,False
C05,C,A-RAMP,0.25,FOUR,LINE_SPECIFIC_AMPLITUDE_VARIATION,200.0,0.25,5.776378450750547,5.526378450750547,True,True,False
C05,C,A-RAMP,0.25,FOUR,LINE_SPECIFIC_AMPLITUDE_VARIATION,220.0,0.25,5.2320612504991395,4.9820612504991395,True,True,False
C05,C,A-RAMP,0.5,201,COMMON,180.0,0.5,4.515552574239191,4.015552574239191,True,True,False
C05,C,A-RAMP,0.5,201,COMMON,200.0,0.5,6.695930453124249,6.195930453124249,True,True,False
C05,C,A-RAMP,0.5,201,COMMON,220.0,0.3547085756470182,3.7221039716332047,3.3673953959861866,True,True,False
C05,C,A-RAMP,0.5,235,COMMON,180.0,0.5,2.140480403363941,1.640480403363941,True,True,False
C05,C,A-RAMP,0.5,235,COMMON,200.0,0.23391587894716004,2.186149781651903,1.952233902704743,True,True,False
C05,C,A-RAMP,0.5,235,COMMON,220.0,0.4164678168188505,1.775971846609203,1.3595040297903525,True,True,False
C05,C,A-RAMP,0.5,283,COMMON,180.0,0.277043958576056,1.8584133000264975,1.5813693414504415,True,True,False
C05,C,A-RAMP,0.5,283,COMMON,200.0,0.4469226563859854,3.091803918466274,2.6448812620802884,True,True,False
C05,C,A-RAMP,0.5,283,COMMON,220.0,0.42838273238269176,1.7936355549256404,1.3652528225429488,True,True,False
C05,C,A-RAMP,0.5,338,COMMON,180.0,0.5,8.488724582729825,7.988724582729825,True,True,False
C05,C,A-RAMP,0.5,338,COMMON,200.0,0.5,5.258074862731082,4.758074862731082,True,True,False
C05,C,A-RAMP,0.5,338,COMMON,220.0,0.5,6.8226465771515885,6.3226465771515885,True,True,False
C05,C,A-RAMP,0.5,FOUR,COMMON_LINE_AMPLITUDE_VARIATION,180.0,0.5,6.115156448110161,5.615156448110161,True,True,False
C05,C,A-RAMP,0.5,FOUR,COMMON_LINE_AMPLITUDE_VARIATION,200.0,0.5,5.790774108230598,5.290774108230598,True,True,False
C05,C,A-RAMP,0.5,FOUR,COMMON_LINE_AMPLITUDE_VARIATION,220.0,0.5,5.2504579934253375,4.7504579934253375,True,True,False
C05,C,A-RAMP,0.5,FOUR,LINE_SPECIFIC_AMPLITUDE_VARIATION,180.0,0.5,6.115156448110161,5.615156448110161,True,True,False
C05,C,A-RAMP,0.5,FOUR,LINE_SPECIFIC_AMPLITUDE_VARIATION,200.0,0.5,5.790774108230598,5.290774108230598,True,True,False
C05,C,A-RAMP,0.5,FOUR,LINE_SPECIFIC_AMPLITUDE_VARIATION,220.0,0.5,5.2504579934253375,4.7504579934253375,True,True,False
C05,C,A-RAMP,1.0,201,COMMON,180.0,1.0,4.630666283564351,3.6306662835643513,True,True,False
C05,C,A-RAMP,1.0,201,COMMON,200.0,1.0,6.772467464207818,5.772467464207818,True,True,False
C05,C,A-RAMP,1.0,201,COMMON,220.0,0.8263153655312242,3.8484434632682203,3.022128097736996,True,True,False
C05,C,A-RAMP,1.0,235,COMMON,180.0,1.0,2.2139521574229417,1.2139521574229417,True,True,False
C05,C,A-RAMP,1.0,235,COMMON,200.0,0.6735088208607408,2.192817708614668,1.5193088877539274,True,True,False
C05,C,A-RAMP,1.0,235,COMMON,220.0,0.9097027664468805,1.8879794798850058,0.9782767134381253,True,True,False
C05,C,A-RAMP,1.0,283,COMMON,180.0,0.5792537148707152,1.9295502466760681,1.3502965318053528,True,True,False
C05,C,A-RAMP,1.0,283,COMMON,200.0,0.7380629074149978,3.196937756021658,2.4588748486066603,True,True,False
C05,C,A-RAMP,1.0,283,COMMON,220.0,0.8973194740939435,1.9377582683188037,1.04043879422486,True,True,False
C05,C,A-RAMP,1.0,338,COMMON,180.0,1.0,8.553447051715601,7.553447051715601,True,True,False
C05,C,A-RAMP,1.0,338,COMMON,200.0,0.932562007605781,5.367617488225694,4.435055480619913,True,True,False
C05,C,A-RAMP,1.0,338,COMMON,220.0,0.906892883270949,6.893303621340193,5.986410738069244,True,True,False
C05,C,A-RAMP,1.0,FOUR,COMMON_LINE_AMPLITUDE_VARIATION,180.0,1.0,6.2334617216219534,5.2334617216219534,True,True,False
C05,C,A-RAMP,1.0,FOUR,COMMON_LINE_AMPLITUDE_VARIATION,200.0,1.0,5.8515893828148124,4.8515893828148124,True,True,False
C05,C,A-RAMP,1.0,FOUR,COMMON_LINE_AMPLITUDE_VARIATION,220.0,1.0,5.3224052423902135,4.3224052423902135,True,True,False
C05,C,A-RAMP,1.0,FOUR,LINE_SPECIFIC_AMPLITUDE_VARIATION,180.0,1.0,6.2334617216219534,5.2334617216219534,True,True,False
C05,C,A-RAMP,1.0,FOUR,LINE_SPECIFIC_AMPLITUDE_VARIATION,200.0,1.0,5.8515893828148124,4.8515893828148124,True,True,False
C05,C,A-RAMP,1.0,FOUR,LINE_SPECIFIC_AMPLITUDE_VARIATION,220.0,1.0,5.3224052423902135,4.3224052423902135,True,True,False
C05,C,A-RAMP,2.0,201,COMMON,180.0,2.0,5.004875681551208,3.0048756815512077,True,True,False
C05,C,A-RAMP,2.0,201,COMMON,200.0,2.0,7.030503352897786,5.030503352897786,True,True,False
C05,C,A-RAMP,2.0,201,COMMON,220.0,1.8134344608858752,4.268891579628175,2.4554571187422995,True,True,False
C05,C,A-RAMP,2.0,235,COMMON,180.0,2.0,2.653571131834038,0.6535711318340378,True,True,False
C05,C,A-RAMP,2.0,235,COMMON,200.0,1.6587372059746028,2.5232611386871797,0.8645239327125769,True,True,False
C05,C,A-RAMP,2.0,235,COMMON,220.0,1.9067738421091271,2.425952915763941,0.5191790736548136,True,True,False
C05,C,A-RAMP,2.0,283,COMMON,180.0,1.5339810587512444,2.3404823178915497,0.8065012591403053,True,True,False
C05,C,A-RAMP,2.0,283,COMMON,200.0,1.653702163124735,3.6114720138945517,1.9577698507698167,True,True,False
C05,C,A-RAMP,2.0,283,COMMON,220.0,1.8837524213540835,2.516041397021688,0.6322889756676044,True,True,False
C05,C,A-RAMP,2.0,338,COMMON,180.0,2.0,8.767410068921361,6.767410068921361,True,True,False
C05,C,A-RAMP,2.0,338,COMMON,200.0,1.8705666259753666,5.713077102188446,3.8425104762130795,True,True,False
C05,C,A-RAMP,2.0,338,COMMON,220.0,1.831471858818644,7.138339569851582,5.306867711032938,True,True,False
C05,C,A-RAMP,2.0,FOUR,COMMON_LINE_AMPLITUDE_VARIATION,180.0,2.0,6.54121092943819,4.54121092943819,True,True,False
C05,C,A-RAMP,2.0,FOUR,COMMON_LINE_AMPLITUDE_VARIATION,200.0,2.0,6.095667754241972,4.095667754241972,True,True,False
C05,C,A-RAMP,2.0,FOUR,COMMON_LINE_AMPLITUDE_VARIATION,220.0,2.0,5.599051206340272,3.599051206340272,True,True,False
C05,C,A-RAMP,2.0,FOUR,LINE_SPECIFIC_AMPLITUDE_VARIATION,180.0,2.0,6.54121092943819,4.54121092943819,True,True,False
C05,C,A-RAMP,2.0,FOUR,LINE_SPECIFIC_AMPLITUDE_VARIATION,200.0,2.0,6.095667754241972,4.095667754241972,True,True,False
C05,C,A-RAMP,2.0,FOUR,LINE_SPECIFIC_AMPLITUDE_VARIATION,220.0,2.0,5.599051206340272,3.599051206340272,True,True,False
C05,C,A-SINE,0.0,201,COMMON,180.0,0.0,4.453915117253212,4.453915117253212,True,True,False
C05,C,A-SINE,0.0,201,COMMON,200.0,0.0,6.65617410472412,6.65617410472412,True,True,False
C05,C,A-SINE,0.0,201,COMMON,220.0,0.0,3.660273058300904,3.660273058300904,True,True,False
C05,C,A-SINE,0.0,235,COMMON,180.0,0.0,2.182138528831848,2.182138528831848,True,True,False
C05,C,A-SINE,0.0,235,COMMON,200.0,0.0,2.1583346588999297,2.1583346588999297,True,True,False
C05,C,A-SINE,0.0,235,COMMON,220.0,0.0,1.6769362707734365,1.6769362707734365,True,True,False
C05,C,A-SINE,0.0,283,COMMON,180.0,0.0,1.9194363320993693,1.9194363320993693,True,True,False
C05,C,A-SINE,0.0,283,COMMON,200.0,0.0,3.06563075477299,3.06563075477299,True,True,False
C05,C,A-SINE,0.0,283,COMMON,220.0,0.0,1.7830731620853173,1.7830731620853173,True,True,False
C05,C,A-SINE,0.0,338,COMMON,180.0,0.0,8.453131586363776,8.453131586363776,True,True,False
C05,C,A-SINE,0.0,338,COMMON,200.0,0.0,5.194553399885564,5.194553399885564,True,True,False
C05,C,A-SINE,0.0,338,COMMON,220.0,0.0,6.7881792711635685,6.7881792711635685,True,True,False
C05,C,A-SINE,0.0,FOUR,COMMON_LINE_AMPLITUDE_VARIATION,180.0,0.0,6.036077512325405,6.036077512325405,True,True,False
C05,C,A-SINE,0.0,FOUR,COMMON_LINE_AMPLITUDE_VARIATION,200.0,0.0,5.7727836647527955,5.7727836647527955,True,True,False
C05,C,A-SINE,0.0,FOUR,COMMON_LINE_AMPLITUDE_VARIATION,220.0,0.0,5.2255737213463185,5.2255737213463185,True,True,False
C05,C,A-SINE,0.0,FOUR,LINE_SPECIFIC_AMPLITUDE_VARIATION,180.0,0.0,6.036077512325405,6.036077512325405,True,True,False
C05,C,A-SINE,0.0,FOUR,LINE_SPECIFIC_AMPLITUDE_VARIATION,200.0,0.0,5.7727836647527955,5.7727836647527955,True,True,False
C05,C,A-SINE,0.0,FOUR,LINE_SPECIFIC_AMPLITUDE_VARIATION,220.0,0.0,5.2255737213463185,5.2255737213463185,True,True,False
C05,C,A-SINE,0.25,201,COMMON,180.0,0.25000000000000006,4.447308402992151,4.197308402992151,True,True,False
C05,C,A-SINE,0.25,201,COMMON,200.0,0.25,6.652397179666195,6.402397179666195,True,True,False
C05,C,A-SINE,0.25,201,COMMON,220.0,0.25000000000000006,3.6573459437821025,3.4073459437821025,True,True,False
C05,C,A-SINE,0.25,235,COMMON,180.0,0.25,2.2535594908169587,2.0035594908169587,True,True,False
C05,C,A-SINE,0.25,235,COMMON,200.0,0.25000000000000006,2.145700254439092,1.8957002544390922,True,True,False
C05,C,A-SINE,0.25,235,COMMON,220.0,0.25000000000000006,1.6155143598090997,1.3655143598090997,True,True,False
C05,C,A-SINE,0.25,283,COMMON,180.0,0.25,1.9890981511616654,1.7390981511616654,True,True,False
C05,C,A-SINE,0.25,283,COMMON,200.0,0.25,3.0617268969960256,2.8117268969960256,True,True,False
C05,C,A-SINE,0.25,283,COMMON,220.0,0.25000000000000006,1.8131506150050063,1.5631506150050063,True,True,False
C05,C,A-SINE,0.25,338,COMMON,180.0,0.25,8.447285495451856,8.197285495451856,True,True,False
C05,C,A-SINE,0.25,338,COMMON,200.0,0.25,5.182754250257506,4.932754250257506,True,True,False
C05,C,A-SINE,0.25,338,COMMON,220.0,0.25,6.7847258226170375,6.5347258226170375,True,True,False
C05,C,A-SINE,0.25,FOUR,COMMON_LINE_AMPLITUDE_VARIATION,180.0,0.25,6.015985957825704,5.765985957825704,True,True,False
C05,C,A-SINE,0.25,FOUR,COMMON_LINE_AMPLITUDE_VARIATION,200.0,0.25,5.788636787387197,5.538636787387197,True,True,False
C05,C,A-SINE,0.25,FOUR,COMMON_LINE_AMPLITUDE_VARIATION,220.0,0.25000000000000006,5.241133705926815,4.991133705926815,True,True,False
C05,C,A-SINE,0.25,FOUR,LINE_SPECIFIC_AMPLITUDE_VARIATION,180.0,0.25,6.015985957825704,5.765985957825704,True,True,False
C05,C,A-SINE,0.25,FOUR,LINE_SPECIFIC_AMPLITUDE_VARIATION,200.0,0.25,5.788636787387197,5.538636787387197,True,True,False
C05,C,A-SINE,0.25,FOUR,LINE_SPECIFIC_AMPLITUDE_VARIATION,220.0,0.25000000000000006,5.241133705926815,4.991133705926815,True,True,False
C05,C,A-SINE,0.5,201,COMMON,180.0,0.5,4.45474400958714,3.95474400958714,True,True,False
C05,C,A-SINE,0.5,201,COMMON,200.0,0.5000000000000001,6.658011922463159,6.158011922463159,True,True,False
C05,C,A-SINE,0.5,201,COMMON,220.0,0.5,3.6714792446199858,3.1714792446199858,True,True,False
C05,C,A-SINE,0.5,235,COMMON,180.0,0.5000000000000001,2.349538720321493,1.849538720321493,True,True,False
C05,C,A-SINE,0.5,235,COMMON,200.0,0.5,2.1620940460561138,1.6620940460561138,True,True,False
C05,C,A-SINE,0.5,235,COMMON,220.0,0.3856282967228966,1.591432699570827,1.2058044028479304,True,True,False
C05,C,A-SINE,0.5,283,COMMON,180.0,0.5000000000000001,2.0865730461516154,1.5865730461516154,True,True,False
C05,C,A-SINE,0.5,283,COMMON,200.0,0.5,3.0781896073776567,2.5781896073776567,True,True,False
C05,C,A-SINE,0.5,283,COMMON,220.0,0.5,1.876347623452843,1.376347623452843,True,True,False
C05,C,A-SINE,0.5,338,COMMON,180.0,0.5,8.448836065811768,7.9488360658117685,True,True,False
C05,C,A-SINE,0.5,338,COMMON,200.0,0.4883922077488448,5.183000888757577,4.694608681008732,True,True,False
C05,C,A-SINE,0.5,338,COMMON,220.0,0.5,6.7904809224912865,6.2904809224912865,True,True,False
C05,C,A-SINE,0.5,FOUR,COMMON_LINE_AMPLITUDE_VARIATION,180.0,0.5,6.006241949398281,5.506241949398281,True,True,False
C05,C,A-SINE,0.5,FOUR,COMMON_LINE_AMPLITUDE_VARIATION,200.0,0.5000000000000001,5.815204250286315,5.315204250286315,True,True,False
C05,C,A-SINE,0.5,FOUR,COMMON_LINE_AMPLITUDE_VARIATION,220.0,0.5,5.268523923223572,4.768523923223572,True,True,False
C05,C,A-SINE,0.5,FOUR,LINE_SPECIFIC_AMPLITUDE_VARIATION,180.0,0.5,6.006241949398281,5.506241949398281,True,True,False
C05,C,A-SINE,0.5,FOUR,LINE_SPECIFIC_AMPLITUDE_VARIATION,200.0,0.5000000000000001,5.815204250286315,5.315204250286315,True,True,False
C05,C,A-SINE,0.5,FOUR,LINE_SPECIFIC_AMPLITUDE_VARIATION,220.0,0.5,5.268523923223572,4.768523923223572,True,True,False
C05,C,A-SINE,1.0,201,COMMON,180.0,0.9973180061251299,4.511333340622073,3.5140153344969436,True,True,False
C05,C,A-SINE,1.0,201,COMMON,200.0,1.0,6.697282419528327,5.697282419528327,True,True,False
C05,C,A-SINE,1.0,201,COMMON,220.0,1.0000000000000002,3.7499227760084906,2.74992277600849,True,True,False
C05,C,A-SINE,1.0,235,COMMON,180.0,0.8919381590520727,2.4424317615027435,1.5504936024506708,True,True,False
C05,C,A-SINE,1.0,235,COMMON,200.0,1.0,2.27835309558767,1.2783530955876699,True,True,False
C05,C,A-SINE,1.0,235,COMMON,220.0,0.751289958134359,1.6592771975444789,0.9079872394101199,True,True,False
C05,C,A-SINE,1.0,283,COMMON,180.0,1.0000000000000002,2.2840105548200578,1.2840105548200575,True,True,False
C05,C,A-SINE,1.0,283,COMMON,200.0,1.0000000000000002,3.1705536729924013,2.1705536729924013,True,True,False
C05,C,A-SINE,1.0,283,COMMON,220.0,1.0,2.0885427711026967,1.0885427711026967,True,True,False
C05,C,A-SINE,1.0,338,COMMON,180.0,1.0,8.474091580667652,7.474091580667652,True,True,False
C05,C,A-SINE,1.0,338,COMMON,200.0,0.9821524469570834,5.21954130182538,4.237388854868297,True,True,False
C05,C,A-SINE,1.0,338,COMMON,220.0,1.0,6.82948640089293,5.82948640089293,True,True,False
C05,C,A-SINE,1.0,FOUR,COMMON_LINE_AMPLITUDE_VARIATION,180.0,1.0,6.017944248214906,5.017944248214906,True,True,False
C05,C,A-SINE,1.0,FOUR,COMMON_LINE_AMPLITUDE_VARIATION,200.0,1.0,5.899844888220311,4.899844888220311,True,True,False
C05,C,A-SINE,1.0,FOUR,COMMON_LINE_AMPLITUDE_VARIATION,220.0,1.0000000000000002,5.314489206433076,4.314489206433076,True,True,False
C05,C,A-SINE,1.0,FOUR,LINE_SPECIFIC_AMPLITUDE_VARIATION,180.0,1.0,6.017944248214906,5.017944248214906,True,True,False
C05,C,A-SINE,1.0,FOUR,LINE_SPECIFIC_AMPLITUDE_VARIATION,200.0,1.0,5.899844888220311,4.899844888220311,True,True,False
C05,C,A-SINE,1.0,FOUR,LINE_SPECIFIC_AMPLITUDE_VARIATION,220.0,1.0000000000000002,5.314489206433076,4.314489206433076,True,True,False
C05,C,A-SINE,2.0,201,COMMON,180.0,1.9392117143667067,4.781934456757008,2.8427227423903014,True,True,False
C05,C,A-SINE,2.0,201,COMMON,200.0,2.0,6.884949520617161,4.884949520617161,True,True,False
C05,C,A-SINE,2.0,201,COMMON,220.0,2.0000000000000004,4.0897729509999685,2.089772950999968,True,True,False
C05,C,A-SINE,2.0,235,COMMON,180.0,1.5021279983503022,2.825871399155009,1.3237434008047066,True,True,False
C05,C,A-SINE,2.0,235,COMMON,200.0,2.0000000000000004,2.779096464057907,0.7790964640579063,True,True,False
C05,C,A-SINE,2.0,235,COMMON,220.0,1.701731893429096,2.166630190029346,0.46489829660025017,True,False,False
C05,C,A-SINE,2.0,283,COMMON,180.0,2.0000000000000004,2.62033538223433,0.6203353822343294,True,True,False
C05,C,A-SINE,2.0,283,COMMON,200.0,2.0000000000000004,3.5646499494398043,1.5646499494398038,True,True,False
C05,C,A-SINE,2.0,283,COMMON,220.0,2.0000000000000004,2.7467566168304267,0.7467566168304263,True,True,False
C05,C,A-SINE,2.0,338,COMMON,180.0,2.0,8.61191167039606,6.61191167039606,True,True,False
C05,C,A-SINE,2.0,338,COMMON,200.0,1.9545733698859216,5.431743530272697,3.477170160386775,True,True,False
C05,C,A-SINE,2.0,338,COMMON,220.0,2.0000000000000004,7.01458417744831,5.0145841774483095,True,True,False
C05,C,A-SINE,2.0,FOUR,COMMON_LINE_AMPLITUDE_VARIATION,180.0,2.0000000000000004,6.1641766858555656,4.1641766858555656,True,True,False
C05,C,A-SINE,2.0,FOUR,COMMON_LINE_AMPLITUDE_VARIATION,200.0,2.0,6.089407446199859,4.089407446199859,True,True,False
C05,C,A-SINE,2.0,FOUR,COMMON_LINE_AMPLITUDE_VARIATION,220.0,2.0000000000000004,5.5159131869856335,3.515913186985633,True,True,False
C05,C,A-SINE,2.0,FOUR,LINE_SPECIFIC_AMPLITUDE_VARIATION,180.0,2.0000000000000004,6.1641766858555656,4.1641766858555656,True,True,False
C05,C,A-SINE,2.0,FOUR,LINE_SPECIFIC_AMPLITUDE_VARIATION,200.0,2.0,6.089407446199859,4.089407446199859,True,True,False
C05,C,A-SINE,2.0,FOUR,LINE_SPECIFIC_AMPLITUDE_VARIATION,220.0,2.0000000000000004,5.5159131869856335,3.515913186985633,True,True,False
C06,C,A-RAMP,0.0,201,COMMON,180.0,0.0,1.3105202545406371,1.3105202545406371,True,True,False
C06,C,A-RAMP,0.0,201,COMMON,200.0,0.0,2.7726223712527944,2.7726223712527944,True,True,False
C06,C,A-RAMP,0.0,201,COMMON,220.0,0.0,1.076587724923518,1.076587724923518,True,True,False
C06,C,A-RAMP,0.0,235,COMMON,180.0,0.0,1.1836038786102274,1.1836038786102274,True,True,False
C06,C,A-RAMP,0.0,235,COMMON,200.0,0.0,0.5489391632437118,0.5489391632437118,True,True,False
C06,C,A-RAMP,0.0,235,COMMON,220.0,0.0,0.5275330880448005,0.5275330880448005,True,True,False
C06,C,A-RAMP,0.0,283,COMMON,180.0,0.0,1.2410709838057525,1.2410709838057525,True,True,False
C06,C,A-RAMP,0.0,283,COMMON,200.0,0.0,3.962305109273865,3.962305109273865,True,True,False
C06,C,A-RAMP,0.0,283,COMMON,220.0,0.0,0.894090439671116,0.894090439671116,True,True,False
C06,C,A-RAMP,0.0,338,COMMON,180.0,0.0,2.979463299700358,2.979463299700358,True,True,False
C06,C,A-RAMP,0.0,338,COMMON,200.0,0.0,0.9304024174517987,0.9304024174517987,True,True,False
C06,C,A-RAMP,0.0,338,COMMON,220.0,0.0,1.4213571825088163,1.4213571825088163,True,True,False
C06,C,A-RAMP,0.0,FOUR,COMMON_LINE_AMPLITUDE_VARIATION,180.0,0.0,3.3830648304120716,3.3830648304120716,True,True,False
C06,C,A-RAMP,0.0,FOUR,COMMON_LINE_AMPLITUDE_VARIATION,200.0,0.0,4.379534313608291,4.379534313608291,True,True,False
C06,C,A-RAMP,0.0,FOUR,COMMON_LINE_AMPLITUDE_VARIATION,220.0,0.0,1.611577228628173,1.611577228628173,True,True,False
C06,C,A-RAMP,0.0,FOUR,LINE_SPECIFIC_AMPLITUDE_VARIATION,180.0,0.0,3.3830648304120716,3.3830648304120716,True,True,False
C06,C,A-RAMP,0.0,FOUR,LINE_SPECIFIC_AMPLITUDE_VARIATION,200.0,0.0,4.379534313608291,4.379534313608291,True,True,False
C06,C,A-RAMP,0.0,FOUR,LINE_SPECIFIC_AMPLITUDE_VARIATION,220.0,0.0,1.611577228628173,1.611577228628173,True,True,False
C06,C,A-RAMP,0.25,201,COMMON,180.0,0.25,1.144633646209365,0.8946336462093649,True,True,False
C06,C,A-RAMP,0.25,201,COMMON,200.0,0.25,2.6446298298494617,2.3946298298494617,True,True,False
C06,C,A-RAMP,0.25,201,COMMON,220.0,0.06657699857817725,1.2634673267925112,1.196890328214334,True,True,False
C06,C,A-RAMP,0.25,235,COMMON,180.0,0.25,1.240620320616982,0.9906203206169819,True,True,False
C06,C,A-RAMP,0.25,235,COMMON,200.0,0.25,0.5836295777935887,0.3336295777935887,True,False,False
C06,C,A-RAMP,0.25,235,COMMON,220.0,0.1744913199437226,0.6086830603124836,0.43419174036876107,True,False,False
C06,C,A-RAMP,0.25,283,COMMON,180.0,0.25,1.2641596053805784,1.0141596053805784,True,True,False
C06,C,A-RAMP,0.25,283,COMMON,200.0,0.25,4.025001883507192,3.7750018835071923,True,True,False
C06,C,A-RAMP,0.25,283,COMMON,220.0,0.25,1.0403516781668896,0.7903516781668896,True,True,False
C06,C,A-RAMP,0.25,338,COMMON,180.0,0.24999999999999997,2.943446167969628,2.693446167969628,True,True,False
C06,C,A-RAMP,0.25,338,COMMON,200.0,0.25,1.052166869736529,0.802166869736529,True,True,False
C06,C,A-RAMP,0.25,338,COMMON,220.0,0.25,1.2988955073269461,1.0488955073269461,True,True,False
C06,C,A-RAMP,0.25,FOUR,COMMON_LINE_AMPLITUDE_VARIATION,180.0,0.25,3.350957914071442,3.100957914071442,True,True,False
C06,C,A-RAMP,0.25,FOUR,COMMON_LINE_AMPLITUDE_VARIATION,200.0,0.25,4.355854991124962,4.105854991124962,True,True,False
C06,C,A-RAMP,0.25,FOUR,COMMON_LINE_AMPLITUDE_VARIATION,220.0,0.25,1.5612333155832747,1.3112333155832747,True,True,False
C06,C,A-RAMP,0.25,FOUR,LINE_SPECIFIC_AMPLITUDE_VARIATION,180.0,0.25,3.350957914071442,3.100957914071442,True,True,False
C06,C,A-RAMP,0.25,FOUR,LINE_SPECIFIC_AMPLITUDE_VARIATION,200.0,0.25,4.355854991124962,4.105854991124962,True,True,False
C06,C,A-RAMP,0.25,FOUR,LINE_SPECIFIC_AMPLITUDE_VARIATION,220.0,0.25,1.5612333155832747,1.3112333155832747,True,True,False
C06,C,A-RAMP,0.5,201,COMMON,180.0,0.5,1.0094482428116025,0.5094482428116025,True,True,False
C06,C,A-RAMP,0.5,201,COMMON,200.0,0.5,2.5348962622339637,2.0348962622339637,True,True,False
C06,C,A-RAMP,0.5,201,COMMON,220.0,0.2553368094681493,1.1879740824914988,0.9326372730233495,True,True,False
C06,C,A-RAMP,0.5,235,COMMON,180.0,0.5,1.342519801863046,0.842519801863046,True,True,False
C06,C,A-RAMP,0.5,235,COMMON,200.0,0.3131809989868861,0.6357636257188123,0.32258262673192617,True,False,False
C06,C,A-RAMP,0.5,235,COMMON,220.0,0.363519841296749,0.7666152730285628,0.4030954317318138,True,False,False
C06,C,A-RAMP,0.5,283,COMMON,180.0,0.4421507594113234,1.3345193250408105,0.8923685656294871,True,True,False
C06,C,A-RAMP,0.5,283,COMMON,200.0,0.5,4.102001772975618,3.602001772975618,True,True,False
C06,C,A-RAMP,0.5,283,COMMON,220.0,0.3987719258039487,1.2207643155900474,0.8219923897860987,True,True,False
C06,C,A-RAMP,0.5,338,COMMON,180.0,0.5,2.928403854185558,2.428403854185558,True,True,False
C06,C,A-RAMP,0.5,338,COMMON,200.0,0.5,1.0110678576381178,0.5110678576381178,True,True,False
C06,C,A-RAMP,0.5,338,COMMON,220.0,0.31948548254089876,1.2161426057986986,0.8966571232577998,True,True,False
C06,C,A-RAMP,0.5,FOUR,COMMON_LINE_AMPLITUDE_VARIATION,180.0,0.5,3.337320817210266,2.837320817210266,True,True,False
C06,C,A-RAMP,0.5,FOUR,COMMON_LINE_AMPLITUDE_VARIATION,200.0,0.5,4.3464496549878575,3.8464496549878575,True,True,False
C06,C,A-RAMP,0.5,FOUR,COMMON_LINE_AMPLITUDE_VARIATION,220.0,0.5,1.5500702460022344,1.0500702460022344,True,True,False
C06,C,A-RAMP,0.5,FOUR,LINE_SPECIFIC_AMPLITUDE_VARIATION,180.0,0.5,3.337320817210266,2.837320817210266,True,True,False
C06,C,A-RAMP,0.5,FOUR,LINE_SPECIFIC_AMPLITUDE_VARIATION,200.0,0.5,4.3464496549878575,3.8464496549878575,True,True,False
C06,C,A-RAMP,0.5,FOUR,LINE_SPECIFIC_AMPLITUDE_VARIATION,220.0,0.5,1.5500702460022344,1.0500702460022344,True,True,False
C06,C,A-RAMP,1.0,201,COMMON,180.0,1.0,0.6277544077364724,-0.3722455922635276,False,False,False
C06,C,A-RAMP,1.0,201,COMMON,200.0,1.0,2.379908256005675,1.3799082560056748,True,True,False
C06,C,A-RAMP,1.0,201,COMMON,220.0,0.716433388502327,1.1664386329020753,0.4500052443997483,True,False,False
C06,C,A-RAMP,1.0,235,COMMON,180.0,1.0,1.6443237805637945,0.6443237805637945,True,True,False
C06,C,A-RAMP,1.0,235,COMMON,200.0,0.468762782778388,0.7289791139487346,0.2602163311703466,True,False,False
C06,C,A-RAMP,1.0,235,COMMON,220.0,0.8429386594396033,1.1819927219315831,0.3390540624919798,True,False,False
C06,C,A-RAMP,1.0,283,COMMON,180.0,0.2576774193714141,1.5879629942067868,1.3302855748353726,True,True,False
C06,C,A-RAMP,1.0,283,COMMON,200.0,0.7255837011021724,4.06960079642809,3.344017095325918,True,True,False
C06,C,A-RAMP,1.0,283,COMMON,220.0,0.8242309142554076,1.632607384327842,0.8083764700724343,True,True,False
C06,C,A-RAMP,1.0,338,COMMON,180.0,1.0,2.9620764190270856,1.9620764190270856,True,True,False
C06,C,A-RAMP,1.0,338,COMMON,200.0,0.881117909908272,0.8565268655107584,-0.024591044397513584,False,False,False
C06,C,A-RAMP,1.0,338,COMMON,220.0,0.6581407837201587,1.1990618979053154,0.5409211141851566,True,True,False
C06,C,A-RAMP,1.0,FOUR,COMMON_LINE_AMPLITUDE_VARIATION,180.0,1.0,3.36044273706386,2.36044273706386,True,True,False
C06,C,A-RAMP,1.0,FOUR,COMMON_LINE_AMPLITUDE_VARIATION,200.0,1.0,4.370689694157627,3.370689694157627,True,True,False
C06,C,A-RAMP,1.0,FOUR,COMMON_LINE_AMPLITUDE_VARIATION,220.0,1.0,1.6456774809330021,0.6456774809330021,True,True,False
C06,C,A-RAMP,1.0,FOUR,LINE_SPECIFIC_AMPLITUDE_VARIATION,180.0,1.0,3.36044273706386,2.36044273706386,True,True,False
C06,C,A-RAMP,1.0,FOUR,LINE_SPECIFIC_AMPLITUDE_VARIATION,200.0,1.0,4.370689694157627,3.370689694157627,True,True,False
C06,C,A-RAMP,1.0,FOUR,LINE_SPECIFIC_AMPLITUDE_VARIATION,220.0,1.0,1.6456774809330021,0.6456774809330021,True,True,False
C06,C,A-RAMP,2.0,201,COMMON,180.0,1.979457320061617,0.8026551435497337,-1.1768021765118832,False,False,False
C06,C,A-RAMP,2.0,201,COMMON,200.0,2.0,2.3749719578210766,0.3749719578210766,True,False,False
C06,C,A-RAMP,2.0,201,COMMON,220.0,1.6756223886456147,1.12504758658086,-0.5505748020647547,False,False,False
C06,C,A-RAMP,2.0,235,COMMON,180.0,2.0,2.2573525143646505,0.25735251436465045,True,False,False
C06,C,A-RAMP,2.0,235,COMMON,200.0,1.3858134704591063,1.5118997553231455,0.12608628486403917,True,False,False
C06,C,A-RAMP,2.0,235,COMMON,220.0,1.8350322614877046,1.8346132621173894,-0.0004189993703151984,False,False,False
C06,C,A-RAMP,2.0,283,COMMON,180.0,0.5464077408202919,1.0583391458387332,0.5119314050184414,True,True,False
C06,C,A-RAMP,2.0,283,COMMON,200.0,1.441131555172082,4.049383836970969,2.6082522817988867,True,True,False
C06,C,A-RAMP,2.0,283,COMMON,220.0,1.7944446780060217,2.0691320275303537,0.27468734952433205,True,False,False
C06,C,A-RAMP,2.0,338,COMMON,180.0,1.9883684215278468,3.26658719002743,1.2782187684995834,True,True,False
C06,C,A-RAMP,2.0,338,COMMON,200.0,1.7643803160193894,1.2870114174035865,-0.4773688986158029,False,False,False
C06,C,A-RAMP,2.0,338,COMMON,220.0,1.6109953216811561,1.635388013426609,0.024392691745452888,True,False,False
C06,C,A-RAMP,2.0,FOUR,COMMON_LINE_AMPLITUDE_VARIATION,180.0,2.0,3.5725966696709834,1.5725966696709834,True,True,False
C06,C,A-RAMP,2.0,FOUR,COMMON_LINE_AMPLITUDE_VARIATION,200.0,2.0,4.585361054612705,2.5853610546127053,True,True,False
C06,C,A-RAMP,2.0,FOUR,COMMON_LINE_AMPLITUDE_VARIATION,220.0,2.0,2.1952966949064354,0.19529669490643542,True,False,False
C06,C,A-RAMP,2.0,FOUR,LINE_SPECIFIC_AMPLITUDE_VARIATION,180.0,2.0,3.5725966696709834,1.5725966696709834,True,True,False
C06,C,A-RAMP,2.0,FOUR,LINE_SPECIFIC_AMPLITUDE_VARIATION,200.0,2.0,4.585361054612705,2.5853610546127053,True,True,False
C06,C,A-RAMP,2.0,FOUR,LINE_SPECIFIC_AMPLITUDE_VARIATION,220.0,2.0,2.1952966949064354,0.19529669490643542,True,False,False
C06,C,A-SINE,0.0,201,COMMON,180.0,0.0,1.3105202545406371,1.3105202545406371,True,True,False
C06,C,A-SINE,0.0,201,COMMON,200.0,0.0,2.7726223712527944,2.7726223712527944,True,True,False
C06,C,A-SINE,0.0,201,COMMON,220.0,0.0,1.076587724923518,1.076587724923518,True,True,False
C06,C,A-SINE,0.0,235,COMMON,180.0,0.0,1.1836038786102274,1.1836038786102274,True,True,False
C06,C,A-SINE,0.0,235,COMMON,200.0,0.0,0.5489391632437118,0.5489391632437118,True,True,False
C06,C,A-SINE,0.0,235,COMMON,220.0,0.0,0.5275330880448005,0.5275330880448005,True,True,False
C06,C,A-SINE,0.0,283,COMMON,180.0,0.0,1.2410709838057525,1.2410709838057525,True,True,False
C06,C,A-SINE,0.0,283,COMMON,200.0,0.0,3.962305109273865,3.962305109273865,True,True,False
C06,C,A-SINE,0.0,283,COMMON,220.0,0.0,0.894090439671116,0.894090439671116,True,True,False
C06,C,A-SINE,0.0,338,COMMON,180.0,0.0,2.979463299700358,2.979463299700358,True,True,False
C06,C,A-SINE,0.0,338,COMMON,200.0,0.0,0.9304024174517987,0.9304024174517987,True,True,False
C06,C,A-SINE,0.0,338,COMMON,220.0,0.0,1.4213571825088163,1.4213571825088163,True,True,False
C06,C,A-SINE,0.0,FOUR,COMMON_LINE_AMPLITUDE_VARIATION,180.0,0.0,3.3830648304120716,3.3830648304120716,True,True,False
C06,C,A-SINE,0.0,FOUR,COMMON_LINE_AMPLITUDE_VARIATION,200.0,0.0,4.379534313608291,4.379534313608291,True,True,False
C06,C,A-SINE,0.0,FOUR,COMMON_LINE_AMPLITUDE_VARIATION,220.0,0.0,1.611577228628173,1.611577228628173,True,True,False
C06,C,A-SINE,0.0,FOUR,LINE_SPECIFIC_AMPLITUDE_VARIATION,180.0,0.0,3.3830648304120716,3.3830648304120716,True,True,False
C06,C,A-SINE,0.0,FOUR,LINE_SPECIFIC_AMPLITUDE_VARIATION,200.0,0.0,4.379534313608291,4.379534313608291,True,True,False
C06,C,A-SINE,0.0,FOUR,LINE_SPECIFIC_AMPLITUDE_VARIATION,220.0,0.0,1.611577228628173,1.611577228628173,True,True,False
C06,C,A-SINE,0.25,201,COMMON,180.0,0.24999999999999994,1.4896946228727928,1.2396946228727928,True,True,False
C06,C,A-SINE,0.25,201,COMMON,200.0,0.25000000000000006,2.877275165109875,2.627275165109875,True,True,False
C06,C,A-SINE,0.25,201,COMMON,220.0,0.24999999999999994,0.9226222918359043,0.6726222918359044,True,True,False
C06,C,A-SINE,0.25,235,COMMON,180.0,0.25,1.249426909910024,0.9994269099100239,True,True,False
C06,C,A-SINE,0.25,235,COMMON,200.0,0.24999999999999994,0.5837882256183373,0.3337882256183374,True,False,False
C06,C,A-SINE,0.25,235,COMMON,220.0,0.24999999999999994,0.5573282235886158,0.30732822358861583,True,False,False
C06,C,A-SINE,0.25,283,COMMON,180.0,0.25,1.2369016016037049,0.9869016016037049,True,True,False
C06,C,A-SINE,0.25,283,COMMON,200.0,0.25,3.91740277875812,3.66740277875812,True,True,False
C06,C,A-SINE,0.25,283,COMMON,220.0,0.24999999999999994,0.8120442394862628,0.5620442394862628,True,True,False
C06,C,A-SINE,0.25,338,COMMON,180.0,0.25000000000000006,3.0312498524005047,2.7812498524005047,True,True,False
C06,C,A-SINE,0.25,338,COMMON,200.0,0.2458569502496011,0.8383035180857837,0.5924465678361827,True,True,False
C06,C,A-SINE,0.25,338,COMMON,220.0,0.24999999999999997,1.382573791598763,1.132573791598763,True,True,False
C06,C,A-SINE,0.25,FOUR,COMMON_LINE_AMPLITUDE_VARIATION,180.0,0.25,3.430009654379692,3.180009654379692,True,True,False
C06,C,A-SINE,0.25,FOUR,COMMON_LINE_AMPLITUDE_VARIATION,200.0,0.24999999999999997,4.415076497193878,4.165076497193878,True,True,False
C06,C,A-SINE,0.25,FOUR,COMMON_LINE_AMPLITUDE_VARIATION,220.0,0.24999999999999994,1.6950584845749834,1.4450584845749834,True,True,False
C06,C,A-SINE,0.25,FOUR,LINE_SPECIFIC_AMPLITUDE_VARIATION,180.0,0.25,3.430009654379692,3.180009654379692,True,True,False
C06,C,A-SINE,0.25,FOUR,LINE_SPECIFIC_AMPLITUDE_VARIATION,200.0,0.24999999999999997,4.415076497193878,4.165076497193878,True,True,False
C06,C,A-SINE,0.25,FOUR,LINE_SPECIFIC_AMPLITUDE_VARIATION,220.0,0.24999999999999994,1.6950584845749834,1.4450584845749834,True,True,False
C06,C,A-SINE,0.5,201,COMMON,180.0,0.5,1.6869845290550143,1.1869845290550143,True,True,False
C06,C,A-SINE,0.5,201,COMMON,200.0,0.4999999999999999,2.9991648734180405,2.4991648734180405,True,True,False
C06,C,A-SINE,0.5,201,COMMON,220.0,0.5,0.8175711940431102,0.3175711940431102,True,False,False
C06,C,A-SINE,0.5,235,COMMON,180.0,0.42713136585959144,1.3587557046627066,0.9316243388031151,True,True,False
C06,C,A-SINE,0.5,235,COMMON,200.0,0.5,0.7108327368646626,0.21083273686466264,True,False,False
C06,C,A-SINE,0.5,235,COMMON,220.0,0.5,0.6840601864125707,0.18406018641257071,True,False,False
C06,C,A-SINE,0.5,283,COMMON,180.0,0.5,1.2591936070280536,0.7591936070280536,True,True,False
C06,C,A-SINE,0.5,283,COMMON,200.0,0.5,3.8880878697717094,3.3880878697717094,True,True,False
C06,C,A-SINE,0.5,283,COMMON,220.0,0.5,0.8027664538670987,0.30276645386709866,True,False,False
C06,C,A-SINE,0.5,338,COMMON,180.0,0.4999999999999999,3.102378084807656,2.602378084807656,True,True,False
C06,C,A-SINE,0.5,338,COMMON,200.0,0.4759866190047112,0.7609977699664886,0.2850111509617774,True,False,False
C06,C,A-SINE,0.5,338,COMMON,220.0,0.49999999999999994,1.3548535133548008,0.8548535133548008,True,True,False
C06,C,A-SINE,0.5,FOUR,COMMON_LINE_AMPLITUDE_VARIATION,180.0,0.5,3.4942531121120477,2.9942531121120477,True,True,False
C06,C,A-SINE,0.5,FOUR,COMMON_LINE_AMPLITUDE_VARIATION,200.0,0.5,4.464356633163964,3.9643566331639644,True,True,False
C06,C,A-SINE,0.5,FOUR,COMMON_LINE_AMPLITUDE_VARIATION,220.0,0.5,1.7748889537044985,1.2748889537044985,True,True,False
C06,C,A-SINE,0.5,FOUR,LINE_SPECIFIC_AMPLITUDE_VARIATION,180.0,0.5,3.4942531121120477,2.9942531121120477,True,True,False
C06,C,A-SINE,0.5,FOUR,LINE_SPECIFIC_AMPLITUDE_VARIATION,200.0,0.5,4.464356633163964,3.9643566331639644,True,True,False
C06,C,A-SINE,0.5,FOUR,LINE_SPECIFIC_AMPLITUDE_VARIATION,220.0,0.5,1.7748889537044985,1.2748889537044985,True,True,False
C06,C,A-SINE,1.0,201,COMMON,180.0,0.9798939280439578,1.793066592571027,0.8131726645270692,True,True,False
C06,C,A-SINE,1.0,201,COMMON,200.0,1.0,3.2867225411217538,2.2867225411217538,True,True,False
C06,C,A-SINE,1.0,201,COMMON,220.0,1.0,0.8232886402727524,-0.1767113597272476,False,False,False
C06,C,A-SINE,1.0,235,COMMON,180.0,0.7057234204401293,1.6707830464921893,0.9650596260520601,True,True,False
C06,C,A-SINE,1.0,235,COMMON,200.0,1.0,1.0996509240001153,0.09965092400011533,True,False,False
C06,C,A-SINE,1.0,235,COMMON,220.0,0.7092225250067787,0.8968607311733243,0.18763820616654558,True,False,False
C06,C,A-SINE,1.0,283,COMMON,180.0,1.0,1.3232699356150124,0.3232699356150124,True,False,False
C06,C,A-SINE,1.0,283,COMMON,200.0,1.0,3.877446683986001,2.877446683986001,True,True,False
C06,C,A-SINE,1.0,283,COMMON,220.0,1.0,0.9354507619808413,-0.06454923801915868,False,False,False
C06,C,A-SINE,1.0,338,COMMON,180.0,1.0,3.2170097867620586,2.2170097867620586,True,True,False
C06,C,A-SINE,1.0,338,COMMON,200.0,0.9663325020108445,0.7293522994367726,-0.23698020257407193,False,False,False
C06,C,A-SINE,1.0,338,COMMON,220.0,1.0,1.4213770201129394,0.4213770201129394,True,False,False
C06,C,A-SINE,1.0,FOUR,COMMON_LINE_AMPLITUDE_VARIATION,180.0,1.0,3.6707604084492362,2.6707604084492362,True,True,False
C06,C,A-SINE,1.0,FOUR,COMMON_LINE_AMPLITUDE_VARIATION,200.0,1.0,4.590678423968106,3.5906784239681064,True,True,False
C06,C,A-SINE,1.0,FOUR,COMMON_LINE_AMPLITUDE_VARIATION,220.0,1.0,1.9041559338669924,0.9041559338669924,True,True,False
C06,C,A-SINE,1.0,FOUR,LINE_SPECIFIC_AMPLITUDE_VARIATION,180.0,1.0,3.6707604084492362,2.6707604084492362,True,True,False
C06,C,A-SINE,1.0,FOUR,LINE_SPECIFIC_AMPLITUDE_VARIATION,200.0,1.0,4.590678423968106,3.5906784239681064,True,True,False
C06,C,A-SINE,1.0,FOUR,LINE_SPECIFIC_AMPLITUDE_VARIATION,220.0,1.0,1.9041559338669924,0.9041559338669924,True,True,False
C06,C,A-SINE,2.0,201,COMMON,180.0,1.8818533044801213,2.113360226736862,0.23150692225674052,True,False,False
C06,C,A-SINE,2.0,201,COMMON,200.0,2.0,3.989693636241286,1.9896936362412858,True,True,False
C06,C,A-SINE,2.0,201,COMMON,220.0,1.9975501682276378,1.48208206282524,-0.5154681054023977,False,False,False
C06,C,A-SINE,2.0,235,COMMON,180.0,1.342463118705321,2.486385697238115,1.143922578532794,True,True,False
C06,C,A-SINE,2.0,235,COMMON,200.0,2.0,1.9031327812994856,-0.0968672187005144,False,False,False
C06,C,A-SINE,2.0,235,COMMON,220.0,1.518858531136402,1.5524100599326323,0.033551528796230246,True,False,False
C06,C,A-SINE,2.0,283,COMMON,180.0,2.0,1.8926153564702568,-0.1073846435297432,False,False,False
C06,C,A-SINE,2.0,283,COMMON,200.0,2.0,4.045902099078807,2.0459020990788073,True,True,False
C06,C,A-SINE,2.0,283,COMMON,220.0,2.0,1.4692636361008025,-0.5307363638991975,False,False,False
C06,C,A-SINE,2.0,338,COMMON,180.0,2.0,3.3917933439731414,1.3917933439731414,True,True,False
C06,C,A-SINE,2.0,338,COMMON,200.0,1.89833289302418,1.0437752192623455,-0.8545576737618346,False,False,False
C06,C,A-SINE,2.0,338,COMMON,220.0,2.0,1.7590174681174011,-0.24098253188259888,False,False,False
C06,C,A-SINE,2.0,FOUR,COMMON_LINE_AMPLITUDE_VARIATION,180.0,2.0,4.183758633777258,2.1837586337772583,True,True,False
C06,C,A-SINE,2.0,FOUR,COMMON_LINE_AMPLITUDE_VARIATION,200.0,2.0,4.865350626224358,2.865350626224358,True,True,False
C06,C,A-SINE,2.0,FOUR,COMMON_LINE_AMPLITUDE_VARIATION,220.0,2.0,2.465150678047517,0.4651506780475172,True,False,False
C06,C,A-SINE,2.0,FOUR,LINE_SPECIFIC_AMPLITUDE_VARIATION,180.0,2.0,4.183758633777258,2.1837586337772583,True,True,False
C06,C,A-SINE,2.0,FOUR,LINE_SPECIFIC_AMPLITUDE_VARIATION,200.0,2.0,4.865350626224358,2.865350626224358,True,True,False
C06,C,A-SINE,2.0,FOUR,LINE_SPECIFIC_AMPLITUDE_VARIATION,220.0,2.0,2.465150678047517,0.4651506780475172,True,False,False
C07,C,A-RAMP,0.0,201,COMMON,180.0,0.0,1.6753841615860066,1.6753841615860066,True,True,False
C07,C,A-RAMP,0.0,201,COMMON,200.0,0.0,3.7537335020398745,3.7537335020398745,True,True,False
C07,C,A-RAMP,0.0,201,COMMON,220.0,0.0,1.4683813919226274,1.4683813919226274,True,True,False
C07,C,A-RAMP,0.0,235,COMMON,180.0,0.0,1.1264174595064345,1.1264174595064345,True,True,False
C07,C,A-RAMP,0.0,235,COMMON,200.0,0.0,0.9907614661070925,0.9907614661070925,True,True,False
C07,C,A-RAMP,0.0,235,COMMON,220.0,0.0,0.5085490373835813,0.5085490373835813,True,True,False
C07,C,A-RAMP,0.0,283,COMMON,180.0,0.0,2.424157223165442,2.424157223165442,True,True,False
C07,C,A-RAMP,0.0,283,COMMON,200.0,0.0,4.109558973218711,4.109558973218711,True,True,False
C07,C,A-RAMP,0.0,283,COMMON,220.0,0.0,1.04456482534592,1.04456482534592,True,True,False
C07,C,A-RAMP,0.0,338,COMMON,180.0,0.0,2.5815543864447243,2.5815543864447243,True,True,False
C07,C,A-RAMP,0.0,338,COMMON,200.0,0.0,0.9148943909607166,0.9148943909607166,True,True,False
C07,C,A-RAMP,0.0,338,COMMON,220.0,0.0,1.1502200128039528,1.1502200128039528,True,True,False
C07,C,A-RAMP,0.0,FOUR,COMMON_LINE_AMPLITUDE_VARIATION,180.0,0.0,3.896996873173147,3.896996873173147,True,True,False
C07,C,A-RAMP,0.0,FOUR,COMMON_LINE_AMPLITUDE_VARIATION,200.0,0.0,4.66271333556054,4.66271333556054,True,True,False
C07,C,A-RAMP,0.0,FOUR,COMMON_LINE_AMPLITUDE_VARIATION,220.0,0.0,1.5649742380187872,1.5649742380187872,True,True,False
C07,C,A-RAMP,0.0,FOUR,LINE_SPECIFIC_AMPLITUDE_VARIATION,180.0,0.0,3.896996873173147,3.896996873173147,True,True,False
C07,C,A-RAMP,0.0,FOUR,LINE_SPECIFIC_AMPLITUDE_VARIATION,200.0,0.0,4.66271333556054,4.66271333556054,True,True,False
C07,C,A-RAMP,0.0,FOUR,LINE_SPECIFIC_AMPLITUDE_VARIATION,220.0,0.0,1.5649742380187872,1.5649742380187872,True,True,False
C07,C,A-RAMP,0.25,201,COMMON,180.0,0.25,1.6187840329261602,1.3687840329261602,True,True,False
C07,C,A-RAMP,0.25,201,COMMON,200.0,0.25,3.7228734407248862,3.4728734407248862,True,True,False
C07,C,A-RAMP,0.25,201,COMMON,220.0,0.25,1.3326275308898192,1.0826275308898192,True,True,False
C07,C,A-RAMP,0.25,235,COMMON,180.0,0.25,1.1434124364914897,0.8934124364914897,True,True,False
C07,C,A-RAMP,0.25,235,COMMON,200.0,0.25,0.8841299976548688,0.6341299976548688,True,True,False
C07,C,A-RAMP,0.25,235,COMMON,220.0,0.25,0.5607836632057294,0.31078366320572937,True,False,False
C07,C,A-RAMP,0.25,283,COMMON,180.0,0.25,2.2755537176191596,2.0255537176191596,True,True,False
C07,C,A-RAMP,0.25,283,COMMON,200.0,0.25,4.133543615118354,3.883543615118354,True,True,False
C07,C,A-RAMP,0.25,283,COMMON,220.0,0.25,1.1748510149522722,0.9248510149522722,True,True,False
C07,C,A-RAMP,0.25,338,COMMON,180.0,0.25,2.523944711106159,2.273944711106159,True,True,False
C07,C,A-RAMP,0.25,338,COMMON,200.0,0.25,1.0484942391762577,0.7984942391762577,True,True,False
C07,C,A-RAMP,0.25,338,COMMON,220.0,0.25,1.0925232648521648,0.8425232648521648,True,True,False
C07,C,A-RAMP,0.25,FOUR,COMMON_LINE_AMPLITUDE_VARIATION,180.0,0.25,3.885847878343256,3.635847878343256,True,True,False
C07,C,A-RAMP,0.25,FOUR,COMMON_LINE_AMPLITUDE_VARIATION,200.0,0.25,4.655658462465698,4.405658462465698,True,True,False
C07,C,A-RAMP,0.25,FOUR,COMMON_LINE_AMPLITUDE_VARIATION,220.0,0.25,1.6061410130043845,1.3561410130043845,True,True,False
C07,C,A-RAMP,0.25,FOUR,LINE_SPECIFIC_AMPLITUDE_VARIATION,180.0,0.25,3.885847878343256,3.635847878343256,True,True,False
C07,C,A-RAMP,0.25,FOUR,LINE_SPECIFIC_AMPLITUDE_VARIATION,200.0,0.25,4.655658462465698,4.405658462465698,True,True,False
C07,C,A-RAMP,0.25,FOUR,LINE_SPECIFIC_AMPLITUDE_VARIATION,220.0,0.25,1.6061410130043845,1.3561410130043845,True,True,False
C07,C,A-RAMP,0.5,201,COMMON,180.0,0.4179271779362263,1.5996910331748821,1.1817638552386558,True,True,False
C07,C,A-RAMP,0.5,201,COMMON,200.0,0.5,3.708646398212286,3.208646398212286,True,True,False
C07,C,A-RAMP,0.5,201,COMMON,220.0,0.402848244832156,1.2331457172720346,0.8302974724398786,True,True,False
C07,C,A-RAMP,0.5,235,COMMON,180.0,0.5,1.2128345751857013,0.7128345751857013,True,True,False
C07,C,A-RAMP,0.5,235,COMMON,200.0,0.5,0.8406922283355077,0.3406922283355077,True,False,False
C07,C,A-RAMP,0.5,235,COMMON,220.0,0.5,0.7038000500235182,0.2038000500235182,True,False,False
C07,C,A-RAMP,0.5,283,COMMON,180.0,0.5,2.145868402515767,1.645868402515767,True,True,False
C07,C,A-RAMP,0.5,283,COMMON,200.0,0.5,4.172396275739998,3.672396275739998,True,True,False
C07,C,A-RAMP,0.5,283,COMMON,220.0,0.4749474177983281,1.3395649070943954,0.8646174892960672,True,True,False
C07,C,A-RAMP,0.5,338,COMMON,180.0,0.46361142096895747,2.4902150026191534,2.026603581650196,True,True,False
C07,C,A-RAMP,0.5,338,COMMON,200.0,0.12517981806121017,1.0862156019447973,0.9610357838835871,True,True,False
C07,C,A-RAMP,0.5,338,COMMON,220.0,0.5,1.0905081799930443,0.5905081799930443,True,True,False
C07,C,A-RAMP,0.5,FOUR,COMMON_LINE_AMPLITUDE_VARIATION,180.0,0.5,3.890763785907375,3.390763785907375,True,True,False
C07,C,A-RAMP,0.5,FOUR,COMMON_LINE_AMPLITUDE_VARIATION,200.0,0.5,4.66201842431396,4.16201842431396,True,True,False
C07,C,A-RAMP,0.5,FOUR,COMMON_LINE_AMPLITUDE_VARIATION,220.0,0.5,1.6838151744318663,1.1838151744318663,True,True,False
C07,C,A-RAMP,0.5,FOUR,LINE_SPECIFIC_AMPLITUDE_VARIATION,180.0,0.5,3.890763785907375,3.390763785907375,True,True,False
C07,C,A-RAMP,0.5,FOUR,LINE_SPECIFIC_AMPLITUDE_VARIATION,200.0,0.5,4.66201842431396,4.16201842431396,True,True,False
C07,C,A-RAMP,0.5,FOUR,LINE_SPECIFIC_AMPLITUDE_VARIATION,220.0,0.5,1.6838151744318663,1.1838151744318663,True,True,False
C07,C,A-RAMP,1.0,201,COMMON,180.0,0.7208614981813105,1.6766367270064786,0.9557752288251681,True,True,False
C07,C,A-RAMP,1.0,201,COMMON,200.0,1.0,3.7306301089238776,2.7306301089238776,True,True,False
C07,C,A-RAMP,1.0,201,COMMON,220.0,0.6397568122133868,1.1769251496624962,0.5371683374491094,True,True,False
C07,C,A-RAMP,1.0,235,COMMON,180.0,1.0,1.474150304565593,0.47415030456559304,True,False,False
C07,C,A-RAMP,1.0,235,COMMON,200.0,0.4277207514142882,0.9653592921004943,0.5376385406862061,True,True,False
C07,C,A-RAMP,1.0,235,COMMON,220.0,0.798157303114661,1.1099760796532716,0.31181877653861056,True,False,False
C07,C,A-RAMP,1.0,283,COMMON,180.0,1.0,1.9577957399090316,0.9577957399090316,True,True,False
C07,C,A-RAMP,1.0,283,COMMON,200.0,1.0,4.292936804712547,3.2929368047125473,True,True,False
C07,C,A-RAMP,1.0,283,COMMON,220.0,0.5194186611324716,1.7314019193381065,1.211983258205635,True,True,False
C07,C,A-RAMP,1.0,338,COMMON,180.0,0.8411826171853041,2.4975825248361714,1.6563999076508673,True,True,False
C07,C,A-RAMP,1.0,338,COMMON,200.0,0.3784333846145252,1.2056709397805845,0.8272375551660593,True,True,False
C07,C,A-RAMP,1.0,338,COMMON,220.0,0.5598476821980767,0.9164991582013358,0.3566514760032591,True,False,False
C07,C,A-RAMP,1.0,FOUR,COMMON_LINE_AMPLITUDE_VARIATION,180.0,1.0,3.9483542199168626,2.9483542199168626,True,True,False
C07,C,A-RAMP,1.0,FOUR,COMMON_LINE_AMPLITUDE_VARIATION,200.0,1.0,4.714651198940547,3.7146511989405466,True,True,False
C07,C,A-RAMP,1.0,FOUR,COMMON_LINE_AMPLITUDE_VARIATION,220.0,1.0,1.9290730202953825,0.9290730202953825,True,True,False
C07,C,A-RAMP,1.0,FOUR,LINE_SPECIFIC_AMPLITUDE_VARIATION,180.0,1.0,3.9483542199168626,2.9483542199168626,True,True,False
C07,C,A-RAMP,1.0,FOUR,LINE_SPECIFIC_AMPLITUDE_VARIATION,200.0,1.0,4.714651198940547,3.7146511989405466,True,True,False
C07,C,A-RAMP,1.0,FOUR,LINE_SPECIFIC_AMPLITUDE_VARIATION,220.0,1.0,1.9290730202953825,0.9290730202953825,True,True,False
C07,C,A-RAMP,2.0,201,COMMON,180.0,1.6460855526263314,2.1943813113952526,0.5482957587689212,True,True,False
C07,C,A-RAMP,2.0,201,COMMON,200.0,2.0,3.9679575117284487,1.9679575117284487,True,True,False
C07,C,A-RAMP,2.0,201,COMMON,220.0,1.175603811210442,1.6168369440582269,0.44123313284778476,True,False,False
C07,C,A-RAMP,2.0,235,COMMON,180.0,2.0,2.2533135484926925,0.2533135484926925,True,False,False
C07,C,A-RAMP,2.0,235,COMMON,200.0,0.5708806478062388,1.017908429321719,0.4470277815154803,True,False,False
C07,C,A-RAMP,2.0,235,COMMON,220.0,1.692915998916033,2.0507246698133628,0.3578086708973298,True,False,False
C07,C,A-RAMP,2.0,283,COMMON,180.0,1.2930855327156936,1.9466355785782608,0.6535500458625672,True,True,False
C07,C,A-RAMP,2.0,283,COMMON,200.0,2.0,4.687231364478261,2.6872313644782606,True,True,False
C07,C,A-RAMP,2.0,283,COMMON,220.0,1.363171719649197,2.627620508792205,1.264448789143008,True,True,False
C07,C,A-RAMP,2.0,338,COMMON,180.0,1.7868669472175152,2.794890675243319,1.008023728025804,True,True,False
C07,C,A-RAMP,2.0,338,COMMON,200.0,1.3672917551227546,1.8711489992188217,0.5038572440960671,True,True,False
C07,C,A-RAMP,2.0,338,COMMON,220.0,0.5230535398791596,1.1562083388076239,0.6331547989284643,True,True,False
C07,C,A-RAMP,2.0,FOUR,COMMON_LINE_AMPLITUDE_VARIATION,180.0,2.0,4.24174698235872,2.2417469823587197,True,True,False
C07,C,A-RAMP,2.0,FOUR,COMMON_LINE_AMPLITUDE_VARIATION,200.0,2.0,4.97141591558471,2.9714159155847097,True,True,False
C07,C,A-RAMP,2.0,FOUR,COMMON_LINE_AMPLITUDE_VARIATION,220.0,2.0,2.614876224314575,0.6148762243145751,True,True,False
C07,C,A-RAMP,2.0,FOUR,LINE_SPECIFIC_AMPLITUDE_VARIATION,180.0,2.0,4.24174698235872,2.2417469823587197,True,True,False
C07,C,A-RAMP,2.0,FOUR,LINE_SPECIFIC_AMPLITUDE_VARIATION,200.0,2.0,4.97141591558471,2.9714159155847097,True,True,False
C07,C,A-RAMP,2.0,FOUR,LINE_SPECIFIC_AMPLITUDE_VARIATION,220.0,2.0,2.614876224314575,0.6148762243145751,True,True,False
C07,C,A-SINE,0.0,201,COMMON,180.0,0.0,1.6753841615860066,1.6753841615860066,True,True,False
C07,C,A-SINE,0.0,201,COMMON,200.0,0.0,3.7537335020398745,3.7537335020398745,True,True,False
C07,C,A-SINE,0.0,201,COMMON,220.0,0.0,1.4683813919226274,1.4683813919226274,True,True,False
C07,C,A-SINE,0.0,235,COMMON,180.0,0.0,1.1264174595064345,1.1264174595064345,True,True,False
C07,C,A-SINE,0.0,235,COMMON,200.0,0.0,0.9907614661070925,0.9907614661070925,True,True,False
C07,C,A-SINE,0.0,235,COMMON,220.0,0.0,0.5085490373835813,0.5085490373835813,True,True,False
C07,C,A-SINE,0.0,283,COMMON,180.0,0.0,2.424157223165442,2.424157223165442,True,True,False
C07,C,A-SINE,0.0,283,COMMON,200.0,0.0,4.109558973218711,4.109558973218711,True,True,False
C07,C,A-SINE,0.0,283,COMMON,220.0,0.0,1.04456482534592,1.04456482534592,True,True,False
C07,C,A-SINE,0.0,338,COMMON,180.0,0.0,2.5815543864447243,2.5815543864447243,True,True,False
C07,C,A-SINE,0.0,338,COMMON,200.0,0.0,0.9148943909607166,0.9148943909607166,True,True,False
C07,C,A-SINE,0.0,338,COMMON,220.0,0.0,1.1502200128039528,1.1502200128039528,True,True,False
C07,C,A-SINE,0.0,FOUR,COMMON_LINE_AMPLITUDE_VARIATION,180.0,0.0,3.896996873173147,3.896996873173147,True,True,False
C07,C,A-SINE,0.0,FOUR,COMMON_LINE_AMPLITUDE_VARIATION,200.0,0.0,4.66271333556054,4.66271333556054,True,True,False
C07,C,A-SINE,0.0,FOUR,COMMON_LINE_AMPLITUDE_VARIATION,220.0,0.0,1.5649742380187872,1.5649742380187872,True,True,False
C07,C,A-SINE,0.0,FOUR,LINE_SPECIFIC_AMPLITUDE_VARIATION,180.0,0.0,3.896996873173147,3.896996873173147,True,True,False
C07,C,A-SINE,0.0,FOUR,LINE_SPECIFIC_AMPLITUDE_VARIATION,200.0,0.0,4.66271333556054,4.66271333556054,True,True,False
C07,C,A-SINE,0.0,FOUR,LINE_SPECIFIC_AMPLITUDE_VARIATION,220.0,0.0,1.5649742380187872,1.5649742380187872,True,True,False
C07,C,A-SINE,0.25,201,COMMON,180.0,0.25,1.79102419566333,1.54102419566333,True,True,False
C07,C,A-SINE,0.25,201,COMMON,200.0,0.25000000000000006,3.811273800047223,3.561273800047223,True,True,False
C07,C,A-SINE,0.25,201,COMMON,220.0,0.25,1.6455165323373895,1.3955165323373895,True,True,False
C07,C,A-SINE,0.25,235,COMMON,180.0,0.25,1.15527754881422,0.90527754881422,True,True,False
C07,C,A-SINE,0.25,235,COMMON,200.0,0.25,0.9746526193457206,0.7246526193457206,True,True,False
C07,C,A-SINE,0.25,235,COMMON,220.0,0.22625674790112785,0.5723433257430698,0.34608657784194197,True,False,False
C07,C,A-SINE,0.25,283,COMMON,180.0,0.25,2.55002901513755,2.30002901513755,True,True,False
C07,C,A-SINE,0.25,283,COMMON,200.0,0.25,4.0334922938770275,3.7834922938770275,True,True,False
C07,C,A-SINE,0.25,283,COMMON,220.0,0.25,1.0404799081039244,0.7904799081039244,True,True,False
C07,C,A-SINE,0.25,338,COMMON,180.0,0.25000000000000006,2.6335349110034203,2.3835349110034203,True,True,False
C07,C,A-SINE,0.25,338,COMMON,200.0,0.25,0.8605699237151356,0.6105699237151356,True,True,False
C07,C,A-SINE,0.25,338,COMMON,220.0,0.25,1.2374181897141299,0.9874181897141299,True,True,False
C07,C,A-SINE,0.25,FOUR,COMMON_LINE_AMPLITUDE_VARIATION,180.0,0.25,3.911727100016045,3.661727100016045,True,True,False
C07,C,A-SINE,0.25,FOUR,COMMON_LINE_AMPLITUDE_VARIATION,200.0,0.25,4.6732818422616305,4.4232818422616305,True,True,False
C07,C,A-SINE,0.25,FOUR,COMMON_LINE_AMPLITUDE_VARIATION,220.0,0.25,1.548899783822645,1.298899783822645,True,True,False
C07,C,A-SINE,0.25,FOUR,LINE_SPECIFIC_AMPLITUDE_VARIATION,180.0,0.25,3.911727100016045,3.661727100016045,True,True,False
C07,C,A-SINE,0.25,FOUR,LINE_SPECIFIC_AMPLITUDE_VARIATION,200.0,0.25,4.6732818422616305,4.4232818422616305,True,True,False
C07,C,A-SINE,0.25,FOUR,LINE_SPECIFIC_AMPLITUDE_VARIATION,220.0,0.25,1.548899783822645,1.298899783822645,True,True,False
C07,C,A-SINE,0.5,201,COMMON,180.0,0.5,1.9322585877696883,1.4322585877696883,True,True,False
C07,C,A-SINE,0.5,201,COMMON,200.0,0.5,3.8840830003382076,3.3840830003382076,True,True,False
C07,C,A-SINE,0.5,201,COMMON,220.0,0.48694033449756763,1.8396481740394548,1.3527078395418872,True,True,False
C07,C,A-SINE,0.5,235,COMMON,180.0,0.5,1.2351178634071545,0.7351178634071545,True,True,False
C07,C,A-SINE,0.5,235,COMMON,200.0,0.5,0.9781368484632649,0.4781368484632649,True,False,False
C07,C,A-SINE,0.5,235,COMMON,220.0,0.4598148650462959,0.7221714766047662,0.26235661155847034,True,False,False
C07,C,A-SINE,0.5,283,COMMON,180.0,0.5,2.693280103045649,2.193280103045649,True,True,False
C07,C,A-SINE,0.5,283,COMMON,200.0,0.5,3.9717307581416326,3.4717307581416326,True,True,False
C07,C,A-SINE,0.5,283,COMMON,220.0,0.5,1.0950256636197844,0.5950256636197844,True,True,False
C07,C,A-SINE,0.5,338,COMMON,180.0,0.5,2.7076907513184714,2.2076907513184714,True,True,False
C07,C,A-SINE,0.5,338,COMMON,200.0,0.47668330994373326,0.8770002511942445,0.40031694125051126,True,False,False
C07,C,A-SINE,0.5,338,COMMON,220.0,0.5,1.365430875077923,0.8654308750779229,True,True,False
C07,C,A-SINE,0.5,FOUR,COMMON_LINE_AMPLITUDE_VARIATION,180.0,0.5,3.9422878104570946,3.4422878104570946,True,True,False
C07,C,A-SINE,0.5,FOUR,COMMON_LINE_AMPLITUDE_VARIATION,200.0,0.5,4.697151339355633,4.197151339355633,True,True,False
C07,C,A-SINE,0.5,FOUR,COMMON_LINE_AMPLITUDE_VARIATION,220.0,0.5,1.5729070903868378,1.0729070903868378,True,True,False
C07,C,A-SINE,0.5,FOUR,LINE_SPECIFIC_AMPLITUDE_VARIATION,180.0,0.5,3.9422878104570946,3.4422878104570946,True,True,False
C07,C,A-SINE,0.5,FOUR,LINE_SPECIFIC_AMPLITUDE_VARIATION,200.0,0.5,4.697151339355633,4.197151339355633,True,True,False
C07,C,A-SINE,0.5,FOUR,LINE_SPECIFIC_AMPLITUDE_VARIATION,220.0,0.5,1.5729070903868378,1.0729070903868378,True,True,False
C07,C,A-SINE,1.0,201,COMMON,180.0,0.931657697788333,2.271636945272324,1.339979247483991,True,True,False
C07,C,A-SINE,1.0,201,COMMON,200.0,1.0,4.072061677172383,3.0720616771723828,True,True,False
C07,C,A-SINE,1.0,201,COMMON,220.0,0.9037091969199215,1.6363627456184202,0.7326535486984987,True,True,False
C07,C,A-SINE,1.0,235,COMMON,180.0,1.0,1.5107004931269397,0.5107004931269397,True,True,False
C07,C,A-SINE,1.0,235,COMMON,200.0,1.0,1.159896385962986,0.15989638596298605,True,False,False
C07,C,A-SINE,1.0,235,COMMON,220.0,0.9523155456102987,0.6477573358996732,-0.3045582097106255,False,False,False
C07,C,A-SINE,1.0,283,COMMON,180.0,1.0,3.0217506820215956,2.0217506820215956,True,True,False
C07,C,A-SINE,1.0,283,COMMON,200.0,1.0,3.8936891858460134,2.8936891858460134,True,True,False
C07,C,A-SINE,1.0,283,COMMON,220.0,1.0,1.3439512354516254,0.3439512354516254,True,False,False
C07,C,A-SINE,1.0,338,COMMON,180.0,1.0,2.9152624855026663,1.9152624855026663,True,True,False
C07,C,A-SINE,1.0,338,COMMON,200.0,0.9385433962683456,1.096005079631548,0.15746168336320232,True,False,False
C07,C,A-SINE,1.0,338,COMMON,220.0,1.0,1.7046398069320685,0.7046398069320685,True,True,False
C07,C,A-SINE,1.0,FOUR,COMMON_LINE_AMPLITUDE_VARIATION,180.0,1.0,4.0492816315287214,3.0492816315287214,True,True,False
C07,C,A-SINE,1.0,FOUR,COMMON_LINE_AMPLITUDE_VARIATION,200.0,1.0,4.783886052155374,3.783886052155374,True,True,False
C07,C,A-SINE,1.0,FOUR,COMMON_LINE_AMPLITUDE_VARIATION,220.0,1.0,1.7317416274709956,0.7317416274709956,True,True,False
C07,C,A-SINE,1.0,FOUR,LINE_SPECIFIC_AMPLITUDE_VARIATION,180.0,1.0,4.0492816315287214,3.0492816315287214,True,True,False
C07,C,A-SINE,1.0,FOUR,LINE_SPECIFIC_AMPLITUDE_VARIATION,200.0,1.0,4.783886052155374,3.783886052155374,True,True,False
C07,C,A-SINE,1.0,FOUR,LINE_SPECIFIC_AMPLITUDE_VARIATION,220.0,1.0,1.7317416274709956,0.7317416274709956,True,True,False
C07,C,A-SINE,2.0,201,COMMON,180.0,1.741690133174533,2.421288329204045,0.6795981960295121,True,True,False
C07,C,A-SINE,2.0,201,COMMON,200.0,2.0,4.534560140186663,2.534560140186663,True,True,False
C07,C,A-SINE,2.0,201,COMMON,220.0,1.8643629365206074,1.6278379589787524,-0.23652497754185497,False,False,False
C07,C,A-SINE,2.0,235,COMMON,180.0,1.4717599157987704,2.3012204733112878,0.8294605575125173,True,True,False
C07,C,A-SINE,2.0,235,COMMON,200.0,2.0,1.903306462413947,-0.09669353758605292,False,False,False
C07,C,A-SINE,2.0,235,COMMON,220.0,1.3443272150564058,1.2312693408175184,-0.11305787423888747,False,False,False
C07,C,A-SINE,2.0,283,COMMON,180.0,2.0,3.792811111296049,1.7928111112960492,True,True,False
C07,C,A-SINE,2.0,283,COMMON,200.0,2.0,3.928505567971867,1.9285055679718668,True,True,False
C07,C,A-SINE,2.0,283,COMMON,220.0,1.868822741271627,1.8292923392916451,-0.03953040197998181,False,False,False
C07,C,A-SINE,2.0,338,COMMON,180.0,2.0,3.511849607911246,1.511849607911246,True,True,False
C07,C,A-SINE,2.0,338,COMMON,200.0,1.800165992002541,1.888232645238645,0.08806665323610408,True,False,False
C07,C,A-SINE,2.0,338,COMMON,220.0,2.0,2.5472706304788413,0.5472706304788413,True,True,False
C07,C,A-SINE,2.0,FOUR,COMMON_LINE_AMPLITUDE_VARIATION,180.0,2.0,4.427954249238639,2.4279542492386392,True,True,False
C07,C,A-SINE,2.0,FOUR,COMMON_LINE_AMPLITUDE_VARIATION,200.0,2.0,5.101983523140715,3.1019835231407153,True,True,False
C07,C,A-SINE,2.0,FOUR,COMMON_LINE_AMPLITUDE_VARIATION,220.0,2.0,2.3555707934531074,0.3555707934531074,True,False,False
C07,C,A-SINE,2.0,FOUR,LINE_SPECIFIC_AMPLITUDE_VARIATION,180.0,2.0,4.427954249238639,2.4279542492386392,True,True,False
C07,C,A-SINE,2.0,FOUR,LINE_SPECIFIC_AMPLITUDE_VARIATION,200.0,2.0,5.101983523140715,3.1019835231407153,True,True,False
C07,C,A-SINE,2.0,FOUR,LINE_SPECIFIC_AMPLITUDE_VARIATION,220.0,2.0,2.3555707934531074,0.3555707934531074,True,False,False
C08,C,A-RAMP,0.0,201,COMMON,180.0,0.0,2.883642720074998,2.883642720074998,True,True,False
C08,C,A-RAMP,0.0,201,COMMON,200.0,0.0,4.7355300158616815,4.7355300158616815,True,True,False
C08,C,A-RAMP,0.0,201,COMMON,220.0,0.0,1.8387313802862562,1.8387313802862562,True,True,False
C08,C,A-RAMP,0.0,235,COMMON,180.0,0.0,1.5389688566128548,1.5389688566128548,True,True,False
C08,C,A-RAMP,0.0,235,COMMON,200.0,0.0,1.402662285612565,1.402662285612565,True,True,False
C08,C,A-RAMP,0.0,235,COMMON,220.0,0.0,1.1807981053251118,1.1807981053251118,True,True,False
C08,C,A-RAMP,0.0,283,COMMON,180.0,0.0,4.595328522317409,4.595328522317409,True,True,False
C08,C,A-RAMP,0.0,283,COMMON,200.0,0.0,3.9294392348790352,3.9294392348790352,True,True,False
C08,C,A-RAMP,0.0,283,COMMON,220.0,0.0,1.7569384330303264,1.7569384330303264,True,True,False
C08,C,A-RAMP,0.0,338,COMMON,180.0,0.0,2.434920983365859,2.434920983365859,True,True,False
C08,C,A-RAMP,0.0,338,COMMON,200.0,0.0,1.032060082147273,1.032060082147273,True,True,False
C08,C,A-RAMP,0.0,338,COMMON,220.0,0.0,1.57931507579533,1.57931507579533,True,True,False
C08,C,A-RAMP,0.0,FOUR,COMMON_LINE_AMPLITUDE_VARIATION,180.0,0.0,4.508923869012625,4.508923869012625,True,True,False
C08,C,A-RAMP,0.0,FOUR,COMMON_LINE_AMPLITUDE_VARIATION,200.0,0.0,4.702789332221676,4.702789332221676,True,True,False
C08,C,A-RAMP,0.0,FOUR,COMMON_LINE_AMPLITUDE_VARIATION,220.0,0.0,2.011340912688641,2.011340912688641,True,True,False
C08,C,A-RAMP,0.0,FOUR,LINE_SPECIFIC_AMPLITUDE_VARIATION,180.0,0.0,4.508923869012625,4.508923869012625,True,True,False
C08,C,A-RAMP,0.0,FOUR,LINE_SPECIFIC_AMPLITUDE_VARIATION,200.0,0.0,4.702789332221676,4.702789332221676,True,True,False
C08,C,A-RAMP,0.0,FOUR,LINE_SPECIFIC_AMPLITUDE_VARIATION,220.0,0.0,2.011340912688641,2.011340912688641,True,True,False
C08,C,A-RAMP,0.25,201,COMMON,180.0,0.25,2.9627717621800174,2.7127717621800174,True,True,False
C08,C,A-RAMP,0.25,201,COMMON,200.0,0.25,4.737026813364558,4.487026813364558,True,True,False
C08,C,A-RAMP,0.25,201,COMMON,220.0,0.25,1.7892133217752713,1.5392133217752713,True,True,False
C08,C,A-RAMP,0.25,235,COMMON,180.0,0.25,1.6051710953235552,1.3551710953235552,True,True,False
C08,C,A-RAMP,0.25,235,COMMON,200.0,0.25,1.3460543780935188,1.0960543780935188,True,True,False
C08,C,A-RAMP,0.25,235,COMMON,220.0,0.25,1.3254787527777887,1.0754787527777887,True,True,False
C08,C,A-RAMP,0.25,283,COMMON,180.0,0.25,4.476240629072571,4.226240629072571,True,True,False
C08,C,A-RAMP,0.25,283,COMMON,200.0,0.25,3.981333152249872,3.731333152249872,True,True,False
C08,C,A-RAMP,0.25,283,COMMON,220.0,0.25,1.889751362035956,1.639751362035956,True,True,False
C08,C,A-RAMP,0.25,338,COMMON,180.0,0.1761953841679262,2.4139555612237102,2.237760177055784,True,True,False
C08,C,A-RAMP,0.25,338,COMMON,200.0,0.25,1.0585248010786719,0.8085248010786719,True,True,False
C08,C,A-RAMP,0.25,338,COMMON,220.0,0.25,1.394822223394209,1.144822223394209,True,True,False
C08,C,A-RAMP,0.25,FOUR,COMMON_LINE_AMPLITUDE_VARIATION,180.0,0.25,4.504003081814911,4.254003081814911,True,True,False
C08,C,A-RAMP,0.25,FOUR,COMMON_LINE_AMPLITUDE_VARIATION,200.0,0.25,4.7037459099166945,4.4537459099166945,True,True,False
C08,C,A-RAMP,0.25,FOUR,COMMON_LINE_AMPLITUDE_VARIATION,220.0,0.25,2.0154882262638467,1.7654882262638467,True,True,False
C08,C,A-RAMP,0.25,FOUR,LINE_SPECIFIC_AMPLITUDE_VARIATION,180.0,0.25,4.504003081814911,4.254003081814911,True,True,False
C08,C,A-RAMP,0.25,FOUR,LINE_SPECIFIC_AMPLITUDE_VARIATION,200.0,0.25,4.7037459099166945,4.4537459099166945,True,True,False
C08,C,A-RAMP,0.25,FOUR,LINE_SPECIFIC_AMPLITUDE_VARIATION,220.0,0.25,2.0154882262638467,1.7654882262638467,True,True,False
C08,C,A-RAMP,0.5,201,COMMON,180.0,0.3503434759561303,3.0603329381786284,2.7099894622224983,True,True,False
C08,C,A-RAMP,0.5,201,COMMON,200.0,0.5,4.751694595609298,4.251694595609298,True,True,False
C08,C,A-RAMP,0.5,201,COMMON,220.0,0.5,1.7738758504435423,1.2738758504435423,True,True,False
C08,C,A-RAMP,0.5,235,COMMON,180.0,0.5,1.7057911211224446,1.2057911211224446,True,True,False
C08,C,A-RAMP,0.5,235,COMMON,200.0,0.5,1.3346397604183666,0.8346397604183666,True,True,False
C08,C,A-RAMP,0.5,235,COMMON,220.0,0.5,1.4981667739578763,0.9981667739578763,True,True,False
C08,C,A-RAMP,0.5,283,COMMON,180.0,0.5,4.368228028697232,3.8682280286972324,True,True,False
C08,C,A-RAMP,0.5,283,COMMON,200.0,0.5,4.048028487770443,3.548028487770443,True,True,False
C08,C,A-RAMP,0.5,283,COMMON,220.0,0.5,2.044624112929915,1.544624112929915,True,True,False
C08,C,A-RAMP,0.5,338,COMMON,180.0,0.18845083872659704,2.4017310537312326,2.2132802150046356,True,True,False
C08,C,A-RAMP,0.5,338,COMMON,200.0,0.5,1.0900787897991258,0.5900787897991258,True,True,False
C08,C,A-RAMP,0.5,338,COMMON,220.0,0.5,1.2336214821063711,0.7336214821063711,True,True,False
C08,C,A-RAMP,0.5,FOUR,COMMON_LINE_AMPLITUDE_VARIATION,180.0,0.5,4.5129472704037505,4.0129472704037505,True,True,False
C08,C,A-RAMP,0.5,FOUR,COMMON_LINE_AMPLITUDE_VARIATION,200.0,0.5,4.717968171454536,4.217968171454536,True,True,False
C08,C,A-RAMP,0.5,FOUR,COMMON_LINE_AMPLITUDE_VARIATION,220.0,0.5,2.0503398043644374,1.5503398043644374,True,True,False
C08,C,A-RAMP,0.5,FOUR,LINE_SPECIFIC_AMPLITUDE_VARIATION,180.0,0.5,4.5129472704037505,4.0129472704037505,True,True,False
C08,C,A-RAMP,0.5,FOUR,LINE_SPECIFIC_AMPLITUDE_VARIATION,200.0,0.5,4.717968171454536,4.217968171454536,True,True,False
C08,C,A-RAMP,0.5,FOUR,LINE_SPECIFIC_AMPLITUDE_VARIATION,220.0,0.5,2.0503398043644374,1.5503398043644374,True,True,False
C08,C,A-RAMP,1.0,201,COMMON,180.0,0.36029466673954025,3.196514764866929,2.836220098127389,True,True,False
C08,C,A-RAMP,1.0,201,COMMON,200.0,1.0,4.819954204010479,3.819954204010479,True,True,False
C08,C,A-RAMP,1.0,201,COMMON,220.0,1.0,1.847251465481676,0.8472514654816761,True,True,False
C08,C,A-RAMP,1.0,235,COMMON,180.0,0.9811196179099916,1.987717675168195,1.0065980572582034,True,True,False
C08,C,A-RAMP,1.0,235,COMMON,200.0,0.7646520364697045,1.4474339683382196,0.6827819318685151,True,True,False
C08,C,A-RAMP,1.0,235,COMMON,220.0,1.0,1.8959755271741585,0.8959755271741585,True,True,False
C08,C,A-RAMP,1.0,283,COMMON,180.0,1.0,4.188769269531124,3.1887692695311243,True,True,False
C08,C,A-RAMP,1.0,283,COMMON,200.0,1.0,4.222863551548332,3.2228635515483317,True,True,False
C08,C,A-RAMP,1.0,283,COMMON,220.0,0.6854179891487792,2.383148313860598,1.6977303247118192,True,True,False
C08,C,A-RAMP,1.0,338,COMMON,180.0,0.6476507770751977,2.3735422289579553,1.7258914518827577,True,True,False
C08,C,A-RAMP,1.0,338,COMMON,200.0,0.5687094874383009,1.3034054606731151,0.7346959732348143,True,True,False
C08,C,A-RAMP,1.0,338,COMMON,220.0,0.3375850008678627,1.0244060784641174,0.6868210775962547,True,True,False
C08,C,A-RAMP,1.0,FOUR,COMMON_LINE_AMPLITUDE_VARIATION,180.0,1.0,4.571978966961413,3.571978966961413,True,True,False
C08,C,A-RAMP,1.0,FOUR,COMMON_LINE_AMPLITUDE_VARIATION,200.0,1.0,4.785626378067777,3.785626378067777,True,True,False
C08,C,A-RAMP,1.0,FOUR,COMMON_LINE_AMPLITUDE_VARIATION,220.0,1.0,2.205061078443684,1.2050610784436842,True,True,False
C08,C,A-RAMP,1.0,FOUR,LINE_SPECIFIC_AMPLITUDE_VARIATION,180.0,1.0,4.571978966961413,3.571978966961413,True,True,False
C08,C,A-RAMP,1.0,FOUR,LINE_SPECIFIC_AMPLITUDE_VARIATION,200.0,1.0,4.785626378067777,3.785626378067777,True,True,False
C08,C,A-RAMP,1.0,FOUR,LINE_SPECIFIC_AMPLITUDE_VARIATION,220.0,1.0,2.205061078443684,1.2050610784436842,True,True,False
C08,C,A-RAMP,2.0,201,COMMON,180.0,1.1970015897992008,3.6313616694842406,2.4343600796850398,True,True,False
C08,C,A-RAMP,2.0,201,COMMON,200.0,2.0,5.102810257729523,3.102810257729523,True,True,False
C08,C,A-RAMP,2.0,201,COMMON,220.0,0.6990443684809501,2.3331829899514953,1.6341386214705453,True,True,False
C08,C,A-RAMP,2.0,235,COMMON,180.0,1.1348946819758399,2.744743698549617,1.609849016573777,True,True,False
C08,C,A-RAMP,2.0,235,COMMON,200.0,1.1671342783805683,1.3668011760365797,0.19966689765601142,True,False,False
C08,C,A-RAMP,2.0,235,COMMON,220.0,1.6850952303397309,2.7919817753250618,1.106886544985331,True,True,False
C08,C,A-RAMP,2.0,283,COMMON,180.0,1.1141794082832792,3.99681520197178,2.8826357936885008,True,True,False
C08,C,A-RAMP,2.0,283,COMMON,200.0,2.0,4.714303813860965,2.7143038138609654,True,True,False
C08,C,A-RAMP,2.0,283,COMMON,220.0,0.5380231305401385,2.9020740337172146,2.364050903177076,True,True,False
C08,C,A-RAMP,2.0,338,COMMON,180.0,0.8469158595216553,2.6200160360246314,1.7731001765029761,True,True,False
C08,C,A-RAMP,2.0,338,COMMON,200.0,1.193050558898193,2.054276964967877,0.8612264060696839,True,True,False
C08,C,A-RAMP,2.0,338,COMMON,220.0,0.5428384290893665,1.1364065101808716,0.593568081091505,True,True,False
C08,C,A-RAMP,2.0,FOUR,COMMON_LINE_AMPLITUDE_VARIATION,180.0,2.0,4.845161389687997,2.8451613896879966,True,True,False
C08,C,A-RAMP,2.0,FOUR,COMMON_LINE_AMPLITUDE_VARIATION,200.0,2.0,5.068353988984809,3.068353988984809,True,True,False
C08,C,A-RAMP,2.0,FOUR,COMMON_LINE_AMPLITUDE_VARIATION,220.0,2.0,2.77111826746519,0.77111826746519,True,True,False
C08,C,A-RAMP,2.0,FOUR,LINE_SPECIFIC_AMPLITUDE_VARIATION,180.0,2.0,4.845161389687997,2.8451613896879966,True,True,False
C08,C,A-RAMP,2.0,FOUR,LINE_SPECIFIC_AMPLITUDE_VARIATION,200.0,2.0,5.068353988984809,3.068353988984809,True,True,False
C08,C,A-RAMP,2.0,FOUR,LINE_SPECIFIC_AMPLITUDE_VARIATION,220.0,2.0,2.77111826746519,0.77111826746519,True,True,False
C08,C,A-SINE,0.0,201,COMMON,180.0,0.0,2.883642720074998,2.883642720074998,True,True,False
C08,C,A-SINE,0.0,201,COMMON,200.0,0.0,4.7355300158616815,4.7355300158616815,True,True,False
C08,C,A-SINE,0.0,201,COMMON,220.0,0.0,1.8387313802862562,1.8387313802862562,True,True,False
C08,C,A-SINE,0.0,235,COMMON,180.0,0.0,1.5389688566128548,1.5389688566128548,True,True,False
C08,C,A-SINE,0.0,235,COMMON,200.0,0.0,1.402662285612565,1.402662285612565,True,True,False
C08,C,A-SINE,0.0,235,COMMON,220.0,0.0,1.1807981053251118,1.1807981053251118,True,True,False
C08,C,A-SINE,0.0,283,COMMON,180.0,0.0,4.595328522317409,4.595328522317409,True,True,False
C08,C,A-SINE,0.0,283,COMMON,200.0,0.0,3.9294392348790352,3.9294392348790352,True,True,False
C08,C,A-SINE,0.0,283,COMMON,220.0,0.0,1.7569384330303264,1.7569384330303264,True,True,False
C08,C,A-SINE,0.0,338,COMMON,180.0,0.0,2.434920983365859,2.434920983365859,True,True,False
C08,C,A-SINE,0.0,338,COMMON,200.0,0.0,1.032060082147273,1.032060082147273,True,True,False
C08,C,A-SINE,0.0,338,COMMON,220.0,0.0,1.57931507579533,1.57931507579533,True,True,False
C08,C,A-SINE,0.0,FOUR,COMMON_LINE_AMPLITUDE_VARIATION,180.0,0.0,4.508923869012625,4.508923869012625,True,True,False
C08,C,A-SINE,0.0,FOUR,COMMON_LINE_AMPLITUDE_VARIATION,200.0,0.0,4.702789332221676,4.702789332221676,True,True,False
C08,C,A-SINE,0.0,FOUR,COMMON_LINE_AMPLITUDE_VARIATION,220.0,0.0,2.011340912688641,2.011340912688641,True,True,False
C08,C,A-SINE,0.0,FOUR,LINE_SPECIFIC_AMPLITUDE_VARIATION,180.0,0.0,4.508923869012625,4.508923869012625,True,True,False
C08,C,A-SINE,0.0,FOUR,LINE_SPECIFIC_AMPLITUDE_VARIATION,200.0,0.0,4.702789332221676,4.702789332221676,True,True,False
C08,C,A-SINE,0.0,FOUR,LINE_SPECIFIC_AMPLITUDE_VARIATION,220.0,0.0,2.011340912688641,2.011340912688641,True,True,False
C08,C,A-SINE,0.25,201,COMMON,180.0,0.25000000000000006,2.854172634619912,2.604172634619912,True,True,False
C08,C,A-SINE,0.25,201,COMMON,200.0,0.25,4.708237564971508,4.458237564971508,True,True,False
C08,C,A-SINE,0.25,201,COMMON,220.0,0.25,1.8970664920120204,1.6470664920120204,True,True,False
C08,C,A-SINE,0.25,235,COMMON,180.0,0.25,1.4431919624533223,1.1931919624533223,True,True,False
C08,C,A-SINE,0.25,235,COMMON,200.0,0.25,1.5545582027352218,1.3045582027352218,True,True,False
C08,C,A-SINE,0.25,235,COMMON,220.0,0.18891612130870758,1.0233037858017537,0.8343876644930461,True,True,False
C08,C,A-SINE,0.25,283,COMMON,180.0,0.25,4.743024091235755,4.493024091235755,True,True,False
C08,C,A-SINE,0.25,283,COMMON,200.0,0.25,3.946603112472294,3.696603112472294,True,True,False
C08,C,A-SINE,0.25,283,COMMON,220.0,0.25,1.6499094904771838,1.3999094904771838,True,True,False
C08,C,A-SINE,0.25,338,COMMON,180.0,0.25000000000000006,2.4813061097617215,2.2313061097617215,True,True,False
C08,C,A-SINE,0.25,338,COMMON,200.0,0.25,1.0430831196023251,0.7930831196023251,True,True,False
C08,C,A-SINE,0.25,338,COMMON,220.0,0.25,1.7396643097733184,1.4896643097733184,True,True,False
C08,C,A-SINE,0.25,FOUR,COMMON_LINE_AMPLITUDE_VARIATION,180.0,0.25000000000000006,4.524271266519833,4.274271266519833,True,True,False
C08,C,A-SINE,0.25,FOUR,COMMON_LINE_AMPLITUDE_VARIATION,200.0,0.25,4.712226950438319,4.462226950438319,True,True,False
C08,C,A-SINE,0.25,FOUR,COMMON_LINE_AMPLITUDE_VARIATION,220.0,0.25,2.0195492094465677,1.7695492094465677,True,True,False
C08,C,A-SINE,0.25,FOUR,LINE_SPECIFIC_AMPLITUDE_VARIATION,180.0,0.25000000000000006,4.524271266519833,4.274271266519833,True,True,False
C08,C,A-SINE,0.25,FOUR,LINE_SPECIFIC_AMPLITUDE_VARIATION,200.0,0.25,4.712226950438319,4.462226950438319,True,True,False
C08,C,A-SINE,0.25,FOUR,LINE_SPECIFIC_AMPLITUDE_VARIATION,220.0,0.25,2.0195492094465677,1.7695492094465677,True,True,False
C08,C,A-SINE,0.5,201,COMMON,180.0,0.4593424287888982,2.846437689355733,2.3870952605668347,True,True,False
C08,C,A-SINE,0.5,201,COMMON,200.0,0.5000000000000001,4.694119449405898,4.194119449405898,True,True,False
C08,C,A-SINE,0.5,201,COMMON,220.0,0.5000000000000001,1.9734388178058644,1.4734388178058642,True,True,False
C08,C,A-SINE,0.5,235,COMMON,180.0,0.5000000000000001,1.3864274014009772,0.8864274014009771,True,True,False
C08,C,A-SINE,0.5,235,COMMON,200.0,0.5,1.7294047889094275,1.2294047889094275,True,True,False
C08,C,A-SINE,0.5,235,COMMON,220.0,0.4314666351745838,0.908304525218844,0.4768378900442602,True,False,False
C08,C,A-SINE,0.5,283,COMMON,180.0,0.5000000000000001,4.8990316218679,4.3990316218679,True,True,False
C08,C,A-SINE,0.5,283,COMMON,200.0,0.5000000000000001,3.979429551348442,3.479429551348442,True,True,False
C08,C,A-SINE,0.5,283,COMMON,220.0,0.5,1.496375228465093,0.9963752284650931,True,True,False
C08,C,A-SINE,0.5,338,COMMON,180.0,0.5,2.551454452943719,2.051454452943719,True,True,False
C08,C,A-SINE,0.5,338,COMMON,200.0,0.5,1.1117089437603718,0.6117089437603718,True,True,False
C08,C,A-SINE,0.5,338,COMMON,220.0,0.5000000000000001,1.9192779144156646,1.4192779144156646,True,True,False
C08,C,A-SINE,0.5,FOUR,COMMON_LINE_AMPLITUDE_VARIATION,180.0,0.5,4.55331379651811,4.05331379651811,True,True,False
C08,C,A-SINE,0.5,FOUR,COMMON_LINE_AMPLITUDE_VARIATION,200.0,0.5000000000000001,4.734864112265151,4.234864112265151,True,True,False
C08,C,A-SINE,0.5,FOUR,COMMON_LINE_AMPLITUDE_VARIATION,220.0,0.5,2.0583162419068017,1.5583162419068017,True,True,False
C08,C,A-SINE,0.5,FOUR,LINE_SPECIFIC_AMPLITUDE_VARIATION,180.0,0.5,4.55331379651811,4.05331379651811,True,True,False
C08,C,A-SINE,0.5,FOUR,LINE_SPECIFIC_AMPLITUDE_VARIATION,200.0,0.5000000000000001,4.734864112265151,4.234864112265151,True,True,False
C08,C,A-SINE,0.5,FOUR,LINE_SPECIFIC_AMPLITUDE_VARIATION,220.0,0.5,2.0583162419068017,1.5583162419068017,True,True,False
C08,C,A-SINE,1.0,201,COMMON,180.0,0.6173643960396067,2.8763219147622414,2.2589575187226347,True,True,False
C08,C,A-SINE,1.0,201,COMMON,200.0,1.0,4.705769892318846,3.7057698923188456,True,True,False
C08,C,A-SINE,1.0,201,COMMON,220.0,1.0000000000000002,2.1967817811835015,1.1967817811835013,True,True,False
C08,C,A-SINE,1.0,235,COMMON,180.0,1.0000000000000002,1.4056801688459057,0.4056801688459055,True,False,False
C08,C,A-SINE,1.0,235,COMMON,200.0,1.0000000000000002,2.1246694708414906,1.1246694708414904,True,True,False
C08,C,A-SINE,1.0,235,COMMON,220.0,0.7499769540168173,0.8693388611621397,0.11936190714532235,True,False,False
C08,C,A-SINE,1.0,283,COMMON,180.0,1.0000000000000002,5.232970230767546,4.232970230767546,True,True,False
C08,C,A-SINE,1.0,283,COMMON,200.0,1.0000000000000002,4.090382183572067,3.090382183572067,True,True,False
C08,C,A-SINE,1.0,283,COMMON,220.0,0.8391833299770982,1.2837499053781918,0.44456657540109357,True,False,False
C08,C,A-SINE,1.0,338,COMMON,180.0,1.0,2.755176846530419,1.7551768465304192,True,True,False
C08,C,A-SINE,1.0,338,COMMON,200.0,0.784232169559377,1.3808133610708462,0.5965811915114692,True,True,False
C08,C,A-SINE,1.0,338,COMMON,220.0,1.0000000000000002,2.3179774194096625,1.3179774194096623,True,True,False
C08,C,A-SINE,1.0,FOUR,COMMON_LINE_AMPLITUDE_VARIATION,180.0,1.0000000000000002,4.6513372918519424,3.6513372918519424,True,True,False
C08,C,A-SINE,1.0,FOUR,COMMON_LINE_AMPLITUDE_VARIATION,200.0,1.0,4.818884603305509,3.8188846033055093,True,True,False
C08,C,A-SINE,1.0,FOUR,COMMON_LINE_AMPLITUDE_VARIATION,220.0,1.0000000000000002,2.2198736982854466,1.2198736982854463,True,True,False
C08,C,A-SINE,1.0,FOUR,LINE_SPECIFIC_AMPLITUDE_VARIATION,180.0,1.0000000000000002,4.6513372918519424,3.6513372918519424,True,True,False
C08,C,A-SINE,1.0,FOUR,LINE_SPECIFIC_AMPLITUDE_VARIATION,200.0,1.0,4.818884603305509,3.8188846033055093,True,True,False
C08,C,A-SINE,1.0,FOUR,LINE_SPECIFIC_AMPLITUDE_VARIATION,220.0,1.0000000000000002,2.2198736982854466,1.2198736982854463,True,True,False
C08,C,A-SINE,2.0,201,COMMON,180.0,1.490444718438318,3.176148332493305,1.6857036140549868,True,True,False
C08,C,A-SINE,2.0,201,COMMON,200.0,2.0,4.885007269982522,2.8850072699825224,True,True,False
C08,C,A-SINE,2.0,201,COMMON,220.0,2.0000000000000004,2.861578069382916,0.8615780693829156,True,True,False
C08,C,A-SINE,2.0,235,COMMON,180.0,1.3819348363315502,1.892999823705494,0.5110649873739437,True,True,False
C08,C,A-SINE,2.0,235,COMMON,200.0,2.0000000000000004,3.010146048478687,1.0101460484786866,True,True,False
C08,C,A-SINE,2.0,235,COMMON,220.0,1.3391962568157187,1.4550656155356014,0.11586935871988269,True,False,False
C08,C,A-SINE,2.0,283,COMMON,180.0,2.0000000000000004,5.970838353545906,3.9708383535459055,True,True,False
C08,C,A-SINE,2.0,283,COMMON,200.0,1.83826627799428,4.4745904968791095,2.6363242188848295,True,True,False
C08,C,A-SINE,2.0,283,COMMON,220.0,1.1567265856178195,1.4020569924035298,0.24533040678571028,True,False,False
C08,C,A-SINE,2.0,338,COMMON,180.0,2.0,3.3545728067936236,1.3545728067936236,True,True,False
C08,C,A-SINE,2.0,338,COMMON,200.0,1.2560789833697044,2.179023419576233,0.9229444362065284,True,True,False
C08,C,A-SINE,2.0,338,COMMON,220.0,2.0000000000000004,3.201843613475172,1.2018436134751718,True,True,False
C08,C,A-SINE,2.0,FOUR,COMMON_LINE_AMPLITUDE_VARIATION,180.0,2.0000000000000004,4.9939446080822085,2.993944608082208,True,True,False
C08,C,A-SINE,2.0,FOUR,COMMON_LINE_AMPLITUDE_VARIATION,200.0,2.0,5.130991145645429,3.130991145645429,True,True,False
C08,C,A-SINE,2.0,FOUR,COMMON_LINE_AMPLITUDE_VARIATION,220.0,2.0000000000000004,2.7316787046091147,0.7316787046091142,True,True,False
C08,C,A-SINE,2.0,FOUR,LINE_SPECIFIC_AMPLITUDE_VARIATION,180.0,2.0000000000000004,4.9939446080822085,2.993944608082208,True,True,False
C08,C,A-SINE,2.0,FOUR,LINE_SPECIFIC_AMPLITUDE_VARIATION,200.0,2.0,5.130991145645429,3.130991145645429,True,True,False
C08,C,A-SINE,2.0,FOUR,LINE_SPECIFIC_AMPLITUDE_VARIATION,220.0,2.0000000000000004,2.7316787046091147,0.7316787046091142,True,True,False
C09,C,A-RAMP,0.0,201,COMMON,180.0,0.0,1.6723409333965913,1.6723409333965913,True,True,False
C09,C,A-RAMP,0.0,201,COMMON,200.0,0.0,3.757868074564376,3.757868074564376,True,True,False
C09,C,A-RAMP,0.0,201,COMMON,220.0,0.0,1.4138991615895249,1.4138991615895249,True,True,False
C09,C,A-RAMP,0.0,235,COMMON,180.0,0.0,1.2037303265756347,1.2037303265756347,True,True,False
C09,C,A-RAMP,0.0,235,COMMON,200.0,0.0,0.8055543305829149,0.8055543305829149,True,True,False
C09,C,A-RAMP,0.0,235,COMMON,220.0,0.0,0.5382130298487402,0.5382130298487402,True,True,False
C09,C,A-RAMP,0.0,283,COMMON,180.0,0.0,2.1346739429585795,2.1346739429585795,True,True,False
C09,C,A-RAMP,0.0,283,COMMON,200.0,0.0,4.12788941415131,4.12788941415131,True,True,False
C09,C,A-RAMP,0.0,283,COMMON,220.0,0.0,1.0201286698656684,1.0201286698656684,True,True,False
C09,C,A-RAMP,0.0,338,COMMON,180.0,0.0,2.6156943565925976,2.6156943565925976,True,True,False
C09,C,A-RAMP,0.0,338,COMMON,200.0,0.0,0.9232191308051282,0.9232191308051282,True,True,False
C09,C,A-RAMP,0.0,338,COMMON,220.0,0.0,1.1879786054871633,1.1879786054871633,True,True,False
C09,C,A-RAMP,0.0,FOUR,COMMON_LINE_AMPLITUDE_VARIATION,180.0,0.0,3.840047379131903,3.840047379131903,True,True,False
C09,C,A-RAMP,0.0,FOUR,COMMON_LINE_AMPLITUDE_VARIATION,200.0,0.0,4.650253334727409,4.650253334727409,True,True,False
C09,C,A-RAMP,0.0,FOUR,COMMON_LINE_AMPLITUDE_VARIATION,220.0,0.0,1.5715294286201695,1.5715294286201695,True,True,False
C09,C,A-RAMP,0.0,FOUR,LINE_SPECIFIC_AMPLITUDE_VARIATION,180.0,0.0,3.840047379131903,3.840047379131903,True,True,False
C09,C,A-RAMP,0.0,FOUR,LINE_SPECIFIC_AMPLITUDE_VARIATION,200.0,0.0,4.650253334727409,4.650253334727409,True,True,False
C09,C,A-RAMP,0.0,FOUR,LINE_SPECIFIC_AMPLITUDE_VARIATION,220.0,0.0,1.5715294286201695,1.5715294286201695,True,True,False
C09,C,A-RAMP,0.25,201,COMMON,180.0,0.25,1.6162463675486374,1.3662463675486374,True,True,False
C09,C,A-RAMP,0.25,201,COMMON,200.0,0.25,3.7280127703944914,3.4780127703944914,True,True,False
C09,C,A-RAMP,0.25,201,COMMON,220.0,0.25,1.2821270229607196,1.0321270229607196,True,True,False
C09,C,A-RAMP,0.25,235,COMMON,180.0,0.25,1.2013771555307435,0.9513771555307435,True,True,False
C09,C,A-RAMP,0.25,235,COMMON,200.0,0.25,0.7249447788903857,0.47494477889038567,True,False,False
C09,C,A-RAMP,0.25,235,COMMON,220.0,0.25,0.5732952886120228,0.32329528861202284,True,False,False
C09,C,A-RAMP,0.25,283,COMMON,180.0,0.25,1.995083218031259,1.745083218031259,True,True,False
C09,C,A-RAMP,0.25,283,COMMON,200.0,0.25,4.150090752815283,3.9000907528152826,True,True,False
C09,C,A-RAMP,0.25,283,COMMON,220.0,0.25,1.144890954016936,0.8948909540169361,True,True,False
C09,C,A-RAMP,0.25,338,COMMON,180.0,0.25,2.5657574207462424,2.3157574207462424,True,True,False
C09,C,A-RAMP,0.25,338,COMMON,200.0,0.25,1.0608705374504654,0.8108705374504654,True,True,False
C09,C,A-RAMP,0.25,338,COMMON,220.0,0.25,1.1572394239176313,0.9072394239176313,True,True,False
C09,C,A-RAMP,0.25,FOUR,COMMON_LINE_AMPLITUDE_VARIATION,180.0,0.25,3.8326647558517615,3.5826647558517615,True,True,False
C09,C,A-RAMP,0.25,FOUR,COMMON_LINE_AMPLITUDE_VARIATION,200.0,0.25,4.646153833472614,4.396153833472614,True,True,False
C09,C,A-RAMP,0.25,FOUR,COMMON_LINE_AMPLITUDE_VARIATION,220.0,0.25,1.616883638538759,1.366883638538759,True,True,False
C09,C,A-RAMP,0.25,FOUR,LINE_SPECIFIC_AMPLITUDE_VARIATION,180.0,0.25,3.8326647558517615,3.5826647558517615,True,True,False
C09,C,A-RAMP,0.25,FOUR,LINE_SPECIFIC_AMPLITUDE_VARIATION,200.0,0.25,4.646153833472614,4.396153833472614,True,True,False
C09,C,A-RAMP,0.25,FOUR,LINE_SPECIFIC_AMPLITUDE_VARIATION,220.0,0.25,1.616883638538759,1.366883638538759,True,True,False
C09,C,A-RAMP,0.5,201,COMMON,180.0,0.47174671236098864,1.597742295776934,1.1259955834159454,True,True,False
C09,C,A-RAMP,0.5,201,COMMON,200.0,0.5,3.714779396763507,3.214779396763507,True,True,False
C09,C,A-RAMP,0.5,201,COMMON,220.0,0.35699135021794415,1.1889443077237363,0.8319529575057921,True,True,False
C09,C,A-RAMP,0.5,235,COMMON,180.0,0.5,1.2500589748265467,0.7500589748265467,True,True,False
C09,C,A-RAMP,0.5,235,COMMON,200.0,0.5,0.7260661714747303,0.2260661714747303,True,False,False
C09,C,A-RAMP,0.5,235,COMMON,220.0,0.49684883363749416,0.7018986468077313,0.20504981317023713,True,False,False
C09,C,A-RAMP,0.5,283,COMMON,180.0,0.5,1.8785316742055753,1.3785316742055753,True,True,False
C09,C,A-RAMP,0.5,283,COMMON,200.0,0.5,4.187127356284185,3.6871273562841846,True,True,False
C09,C,A-RAMP,0.5,283,COMMON,220.0,0.5,1.3060965087227372,0.8060965087227372,True,True,False
C09,C,A-RAMP,0.5,338,COMMON,180.0,0.5,2.5395600636957685,2.0395600636957685,True,True,False
C09,C,A-RAMP,0.5,338,COMMON,200.0,0.10984880214489184,1.0769923118181581,0.9671435096732663,True,True,False
C09,C,A-RAMP,0.5,338,COMMON,220.0,0.5,1.071455914693313,0.5714559146933129,True,True,False
C09,C,A-RAMP,0.5,FOUR,COMMON_LINE_AMPLITUDE_VARIATION,180.0,0.5,3.841571864161686,3.341571864161686,True,True,False
C09,C,A-RAMP,0.5,FOUR,COMMON_LINE_AMPLITUDE_VARIATION,200.0,0.5,4.655495119903052,4.155495119903052,True,True,False
C09,C,A-RAMP,0.5,FOUR,COMMON_LINE_AMPLITUDE_VARIATION,220.0,0.5,1.698211016372652,1.198211016372652,True,True,False
C09,C,A-RAMP,0.5,FOUR,LINE_SPECIFIC_AMPLITUDE_VARIATION,180.0,0.5,3.841571864161686,3.341571864161686,True,True,False
C09,C,A-RAMP,0.5,FOUR,LINE_SPECIFIC_AMPLITUDE_VARIATION,200.0,0.5,4.655495119903052,4.155495119903052,True,True,False
C09,C,A-RAMP,0.5,FOUR,LINE_SPECIFIC_AMPLITUDE_VARIATION,220.0,0.5,1.698211016372652,1.198211016372652,True,True,False
C09,C,A-RAMP,1.0,201,COMMON,180.0,0.7846071998917666,1.6759584391969011,0.8913512393051345,True,True,False
C09,C,A-RAMP,1.0,201,COMMON,200.0,1.0,3.738662791347613,2.738662791347613,True,True,False
C09,C,A-RAMP,1.0,201,COMMON,220.0,0.6589098690351143,1.1524175868988578,0.4935077178637435,True,False,False
C09,C,A-RAMP,1.0,235,COMMON,180.0,1.0,1.4752383475123296,0.47523834751232963,True,False,False
C09,C,A-RAMP,1.0,235,COMMON,200.0,0.3697022334731545,0.8829471287603248,0.5132448952871702,True,True,False
C09,C,A-RAMP,1.0,235,COMMON,220.0,0.8106087362914682,1.0934578891215188,0.2828491528300505,True,False,False
C09,C,A-RAMP,1.0,283,COMMON,180.0,1.0,1.7323191562875693,0.7323191562875693,True,True,False
C09,C,A-RAMP,1.0,283,COMMON,200.0,1.0,4.304021373091023,3.3040213730910226,True,True,False
C09,C,A-RAMP,1.0,283,COMMON,220.0,0.6291454117966127,1.6944360941367922,1.0652906823401795,True,True,False
C09,C,A-RAMP,1.0,338,COMMON,180.0,0.8808267118563022,2.5606393082834895,1.6798125964271873,True,True,False
C09,C,A-RAMP,1.0,338,COMMON,200.0,0.4620698786267354,1.214492385259124,0.7524225066323886,True,True,False
C09,C,A-RAMP,1.0,338,COMMON,220.0,0.36749660656499245,0.883806132958179,0.5163095263931865,True,True,False
C09,C,A-RAMP,1.0,FOUR,COMMON_LINE_AMPLITUDE_VARIATION,180.0,1.0,3.9076060319663215,2.9076060319663215,True,True,False
C09,C,A-RAMP,1.0,FOUR,COMMON_LINE_AMPLITUDE_VARIATION,200.0,1.0,4.714065500790044,3.714065500790044,True,True,False
C09,C,A-RAMP,1.0,FOUR,COMMON_LINE_AMPLITUDE_VARIATION,220.0,1.0,1.9488808499340422,0.9488808499340422,True,True,False
C09,C,A-RAMP,1.0,FOUR,LINE_SPECIFIC_AMPLITUDE_VARIATION,180.0,1.0,3.9076060319663215,2.9076060319663215,True,True,False
C09,C,A-RAMP,1.0,FOUR,LINE_SPECIFIC_AMPLITUDE_VARIATION,200.0,1.0,4.714065500790044,3.714065500790044,True,True,False
C09,C,A-RAMP,1.0,FOUR,LINE_SPECIFIC_AMPLITUDE_VARIATION,220.0,1.0,1.9488808499340422,0.9488808499340422,True,True,False
C09,C,A-RAMP,2.0,201,COMMON,180.0,1.7034481069639877,2.195665999717818,0.4922178927538301,True,False,False
C09,C,A-RAMP,2.0,201,COMMON,200.0,2.0,3.9791489629045147,1.9791489629045147,True,True,False
C09,C,A-RAMP,2.0,201,COMMON,220.0,1.3425959519185107,1.6300373462114333,0.2874413942929226,True,False,False
C09,C,A-RAMP,2.0,235,COMMON,180.0,2.0,2.2144276156207803,0.21442761562078028,True,False,False
C09,C,A-RAMP,2.0,235,COMMON,200.0,0.7295259050524169,0.9920045712232094,0.2624786661707925,True,False,False
C09,C,A-RAMP,2.0,235,COMMON,220.0,1.7255555751937626,2.0252474034214227,0.29969182822766016,True,False,False
C09,C,A-RAMP,2.0,283,COMMON,180.0,1.3553412445021638,1.8560782515118874,0.5007370070097237,True,True,False
C09,C,A-RAMP,2.0,283,COMMON,200.0,2.0,4.691452754167541,2.691452754167541,True,True,False
C09,C,A-RAMP,2.0,283,COMMON,220.0,1.4669183776503756,2.5887380808311216,1.121819703180746,True,True,False
C09,C,A-RAMP,2.0,338,COMMON,180.0,1.8227086940015067,2.876089422661043,1.0533807286595362,True,True,False
C09,C,A-RAMP,2.0,338,COMMON,200.0,1.454782526543759,1.89872335587003,0.443940829326271,True,False,False
C09,C,A-RAMP,2.0,338,COMMON,220.0,0.6639573231621,1.2439068645605682,0.5799495413984682,True,True,False
C09,C,A-RAMP,2.0,FOUR,COMMON_LINE_AMPLITUDE_VARIATION,180.0,2.0,4.218151956501966,2.2181519565019663,True,True,False
C09,C,A-RAMP,2.0,FOUR,COMMON_LINE_AMPLITUDE_VARIATION,200.0,2.0,4.981964573773521,2.9819645737735208,True,True,False
C09,C,A-RAMP,2.0,FOUR,COMMON_LINE_AMPLITUDE_VARIATION,220.0,2.0,2.6272774773942,0.6272774773942,True,True,False
C09,C,A-RAMP,2.0,FOUR,LINE_SPECIFIC_AMPLITUDE_VARIATION,180.0,2.0,4.218151956501966,2.2181519565019663,True,True,False
C09,C,A-RAMP,2.0,FOUR,LINE_SPECIFIC_AMPLITUDE_VARIATION,200.0,2.0,4.981964573773521,2.9819645737735208,True,True,False
C09,C,A-RAMP,2.0,FOUR,LINE_SPECIFIC_AMPLITUDE_VARIATION,220.0,2.0,2.6272774773942,0.6272774773942,True,True,False
C09,C,A-SINE,0.0,201,COMMON,180.0,0.0,1.6723409333965913,1.6723409333965913,True,True,False
C09,C,A-SINE,0.0,201,COMMON,200.0,0.0,3.757868074564376,3.757868074564376,True,True,False
C09,C,A-SINE,0.0,201,COMMON,220.0,0.0,1.4138991615895249,1.4138991615895249,True,True,False
C09,C,A-SINE,0.0,235,COMMON,180.0,0.0,1.2037303265756347,1.2037303265756347,True,True,False
C09,C,A-SINE,0.0,235,COMMON,200.0,0.0,0.8055543305829149,0.8055543305829149,True,True,False
C09,C,A-SINE,0.0,235,COMMON,220.0,0.0,0.5382130298487402,0.5382130298487402,True,True,False
C09,C,A-SINE,0.0,283,COMMON,180.0,0.0,2.1346739429585795,2.1346739429585795,True,True,False
C09,C,A-SINE,0.0,283,COMMON,200.0,0.0,4.12788941415131,4.12788941415131,True,True,False
C09,C,A-SINE,0.0,283,COMMON,220.0,0.0,1.0201286698656684,1.0201286698656684,True,True,False
C09,C,A-SINE,0.0,338,COMMON,180.0,0.0,2.6156943565925976,2.6156943565925976,True,True,False
C09,C,A-SINE,0.0,338,COMMON,200.0,0.0,0.9232191308051282,0.9232191308051282,True,True,False
C09,C,A-SINE,0.0,338,COMMON,220.0,0.0,1.1879786054871633,1.1879786054871633,True,True,False
C09,C,A-SINE,0.0,FOUR,COMMON_LINE_AMPLITUDE_VARIATION,180.0,0.0,3.840047379131903,3.840047379131903,True,True,False
C09,C,A-SINE,0.0,FOUR,COMMON_LINE_AMPLITUDE_VARIATION,200.0,0.0,4.650253334727409,4.650253334727409,True,True,False
C09,C,A-SINE,0.0,FOUR,COMMON_LINE_AMPLITUDE_VARIATION,220.0,0.0,1.5715294286201695,1.5715294286201695,True,True,False
C09,C,A-SINE,0.0,FOUR,LINE_SPECIFIC_AMPLITUDE_VARIATION,180.0,0.0,3.840047379131903,3.840047379131903,True,True,False
C09,C,A-SINE,0.0,FOUR,LINE_SPECIFIC_AMPLITUDE_VARIATION,200.0,0.0,4.650253334727409,4.650253334727409,True,True,False
C09,C,A-SINE,0.0,FOUR,LINE_SPECIFIC_AMPLITUDE_VARIATION,220.0,0.0,1.5715294286201695,1.5715294286201695,True,True,False
C09,C,A-SINE,0.25,201,COMMON,180.0,0.25,1.7885279362857869,1.5385279362857869,True,True,False
C09,C,A-SINE,0.25,201,COMMON,200.0,0.25000000000000006,3.814971090441363,3.564971090441363,True,True,False
C09,C,A-SINE,0.25,201,COMMON,220.0,0.25,1.5918357920963448,1.3418357920963448,True,True,False
C09,C,A-SINE,0.25,235,COMMON,180.0,0.25,1.2465373374297675,0.9965373374297675,True,True,False
C09,C,A-SINE,0.25,235,COMMON,200.0,0.25,0.8804247044004503,0.6304247044004503,True,True,False
C09,C,A-SINE,0.25,235,COMMON,220.0,0.23439926703395478,0.6118363095265787,0.377437042492624,True,False,False
C09,C,A-SINE,0.25,283,COMMON,180.0,0.25,2.255985991812924,2.005985991812924,True,True,False
C09,C,A-SINE,0.25,283,COMMON,200.0,0.25,4.053428085471249,3.803428085471249,True,True,False
C09,C,A-SINE,0.25,283,COMMON,220.0,0.25,1.0221303645174682,0.7721303645174682,True,True,False
C09,C,A-SINE,0.25,338,COMMON,180.0,0.25000000000000006,2.662190573293981,2.412190573293981,True,True,False
C09,C,A-SINE,0.25,338,COMMON,200.0,0.25,0.8610836136729592,0.6110836136729592,True,True,False
C09,C,A-SINE,0.25,338,COMMON,220.0,0.25,1.252471882148987,1.002471882148987,True,True,False
C09,C,A-SINE,0.25,FOUR,COMMON_LINE_AMPLITUDE_VARIATION,180.0,0.25,3.8524274998756485,3.6024274998756485,True,True,False
C09,C,A-SINE,0.25,FOUR,COMMON_LINE_AMPLITUDE_VARIATION,200.0,0.25,4.658936226965815,4.408936226965815,True,True,False
C09,C,A-SINE,0.25,FOUR,COMMON_LINE_AMPLITUDE_VARIATION,220.0,0.25,1.5517087979164184,1.3017087979164184,True,True,False
C09,C,A-SINE,0.25,FOUR,LINE_SPECIFIC_AMPLITUDE_VARIATION,180.0,0.25,3.8524274998756485,3.6024274998756485,True,True,False
C09,C,A-SINE,0.25,FOUR,LINE_SPECIFIC_AMPLITUDE_VARIATION,200.0,0.25,4.658936226965815,4.408936226965815,True,True,False
C09,C,A-SINE,0.25,FOUR,LINE_SPECIFIC_AMPLITUDE_VARIATION,220.0,0.25,1.5517087979164184,1.3017087979164184,True,True,False
C09,C,A-SINE,0.5,201,COMMON,180.0,0.5,1.9302694527540993,1.4302694527540993,True,True,False
C09,C,A-SINE,0.5,201,COMMON,200.0,0.5,3.887343099853234,3.387343099853234,True,True,False
C09,C,A-SINE,0.5,201,COMMON,220.0,0.5,1.7871126262366437,1.2871126262366437,True,True,False
C09,C,A-SINE,0.5,235,COMMON,180.0,0.5,1.3355687807429102,0.8355687807429102,True,True,False
C09,C,A-SINE,0.5,235,COMMON,200.0,0.5,0.9722357685527767,0.4722357685527767,True,False,False
C09,C,A-SINE,0.5,235,COMMON,220.0,0.46737229852651885,0.7642081351380957,0.29683583661157686,True,False,False
C09,C,A-SINE,0.5,283,COMMON,180.0,0.5,2.3973136523546428,1.8973136523546428,True,True,False
C09,C,A-SINE,0.5,283,COMMON,200.0,0.5,3.9932552476284027,3.4932552476284027,True,True,False
C09,C,A-SINE,0.5,283,COMMON,220.0,0.5,1.0834382589955587,0.5834382589955587,True,True,False
C09,C,A-SINE,0.5,338,COMMON,180.0,0.5,2.730871716130274,2.230871716130274,True,True,False
C09,C,A-SINE,0.5,338,COMMON,200.0,0.4789227617353452,0.8692504909331875,0.3903277291978423,True,False,False
C09,C,A-SINE,0.5,338,COMMON,220.0,0.5,1.3605434443825848,0.8605434443825848,True,True,False
C09,C,A-SINE,0.5,FOUR,COMMON_LINE_AMPLITUDE_VARIATION,180.0,0.5,3.880906003708217,3.380906003708217,True,True,False
C09,C,A-SINE,0.5,FOUR,COMMON_LINE_AMPLITUDE_VARIATION,200.0,0.5,4.680973985905661,4.180973985905661,True,True,False
C09,C,A-SINE,0.5,FOUR,COMMON_LINE_AMPLITUDE_VARIATION,220.0,0.5,1.5719082804168936,1.0719082804168936,True,True,False
C09,C,A-SINE,0.5,FOUR,LINE_SPECIFIC_AMPLITUDE_VARIATION,180.0,0.5,3.880906003708217,3.380906003708217,True,True,False
C09,C,A-SINE,0.5,FOUR,LINE_SPECIFIC_AMPLITUDE_VARIATION,200.0,0.5,4.680973985905661,4.180973985905661,True,True,False
C09,C,A-SINE,0.5,FOUR,LINE_SPECIFIC_AMPLITUDE_VARIATION,220.0,0.5,1.5719082804168936,1.0719082804168936,True,True,False
C09,C,A-SINE,1.0,201,COMMON,180.0,0.9893976081852003,2.270496888999727,1.2810992808145265,True,True,False
C09,C,A-SINE,1.0,201,COMMON,200.0,1.0,4.0744693257064695,3.0744693257064695,True,True,False
C09,C,A-SINE,1.0,201,COMMON,220.0,0.9286266884873785,1.6726361886070218,0.7440095001196433,True,True,False
C09,C,A-SINE,1.0,235,COMMON,180.0,1.0,1.6181845497570182,0.6181845497570182,True,True,False
C09,C,A-SINE,1.0,235,COMMON,200.0,1.0,1.1063393166392774,0.10633931663927743,True,False,False
C09,C,A-SINE,1.0,235,COMMON,220.0,0.914242602079638,0.6637642581600792,-0.2504783439195588,False,False,False
C09,C,A-SINE,1.0,283,COMMON,180.0,1.0,2.7271583475818906,1.7271583475818906,True,True,False
C09,C,A-SINE,1.0,283,COMMON,200.0,1.0,3.918252662853827,2.918252662853827,True,True,False
C09,C,A-SINE,1.0,283,COMMON,220.0,1.0,1.3433516941977965,0.34335169419779654,True,False,False
C09,C,A-SINE,1.0,338,COMMON,180.0,1.0,2.928047761360844,1.928047761360844,True,True,False
C09,C,A-SINE,1.0,338,COMMON,200.0,0.945787231187899,1.0765032598606468,0.13071602867274779,True,False,False
C09,C,A-SINE,1.0,338,COMMON,220.0,1.0,1.6705878489351078,0.6705878489351078,True,True,False
C09,C,A-SINE,1.0,FOUR,COMMON_LINE_AMPLITUDE_VARIATION,180.0,1.0,3.9845826563467304,2.9845826563467304,True,True,False
C09,C,A-SINE,1.0,FOUR,COMMON_LINE_AMPLITUDE_VARIATION,200.0,1.0,4.764260576029367,3.7642605760293666,True,True,False
C09,C,A-SINE,1.0,FOUR,COMMON_LINE_AMPLITUDE_VARIATION,220.0,1.0,1.7239740540585735,0.7239740540585735,True,True,False
C09,C,A-SINE,1.0,FOUR,LINE_SPECIFIC_AMPLITUDE_VARIATION,180.0,1.0,3.9845826563467304,2.9845826563467304,True,True,False
C09,C,A-SINE,1.0,FOUR,LINE_SPECIFIC_AMPLITUDE_VARIATION,200.0,1.0,4.764260576029367,3.7642605760293666,True,True,False
C09,C,A-SINE,1.0,FOUR,LINE_SPECIFIC_AMPLITUDE_VARIATION,220.0,1.0,1.7239740540585735,0.7239740540585735,True,True,False
C09,C,A-SINE,2.0,201,COMMON,180.0,1.8011329657594484,2.4123938313579805,0.6112608655985321,True,True,False
C09,C,A-SINE,2.0,201,COMMON,200.0,2.0,4.542692714498176,2.542692714498176,True,True,False
C09,C,A-SINE,2.0,201,COMMON,220.0,1.8873836003240252,1.633296618538607,-0.2540869817854181,False,False,False
C09,C,A-SINE,2.0,235,COMMON,180.0,1.436441737697116,2.4058420095731066,0.9694002718759906,True,True,False
C09,C,A-SINE,2.0,235,COMMON,200.0,2.0,1.811484272997912,-0.18851572700208807,False,False,False
C09,C,A-SINE,2.0,235,COMMON,220.0,1.3177526776634447,1.2633824032467602,-0.054370274416684516,False,False,False
C09,C,A-SINE,2.0,283,COMMON,180.0,2.0,3.5096940696910965,1.5096940696910965,True,True,False
C09,C,A-SINE,2.0,283,COMMON,200.0,2.0,3.9580218347628855,1.9580218347628855,True,True,False
C09,C,A-SINE,2.0,283,COMMON,220.0,1.9804816797410243,1.8422437292181213,-0.138237950522903,False,False,False
C09,C,A-SINE,2.0,338,COMMON,180.0,2.0,3.5078583806234445,1.5078583806234445,True,True,False
C09,C,A-SINE,2.0,338,COMMON,200.0,1.889555818506945,1.8615544508546134,-0.028001367652331632,False,False,False
C09,C,A-SINE,2.0,338,COMMON,220.0,2.0,2.4840359004901753,0.4840359004901753,True,False,False
C09,C,A-SINE,2.0,FOUR,COMMON_LINE_AMPLITUDE_VARIATION,180.0,2.0,4.3597974742573244,2.3597974742573244,True,True,False
C09,C,A-SINE,2.0,FOUR,COMMON_LINE_AMPLITUDE_VARIATION,200.0,2.0,5.07656395561722,3.07656395561722,True,True,False
C09,C,A-SINE,2.0,FOUR,COMMON_LINE_AMPLITUDE_VARIATION,220.0,2.0,2.3397581783413157,0.3397581783413157,True,False,False
C09,C,A-SINE,2.0,FOUR,LINE_SPECIFIC_AMPLITUDE_VARIATION,180.0,2.0,4.3597974742573244,2.3597974742573244,True,True,False
C09,C,A-SINE,2.0,FOUR,LINE_SPECIFIC_AMPLITUDE_VARIATION,200.0,2.0,5.07656395561722,3.07656395561722,True,True,False
C09,C,A-SINE,2.0,FOUR,LINE_SPECIFIC_AMPLITUDE_VARIATION,220.0,2.0,2.3397581783413157,0.3397581783413157,True,False,False
C10,C,A-RAMP,0.0,201,COMMON,180.0,0.0,3.666092854735263,3.666092854735263,True,True,False
C10,C,A-RAMP,0.0,201,COMMON,200.0,0.0,5.588426356011512,5.588426356011512,True,True,False
C10,C,A-RAMP,0.0,201,COMMON,220.0,0.0,3.1691697164805968,3.1691697164805968,True,True,False
C10,C,A-RAMP,0.0,235,COMMON,180.0,0.0,1.715695910104397,1.715695910104397,True,True,False
C10,C,A-RAMP,0.0,235,COMMON,200.0,0.0,5.038856534521022,5.038856534521022,True,True,False
C10,C,A-RAMP,0.0,235,COMMON,220.0,0.0,3.4819796278917634,3.4819796278917634,True,True,False
C10,C,A-RAMP,0.0,283,COMMON,180.0,0.0,2.1660584487914623,2.1660584487914623,True,True,False
C10,C,A-RAMP,0.0,283,COMMON,200.0,0.0,2.992607489081259,2.992607489081259,True,True,False
C10,C,A-RAMP,0.0,283,COMMON,220.0,0.0,2.2613073686180183,2.2613073686180183,True,True,False
C10,C,A-RAMP,0.0,338,COMMON,180.0,0.0,4.784970419933182,4.784970419933182,True,True,False
C10,C,A-RAMP,0.0,338,COMMON,200.0,0.0,1.4209285887720224,1.4209285887720224,True,True,False
C10,C,A-RAMP,0.0,338,COMMON,220.0,0.0,3.203550088956105,3.203550088956105,True,True,False
C10,C,A-RAMP,0.0,FOUR,COMMON_LINE_AMPLITUDE_VARIATION,180.0,0.0,5.369485742067119,5.369485742067119,True,True,False
C10,C,A-RAMP,0.0,FOUR,COMMON_LINE_AMPLITUDE_VARIATION,200.0,0.0,6.969211892624536,6.969211892624536,True,True,False
C10,C,A-RAMP,0.0,FOUR,COMMON_LINE_AMPLITUDE_VARIATION,220.0,0.0,6.118719757129989,6.118719757129989,True,True,False
C10,C,A-RAMP,0.0,FOUR,LINE_SPECIFIC_AMPLITUDE_VARIATION,180.0,0.0,5.369485742067119,5.369485742067119,True,True,False
C10,C,A-RAMP,0.0,FOUR,LINE_SPECIFIC_AMPLITUDE_VARIATION,200.0,0.0,6.969211892624536,6.969211892624536,True,True,False
C10,C,A-RAMP,0.0,FOUR,LINE_SPECIFIC_AMPLITUDE_VARIATION,220.0,0.0,6.118719757129989,6.118719757129989,True,True,False
C10,C,A-RAMP,0.25,201,COMMON,180.0,0.25,3.7737658146442383,3.5237658146442383,True,True,False
C10,C,A-RAMP,0.25,201,COMMON,200.0,0.25,5.659150557910749,5.409150557910749,True,True,False
C10,C,A-RAMP,0.25,201,COMMON,220.0,0.18036849949711203,3.2894098173178494,3.1090413178207372,True,True,False
C10,C,A-RAMP,0.25,235,COMMON,180.0,0.25,1.6889121416983448,1.4389121416983448,True,True,False
C10,C,A-RAMP,0.25,235,COMMON,200.0,0.25,5.066950203244572,4.816950203244572,True,True,False
C10,C,A-RAMP,0.25,235,COMMON,220.0,0.2058946561538251,3.5362325635578395,3.3303379074040143,True,True,False
C10,C,A-RAMP,0.25,283,COMMON,180.0,0.24156826283512137,2.1795401890705057,1.9379719262353843,True,True,False
C10,C,A-RAMP,0.25,283,COMMON,200.0,0.1781645228896271,2.89000506268723,2.711840539797603,True,True,False
C10,C,A-RAMP,0.25,283,COMMON,220.0,0.19123007400110062,2.2620890486397327,2.070858974638632,True,True,False
C10,C,A-RAMP,0.25,338,COMMON,180.0,0.25,4.7783347860667265,4.5283347860667265,True,True,False
C10,C,A-RAMP,0.25,338,COMMON,200.0,0.25,1.4039466702205692,1.1539466702205692,True,True,False
C10,C,A-RAMP,0.25,338,COMMON,220.0,0.25,3.1883003220014228,2.9383003220014228,True,True,False
C10,C,A-RAMP,0.25,FOUR,COMMON_LINE_AMPLITUDE_VARIATION,180.0,0.25,5.3325629964815775,5.0825629964815775,True,True,False
C10,C,A-RAMP,0.25,FOUR,COMMON_LINE_AMPLITUDE_VARIATION,200.0,0.25,6.957715392086971,6.707715392086971,True,True,False
C10,C,A-RAMP,0.25,FOUR,COMMON_LINE_AMPLITUDE_VARIATION,220.0,0.25,6.114235211158132,5.864235211158132,True,True,False
C10,C,A-RAMP,0.25,FOUR,LINE_SPECIFIC_AMPLITUDE_VARIATION,180.0,0.25,5.3325629964815775,5.0825629964815775,True,True,False
C10,C,A-RAMP,0.25,FOUR,LINE_SPECIFIC_AMPLITUDE_VARIATION,200.0,0.25,6.957715392086971,6.707715392086971,True,True,False
C10,C,A-RAMP,0.25,FOUR,LINE_SPECIFIC_AMPLITUDE_VARIATION,220.0,0.25,6.114235211158132,5.864235211158132,True,True,False
C10,C,A-RAMP,0.5,201,COMMON,180.0,0.5,3.894532067914455,3.394532067914455,True,True,False
C10,C,A-RAMP,0.5,201,COMMON,200.0,0.5,5.739900777682396,5.239900777682396,True,True,False
C10,C,A-RAMP,0.5,201,COMMON,220.0,0.4122486153474899,3.423711027624322,3.011462412276832,True,True,False
C10,C,A-RAMP,0.5,235,COMMON,180.0,0.5,1.6988925771817431,1.1988925771817431,True,True,False
C10,C,A-RAMP,0.5,235,COMMON,200.0,0.5,5.1071414263592905,4.6071414263592905,True,True,False
C10,C,A-RAMP,0.5,235,COMMON,220.0,0.45335501614273066,3.607034704307741,3.1536796881650107,True,True,False
C10,C,A-RAMP,0.5,283,COMMON,180.0,0.22457138272767255,2.1744206486815556,1.949849265953883,True,True,False
C10,C,A-RAMP,0.5,283,COMMON,200.0,0.34109159561215274,2.8059862688563535,2.464894673244201,True,True,False
C10,C,A-RAMP,0.5,283,COMMON,220.0,0.43756628766601807,2.2903237134923695,1.8527574258263515,True,True,False
C10,C,A-RAMP,0.5,338,COMMON,180.0,0.5,4.784770081815339,4.284770081815339,True,True,False
C10,C,A-RAMP,0.5,338,COMMON,200.0,0.45671883346599246,1.4311165051305907,0.9743976716645983,True,True,False
C10,C,A-RAMP,0.5,338,COMMON,220.0,0.5,3.1926140878750253,2.6926140878750253,True,True,False
C10,C,A-RAMP,0.5,FOUR,COMMON_LINE_AMPLITUDE_VARIATION,180.0,0.5,5.307172419342249,4.807172419342249,True,True,False
C10,C,A-RAMP,0.5,FOUR,COMMON_LINE_AMPLITUDE_VARIATION,200.0,0.5,6.955191769481893,6.455191769481893,True,True,False
C10,C,A-RAMP,0.5,FOUR,COMMON_LINE_AMPLITUDE_VARIATION,220.0,0.5,6.112457715143255,5.612457715143255,True,True,False
C10,C,A-RAMP,0.5,FOUR,LINE_SPECIFIC_AMPLITUDE_VARIATION,180.0,0.5,5.307172419342249,4.807172419342249,True,True,False
C10,C,A-RAMP,0.5,FOUR,LINE_SPECIFIC_AMPLITUDE_VARIATION,200.0,0.5,6.955191769481893,6.455191769481893,True,True,False
C10,C,A-RAMP,0.5,FOUR,LINE_SPECIFIC_AMPLITUDE_VARIATION,220.0,0.5,6.112457715143255,5.612457715143255,True,True,False
C10,C,A-RAMP,1.0,201,COMMON,180.0,1.0,4.170674194478289,3.1706741944782886,True,True,False
C10,C,A-RAMP,1.0,201,COMMON,200.0,1.0,5.929790277801895,4.929790277801895,True,True,False
C10,C,A-RAMP,1.0,201,COMMON,220.0,0.905417677840503,3.653060733039668,2.7476430551991653,True,True,False
C10,C,A-RAMP,1.0,235,COMMON,180.0,1.0,1.8245162431881763,0.8245162431881763,True,True,False
C10,C,A-RAMP,1.0,235,COMMON,200.0,0.9262081102096308,5.222615429283033,4.296407319073403,True,True,False
C10,C,A-RAMP,1.0,235,COMMON,220.0,0.9522641929212305,3.7943664276276214,2.842102234706391,True,True,False
C10,C,A-RAMP,1.0,283,COMMON,180.0,0.6399894269457111,2.249116404433341,1.6091269774876298,True,True,False
C10,C,A-RAMP,1.0,283,COMMON,200.0,0.8127393403538161,2.700262635062664,1.887523294708848,True,True,False
C10,C,A-RAMP,1.0,283,COMMON,220.0,0.9360848710990519,2.4243874298067145,1.4883025587076626,True,True,False
C10,C,A-RAMP,1.0,338,COMMON,180.0,1.0,4.836538798772818,3.8365387987728177,True,True,False
C10,C,A-RAMP,1.0,338,COMMON,200.0,0.9297421321085215,1.6053506931897286,0.675608561081207,True,True,False
C10,C,A-RAMP,1.0,338,COMMON,220.0,1.0,3.2592692824842646,2.2592692824842646,True,True,False
C10,C,A-RAMP,1.0,FOUR,COMMON_LINE_AMPLITUDE_VARIATION,180.0,1.0,5.291576423240247,4.291576423240247,True,True,False
C10,C,A-RAMP,1.0,FOUR,COMMON_LINE_AMPLITUDE_VARIATION,200.0,1.0,6.977067485429539,5.977067485429539,True,True,False
C10,C,A-RAMP,1.0,FOUR,COMMON_LINE_AMPLITUDE_VARIATION,220.0,1.0,6.139517368939604,5.139517368939604,True,True,False
C10,C,A-RAMP,1.0,FOUR,LINE_SPECIFIC_AMPLITUDE_VARIATION,180.0,1.0,5.291576423240247,4.291576423240247,True,True,False
C10,C,A-RAMP,1.0,FOUR,LINE_SPECIFIC_AMPLITUDE_VARIATION,200.0,1.0,6.977067485429539,5.977067485429539,True,True,False
C10,C,A-RAMP,1.0,FOUR,LINE_SPECIFIC_AMPLITUDE_VARIATION,220.0,1.0,6.139517368939604,5.139517368939604,True,True,False
C10,C,A-RAMP,2.0,201,COMMON,180.0,2.0,4.692790208189304,2.6927902081893036,True,True,False
C10,C,A-RAMP,2.0,201,COMMON,200.0,2.0,6.410484875644247,4.410484875644247,True,True,False
C10,C,A-RAMP,2.0,201,COMMON,220.0,1.9024840793884243,4.21801158313704,2.3155275037486156,True,True,False
C10,C,A-RAMP,2.0,235,COMMON,180.0,2.0,2.390419751291818,0.39041975129181816,True,False,False
C10,C,A-RAMP,2.0,235,COMMON,200.0,1.8711074217263175,5.58223509616759,3.711127674441273,True,True,False
C10,C,A-RAMP,2.0,235,COMMON,220.0,1.9517581146331167,4.320908590234459,2.369150475601342,True,True,False
C10,C,A-RAMP,2.0,283,COMMON,180.0,1.6210782793950642,2.610991747724806,0.9899134683297417,True,True,False
C10,C,A-RAMP,2.0,283,COMMON,200.0,1.8024840506594724,2.7617271793075227,0.9592431286480503,True,True,False
C10,C,A-RAMP,2.0,283,COMMON,220.0,1.9354162718903507,2.9396934881452297,1.004277216254879,True,True,False
C10,C,A-RAMP,2.0,338,COMMON,180.0,2.0,5.088052002921559,3.0880520029215592,True,True,False
C10,C,A-RAMP,2.0,338,COMMON,200.0,1.917309863055011,2.1695152433073597,0.25220538025234873,True,False,False
C10,C,A-RAMP,2.0,338,COMMON,220.0,2.0,3.603184610735386,1.603184610735386,True,True,False
C10,C,A-RAMP,2.0,FOUR,COMMON_LINE_AMPLITUDE_VARIATION,180.0,2.0,5.400942968752958,3.4009429687529584,True,True,False
C10,C,A-RAMP,2.0,FOUR,COMMON_LINE_AMPLITUDE_VARIATION,200.0,2.0,7.126642055567045,5.126642055567045,True,True,False
C10,C,A-RAMP,2.0,FOUR,COMMON_LINE_AMPLITUDE_VARIATION,220.0,2.0,6.313219616939095,4.313219616939095,True,True,False
C10,C,A-RAMP,2.0,FOUR,LINE_SPECIFIC_AMPLITUDE_VARIATION,180.0,2.0,5.400942968752958,3.4009429687529584,True,True,False
C10,C,A-RAMP,2.0,FOUR,LINE_SPECIFIC_AMPLITUDE_VARIATION,200.0,2.0,7.126642055567045,5.126642055567045,True,True,False
C10,C,A-RAMP,2.0,FOUR,LINE_SPECIFIC_AMPLITUDE_VARIATION,220.0,2.0,6.313219616939095,4.313219616939095,True,True,False
C10,C,A-SINE,0.0,201,COMMON,180.0,0.0,3.666092854735263,3.666092854735263,True,True,False
C10,C,A-SINE,0.0,201,COMMON,200.0,0.0,5.588426356011512,5.588426356011512,True,True,False
C10,C,A-SINE,0.0,201,COMMON,220.0,0.0,3.1691697164805968,3.1691697164805968,True,True,False
C10,C,A-SINE,0.0,235,COMMON,180.0,0.0,1.715695910104397,1.715695910104397,True,True,False
C10,C,A-SINE,0.0,235,COMMON,200.0,0.0,5.038856534521022,5.038856534521022,True,True,False
C10,C,A-SINE,0.0,235,COMMON,220.0,0.0,3.4819796278917634,3.4819796278917634,True,True,False
C10,C,A-SINE,0.0,283,COMMON,180.0,0.0,2.1660584487914623,2.1660584487914623,True,True,False
C10,C,A-SINE,0.0,283,COMMON,200.0,0.0,2.992607489081259,2.992607489081259,True,True,False
C10,C,A-SINE,0.0,283,COMMON,220.0,0.0,2.2613073686180183,2.2613073686180183,True,True,False
C10,C,A-SINE,0.0,338,COMMON,180.0,0.0,4.784970419933182,4.784970419933182,True,True,False
C10,C,A-SINE,0.0,338,COMMON,200.0,0.0,1.4209285887720224,1.4209285887720224,True,True,False
C10,C,A-SINE,0.0,338,COMMON,220.0,0.0,3.203550088956105,3.203550088956105,True,True,False
C10,C,A-SINE,0.0,FOUR,COMMON_LINE_AMPLITUDE_VARIATION,180.0,0.0,5.369485742067119,5.369485742067119,True,True,False
C10,C,A-SINE,0.0,FOUR,COMMON_LINE_AMPLITUDE_VARIATION,200.0,0.0,6.969211892624536,6.969211892624536,True,True,False
C10,C,A-SINE,0.0,FOUR,COMMON_LINE_AMPLITUDE_VARIATION,220.0,0.0,6.118719757129989,6.118719757129989,True,True,False
C10,C,A-SINE,0.0,FOUR,LINE_SPECIFIC_AMPLITUDE_VARIATION,180.0,0.0,5.369485742067119,5.369485742067119,True,True,False
C10,C,A-SINE,0.0,FOUR,LINE_SPECIFIC_AMPLITUDE_VARIATION,200.0,0.0,6.969211892624536,6.969211892624536,True,True,False
C10,C,A-SINE,0.0,FOUR,LINE_SPECIFIC_AMPLITUDE_VARIATION,220.0,0.0,6.118719757129989,6.118719757129989,True,True,False
C10,C,A-SINE,0.25,201,COMMON,180.0,0.25,3.5339773814174946,3.2839773814174946,True,True,False
C10,C,A-SINE,0.25,201,COMMON,200.0,0.25000000000000006,5.5030548061269595,5.2530548061269595,True,True,False
C10,C,A-SINE,0.25,201,COMMON,220.0,0.25,3.0185108557615052,2.7685108557615052,True,True,False
C10,C,A-SINE,0.25,235,COMMON,180.0,0.25,1.7128475921408528,1.4628475921408528,True,True,False
C10,C,A-SINE,0.25,235,COMMON,200.0,0.25,4.9952016221054825,4.7452016221054825,True,True,False
C10,C,A-SINE,0.25,235,COMMON,220.0,0.20652292792200605,3.4074866635361936,3.2009637356141876,True,True,False
C10,C,A-SINE,0.25,283,COMMON,180.0,0.25,2.177026888954132,1.9270268889541322,True,True,False
C10,C,A-SINE,0.25,283,COMMON,200.0,0.25,3.0927223222766105,2.8427223222766105,True,True,False
C10,C,A-SINE,0.25,283,COMMON,220.0,0.25,2.1995886680107732,1.9495886680107732,True,True,False
C10,C,A-SINE,0.25,338,COMMON,180.0,0.25000000000000006,4.826182318271403,4.576182318271403,True,True,False
C10,C,A-SINE,0.25,338,COMMON,200.0,0.24718366417461457,1.550196777228149,1.3030131130535345,True,True,False
C10,C,A-SINE,0.25,338,COMMON,220.0,0.25000000000000006,3.268827339616059,3.018827339616059,True,True,False
C10,C,A-SINE,0.25,FOUR,COMMON_LINE_AMPLITUDE_VARIATION,180.0,0.25,5.41466397487482,5.16466397487482,True,True,False
C10,C,A-SINE,0.25,FOUR,COMMON_LINE_AMPLITUDE_VARIATION,200.0,0.25,6.980139338794636,6.730139338794636,True,True,False
C10,C,A-SINE,0.25,FOUR,COMMON_LINE_AMPLITUDE_VARIATION,220.0,0.25,6.083500658972481,5.833500658972481,True,True,False
C10,C,A-SINE,0.25,FOUR,LINE_SPECIFIC_AMPLITUDE_VARIATION,180.0,0.25,5.41466397487482,5.16466397487482,True,True,False
C10,C,A-SINE,0.25,FOUR,LINE_SPECIFIC_AMPLITUDE_VARIATION,200.0,0.25,6.980139338794636,6.730139338794636,True,True,False
C10,C,A-SINE,0.25,FOUR,LINE_SPECIFIC_AMPLITUDE_VARIATION,220.0,0.25,6.083500658972481,5.833500658972481,True,True,False
C10,C,A-SINE,0.5,201,COMMON,180.0,0.5,3.415077663128608,2.915077663128608,True,True,False
C10,C,A-SINE,0.5,201,COMMON,200.0,0.5,5.4278647055642395,4.9278647055642395,True,True,False
C10,C,A-SINE,0.5,201,COMMON,220.0,0.5,2.881697222270654,2.381697222270654,True,True,False
C10,C,A-SINE,0.5,235,COMMON,180.0,0.5,1.5886340759930047,1.0886340759930047,True,True,False
C10,C,A-SINE,0.5,235,COMMON,200.0,0.5,4.96376906347236,4.46376906347236,True,True,False
C10,C,A-SINE,0.5,235,COMMON,220.0,0.4161970457726327,3.3500371035707612,2.9338400577981285,True,True,False
C10,C,A-SINE,0.5,283,COMMON,180.0,0.5,2.1693792744295175,1.6693792744295175,True,True,False
C10,C,A-SINE,0.5,283,COMMON,200.0,0.5,3.209230926828237,2.709230926828237,True,True,False
C10,C,A-SINE,0.5,283,COMMON,220.0,0.5,2.1651488635926794,1.6651488635926794,True,True,False
C10,C,A-SINE,0.5,338,COMMON,180.0,0.5,4.879869836251327,4.379869836251327,True,True,False
C10,C,A-SINE,0.5,338,COMMON,200.0,0.4924655857121687,1.7021279310430293,1.2096623453308606,True,True,False
C10,C,A-SINE,0.5,338,COMMON,220.0,0.5,3.351526693910126,2.851526693910126,True,True,False
C10,C,A-SINE,0.5,FOUR,COMMON_LINE_AMPLITUDE_VARIATION,180.0,0.5,5.4709043847751815,4.9709043847751815,True,True,False
C10,C,A-SINE,0.5,FOUR,COMMON_LINE_AMPLITUDE_VARIATION,200.0,0.5,6.98395903045212,6.48395903045212,True,True,False
C10,C,A-SINE,0.5,FOUR,COMMON_LINE_AMPLITUDE_VARIATION,220.0,0.5,6.058401527560249,5.558401527560249,True,True,False
C10,C,A-SINE,0.5,FOUR,LINE_SPECIFIC_AMPLITUDE_VARIATION,180.0,0.5,5.4709043847751815,4.9709043847751815,True,True,False
C10,C,A-SINE,0.5,FOUR,LINE_SPECIFIC_AMPLITUDE_VARIATION,200.0,0.5,6.98395903045212,6.48395903045212,True,True,False
C10,C,A-SINE,0.5,FOUR,LINE_SPECIFIC_AMPLITUDE_VARIATION,220.0,0.5,6.058401527560249,5.558401527560249,True,True,False
C10,C,A-SINE,1.0,201,COMMON,180.0,0.9756151203858421,3.2226191321437536,2.2470040117579115,True,True,False
C10,C,A-SINE,1.0,201,COMMON,200.0,1.0,5.309700687162679,4.309700687162679,True,True,False
C10,C,A-SINE,1.0,201,COMMON,220.0,1.0,2.657954301681483,1.657954301681483,True,True,False
C10,C,A-SINE,1.0,235,COMMON,180.0,1.0,1.441728453771031,0.4417284537710311,True,False,False
C10,C,A-SINE,1.0,235,COMMON,200.0,1.0,4.938413860288072,3.9384138602880716,True,True,False
C10,C,A-SINE,1.0,235,COMMON,220.0,0.8996424307549331,3.2895767298466057,2.3899342990916725,True,True,False
C10,C,A-SINE,1.0,283,COMMON,180.0,1.0,2.239358648924822,1.239358648924822,True,True,False
C10,C,A-SINE,1.0,283,COMMON,200.0,1.0,3.484627196661991,2.484627196661991,True,True,False
C10,C,A-SINE,1.0,283,COMMON,220.0,1.0,2.182253007253557,1.182253007253557,True,True,False
C10,C,A-SINE,1.0,338,COMMON,180.0,1.0,5.022978928671271,4.022978928671271,True,True,False
C10,C,A-SINE,1.0,338,COMMON,200.0,0.9901351077822214,1.8961339356523812,0.9059988278701598,True,True,False
C10,C,A-SINE,1.0,338,COMMON,220.0,1.0,3.564088829916226,2.564088829916226,True,True,False
C10,C,A-SINE,1.0,FOUR,COMMON_LINE_AMPLITUDE_VARIATION,180.0,1.0,5.615176973207747,4.615176973207747,True,True,False
C10,C,A-SINE,1.0,FOUR,COMMON_LINE_AMPLITUDE_VARIATION,200.0,1.0,7.018358842288151,6.018358842288151,True,True,False
C10,C,A-SINE,1.0,FOUR,COMMON_LINE_AMPLITUDE_VARIATION,220.0,1.0,6.039017028622773,5.039017028622773,True,True,False
C10,C,A-SINE,1.0,FOUR,LINE_SPECIFIC_AMPLITUDE_VARIATION,180.0,1.0,5.615176973207747,4.615176973207747,True,True,False
C10,C,A-SINE,1.0,FOUR,LINE_SPECIFIC_AMPLITUDE_VARIATION,200.0,1.0,7.018358842288151,6.018358842288151,True,True,False
C10,C,A-SINE,1.0,FOUR,LINE_SPECIFIC_AMPLITUDE_VARIATION,220.0,1.0,6.039017028622773,5.039017028622773,True,True,False
C10,C,A-SINE,2.0,201,COMMON,180.0,1.9577501360759415,3.054555830587644,1.0968056945117026,True,True,False
C10,C,A-SINE,2.0,201,COMMON,200.0,2.0,5.211077972737268,3.211077972737268,True,True,False
C10,C,A-SINE,2.0,201,COMMON,220.0,2.0,2.466942530298688,0.46694253029868804,True,False,False
C10,C,A-SINE,2.0,235,COMMON,180.0,2.0,1.6395811503023356,-0.36041884969766436,False,False,False
C10,C,A-SINE,2.0,235,COMMON,200.0,2.0,5.038431078767027,3.038431078767027,True,True,False
C10,C,A-SINE,2.0,235,COMMON,220.0,1.892519365244171,3.393883909924338,1.501364544680167,True,True,False
C10,C,A-SINE,2.0,283,COMMON,180.0,2.0,2.670537137523936,0.6705371375239362,True,True,False
C10,C,A-SINE,2.0,283,COMMON,200.0,2.0,3.9886236699405844,1.9886236699405844,True,True,False
C10,C,A-SINE,2.0,283,COMMON,220.0,2.0,2.3663520736460786,0.3663520736460786,True,False,False
C10,C,A-SINE,2.0,338,COMMON,180.0,2.0,5.409488647326383,3.4094886473263832,True,True,False
C10,C,A-SINE,2.0,338,COMMON,200.0,1.9564870336279807,2.5478407953646003,0.5913537617366196,True,True,False
C10,C,A-SINE,2.0,338,COMMON,220.0,2.0,4.012521941677267,2.0125219416772673,True,True,False
C10,C,A-SINE,2.0,FOUR,COMMON_LINE_AMPLITUDE_VARIATION,180.0,2.0,6.01905704796216,4.01905704796216,True,True,False
C10,C,A-SINE,2.0,FOUR,COMMON_LINE_AMPLITUDE_VARIATION,200.0,2.0,7.191711551453202,5.191711551453202,True,True,False
C10,C,A-SINE,2.0,FOUR,COMMON_LINE_AMPLITUDE_VARIATION,220.0,2.0,6.123783297741583,4.123783297741583,True,True,False
C10,C,A-SINE,2.0,FOUR,LINE_SPECIFIC_AMPLITUDE_VARIATION,180.0,2.0,6.01905704796216,4.01905704796216,True,True,False
C10,C,A-SINE,2.0,FOUR,LINE_SPECIFIC_AMPLITUDE_VARIATION,200.0,2.0,7.191711551453202,5.191711551453202,True,True,False
C10,C,A-SINE,2.0,FOUR,LINE_SPECIFIC_AMPLITUDE_VARIATION,220.0,2.0,6.123783297741583,4.123783297741583,True,True,False
