pair_id,mechanism,D_f,config,branch,z_true,J_true_star,J_alt_star,delta_J,delta_J_gt_0,static_blind
A01,A,0.0,201,F_TRACKED,180.0,0.0,6.298414224949022,6.298414224949022,True,False
A01,A,0.0,201,F_TRACKED,200.0,0.0,8.6308085936723,8.6308085936723,True,False
A01,A,0.0,201,F_TRACKED,220.0,0.0,5.637243778250966,5.637243778250966,True,False
A01,A,0.0,201,F_NOMINAL,180.0,0.0,6.298414224949022,6.298414224949022,True,False
A01,A,0.0,201,F_NOMINAL,200.0,0.0,8.6308085936723,8.6308085936723,True,False
A01,A,0.0,201,F_NOMINAL,220.0,0.0,5.637243778250966,5.637243778250966,True,False
A01,A,0.0,235,F_TRACKED,180.0,0.0,2.687144924444203,2.687144924444203,True,False
A01,A,0.0,235,F_TRACKED,200.0,0.0,6.037110401977917,6.037110401977917,True,False
A01,A,0.0,235,F_TRACKED,220.0,0.0,4.18947184887821,4.18947184887821,True,False
A01,A,0.0,235,F_NOMINAL,180.0,0.0,2.687144924444203,2.687144924444203,True,False
A01,A,0.0,235,F_NOMINAL,200.0,0.0,6.037110401977917,6.037110401977917,True,False
A01,A,0.0,235,F_NOMINAL,220.0,0.0,4.18947184887821,4.18947184887821,True,False
A01,A,0.0,283,F_TRACKED,180.0,0.0,2.593174851837706,2.593174851837706,True,False
A01,A,0.0,283,F_TRACKED,200.0,0.0,2.6044859376457525,2.6044859376457525,True,False
A01,A,0.0,283,F_TRACKED,220.0,0.0,2.984933432280757,2.984933432280757,True,False
A01,A,0.0,283,F_NOMINAL,180.0,0.0,2.593174851837706,2.593174851837706,True,False
A01,A,0.0,283,F_NOMINAL,200.0,0.0,2.6044859376457525,2.6044859376457525,True,False
A01,A,0.0,283,F_NOMINAL,220.0,0.0,2.984933432280757,2.984933432280757,True,False
A01,A,0.0,338,F_TRACKED,180.0,0.0,9.637531622565769,9.637531622565769,True,False
A01,A,0.0,338,F_TRACKED,200.0,0.0,6.169350061978404,6.169350061978404,True,False
A01,A,0.0,338,F_TRACKED,220.0,0.0,8.268091894234416,8.268091894234416,True,False
A01,A,0.0,338,F_NOMINAL,180.0,0.0,9.637531622565769,9.637531622565769,True,False
A01,A,0.0,338,F_NOMINAL,200.0,0.0,6.169350061978404,6.169350061978404,True,False
A01,A,0.0,338,F_NOMINAL,220.0,0.0,8.268091894234416,8.268091894234416,True,False
A01,A,0.0,FOUR,F_TRACKED,180.0,0.0,7.6304280371236,7.6304280371236,True,False
A01,A,0.0,FOUR,F_TRACKED,200.0,0.0,7.528861879221905,7.528861879221905,True,False
A01,A,0.0,FOUR,F_TRACKED,220.0,0.0,7.225468066021642,7.225468066021642,True,False
A01,A,0.0,FOUR,F_NOMINAL,180.0,0.0,7.6304280371236,7.6304280371236,True,False
A01,A,0.0,FOUR,F_NOMINAL,200.0,0.0,7.528861879221905,7.528861879221905,True,False
A01,A,0.0,FOUR,F_NOMINAL,220.0,0.0,7.225468066021642,7.225468066021642,True,False
A01,A,0.0025,201,F_TRACKED,180.0,0.0,6.631639171753077,6.631639171753077,True,False
A01,A,0.0025,201,F_TRACKED,200.0,0.0,7.2745340036674735,7.2745340036674735,True,False
A01,A,0.0025,201,F_TRACKED,220.0,0.0,7.656793368850369,7.656793368850369,True,False
A01,A,0.0025,201,F_NOMINAL,180.0,3.508565670765845,6.325925656982914,2.817359986217069,True,False
A01,A,0.0025,201,F_NOMINAL,200.0,3.6637290322109735,6.614171518176755,2.950442485965781,True,False
A01,A,0.0025,201,F_NOMINAL,220.0,9.122466767264326,8.09611674725734,-1.0263500200069853,False,False
A01,A,0.0025,235,F_TRACKED,180.0,0.0,4.152392070280024,4.152392070280024,True,False
A01,A,0.0025,235,F_TRACKED,200.0,0.0,5.617818378461018,5.617818378461018,True,False
A01,A,0.0025,235,F_TRACKED,220.0,0.0,5.532651346851316,5.532651346851316,True,False
A01,A,0.0025,235,F_NOMINAL,180.0,2.474462906138824,4.143900957770715,1.6694380516318907,True,False
A01,A,0.0025,235,F_NOMINAL,200.0,3.4031828063515834,5.668089560740512,2.2649067543889285,True,False
A01,A,0.0025,235,F_NOMINAL,220.0,3.126694667168794,4.741661860266988,1.614967193098194,True,False
A01,A,0.0025,283,F_TRACKED,180.0,0.0,5.7845840243819975,5.7845840243819975,True,False
A01,A,0.0025,283,F_TRACKED,200.0,0.0,2.91579036487658,2.91579036487658,True,False
A01,A,0.0025,283,F_TRACKED,220.0,0.0,4.285630770004258,4.285630770004258,True,False
A01,A,0.0025,283,F_NOMINAL,180.0,5.790779585636653,5.786720452010418,-0.004059133626234335,False,False
A01,A,0.0025,283,F_NOMINAL,200.0,3.1670594102041862,3.1348622230035215,-0.03219718720066478,False,False
A01,A,0.0025,283,F_NOMINAL,220.0,1.2726774167898234,3.9335142952796107,2.6608368784897873,True,False
A01,A,0.0025,338,F_TRACKED,180.0,0.0,6.4313283531955525,6.4313283531955525,True,False
A01,A,0.0025,338,F_TRACKED,200.0,0.0,5.905727853425369,5.905727853425369,True,False
A01,A,0.0025,338,F_TRACKED,220.0,0.0,5.84288824912509,5.84288824912509,True,False
A01,A,0.0025,338,F_NOMINAL,180.0,3.3423548563584604,7.003228254168022,3.6608733978095613,True,False
A01,A,0.0025,338,F_NOMINAL,200.0,5.709336422485295,6.041457558183839,0.33212113569854385,True,False
A01,A,0.0025,338,F_NOMINAL,220.0,3.4875499730141737,5.944035392541469,2.4564854195272954,True,False
A01,A,0.0025,FOUR,F_TRACKED,180.0,0.0,6.97186324978771,6.97186324978771,True,False
A01,A,0.0025,FOUR,F_TRACKED,200.0,0.0,7.231989335162369,7.231989335162369,True,False
A01,A,0.0025,FOUR,F_TRACKED,220.0,0.0,7.0544681000824845,7.0544681000824845,True,False
A01,A,0.0025,FOUR,F_NOMINAL,180.0,4.133430527812001,6.9408081373318256,2.8073776095198246,True,False
A01,A,0.0025,FOUR,F_NOMINAL,200.0,4.379599460750165,6.698887530120129,2.3192880693699642,True,False
A01,A,0.0025,FOUR,F_NOMINAL,220.0,5.219588172391356,7.038134652082608,1.8185464796912516,True,False
A01,A,0.005,201,F_TRACKED,180.0,0.0,6.810899361972997,6.810899361972997,True,False
A01,A,0.005,201,F_TRACKED,200.0,0.0,7.805720659373022,7.805720659373022,True,False
A01,A,0.005,201,F_TRACKED,220.0,0.0,9.438280162194891,9.438280162194891,True,False
A01,A,0.005,201,F_NOMINAL,180.0,2.6839737149073035,5.935174292601636,3.2512005776943327,True,False
A01,A,0.005,201,F_NOMINAL,200.0,4.1626988889722805,6.3450270195863725,2.182328130614092,True,False
A01,A,0.005,201,F_NOMINAL,220.0,11.374049423168133,10.967603449917613,-0.4064459732505199,False,False
A01,A,0.005,235,F_TRACKED,180.0,0.0,4.025952762704794,4.025952762704794,True,False
A01,A,0.005,235,F_TRACKED,200.0,0.0,5.371010625961541,5.371010625961541,True,False
A01,A,0.005,235,F_TRACKED,220.0,0.0,4.1645426524690725,4.1645426524690725,True,False
A01,A,0.005,235,F_NOMINAL,180.0,3.1172404281706947,3.033397199524768,-0.08384322864592653,False,False
A01,A,0.005,235,F_NOMINAL,200.0,2.217636901015861,4.871787803111987,2.654150902096126,True,False
A01,A,0.005,235,F_NOMINAL,220.0,0.7596713710095278,4.150665917688367,3.390994546678839,True,False
A01,A,0.005,283,F_TRACKED,180.0,0.0,4.342845977748597,4.342845977748597,True,False
A01,A,0.005,283,F_TRACKED,200.0,0.0,4.47890798568759,4.47890798568759,True,False
A01,A,0.005,283,F_TRACKED,220.0,0.0,4.259238407513453,4.259238407513453,True,False
A01,A,0.005,283,F_NOMINAL,180.0,2.8695013080504927,4.3522178985733415,1.4827165905228488,True,False
A01,A,0.005,283,F_NOMINAL,200.0,3.5981279162108817,4.411282300558017,0.8131543843471349,True,False
A01,A,0.005,283,F_NOMINAL,220.0,0.5552220530013257,3.239600856705314,2.6843788037039884,True,False
A01,A,0.005,338,F_TRACKED,180.0,0.0,5.982626508738203,5.982626508738203,True,False
A01,A,0.005,338,F_TRACKED,200.0,0.0,6.156456838138986,6.156456838138986,True,False
A01,A,0.005,338,F_TRACKED,220.0,0.0,6.104247178537532,6.104247178537532,True,False
A01,A,0.005,338,F_NOMINAL,180.0,3.9930057323748946,6.040493095831596,2.047487363456701,True,False
A01,A,0.005,338,F_NOMINAL,200.0,7.33985643973649,6.062818176146341,-1.277038263590149,False,False
A01,A,0.005,338,F_NOMINAL,220.0,3.4541759187992196,6.64147462185215,3.1872987030529303,True,False
A01,A,0.005,FOUR,F_TRACKED,180.0,0.0,6.684101898223444,6.684101898223444,True,False
A01,A,0.005,FOUR,F_TRACKED,200.0,0.0,7.517018393848689,7.517018393848689,True,False
A01,A,0.005,FOUR,F_TRACKED,220.0,0.0,7.451975794458858,7.451975794458858,True,False
A01,A,0.005,FOUR,F_NOMINAL,180.0,3.484240338049112,6.547093452508899,3.062853114459787,True,False
A01,A,0.005,FOUR,F_NOMINAL,200.0,4.743634533028231,6.30748075955886,1.5638462265306297,True,False
A01,A,0.005,FOUR,F_NOMINAL,220.0,5.974431956996656,8.235130438407332,2.2606984814106754,True,False
A01,A,0.01,201,F_TRACKED,180.0,0.0,7.240716260195922,7.240716260195922,True,False
A01,A,0.01,201,F_TRACKED,200.0,0.0,7.911922498716112,7.911922498716112,True,False
A01,A,0.01,201,F_TRACKED,220.0,0.0,6.623259841168102,6.623259841168102,True,False
A01,A,0.01,201,F_NOMINAL,180.0,1.0152852242720667,7.008544593452542,5.993259369180475,True,False
A01,A,0.01,201,F_NOMINAL,200.0,1.2288046037789773,7.4232859037101235,6.194481299931146,True,False
A01,A,0.01,201,F_NOMINAL,220.0,2.352720192849407,6.605925113385386,4.253204920535978,True,False
A01,A,0.01,235,F_TRACKED,180.0,0.0,4.739906727162238,4.739906727162238,True,False
A01,A,0.01,235,F_TRACKED,200.0,0.0,6.665709420038155,6.665709420038155,True,False
A01,A,0.01,235,F_TRACKED,220.0,0.0,5.833508722673264,5.833508722673264,True,False
A01,A,0.01,235,F_NOMINAL,180.0,4.029559441920841,4.656230738942924,0.6266712970220825,True,False
A01,A,0.01,235,F_NOMINAL,200.0,1.6912739690096967,5.1389518654759545,3.4476778964662578,True,False
A01,A,0.01,235,F_NOMINAL,220.0,0.7042890389655115,4.113279666259273,3.4089906272937616,True,False
A01,A,0.01,283,F_TRACKED,180.0,0.0,3.7448093819872255,3.7448093819872255,True,False
A01,A,0.01,283,F_TRACKED,200.0,0.0,4.577497384497034,4.577497384497034,True,False
A01,A,0.01,283,F_TRACKED,220.0,0.0,5.050413612987559,5.050413612987559,True,False
A01,A,0.01,283,F_NOMINAL,180.0,2.9211904376945896,2.6379927103703116,-0.28319772732427806,False,False
A01,A,0.01,283,F_NOMINAL,200.0,3.525964571784742,4.001043686782337,0.47507911499759503,True,False
A01,A,0.01,283,F_NOMINAL,220.0,1.4541814427411819,3.5669662103430357,2.1127847676018536,True,False
A01,A,0.01,338,F_TRACKED,180.0,0.0,7.681874339936888,7.681874339936888,True,False
A01,A,0.01,338,F_TRACKED,200.0,0.0,6.468786329777164,6.468786329777164,True,False
A01,A,0.01,338,F_TRACKED,220.0,0.0,7.383225524508609,7.383225524508609,True,False
A01,A,0.01,338,F_NOMINAL,180.0,3.537077501100185,7.311109424940966,3.774031923840781,True,False
A01,A,0.01,338,F_NOMINAL,200.0,3.3028322213082153,5.822497437808193,2.5196652164999773,True,False
A01,A,0.01,338,F_NOMINAL,220.0,5.027405674767509,7.410495622154528,2.3830899473870186,True,False
A01,A,0.01,FOUR,F_TRACKED,180.0,0.0,7.601222889502401,7.601222889502401,True,False
A01,A,0.01,FOUR,F_TRACKED,200.0,0.0,7.603634790320724,7.603634790320724,True,False
A01,A,0.01,FOUR,F_TRACKED,220.0,0.0,7.341739320792583,7.341739320792583,True,False
A01,A,0.01,FOUR,F_NOMINAL,180.0,3.4376354752760943,7.280497803166896,3.842862327890802,True,False
A01,A,0.01,FOUR,F_NOMINAL,200.0,3.1205618675374,6.82797732468515,3.7074154571477496,True,False
A01,A,0.01,FOUR,F_NOMINAL,220.0,3.029587001360496,7.213142639906704,4.183555638546208,True,False
A01,A,0.02,201,F_TRACKED,180.0,0.0,7.666892079917366,7.666892079917366,True,False
A01,A,0.02,201,F_TRACKED,200.0,0.0,8.099911774654151,8.099911774654151,True,False
A01,A,0.02,201,F_TRACKED,220.0,0.0,5.035340547981511,5.035340547981511,True,False
A01,A,0.02,201,F_NOMINAL,180.0,1.8339238117303776,6.474312906662331,4.640389094931954,True,False
A01,A,0.02,201,F_NOMINAL,200.0,1.4985418082337894,7.181258018181802,5.682716209948013,True,False
A01,A,0.02,201,F_NOMINAL,220.0,1.5004808410259363,4.0679487991525605,2.567467958126624,True,False
A01,A,0.02,235,F_TRACKED,180.0,0.0,4.31485245122733,4.31485245122733,True,False
A01,A,0.02,235,F_TRACKED,200.0,0.0,5.4420663468627835,5.4420663468627835,True,False
A01,A,0.02,235,F_TRACKED,220.0,0.0,2.9934033547823913,2.9934033547823913,True,False
A01,A,0.02,235,F_NOMINAL,180.0,2.2503286970668963,3.5206665272394346,1.2703378301725383,True,False
A01,A,0.02,235,F_NOMINAL,200.0,2.2400737654736522,4.889532801635304,2.6494590361616517,True,False
A01,A,0.02,235,F_NOMINAL,220.0,2.208075544168155,2.8039876694419426,0.5959121252737876,True,False
A01,A,0.02,283,F_TRACKED,180.0,0.0,4.233129354837716,4.233129354837716,True,False
A01,A,0.02,283,F_TRACKED,200.0,0.0,3.744094620398495,3.744094620398495,True,False
A01,A,0.02,283,F_TRACKED,220.0,0.0,4.4281149848828445,4.4281149848828445,True,False
A01,A,0.02,283,F_NOMINAL,180.0,1.0624295280010998,3.387822997037588,2.325393469036488,True,False
A01,A,0.02,283,F_NOMINAL,200.0,3.3688817913011504,3.8047304292230706,0.4358486379219202,True,False
A01,A,0.02,283,F_NOMINAL,220.0,1.6213213393635029,4.224383536326623,2.60306219696312,True,False
A01,A,0.02,338,F_TRACKED,180.0,0.0,5.660949484011571,5.660949484011571,True,False
A01,A,0.02,338,F_TRACKED,200.0,0.0,3.6184759704947034,3.6184759704947034,True,False
A01,A,0.02,338,F_TRACKED,220.0,0.0,6.044423900394129,6.044423900394129,True,False
A01,A,0.02,338,F_NOMINAL,180.0,4.143229772780389,5.832653253792094,1.6894234810117048,True,False
A01,A,0.02,338,F_NOMINAL,200.0,3.658124007924917,3.6679270270271562,0.00980301910223913,True,False
A01,A,0.02,338,F_NOMINAL,220.0,5.993038540050177,5.572670148893113,-0.4203683911570639,False,False
A01,A,0.02,FOUR,F_TRACKED,180.0,0.0,6.809328370228679,6.809328370228679,True,False
A01,A,0.02,FOUR,F_TRACKED,200.0,0.0,6.6038456016872065,6.6038456016872065,True,False
A01,A,0.02,FOUR,F_TRACKED,220.0,0.0,6.18609732742605,6.18609732742605,True,False
A01,A,0.02,FOUR,F_NOMINAL,180.0,2.814060889072057,6.376228727434097,3.5621678383620403,True,False
A01,A,0.02,FOUR,F_NOMINAL,200.0,3.136960011047527,6.291386366465699,3.1544263554181717,True,False
A01,A,0.02,FOUR,F_NOMINAL,220.0,3.6912734325300356,5.88584714097455,2.1945737084445147,True,False
A02,A,0.0,201,F_TRACKED,180.0,0.0,6.522098093787661,6.522098093787661,True,False
A02,A,0.0,201,F_TRACKED,200.0,0.0,8.867500712615362,8.867500712615362,True,False
A02,A,0.0,201,F_TRACKED,220.0,0.0,5.8535963208141135,5.8535963208141135,True,False
A02,A,0.0,201,F_NOMINAL,180.0,0.0,6.522098093787661,6.522098093787661,True,False
A02,A,0.0,201,F_NOMINAL,200.0,0.0,8.867500712615362,8.867500712615362,True,False
A02,A,0.0,201,F_NOMINAL,220.0,0.0,5.8535963208141135,5.8535963208141135,True,False
A02,A,0.0,235,F_TRACKED,180.0,0.0,2.7773358676665265,2.7773358676665265,True,False
A02,A,0.0,235,F_TRACKED,200.0,0.0,6.396602028063141,6.396602028063141,True,False
A02,A,0.0,235,F_TRACKED,220.0,0.0,4.500402511319204,4.500402511319204,True,False
A02,A,0.0,235,F_NOMINAL,180.0,0.0,2.7773358676665265,2.7773358676665265,True,False
A02,A,0.0,235,F_NOMINAL,200.0,0.0,6.396602028063141,6.396602028063141,True,False
A02,A,0.0,235,F_NOMINAL,220.0,0.0,4.500402511319204,4.500402511319204,True,False
A02,A,0.0,283,F_TRACKED,180.0,0.0,3.7648980216787997,3.7648980216787997,True,False
A02,A,0.0,283,F_TRACKED,200.0,0.0,2.768577167632464,2.768577167632464,True,False
A02,A,0.0,283,F_TRACKED,220.0,0.0,4.187712664754511,4.187712664754511,True,False
A02,A,0.0,283,F_NOMINAL,180.0,0.0,3.7648980216787997,3.7648980216787997,True,False
A02,A,0.0,283,F_NOMINAL,200.0,0.0,2.768577167632464,2.768577167632464,True,False
A02,A,0.0,283,F_NOMINAL,220.0,0.0,4.187712664754511,4.187712664754511,True,False
A02,A,0.0,338,F_TRACKED,180.0,0.0,10.233547819312504,10.233547819312504,True,False
A02,A,0.0,338,F_TRACKED,200.0,0.0,6.6685746595730135,6.6685746595730135,True,False
A02,A,0.0,338,F_TRACKED,220.0,0.0,8.842480369097649,8.842480369097649,True,False
A02,A,0.0,338,F_NOMINAL,180.0,0.0,10.233547819312504,10.233547819312504,True,False
A02,A,0.0,338,F_NOMINAL,200.0,0.0,6.6685746595730135,6.6685746595730135,True,False
A02,A,0.0,338,F_NOMINAL,220.0,0.0,8.842480369097649,8.842480369097649,True,False
A02,A,0.0,FOUR,F_TRACKED,180.0,0.0,7.648727293462629,7.648727293462629,True,False
A02,A,0.0,FOUR,F_TRACKED,200.0,0.0,7.721035955357969,7.721035955357969,True,False
A02,A,0.0,FOUR,F_TRACKED,220.0,0.0,7.230565420543872,7.230565420543872,True,False
A02,A,0.0,FOUR,F_NOMINAL,180.0,0.0,7.648727293462629,7.648727293462629,True,False
A02,A,0.0,FOUR,F_NOMINAL,200.0,0.0,7.721035955357969,7.721035955357969,True,False
A02,A,0.0,FOUR,F_NOMINAL,220.0,0.0,7.230565420543872,7.230565420543872,True,False
A02,A,0.0025,201,F_TRACKED,180.0,0.0,6.553128402075942,6.553128402075942,True,False
A02,A,0.0025,201,F_TRACKED,200.0,0.0,7.59493955274896,7.59493955274896,True,False
A02,A,0.0025,201,F_TRACKED,220.0,0.0,7.94567532513659,7.94567532513659,True,False
A02,A,0.0025,201,F_NOMINAL,180.0,3.519280108108831,6.449909238955124,2.930629130846293,True,False
A02,A,0.0025,201,F_NOMINAL,200.0,3.654136254879916,6.16238789993446,2.508251645054544,True,False
A02,A,0.0025,201,F_NOMINAL,220.0,9.096074398305749,8.349630070498977,-0.7464443278067723,False,False
A02,A,0.0025,235,F_TRACKED,180.0,0.0,4.15007619299914,4.15007619299914,True,False
A02,A,0.0025,235,F_TRACKED,200.0,0.0,6.791064160127544,6.791064160127544,True,False
A02,A,0.0025,235,F_TRACKED,220.0,0.0,5.075817491605118,5.075817491605118,True,False
A02,A,0.0025,235,F_NOMINAL,180.0,2.4815056796629777,3.2466774158168668,0.765171736153889,True,False
A02,A,0.0025,235,F_NOMINAL,200.0,3.4139096428600197,6.434236491352078,3.0203268484920587,True,False
A02,A,0.0025,235,F_NOMINAL,220.0,3.14177952453994,4.069302908981479,0.9275233844415389,True,False
A02,A,0.0025,283,F_TRACKED,180.0,0.0,5.764352427950229,5.764352427950229,True,False
A02,A,0.0025,283,F_TRACKED,200.0,0.0,3.4733767620866036,3.4733767620866036,True,False
A02,A,0.0025,283,F_TRACKED,220.0,0.0,4.3181468269206835,4.3181468269206835,True,False
A02,A,0.0025,283,F_NOMINAL,180.0,5.813822504105357,5.516245592038869,-0.2975769120664875,False,False
A02,A,0.0025,283,F_NOMINAL,200.0,3.153861319637152,4.417764110638356,1.2639027910012044,True,False
A02,A,0.0025,283,F_NOMINAL,220.0,1.278059531342361,4.918353994560164,3.6402944632178027,True,False
A02,A,0.0025,338,F_TRACKED,180.0,0.0,6.347791791563363,6.347791791563363,True,False
A02,A,0.0025,338,F_TRACKED,200.0,0.0,5.908009671120479,5.908009671120479,True,False
A02,A,0.0025,338,F_TRACKED,220.0,0.0,6.350862304883744,6.350862304883744,True,False
A02,A,0.0025,338,F_NOMINAL,180.0,3.3231552065205814,7.063469957796781,3.7403147512761996,True,False
A02,A,0.0025,338,F_NOMINAL,200.0,5.6843932054946595,5.662993498465992,-0.021399707028667336,False,False
A02,A,0.0025,338,F_NOMINAL,220.0,3.4863170129789887,6.220098427978012,2.7337814149990236,True,False
A02,A,0.0025,FOUR,F_TRACKED,180.0,0.0,6.678680385962705,6.678680385962705,True,False
A02,A,0.0025,FOUR,F_TRACKED,200.0,0.0,6.771595557370322,6.771595557370322,True,False
A02,A,0.0025,FOUR,F_TRACKED,220.0,0.0,6.553118837949038,6.553118837949038,True,False
A02,A,0.0025,FOUR,F_NOMINAL,180.0,4.137984572940024,6.917499095973279,2.7795145230332556,True,False
A02,A,0.0025,FOUR,F_NOMINAL,200.0,4.370861199583889,6.943181503756191,2.572320304172302,True,False
A02,A,0.0025,FOUR,F_NOMINAL,220.0,5.210922736425505,7.590058381309121,2.3791356448836165,True,False
A02,A,0.005,201,F_TRACKED,180.0,0.0,6.687274280248825,6.687274280248825,True,False
A02,A,0.005,201,F_TRACKED,200.0,0.0,7.730999156346891,7.730999156346891,True,False
A02,A,0.005,201,F_TRACKED,220.0,0.0,10.219817212057198,10.219817212057198,True,False
A02,A,0.005,201,F_NOMINAL,180.0,2.6962776671178177,6.396819592859537,3.7005419257417196,True,False
A02,A,0.005,201,F_NOMINAL,200.0,4.1698418424731,7.162597543487252,2.9927557010141523,True,False
A02,A,0.005,201,F_NOMINAL,220.0,11.42128435914773,10.171605068299744,-1.2496792908479861,False,False
A02,A,0.005,235,F_TRACKED,180.0,0.0,4.174923079836623,4.174923079836623,True,False
A02,A,0.005,235,F_TRACKED,200.0,0.0,5.158302550819009,5.158302550819009,True,False
A02,A,0.005,235,F_TRACKED,220.0,0.0,4.387709656241112,4.387709656241112,True,False
A02,A,0.005,235,F_NOMINAL,180.0,3.108435434120374,4.666559823629681,1.5581243895093073,True,False
A02,A,0.005,235,F_NOMINAL,200.0,2.2264684981892215,5.490234137442084,3.263765639252863,True,False
A02,A,0.005,235,F_NOMINAL,220.0,0.7596685413736742,4.053045333163873,3.293376791790199,True,False
A02,A,0.005,283,F_TRACKED,180.0,0.0,4.332827356435193,4.332827356435193,True,False
A02,A,0.005,283,F_TRACKED,200.0,0.0,5.099729744408344,5.099729744408344,True,False
A02,A,0.005,283,F_TRACKED,220.0,0.0,4.353111812743019,4.353111812743019,True,False
A02,A,0.005,283,F_NOMINAL,180.0,2.8675237040388315,4.741153111083374,1.8736294070445427,True,False
A02,A,0.005,283,F_NOMINAL,200.0,3.585499839571758,4.68900995011293,1.1035101105411722,True,False
A02,A,0.005,283,F_NOMINAL,220.0,0.5550698640798225,4.428418930926476,3.8733490668466537,True,False
A02,A,0.005,338,F_TRACKED,180.0,0.0,7.490575909461333,7.490575909461333,True,False
A02,A,0.005,338,F_TRACKED,200.0,0.0,6.2927104598572,6.2927104598572,True,False
A02,A,0.005,338,F_TRACKED,220.0,0.0,7.091246530422003,7.091246530422003,True,False
A02,A,0.005,338,F_NOMINAL,180.0,3.989117246800073,6.8061776889764944,2.8170604421764214,True,False
A02,A,0.005,338,F_NOMINAL,200.0,7.346016381907916,7.133471834337798,-0.21254454757011754,False,False
A02,A,0.005,338,F_NOMINAL,220.0,3.460273228449924,6.802185505823174,3.3419122773732504,True,False
A02,A,0.005,FOUR,F_TRACKED,180.0,0.0,7.014713181365824,7.014713181365824,True,False
A02,A,0.005,FOUR,F_TRACKED,200.0,0.0,7.387293501437197,7.387293501437197,True,False
A02,A,0.005,FOUR,F_TRACKED,220.0,0.0,8.192715708667732,8.192715708667732,True,False
A02,A,0.005,FOUR,F_NOMINAL,180.0,3.4854485126649193,6.608309363202309,3.12286085053739,True,False
A02,A,0.005,FOUR,F_NOMINAL,200.0,4.744606572381203,6.9499609198772365,2.2053543474960335,True,False
A02,A,0.005,FOUR,F_NOMINAL,220.0,6.004975715788603,7.970154774506774,1.9651790587181717,True,False
A02,A,0.01,201,F_TRACKED,180.0,0.0,9.02948681377163,9.02948681377163,True,False
A02,A,0.01,201,F_TRACKED,200.0,0.0,9.656199038646125,9.656199038646125,True,False
A02,A,0.01,201,F_TRACKED,220.0,0.0,8.35548728034969,8.35548728034969,True,False
A02,A,0.01,201,F_NOMINAL,180.0,1.0106246678937199,6.96219378124574,5.95156911335202,True,False
A02,A,0.01,201,F_NOMINAL,200.0,1.230222436406808,7.658412676763444,6.428190240356636,True,False
A02,A,0.01,201,F_NOMINAL,220.0,2.3513564381845855,5.707775883043216,3.3564194448586306,True,False
A02,A,0.01,235,F_TRACKED,180.0,0.0,5.314542134444579,5.314542134444579,True,False
A02,A,0.01,235,F_TRACKED,200.0,0.0,6.474129534777622,6.474129534777622,True,False
A02,A,0.01,235,F_TRACKED,220.0,0.0,5.352231292416506,5.352231292416506,True,False
A02,A,0.01,235,F_NOMINAL,180.0,4.038866884006876,3.528663372543928,-0.5102035114629482,False,False
A02,A,0.01,235,F_NOMINAL,200.0,1.6834949244181927,5.268521711856112,3.585026787437919,True,False
A02,A,0.01,235,F_NOMINAL,220.0,0.7035716651902,4.65311749041823,3.9495458252280304,True,False
A02,A,0.01,283,F_TRACKED,180.0,0.0,4.681932528514288,4.681932528514288,True,False
A02,A,0.01,283,F_TRACKED,200.0,0.0,5.9296338528272114,5.9296338528272114,True,False
A02,A,0.01,283,F_TRACKED,220.0,0.0,5.995671807091518,5.995671807091518,True,False
A02,A,0.01,283,F_NOMINAL,180.0,2.9331416123836873,4.107132682038613,1.1739910696549258,True,False
A02,A,0.01,283,F_NOMINAL,200.0,3.516901571882487,3.9710268438308383,0.4541252719483513,True,False
A02,A,0.01,283,F_NOMINAL,220.0,1.44849556326551,4.773617000838468,3.3251214375729576,True,False
A02,A,0.01,338,F_TRACKED,180.0,0.0,6.77308068682106,6.77308068682106,True,False
A02,A,0.01,338,F_TRACKED,200.0,0.0,4.946016261931457,4.946016261931457,True,False
A02,A,0.01,338,F_TRACKED,220.0,0.0,6.895542107439444,6.895542107439444,True,False
A02,A,0.01,338,F_NOMINAL,180.0,3.518499971770227,7.386673635275683,3.8681736635054556,True,False
A02,A,0.01,338,F_NOMINAL,200.0,3.288742699531124,5.542464947057688,2.253722247526564,True,False
A02,A,0.01,338,F_NOMINAL,220.0,5.009115203876561,7.2298940820516275,2.220778878175066,True,False
A02,A,0.01,FOUR,F_TRACKED,180.0,0.0,7.939858281423107,7.939858281423107,True,False
A02,A,0.01,FOUR,F_TRACKED,200.0,0.0,8.219410395877135,8.219410395877135,True,False
A02,A,0.01,FOUR,F_TRACKED,220.0,0.0,7.847759316106527,7.847759316106527,True,False
A02,A,0.01,FOUR,F_NOMINAL,180.0,3.4379343701218716,7.117817902430971,3.6798835323090997,True,False
A02,A,0.01,FOUR,F_NOMINAL,200.0,3.108506513492973,6.958346600635374,3.8498400871424012,True,False
A02,A,0.01,FOUR,F_NOMINAL,220.0,3.0200206245169547,7.224356856278054,4.204336231761099,True,False
A02,A,0.02,201,F_TRACKED,180.0,0.0,5.939072537458432,5.939072537458432,True,False
A02,A,0.02,201,F_TRACKED,200.0,0.0,7.056038887915831,7.056038887915831,True,False
A02,A,0.02,201,F_TRACKED,220.0,0.0,3.8324099588333738,3.8324099588333738,True,False
A02,A,0.02,201,F_NOMINAL,180.0,1.8279360846181474,6.0444327811255105,4.216496696507363,True,False
A02,A,0.02,201,F_NOMINAL,200.0,1.490947909604924,7.170670545515431,5.679722635910507,True,False
A02,A,0.02,201,F_NOMINAL,220.0,1.4943483499344694,4.109592257302264,2.6152439073677947,True,False
A02,A,0.02,235,F_TRACKED,180.0,0.0,5.028009354274303,5.028009354274303,True,False
A02,A,0.02,235,F_TRACKED,200.0,0.0,5.975221703014518,5.975221703014518,True,False
A02,A,0.02,235,F_TRACKED,220.0,0.0,3.522512572961091,3.522512572961091,True,False
A02,A,0.02,235,F_NOMINAL,180.0,2.245690963044059,4.562134435896312,2.3164434728522534,True,False
A02,A,0.02,235,F_NOMINAL,200.0,2.2446726507735417,5.683368381540836,3.4386957307672943,True,False
A02,A,0.02,235,F_NOMINAL,220.0,2.1954284883230737,4.284287728644238,2.0888592403211645,True,False
A02,A,0.02,283,F_TRACKED,180.0,0.0,4.712841455323696,4.712841455323696,True,False
A02,A,0.02,283,F_TRACKED,200.0,0.0,3.831581632899399,3.831581632899399,True,False
A02,A,0.02,283,F_TRACKED,220.0,0.0,4.766421728654362,4.766421728654362,True,False
A02,A,0.02,283,F_NOMINAL,180.0,1.0666945510330574,4.593966772778258,3.527272221745201,True,False
A02,A,0.02,283,F_NOMINAL,200.0,3.362210759397097,3.494056352900355,0.1318455935032583,True,False
A02,A,0.02,283,F_NOMINAL,220.0,1.6209432344350534,5.085769394403907,3.4648261599688537,True,False
A02,A,0.02,338,F_TRACKED,180.0,0.0,6.111312978091971,6.111312978091971,True,False
A02,A,0.02,338,F_TRACKED,200.0,0.0,4.4655276769487395,4.4655276769487395,True,False
A02,A,0.02,338,F_TRACKED,220.0,0.0,7.12817329000642,7.12817329000642,True,False
A02,A,0.02,338,F_NOMINAL,180.0,4.139232296807307,6.420444794506709,2.2812124976994017,True,False
A02,A,0.02,338,F_NOMINAL,200.0,3.6420423152824517,3.7593779237716287,0.11733560848917701,True,False
A02,A,0.02,338,F_NOMINAL,220.0,6.00617095332821,7.036840766459527,1.0306698131313166,True,False
A02,A,0.02,FOUR,F_TRACKED,180.0,0.0,7.3801644445544055,7.3801644445544055,True,False
A02,A,0.02,FOUR,F_TRACKED,200.0,0.0,7.099036124998326,7.099036124998326,True,False
A02,A,0.02,FOUR,F_TRACKED,220.0,0.0,6.748755968941982,6.748755968941982,True,False
A02,A,0.02,FOUR,F_NOMINAL,180.0,2.815970641252949,6.619518382708062,3.803547741455113,True,False
A02,A,0.02,FOUR,F_NOMINAL,200.0,3.1255974180531503,6.583455997518689,3.4578585794655385,True,False
A02,A,0.02,FOUR,F_NOMINAL,220.0,3.6891539474792308,6.179334947088953,2.490180999609722,True,False
A03,A,0.0,201,F_TRACKED,180.0,0.0,4.282816154434994,4.282816154434994,True,False
A03,A,0.0,201,F_TRACKED,200.0,0.0,6.795647491762226,6.795647491762226,True,False
A03,A,0.0,201,F_TRACKED,220.0,0.0,3.5415967892909235,3.5415967892909235,True,False
A03,A,0.0,201,F_NOMINAL,180.0,0.0,4.282816154434994,4.282816154434994,True,False
A03,A,0.0,201,F_NOMINAL,200.0,0.0,6.795647491762226,6.795647491762226,True,False
A03,A,0.0,201,F_NOMINAL,220.0,0.0,3.5415967892909235,3.5415967892909235,True,False
A03,A,0.0,235,F_TRACKED,180.0,0.0,1.5253240657747371,1.5253240657747371,True,False
A03,A,0.0,235,F_TRACKED,200.0,0.0,3.909944515899218,3.909944515899218,True,False
A03,A,0.0,235,F_TRACKED,220.0,0.0,1.7439183134682796,1.7439183134682796,True,False
A03,A,0.0,235,F_NOMINAL,180.0,0.0,1.5253240657747371,1.5253240657747371,True,False
A03,A,0.0,235,F_NOMINAL,200.0,0.0,3.909944515899218,3.909944515899218,True,False
A03,A,0.0,235,F_NOMINAL,220.0,0.0,1.7439183134682796,1.7439183134682796,True,False
A03,A,0.0,283,F_TRACKED,180.0,0.0,1.5734687590335563,1.5734687590335563,True,False
A03,A,0.0,283,F_TRACKED,200.0,0.0,1.4348219817138306,1.4348219817138306,True,False
A03,A,0.0,283,F_TRACKED,220.0,0.0,1.9537572416340496,1.9537572416340496,True,False
A03,A,0.0,283,F_NOMINAL,180.0,0.0,1.5734687590335563,1.5734687590335563,True,False
A03,A,0.0,283,F_NOMINAL,200.0,0.0,1.4348219817138306,1.4348219817138306,True,False
A03,A,0.0,283,F_NOMINAL,220.0,0.0,1.9537572416340496,1.9537572416340496,True,False
A03,A,0.0,338,F_TRACKED,180.0,0.0,7.234911331764421,7.234911331764421,True,False
A03,A,0.0,338,F_TRACKED,200.0,0.0,3.49440778631282,3.49440778631282,True,False
A03,A,0.0,338,F_TRACKED,220.0,0.0,5.782714479923021,5.782714479923021,True,False
A03,A,0.0,338,F_NOMINAL,180.0,0.0,7.234911331764421,7.234911331764421,True,False
A03,A,0.0,338,F_NOMINAL,200.0,0.0,3.49440778631282,3.49440778631282,True,False
A03,A,0.0,338,F_NOMINAL,220.0,0.0,5.782714479923021,5.782714479923021,True,False
A03,A,0.0,FOUR,F_TRACKED,180.0,0.0,6.3512212479549985,6.3512212479549985,True,False
A03,A,0.0,FOUR,F_TRACKED,200.0,0.0,6.8714658644853515,6.8714658644853515,True,False
A03,A,0.0,FOUR,F_TRACKED,220.0,0.0,6.141790052000916,6.141790052000916,True,False
A03,A,0.0,FOUR,F_NOMINAL,180.0,0.0,6.3512212479549985,6.3512212479549985,True,False
A03,A,0.0,FOUR,F_NOMINAL,200.0,0.0,6.8714658644853515,6.8714658644853515,True,False
A03,A,0.0,FOUR,F_NOMINAL,220.0,0.0,6.141790052000916,6.141790052000916,True,False
A03,A,0.0025,201,F_TRACKED,180.0,0.0,5.44396794732222,5.44396794732222,True,False
A03,A,0.0025,201,F_TRACKED,200.0,0.0,6.16148272343093,6.16148272343093,True,False
A03,A,0.0025,201,F_TRACKED,220.0,0.0,7.123437649947055,7.123437649947055,True,False
A03,A,0.0025,201,F_NOMINAL,180.0,3.508565670765845,4.159990776711488,0.6514251059456426,True,False
A03,A,0.0025,201,F_NOMINAL,200.0,3.6637290322109735,5.425901332921948,1.7621723007109749,True,False
A03,A,0.0025,201,F_NOMINAL,220.0,9.122466767264326,8.580555444654188,-0.5419113226101384,False,False
A03,A,0.0025,235,F_TRACKED,180.0,0.0,2.6583934581829847,2.6583934581829847,True,False
A03,A,0.0025,235,F_TRACKED,200.0,0.0,4.283076169227338,4.283076169227338,True,False
A03,A,0.0025,235,F_TRACKED,220.0,0.0,3.68975499201355,3.68975499201355,True,False
A03,A,0.0025,235,F_NOMINAL,180.0,2.474462906138824,2.578127511144611,0.103664605005787,True,False
A03,A,0.0025,235,F_NOMINAL,200.0,3.4031828063515834,3.7644892478039313,0.3613064414523479,True,False
A03,A,0.0025,235,F_NOMINAL,220.0,3.126694667168794,3.4126266969115315,0.28593202974273746,True,False
A03,A,0.0025,283,F_TRACKED,180.0,0.0,4.584972760185583,4.584972760185583,True,False
A03,A,0.0025,283,F_TRACKED,200.0,0.0,3.4384897279473714,3.4384897279473714,True,False
A03,A,0.0025,283,F_TRACKED,220.0,0.0,2.2877304633582485,2.2877304633582485,True,False
A03,A,0.0025,283,F_NOMINAL,180.0,5.790779585636653,5.486046164513865,-0.3047334211227879,False,False
A03,A,0.0025,283,F_NOMINAL,200.0,3.1670594102041862,2.815949336003871,-0.35111007420031504,False,False
A03,A,0.0025,283,F_NOMINAL,220.0,1.2726774167898234,2.0051326720736355,0.7324552552838122,True,False
A03,A,0.0025,338,F_TRACKED,180.0,0.0,4.712073247806676,4.712073247806676,True,False
A03,A,0.0025,338,F_TRACKED,200.0,0.0,4.469882392616423,4.469882392616423,True,False
A03,A,0.0025,338,F_TRACKED,220.0,0.0,4.2460411104704,4.2460411104704,True,False
A03,A,0.0025,338,F_NOMINAL,180.0,3.3423548563584604,4.227927945994726,0.8855730896362659,True,False
A03,A,0.0025,338,F_NOMINAL,200.0,5.709336422485295,4.997598690292559,-0.7117377321927361,False,False
A03,A,0.0025,338,F_NOMINAL,220.0,3.4875499730141737,4.6792083037218495,1.1916583307076758,True,False
A03,A,0.0025,FOUR,F_TRACKED,180.0,0.0,5.8389509410012534,5.8389509410012534,True,False
A03,A,0.0025,FOUR,F_TRACKED,200.0,0.0,6.779453157563157,6.779453157563157,True,False
A03,A,0.0025,FOUR,F_TRACKED,220.0,0.0,6.340206186506606,6.340206186506606,True,False
A03,A,0.0025,FOUR,F_NOMINAL,180.0,4.133430527812001,6.112496222045131,1.97906569423313,True,False
A03,A,0.0025,FOUR,F_NOMINAL,200.0,4.379599460750165,6.332751985394015,1.9531525246438504,True,False
A03,A,0.0025,FOUR,F_NOMINAL,220.0,5.219588172391356,6.377765378422199,1.1581772060308424,True,False
A03,A,0.005,201,F_TRACKED,180.0,0.0,5.76171568329244,5.76171568329244,True,False
A03,A,0.005,201,F_TRACKED,200.0,0.0,6.171530868986418,6.171530868986418,True,False
A03,A,0.005,201,F_TRACKED,220.0,0.0,6.8396012540303985,6.8396012540303985,True,False
A03,A,0.005,201,F_NOMINAL,180.0,2.6839737149073035,4.046111096872562,1.3621373819652587,True,False
A03,A,0.005,201,F_NOMINAL,200.0,4.1626988889722805,5.516787063478141,1.3540881745058604,True,False
A03,A,0.005,201,F_NOMINAL,220.0,11.374049423168133,10.906306594572172,-0.46774282859596106,False,False
A03,A,0.005,235,F_TRACKED,180.0,0.0,3.48023485065869,3.48023485065869,True,False
A03,A,0.005,235,F_TRACKED,200.0,0.0,5.636040832622862,5.636040832622862,True,False
A03,A,0.005,235,F_TRACKED,220.0,0.0,4.645503186714919,4.645503186714919,True,False
A03,A,0.005,235,F_NOMINAL,180.0,3.1172404281706947,3.585222242388794,0.46798181421809915,True,False
A03,A,0.005,235,F_NOMINAL,200.0,2.217636901015861,2.8120397243194963,0.5944028233036351,True,False
A03,A,0.005,235,F_NOMINAL,220.0,0.7596713710095278,1.6869315645883276,0.9272601935787999,True,False
A03,A,0.005,283,F_TRACKED,180.0,0.0,3.5618456049227283,3.5618456049227283,True,False
A03,A,0.005,283,F_TRACKED,200.0,0.0,4.597713068804667,4.597713068804667,True,False
A03,A,0.005,283,F_TRACKED,220.0,0.0,4.255867389821193,4.255867389821193,True,False
A03,A,0.005,283,F_NOMINAL,180.0,2.8695013080504927,3.31822396739081,0.4487226593403171,True,False
A03,A,0.005,283,F_NOMINAL,200.0,3.5981279162108817,3.5273095952083184,-0.07081832100256324,False,False
A03,A,0.005,283,F_NOMINAL,220.0,0.5552220530013257,1.9691892103615811,1.4139671573602555,True,False
A03,A,0.005,338,F_TRACKED,180.0,0.0,4.639011005023004,4.639011005023004,True,False
A03,A,0.005,338,F_TRACKED,200.0,0.0,5.324853223429904,5.324853223429904,True,False
A03,A,0.005,338,F_TRACKED,220.0,0.0,4.511339568296896,4.511339568296896,True,False
A03,A,0.005,338,F_NOMINAL,180.0,3.9930057323748946,4.057685621770501,0.06467988939560643,True,False
A03,A,0.005,338,F_NOMINAL,200.0,7.33985643973649,7.165117024127769,-0.17473941560872142,False,False
A03,A,0.005,338,F_NOMINAL,220.0,3.4541759187992196,4.371395323765026,0.9172194049658065,True,False
A03,A,0.005,FOUR,F_TRACKED,180.0,0.0,6.643949568289253,6.643949568289253,True,False
A03,A,0.005,FOUR,F_TRACKED,200.0,0.0,6.988236196295691,6.988236196295691,True,False
A03,A,0.005,FOUR,F_TRACKED,220.0,0.0,7.718259363035657,7.718259363035657,True,False
A03,A,0.005,FOUR,F_NOMINAL,180.0,3.484240338049112,5.38802880343327,1.9037884653841584,True,False
A03,A,0.005,FOUR,F_NOMINAL,200.0,4.743634533028231,6.666424042491187,1.9227895094629561,True,False
A03,A,0.005,FOUR,F_NOMINAL,220.0,5.974431956996656,7.069100521200519,1.0946685642038627,True,False
A03,A,0.01,201,F_TRACKED,180.0,0.0,7.126517217013,7.126517217013,True,False
A03,A,0.01,201,F_TRACKED,200.0,0.0,7.6905238886602225,7.6905238886602225,True,False
A03,A,0.01,201,F_TRACKED,220.0,0.0,6.319266576011423,6.319266576011423,True,False
A03,A,0.01,201,F_NOMINAL,180.0,1.0152852242720667,4.962196440937365,3.9469112166652986,True,False
A03,A,0.01,201,F_NOMINAL,200.0,1.2288046037789773,5.70960438883794,4.480799785058963,True,False
A03,A,0.01,201,F_NOMINAL,220.0,2.352720192849407,4.477687674724018,2.1249674818746116,True,False
A03,A,0.01,235,F_TRACKED,180.0,0.0,3.741843442570042,3.741843442570042,True,False
A03,A,0.01,235,F_TRACKED,200.0,0.0,5.841835646076203,5.841835646076203,True,False
A03,A,0.01,235,F_TRACKED,220.0,0.0,4.880448425404891,4.880448425404891,True,False
A03,A,0.01,235,F_NOMINAL,180.0,4.029559441920841,3.9577965623975024,-0.07176287952333871,False,False
A03,A,0.01,235,F_NOMINAL,200.0,1.6912739690096967,2.605064698371854,0.9137907293621574,True,False
A03,A,0.01,235,F_NOMINAL,220.0,0.7042890389655115,1.8853088343157525,1.1810197953502408,True,False
A03,A,0.01,283,F_TRACKED,180.0,0.0,3.324068243835186,3.324068243835186,True,False
A03,A,0.01,283,F_TRACKED,200.0,0.0,3.6169718846906864,3.6169718846906864,True,False
A03,A,0.01,283,F_TRACKED,220.0,0.0,4.13402556801751,4.13402556801751,True,False
A03,A,0.01,283,F_NOMINAL,180.0,2.9211904376945896,2.5907423870397577,-0.33044805065483196,False,False
A03,A,0.01,283,F_NOMINAL,200.0,3.525964571784742,3.694499023251279,0.16853445146653723,True,False
A03,A,0.01,283,F_NOMINAL,220.0,1.4541814427411819,2.992492457706328,1.538311014965146,True,False
A03,A,0.01,338,F_TRACKED,180.0,0.0,5.645705743387036,5.645705743387036,True,False
A03,A,0.01,338,F_TRACKED,200.0,0.0,4.237071891634306,4.237071891634306,True,False
A03,A,0.01,338,F_TRACKED,220.0,0.0,6.413065341904299,6.413065341904299,True,False
A03,A,0.01,338,F_NOMINAL,180.0,3.537077501100185,4.3813714773158825,0.8442939762156976,True,False
A03,A,0.01,338,F_NOMINAL,200.0,3.3028322213082153,3.8705075241181115,0.5676753028098962,True,False
A03,A,0.01,338,F_NOMINAL,220.0,5.027405674767509,4.070359384265642,-0.9570462905018671,False,False
A03,A,0.01,FOUR,F_TRACKED,180.0,0.0,7.336995172747671,7.336995172747671,True,False
A03,A,0.01,FOUR,F_TRACKED,200.0,0.0,7.16737437676196,7.16737437676196,True,False
A03,A,0.01,FOUR,F_TRACKED,220.0,0.0,7.263472127094686,7.263472127094686,True,False
A03,A,0.01,FOUR,F_NOMINAL,180.0,3.4376354752760943,5.844240534815437,2.406605059539343,True,False
A03,A,0.01,FOUR,F_NOMINAL,200.0,3.1205618675374,5.834506412700352,2.7139445451629522,True,False
A03,A,0.01,FOUR,F_NOMINAL,220.0,3.029587001360496,5.974987748677165,2.9454007473166692,True,False
A03,A,0.02,201,F_TRACKED,180.0,0.0,5.725248679550791,5.725248679550791,True,False
A03,A,0.02,201,F_TRACKED,200.0,0.0,6.270271313154961,6.270271313154961,True,False
A03,A,0.02,201,F_TRACKED,220.0,0.0,3.1210426727044744,3.1210426727044744,True,False
A03,A,0.02,201,F_NOMINAL,180.0,1.8339238117303776,4.622507396728809,2.788583584998431,True,False
A03,A,0.02,201,F_NOMINAL,200.0,1.4985418082337894,5.2316010854332715,3.733059277199482,True,False
A03,A,0.02,201,F_NOMINAL,220.0,1.5004808410259363,2.327032323434681,0.8265514824087445,True,False
A03,A,0.02,235,F_TRACKED,180.0,0.0,3.5829289044291373,3.5829289044291373,True,False
A03,A,0.02,235,F_TRACKED,200.0,0.0,4.5850236308848515,4.5850236308848515,True,False
A03,A,0.02,235,F_TRACKED,220.0,0.0,2.1804343499340986,2.1804343499340986,True,False
A03,A,0.02,235,F_NOMINAL,180.0,2.2503286970668963,2.387880988171306,0.1375522911044098,True,False
A03,A,0.02,235,F_NOMINAL,200.0,2.2400737654736522,2.8717723000054667,0.6316985345318145,True,False
A03,A,0.02,235,F_NOMINAL,220.0,2.208075544168155,2.289003741651807,0.08092819748365221,True,False
A03,A,0.02,283,F_TRACKED,180.0,0.0,2.4975359904269423,2.4975359904269423,True,False
A03,A,0.02,283,F_TRACKED,200.0,0.0,2.642189931419429,2.642189931419429,True,False
A03,A,0.02,283,F_TRACKED,220.0,0.0,2.60948043636397,2.60948043636397,True,False
A03,A,0.02,283,F_NOMINAL,180.0,1.0624295280010998,1.4395597404781408,0.37713021247704104,True,False
A03,A,0.02,283,F_NOMINAL,200.0,3.3688817913011504,3.534031040239433,0.16514924893828242,True,False
A03,A,0.02,283,F_NOMINAL,220.0,1.6213213393635029,3.665176558147851,2.0438552187843477,True,False
A03,A,0.02,338,F_TRACKED,180.0,0.0,5.268881244196145,5.268881244196145,True,False
A03,A,0.02,338,F_TRACKED,200.0,0.0,2.9913477163363567,2.9913477163363567,True,False
A03,A,0.02,338,F_TRACKED,220.0,0.0,6.087846091974127,6.087846091974127,True,False
A03,A,0.02,338,F_NOMINAL,180.0,4.143229772780389,3.640582757908351,-0.5026470148720379,False,False
A03,A,0.02,338,F_NOMINAL,200.0,3.658124007924917,3.761287828841685,0.10316382091676779,True,False
A03,A,0.02,338,F_NOMINAL,220.0,5.993038540050177,4.564254687676773,-1.428783852373404,False,False
A03,A,0.02,FOUR,F_TRACKED,180.0,0.0,6.597480189551961,6.597480189551961,True,False
A03,A,0.02,FOUR,F_TRACKED,200.0,0.0,6.449035488975038,6.449035488975038,True,False
A03,A,0.02,FOUR,F_TRACKED,220.0,0.0,6.5988525283824835,6.5988525283824835,True,False
A03,A,0.02,FOUR,F_NOMINAL,180.0,2.814060889072057,5.563686882774202,2.749625993702145,True,False
A03,A,0.02,FOUR,F_NOMINAL,200.0,3.136960011047527,5.324763803086346,2.1878037920388187,True,False
A03,A,0.02,FOUR,F_NOMINAL,220.0,3.6912734325300356,5.3430174854803685,1.6517440529503329,True,False
A04,A,0.0,201,F_TRACKED,180.0,0.0,5.807490324786124,5.807490324786124,True,False
A04,A,0.0,201,F_TRACKED,200.0,0.0,8.175811215541335,8.175811215541335,True,False
A04,A,0.0,201,F_TRACKED,220.0,0.0,5.132826589007832,5.132826589007832,True,False
A04,A,0.0,201,F_NOMINAL,180.0,0.0,5.807490324786124,5.807490324786124,True,False
A04,A,0.0,201,F_NOMINAL,200.0,0.0,8.175811215541335,8.175811215541335,True,False
A04,A,0.0,201,F_NOMINAL,220.0,0.0,5.132826589007832,5.132826589007832,True,False
A04,A,0.0,235,F_TRACKED,180.0,0.0,1.8490333841084814,1.8490333841084814,True,False
A04,A,0.0,235,F_TRACKED,200.0,0.0,6.045108381684878,6.045108381684878,True,False
A04,A,0.0,235,F_TRACKED,220.0,0.0,3.9883633858827374,3.9883633858827374,True,False
A04,A,0.0,235,F_NOMINAL,180.0,0.0,1.8490333841084814,1.8490333841084814,True,False
A04,A,0.0,235,F_NOMINAL,200.0,0.0,6.045108381684878,6.045108381684878,True,False
A04,A,0.0,235,F_NOMINAL,220.0,0.0,3.9883633858827374,3.9883633858827374,True,False
A04,A,0.0,283,F_TRACKED,180.0,0.0,1.561422001527365,1.561422001527365,True,False
A04,A,0.0,283,F_TRACKED,200.0,0.0,2.831550560550055,2.831550560550055,True,False
A04,A,0.0,283,F_TRACKED,220.0,0.0,1.9322712441065444,1.9322712441065444,True,False
A04,A,0.0,283,F_NOMINAL,180.0,0.0,1.561422001527365,1.561422001527365,True,False
A04,A,0.0,283,F_NOMINAL,200.0,0.0,2.831550560550055,2.831550560550055,True,False
A04,A,0.0,283,F_NOMINAL,220.0,0.0,1.9322712441065444,1.9322712441065444,True,False
A04,A,0.0,338,F_TRACKED,180.0,0.0,9.531302730170873,9.531302730170873,True,False
A04,A,0.0,338,F_TRACKED,200.0,0.0,6.100337469271913,6.100337469271913,True,False
A04,A,0.0,338,F_TRACKED,220.0,0.0,8.171897933054021,8.171897933054021,True,False
A04,A,0.0,338,F_NOMINAL,180.0,0.0,9.531302730170873,9.531302730170873,True,False
A04,A,0.0,338,F_NOMINAL,200.0,0.0,6.100337469271913,6.100337469271913,True,False
A04,A,0.0,338,F_NOMINAL,220.0,0.0,8.171897933054021,8.171897933054021,True,False
A04,A,0.0,FOUR,F_TRACKED,180.0,0.0,7.2210535300437355,7.2210535300437355,True,False
A04,A,0.0,FOUR,F_TRACKED,200.0,0.0,7.918755224555259,7.918755224555259,True,False
A04,A,0.0,FOUR,F_TRACKED,220.0,0.0,7.259087229659803,7.259087229659803,True,False
A04,A,0.0,FOUR,F_NOMINAL,180.0,0.0,7.2210535300437355,7.2210535300437355,True,False
A04,A,0.0,FOUR,F_NOMINAL,200.0,0.0,7.918755224555259,7.918755224555259,True,False
A04,A,0.0,FOUR,F_NOMINAL,220.0,0.0,7.259087229659803,7.259087229659803,True,False
A04,A,0.0025,201,F_TRACKED,180.0,0.0,6.687818097520491,6.687818097520491,True,False
A04,A,0.0025,201,F_TRACKED,200.0,0.0,7.964137643290961,7.964137643290961,True,False
A04,A,0.0025,201,F_TRACKED,220.0,0.0,7.912733756295077,7.912733756295077,True,False
A04,A,0.0025,201,F_NOMINAL,180.0,3.518905954888042,5.945311651150868,2.4264056962628255,True,False
A04,A,0.0025,201,F_NOMINAL,200.0,3.6545672586567197,6.028570633217688,2.3740033745609685,True,False
A04,A,0.0025,201,F_NOMINAL,220.0,9.097148667123312,6.325606191195589,-2.771542475927723,False,False
A04,A,0.0025,235,F_TRACKED,180.0,0.0,4.1583314368531505,4.1583314368531505,True,False
A04,A,0.0025,235,F_TRACKED,200.0,0.0,5.979851791685809,5.979851791685809,True,False
A04,A,0.0025,235,F_TRACKED,220.0,0.0,5.299130251295327,5.299130251295327,True,False
A04,A,0.0025,235,F_NOMINAL,180.0,2.4816332227444344,2.613439102977035,0.13180588023260054,True,False
A04,A,0.0025,235,F_NOMINAL,200.0,3.4135229932885562,5.7843283863655195,2.3708053930769633,True,False
A04,A,0.0025,235,F_NOMINAL,220.0,3.1398928097389556,4.004235933757747,0.8643431240187915,True,False
A04,A,0.0025,283,F_TRACKED,180.0,0.0,5.538094899483195,5.538094899483195,True,False
A04,A,0.0025,283,F_TRACKED,200.0,0.0,3.486423977643285,3.486423977643285,True,False
A04,A,0.0025,283,F_TRACKED,220.0,0.0,4.355443857498425,4.355443857498425,True,False
A04,A,0.0025,283,F_NOMINAL,180.0,5.815500481287956,5.711754832601795,-0.10374564868616165,False,False
A04,A,0.0025,283,F_NOMINAL,200.0,3.1549725923451923,2.8583311439195285,-0.29664144842566387,False,False
A04,A,0.0025,283,F_NOMINAL,220.0,1.2769218625203964,2.778187619605558,1.5012657570851615,True,False
A04,A,0.0025,338,F_TRACKED,180.0,0.0,6.307751447057394,6.307751447057394,True,False
A04,A,0.0025,338,F_TRACKED,200.0,0.0,6.1128371827050385,6.1128371827050385,True,False
A04,A,0.0025,338,F_TRACKED,220.0,0.0,5.970855272989464,5.970855272989464,True,False
A04,A,0.0025,338,F_NOMINAL,180.0,3.3245218775645977,6.211054662686154,2.886532785121556,True,False
A04,A,0.0025,338,F_NOMINAL,200.0,5.686654221891764,4.672945428619063,-1.0137087932727011,False,False
A04,A,0.0025,338,F_NOMINAL,220.0,3.486568151211073,6.241154995827797,2.754586844616724,True,False
A04,A,0.0025,FOUR,F_TRACKED,180.0,0.0,6.761611532520451,6.761611532520451,True,False
A04,A,0.0025,FOUR,F_TRACKED,200.0,0.0,6.985412059271,6.985412059271,True,False
A04,A,0.0025,FOUR,F_TRACKED,220.0,0.0,7.070458916285633,7.070458916285633,True,False
A04,A,0.0025,FOUR,F_NOMINAL,180.0,4.138126480944773,6.945151896739031,2.807025415794258,True,False
A04,A,0.0025,FOUR,F_NOMINAL,200.0,4.371936121333206,6.389559459284012,2.0176233379508055,True,False
A04,A,0.0025,FOUR,F_NOMINAL,220.0,5.211316847136889,6.3260418537611285,1.1147250066242398,True,False
A04,A,0.005,201,F_TRACKED,180.0,0.0,6.478690269114799,6.478690269114799,True,False
A04,A,0.005,201,F_TRACKED,200.0,0.0,6.624833631188848,6.624833631188848,True,False
A04,A,0.005,201,F_TRACKED,220.0,0.0,9.464416176366425,9.464416176366425,True,False
A04,A,0.005,201,F_NOMINAL,180.0,2.6969837101677983,5.492471658500449,2.7954879483326507,True,False
A04,A,0.005,201,F_NOMINAL,200.0,4.1666874837095556,6.713650494555539,2.5469630108459835,True,False
A04,A,0.005,201,F_NOMINAL,220.0,11.424730667439963,9.953220422534168,-1.4715102449057955,False,False
A04,A,0.005,235,F_TRACKED,180.0,0.0,4.342729420958269,4.342729420958269,True,False
A04,A,0.005,235,F_TRACKED,200.0,0.0,6.049259553815157,6.049259553815157,True,False
A04,A,0.005,235,F_TRACKED,220.0,0.0,4.946225576220182,4.946225576220182,True,False
A04,A,0.005,235,F_NOMINAL,180.0,3.108185934799157,3.7065836455880192,0.5983977107888623,True,False
A04,A,0.005,235,F_NOMINAL,200.0,2.2267085686526036,4.8445990275784485,2.617890458925845,True,False
A04,A,0.005,235,F_NOMINAL,220.0,0.759272689091576,3.636258262112198,2.876985573020622,True,False
A04,A,0.005,283,F_TRACKED,180.0,0.0,5.081973452112767,5.081973452112767,True,False
A04,A,0.005,283,F_TRACKED,200.0,0.0,3.9402670126958492,3.9402670126958492,True,False
A04,A,0.005,283,F_TRACKED,220.0,0.0,4.403570697318602,4.403570697318602,True,False
A04,A,0.005,283,F_NOMINAL,180.0,2.866859968698609,3.056350116142839,0.18949014744422987,True,False
A04,A,0.005,283,F_NOMINAL,200.0,3.585816937394692,3.885529928403785,0.299712991009093,True,False
A04,A,0.005,283,F_NOMINAL,220.0,0.5549422200029555,2.023264132624698,1.4683219126217426,True,False
A04,A,0.005,338,F_TRACKED,180.0,0.0,5.068177761307779,5.068177761307779,True,False
A04,A,0.005,338,F_TRACKED,200.0,0.0,6.619149561076553,6.619149561076553,True,False
A04,A,0.005,338,F_TRACKED,220.0,0.0,5.407709515601406,5.407709515601406,True,False
A04,A,0.005,338,F_NOMINAL,180.0,3.9892555305582937,6.228369123887092,2.2391135933287987,True,False
A04,A,0.005,338,F_NOMINAL,200.0,7.341200926435572,7.0724052379672475,-0.2687956884683249,False,False
A04,A,0.005,338,F_NOMINAL,220.0,3.461556595762573,6.408787987204059,2.9472313914414863,True,False
A04,A,0.005,FOUR,F_TRACKED,180.0,0.0,6.19174765158014,6.19174765158014,True,False
A04,A,0.005,FOUR,F_TRACKED,200.0,0.0,7.600117326956103,7.600117326956103,True,False
A04,A,0.005,FOUR,F_TRACKED,220.0,0.0,7.6783321577438155,7.6783321577438155,True,False
A04,A,0.005,FOUR,F_NOMINAL,180.0,3.4855049813497065,6.201612683301474,2.7161077019517674,True,False
A04,A,0.005,FOUR,F_NOMINAL,200.0,4.742313549755809,7.128281251458119,2.3859677017023095,True,False
A04,A,0.005,FOUR,F_NOMINAL,220.0,6.007074949887182,7.416301919011148,1.4092269691239663,True,False
A04,A,0.01,201,F_TRACKED,180.0,0.0,7.479601095176638,7.479601095176638,True,False
A04,A,0.01,201,F_TRACKED,200.0,0.0,7.992668043748644,7.992668043748644,True,False
A04,A,0.01,201,F_TRACKED,220.0,0.0,7.040488092255171,7.040488092255171,True,False
A04,A,0.01,201,F_NOMINAL,180.0,1.0110077812238165,6.243955954849471,5.232948173625655,True,False
A04,A,0.01,201,F_NOMINAL,200.0,1.2296893565167204,7.283868317946521,6.0541789614298,True,False
A04,A,0.01,201,F_NOMINAL,220.0,2.3508195010185946,5.931412637987861,3.580593136969266,True,False
A04,A,0.01,235,F_TRACKED,180.0,0.0,4.236706575446043,4.236706575446043,True,False
A04,A,0.01,235,F_TRACKED,200.0,0.0,6.1607203070816805,6.1607203070816805,True,False
A04,A,0.01,235,F_TRACKED,220.0,0.0,5.559706636460223,5.559706636460223,True,False
A04,A,0.01,235,F_NOMINAL,180.0,4.035907915570932,3.6840261305919118,-0.3518817849790201,False,False
A04,A,0.01,235,F_NOMINAL,200.0,1.6841936125944037,4.827207104686222,3.1430134920918182,True,False
A04,A,0.01,235,F_NOMINAL,220.0,0.7038206459186839,4.086047838670812,3.382227192752128,True,False
A04,A,0.01,283,F_TRACKED,180.0,0.0,4.837504478607045,4.837504478607045,True,False
A04,A,0.01,283,F_TRACKED,200.0,0.0,4.440489598931055,4.440489598931055,True,False
A04,A,0.01,283,F_TRACKED,220.0,0.0,4.6629029401336,4.6629029401336,True,False
A04,A,0.01,283,F_NOMINAL,180.0,2.931243112015453,3.6111266546723453,0.6798835426568921,True,False
A04,A,0.01,283,F_NOMINAL,200.0,3.518346390577643,4.061437111728195,0.5430907211505525,True,False
A04,A,0.01,283,F_NOMINAL,220.0,1.4490959017542593,2.8490306089696555,1.3999347072153963,True,False
A04,A,0.01,338,F_TRACKED,180.0,0.0,6.6394319703260525,6.6394319703260525,True,False
A04,A,0.01,338,F_TRACKED,200.0,0.0,4.080137558700717,4.080137558700717,True,False
A04,A,0.01,338,F_TRACKED,220.0,0.0,6.868471223362183,6.868471223362183,True,False
A04,A,0.01,338,F_NOMINAL,180.0,3.5199302746322596,6.677389399076406,3.157459124444147,True,False
A04,A,0.01,338,F_NOMINAL,200.0,3.289274048536703,4.927325249356815,1.638051200820112,True,False
A04,A,0.01,338,F_NOMINAL,220.0,5.010959599385996,5.592895712388679,0.5819361130026834,True,False
A04,A,0.01,FOUR,F_TRACKED,180.0,0.0,7.3704566496553845,7.3704566496553845,True,False
A04,A,0.01,FOUR,F_TRACKED,200.0,0.0,7.759369869764068,7.759369869764068,True,False
A04,A,0.01,FOUR,F_TRACKED,220.0,0.0,7.6345099547342965,7.6345099547342965,True,False
A04,A,0.01,FOUR,F_NOMINAL,180.0,3.437732252179086,6.991361534594952,3.5536292824158657,True,False
A04,A,0.01,FOUR,F_NOMINAL,200.0,3.109725180971638,6.743234566694195,3.6335093857225567,True,False
A04,A,0.01,FOUR,F_NOMINAL,220.0,3.0205776890106204,7.099023558898799,4.078445869888179,True,False
A04,A,0.02,201,F_TRACKED,180.0,0.0,6.6945360085655095,6.6945360085655095,True,False
A04,A,0.02,201,F_TRACKED,200.0,0.0,7.961361325918301,7.961361325918301,True,False
A04,A,0.02,201,F_TRACKED,220.0,0.0,4.22767759998352,4.22767759998352,True,False
A04,A,0.02,201,F_NOMINAL,180.0,1.8285059950531437,5.804143710155608,3.975637715102464,True,False
A04,A,0.02,201,F_NOMINAL,200.0,1.4915341659681671,7.025603945881712,5.534069779913545,True,False
A04,A,0.02,201,F_NOMINAL,220.0,1.494730222484137,4.041003517100095,2.546273294615958,True,False
A04,A,0.02,235,F_TRACKED,180.0,0.0,4.440641508466808,4.440641508466808,True,False
A04,A,0.02,235,F_TRACKED,200.0,0.0,5.965164830595737,5.965164830595737,True,False
A04,A,0.02,235,F_TRACKED,220.0,0.0,3.4023558553406117,3.4023558553406117,True,False
A04,A,0.02,235,F_NOMINAL,180.0,2.2452240314685996,3.8504530071569896,1.60522897568839,True,False
A04,A,0.02,235,F_NOMINAL,200.0,2.244557225197932,5.003122837541248,2.758565612343316,True,False
A04,A,0.02,235,F_NOMINAL,220.0,2.196334791028838,3.3828508344529498,1.1865160434241115,True,False
A04,A,0.02,283,F_TRACKED,180.0,0.0,3.690246257766958,3.690246257766958,True,False
A04,A,0.02,283,F_TRACKED,200.0,0.0,3.512021336951778,3.512021336951778,True,False
A04,A,0.02,283,F_TRACKED,220.0,0.0,4.497956694849498,4.497956694849498,True,False
A04,A,0.02,283,F_NOMINAL,180.0,1.0664374845248898,1.9251608814804184,0.8587233969555286,True,False
A04,A,0.02,283,F_NOMINAL,200.0,3.3635323624455995,3.9008601034650066,0.5373277410194071,True,False
A04,A,0.02,283,F_NOMINAL,220.0,1.6212085312197038,3.743725320692089,2.1225167894723853,True,False
A04,A,0.02,338,F_TRACKED,180.0,0.0,5.056273298368477,5.056273298368477,True,False
A04,A,0.02,338,F_TRACKED,200.0,0.0,4.389794163390601,4.389794163390601,True,False
A04,A,0.02,338,F_TRACKED,220.0,0.0,4.825480543250995,4.825480543250995,True,False
A04,A,0.02,338,F_NOMINAL,180.0,4.138256043075326,5.6458893457853,1.5076333027099746,True,False
A04,A,0.02,338,F_NOMINAL,200.0,3.643426367167174,3.8233160432998248,0.17988967613265094,True,False
A04,A,0.02,338,F_NOMINAL,220.0,6.000909902294715,5.9660327510642315,-0.03487715123048396,False,False
A04,A,0.02,FOUR,F_TRACKED,180.0,0.0,6.85069413085681,6.85069413085681,True,False
A04,A,0.02,FOUR,F_TRACKED,200.0,0.0,6.835399159017038,6.835399159017038,True,False
A04,A,0.02,FOUR,F_TRACKED,220.0,0.0,6.338897567082325,6.338897567082325,True,False
A04,A,0.02,FOUR,F_NOMINAL,180.0,2.81466004578145,6.308225321096876,3.4935652753154263,True,False
A04,A,0.02,FOUR,F_NOMINAL,200.0,3.126446327721546,6.318753131850013,3.192306804128467,True,False
A04,A,0.02,FOUR,F_NOMINAL,220.0,3.6884809936009066,6.222378228453905,2.533897234852998,True,False
A05,A,0.0,201,F_TRACKED,180.0,0.0,3.7198460016088855,3.7198460016088855,True,True
A05,A,0.0,201,F_TRACKED,200.0,0.0,6.27425940480029,6.27425940480029,True,True
A05,A,0.0,201,F_TRACKED,220.0,0.0,2.9545680498605975,2.9545680498605975,True,True
A05,A,0.0,201,F_NOMINAL,180.0,0.0,3.7198460016088855,3.7198460016088855,True,True
A05,A,0.0,201,F_NOMINAL,200.0,0.0,6.27425940480029,6.27425940480029,True,True
A05,A,0.0,201,F_NOMINAL,220.0,0.0,2.9545680498605975,2.9545680498605975,True,True
A05,A,0.0,235,F_TRACKED,180.0,0.0,0.08022789209486803,0.08022789209486803,True,True
A05,A,0.0,235,F_TRACKED,200.0,0.0,3.8142911014427336,3.8142911014427336,True,True
A05,A,0.0,235,F_TRACKED,220.0,0.0,1.6179911532252618,1.6179911532252618,True,True
A05,A,0.0,235,F_NOMINAL,180.0,0.0,0.08022789209486803,0.08022789209486803,True,True
A05,A,0.0,235,F_NOMINAL,200.0,0.0,3.8142911014427336,3.8142911014427336,True,True
A05,A,0.0,235,F_NOMINAL,220.0,0.0,1.6179911532252618,1.6179911532252618,True,True
A05,A,0.0,283,F_TRACKED,180.0,0.0,0.34143019656200124,0.34143019656200124,True,True
A05,A,0.0,283,F_TRACKED,200.0,0.0,0.11450354353709712,0.11450354353709712,True,True
A05,A,0.0,283,F_TRACKED,220.0,0.0,0.13695612047639827,0.13695612047639827,True,True
A05,A,0.0,283,F_NOMINAL,180.0,0.0,0.34143019656200124,0.34143019656200124,True,True
A05,A,0.0,283,F_NOMINAL,200.0,0.0,0.11450354353709712,0.11450354353709712,True,True
A05,A,0.0,283,F_NOMINAL,220.0,0.0,0.13695612047639827,0.13695612047639827,True,True
A05,A,0.0,338,F_TRACKED,180.0,0.0,5.258654093371093,5.258654093371093,True,True
A05,A,0.0,338,F_TRACKED,200.0,0.0,1.377300249989176,1.377300249989176,True,True
A05,A,0.0,338,F_TRACKED,220.0,0.0,3.7744784431198326,3.7744784431198326,True,True
A05,A,0.0,338,F_NOMINAL,180.0,0.0,5.258654093371093,5.258654093371093,True,True
A05,A,0.0,338,F_NOMINAL,200.0,0.0,1.377300249989176,1.377300249989176,True,True
A05,A,0.0,338,F_NOMINAL,220.0,0.0,3.7744784431198326,3.7744784431198326,True,True
A05,A,0.0,FOUR,F_TRACKED,180.0,0.0,5.44875425593574,5.44875425593574,True,True
A05,A,0.0,FOUR,F_TRACKED,200.0,0.0,5.886022214600133,5.886022214600133,True,True
A05,A,0.0,FOUR,F_TRACKED,220.0,0.0,5.7729500001405425,5.7729500001405425,True,True
A05,A,0.0,FOUR,F_NOMINAL,180.0,0.0,5.44875425593574,5.44875425593574,True,True
A05,A,0.0,FOUR,F_NOMINAL,200.0,0.0,5.886022214600133,5.886022214600133,True,True
A05,A,0.0,FOUR,F_NOMINAL,220.0,0.0,5.7729500001405425,5.7729500001405425,True,True
A05,A,0.0025,201,F_TRACKED,180.0,0.0,4.444237822207429,4.444237822207429,True,True
A05,A,0.0025,201,F_TRACKED,200.0,0.0,4.396113394769119,4.396113394769119,True,True
A05,A,0.0025,201,F_TRACKED,220.0,0.0,6.563350303421651,6.563350303421651,True,True
A05,A,0.0025,201,F_NOMINAL,180.0,3.508565670765845,4.208314286109559,0.6997486153437138,True,True
A05,A,0.0025,201,F_NOMINAL,200.0,3.6637290322109735,4.64650914059433,0.9827801083833565,True,True
A05,A,0.0025,201,F_NOMINAL,220.0,9.122466767264326,9.119374996887451,-0.003091770376874692,False,True
A05,A,0.0025,235,F_TRACKED,180.0,0.0,3.4420505805616113,3.4420505805616113,True,True
A05,A,0.0025,235,F_TRACKED,200.0,0.0,3.920592826019551,3.920592826019551,True,True
A05,A,0.0025,235,F_TRACKED,220.0,0.0,4.623929251089929,4.623929251089929,True,True
A05,A,0.0025,235,F_NOMINAL,180.0,2.474462906138824,2.483345646525338,0.008882740386514154,True,True
A05,A,0.0025,235,F_NOMINAL,200.0,3.4031828063515834,3.9602106709150635,0.5570278645634801,True,True
A05,A,0.0025,235,F_NOMINAL,220.0,3.126694667168794,3.1655019231989003,0.03880725603010626,True,True
A05,A,0.0025,283,F_TRACKED,180.0,0.0,3.621637268057171,3.621637268057171,True,True
A05,A,0.0025,283,F_TRACKED,200.0,0.0,2.613496511870997,2.613496511870997,True,True
A05,A,0.0025,283,F_TRACKED,220.0,0.0,3.3567572286234535,3.3567572286234535,True,True
A05,A,0.0025,283,F_NOMINAL,180.0,5.790779585636653,5.795348791522057,0.00456920588540477,True,True
A05,A,0.0025,283,F_NOMINAL,200.0,3.1670594102041862,3.1044756303842402,-0.062583779819946,False,True
A05,A,0.0025,283,F_NOMINAL,220.0,1.2726774167898234,0.9489744888603062,-0.32370292792951716,False,True
A05,A,0.0025,338,F_TRACKED,180.0,0.0,5.950688379229786,5.950688379229786,True,True
A05,A,0.0025,338,F_TRACKED,200.0,0.0,4.572307705920636,4.572307705920636,True,True
A05,A,0.0025,338,F_TRACKED,220.0,0.0,5.438306946600039,5.438306946600039,True,True
A05,A,0.0025,338,F_NOMINAL,180.0,3.3423548563584604,3.427319689142968,0.0849648327845074,True,True
A05,A,0.0025,338,F_NOMINAL,200.0,5.709336422485295,5.700473260330744,-0.008863162154550963,False,True
A05,A,0.0025,338,F_NOMINAL,220.0,3.4875499730141737,3.520850277332553,0.03330030431837949,True,True
A05,A,0.0025,FOUR,F_TRACKED,180.0,0.0,6.129729669735944,6.129729669735944,True,True
A05,A,0.0025,FOUR,F_TRACKED,200.0,0.0,6.667479333200297,6.667479333200297,True,True
A05,A,0.0025,FOUR,F_TRACKED,220.0,0.0,6.610167996940057,6.610167996940057,True,True
A05,A,0.0025,FOUR,F_NOMINAL,180.0,4.133430527812001,5.650956393989007,1.5175258661770057,True,True
A05,A,0.0025,FOUR,F_NOMINAL,200.0,4.379599460750165,5.567777311460274,1.188177850710109,True,True
A05,A,0.0025,FOUR,F_NOMINAL,220.0,5.219588172391356,6.302155691165869,1.0825675187745132,True,True
A05,A,0.005,201,F_TRACKED,180.0,0.0,8.515508516258533,8.515508516258533,True,True
A05,A,0.005,201,F_TRACKED,200.0,0.0,7.617955087422316,7.617955087422316,True,True
A05,A,0.005,201,F_TRACKED,220.0,0.0,8.039139544690627,8.039139544690627,True,True
A05,A,0.005,201,F_NOMINAL,180.0,2.6839737149073035,3.867530413266734,1.1835566983594306,True,True
A05,A,0.005,201,F_NOMINAL,200.0,4.1626988889722805,4.964362573198915,0.8016636842266349,True,True
A05,A,0.005,201,F_NOMINAL,220.0,11.374049423168133,11.363567309179475,-0.01048211398865817,False,True
A05,A,0.005,235,F_TRACKED,180.0,0.0,3.383659932320501,3.383659932320501,True,True
A05,A,0.005,235,F_TRACKED,200.0,0.0,4.150935479321176,4.150935479321176,True,True
A05,A,0.005,235,F_TRACKED,220.0,0.0,4.680648801828977,4.680648801828977,True,True
A05,A,0.005,235,F_NOMINAL,180.0,3.1172404281706947,3.2304489488898076,0.11320852071911292,True,True
A05,A,0.005,235,F_NOMINAL,200.0,2.217636901015861,2.902447635740511,0.6848107347246497,True,True
A05,A,0.005,235,F_NOMINAL,220.0,0.7596713710095278,1.5148933441988255,0.7552219731892977,True,True
A05,A,0.005,283,F_TRACKED,180.0,0.0,2.2301038109469538,2.2301038109469538,True,True
A05,A,0.005,283,F_TRACKED,200.0,0.0,3.1385809179803847,3.1385809179803847,True,True
A05,A,0.005,283,F_TRACKED,220.0,0.0,2.2856345348186897,2.2856345348186897,True,True
A05,A,0.005,283,F_NOMINAL,180.0,2.8695013080504927,2.9196932833101847,0.05019197525969199,True,True
A05,A,0.005,283,F_NOMINAL,200.0,3.5981279162108817,3.5976027223245346,-0.0005251938863470862,False,True
A05,A,0.005,283,F_NOMINAL,220.0,0.5552220530013257,0.5208810383774956,-0.0343410146238301,False,True
A05,A,0.005,338,F_TRACKED,180.0,0.0,5.81510897714813,5.81510897714813,True,True
A05,A,0.005,338,F_TRACKED,200.0,0.0,6.961116946975461,6.961116946975461,True,True
A05,A,0.005,338,F_TRACKED,220.0,0.0,6.0097702556561465,6.0097702556561465,True,True
A05,A,0.005,338,F_NOMINAL,180.0,3.9930057323748946,3.998650646729043,0.005644914354148156,True,True
A05,A,0.005,338,F_NOMINAL,200.0,7.33985643973649,7.329310730573967,-0.010545709162522954,False,True
A05,A,0.005,338,F_NOMINAL,220.0,3.4541759187992196,3.4714509980495185,0.01727507925029892,True,True
A05,A,0.005,FOUR,F_TRACKED,180.0,0.0,6.8937224593721,6.8937224593721,True,True
A05,A,0.005,FOUR,F_TRACKED,200.0,0.0,6.936117002996227,6.936117002996227,True,True
A05,A,0.005,FOUR,F_TRACKED,220.0,0.0,7.086178488969868,7.086178488969868,True,True
A05,A,0.005,FOUR,F_NOMINAL,180.0,3.484240338049112,5.054513607954487,1.5702732699053747,True,True
A05,A,0.005,FOUR,F_NOMINAL,200.0,4.743634533028231,5.997068483429735,1.2534339504015044,True,True
A05,A,0.005,FOUR,F_NOMINAL,220.0,5.974431956996656,6.856528301230567,0.8820963442339105,True,True
A05,A,0.01,201,F_TRACKED,180.0,0.0,8.451004312180212,8.451004312180212,True,True
A05,A,0.01,201,F_TRACKED,200.0,0.0,9.540766734517568,9.540766734517568,True,True
A05,A,0.01,201,F_TRACKED,220.0,0.0,7.296842519419431,7.296842519419431,True,True
A05,A,0.01,201,F_NOMINAL,180.0,1.0152852242720667,4.394566736531701,3.379281512259634,True,True
A05,A,0.01,201,F_NOMINAL,200.0,1.2288046037789773,5.075267975400786,3.846463371621809,True,True
A05,A,0.01,201,F_NOMINAL,220.0,2.352720192849407,3.9702935556372365,1.6175733627878297,True,True
A05,A,0.01,235,F_TRACKED,180.0,0.0,4.230494031878537,4.230494031878537,True,True
A05,A,0.01,235,F_TRACKED,200.0,0.0,4.543869449449525,4.543869449449525,True,True
A05,A,0.01,235,F_TRACKED,220.0,0.0,3.6132682468871584,3.6132682468871584,True,True
A05,A,0.01,235,F_NOMINAL,180.0,4.029559441920841,4.027138766382957,-0.002420675537884165,False,True
A05,A,0.01,235,F_NOMINAL,200.0,1.6912739690096967,2.6949732951237952,1.0036993261140985,True,True
A05,A,0.01,235,F_NOMINAL,220.0,0.7042890389655115,1.714112745000819,1.0098237060353075,True,True
A05,A,0.01,283,F_TRACKED,180.0,0.0,2.636269042764389,2.636269042764389,True,True
A05,A,0.01,283,F_TRACKED,200.0,0.0,5.051660490869108,5.051660490869108,True,True
A05,A,0.01,283,F_TRACKED,220.0,0.0,4.172124548746176,4.172124548746176,True,True
A05,A,0.01,283,F_NOMINAL,180.0,2.9211904376945896,2.926266100965331,0.00507566327074116,True,True
A05,A,0.01,283,F_NOMINAL,200.0,3.525964571784742,3.5371000778570862,0.01113550607234437,True,True
A05,A,0.01,283,F_NOMINAL,220.0,1.4541814427411819,1.2148068973259771,-0.23937454541520475,False,True
A05,A,0.01,338,F_TRACKED,180.0,0.0,6.496491600936721,6.496491600936721,True,True
A05,A,0.01,338,F_TRACKED,200.0,0.0,4.305057634450729,4.305057634450729,True,True
A05,A,0.01,338,F_TRACKED,220.0,0.0,6.191061589844862,6.191061589844862,True,True
A05,A,0.01,338,F_NOMINAL,180.0,3.537077501100185,3.744342885192748,0.20726538409256312,True,True
A05,A,0.01,338,F_NOMINAL,200.0,3.3028322213082153,3.3772042056060747,0.0743719842978594,True,True
A05,A,0.01,338,F_NOMINAL,220.0,5.027405674767509,5.027204811233123,-0.00020086353438664162,False,True
A05,A,0.01,FOUR,F_TRACKED,180.0,0.0,7.550747703377812,7.550747703377812,True,True
A05,A,0.01,FOUR,F_TRACKED,200.0,0.0,8.016557944823207,8.016557944823207,True,True
A05,A,0.01,FOUR,F_TRACKED,220.0,0.0,7.820287985299806,7.820287985299806,True,True
A05,A,0.01,FOUR,F_NOMINAL,180.0,3.4376354752760943,5.461010634170494,2.0233751588943996,True,True
A05,A,0.01,FOUR,F_NOMINAL,200.0,3.1205618675374,5.882892420384354,2.762330552846954,True,True
A05,A,0.01,FOUR,F_NOMINAL,220.0,3.029587001360496,5.875982665240791,2.846395663880295,True,True
A05,A,0.02,201,F_TRACKED,180.0,0.0,5.196807752238443,5.196807752238443,True,True
A05,A,0.02,201,F_TRACKED,200.0,0.0,6.606131783347719,6.606131783347719,True,True
A05,A,0.02,201,F_TRACKED,220.0,0.0,2.9829065838672784,2.9829065838672784,True,True
A05,A,0.02,201,F_NOMINAL,180.0,1.8339238117303776,3.8265870750726694,1.9926632633422918,True,True
A05,A,0.02,201,F_NOMINAL,200.0,1.4985418082337894,4.707715106908297,3.209173298674507,True,True
A05,A,0.02,201,F_NOMINAL,220.0,1.5004808410259363,1.5747048918320319,0.07422405080609562,True,True
A05,A,0.02,235,F_TRACKED,180.0,0.0,3.9167070319122765,3.9167070319122765,True,True
A05,A,0.02,235,F_TRACKED,200.0,0.0,5.545486625483475,5.545486625483475,True,True
A05,A,0.02,235,F_TRACKED,220.0,0.0,3.958055096954406,3.958055096954406,True,True
A05,A,0.02,235,F_NOMINAL,180.0,2.2503286970668963,2.282089788008025,0.03176109094112878,True,True
A05,A,0.02,235,F_NOMINAL,200.0,2.2400737654736522,2.9603640128419495,0.7202902473682973,True,True
A05,A,0.02,235,F_NOMINAL,220.0,2.208075544168155,2.1249032890309687,-0.08317225513718629,False,True
A05,A,0.02,283,F_TRACKED,180.0,0.0,1.6526635125701732,1.6526635125701732,True,True
A05,A,0.02,283,F_TRACKED,200.0,0.0,2.796496513217097,2.796496513217097,True,True
A05,A,0.02,283,F_TRACKED,220.0,0.0,2.6948236750702868,2.6948236750702868,True,True
A05,A,0.02,283,F_NOMINAL,180.0,1.0624295280010998,1.0745159673307536,0.012086439329653809,True,True
A05,A,0.02,283,F_NOMINAL,200.0,3.3688817913011504,3.401511519943435,0.03262972864228475,True,True
A05,A,0.02,283,F_NOMINAL,220.0,1.6213213393635029,1.5628644805915324,-0.05845685877197049,False,True
A05,A,0.02,338,F_TRACKED,180.0,0.0,5.150752711149561,5.150752711149561,True,True
A05,A,0.02,338,F_TRACKED,200.0,0.0,2.5868812305043445,2.5868812305043445,True,True
A05,A,0.02,338,F_TRACKED,220.0,0.0,5.624818755687313,5.624818755687313,True,True
A05,A,0.02,338,F_NOMINAL,180.0,4.143229772780389,4.202270048245115,0.05904027546472612,True,True
A05,A,0.02,338,F_NOMINAL,200.0,3.658124007924917,3.6677780711761767,0.009654063251259615,True,True
A05,A,0.02,338,F_NOMINAL,220.0,5.993038540050177,6.069057931139001,0.07601939108882405,True,True
A05,A,0.02,FOUR,F_TRACKED,180.0,0.0,6.685188322786525,6.685188322786525,True,True
A05,A,0.02,FOUR,F_TRACKED,200.0,0.0,6.709414471606545,6.709414471606545,True,True
A05,A,0.02,FOUR,F_TRACKED,220.0,0.0,6.569748262033034,6.569748262033034,True,True
A05,A,0.02,FOUR,F_NOMINAL,180.0,2.814060889072057,5.3312523933972535,2.5171915043251967,True,True
A05,A,0.02,FOUR,F_NOMINAL,200.0,3.136960011047527,4.984743058426954,1.8477830473794268,True,True
A05,A,0.02,FOUR,F_NOMINAL,220.0,3.6912734325300356,5.107407302986,1.4161338704559645,True,True
A06,A,0.0,201,F_TRACKED,180.0,0.0,4.595190747535326,4.595190747535326,True,False
A06,A,0.0,201,F_TRACKED,200.0,0.0,6.943239914791219,6.943239914791219,True,False
A06,A,0.0,201,F_TRACKED,220.0,0.0,3.9420196281297866,3.9420196281297866,True,False
A06,A,0.0,201,F_NOMINAL,180.0,0.0,4.595190747535326,4.595190747535326,True,False
A06,A,0.0,201,F_NOMINAL,200.0,0.0,6.943239914791219,6.943239914791219,True,False
A06,A,0.0,201,F_NOMINAL,220.0,0.0,3.9420196281297866,3.9420196281297866,True,False
A06,A,0.0,235,F_TRACKED,180.0,0.0,2.076799315232921,2.076799315232921,True,False
A06,A,0.0,235,F_TRACKED,200.0,0.0,4.994427719213072,4.994427719213072,True,False
A06,A,0.0,235,F_TRACKED,220.0,0.0,3.2045195098103862,3.2045195098103862,True,False
A06,A,0.0,235,F_NOMINAL,180.0,0.0,2.076799315232921,2.076799315232921,True,False
A06,A,0.0,235,F_NOMINAL,200.0,0.0,4.994427719213072,4.994427719213072,True,False
A06,A,0.0,235,F_NOMINAL,220.0,0.0,3.2045195098103862,3.2045195098103862,True,False
A06,A,0.0,283,F_TRACKED,180.0,0.0,1.837844090862054,1.837844090862054,True,False
A06,A,0.0,283,F_TRACKED,200.0,0.0,3.338502143312868,3.338502143312868,True,False
A06,A,0.0,283,F_TRACKED,220.0,0.0,2.1381982465607567,2.1381982465607567,True,False
A06,A,0.0,283,F_NOMINAL,180.0,0.0,1.837844090862054,1.837844090862054,True,False
A06,A,0.0,283,F_NOMINAL,200.0,0.0,3.338502143312868,3.338502143312868,True,False
A06,A,0.0,283,F_NOMINAL,220.0,0.0,2.1381982465607567,2.1381982465607567,True,False
A06,A,0.0,338,F_TRACKED,180.0,0.0,8.163466099224074,8.163466099224074,True,False
A06,A,0.0,338,F_TRACKED,200.0,0.0,4.910045881104592,4.910045881104592,True,False
A06,A,0.0,338,F_TRACKED,220.0,0.0,6.84251987460911,6.84251987460911,True,False
A06,A,0.0,338,F_NOMINAL,180.0,0.0,8.163466099224074,8.163466099224074,True,False
A06,A,0.0,338,F_NOMINAL,200.0,0.0,4.910045881104592,4.910045881104592,True,False
A06,A,0.0,338,F_NOMINAL,220.0,0.0,6.84251987460911,6.84251987460911,True,False
A06,A,0.0,FOUR,F_TRACKED,180.0,0.0,5.524453132860109,5.524453132860109,True,False
A06,A,0.0,FOUR,F_TRACKED,200.0,0.0,6.365661849378607,6.365661849378607,True,False
A06,A,0.0,FOUR,F_TRACKED,220.0,0.0,5.465108406101473,5.465108406101473,True,False
A06,A,0.0,FOUR,F_NOMINAL,180.0,0.0,5.524453132860109,5.524453132860109,True,False
A06,A,0.0,FOUR,F_NOMINAL,200.0,0.0,6.365661849378607,6.365661849378607,True,False
A06,A,0.0,FOUR,F_NOMINAL,220.0,0.0,5.465108406101473,5.465108406101473,True,False
A06,A,0.0025,201,F_TRACKED,180.0,0.0,5.107174326538369,5.107174326538369,True,False
A06,A,0.0025,201,F_TRACKED,200.0,0.0,4.082480448414866,4.082480448414866,True,False
A06,A,0.0025,201,F_TRACKED,220.0,0.0,8.381061621318477,8.381061621318477,True,False
A06,A,0.0025,201,F_NOMINAL,180.0,3.519280108108831,5.390694217921665,1.8714141098128336,True,False
A06,A,0.0025,201,F_NOMINAL,200.0,3.654136254879916,4.647156528833076,0.9930202739531597,True,False
A06,A,0.0025,201,F_NOMINAL,220.0,9.096074398305749,7.778534612709872,-1.3175397855958773,False,False
A06,A,0.0025,235,F_TRACKED,180.0,0.0,3.178364279223739,3.178364279223739,True,False
A06,A,0.0025,235,F_TRACKED,200.0,0.0,4.402950902218504,4.402950902218504,True,False
A06,A,0.0025,235,F_TRACKED,220.0,0.0,4.506484100178758,4.506484100178758,True,False
A06,A,0.0025,235,F_NOMINAL,180.0,2.4815056796629777,3.4743133483885718,0.992807668725594,True,False
A06,A,0.0025,235,F_NOMINAL,200.0,3.4139096428600197,4.798825383235438,1.3849157403754182,True,False
A06,A,0.0025,235,F_NOMINAL,220.0,3.14177952453994,4.4286678271495985,1.2868883026096585,True,False
A06,A,0.0025,283,F_TRACKED,180.0,0.0,5.011975581727863,5.011975581727863,True,False
A06,A,0.0025,283,F_TRACKED,200.0,0.0,2.965530664810715,2.965530664810715,True,False
A06,A,0.0025,283,F_TRACKED,220.0,0.0,2.7463236532627997,2.7463236532627997,True,False
A06,A,0.0025,283,F_NOMINAL,180.0,5.813822504105357,5.366243424560029,-0.44757907954532783,False,False
A06,A,0.0025,283,F_NOMINAL,200.0,3.153861319637152,3.160548301161133,0.0066869815239809505,True,False
A06,A,0.0025,283,F_NOMINAL,220.0,1.278059531342361,2.983414673526538,1.7053551421841768,True,False
A06,A,0.0025,338,F_TRACKED,180.0,0.0,5.956146710303811,5.956146710303811,True,False
A06,A,0.0025,338,F_TRACKED,200.0,0.0,4.597390580463415,4.597390580463415,True,False
A06,A,0.0025,338,F_TRACKED,220.0,0.0,5.040858017283544,5.040858017283544,True,False
A06,A,0.0025,338,F_NOMINAL,180.0,3.3231552065205814,5.52515539755863,2.202000191038049,True,False
A06,A,0.0025,338,F_NOMINAL,200.0,5.6843932054946595,4.910611085655306,-0.7737821198393533,False,False
A06,A,0.0025,338,F_NOMINAL,220.0,3.4863170129789887,4.929308319564555,1.4429913065855664,True,False
A06,A,0.0025,FOUR,F_TRACKED,180.0,0.0,6.042448830029223,6.042448830029223,True,False
A06,A,0.0025,FOUR,F_TRACKED,200.0,0.0,5.588392338865178,5.588392338865178,True,False
A06,A,0.0025,FOUR,F_TRACKED,220.0,0.0,7.083380553104329,7.083380553104329,True,False
A06,A,0.0025,FOUR,F_NOMINAL,180.0,4.137984572940024,5.916568332587883,1.7785837596478595,True,False
A06,A,0.0025,FOUR,F_NOMINAL,200.0,4.370861199583889,5.867015975104749,1.4961547755208606,True,False
A06,A,0.0025,FOUR,F_NOMINAL,220.0,5.210922736425505,6.4439464178269965,1.2330236814014919,True,False
A06,A,0.005,201,F_TRACKED,180.0,0.0,4.329449618175442,4.329449618175442,True,False
A06,A,0.005,201,F_TRACKED,200.0,0.0,4.82681898718213,4.82681898718213,True,False
A06,A,0.005,201,F_TRACKED,220.0,0.0,9.84050758759925,9.84050758759925,True,False
A06,A,0.005,201,F_NOMINAL,180.0,2.6962776671178177,4.942224178998814,2.2459465118809967,True,False
A06,A,0.005,201,F_NOMINAL,200.0,4.1698418424731,5.003324757881886,0.8334829154087862,True,False
A06,A,0.005,201,F_NOMINAL,220.0,11.42128435914773,10.973433912548094,-0.44785044659963624,False,False
A06,A,0.005,235,F_TRACKED,180.0,0.0,3.8990750107892023,3.8990750107892023,True,False
A06,A,0.005,235,F_TRACKED,200.0,0.0,3.3974258289966097,3.3974258289966097,True,False
A06,A,0.005,235,F_TRACKED,220.0,0.0,2.7564549321373795,2.7564549321373795,True,False
A06,A,0.005,235,F_NOMINAL,180.0,3.108435434120374,3.1588251992539256,0.050389765133551645,True,False
A06,A,0.005,235,F_NOMINAL,200.0,2.2264684981892215,4.056277591738471,1.8298090935492497,True,False
A06,A,0.005,235,F_NOMINAL,220.0,0.7596685413736742,3.2156731057227668,2.4560045643490924,True,False
A06,A,0.005,283,F_TRACKED,180.0,0.0,2.9064802523433313,2.9064802523433313,True,False
A06,A,0.005,283,F_TRACKED,200.0,0.0,3.538409264152062,3.538409264152062,True,False
A06,A,0.005,283,F_TRACKED,220.0,0.0,2.0380827344045875,2.0380827344045875,True,False
A06,A,0.005,283,F_NOMINAL,180.0,2.8675237040388315,2.4071405648107986,-0.46038313922803287,False,False
A06,A,0.005,283,F_NOMINAL,200.0,3.585499839571758,3.9128023020033345,0.32730246243157657,True,False
A06,A,0.005,283,F_NOMINAL,220.0,0.5550698640798225,2.3881223011486106,1.8330524370687882,True,False
A06,A,0.005,338,F_TRACKED,180.0,0.0,3.7568750712535137,3.7568750712535137,True,False
A06,A,0.005,338,F_TRACKED,200.0,0.0,6.924578380106174,6.924578380106174,True,False
A06,A,0.005,338,F_TRACKED,220.0,0.0,3.858379013148936,3.858379013148936,True,False
A06,A,0.005,338,F_NOMINAL,180.0,3.989117246800073,4.936520525347267,0.9474032785471938,True,False
A06,A,0.005,338,F_NOMINAL,200.0,7.346016381907916,5.302829335951091,-2.0431870459568247,False,False
A06,A,0.005,338,F_NOMINAL,220.0,3.460273228449924,4.315315704407431,0.8550424759575073,True,False
A06,A,0.005,FOUR,F_TRACKED,180.0,0.0,4.42912071419743,4.42912071419743,True,False
A06,A,0.005,FOUR,F_TRACKED,200.0,0.0,6.310958744388042,6.310958744388042,True,False
A06,A,0.005,FOUR,F_TRACKED,220.0,0.0,6.248400789251733,6.248400789251733,True,False
A06,A,0.005,FOUR,F_NOMINAL,180.0,3.4854485126649193,5.201503639075474,1.7160551264105548,True,False
A06,A,0.005,FOUR,F_NOMINAL,200.0,4.744606572381203,6.10500129333006,1.3603947209488574,True,False
A06,A,0.005,FOUR,F_NOMINAL,220.0,6.004975715788603,7.542430243565593,1.5374545277769904,True,False
A06,A,0.01,201,F_TRACKED,180.0,0.0,5.223582233914405,5.223582233914405,True,False
A06,A,0.01,201,F_TRACKED,200.0,0.0,6.023078502553983,6.023078502553983,True,False
A06,A,0.01,201,F_TRACKED,220.0,0.0,4.8887119830047,4.8887119830047,True,False
A06,A,0.01,201,F_NOMINAL,180.0,1.0106246678937199,4.9955368158730655,3.9849121479793457,True,False
A06,A,0.01,201,F_NOMINAL,200.0,1.230222436406808,5.7575148446808955,4.5272924082740875,True,False
A06,A,0.01,201,F_NOMINAL,220.0,2.3513564381845855,4.654389719873201,2.3030332816886157,True,False
A06,A,0.01,235,F_TRACKED,180.0,0.0,4.128617725932723,4.128617725932723,True,False
A06,A,0.01,235,F_TRACKED,200.0,0.0,3.6463284751579237,3.6463284751579237,True,False
A06,A,0.01,235,F_TRACKED,220.0,0.0,2.5814082173487947,2.5814082173487947,True,False
A06,A,0.01,235,F_NOMINAL,180.0,4.038866884006876,4.751832828717695,0.7129659447108185,True,False
A06,A,0.01,235,F_NOMINAL,200.0,1.6834949244181927,4.049268852031422,2.3657739276132292,True,False
A06,A,0.01,235,F_NOMINAL,220.0,0.7035716651902,3.288620004541537,2.585048339351337,True,False
A06,A,0.01,283,F_TRACKED,180.0,0.0,3.274494859539923,3.274494859539923,True,False
A06,A,0.01,283,F_TRACKED,200.0,0.0,3.7115225428457874,3.7115225428457874,True,False
A06,A,0.01,283,F_TRACKED,220.0,0.0,2.6709456147432054,2.6709456147432054,True,False
A06,A,0.01,283,F_NOMINAL,180.0,2.9331416123836873,2.3971516316383368,-0.5359899807453505,False,False
A06,A,0.01,283,F_NOMINAL,200.0,3.516901571882487,3.824676134062366,0.30777456217987886,True,False
A06,A,0.01,283,F_NOMINAL,220.0,1.44849556326551,2.9868112006604948,1.5383156373949847,True,False
A06,A,0.01,338,F_TRACKED,180.0,0.0,5.81937777920888,5.81937777920888,True,False
A06,A,0.01,338,F_TRACKED,200.0,0.0,4.8979326683206805,4.8979326683206805,True,False
A06,A,0.01,338,F_TRACKED,220.0,0.0,6.614048307379733,6.614048307379733,True,False
A06,A,0.01,338,F_NOMINAL,180.0,3.518499971770227,5.853753427908176,2.3352534561379485,True,False
A06,A,0.01,338,F_NOMINAL,200.0,3.288742699531124,4.5697557569647484,1.2810130574336243,True,False
A06,A,0.01,338,F_NOMINAL,220.0,5.009115203876561,6.11682467853065,1.1077094746540883,True,False
A06,A,0.01,FOUR,F_TRACKED,180.0,0.0,5.123598947552405,5.123598947552405,True,False
A06,A,0.01,FOUR,F_TRACKED,200.0,0.0,5.2073290387438895,5.2073290387438895,True,False
A06,A,0.01,FOUR,F_TRACKED,220.0,0.0,5.106662664052967,5.106662664052967,True,False
A06,A,0.01,FOUR,F_NOMINAL,180.0,3.4379343701218716,5.613979311922407,2.176044941800535,True,False
A06,A,0.01,FOUR,F_NOMINAL,200.0,3.108506513492973,5.673088981029899,2.564582467536926,True,False
A06,A,0.01,FOUR,F_NOMINAL,220.0,3.0200206245169547,5.6753180097771345,2.6552973852601798,True,False
A06,A,0.02,201,F_TRACKED,180.0,0.0,4.600647538032475,4.600647538032475,True,False
A06,A,0.02,201,F_TRACKED,200.0,0.0,4.721230990148629,4.721230990148629,True,False
A06,A,0.02,201,F_TRACKED,220.0,0.0,2.2937009841750653,2.2937009841750653,True,False
A06,A,0.02,201,F_NOMINAL,180.0,1.8279360846181474,4.232664937685562,2.4047288530674145,True,False
A06,A,0.02,201,F_NOMINAL,200.0,1.490947909604924,5.497905499887512,4.006957590282588,True,False
A06,A,0.02,201,F_NOMINAL,220.0,1.4943483499344694,2.2857573454723252,0.7914089955378558,True,False
A06,A,0.02,235,F_TRACKED,180.0,0.0,3.1341178704564427,3.1341178704564427,True,False
A06,A,0.02,235,F_TRACKED,200.0,0.0,3.8227149781018923,3.8227149781018923,True,False
A06,A,0.02,235,F_TRACKED,220.0,0.0,3.437657279681104,3.437657279681104,True,False
A06,A,0.02,235,F_NOMINAL,180.0,2.245690963044059,2.5812384003438362,0.3355474372997773,True,False
A06,A,0.02,235,F_NOMINAL,200.0,2.2446726507735417,4.122776644183365,1.8781039934098236,True,False
A06,A,0.02,235,F_NOMINAL,220.0,2.1954284883230737,2.8460688429432235,0.6506403546201498,True,False
A06,A,0.02,283,F_TRACKED,180.0,0.0,1.7804585781620772,1.7804585781620772,True,False
A06,A,0.02,283,F_TRACKED,200.0,0.0,3.60855678351166,3.60855678351166,True,False
A06,A,0.02,283,F_TRACKED,220.0,0.0,3.2047144252583255,3.2047144252583255,True,False
A06,A,0.02,283,F_NOMINAL,180.0,1.0666945510330574,2.2070652130411235,1.140370662008066,True,False
A06,A,0.02,283,F_NOMINAL,200.0,3.362210759397097,3.85533280699127,0.4931220475941731,True,False
A06,A,0.02,283,F_NOMINAL,220.0,1.6209432344350534,3.473591677307778,1.8526484428727248,True,False
A06,A,0.02,338,F_TRACKED,180.0,0.0,4.379963987478348,4.379963987478348,True,False
A06,A,0.02,338,F_TRACKED,200.0,0.0,4.153823215371757,4.153823215371757,True,False
A06,A,0.02,338,F_TRACKED,220.0,0.0,5.265146739939526,5.265146739939526,True,False
A06,A,0.02,338,F_NOMINAL,180.0,4.139232296807307,4.788438659866061,0.6492063630587532,True,False
A06,A,0.02,338,F_NOMINAL,200.0,3.6420423152824517,3.9309452792055666,0.2889029639231149,True,False
A06,A,0.02,338,F_NOMINAL,220.0,6.00617095332821,4.683038157132305,-1.323132796195905,False,False
A06,A,0.02,FOUR,F_TRACKED,180.0,0.0,5.383760691499105,5.383760691499105,True,False
A06,A,0.02,FOUR,F_TRACKED,200.0,0.0,5.927374558465808,5.927374558465808,True,False
A06,A,0.02,FOUR,F_TRACKED,220.0,0.0,5.4956793762229825,5.4956793762229825,True,False
A06,A,0.02,FOUR,F_NOMINAL,180.0,2.815970641252949,5.24494942015621,2.4289787789032613,True,False
A06,A,0.02,FOUR,F_NOMINAL,200.0,3.1255974180531503,5.531610696235446,2.4060132781822956,True,False
A06,A,0.02,FOUR,F_NOMINAL,220.0,3.6891539474792308,5.176897605826758,1.4877436583475272,True,False
A07,A,0.0,201,F_TRACKED,180.0,0.0,4.750292037782061,4.750292037782061,True,False
A07,A,0.0,201,F_TRACKED,200.0,0.0,7.063982594811772,7.063982594811772,True,False
A07,A,0.0,201,F_TRACKED,220.0,0.0,4.112977297761146,4.112977297761146,True,False
A07,A,0.0,201,F_NOMINAL,180.0,0.0,4.750292037782061,4.750292037782061,True,False
A07,A,0.0,201,F_NOMINAL,200.0,0.0,7.063982594811772,7.063982594811772,True,False
A07,A,0.0,201,F_NOMINAL,220.0,0.0,4.112977297761146,4.112977297761146,True,False
A07,A,0.0,235,F_TRACKED,180.0,0.0,1.7348465642543796,1.7348465642543796,True,False
A07,A,0.0,235,F_TRACKED,200.0,0.0,7.039663905976733,7.039663905976733,True,False
A07,A,0.0,235,F_TRACKED,220.0,0.0,5.134746529836359,5.134746529836359,True,False
A07,A,0.0,235,F_NOMINAL,180.0,0.0,1.7348465642543796,1.7348465642543796,True,False
A07,A,0.0,235,F_NOMINAL,200.0,0.0,7.039663905976733,7.039663905976733,True,False
A07,A,0.0,235,F_NOMINAL,220.0,0.0,5.134746529836359,5.134746529836359,True,False
A07,A,0.0,283,F_TRACKED,180.0,0.0,2.757457005121983,2.757457005121983,True,False
A07,A,0.0,283,F_TRACKED,200.0,0.0,1.982251389591599,1.982251389591599,True,False
A07,A,0.0,283,F_TRACKED,220.0,0.0,3.341820409705855,3.341820409705855,True,False
A07,A,0.0,283,F_NOMINAL,180.0,0.0,2.757457005121983,2.757457005121983,True,False
A07,A,0.0,283,F_NOMINAL,200.0,0.0,1.982251389591599,1.982251389591599,True,False
A07,A,0.0,283,F_NOMINAL,220.0,0.0,3.341820409705855,3.341820409705855,True,False
A07,A,0.0,338,F_TRACKED,180.0,0.0,10.4468952553241,10.4468952553241,True,False
A07,A,0.0,338,F_TRACKED,200.0,0.0,6.7318854775186665,6.7318854775186665,True,False
A07,A,0.0,338,F_TRACKED,220.0,0.0,9.00978139832911,9.00978139832911,True,False
A07,A,0.0,338,F_NOMINAL,180.0,0.0,10.4468952553241,10.4468952553241,True,False
A07,A,0.0,338,F_NOMINAL,200.0,0.0,6.7318854775186665,6.7318854775186665,True,False
A07,A,0.0,338,F_NOMINAL,220.0,0.0,9.00978139832911,9.00978139832911,True,False
A07,A,0.0,FOUR,F_TRACKED,180.0,0.0,7.04828754342031,7.04828754342031,True,False
A07,A,0.0,FOUR,F_TRACKED,200.0,0.0,7.035184744904946,7.035184744904946,True,False
A07,A,0.0,FOUR,F_TRACKED,220.0,0.0,7.167876705788699,7.167876705788699,True,False
A07,A,0.0,FOUR,F_NOMINAL,180.0,0.0,7.04828754342031,7.04828754342031,True,False
A07,A,0.0,FOUR,F_NOMINAL,200.0,0.0,7.035184744904946,7.035184744904946,True,False
A07,A,0.0,FOUR,F_NOMINAL,220.0,0.0,7.167876705788699,7.167876705788699,True,False
A07,A,0.0025,201,F_TRACKED,180.0,0.0,4.86353435754994,4.86353435754994,True,False
A07,A,0.0025,201,F_TRACKED,200.0,0.0,5.342991133690572,5.342991133690572,True,False
A07,A,0.0025,201,F_TRACKED,220.0,0.0,6.930273150229469,6.930273150229469,True,False
A07,A,0.0025,201,F_NOMINAL,180.0,3.519280108108831,5.128646262101693,1.609366153992862,True,False
A07,A,0.0025,201,F_NOMINAL,200.0,3.654136254879916,4.0503285600565455,0.3961923051766294,True,False
A07,A,0.0025,201,F_NOMINAL,220.0,9.096074398305749,6.252170322004211,-2.8439040763015377,False,False
A07,A,0.0025,235,F_TRACKED,180.0,0.0,4.281565836358699,4.281565836358699,True,False
A07,A,0.0025,235,F_TRACKED,200.0,0.0,7.073625839779831,7.073625839779831,True,False
A07,A,0.0025,235,F_TRACKED,220.0,0.0,4.974918780661402,4.974918780661402,True,False
A07,A,0.0025,235,F_NOMINAL,180.0,2.4815056796629777,3.925078443445586,1.4435727637826083,True,False
A07,A,0.0025,235,F_NOMINAL,200.0,3.4139096428600197,6.092132217576867,2.6782225747168473,True,False
A07,A,0.0025,235,F_NOMINAL,220.0,3.14177952453994,3.9921387797856696,0.8503592552457295,True,False
A07,A,0.0025,283,F_TRACKED,180.0,0.0,4.385284538011931,4.385284538011931,True,False
A07,A,0.0025,283,F_TRACKED,200.0,0.0,2.4369668313226764,2.4369668313226764,True,False
A07,A,0.0025,283,F_TRACKED,220.0,0.0,4.051579856610895,4.051579856610895,True,False
A07,A,0.0025,283,F_NOMINAL,180.0,5.813822504105357,4.069793355919924,-1.7440291481854322,False,False
A07,A,0.0025,283,F_NOMINAL,200.0,3.153861319637152,2.694576101829636,-0.45928521780751597,False,False
A07,A,0.0025,283,F_NOMINAL,220.0,1.278059531342361,4.1478688170729425,2.8698092857305815,True,False
A07,A,0.0025,338,F_TRACKED,180.0,0.0,5.0342792233203175,5.0342792233203175,True,False
A07,A,0.0025,338,F_TRACKED,200.0,0.0,4.765562717686786,4.765562717686786,True,False
A07,A,0.0025,338,F_TRACKED,220.0,0.0,5.219648472707175,5.219648472707175,True,False
A07,A,0.0025,338,F_NOMINAL,180.0,3.3231552065205814,7.0605369477444455,3.737381741223864,True,False
A07,A,0.0025,338,F_NOMINAL,200.0,5.6843932054946595,5.248488767944745,-0.43590443754991437,False,False
A07,A,0.0025,338,F_NOMINAL,220.0,3.4863170129789887,5.953109687123227,2.4667926741442385,True,False
A07,A,0.0025,FOUR,F_TRACKED,180.0,0.0,6.362102820279336,6.362102820279336,True,False
A07,A,0.0025,FOUR,F_TRACKED,200.0,0.0,6.966743591108318,6.966743591108318,True,False
A07,A,0.0025,FOUR,F_TRACKED,220.0,0.0,6.858000986250599,6.858000986250599,True,False
A07,A,0.0025,FOUR,F_NOMINAL,180.0,4.137984572940024,5.890549736070818,1.752565163130794,True,False
A07,A,0.0025,FOUR,F_NOMINAL,200.0,4.370861199583889,6.389805184616524,2.018943985032635,True,False
A07,A,0.0025,FOUR,F_NOMINAL,220.0,5.210922736425505,6.942753197599986,1.7318304611744813,True,False
A07,A,0.005,201,F_TRACKED,180.0,0.0,4.451469213316355,4.451469213316355,True,False
A07,A,0.005,201,F_TRACKED,200.0,0.0,3.8944655627592075,3.8944655627592075,True,False
A07,A,0.005,201,F_TRACKED,220.0,0.0,9.677238701324903,9.677238701324903,True,False
A07,A,0.005,201,F_NOMINAL,180.0,2.6962776671178177,4.972045386055733,2.275767718937915,True,False
A07,A,0.005,201,F_NOMINAL,200.0,4.1698418424731,4.194949828799726,0.02510798632662592,True,False
A07,A,0.005,201,F_NOMINAL,220.0,11.42128435914773,10.361336377356618,-1.0599479817911117,False,False
A07,A,0.005,235,F_TRACKED,180.0,0.0,4.130161636673167,4.130161636673167,True,False
A07,A,0.005,235,F_TRACKED,200.0,0.0,6.039839184438468,6.039839184438468,True,False
A07,A,0.005,235,F_TRACKED,220.0,0.0,5.186006478609478,5.186006478609478,True,False
A07,A,0.005,235,F_NOMINAL,180.0,3.108435434120374,3.585786298160737,0.4773508640403632,True,False
A07,A,0.005,235,F_NOMINAL,200.0,2.2264684981892215,5.652357985080319,3.4258894868910974,True,False
A07,A,0.005,235,F_NOMINAL,220.0,0.7596685413736742,4.619998011903111,3.860329470529437,True,False
A07,A,0.005,283,F_TRACKED,180.0,0.0,3.112766524883991,3.112766524883991,True,False
A07,A,0.005,283,F_TRACKED,200.0,0.0,4.23621961545687,4.23621961545687,True,False
A07,A,0.005,283,F_TRACKED,220.0,0.0,3.922373072064757,3.922373072064757,True,False
A07,A,0.005,283,F_NOMINAL,180.0,2.8675237040388315,4.191746111634329,1.3242224075954971,True,False
A07,A,0.005,283,F_NOMINAL,200.0,3.585499839571758,3.8236621463789047,0.23816230680714678,True,False
A07,A,0.005,283,F_NOMINAL,220.0,0.5550698640798225,3.5637302045112067,3.0086603404313843,True,False
A07,A,0.005,338,F_TRACKED,180.0,0.0,6.096165121736788,6.096165121736788,True,False
A07,A,0.005,338,F_TRACKED,200.0,0.0,6.155317025428186,6.155317025428186,True,False
A07,A,0.005,338,F_TRACKED,220.0,0.0,6.3286010935235435,6.3286010935235435,True,False
A07,A,0.005,338,F_NOMINAL,180.0,3.989117246800073,5.851411847806691,1.8622946010066181,True,False
A07,A,0.005,338,F_NOMINAL,200.0,7.346016381907916,6.232246619839456,-1.1137697620684595,False,False
A07,A,0.005,338,F_NOMINAL,220.0,3.460273228449924,6.23532974882998,2.7750565203800566,True,False
A07,A,0.005,FOUR,F_TRACKED,180.0,0.0,5.880729828977536,5.880729828977536,True,False
A07,A,0.005,FOUR,F_TRACKED,200.0,0.0,6.994361459734531,6.994361459734531,True,False
A07,A,0.005,FOUR,F_TRACKED,220.0,0.0,7.726605739227923,7.726605739227923,True,False
A07,A,0.005,FOUR,F_NOMINAL,180.0,3.4854485126649193,6.164292084312556,2.6788435716476364,True,False
A07,A,0.005,FOUR,F_NOMINAL,200.0,4.744606572381203,6.8701984310937325,2.1255918587125295,True,False
A07,A,0.005,FOUR,F_NOMINAL,220.0,6.004975715788603,7.7230902420837975,1.718114526295195,True,False
A07,A,0.01,201,F_TRACKED,180.0,0.0,4.179315304852454,4.179315304852454,True,False
A07,A,0.01,201,F_TRACKED,200.0,0.0,4.837815919101981,4.837815919101981,True,False
A07,A,0.01,201,F_TRACKED,220.0,0.0,3.8149755828640504,3.8149755828640504,True,False
A07,A,0.01,201,F_NOMINAL,180.0,1.0106246678937199,5.300442395899808,4.2898177280060885,True,False
A07,A,0.01,201,F_NOMINAL,200.0,1.230222436406808,5.665018681002316,4.434796244595508,True,False
A07,A,0.01,201,F_NOMINAL,220.0,2.3513564381845855,5.091450322668883,2.7400938844842972,True,False
A07,A,0.01,235,F_TRACKED,180.0,0.0,3.557553938853153,3.557553938853153,True,False
A07,A,0.01,235,F_TRACKED,200.0,0.0,6.537589570920463,6.537589570920463,True,False
A07,A,0.01,235,F_TRACKED,220.0,0.0,5.663141986721595,5.663141986721595,True,False
A07,A,0.01,235,F_NOMINAL,180.0,4.038866884006876,3.7321986198259083,-0.30666826418096793,False,False
A07,A,0.01,235,F_NOMINAL,200.0,1.6834949244181927,5.812903072974811,4.129408148556617,True,False
A07,A,0.01,235,F_NOMINAL,220.0,0.7035716651902,5.105643763854438,4.402072098664238,True,False
A07,A,0.01,283,F_TRACKED,180.0,0.0,3.0286013004311805,3.0286013004311805,True,False
A07,A,0.01,283,F_TRACKED,200.0,0.0,4.227455638521593,4.227455638521593,True,False
A07,A,0.01,283,F_TRACKED,220.0,0.0,4.486963794890056,4.486963794890056,True,False
A07,A,0.01,283,F_NOMINAL,180.0,2.9331416123836873,2.8791139638385106,-0.05402764854517672,False,False
A07,A,0.01,283,F_NOMINAL,200.0,3.516901571882487,3.695435573172411,0.17853400128992414,True,False
A07,A,0.01,283,F_NOMINAL,220.0,1.44849556326551,3.3809279596176727,1.9324323963521626,True,False
A07,A,0.01,338,F_TRACKED,180.0,0.0,6.343522598393601,6.343522598393601,True,False
A07,A,0.01,338,F_TRACKED,200.0,0.0,4.946706531111938,4.946706531111938,True,False
A07,A,0.01,338,F_TRACKED,220.0,0.0,5.683676826616107,5.683676826616107,True,False
A07,A,0.01,338,F_NOMINAL,180.0,3.518499971770227,7.224991552145724,3.7064915803754968,True,False
A07,A,0.01,338,F_NOMINAL,200.0,3.288742699531124,5.557023060765228,2.2682803612341034,True,False
A07,A,0.01,338,F_NOMINAL,220.0,5.009115203876561,5.969584154657067,0.9604689507805055,True,False
A07,A,0.01,FOUR,F_TRACKED,180.0,0.0,6.570150086242373,6.570150086242373,True,False
A07,A,0.01,FOUR,F_TRACKED,200.0,0.0,6.942860534535429,6.942860534535429,True,False
A07,A,0.01,FOUR,F_TRACKED,220.0,0.0,6.666375263567262,6.666375263567262,True,False
A07,A,0.01,FOUR,F_NOMINAL,180.0,3.4379343701218716,6.7638800679814635,3.325945697859592,True,False
A07,A,0.01,FOUR,F_NOMINAL,200.0,3.108506513492973,7.1785234378046905,4.070016924311718,True,False
A07,A,0.01,FOUR,F_NOMINAL,220.0,3.0200206245169547,6.949799088966489,3.929778464449534,True,False
A07,A,0.02,201,F_TRACKED,180.0,0.0,4.252937590515027,4.252937590515027,True,False
A07,A,0.02,201,F_TRACKED,200.0,0.0,5.09290802750384,5.09290802750384,True,False
A07,A,0.02,201,F_TRACKED,220.0,0.0,2.0381097458794057,2.0381097458794057,True,False
A07,A,0.02,201,F_NOMINAL,180.0,1.8279360846181474,4.1274492838727355,2.299513199254588,True,False
A07,A,0.02,201,F_NOMINAL,200.0,1.490947909604924,5.699441126445813,4.208493216840889,True,False
A07,A,0.02,201,F_NOMINAL,220.0,1.4943483499344694,2.4045684216369394,0.91022007170247,True,False
A07,A,0.02,235,F_TRACKED,180.0,0.0,3.19105753020071,3.19105753020071,True,False
A07,A,0.02,235,F_TRACKED,200.0,0.0,4.076209309139727,4.076209309139727,True,False
A07,A,0.02,235,F_TRACKED,220.0,0.0,2.9157786124161578,2.9157786124161578,True,False
A07,A,0.02,235,F_NOMINAL,180.0,2.245690963044059,4.291221552168826,2.0455305891247675,True,False
A07,A,0.02,235,F_NOMINAL,200.0,2.2446726507735417,5.620481365084447,3.3758087143109052,True,False
A07,A,0.02,235,F_NOMINAL,220.0,2.1954284883230737,3.7317926863759276,1.536364198052854,True,False
A07,A,0.02,283,F_TRACKED,180.0,0.0,2.775740042231171,2.775740042231171,True,False
A07,A,0.02,283,F_TRACKED,200.0,0.0,3.509543449699001,3.509543449699001,True,False
A07,A,0.02,283,F_TRACKED,220.0,0.0,4.692530401421574,4.692530401421574,True,False
A07,A,0.02,283,F_NOMINAL,180.0,1.0666945510330574,3.3779784398284884,2.311283888795431,True,False
A07,A,0.02,283,F_NOMINAL,200.0,3.362210759397097,3.4072729224872043,0.045062163090107354,True,False
A07,A,0.02,283,F_NOMINAL,220.0,1.6209432344350534,3.79567740267817,2.1747341682431163,True,False
A07,A,0.02,338,F_TRACKED,180.0,0.0,5.151408431935628,5.151408431935628,True,False
A07,A,0.02,338,F_TRACKED,200.0,0.0,3.606443382350855,3.606443382350855,True,False
A07,A,0.02,338,F_TRACKED,220.0,0.0,5.806631001723491,5.806631001723491,True,False
A07,A,0.02,338,F_NOMINAL,180.0,4.139232296807307,5.336800264007021,1.1975679671997135,True,False
A07,A,0.02,338,F_NOMINAL,200.0,3.6420423152824517,3.729964475772617,0.08792216049016544,True,False
A07,A,0.02,338,F_NOMINAL,220.0,6.00617095332821,5.5625466939058885,-0.44362425942232164,False,False
A07,A,0.02,FOUR,F_TRACKED,180.0,0.0,6.179095940763571,6.179095940763571,True,False
A07,A,0.02,FOUR,F_TRACKED,200.0,0.0,5.7991695647244255,5.7991695647244255,True,False
A07,A,0.02,FOUR,F_TRACKED,220.0,0.0,6.21890251680066,6.21890251680066,True,False
A07,A,0.02,FOUR,F_NOMINAL,180.0,2.815970641252949,6.089727442993592,3.273756801740643,True,False
A07,A,0.02,FOUR,F_NOMINAL,200.0,3.1255974180531503,6.585714943913691,3.4601175258605403,True,False
A07,A,0.02,FOUR,F_NOMINAL,220.0,3.6891539474792308,5.701448691895466,2.0122947444162356,True,False
A08,A,0.0,201,F_TRACKED,180.0,0.0,3.4669868841817544,3.4669868841817544,True,False
A08,A,0.0,201,F_TRACKED,200.0,0.0,5.08493104918454,5.08493104918454,True,False
A08,A,0.0,201,F_TRACKED,220.0,0.0,3.2272578448183307,3.2272578448183307,True,False
A08,A,0.0,201,F_NOMINAL,180.0,0.0,3.4669868841817544,3.4669868841817544,True,False
A08,A,0.0,201,F_NOMINAL,200.0,0.0,5.08493104918454,5.08493104918454,True,False
A08,A,0.0,201,F_NOMINAL,220.0,0.0,3.2272578448183307,3.2272578448183307,True,False
A08,A,0.0,235,F_TRACKED,180.0,0.0,2.0036735017486875,2.0036735017486875,True,False
A08,A,0.0,235,F_TRACKED,200.0,0.0,4.789726802487361,4.789726802487361,True,False
A08,A,0.0,235,F_TRACKED,220.0,0.0,2.838457739639814,2.838457739639814,True,False
A08,A,0.0,235,F_NOMINAL,180.0,0.0,2.0036735017486875,2.0036735017486875,True,False
A08,A,0.0,235,F_NOMINAL,200.0,0.0,4.789726802487361,4.789726802487361,True,False
A08,A,0.0,235,F_NOMINAL,220.0,0.0,2.838457739639814,2.838457739639814,True,False
A08,A,0.0,283,F_TRACKED,180.0,0.0,3.910544501404808,3.910544501404808,True,False
A08,A,0.0,283,F_TRACKED,200.0,0.0,2.71230250985421,2.71230250985421,True,False
A08,A,0.0,283,F_TRACKED,220.0,0.0,4.252998654906844,4.252998654906844,True,False
A08,A,0.0,283,F_NOMINAL,180.0,0.0,3.910544501404808,3.910544501404808,True,False
A08,A,0.0,283,F_NOMINAL,200.0,0.0,2.71230250985421,2.71230250985421,True,False
A08,A,0.0,283,F_NOMINAL,220.0,0.0,4.252998654906844,4.252998654906844,True,False
A08,A,0.0,338,F_TRACKED,180.0,0.0,7.455568101401543,7.455568101401543,True,False
A08,A,0.0,338,F_TRACKED,200.0,0.0,3.9836428733978106,3.9836428733978106,True,False
A08,A,0.0,338,F_TRACKED,220.0,0.0,6.1244065730700115,6.1244065730700115,True,False
A08,A,0.0,338,F_NOMINAL,180.0,0.0,7.455568101401543,7.455568101401543,True,False
A08,A,0.0,338,F_NOMINAL,200.0,0.0,3.9836428733978106,3.9836428733978106,True,False
A08,A,0.0,338,F_NOMINAL,220.0,0.0,6.1244065730700115,6.1244065730700115,True,False
A08,A,0.0,FOUR,F_TRACKED,180.0,0.0,5.724299038815195,5.724299038815195,True,False
A08,A,0.0,FOUR,F_TRACKED,200.0,0.0,5.338450502465467,5.338450502465467,True,False
A08,A,0.0,FOUR,F_TRACKED,220.0,0.0,5.848908912074467,5.848908912074467,True,False
A08,A,0.0,FOUR,F_NOMINAL,180.0,0.0,5.724299038815195,5.724299038815195,True,False
A08,A,0.0,FOUR,F_NOMINAL,200.0,0.0,5.338450502465467,5.338450502465467,True,False
A08,A,0.0,FOUR,F_NOMINAL,220.0,0.0,5.848908912074467,5.848908912074467,True,False
A08,A,0.0025,201,F_TRACKED,180.0,0.0,4.103047022836173,4.103047022836173,True,False
A08,A,0.0025,201,F_TRACKED,200.0,0.0,4.382309553728138,4.382309553728138,True,False
A08,A,0.0025,201,F_TRACKED,220.0,0.0,7.931311119373005,7.931311119373005,True,False
A08,A,0.0025,201,F_NOMINAL,180.0,3.518905954888042,4.2987132410467614,0.7798072861587193,True,False
A08,A,0.0025,201,F_NOMINAL,200.0,3.6545672586567197,4.058865172723877,0.4042979140671572,True,False
A08,A,0.0025,201,F_NOMINAL,220.0,9.097148667123312,7.48849876166717,-1.6086499054561418,False,False
A08,A,0.0025,235,F_TRACKED,180.0,0.0,3.193683201630469,3.193683201630469,True,False
A08,A,0.0025,235,F_TRACKED,200.0,0.0,4.296143514063832,4.296143514063832,True,False
A08,A,0.0025,235,F_TRACKED,220.0,0.0,3.5019177017811294,3.5019177017811294,True,False
A08,A,0.0025,235,F_NOMINAL,180.0,2.4816332227444344,2.9590436812677203,0.4774104585232859,True,False
A08,A,0.0025,235,F_NOMINAL,200.0,3.4135229932885562,4.338535785123188,0.9250127918346318,True,False
A08,A,0.0025,235,F_NOMINAL,220.0,3.1398928097389556,3.7463467087740576,0.606453899035102,True,False
A08,A,0.0025,283,F_TRACKED,180.0,0.0,5.865201602964637,5.865201602964637,True,False
A08,A,0.0025,283,F_TRACKED,200.0,0.0,4.274600233579695,4.274600233579695,True,False
A08,A,0.0025,283,F_TRACKED,220.0,0.0,4.264201159418629,4.264201159418629,True,False
A08,A,0.0025,283,F_NOMINAL,180.0,5.815500481287956,5.723475581190278,-0.0920249000976785,False,False
A08,A,0.0025,283,F_NOMINAL,200.0,3.1549725923451923,4.575091698473055,1.4201191061278626,True,False
A08,A,0.0025,283,F_NOMINAL,220.0,1.2769218625203964,5.041519129271382,3.764597266750986,True,False
A08,A,0.0025,338,F_TRACKED,180.0,0.0,4.0855909766327985,4.0855909766327985,True,False
A08,A,0.0025,338,F_TRACKED,200.0,0.0,5.130481095217078,5.130481095217078,True,False
A08,A,0.0025,338,F_TRACKED,220.0,0.0,4.417040781870647,4.417040781870647,True,False
A08,A,0.0025,338,F_NOMINAL,180.0,3.3245218775645977,4.869320050251849,1.5447981726872513,True,False
A08,A,0.0025,338,F_NOMINAL,200.0,5.686654221891764,5.960294021930185,0.2736398000384206,True,False
A08,A,0.0025,338,F_NOMINAL,220.0,3.486568151211073,4.951897749179566,1.465329597968493,True,False
A08,A,0.0025,FOUR,F_TRACKED,180.0,0.0,5.367043999490627,5.367043999490627,True,False
A08,A,0.0025,FOUR,F_TRACKED,200.0,0.0,5.843980602821401,5.843980602821401,True,False
A08,A,0.0025,FOUR,F_TRACKED,220.0,0.0,6.8056129055197525,6.8056129055197525,True,False
A08,A,0.0025,FOUR,F_NOMINAL,180.0,4.138126480944773,5.174868234115347,1.036741753170574,True,False
A08,A,0.0025,FOUR,F_NOMINAL,200.0,4.371936121333206,5.790693069171225,1.4187569478380189,True,False
A08,A,0.0025,FOUR,F_NOMINAL,220.0,5.211316847136889,6.915622650197926,1.704305803061037,True,False
A08,A,0.005,201,F_TRACKED,180.0,0.0,3.539278007250185,3.539278007250185,True,False
A08,A,0.005,201,F_TRACKED,200.0,0.0,4.669314459240986,4.669314459240986,True,False
A08,A,0.005,201,F_TRACKED,220.0,0.0,10.892556907116369,10.892556907116369,True,False
A08,A,0.005,201,F_NOMINAL,180.0,2.6969837101677983,3.825148089974973,1.1281643798071745,True,False
A08,A,0.005,201,F_NOMINAL,200.0,4.1666874837095556,4.867900517128196,0.7012130334186404,True,False
A08,A,0.005,201,F_NOMINAL,220.0,11.424730667439963,10.189134656475382,-1.2355960109645814,False,False
A08,A,0.005,235,F_TRACKED,180.0,0.0,3.4547556943977167,3.4547556943977167,True,False
A08,A,0.005,235,F_TRACKED,200.0,0.0,3.0929584333508586,3.0929584333508586,True,False
A08,A,0.005,235,F_TRACKED,220.0,0.0,2.038304515000638,2.038304515000638,True,False
A08,A,0.005,235,F_NOMINAL,180.0,3.108185934799157,3.3171941465266244,0.20900821172746742,True,False
A08,A,0.005,235,F_NOMINAL,200.0,2.2267085686526036,3.5753036976167762,1.3485951289641727,True,False
A08,A,0.005,235,F_NOMINAL,220.0,0.759272689091576,2.815024771863865,2.055752082772289,True,False
A08,A,0.005,283,F_TRACKED,180.0,0.0,4.585893191994723,4.585893191994723,True,False
A08,A,0.005,283,F_TRACKED,200.0,0.0,4.1744938936488944,4.1744938936488944,True,False
A08,A,0.005,283,F_TRACKED,220.0,0.0,4.013426078687904,4.013426078687904,True,False
A08,A,0.005,283,F_NOMINAL,180.0,2.866859968698609,3.574647546150731,0.7077875774521218,True,False
A08,A,0.005,283,F_NOMINAL,200.0,3.585816937394692,5.29225561094523,1.7064386735505384,True,False
A08,A,0.005,283,F_NOMINAL,220.0,0.5549422200029555,4.260777472840434,3.705835252837479,True,False
A08,A,0.005,338,F_TRACKED,180.0,0.0,4.148379382379047,4.148379382379047,True,False
A08,A,0.005,338,F_TRACKED,200.0,0.0,6.876432630310092,6.876432630310092,True,False
A08,A,0.005,338,F_TRACKED,220.0,0.0,3.8437908941755308,3.8437908941755308,True,False
A08,A,0.005,338,F_NOMINAL,180.0,3.9892555305582937,3.6726368915590673,-0.3166186389992265,False,False
A08,A,0.005,338,F_NOMINAL,200.0,7.341200926435572,6.42630262626719,-0.9148983001683826,False,False
A08,A,0.005,338,F_NOMINAL,220.0,3.461556595762573,4.348130546913205,0.8865739511506319,True,False
A08,A,0.005,FOUR,F_TRACKED,180.0,0.0,5.484834993933629,5.484834993933629,True,False
A08,A,0.005,FOUR,F_TRACKED,200.0,0.0,6.597680495627235,6.597680495627235,True,False
A08,A,0.005,FOUR,F_TRACKED,220.0,0.0,7.916012339842478,7.916012339842478,True,False
A08,A,0.005,FOUR,F_NOMINAL,180.0,3.4855049813497065,5.282881358472304,1.7973763771225975,True,False
A08,A,0.005,FOUR,F_NOMINAL,200.0,4.742313549755809,6.553215102688052,1.8109015529322425,True,False
A08,A,0.005,FOUR,F_NOMINAL,220.0,6.007074949887182,7.408702927740416,1.4016279778532343,True,False
A08,A,0.01,201,F_TRACKED,180.0,0.0,4.309429951229504,4.309429951229504,True,False
A08,A,0.01,201,F_TRACKED,200.0,0.0,4.841569907015015,4.841569907015015,True,False
A08,A,0.01,201,F_TRACKED,220.0,0.0,3.9509807046743193,3.9509807046743193,True,False
A08,A,0.01,201,F_NOMINAL,180.0,1.0110077812238165,3.7266960836201375,2.715688302396321,True,False
A08,A,0.01,201,F_NOMINAL,200.0,1.2296893565167204,4.163414291516889,2.9337249350001686,True,False
A08,A,0.01,201,F_NOMINAL,220.0,2.3508195010185946,2.9607108425248287,0.6098913415062341,True,False
A08,A,0.01,235,F_TRACKED,180.0,0.0,4.0621477059626505,4.0621477059626505,True,False
A08,A,0.01,235,F_TRACKED,200.0,0.0,4.444971823257778,4.444971823257778,True,False
A08,A,0.01,235,F_TRACKED,220.0,0.0,3.782740089840978,3.782740089840978,True,False
A08,A,0.01,235,F_NOMINAL,180.0,4.035907915570932,3.722577776270587,-0.3133301393003447,False,False
A08,A,0.01,235,F_NOMINAL,200.0,1.6841936125944037,3.2976852964435612,1.6134916838491575,True,False
A08,A,0.01,235,F_NOMINAL,220.0,0.7038206459186839,2.727159297151469,2.0233386512327853,True,False
A08,A,0.01,283,F_TRACKED,180.0,0.0,4.213385409048896,4.213385409048896,True,False
A08,A,0.01,283,F_TRACKED,200.0,0.0,4.346796042114675,4.346796042114675,True,False
A08,A,0.01,283,F_TRACKED,220.0,0.0,4.32571897944272,4.32571897944272,True,False
A08,A,0.01,283,F_NOMINAL,180.0,2.931243112015453,4.158490227700948,1.2272471156854952,True,False
A08,A,0.01,283,F_NOMINAL,200.0,3.518346390577643,5.042677676145678,1.5243312855680355,True,False
A08,A,0.01,283,F_NOMINAL,220.0,1.4490959017542593,4.859444152885262,3.410348251131002,True,False
A08,A,0.01,338,F_TRACKED,180.0,0.0,5.097558178865583,5.097558178865583,True,False
A08,A,0.01,338,F_TRACKED,200.0,0.0,4.715015893908816,4.715015893908816,True,False
A08,A,0.01,338,F_TRACKED,220.0,0.0,5.108644333189373,5.108644333189373,True,False
A08,A,0.01,338,F_NOMINAL,180.0,3.5199302746322596,5.243670752218143,1.7237404775858831,True,False
A08,A,0.01,338,F_NOMINAL,200.0,3.289274048536703,4.628150644459906,1.3388765959232027,True,False
A08,A,0.01,338,F_NOMINAL,220.0,5.010959599385996,5.794759222473143,0.7837996230871473,True,False
A08,A,0.01,FOUR,F_TRACKED,180.0,0.0,5.679832580892427,5.679832580892427,True,False
A08,A,0.01,FOUR,F_TRACKED,200.0,0.0,6.267265923789214,6.267265923789214,True,False
A08,A,0.01,FOUR,F_TRACKED,220.0,0.0,6.201682425585758,6.201682425585758,True,False
A08,A,0.01,FOUR,F_NOMINAL,180.0,3.437732252179086,5.4097001802142755,1.9719679280351894,True,False
A08,A,0.01,FOUR,F_NOMINAL,200.0,3.109725180971638,5.260502089439024,2.150776908467386,True,False
A08,A,0.01,FOUR,F_NOMINAL,220.0,3.0205776890106204,5.710061246149842,2.689483557139222,True,False
A08,A,0.02,201,F_TRACKED,180.0,0.0,4.183455077701357,4.183455077701357,True,False
A08,A,0.02,201,F_TRACKED,200.0,0.0,4.361277196542262,4.361277196542262,True,False
A08,A,0.02,201,F_TRACKED,220.0,0.0,2.879991608653684,2.879991608653684,True,False
A08,A,0.02,201,F_NOMINAL,180.0,1.8285059950531437,3.389833656137385,1.5613276610842415,True,False
A08,A,0.02,201,F_NOMINAL,200.0,1.4915341659681671,3.5758476221485704,2.0843134561804035,True,False
A08,A,0.02,201,F_NOMINAL,220.0,1.494730222484137,2.2004747610242426,0.7057445385401055,True,False
A08,A,0.02,235,F_TRACKED,180.0,0.0,4.104343467970575,4.104343467970575,True,False
A08,A,0.02,235,F_TRACKED,200.0,0.0,4.941022458837257,4.941022458837257,True,False
A08,A,0.02,235,F_TRACKED,220.0,0.0,3.8585056948228997,3.8585056948228997,True,False
A08,A,0.02,235,F_NOMINAL,180.0,2.2452240314685996,3.3661382624826555,1.1209142310140559,True,False
A08,A,0.02,235,F_NOMINAL,200.0,2.244557225197932,3.4880566162949345,1.2434993910970022,True,False
A08,A,0.02,235,F_NOMINAL,220.0,2.196334791028838,2.0221986320216545,-0.1741361590071837,False,False
A08,A,0.02,283,F_TRACKED,180.0,0.0,4.377004073745676,4.377004073745676,True,False
A08,A,0.02,283,F_TRACKED,200.0,0.0,4.416056825577389,4.416056825577389,True,False
A08,A,0.02,283,F_TRACKED,220.0,0.0,5.031661770635475,5.031661770635475,True,False
A08,A,0.02,283,F_NOMINAL,180.0,1.0664374845248898,4.200440826893044,3.134003342368154,True,False
A08,A,0.02,283,F_NOMINAL,200.0,3.3635323624455995,4.804233530165296,1.4407011677196961,True,False
A08,A,0.02,283,F_NOMINAL,220.0,1.6212085312197038,5.745558837043185,4.124350305823481,True,False
A08,A,0.02,338,F_TRACKED,180.0,0.0,3.9246937181674837,3.9246937181674837,True,False
A08,A,0.02,338,F_TRACKED,200.0,0.0,3.665063520415644,3.665063520415644,True,False
A08,A,0.02,338,F_TRACKED,220.0,0.0,5.344834268731628,5.344834268731628,True,False
A08,A,0.02,338,F_NOMINAL,180.0,4.138256043075326,3.5692329993247762,-0.5690230437505495,False,False
A08,A,0.02,338,F_NOMINAL,200.0,3.643426367167174,3.908823016460448,0.2653966492932742,True,False
A08,A,0.02,338,F_NOMINAL,220.0,6.000909902294715,4.928726596714765,-1.0721833055799506,False,False
A08,A,0.02,FOUR,F_TRACKED,180.0,0.0,5.996457180760633,5.996457180760633,True,False
A08,A,0.02,FOUR,F_TRACKED,200.0,0.0,5.6630577819317915,5.6630577819317915,True,False
A08,A,0.02,FOUR,F_TRACKED,220.0,0.0,6.1338821745640635,6.1338821745640635,True,False
A08,A,0.02,FOUR,F_NOMINAL,180.0,2.81466004578145,5.465288825771767,2.6506287799903165,True,False
A08,A,0.02,FOUR,F_NOMINAL,200.0,3.126446327721546,5.155138594669479,2.028692266947933,True,False
A08,A,0.02,FOUR,F_NOMINAL,220.0,3.6884809936009066,5.404137918014385,1.7156569244134783,True,False
A09,A,0.0,201,F_TRACKED,180.0,0.0,3.373956775740916,3.373956775740916,True,False
A09,A,0.0,201,F_TRACKED,200.0,0.0,5.866089597407733,5.866089597407733,True,False
A09,A,0.0,201,F_TRACKED,220.0,0.0,2.65052337011417,2.65052337011417,True,False
A09,A,0.0,201,F_NOMINAL,180.0,0.0,3.373956775740916,3.373956775740916,True,False
A09,A,0.0,201,F_NOMINAL,200.0,0.0,5.866089597407733,5.866089597407733,True,False
A09,A,0.0,201,F_NOMINAL,220.0,0.0,2.65052337011417,2.65052337011417,True,False
A09,A,0.0,235,F_TRACKED,180.0,0.0,2.087138772570158,2.087138772570158,True,False
A09,A,0.0,235,F_TRACKED,200.0,0.0,4.640620686834904,4.640620686834904,True,False
A09,A,0.0,235,F_TRACKED,220.0,0.0,3.097788499450213,3.097788499450213,True,False
A09,A,0.0,235,F_NOMINAL,180.0,0.0,2.087138772570158,2.087138772570158,True,False
A09,A,0.0,235,F_NOMINAL,200.0,0.0,4.640620686834904,4.640620686834904,True,False
A09,A,0.0,235,F_NOMINAL,220.0,0.0,3.097788499450213,3.097788499450213,True,False
A09,A,0.0,283,F_TRACKED,180.0,0.0,3.1113375546380224,3.1113375546380224,True,False
A09,A,0.0,283,F_TRACKED,200.0,0.0,3.2787752384709643,3.2787752384709643,True,False
A09,A,0.0,283,F_TRACKED,220.0,0.0,3.5402939949198653,3.5402939949198653,True,False
A09,A,0.0,283,F_NOMINAL,180.0,0.0,3.1113375546380224,3.1113375546380224,True,False
A09,A,0.0,283,F_NOMINAL,200.0,0.0,3.2787752384709643,3.2787752384709643,True,False
A09,A,0.0,283,F_NOMINAL,220.0,0.0,3.5402939949198653,3.5402939949198653,True,False
A09,A,0.0,338,F_TRACKED,180.0,0.0,7.0832111021074216,7.0832111021074216,True,False
A09,A,0.0,338,F_TRACKED,200.0,0.0,3.281957324715711,3.281957324715711,True,False
A09,A,0.0,338,F_TRACKED,220.0,0.0,5.6167420911065715,5.6167420911065715,True,False
A09,A,0.0,338,F_NOMINAL,180.0,0.0,7.0832111021074216,7.0832111021074216,True,False
A09,A,0.0,338,F_NOMINAL,200.0,0.0,3.281957324715711,3.281957324715711,True,False
A09,A,0.0,338,F_NOMINAL,220.0,0.0,5.6167420911065715,5.6167420911065715,True,False
A09,A,0.0,FOUR,F_TRACKED,180.0,0.0,5.378175568038244,5.378175568038244,True,False
A09,A,0.0,FOUR,F_TRACKED,200.0,0.0,5.028510734448415,5.028510734448415,True,False
A09,A,0.0,FOUR,F_TRACKED,220.0,0.0,4.742991292467722,4.742991292467722,True,False
A09,A,0.0,FOUR,F_NOMINAL,180.0,0.0,5.378175568038244,5.378175568038244,True,False
A09,A,0.0,FOUR,F_NOMINAL,200.0,0.0,5.028510734448415,5.028510734448415,True,False
A09,A,0.0,FOUR,F_NOMINAL,220.0,0.0,4.742991292467722,4.742991292467722,True,False
A09,A,0.0025,201,F_TRACKED,180.0,0.0,3.9332708767033324,3.9332708767033324,True,False
A09,A,0.0025,201,F_TRACKED,200.0,0.0,4.269007201556183,4.269007201556183,True,False
A09,A,0.0025,201,F_TRACKED,220.0,0.0,7.176435397805764,7.176435397805764,True,False
A09,A,0.0025,201,F_NOMINAL,180.0,3.508565670765845,4.186642265956388,0.6780765951905434,True,False
A09,A,0.0025,201,F_NOMINAL,200.0,3.6637290322109735,3.3639303172561332,-0.29979871495484023,False,False
A09,A,0.0025,201,F_NOMINAL,220.0,9.122466767264326,6.270416536310111,-2.852050230954215,False,False
A09,A,0.0025,235,F_TRACKED,180.0,0.0,2.6619497528147367,2.6619497528147367,True,False
A09,A,0.0025,235,F_TRACKED,200.0,0.0,4.434005788077392,4.434005788077392,True,False
A09,A,0.0025,235,F_TRACKED,220.0,0.0,3.611090489752456,3.611090489752456,True,False
A09,A,0.0025,235,F_NOMINAL,180.0,2.474462906138824,3.2439044445920966,0.7694415384532727,True,False
A09,A,0.0025,235,F_NOMINAL,200.0,3.4031828063515834,3.974783795264785,0.5716009889132017,True,False
A09,A,0.0025,235,F_NOMINAL,220.0,3.126694667168794,3.7345545002573313,0.6078598330885372,True,False
A09,A,0.0025,283,F_TRACKED,180.0,0.0,4.962743446794302,4.962743446794302,True,False
A09,A,0.0025,283,F_TRACKED,200.0,0.0,3.2111686048498425,3.2111686048498425,True,False
A09,A,0.0025,283,F_TRACKED,220.0,0.0,3.3311272599942856,3.3311272599942856,True,False
A09,A,0.0025,283,F_NOMINAL,180.0,5.790779585636653,4.9094893265281465,-0.8812902591085061,False,False
A09,A,0.0025,283,F_NOMINAL,200.0,3.1670594102041862,1.7752076654401474,-1.3918517447640388,False,False
A09,A,0.0025,283,F_NOMINAL,220.0,1.2726774167898234,4.105717234997051,2.833039818207228,True,False
A09,A,0.0025,338,F_TRACKED,180.0,0.0,4.44353404553092,4.44353404553092,True,False
A09,A,0.0025,338,F_TRACKED,200.0,0.0,5.416213940788507,5.416213940788507,True,False
A09,A,0.0025,338,F_TRACKED,220.0,0.0,4.308582446148247,4.308582446148247,True,False
A09,A,0.0025,338,F_NOMINAL,180.0,3.3423548563584604,4.350988753587388,1.0086338972289277,True,False
A09,A,0.0025,338,F_NOMINAL,200.0,5.709336422485295,4.8386877164027045,-0.8706487060825907,False,False
A09,A,0.0025,338,F_NOMINAL,220.0,3.4875499730141737,3.9969825835772723,0.5094326105630986,True,False
A09,A,0.0025,FOUR,F_TRACKED,180.0,0.0,4.52120738354121,4.52120738354121,True,False
A09,A,0.0025,FOUR,F_TRACKED,200.0,0.0,5.396719965940068,5.396719965940068,True,False
A09,A,0.0025,FOUR,F_TRACKED,220.0,0.0,5.9700925683055015,5.9700925683055015,True,False
A09,A,0.0025,FOUR,F_NOMINAL,180.0,4.133430527812001,4.811900881715551,0.6784703539035499,True,False
A09,A,0.0025,FOUR,F_NOMINAL,200.0,4.379599460750165,5.255629708310804,0.8760302475606387,True,False
A09,A,0.0025,FOUR,F_NOMINAL,220.0,5.219588172391356,6.476459450786017,1.2568712783946605,True,False
A09,A,0.005,201,F_TRACKED,180.0,0.0,4.25437338513495,4.25437338513495,True,False
A09,A,0.005,201,F_TRACKED,200.0,0.0,5.006112822751313,5.006112822751313,True,False
A09,A,0.005,201,F_TRACKED,220.0,0.0,9.515356536532263,9.515356536532263,True,False
A09,A,0.005,201,F_NOMINAL,180.0,2.6839737149073035,3.8108099134306097,1.1268361985233062,True,False
A09,A,0.005,201,F_NOMINAL,200.0,4.1626988889722805,4.7213650406686165,0.558666151696336,True,False
A09,A,0.005,201,F_NOMINAL,220.0,11.374049423168133,10.383357464453173,-0.9906919587149599,False,False
A09,A,0.005,235,F_TRACKED,180.0,0.0,2.9473350325536942,2.9473350325536942,True,False
A09,A,0.005,235,F_TRACKED,200.0,0.0,4.166665772937407,4.166665772937407,True,False
A09,A,0.005,235,F_TRACKED,220.0,0.0,3.3740873498967288,3.3740873498967288,True,False
A09,A,0.005,235,F_NOMINAL,180.0,3.1172404281706947,3.745417465890817,0.6281770377201221,True,False
A09,A,0.005,235,F_NOMINAL,200.0,2.217636901015861,3.621728543105413,1.404091642089552,True,False
A09,A,0.005,235,F_NOMINAL,220.0,0.7596713710095278,3.107077327892161,2.347405956882633,True,False
A09,A,0.005,283,F_TRACKED,180.0,0.0,3.905752259483133,3.905752259483133,True,False
A09,A,0.005,283,F_TRACKED,200.0,0.0,4.3800925638394865,4.3800925638394865,True,False
A09,A,0.005,283,F_TRACKED,220.0,0.0,3.511018835150244,3.511018835150244,True,False
A09,A,0.005,283,F_NOMINAL,180.0,2.8695013080504927,4.32770918271292,1.4582078746624272,True,False
A09,A,0.005,283,F_NOMINAL,200.0,3.5981279162108817,3.398676138989584,-0.1994517772212978,False,False
A09,A,0.005,283,F_NOMINAL,220.0,0.5552220530013257,3.743814929384337,3.1885928763830114,True,False
A09,A,0.005,338,F_TRACKED,180.0,0.0,3.9632258501322237,3.9632258501322237,True,False
A09,A,0.005,338,F_TRACKED,200.0,0.0,6.40994370787185,6.40994370787185,True,False
A09,A,0.005,338,F_TRACKED,220.0,0.0,4.334851464252376,4.334851464252376,True,False
A09,A,0.005,338,F_NOMINAL,180.0,3.9930057323748946,4.5209314027468785,0.5279256703719839,True,False
A09,A,0.005,338,F_NOMINAL,200.0,7.33985643973649,5.94346734192082,-1.3963890978156703,False,False
A09,A,0.005,338,F_NOMINAL,220.0,3.4541759187992196,3.788459045915558,0.33428312711633845,True,False
A09,A,0.005,FOUR,F_TRACKED,180.0,0.0,5.006701272273169,5.006701272273169,True,False
A09,A,0.005,FOUR,F_TRACKED,200.0,0.0,6.537441318911007,6.537441318911007,True,False
A09,A,0.005,FOUR,F_TRACKED,220.0,0.0,6.441424598772037,6.441424598772037,True,False
A09,A,0.005,FOUR,F_NOMINAL,180.0,3.484240338049112,4.772171560919268,1.2879312228701556,True,False
A09,A,0.005,FOUR,F_NOMINAL,200.0,4.743634533028231,6.037075561055297,1.2934410280270665,True,False
A09,A,0.005,FOUR,F_NOMINAL,220.0,5.974431956996656,6.898071556454566,0.9236395994579096,True,False
A09,A,0.01,201,F_TRACKED,180.0,0.0,4.839730974133521,4.839730974133521,True,False
A09,A,0.01,201,F_TRACKED,200.0,0.0,5.734246206928197,5.734246206928197,True,False
A09,A,0.01,201,F_TRACKED,220.0,0.0,4.169358228569879,4.169358228569879,True,False
A09,A,0.01,201,F_NOMINAL,180.0,1.0152852242720667,3.957825719223659,2.9425404949515923,True,False
A09,A,0.01,201,F_NOMINAL,200.0,1.2288046037789773,4.745528128287606,3.5167235245086284,True,False
A09,A,0.01,201,F_NOMINAL,220.0,2.352720192849407,3.8222253870591145,1.4695051942097077,True,False
A09,A,0.01,235,F_TRACKED,180.0,0.0,2.3332126591863416,2.3332126591863416,True,False
A09,A,0.01,235,F_TRACKED,200.0,0.0,4.475154039727195,4.475154039727195,True,False
A09,A,0.01,235,F_TRACKED,220.0,0.0,3.6318478091540007,3.6318478091540007,True,False
A09,A,0.01,235,F_NOMINAL,180.0,4.029559441920841,3.426638538014794,-0.602920903906047,False,False
A09,A,0.01,235,F_NOMINAL,200.0,1.6912739690096967,3.4149887003166177,1.723714731306921,True,False
A09,A,0.01,235,F_NOMINAL,220.0,0.7042890389655115,3.1215595136602814,2.41727047469477,True,False
A09,A,0.01,283,F_TRACKED,180.0,0.0,3.4655385313030957,3.4655385313030957,True,False
A09,A,0.01,283,F_TRACKED,200.0,0.0,3.0422707610656374,3.0422707610656374,True,False
A09,A,0.01,283,F_TRACKED,220.0,0.0,4.0558718027728276,4.0558718027728276,True,False
A09,A,0.01,283,F_NOMINAL,180.0,2.9211904376945896,3.607650387532387,0.6864599498377975,True,False
A09,A,0.01,283,F_NOMINAL,200.0,3.525964571784742,3.6858879338758914,0.15992336209114955,True,False
A09,A,0.01,283,F_NOMINAL,220.0,1.4541814427411819,4.397303516993067,2.9431220742518853,True,False
A09,A,0.01,338,F_TRACKED,180.0,0.0,4.400012965692347,4.400012965692347,True,False
A09,A,0.01,338,F_TRACKED,200.0,0.0,2.9877510057123833,2.9877510057123833,True,False
A09,A,0.01,338,F_TRACKED,220.0,0.0,4.5766957731882725,4.5766957731882725,True,False
A09,A,0.01,338,F_NOMINAL,180.0,3.537077501100185,4.379893200765542,0.8428156996653571,True,False
A09,A,0.01,338,F_NOMINAL,200.0,3.3028322213082153,3.3029182221989126,8.60008906973242e-05,True,False
A09,A,0.01,338,F_NOMINAL,220.0,5.027405674767509,4.208169025324017,-0.819236649443492,False,False
A09,A,0.01,FOUR,F_TRACKED,180.0,0.0,5.256917756631232,5.256917756631232,True,False
A09,A,0.01,FOUR,F_TRACKED,200.0,0.0,5.270235742514298,5.270235742514298,True,False
A09,A,0.01,FOUR,F_TRACKED,220.0,0.0,5.093727885905144,5.093727885905144,True,False
A09,A,0.01,FOUR,F_NOMINAL,180.0,3.4376354752760943,5.090018199915055,1.6523827246389606,True,False
A09,A,0.01,FOUR,F_NOMINAL,200.0,3.1205618675374,4.919754527649375,1.799192660111975,True,False
A09,A,0.01,FOUR,F_NOMINAL,220.0,3.029587001360496,5.372718391225479,2.3431313898649826,True,False
A09,A,0.02,201,F_TRACKED,180.0,0.0,3.9786244215380138,3.9786244215380138,True,False
A09,A,0.02,201,F_TRACKED,200.0,0.0,5.185135602698924,5.185135602698924,True,False
A09,A,0.02,201,F_TRACKED,220.0,0.0,1.8519854658176906,1.8519854658176906,True,False
A09,A,0.02,201,F_NOMINAL,180.0,1.8339238117303776,3.367851843014439,1.5339280312840615,True,False
A09,A,0.02,201,F_NOMINAL,200.0,1.4985418082337894,4.566464428551867,3.067922620318077,True,False
A09,A,0.02,201,F_NOMINAL,220.0,1.5004808410259363,1.9114336155970721,0.4109527745711359,True,False
A09,A,0.02,235,F_TRACKED,180.0,0.0,2.6989941963991915,2.6989941963991915,True,False
A09,A,0.02,235,F_TRACKED,200.0,0.0,3.492932560170757,3.492932560170757,True,False
A09,A,0.02,235,F_TRACKED,220.0,0.0,2.747987999763724,2.747987999763724,True,False
A09,A,0.02,235,F_NOMINAL,180.0,2.2503286970668963,2.752551781849094,0.5022230847821976,True,False
A09,A,0.02,235,F_NOMINAL,200.0,2.2400737654736522,3.575432404493867,1.3353586390202148,True,False
A09,A,0.02,235,F_NOMINAL,220.0,2.208075544168155,2.9272286367299722,0.7191530925618173,True,False
A09,A,0.02,283,F_TRACKED,180.0,0.0,2.57095874465121,2.57095874465121,True,False
A09,A,0.02,283,F_TRACKED,200.0,0.0,2.091168239711342,2.091168239711342,True,False
A09,A,0.02,283,F_TRACKED,220.0,0.0,3.9835315617859437,3.9835315617859437,True,False
A09,A,0.02,283,F_NOMINAL,180.0,1.0624295280010998,3.372698576622378,2.3102690486212785,True,False
A09,A,0.02,283,F_NOMINAL,200.0,3.3688817913011504,3.7050335380293498,0.33615174672819936,True,False
A09,A,0.02,283,F_NOMINAL,220.0,1.6213213393635029,5.097141119877856,3.475819780514353,True,False
A09,A,0.02,338,F_TRACKED,180.0,0.0,4.326651770014181,4.326651770014181,True,False
A09,A,0.02,338,F_TRACKED,200.0,0.0,4.324057212744278,4.324057212744278,True,False
A09,A,0.02,338,F_TRACKED,220.0,0.0,5.257550146317994,5.257550146317994,True,False
A09,A,0.02,338,F_NOMINAL,180.0,4.143229772780389,4.161159923613234,0.01793015083284555,True,False
A09,A,0.02,338,F_NOMINAL,200.0,3.658124007924917,3.699395053564521,0.04127104563960371,True,False
A09,A,0.02,338,F_NOMINAL,220.0,5.993038540050177,5.481958220345772,-0.5110803197044049,False,False
A09,A,0.02,FOUR,F_TRACKED,180.0,0.0,5.214717786289037,5.214717786289037,True,False
A09,A,0.02,FOUR,F_TRACKED,200.0,0.0,4.956215296775843,4.956215296775843,True,False
A09,A,0.02,FOUR,F_TRACKED,220.0,0.0,5.316561070490149,5.316561070490149,True,False
A09,A,0.02,FOUR,F_NOMINAL,180.0,2.814060889072057,4.534950634646571,1.7208897455745142,True,False
A09,A,0.02,FOUR,F_NOMINAL,200.0,3.136960011047527,5.040122141831409,1.903162130783882,True,False
A09,A,0.02,FOUR,F_NOMINAL,220.0,3.6912734325300356,4.701896191953657,1.0106227594236215,True,False
A10,A,0.0,201,F_TRACKED,180.0,0.0,1.5874402389426008,1.5874402389426008,True,False
A10,A,0.0,201,F_TRACKED,200.0,0.0,1.1497883136649076,1.1497883136649076,True,False
A10,A,0.0,201,F_TRACKED,220.0,0.0,1.1840964462383123,1.1840964462383123,True,False
A10,A,0.0,201,F_NOMINAL,180.0,0.0,1.5874402389426008,1.5874402389426008,True,False
A10,A,0.0,201,F_NOMINAL,200.0,0.0,1.1497883136649076,1.1497883136649076,True,False
A10,A,0.0,201,F_NOMINAL,220.0,0.0,1.1840964462383123,1.1840964462383123,True,False
A10,A,0.0,235,F_TRACKED,180.0,0.0,1.688349381020343,1.688349381020343,True,False
A10,A,0.0,235,F_TRACKED,200.0,0.0,2.429869370837681,2.429869370837681,True,False
A10,A,0.0,235,F_TRACKED,220.0,0.0,0.32860842703451226,0.32860842703451226,True,False
A10,A,0.0,235,F_NOMINAL,180.0,0.0,1.688349381020343,1.688349381020343,True,False
A10,A,0.0,235,F_NOMINAL,200.0,0.0,2.429869370837681,2.429869370837681,True,False
A10,A,0.0,235,F_NOMINAL,220.0,0.0,0.32860842703451226,0.32860842703451226,True,False
A10,A,0.0,283,F_TRACKED,180.0,0.0,1.6432300139160014,1.6432300139160014,True,False
A10,A,0.0,283,F_TRACKED,200.0,0.0,1.7703032456716585,1.7703032456716585,True,False
A10,A,0.0,283,F_TRACKED,220.0,0.0,1.1146944241883163,1.1146944241883163,True,False
A10,A,0.0,283,F_NOMINAL,180.0,0.0,1.6432300139160014,1.6432300139160014,True,False
A10,A,0.0,283,F_NOMINAL,200.0,0.0,1.7703032456716585,1.7703032456716585,True,False
A10,A,0.0,283,F_NOMINAL,220.0,0.0,1.1146944241883163,1.1146944241883163,True,False
A10,A,0.0,338,F_TRACKED,180.0,0.0,5.558634037123862,5.558634037123862,True,False
A10,A,0.0,338,F_TRACKED,200.0,0.0,1.8455904210733367,1.8455904210733367,True,False
A10,A,0.0,338,F_TRACKED,220.0,0.0,4.102187378809736,4.102187378809736,True,False
A10,A,0.0,338,F_NOMINAL,180.0,0.0,5.558634037123862,5.558634037123862,True,False
A10,A,0.0,338,F_NOMINAL,200.0,0.0,1.8455904210733367,1.8455904210733367,True,False
A10,A,0.0,338,F_NOMINAL,220.0,0.0,4.102187378809736,4.102187378809736,True,False
A10,A,0.0,FOUR,F_TRACKED,180.0,0.0,5.6200219580201205,5.6200219580201205,True,False
A10,A,0.0,FOUR,F_TRACKED,200.0,0.0,4.159426487508117,4.159426487508117,True,False
A10,A,0.0,FOUR,F_TRACKED,220.0,0.0,5.015615746359117,5.015615746359117,True,False
A10,A,0.0,FOUR,F_NOMINAL,180.0,0.0,5.6200219580201205,5.6200219580201205,True,False
A10,A,0.0,FOUR,F_NOMINAL,200.0,0.0,4.159426487508117,4.159426487508117,True,False
A10,A,0.0,FOUR,F_NOMINAL,220.0,0.0,5.015615746359117,5.015615746359117,True,False
A10,A,0.0025,201,F_TRACKED,180.0,0.0,3.1477790529779233,3.1477790529779233,True,False
A10,A,0.0025,201,F_TRACKED,200.0,0.0,2.9860463161714277,2.9860463161714277,True,False
A10,A,0.0025,201,F_TRACKED,220.0,0.0,6.1332908131771395,6.1332908131771395,True,False
A10,A,0.0025,201,F_NOMINAL,180.0,3.469079397855217,3.1011794056281228,-0.36789999222709424,False,False
A10,A,0.0025,201,F_NOMINAL,200.0,3.6978769149877304,3.955081237821847,0.25720432283411654,True,False
A10,A,0.0025,201,F_NOMINAL,220.0,9.217226895253711,8.484693177921516,-0.7325337173321955,False,False
A10,A,0.0025,235,F_TRACKED,180.0,0.0,2.9372246641420436,2.9372246641420436,True,False
A10,A,0.0025,235,F_TRACKED,200.0,0.0,3.004663510039934,3.004663510039934,True,False
A10,A,0.0025,235,F_TRACKED,220.0,0.0,2.989155570607588,2.989155570607588,True,False
A10,A,0.0025,235,F_NOMINAL,180.0,2.44553780240789,2.438568343610788,-0.0069694587971023125,False,False
A10,A,0.0025,235,F_NOMINAL,200.0,3.363738203355502,2.988028460576936,-0.37570974277856584,False,False
A10,A,0.0025,235,F_NOMINAL,220.0,3.081804854797155,2.5758715539529145,-0.5059333008442404,False,False
A10,A,0.0025,283,F_TRACKED,180.0,0.0,4.544103176003006,4.544103176003006,True,False
A10,A,0.0025,283,F_TRACKED,200.0,0.0,2.296278362835856,2.296278362835856,True,False
A10,A,0.0025,283,F_TRACKED,220.0,0.0,1.5114657272897767,1.5114657272897767,True,False
A10,A,0.0025,283,F_NOMINAL,180.0,5.685716190864924,5.108338299867649,-0.5773778909972753,False,False
A10,A,0.0025,283,F_NOMINAL,200.0,3.2098719623302405,2.542340989571103,-0.6675309727591374,False,False
A10,A,0.0025,283,F_NOMINAL,220.0,1.2603912987503845,0.8040327888029292,-0.4563585099474553,False,False
A10,A,0.0025,338,F_TRACKED,180.0,0.0,4.023322170724059,4.023322170724059,True,False
A10,A,0.0025,338,F_TRACKED,200.0,0.0,2.67186285944805,2.67186285944805,True,False
A10,A,0.0025,338,F_TRACKED,220.0,0.0,3.2696991389453713,3.2696991389453713,True,False
A10,A,0.0025,338,F_NOMINAL,180.0,3.4063611687567903,3.3466223127795867,-0.05973885597720363,False,False
A10,A,0.0025,338,F_NOMINAL,200.0,5.788971746091235,5.338538918494528,-0.4504328275967069,False,False
A10,A,0.0025,338,F_NOMINAL,220.0,3.4904217349824327,3.4890046674881434,-0.0014170674942892703,False,False
A10,A,0.0025,FOUR,F_TRACKED,180.0,0.0,4.797675524890562,4.797675524890562,True,False
A10,A,0.0025,FOUR,F_TRACKED,200.0,0.0,5.000975781340428,5.000975781340428,True,False
A10,A,0.0025,FOUR,F_TRACKED,220.0,0.0,5.483883201673378,5.483883201673378,True,False
A10,A,0.0025,FOUR,F_NOMINAL,180.0,4.11434018401015,5.088462124936043,0.974121940925893,True,False
A10,A,0.0025,FOUR,F_NOMINAL,200.0,4.405419497723724,4.8726499677950255,0.4672304700713017,True,False
A10,A,0.0025,FOUR,F_NOMINAL,220.0,5.25046332552078,5.647141557818619,0.3966782322978393,True,False
A10,A,0.005,201,F_TRACKED,180.0,0.0,2.481300943915461,2.481300943915461,True,False
A10,A,0.005,201,F_TRACKED,200.0,0.0,4.201239430568468,4.201239430568468,True,False
A10,A,0.005,201,F_TRACKED,220.0,0.0,8.089043839896682,8.089043839896682,True,False
A10,A,0.005,201,F_NOMINAL,180.0,2.6235474195127892,2.5389285173807963,-0.08461890213199297,False,False
A10,A,0.005,201,F_NOMINAL,200.0,4.15944516488713,4.4295545211543255,0.2701093562671959,True,False
A10,A,0.005,201,F_NOMINAL,220.0,11.109366444346621,10.559908618960899,-0.5494578253857227,False,False
A10,A,0.005,235,F_TRACKED,180.0,0.0,2.4711981747438023,2.4711981747438023,True,False
A10,A,0.005,235,F_TRACKED,200.0,0.0,3.913312910531648,3.913312910531648,True,False
A10,A,0.005,235,F_TRACKED,220.0,0.0,3.7992433624315787,3.7992433624315787,True,False
A10,A,0.005,235,F_NOMINAL,180.0,3.153581548115609,3.3339832318313385,0.18040168371572962,True,False
A10,A,0.005,235,F_NOMINAL,200.0,2.1790494052091276,2.184135642630637,0.005086237421509487,True,False
A10,A,0.005,235,F_NOMINAL,220.0,0.7627927663744579,0.6676679758971414,-0.09512479047731648,False,False
A10,A,0.005,283,F_TRACKED,180.0,0.0,2.852005135825988,2.852005135825988,True,False
A10,A,0.005,283,F_TRACKED,200.0,0.0,2.546961981081056,2.546961981081056,True,False
A10,A,0.005,283,F_TRACKED,220.0,0.0,1.38142680794834,1.38142680794834,True,False
A10,A,0.005,283,F_NOMINAL,180.0,2.8824730251572896,3.212198636032432,0.3297256108751423,True,False
A10,A,0.005,283,F_NOMINAL,200.0,3.6449319342765563,3.4702532244073234,-0.17467870986923284,False,False
A10,A,0.005,283,F_NOMINAL,220.0,0.5568232963767827,1.0135365043146314,0.45671320793784864,True,False
A10,A,0.005,338,F_TRACKED,180.0,0.0,4.084656111109824,4.084656111109824,True,False
A10,A,0.005,338,F_TRACKED,200.0,0.0,3.4988488393589052,3.4988488393589052,True,False
A10,A,0.005,338,F_TRACKED,220.0,0.0,3.683288297193781,3.683288297193781,True,False
A10,A,0.005,338,F_NOMINAL,180.0,3.9983069685926083,3.771640703398171,-0.22666626519443733,False,False
A10,A,0.005,338,F_NOMINAL,200.0,7.353540747767482,6.7795073666773575,-0.5740333810901248,False,False
A10,A,0.005,338,F_NOMINAL,220.0,3.419868192234972,3.55946585017703,0.13959765794205792,True,False
A10,A,0.005,FOUR,F_TRACKED,180.0,0.0,5.618542366267814,5.618542366267814,True,False
A10,A,0.005,FOUR,F_TRACKED,200.0,0.0,6.261581631951201,6.261581631951201,True,False
A10,A,0.005,FOUR,F_TRACKED,220.0,0.0,6.316455445051022,6.316455445051022,True,False
A10,A,0.005,FOUR,F_NOMINAL,180.0,3.4790372832721164,5.1708201056505985,1.691782822378482,True,False
A10,A,0.005,FOUR,F_NOMINAL,200.0,4.757846263929385,5.3174774647103416,0.5596312007809567,True,False
A10,A,0.005,FOUR,F_NOMINAL,220.0,5.835722634986205,6.3716537090785,0.5359310740922956,True,False
A10,A,0.01,201,F_TRACKED,180.0,0.0,2.8303796814883433,2.8303796814883433,True,False
A10,A,0.01,201,F_TRACKED,200.0,0.0,3.7946720854036506,3.7946720854036506,True,False
A10,A,0.01,201,F_TRACKED,220.0,0.0,2.4955520743159925,2.4955520743159925,True,False
A10,A,0.01,201,F_NOMINAL,180.0,1.014032675180971,1.348173549466123,0.33414087428515193,True,False
A10,A,0.01,201,F_NOMINAL,200.0,1.2274244085518498,1.608058118999641,0.38063371044779126,True,False
A10,A,0.01,201,F_NOMINAL,220.0,2.3622904319030043,2.654706431725952,0.29241599982294764,True,False
A10,A,0.01,235,F_TRACKED,180.0,0.0,4.375550943395373,4.375550943395373,True,False
A10,A,0.01,235,F_TRACKED,200.0,0.0,4.478445761259797,4.478445761259797,True,False
A10,A,0.01,235,F_TRACKED,220.0,0.0,4.0422139845867,4.0422139845867,True,False
A10,A,0.01,235,F_NOMINAL,180.0,4.016223998307385,3.818707427847579,-0.1975165704598063,False,False
A10,A,0.01,235,F_NOMINAL,200.0,1.7161484545425052,1.8016757969219581,0.08552734237945292,True,False
A10,A,0.01,235,F_NOMINAL,220.0,0.7048860523157193,0.7960392871120231,0.09115323479630377,True,False
A10,A,0.01,283,F_TRACKED,180.0,0.0,3.4980052058242754,3.4980052058242754,True,False
A10,A,0.01,283,F_TRACKED,200.0,0.0,3.8179389137817363,3.8179389137817363,True,False
A10,A,0.01,283,F_TRACKED,220.0,0.0,2.2331948885720254,2.2331948885720254,True,False
A10,A,0.01,283,F_NOMINAL,180.0,2.888902577184798,3.2935075256785327,0.40460494849373463,True,False
A10,A,0.01,283,F_NOMINAL,200.0,3.541212636893737,3.631358180632805,0.09014554373906769,True,False
A10,A,0.01,283,F_NOMINAL,220.0,1.471692546401072,1.3339803585735244,-0.13771218782754757,False,False
A10,A,0.01,338,F_TRACKED,180.0,0.0,3.8324577092402907,3.8324577092402907,True,False
A10,A,0.01,338,F_TRACKED,200.0,0.0,1.3920051011801782,1.3920051011801782,True,False
A10,A,0.01,338,F_TRACKED,220.0,0.0,4.148204807307347,4.148204807307347,True,False
A10,A,0.01,338,F_NOMINAL,180.0,3.5982413076735544,3.475224655184208,-0.12301665248934635,False,False
A10,A,0.01,338,F_NOMINAL,200.0,3.3467117570102016,3.401416037843601,0.05470428083339929,True,False
A10,A,0.01,338,F_NOMINAL,220.0,5.084438586278118,4.362189998574162,-0.7222485877039562,False,False
A10,A,0.01,FOUR,F_TRACKED,180.0,0.0,5.561999689223454,5.561999689223454,True,False
A10,A,0.01,FOUR,F_TRACKED,200.0,0.0,5.756540989482172,5.756540989482172,True,False
A10,A,0.01,FOUR,F_TRACKED,220.0,0.0,6.405770096288794,6.405770096288794,True,False
A10,A,0.01,FOUR,F_NOMINAL,180.0,3.438051272524838,5.234121112658425,1.7960698401335868,True,False
A10,A,0.01,FOUR,F_NOMINAL,200.0,3.1581129145051015,4.838587590429714,1.680474675924613,True,False
A10,A,0.01,FOUR,F_NOMINAL,220.0,3.0626121184585813,5.30380630816348,2.241194189704899,True,False
A10,A,0.02,201,F_TRACKED,180.0,0.0,1.31162355878321,1.31162355878321,True,False
A10,A,0.02,201,F_TRACKED,200.0,0.0,1.4288128256617827,1.4288128256617827,True,False
A10,A,0.02,201,F_TRACKED,220.0,0.0,2.11154271781037,2.11154271781037,True,False
A10,A,0.02,201,F_NOMINAL,180.0,1.8528714213747681,2.61006654055436,0.757195119179592,True,False
A10,A,0.02,201,F_NOMINAL,200.0,1.5235407062296566,1.719742085136549,0.19620137890689238,True,False
A10,A,0.02,201,F_NOMINAL,220.0,1.520719407041976,1.4563413036784614,-0.06437810336351468,False,False
A10,A,0.02,235,F_TRACKED,180.0,0.0,2.343617636110281,2.343617636110281,True,False
A10,A,0.02,235,F_TRACKED,200.0,0.0,4.042083679678758,4.042083679678758,True,False
A10,A,0.02,235,F_TRACKED,220.0,0.0,3.227435300659288,3.227435300659288,True,False
A10,A,0.02,235,F_NOMINAL,180.0,2.271846157806868,2.2332297396990537,-0.038616418107814354,False,False
A10,A,0.02,235,F_NOMINAL,200.0,2.2228055249754655,2.233764138690184,0.010958613714718624,True,False
A10,A,0.02,235,F_NOMINAL,220.0,2.2501921981065007,2.17310475887672,-0.07708743922978067,False,False
A10,A,0.02,283,F_TRACKED,180.0,0.0,2.0436326393240667,2.0436326393240667,True,False
A10,A,0.02,283,F_TRACKED,200.0,0.0,4.188885935125944,4.188885935125944,True,False
A10,A,0.02,283,F_TRACKED,220.0,0.0,3.26202362628893,3.26202362628893,True,False
A10,A,0.02,283,F_NOMINAL,180.0,1.0475435282028338,1.1658549065895047,0.11831137838667094,True,False
A10,A,0.02,283,F_NOMINAL,200.0,3.38467586734715,3.578654436102024,0.19397856875487385,True,False
A10,A,0.02,283,F_NOMINAL,220.0,1.6207196756123672,1.4553893214881894,-0.16533035412417774,False,False
A10,A,0.02,338,F_TRACKED,180.0,0.0,4.06277256381974,4.06277256381974,True,False
A10,A,0.02,338,F_TRACKED,200.0,0.0,2.050215096363103,2.050215096363103,True,False
A10,A,0.02,338,F_TRACKED,220.0,0.0,5.2054230128151175,5.2054230128151175,True,False
A10,A,0.02,338,F_NOMINAL,180.0,4.167684931032441,3.446961283907743,-0.7207236471246978,False,False
A10,A,0.02,338,F_NOMINAL,200.0,3.7100347238145366,3.3639160097986283,-0.3461187140159083,False,False
A10,A,0.02,338,F_NOMINAL,220.0,5.982810228399097,4.379888273988496,-1.6029219544106006,False,False
A10,A,0.02,FOUR,F_TRACKED,180.0,0.0,5.1538271306608445,5.1538271306608445,True,False
A10,A,0.02,FOUR,F_TRACKED,200.0,0.0,5.503817127718339,5.503817127718339,True,False
A10,A,0.02,FOUR,F_TRACKED,220.0,0.0,5.305597020360685,5.305597020360685,True,False
A10,A,0.02,FOUR,F_NOMINAL,180.0,2.8168692366611996,4.79107157627494,1.9742023396137407,True,False
A10,A,0.02,FOUR,F_NOMINAL,200.0,3.1746951677456803,4.037730210644767,0.863035042899087,True,False
A10,A,0.02,FOUR,F_NOMINAL,220.0,3.704881175239886,4.461231042450148,0.756349867210262,True,False
B01,B,0.0,201,F_TRACKED,180.0,0.0,1.6950544568395336,1.6950544568395336,True,False
B01,B,0.0,201,F_TRACKED,200.0,0.0,3.8078608373955043,3.8078608373955043,True,False
B01,B,0.0,201,F_TRACKED,220.0,0.0,1.3311197298638333,1.3311197298638333,True,False
B01,B,0.0,201,F_NOMINAL,180.0,0.0,1.6950544568395336,1.6950544568395336,True,False
B01,B,0.0,201,F_NOMINAL,200.0,0.0,3.8078608373955043,3.8078608373955043,True,False
B01,B,0.0,201,F_NOMINAL,220.0,0.0,1.3311197298638333,1.3311197298638333,True,False
B01,B,0.0,235,F_TRACKED,180.0,0.0,2.2809345728968475,2.2809345728968475,True,False
B01,B,0.0,235,F_TRACKED,200.0,0.0,2.6345199221036686,2.6345199221036686,True,False
B01,B,0.0,235,F_TRACKED,220.0,0.0,1.4413442741294384,1.4413442741294384,True,False
B01,B,0.0,235,F_NOMINAL,180.0,0.0,2.2809345728968475,2.2809345728968475,True,False
B01,B,0.0,235,F_NOMINAL,200.0,0.0,2.6345199221036686,2.6345199221036686,True,False
B01,B,0.0,235,F_NOMINAL,220.0,0.0,1.4413442741294384,1.4413442741294384,True,False
B01,B,0.0,283,F_TRACKED,180.0,0.0,1.7374082298818885,1.7374082298818885,True,False
B01,B,0.0,283,F_TRACKED,200.0,0.0,4.47249932846809,4.47249932846809,True,False
B01,B,0.0,283,F_TRACKED,220.0,0.0,1.4987166734871025,1.4987166734871025,True,False
B01,B,0.0,283,F_NOMINAL,180.0,0.0,1.7374082298818885,1.7374082298818885,True,False
B01,B,0.0,283,F_NOMINAL,200.0,0.0,4.47249932846809,4.47249932846809,True,False
B01,B,0.0,283,F_NOMINAL,220.0,0.0,1.4987166734871025,1.4987166734871025,True,False
B01,B,0.0,338,F_TRACKED,180.0,0.0,3.8057300267428715,3.8057300267428715,True,False
B01,B,0.0,338,F_TRACKED,200.0,0.0,0.8510676049403784,0.8510676049403784,True,False
B01,B,0.0,338,F_TRACKED,220.0,0.0,2.302436155460323,2.302436155460323,True,False
B01,B,0.0,338,F_NOMINAL,180.0,0.0,3.8057300267428715,3.8057300267428715,True,False
B01,B,0.0,338,F_NOMINAL,200.0,0.0,0.8510676049403784,0.8510676049403784,True,False
B01,B,0.0,338,F_NOMINAL,220.0,0.0,2.302436155460323,2.302436155460323,True,False
B01,B,0.0,FOUR,F_TRACKED,180.0,0.0,4.074632260925296,4.074632260925296,True,False
B01,B,0.0,FOUR,F_TRACKED,200.0,0.0,4.676108414307609,4.676108414307609,True,False
B01,B,0.0,FOUR,F_TRACKED,220.0,0.0,4.074165240275136,4.074165240275136,True,False
B01,B,0.0,FOUR,F_NOMINAL,180.0,0.0,4.074632260925296,4.074632260925296,True,False
B01,B,0.0,FOUR,F_NOMINAL,200.0,0.0,4.676108414307609,4.676108414307609,True,False
B01,B,0.0,FOUR,F_NOMINAL,220.0,0.0,4.074165240275136,4.074165240275136,True,False
B01,B,0.0025,201,F_TRACKED,180.0,0.0,3.088884731698277,3.088884731698277,True,False
B01,B,0.0025,201,F_TRACKED,200.0,0.0,3.0783773817906717,3.0783773817906717,True,False
B01,B,0.0025,201,F_TRACKED,220.0,0.0,7.893957678454047,7.893957678454047,True,False
B01,B,0.0025,201,F_NOMINAL,180.0,3.4234016289719005,2.091299260511674,-1.3321023684602267,False,False
B01,B,0.0025,201,F_NOMINAL,200.0,3.5838572537233766,2.7552661235790263,-0.8285911301443503,False,False
B01,B,0.0025,201,F_NOMINAL,220.0,8.899732065158688,8.138355833699736,-0.7613762314589518,False,False
B01,B,0.0025,235,F_TRACKED,180.0,0.0,2.563241243450574,2.563241243450574,True,False
B01,B,0.0025,235,F_TRACKED,200.0,0.0,3.5347400556200275,3.5347400556200275,True,False
B01,B,0.0025,235,F_TRACKED,220.0,0.0,2.861527300377895,2.861527300377895,True,False
B01,B,0.0025,235,F_NOMINAL,180.0,2.248440315777112,2.49364748100295,0.24520716522583808,True,False
B01,B,0.0025,235,F_NOMINAL,200.0,3.3740226594137246,2.7150136466117454,-0.6590090128019792,False,False
B01,B,0.0025,235,F_NOMINAL,220.0,2.9927879103181283,2.423035496416231,-0.5697524139018975,False,False
B01,B,0.0025,283,F_TRACKED,180.0,0.0,5.322797926029462,5.322797926029462,True,False
B01,B,0.0025,283,F_TRACKED,200.0,0.0,3.6127952121942912,3.6127952121942912,True,False
B01,B,0.0025,283,F_TRACKED,220.0,0.0,1.6302582140096262,1.6302582140096262,True,False
B01,B,0.0025,283,F_NOMINAL,180.0,5.578367921831459,5.79335767248527,0.21498975065381032,True,False
B01,B,0.0025,283,F_NOMINAL,200.0,3.1408643909857887,3.022129287522307,-0.11873510346348182,False,False
B01,B,0.0025,283,F_NOMINAL,220.0,1.1755320469551624,1.4262281294483319,0.25069608249316944,True,False
B01,B,0.0025,338,F_TRACKED,180.0,0.0,3.5314535353227208,3.5314535353227208,True,False
B01,B,0.0025,338,F_TRACKED,200.0,0.0,4.959145687402705,4.959145687402705,True,False
B01,B,0.0025,338,F_TRACKED,220.0,0.0,3.5974099351788773,3.5974099351788773,True,False
B01,B,0.0025,338,F_NOMINAL,180.0,3.2833227742185485,2.522405741191261,-0.7609170330272876,False,False
B01,B,0.0025,338,F_NOMINAL,200.0,5.548329756881843,4.153532931241635,-1.3947968256402081,False,False
B01,B,0.0025,338,F_NOMINAL,220.0,3.440125773801988,3.185655712761602,-0.25447006104038605,False,False
B01,B,0.0025,FOUR,F_TRACKED,180.0,0.0,4.729392567763492,4.729392567763492,True,False
B01,B,0.0025,FOUR,F_TRACKED,200.0,0.0,4.34846279428406,4.34846279428406,True,False
B01,B,0.0025,FOUR,F_TRACKED,220.0,0.0,5.705744495612598,5.705744495612598,True,False
B01,B,0.0025,FOUR,F_NOMINAL,180.0,3.9492049274991814,4.556171024211205,0.6069660967120232,True,False
B01,B,0.0025,FOUR,F_NOMINAL,200.0,4.330975880213549,4.123785334481509,-0.20719054573203977,False,False
B01,B,0.0025,FOUR,F_NOMINAL,220.0,5.1043046084673165,5.218029558820398,0.11372495035308194,True,False
B01,B,0.005,201,F_TRACKED,180.0,0.0,2.913456566892664,2.913456566892664,True,False
B01,B,0.005,201,F_TRACKED,200.0,0.0,4.128960216170468,4.128960216170468,True,False
B01,B,0.005,201,F_TRACKED,220.0,0.0,10.014545068908054,10.014545068908054,True,False
B01,B,0.005,201,F_NOMINAL,180.0,2.6876212145294907,2.512536827798448,-0.17508438673104276,False,False
B01,B,0.005,201,F_NOMINAL,200.0,4.082667937275921,3.229594331128077,-0.8530736061478437,False,False
B01,B,0.005,201,F_NOMINAL,220.0,11.085690753683533,9.914910464020116,-1.1707802896634174,False,False
B01,B,0.005,235,F_TRACKED,180.0,0.0,2.7309327716423164,2.7309327716423164,True,False
B01,B,0.005,235,F_TRACKED,200.0,0.0,2.6026400163093135,2.6026400163093135,True,False
B01,B,0.005,235,F_TRACKED,220.0,0.0,1.5775313934602655,1.5775313934602655,True,False
B01,B,0.005,235,F_NOMINAL,180.0,2.84385200024359,2.7453250555121214,-0.09852694473146872,False,False
B01,B,0.005,235,F_NOMINAL,200.0,2.2227311393582023,1.9528465153139118,-0.2698846240442905,False,False
B01,B,0.005,235,F_NOMINAL,220.0,0.8024419116633782,1.6120193018391227,0.8095773901757445,True,False
B01,B,0.005,283,F_TRACKED,180.0,0.0,2.8575178537849046,2.8575178537849046,True,False
B01,B,0.005,283,F_TRACKED,200.0,0.0,3.306493488048019,3.306493488048019,True,False
B01,B,0.005,283,F_TRACKED,220.0,0.0,1.672092146975432,1.672092146975432,True,False
B01,B,0.005,283,F_NOMINAL,180.0,2.7751966319748376,3.1146709471809517,0.33947431520611415,True,False
B01,B,0.005,283,F_NOMINAL,200.0,3.5536499698174446,3.1678196147137934,-0.38583035510365127,False,False
B01,B,0.005,283,F_NOMINAL,220.0,0.5566387145850848,1.5390059557307167,0.9823672411456319,True,False
B01,B,0.005,338,F_TRACKED,180.0,0.0,3.999440727514148,3.999440727514148,True,False
B01,B,0.005,338,F_TRACKED,200.0,0.0,6.897567378005168,6.897567378005168,True,False
B01,B,0.005,338,F_TRACKED,220.0,0.0,3.5194841870426785,3.5194841870426785,True,False
B01,B,0.005,338,F_NOMINAL,180.0,3.9751889181292936,3.712717205471,-0.26247171265829383,False,False
B01,B,0.005,338,F_NOMINAL,200.0,7.113575399890512,6.6756515547406226,-0.43792384514988925,False,False
B01,B,0.005,338,F_NOMINAL,220.0,3.390114815773919,3.3662937859050164,-0.023821029868902777,False,False
B01,B,0.005,FOUR,F_TRACKED,180.0,0.0,4.052688745140178,4.052688745140178,True,False
B01,B,0.005,FOUR,F_TRACKED,200.0,0.0,5.207094876095188,5.207094876095188,True,False
B01,B,0.005,FOUR,F_TRACKED,220.0,0.0,5.909531840648052,5.909531840648052,True,False
B01,B,0.005,FOUR,F_NOMINAL,180.0,3.390880722804119,4.389100450769527,0.9982197279654077,True,False
B01,B,0.005,FOUR,F_NOMINAL,200.0,4.651569194178366,4.443390149531026,-0.20817904464734038,False,False
B01,B,0.005,FOUR,F_NOMINAL,220.0,5.837242426869688,5.448970048963954,-0.388272377905734,False,False
B01,B,0.01,201,F_TRACKED,180.0,0.0,2.0637006914471523,2.0637006914471523,True,False
B01,B,0.01,201,F_TRACKED,200.0,0.0,2.411627084208752,2.411627084208752,True,False
B01,B,0.01,201,F_TRACKED,220.0,0.0,2.655266648087331,2.655266648087331,True,False
B01,B,0.01,201,F_NOMINAL,180.0,1.0294054425823063,2.4406133582103253,1.411207915628019,True,False
B01,B,0.01,201,F_NOMINAL,200.0,1.2079787194473492,2.5080542835982094,1.3000755641508601,True,False
B01,B,0.01,201,F_NOMINAL,220.0,2.355289698513693,2.6014335926245784,0.24614389411088533,True,False
B01,B,0.01,235,F_TRACKED,180.0,0.0,4.139998646414759,4.139998646414759,True,False
B01,B,0.01,235,F_TRACKED,200.0,0.0,2.129611955205941,2.129611955205941,True,False
B01,B,0.01,235,F_TRACKED,220.0,0.0,1.2191396252387274,1.2191396252387274,True,False
B01,B,0.01,235,F_NOMINAL,180.0,3.777007844441463,3.7339150764684224,-0.043092767973040846,False,False
B01,B,0.01,235,F_NOMINAL,200.0,1.6434886476722583,1.6588158047020156,0.015327157029757288,True,False
B01,B,0.01,235,F_NOMINAL,220.0,0.6743677787857185,1.562672966299994,0.8883051875142756,True,False
B01,B,0.01,283,F_TRACKED,180.0,0.0,3.1267682499689653,3.1267682499689653,True,False
B01,B,0.01,283,F_TRACKED,200.0,0.0,3.757750400924442,3.757750400924442,True,False
B01,B,0.01,283,F_TRACKED,220.0,0.0,2.0116030741357407,2.0116030741357407,True,False
B01,B,0.01,283,F_NOMINAL,180.0,2.722019968706291,3.0371068651706,0.315086896464309,True,False
B01,B,0.01,283,F_NOMINAL,200.0,3.5153152363523197,3.5234479893001973,0.00813275294787763,True,False
B01,B,0.01,283,F_NOMINAL,220.0,1.4218851923850357,1.8698081935933746,0.44792300120833883,True,False
B01,B,0.01,338,F_TRACKED,180.0,0.0,3.3911701711510767,3.3911701711510767,True,False
B01,B,0.01,338,F_TRACKED,200.0,0.0,3.089662521350292,3.089662521350292,True,False
B01,B,0.01,338,F_TRACKED,220.0,0.0,4.502768734089159,4.502768734089159,True,False
B01,B,0.01,338,F_NOMINAL,180.0,3.460582324634586,2.6100069154661423,-0.8505754091684437,False,False
B01,B,0.01,338,F_NOMINAL,200.0,3.235532489629427,3.2256790253757597,-0.009853464253667177,False,False
B01,B,0.01,338,F_NOMINAL,220.0,4.881504534571855,4.17733295676403,-0.7041715778078252,False,False
B01,B,0.01,FOUR,F_TRACKED,180.0,0.0,3.861569145687944,3.861569145687944,True,False
B01,B,0.01,FOUR,F_TRACKED,200.0,0.0,3.826002018066056,3.826002018066056,True,False
B01,B,0.01,FOUR,F_TRACKED,220.0,0.0,3.9948196226080754,3.9948196226080754,True,False
B01,B,0.01,FOUR,F_NOMINAL,180.0,3.3246030879160386,4.4753406057166245,1.1507375178005859,True,False
B01,B,0.01,FOUR,F_NOMINAL,200.0,3.0711372380831388,4.048876189157552,0.977738951074413,True,False
B01,B,0.01,FOUR,F_NOMINAL,220.0,2.928720876056208,4.172263839593279,1.2435429635370716,True,False
B01,B,0.02,201,F_TRACKED,180.0,0.0,1.9404064702606965,1.9404064702606965,True,False
B01,B,0.02,201,F_TRACKED,200.0,0.0,2.3058887370889867,2.3058887370889867,True,False
B01,B,0.02,201,F_TRACKED,220.0,0.0,1.5219277954884154,1.5219277954884154,True,False
B01,B,0.02,201,F_NOMINAL,180.0,1.7461438226888588,1.6469074255876712,-0.09923639710118759,False,False
B01,B,0.02,201,F_NOMINAL,200.0,1.481808929482945,2.3021560095548512,0.8203470800719062,True,False
B01,B,0.02,201,F_NOMINAL,220.0,1.4999580112503976,2.263736253664893,0.7637782424144952,True,False
B01,B,0.02,235,F_TRACKED,180.0,0.0,2.2986989321554523,2.2986989321554523,True,False
B01,B,0.02,235,F_TRACKED,200.0,0.0,2.2699612492115464,2.2699612492115464,True,False
B01,B,0.02,235,F_TRACKED,220.0,0.0,2.3305041946271388,2.3305041946271388,True,False
B01,B,0.02,235,F_NOMINAL,180.0,2.1523550073479174,2.607116982969973,0.45476197562205556,True,False
B01,B,0.02,235,F_NOMINAL,200.0,2.2254474696249558,1.8567720220667663,-0.3686754475581895,False,False
B01,B,0.02,235,F_NOMINAL,220.0,2.0386153928912836,2.536586375607186,0.49797098271590245,True,False
B01,B,0.02,283,F_TRACKED,180.0,0.0,1.7586961629854148,1.7586961629854148,True,False
B01,B,0.02,283,F_TRACKED,200.0,0.0,3.3932557365164513,3.3932557365164513,True,False
B01,B,0.02,283,F_TRACKED,220.0,0.0,2.4078538742234703,2.4078538742234703,True,False
B01,B,0.02,283,F_NOMINAL,180.0,1.046130404509806,1.7799610993549229,0.7338306948451168,True,False
B01,B,0.02,283,F_NOMINAL,200.0,3.363623515254923,3.391343733772382,0.02772021851745876,True,False
B01,B,0.02,283,F_NOMINAL,220.0,1.563163793822956,1.9495406480279933,0.3863768542050374,True,False
B01,B,0.02,338,F_TRACKED,180.0,0.0,4.377271245141348,4.377271245141348,True,False
B01,B,0.02,338,F_TRACKED,200.0,0.0,4.327810360840997,4.327810360840997,True,False
B01,B,0.02,338,F_TRACKED,220.0,0.0,5.563124955679871,5.563124955679871,True,False
B01,B,0.02,338,F_NOMINAL,180.0,4.079956052025925,4.017595435553791,-0.062360616472133756,False,False
B01,B,0.02,338,F_NOMINAL,200.0,3.613414317351486,3.4971897535827656,-0.11622456376872048,False,False
B01,B,0.02,338,F_NOMINAL,220.0,5.7561882959526205,5.6013141000644655,-0.154874195888155,False,False
B01,B,0.02,FOUR,F_TRACKED,180.0,0.0,3.9174682933525053,3.9174682933525053,True,False
B01,B,0.02,FOUR,F_TRACKED,200.0,0.0,3.7509966912863937,3.7509966912863937,True,False
B01,B,0.02,FOUR,F_TRACKED,220.0,0.0,4.158796281376076,4.158796281376076,True,False
B01,B,0.02,FOUR,F_NOMINAL,180.0,2.7150919589299227,3.7735607286665376,1.0584687697366149,True,False
B01,B,0.02,FOUR,F_NOMINAL,200.0,3.1453593080312148,3.4914220863949015,0.3460627783636867,True,False
B01,B,0.02,FOUR,F_NOMINAL,220.0,3.628254884283225,4.203119038271979,0.5748641539887545,True,False
B02,B,0.0,201,F_TRACKED,180.0,0.0,4.0719097353590925,4.0719097353590925,True,False
B02,B,0.0,201,F_TRACKED,200.0,0.0,6.437937006509408,6.437937006509408,True,False
B02,B,0.0,201,F_TRACKED,220.0,0.0,3.342020286698394,3.342020286698394,True,False
B02,B,0.0,201,F_NOMINAL,180.0,0.0,4.0719097353590925,4.0719097353590925,True,False
B02,B,0.0,201,F_NOMINAL,200.0,0.0,6.437937006509408,6.437937006509408,True,False
B02,B,0.0,201,F_NOMINAL,220.0,0.0,3.342020286698394,3.342020286698394,True,False
B02,B,0.0,235,F_TRACKED,180.0,0.0,1.8539176275662619,1.8539176275662619,True,False
B02,B,0.0,235,F_TRACKED,200.0,0.0,4.377338234893204,4.377338234893204,True,False
B02,B,0.0,235,F_TRACKED,220.0,0.0,2.89366354600863,2.89366354600863,True,False
B02,B,0.0,235,F_NOMINAL,180.0,0.0,1.8539176275662619,1.8539176275662619,True,False
B02,B,0.0,235,F_NOMINAL,200.0,0.0,4.377338234893204,4.377338234893204,True,False
B02,B,0.0,235,F_NOMINAL,220.0,0.0,2.89366354600863,2.89366354600863,True,False
B02,B,0.0,283,F_TRACKED,180.0,0.0,2.6759167547039744,2.6759167547039744,True,False
B02,B,0.0,283,F_TRACKED,200.0,0.0,3.448152654710764,3.448152654710764,True,False
B02,B,0.0,283,F_TRACKED,220.0,0.0,3.2364789595132475,3.2364789595132475,True,False
B02,B,0.0,283,F_NOMINAL,180.0,0.0,2.6759167547039744,2.6759167547039744,True,False
B02,B,0.0,283,F_NOMINAL,200.0,0.0,3.448152654710764,3.448152654710764,True,False
B02,B,0.0,283,F_NOMINAL,220.0,0.0,3.2364789595132475,3.2364789595132475,True,False
B02,B,0.0,338,F_TRACKED,180.0,0.0,6.806973929816306,6.806973929816306,True,False
B02,B,0.0,338,F_TRACKED,200.0,0.0,3.061349033095256,3.061349033095256,True,False
B02,B,0.0,338,F_TRACKED,220.0,0.0,5.2329853795846795,5.2329853795846795,True,False
B02,B,0.0,338,F_NOMINAL,180.0,0.0,6.806973929816306,6.806973929816306,True,False
B02,B,0.0,338,F_NOMINAL,200.0,0.0,3.061349033095256,3.061349033095256,True,False
B02,B,0.0,338,F_NOMINAL,220.0,0.0,5.2329853795846795,5.2329853795846795,True,False
B02,B,0.0,FOUR,F_TRACKED,180.0,0.0,5.036548815055422,5.036548815055422,True,False
B02,B,0.0,FOUR,F_TRACKED,200.0,0.0,5.351848787918192,5.351848787918192,True,False
B02,B,0.0,FOUR,F_TRACKED,220.0,0.0,4.544683902683468,4.544683902683468,True,False
B02,B,0.0,FOUR,F_NOMINAL,180.0,0.0,5.036548815055422,5.036548815055422,True,False
B02,B,0.0,FOUR,F_NOMINAL,200.0,0.0,5.351848787918192,5.351848787918192,True,False
B02,B,0.0,FOUR,F_NOMINAL,220.0,0.0,4.544683902683468,4.544683902683468,True,False
B02,B,0.0025,201,F_TRACKED,180.0,0.0,3.9941100914215206,3.9941100914215206,True,False
B02,B,0.0025,201,F_TRACKED,200.0,0.0,4.66941681124752,4.66941681124752,True,False
B02,B,0.0025,201,F_TRACKED,220.0,0.0,7.528489675098673,7.528489675098673,True,False
B02,B,0.0025,201,F_NOMINAL,180.0,3.3815244371338524,3.596629162194173,0.2151047250603204,True,False
B02,B,0.0025,201,F_NOMINAL,200.0,3.5231889776137733,4.230956199134532,0.7077672215207587,True,False
B02,B,0.0025,201,F_NOMINAL,220.0,8.860646050388132,7.7805384717244435,-1.0801075786636885,False,False
B02,B,0.0025,235,F_TRACKED,180.0,0.0,2.6253903339362283,2.6253903339362283,True,False
B02,B,0.0025,235,F_TRACKED,200.0,0.0,4.252368377566058,4.252368377566058,True,False
B02,B,0.0025,235,F_TRACKED,220.0,0.0,3.815897386247174,3.815897386247174,True,False
B02,B,0.0025,235,F_NOMINAL,180.0,2.157142322698736,3.199551026356413,1.042408703657677,True,False
B02,B,0.0025,235,F_NOMINAL,200.0,3.342641740323095,4.037444717985071,0.6948029776619764,True,False
B02,B,0.0025,235,F_NOMINAL,220.0,2.8290422375295132,3.9613992936609317,1.1323570561314185,True,False
B02,B,0.0025,283,F_TRACKED,180.0,0.0,4.612466272658069,4.612466272658069,True,False
B02,B,0.0025,283,F_TRACKED,200.0,0.0,2.7317130267563208,2.7317130267563208,True,False
B02,B,0.0025,283,F_TRACKED,220.0,0.0,3.4282848600124534,3.4282848600124534,True,False
B02,B,0.0025,283,F_NOMINAL,180.0,5.502770717934563,4.707130302824297,-0.7956404151102667,False,False
B02,B,0.0025,283,F_NOMINAL,200.0,3.10984375279791,2.2622695046559977,-0.8475742481419122,False,False
B02,B,0.0025,283,F_NOMINAL,220.0,1.1119006206704822,3.734616720501035,2.622716099830553,True,False
B02,B,0.0025,338,F_TRACKED,180.0,0.0,4.32998098681811,4.32998098681811,True,False
B02,B,0.0025,338,F_TRACKED,200.0,0.0,4.879980757301559,4.879980757301559,True,False
B02,B,0.0025,338,F_TRACKED,220.0,0.0,4.177779991108154,4.177779991108154,True,False
B02,B,0.0025,338,F_NOMINAL,180.0,3.2285998581135744,4.32561896859939,1.097019110485816,True,False
B02,B,0.0025,338,F_NOMINAL,200.0,5.450975331476947,5.482369213207967,0.0313938817310202,True,False
B02,B,0.0025,338,F_NOMINAL,220.0,3.429230722407753,3.7169434809028057,0.2877127584950525,True,False
B02,B,0.0025,FOUR,F_TRACKED,180.0,0.0,4.277804998985288,4.277804998985288,True,False
B02,B,0.0025,FOUR,F_TRACKED,200.0,0.0,4.817440608380688,4.817440608380688,True,False
B02,B,0.0025,FOUR,F_TRACKED,220.0,0.0,5.728056741015545,5.728056741015545,True,False
B02,B,0.0025,FOUR,F_NOMINAL,180.0,3.8726267966312133,4.70294869612414,0.8303218994929265,True,False
B02,B,0.0025,FOUR,F_NOMINAL,200.0,4.319631488313402,5.523045073619659,1.2034135853062562,True,False
B02,B,0.0025,FOUR,F_NOMINAL,220.0,5.087700304969939,6.046193816768467,0.9584935117985278,True,False
B02,B,0.005,201,F_TRACKED,180.0,0.0,3.8151403233222023,3.8151403233222023,True,False
B02,B,0.005,201,F_TRACKED,200.0,0.0,5.166410186970032,5.166410186970032,True,False
B02,B,0.005,201,F_TRACKED,220.0,0.0,9.996349463497964,9.996349463497964,True,False
B02,B,0.005,201,F_NOMINAL,180.0,2.6712360118514797,3.9339941890529615,1.2627581772014818,True,False
B02,B,0.005,201,F_NOMINAL,200.0,4.02164533482417,4.458708023224831,0.437062688400661,True,False
B02,B,0.005,201,F_NOMINAL,220.0,11.058873238765157,9.482426132849607,-1.57644710591555,False,False
B02,B,0.005,235,F_TRACKED,180.0,0.0,2.7935676794382576,2.7935676794382576,True,False
B02,B,0.005,235,F_TRACKED,200.0,0.0,3.852295114836511,3.852295114836511,True,False
B02,B,0.005,235,F_TRACKED,220.0,0.0,2.935826149715459,2.935826149715459,True,False
B02,B,0.005,235,F_NOMINAL,180.0,2.691882273774118,2.8931621596685404,0.20127988589442225,True,False
B02,B,0.005,235,F_NOMINAL,200.0,2.217840839421412,3.3328085117721216,1.1149676723507094,True,False
B02,B,0.005,235,F_NOMINAL,220.0,0.8036150623725683,2.801631413756403,1.9980163513838347,True,False
B02,B,0.005,283,F_TRACKED,180.0,0.0,3.504433034774298,3.504433034774298,True,False
B02,B,0.005,283,F_TRACKED,200.0,0.0,3.424381389636302,3.424381389636302,True,False
B02,B,0.005,283,F_TRACKED,220.0,0.0,3.3889735701634294,3.3889735701634294,True,False
B02,B,0.005,283,F_NOMINAL,180.0,2.7244824787946973,3.7525751404646335,1.0280926616699362,True,False
B02,B,0.005,283,F_NOMINAL,200.0,3.5087406241773635,3.6420235694930105,0.133282945315647,True,False
B02,B,0.005,283,F_NOMINAL,220.0,0.5668820346600645,3.4655260620852433,2.8986440274251786,True,False
B02,B,0.005,338,F_TRACKED,180.0,0.0,4.641463326589653,4.641463326589653,True,False
B02,B,0.005,338,F_TRACKED,200.0,0.0,6.259003380662294,6.259003380662294,True,False
B02,B,0.005,338,F_TRACKED,220.0,0.0,4.196841753974627,4.196841753974627,True,False
B02,B,0.005,338,F_NOMINAL,180.0,3.9317615112089146,4.411384884294337,0.4796233730854227,True,False
B02,B,0.005,338,F_NOMINAL,200.0,6.957400218445076,6.221478242798513,-0.7359219756465629,False,False
B02,B,0.005,338,F_NOMINAL,220.0,3.4001381490640803,4.0262968010055635,0.6261586519414832,True,False
B02,B,0.005,FOUR,F_TRACKED,180.0,0.0,4.851474801419926,4.851474801419926,True,False
B02,B,0.005,FOUR,F_TRACKED,200.0,0.0,5.956369627619452,5.956369627619452,True,False
B02,B,0.005,FOUR,F_TRACKED,220.0,0.0,6.456575068178093,6.456575068178093,True,False
B02,B,0.005,FOUR,F_NOMINAL,180.0,3.3295499233792882,4.5622362627901705,1.2326863394108822,True,False
B02,B,0.005,FOUR,F_NOMINAL,200.0,4.602833706029064,6.048452930061133,1.445619224032069,True,False
B02,B,0.005,FOUR,F_NOMINAL,220.0,5.840849959593758,6.49874554262845,0.6578955830346924,True,False
B02,B,0.01,201,F_TRACKED,180.0,0.0,4.700444354803862,4.700444354803862,True,False
B02,B,0.01,201,F_TRACKED,200.0,0.0,5.579737320757955,5.579737320757955,True,False
B02,B,0.01,201,F_TRACKED,220.0,0.0,4.6857054986741495,4.6857054986741495,True,False
B02,B,0.01,201,F_NOMINAL,180.0,1.0405694696452024,4.686449190373686,3.645879720728484,True,False
B02,B,0.01,201,F_NOMINAL,200.0,1.1859608991460808,5.2674517902774625,4.081490891131382,True,False
B02,B,0.01,201,F_NOMINAL,220.0,2.359888694698832,4.281903927065937,1.9220152323671047,True,False
B02,B,0.01,235,F_TRACKED,180.0,0.0,3.2303867213309747,3.2303867213309747,True,False
B02,B,0.01,235,F_TRACKED,200.0,0.0,3.87102890709367,3.87102890709367,True,False
B02,B,0.01,235,F_TRACKED,220.0,0.0,3.218489250661824,3.218489250661824,True,False
B02,B,0.01,235,F_NOMINAL,180.0,3.638734080688052,3.7688808251617063,0.13014674447365415,True,False
B02,B,0.01,235,F_NOMINAL,200.0,1.6316734735564493,3.484189107443276,1.8525156338868265,True,False
B02,B,0.01,235,F_NOMINAL,220.0,0.6731362986941108,3.011476590267073,2.3383402915729623,True,False
B02,B,0.01,283,F_TRACKED,180.0,0.0,2.551856154863592,2.551856154863592,True,False
B02,B,0.01,283,F_TRACKED,200.0,0.0,4.083399299886763,4.083399299886763,True,False
B02,B,0.01,283,F_TRACKED,220.0,0.0,3.459420208260237,3.459420208260237,True,False
B02,B,0.01,283,F_NOMINAL,180.0,2.5593732886241747,3.4112023805350478,0.8518290919108731,True,False
B02,B,0.01,283,F_NOMINAL,200.0,3.513988192099669,4.277723502307509,0.7637353102078404,True,False
B02,B,0.01,283,F_NOMINAL,220.0,1.4301730705515656,4.4915913315662985,3.061418261014733,True,False
B02,B,0.01,338,F_TRACKED,180.0,0.0,4.934163973225435,4.934163973225435,True,False
B02,B,0.01,338,F_TRACKED,200.0,0.0,3.0571906460287006,3.0571906460287006,True,False
B02,B,0.01,338,F_TRACKED,220.0,0.0,5.186273283970122,5.186273283970122,True,False
B02,B,0.01,338,F_NOMINAL,180.0,3.402363687966369,4.77107198454161,1.368708296575241,True,False
B02,B,0.01,338,F_NOMINAL,200.0,3.188654238370051,3.2610420124611057,0.07238777409105479,True,False
B02,B,0.01,338,F_NOMINAL,220.0,4.806286960430876,5.178362970704181,0.3720760102733047,True,False
B02,B,0.01,FOUR,F_TRACKED,180.0,0.0,5.102476973892515,5.102476973892515,True,False
B02,B,0.01,FOUR,F_TRACKED,200.0,0.0,5.215687540573488,5.215687540573488,True,False
B02,B,0.01,FOUR,F_TRACKED,220.0,0.0,5.165139575325564,5.165139575325564,True,False
B02,B,0.01,FOUR,F_NOMINAL,180.0,3.2805327285546633,5.29582582806894,2.015293099514277,True,False
B02,B,0.01,FOUR,F_NOMINAL,200.0,3.05446913660581,5.230945876034452,2.1764767394286424,True,False
B02,B,0.01,FOUR,F_NOMINAL,220.0,2.867697108988152,5.262655912095429,2.394958803107277,True,False
B02,B,0.02,201,F_TRACKED,180.0,0.0,4.025926969416682,4.025926969416682,True,False
B02,B,0.02,201,F_TRACKED,200.0,0.0,5.049731494142301,5.049731494142301,True,False
B02,B,0.02,201,F_TRACKED,220.0,0.0,2.3776764860966617,2.3776764860966617,True,False
B02,B,0.02,201,F_NOMINAL,180.0,1.6866615047769613,3.7655780835800865,2.078916578803125,True,False
B02,B,0.02,201,F_NOMINAL,200.0,1.4806218873366983,4.9840852809496665,3.503463393612968,True,False
B02,B,0.02,201,F_NOMINAL,220.0,1.502444009069346,1.8679988650975778,0.3655548560282318,True,False
B02,B,0.02,235,F_TRACKED,180.0,0.0,2.6889284854765694,2.6889284854765694,True,False
B02,B,0.02,235,F_TRACKED,200.0,0.0,3.8874135934413645,3.8874135934413645,True,False
B02,B,0.02,235,F_TRACKED,220.0,0.0,2.9928050953292917,2.9928050953292917,True,False
B02,B,0.02,235,F_NOMINAL,180.0,2.1047751797333474,2.8030169156200784,0.698241735886731,True,False
B02,B,0.02,235,F_NOMINAL,200.0,2.205994471857032,3.426486477764771,1.2204920059077389,True,False
B02,B,0.02,235,F_NOMINAL,220.0,1.997328533220746,3.0556597410803503,1.0583312078596043,True,False
B02,B,0.02,283,F_TRACKED,180.0,0.0,2.9208654963198555,2.9208654963198555,True,False
B02,B,0.02,283,F_TRACKED,200.0,0.0,3.264660592361074,3.264660592361074,True,False
B02,B,0.02,283,F_TRACKED,220.0,0.0,3.5378988470116766,3.5378988470116766,True,False
B02,B,0.02,283,F_NOMINAL,180.0,1.0172166922345691,3.2459239555121915,2.2287072632776224,True,False
B02,B,0.02,283,F_NOMINAL,200.0,3.359536523513847,3.913699308053821,0.5541627845399741,True,False
B02,B,0.02,283,F_NOMINAL,220.0,1.5508261433887152,5.05322652225595,3.502400378867235,True,False
B02,B,0.02,338,F_TRACKED,180.0,0.0,4.580324328436267,4.580324328436267,True,False
B02,B,0.02,338,F_TRACKED,200.0,0.0,3.7025440227964403,3.7025440227964403,True,False
B02,B,0.02,338,F_TRACKED,220.0,0.0,5.127031062119718,5.127031062119718,True,False
B02,B,0.02,338,F_NOMINAL,180.0,4.044809468423904,4.665591866404837,0.6207823979809328,True,False
B02,B,0.02,338,F_NOMINAL,200.0,3.593882031941025,4.3777916941023225,0.7839096621612973,True,False
B02,B,0.02,338,F_NOMINAL,220.0,5.615989374892067,5.86135587877189,0.24536650387982295,True,False
B02,B,0.02,FOUR,F_TRACKED,180.0,0.0,5.052881507864154,5.052881507864154,True,False
B02,B,0.02,FOUR,F_TRACKED,200.0,0.0,5.196813907594396,5.196813907594396,True,False
B02,B,0.02,FOUR,F_TRACKED,220.0,0.0,5.31608528142631,5.31608528142631,True,False
B02,B,0.02,FOUR,F_NOMINAL,180.0,2.6648332641336787,4.322820891199106,1.657987627065427,True,False
B02,B,0.02,FOUR,F_NOMINAL,200.0,3.163109623519743,5.225841378927423,2.06273175540768,True,False
B02,B,0.02,FOUR,F_NOMINAL,220.0,3.5974795607215753,4.983581097902528,1.3861015371809526,True,False
B03,B,0.0,201,F_TRACKED,180.0,0.0,0.9426384574998019,0.9426384574998019,True,False
B03,B,0.0,201,F_TRACKED,200.0,0.0,0.9730891046967431,0.9730891046967431,True,False
B03,B,0.0,201,F_TRACKED,220.0,0.0,0.48543981231957956,0.48543981231957956,True,False
B03,B,0.0,201,F_NOMINAL,180.0,0.0,0.9426384574998019,0.9426384574998019,True,False
B03,B,0.0,201,F_NOMINAL,200.0,0.0,0.9730891046967431,0.9730891046967431,True,False
B03,B,0.0,201,F_NOMINAL,220.0,0.0,0.48543981231957956,0.48543981231957956,True,False
B03,B,0.0,235,F_TRACKED,180.0,0.0,1.2948154140358228,1.2948154140358228,True,False
B03,B,0.0,235,F_TRACKED,200.0,0.0,1.1259996544700266,1.1259996544700266,True,False
B03,B,0.0,235,F_TRACKED,220.0,0.0,0.8446842122281957,0.8446842122281957,True,False
B03,B,0.0,235,F_NOMINAL,180.0,0.0,1.2948154140358228,1.2948154140358228,True,False
B03,B,0.0,235,F_NOMINAL,200.0,0.0,1.1259996544700266,1.1259996544700266,True,False
B03,B,0.0,235,F_NOMINAL,220.0,0.0,0.8446842122281957,0.8446842122281957,True,False
B03,B,0.0,283,F_TRACKED,180.0,0.0,1.776442144270833,1.776442144270833,True,False
B03,B,0.0,283,F_TRACKED,200.0,0.0,3.850177420587233,3.850177420587233,True,False
B03,B,0.0,283,F_TRACKED,220.0,0.0,1.0820597849922813,1.0820597849922813,True,False
B03,B,0.0,283,F_NOMINAL,180.0,0.0,1.776442144270833,1.776442144270833,True,False
B03,B,0.0,283,F_NOMINAL,200.0,0.0,3.850177420587233,3.850177420587233,True,False
B03,B,0.0,283,F_NOMINAL,220.0,0.0,1.0820597849922813,1.0820597849922813,True,False
B03,B,0.0,338,F_TRACKED,180.0,0.0,2.049024964122057,2.049024964122057,True,False
B03,B,0.0,338,F_TRACKED,200.0,0.0,1.1005617519670075,1.1005617519670075,True,False
B03,B,0.0,338,F_TRACKED,220.0,0.0,1.037051324461688,1.037051324461688,True,False
B03,B,0.0,338,F_NOMINAL,180.0,0.0,2.049024964122057,2.049024964122057,True,False
B03,B,0.0,338,F_NOMINAL,200.0,0.0,1.1005617519670075,1.1005617519670075,True,False
B03,B,0.0,338,F_NOMINAL,220.0,0.0,1.037051324461688,1.037051324461688,True,False
B03,B,0.0,FOUR,F_TRACKED,180.0,0.0,3.236458018577614,3.236458018577614,True,False
B03,B,0.0,FOUR,F_TRACKED,200.0,0.0,3.520674955228143,3.520674955228143,True,False
B03,B,0.0,FOUR,F_TRACKED,220.0,0.0,1.6455298708784936,1.6455298708784936,True,False
B03,B,0.0,FOUR,F_NOMINAL,180.0,0.0,3.236458018577614,3.236458018577614,True,False
B03,B,0.0,FOUR,F_NOMINAL,200.0,0.0,3.520674955228143,3.520674955228143,True,False
B03,B,0.0,FOUR,F_NOMINAL,220.0,0.0,1.6455298708784936,1.6455298708784936,True,False
B03,B,0.0025,201,F_TRACKED,180.0,0.0,2.7168781637824457,2.7168781637824457,True,False
B03,B,0.0025,201,F_TRACKED,200.0,0.0,3.2944510399377953,3.2944510399377953,True,False
B03,B,0.0025,201,F_TRACKED,220.0,0.0,7.932341216770542,7.932341216770542,True,False
B03,B,0.0025,201,F_NOMINAL,180.0,3.054214075774447,2.588132879142854,-0.4660811966315932,False,False
B03,B,0.0025,201,F_NOMINAL,200.0,3.0278357018293858,2.529844395409268,-0.4979913064201176,False,False
B03,B,0.0025,201,F_NOMINAL,220.0,8.091035751054413,6.503242204732741,-1.587793546321672,False,False
B03,B,0.0025,235,F_TRACKED,180.0,0.0,1.6168899071389542,1.6168899071389542,True,False
B03,B,0.0025,235,F_TRACKED,200.0,0.0,3.0827056875971253,3.0827056875971253,True,False
B03,B,0.0025,235,F_TRACKED,220.0,0.0,2.5173956999330613,2.5173956999330613,True,False
B03,B,0.0025,235,F_NOMINAL,180.0,1.6274920627770446,1.895975230647714,0.2684831678706694,True,False
B03,B,0.0025,235,F_NOMINAL,200.0,3.1246636722687327,3.3174613830252064,0.19279771075647378,True,False
B03,B,0.0025,235,F_NOMINAL,220.0,1.9553977184513158,2.2350638760010737,0.2796661575497579,True,False
B03,B,0.0025,283,F_TRACKED,180.0,0.0,5.020281638456384,5.020281638456384,True,False
B03,B,0.0025,283,F_TRACKED,200.0,0.0,2.733059231724367,2.733059231724367,True,False
B03,B,0.0025,283,F_TRACKED,220.0,0.0,1.4228248988196526,1.4228248988196526,True,False
B03,B,0.0025,283,F_NOMINAL,180.0,4.777193617501105,4.308024691728186,-0.4691689257729186,False,False
B03,B,0.0025,283,F_NOMINAL,200.0,2.570082565134569,1.7451892842201617,-0.8248932809144074,False,False
B03,B,0.0025,283,F_NOMINAL,220.0,0.47374906956079504,1.1171824529236423,0.6434333833628472,True,False
B03,B,0.0025,338,F_TRACKED,180.0,0.0,3.447598885087754,3.447598885087754,True,False
B03,B,0.0025,338,F_TRACKED,200.0,0.0,4.800689375565158,4.800689375565158,True,False
B03,B,0.0025,338,F_TRACKED,220.0,0.0,3.17057912389092,3.17057912389092,True,False
B03,B,0.0025,338,F_NOMINAL,180.0,3.167874460931831,3.164307117110506,-0.00356734382132462,False,False
B03,B,0.0025,338,F_NOMINAL,200.0,4.768237187610282,4.513132847079413,-0.2551043405308686,False,False
B03,B,0.0025,338,F_NOMINAL,220.0,3.2880525606416837,2.828940687317288,-0.4591118733243955,False,False
B03,B,0.0025,FOUR,F_TRACKED,180.0,0.0,3.9216472878308344,3.9216472878308344,True,False
B03,B,0.0025,FOUR,F_TRACKED,200.0,0.0,3.8799756075394543,3.8799756075394543,True,False
B03,B,0.0025,FOUR,F_TRACKED,220.0,0.0,5.198264908228265,5.198264908228265,True,False
B03,B,0.0025,FOUR,F_NOMINAL,180.0,3.508566790393423,3.806833818501585,0.2982670281081621,True,False
B03,B,0.0025,FOUR,F_NOMINAL,200.0,4.04430788070698,3.9715272949119975,-0.07278058579498259,False,False
B03,B,0.0025,FOUR,F_NOMINAL,220.0,4.766812159239325,4.677288330234847,-0.0895238290044773,False,False
B03,B,0.005,201,F_TRACKED,180.0,0.0,2.4028063172016183,2.4028063172016183,True,False
B03,B,0.005,201,F_TRACKED,200.0,0.0,3.4344784081916298,3.4344784081916298,True,False
B03,B,0.005,201,F_TRACKED,220.0,0.0,8.940218511797108,8.940218511797108,True,False
B03,B,0.005,201,F_NOMINAL,180.0,2.651738031744655,2.597472116108861,-0.05426591563579386,False,False
B03,B,0.005,201,F_NOMINAL,200.0,3.5289678420489765,3.0221516242915722,-0.5068162177574043,False,False
B03,B,0.005,201,F_NOMINAL,220.0,10.12765803898004,9.287885760338018,-0.8397722786420232,False,False
B03,B,0.005,235,F_TRACKED,180.0,0.0,2.2315684814759975,2.2315684814759975,True,False
B03,B,0.005,235,F_TRACKED,200.0,0.0,2.4226991991800095,2.4226991991800095,True,False
B03,B,0.005,235,F_TRACKED,220.0,0.0,2.2913142979958727,2.2913142979958727,True,False
B03,B,0.005,235,F_NOMINAL,180.0,1.5398107435146755,2.1229774813311546,0.5831667378164791,True,False
B03,B,0.005,235,F_NOMINAL,200.0,2.2290438289567294,2.380939600641491,0.15189577168476154,True,False
B03,B,0.005,235,F_NOMINAL,220.0,1.1931823855357886,1.6433391723379958,0.45015678680220717,True,False
B03,B,0.005,283,F_TRACKED,180.0,0.0,2.764625602325389,2.764625602325389,True,False
B03,B,0.005,283,F_TRACKED,200.0,0.0,2.9246361177681046,2.9246361177681046,True,False
B03,B,0.005,283,F_TRACKED,220.0,0.0,1.5911575449760573,1.5911575449760573,True,False
B03,B,0.005,283,F_NOMINAL,180.0,2.397567079429786,2.332016419937289,-0.06555065949249705,False,False
B03,B,0.005,283,F_NOMINAL,200.0,3.336448235380176,3.1988590793009832,-0.13758915607919286,False,False
B03,B,0.005,283,F_NOMINAL,220.0,0.7418450550812753,1.3518348496282662,0.6099897945469909,True,False
B03,B,0.005,338,F_TRACKED,180.0,0.0,3.3150172789398544,3.3150172789398544,True,False
B03,B,0.005,338,F_TRACKED,200.0,0.0,5.575853786174404,5.575853786174404,True,False
B03,B,0.005,338,F_TRACKED,220.0,0.0,2.524527184271636,2.524527184271636,True,False
B03,B,0.005,338,F_NOMINAL,180.0,3.806419395032814,3.8803395267908094,0.07392013175799539,True,False
B03,B,0.005,338,F_NOMINAL,200.0,5.789538483557983,5.965954535671718,0.17641605211373435,True,False
B03,B,0.005,338,F_NOMINAL,220.0,3.3019929932327394,3.3537029136826626,0.051709920449923175,True,False
B03,B,0.005,FOUR,F_TRACKED,180.0,0.0,3.495791418252659,3.495791418252659,True,False
B03,B,0.005,FOUR,F_TRACKED,200.0,0.0,5.069077889643213,5.069077889643213,True,False
B03,B,0.005,FOUR,F_TRACKED,220.0,0.0,5.7662141363526285,5.7662141363526285,True,False
B03,B,0.005,FOUR,F_NOMINAL,180.0,3.0963351806833006,3.3329494149815466,0.23661423429824602,True,False
B03,B,0.005,FOUR,F_NOMINAL,200.0,4.363317158662441,4.584401339690585,0.22108418102814387,True,False
B03,B,0.005,FOUR,F_NOMINAL,220.0,5.5111982320345945,5.5075222693170485,-0.0036759627175459997,False,False
B03,B,0.01,201,F_TRACKED,180.0,0.0,1.7461433530499761,1.7461433530499761,True,False
B03,B,0.01,201,F_TRACKED,200.0,0.0,2.3463894503087643,2.3463894503087643,True,False
B03,B,0.01,201,F_TRACKED,220.0,0.0,2.1024061998139785,2.1024061998139785,True,False
B03,B,0.01,201,F_NOMINAL,180.0,1.1275920749800707,1.3668670320552663,0.23927495707519553,True,False
B03,B,0.01,201,F_NOMINAL,200.0,0.9741827270551288,1.0711959650734941,0.09701323801836537,True,False
B03,B,0.01,201,F_NOMINAL,220.0,2.3090186859434154,2.363979438521914,0.05496075257849853,True,False
B03,B,0.01,235,F_TRACKED,180.0,0.0,2.995873714632719,2.995873714632719,True,False
B03,B,0.01,235,F_TRACKED,200.0,0.0,2.1552746554609885,2.1552746554609885,True,False
B03,B,0.01,235,F_TRACKED,220.0,0.0,1.9819323051940734,1.9819323051940734,True,False
B03,B,0.01,235,F_NOMINAL,180.0,2.585757418231954,2.7781266943706973,0.19236927613874322,True,False
B03,B,0.01,235,F_NOMINAL,200.0,1.4898053074217865,1.555719154353827,0.06591384693204039,True,False
B03,B,0.01,235,F_NOMINAL,220.0,0.648122288675781,0.8636956127518528,0.21557332407607177,True,False
B03,B,0.01,283,F_TRACKED,180.0,0.0,2.160276421982071,2.160276421982071,True,False
B03,B,0.01,283,F_TRACKED,200.0,0.0,2.641258812786219,2.641258812786219,True,False
B03,B,0.01,283,F_TRACKED,220.0,0.0,1.9475654507892763,1.9475654507892763,True,False
B03,B,0.01,283,F_NOMINAL,180.0,2.100338226129023,2.114582191206013,0.014243965076990328,True,False
B03,B,0.01,283,F_NOMINAL,200.0,3.518993481954207,3.5334840485132637,0.014490566559056894,True,False
B03,B,0.01,283,F_NOMINAL,220.0,1.4874638639832718,1.6237108618666052,0.1362469978833334,True,False
B03,B,0.01,338,F_TRACKED,180.0,0.0,3.2326651796693175,3.2326651796693175,True,False
B03,B,0.01,338,F_TRACKED,200.0,0.0,2.5809708655620955,2.5809708655620955,True,False
B03,B,0.01,338,F_TRACKED,220.0,0.0,4.024356262066609,4.024356262066609,True,False
B03,B,0.01,338,F_NOMINAL,180.0,3.160524336586125,3.364769372344253,0.20424503575812825,True,False
B03,B,0.01,338,F_NOMINAL,200.0,2.8857957275853656,2.7497316140563846,-0.13606411352898107,False,False
B03,B,0.01,338,F_NOMINAL,220.0,3.8230792279181,3.330555435518478,-0.49252379239962174,False,False
B03,B,0.01,FOUR,F_TRACKED,180.0,0.0,3.9356353583923847,3.9356353583923847,True,False
B03,B,0.01,FOUR,F_TRACKED,200.0,0.0,3.5375612072568474,3.5375612072568474,True,False
B03,B,0.01,FOUR,F_TRACKED,220.0,0.0,3.1932517462170376,3.1932517462170376,True,False
B03,B,0.01,FOUR,F_NOMINAL,180.0,2.796541720301985,3.014609789263037,0.2180680689610517,True,False
B03,B,0.01,FOUR,F_NOMINAL,200.0,2.883719868651113,3.276961504608222,0.3932416359571089,True,False
B03,B,0.01,FOUR,F_NOMINAL,220.0,2.4444759707295756,3.2315559090464117,0.7870799383168361,True,False
B03,B,0.02,201,F_TRACKED,180.0,0.0,1.45432497371091,1.45432497371091,True,False
B03,B,0.02,201,F_TRACKED,200.0,0.0,1.577711573667069,1.577711573667069,True,False
B03,B,0.02,201,F_TRACKED,220.0,0.0,1.9393242967248419,1.9393242967248419,True,False
B03,B,0.02,201,F_NOMINAL,180.0,1.3093728362969275,0.967757170059501,-0.34161566623742645,False,False
B03,B,0.02,201,F_NOMINAL,200.0,1.4310247099068445,1.706270646774382,0.2752459368675375,True,False
B03,B,0.02,201,F_NOMINAL,220.0,1.5442384031737035,2.090509423424925,0.5462710202512213,True,False
B03,B,0.02,235,F_TRACKED,180.0,0.0,2.3298209293533443,2.3298209293533443,True,False
B03,B,0.02,235,F_TRACKED,200.0,0.0,2.1869113341510915,2.1869113341510915,True,False
B03,B,0.02,235,F_TRACKED,220.0,0.0,2.18978741734891,2.18978741734891,True,False
B03,B,0.02,235,F_NOMINAL,180.0,1.7890277701148818,1.9775357298302805,0.1885079597153987,True,False
B03,B,0.02,235,F_NOMINAL,200.0,2.119823360094504,2.1954028622888417,0.07557950219433796,True,False
B03,B,0.02,235,F_NOMINAL,220.0,1.8700320639430754,2.280080721156299,0.4100486572132236,True,False
B03,B,0.02,283,F_TRACKED,180.0,0.0,1.1429002342722627,1.1429002342722627,True,False
B03,B,0.02,283,F_TRACKED,200.0,0.0,2.4196837352489813,2.4196837352489813,True,False
B03,B,0.02,283,F_TRACKED,220.0,0.0,1.3394732388769346,1.3394732388769346,True,False
B03,B,0.02,283,F_NOMINAL,180.0,1.1963093872832795,1.3392023784574305,0.142892991174151,True,False
B03,B,0.02,283,F_NOMINAL,200.0,3.3476409359489336,3.4356271873394504,0.08798625139051675,True,False
B03,B,0.02,283,F_NOMINAL,220.0,1.3671334932591108,1.8434571342064312,0.4763236409473204,True,False
B03,B,0.02,338,F_TRACKED,180.0,0.0,3.732397956777168,3.732397956777168,True,False
B03,B,0.02,338,F_TRACKED,200.0,0.0,2.932089267237085,2.932089267237085,True,False
B03,B,0.02,338,F_TRACKED,220.0,0.0,4.754971746520981,4.754971746520981,True,False
B03,B,0.02,338,F_NOMINAL,180.0,3.613883723975924,3.412684701358282,-0.2011990226176419,False,False
B03,B,0.02,338,F_NOMINAL,200.0,3.3197278637821523,3.6998788526709254,0.3801509888887731,True,False
B03,B,0.02,338,F_NOMINAL,220.0,4.48531161119318,3.672686674380886,-0.812624936812294,False,False
B03,B,0.02,FOUR,F_TRACKED,180.0,0.0,3.146080735199834,3.146080735199834,True,False
B03,B,0.02,FOUR,F_TRACKED,200.0,0.0,3.077670768654515,3.077670768654515,True,False
B03,B,0.02,FOUR,F_TRACKED,220.0,0.0,3.5527058973370593,3.5527058973370593,True,False
B03,B,0.02,FOUR,F_NOMINAL,180.0,2.294542347836296,2.8261258455624043,0.5315834977261082,True,False
B03,B,0.02,FOUR,F_NOMINAL,200.0,3.335900882364508,3.7833303530091995,0.4474294706446913,True,False
B03,B,0.02,FOUR,F_NOMINAL,220.0,3.1934055512246076,3.6083091766793385,0.4149036254547309,True,False
B04,B,0.0,201,F_TRACKED,180.0,0.0,0.9599536384235268,0.9599536384235268,True,False
B04,B,0.0,201,F_TRACKED,200.0,0.0,2.9687477523187606,2.9687477523187606,True,False
B04,B,0.0,201,F_TRACKED,220.0,0.0,1.314220836324404,1.314220836324404,True,False
B04,B,0.0,201,F_NOMINAL,180.0,0.0,0.9599536384235268,0.9599536384235268,True,False
B04,B,0.0,201,F_NOMINAL,200.0,0.0,2.9687477523187606,2.9687477523187606,True,False
B04,B,0.0,201,F_NOMINAL,220.0,0.0,1.314220836324404,1.314220836324404,True,False
B04,B,0.0,235,F_TRACKED,180.0,0.0,1.589340858508292,1.589340858508292,True,False
B04,B,0.0,235,F_TRACKED,200.0,0.0,1.4356610179672713,1.4356610179672713,True,False
B04,B,0.0,235,F_TRACKED,220.0,0.0,1.0702940566139525,1.0702940566139525,True,False
B04,B,0.0,235,F_NOMINAL,180.0,0.0,1.589340858508292,1.589340858508292,True,False
B04,B,0.0,235,F_NOMINAL,200.0,0.0,1.4356610179672713,1.4356610179672713,True,False
B04,B,0.0,235,F_NOMINAL,220.0,0.0,1.0702940566139525,1.0702940566139525,True,False
B04,B,0.0,283,F_TRACKED,180.0,0.0,1.7595776180722953,1.7595776180722953,True,False
B04,B,0.0,283,F_TRACKED,200.0,0.0,3.0967507188937384,3.0967507188937384,True,False
B04,B,0.0,283,F_TRACKED,220.0,0.0,1.2214482884111384,1.2214482884111384,True,False
B04,B,0.0,283,F_NOMINAL,180.0,0.0,1.7595776180722953,1.7595776180722953,True,False
B04,B,0.0,283,F_NOMINAL,200.0,0.0,3.0967507188937384,3.0967507188937384,True,False
B04,B,0.0,283,F_NOMINAL,220.0,0.0,1.2214482884111384,1.2214482884111384,True,False
B04,B,0.0,338,F_TRACKED,180.0,0.0,2.524894021854712,2.524894021854712,True,False
B04,B,0.0,338,F_TRACKED,200.0,0.0,1.7275045404130251,1.7275045404130251,True,False
B04,B,0.0,338,F_TRACKED,220.0,0.0,1.9482620701197964,1.9482620701197964,True,False
B04,B,0.0,338,F_NOMINAL,180.0,0.0,2.524894021854712,2.524894021854712,True,False
B04,B,0.0,338,F_NOMINAL,200.0,0.0,1.7275045404130251,1.7275045404130251,True,False
B04,B,0.0,338,F_NOMINAL,220.0,0.0,1.9482620701197964,1.9482620701197964,True,False
B04,B,0.0,FOUR,F_TRACKED,180.0,0.0,4.3548923639052415,4.3548923639052415,True,False
B04,B,0.0,FOUR,F_TRACKED,200.0,0.0,4.659845553760977,4.659845553760977,True,False
B04,B,0.0,FOUR,F_TRACKED,220.0,0.0,1.944442390048798,1.944442390048798,True,False
B04,B,0.0,FOUR,F_NOMINAL,180.0,0.0,4.3548923639052415,4.3548923639052415,True,False
B04,B,0.0,FOUR,F_NOMINAL,200.0,0.0,4.659845553760977,4.659845553760977,True,False
B04,B,0.0,FOUR,F_NOMINAL,220.0,0.0,1.944442390048798,1.944442390048798,True,False
B04,B,0.0025,201,F_TRACKED,180.0,0.0,2.712153499245197,2.712153499245197,True,False
B04,B,0.0025,201,F_TRACKED,200.0,0.0,2.7581336626256823,2.7581336626256823,True,False
B04,B,0.0025,201,F_TRACKED,220.0,0.0,7.546843155045251,7.546843155045251,True,False
B04,B,0.0025,201,F_NOMINAL,180.0,2.397054640513674,1.856406953020009,-0.540647687493665,False,False
B04,B,0.0025,201,F_NOMINAL,200.0,2.5947398024292587,1.6362707529067935,-0.9584690495224653,False,False
B04,B,0.0025,201,F_NOMINAL,220.0,7.098607110655408,4.033965436106079,-3.0646416745493292,False,False
B04,B,0.0025,235,F_TRACKED,180.0,0.0,2.5260803742355398,2.5260803742355398,True,False
B04,B,0.0025,235,F_TRACKED,200.0,0.0,3.0119015637279656,3.0119015637279656,True,False
B04,B,0.0025,235,F_TRACKED,220.0,0.0,2.3123853151787856,2.3123853151787856,True,False
B04,B,0.0025,235,F_NOMINAL,180.0,1.9315301683945194,2.157743358154302,0.22621318975978277,True,False
B04,B,0.0025,235,F_NOMINAL,200.0,3.0870129018762578,1.2689721278281265,-1.8180407740481312,False,False
B04,B,0.0025,235,F_NOMINAL,220.0,1.6405649205851096,1.1481019035537658,-0.49246301703134376,False,False
B04,B,0.0025,283,F_TRACKED,180.0,0.0,3.887662614335584,3.887662614335584,True,False
B04,B,0.0025,283,F_TRACKED,200.0,0.0,3.251357508855341,3.251357508855341,True,False
B04,B,0.0025,283,F_TRACKED,220.0,0.0,1.4601690172291184,1.4601690172291184,True,False
B04,B,0.0025,283,F_NOMINAL,180.0,4.052068012922434,4.363199118811765,0.3111311058893307,True,False
B04,B,0.0025,283,F_NOMINAL,200.0,2.5712035286989074,3.8089361717669896,1.2377326430680822,True,False
B04,B,0.0025,283,F_NOMINAL,220.0,0.44621201092722546,1.2129189260586608,0.7667069151314354,True,False
B04,B,0.0025,338,F_TRACKED,180.0,0.0,3.015249346619778,3.015249346619778,True,False
B04,B,0.0025,338,F_TRACKED,200.0,0.0,3.8937451623706703,3.8937451623706703,True,False
B04,B,0.0025,338,F_TRACKED,220.0,0.0,3.190924549696231,3.190924549696231,True,False
B04,B,0.0025,338,F_NOMINAL,180.0,3.311911264632546,2.947319579461418,-0.3645916851711277,False,False
B04,B,0.0025,338,F_NOMINAL,200.0,4.001141694872241,3.669589382253069,-0.3315523126191722,False,False
B04,B,0.0025,338,F_NOMINAL,220.0,3.1439457017315933,3.0205179518947025,-0.12342774983689075,False,False
B04,B,0.0025,FOUR,F_TRACKED,180.0,0.0,4.3598718753778,4.3598718753778,True,False
B04,B,0.0025,FOUR,F_TRACKED,200.0,0.0,3.8935653645672295,3.8935653645672295,True,False
B04,B,0.0025,FOUR,F_TRACKED,220.0,0.0,4.792393295648775,4.792393295648775,True,False
B04,B,0.0025,FOUR,F_NOMINAL,180.0,3.6186573963187345,4.471301323824078,0.8526439275053437,True,False
B04,B,0.0025,FOUR,F_NOMINAL,200.0,3.47741569322652,3.805418899185762,0.32800320595924193,True,False
B04,B,0.0025,FOUR,F_NOMINAL,220.0,4.439736872518648,4.73395617532277,0.29421930280412134,True,False
B04,B,0.005,201,F_TRACKED,180.0,0.0,2.660122473464386,2.660122473464386,True,False
B04,B,0.005,201,F_TRACKED,200.0,0.0,3.384244127736999,3.384244127736999,True,False
B04,B,0.005,201,F_TRACKED,220.0,0.0,9.014333458257783,9.014333458257783,True,False
B04,B,0.005,201,F_NOMINAL,180.0,2.710712100975236,2.6165273335734116,-0.09418476740182458,False,False
B04,B,0.005,201,F_NOMINAL,200.0,2.9824607866048183,2.457516965803531,-0.5249438208012873,False,False
B04,B,0.005,201,F_NOMINAL,220.0,8.969841829872745,7.096560124020298,-1.8732817058524471,False,False
B04,B,0.005,235,F_TRACKED,180.0,0.0,2.7114057344710654,2.7114057344710654,True,False
B04,B,0.005,235,F_TRACKED,200.0,0.0,3.034216730847128,3.034216730847128,True,False
B04,B,0.005,235,F_TRACKED,220.0,0.0,2.4874034357418844,2.4874034357418844,True,False
B04,B,0.005,235,F_NOMINAL,180.0,1.300747756292234,1.6197342892337134,0.3189865329414794,True,False
B04,B,0.005,235,F_NOMINAL,200.0,2.508139719294708,2.0536745935733127,-0.4544651257213954,False,False
B04,B,0.005,235,F_NOMINAL,220.0,1.6457852496993057,2.153174888652087,0.5073896389527812,True,False
B04,B,0.005,283,F_TRACKED,180.0,0.0,2.8105889976960965,2.8105889976960965,True,False
B04,B,0.005,283,F_TRACKED,200.0,0.0,3.61084872710959,3.61084872710959,True,False
B04,B,0.005,283,F_TRACKED,220.0,0.0,1.4863375737336828,1.4863375737336828,True,False
B04,B,0.005,283,F_NOMINAL,180.0,2.3753276751718704,3.0212020200449903,0.6458743448731199,True,False
B04,B,0.005,283,F_NOMINAL,200.0,3.297003218692961,3.9108386293189303,0.6138354106259691,True,False
B04,B,0.005,283,F_NOMINAL,220.0,1.1128124733761944,1.8140826768629617,0.7012702034867673,True,False
B04,B,0.005,338,F_TRACKED,180.0,0.0,4.152912982905862,4.152912982905862,True,False
B04,B,0.005,338,F_TRACKED,200.0,0.0,4.699612220448352,4.699612220448352,True,False
B04,B,0.005,338,F_TRACKED,220.0,0.0,3.459114496900211,3.459114496900211,True,False
B04,B,0.005,338,F_NOMINAL,180.0,4.049645527199279,3.4776064404993403,-0.5720390866999385,False,False
B04,B,0.005,338,F_NOMINAL,200.0,4.674153127879084,4.995264330708642,0.32111120282955863,True,False
B04,B,0.005,338,F_NOMINAL,220.0,3.307557196389366,3.4142827330605114,0.10672553667114526,True,False
B04,B,0.005,FOUR,F_TRACKED,180.0,0.0,3.2910978182476542,3.2910978182476542,True,False
B04,B,0.005,FOUR,F_TRACKED,200.0,0.0,4.572251187695605,4.572251187695605,True,False
B04,B,0.005,FOUR,F_TRACKED,220.0,0.0,5.225137676278212,5.225137676278212,True,False
B04,B,0.005,FOUR,F_NOMINAL,180.0,3.293110911245102,3.592069832331683,0.29895892108658106,True,False
B04,B,0.005,FOUR,F_NOMINAL,200.0,4.058982939683407,4.646802648496161,0.5878197088127539,True,False
B04,B,0.005,FOUR,F_NOMINAL,220.0,5.199852912551881,5.4256412889812005,0.22578837642931937,True,False
B04,B,0.01,201,F_TRACKED,180.0,0.0,1.7107973001777725,1.7107973001777725,True,False
B04,B,0.01,201,F_TRACKED,200.0,0.0,2.4120917635038053,2.4120917635038053,True,False
B04,B,0.01,201,F_TRACKED,220.0,0.0,1.608413615526097,1.608413615526097,True,False
B04,B,0.01,201,F_NOMINAL,180.0,1.2628994932861122,1.8511487938770326,0.5882493005909204,True,False
B04,B,0.01,201,F_NOMINAL,200.0,0.9335569503177785,1.8757372785450064,0.9421803282272279,True,False
B04,B,0.01,201,F_NOMINAL,220.0,2.3007831382759205,2.405889380702609,0.10510624242668865,True,False
B04,B,0.01,235,F_TRACKED,180.0,0.0,1.9105909908409344,1.9105909908409344,True,False
B04,B,0.01,235,F_TRACKED,200.0,0.0,1.7523317607566857,1.7523317607566857,True,False
B04,B,0.01,235,F_TRACKED,220.0,0.0,1.6754271475732254,1.6754271475732254,True,False
B04,B,0.01,235,F_NOMINAL,180.0,1.745075893390233,2.6595922250270356,0.9145163316368026,True,False
B04,B,0.01,235,F_NOMINAL,200.0,1.529321288931587,1.5309222456949112,0.0016009567633241684,True,False
B04,B,0.01,235,F_NOMINAL,220.0,0.721361280878844,1.8194773573324121,1.098116076453568,True,False
B04,B,0.01,283,F_TRACKED,180.0,0.0,2.4017632660165713,2.4017632660165713,True,False
B04,B,0.01,283,F_TRACKED,200.0,0.0,3.8332579726213813,3.8332579726213813,True,False
B04,B,0.01,283,F_TRACKED,220.0,0.0,1.9164729580570863,1.9164729580570863,True,False
B04,B,0.01,283,F_NOMINAL,180.0,2.108314119061452,2.5299759042519403,0.42166178519048847,True,False
B04,B,0.01,283,F_NOMINAL,200.0,3.5132432352621015,3.977416014067449,0.46417277880534735,True,False
B04,B,0.01,283,F_NOMINAL,220.0,1.8090162425481833,2.4229116579350642,0.613895415386881,True,False
B04,B,0.01,338,F_TRACKED,180.0,0.0,2.91271611668457,2.91271611668457,True,False
B04,B,0.01,338,F_TRACKED,200.0,0.0,3.2395381586502503,3.2395381586502503,True,False
B04,B,0.01,338,F_TRACKED,220.0,0.0,2.9947257694452833,2.9947257694452833,True,False
B04,B,0.01,338,F_NOMINAL,180.0,2.67876787087619,3.170550375426729,0.49178250455053885,True,False
B04,B,0.01,338,F_NOMINAL,200.0,2.621393701131323,2.7350997526502066,0.11370605151888347,True,False
B04,B,0.01,338,F_NOMINAL,220.0,2.8289888056148786,3.8904786313653776,1.061489825750499,True,False
B04,B,0.01,FOUR,F_TRACKED,180.0,0.0,2.7637642413195347,2.7637642413195347,True,False
B04,B,0.01,FOUR,F_TRACKED,200.0,0.0,3.87232911549005,3.87232911549005,True,False
B04,B,0.01,FOUR,F_TRACKED,220.0,0.0,2.81396210350807,2.81396210350807,True,False
B04,B,0.01,FOUR,F_NOMINAL,180.0,2.53730841660732,3.139788228886319,0.6024798122789989,True,False
B04,B,0.01,FOUR,F_NOMINAL,200.0,2.7201319262194272,3.749560838192089,1.0294289119726616,True,False
B04,B,0.01,FOUR,F_NOMINAL,220.0,2.0998486536422956,3.252090345627593,1.1522416919852976,True,False
B04,B,0.02,201,F_TRACKED,180.0,0.0,1.3210325235959286,1.3210325235959286,True,False
B04,B,0.02,201,F_TRACKED,200.0,0.0,2.148742243502428,2.148742243502428,True,False
B04,B,0.02,201,F_TRACKED,220.0,0.0,2.053829484116692,2.053829484116692,True,False
B04,B,0.02,201,F_NOMINAL,180.0,1.093861160624357,0.996732978524227,-0.09712818210012986,False,False
B04,B,0.02,201,F_NOMINAL,200.0,1.3692427315055187,2.028108976527105,0.6588662450215863,True,False
B04,B,0.02,201,F_NOMINAL,220.0,1.6829106618381782,2.4145767719610145,0.7316661101228363,True,False
B04,B,0.02,235,F_TRACKED,180.0,0.0,2.0217000959680096,2.0217000959680096,True,False
B04,B,0.02,235,F_TRACKED,200.0,0.0,1.5097235405708733,1.5097235405708733,True,False
B04,B,0.02,235,F_TRACKED,220.0,0.0,2.4099876703776753,2.4099876703776753,True,False
B04,B,0.02,235,F_NOMINAL,180.0,1.4130034005426588,2.1872627854031625,0.7742593848605037,True,False
B04,B,0.02,235,F_NOMINAL,200.0,2.1052029421051897,1.6852671674135995,-0.41993577469159016,False,False
B04,B,0.02,235,F_NOMINAL,220.0,1.6979009938464071,2.0565517316436055,0.35865073779719836,True,False
B04,B,0.02,283,F_TRACKED,180.0,0.0,2.2666864549691796,2.2666864549691796,True,False
B04,B,0.02,283,F_TRACKED,200.0,0.0,3.030705065878278,3.030705065878278,True,False
B04,B,0.02,283,F_TRACKED,220.0,0.0,1.3727101340173078,1.3727101340173078,True,False
B04,B,0.02,283,F_NOMINAL,180.0,1.705864339564977,2.373668423878453,0.667804084313476,True,False
B04,B,0.02,283,F_NOMINAL,200.0,3.3364090180362953,3.930445201628863,0.5940361835925678,True,False
B04,B,0.02,283,F_NOMINAL,220.0,1.210537447290427,1.9366376787855684,0.7261002314951415,True,False
B04,B,0.02,338,F_TRACKED,180.0,0.0,3.4240652046680764,3.4240652046680764,True,False
B04,B,0.02,338,F_TRACKED,200.0,0.0,3.9569619780343652,3.9569619780343652,True,False
B04,B,0.02,338,F_TRACKED,220.0,0.0,3.6058737112815495,3.6058737112815495,True,False
B04,B,0.02,338,F_NOMINAL,180.0,2.9310645082178226,3.110782079805133,0.1797175715873105,True,False
B04,B,0.02,338,F_NOMINAL,200.0,3.08791067523509,3.5708555697356563,0.4829448945005663,True,False
B04,B,0.02,338,F_NOMINAL,220.0,2.6934854447573904,3.4490847260295454,0.755599281272155,True,False
B04,B,0.02,FOUR,F_TRACKED,180.0,0.0,2.7506050581825736,2.7506050581825736,True,False
B04,B,0.02,FOUR,F_TRACKED,200.0,0.0,3.844800782346408,3.844800782346408,True,False
B04,B,0.02,FOUR,F_TRACKED,220.0,0.0,2.892465686564785,2.892465686564785,True,False
B04,B,0.02,FOUR,F_NOMINAL,180.0,2.056029215952534,2.8249469036405728,0.7689176876880386,True,False
B04,B,0.02,FOUR,F_NOMINAL,200.0,3.20264755663729,4.063283224457665,0.8606356678203753,True,False
B04,B,0.02,FOUR,F_NOMINAL,220.0,2.7570665102778276,3.1806276161205047,0.42356110584267714,True,False
B05,B,0.0,201,F_TRACKED,180.0,0.0,1.682898342971709,1.682898342971709,True,False
B05,B,0.0,201,F_TRACKED,200.0,0.0,3.2749498504394237,3.2749498504394237,True,False
B05,B,0.0,201,F_TRACKED,220.0,0.0,1.4032039305513477,1.4032039305513477,True,False
B05,B,0.0,201,F_NOMINAL,180.0,0.0,1.682898342971709,1.682898342971709,True,False
B05,B,0.0,201,F_NOMINAL,200.0,0.0,3.2749498504394237,3.2749498504394237,True,False
B05,B,0.0,201,F_NOMINAL,220.0,0.0,1.4032039305513477,1.4032039305513477,True,False
B05,B,0.0,235,F_TRACKED,180.0,0.0,2.1315807473275123,2.1315807473275123,True,False
B05,B,0.0,235,F_TRACKED,200.0,0.0,2.7768097237458527,2.7768097237458527,True,False
B05,B,0.0,235,F_TRACKED,220.0,0.0,1.4392133059398784,1.4392133059398784,True,False
B05,B,0.0,235,F_NOMINAL,180.0,0.0,2.1315807473275123,2.1315807473275123,True,False
B05,B,0.0,235,F_NOMINAL,200.0,0.0,2.7768097237458527,2.7768097237458527,True,False
B05,B,0.0,235,F_NOMINAL,220.0,0.0,1.4392133059398784,1.4392133059398784,True,False
B05,B,0.0,283,F_TRACKED,180.0,0.0,1.6958966360608083,1.6958966360608083,True,False
B05,B,0.0,283,F_TRACKED,200.0,0.0,4.087033814288442,4.087033814288442,True,False
B05,B,0.0,283,F_TRACKED,220.0,0.0,1.3523788902519662,1.3523788902519662,True,False
B05,B,0.0,283,F_NOMINAL,180.0,0.0,1.6958966360608083,1.6958966360608083,True,False
B05,B,0.0,283,F_NOMINAL,200.0,0.0,4.087033814288442,4.087033814288442,True,False
B05,B,0.0,283,F_NOMINAL,220.0,0.0,1.3523788902519662,1.3523788902519662,True,False
B05,B,0.0,338,F_TRACKED,180.0,0.0,3.653046681168911,3.653046681168911,True,False
B05,B,0.0,338,F_TRACKED,200.0,0.0,0.8908844094824713,0.8908844094824713,True,False
B05,B,0.0,338,F_TRACKED,220.0,0.0,2.3910499691844542,2.3910499691844542,True,False
B05,B,0.0,338,F_NOMINAL,180.0,0.0,3.653046681168911,3.653046681168911,True,False
B05,B,0.0,338,F_NOMINAL,200.0,0.0,0.8908844094824713,0.8908844094824713,True,False
B05,B,0.0,338,F_NOMINAL,220.0,0.0,2.3910499691844542,2.3910499691844542,True,False
B05,B,0.0,FOUR,F_TRACKED,180.0,0.0,4.0398357181594795,4.0398357181594795,True,False
B05,B,0.0,FOUR,F_TRACKED,200.0,0.0,4.613616589238066,4.613616589238066,True,False
B05,B,0.0,FOUR,F_TRACKED,220.0,0.0,3.9415225009589374,3.9415225009589374,True,False
B05,B,0.0,FOUR,F_NOMINAL,180.0,0.0,4.0398357181594795,4.0398357181594795,True,False
B05,B,0.0,FOUR,F_NOMINAL,200.0,0.0,4.613616589238066,4.613616589238066,True,False
B05,B,0.0,FOUR,F_NOMINAL,220.0,0.0,3.9415225009589374,3.9415225009589374,True,False
B05,B,0.0025,201,F_TRACKED,180.0,0.0,3.078974999813192,3.078974999813192,True,False
B05,B,0.0025,201,F_TRACKED,200.0,0.0,3.018529830438615,3.018529830438615,True,False
B05,B,0.0025,201,F_TRACKED,220.0,0.0,7.993997836355796,7.993997836355796,True,False
B05,B,0.0025,201,F_NOMINAL,180.0,3.3199229338582823,2.074415672243291,-1.2455072616149914,False,False
B05,B,0.0025,201,F_NOMINAL,200.0,3.0548224994210726,2.38532607259242,-0.6694964268286525,False,False
B05,B,0.0025,201,F_NOMINAL,220.0,8.89595062289386,8.132138995966466,-0.763811626927394,False,False
B05,B,0.0025,235,F_TRACKED,180.0,0.0,2.5260630455451585,2.5260630455451585,True,False
B05,B,0.0025,235,F_TRACKED,200.0,0.0,3.350980531286892,3.350980531286892,True,False
B05,B,0.0025,235,F_TRACKED,220.0,0.0,2.6685211602628107,2.6685211602628107,True,False
B05,B,0.0025,235,F_NOMINAL,180.0,2.127167026272854,2.2903501156510795,0.16318308937822534,True,False
B05,B,0.0025,235,F_NOMINAL,200.0,3.1227663252510918,2.4445582299159114,-0.6782080953351803,False,False
B05,B,0.0025,235,F_NOMINAL,220.0,2.3109424214114216,2.2510922123392056,-0.05985020907221594,False,False
B05,B,0.0025,283,F_TRACKED,180.0,0.0,5.407438294158483,5.407438294158483,True,False
B05,B,0.0025,283,F_TRACKED,200.0,0.0,3.635982321323542,3.635982321323542,True,False
B05,B,0.0025,283,F_TRACKED,220.0,0.0,1.3608660574543536,1.3608660574543536,True,False
B05,B,0.0025,283,F_NOMINAL,180.0,5.478335443494092,5.84149188117817,0.36315643768407835,True,False
B05,B,0.0025,283,F_NOMINAL,200.0,2.9022697740498415,3.022063453301109,0.11979367925126727,True,False
B05,B,0.0025,283,F_NOMINAL,220.0,0.8978644176248012,1.4553654945681382,0.5575010769433371,True,False
B05,B,0.0025,338,F_TRACKED,180.0,0.0,3.6720924906957855,3.6720924906957855,True,False
B05,B,0.0025,338,F_TRACKED,200.0,0.0,4.723113145677722,4.723113145677722,True,False
B05,B,0.0025,338,F_TRACKED,220.0,0.0,3.595287246416879,3.595287246416879,True,False
B05,B,0.0025,338,F_NOMINAL,180.0,3.3682708535839705,2.6583703933576426,-0.7099004602263279,False,False
B05,B,0.0025,338,F_NOMINAL,200.0,4.9994816689340364,4.042824175031116,-0.9566574939029202,False,False
B05,B,0.0025,338,F_NOMINAL,220.0,3.3689464540022107,3.260391778318136,-0.10855467568407473,False,False
B05,B,0.0025,FOUR,F_TRACKED,180.0,0.0,4.772729875081641,4.772729875081641,True,False
B05,B,0.0025,FOUR,F_TRACKED,200.0,0.0,4.192798365108798,4.192798365108798,True,False
B05,B,0.0025,FOUR,F_TRACKED,220.0,0.0,5.67996098829087,5.67996098829087,True,False
B05,B,0.0025,FOUR,F_NOMINAL,180.0,4.083939312634561,4.4342359411113845,0.35029662847682363,True,False
B05,B,0.0025,FOUR,F_NOMINAL,200.0,4.030954818220521,3.879651513235694,-0.15130330498482714,False,False
B05,B,0.0025,FOUR,F_NOMINAL,220.0,5.045920711315901,5.127052975290613,0.08113226397471163,True,False
B05,B,0.005,201,F_TRACKED,180.0,0.0,2.961744965950004,2.961744965950004,True,False
B05,B,0.005,201,F_TRACKED,200.0,0.0,3.7786463700347372,3.7786463700347372,True,False
B05,B,0.005,201,F_TRACKED,220.0,0.0,10.15053556534351,10.15053556534351,True,False
B05,B,0.005,201,F_NOMINAL,180.0,2.5578232683011923,2.49732433729787,-0.060498931003322376,False,False
B05,B,0.005,201,F_NOMINAL,200.0,3.423629044069373,2.7049042874479055,-0.7187247566214676,False,False
B05,B,0.005,201,F_NOMINAL,220.0,10.98124618528681,9.823755586067563,-1.1574905992192477,False,False
B05,B,0.005,235,F_TRACKED,180.0,0.0,2.6282156715274696,2.6282156715274696,True,False
B05,B,0.005,235,F_TRACKED,200.0,0.0,2.6879443261312415,2.6879443261312415,True,False
B05,B,0.005,235,F_TRACKED,220.0,0.0,1.7092957449655126,1.7092957449655126,True,False
B05,B,0.005,235,F_NOMINAL,180.0,2.604693797883354,2.8399661298808017,0.23527233199744746,True,False
B05,B,0.005,235,F_NOMINAL,200.0,2.370325670522486,2.1867394700528893,-0.18358620046959695,False,False
B05,B,0.005,235,F_NOMINAL,220.0,0.9003379386719674,1.6767429623443857,0.7764050236724183,True,False
B05,B,0.005,283,F_TRACKED,180.0,0.0,2.760065091696122,2.760065091696122,True,False
B05,B,0.005,283,F_TRACKED,200.0,0.0,3.2490572478542044,3.2490572478542044,True,False
B05,B,0.005,283,F_TRACKED,220.0,0.0,1.59783863599569,1.59783863599569,True,False
B05,B,0.005,283,F_NOMINAL,180.0,2.561799376862909,3.0098125650469556,0.44801318818404656,True,False
B05,B,0.005,283,F_NOMINAL,200.0,3.4367496096865113,3.2900496287968117,-0.1466999808896996,False,False
B05,B,0.005,283,F_NOMINAL,220.0,0.4979854841004978,1.4847022066388809,0.986716722538383,True,False
B05,B,0.005,338,F_TRACKED,180.0,0.0,4.142429220577999,4.142429220577999,True,False
B05,B,0.005,338,F_TRACKED,200.0,0.0,6.3496910186267925,6.3496910186267925,True,False
B05,B,0.005,338,F_TRACKED,220.0,0.0,3.448651234699605,3.448651234699605,True,False
B05,B,0.005,338,F_NOMINAL,180.0,4.2372754427028445,3.8522320302777087,-0.38504341242513584,False,False
B05,B,0.005,338,F_NOMINAL,200.0,6.561284477838452,6.550404475796846,-0.010880002041606218,False,False
B05,B,0.005,338,F_NOMINAL,220.0,3.3411507418589763,3.3586843214788815,0.017533579619905204,True,False
B05,B,0.005,FOUR,F_TRACKED,180.0,0.0,4.047698434675424,4.047698434675424,True,False
B05,B,0.005,FOUR,F_TRACKED,200.0,0.0,5.001718736050525,5.001718736050525,True,False
B05,B,0.005,FOUR,F_TRACKED,220.0,0.0,6.00182954709334,6.00182954709334,True,False
B05,B,0.005,FOUR,F_NOMINAL,180.0,3.4609361978278375,4.153006499429531,0.6920703016016936,True,False
B05,B,0.005,FOUR,F_NOMINAL,200.0,4.330783962916798,4.3748870107165825,0.044103047799784356,True,False
B05,B,0.005,FOUR,F_NOMINAL,220.0,5.787104098525342,5.395246285082103,-0.3918578134432389,False,False
B05,B,0.01,201,F_TRACKED,180.0,0.0,1.8975705472227256,1.8975705472227256,True,False
B05,B,0.01,201,F_TRACKED,200.0,0.0,2.350974202943875,2.350974202943875,True,False
B05,B,0.01,201,F_TRACKED,220.0,0.0,2.33730755814367,2.33730755814367,True,False
B05,B,0.01,201,F_NOMINAL,180.0,0.9457477433396981,2.3640761162554575,1.4183283729157594,True,False
B05,B,0.01,201,F_NOMINAL,200.0,0.9939645886173205,2.444315025191934,1.4503504365746134,True,False
B05,B,0.01,201,F_NOMINAL,220.0,2.0595470410847208,2.2642112894246034,0.20466424833988262,True,False
B05,B,0.01,235,F_TRACKED,180.0,0.0,3.6459073124867483,3.6459073124867483,True,False
B05,B,0.01,235,F_TRACKED,200.0,0.0,2.2956601827552032,2.2956601827552032,True,False
B05,B,0.01,235,F_TRACKED,220.0,0.0,1.4159513473174772,1.4159513473174772,True,False
B05,B,0.01,235,F_NOMINAL,180.0,3.3216995670400897,3.0997277262109346,-0.2219718408291551,False,False
B05,B,0.01,235,F_NOMINAL,200.0,1.985418899550054,1.7114210328367174,-0.2739978667133365,False,False
B05,B,0.01,235,F_NOMINAL,220.0,1.0368367191641117,1.9027280390125547,0.865891319848443,True,False
B05,B,0.01,283,F_TRACKED,180.0,0.0,3.117989605857366,3.117989605857366,True,False
B05,B,0.01,283,F_TRACKED,200.0,0.0,3.859876266737066,3.859876266737066,True,False
B05,B,0.01,283,F_TRACKED,220.0,0.0,1.9848366887566788,1.9848366887566788,True,False
B05,B,0.01,283,F_NOMINAL,180.0,2.5960224833768395,3.057314019291026,0.4612915359141865,True,False
B05,B,0.01,283,F_NOMINAL,200.0,3.4617781364670686,3.640529972646367,0.17875183617929835,True,False
B05,B,0.01,283,F_NOMINAL,220.0,1.430225215033759,1.7343756161694979,0.30415040113573877,True,False
B05,B,0.01,338,F_TRACKED,180.0,0.0,3.1243537520113254,3.1243537520113254,True,False
B05,B,0.01,338,F_TRACKED,200.0,0.0,2.8819704239404054,2.8819704239404054,True,False
B05,B,0.01,338,F_TRACKED,220.0,0.0,4.159035645207278,4.159035645207278,True,False
B05,B,0.01,338,F_NOMINAL,180.0,2.897417754357226,2.351155213433444,-0.5462625409237818,False,False
B05,B,0.01,338,F_NOMINAL,200.0,3.0897314128249076,3.180485937254579,0.09075452442967125,True,False
B05,B,0.01,338,F_NOMINAL,220.0,3.8843398352336225,3.7061953183185863,-0.1781445169150362,False,False
B05,B,0.01,FOUR,F_TRACKED,180.0,0.0,3.630117066930268,3.630117066930268,True,False
B05,B,0.01,FOUR,F_TRACKED,200.0,0.0,3.7264044279497335,3.7264044279497335,True,False
B05,B,0.01,FOUR,F_TRACKED,220.0,0.0,3.8442747267553328,3.8442747267553328,True,False
B05,B,0.01,FOUR,F_NOMINAL,180.0,3.106143305813847,4.345816563164442,1.2396732573505953,True,False
B05,B,0.01,FOUR,F_NOMINAL,200.0,3.0871994783111933,4.019981097609275,0.9327816192980816,True,False
B05,B,0.01,FOUR,F_NOMINAL,220.0,2.636674460387469,4.156302864639876,1.519628404252407,True,False
B05,B,0.02,201,F_TRACKED,180.0,0.0,1.8747292638996003,1.8747292638996003,True,False
B05,B,0.02,201,F_TRACKED,200.0,0.0,2.176260012934786,2.176260012934786,True,False
B05,B,0.02,201,F_TRACKED,220.0,0.0,1.4347819336862915,1.4347819336862915,True,False
B05,B,0.02,201,F_NOMINAL,180.0,1.6177561590409126,1.5883428775121624,-0.029413281528750224,False,False
B05,B,0.02,201,F_NOMINAL,200.0,1.4722190487913287,2.2399565287772214,0.7677374799858927,True,False
B05,B,0.02,201,F_NOMINAL,220.0,1.440961259610188,2.226347375072936,0.785386115462748,True,False
B05,B,0.02,235,F_TRACKED,180.0,0.0,2.19103352669377,2.19103352669377,True,False
B05,B,0.02,235,F_TRACKED,200.0,0.0,2.1545986298853865,2.1545986298853865,True,False
B05,B,0.02,235,F_TRACKED,220.0,0.0,2.31205548901436,2.31205548901436,True,False
B05,B,0.02,235,F_NOMINAL,180.0,2.036688471167847,2.7327430648776576,0.6960545937098108,True,False
B05,B,0.02,235,F_NOMINAL,200.0,2.1186159972866148,1.7589696236592542,-0.3596463736273605,False,False
B05,B,0.02,235,F_NOMINAL,220.0,1.897729544267771,2.411942139784034,0.5142125955162629,True,False
B05,B,0.02,283,F_TRACKED,180.0,0.0,1.7490932756691595,1.7490932756691595,True,False
B05,B,0.02,283,F_TRACKED,200.0,0.0,3.255343163255611,3.255343163255611,True,False
B05,B,0.02,283,F_TRACKED,220.0,0.0,2.4184642319930063,2.4184642319930063,True,False
B05,B,0.02,283,F_NOMINAL,180.0,0.767834347665495,1.8411603599298796,1.0733260122643846,True,False
B05,B,0.02,283,F_NOMINAL,200.0,3.3024248450048646,3.4391680254321493,0.13674318042728473,True,False
B05,B,0.02,283,F_NOMINAL,220.0,1.6888540837167003,1.9974219139657783,0.30856783024907797,True,False
B05,B,0.02,338,F_TRACKED,180.0,0.0,3.732495324715595,3.732495324715595,True,False
B05,B,0.02,338,F_TRACKED,200.0,0.0,4.000413470962794,4.000413470962794,True,False
B05,B,0.02,338,F_TRACKED,220.0,0.0,4.712403030367449,4.712403030367449,True,False
B05,B,0.02,338,F_NOMINAL,180.0,3.4757038127268465,3.5256363048586463,0.049932492131799844,True,False
B05,B,0.02,338,F_NOMINAL,200.0,3.2719175760684966,3.519600966634328,0.24768339056583155,True,False
B05,B,0.02,338,F_NOMINAL,220.0,4.890234509421068,4.59684322827579,-0.29339128114527835,False,False
B05,B,0.02,FOUR,F_TRACKED,180.0,0.0,3.6497100903299557,3.6497100903299557,True,False
B05,B,0.02,FOUR,F_TRACKED,200.0,0.0,3.692725224621804,3.692725224621804,True,False
B05,B,0.02,FOUR,F_TRACKED,220.0,0.0,3.704794127514891,3.704794127514891,True,False
B05,B,0.02,FOUR,F_NOMINAL,180.0,2.444241362240368,3.752813264319721,1.3085719020793531,True,False
B05,B,0.02,FOUR,F_NOMINAL,200.0,3.0849235712239036,3.477664750892381,0.39274117966847744,True,False
B05,B,0.02,FOUR,F_NOMINAL,220.0,3.436670026884696,3.8147348165557466,0.3780647896710505,True,False
B06,B,0.0,201,F_TRACKED,180.0,0.0,2.697668079908464,2.697668079908464,True,False
B06,B,0.0,201,F_TRACKED,200.0,0.0,4.9307707230686795,4.9307707230686795,True,False
B06,B,0.0,201,F_TRACKED,220.0,0.0,1.924386212517177,1.924386212517177,True,False
B06,B,0.0,201,F_NOMINAL,180.0,0.0,2.697668079908464,2.697668079908464,True,False
B06,B,0.0,201,F_NOMINAL,200.0,0.0,4.9307707230686795,4.9307707230686795,True,False
B06,B,0.0,201,F_NOMINAL,220.0,0.0,1.924386212517177,1.924386212517177,True,False
B06,B,0.0,235,F_TRACKED,180.0,0.0,1.478757934891875,1.478757934891875,True,False
B06,B,0.0,235,F_TRACKED,200.0,0.0,2.957267213329708,2.957267213329708,True,False
B06,B,0.0,235,F_TRACKED,220.0,0.0,1.9880668420834955,1.9880668420834955,True,False
B06,B,0.0,235,F_NOMINAL,180.0,0.0,1.478757934891875,1.478757934891875,True,False
B06,B,0.0,235,F_NOMINAL,200.0,0.0,2.957267213329708,2.957267213329708,True,False
B06,B,0.0,235,F_NOMINAL,220.0,0.0,1.9880668420834955,1.9880668420834955,True,False
B06,B,0.0,283,F_TRACKED,180.0,0.0,2.0542150222488638,2.0542150222488638,True,False
B06,B,0.0,283,F_TRACKED,200.0,0.0,3.903180826807214,3.903180826807214,True,False
B06,B,0.0,283,F_TRACKED,220.0,0.0,1.2880073499006282,1.2880073499006282,True,False
B06,B,0.0,283,F_NOMINAL,180.0,0.0,2.0542150222488638,2.0542150222488638,True,False
B06,B,0.0,283,F_NOMINAL,200.0,0.0,3.903180826807214,3.903180826807214,True,False
B06,B,0.0,283,F_NOMINAL,220.0,0.0,1.2880073499006282,1.2880073499006282,True,False
B06,B,0.0,338,F_TRACKED,180.0,0.0,5.093733416922134,5.093733416922134,True,False
B06,B,0.0,338,F_TRACKED,200.0,0.0,2.154594463859324,2.154594463859324,True,False
B06,B,0.0,338,F_TRACKED,220.0,0.0,3.4394051719727887,3.4394051719727887,True,False
B06,B,0.0,338,F_NOMINAL,180.0,0.0,5.093733416922134,5.093733416922134,True,False
B06,B,0.0,338,F_NOMINAL,200.0,0.0,2.154594463859324,2.154594463859324,True,False
B06,B,0.0,338,F_NOMINAL,220.0,0.0,3.4394051719727887,3.4394051719727887,True,False
B06,B,0.0,FOUR,F_TRACKED,180.0,0.0,4.68991756637799,4.68991756637799,True,False
B06,B,0.0,FOUR,F_TRACKED,200.0,0.0,5.332165552916746,5.332165552916746,True,False
B06,B,0.0,FOUR,F_TRACKED,220.0,0.0,4.067356990538348,4.067356990538348,True,False
B06,B,0.0,FOUR,F_NOMINAL,180.0,0.0,4.68991756637799,4.68991756637799,True,False
B06,B,0.0,FOUR,F_NOMINAL,200.0,0.0,5.332165552916746,5.332165552916746,True,False
B06,B,0.0,FOUR,F_NOMINAL,220.0,0.0,4.067356990538348,4.067356990538348,True,False
B06,B,0.0025,201,F_TRACKED,180.0,0.0,3.0051859944190786,3.0051859944190786,True,False
B06,B,0.0025,201,F_TRACKED,200.0,0.0,3.476139234629664,3.476139234629664,True,False
B06,B,0.0025,201,F_TRACKED,220.0,0.0,6.846520671122502,6.846520671122502,True,False
B06,B,0.0025,201,F_NOMINAL,180.0,3.083420471240846,3.183586232084137,0.10016576084329065,True,False
B06,B,0.0025,201,F_NOMINAL,200.0,3.0971679993412433,3.166612290993094,0.06944429165185051,True,False
B06,B,0.0025,201,F_NOMINAL,220.0,8.126692657294969,6.882161622114221,-1.2445310351807484,False,False
B06,B,0.0025,235,F_TRACKED,180.0,0.0,1.5608501751925727,1.5608501751925727,True,False
B06,B,0.0025,235,F_TRACKED,200.0,0.0,3.919315824685347,3.919315824685347,True,False
B06,B,0.0025,235,F_TRACKED,220.0,0.0,2.501107926420845,2.501107926420845,True,False
B06,B,0.0025,235,F_NOMINAL,180.0,1.6211148932644825,1.2067156645988992,-0.4143992286655833,False,False
B06,B,0.0025,235,F_NOMINAL,200.0,3.157293473304287,3.400409306927008,0.24311583362272104,True,False
B06,B,0.0025,235,F_NOMINAL,220.0,2.0440570593969665,2.573972116429529,0.5299150570325626,True,False
B06,B,0.0025,283,F_TRACKED,180.0,0.0,5.238920968385487,5.238920968385487,True,False
B06,B,0.0025,283,F_TRACKED,200.0,0.0,3.432539420200159,3.432539420200159,True,False
B06,B,0.0025,283,F_TRACKED,220.0,0.0,1.7357632323872867,1.7357632323872867,True,False
B06,B,0.0025,283,F_NOMINAL,180.0,4.816586348304444,4.890518892388753,0.07393254408430927,True,False
B06,B,0.0025,283,F_NOMINAL,200.0,2.6235202080196243,3.638699111749655,1.015178903730031,True,False
B06,B,0.0025,283,F_NOMINAL,220.0,0.5147392519159847,1.8556558703212518,1.340916618405267,True,False
B06,B,0.0025,338,F_TRACKED,180.0,0.0,4.017510981727839,4.017510981727839,True,False
B06,B,0.0025,338,F_TRACKED,200.0,0.0,4.5881169138759565,4.5881169138759565,True,False
B06,B,0.0025,338,F_TRACKED,220.0,0.0,3.5976644203226718,3.5976644203226718,True,False
B06,B,0.0025,338,F_NOMINAL,180.0,3.186700515921406,3.5105532237630865,0.3238527078416804,True,False
B06,B,0.0025,338,F_NOMINAL,200.0,4.850759376507778,4.76916984087008,-0.08158953563769789,False,False
B06,B,0.0025,338,F_NOMINAL,220.0,3.2968037233210055,2.920652714705406,-0.37615100861559947,False,False
B06,B,0.0025,FOUR,F_TRACKED,180.0,0.0,4.71068051564603,4.71068051564603,True,False
B06,B,0.0025,FOUR,F_TRACKED,200.0,0.0,4.953993377277814,4.953993377277814,True,False
B06,B,0.0025,FOUR,F_TRACKED,220.0,0.0,4.780688784130114,4.780688784130114,True,False
B06,B,0.0025,FOUR,F_NOMINAL,180.0,3.514209799032213,4.547718482058034,1.033508683025821,True,False
B06,B,0.0025,FOUR,F_NOMINAL,200.0,4.099832538520085,5.039089091095821,0.9392565525757366,True,False
B06,B,0.0025,FOUR,F_NOMINAL,220.0,4.771895990665951,5.217272011449798,0.4453760207838471,True,False
B06,B,0.005,201,F_TRACKED,180.0,0.0,3.6623492282027517,3.6623492282027517,True,False
B06,B,0.005,201,F_TRACKED,200.0,0.0,4.3759635081204475,4.3759635081204475,True,False
B06,B,0.005,201,F_TRACKED,220.0,0.0,9.460012408053531,9.460012408053531,True,False
B06,B,0.005,201,F_NOMINAL,180.0,2.662861041274248,3.5648793335604436,0.9020182922861957,True,False
B06,B,0.005,201,F_NOMINAL,200.0,3.5998164336054925,3.44390906553684,-0.15590736806865246,False,False
B06,B,0.005,201,F_NOMINAL,220.0,10.153013663837992,9.104680269209606,-1.0483333946283864,False,False
B06,B,0.005,235,F_TRACKED,180.0,0.0,1.5728221891391954,1.5728221891391954,True,False
B06,B,0.005,235,F_TRACKED,200.0,0.0,3.190087667406653,3.190087667406653,True,False
B06,B,0.005,235,F_TRACKED,220.0,0.0,1.5809220574114093,1.5809220574114093,True,False
B06,B,0.005,235,F_NOMINAL,180.0,1.657936067067947,1.6774017871572038,0.019465720089256733,True,False
B06,B,0.005,235,F_NOMINAL,200.0,2.2360407539231426,2.568239027435337,0.3321982735121942,True,False
B06,B,0.005,235,F_NOMINAL,220.0,1.164230883118288,1.9522061852270958,0.7879753021088078,True,False
B06,B,0.005,283,F_TRACKED,180.0,0.0,2.235309277569167,2.235309277569167,True,False
B06,B,0.005,283,F_TRACKED,200.0,0.0,3.4019553577766883,3.4019553577766883,True,False
B06,B,0.005,283,F_TRACKED,220.0,0.0,1.2330230425543782,1.2330230425543782,True,False
B06,B,0.005,283,F_NOMINAL,180.0,2.4514183905226847,2.556459339662342,0.10504094913965734,True,False
B06,B,0.005,283,F_NOMINAL,200.0,3.343904732749602,3.5741570517462504,0.23025231899664833,True,False
B06,B,0.005,283,F_NOMINAL,220.0,0.7093811164040389,1.5109342289256573,0.8015531125216184,True,False
B06,B,0.005,338,F_TRACKED,180.0,0.0,4.027736001367097,4.027736001367097,True,False
B06,B,0.005,338,F_TRACKED,200.0,0.0,5.009044640513699,5.009044640513699,True,False
B06,B,0.005,338,F_TRACKED,220.0,0.0,3.3708561083323927,3.3708561083323927,True,False
B06,B,0.005,338,F_NOMINAL,180.0,3.8408425289497874,4.149581845683162,0.30873931673337474,True,False
B06,B,0.005,338,F_NOMINAL,200.0,5.95055317271493,5.7261900277949085,-0.22436314492002118,False,False
B06,B,0.005,338,F_NOMINAL,220.0,3.283825708832051,3.7239693444941113,0.4401436356620603,True,False
B06,B,0.005,FOUR,F_TRACKED,180.0,0.0,3.9874170708961407,3.9874170708961407,True,False
B06,B,0.005,FOUR,F_TRACKED,200.0,0.0,5.05060810591815,5.05060810591815,True,False
B06,B,0.005,FOUR,F_TRACKED,220.0,0.0,6.254533175592198,6.254533175592198,True,False
B06,B,0.005,FOUR,F_NOMINAL,180.0,3.1139434031263438,4.178259125084071,1.064315721957727,True,False
B06,B,0.005,FOUR,F_NOMINAL,200.0,4.382520846087614,5.322012665957617,0.9394918198700033,True,False
B06,B,0.005,FOUR,F_NOMINAL,220.0,5.4988746270403235,6.08924607323951,0.5903714461991862,True,False
B06,B,0.01,201,F_TRACKED,180.0,0.0,4.25849795997564,4.25849795997564,True,False
B06,B,0.01,201,F_TRACKED,200.0,0.0,4.788262963130868,4.788262963130868,True,False
B06,B,0.01,201,F_TRACKED,220.0,0.0,3.3117266337539712,3.3117266337539712,True,False
B06,B,0.01,201,F_NOMINAL,180.0,1.115190432869536,3.461797449539032,2.346607016669496,True,False
B06,B,0.01,201,F_NOMINAL,200.0,0.9961328182842591,3.7414865327387408,2.7453537144544815,True,False
B06,B,0.01,201,F_NOMINAL,220.0,2.312055718329055,3.688020322500755,1.3759646041717,True,False
B06,B,0.01,235,F_TRACKED,180.0,0.0,2.0514176674484537,2.0514176674484537,True,False
B06,B,0.01,235,F_TRACKED,200.0,0.0,2.7347200356327117,2.7347200356327117,True,False
B06,B,0.01,235,F_TRACKED,220.0,0.0,2.428999183332557,2.428999183332557,True,False
B06,B,0.01,235,F_NOMINAL,180.0,2.69331266396489,2.662996546571016,-0.030316117393873743,False,False
B06,B,0.01,235,F_NOMINAL,200.0,1.4992361602028736,2.6244394372449755,1.1252032770421019,True,False
B06,B,0.01,235,F_NOMINAL,220.0,0.6442052568607661,1.767208447966655,1.1230031911058889,True,False
B06,B,0.01,283,F_TRACKED,180.0,0.0,2.400447355170377,2.400447355170377,True,False
B06,B,0.01,283,F_TRACKED,200.0,0.0,4.107684592793869,4.107684592793869,True,False
B06,B,0.01,283,F_TRACKED,220.0,0.0,3.159857680327313,3.159857680327313,True,False
B06,B,0.01,283,F_NOMINAL,180.0,2.1118756616327152,2.2814722947984536,0.16959663316573836,True,False
B06,B,0.01,283,F_NOMINAL,200.0,3.5190686474447554,3.7178738313114317,0.19880518386667623,True,False
B06,B,0.01,283,F_NOMINAL,220.0,1.4560096148987094,2.06006415028636,0.6040545353876505,True,False
B06,B,0.01,338,F_TRACKED,180.0,0.0,3.7658293148372595,3.7658293148372595,True,False
B06,B,0.01,338,F_TRACKED,200.0,0.0,2.6206986945957063,2.6206986945957063,True,False
B06,B,0.01,338,F_TRACKED,220.0,0.0,3.7250318570325724,3.7250318570325724,True,False
B06,B,0.01,338,F_NOMINAL,180.0,3.189296826729897,3.5953548639099386,0.4060580371800415,True,False
B06,B,0.01,338,F_NOMINAL,200.0,2.9216319028459834,3.335616164287471,0.4139842614414877,True,False
B06,B,0.01,338,F_NOMINAL,220.0,3.9505720216485405,3.646710175650492,-0.30386184599804844,False,False
B06,B,0.01,FOUR,F_TRACKED,180.0,0.0,4.637940699048722,4.637940699048722,True,False
B06,B,0.01,FOUR,F_TRACKED,200.0,0.0,4.636769510638149,4.636769510638149,True,False
B06,B,0.01,FOUR,F_TRACKED,220.0,0.0,4.163115161747364,4.163115161747364,True,False
B06,B,0.01,FOUR,F_NOMINAL,180.0,2.8523379880764055,4.646267740081192,1.7939297520047863,True,False
B06,B,0.01,FOUR,F_NOMINAL,200.0,2.8965783962493066,4.650988284890129,1.7544098886408226,True,False
B06,B,0.01,FOUR,F_NOMINAL,220.0,2.493767303990111,4.56876863396803,2.0750013299779186,True,False
B06,B,0.02,201,F_TRACKED,180.0,0.0,1.820271019100943,1.820271019100943,True,False
B06,B,0.02,201,F_TRACKED,200.0,0.0,3.45248539698866,3.45248539698866,True,False
B06,B,0.02,201,F_TRACKED,220.0,0.0,1.8067905130135393,1.8067905130135393,True,False
B06,B,0.02,201,F_NOMINAL,180.0,1.356774418146816,2.6570499369441682,1.3002755187973523,True,False
B06,B,0.02,201,F_NOMINAL,200.0,1.4316663608671094,3.8024475072737385,2.370781146406629,True,False
B06,B,0.02,201,F_NOMINAL,220.0,1.5353810811086377,1.999878133625483,0.46449705251684525,True,False
B06,B,0.02,235,F_TRACKED,180.0,0.0,2.0835116790911554,2.0835116790911554,True,False
B06,B,0.02,235,F_TRACKED,200.0,0.0,2.387069258821605,2.387069258821605,True,False
B06,B,0.02,235,F_TRACKED,220.0,0.0,2.536091015907249,2.536091015907249,True,False
B06,B,0.02,235,F_NOMINAL,180.0,1.8089870701715502,1.7730967218569225,-0.035890348314627785,False,False
B06,B,0.02,235,F_NOMINAL,200.0,2.1353341850150147,2.4456473083217354,0.3103131233067207,True,False
B06,B,0.02,235,F_NOMINAL,220.0,1.8952069139699645,1.9099372909002084,0.014730376930243816,True,False
B06,B,0.02,283,F_TRACKED,180.0,0.0,1.4967470739065343,1.4967470739065343,True,False
B06,B,0.02,283,F_TRACKED,200.0,0.0,3.79368071184277,3.79368071184277,True,False
B06,B,0.02,283,F_TRACKED,220.0,0.0,3.1405377097237177,3.1405377097237177,True,False
B06,B,0.02,283,F_NOMINAL,180.0,1.2301585708439318,1.4158684124920717,0.18570984164813997,True,False
B06,B,0.02,283,F_NOMINAL,200.0,3.3498470189791876,3.648408675708587,0.2985616567293996,True,False
B06,B,0.02,283,F_NOMINAL,220.0,1.375817144185271,2.7302392169400846,1.3544220727548137,True,False
B06,B,0.02,338,F_TRACKED,180.0,0.0,4.217548290504016,4.217548290504016,True,False
B06,B,0.02,338,F_TRACKED,200.0,0.0,3.6514322992665837,3.6514322992665837,True,False
B06,B,0.02,338,F_TRACKED,220.0,0.0,4.286124451880422,4.286124451880422,True,False
B06,B,0.02,338,F_NOMINAL,180.0,3.6955690078597705,3.9010533906214544,0.2054843827616839,True,False
B06,B,0.02,338,F_NOMINAL,200.0,3.35417544523782,3.669213606650802,0.315038161412982,True,False
B06,B,0.02,338,F_NOMINAL,220.0,4.670154548570715,4.550214529051524,-0.11994001951919131,False,False
B06,B,0.02,FOUR,F_TRACKED,180.0,0.0,3.6001176621089646,3.6001176621089646,True,False
B06,B,0.02,FOUR,F_TRACKED,200.0,0.0,4.5626036728660715,4.5626036728660715,True,False
B06,B,0.02,FOUR,F_TRACKED,220.0,0.0,3.7910690890201955,3.7910690890201955,True,False
B06,B,0.02,FOUR,F_NOMINAL,180.0,2.3310663364985316,4.096344803686399,1.7652784671878679,True,False
B06,B,0.02,FOUR,F_NOMINAL,200.0,3.3059871259233193,4.822112439180232,1.516125313256913,True,False
B06,B,0.02,FOUR,F_NOMINAL,220.0,3.2535810463095602,3.8764614965727087,0.6228804502631484,True,False
B07,B,0.0,201,F_TRACKED,180.0,0.0,3.664118201297707,3.664118201297707,True,False
B07,B,0.0,201,F_TRACKED,200.0,0.0,5.601105583803416,5.601105583803416,True,False
B07,B,0.0,201,F_TRACKED,220.0,0.0,3.206154800942631,3.206154800942631,True,False
B07,B,0.0,201,F_NOMINAL,180.0,0.0,3.664118201297707,3.664118201297707,True,False
B07,B,0.0,201,F_NOMINAL,200.0,0.0,5.601105583803416,5.601105583803416,True,False
B07,B,0.0,201,F_NOMINAL,220.0,0.0,3.206154800942631,3.206154800942631,True,False
B07,B,0.0,235,F_TRACKED,180.0,0.0,1.684726836192221,1.684726836192221,True,False
B07,B,0.0,235,F_TRACKED,200.0,0.0,5.233434701349765,5.233434701349765,True,False
B07,B,0.0,235,F_TRACKED,220.0,0.0,3.4312595937251085,3.4312595937251085,True,False
B07,B,0.0,235,F_NOMINAL,180.0,0.0,1.684726836192221,1.684726836192221,True,False
B07,B,0.0,235,F_NOMINAL,200.0,0.0,5.233434701349765,5.233434701349765,True,False
B07,B,0.0,235,F_NOMINAL,220.0,0.0,3.4312595937251085,3.4312595937251085,True,False
B07,B,0.0,283,F_TRACKED,180.0,0.0,2.1223792682613656,2.1223792682613656,True,False
B07,B,0.0,283,F_TRACKED,200.0,0.0,2.9819584236662124,2.9819584236662124,True,False
B07,B,0.0,283,F_TRACKED,220.0,0.0,2.2412686001355056,2.2412686001355056,True,False
B07,B,0.0,283,F_NOMINAL,180.0,0.0,2.1223792682613656,2.1223792682613656,True,False
B07,B,0.0,283,F_NOMINAL,200.0,0.0,2.9819584236662124,2.9819584236662124,True,False
B07,B,0.0,283,F_NOMINAL,220.0,0.0,2.2412686001355056,2.2412686001355056,True,False
B07,B,0.0,338,F_TRACKED,180.0,0.0,4.87166863393769,4.87166863393769,True,False
B07,B,0.0,338,F_TRACKED,200.0,0.0,1.452130175767119,1.452130175767119,True,False
B07,B,0.0,338,F_TRACKED,220.0,0.0,3.3654210789403014,3.3654210789403014,True,False
B07,B,0.0,338,F_NOMINAL,180.0,0.0,4.87166863393769,4.87166863393769,True,False
B07,B,0.0,338,F_NOMINAL,200.0,0.0,1.452130175767119,1.452130175767119,True,False
B07,B,0.0,338,F_NOMINAL,220.0,0.0,3.3654210789403014,3.3654210789403014,True,False
B07,B,0.0,FOUR,F_TRACKED,180.0,0.0,5.387012554368784,5.387012554368784,True,False
B07,B,0.0,FOUR,F_TRACKED,200.0,0.0,7.029330909958292,7.029330909958292,True,False
B07,B,0.0,FOUR,F_TRACKED,220.0,0.0,6.142845800911105,6.142845800911105,True,False
B07,B,0.0,FOUR,F_NOMINAL,180.0,0.0,5.387012554368784,5.387012554368784,True,False
B07,B,0.0,FOUR,F_NOMINAL,200.0,0.0,7.029330909958292,7.029330909958292,True,False
B07,B,0.0,FOUR,F_NOMINAL,220.0,0.0,6.142845800911105,6.142845800911105,True,False
B07,B,0.0025,201,F_TRACKED,180.0,0.0,4.7780488436145525,4.7780488436145525,True,False
B07,B,0.0025,201,F_TRACKED,200.0,0.0,4.028160655298454,4.028160655298454,True,False
B07,B,0.0025,201,F_TRACKED,220.0,0.0,8.291006291371003,8.291006291371003,True,False
B07,B,0.0025,201,F_NOMINAL,180.0,3.4234016289719005,3.9109733265353155,0.487571697563415,True,False
B07,B,0.0025,201,F_NOMINAL,200.0,3.5838572537233766,2.682948213094273,-0.9009090406291036,False,False
B07,B,0.0025,201,F_NOMINAL,220.0,8.899732065158688,7.13883756135471,-1.7608945038039776,False,False
B07,B,0.0025,235,F_TRACKED,180.0,0.0,2.225512332821789,2.225512332821789,True,False
B07,B,0.0025,235,F_TRACKED,200.0,0.0,3.745018505138717,3.745018505138717,True,False
B07,B,0.0025,235,F_TRACKED,220.0,0.0,3.3221689541034896,3.3221689541034896,True,False
B07,B,0.0025,235,F_NOMINAL,180.0,2.248440315777112,2.31571511122186,0.06727479544474813,True,False
B07,B,0.0025,235,F_NOMINAL,200.0,3.3740226594137246,5.60631318328067,2.2322905238669453,True,False
B07,B,0.0025,235,F_NOMINAL,220.0,2.9927879103181283,3.0767061056192775,0.08391819530114919,True,False
B07,B,0.0025,283,F_TRACKED,180.0,0.0,5.155907327722321,5.155907327722321,True,False
B07,B,0.0025,283,F_TRACKED,200.0,0.0,3.185050920629445,3.185050920629445,True,False
B07,B,0.0025,283,F_TRACKED,220.0,0.0,2.2641092869266393,2.2641092869266393,True,False
B07,B,0.0025,283,F_NOMINAL,180.0,5.578367921831459,4.924427882011499,-0.6539400398199602,False,False
B07,B,0.0025,283,F_NOMINAL,200.0,3.1408643909857887,2.9585276698011413,-0.1823367211846474,False,False
B07,B,0.0025,283,F_NOMINAL,220.0,1.1755320469551624,2.7894002389370485,1.613868191981886,True,False
B07,B,0.0025,338,F_TRACKED,180.0,0.0,3.578041232512949,3.578041232512949,True,False
B07,B,0.0025,338,F_TRACKED,200.0,0.0,5.505528152552734,5.505528152552734,True,False
B07,B,0.0025,338,F_TRACKED,220.0,0.0,3.267268257033547,3.267268257033547,True,False
B07,B,0.0025,338,F_NOMINAL,180.0,3.2833227742185485,2.710981504451316,-0.5723412697672323,False,False
B07,B,0.0025,338,F_NOMINAL,200.0,5.548329756881843,5.557334365770678,0.009004608888834476,True,False
B07,B,0.0025,338,F_NOMINAL,220.0,3.440125773801988,2.6491412275163295,-0.7909845462856584,False,False
B07,B,0.0025,FOUR,F_TRACKED,180.0,0.0,5.47094949592767,5.47094949592767,True,False
B07,B,0.0025,FOUR,F_TRACKED,200.0,0.0,5.906200648225432,5.906200648225432,True,False
B07,B,0.0025,FOUR,F_TRACKED,220.0,0.0,6.963100861308052,6.963100861308052,True,False
B07,B,0.0025,FOUR,F_NOMINAL,180.0,3.9492049274991814,5.803198381664903,1.853993454165722,True,False
B07,B,0.0025,FOUR,F_NOMINAL,200.0,4.330975880213549,6.007528264854019,1.6765523846404706,True,False
B07,B,0.0025,FOUR,F_NOMINAL,220.0,5.1043046084673165,6.898138485841226,1.7938338773739098,True,False
B07,B,0.005,201,F_TRACKED,180.0,0.0,3.8470804990562244,3.8470804990562244,True,False
B07,B,0.005,201,F_TRACKED,200.0,0.0,4.711201196813268,4.711201196813268,True,False
B07,B,0.005,201,F_TRACKED,220.0,0.0,9.933231306792075,9.933231306792075,True,False
B07,B,0.005,201,F_NOMINAL,180.0,2.6876212145294907,4.391837572458246,1.7042163579287553,True,False
B07,B,0.005,201,F_NOMINAL,200.0,4.082667937275921,4.234391219232627,0.15172328195670648,True,False
B07,B,0.005,201,F_NOMINAL,220.0,11.085690753683533,9.905585385975629,-1.1801053677079043,False,False
B07,B,0.005,235,F_TRACKED,180.0,0.0,2.5933150373358314,2.5933150373358314,True,False
B07,B,0.005,235,F_TRACKED,200.0,0.0,3.738960424235048,3.738960424235048,True,False
B07,B,0.005,235,F_TRACKED,220.0,0.0,2.487383519642793,2.487383519642793,True,False
B07,B,0.005,235,F_NOMINAL,180.0,2.84385200024359,2.6512446406466146,-0.1926073595969755,False,False
B07,B,0.005,235,F_NOMINAL,200.0,2.2227311393582023,4.6157430993159805,2.393011959957778,True,False
B07,B,0.005,235,F_NOMINAL,220.0,0.8024419116633782,2.9644629470375006,2.1620210353741225,True,False
B07,B,0.005,283,F_TRACKED,180.0,0.0,2.997076100824263,2.997076100824263,True,False
B07,B,0.005,283,F_TRACKED,200.0,0.0,3.711663648351429,3.711663648351429,True,False
B07,B,0.005,283,F_TRACKED,220.0,0.0,1.7453905997624024,1.7453905997624024,True,False
B07,B,0.005,283,F_NOMINAL,180.0,2.7751966319748376,3.022237241586188,0.24704060961135044,True,False
B07,B,0.005,283,F_NOMINAL,200.0,3.5536499698174446,3.589612207989416,0.03596223817197153,True,False
B07,B,0.005,283,F_NOMINAL,220.0,0.5566387145850848,2.224618220482721,1.667979505897636,True,False
B07,B,0.005,338,F_TRACKED,180.0,0.0,3.539239785057432,3.539239785057432,True,False
B07,B,0.005,338,F_TRACKED,200.0,0.0,6.192024149275238,6.192024149275238,True,False
B07,B,0.005,338,F_TRACKED,220.0,0.0,3.253002413913786,3.253002413913786,True,False
B07,B,0.005,338,F_NOMINAL,180.0,3.9751889181292936,3.8586587854588856,-0.11653013267040802,False,False
B07,B,0.005,338,F_NOMINAL,200.0,7.113575399890512,5.565826110489149,-1.547749289401363,False,False
B07,B,0.005,338,F_NOMINAL,220.0,3.390114815773919,3.1597273124121896,-0.23038750336172953,False,False
B07,B,0.005,FOUR,F_TRACKED,180.0,0.0,4.877971037915791,4.877971037915791,True,False
B07,B,0.005,FOUR,F_TRACKED,200.0,0.0,6.365451931844054,6.365451931844054,True,False
B07,B,0.005,FOUR,F_TRACKED,220.0,0.0,7.18277400205531,7.18277400205531,True,False
B07,B,0.005,FOUR,F_NOMINAL,180.0,3.390880722804119,5.785809396812988,2.3949286740088693,True,False
B07,B,0.005,FOUR,F_NOMINAL,200.0,4.651569194178366,6.394156879000467,1.7425876848221007,True,False
B07,B,0.005,FOUR,F_NOMINAL,220.0,5.837242426869688,7.648918607600716,1.8116761807310278,True,False
B07,B,0.01,201,F_TRACKED,180.0,0.0,3.861196124944758,3.861196124944758,True,False
B07,B,0.01,201,F_TRACKED,200.0,0.0,4.732698085410128,4.732698085410128,True,False
B07,B,0.01,201,F_TRACKED,220.0,0.0,3.1349111479009366,3.1349111479009366,True,False
B07,B,0.01,201,F_NOMINAL,180.0,1.0294054425823063,4.0163025359809765,2.98689709339867,True,False
B07,B,0.01,201,F_NOMINAL,200.0,1.2079787194473492,4.247437056027961,3.039458336580611,True,False
B07,B,0.01,201,F_NOMINAL,220.0,2.355289698513693,3.5628841911804954,1.2075944926668023,True,False
B07,B,0.01,235,F_TRACKED,180.0,0.0,3.846026230700571,3.846026230700571,True,False
B07,B,0.01,235,F_TRACKED,200.0,0.0,3.6698097907291936,3.6698097907291936,True,False
B07,B,0.01,235,F_TRACKED,220.0,0.0,2.800896655606672,2.800896655606672,True,False
B07,B,0.01,235,F_NOMINAL,180.0,3.777007844441463,3.4305394084444276,-0.3464684359970356,False,False
B07,B,0.01,235,F_NOMINAL,200.0,1.6434886476722583,4.385979162871449,2.74249051519919,True,False
B07,B,0.01,235,F_NOMINAL,220.0,0.6743677787857185,3.3639336792606698,2.6895659004749515,True,False
B07,B,0.01,283,F_TRACKED,180.0,0.0,3.361895166543382,3.361895166543382,True,False
B07,B,0.01,283,F_TRACKED,200.0,0.0,3.9778290154408427,3.9778290154408427,True,False
B07,B,0.01,283,F_TRACKED,220.0,0.0,2.174968814481214,2.174968814481214,True,False
B07,B,0.01,283,F_NOMINAL,180.0,2.722019968706291,3.509519008067639,0.7874990393613479,True,False
B07,B,0.01,283,F_NOMINAL,200.0,3.5153152363523197,3.487952984162578,-0.027362252189741643,False,False
B07,B,0.01,283,F_NOMINAL,220.0,1.4218851923850357,2.455831229362498,1.0339460369774625,True,False
B07,B,0.01,338,F_TRACKED,180.0,0.0,3.084115658627436,3.084115658627436,True,False
B07,B,0.01,338,F_TRACKED,200.0,0.0,3.094497357906942,3.094497357906942,True,False
B07,B,0.01,338,F_TRACKED,220.0,0.0,3.97818141557208,3.97818141557208,True,False
B07,B,0.01,338,F_NOMINAL,180.0,3.460582324634586,3.2972074718170146,-0.16337485281757136,False,False
B07,B,0.01,338,F_NOMINAL,200.0,3.235532489629427,2.9591175060513466,-0.27641498357808025,False,False
B07,B,0.01,338,F_NOMINAL,220.0,4.881504534571855,4.937570946641623,0.056066412069768035,True,False
B07,B,0.01,FOUR,F_TRACKED,180.0,0.0,5.490726863486119,5.490726863486119,True,False
B07,B,0.01,FOUR,F_TRACKED,200.0,0.0,6.127810992097988,6.127810992097988,True,False
B07,B,0.01,FOUR,F_TRACKED,220.0,0.0,5.968706001543737,5.968706001543737,True,False
B07,B,0.01,FOUR,F_NOMINAL,180.0,3.3246030879160386,6.034777021713715,2.7101739337976767,True,False
B07,B,0.01,FOUR,F_NOMINAL,200.0,3.0711372380831388,6.470215001463778,3.3990777633806393,True,False
B07,B,0.01,FOUR,F_NOMINAL,220.0,2.928720876056208,6.073903181721411,3.145182305665203,True,False
B07,B,0.02,201,F_TRACKED,180.0,0.0,3.9954607098872406,3.9954607098872406,True,False
B07,B,0.02,201,F_TRACKED,200.0,0.0,4.889843197375497,4.889843197375497,True,False
B07,B,0.02,201,F_TRACKED,220.0,0.0,2.1794892601883973,2.1794892601883973,True,False
B07,B,0.02,201,F_NOMINAL,180.0,1.7461438226888588,2.7391760907179665,0.9930322680291077,True,False
B07,B,0.02,201,F_NOMINAL,200.0,1.481808929482945,4.2349115491446385,2.7531026196616937,True,False
B07,B,0.02,201,F_NOMINAL,220.0,1.4999580112503976,2.7291177683288153,1.2291597570784176,True,False
B07,B,0.02,235,F_TRACKED,180.0,0.0,2.600819004703819,2.600819004703819,True,False
B07,B,0.02,235,F_TRACKED,200.0,0.0,3.3879625309204067,3.3879625309204067,True,False
B07,B,0.02,235,F_TRACKED,220.0,0.0,2.39266347243578,2.39266347243578,True,False
B07,B,0.02,235,F_NOMINAL,180.0,2.1523550073479174,3.217607366088,1.0652523587400826,True,False
B07,B,0.02,235,F_NOMINAL,200.0,2.2254474696249558,4.66953805812327,2.444090588498314,True,False
B07,B,0.02,235,F_NOMINAL,220.0,2.0386153928912836,2.8008921499979533,0.7622767571066698,True,False
B07,B,0.02,283,F_TRACKED,180.0,0.0,2.175070650036444,2.175070650036444,True,False
B07,B,0.02,283,F_TRACKED,200.0,0.0,3.4955019297172027,3.4955019297172027,True,False
B07,B,0.02,283,F_TRACKED,220.0,0.0,3.376707314476654,3.376707314476654,True,False
B07,B,0.02,283,F_NOMINAL,180.0,1.046130404509806,2.3075609460858995,1.2614305415760934,True,False
B07,B,0.02,283,F_NOMINAL,200.0,3.363623515254923,3.563969788859667,0.20034627360474389,True,False
B07,B,0.02,283,F_NOMINAL,220.0,1.563163793822956,2.6033809027287016,1.0402171089057457,True,False
B07,B,0.02,338,F_TRACKED,180.0,0.0,3.759678531973301,3.759678531973301,True,False
B07,B,0.02,338,F_TRACKED,200.0,0.0,4.05786096640347,4.05786096640347,True,False
B07,B,0.02,338,F_TRACKED,220.0,0.0,5.546787053576967,5.546787053576967,True,False
B07,B,0.02,338,F_NOMINAL,180.0,4.079956052025925,3.9622003830520924,-0.1177556689738326,False,False
B07,B,0.02,338,F_NOMINAL,200.0,3.613414317351486,3.755596568658776,0.14218225130728968,True,False
B07,B,0.02,338,F_NOMINAL,220.0,5.7561882959526205,5.488967659472986,-0.26722063647963434,False,False
B07,B,0.02,FOUR,F_TRACKED,180.0,0.0,4.716424556248009,4.716424556248009,True,False
B07,B,0.02,FOUR,F_TRACKED,200.0,0.0,5.659233804303273,5.659233804303273,True,False
B07,B,0.02,FOUR,F_TRACKED,220.0,0.0,4.975926331767109,4.975926331767109,True,False
B07,B,0.02,FOUR,F_NOMINAL,180.0,2.7150919589299227,5.358346837007746,2.643254878077823,True,False
B07,B,0.02,FOUR,F_NOMINAL,200.0,3.1453593080312148,6.053855640199019,2.908496332167804,True,False
B07,B,0.02,FOUR,F_NOMINAL,220.0,3.628254884283225,5.206976664844037,1.5787217805608118,True,False
B08,B,0.0,201,F_TRACKED,180.0,0.0,0.9414235118196366,0.9414235118196366,True,False
B08,B,0.0,201,F_TRACKED,200.0,0.0,0.9772878196317215,0.9772878196317215,True,False
B08,B,0.0,201,F_TRACKED,220.0,0.0,0.49367798875110835,0.49367798875110835,True,False
B08,B,0.0,201,F_NOMINAL,180.0,0.0,0.9414235118196366,0.9414235118196366,True,False
B08,B,0.0,201,F_NOMINAL,200.0,0.0,0.9772878196317215,0.9772878196317215,True,False
B08,B,0.0,201,F_NOMINAL,220.0,0.0,0.49367798875110835,0.49367798875110835,True,False
B08,B,0.0,235,F_TRACKED,180.0,0.0,1.3397976927006379,1.3397976927006379,True,False
B08,B,0.0,235,F_TRACKED,200.0,0.0,1.1669957761938454,1.1669957761938454,True,False
B08,B,0.0,235,F_TRACKED,220.0,0.0,0.834887193181981,0.834887193181981,True,False
B08,B,0.0,235,F_NOMINAL,180.0,0.0,1.3397976927006379,1.3397976927006379,True,False
B08,B,0.0,235,F_NOMINAL,200.0,0.0,1.1669957761938454,1.1669957761938454,True,False
B08,B,0.0,235,F_NOMINAL,220.0,0.0,0.834887193181981,0.834887193181981,True,False
B08,B,0.0,283,F_TRACKED,180.0,0.0,1.7279105443774538,1.7279105443774538,True,False
B08,B,0.0,283,F_TRACKED,200.0,0.0,3.8519344766747667,3.8519344766747667,True,False
B08,B,0.0,283,F_TRACKED,220.0,0.0,1.0883927292833193,1.0883927292833193,True,False
B08,B,0.0,283,F_NOMINAL,180.0,0.0,1.7279105443774538,1.7279105443774538,True,False
B08,B,0.0,283,F_NOMINAL,200.0,0.0,3.8519344766747667,3.8519344766747667,True,False
B08,B,0.0,283,F_NOMINAL,220.0,0.0,1.0883927292833193,1.0883927292833193,True,False
B08,B,0.0,338,F_TRACKED,180.0,0.0,2.0622360342709274,2.0622360342709274,True,False
B08,B,0.0,338,F_TRACKED,200.0,0.0,1.1059605202847889,1.1059605202847889,True,False
B08,B,0.0,338,F_TRACKED,220.0,0.0,1.0139423340809326,1.0139423340809326,True,False
B08,B,0.0,338,F_NOMINAL,180.0,0.0,2.0622360342709274,2.0622360342709274,True,False
B08,B,0.0,338,F_NOMINAL,200.0,0.0,1.1059605202847889,1.1059605202847889,True,False
B08,B,0.0,338,F_NOMINAL,220.0,0.0,1.0139423340809326,1.0139423340809326,True,False
B08,B,0.0,FOUR,F_TRACKED,180.0,0.0,3.2054874573295318,3.2054874573295318,True,False
B08,B,0.0,FOUR,F_TRACKED,200.0,0.0,3.512136089412344,3.512136089412344,True,False
B08,B,0.0,FOUR,F_TRACKED,220.0,0.0,1.6450160323256764,1.6450160323256764,True,False
B08,B,0.0,FOUR,F_NOMINAL,180.0,0.0,3.2054874573295318,3.2054874573295318,True,False
B08,B,0.0,FOUR,F_NOMINAL,200.0,0.0,3.512136089412344,3.512136089412344,True,False
B08,B,0.0,FOUR,F_NOMINAL,220.0,0.0,1.6450160323256764,1.6450160323256764,True,False
B08,B,0.0025,201,F_TRACKED,180.0,0.0,2.7272997862707613,2.7272997862707613,True,False
B08,B,0.0025,201,F_TRACKED,200.0,0.0,3.311303761049897,3.311303761049897,True,False
B08,B,0.0025,201,F_TRACKED,220.0,0.0,7.92617442666122,7.92617442666122,True,False
B08,B,0.0025,201,F_NOMINAL,180.0,3.083420471240846,2.6356750978181953,-0.44774537342265086,False,False
B08,B,0.0025,201,F_NOMINAL,200.0,3.0971679993412433,2.5682827688564513,-0.528885230484792,False,False
B08,B,0.0025,201,F_NOMINAL,220.0,8.126692657294969,6.523798556312945,-1.6028941009820237,False,False
B08,B,0.0025,235,F_TRACKED,180.0,0.0,1.6902131490126648,1.6902131490126648,True,False
B08,B,0.0025,235,F_TRACKED,200.0,0.0,3.0912844415063483,3.0912844415063483,True,False
B08,B,0.0025,235,F_TRACKED,220.0,0.0,2.5564010277066878,2.5564010277066878,True,False
B08,B,0.0025,235,F_NOMINAL,180.0,1.6211148932644825,1.897241097859987,0.2761262045955044,True,False
B08,B,0.0025,235,F_NOMINAL,200.0,3.157293473304287,3.309942416038147,0.15264894273385998,True,False
B08,B,0.0025,235,F_NOMINAL,220.0,2.0440570593969665,2.265638066818221,0.22158100742125475,True,False
B08,B,0.0025,283,F_TRACKED,180.0,0.0,5.03039667287825,5.03039667287825,True,False
B08,B,0.0025,283,F_TRACKED,200.0,0.0,2.765989535121304,2.765989535121304,True,False
B08,B,0.0025,283,F_TRACKED,220.0,0.0,1.4283024827018826,1.4283024827018826,True,False
B08,B,0.0025,283,F_NOMINAL,180.0,4.816586348304444,4.312534055750997,-0.504052292553447,False,False
B08,B,0.0025,283,F_NOMINAL,200.0,2.6235202080196243,1.7449047571204508,-0.8786154508991735,False,False
B08,B,0.0025,283,F_NOMINAL,220.0,0.5147392519159847,1.1346528571651346,0.61991360524915,True,False
B08,B,0.0025,338,F_TRACKED,180.0,0.0,3.473446298645908,3.473446298645908,True,False
B08,B,0.0025,338,F_TRACKED,200.0,0.0,4.86535732726006,4.86535732726006,True,False
B08,B,0.0025,338,F_TRACKED,220.0,0.0,3.1536473931854787,3.1536473931854787,True,False
B08,B,0.0025,338,F_NOMINAL,180.0,3.186700515921406,3.1855987434145083,-0.0011017725068978024,False,False
B08,B,0.0025,338,F_NOMINAL,200.0,4.850759376507778,4.5842636783414,-0.26649569816637797,False,False
B08,B,0.0025,338,F_NOMINAL,220.0,3.2968037233210055,2.838892601732027,-0.4579111215889786,False,False
B08,B,0.0025,FOUR,F_TRACKED,180.0,0.0,3.9240342935136603,3.9240342935136603,True,False
B08,B,0.0025,FOUR,F_TRACKED,200.0,0.0,3.923875926386355,3.923875926386355,True,False
B08,B,0.0025,FOUR,F_TRACKED,220.0,0.0,5.2038391473888135,5.2038391473888135,True,False
B08,B,0.0025,FOUR,F_NOMINAL,180.0,3.514209799032213,3.8108292326204705,0.2966194335882575,True,False
B08,B,0.0025,FOUR,F_NOMINAL,200.0,4.099832538520085,4.020660516305272,-0.0791720222148129,False,False
B08,B,0.0025,FOUR,F_NOMINAL,220.0,4.771895990665951,4.691508681545041,-0.08038730912091019,False,False
B08,B,0.005,201,F_TRACKED,180.0,0.0,2.4049622109753157,2.4049622109753157,True,False
B08,B,0.005,201,F_TRACKED,200.0,0.0,3.450141073668091,3.450141073668091,True,False
B08,B,0.005,201,F_TRACKED,220.0,0.0,8.91833250759698,8.91833250759698,True,False
B08,B,0.005,201,F_NOMINAL,180.0,2.662861041274248,2.6006391148809547,-0.06222192639329327,False,False
B08,B,0.005,201,F_NOMINAL,200.0,3.5998164336054925,3.0635584918397947,-0.5362579417656979,False,False
B08,B,0.005,201,F_NOMINAL,220.0,10.153013663837992,9.299469088953217,-0.8535445748847756,False,False
B08,B,0.005,235,F_TRACKED,180.0,0.0,2.237760649921442,2.237760649921442,True,False
B08,B,0.005,235,F_TRACKED,200.0,0.0,2.4016122190526925,2.4016122190526925,True,False
B08,B,0.005,235,F_TRACKED,220.0,0.0,2.2573067566722638,2.2573067566722638,True,False
B08,B,0.005,235,F_NOMINAL,180.0,1.657936067067947,2.2264780519503535,0.5685419848824065,True,False
B08,B,0.005,235,F_NOMINAL,200.0,2.2360407539231426,2.371588918848918,0.13554816492577526,True,False
B08,B,0.005,235,F_NOMINAL,220.0,1.164230883118288,1.5657513122320261,0.4015204291137382,True,False
B08,B,0.005,283,F_TRACKED,180.0,0.0,2.777182589681938,2.777182589681938,True,False
B08,B,0.005,283,F_TRACKED,200.0,0.0,2.962472923878041,2.962472923878041,True,False
B08,B,0.005,283,F_TRACKED,220.0,0.0,1.5439598953936098,1.5439598953936098,True,False
B08,B,0.005,283,F_NOMINAL,180.0,2.4514183905226847,2.36589353841607,-0.08552485210661454,False,False
B08,B,0.005,283,F_NOMINAL,200.0,3.343904732749602,3.2252968490807126,-0.11860788366888952,False,False
B08,B,0.005,283,F_NOMINAL,220.0,0.7093811164040389,1.3354707729434137,0.6260896565393748,True,False
B08,B,0.005,338,F_TRACKED,180.0,0.0,3.3493494625666407,3.3493494625666407,True,False
B08,B,0.005,338,F_TRACKED,200.0,0.0,5.644874664567547,5.644874664567547,True,False
B08,B,0.005,338,F_TRACKED,220.0,0.0,2.489141973430742,2.489141973430742,True,False
B08,B,0.005,338,F_NOMINAL,180.0,3.8408425289497874,3.902750717954554,0.0619081890047668,True,False
B08,B,0.005,338,F_NOMINAL,200.0,5.95055317271493,6.019205766147916,0.06865259343298646,True,False
B08,B,0.005,338,F_NOMINAL,220.0,3.283825708832051,3.3411848075532244,0.057359098721173396,True,False
B08,B,0.005,FOUR,F_TRACKED,180.0,0.0,3.5289469739542234,3.5289469739542234,True,False
B08,B,0.005,FOUR,F_TRACKED,200.0,0.0,5.125653782470891,5.125653782470891,True,False
B08,B,0.005,FOUR,F_TRACKED,220.0,0.0,5.758769355824563,5.758769355824563,True,False
B08,B,0.005,FOUR,F_NOMINAL,180.0,3.1139434031263438,3.3465541996464108,0.232610796520067,True,False
B08,B,0.005,FOUR,F_NOMINAL,200.0,4.382520846087614,4.635693392892375,0.25317254680476164,True,False
B08,B,0.005,FOUR,F_NOMINAL,220.0,5.4988746270403235,5.494906590927395,-0.003968036112928175,False,False
B08,B,0.01,201,F_TRACKED,180.0,0.0,1.744705590063894,1.744705590063894,True,False
B08,B,0.01,201,F_TRACKED,200.0,0.0,2.3422727889419095,2.3422727889419095,True,False
B08,B,0.01,201,F_TRACKED,220.0,0.0,2.1093428123538014,2.1093428123538014,True,False
B08,B,0.01,201,F_NOMINAL,180.0,1.115190432869536,1.352407835182498,0.23721740231296207,True,False
B08,B,0.01,201,F_NOMINAL,200.0,0.9961328182842591,1.0787468713136534,0.08261405302939429,True,False
B08,B,0.01,201,F_NOMINAL,220.0,2.312055718329055,2.362372799457005,0.0503170811279503,True,False
B08,B,0.01,235,F_TRACKED,180.0,0.0,3.0246486279902953,3.0246486279902953,True,False
B08,B,0.01,235,F_TRACKED,200.0,0.0,2.1641478416256508,2.1641478416256508,True,False
B08,B,0.01,235,F_TRACKED,220.0,0.0,1.9755358455012455,1.9755358455012455,True,False
B08,B,0.01,235,F_NOMINAL,180.0,2.69331266396489,2.8463247640980525,0.15301210013316258,True,False
B08,B,0.01,235,F_NOMINAL,200.0,1.4992361602028736,1.5616382185007154,0.062402058297841734,True,False
B08,B,0.01,235,F_NOMINAL,220.0,0.6442052568607661,0.862145292882232,0.21794003602146583,True,False
B08,B,0.01,283,F_TRACKED,180.0,0.0,2.200184892867604,2.200184892867604,True,False
B08,B,0.01,283,F_TRACKED,200.0,0.0,2.6354676089451847,2.6354676089451847,True,False
B08,B,0.01,283,F_TRACKED,220.0,0.0,1.9229172144072577,1.9229172144072577,True,False
B08,B,0.01,283,F_NOMINAL,180.0,2.1118756616327152,2.1810238825159103,0.06914822088319506,True,False
B08,B,0.01,283,F_NOMINAL,200.0,3.5190686474447554,3.5239415964901095,0.004872949045354069,True,False
B08,B,0.01,283,F_NOMINAL,220.0,1.4560096148987094,1.5879665903887081,0.13195697548999874,True,False
B08,B,0.01,338,F_TRACKED,180.0,0.0,3.24622677690229,3.24622677690229,True,False
B08,B,0.01,338,F_TRACKED,200.0,0.0,2.605807326379101,2.605807326379101,True,False
B08,B,0.01,338,F_TRACKED,220.0,0.0,4.081808025738803,4.081808025738803,True,False
B08,B,0.01,338,F_NOMINAL,180.0,3.189296826729897,3.366717999438608,0.17742117270871072,True,False
B08,B,0.01,338,F_NOMINAL,200.0,2.9216319028459834,2.7682629872919957,-0.15336891555398768,False,False
B08,B,0.01,338,F_NOMINAL,220.0,3.9505720216485405,3.3913944634973086,-0.5591775581512319,False,False
B08,B,0.01,FOUR,F_TRACKED,180.0,0.0,3.983419145598301,3.983419145598301,True,False
B08,B,0.01,FOUR,F_TRACKED,200.0,0.0,3.5382768740303323,3.5382768740303323,True,False
B08,B,0.01,FOUR,F_TRACKED,220.0,0.0,3.2096918046706775,3.2096918046706775,True,False
B08,B,0.01,FOUR,F_NOMINAL,180.0,2.8523379880764055,3.0382575947085737,0.18591960663216822,True,False
B08,B,0.01,FOUR,F_NOMINAL,200.0,2.8965783962493066,3.2728534773744786,0.37627508112517205,True,False
B08,B,0.01,FOUR,F_NOMINAL,220.0,2.493767303990111,3.242021181228835,0.7482538772387239,True,False
B08,B,0.02,201,F_TRACKED,180.0,0.0,1.434123131955243,1.434123131955243,True,False
B08,B,0.02,201,F_TRACKED,200.0,0.0,1.566948599154379,1.566948599154379,True,False
B08,B,0.02,201,F_TRACKED,220.0,0.0,1.9224235306876651,1.9224235306876651,True,False
B08,B,0.02,201,F_NOMINAL,180.0,1.356774418146816,0.9966610658046668,-0.36011335234214914,False,False
B08,B,0.02,201,F_NOMINAL,200.0,1.4316663608671094,1.7058627879007975,0.2741964270336881,True,False
B08,B,0.02,201,F_NOMINAL,220.0,1.5353810811086377,2.0716746944621156,0.5362936133534779,True,False
B08,B,0.02,235,F_TRACKED,180.0,0.0,2.326172544324883,2.326172544324883,True,False
B08,B,0.02,235,F_TRACKED,200.0,0.0,2.192028829023214,2.192028829023214,True,False
B08,B,0.02,235,F_TRACKED,220.0,0.0,2.1902382073079587,2.1902382073079587,True,False
B08,B,0.02,235,F_NOMINAL,180.0,1.8089870701715502,2.0081075857016075,0.19912051553005727,True,False
B08,B,0.02,235,F_NOMINAL,200.0,2.1353341850150147,2.2040391626232574,0.06870497760824268,True,False
B08,B,0.02,235,F_NOMINAL,220.0,1.8952069139699645,2.291049581291385,0.39584266732142037,True,False
B08,B,0.02,283,F_TRACKED,180.0,0.0,1.1384679704346008,1.1384679704346008,True,False
B08,B,0.02,283,F_TRACKED,200.0,0.0,2.4393383144099756,2.4393383144099756,True,False
B08,B,0.02,283,F_TRACKED,220.0,0.0,1.3467465463312616,1.3467465463312616,True,False
B08,B,0.02,283,F_NOMINAL,180.0,1.2301585708439318,1.3426536631323323,0.11249509228840049,True,False
B08,B,0.02,283,F_NOMINAL,200.0,3.3498470189791876,3.4527768162461063,0.10292979726691875,True,False
B08,B,0.02,283,F_NOMINAL,220.0,1.375817144185271,1.8433876935666493,0.46757054938137843,True,False
B08,B,0.02,338,F_TRACKED,180.0,0.0,3.7427471152827056,3.7427471152827056,True,False
B08,B,0.02,338,F_TRACKED,200.0,0.0,2.9438589219563767,2.9438589219563767,True,False
B08,B,0.02,338,F_TRACKED,220.0,0.0,4.84235323618021,4.84235323618021,True,False
B08,B,0.02,338,F_NOMINAL,180.0,3.6955690078597705,3.4212655047906377,-0.27430350306913276,False,False
B08,B,0.02,338,F_NOMINAL,200.0,3.35417544523782,3.6841979783720884,0.3300225331342683,True,False
B08,B,0.02,338,F_NOMINAL,220.0,4.670154548570715,3.7691636138498112,-0.900990934720904,False,False
B08,B,0.02,FOUR,F_TRACKED,180.0,0.0,3.1486935815534376,3.1486935815534376,True,False
B08,B,0.02,FOUR,F_TRACKED,200.0,0.0,3.0816770167408225,3.0816770167408225,True,False
B08,B,0.02,FOUR,F_TRACKED,220.0,0.0,3.5803721416290033,3.5803721416290033,True,False
B08,B,0.02,FOUR,F_NOMINAL,180.0,2.3310663364985316,2.841860821433521,0.5107944849349892,True,False
B08,B,0.02,FOUR,F_NOMINAL,200.0,3.3059871259233193,3.803638441325049,0.49765131540172947,True,False
B08,B,0.02,FOUR,F_NOMINAL,220.0,3.2535810463095602,3.5803908237283895,0.3268097774188292,True,False
B09,B,0.0,201,F_TRACKED,180.0,0.0,2.524835372695582,2.524835372695582,True,False
B09,B,0.0,201,F_TRACKED,200.0,0.0,3.8062425415388343,3.8062425415388343,True,False
B09,B,0.0,201,F_TRACKED,220.0,0.0,1.7205285088417042,1.7205285088417042,True,False
B09,B,0.0,201,F_NOMINAL,180.0,0.0,2.524835372695582,2.524835372695582,True,False
B09,B,0.0,201,F_NOMINAL,200.0,0.0,3.8062425415388343,3.8062425415388343,True,False
B09,B,0.0,201,F_NOMINAL,220.0,0.0,1.7205285088417042,1.7205285088417042,True,False
B09,B,0.0,235,F_TRACKED,180.0,0.0,2.6876041891890616,2.6876041891890616,True,False
B09,B,0.0,235,F_TRACKED,200.0,0.0,3.190364211600016,3.190364211600016,True,False
B09,B,0.0,235,F_TRACKED,220.0,0.0,1.6090238885764783,1.6090238885764783,True,False
B09,B,0.0,235,F_NOMINAL,180.0,0.0,2.6876041891890616,2.6876041891890616,True,False
B09,B,0.0,235,F_NOMINAL,200.0,0.0,3.190364211600016,3.190364211600016,True,False
B09,B,0.0,235,F_NOMINAL,220.0,0.0,1.6090238885764783,1.6090238885764783,True,False
B09,B,0.0,283,F_TRACKED,180.0,0.0,2.201268593614652,2.201268593614652,True,False
B09,B,0.0,283,F_TRACKED,200.0,0.0,4.227448687749579,4.227448687749579,True,False
B09,B,0.0,283,F_TRACKED,220.0,0.0,2.3341396309399607,2.3341396309399607,True,False
B09,B,0.0,283,F_NOMINAL,180.0,0.0,2.201268593614652,2.201268593614652,True,False
B09,B,0.0,283,F_NOMINAL,200.0,0.0,4.227448687749579,4.227448687749579,True,False
B09,B,0.0,283,F_NOMINAL,220.0,0.0,2.3341396309399607,2.3341396309399607,True,False
B09,B,0.0,338,F_TRACKED,180.0,0.0,3.331978823995417,3.331978823995417,True,False
B09,B,0.0,338,F_TRACKED,200.0,0.0,1.0247875995612867,1.0247875995612867,True,False
B09,B,0.0,338,F_TRACKED,220.0,0.0,2.2005313445131485,2.2005313445131485,True,False
B09,B,0.0,338,F_NOMINAL,180.0,0.0,3.331978823995417,3.331978823995417,True,False
B09,B,0.0,338,F_NOMINAL,200.0,0.0,1.0247875995612867,1.0247875995612867,True,False
B09,B,0.0,338,F_NOMINAL,220.0,0.0,2.2005313445131485,2.2005313445131485,True,False
B09,B,0.0,FOUR,F_TRACKED,180.0,0.0,3.9723324041636108,3.9723324041636108,True,False
B09,B,0.0,FOUR,F_TRACKED,200.0,0.0,5.288259027791135,5.288259027791135,True,False
B09,B,0.0,FOUR,F_TRACKED,220.0,0.0,4.120939187033393,4.120939187033393,True,False
B09,B,0.0,FOUR,F_NOMINAL,180.0,0.0,3.9723324041636108,3.9723324041636108,True,False
B09,B,0.0,FOUR,F_NOMINAL,200.0,0.0,5.288259027791135,5.288259027791135,True,False
B09,B,0.0,FOUR,F_NOMINAL,220.0,0.0,4.120939187033393,4.120939187033393,True,False
B09,B,0.0025,201,F_TRACKED,180.0,0.0,3.5721284965936384,3.5721284965936384,True,False
B09,B,0.0025,201,F_TRACKED,200.0,0.0,2.9243715138967796,2.9243715138967796,True,False
B09,B,0.0025,201,F_TRACKED,220.0,0.0,8.423657855429223,8.423657855429223,True,False
B09,B,0.0025,201,F_NOMINAL,180.0,3.1772267714718065,4.1312756958631445,0.9540489243913379,True,False
B09,B,0.0025,201,F_NOMINAL,200.0,2.530235184346243,3.0668146902706837,0.5365795059244407,True,False
B09,B,0.0025,201,F_NOMINAL,220.0,8.590621747943631,8.502797056663606,-0.08782469128002468,False,False
B09,B,0.0025,235,F_TRACKED,180.0,0.0,2.629764791597421,2.629764791597421,True,False
B09,B,0.0025,235,F_TRACKED,200.0,0.0,2.9067329310816867,2.9067329310816867,True,False
B09,B,0.0025,235,F_TRACKED,220.0,0.0,2.454792292663169,2.454792292663169,True,False
B09,B,0.0025,235,F_NOMINAL,180.0,1.9012279407911312,2.807676284975799,0.9064483441846676,True,False
B09,B,0.0025,235,F_NOMINAL,200.0,2.9619314199820077,3.5272531157402844,0.5653216957582767,True,False
B09,B,0.0025,235,F_NOMINAL,220.0,1.865102662542991,2.4347382038254333,0.5696355412824423,True,False
B09,B,0.0025,283,F_TRACKED,180.0,0.0,5.62776170410582,5.62776170410582,True,False
B09,B,0.0025,283,F_TRACKED,200.0,0.0,3.74939402113149,3.74939402113149,True,False
B09,B,0.0025,283,F_TRACKED,220.0,0.0,2.475028720181413,2.475028720181413,True,False
B09,B,0.0025,283,F_NOMINAL,180.0,5.229165550353073,5.90866969425181,0.679504143898737,True,False
B09,B,0.0025,283,F_NOMINAL,200.0,2.5917619079789986,3.4100293998958886,0.81826749191689,True,False
B09,B,0.0025,283,F_NOMINAL,220.0,0.7221075940675309,2.5772571831120494,1.8551495890445184,True,False
B09,B,0.0025,338,F_TRACKED,180.0,0.0,3.517038399979449,3.517038399979449,True,False
B09,B,0.0025,338,F_TRACKED,200.0,0.0,3.8579290900102725,3.8579290900102725,True,False
B09,B,0.0025,338,F_TRACKED,220.0,0.0,3.396030223758873,3.396030223758873,True,False
B09,B,0.0025,338,F_NOMINAL,180.0,3.498002794006866,3.7228239580389704,0.22482116403210428,True,False
B09,B,0.0025,338,F_NOMINAL,200.0,4.354722687944198,4.593828838121561,0.2391061501773626,True,False
B09,B,0.0025,338,F_NOMINAL,220.0,3.2891946383900446,3.6145269431549547,0.32533230476491015,True,False
B09,B,0.0025,FOUR,F_TRACKED,180.0,0.0,5.104510675350392,5.104510675350392,True,False
B09,B,0.0025,FOUR,F_TRACKED,200.0,0.0,4.675772988624319,4.675772988624319,True,False
B09,B,0.0025,FOUR,F_TRACKED,220.0,0.0,5.588032068719389,5.588032068719389,True,False
B09,B,0.0025,FOUR,F_NOMINAL,180.0,4.076890468305167,4.721860659167141,0.644970190861974,True,False
B09,B,0.0025,FOUR,F_NOMINAL,200.0,3.688735315395148,4.599614656658407,0.9108793412632585,True,False
B09,B,0.0025,FOUR,F_NOMINAL,220.0,4.899666956958673,5.802319467905825,0.9026525109471519,True,False
B09,B,0.005,201,F_TRACKED,180.0,0.0,3.4012753348443985,3.4012753348443985,True,False
B09,B,0.005,201,F_TRACKED,200.0,0.0,2.9297275218481853,2.9297275218481853,True,False
B09,B,0.005,201,F_TRACKED,220.0,0.0,10.617356728964205,10.617356728964205,True,False
B09,B,0.005,201,F_NOMINAL,180.0,2.5081454525720295,3.6293957257002774,1.1212502731282479,True,False
B09,B,0.005,201,F_NOMINAL,200.0,2.893599599023469,3.551283236726156,0.6576836377026871,True,False
B09,B,0.005,201,F_NOMINAL,220.0,10.6580020620838,11.29772458903394,0.6397225269501412,True,False
B09,B,0.005,235,F_TRACKED,180.0,0.0,3.167848292231205,3.167848292231205,True,False
B09,B,0.005,235,F_TRACKED,200.0,0.0,2.9659429200292804,2.9659429200292804,True,False
B09,B,0.005,235,F_TRACKED,220.0,0.0,2.0797197913337544,2.0797197913337544,True,False
B09,B,0.005,235,F_NOMINAL,180.0,2.103430893591301,3.214634695497682,1.111203801906381,True,False
B09,B,0.005,235,F_NOMINAL,200.0,2.736859886805018,2.7731483445869705,0.036288457781952665,True,False
B09,B,0.005,235,F_NOMINAL,220.0,1.1211794406047833,1.9332414518507053,0.812062011245922,True,False
B09,B,0.005,283,F_TRACKED,180.0,0.0,2.8414948601187775,2.8414948601187775,True,False
B09,B,0.005,283,F_TRACKED,200.0,0.0,3.313223693320235,3.313223693320235,True,False
B09,B,0.005,283,F_TRACKED,220.0,0.0,1.8880634571659205,1.8880634571659205,True,False
B09,B,0.005,283,F_NOMINAL,180.0,2.312454405694134,2.563662099815481,0.251207694121347,True,False
B09,B,0.005,283,F_NOMINAL,200.0,3.377497300372043,3.558701253609847,0.1812039532378038,True,False
B09,B,0.005,283,F_NOMINAL,220.0,0.4901970940482207,2.4689702513496172,1.9787731573013965,True,False
B09,B,0.005,338,F_TRACKED,180.0,0.0,4.650887406545365,4.650887406545365,True,False
B09,B,0.005,338,F_TRACKED,200.0,0.0,6.174471183412289,6.174471183412289,True,False
B09,B,0.005,338,F_TRACKED,220.0,0.0,3.4355825163888962,3.4355825163888962,True,False
B09,B,0.005,338,F_NOMINAL,180.0,4.413784339445704,4.3593604340656995,-0.054423905380004634,False,False
B09,B,0.005,338,F_NOMINAL,200.0,5.917265359288225,5.332898572278421,-0.5843667870098042,False,False
B09,B,0.005,338,F_NOMINAL,220.0,3.2854283184819213,3.0916164807954583,-0.19381183768646304,False,False
B09,B,0.005,FOUR,F_TRACKED,180.0,0.0,4.279330195803887,4.279330195803887,True,False
B09,B,0.005,FOUR,F_TRACKED,200.0,0.0,4.632993648056114,4.632993648056114,True,False
B09,B,0.005,FOUR,F_TRACKED,220.0,0.0,6.527958875275804,6.527958875275804,True,False
B09,B,0.005,FOUR,F_NOMINAL,180.0,3.5356542727381783,4.421731007784045,0.8860767350458665,True,False
B09,B,0.005,FOUR,F_NOMINAL,200.0,4.083518169280447,4.6489104781555195,0.5653923088750723,True,False
B09,B,0.005,FOUR,F_NOMINAL,220.0,5.6866081368699675,6.353850843731363,0.667242706861396,True,False
B09,B,0.01,201,F_TRACKED,180.0,0.0,2.3762675682802636,2.3762675682802636,True,False
B09,B,0.01,201,F_TRACKED,200.0,0.0,2.9954459147338013,2.9954459147338013,True,False
B09,B,0.01,201,F_TRACKED,220.0,0.0,2.3762985113274504,2.3762985113274504,True,False
B09,B,0.01,201,F_NOMINAL,180.0,0.9155983239691963,3.0450757375594826,2.129477413590286,True,False
B09,B,0.01,201,F_NOMINAL,200.0,0.9702928186705723,3.457989067126719,2.4876962484561465,True,False
B09,B,0.01,201,F_NOMINAL,220.0,1.866923016592114,2.408731747439898,0.5418087308477839,True,False
B09,B,0.01,235,F_TRACKED,180.0,0.0,3.4376526718954024,3.4376526718954024,True,False
B09,B,0.01,235,F_TRACKED,200.0,0.0,3.285141527824429,3.285141527824429,True,False
B09,B,0.01,235,F_TRACKED,220.0,0.0,2.2292660047371364,2.2292660047371364,True,False
B09,B,0.01,235,F_NOMINAL,180.0,2.8043644636367424,3.5003517840423974,0.695987320405655,True,False
B09,B,0.01,235,F_NOMINAL,200.0,2.4849256690655435,2.8187660721920116,0.3338404031264681,True,False
B09,B,0.01,235,F_NOMINAL,220.0,1.468292117995964,2.220203475612536,0.7519113576165721,True,False
B09,B,0.01,283,F_TRACKED,180.0,0.0,2.939072286441356,2.939072286441356,True,False
B09,B,0.01,283,F_TRACKED,200.0,0.0,3.8050015970972995,3.8050015970972995,True,False
B09,B,0.01,283,F_TRACKED,220.0,0.0,2.2879566192458896,2.2879566192458896,True,False
B09,B,0.01,283,F_NOMINAL,180.0,2.301919085197356,2.4530141828669003,0.1510950976695442,True,False
B09,B,0.01,283,F_NOMINAL,200.0,3.4825030963748795,3.682635414164039,0.2001323177891594,True,False
B09,B,0.01,283,F_NOMINAL,220.0,1.3631294084648686,2.764010204975668,1.4008807965107992,True,False
B09,B,0.01,338,F_TRACKED,180.0,0.0,2.8237090115889196,2.8237090115889196,True,False
B09,B,0.01,338,F_TRACKED,200.0,0.0,3.540547813434503,3.540547813434503,True,False
B09,B,0.01,338,F_TRACKED,220.0,0.0,3.6776133090179637,3.6776133090179637,True,False
B09,B,0.01,338,F_NOMINAL,180.0,2.6468205957752757,2.710942615389394,0.06412201961411812,True,False
B09,B,0.01,338,F_NOMINAL,200.0,2.891010572883309,3.408521478741489,0.5175109058581802,True,False
B09,B,0.01,338,F_NOMINAL,220.0,2.888598105239879,3.36850086600221,0.47990276076233096,True,False
B09,B,0.01,FOUR,F_TRACKED,180.0,0.0,3.990054485434634,3.990054485434634,True,False
B09,B,0.01,FOUR,F_TRACKED,200.0,0.0,4.564519062637483,4.564519062637483,True,False
B09,B,0.01,FOUR,F_TRACKED,220.0,0.0,4.224493983131175,4.224493983131175,True,False
B09,B,0.01,FOUR,F_NOMINAL,180.0,2.7287848327702364,4.247788005187134,1.5190031724168978,True,False
B09,B,0.01,FOUR,F_NOMINAL,200.0,3.083421012585426,4.630771903158831,1.5473508905734046,True,False
B09,B,0.01,FOUR,F_NOMINAL,220.0,2.37893365738826,4.2183198816094265,1.8393862242211667,True,False
B09,B,0.02,201,F_TRACKED,180.0,0.0,2.4640660699487444,2.4640660699487444,True,False
B09,B,0.02,201,F_TRACKED,200.0,0.0,3.0102297331054855,3.0102297331054855,True,False
B09,B,0.02,201,F_TRACKED,220.0,0.0,1.9931473146843515,1.9931473146843515,True,False
B09,B,0.02,201,F_NOMINAL,180.0,1.343694043138586,2.4995948995582546,1.1559008564196687,True,False
B09,B,0.02,201,F_NOMINAL,200.0,1.476953255150285,3.209174676836827,1.732221421686542,True,False
B09,B,0.02,201,F_NOMINAL,220.0,1.3986949088924132,2.0454893357812036,0.6467944268887904,True,False
B09,B,0.02,235,F_TRACKED,180.0,0.0,2.3643163638141393,2.3643163638141393,True,False
B09,B,0.02,235,F_TRACKED,200.0,0.0,2.796193097839526,2.796193097839526,True,False
B09,B,0.02,235,F_TRACKED,220.0,0.0,2.3780831944782523,2.3780831944782523,True,False
B09,B,0.02,235,F_NOMINAL,180.0,1.906370675127506,2.0807587847128373,0.17438810958533124,True,False
B09,B,0.02,235,F_NOMINAL,200.0,2.060457019905773,2.8281038877521136,0.7676468678463406,True,False
B09,B,0.02,235,F_NOMINAL,220.0,1.773446854821979,2.023961612940454,0.2505147581184748,True,False
B09,B,0.02,283,F_TRACKED,180.0,0.0,2.133713645496296,2.133713645496296,True,False
B09,B,0.02,283,F_TRACKED,200.0,0.0,3.8223096980461673,3.8223096980461673,True,False
B09,B,0.02,283,F_TRACKED,220.0,0.0,2.623774443101027,2.623774443101027,True,False
B09,B,0.02,283,F_NOMINAL,180.0,0.7207255916609049,2.357378256879383,1.6366526652184779,True,False
B09,B,0.02,283,F_NOMINAL,200.0,3.2277564272593637,3.5252603001212495,0.29750387286188573,True,False
B09,B,0.02,283,F_NOMINAL,220.0,1.7799494602363188,2.9624868222555563,1.1825373620192374,True,False
B09,B,0.02,338,F_TRACKED,180.0,0.0,3.405017251747295,3.405017251747295,True,False
B09,B,0.02,338,F_TRACKED,200.0,0.0,3.7250895630669407,3.7250895630669407,True,False
B09,B,0.02,338,F_TRACKED,220.0,0.0,3.863109523162474,3.863109523162474,True,False
B09,B,0.02,338,F_NOMINAL,180.0,3.0077090693660358,3.333660956913138,0.32595188754710236,True,False
B09,B,0.02,338,F_NOMINAL,200.0,3.20103733905705,3.478663902683173,0.27762656362612326,True,False
B09,B,0.02,338,F_NOMINAL,220.0,3.7286500128278153,3.549388495343863,-0.17926151748395247,False,False
B09,B,0.02,FOUR,F_TRACKED,180.0,0.0,3.7659306478005736,3.7659306478005736,True,False
B09,B,0.02,FOUR,F_TRACKED,200.0,0.0,4.20959850150931,4.20959850150931,True,False
B09,B,0.02,FOUR,F_TRACKED,220.0,0.0,4.01240165844922,4.01240165844922,True,False
B09,B,0.02,FOUR,F_NOMINAL,180.0,2.2092502684032707,4.092108896387282,1.8828586279840116,True,False
B09,B,0.02,FOUR,F_NOMINAL,200.0,3.1256921935984434,4.219166855601082,1.0934746620026385,True,False
B09,B,0.02,FOUR,F_NOMINAL,220.0,3.1335930690979845,3.969533893754789,0.8359408246568045,True,False
B10,B,0.0,201,F_TRACKED,180.0,0.0,0.9549535760375729,0.9549535760375729,True,False
B10,B,0.0,201,F_TRACKED,200.0,0.0,2.691936681951027,2.691936681951027,True,False
B10,B,0.0,201,F_TRACKED,220.0,0.0,1.274472899376421,1.274472899376421,True,False
B10,B,0.0,201,F_NOMINAL,180.0,0.0,0.9549535760375729,0.9549535760375729,True,False
B10,B,0.0,201,F_NOMINAL,200.0,0.0,2.691936681951027,2.691936681951027,True,False
B10,B,0.0,201,F_NOMINAL,220.0,0.0,1.274472899376421,1.274472899376421,True,False
B10,B,0.0,235,F_TRACKED,180.0,0.0,2.5445226115466557,2.5445226115466557,True,False
B10,B,0.0,235,F_TRACKED,200.0,0.0,1.4188683513976044,1.4188683513976044,True,False
B10,B,0.0,235,F_TRACKED,220.0,0.0,1.599671963680809,1.599671963680809,True,False
B10,B,0.0,235,F_NOMINAL,180.0,0.0,2.5445226115466557,2.5445226115466557,True,False
B10,B,0.0,235,F_NOMINAL,200.0,0.0,1.4188683513976044,1.4188683513976044,True,False
B10,B,0.0,235,F_NOMINAL,220.0,0.0,1.599671963680809,1.599671963680809,True,False
B10,B,0.0,283,F_TRACKED,180.0,0.0,1.721082571281295,1.721082571281295,True,False
B10,B,0.0,283,F_TRACKED,200.0,0.0,2.6407510402020273,2.6407510402020273,True,False
B10,B,0.0,283,F_TRACKED,220.0,0.0,1.1989403766075293,1.1989403766075293,True,False
B10,B,0.0,283,F_NOMINAL,180.0,0.0,1.721082571281295,1.721082571281295,True,False
B10,B,0.0,283,F_NOMINAL,200.0,0.0,2.6407510402020273,2.6407510402020273,True,False
B10,B,0.0,283,F_NOMINAL,220.0,0.0,1.1989403766075293,1.1989403766075293,True,False
B10,B,0.0,338,F_TRACKED,180.0,0.0,3.0042541604510005,3.0042541604510005,True,False
B10,B,0.0,338,F_TRACKED,200.0,0.0,1.58157326578579,1.58157326578579,True,False
B10,B,0.0,338,F_TRACKED,220.0,0.0,1.9145648385281089,1.9145648385281089,True,False
B10,B,0.0,338,F_NOMINAL,180.0,0.0,3.0042541604510005,3.0042541604510005,True,False
B10,B,0.0,338,F_NOMINAL,200.0,0.0,1.58157326578579,1.58157326578579,True,False
B10,B,0.0,338,F_NOMINAL,220.0,0.0,1.9145648385281089,1.9145648385281089,True,False
B10,B,0.0,FOUR,F_TRACKED,180.0,0.0,3.6495797440324633,3.6495797440324633,True,False
B10,B,0.0,FOUR,F_TRACKED,200.0,0.0,4.704672142232254,4.704672142232254,True,False
B10,B,0.0,FOUR,F_TRACKED,220.0,0.0,2.2369890189255206,2.2369890189255206,True,False
B10,B,0.0,FOUR,F_NOMINAL,180.0,0.0,3.6495797440324633,3.6495797440324633,True,False
B10,B,0.0,FOUR,F_NOMINAL,200.0,0.0,4.704672142232254,4.704672142232254,True,False
B10,B,0.0,FOUR,F_NOMINAL,220.0,0.0,2.2369890189255206,2.2369890189255206,True,False
B10,B,0.0025,201,F_TRACKED,180.0,0.0,3.1968340295950224,3.1968340295950224,True,False
B10,B,0.0025,201,F_TRACKED,200.0,0.0,3.1336406326474426,3.1336406326474426,True,False
B10,B,0.0025,201,F_TRACKED,220.0,0.0,8.907094920005104,8.907094920005104,True,False
B10,B,0.0025,201,F_NOMINAL,180.0,3.3199229338582823,2.4219219374860415,-0.8980009963722408,False,False
B10,B,0.0025,201,F_NOMINAL,200.0,3.0548224994210726,2.8125920652611507,-0.24223043415992196,False,False
B10,B,0.0025,201,F_NOMINAL,220.0,8.89595062289386,5.230677457075134,-3.665273165818726,False,False
B10,B,0.0025,235,F_TRACKED,180.0,0.0,2.538934391764551,2.538934391764551,True,False
B10,B,0.0025,235,F_TRACKED,200.0,0.0,3.0508567307348144,3.0508567307348144,True,False
B10,B,0.0025,235,F_TRACKED,220.0,0.0,2.5143889511726245,2.5143889511726245,True,False
B10,B,0.0025,235,F_NOMINAL,180.0,2.127167026272854,2.8155255393813365,0.6883585131084824,True,False
B10,B,0.0025,235,F_NOMINAL,200.0,3.1227663252510918,1.7272578745645628,-1.395508450686529,False,False
B10,B,0.0025,235,F_NOMINAL,220.0,2.3109424214114216,1.940207042081183,-0.3707353793302386,False,False
B10,B,0.0025,283,F_TRACKED,180.0,0.0,4.3776072431916635,4.3776072431916635,True,False
B10,B,0.0025,283,F_TRACKED,200.0,0.0,3.25478868837251,3.25478868837251,True,False
B10,B,0.0025,283,F_TRACKED,220.0,0.0,1.6283376616315002,1.6283376616315002,True,False
B10,B,0.0025,283,F_NOMINAL,180.0,5.478335443494092,5.376207857213544,-0.10212758628054797,False,False
B10,B,0.0025,283,F_NOMINAL,200.0,2.9022697740498415,4.185516803077404,1.2832470290275628,True,False
B10,B,0.0025,283,F_NOMINAL,220.0,0.8978644176248012,1.0750879260262507,0.17722350840144951,True,False
B10,B,0.0025,338,F_TRACKED,180.0,0.0,3.5419875805467926,3.5419875805467926,True,False
B10,B,0.0025,338,F_TRACKED,200.0,0.0,5.041545707604745,5.041545707604745,True,False
B10,B,0.0025,338,F_TRACKED,220.0,0.0,3.4288904288280238,3.4288904288280238,True,False
B10,B,0.0025,338,F_NOMINAL,180.0,3.3682708535839705,2.7806416795522892,-0.5876291740316812,False,False
B10,B,0.0025,338,F_NOMINAL,200.0,4.9994816689340364,4.575264706194866,-0.42421696273917053,False,False
B10,B,0.0025,338,F_NOMINAL,220.0,3.3689464540022107,3.107330479593805,-0.2616159744084059,False,False
B10,B,0.0025,FOUR,F_TRACKED,180.0,0.0,4.869903775056783,4.869903775056783,True,False
B10,B,0.0025,FOUR,F_TRACKED,200.0,0.0,4.325355720837936,4.325355720837936,True,False
B10,B,0.0025,FOUR,F_TRACKED,220.0,0.0,5.657956715452298,5.657956715452298,True,False
B10,B,0.0025,FOUR,F_NOMINAL,180.0,4.083939312634561,4.844513575660943,0.7605742630263821,True,False
B10,B,0.0025,FOUR,F_NOMINAL,200.0,4.030954818220521,4.384863033986516,0.35390821576599496,True,False
B10,B,0.0025,FOUR,F_NOMINAL,220.0,5.045920711315901,5.5985381874320685,0.5526174761161675,True,False
B10,B,0.005,201,F_TRACKED,180.0,0.0,2.6706525460172625,2.6706525460172625,True,False
B10,B,0.005,201,F_TRACKED,200.0,0.0,3.5223087975295817,3.5223087975295817,True,False
B10,B,0.005,201,F_TRACKED,220.0,0.0,10.881017727852267,10.881017727852267,True,False
B10,B,0.005,201,F_NOMINAL,180.0,2.5578232683011923,2.480644860248541,-0.07717840805265119,False,False
B10,B,0.005,201,F_NOMINAL,200.0,3.423629044069373,3.2968426704313485,-0.12678637363802459,False,False
B10,B,0.005,201,F_NOMINAL,220.0,10.98124618528681,9.267956730846088,-1.713289454440723,False,False
B10,B,0.005,235,F_TRACKED,180.0,0.0,2.4957736452686383,2.4957736452686383,True,False
B10,B,0.005,235,F_TRACKED,200.0,0.0,2.847861463125448,2.847861463125448,True,False
B10,B,0.005,235,F_TRACKED,220.0,0.0,1.8831774237643881,1.8831774237643881,True,False
B10,B,0.005,235,F_NOMINAL,180.0,2.604693797883354,3.0218642647042495,0.4171704668208953,True,False
B10,B,0.005,235,F_NOMINAL,200.0,2.370325670522486,2.340999780627062,-0.029325889895424062,False,False
B10,B,0.005,235,F_NOMINAL,220.0,0.9003379386719674,1.5941595896304177,0.6938216509584503,True,False
B10,B,0.005,283,F_TRACKED,180.0,0.0,2.640818387592264,2.640818387592264,True,False
B10,B,0.005,283,F_TRACKED,200.0,0.0,3.431000224727309,3.431000224727309,True,False
B10,B,0.005,283,F_TRACKED,220.0,0.0,1.0968694549034665,1.0968694549034665,True,False
B10,B,0.005,283,F_NOMINAL,180.0,2.561799376862909,2.8597487580069685,0.29794938114405944,True,False
B10,B,0.005,283,F_NOMINAL,200.0,3.4367496096865113,3.6131424553326297,0.17639284564611835,True,False
B10,B,0.005,283,F_NOMINAL,220.0,0.4979854841004978,1.3986509434595362,0.9006654593590384,True,False
B10,B,0.005,338,F_TRACKED,180.0,0.0,4.572105712675808,4.572105712675808,True,False
B10,B,0.005,338,F_TRACKED,200.0,0.0,6.437507155809215,6.437507155809215,True,False
B10,B,0.005,338,F_TRACKED,220.0,0.0,3.833581647686661,3.833581647686661,True,False
B10,B,0.005,338,F_NOMINAL,180.0,4.2372754427028445,4.222622117232523,-0.014653325470321832,False,False
B10,B,0.005,338,F_NOMINAL,200.0,6.561284477838452,6.972145841306076,0.4108613634676237,True,False
B10,B,0.005,338,F_NOMINAL,220.0,3.3411507418589763,3.3146154205496714,-0.026535321309304916,False,False
B10,B,0.005,FOUR,F_TRACKED,180.0,0.0,3.6778620424332678,3.6778620424332678,True,False
B10,B,0.005,FOUR,F_TRACKED,200.0,0.0,5.207701385547691,5.207701385547691,True,False
B10,B,0.005,FOUR,F_TRACKED,220.0,0.0,6.09534784173763,6.09534784173763,True,False
B10,B,0.005,FOUR,F_NOMINAL,180.0,3.4609361978278375,3.774625895077922,0.31368969725008444,True,False
B10,B,0.005,FOUR,F_NOMINAL,200.0,4.330783962916798,5.331448101964051,1.0006641390472533,True,False
B10,B,0.005,FOUR,F_NOMINAL,220.0,5.787104098525342,6.431311784975111,0.6442076864497688,True,False
B10,B,0.01,201,F_TRACKED,180.0,0.0,1.830401128062866,1.830401128062866,True,False
B10,B,0.01,201,F_TRACKED,200.0,0.0,2.469474179918848,2.469474179918848,True,False
B10,B,0.01,201,F_TRACKED,220.0,0.0,1.7369290124859975,1.7369290124859975,True,False
B10,B,0.01,201,F_NOMINAL,180.0,0.9457477433396981,1.552779715001499,0.6070319716618009,True,False
B10,B,0.01,201,F_NOMINAL,200.0,0.9939645886173205,2.0437786084105696,1.049814019793249,True,False
B10,B,0.01,201,F_NOMINAL,220.0,2.0595470410847208,1.9291319427551572,-0.13041509832956355,False,False
B10,B,0.01,235,F_TRACKED,180.0,0.0,3.1646557730925617,3.1646557730925617,True,False
B10,B,0.01,235,F_TRACKED,200.0,0.0,1.9532098315141688,1.9532098315141688,True,False
B10,B,0.01,235,F_TRACKED,220.0,0.0,1.784569787829889,1.784569787829889,True,False
B10,B,0.01,235,F_NOMINAL,180.0,3.3216995670400897,3.523204332087687,0.20150476504759718,True,False
B10,B,0.01,235,F_NOMINAL,200.0,1.985418899550054,2.213402864816465,0.22798396526641107,True,False
B10,B,0.01,235,F_NOMINAL,220.0,1.0368367191641117,1.9231751483948338,0.8863384292307221,True,False
B10,B,0.01,283,F_TRACKED,180.0,0.0,2.9562163159563823,2.9562163159563823,True,False
B10,B,0.01,283,F_TRACKED,200.0,0.0,3.8408873858119774,3.8408873858119774,True,False
B10,B,0.01,283,F_TRACKED,220.0,0.0,1.933053789319753,1.933053789319753,True,False
B10,B,0.01,283,F_NOMINAL,180.0,2.5960224833768395,3.2900739304400064,0.6940514470631669,True,False
B10,B,0.01,283,F_NOMINAL,200.0,3.4617781364670686,3.8448994374933925,0.3831213010263239,True,False
B10,B,0.01,283,F_NOMINAL,220.0,1.430225215033759,2.0890486146963836,0.6588233996626245,True,False
B10,B,0.01,338,F_TRACKED,180.0,0.0,3.1178848973612516,3.1178848973612516,True,False
B10,B,0.01,338,F_TRACKED,200.0,0.0,3.2741547104728546,3.2741547104728546,True,False
B10,B,0.01,338,F_TRACKED,220.0,0.0,4.089306682398207,4.089306682398207,True,False
B10,B,0.01,338,F_NOMINAL,180.0,2.897417754357226,2.455370918016759,-0.44204683634046704,False,False
B10,B,0.01,338,F_NOMINAL,200.0,3.0897314128249076,2.4816707839113272,-0.6080606289135804,False,False
B10,B,0.01,338,F_NOMINAL,220.0,3.8843398352336225,3.8024881323877886,-0.08185170284583387,False,False
B10,B,0.01,FOUR,F_TRACKED,180.0,0.0,3.2746431927598403,3.2746431927598403,True,False
B10,B,0.01,FOUR,F_TRACKED,200.0,0.0,3.7663629267149163,3.7663629267149163,True,False
B10,B,0.01,FOUR,F_TRACKED,220.0,0.0,3.022693716934214,3.022693716934214,True,False
B10,B,0.01,FOUR,F_NOMINAL,180.0,3.106143305813847,3.7334090620022145,0.6272657561883674,True,False
B10,B,0.01,FOUR,F_NOMINAL,200.0,3.0871994783111933,3.702127586928728,0.6149281086175344,True,False
B10,B,0.01,FOUR,F_NOMINAL,220.0,2.636674460387469,3.0620223684854198,0.42534790809795053,True,False
B10,B,0.02,201,F_TRACKED,180.0,0.0,1.999767785216756,1.999767785216756,True,False
B10,B,0.02,201,F_TRACKED,200.0,0.0,2.244008575746163,2.244008575746163,True,False
B10,B,0.02,201,F_TRACKED,220.0,0.0,1.887629019676687,1.887629019676687,True,False
B10,B,0.02,201,F_NOMINAL,180.0,1.6177561590409126,1.5561957979498457,-0.061560361091066884,False,False
B10,B,0.02,201,F_NOMINAL,200.0,1.4722190487913287,1.8707624495577146,0.39854340076638595,True,False
B10,B,0.02,201,F_NOMINAL,220.0,1.440961259610188,2.5383142277275583,1.0973529681173704,True,False
B10,B,0.02,235,F_TRACKED,180.0,0.0,2.4678911557245105,2.4678911557245105,True,False
B10,B,0.02,235,F_TRACKED,200.0,0.0,1.7581464682700694,1.7581464682700694,True,False
B10,B,0.02,235,F_TRACKED,220.0,0.0,2.06458521627468,2.06458521627468,True,False
B10,B,0.02,235,F_NOMINAL,180.0,2.036688471167847,2.7944899749144216,0.7578015037465748,True,False
B10,B,0.02,235,F_NOMINAL,200.0,2.1186159972866148,1.5268580814766681,-0.5917579158099466,False,False
B10,B,0.02,235,F_NOMINAL,220.0,1.897729544267771,2.1874615126642594,0.2897319683964883,True,False
B10,B,0.02,283,F_TRACKED,180.0,0.0,1.442072694182817,1.442072694182817,True,False
B10,B,0.02,283,F_TRACKED,200.0,0.0,3.014774601847474,3.014774601847474,True,False
B10,B,0.02,283,F_TRACKED,220.0,0.0,1.830204469192583,1.830204469192583,True,False
B10,B,0.02,283,F_NOMINAL,180.0,0.767834347665495,1.5017969674555347,0.7339626197900397,True,False
B10,B,0.02,283,F_NOMINAL,200.0,3.3024248450048646,3.517801062524621,0.21537621751975644,True,False
B10,B,0.02,283,F_NOMINAL,220.0,1.6888540837167003,1.8736115392485546,0.1847574555318543,True,False
B10,B,0.02,338,F_TRACKED,180.0,0.0,3.4704901851340977,3.4704901851340977,True,False
B10,B,0.02,338,F_TRACKED,200.0,0.0,3.682266041664797,3.682266041664797,True,False
B10,B,0.02,338,F_TRACKED,220.0,0.0,4.1820243604957605,4.1820243604957605,True,False
B10,B,0.02,338,F_NOMINAL,180.0,3.4757038127268465,3.4239508574177906,-0.05175295530905588,False,False
B10,B,0.02,338,F_NOMINAL,200.0,3.2719175760684966,3.583253656628588,0.3113360805600913,True,False
B10,B,0.02,338,F_NOMINAL,220.0,4.890234509421068,5.163020761771558,0.2727862523504898,True,False
B10,B,0.02,FOUR,F_TRACKED,180.0,0.0,2.890188784950985,2.890188784950985,True,False
B10,B,0.02,FOUR,F_TRACKED,200.0,0.0,4.0645404550074895,4.0645404550074895,True,False
B10,B,0.02,FOUR,F_TRACKED,220.0,0.0,3.62424202879145,3.62424202879145,True,False
B10,B,0.02,FOUR,F_NOMINAL,180.0,2.444241362240368,2.8735029468647557,0.4292615846243879,True,False
B10,B,0.02,FOUR,F_NOMINAL,200.0,3.0849235712239036,4.202336146056828,1.1174125748329242,True,False
B10,B,0.02,FOUR,F_NOMINAL,220.0,3.436670026884696,3.693435269659655,0.25676524277495894,True,False
C01,C,0.0,201,F_TRACKED,180.0,0.0,1.3117236174662394,1.3117236174662394,True,False
C01,C,0.0,201,F_TRACKED,200.0,0.0,2.7702750537899576,2.7702750537899576,True,False
C01,C,0.0,201,F_TRACKED,220.0,0.0,1.043560137058224,1.043560137058224,True,False
C01,C,0.0,201,F_NOMINAL,180.0,0.0,1.3117236174662394,1.3117236174662394,True,False
C01,C,0.0,201,F_NOMINAL,200.0,0.0,2.7702750537899576,2.7702750537899576,True,False
C01,C,0.0,201,F_NOMINAL,220.0,0.0,1.043560137058224,1.043560137058224,True,False
C01,C,0.0,235,F_TRACKED,180.0,0.0,1.160950095335369,1.160950095335369,True,False
C01,C,0.0,235,F_TRACKED,200.0,0.0,0.5664331248726024,0.5664331248726024,True,False
C01,C,0.0,235,F_TRACKED,220.0,0.0,0.5148197648506241,0.5148197648506241,True,False
C01,C,0.0,235,F_NOMINAL,180.0,0.0,1.160950095335369,1.160950095335369,True,False
C01,C,0.0,235,F_NOMINAL,200.0,0.0,0.5664331248726024,0.5664331248726024,True,False
C01,C,0.0,235,F_NOMINAL,220.0,0.0,0.5148197648506241,0.5148197648506241,True,False
C01,C,0.0,283,F_TRACKED,180.0,0.0,1.2141935436276363,1.2141935436276363,True,False
C01,C,0.0,283,F_TRACKED,200.0,0.0,3.9632176511258654,3.9632176511258654,True,False
C01,C,0.0,283,F_TRACKED,220.0,0.0,0.918607448080613,0.918607448080613,True,False
C01,C,0.0,283,F_NOMINAL,180.0,0.0,1.2141935436276363,1.2141935436276363,True,False
C01,C,0.0,283,F_NOMINAL,200.0,0.0,3.9632176511258654,3.9632176511258654,True,False
C01,C,0.0,283,F_NOMINAL,220.0,0.0,0.918607448080613,0.918607448080613,True,False
C01,C,0.0,338,F_TRACKED,180.0,0.0,2.9531007733908705,2.9531007733908705,True,False
C01,C,0.0,338,F_TRACKED,200.0,0.0,0.9194406080296958,0.9194406080296958,True,False
C01,C,0.0,338,F_TRACKED,220.0,0.0,1.392250135608426,1.392250135608426,True,False
C01,C,0.0,338,F_NOMINAL,180.0,0.0,2.9531007733908705,2.9531007733908705,True,False
C01,C,0.0,338,F_NOMINAL,200.0,0.0,0.9194406080296958,0.9194406080296958,True,False
C01,C,0.0,338,F_NOMINAL,220.0,0.0,1.392250135608426,1.392250135608426,True,False
C01,C,0.0,FOUR,F_TRACKED,180.0,0.0,3.398797094983095,3.398797094983095,True,False
C01,C,0.0,FOUR,F_TRACKED,200.0,0.0,4.378321297212003,4.378321297212003,True,False
C01,C,0.0,FOUR,F_TRACKED,220.0,0.0,1.621179897778273,1.621179897778273,True,False
C01,C,0.0,FOUR,F_NOMINAL,180.0,0.0,3.398797094983095,3.398797094983095,True,False
C01,C,0.0,FOUR,F_NOMINAL,200.0,0.0,4.378321297212003,4.378321297212003,True,False
C01,C,0.0,FOUR,F_NOMINAL,220.0,0.0,1.621179897778273,1.621179897778273,True,False
C01,C,0.0025,201,F_TRACKED,180.0,0.0,1.9993640707147566,1.9993640707147566,True,False
C01,C,0.0025,201,F_TRACKED,200.0,0.0,3.071455299405619,3.071455299405619,True,False
C01,C,0.0025,201,F_TRACKED,220.0,0.0,7.476737103323005,7.476737103323005,True,False
C01,C,0.0025,201,F_NOMINAL,180.0,3.054214075774447,2.3488755711332616,-0.7053385046411855,False,False
C01,C,0.0025,201,F_NOMINAL,200.0,3.0278357018293858,2.5136541695645036,-0.5141815322648822,False,False
C01,C,0.0025,201,F_NOMINAL,220.0,8.091035751054413,7.544425077421182,-0.5466106736332312,False,False
C01,C,0.0025,235,F_TRACKED,180.0,0.0,1.970205770218117,1.970205770218117,True,False
C01,C,0.0025,235,F_TRACKED,200.0,0.0,2.9094377637119035,2.9094377637119035,True,False
C01,C,0.0025,235,F_TRACKED,220.0,0.0,1.6540902278077896,1.6540902278077896,True,False
C01,C,0.0025,235,F_NOMINAL,180.0,1.6274920627770446,1.894715776113158,0.2672237133361133,True,False
C01,C,0.0025,235,F_NOMINAL,200.0,3.1246636722687327,1.9140160976799436,-1.210647574588789,False,False
C01,C,0.0025,235,F_NOMINAL,220.0,1.9553977184513158,1.5877457305346963,-0.36765198791661957,False,False
C01,C,0.0025,283,F_TRACKED,180.0,0.0,4.359463106991687,4.359463106991687,True,False
C01,C,0.0025,283,F_TRACKED,200.0,0.0,2.6048790187503332,2.6048790187503332,True,False
C01,C,0.0025,283,F_TRACKED,220.0,0.0,1.1193800943682497,1.1193800943682497,True,False
C01,C,0.0025,283,F_NOMINAL,180.0,4.777193617501105,3.7349398271938137,-1.0422537903072913,False,False
C01,C,0.0025,283,F_NOMINAL,200.0,2.570082565134569,2.7080404419985276,0.13795787686395844,True,False
C01,C,0.0025,283,F_NOMINAL,220.0,0.47374906956079504,1.3735094984459477,0.8997604288851526,True,False
C01,C,0.0025,338,F_TRACKED,180.0,0.0,3.0015731914687875,3.0015731914687875,True,False
C01,C,0.0025,338,F_TRACKED,200.0,0.0,5.046211652660023,5.046211652660023,True,False
C01,C,0.0025,338,F_TRACKED,220.0,0.0,3.4990265453088725,3.4990265453088725,True,False
C01,C,0.0025,338,F_NOMINAL,180.0,3.167874460931831,3.1425100588258643,-0.025364402105966466,False,False
C01,C,0.0025,338,F_NOMINAL,200.0,4.768237187610282,4.800109908676955,0.03187272106667294,True,False
C01,C,0.0025,338,F_NOMINAL,220.0,3.2880525606416837,2.7934893493630253,-0.49456321127865843,False,False
C01,C,0.0025,FOUR,F_TRACKED,180.0,0.0,4.349181222283817,4.349181222283817,True,False
C01,C,0.0025,FOUR,F_TRACKED,200.0,0.0,4.241323351149388,4.241323351149388,True,False
C01,C,0.0025,FOUR,F_TRACKED,220.0,0.0,4.972646884843227,4.972646884843227,True,False
C01,C,0.0025,FOUR,F_NOMINAL,180.0,3.508566790393423,4.52053621837053,1.0119694279771076,True,False
C01,C,0.0025,FOUR,F_NOMINAL,200.0,4.04430788070698,4.384269361583817,0.33996148087683675,True,False
C01,C,0.0025,FOUR,F_NOMINAL,220.0,4.766812159239325,5.13509207460106,0.3682799153617351,True,False
C01,C,0.005,201,F_TRACKED,180.0,0.0,2.771503951931376,2.771503951931376,True,False
C01,C,0.005,201,F_TRACKED,200.0,0.0,3.833745574934805,3.833745574934805,True,False
C01,C,0.005,201,F_TRACKED,220.0,0.0,9.789391128490179,9.789391128490179,True,False
C01,C,0.005,201,F_NOMINAL,180.0,2.651738031744655,2.583254992186882,-0.06848303955777268,False,False
C01,C,0.005,201,F_NOMINAL,200.0,3.5289678420489765,3.2163283517104277,-0.31263949033854876,False,False
C01,C,0.005,201,F_NOMINAL,220.0,10.12765803898004,10.09999310997622,-0.027664929003821115,False,False
C01,C,0.005,235,F_TRACKED,180.0,0.0,2.4243282567768936,2.4243282567768936,True,False
C01,C,0.005,235,F_TRACKED,200.0,0.0,2.479271071151127,2.479271071151127,True,False
C01,C,0.005,235,F_TRACKED,220.0,0.0,1.6216096790753154,1.6216096790753154,True,False
C01,C,0.005,235,F_NOMINAL,180.0,1.5398107435146755,2.143225073452777,0.6034143299381014,True,False
C01,C,0.005,235,F_NOMINAL,200.0,2.2290438289567294,1.8932416169728465,-0.3358022119838828,False,False
C01,C,0.005,235,F_NOMINAL,220.0,1.1931823855357886,1.520733725831906,0.32755134029611743,True,False
C01,C,0.005,283,F_TRACKED,180.0,0.0,2.5505485203914358,2.5505485203914358,True,False
C01,C,0.005,283,F_TRACKED,200.0,0.0,2.5150137053888164,2.5150137053888164,True,False
C01,C,0.005,283,F_TRACKED,220.0,0.0,1.3958888270746328,1.3958888270746328,True,False
C01,C,0.005,283,F_NOMINAL,180.0,2.397567079429786,2.592442058014188,0.19487497858440195,True,False
C01,C,0.005,283,F_NOMINAL,200.0,3.336448235380176,3.1684524431884316,-0.16799579219174454,False,False
C01,C,0.005,283,F_NOMINAL,220.0,0.7418450550812753,1.140387803282076,0.3985427482008007,True,False
C01,C,0.005,338,F_TRACKED,180.0,0.0,3.6484182851493903,3.6484182851493903,True,False
C01,C,0.005,338,F_TRACKED,200.0,0.0,5.547382879445881,5.547382879445881,True,False
C01,C,0.005,338,F_TRACKED,220.0,0.0,2.932768250257392,2.932768250257392,True,False
C01,C,0.005,338,F_NOMINAL,180.0,3.806419395032814,3.887613195761552,0.08119380072873783,True,False
C01,C,0.005,338,F_NOMINAL,200.0,5.789538483557983,6.016745063313401,0.2272065797554177,True,False
C01,C,0.005,338,F_NOMINAL,220.0,3.3019929932327394,3.182241175964883,-0.11975181726785644,False,False
C01,C,0.005,FOUR,F_TRACKED,180.0,0.0,3.6798679986090943,3.6798679986090943,True,False
C01,C,0.005,FOUR,F_TRACKED,200.0,0.0,4.741786484053906,4.741786484053906,True,False
C01,C,0.005,FOUR,F_TRACKED,220.0,0.0,5.6013552478126405,5.6013552478126405,True,False
C01,C,0.005,FOUR,F_NOMINAL,180.0,3.0963351806833006,3.642889935758649,0.5465547550753485,True,False
C01,C,0.005,FOUR,F_NOMINAL,200.0,4.363317158662441,4.643131230550521,0.2798140718880804,True,False
C01,C,0.005,FOUR,F_NOMINAL,220.0,5.5111982320345945,6.0911540117059415,0.579955779671347,True,False
C01,C,0.01,201,F_TRACKED,180.0,0.0,2.158681544370565,2.158681544370565,True,False
C01,C,0.01,201,F_TRACKED,200.0,0.0,2.5434985446106286,2.5434985446106286,True,False
C01,C,0.01,201,F_TRACKED,220.0,0.0,1.8016467103515132,1.8016467103515132,True,False
C01,C,0.01,201,F_NOMINAL,180.0,1.1275920749800707,1.812892175431246,0.6853001004511752,True,False
C01,C,0.01,201,F_NOMINAL,200.0,0.9741827270551288,2.426890850973338,1.452708123918209,True,False
C01,C,0.01,201,F_NOMINAL,220.0,2.3090186859434154,2.689585136318777,0.3805664503753614,True,False
C01,C,0.01,235,F_TRACKED,180.0,0.0,3.0697379194227112,3.0697379194227112,True,False
C01,C,0.01,235,F_TRACKED,200.0,0.0,2.120122288414891,2.120122288414891,True,False
C01,C,0.01,235,F_TRACKED,220.0,0.0,1.5818425380458607,1.5818425380458607,True,False
C01,C,0.01,235,F_NOMINAL,180.0,2.585757418231954,3.11233282635284,0.5265754081208858,True,False
C01,C,0.01,235,F_NOMINAL,200.0,1.4898053074217865,1.5087007287412513,0.018895421319464756,True,False
C01,C,0.01,235,F_NOMINAL,220.0,0.648122288675781,1.1956179007331889,0.5474956120574078,True,False
C01,C,0.01,283,F_TRACKED,180.0,0.0,2.349564694408547,2.349564694408547,True,False
C01,C,0.01,283,F_TRACKED,200.0,0.0,2.98311421457442,2.98311421457442,True,False
C01,C,0.01,283,F_TRACKED,220.0,0.0,1.762145104547573,1.762145104547573,True,False
C01,C,0.01,283,F_NOMINAL,180.0,2.100338226129023,2.215575308955834,0.11523708282681122,True,False
C01,C,0.01,283,F_NOMINAL,200.0,3.518993481954207,3.1622982012316583,-0.3566952807225485,False,False
C01,C,0.01,283,F_NOMINAL,220.0,1.4874638639832718,1.305083459122917,-0.18238040486035478,False,False
C01,C,0.01,338,F_TRACKED,180.0,0.0,3.088459339813629,3.088459339813629,True,False
C01,C,0.01,338,F_TRACKED,200.0,0.0,2.7129116759370384,2.7129116759370384,True,False
C01,C,0.01,338,F_TRACKED,220.0,0.0,4.245267876478349,4.245267876478349,True,False
C01,C,0.01,338,F_NOMINAL,180.0,3.160524336586125,3.0017246017154684,-0.15879973487065646,False,False
C01,C,0.01,338,F_NOMINAL,200.0,2.8857957275853656,2.66536454373159,-0.2204311838537758,False,False
C01,C,0.01,338,F_NOMINAL,220.0,3.8230792279181,3.4096727796710513,-0.41340644824704853,False,False
C01,C,0.01,FOUR,F_TRACKED,180.0,0.0,3.8156859184775795,3.8156859184775795,True,False
C01,C,0.01,FOUR,F_TRACKED,200.0,0.0,3.545552959508346,3.545552959508346,True,False
C01,C,0.01,FOUR,F_TRACKED,220.0,0.0,2.985188966072214,2.985188966072214,True,False
C01,C,0.01,FOUR,F_NOMINAL,180.0,2.796541720301985,3.3646840756091474,0.5681423553071623,True,False
C01,C,0.01,FOUR,F_NOMINAL,200.0,2.883719868651113,3.1756464775388635,0.29192660888775057,True,False
C01,C,0.01,FOUR,F_NOMINAL,220.0,2.4444759707295756,2.9050028339706997,0.46052686324112413,True,False
C01,C,0.02,201,F_TRACKED,180.0,0.0,1.2416252913628596,1.2416252913628596,True,False
C01,C,0.02,201,F_TRACKED,200.0,0.0,2.447141352122466,2.447141352122466,True,False
C01,C,0.02,201,F_TRACKED,220.0,0.0,2.529780348247955,2.529780348247955,True,False
C01,C,0.02,201,F_NOMINAL,180.0,1.3093728362969275,1.682267793982111,0.37289495768518344,True,False
C01,C,0.02,201,F_NOMINAL,200.0,1.4310247099068445,2.146823922094176,0.7157992121873316,True,False
C01,C,0.02,201,F_NOMINAL,220.0,1.5442384031737035,1.8026937191075554,0.25845531593385185,True,False
C01,C,0.02,235,F_TRACKED,180.0,0.0,1.977335448321016,1.977335448321016,True,False
C01,C,0.02,235,F_TRACKED,200.0,0.0,1.7932557107893297,1.7932557107893297,True,False
C01,C,0.02,235,F_TRACKED,220.0,0.0,2.233934669471523,2.233934669471523,True,False
C01,C,0.02,235,F_NOMINAL,180.0,1.7890277701148818,2.684884387804707,0.895856617689825,True,False
C01,C,0.02,235,F_NOMINAL,200.0,2.119823360094504,1.515796639159793,-0.6040267209347108,False,False
C01,C,0.02,235,F_NOMINAL,220.0,1.8700320639430754,1.7711557867430479,-0.09887627720002756,False,False
C01,C,0.02,283,F_TRACKED,180.0,0.0,1.6105334512494323,1.6105334512494323,True,False
C01,C,0.02,283,F_TRACKED,200.0,0.0,2.5918670974829343,2.5918670974829343,True,False
C01,C,0.02,283,F_TRACKED,220.0,0.0,1.246762182742398,1.246762182742398,True,False
C01,C,0.02,283,F_NOMINAL,180.0,1.1963093872832795,1.4691856568562829,0.27287626957300337,True,False
C01,C,0.02,283,F_NOMINAL,200.0,3.3476409359489336,3.169167704699558,-0.17847323124937553,False,False
C01,C,0.02,283,F_NOMINAL,220.0,1.3671334932591108,1.6297289754778013,0.26259548221869045,True,False
C01,C,0.02,338,F_TRACKED,180.0,0.0,3.725368763269363,3.725368763269363,True,False
C01,C,0.02,338,F_TRACKED,200.0,0.0,3.837683440069541,3.837683440069541,True,False
C01,C,0.02,338,F_TRACKED,220.0,0.0,3.6801362432994167,3.6801362432994167,True,False
C01,C,0.02,338,F_NOMINAL,180.0,3.613883723975924,3.9586758094776706,0.34479208550174656,True,False
C01,C,0.02,338,F_NOMINAL,200.0,3.3197278637821523,4.178612918909088,0.8588850551269354,True,False
C01,C,0.02,338,F_NOMINAL,220.0,4.48531161119318,3.935547444098296,-0.5497641670948838,False,False
C01,C,0.02,FOUR,F_TRACKED,180.0,0.0,2.966515651568649,2.966515651568649,True,False
C01,C,0.02,FOUR,F_TRACKED,200.0,0.0,4.0400001789383895,4.0400001789383895,True,False
C01,C,0.02,FOUR,F_TRACKED,220.0,0.0,3.234397331292876,3.234397331292876,True,False
C01,C,0.02,FOUR,F_NOMINAL,180.0,2.294542347836296,2.971747944020525,0.6772055961842289,True,False
C01,C,0.02,FOUR,F_NOMINAL,200.0,3.335900882364508,3.9022724916360536,0.5663716092715454,True,False
C01,C,0.02,FOUR,F_NOMINAL,220.0,3.1934055512246076,2.7739276269577093,-0.41947792426689823,False,False
C02,C,0.0,201,F_TRACKED,180.0,0.0,3.4712903246339484,3.4712903246339484,True,False
C02,C,0.0,201,F_TRACKED,200.0,0.0,5.90062352300646,5.90062352300646,True,False
C02,C,0.0,201,F_TRACKED,220.0,0.0,2.7238108015952167,2.7238108015952167,True,False
C02,C,0.0,201,F_NOMINAL,180.0,0.0,3.4712903246339484,3.4712903246339484,True,False
C02,C,0.0,201,F_NOMINAL,200.0,0.0,5.90062352300646,5.90062352300646,True,False
C02,C,0.0,201,F_NOMINAL,220.0,0.0,2.7238108015952167,2.7238108015952167,True,False
C02,C,0.0,235,F_TRACKED,180.0,0.0,1.49382495321162,1.49382495321162,True,False
C02,C,0.0,235,F_TRACKED,200.0,0.0,1.3879219907223923,1.3879219907223923,True,False
C02,C,0.0,235,F_TRACKED,220.0,0.0,1.100223496846649,1.100223496846649,True,False
C02,C,0.0,235,F_NOMINAL,180.0,0.0,1.49382495321162,1.49382495321162,True,False
C02,C,0.0,235,F_NOMINAL,200.0,0.0,1.3879219907223923,1.3879219907223923,True,False
C02,C,0.0,235,F_NOMINAL,220.0,0.0,1.100223496846649,1.100223496846649,True,False
C02,C,0.0,283,F_TRACKED,180.0,0.0,1.5082066891494736,1.5082066891494736,True,False
C02,C,0.0,283,F_TRACKED,200.0,0.0,1.8168921443739037,1.8168921443739037,True,False
C02,C,0.0,283,F_TRACKED,220.0,0.0,1.5082996971154836,1.5082996971154836,True,False
C02,C,0.0,283,F_NOMINAL,180.0,0.0,1.5082066891494736,1.5082066891494736,True,False
C02,C,0.0,283,F_NOMINAL,200.0,0.0,1.8168921443739037,1.8168921443739037,True,False
C02,C,0.0,283,F_NOMINAL,220.0,0.0,1.5082996971154836,1.5082996971154836,True,False
C02,C,0.0,338,F_TRACKED,180.0,0.0,7.657316863671291,7.657316863671291,True,False
C02,C,0.0,338,F_TRACKED,200.0,0.0,4.22164616200524,4.22164616200524,True,False
C02,C,0.0,338,F_TRACKED,220.0,0.0,6.181779227991873,6.181779227991873,True,False
C02,C,0.0,338,F_NOMINAL,180.0,0.0,7.657316863671291,7.657316863671291,True,False
C02,C,0.0,338,F_NOMINAL,200.0,0.0,4.22164616200524,4.22164616200524,True,False
C02,C,0.0,338,F_NOMINAL,220.0,0.0,6.181779227991873,6.181779227991873,True,False
C02,C,0.0,FOUR,F_TRACKED,180.0,0.0,4.802713350268507,4.802713350268507,True,False
C02,C,0.0,FOUR,F_TRACKED,200.0,0.0,5.23272650555855,5.23272650555855,True,False
C02,C,0.0,FOUR,F_TRACKED,220.0,0.0,4.300889532317985,4.300889532317985,True,False
C02,C,0.0,FOUR,F_NOMINAL,180.0,0.0,4.802713350268507,4.802713350268507,True,False
C02,C,0.0,FOUR,F_NOMINAL,200.0,0.0,5.23272650555855,5.23272650555855,True,False
C02,C,0.0,FOUR,F_NOMINAL,220.0,0.0,4.300889532317985,4.300889532317985,True,False
C02,C,0.0025,201,F_TRACKED,180.0,0.0,3.942870451294877,3.942870451294877,True,False
C02,C,0.0025,201,F_TRACKED,200.0,0.0,4.153166340628748,4.153166340628748,True,False
C02,C,0.0025,201,F_TRACKED,220.0,0.0,8.274399915462768,8.274399915462768,True,False
C02,C,0.0025,201,F_NOMINAL,180.0,3.4234016289719005,3.2914628952774785,-0.131938733694422,False,False
C02,C,0.0025,201,F_NOMINAL,200.0,3.5838572537233766,4.400085640933453,0.8162283872100762,True,False
C02,C,0.0025,201,F_NOMINAL,220.0,8.899732065158688,7.760307072933889,-1.1394249922247983,False,False
C02,C,0.0025,235,F_TRACKED,180.0,0.0,2.2823409728301836,2.2823409728301836,True,False
C02,C,0.0025,235,F_TRACKED,200.0,0.0,3.386413067827991,3.386413067827991,True,False
C02,C,0.0025,235,F_TRACKED,220.0,0.0,2.670832916666569,2.670832916666569,True,False
C02,C,0.0025,235,F_NOMINAL,180.0,2.248440315777112,1.9268953622092202,-0.3215449535678918,False,False
C02,C,0.0025,235,F_NOMINAL,200.0,3.3740226594137246,2.8094179357233737,-0.5646047236903509,False,False
C02,C,0.0025,235,F_NOMINAL,220.0,2.9927879103181283,2.2316262763721664,-0.7611616339459619,False,False
C02,C,0.0025,283,F_TRACKED,180.0,0.0,4.724820152598293,4.724820152598293,True,False
C02,C,0.0025,283,F_TRACKED,200.0,0.0,2.724069005651118,2.724069005651118,True,False
C02,C,0.0025,283,F_TRACKED,220.0,0.0,1.1819884387756954,1.1819884387756954,True,False
C02,C,0.0025,283,F_NOMINAL,180.0,5.578367921831459,4.893598742245729,-0.6847691795857305,False,False
C02,C,0.0025,283,F_NOMINAL,200.0,3.1408643909857887,2.817986600569181,-0.3228777904166078,False,False
C02,C,0.0025,283,F_NOMINAL,220.0,1.1755320469551624,1.6750418672381107,0.4995098202829482,True,False
C02,C,0.0025,338,F_TRACKED,180.0,0.0,4.903120424048163,4.903120424048163,True,False
C02,C,0.0025,338,F_TRACKED,200.0,0.0,5.6478508090479504,5.6478508090479504,True,False
C02,C,0.0025,338,F_TRACKED,220.0,0.0,5.011557824129146,5.011557824129146,True,False
C02,C,0.0025,338,F_NOMINAL,180.0,3.2833227742185485,5.136486930348197,1.8531641561296488,True,False
C02,C,0.0025,338,F_NOMINAL,200.0,5.548329756881843,5.1314247946716,-0.41690496221024365,False,False
C02,C,0.0025,338,F_NOMINAL,220.0,3.440125773801988,3.3897891431800935,-0.05033663062189442,False,False
C02,C,0.0025,FOUR,F_TRACKED,180.0,0.0,4.524294557503414,4.524294557503414,True,False
C02,C,0.0025,FOUR,F_TRACKED,200.0,0.0,4.68188634663958,4.68188634663958,True,False
C02,C,0.0025,FOUR,F_TRACKED,220.0,0.0,5.720058877201366,5.720058877201366,True,False
C02,C,0.0025,FOUR,F_NOMINAL,180.0,3.9492049274991814,4.519587053953854,0.5703821264546729,True,False
C02,C,0.0025,FOUR,F_NOMINAL,200.0,4.330975880213549,4.64574507725089,0.3147691970373412,True,False
C02,C,0.0025,FOUR,F_NOMINAL,220.0,5.1043046084673165,5.183819392223524,0.07951478375620713,True,False
C02,C,0.005,201,F_TRACKED,180.0,0.0,3.264729370733575,3.264729370733575,True,False
C02,C,0.005,201,F_TRACKED,200.0,0.0,4.267160521928683,4.267160521928683,True,False
C02,C,0.005,201,F_TRACKED,220.0,0.0,8.306277901669866,8.306277901669866,True,False
C02,C,0.005,201,F_NOMINAL,180.0,2.6876212145294907,3.3344813430305758,0.6468601285010851,True,False
C02,C,0.005,201,F_NOMINAL,200.0,4.082667937275921,4.378912332286211,0.29624439501029,True,False
C02,C,0.005,201,F_NOMINAL,220.0,11.085690753683533,9.420322440703357,-1.665368312980176,False,False
C02,C,0.005,235,F_TRACKED,180.0,0.0,2.762797658161486,2.762797658161486,True,False
C02,C,0.005,235,F_TRACKED,200.0,0.0,2.0590007413822677,2.0590007413822677,True,False
C02,C,0.005,235,F_TRACKED,220.0,0.0,0.9441271623280181,0.9441271623280181,True,False
C02,C,0.005,235,F_NOMINAL,180.0,2.84385200024359,2.982259813531376,0.13840781328778595,True,False
C02,C,0.005,235,F_NOMINAL,200.0,2.2227311393582023,1.8960574941730592,-0.3266736451851431,False,False
C02,C,0.005,235,F_NOMINAL,220.0,0.8024419116633782,0.946257001723554,0.1438150900601758,True,False
C02,C,0.005,283,F_TRACKED,180.0,0.0,2.0193713472399066,2.0193713472399066,True,False
C02,C,0.005,283,F_TRACKED,200.0,0.0,3.431247581247761,3.431247581247761,True,False
C02,C,0.005,283,F_TRACKED,220.0,0.0,1.4867719899212184,1.4867719899212184,True,False
C02,C,0.005,283,F_NOMINAL,180.0,2.7751966319748376,2.644831107852154,-0.13036552412268376,False,False
C02,C,0.005,283,F_NOMINAL,200.0,3.5536499698174446,3.290518863309143,-0.26313110650830174,False,False
C02,C,0.005,283,F_NOMINAL,220.0,0.5566387145850848,1.6309491426209966,1.0743104280359117,True,False
C02,C,0.005,338,F_TRACKED,180.0,0.0,4.476189242390034,4.476189242390034,True,False
C02,C,0.005,338,F_TRACKED,200.0,0.0,5.977077334966617,5.977077334966617,True,False
C02,C,0.005,338,F_TRACKED,220.0,0.0,3.706329182757516,3.706329182757516,True,False
C02,C,0.005,338,F_NOMINAL,180.0,3.9751889181292936,4.949116043654131,0.9739271255248374,True,False
C02,C,0.005,338,F_NOMINAL,200.0,7.113575399890512,6.22462302066801,-0.888952379222502,False,False
C02,C,0.005,338,F_NOMINAL,220.0,3.390114815773919,5.228708986935129,1.8385941711612102,True,False
C02,C,0.005,FOUR,F_TRACKED,180.0,0.0,4.015089981210847,4.015089981210847,True,False
C02,C,0.005,FOUR,F_TRACKED,200.0,0.0,4.870306438585866,4.870306438585866,True,False
C02,C,0.005,FOUR,F_TRACKED,220.0,0.0,5.968757039606271,5.968757039606271,True,False
C02,C,0.005,FOUR,F_NOMINAL,180.0,3.390880722804119,4.191476359661731,0.8005956368576124,True,False
C02,C,0.005,FOUR,F_NOMINAL,200.0,4.651569194178366,4.611490128815943,-0.04007906536242345,False,False
C02,C,0.005,FOUR,F_NOMINAL,220.0,5.837242426869688,5.9700206380350656,0.1327782111653777,True,False
C02,C,0.01,201,F_TRACKED,180.0,0.0,4.43287972908182,4.43287972908182,True,False
C02,C,0.01,201,F_TRACKED,200.0,0.0,5.111461605306268,5.111461605306268,True,False
C02,C,0.01,201,F_TRACKED,220.0,0.0,3.2388951973235796,3.2388951973235796,True,False
C02,C,0.01,201,F_NOMINAL,180.0,1.0294054425823063,4.15189364576234,3.1224882031800334,True,False
C02,C,0.01,201,F_NOMINAL,200.0,1.2079787194473492,4.821694793973558,3.6137160745262085,True,False
C02,C,0.01,201,F_NOMINAL,220.0,2.355289698513693,3.6600148480467127,1.3047251495330197,True,False
C02,C,0.01,235,F_TRACKED,180.0,0.0,3.6740902973634815,3.6740902973634815,True,False
C02,C,0.01,235,F_TRACKED,200.0,0.0,1.3407487917214211,1.3407487917214211,True,False
C02,C,0.01,235,F_TRACKED,220.0,0.0,1.0356299743363755,1.0356299743363755,True,False
C02,C,0.01,235,F_NOMINAL,180.0,3.777007844441463,3.5316503413334237,-0.2453575031080395,False,False
C02,C,0.01,235,F_NOMINAL,200.0,1.6434886476722583,1.802554390254583,0.15906574258232475,True,False
C02,C,0.01,235,F_NOMINAL,220.0,0.6743677787857185,1.1149195156505982,0.4405517368648797,True,False
C02,C,0.01,283,F_TRACKED,180.0,0.0,2.2600872330874076,2.2600872330874076,True,False
C02,C,0.01,283,F_TRACKED,200.0,0.0,2.9458580590638714,2.9458580590638714,True,False
C02,C,0.01,283,F_TRACKED,220.0,0.0,1.60311347603506,1.60311347603506,True,False
C02,C,0.01,283,F_NOMINAL,180.0,2.722019968706291,2.6993058361201627,-0.02271413258612842,False,False
C02,C,0.01,283,F_NOMINAL,200.0,3.5153152363523197,3.265677268740767,-0.24963796761155255,False,False
C02,C,0.01,283,F_NOMINAL,220.0,1.4218851923850357,1.0263727029976335,-0.39551248938740224,False,False
C02,C,0.01,338,F_TRACKED,180.0,0.0,5.10349440444471,5.10349440444471,True,False
C02,C,0.01,338,F_TRACKED,200.0,0.0,3.7642220205918613,3.7642220205918613,True,False
C02,C,0.01,338,F_TRACKED,220.0,0.0,5.379664706533331,5.379664706533331,True,False
C02,C,0.01,338,F_NOMINAL,180.0,3.460582324634586,4.975291733037558,1.5147094084029722,True,False
C02,C,0.01,338,F_NOMINAL,200.0,3.235532489629427,3.8330876748783997,0.5975551852489729,True,False
C02,C,0.01,338,F_NOMINAL,220.0,4.881504534571855,4.641419428338967,-0.24008510623288792,False,False
C02,C,0.01,FOUR,F_TRACKED,180.0,0.0,5.113979158288397,5.113979158288397,True,False
C02,C,0.01,FOUR,F_TRACKED,200.0,0.0,4.232514130946749,4.232514130946749,True,False
C02,C,0.01,FOUR,F_TRACKED,220.0,0.0,4.226247029348535,4.226247029348535,True,False
C02,C,0.01,FOUR,F_NOMINAL,180.0,3.3246030879160386,4.3677004039193115,1.0430973160032728,True,False
C02,C,0.01,FOUR,F_NOMINAL,200.0,3.0711372380831388,4.10133948370102,1.0302022456178812,True,False
C02,C,0.01,FOUR,F_NOMINAL,220.0,2.928720876056208,4.022891786088324,1.094170910032116,True,False
C02,C,0.02,201,F_TRACKED,180.0,0.0,3.761328917558744,3.761328917558744,True,False
C02,C,0.02,201,F_TRACKED,200.0,0.0,3.6017534683593126,3.6017534683593126,True,False
C02,C,0.02,201,F_TRACKED,220.0,0.0,1.8929336489417377,1.8929336489417377,True,False
C02,C,0.02,201,F_NOMINAL,180.0,1.7461438226888588,3.7496437885680116,2.003499965879153,True,False
C02,C,0.02,201,F_NOMINAL,200.0,1.481808929482945,4.246719975718379,2.764911046235434,True,False
C02,C,0.02,201,F_NOMINAL,220.0,1.4999580112503976,1.9351340437163318,0.43517603246593417,True,False
C02,C,0.02,235,F_TRACKED,180.0,0.0,2.0458796495875022,2.0458796495875022,True,False
C02,C,0.02,235,F_TRACKED,200.0,0.0,1.832321022515057,1.832321022515057,True,False
C02,C,0.02,235,F_TRACKED,220.0,0.0,1.9708357950013424,1.9708357950013424,True,False
C02,C,0.02,235,F_NOMINAL,180.0,2.1523550073479174,2.6521547036447735,0.49979969629685606,True,False
C02,C,0.02,235,F_NOMINAL,200.0,2.2254474696249558,1.635530795819321,-0.5899166738056347,False,False
C02,C,0.02,235,F_NOMINAL,220.0,2.0386153928912836,1.8025026580180126,-0.236112734873271,False,False
C02,C,0.02,283,F_TRACKED,180.0,0.0,1.8983017807032794,1.8983017807032794,True,False
C02,C,0.02,283,F_TRACKED,200.0,0.0,3.2470924605393914,3.2470924605393914,True,False
C02,C,0.02,283,F_TRACKED,220.0,0.0,1.9126363158720066,1.9126363158720066,True,False
C02,C,0.02,283,F_NOMINAL,180.0,1.046130404509806,2.0382663039283964,0.9921358994185903,True,False
C02,C,0.02,283,F_NOMINAL,200.0,3.363623515254923,3.0393174651152868,-0.3243060501396364,False,False
C02,C,0.02,283,F_NOMINAL,220.0,1.563163793822956,1.40167843386199,-0.1614853599609658,False,False
C02,C,0.02,338,F_TRACKED,180.0,0.0,3.987108684069294,3.987108684069294,True,False
C02,C,0.02,338,F_TRACKED,200.0,0.0,3.5242577470324945,3.5242577470324945,True,False
C02,C,0.02,338,F_TRACKED,220.0,0.0,5.16923884710648,5.16923884710648,True,False
C02,C,0.02,338,F_NOMINAL,180.0,4.079956052025925,4.3316957872794495,0.25173973525352444,True,False
C02,C,0.02,338,F_NOMINAL,200.0,3.613414317351486,4.257160337432988,0.643746020081502,True,False
C02,C,0.02,338,F_NOMINAL,220.0,5.7561882959526205,4.997649289985074,-0.7585390059675463,False,False
C02,C,0.02,FOUR,F_TRACKED,180.0,0.0,3.8954386077847576,3.8954386077847576,True,False
C02,C,0.02,FOUR,F_TRACKED,200.0,0.0,4.212954012913777,4.212954012913777,True,False
C02,C,0.02,FOUR,F_TRACKED,220.0,0.0,4.158827040852483,4.158827040852483,True,False
C02,C,0.02,FOUR,F_NOMINAL,180.0,2.7150919589299227,3.717064520503129,1.0019725615732065,True,False
C02,C,0.02,FOUR,F_NOMINAL,200.0,3.1453593080312148,4.05551415517276,0.9101548471415448,True,False
C02,C,0.02,FOUR,F_NOMINAL,220.0,3.628254884283225,3.458970156997316,-0.16928472728590904,False,False
C03,C,0.0,201,F_TRACKED,180.0,0.0,3.8529949831406594,3.8529949831406594,True,False
C03,C,0.0,201,F_TRACKED,200.0,0.0,6.2522473113273405,6.2522473113273405,True,False
C03,C,0.0,201,F_TRACKED,220.0,0.0,3.0514357282973132,3.0514357282973132,True,False
C03,C,0.0,201,F_NOMINAL,180.0,0.0,3.8529949831406594,3.8529949831406594,True,False
C03,C,0.0,201,F_NOMINAL,200.0,0.0,6.2522473113273405,6.2522473113273405,True,False
C03,C,0.0,201,F_NOMINAL,220.0,0.0,3.0514357282973132,3.0514357282973132,True,False
C03,C,0.0,235,F_TRACKED,180.0,0.0,2.116630236907849,2.116630236907849,True,False
C03,C,0.0,235,F_TRACKED,200.0,0.0,1.8324353456487192,1.8324353456487192,True,False
C03,C,0.0,235,F_TRACKED,220.0,0.0,1.1707561069138726,1.1707561069138726,True,False
C03,C,0.0,235,F_NOMINAL,180.0,0.0,2.116630236907849,2.116630236907849,True,False
C03,C,0.0,235,F_NOMINAL,200.0,0.0,1.8324353456487192,1.8324353456487192,True,False
C03,C,0.0,235,F_NOMINAL,220.0,0.0,1.1707561069138726,1.1707561069138726,True,False
C03,C,0.0,283,F_TRACKED,180.0,0.0,1.4889742601446394,1.4889742601446394,True,False
C03,C,0.0,283,F_TRACKED,200.0,0.0,1.659246730275229,1.659246730275229,True,False
C03,C,0.0,283,F_TRACKED,220.0,0.0,1.4326231903328208,1.4326231903328208,True,False
C03,C,0.0,283,F_NOMINAL,180.0,0.0,1.4889742601446394,1.4889742601446394,True,False
C03,C,0.0,283,F_NOMINAL,200.0,0.0,1.659246730275229,1.659246730275229,True,False
C03,C,0.0,283,F_NOMINAL,220.0,0.0,1.4326231903328208,1.4326231903328208,True,False
C03,C,0.0,338,F_TRACKED,180.0,0.0,7.906418583659319,7.906418583659319,True,False
C03,C,0.0,338,F_TRACKED,200.0,0.0,4.6150091162237,4.6150091162237,True,False
C03,C,0.0,338,F_TRACKED,220.0,0.0,6.40169109712036,6.40169109712036,True,False
C03,C,0.0,338,F_NOMINAL,180.0,0.0,7.906418583659319,7.906418583659319,True,False
C03,C,0.0,338,F_NOMINAL,200.0,0.0,4.6150091162237,4.6150091162237,True,False
C03,C,0.0,338,F_NOMINAL,220.0,0.0,6.40169109712036,6.40169109712036,True,False
C03,C,0.0,FOUR,F_TRACKED,180.0,0.0,4.969189373246599,4.969189373246599,True,False
C03,C,0.0,FOUR,F_TRACKED,200.0,0.0,5.303364791739795,5.303364791739795,True,False
C03,C,0.0,FOUR,F_TRACKED,220.0,0.0,4.334531395314179,4.334531395314179,True,False
C03,C,0.0,FOUR,F_NOMINAL,180.0,0.0,4.969189373246599,4.969189373246599,True,False
C03,C,0.0,FOUR,F_NOMINAL,200.0,0.0,5.303364791739795,5.303364791739795,True,False
C03,C,0.0,FOUR,F_NOMINAL,220.0,0.0,4.334531395314179,4.334531395314179,True,False
C03,C,0.0025,201,F_TRACKED,180.0,0.0,3.487486747174164,3.487486747174164,True,False
C03,C,0.0025,201,F_TRACKED,200.0,0.0,4.393708468862903,4.393708468862903,True,False
C03,C,0.0025,201,F_TRACKED,220.0,0.0,7.982789984837367,7.982789984837367,True,False
C03,C,0.0025,201,F_NOMINAL,180.0,3.350642975723276,4.330758144125668,0.9801151684023921,True,False
C03,C,0.0025,201,F_NOMINAL,200.0,3.499560527189726,4.196678415461444,0.6971178882717184,True,False
C03,C,0.0025,201,F_NOMINAL,220.0,8.655844643201272,7.0295547071624345,-1.6262899360388374,False,False
C03,C,0.0025,235,F_TRACKED,180.0,0.0,2.330848725590862,2.330848725590862,True,False
C03,C,0.0025,235,F_TRACKED,200.0,0.0,3.282053145531812,3.282053145531812,True,False
C03,C,0.0025,235,F_TRACKED,220.0,0.0,2.5938918418012205,2.5938918418012205,True,False
C03,C,0.0025,235,F_NOMINAL,180.0,2.0353018253451087,2.476403957478961,0.4411021321338522,True,False
C03,C,0.0025,235,F_NOMINAL,200.0,3.3451845363883232,3.3113865206557884,-0.033798015732534825,False,False
C03,C,0.0025,235,F_NOMINAL,220.0,2.8157063311379154,2.8901914768870727,0.07448514574915732,True,False
C03,C,0.0025,283,F_TRACKED,180.0,0.0,5.016750485029632,5.016750485029632,True,False
C03,C,0.0025,283,F_TRACKED,200.0,0.0,3.3178703899911333,3.3178703899911333,True,False
C03,C,0.0025,283,F_TRACKED,220.0,0.0,2.071025444108809,2.071025444108809,True,False
C03,C,0.0025,283,F_NOMINAL,180.0,5.377729140078004,5.03388357616591,-0.34384556391209387,False,False
C03,C,0.0025,283,F_NOMINAL,200.0,3.0608889600250335,3.1201699422130735,0.05928098218804001,True,False
C03,C,0.0025,283,F_NOMINAL,220.0,1.037698025046353,1.8426388250014436,0.8049407999550906,True,False
C03,C,0.0025,338,F_TRACKED,180.0,0.0,4.619991077880338,4.619991077880338,True,False
C03,C,0.0025,338,F_TRACKED,200.0,0.0,4.960280710259252,4.960280710259252,True,False
C03,C,0.0025,338,F_TRACKED,220.0,0.0,4.5297465207600185,4.5297465207600185,True,False
C03,C,0.0025,338,F_NOMINAL,180.0,3.2285192404931684,3.9801977590429707,0.7516785185498023,True,False
C03,C,0.0025,338,F_NOMINAL,200.0,5.373170722144357,4.032190420663677,-1.3409803014806796,False,False
C03,C,0.0025,338,F_NOMINAL,220.0,3.398065712966655,4.87226704679505,1.4742013338283955,True,False
C03,C,0.0025,FOUR,F_TRACKED,180.0,0.0,4.78131949202996,4.78131949202996,True,False
C03,C,0.0025,FOUR,F_TRACKED,200.0,0.0,4.891384250493193,4.891384250493193,True,False
C03,C,0.0025,FOUR,F_TRACKED,220.0,0.0,5.747478175885252,5.747478175885252,True,False
C03,C,0.0025,FOUR,F_NOMINAL,180.0,3.8015087974740878,4.527166236544561,0.7256574390704733,True,False
C03,C,0.0025,FOUR,F_NOMINAL,200.0,4.284262344222711,4.1942824155511165,-0.08997992867159432,False,False
C03,C,0.0025,FOUR,F_NOMINAL,220.0,4.988455777730141,5.354565352996077,0.366109575265936,True,False
C03,C,0.005,201,F_TRACKED,180.0,0.0,3.4017270937624464,3.4017270937624464,True,False
C03,C,0.005,201,F_TRACKED,200.0,0.0,4.59392674627102,4.59392674627102,True,False
C03,C,0.005,201,F_TRACKED,220.0,0.0,10.346064703444913,10.346064703444913,True,False
C03,C,0.005,201,F_NOMINAL,180.0,2.7020444741772964,4.069089848319383,1.3670453741420863,True,False
C03,C,0.005,201,F_NOMINAL,200.0,4.005971237114244,4.882012126876466,0.8760408897622218,True,False
C03,C,0.005,201,F_NOMINAL,220.0,10.845577254581023,10.294775487554517,-0.5508017670265062,False,False
C03,C,0.005,235,F_TRACKED,180.0,0.0,2.6701647928623498,2.6701647928623498,True,False
C03,C,0.005,235,F_TRACKED,200.0,0.0,2.5229865926917743,2.5229865926917743,True,False
C03,C,0.005,235,F_TRACKED,220.0,0.0,1.322719262752398,1.322719262752398,True,False
C03,C,0.005,235,F_NOMINAL,180.0,2.5710806344141783,2.673717986435866,0.10263735202168744,True,False
C03,C,0.005,235,F_NOMINAL,200.0,2.2379484930420817,2.4446115521220344,0.20666305907995275,True,False
C03,C,0.005,235,F_NOMINAL,220.0,0.8693821167919841,1.3597613625034912,0.49037924571150715,True,False
C03,C,0.005,283,F_TRACKED,180.0,0.0,2.760875830054793,2.760875830054793,True,False
C03,C,0.005,283,F_TRACKED,200.0,0.0,3.3857440706560595,3.3857440706560595,True,False
C03,C,0.005,283,F_TRACKED,220.0,0.0,1.5916865950719177,1.5916865950719177,True,False
C03,C,0.005,283,F_NOMINAL,180.0,2.6955316518308856,2.526024526809865,-0.1695071250210205,False,False
C03,C,0.005,283,F_NOMINAL,200.0,3.4842503650520054,3.392341358891934,-0.09190900616007136,False,False
C03,C,0.005,283,F_NOMINAL,220.0,0.5536578133725005,1.603486646130193,1.0498288327576926,True,False
C03,C,0.005,338,F_TRACKED,180.0,0.0,4.500036874148193,4.500036874148193,True,False
C03,C,0.005,338,F_TRACKED,200.0,0.0,6.483819631336866,6.483819631336866,True,False
C03,C,0.005,338,F_TRACKED,220.0,0.0,4.180938440220943,4.180938440220943,True,False
C03,C,0.005,338,F_NOMINAL,180.0,3.9641688309085774,4.902600417586852,0.9384315866782744,True,False
C03,C,0.005,338,F_NOMINAL,200.0,6.889465714296922,5.911046576663201,-0.9784191376337201,False,False
C03,C,0.005,338,F_NOMINAL,220.0,3.3381240230919054,5.005393911555432,1.6672698884635264,True,False
C03,C,0.005,FOUR,F_TRACKED,180.0,0.0,4.3937020039400485,4.3937020039400485,True,False
C03,C,0.005,FOUR,F_TRACKED,200.0,0.0,5.064842904462183,5.064842904462183,True,False
C03,C,0.005,FOUR,F_TRACKED,220.0,0.0,6.355331041654665,6.355331041654665,True,False
C03,C,0.005,FOUR,F_NOMINAL,180.0,3.315278647559585,4.079503248249774,0.7642246006901896,True,False
C03,C,0.005,FOUR,F_NOMINAL,200.0,4.576242835189831,4.587730456390592,0.011487621200760856,True,False
C03,C,0.005,FOUR,F_NOMINAL,220.0,5.736026281921155,6.493411236379269,0.7573849544581144,True,False
C03,C,0.01,201,F_TRACKED,180.0,0.0,4.005938603006831,4.005938603006831,True,False
C03,C,0.01,201,F_TRACKED,200.0,0.0,4.695793953051071,4.695793953051071,True,False
C03,C,0.01,201,F_TRACKED,220.0,0.0,3.8385962047771978,3.8385962047771978,True,False
C03,C,0.01,201,F_NOMINAL,180.0,1.0459102400771414,4.33773326796115,3.291823027884009,True,False
C03,C,0.01,201,F_NOMINAL,200.0,1.1726571978367644,5.112035065688806,3.9393778678520417,True,False
C03,C,0.01,201,F_NOMINAL,220.0,2.352965714431732,3.907890741215943,1.5549250267842107,True,False
C03,C,0.01,235,F_TRACKED,180.0,0.0,3.4794677513930288,3.4794677513930288,True,False
C03,C,0.01,235,F_TRACKED,200.0,0.0,1.569094870178102,1.569094870178102,True,False
C03,C,0.01,235,F_TRACKED,220.0,0.0,1.2277262879738817,1.2277262879738817,True,False
C03,C,0.01,235,F_NOMINAL,180.0,3.5397358303445365,3.5640378601478946,0.02430202980335805,True,False
C03,C,0.01,235,F_NOMINAL,200.0,1.590279008739179,1.8083420552220622,0.21806304648288322,True,False
C03,C,0.01,235,F_NOMINAL,220.0,0.6523517631372999,1.2333186830803007,0.5809669199430008,True,False
C03,C,0.01,283,F_TRACKED,180.0,0.0,2.8053395940691153,2.8053395940691153,True,False
C03,C,0.01,283,F_TRACKED,200.0,0.0,3.4893659058143114,3.4893659058143114,True,False
C03,C,0.01,283,F_TRACKED,220.0,0.0,1.855205699558985,1.855205699558985,True,False
C03,C,0.01,283,F_NOMINAL,180.0,2.562723888328789,2.762802564322474,0.200078675993685,True,False
C03,C,0.01,283,F_NOMINAL,200.0,3.4980072165180003,3.335855004872292,-0.16215221164570837,False,False
C03,C,0.01,283,F_NOMINAL,220.0,1.392860573156341,1.9145415930886323,0.5216810199322912,True,False
C03,C,0.01,338,F_TRACKED,180.0,0.0,5.34123776116321,5.34123776116321,True,False
C03,C,0.01,338,F_TRACKED,200.0,0.0,4.551800194534181,4.551800194534181,True,False
C03,C,0.01,338,F_TRACKED,220.0,0.0,5.316340800379633,5.316340800379633,True,False
C03,C,0.01,338,F_NOMINAL,180.0,3.3792498475621198,4.349019165119384,0.9697693175572644,True,False
C03,C,0.01,338,F_NOMINAL,200.0,3.15714590966484,2.9773340681338607,-0.1798118415309795,False,False
C03,C,0.01,338,F_NOMINAL,220.0,4.7255457795363975,4.527108735007026,-0.1984370445293715,False,False
C03,C,0.01,FOUR,F_TRACKED,180.0,0.0,5.108268545928435,5.108268545928435,True,False
C03,C,0.01,FOUR,F_TRACKED,200.0,0.0,4.517079809603479,4.517079809603479,True,False
C03,C,0.01,FOUR,F_TRACKED,220.0,0.0,4.369861445687499,4.369861445687499,True,False
C03,C,0.01,FOUR,F_NOMINAL,180.0,3.2188732430383076,4.404420032341257,1.1855467893029492,True,False
C03,C,0.01,FOUR,F_NOMINAL,200.0,3.013000864035351,4.211380433714934,1.1983795696795831,True,False
C03,C,0.01,FOUR,F_NOMINAL,220.0,2.825227560399989,3.996169043359897,1.170941482959908,True,False
C03,C,0.02,201,F_TRACKED,180.0,0.0,3.769730754250766,3.769730754250766,True,False
C03,C,0.02,201,F_TRACKED,200.0,0.0,4.003304119726873,4.003304119726873,True,False
C03,C,0.02,201,F_TRACKED,220.0,0.0,2.4146055230024506,2.4146055230024506,True,False
C03,C,0.02,201,F_NOMINAL,180.0,1.659292914571013,3.533803128170004,1.8745102135989913,True,False
C03,C,0.02,201,F_NOMINAL,200.0,1.458307918917017,4.835017296066916,3.3767093771498997,True,False
C03,C,0.02,201,F_NOMINAL,220.0,1.4941855827932833,1.7586620471936574,0.2644764644003741,True,False
C03,C,0.02,235,F_TRACKED,180.0,0.0,2.6713619941042896,2.6713619941042896,True,False
C03,C,0.02,235,F_TRACKED,200.0,0.0,2.6360332843826604,2.6360332843826604,True,False
C03,C,0.02,235,F_TRACKED,220.0,0.0,2.406393091886751,2.406393091886751,True,False
C03,C,0.02,235,F_NOMINAL,180.0,2.055224480669943,2.186219745418905,0.13099526474896228,True,False
C03,C,0.02,235,F_NOMINAL,200.0,2.211296608602172,2.4119096940566567,0.20061308545448453,True,False
C03,C,0.02,235,F_NOMINAL,220.0,2.0439721872324634,2.248691063353088,0.20471887612062467,True,False
C03,C,0.02,283,F_TRACKED,180.0,0.0,2.17145227936539,2.17145227936539,True,False
C03,C,0.02,283,F_TRACKED,200.0,0.0,3.2756861004926776,3.2756861004926776,True,False
C03,C,0.02,283,F_TRACKED,220.0,0.0,3.0728589283598224,3.0728589283598224,True,False
C03,C,0.02,283,F_NOMINAL,180.0,1.0954255366657393,1.5029555822635388,0.4075300455977995,True,False
C03,C,0.02,283,F_NOMINAL,200.0,3.3538290492489184,3.0178464103501295,-0.335982638898789,False,False
C03,C,0.02,283,F_NOMINAL,220.0,1.5078817891525524,2.275752985340837,0.7678711961882847,True,False
C03,C,0.02,338,F_TRACKED,180.0,0.0,4.0531219395251785,4.0531219395251785,True,False
C03,C,0.02,338,F_TRACKED,200.0,0.0,3.7693678592815925,3.7693678592815925,True,False
C03,C,0.02,338,F_TRACKED,220.0,0.0,5.325814470947041,5.325814470947041,True,False
C03,C,0.02,338,F_NOMINAL,180.0,4.006101375485698,4.395181504966994,0.3890801294812958,True,False
C03,C,0.02,338,F_NOMINAL,200.0,3.558760284283455,3.34048777446917,-0.2182725098142848,False,False
C03,C,0.02,338,F_NOMINAL,220.0,5.5360822127378215,5.948053492285783,0.4119712795479611,True,False
C03,C,0.02,FOUR,F_TRACKED,180.0,0.0,3.9336787382850105,3.9336787382850105,True,False
C03,C,0.02,FOUR,F_TRACKED,200.0,0.0,3.8632159052989086,3.8632159052989086,True,False
C03,C,0.02,FOUR,F_TRACKED,220.0,0.0,3.9047658163234162,3.9047658163234162,True,False
C03,C,0.02,FOUR,F_NOMINAL,180.0,2.623851699750686,3.5487638744318053,0.9249121746811193,True,False
C03,C,0.02,FOUR,F_NOMINAL,200.0,3.1519426183346178,4.084245675889457,0.9323030575548397,True,False
C03,C,0.02,FOUR,F_NOMINAL,220.0,3.5688930064105384,3.928237688844879,0.3593446824343407,True,False
C04,C,0.0,201,F_TRACKED,180.0,0.0,1.44655142850712,1.44655142850712,True,False
C04,C,0.0,201,F_TRACKED,200.0,0.0,3.4875727461074515,3.4875727461074515,True,False
C04,C,0.0,201,F_TRACKED,220.0,0.0,1.2549488500433243,1.2549488500433243,True,False
C04,C,0.0,201,F_NOMINAL,180.0,0.0,1.44655142850712,1.44655142850712,True,False
C04,C,0.0,201,F_NOMINAL,200.0,0.0,3.4875727461074515,3.4875727461074515,True,False
C04,C,0.0,201,F_NOMINAL,220.0,0.0,1.2549488500433243,1.2549488500433243,True,False
C04,C,0.0,235,F_TRACKED,180.0,0.0,1.3253622522357824,1.3253622522357824,True,False
C04,C,0.0,235,F_TRACKED,200.0,0.0,4.150242072983724,4.150242072983724,True,False
C04,C,0.0,235,F_TRACKED,220.0,0.0,2.2731280921307846,2.2731280921307846,True,False
C04,C,0.0,235,F_NOMINAL,180.0,0.0,1.3253622522357824,1.3253622522357824,True,False
C04,C,0.0,235,F_NOMINAL,200.0,0.0,4.150242072983724,4.150242072983724,True,False
C04,C,0.0,235,F_NOMINAL,220.0,0.0,2.2731280921307846,2.2731280921307846,True,False
C04,C,0.0,283,F_TRACKED,180.0,0.0,1.7680627000177382,1.7680627000177382,True,False
C04,C,0.0,283,F_TRACKED,200.0,0.0,3.0432263694452786,3.0432263694452786,True,False
C04,C,0.0,283,F_TRACKED,220.0,0.0,1.5405865564998051,1.5405865564998051,True,False
C04,C,0.0,283,F_NOMINAL,180.0,0.0,1.7680627000177382,1.7680627000177382,True,False
C04,C,0.0,283,F_NOMINAL,200.0,0.0,3.0432263694452786,3.0432263694452786,True,False
C04,C,0.0,283,F_NOMINAL,220.0,0.0,1.5405865564998051,1.5405865564998051,True,False
C04,C,0.0,338,F_TRACKED,180.0,0.0,5.214196542730689,5.214196542730689,True,False
C04,C,0.0,338,F_TRACKED,200.0,0.0,1.832939560793386,1.832939560793386,True,False
C04,C,0.0,338,F_TRACKED,220.0,0.0,3.736757515406632,3.736757515406632,True,False
C04,C,0.0,338,F_NOMINAL,180.0,0.0,5.214196542730689,5.214196542730689,True,False
C04,C,0.0,338,F_NOMINAL,200.0,0.0,1.832939560793386,1.832939560793386,True,False
C04,C,0.0,338,F_NOMINAL,220.0,0.0,3.736757515406632,3.736757515406632,True,False
C04,C,0.0,FOUR,F_TRACKED,180.0,0.0,5.54740115320649,5.54740115320649,True,False
C04,C,0.0,FOUR,F_TRACKED,200.0,0.0,6.046363007994664,6.046363007994664,True,False
C04,C,0.0,FOUR,F_TRACKED,220.0,0.0,5.117065619925505,5.117065619925505,True,False
C04,C,0.0,FOUR,F_NOMINAL,180.0,0.0,5.54740115320649,5.54740115320649,True,False
C04,C,0.0,FOUR,F_NOMINAL,200.0,0.0,6.046363007994664,6.046363007994664,True,False
C04,C,0.0,FOUR,F_NOMINAL,220.0,0.0,5.117065619925505,5.117065619925505,True,False
C04,C,0.0025,201,F_TRACKED,180.0,0.0,2.8987747519447167,2.8987747519447167,True,False
C04,C,0.0025,201,F_TRACKED,200.0,0.0,4.32300152029599,4.32300152029599,True,False
C04,C,0.0025,201,F_TRACKED,220.0,0.0,7.226854679145724,7.226854679145724,True,False
C04,C,0.0025,201,F_NOMINAL,180.0,3.4234016289719005,3.6125040361148733,0.18910240714297277,True,False
C04,C,0.0025,201,F_NOMINAL,200.0,3.5838572537233766,2.777265528851514,-0.8065917248718626,False,False
C04,C,0.0025,201,F_NOMINAL,220.0,8.899732065158688,7.2613924629436575,-1.63833960221503,False,False
C04,C,0.0025,235,F_TRACKED,180.0,0.0,2.3757717195370325,2.3757717195370325,True,False
C04,C,0.0025,235,F_TRACKED,200.0,0.0,4.440874348302517,4.440874348302517,True,False
C04,C,0.0025,235,F_TRACKED,220.0,0.0,3.434216836416011,3.434216836416011,True,False
C04,C,0.0025,235,F_NOMINAL,180.0,2.248440315777112,1.685354410193416,-0.5630859055836961,False,False
C04,C,0.0025,235,F_NOMINAL,200.0,3.3740226594137246,3.9140199105979248,0.5399972511842002,True,False
C04,C,0.0025,235,F_NOMINAL,220.0,2.9927879103181283,3.035558941583815,0.0427710312656866,True,False
C04,C,0.0025,283,F_TRACKED,180.0,0.0,3.947403645779093,3.947403645779093,True,False
C04,C,0.0025,283,F_TRACKED,200.0,0.0,3.704276960792361,3.704276960792361,True,False
C04,C,0.0025,283,F_TRACKED,220.0,0.0,2.152215754773146,2.152215754773146,True,False
C04,C,0.0025,283,F_NOMINAL,180.0,5.578367921831459,4.50407590934596,-1.0742920124854995,False,False
C04,C,0.0025,283,F_NOMINAL,200.0,3.1408643909857887,3.598497968881814,0.4576335778960252,True,False
C04,C,0.0025,283,F_NOMINAL,220.0,1.1755320469551624,1.6915376156837547,0.5160055687285923,True,False
C04,C,0.0025,338,F_TRACKED,180.0,0.0,3.6099252441582723,3.6099252441582723,True,False
C04,C,0.0025,338,F_TRACKED,200.0,0.0,4.432588327838549,4.432588327838549,True,False
C04,C,0.0025,338,F_TRACKED,220.0,0.0,3.7765142507479528,3.7765142507479528,True,False
C04,C,0.0025,338,F_NOMINAL,180.0,3.2833227742185485,3.3195847889452548,0.036262014726706315,True,False
C04,C,0.0025,338,F_NOMINAL,200.0,5.548329756881843,4.380362391371432,-1.1679673655104112,False,False
C04,C,0.0025,338,F_NOMINAL,220.0,3.440125773801988,3.469828572879096,0.029702799077107933,True,False
C04,C,0.0025,FOUR,F_TRACKED,180.0,0.0,5.133179177195244,5.133179177195244,True,False
C04,C,0.0025,FOUR,F_TRACKED,200.0,0.0,5.36108368221381,5.36108368221381,True,False
C04,C,0.0025,FOUR,F_TRACKED,220.0,0.0,5.738602427339398,5.738602427339398,True,False
C04,C,0.0025,FOUR,F_NOMINAL,180.0,3.9492049274991814,5.089505190004334,1.1403002625051526,True,False
C04,C,0.0025,FOUR,F_NOMINAL,200.0,4.330975880213549,5.912034637041647,1.5810587568280985,True,False
C04,C,0.0025,FOUR,F_NOMINAL,220.0,5.1043046084673165,6.563229301766065,1.4589246932987487,True,False
C04,C,0.005,201,F_TRACKED,180.0,0.0,2.790840744015415,2.790840744015415,True,False
C04,C,0.005,201,F_TRACKED,200.0,0.0,5.362860817433569,5.362860817433569,True,False
C04,C,0.005,201,F_TRACKED,220.0,0.0,7.693812646359786,7.693812646359786,True,False
C04,C,0.005,201,F_NOMINAL,180.0,2.6876212145294907,3.436812347926899,0.7491911333974084,True,False
C04,C,0.005,201,F_NOMINAL,200.0,4.082667937275921,3.1371844638941777,-0.945483473381743,False,False
C04,C,0.005,201,F_NOMINAL,220.0,11.085690753683533,10.222234906898025,-0.8634558467855076,False,False
C04,C,0.005,235,F_TRACKED,180.0,0.0,2.3042444216711546,2.3042444216711546,True,False
C04,C,0.005,235,F_TRACKED,200.0,0.0,4.1506902545264746,4.1506902545264746,True,False
C04,C,0.005,235,F_TRACKED,220.0,0.0,2.772632472030485,2.772632472030485,True,False
C04,C,0.005,235,F_NOMINAL,180.0,2.84385200024359,3.141508047865029,0.2976560476214387,True,False
C04,C,0.005,235,F_NOMINAL,200.0,2.2227311393582023,3.155652582341349,0.9329214429831465,True,False
C04,C,0.005,235,F_NOMINAL,220.0,0.8024419116633782,2.231754593050453,1.4293126813870751,True,False
C04,C,0.005,283,F_TRACKED,180.0,0.0,1.8177909716512368,1.8177909716512368,True,False
C04,C,0.005,283,F_TRACKED,200.0,0.0,4.1639495636967965,4.1639495636967965,True,False
C04,C,0.005,283,F_TRACKED,220.0,0.0,1.207206847350009,1.207206847350009,True,False
C04,C,0.005,283,F_NOMINAL,180.0,2.7751966319748376,2.8756244342166433,0.1004278022418057,True,False
C04,C,0.005,283,F_NOMINAL,200.0,3.5536499698174446,4.037548620798694,0.48389865098124973,True,False
C04,C,0.005,283,F_NOMINAL,220.0,0.5566387145850848,1.592683670872098,1.036044956287013,True,False
C04,C,0.005,338,F_TRACKED,180.0,0.0,4.007015308101897,4.007015308101897,True,False
C04,C,0.005,338,F_TRACKED,200.0,0.0,6.407533725434693,6.407533725434693,True,False
C04,C,0.005,338,F_TRACKED,220.0,0.0,3.362753751610153,3.362753751610153,True,False
C04,C,0.005,338,F_NOMINAL,180.0,3.9751889181292936,3.995388953948351,0.020200035819057494,True,False
C04,C,0.005,338,F_NOMINAL,200.0,7.113575399890512,7.021187446346036,-0.09238795354447582,False,False
C04,C,0.005,338,F_NOMINAL,220.0,3.390114815773919,3.447441137169888,0.057326321395968716,True,False
C04,C,0.005,FOUR,F_TRACKED,180.0,0.0,5.169679460158168,5.169679460158168,True,False
C04,C,0.005,FOUR,F_TRACKED,200.0,0.0,6.759106943578964,6.759106943578964,True,False
C04,C,0.005,FOUR,F_TRACKED,220.0,0.0,6.292992531635379,6.292992531635379,True,False
C04,C,0.005,FOUR,F_NOMINAL,180.0,3.390880722804119,5.218289993234021,1.8274092704299019,True,False
C04,C,0.005,FOUR,F_NOMINAL,200.0,4.651569194178366,6.378962763769286,1.7273935695909195,True,False
C04,C,0.005,FOUR,F_NOMINAL,220.0,5.837242426869688,7.092126356066447,1.254883929196759,True,False
C04,C,0.01,201,F_TRACKED,180.0,0.0,3.006475470857359,3.006475470857359,True,False
C04,C,0.01,201,F_TRACKED,200.0,0.0,3.932267926545964,3.932267926545964,True,False
C04,C,0.01,201,F_TRACKED,220.0,0.0,2.405728952778865,2.405728952778865,True,False
C04,C,0.01,201,F_NOMINAL,180.0,1.0294054425823063,1.8542591404116897,0.8248536978293834,True,False
C04,C,0.01,201,F_NOMINAL,200.0,1.2079787194473492,2.573752225636575,1.3657735061892258,True,False
C04,C,0.01,201,F_NOMINAL,220.0,2.355289698513693,2.827107540050796,0.4718178415371028,True,False
C04,C,0.01,235,F_TRACKED,180.0,0.0,3.3413970629357874,3.3413970629357874,True,False
C04,C,0.01,235,F_TRACKED,200.0,0.0,3.4842824320141155,3.4842824320141155,True,False
C04,C,0.01,235,F_TRACKED,220.0,0.0,2.479500049137606,2.479500049137606,True,False
C04,C,0.01,235,F_NOMINAL,180.0,3.777007844441463,2.9196684061960316,-0.8573394382454316,False,False
C04,C,0.01,235,F_NOMINAL,200.0,1.6434886476722583,3.0513010024409515,1.4078123547686932,True,False
C04,C,0.01,235,F_NOMINAL,220.0,0.6743677787857185,2.2997812480668856,1.625413469281167,True,False
C04,C,0.01,283,F_TRACKED,180.0,0.0,2.4885764708128137,2.4885764708128137,True,False
C04,C,0.01,283,F_TRACKED,200.0,0.0,2.651368769194221,2.651368769194221,True,False
C04,C,0.01,283,F_TRACKED,220.0,0.0,1.7322901366953936,1.7322901366953936,True,False
C04,C,0.01,283,F_NOMINAL,180.0,2.722019968706291,2.4719104771175684,-0.25010949158872275,False,False
C04,C,0.01,283,F_NOMINAL,200.0,3.5153152363523197,3.9808541042954855,0.4655388679431658,True,False
C04,C,0.01,283,F_NOMINAL,220.0,1.4218851923850357,2.3137297724424934,0.8918445800574577,True,False
C04,C,0.01,338,F_TRACKED,180.0,0.0,3.895314551493476,3.895314551493476,True,False
C04,C,0.01,338,F_TRACKED,200.0,0.0,3.461873367763026,3.461873367763026,True,False
C04,C,0.01,338,F_TRACKED,220.0,0.0,4.109798150081181,4.109798150081181,True,False
C04,C,0.01,338,F_NOMINAL,180.0,3.460582324634586,3.651308172540022,0.19072584790543612,True,False
C04,C,0.01,338,F_NOMINAL,200.0,3.235532489629427,3.2980106265772995,0.06247813694787263,True,False
C04,C,0.01,338,F_NOMINAL,220.0,4.881504534571855,4.844743481515538,-0.03676105305631694,False,False
C04,C,0.01,FOUR,F_TRACKED,180.0,0.0,5.23606203218357,5.23606203218357,True,False
C04,C,0.01,FOUR,F_TRACKED,200.0,0.0,5.866740560352875,5.866740560352875,True,False
C04,C,0.01,FOUR,F_TRACKED,220.0,0.0,5.986432222679125,5.986432222679125,True,False
C04,C,0.01,FOUR,F_NOMINAL,180.0,3.3246030879160386,4.977657240912594,1.653054152996555,True,False
C04,C,0.01,FOUR,F_NOMINAL,200.0,3.0711372380831388,5.349788166423512,2.278650928340373,True,False
C04,C,0.01,FOUR,F_NOMINAL,220.0,2.928720876056208,5.218223310126858,2.28950243407065,True,False
C04,C,0.02,201,F_TRACKED,180.0,0.0,3.2402639396837603,3.2402639396837603,True,False
C04,C,0.02,201,F_TRACKED,200.0,0.0,2.7700048615177844,2.7700048615177844,True,False
C04,C,0.02,201,F_TRACKED,220.0,0.0,1.4593627315092994,1.4593627315092994,True,False
C04,C,0.02,201,F_NOMINAL,180.0,1.7461438226888588,1.6850931394783593,-0.06105068321049956,False,False
C04,C,0.02,201,F_NOMINAL,200.0,1.481808929482945,2.8323943542669574,1.3505854247840123,True,False
C04,C,0.02,201,F_NOMINAL,220.0,1.4999580112503976,2.6263466839821854,1.1263886727317878,True,False
C04,C,0.02,235,F_TRACKED,180.0,0.0,1.958483380005458,1.958483380005458,True,False
C04,C,0.02,235,F_TRACKED,200.0,0.0,3.3759550799066553,3.3759550799066553,True,False
C04,C,0.02,235,F_TRACKED,220.0,0.0,2.5529661955463676,2.5529661955463676,True,False
C04,C,0.02,235,F_NOMINAL,180.0,2.1523550073479174,2.162275557977268,0.00992055062935071,True,False
C04,C,0.02,235,F_NOMINAL,200.0,2.2254474696249558,3.160425402404492,0.9349779327795362,True,False
C04,C,0.02,235,F_NOMINAL,220.0,2.0386153928912836,2.5076688619638805,0.46905346907259693,True,False
C04,C,0.02,283,F_TRACKED,180.0,0.0,2.2607431781510288,2.2607431781510288,True,False
C04,C,0.02,283,F_TRACKED,200.0,0.0,2.9332151697319326,2.9332151697319326,True,False
C04,C,0.02,283,F_TRACKED,220.0,0.0,3.2087536574987836,3.2087536574987836,True,False
C04,C,0.02,283,F_NOMINAL,180.0,1.046130404509806,1.3458808822026245,0.2997504776928184,True,False
C04,C,0.02,283,F_NOMINAL,200.0,3.363623515254923,3.77795959001452,0.4143360747595968,True,False
C04,C,0.02,283,F_NOMINAL,220.0,1.563163793822956,2.434893814735984,0.8717300209130283,True,False
C04,C,0.02,338,F_TRACKED,180.0,0.0,4.054809183696985,4.054809183696985,True,False
C04,C,0.02,338,F_TRACKED,200.0,0.0,3.750338534218591,3.750338534218591,True,False
C04,C,0.02,338,F_TRACKED,220.0,0.0,4.7966311460948345,4.7966311460948345,True,False
C04,C,0.02,338,F_NOMINAL,180.0,4.079956052025925,3.9967361144618234,-0.08321993756410162,False,False
C04,C,0.02,338,F_NOMINAL,200.0,3.613414317351486,3.1074597989489474,-0.5059545184025387,False,False
C04,C,0.02,338,F_NOMINAL,220.0,5.7561882959526205,5.5175606699617665,-0.23862762599085396,False,False
C04,C,0.02,FOUR,F_TRACKED,180.0,0.0,5.533677080260478,5.533677080260478,True,False
C04,C,0.02,FOUR,F_TRACKED,200.0,0.0,5.955616324486761,5.955616324486761,True,False
C04,C,0.02,FOUR,F_TRACKED,220.0,0.0,5.362366339888406,5.362366339888406,True,False
C04,C,0.02,FOUR,F_NOMINAL,180.0,2.7150919589299227,4.981307631170555,2.2662156722406324,True,False
C04,C,0.02,FOUR,F_NOMINAL,200.0,3.1453593080312148,5.369105584215963,2.223746276184748,True,False
C04,C,0.02,FOUR,F_NOMINAL,220.0,3.628254884283225,4.919100479929293,1.290845595646068,True,False
C05,C,0.0,201,F_TRACKED,180.0,0.0,4.453915117253212,4.453915117253212,True,False
C05,C,0.0,201,F_TRACKED,200.0,0.0,6.65617410472412,6.65617410472412,True,False
C05,C,0.0,201,F_TRACKED,220.0,0.0,3.660273058300904,3.660273058300904,True,False
C05,C,0.0,201,F_NOMINAL,180.0,0.0,4.453915117253212,4.453915117253212,True,False
C05,C,0.0,201,F_NOMINAL,200.0,0.0,6.65617410472412,6.65617410472412,True,False
C05,C,0.0,201,F_NOMINAL,220.0,0.0,3.660273058300904,3.660273058300904,True,False
C05,C,0.0,235,F_TRACKED,180.0,0.0,2.182138528831848,2.182138528831848,True,False
C05,C,0.0,235,F_TRACKED,200.0,0.0,2.1583346588999297,2.1583346588999297,True,False
C05,C,0.0,235,F_TRACKED,220.0,0.0,1.6769362707734365,1.6769362707734365,True,False
C05,C,0.0,235,F_NOMINAL,180.0,0.0,2.182138528831848,2.182138528831848,True,False
C05,C,0.0,235,F_NOMINAL,200.0,0.0,2.1583346588999297,2.1583346588999297,True,False
C05,C,0.0,235,F_NOMINAL,220.0,0.0,1.6769362707734365,1.6769362707734365,True,False
C05,C,0.0,283,F_TRACKED,180.0,0.0,1.9194363320993693,1.9194363320993693,True,False
C05,C,0.0,283,F_TRACKED,200.0,0.0,3.06563075477299,3.06563075477299,True,False
C05,C,0.0,283,F_TRACKED,220.0,0.0,1.7830731620853173,1.7830731620853173,True,False
C05,C,0.0,283,F_NOMINAL,180.0,0.0,1.9194363320993693,1.9194363320993693,True,False
C05,C,0.0,283,F_NOMINAL,200.0,0.0,3.06563075477299,3.06563075477299,True,False
C05,C,0.0,283,F_NOMINAL,220.0,0.0,1.7830731620853173,1.7830731620853173,True,False
C05,C,0.0,338,F_TRACKED,180.0,0.0,8.453131586363776,8.453131586363776,True,False
C05,C,0.0,338,F_TRACKED,200.0,0.0,5.194553399885564,5.194553399885564,True,False
C05,C,0.0,338,F_TRACKED,220.0,0.0,6.7881792711635685,6.7881792711635685,True,False
C05,C,0.0,338,F_NOMINAL,180.0,0.0,8.453131586363776,8.453131586363776,True,False
C05,C,0.0,338,F_NOMINAL,200.0,0.0,5.194553399885564,5.194553399885564,True,False
C05,C,0.0,338,F_NOMINAL,220.0,0.0,6.7881792711635685,6.7881792711635685,True,False
C05,C,0.0,FOUR,F_TRACKED,180.0,0.0,6.036077512325405,6.036077512325405,True,False
C05,C,0.0,FOUR,F_TRACKED,200.0,0.0,5.7727836647527955,5.7727836647527955,True,False
C05,C,0.0,FOUR,F_TRACKED,220.0,0.0,5.2255737213463185,5.2255737213463185,True,False
C05,C,0.0,FOUR,F_NOMINAL,180.0,0.0,6.036077512325405,6.036077512325405,True,False
C05,C,0.0,FOUR,F_NOMINAL,200.0,0.0,5.7727836647527955,5.7727836647527955,True,False
C05,C,0.0,FOUR,F_NOMINAL,220.0,0.0,5.2255737213463185,5.2255737213463185,True,False
C05,C,0.0025,201,F_TRACKED,180.0,0.0,4.1183213950583335,4.1183213950583335,True,False
C05,C,0.0025,201,F_TRACKED,200.0,0.0,4.621015704194467,4.621015704194467,True,False
C05,C,0.0025,201,F_TRACKED,220.0,0.0,7.957024669563456,7.957024669563456,True,False
C05,C,0.0025,201,F_NOMINAL,180.0,3.1944333338321,4.501548237355896,1.3071149035237966,True,False
C05,C,0.0025,201,F_NOMINAL,200.0,3.3199604159194864,4.895086059633716,1.5751256437142294,True,False
C05,C,0.0025,201,F_NOMINAL,220.0,8.2287766433104,7.767695875058882,-0.46108076825151834,False,False
C05,C,0.0025,235,F_TRACKED,180.0,0.0,1.9620407331489003,1.9620407331489003,True,False
C05,C,0.0025,235,F_TRACKED,200.0,0.0,3.5890289824166564,3.5890289824166564,True,False
C05,C,0.0025,235,F_TRACKED,220.0,0.0,2.228030785249149,2.228030785249149,True,False
C05,C,0.0025,235,F_NOMINAL,180.0,1.6894572248339121,2.244242206579954,0.5547849817460417,True,False
C05,C,0.0025,235,F_NOMINAL,200.0,3.2772489491267915,3.7154131845277405,0.43816423540094895,True,False
C05,C,0.0025,235,F_NOMINAL,220.0,2.4323665111091004,1.8341760623059487,-0.5981904488031518,False,False
C05,C,0.0025,283,F_TRACKED,180.0,0.0,4.587193959837413,4.587193959837413,True,False
C05,C,0.0025,283,F_TRACKED,200.0,0.0,2.755823380309122,2.755823380309122,True,False
C05,C,0.0025,283,F_TRACKED,220.0,0.0,2.2384162072331732,2.2384162072331732,True,False
C05,C,0.0025,283,F_NOMINAL,180.0,5.0023194830249516,5.401359572905183,0.39904008988023154,True,False
C05,C,0.0025,283,F_NOMINAL,200.0,2.838597290076598,3.577187940876693,0.738590650800095,True,False
C05,C,0.0025,283,F_NOMINAL,220.0,0.7315928144242997,2.003736066461056,1.2721432520367566,True,False
C05,C,0.0025,338,F_TRACKED,180.0,0.0,6.439193240753689,6.439193240753689,True,False
C05,C,0.0025,338,F_TRACKED,200.0,0.0,5.470309818622233,5.470309818622233,True,False
C05,C,0.0025,338,F_TRACKED,220.0,0.0,6.056837533756805,6.056837533756805,True,False
C05,C,0.0025,338,F_NOMINAL,180.0,3.226216966895451,5.972782560076571,2.7465655931811206,True,False
C05,C,0.0025,338,F_NOMINAL,200.0,5.103106408078741,5.092532035367939,-0.01057437271080186,False,False
C05,C,0.0025,338,F_NOMINAL,220.0,3.329053418147946,6.071666671962864,2.7426132538149175,True,False
C05,C,0.0025,FOUR,F_TRACKED,180.0,0.0,5.601496740258541,5.601496740258541,True,False
C05,C,0.0025,FOUR,F_TRACKED,200.0,0.0,4.975448008206146,4.975448008206146,True,False
C05,C,0.0025,FOUR,F_TRACKED,220.0,0.0,5.949383319384436,5.949383319384436,True,False
C05,C,0.0025,FOUR,F_NOMINAL,180.0,3.603154816460037,5.448836903602527,1.8456820871424902,True,False
C05,C,0.0025,FOUR,F_NOMINAL,200.0,4.200602469190059,4.925505593984417,0.7249031247943574,True,False
C05,C,0.0025,FOUR,F_NOMINAL,220.0,4.794877331066424,5.4960770997283666,0.7011997686619429,True,False
C05,C,0.005,201,F_TRACKED,180.0,0.0,4.346218260423558,4.346218260423558,True,False
C05,C,0.005,201,F_TRACKED,200.0,0.0,4.748403738632041,4.748403738632041,True,False
C05,C,0.005,201,F_TRACKED,220.0,0.0,10.186879970053578,10.186879970053578,True,False
C05,C,0.005,201,F_NOMINAL,180.0,2.7156787302754926,4.427022627354367,1.7113438970788741,True,False
C05,C,0.005,201,F_NOMINAL,200.0,3.8387540958603608,5.144018421126216,1.305264325265855,True,False
C05,C,0.005,201,F_NOMINAL,220.0,10.289233590523553,9.936760811046971,-0.3524727794765816,False,False
C05,C,0.005,235,F_TRACKED,180.0,0.0,2.963721949855849,2.963721949855849,True,False
C05,C,0.005,235,F_TRACKED,200.0,0.0,2.575462014760237,2.575462014760237,True,False
C05,C,0.005,235,F_TRACKED,220.0,0.0,1.6668938000792977,1.6668938000792977,True,False
C05,C,0.005,235,F_NOMINAL,180.0,2.076045040428868,2.6094258641101042,0.5333808236812363,True,False
C05,C,0.005,235,F_NOMINAL,200.0,2.2735532278437445,2.7585285051242634,0.4849752772805189,True,False
C05,C,0.005,235,F_NOMINAL,220.0,1.079126503535458,1.8591960455248249,0.7800695419893668,True,False
C05,C,0.005,283,F_TRACKED,180.0,0.0,2.7760591453373973,2.7760591453373973,True,False
C05,C,0.005,283,F_TRACKED,200.0,0.0,3.608500808659358,3.608500808659358,True,False
C05,C,0.005,283,F_TRACKED,220.0,0.0,1.7057455893580147,1.7057455893580147,True,False
C05,C,0.005,283,F_NOMINAL,180.0,2.5863300754440974,2.1442635111228454,-0.442066564321252,False,False
C05,C,0.005,283,F_NOMINAL,200.0,3.397294433244033,3.3064484395380487,-0.09084599370598445,False,False
C05,C,0.005,283,F_NOMINAL,220.0,0.6165846642228068,1.92707164429503,1.3104869800722232,True,False
C05,C,0.005,338,F_TRACKED,180.0,0.0,5.917896564307314,5.917896564307314,True,False
C05,C,0.005,338,F_TRACKED,200.0,0.0,6.224266637971977,6.224266637971977,True,False
C05,C,0.005,338,F_TRACKED,220.0,0.0,5.4195507498755084,5.4195507498755084,True,False
C05,C,0.005,338,F_NOMINAL,180.0,3.984315178015185,4.936183191184893,0.9518680131697077,True,False
C05,C,0.005,338,F_NOMINAL,200.0,6.4669877653238395,6.110514106495414,-0.35647365882842585,False,False
C05,C,0.005,338,F_NOMINAL,220.0,3.2330319868049315,5.2891701189885,2.056138132183569,True,False
C05,C,0.005,FOUR,F_TRACKED,180.0,0.0,5.046394618728405,5.046394618728405,True,False
C05,C,0.005,FOUR,F_TRACKED,200.0,0.0,5.209794790783924,5.209794790783924,True,False
C05,C,0.005,FOUR,F_TRACKED,220.0,0.0,6.862527229393421,6.862527229393421,True,False
C05,C,0.005,FOUR,F_NOMINAL,180.0,3.2116912479651267,4.855630706411689,1.643939458446562,True,False
C05,C,0.005,FOUR,F_NOMINAL,200.0,4.469107646139201,5.075615460442895,0.6065078143036944,True,False
C05,C,0.005,FOUR,F_NOMINAL,220.0,5.499549924664761,6.16057710641757,0.6610271817528091,True,False
C05,C,0.01,201,F_TRACKED,180.0,0.0,4.1311378442256785,4.1311378442256785,True,False
C05,C,0.01,201,F_TRACKED,200.0,0.0,4.83902882768729,4.83902882768729,True,False
C05,C,0.01,201,F_TRACKED,220.0,0.0,3.8971310965795456,3.8971310965795456,True,False
C05,C,0.01,201,F_NOMINAL,180.0,1.0779321133271251,4.8638941346986515,3.7859620213715264,True,False
C05,C,0.01,201,F_NOMINAL,200.0,1.0825106760791177,5.623357867357261,4.540847191278143,True,False
C05,C,0.01,201,F_NOMINAL,220.0,2.3271608793196195,4.269851520805976,1.9426906414863567,True,False
C05,C,0.01,235,F_TRACKED,180.0,0.0,3.6422344854723114,3.6422344854723114,True,False
C05,C,0.01,235,F_TRACKED,200.0,0.0,1.8664904143782053,1.8664904143782053,True,False
C05,C,0.01,235,F_TRACKED,220.0,0.0,1.7536478143089085,1.7536478143089085,True,False
C05,C,0.01,235,F_NOMINAL,180.0,3.0336153985723118,3.4376072786040597,0.4039918800317479,True,False
C05,C,0.01,235,F_NOMINAL,200.0,1.532492922284691,1.8323025362102177,0.29980961392552663,True,False
C05,C,0.01,235,F_NOMINAL,220.0,0.6355013538016749,1.6107628460132386,0.9752614922115637,True,False
C05,C,0.01,283,F_TRACKED,180.0,0.0,2.2995513274549544,2.2995513274549544,True,False
C05,C,0.01,283,F_TRACKED,200.0,0.0,3.5630375701928547,3.5630375701928547,True,False
C05,C,0.01,283,F_TRACKED,220.0,0.0,2.3346566576762355,2.3346566576762355,True,False
C05,C,0.01,283,F_NOMINAL,180.0,2.3171773813758834,2.6686479896000326,0.3514706082241492,True,False
C05,C,0.01,283,F_NOMINAL,200.0,3.5072201037636432,3.375350481460246,-0.13186962230339727,False,False
C05,C,0.01,283,F_NOMINAL,220.0,1.3591362449051356,2.414345336784554,1.0552090918794184,True,False
C05,C,0.01,338,F_TRACKED,180.0,0.0,5.493315116599622,5.493315116599622,True,False
C05,C,0.01,338,F_TRACKED,200.0,0.0,4.130149051651448,4.130149051651448,True,False
C05,C,0.01,338,F_TRACKED,220.0,0.0,5.970479662366022,5.970479662366022,True,False
C05,C,0.01,338,F_NOMINAL,180.0,3.29130392453571,6.118280770254343,2.8269768457186335,True,False
C05,C,0.01,338,F_NOMINAL,200.0,3.0338715401653844,4.6448798032628185,1.611008263097434,True,False
C05,C,0.01,338,F_NOMINAL,220.0,4.352701142566723,5.781230124806973,1.42852898224025,True,False
C05,C,0.01,FOUR,F_TRACKED,180.0,0.0,5.465281139638243,5.465281139638243,True,False
C05,C,0.01,FOUR,F_TRACKED,200.0,0.0,4.892606406692403,4.892606406692403,True,False
C05,C,0.01,FOUR,F_TRACKED,220.0,0.0,4.844383043846983,4.844383043846983,True,False
C05,C,0.01,FOUR,F_NOMINAL,180.0,3.0296892568000136,5.0980458240686986,2.068356567268685,True,False
C05,C,0.01,FOUR,F_NOMINAL,200.0,2.930781122575485,5.000277242143683,2.0694961195681985,True,False
C05,C,0.01,FOUR,F_NOMINAL,220.0,2.6542343127901873,4.765746149824323,2.1115118370341355,True,False
C05,C,0.02,201,F_TRACKED,180.0,0.0,3.940078584882834,3.940078584882834,True,False
C05,C,0.02,201,F_TRACKED,200.0,0.0,4.93555680627963,4.93555680627963,True,False
C05,C,0.02,201,F_TRACKED,220.0,0.0,2.022235218448757,2.022235218448757,True,False
C05,C,0.02,201,F_NOMINAL,180.0,1.5146753518477905,4.196904105064481,2.68222875321669,True,False
C05,C,0.02,201,F_NOMINAL,200.0,1.4282854689462599,5.305400426011281,3.877114957065021,True,False
C05,C,0.02,201,F_NOMINAL,220.0,1.5058644547964144,2.0695387745704026,0.5636743197739882,True,False
C05,C,0.02,235,F_TRACKED,180.0,0.0,2.262319688435651,2.262319688435651,True,False
C05,C,0.02,235,F_TRACKED,200.0,0.0,2.619433963346494,2.619433963346494,True,False
C05,C,0.02,235,F_TRACKED,220.0,0.0,2.4157994962383085,2.4157994962383085,True,False
C05,C,0.02,235,F_NOMINAL,180.0,1.8952421701527198,2.063112878505505,0.16787070835278528,True,False
C05,C,0.02,235,F_NOMINAL,200.0,2.20150207542639,2.6827136554209194,0.48121157999452935,True,False
C05,C,0.02,235,F_NOMINAL,220.0,2.034437030315259,2.7470841540674815,0.7126471237522227,True,False
C05,C,0.02,283,F_TRACKED,180.0,0.0,1.998622634101247,1.998622634101247,True,False
C05,C,0.02,283,F_TRACKED,200.0,0.0,3.346277230603702,3.346277230603702,True,False
C05,C,0.02,283,F_TRACKED,220.0,0.0,2.570496571637502,2.570496571637502,True,False
C05,C,0.02,283,F_NOMINAL,180.0,1.265231497931965,1.8849626268662647,0.6197311289342997,True,False
C05,C,0.02,283,F_NOMINAL,200.0,3.3497220610452647,3.4278005100935642,0.07807844904829953,True,False
C05,C,0.02,283,F_NOMINAL,220.0,1.4086104445826677,2.6136862493491564,1.2050758047664887,True,False
C05,C,0.02,338,F_TRACKED,180.0,0.0,4.934463897645055,4.934463897645055,True,False
C05,C,0.02,338,F_TRACKED,200.0,0.0,3.830587022462857,3.830587022462857,True,False
C05,C,0.02,338,F_TRACKED,220.0,0.0,5.855392560361941,5.855392560361941,True,False
C05,C,0.02,338,F_NOMINAL,180.0,3.8804885367948736,4.936562972048698,1.0560744352538243,True,False
C05,C,0.02,338,F_NOMINAL,200.0,3.4659826696733838,3.6714338747366604,0.20545120506327663,True,False
C05,C,0.02,338,F_NOMINAL,220.0,5.0864487102216955,5.408332089729703,0.3218833795080078,True,False
C05,C,0.02,FOUR,F_TRACKED,180.0,0.0,4.702085562475214,4.702085562475214,True,False
C05,C,0.02,FOUR,F_TRACKED,200.0,0.0,4.755550314116517,4.755550314116517,True,False
C05,C,0.02,FOUR,F_TRACKED,220.0,0.0,4.365955808167125,4.365955808167125,True,False
C05,C,0.02,FOUR,F_NOMINAL,180.0,2.459500897139583,4.426499957702213,1.9669990605626304,True,False
C05,C,0.02,FOUR,F_NOMINAL,200.0,3.211867671405471,4.503166679390256,1.2912990079847853,True,False
C05,C,0.02,FOUR,F_NOMINAL,220.0,3.4729538711679973,4.4187037907147415,0.9457499195467443,True,False
C06,C,0.0,201,F_TRACKED,180.0,0.0,1.3105202545406371,1.3105202545406371,True,False
C06,C,0.0,201,F_TRACKED,200.0,0.0,2.7726223712527944,2.7726223712527944,True,False
C06,C,0.0,201,F_TRACKED,220.0,0.0,1.076587724923518,1.076587724923518,True,False
C06,C,0.0,201,F_NOMINAL,180.0,0.0,1.3105202545406371,1.3105202545406371,True,False
C06,C,0.0,201,F_NOMINAL,200.0,0.0,2.7726223712527944,2.7726223712527944,True,False
C06,C,0.0,201,F_NOMINAL,220.0,0.0,1.076587724923518,1.076587724923518,True,False
C06,C,0.0,235,F_TRACKED,180.0,0.0,1.1836038786102274,1.1836038786102274,True,False
C06,C,0.0,235,F_TRACKED,200.0,0.0,0.5489391632437118,0.5489391632437118,True,False
C06,C,0.0,235,F_TRACKED,220.0,0.0,0.5275330880448005,0.5275330880448005,True,False
C06,C,0.0,235,F_NOMINAL,180.0,0.0,1.1836038786102274,1.1836038786102274,True,False
C06,C,0.0,235,F_NOMINAL,200.0,0.0,0.5489391632437118,0.5489391632437118,True,False
C06,C,0.0,235,F_NOMINAL,220.0,0.0,0.5275330880448005,0.5275330880448005,True,False
C06,C,0.0,283,F_TRACKED,180.0,0.0,1.2410709838057525,1.2410709838057525,True,False
C06,C,0.0,283,F_TRACKED,200.0,0.0,3.962305109273865,3.962305109273865,True,False
C06,C,0.0,283,F_TRACKED,220.0,0.0,0.894090439671116,0.894090439671116,True,False
C06,C,0.0,283,F_NOMINAL,180.0,0.0,1.2410709838057525,1.2410709838057525,True,False
C06,C,0.0,283,F_NOMINAL,200.0,0.0,3.962305109273865,3.962305109273865,True,False
C06,C,0.0,283,F_NOMINAL,220.0,0.0,0.894090439671116,0.894090439671116,True,False
C06,C,0.0,338,F_TRACKED,180.0,0.0,2.979463299700358,2.979463299700358,True,False
C06,C,0.0,338,F_TRACKED,200.0,0.0,0.9304024174517987,0.9304024174517987,True,False
C06,C,0.0,338,F_TRACKED,220.0,0.0,1.4213571825088163,1.4213571825088163,True,False
C06,C,0.0,338,F_NOMINAL,180.0,0.0,2.979463299700358,2.979463299700358,True,False
C06,C,0.0,338,F_NOMINAL,200.0,0.0,0.9304024174517987,0.9304024174517987,True,False
C06,C,0.0,338,F_NOMINAL,220.0,0.0,1.4213571825088163,1.4213571825088163,True,False
C06,C,0.0,FOUR,F_TRACKED,180.0,0.0,3.3830648304120716,3.3830648304120716,True,False
C06,C,0.0,FOUR,F_TRACKED,200.0,0.0,4.379534313608291,4.379534313608291,True,False
C06,C,0.0,FOUR,F_TRACKED,220.0,0.0,1.611577228628173,1.611577228628173,True,False
C06,C,0.0,FOUR,F_NOMINAL,180.0,0.0,3.3830648304120716,3.3830648304120716,True,False
C06,C,0.0,FOUR,F_NOMINAL,200.0,0.0,4.379534313608291,4.379534313608291,True,False
C06,C,0.0,FOUR,F_NOMINAL,220.0,0.0,1.611577228628173,1.611577228628173,True,False
C06,C,0.0025,201,F_TRACKED,180.0,0.0,2.0203693419649165,2.0203693419649165,True,False
C06,C,0.0025,201,F_TRACKED,200.0,0.0,3.094157676940362,3.094157676940362,True,False
C06,C,0.0025,201,F_TRACKED,220.0,0.0,7.505677612481746,7.505677612481746,True,False
C06,C,0.0025,201,F_NOMINAL,180.0,3.083420471240846,2.410922854821436,-0.6724976164194101,False,False
C06,C,0.0025,201,F_NOMINAL,200.0,3.0971679993412433,2.556013599732942,-0.5411543996083013,False,False
C06,C,0.0025,201,F_NOMINAL,220.0,8.126692657294969,7.545177091623657,-0.581515565671312,False,False
C06,C,0.0025,235,F_TRACKED,180.0,0.0,1.9864602129036013,1.9864602129036013,True,False
C06,C,0.0025,235,F_TRACKED,200.0,0.0,2.915008975849902,2.915008975849902,True,False
C06,C,0.0025,235,F_TRACKED,220.0,0.0,1.6741879403568583,1.6741879403568583,True,False
C06,C,0.0025,235,F_NOMINAL,180.0,1.6211148932644825,1.917629066610879,0.2965141733463965,True,False
C06,C,0.0025,235,F_NOMINAL,200.0,3.157293473304287,1.9085424264265207,-1.2487510468777663,False,False
C06,C,0.0025,235,F_NOMINAL,220.0,2.0440570593969665,1.590931159198689,-0.4531259001982775,False,False
C06,C,0.0025,283,F_TRACKED,180.0,0.0,4.355537578851851,4.355537578851851,True,False
C06,C,0.0025,283,F_TRACKED,200.0,0.0,2.608805570887808,2.608805570887808,True,False
C06,C,0.0025,283,F_TRACKED,220.0,0.0,1.1104470536758844,1.1104470536758844,True,False
C06,C,0.0025,283,F_NOMINAL,180.0,4.816586348304444,3.737758951178018,-1.078827397126426,False,False
C06,C,0.0025,283,F_NOMINAL,200.0,2.6235202080196243,2.7022547689668874,0.07873456094726317,True,False
C06,C,0.0025,283,F_NOMINAL,220.0,0.5147392519159847,1.381815810833008,0.8670765589170234,True,False
C06,C,0.0025,338,F_TRACKED,180.0,0.0,3.0357162127772592,3.0357162127772592,True,False
C06,C,0.0025,338,F_TRACKED,200.0,0.0,5.148722206958915,5.148722206958915,True,False
C06,C,0.0025,338,F_TRACKED,220.0,0.0,3.4908833656858187,3.4908833656858187,True,False
C06,C,0.0025,338,F_NOMINAL,180.0,3.186700515921406,3.189844953614791,0.003144437693384905,True,False
C06,C,0.0025,338,F_NOMINAL,200.0,4.850759376507778,4.880458790901435,0.029699414393657086,True,False
C06,C,0.0025,338,F_NOMINAL,220.0,3.2968037233210055,2.800300394979043,-0.49650332834196265,False,False
C06,C,0.0025,FOUR,F_TRACKED,180.0,0.0,4.339152905083022,4.339152905083022,True,False
C06,C,0.0025,FOUR,F_TRACKED,200.0,0.0,4.27542660753597,4.27542660753597,True,False
C06,C,0.0025,FOUR,F_TRACKED,220.0,0.0,4.984879275305358,4.984879275305358,True,False
C06,C,0.0025,FOUR,F_NOMINAL,180.0,3.514209799032213,4.530155729852858,1.0159459308206449,True,False
C06,C,0.0025,FOUR,F_NOMINAL,200.0,4.099832538520085,4.409830634168237,0.3099980956481527,True,False
C06,C,0.0025,FOUR,F_NOMINAL,220.0,4.771895990665951,5.150999813268181,0.3791038226022305,True,False
C06,C,0.005,201,F_TRACKED,180.0,0.0,2.7675310687473282,2.7675310687473282,True,False
C06,C,0.005,201,F_TRACKED,200.0,0.0,3.871719725484613,3.871719725484613,True,False
C06,C,0.005,201,F_TRACKED,220.0,0.0,9.791340180512844,9.791340180512844,True,False
C06,C,0.005,201,F_NOMINAL,180.0,2.662861041274248,2.6068630161171664,-0.05599802515708152,False,False
C06,C,0.005,201,F_NOMINAL,200.0,3.5998164336054925,3.2497121457787497,-0.35010428782674285,False,False
C06,C,0.005,201,F_NOMINAL,220.0,10.153013663837992,10.101367914380154,-0.05164574945783862,False,False
C06,C,0.005,235,F_TRACKED,180.0,0.0,2.4915329818700966,2.4915329818700966,True,False
C06,C,0.005,235,F_TRACKED,200.0,0.0,2.4569761740942195,2.4569761740942195,True,False
C06,C,0.005,235,F_TRACKED,220.0,0.0,1.5847359606368256,1.5847359606368256,True,False
C06,C,0.005,235,F_NOMINAL,180.0,1.657936067067947,2.194120424885011,0.536184357817064,True,False
C06,C,0.005,235,F_NOMINAL,200.0,2.2360407539231426,1.8925640926758398,-0.3434766612473028,False,False
C06,C,0.005,235,F_NOMINAL,220.0,1.164230883118288,1.5401060663802137,0.3758751832619258,True,False
C06,C,0.005,283,F_TRACKED,180.0,0.0,2.571389151827533,2.571389151827533,True,False
C06,C,0.005,283,F_TRACKED,200.0,0.0,2.5533845260647947,2.5533845260647947,True,False
C06,C,0.005,283,F_TRACKED,220.0,0.0,1.3867877047847368,1.3867877047847368,True,False
C06,C,0.005,283,F_NOMINAL,180.0,2.4514183905226847,2.6296845646724583,0.17826617414977353,True,False
C06,C,0.005,283,F_NOMINAL,200.0,3.343904732749602,3.182605595611998,-0.16129913713760402,False,False
C06,C,0.005,283,F_NOMINAL,220.0,0.7093811164040389,1.108665355110257,0.3992842387062181,True,False
C06,C,0.005,338,F_TRACKED,180.0,0.0,3.6830765424927794,3.6830765424927794,True,False
C06,C,0.005,338,F_TRACKED,200.0,0.0,5.745643248428547,5.745643248428547,True,False
C06,C,0.005,338,F_TRACKED,220.0,0.0,2.918564105314216,2.918564105314216,True,False
C06,C,0.005,338,F_NOMINAL,180.0,3.8408425289497874,3.9368887971392783,0.09604626818949091,True,False
C06,C,0.005,338,F_NOMINAL,200.0,5.95055317271493,6.134552796318878,0.18399962360394806,True,False
C06,C,0.005,338,F_NOMINAL,220.0,3.283825708832051,3.164170465450896,-0.11965524338115507,False,False
C06,C,0.005,FOUR,F_TRACKED,180.0,0.0,3.6799592199728575,3.6799592199728575,True,False
C06,C,0.005,FOUR,F_TRACKED,200.0,0.0,4.803741458726266,4.803741458726266,True,False
C06,C,0.005,FOUR,F_TRACKED,220.0,0.0,5.58689581318731,5.58689581318731,True,False
C06,C,0.005,FOUR,F_NOMINAL,180.0,3.1139434031263438,3.6661918355062633,0.5522484323799195,True,False
C06,C,0.005,FOUR,F_NOMINAL,200.0,4.382520846087614,4.701238778819562,0.31871793273194804,True,False
C06,C,0.005,FOUR,F_NOMINAL,220.0,5.4988746270403235,6.084792357978096,0.5859177309377728,True,False
C06,C,0.01,201,F_TRACKED,180.0,0.0,2.1547766733889673,2.1547766733889673,True,False
C06,C,0.01,201,F_TRACKED,200.0,0.0,2.552501865333981,2.552501865333981,True,False
C06,C,0.01,201,F_TRACKED,220.0,0.0,1.8051232194999918,1.8051232194999918,True,False
C06,C,0.01,201,F_NOMINAL,180.0,1.115190432869536,1.8067446695531566,0.6915542366836207,True,False
C06,C,0.01,201,F_NOMINAL,200.0,0.9961328182842591,2.4269769159952137,1.4308440977109544,True,False
C06,C,0.01,201,F_NOMINAL,220.0,2.312055718329055,2.6864774122114055,0.3744216938823506,True,False
C06,C,0.01,235,F_TRACKED,180.0,0.0,3.1135925641410114,3.1135925641410114,True,False
C06,C,0.01,235,F_TRACKED,200.0,0.0,2.11894955721776,2.11894955721776,True,False
C06,C,0.01,235,F_TRACKED,220.0,0.0,1.574259873526351,1.574259873526351,True,False
C06,C,0.01,235,F_NOMINAL,180.0,2.69331266396489,3.219511877126973,0.5261992131620832,True,False
C06,C,0.01,235,F_NOMINAL,200.0,1.4992361602028736,1.5060068359900067,0.006770675787133085,True,False
C06,C,0.01,235,F_NOMINAL,220.0,0.6442052568607661,1.1948315260060847,0.5506262691453185,True,False
C06,C,0.01,283,F_TRACKED,180.0,0.0,2.365257523638196,2.365257523638196,True,False
C06,C,0.01,283,F_TRACKED,200.0,0.0,2.9877447791732283,2.9877447791732283,True,False
C06,C,0.01,283,F_TRACKED,220.0,0.0,1.7491840083902224,1.7491840083902224,True,False
C06,C,0.01,283,F_NOMINAL,180.0,2.1118756616327152,2.2856995598075587,0.17382389817484345,True,False
C06,C,0.01,283,F_NOMINAL,200.0,3.5190686474447554,3.1589145447573617,-0.3601541026873938,False,False
C06,C,0.01,283,F_NOMINAL,220.0,1.4560096148987094,1.2604196098221039,-0.1955900050766055,False,False
C06,C,0.01,338,F_TRACKED,180.0,0.0,3.122717414263274,3.122717414263274,True,False
C06,C,0.01,338,F_TRACKED,200.0,0.0,2.7087757216293094,2.7087757216293094,True,False
C06,C,0.01,338,F_TRACKED,220.0,0.0,4.321993182811382,4.321993182811382,True,False
C06,C,0.01,338,F_NOMINAL,180.0,3.189296826729897,3.0390643477600228,-0.15023247896987435,False,False
C06,C,0.01,338,F_NOMINAL,200.0,2.9216319028459834,2.6971477786590885,-0.2244841241868949,False,False
C06,C,0.01,338,F_NOMINAL,220.0,3.9505720216485405,3.431547519289347,-0.5190245023591933,False,False
C06,C,0.01,FOUR,F_TRACKED,180.0,0.0,3.8520696981085445,3.8520696981085445,True,False
C06,C,0.01,FOUR,F_TRACKED,200.0,0.0,3.5514823059458935,3.5514823059458935,True,False
C06,C,0.01,FOUR,F_TRACKED,220.0,0.0,2.9924922042544235,2.9924922042544235,True,False
C06,C,0.01,FOUR,F_NOMINAL,180.0,2.8523379880764055,3.427850564773479,0.5755125766970735,True,False
C06,C,0.01,FOUR,F_NOMINAL,200.0,2.8965783962493066,3.17470656786638,0.2781281716170736,True,False
C06,C,0.01,FOUR,F_NOMINAL,220.0,2.493767303990111,2.927271359824782,0.4335040558346712,True,False
C06,C,0.02,201,F_TRACKED,180.0,0.0,1.2404978229606916,1.2404978229606916,True,False
C06,C,0.02,201,F_TRACKED,200.0,0.0,2.450380880310174,2.450380880310174,True,False
C06,C,0.02,201,F_TRACKED,220.0,0.0,2.521907291907094,2.521907291907094,True,False
C06,C,0.02,201,F_NOMINAL,180.0,1.356774418146816,1.7086648954688342,0.35189047732201817,True,False
C06,C,0.02,201,F_NOMINAL,200.0,1.4316663608671094,2.1484503246132056,0.7167839637460962,True,False
C06,C,0.02,201,F_NOMINAL,220.0,1.5353810811086377,1.7997690681569831,0.26438798704834543,True,False
C06,C,0.02,235,F_TRACKED,180.0,0.0,1.9559028522528588,1.9559028522528588,True,False
C06,C,0.02,235,F_TRACKED,200.0,0.0,1.8076436823430868,1.8076436823430868,True,False
C06,C,0.02,235,F_TRACKED,220.0,0.0,2.3452231068026417,2.3452231068026417,True,False
C06,C,0.02,235,F_NOMINAL,180.0,1.8089870701715502,2.693906479662083,0.8849194094905328,True,False
C06,C,0.02,235,F_NOMINAL,200.0,2.1353341850150147,1.5211923064597341,-0.6141418785552806,False,False
C06,C,0.02,235,F_NOMINAL,220.0,1.8952069139699645,1.7834287942215012,-0.1117781197484633,False,False
C06,C,0.02,283,F_TRACKED,180.0,0.0,1.5964642870276446,1.5964642870276446,True,False
C06,C,0.02,283,F_TRACKED,200.0,0.0,2.593805448578516,2.593805448578516,True,False
C06,C,0.02,283,F_TRACKED,220.0,0.0,1.2268766508164115,1.2268766508164115,True,False
C06,C,0.02,283,F_NOMINAL,180.0,1.2301585708439318,1.4682142793423154,0.23805570849838364,True,False
C06,C,0.02,283,F_NOMINAL,200.0,3.3498470189791876,3.163989874157847,-0.18585714482134064,False,False
C06,C,0.02,283,F_NOMINAL,220.0,1.375817144185271,1.6319062981851673,0.2560891539998964,True,False
C06,C,0.02,338,F_TRACKED,180.0,0.0,3.7193344810430813,3.7193344810430813,True,False
C06,C,0.02,338,F_TRACKED,200.0,0.0,3.8800629339880683,3.8800629339880683,True,False
C06,C,0.02,338,F_TRACKED,220.0,0.0,3.728775117315568,3.728775117315568,True,False
C06,C,0.02,338,F_NOMINAL,180.0,3.6955690078597705,3.9672181143081593,0.2716491064483888,True,False
C06,C,0.02,338,F_NOMINAL,200.0,3.35417544523782,4.1789878368389495,0.8248123916011294,True,False
C06,C,0.02,338,F_NOMINAL,220.0,4.670154548570715,4.045414822094896,-0.624739726475819,False,False
C06,C,0.02,FOUR,F_TRACKED,180.0,0.0,2.961966266148255,2.961966266148255,True,False
C06,C,0.02,FOUR,F_TRACKED,200.0,0.0,4.049648445615992,4.049648445615992,True,False
C06,C,0.02,FOUR,F_TRACKED,220.0,0.0,3.2882406654433693,3.2882406654433693,True,False
C06,C,0.02,FOUR,F_NOMINAL,180.0,2.3310663364985316,2.9875198393447047,0.6564535028461731,True,False
C06,C,0.02,FOUR,F_NOMINAL,200.0,3.3059871259233193,3.9149968701104902,0.6090097441871709,True,False
C06,C,0.02,FOUR,F_NOMINAL,220.0,3.2535810463095602,2.810969183705682,-0.4426118626038784,False,False
C07,C,0.0,201,F_TRACKED,180.0,0.0,1.6753841615860066,1.6753841615860066,True,False
C07,C,0.0,201,F_TRACKED,200.0,0.0,3.7537335020398745,3.7537335020398745,True,False
C07,C,0.0,201,F_TRACKED,220.0,0.0,1.4683813919226274,1.4683813919226274,True,False
C07,C,0.0,201,F_NOMINAL,180.0,0.0,1.6753841615860066,1.6753841615860066,True,False
C07,C,0.0,201,F_NOMINAL,200.0,0.0,3.7537335020398745,3.7537335020398745,True,False
C07,C,0.0,201,F_NOMINAL,220.0,0.0,1.4683813919226274,1.4683813919226274,True,False
C07,C,0.0,235,F_TRACKED,180.0,0.0,1.1264174595064345,1.1264174595064345,True,False
C07,C,0.0,235,F_TRACKED,200.0,0.0,0.9907614661070925,0.9907614661070925,True,False
C07,C,0.0,235,F_TRACKED,220.0,0.0,0.5085490373835813,0.5085490373835813,True,False
C07,C,0.0,235,F_NOMINAL,180.0,0.0,1.1264174595064345,1.1264174595064345,True,False
C07,C,0.0,235,F_NOMINAL,200.0,0.0,0.9907614661070925,0.9907614661070925,True,False
C07,C,0.0,235,F_NOMINAL,220.0,0.0,0.5085490373835813,0.5085490373835813,True,False
C07,C,0.0,283,F_TRACKED,180.0,0.0,2.424157223165442,2.424157223165442,True,False
C07,C,0.0,283,F_TRACKED,200.0,0.0,4.109558973218711,4.109558973218711,True,False
C07,C,0.0,283,F_TRACKED,220.0,0.0,1.04456482534592,1.04456482534592,True,False
C07,C,0.0,283,F_NOMINAL,180.0,0.0,2.424157223165442,2.424157223165442,True,False
C07,C,0.0,283,F_NOMINAL,200.0,0.0,4.109558973218711,4.109558973218711,True,False
C07,C,0.0,283,F_NOMINAL,220.0,0.0,1.04456482534592,1.04456482534592,True,False
C07,C,0.0,338,F_TRACKED,180.0,0.0,2.5815543864447243,2.5815543864447243,True,False
C07,C,0.0,338,F_TRACKED,200.0,0.0,0.9148943909607166,0.9148943909607166,True,False
C07,C,0.0,338,F_TRACKED,220.0,0.0,1.1502200128039528,1.1502200128039528,True,False
C07,C,0.0,338,F_NOMINAL,180.0,0.0,2.5815543864447243,2.5815543864447243,True,False
C07,C,0.0,338,F_NOMINAL,200.0,0.0,0.9148943909607166,0.9148943909607166,True,False
C07,C,0.0,338,F_NOMINAL,220.0,0.0,1.1502200128039528,1.1502200128039528,True,False
C07,C,0.0,FOUR,F_TRACKED,180.0,0.0,3.896996873173147,3.896996873173147,True,False
C07,C,0.0,FOUR,F_TRACKED,200.0,0.0,4.66271333556054,4.66271333556054,True,False
C07,C,0.0,FOUR,F_TRACKED,220.0,0.0,1.5649742380187872,1.5649742380187872,True,False
C07,C,0.0,FOUR,F_NOMINAL,180.0,0.0,3.896996873173147,3.896996873173147,True,False
C07,C,0.0,FOUR,F_NOMINAL,200.0,0.0,4.66271333556054,4.66271333556054,True,False
C07,C,0.0,FOUR,F_NOMINAL,220.0,0.0,1.5649742380187872,1.5649742380187872,True,False
C07,C,0.0025,201,F_TRACKED,180.0,0.0,2.733968426937867,2.733968426937867,True,False
C07,C,0.0025,201,F_TRACKED,200.0,0.0,2.675618824522099,2.675618824522099,True,False
C07,C,0.0025,201,F_TRACKED,220.0,0.0,7.025258798409826,7.025258798409826,True,False
C07,C,0.0025,201,F_NOMINAL,180.0,2.397054640513674,2.005466666151906,-0.39158797436176807,False,False
C07,C,0.0025,201,F_NOMINAL,200.0,2.5947398024292587,2.5789130063493713,-0.015826796079887462,False,False
C07,C,0.0025,201,F_NOMINAL,220.0,7.098607110655408,4.61360342767151,-2.4850036829838977,False,False
C07,C,0.0025,235,F_TRACKED,180.0,0.0,2.47048990167194,2.47048990167194,True,False
C07,C,0.0025,235,F_TRACKED,200.0,0.0,3.191644230305465,3.191644230305465,True,False
C07,C,0.0025,235,F_TRACKED,220.0,0.0,2.0308349832097186,2.0308349832097186,True,False
C07,C,0.0025,235,F_NOMINAL,180.0,1.9315301683945194,2.353643738565987,0.42211357017146756,True,False
C07,C,0.0025,235,F_NOMINAL,200.0,3.0870129018762578,3.218940906053734,0.1319280041774764,True,False
C07,C,0.0025,235,F_NOMINAL,220.0,1.6405649205851096,1.4688720727695528,-0.17169284781555683,False,False
C07,C,0.0025,283,F_TRACKED,180.0,0.0,4.354943069011252,4.354943069011252,True,False
C07,C,0.0025,283,F_TRACKED,200.0,0.0,2.9624325468977797,2.9624325468977797,True,False
C07,C,0.0025,283,F_TRACKED,220.0,0.0,1.0967160154126938,1.0967160154126938,True,False
C07,C,0.0025,283,F_NOMINAL,180.0,4.052068012922434,4.24547632949183,0.19340831656939628,True,False
C07,C,0.0025,283,F_NOMINAL,200.0,2.5712035286989074,2.9091894546911194,0.337985925992212,True,False
C07,C,0.0025,283,F_NOMINAL,220.0,0.44621201092722546,1.124021348224292,0.6778093372970666,True,False
C07,C,0.0025,338,F_TRACKED,180.0,0.0,3.234461539173652,3.234461539173652,True,False
C07,C,0.0025,338,F_TRACKED,200.0,0.0,3.831218727146264,3.831218727146264,True,False
C07,C,0.0025,338,F_TRACKED,220.0,0.0,3.4709387664309843,3.4709387664309843,True,False
C07,C,0.0025,338,F_NOMINAL,180.0,3.311911264632546,2.788380209208663,-0.523531055423883,False,False
C07,C,0.0025,338,F_NOMINAL,200.0,4.001141694872241,2.8118622314803776,-1.1892794633918635,False,False
C07,C,0.0025,338,F_NOMINAL,220.0,3.1439457017315933,3.255642259590358,0.11169655785876476,True,False
C07,C,0.0025,FOUR,F_TRACKED,180.0,0.0,4.313706757931173,4.313706757931173,True,False
C07,C,0.0025,FOUR,F_TRACKED,200.0,0.0,4.20020612896588,4.20020612896588,True,False
C07,C,0.0025,FOUR,F_TRACKED,220.0,0.0,4.505057216926215,4.505057216926215,True,False
C07,C,0.0025,FOUR,F_NOMINAL,180.0,3.6186573963187345,3.9460065442034544,0.3273491478847199,True,False
C07,C,0.0025,FOUR,F_NOMINAL,200.0,3.47741569322652,3.920619338933211,0.44320364570669124,True,False
C07,C,0.0025,FOUR,F_NOMINAL,220.0,4.439736872518648,3.1391180696997245,-1.3006188028189238,False,False
C07,C,0.005,201,F_TRACKED,180.0,0.0,3.0767890505508766,3.0767890505508766,True,False
C07,C,0.005,201,F_TRACKED,200.0,0.0,3.6032045168407785,3.6032045168407785,True,False
C07,C,0.005,201,F_TRACKED,220.0,0.0,8.809699892897582,8.809699892897582,True,False
C07,C,0.005,201,F_NOMINAL,180.0,2.710712100975236,2.603197799523706,-0.10751430145153007,False,False
C07,C,0.005,201,F_NOMINAL,200.0,2.9824607866048183,2.6417420909174827,-0.3407186956873356,False,False
C07,C,0.005,201,F_NOMINAL,220.0,8.969841829872745,8.410695308020793,-0.559146521851952,False,False
C07,C,0.005,235,F_TRACKED,180.0,0.0,2.8261621985662564,2.8261621985662564,True,False
C07,C,0.005,235,F_TRACKED,200.0,0.0,2.9072763547884253,2.9072763547884253,True,False
C07,C,0.005,235,F_TRACKED,220.0,0.0,2.386076572830673,2.386076572830673,True,False
C07,C,0.005,235,F_NOMINAL,180.0,1.300747756292234,2.941603753793024,1.6408559975007901,True,False
C07,C,0.005,235,F_NOMINAL,200.0,2.508139719294708,2.6101349514578946,0.10199523216318651,True,False
C07,C,0.005,235,F_NOMINAL,220.0,1.6457852496993057,2.2084389139555554,0.5626536642562496,True,False
C07,C,0.005,283,F_TRACKED,180.0,0.0,2.68068000594078,2.68068000594078,True,False
C07,C,0.005,283,F_TRACKED,200.0,0.0,3.167255021006544,3.167255021006544,True,False
C07,C,0.005,283,F_TRACKED,220.0,0.0,1.3930319261713378,1.3930319261713378,True,False
C07,C,0.005,283,F_NOMINAL,180.0,2.3753276751718704,2.384619707518551,0.009292032346680745,True,False
C07,C,0.005,283,F_NOMINAL,200.0,3.297003218692961,2.922317133669969,-0.3746860850229923,False,False
C07,C,0.005,283,F_NOMINAL,220.0,1.1128124733761944,1.5271977012082294,0.414385227832035,True,False
C07,C,0.005,338,F_TRACKED,180.0,0.0,3.717974413562025,3.717974413562025,True,False
C07,C,0.005,338,F_TRACKED,200.0,0.0,5.090904925960973,5.090904925960973,True,False
C07,C,0.005,338,F_TRACKED,220.0,0.0,3.4151619197617786,3.4151619197617786,True,False
C07,C,0.005,338,F_NOMINAL,180.0,4.049645527199279,3.963623546590784,-0.08602198060849497,False,False
C07,C,0.005,338,F_NOMINAL,200.0,4.674153127879084,5.105548024496894,0.4313948966178103,True,False
C07,C,0.005,338,F_NOMINAL,220.0,3.307557196389366,3.124554714581679,-0.1830024818076872,False,False
C07,C,0.005,FOUR,F_TRACKED,180.0,0.0,3.6662348679629075,3.6662348679629075,True,False
C07,C,0.005,FOUR,F_TRACKED,200.0,0.0,4.289808295105834,4.289808295105834,True,False
C07,C,0.005,FOUR,F_TRACKED,220.0,0.0,5.3300186632618365,5.3300186632618365,True,False
C07,C,0.005,FOUR,F_NOMINAL,180.0,3.293110911245102,3.533986944144447,0.24087603289934512,True,False
C07,C,0.005,FOUR,F_NOMINAL,200.0,4.058982939683407,4.329095525763167,0.27011258607975996,True,False
C07,C,0.005,FOUR,F_NOMINAL,220.0,5.199852912551881,5.102642497466871,-0.09721041508501038,False,False
C07,C,0.01,201,F_TRACKED,180.0,0.0,2.2267523229938027,2.2267523229938027,True,False
C07,C,0.01,201,F_TRACKED,200.0,0.0,3.2888303586222576,3.2888303586222576,True,False
C07,C,0.01,201,F_TRACKED,220.0,0.0,2.074421142132261,2.074421142132261,True,False
C07,C,0.01,201,F_NOMINAL,180.0,1.2628994932861122,2.4587919088355656,1.1958924155494535,True,False
C07,C,0.01,201,F_NOMINAL,200.0,0.9335569503177785,2.920716278218688,1.9871593279009097,True,False
C07,C,0.01,201,F_NOMINAL,220.0,2.3007831382759205,2.4592362791822895,0.15845314090636897,True,False
C07,C,0.01,235,F_TRACKED,180.0,0.0,1.973472497312436,1.973472497312436,True,False
C07,C,0.01,235,F_TRACKED,200.0,0.0,1.7516377206219245,1.7516377206219245,True,False
C07,C,0.01,235,F_TRACKED,220.0,0.0,1.8216693260501118,1.8216693260501118,True,False
C07,C,0.01,235,F_NOMINAL,180.0,1.745075893390233,1.964513599311641,0.21943770592140788,True,False
C07,C,0.01,235,F_NOMINAL,200.0,1.529321288931587,1.5286741902229415,-0.0006470987086455438,False,False
C07,C,0.01,235,F_NOMINAL,220.0,0.721361280878844,1.4718675104741878,0.7505062295953439,True,False
C07,C,0.01,283,F_TRACKED,180.0,0.0,2.3671222088978667,2.3671222088978667,True,False
C07,C,0.01,283,F_TRACKED,200.0,0.0,3.4512033548693064,3.4512033548693064,True,False
C07,C,0.01,283,F_TRACKED,220.0,0.0,1.5382813056836733,1.5382813056836733,True,False
C07,C,0.01,283,F_NOMINAL,180.0,2.108314119061452,2.1215253597036945,0.013211240642242661,True,False
C07,C,0.01,283,F_NOMINAL,200.0,3.5132432352621015,3.0578983750711766,-0.4553448601909249,False,False
C07,C,0.01,283,F_NOMINAL,220.0,1.8090162425481833,1.9322466140339847,0.1232303714858014,True,False
C07,C,0.01,338,F_TRACKED,180.0,0.0,2.956925309678224,2.956925309678224,True,False
C07,C,0.01,338,F_TRACKED,200.0,0.0,2.947242140613163,2.947242140613163,True,False
C07,C,0.01,338,F_TRACKED,220.0,0.0,3.348704296498604,3.348704296498604,True,False
C07,C,0.01,338,F_NOMINAL,180.0,2.67876787087619,2.3877404872153534,-0.2910273836608366,False,False
C07,C,0.01,338,F_NOMINAL,200.0,2.621393701131323,1.755427743870977,-0.865965957260346,False,False
C07,C,0.01,338,F_NOMINAL,220.0,2.8289888056148786,3.2506203307183514,0.4216315251034728,True,False
C07,C,0.01,FOUR,F_TRACKED,180.0,0.0,3.375122911692232,3.375122911692232,True,False
C07,C,0.01,FOUR,F_TRACKED,200.0,0.0,3.683460338667578,3.683460338667578,True,False
C07,C,0.01,FOUR,F_TRACKED,220.0,0.0,2.8861289018495166,2.8861289018495166,True,False
C07,C,0.01,FOUR,F_NOMINAL,180.0,2.53730841660732,3.0432374856288384,0.5059290690215184,True,False
C07,C,0.01,FOUR,F_NOMINAL,200.0,2.7201319262194272,3.2359056708268574,0.5157737446074302,True,False
C07,C,0.01,FOUR,F_NOMINAL,220.0,2.0998486536422956,2.8855610529837783,0.7857123993414827,True,False
C07,C,0.02,201,F_TRACKED,180.0,0.0,1.293288106727397,1.293288106727397,True,False
C07,C,0.02,201,F_TRACKED,200.0,0.0,2.410778276517359,2.410778276517359,True,False
C07,C,0.02,201,F_TRACKED,220.0,0.0,2.506160237677075,2.506160237677075,True,False
C07,C,0.02,201,F_NOMINAL,180.0,1.093861160624357,1.900976659966699,0.8071154993423422,True,False
C07,C,0.02,201,F_NOMINAL,200.0,1.3692427315055187,2.4293233377864536,1.060080606280935,True,False
C07,C,0.02,201,F_NOMINAL,220.0,1.6829106618381782,2.405717864136404,0.7228072022982257,True,False
C07,C,0.02,235,F_TRACKED,180.0,0.0,2.7189005735856053,2.7189005735856053,True,False
C07,C,0.02,235,F_TRACKED,200.0,0.0,2.254920874652353,2.254920874652353,True,False
C07,C,0.02,235,F_TRACKED,220.0,0.0,2.8547821905719415,2.8547821905719415,True,False
C07,C,0.02,235,F_NOMINAL,180.0,1.4130034005426588,1.901950691975229,0.4889472914325701,True,False
C07,C,0.02,235,F_NOMINAL,200.0,2.1052029421051897,2.3745556399628036,0.26935269785761395,True,False
C07,C,0.02,235,F_NOMINAL,220.0,1.6979009938464071,2.1806841917518556,0.48278319790544844,True,False
C07,C,0.02,283,F_TRACKED,180.0,0.0,2.36644807539016,2.36644807539016,True,False
C07,C,0.02,283,F_TRACKED,200.0,0.0,3.4703012837340936,3.4703012837340936,True,False
C07,C,0.02,283,F_TRACKED,220.0,0.0,1.7143536838627829,1.7143536838627829,True,False
C07,C,0.02,283,F_NOMINAL,180.0,1.705864339564977,1.7397761991726821,0.03391185960770504,True,False
C07,C,0.02,283,F_NOMINAL,200.0,3.3364090180362953,2.865194116603742,-0.4712149014325533,False,False
C07,C,0.02,283,F_NOMINAL,220.0,1.210537447290427,1.5326152929109012,0.32207784562047426,True,False
C07,C,0.02,338,F_TRACKED,180.0,0.0,3.2084361937811066,3.2084361937811066,True,False
C07,C,0.02,338,F_TRACKED,200.0,0.0,3.5918545965139446,3.5918545965139446,True,False
C07,C,0.02,338,F_TRACKED,220.0,0.0,2.9669426818988187,2.9669426818988187,True,False
C07,C,0.02,338,F_NOMINAL,180.0,2.9310645082178226,3.1672161372342833,0.2361516290164607,True,False
C07,C,0.02,338,F_NOMINAL,200.0,3.08791067523509,2.98620784289607,-0.10170283233901989,False,False
C07,C,0.02,338,F_NOMINAL,220.0,2.6934854447573904,3.4056469706256425,0.7121615258682521,True,False
C07,C,0.02,FOUR,F_TRACKED,180.0,0.0,3.23726529235062,3.23726529235062,True,False
C07,C,0.02,FOUR,F_TRACKED,200.0,0.0,3.663458522228582,3.663458522228582,True,False
C07,C,0.02,FOUR,F_TRACKED,220.0,0.0,3.1046251610059885,3.1046251610059885,True,False
C07,C,0.02,FOUR,F_NOMINAL,180.0,2.056029215952534,2.7221000841164,0.6660708681638656,True,False
C07,C,0.02,FOUR,F_NOMINAL,200.0,3.20264755663729,3.305779351649933,0.10313179501264313,True,False
C07,C,0.02,FOUR,F_NOMINAL,220.0,2.7570665102778276,2.9944111683577663,0.23734465807993876,True,False
C08,C,0.0,201,F_TRACKED,180.0,0.0,2.883642720074998,2.883642720074998,True,False
C08,C,0.0,201,F_TRACKED,200.0,0.0,4.7355300158616815,4.7355300158616815,True,False
C08,C,0.0,201,F_TRACKED,220.0,0.0,1.8387313802862562,1.8387313802862562,True,False
C08,C,0.0,201,F_NOMINAL,180.0,0.0,2.883642720074998,2.883642720074998,True,False
C08,C,0.0,201,F_NOMINAL,200.0,0.0,4.7355300158616815,4.7355300158616815,True,False
C08,C,0.0,201,F_NOMINAL,220.0,0.0,1.8387313802862562,1.8387313802862562,True,False
C08,C,0.0,235,F_TRACKED,180.0,0.0,1.5389688566128548,1.5389688566128548,True,False
C08,C,0.0,235,F_TRACKED,200.0,0.0,1.402662285612565,1.402662285612565,True,False
C08,C,0.0,235,F_TRACKED,220.0,0.0,1.1807981053251118,1.1807981053251118,True,False
C08,C,0.0,235,F_NOMINAL,180.0,0.0,1.5389688566128548,1.5389688566128548,True,False
C08,C,0.0,235,F_NOMINAL,200.0,0.0,1.402662285612565,1.402662285612565,True,False
C08,C,0.0,235,F_NOMINAL,220.0,0.0,1.1807981053251118,1.1807981053251118,True,False
C08,C,0.0,283,F_TRACKED,180.0,0.0,4.595328522317409,4.595328522317409,True,False
C08,C,0.0,283,F_TRACKED,200.0,0.0,3.9294392348790352,3.9294392348790352,True,False
C08,C,0.0,283,F_TRACKED,220.0,0.0,1.7569384330303264,1.7569384330303264,True,False
C08,C,0.0,283,F_NOMINAL,180.0,0.0,4.595328522317409,4.595328522317409,True,False
C08,C,0.0,283,F_NOMINAL,200.0,0.0,3.9294392348790352,3.9294392348790352,True,False
C08,C,0.0,283,F_NOMINAL,220.0,0.0,1.7569384330303264,1.7569384330303264,True,False
C08,C,0.0,338,F_TRACKED,180.0,0.0,2.434920983365859,2.434920983365859,True,False
C08,C,0.0,338,F_TRACKED,200.0,0.0,1.032060082147273,1.032060082147273,True,False
C08,C,0.0,338,F_TRACKED,220.0,0.0,1.57931507579533,1.57931507579533,True,False
C08,C,0.0,338,F_NOMINAL,180.0,0.0,2.434920983365859,2.434920983365859,True,False
C08,C,0.0,338,F_NOMINAL,200.0,0.0,1.032060082147273,1.032060082147273,True,False
C08,C,0.0,338,F_NOMINAL,220.0,0.0,1.57931507579533,1.57931507579533,True,False
C08,C,0.0,FOUR,F_TRACKED,180.0,0.0,4.508923869012625,4.508923869012625,True,False
C08,C,0.0,FOUR,F_TRACKED,200.0,0.0,4.702789332221676,4.702789332221676,True,False
C08,C,0.0,FOUR,F_TRACKED,220.0,0.0,2.011340912688641,2.011340912688641,True,False
C08,C,0.0,FOUR,F_NOMINAL,180.0,0.0,4.508923869012625,4.508923869012625,True,False
C08,C,0.0,FOUR,F_NOMINAL,200.0,0.0,4.702789332221676,4.702789332221676,True,False
C08,C,0.0,FOUR,F_NOMINAL,220.0,0.0,2.011340912688641,2.011340912688641,True,False
C08,C,0.0025,201,F_TRACKED,180.0,0.0,2.714852641199114,2.714852641199114,True,False
C08,C,0.0025,201,F_TRACKED,200.0,0.0,3.051254704900848,3.051254704900848,True,False
C08,C,0.0025,201,F_TRACKED,220.0,0.0,5.6927684528037075,5.6927684528037075,True,False
C08,C,0.0025,201,F_NOMINAL,180.0,2.0843668109354017,3.107146254270904,1.0227794433355024,True,False
C08,C,0.0025,201,F_NOMINAL,200.0,1.804420935070652,3.207266664773726,1.402845729703074,True,False
C08,C,0.0025,201,F_NOMINAL,220.0,5.5319487300702095,5.961480580032803,0.4295318499625935,True,False
C08,C,0.0025,235,F_TRACKED,180.0,0.0,3.478001722208707,3.478001722208707,True,False
C08,C,0.0025,235,F_TRACKED,200.0,0.0,3.6418826976262824,3.6418826976262824,True,False
C08,C,0.0025,235,F_TRACKED,220.0,0.0,2.0112059873377275,2.0112059873377275,True,False
C08,C,0.0025,235,F_NOMINAL,180.0,3.1907399406680983,3.481917898441239,0.2911779577731406,True,False
C08,C,0.0025,235,F_NOMINAL,200.0,2.989261248999117,3.6854530079454926,0.6961917589463757,True,False
C08,C,0.0025,235,F_NOMINAL,220.0,2.4701873250583217,2.267024339088732,-0.20316298596958982,False,False
C08,C,0.0025,283,F_TRACKED,180.0,0.0,4.372181188430602,4.372181188430602,True,False
C08,C,0.0025,283,F_TRACKED,200.0,0.0,2.8549831803724675,2.8549831803724675,True,False
C08,C,0.0025,283,F_TRACKED,220.0,0.0,1.4593776409168366,1.4593776409168366,True,False
C08,C,0.0025,283,F_NOMINAL,180.0,3.9500409743020968,4.343235110285198,0.39319413598310105,True,False
C08,C,0.0025,283,F_NOMINAL,200.0,2.9585484555341415,3.107554427525836,0.14900597199169452,True,False
C08,C,0.0025,283,F_NOMINAL,220.0,0.7487465193581025,1.6428744740451227,0.8941279546870201,True,False
C08,C,0.0025,338,F_TRACKED,180.0,0.0,4.111056260275701,4.111056260275701,True,False
C08,C,0.0025,338,F_TRACKED,200.0,0.0,3.787926375291846,3.787926375291846,True,False
C08,C,0.0025,338,F_TRACKED,220.0,0.0,3.4093887032657118,3.4093887032657118,True,False
C08,C,0.0025,338,F_NOMINAL,180.0,3.923470723270296,4.1856843978391725,0.26221367456887634,True,False
C08,C,0.0025,338,F_NOMINAL,200.0,4.20358236084291,4.279910576860443,0.07632821601753292,True,False
C08,C,0.0025,338,F_NOMINAL,220.0,3.268278748303194,3.4415590567937975,0.17328030849060339,True,False
C08,C,0.0025,FOUR,F_TRACKED,180.0,0.0,4.627556964528608,4.627556964528608,True,False
C08,C,0.0025,FOUR,F_TRACKED,200.0,0.0,4.436709577105533,4.436709577105533,True,False
C08,C,0.0025,FOUR,F_TRACKED,220.0,0.0,3.7936605896045275,3.7936605896045275,True,False
C08,C,0.0025,FOUR,F_NOMINAL,180.0,3.7737179436180126,4.45973584292944,0.6860178993114276,True,False
C08,C,0.0025,FOUR,F_NOMINAL,200.0,3.228464452412275,4.3308860513952,1.1024215989829247,True,False
C08,C,0.0025,FOUR,F_NOMINAL,220.0,3.9113194008996617,4.376567423176912,0.46524802227725015,True,False
C08,C,0.005,201,F_TRACKED,180.0,0.0,3.4891567702239397,3.4891567702239397,True,False
C08,C,0.005,201,F_TRACKED,200.0,0.0,2.790019552846341,2.790019552846341,True,False
C08,C,0.005,201,F_TRACKED,220.0,0.0,7.127572133822557,7.127572133822557,True,False
C08,C,0.005,201,F_NOMINAL,180.0,2.685061429342975,3.700440584639788,1.015379155296813,True,False
C08,C,0.005,201,F_NOMINAL,200.0,2.199441754100578,3.25673415361659,1.0572923995160117,True,False
C08,C,0.005,201,F_NOMINAL,220.0,7.01248853113197,6.82240607085591,-0.19008246027605935,False,False
C08,C,0.005,235,F_TRACKED,180.0,0.0,3.8431192955091023,3.8431192955091023,True,False
C08,C,0.005,235,F_TRACKED,200.0,0.0,3.281794130089324,3.281794130089324,True,False
C08,C,0.005,235,F_TRACKED,220.0,0.0,2.6946027812108913,2.6946027812108913,True,False
C08,C,0.005,235,F_NOMINAL,180.0,3.0978184679067073,4.068982863077629,0.9711643951709217,True,False
C08,C,0.005,235,F_NOMINAL,200.0,3.0288129448860324,3.4133965341400825,0.3845835892540501,True,False
C08,C,0.005,235,F_NOMINAL,220.0,2.3016552115866564,2.7598558155176978,0.45820060393104134,True,False
C08,C,0.005,283,F_TRACKED,180.0,0.0,3.5573382873866266,3.5573382873866266,True,False
C08,C,0.005,283,F_TRACKED,200.0,0.0,3.7134978537462815,3.7134978537462815,True,False
C08,C,0.005,283,F_TRACKED,220.0,0.0,1.9011131242916335,1.9011131242916335,True,False
C08,C,0.005,283,F_NOMINAL,180.0,3.453120252722615,3.7614745335286583,0.3083542808060433,True,False
C08,C,0.005,283,F_NOMINAL,200.0,3.483678636628564,3.1753584463619626,-0.3083201902666013,False,False
C08,C,0.005,283,F_NOMINAL,220.0,1.6512525630832158,1.7475037948488472,0.09625123176563144,True,False
C08,C,0.005,338,F_TRACKED,180.0,0.0,5.0888699448598045,5.0888699448598045,True,False
C08,C,0.005,338,F_TRACKED,200.0,0.0,4.9684815542073055,4.9684815542073055,True,False
C08,C,0.005,338,F_TRACKED,220.0,0.0,3.4905261693184846,3.4905261693184846,True,False
C08,C,0.005,338,F_NOMINAL,180.0,4.944693634242553,4.545297345104609,-0.3993962891379441,False,False
C08,C,0.005,338,F_NOMINAL,200.0,4.9662316900252055,5.007774022785828,0.04154233276062236,True,False
C08,C,0.005,338,F_NOMINAL,220.0,3.356047914595867,3.1180214912618944,-0.2380264233339724,False,False
C08,C,0.005,FOUR,F_TRACKED,180.0,0.0,4.457555420626307,4.457555420626307,True,False
C08,C,0.005,FOUR,F_TRACKED,200.0,0.0,4.3726852083983925,4.3726852083983925,True,False
C08,C,0.005,FOUR,F_TRACKED,220.0,0.0,4.707290404931272,4.707290404931272,True,False
C08,C,0.005,FOUR,F_NOMINAL,180.0,4.058346208606308,4.631476764505726,0.5731305558994189,True,False
C08,C,0.005,FOUR,F_NOMINAL,200.0,3.9485714031903822,4.276975003680074,0.32840360048969197,True,False
C08,C,0.005,FOUR,F_NOMINAL,220.0,4.648533254253768,4.237024495920747,-0.4115087583330208,False,False
C08,C,0.01,201,F_TRACKED,180.0,0.0,3.3267519389173255,3.3267519389173255,True,False
C08,C,0.01,201,F_TRACKED,200.0,0.0,3.3056308611503473,3.3056308611503473,True,False
C08,C,0.01,201,F_TRACKED,220.0,0.0,3.4421762117580736,3.4421762117580736,True,False
C08,C,0.01,201,F_NOMINAL,180.0,1.5594248550059187,3.6210203038764175,2.0615954488704986,True,False
C08,C,0.01,201,F_NOMINAL,200.0,0.9260242918511512,3.7096662164598215,2.7836419246086703,True,False
C08,C,0.01,201,F_NOMINAL,220.0,2.6464348292775073,3.3792890235961273,0.73285419431862,True,False
C08,C,0.01,235,F_TRACKED,180.0,0.0,1.8426277571961829,1.8426277571961829,True,False
C08,C,0.01,235,F_TRACKED,200.0,0.0,1.84129365259925,1.84129365259925,True,False
C08,C,0.01,235,F_TRACKED,220.0,0.0,1.460675938810482,1.460675938810482,True,False
C08,C,0.01,235,F_NOMINAL,180.0,1.4779661379592632,2.164602818253491,0.6866366802942279,True,False
C08,C,0.01,235,F_NOMINAL,200.0,1.9724592068868787,2.156623029869237,0.18416382298235834,True,False
C08,C,0.01,235,F_NOMINAL,220.0,1.0904059411333211,1.5669941952113657,0.4765882540780446,True,False
C08,C,0.01,283,F_TRACKED,180.0,0.0,3.4537300330601615,3.4537300330601615,True,False
C08,C,0.01,283,F_TRACKED,200.0,0.0,3.104321479283632,3.104321479283632,True,False
C08,C,0.01,283,F_TRACKED,220.0,0.0,2.022787717427415,2.022787717427415,True,False
C08,C,0.01,283,F_NOMINAL,180.0,3.4389713588673043,3.6203854088320813,0.18141404996477695,True,False
C08,C,0.01,283,F_NOMINAL,200.0,3.5397961964634406,3.29007847333338,-0.2497177231300607,False,False
C08,C,0.01,283,F_NOMINAL,220.0,1.864518520589169,1.943438828904837,0.07892030831566799,True,False
C08,C,0.01,338,F_TRACKED,180.0,0.0,2.489810684986826,2.489810684986826,True,False
C08,C,0.01,338,F_TRACKED,200.0,0.0,3.359340469148431,3.359340469148431,True,False
C08,C,0.01,338,F_TRACKED,220.0,0.0,2.8710866057112083,2.8710866057112083,True,False
C08,C,0.01,338,F_NOMINAL,180.0,2.226216139723308,2.7202920465802056,0.4940759068568976,True,False
C08,C,0.01,338,F_NOMINAL,200.0,2.7149113340936926,3.349470811105535,0.6345594770118423,True,False
C08,C,0.01,338,F_NOMINAL,220.0,2.13348931514006,2.842529648201106,0.7090403330610462,True,False
C08,C,0.01,FOUR,F_TRACKED,180.0,0.0,3.750663156470591,3.750663156470591,True,False
C08,C,0.01,FOUR,F_TRACKED,200.0,0.0,3.7814548779437196,3.7814548779437196,True,False
C08,C,0.01,FOUR,F_TRACKED,220.0,0.0,2.9821636016983173,2.9821636016983173,True,False
C08,C,0.01,FOUR,F_NOMINAL,180.0,2.7973456106857832,3.5904981215569807,0.7931525108711974,True,False
C08,C,0.01,FOUR,F_NOMINAL,200.0,2.6954376912777107,3.7040625432165752,1.0086248519388645,True,False
C08,C,0.01,FOUR,F_NOMINAL,220.0,2.3567948600745745,2.8974584896213216,0.5406636295467471,True,False
C08,C,0.02,201,F_TRACKED,180.0,0.0,2.4113531007172773,2.4113531007172773,True,False
C08,C,0.02,201,F_TRACKED,200.0,0.0,3.9456341520545752,3.9456341520545752,True,False
C08,C,0.02,201,F_TRACKED,220.0,0.0,3.9920987887434265,3.9920987887434265,True,False
C08,C,0.02,201,F_NOMINAL,180.0,1.0981240386566904,2.544147714805911,1.4460236761492207,True,False
C08,C,0.02,201,F_NOMINAL,200.0,1.28380375447807,3.897443084066414,2.6136393295883438,True,False
C08,C,0.02,201,F_NOMINAL,220.0,2.387398152094539,2.9235764648969687,0.5361783128024298,True,False
C08,C,0.02,235,F_TRACKED,180.0,0.0,1.566588662382592,1.566588662382592,True,False
C08,C,0.02,235,F_TRACKED,200.0,0.0,2.767149455235638,2.767149455235638,True,False
C08,C,0.02,235,F_TRACKED,220.0,0.0,1.7055217535205291,1.7055217535205291,True,False
C08,C,0.02,235,F_NOMINAL,180.0,1.5405072395193316,1.8657426545203046,0.3252354150009731,True,False
C08,C,0.02,235,F_NOMINAL,200.0,2.246053590831396,2.7237160687927977,0.4776624779614016,True,False
C08,C,0.02,235,F_NOMINAL,220.0,1.5849936080086253,1.6539220366328578,0.06892842862423243,True,False
C08,C,0.02,283,F_TRACKED,180.0,0.0,3.460348507479666,3.460348507479666,True,False
C08,C,0.02,283,F_TRACKED,200.0,0.0,3.856120179491156,3.856120179491156,True,False
C08,C,0.02,283,F_TRACKED,220.0,0.0,2.365236571946338,2.365236571946338,True,False
C08,C,0.02,283,F_NOMINAL,180.0,2.9584711018323833,3.169737728976665,0.21126662714428157,True,False
C08,C,0.02,283,F_NOMINAL,200.0,3.3989507020574194,3.024864261757219,-0.37408644030020044,False,False
C08,C,0.02,283,F_NOMINAL,220.0,1.2166151027779146,1.8238467213146352,0.6072316185367206,True,False
C08,C,0.02,338,F_TRACKED,180.0,0.0,3.186481256978399,3.186481256978399,True,False
C08,C,0.02,338,F_TRACKED,200.0,0.0,3.5167369729696034,3.5167369729696034,True,False
C08,C,0.02,338,F_TRACKED,220.0,0.0,2.1623177996423997,2.1623177996423997,True,False
C08,C,0.02,338,F_NOMINAL,180.0,2.61543299312048,2.515348192729991,-0.10008480039048884,False,False
C08,C,0.02,338,F_NOMINAL,200.0,3.1382917162469437,3.0865496016242298,-0.05174211462271394,False,False
C08,C,0.02,338,F_NOMINAL,220.0,1.0785115364441813,1.436707379685427,0.35819584324124576,True,False
C08,C,0.02,FOUR,F_TRACKED,180.0,0.0,3.3491349219611726,3.3491349219611726,True,False
C08,C,0.02,FOUR,F_TRACKED,200.0,0.0,4.307629536911898,4.307629536911898,True,False
C08,C,0.02,FOUR,F_TRACKED,220.0,0.0,3.086625300867027,3.086625300867027,True,False
C08,C,0.02,FOUR,F_NOMINAL,180.0,2.432114089896652,3.196343329195777,0.7642292392991252,True,False
C08,C,0.02,FOUR,F_NOMINAL,200.0,3.0183042315026696,3.7268612616206207,0.7085570301179511,True,False
C08,C,0.02,FOUR,F_NOMINAL,220.0,2.1848304997274512,2.684164001734744,0.49933350200729265,True,False
C09,C,0.0,201,F_TRACKED,180.0,0.0,1.6723409333965913,1.6723409333965913,True,False
C09,C,0.0,201,F_TRACKED,200.0,0.0,3.757868074564376,3.757868074564376,True,False
C09,C,0.0,201,F_TRACKED,220.0,0.0,1.4138991615895249,1.4138991615895249,True,False
C09,C,0.0,201,F_NOMINAL,180.0,0.0,1.6723409333965913,1.6723409333965913,True,False
C09,C,0.0,201,F_NOMINAL,200.0,0.0,3.757868074564376,3.757868074564376,True,False
C09,C,0.0,201,F_NOMINAL,220.0,0.0,1.4138991615895249,1.4138991615895249,True,False
C09,C,0.0,235,F_TRACKED,180.0,0.0,1.2037303265756347,1.2037303265756347,True,False
C09,C,0.0,235,F_TRACKED,200.0,0.0,0.8055543305829149,0.8055543305829149,True,False
C09,C,0.0,235,F_TRACKED,220.0,0.0,0.5382130298487402,0.5382130298487402,True,False
C09,C,0.0,235,F_NOMINAL,180.0,0.0,1.2037303265756347,1.2037303265756347,True,False
C09,C,0.0,235,F_NOMINAL,200.0,0.0,0.8055543305829149,0.8055543305829149,True,False
C09,C,0.0,235,F_NOMINAL,220.0,0.0,0.5382130298487402,0.5382130298487402,True,False
C09,C,0.0,283,F_TRACKED,180.0,0.0,2.1346739429585795,2.1346739429585795,True,False
C09,C,0.0,283,F_TRACKED,200.0,0.0,4.12788941415131,4.12788941415131,True,False
C09,C,0.0,283,F_TRACKED,220.0,0.0,1.0201286698656684,1.0201286698656684,True,False
C09,C,0.0,283,F_NOMINAL,180.0,0.0,2.1346739429585795,2.1346739429585795,True,False
C09,C,0.0,283,F_NOMINAL,200.0,0.0,4.12788941415131,4.12788941415131,True,False
C09,C,0.0,283,F_NOMINAL,220.0,0.0,1.0201286698656684,1.0201286698656684,True,False
C09,C,0.0,338,F_TRACKED,180.0,0.0,2.6156943565925976,2.6156943565925976,True,False
C09,C,0.0,338,F_TRACKED,200.0,0.0,0.9232191308051282,0.9232191308051282,True,False
C09,C,0.0,338,F_TRACKED,220.0,0.0,1.1879786054871633,1.1879786054871633,True,False
C09,C,0.0,338,F_NOMINAL,180.0,0.0,2.6156943565925976,2.6156943565925976,True,False
C09,C,0.0,338,F_NOMINAL,200.0,0.0,0.9232191308051282,0.9232191308051282,True,False
C09,C,0.0,338,F_NOMINAL,220.0,0.0,1.1879786054871633,1.1879786054871633,True,False
C09,C,0.0,FOUR,F_TRACKED,180.0,0.0,3.840047379131903,3.840047379131903,True,False
C09,C,0.0,FOUR,F_TRACKED,200.0,0.0,4.650253334727409,4.650253334727409,True,False
C09,C,0.0,FOUR,F_TRACKED,220.0,0.0,1.5715294286201695,1.5715294286201695,True,False
C09,C,0.0,FOUR,F_NOMINAL,180.0,0.0,3.840047379131903,3.840047379131903,True,False
C09,C,0.0,FOUR,F_NOMINAL,200.0,0.0,4.650253334727409,4.650253334727409,True,False
C09,C,0.0,FOUR,F_NOMINAL,220.0,0.0,1.5715294286201695,1.5715294286201695,True,False
C09,C,0.0025,201,F_TRACKED,180.0,0.0,2.760744279776388,2.760744279776388,True,False
C09,C,0.0025,201,F_TRACKED,200.0,0.0,2.698580000667546,2.698580000667546,True,False
C09,C,0.0025,201,F_TRACKED,220.0,0.0,7.039512589966604,7.039512589966604,True,False
C09,C,0.0025,201,F_NOMINAL,180.0,2.485526934080187,1.9886886538846196,-0.4968382801955675,False,False
C09,C,0.0025,201,F_NOMINAL,200.0,2.6738240841921286,2.5515859852912772,-0.12223809890085136,False,False
C09,C,0.0025,201,F_NOMINAL,220.0,7.159631810636649,4.609590023798985,-2.5500417868376646,False,False
C09,C,0.0025,235,F_TRACKED,180.0,0.0,2.3296708154973778,2.3296708154973778,True,False
C09,C,0.0025,235,F_TRACKED,200.0,0.0,3.1900934128049454,3.1900934128049454,True,False
C09,C,0.0025,235,F_TRACKED,220.0,0.0,2.0358244860527748,2.0358244860527748,True,False
C09,C,0.0025,235,F_NOMINAL,180.0,1.7342709678285952,2.2447340964732487,0.5104631286446535,True,False
C09,C,0.0025,235,F_NOMINAL,200.0,3.1348046258085804,3.2164988367751395,0.08169421096655904,True,False
C09,C,0.0025,235,F_NOMINAL,220.0,1.5606032407474006,1.4667428052721296,-0.09386043547527101,False,False
C09,C,0.0025,283,F_TRACKED,180.0,0.0,4.3416399428742505,4.3416399428742505,True,False
C09,C,0.0025,283,F_TRACKED,200.0,0.0,2.9632713670082897,2.9632713670082897,True,False
C09,C,0.0025,283,F_TRACKED,220.0,0.0,1.119907224168729,1.119907224168729,True,False
C09,C,0.0025,283,F_NOMINAL,180.0,4.1513823003969605,4.2508204635116655,0.09943816311470499,True,False
C09,C,0.0025,283,F_NOMINAL,200.0,2.608534085588355,2.9103196455108042,0.30178555992244904,True,False
C09,C,0.0025,283,F_NOMINAL,220.0,0.423079104341503,1.1397851483915669,0.7167060440500639,True,False
C09,C,0.0025,338,F_TRACKED,180.0,0.0,3.2418348163095585,3.2418348163095585,True,False
C09,C,0.0025,338,F_TRACKED,200.0,0.0,3.9327407518727555,3.9327407518727555,True,False
C09,C,0.0025,338,F_TRACKED,220.0,0.0,3.463929895696083,3.463929895696083,True,False
C09,C,0.0025,338,F_NOMINAL,180.0,3.3153883569953884,2.755306688856065,-0.5600816681393233,False,False
C09,C,0.0025,338,F_NOMINAL,200.0,4.145669850009662,2.899144328020875,-1.2465255219887865,False,False
C09,C,0.0025,338,F_NOMINAL,220.0,3.166004026691661,3.2460304151638186,0.0800263884721577,True,False
C09,C,0.0025,FOUR,F_TRACKED,180.0,0.0,4.304230236392839,4.304230236392839,True,False
C09,C,0.0025,FOUR,F_TRACKED,200.0,0.0,4.24762593019634,4.24762593019634,True,False
C09,C,0.0025,FOUR,F_TRACKED,220.0,0.0,4.506726169832554,4.506726169832554,True,False
C09,C,0.0025,FOUR,F_NOMINAL,180.0,3.592262629480325,3.925622928152266,0.33336029867194084,True,False
C09,C,0.0025,FOUR,F_NOMINAL,200.0,3.5876106534995014,3.9465934826764757,0.3589828291769743,True,False
C09,C,0.0025,FOUR,F_NOMINAL,220.0,4.45353103670735,3.134142249778344,-1.319388786929006,False,False
C09,C,0.005,201,F_TRACKED,180.0,0.0,3.050758246670861,3.050758246670861,True,False
C09,C,0.005,201,F_TRACKED,200.0,0.0,3.698003542563883,3.698003542563883,True,False
C09,C,0.005,201,F_TRACKED,220.0,0.0,8.810199990559747,8.810199990559747,True,False
C09,C,0.005,201,F_NOMINAL,180.0,2.721050543468559,2.597589495550528,-0.12346104791803114,False,False
C09,C,0.005,201,F_NOMINAL,200.0,3.0855842309634953,2.639324949729042,-0.44625928123445346,False,False
C09,C,0.005,201,F_NOMINAL,220.0,9.0156357621106,8.411442537363273,-0.604193224747327,False,False
C09,C,0.005,235,F_TRACKED,180.0,0.0,2.5748682487323005,2.5748682487323005,True,False
C09,C,0.005,235,F_TRACKED,200.0,0.0,2.888068855264366,2.888068855264366,True,False
C09,C,0.005,235,F_TRACKED,220.0,0.0,2.26101272477492,2.26101272477492,True,False
C09,C,0.005,235,F_NOMINAL,180.0,1.1617779384642288,2.757053788519633,1.5952758500554043,True,False
C09,C,0.005,235,F_NOMINAL,200.0,2.496067805861235,2.586460510008067,0.09039270414683198,True,False
C09,C,0.005,235,F_NOMINAL,220.0,1.5777239143604567,2.108583971787268,0.5308600574268112,True,False
C09,C,0.005,283,F_TRACKED,180.0,0.0,2.7260142680289032,2.7260142680289032,True,False
C09,C,0.005,283,F_TRACKED,200.0,0.0,3.1744640393254087,3.1744640393254087,True,False
C09,C,0.005,283,F_TRACKED,220.0,0.0,1.3577378677250336,1.3577378677250336,True,False
C09,C,0.005,283,F_NOMINAL,180.0,2.402320458702189,2.425939675264113,0.023619216561924006,True,False
C09,C,0.005,283,F_NOMINAL,200.0,3.306592343465607,2.917971436262705,-0.38862090720290166,False,False
C09,C,0.005,283,F_NOMINAL,220.0,1.0344578446420918,1.509349666797956,0.47489182215586423,True,False
C09,C,0.005,338,F_TRACKED,180.0,0.0,3.71171564613035,3.71171564613035,True,False
C09,C,0.005,338,F_TRACKED,200.0,0.0,5.117229925703172,5.117229925703172,True,False
C09,C,0.005,338,F_TRACKED,220.0,0.0,3.3905971928885292,3.3905971928885292,True,False
C09,C,0.005,338,F_NOMINAL,180.0,4.061375647852698,3.9739610982475146,-0.08741454960518302,False,False
C09,C,0.005,338,F_NOMINAL,200.0,4.877245181942737,5.26828721221396,0.3910420302712234,True,False
C09,C,0.005,338,F_NOMINAL,220.0,3.256990561843231,3.083980246984679,-0.17301031485855223,False,False
C09,C,0.005,FOUR,F_TRACKED,180.0,0.0,3.62040258147739,3.62040258147739,True,False
C09,C,0.005,FOUR,F_TRACKED,200.0,0.0,4.370360032128966,4.370360032128966,True,False
C09,C,0.005,FOUR,F_TRACKED,220.0,0.0,5.312440772922263,5.312440772922263,True,False
C09,C,0.005,FOUR,F_NOMINAL,180.0,3.304231603877633,3.488065223773358,0.1838336198957249,True,False
C09,C,0.005,FOUR,F_NOMINAL,200.0,4.118298604592644,4.404124389965059,0.2858257853724151,True,False
C09,C,0.005,FOUR,F_NOMINAL,220.0,5.180938575658868,5.0834587712050965,-0.09747980445377191,False,False
C09,C,0.01,201,F_TRACKED,180.0,0.0,2.248131705627146,2.248131705627146,True,False
C09,C,0.01,201,F_TRACKED,200.0,0.0,3.267376383115141,3.267376383115141,True,False
C09,C,0.01,201,F_TRACKED,220.0,0.0,2.160174762956774,2.160174762956774,True,False
C09,C,0.01,201,F_NOMINAL,180.0,1.216979600323932,2.4500960471482136,1.2331164468242817,True,False
C09,C,0.01,201,F_NOMINAL,200.0,0.9553227305920461,2.91500701451999,1.9596842839279436,True,False
C09,C,0.01,201,F_NOMINAL,220.0,2.301160398019781,2.4667269820021676,0.16556658398238655,True,False
C09,C,0.01,235,F_TRACKED,180.0,0.0,2.048592762816571,2.048592762816571,True,False
C09,C,0.01,235,F_TRACKED,200.0,0.0,1.7421196268167334,1.7421196268167334,True,False
C09,C,0.01,235,F_TRACKED,220.0,0.0,1.8149597968451805,1.8149597968451805,True,False
C09,C,0.01,235,F_NOMINAL,180.0,1.8795408798661908,2.16928619994514,0.28974532007894926,True,False
C09,C,0.01,235,F_NOMINAL,200.0,1.5292120789451644,1.5247931013984213,-0.004418977546743141,False,False
C09,C,0.01,235,F_NOMINAL,220.0,0.7188742356320351,1.462711366552604,0.7438371309205688,True,False
C09,C,0.01,283,F_TRACKED,180.0,0.0,2.374680780347936,2.374680780347936,True,False
C09,C,0.01,283,F_TRACKED,200.0,0.0,3.443445591754415,3.443445591754415,True,False
C09,C,0.01,283,F_TRACKED,220.0,0.0,1.4838773096728615,1.4838773096728615,True,False
C09,C,0.01,283,F_NOMINAL,180.0,2.08822034103383,2.142549701421894,0.05432936038806435,True,False
C09,C,0.01,283,F_NOMINAL,200.0,3.511421227476493,3.056203481259922,-0.45521774621657096,False,False
C09,C,0.01,283,F_NOMINAL,220.0,1.7111270250556896,1.8874211133097045,0.17629408825401494,True,False
C09,C,0.01,338,F_TRACKED,180.0,0.0,3.020398856197038,3.020398856197038,True,False
C09,C,0.01,338,F_TRACKED,200.0,0.0,2.994869816439115,2.994869816439115,True,False
C09,C,0.01,338,F_TRACKED,220.0,0.0,3.360534832916305,3.360534832916305,True,False
C09,C,0.01,338,F_NOMINAL,180.0,2.7763503153139104,2.4223533255398237,-0.35399698977408667,False,False
C09,C,0.01,338,F_NOMINAL,200.0,2.6578880385769326,1.8259141301708792,-0.8319739084060533,False,False
C09,C,0.01,338,F_NOMINAL,220.0,3.0022421269013018,3.3125488417761275,0.31030671487482575,True,False
C09,C,0.01,FOUR,F_TRACKED,180.0,0.0,3.4159915040662376,3.4159915040662376,True,False
C09,C,0.01,FOUR,F_TRACKED,200.0,0.0,3.680043452633667,3.680043452633667,True,False
C09,C,0.01,FOUR,F_TRACKED,220.0,0.0,2.891060558969011,2.891060558969011,True,False
C09,C,0.01,FOUR,F_NOMINAL,180.0,2.5686431570216413,3.081507414748811,0.5128642577271698,True,False
C09,C,0.01,FOUR,F_NOMINAL,200.0,2.734813673474048,3.244123035702408,0.5093093622283598,True,False
C09,C,0.01,FOUR,F_NOMINAL,220.0,2.151314604850364,2.8887428251093232,0.737428220258959,True,False
C09,C,0.02,201,F_TRACKED,180.0,0.0,1.3082428626109386,1.3082428626109386,True,False
C09,C,0.02,201,F_TRACKED,200.0,0.0,2.389182766517451,2.389182766517451,True,False
C09,C,0.02,201,F_TRACKED,220.0,0.0,2.4430132109703298,2.4430132109703298,True,False
C09,C,0.02,201,F_NOMINAL,180.0,1.1233604674655502,1.9078902047888036,0.7845297373232534,True,False
C09,C,0.02,201,F_NOMINAL,200.0,1.3691331931499124,2.423956014705145,1.0548228215552327,True,False
C09,C,0.02,201,F_NOMINAL,220.0,1.6532110296632765,2.3570607614635204,0.7038497318002439,True,False
C09,C,0.02,235,F_TRACKED,180.0,0.0,2.770009774561633,2.770009774561633,True,False
C09,C,0.02,235,F_TRACKED,200.0,0.0,2.245962185751077,2.245962185751077,True,False
C09,C,0.02,235,F_TRACKED,220.0,0.0,2.897623549414489,2.897623549414489,True,False
C09,C,0.02,235,F_NOMINAL,180.0,1.4253822808368195,1.912488193280504,0.4871059124436845,True,False
C09,C,0.02,235,F_NOMINAL,200.0,2.138379861843193,2.368236520513423,0.2298566586702302,True,False
C09,C,0.02,235,F_NOMINAL,220.0,1.7220908738010503,2.2143012889751654,0.4922104151741151,True,False
C09,C,0.02,283,F_TRACKED,180.0,0.0,2.349943476177988,2.349943476177988,True,False
C09,C,0.02,283,F_TRACKED,200.0,0.0,3.449627488251887,3.449627488251887,True,False
C09,C,0.02,283,F_TRACKED,220.0,0.0,1.700071917443604,1.700071917443604,True,False
C09,C,0.02,283,F_NOMINAL,180.0,1.681546920671839,1.7666450786357049,0.08509815796386588,True,False
C09,C,0.02,283,F_NOMINAL,200.0,3.335475251406889,2.8669077280049913,-0.46856752340189756,False,False
C09,C,0.02,283,F_NOMINAL,220.0,1.215821391915712,1.5284315594780356,0.3126101675623236,True,False
C09,C,0.02,338,F_TRACKED,180.0,0.0,3.217215388945163,3.217215388945163,True,False
C09,C,0.02,338,F_TRACKED,200.0,0.0,3.6126413219668536,3.6126413219668536,True,False
C09,C,0.02,338,F_TRACKED,220.0,0.0,3.07099786900061,3.07099786900061,True,False
C09,C,0.02,338,F_NOMINAL,180.0,3.0225232250972196,3.2195436196177347,0.19702039452051512,True,False
C09,C,0.02,338,F_NOMINAL,200.0,3.122598317994393,3.0341544001204164,-0.08844391787397665,False,False
C09,C,0.02,338,F_NOMINAL,220.0,2.9684917229142758,3.5881355274056563,0.6196438044913806,True,False
C09,C,0.02,FOUR,F_TRACKED,180.0,0.0,3.2294833880935436,3.2294833880935436,True,False
C09,C,0.02,FOUR,F_TRACKED,200.0,0.0,3.663483805608405,3.663483805608405,True,False
C09,C,0.02,FOUR,F_TRACKED,220.0,0.0,3.1203602749434713,3.1203602749434713,True,False
C09,C,0.02,FOUR,F_NOMINAL,180.0,2.0793993030116855,2.728723511241776,0.6493242082300905,True,False
C09,C,0.02,FOUR,F_NOMINAL,200.0,3.251282784772905,3.324201568304388,0.07291878353148284,True,False
C09,C,0.02,FOUR,F_NOMINAL,220.0,2.7969767309562283,3.0664470434731386,0.2694703125169102,True,False
C10,C,0.0,201,F_TRACKED,180.0,0.0,3.666092854735263,3.666092854735263,True,False
C10,C,0.0,201,F_TRACKED,200.0,0.0,5.588426356011512,5.588426356011512,True,False
C10,C,0.0,201,F_TRACKED,220.0,0.0,3.1691697164805968,3.1691697164805968,True,False
C10,C,0.0,201,F_NOMINAL,180.0,0.0,3.666092854735263,3.666092854735263,True,False
C10,C,0.0,201,F_NOMINAL,200.0,0.0,5.588426356011512,5.588426356011512,True,False
C10,C,0.0,201,F_NOMINAL,220.0,0.0,3.1691697164805968,3.1691697164805968,True,False
C10,C,0.0,235,F_TRACKED,180.0,0.0,1.715695910104397,1.715695910104397,True,False
C10,C,0.0,235,F_TRACKED,200.0,0.0,5.038856534521022,5.038856534521022,True,False
C10,C,0.0,235,F_TRACKED,220.0,0.0,3.4819796278917634,3.4819796278917634,True,False
C10,C,0.0,235,F_NOMINAL,180.0,0.0,1.715695910104397,1.715695910104397,True,False
C10,C,0.0,235,F_NOMINAL,200.0,0.0,5.038856534521022,5.038856534521022,True,False
C10,C,0.0,235,F_NOMINAL,220.0,0.0,3.4819796278917634,3.4819796278917634,True,False
C10,C,0.0,283,F_TRACKED,180.0,0.0,2.1660584487914623,2.1660584487914623,True,False
C10,C,0.0,283,F_TRACKED,200.0,0.0,2.992607489081259,2.992607489081259,True,False
C10,C,0.0,283,F_TRACKED,220.0,0.0,2.2613073686180183,2.2613073686180183,True,False
C10,C,0.0,283,F_NOMINAL,180.0,0.0,2.1660584487914623,2.1660584487914623,True,False
C10,C,0.0,283,F_NOMINAL,200.0,0.0,2.992607489081259,2.992607489081259,True,False
C10,C,0.0,283,F_NOMINAL,220.0,0.0,2.2613073686180183,2.2613073686180183,True,False
C10,C,0.0,338,F_TRACKED,180.0,0.0,4.784970419933182,4.784970419933182,True,False
C10,C,0.0,338,F_TRACKED,200.0,0.0,1.4209285887720224,1.4209285887720224,True,False
C10,C,0.0,338,F_TRACKED,220.0,0.0,3.203550088956105,3.203550088956105,True,False
C10,C,0.0,338,F_NOMINAL,180.0,0.0,4.784970419933182,4.784970419933182,True,False
C10,C,0.0,338,F_NOMINAL,200.0,0.0,1.4209285887720224,1.4209285887720224,True,False
C10,C,0.0,338,F_NOMINAL,220.0,0.0,3.203550088956105,3.203550088956105,True,False
C10,C,0.0,FOUR,F_TRACKED,180.0,0.0,5.369485742067119,5.369485742067119,True,False
C10,C,0.0,FOUR,F_TRACKED,200.0,0.0,6.969211892624536,6.969211892624536,True,False
C10,C,0.0,FOUR,F_TRACKED,220.0,0.0,6.118719757129989,6.118719757129989,True,False
C10,C,0.0,FOUR,F_NOMINAL,180.0,0.0,5.369485742067119,5.369485742067119,True,False
C10,C,0.0,FOUR,F_NOMINAL,200.0,0.0,6.969211892624536,6.969211892624536,True,False
C10,C,0.0,FOUR,F_NOMINAL,220.0,0.0,6.118719757129989,6.118719757129989,True,False
C10,C,0.0025,201,F_TRACKED,180.0,0.0,4.691591950968505,4.691591950968505,True,False
C10,C,0.0025,201,F_TRACKED,200.0,0.0,4.0219321976781055,4.0219321976781055,True,False
C10,C,0.0025,201,F_TRACKED,220.0,0.0,8.055842094721195,8.055842094721195,True,False
C10,C,0.0025,201,F_NOMINAL,180.0,3.350642975723276,3.834215296431448,0.48357232070817213,True,False
C10,C,0.0025,201,F_NOMINAL,200.0,3.499560527189726,2.707008277752793,-0.792552249436933,False,False
C10,C,0.0025,201,F_NOMINAL,220.0,8.655844643201272,6.906284118118848,-1.7495605250824235,False,False
C10,C,0.0025,235,F_TRACKED,180.0,0.0,2.0954707040716056,2.0954707040716056,True,False
C10,C,0.0025,235,F_TRACKED,200.0,0.0,3.7104098346178636,3.7104098346178636,True,False
C10,C,0.0025,235,F_TRACKED,220.0,0.0,3.2528780466999265,3.2528780466999265,True,False
C10,C,0.0025,235,F_NOMINAL,180.0,2.0353018253451087,2.121242529570082,0.08594070422497335,True,False
C10,C,0.0025,235,F_NOMINAL,200.0,3.3451845363883232,5.555790353006056,2.210605816617733,True,False
C10,C,0.0025,235,F_NOMINAL,220.0,2.8157063311379154,3.010317362286544,0.19461103114862865,True,False
C10,C,0.0025,283,F_TRACKED,180.0,0.0,4.9914827722853525,4.9914827722853525,True,False
C10,C,0.0025,283,F_TRACKED,200.0,0.0,3.145518780301876,3.145518780301876,True,False
C10,C,0.0025,283,F_TRACKED,220.0,0.0,2.247943569550084,2.247943569550084,True,False
C10,C,0.0025,283,F_NOMINAL,180.0,5.377729140078004,4.781707247878965,-0.5960218921990386,False,False
C10,C,0.0025,283,F_NOMINAL,200.0,3.0608889600250335,2.966791258780488,-0.09409770124454564,False,False
C10,C,0.0025,283,F_NOMINAL,220.0,1.037698025046353,2.760832914097286,1.723134889050933,True,False
C10,C,0.0025,338,F_TRACKED,180.0,0.0,3.5553345384951545,3.5553345384951545,True,False
C10,C,0.0025,338,F_TRACKED,200.0,0.0,5.306489636323353,5.306489636323353,True,False
C10,C,0.0025,338,F_TRACKED,220.0,0.0,3.248951607741746,3.248951607741746,True,False
C10,C,0.0025,338,F_NOMINAL,180.0,3.2285192404931684,2.6679768154694004,-0.560542425023768,False,False
C10,C,0.0025,338,F_NOMINAL,200.0,5.373170722144357,5.329346610435773,-0.04382411170858358,False,False
C10,C,0.0025,338,F_NOMINAL,220.0,3.398065712966655,2.653114654978815,-0.7449510579878398,False,False
C10,C,0.0025,FOUR,F_TRACKED,180.0,0.0,5.378451335880388,5.378451335880388,True,False
C10,C,0.0025,FOUR,F_TRACKED,200.0,0.0,5.838363247409168,5.838363247409168,True,False
C10,C,0.0025,FOUR,F_TRACKED,220.0,0.0,6.882587867055105,6.882587867055105,True,False
C10,C,0.0025,FOUR,F_NOMINAL,180.0,3.8015087974740878,5.726765042249759,1.925256244775671,True,False
C10,C,0.0025,FOUR,F_NOMINAL,200.0,4.284262344222711,5.973440125826054,1.6891777816033429,True,False
C10,C,0.0025,FOUR,F_NOMINAL,220.0,4.988455777730141,6.818221125390314,1.8297653476601736,True,False
C10,C,0.005,201,F_TRACKED,180.0,0.0,3.858756238965002,3.858756238965002,True,False
C10,C,0.005,201,F_TRACKED,200.0,0.0,4.690072120044401,4.690072120044401,True,False
C10,C,0.005,201,F_TRACKED,220.0,0.0,9.699386910510471,9.699386910510471,True,False
C10,C,0.005,201,F_NOMINAL,180.0,2.7020444741772964,4.3346003566709586,1.6325558824936621,True,False
C10,C,0.005,201,F_NOMINAL,200.0,4.005971237114244,4.176240479610246,0.17026924249600128,True,False
C10,C,0.005,201,F_NOMINAL,220.0,10.845577254581023,9.640979237435829,-1.2045980171451944,False,False
C10,C,0.005,235,F_TRACKED,180.0,0.0,2.3673659650273735,2.3673659650273735,True,False
C10,C,0.005,235,F_TRACKED,200.0,0.0,3.754891909839048,3.754891909839048,True,False
C10,C,0.005,235,F_TRACKED,220.0,0.0,2.4758635694512883,2.4758635694512883,True,False
C10,C,0.005,235,F_NOMINAL,180.0,2.5710806344141783,2.406193166039149,-0.1648874683750292,False,False
C10,C,0.005,235,F_NOMINAL,200.0,2.2379484930420817,4.624758226938259,2.3868097338961776,True,False
C10,C,0.005,235,F_NOMINAL,220.0,0.8693821167919841,2.9049616838729238,2.03557956708094,True,False
C10,C,0.005,283,F_TRACKED,180.0,0.0,2.9183339623084623,2.9183339623084623,True,False
C10,C,0.005,283,F_TRACKED,200.0,0.0,3.6367142303756994,3.6367142303756994,True,False
C10,C,0.005,283,F_TRACKED,220.0,0.0,1.732809044792288,1.732809044792288,True,False
C10,C,0.005,283,F_NOMINAL,180.0,2.6955316518308856,2.9074131043883886,0.21188145255750301,True,False
C10,C,0.005,283,F_NOMINAL,200.0,3.4842503650520054,3.485709228058795,0.0014588630067895458,True,False
C10,C,0.005,283,F_NOMINAL,220.0,0.5536578133725005,2.2274658527941065,1.673808039421606,True,False
C10,C,0.005,338,F_TRACKED,180.0,0.0,3.5618080031996167,3.5618080031996167,True,False
C10,C,0.005,338,F_TRACKED,200.0,0.0,5.9714887265358465,5.9714887265358465,True,False
C10,C,0.005,338,F_TRACKED,220.0,0.0,3.1962592451906464,3.1962592451906464,True,False
C10,C,0.005,338,F_NOMINAL,180.0,3.9641688309085774,3.8656347347329794,-0.09853409617559805,False,False
C10,C,0.005,338,F_NOMINAL,200.0,6.889465714296922,5.33596647510396,-1.5534992391929618,False,False
C10,C,0.005,338,F_NOMINAL,220.0,3.3381240230919054,3.125935416785486,-0.21218860630641956,False,False
C10,C,0.005,FOUR,F_TRACKED,180.0,0.0,4.830352347129608,4.830352347129608,True,False
C10,C,0.005,FOUR,F_TRACKED,200.0,0.0,6.298739152836795,6.298739152836795,True,False
C10,C,0.005,FOUR,F_TRACKED,220.0,0.0,7.112492236531243,7.112492236531243,True,False
C10,C,0.005,FOUR,F_NOMINAL,180.0,3.315278647559585,5.72598321419626,2.4107045666366753,True,False
C10,C,0.005,FOUR,F_NOMINAL,200.0,4.576242835189831,6.323799436231582,1.747556601041751,True,False
C10,C,0.005,FOUR,F_NOMINAL,220.0,5.736026281921155,7.542474449875341,1.8064481679541862,True,False
C10,C,0.01,201,F_TRACKED,180.0,0.0,3.861993057092731,3.861993057092731,True,False
C10,C,0.01,201,F_TRACKED,200.0,0.0,4.740679225737054,4.740679225737054,True,False
C10,C,0.01,201,F_TRACKED,220.0,0.0,3.1478822079541082,3.1478822079541082,True,False
C10,C,0.01,201,F_NOMINAL,180.0,1.0459102400771414,4.019265006855185,2.9733547667780433,True,False
C10,C,0.01,201,F_NOMINAL,200.0,1.1726571978367644,4.243312614097081,3.070655416260317,True,False
C10,C,0.01,201,F_NOMINAL,220.0,2.352965714431732,3.576852975720667,1.2238872612889349,True,False
C10,C,0.01,235,F_TRACKED,180.0,0.0,3.7097817516867093,3.7097817516867093,True,False
C10,C,0.01,235,F_TRACKED,200.0,0.0,3.636747698646112,3.636747698646112,True,False
C10,C,0.01,235,F_TRACKED,220.0,0.0,2.7479904680595184,2.7479904680595184,True,False
C10,C,0.01,235,F_NOMINAL,180.0,3.5397358303445365,3.2345637979854085,-0.30517203235912804,False,False
C10,C,0.01,235,F_NOMINAL,200.0,1.590279008739179,4.346692929433175,2.756413920693996,True,False
C10,C,0.01,235,F_NOMINAL,220.0,0.6523517631372999,3.3551730828943795,2.7028213197570796,True,False
C10,C,0.01,283,F_TRACKED,180.0,0.0,3.2435052029937714,3.2435052029937714,True,False
C10,C,0.01,283,F_TRACKED,200.0,0.0,3.946338326586453,3.946338326586453,True,False
C10,C,0.01,283,F_TRACKED,220.0,0.0,2.202010274431068,2.202010274431068,True,False
C10,C,0.01,283,F_NOMINAL,180.0,2.562723888328789,3.363560524484965,0.8008366361561761,True,False
C10,C,0.01,283,F_NOMINAL,200.0,3.4980072165180003,3.4774809141063425,-0.02052630241165776,False,False
C10,C,0.01,283,F_NOMINAL,220.0,1.392860573156341,2.450004271287292,1.057143698130951,True,False
C10,C,0.01,338,F_TRACKED,180.0,0.0,3.081530542457941,3.081530542457941,True,False
C10,C,0.01,338,F_TRACKED,200.0,0.0,3.01857164164116,3.01857164164116,True,False
C10,C,0.01,338,F_TRACKED,220.0,0.0,3.813397362077454,3.813397362077454,True,False
C10,C,0.01,338,F_NOMINAL,180.0,3.3792498475621198,3.2401782828641688,-0.139071564697951,False,False
C10,C,0.01,338,F_NOMINAL,200.0,3.15714590966484,2.87955598875541,-0.27758992090943035,False,False
C10,C,0.01,338,F_NOMINAL,220.0,4.7255457795363975,4.790110666406302,0.06456488686990447,True,False
C10,C,0.01,FOUR,F_TRACKED,180.0,0.0,5.475681410281897,5.475681410281897,True,False
C10,C,0.01,FOUR,F_TRACKED,200.0,0.0,6.139242411751768,6.139242411751768,True,False
C10,C,0.01,FOUR,F_TRACKED,220.0,0.0,5.929475724005673,5.929475724005673,True,False
C10,C,0.01,FOUR,F_NOMINAL,180.0,3.2188732430383076,5.977285262024029,2.7584120189857217,True,False
C10,C,0.01,FOUR,F_NOMINAL,200.0,3.013000864035351,6.456936670614854,3.443935806579503,True,False
C10,C,0.01,FOUR,F_NOMINAL,220.0,2.825227560399989,6.039525726758373,3.214298166358384,True,False
C10,C,0.02,201,F_TRACKED,180.0,0.0,3.965076172944039,3.965076172944039,True,False
C10,C,0.02,201,F_TRACKED,200.0,0.0,4.879040004304885,4.879040004304885,True,False
C10,C,0.02,201,F_TRACKED,220.0,0.0,2.1451012537133236,2.1451012537133236,True,False
C10,C,0.02,201,F_NOMINAL,180.0,1.659292914571013,2.7507762459011396,1.0914833313301266,True,False
C10,C,0.02,201,F_NOMINAL,200.0,1.458307918917017,4.2442278095145785,2.7859198905975617,True,False
C10,C,0.02,201,F_NOMINAL,220.0,1.4941855827932833,2.7309138742829475,1.2367282914896642,True,False
C10,C,0.02,235,F_TRACKED,180.0,0.0,2.514782971044954,2.514782971044954,True,False
C10,C,0.02,235,F_TRACKED,200.0,0.0,3.34796267970055,3.34796267970055,True,False
C10,C,0.02,235,F_TRACKED,220.0,0.0,2.3158878423943836,2.3158878423943836,True,False
C10,C,0.02,235,F_NOMINAL,180.0,2.055224480669943,3.154801097918995,1.0995766172490522,True,False
C10,C,0.02,235,F_NOMINAL,200.0,2.211296608602172,4.639575111167385,2.428278502565213,True,False
C10,C,0.02,235,F_NOMINAL,220.0,2.0439721872324634,2.801551116478636,0.7575789292461725,True,False
C10,C,0.02,283,F_TRACKED,180.0,0.0,2.1747515680541585,2.1747515680541585,True,False
C10,C,0.02,283,F_TRACKED,200.0,0.0,3.4850816680611008,3.4850816680611008,True,False
C10,C,0.02,283,F_TRACKED,220.0,0.0,3.3335073719614443,3.3335073719614443,True,False
C10,C,0.02,283,F_NOMINAL,180.0,1.0954255366657393,2.2508972923753623,1.155471755709623,True,False
C10,C,0.02,283,F_NOMINAL,200.0,3.3538290492489184,3.49746782366813,0.14363877441921158,True,False
C10,C,0.02,283,F_NOMINAL,220.0,1.5078817891525524,2.624857800958715,1.1169760118061625,True,False
C10,C,0.02,338,F_TRACKED,180.0,0.0,3.7198131868047923,3.7198131868047923,True,False
C10,C,0.02,338,F_TRACKED,200.0,0.0,4.036866692516642,4.036866692516642,True,False
C10,C,0.02,338,F_TRACKED,220.0,0.0,5.3363863309973825,5.3363863309973825,True,False
C10,C,0.02,338,F_NOMINAL,180.0,4.006101375485698,3.8880707330464768,-0.11803064243922101,False,False
C10,C,0.02,338,F_NOMINAL,200.0,3.558760284283455,3.795616958479927,0.23685667419647194,True,False
C10,C,0.02,338,F_NOMINAL,220.0,5.5360822127378215,5.3868428119320635,-0.14923940080575804,False,False
C10,C,0.02,FOUR,F_TRACKED,180.0,0.0,4.68629040125729,4.68629040125729,True,False
C10,C,0.02,FOUR,F_TRACKED,200.0,0.0,5.633647545367844,5.633647545367844,True,False
C10,C,0.02,FOUR,F_TRACKED,220.0,0.0,4.910996770035323,4.910996770035323,True,False
C10,C,0.02,FOUR,F_NOMINAL,180.0,2.623851699750686,5.336842740821646,2.7129910410709597,True,False
C10,C,0.02,FOUR,F_NOMINAL,200.0,3.1519426183346178,6.032119906923154,2.8801772885885364,True,False
C10,C,0.02,FOUR,F_NOMINAL,220.0,3.5688930064105384,5.160188466420113,1.5912954600095746,True,False
