case_id,start_id,r_km,theta_deg,v_mps,psi_deg
P01_s0_seed0,0,50.36999999999999,0.16999999999999993,2.0700000000001384,5.349999999999639
P01_s0_seed0,1,45.388609981164336,-2.6256815902888775,2.7336801644414663,3.032855736091733
P01_s0_seed0,2,51.337258731946349,0.70855077356100082,1.3720025401562452,-12.268155310302973
P01_s0_seed0,3,53.169428366236389,-1.6808303818106651,2.4350031968206167,7.8026108164340258
P01_s0_seed0,4,54.694863720797002,2.2131945099681616,2.8294963277876377,12.895669732242823
P01_s0_seed0,5,48.881521755829453,-0.060515189543366432,1.8915719650685787,-7.9898727592080832
P01_s0_seed0,6,47.38600336946547,3.1483005825430155,2.0032953657209873,6.2692073173820972
P01_s0_seed0,7,57.18469129409641,-4.1302874591201544,1.1901878975331783,-3.674203148111701
P01_s0_seed0,8,57.503998931497335,0.2231365442276001,2.2007040493190289,-10.259816022589803
P01_s0_seed0,9,47.940200907178223,-2.366129532456398,1.0118183679878712,14.726159758865833
P01_s0_seed0,10,50.195578378625214,4.2783444188535213,2.9059981815516949,-1.5200742054730654
P01_s0_seed0,11,56.242894884198904,-3.3060439117252827,1.8419293947517872,4.5545313879847527
P01_s0_seed0,12,53.553244806826115,2.7754807937890291,1.4240292813628912,1.2028090562671423
P01_s0_seed0,13,51.954935328103602,-4.928221432492137,2.3629607390612364,-3.7970104068517685
P01_s0_seed0,14,46.652677492238581,1.845352528616786,1.7187961842864752,9.5177587028592825
P01_s0_seed0,15,59.736222065985203,-0.86322803981602192,2.5327886771410704,-14.422756433486938
P01_s0_seed0,16,59.282204154878855,1.5321626141667366,1.0912694819271564,7.4577891547232866
P01_s0_seed0,17,46.227900912053883,-1.1764322593808174,2.1532401852309704,-2.5226935185492039
P01_s0_seed0,18,52.409131159074605,3.0874595232307911,1.7649426348507404,11.817408995702863
P01_s0_seed0,19,53.978088442236185,-4.616247471421957,2.9519743733108044,-9.2517034895718098
P01_s0_seed0,20,55.730118602514267,3.965160408988595,2.2839521300047636,-11.534132799133658
P01_s0_seed0,21,49.712158092297614,-3.6192136164754629,1.4720272030681372,8.4711797721683979
P01_s0_seed0,22,48.452797480858862,0.53509033285081387,2.6103400122374296,-6.6911270376294851
P01_s0_seed0,23,57.987357527017593,-2.0541709754616022,1.6732319798320532,2.2548812068998814
P01_s0_seed0,24,56.672019730322063,3.4613314084708691,2.6856936272233725,10.77180739492178
P01_s0_seed0,25,46.902684001252055,-3.8172709383070469,1.6247300188988447,-13.336713658645749
P01_s0_seed0,26,49.39425858668983,1.9013939052820206,2.4805864151567221,0.07281426340341568
P01_s0_seed0,27,55.178359220735729,-0.37232056260108948,1.2944397013634443,-5.0071070808917284
P01_s0_seed0,28,52.715300372801721,1.0215875040739775,1.9390549622476101,-0.71966931223869324
P01_s0_seed0,29,50.912368716672063,-1.3677793461829424,2.7500338293612003,5.156717961654067
P01_s0_seed0,30,45.842674495652318,4.4567517656832933,1.1442232094705105,-10.935251489281654
P01_s0_seed0,31,58.662087670527399,-2.9375023674219847,2.0802631117403507,13.999003758653998
P01_s0.1_seed410001,0,45.000000014999998,-0.096621516441417477,2.7349601224432276,5.2318800418590357
P01_s0.1_seed410001,1,45.388609981164336,-2.6256815902888775,2.7336801644414663,3.032855736091733
P01_s0.1_seed410001,2,51.337258731946349,0.70855077356100082,1.3720025401562452,-12.268155310302973
P01_s0.1_seed410001,3,53.169428366236389,-1.6808303818106651,2.4350031968206167,7.8026108164340258
P01_s0.1_seed410001,4,54.694863720797002,2.2131945099681616,2.8294963277876377,12.895669732242823
P01_s0.1_seed410001,5,48.881521755829453,-0.060515189543366432,1.8915719650685787,-7.9898727592080832
P01_s0.1_seed410001,6,47.38600336946547,3.1483005825430155,2.0032953657209873,6.2692073173820972
P01_s0.1_seed410001,7,57.18469129409641,-4.1302874591201544,1.1901878975331783,-3.674203148111701
P01_s0.1_seed410001,8,57.503998931497335,0.2231365442276001,2.2007040493190289,-10.259816022589803
P01_s0.1_seed410001,9,47.940200907178223,-2.366129532456398,1.0118183679878712,14.726159758865833
P01_s0.1_seed410001,10,50.195578378625214,4.2783444188535213,2.9059981815516949,-1.5200742054730654
P01_s0.1_seed410001,11,56.242894884198904,-3.3060439117252827,1.8419293947517872,4.5545313879847527
P01_s0.1_seed410001,12,53.553244806826115,2.7754807937890291,1.4240292813628912,1.2028090562671423
P01_s0.1_seed410001,13,51.954935328103602,-4.928221432492137,2.3629607390612364,-3.7970104068517685
P01_s0.1_seed410001,14,46.652677492238581,1.845352528616786,1.7187961842864752,9.5177587028592825
P01_s0.1_seed410001,15,59.736222065985203,-0.86322803981602192,2.5327886771410704,-14.422756433486938
P01_s0.1_seed410001,16,59.282204154878855,1.5321626141667366,1.0912694819271564,7.4577891547232866
P01_s0.1_seed410001,17,46.227900912053883,-1.1764322593808174,2.1532401852309704,-2.5226935185492039
P01_s0.1_seed410001,18,52.409131159074605,3.0874595232307911,1.7649426348507404,11.817408995702863
P01_s0.1_seed410001,19,53.978088442236185,-4.616247471421957,2.9519743733108044,-9.2517034895718098
P01_s0.1_seed410001,20,55.730118602514267,3.965160408988595,2.2839521300047636,-11.534132799133658
P01_s0.1_seed410001,21,49.712158092297614,-3.6192136164754629,1.4720272030681372,8.4711797721683979
P01_s0.1_seed410001,22,48.452797480858862,0.53509033285081387,2.6103400122374296,-6.6911270376294851
P01_s0.1_seed410001,23,57.987357527017593,-2.0541709754616022,1.6732319798320532,2.2548812068998814
P01_s0.1_seed410001,24,56.672019730322063,3.4613314084708691,2.6856936272233725,10.77180739492178
P01_s0.1_seed410001,25,46.902684001252055,-3.8172709383070469,1.6247300188988447,-13.336713658645749
P01_s0.1_seed410001,26,49.39425858668983,1.9013939052820206,2.4805864151567221,0.07281426340341568
P01_s0.1_seed410001,27,55.178359220735729,-0.37232056260108948,1.2944397013634443,-5.0071070808917284
P01_s0.1_seed410001,28,52.715300372801721,1.0215875040739775,1.9390549622476101,-0.71966931223869324
P01_s0.1_seed410001,29,50.912368716672063,-1.3677793461829424,2.7500338293612003,5.156717961654067
P01_s0.1_seed410001,30,45.842674495652318,4.4567517656832933,1.1442232094705105,-10.935251489281654
P01_s0.1_seed410001,31,58.662087670527399,-2.9375023674219847,2.0802631117403507,13.999003758653998
P02_s0_seed0,0,49.629999999999875,-0.17999999999999883,1.9300000000001241,4.6499999999996326
P02_s0_seed0,1,45.388609981164336,-2.6256815902888775,2.7336801644414663,3.032855736091733
P02_s0_seed0,2,51.337258731946349,0.70855077356100082,1.3720025401562452,-12.268155310302973
P02_s0_seed0,3,53.169428366236389,-1.6808303818106651,2.4350031968206167,7.8026108164340258
P02_s0_seed0,4,54.694863720797002,2.2131945099681616,2.8294963277876377,12.895669732242823
P02_s0_seed0,5,48.881521755829453,-0.060515189543366432,1.8915719650685787,-7.9898727592080832
P02_s0_seed0,6,47.38600336946547,3.1483005825430155,2.0032953657209873,6.2692073173820972
P02_s0_seed0,7,57.18469129409641,-4.1302874591201544,1.1901878975331783,-3.674203148111701
P02_s0_seed0,8,57.503998931497335,0.2231365442276001,2.2007040493190289,-10.259816022589803
P02_s0_seed0,9,47.940200907178223,-2.366129532456398,1.0118183679878712,14.726159758865833
P02_s0_seed0,10,50.195578378625214,4.2783444188535213,2.9059981815516949,-1.5200742054730654
P02_s0_seed0,11,56.242894884198904,-3.3060439117252827,1.8419293947517872,4.5545313879847527
P02_s0_seed0,12,53.553244806826115,2.7754807937890291,1.4240292813628912,1.2028090562671423
P02_s0_seed0,13,51.954935328103602,-4.928221432492137,2.3629607390612364,-3.7970104068517685
P02_s0_seed0,14,46.652677492238581,1.845352528616786,1.7187961842864752,9.5177587028592825
P02_s0_seed0,15,59.736222065985203,-0.86322803981602192,2.5327886771410704,-14.422756433486938
P02_s0_seed0,16,59.282204154878855,1.5321626141667366,1.0912694819271564,7.4577891547232866
P02_s0_seed0,17,46.227900912053883,-1.1764322593808174,2.1532401852309704,-2.5226935185492039
P02_s0_seed0,18,52.409131159074605,3.0874595232307911,1.7649426348507404,11.817408995702863
P02_s0_seed0,19,53.978088442236185,-4.616247471421957,2.9519743733108044,-9.2517034895718098
P02_s0_seed0,20,55.730118602514267,3.965160408988595,2.2839521300047636,-11.534132799133658
P02_s0_seed0,21,49.712158092297614,-3.6192136164754629,1.4720272030681372,8.4711797721683979
P02_s0_seed0,22,48.452797480858862,0.53509033285081387,2.6103400122374296,-6.6911270376294851
P02_s0_seed0,23,57.987357527017593,-2.0541709754616022,1.6732319798320532,2.2548812068998814
P02_s0_seed0,24,56.672019730322063,3.4613314084708691,2.6856936272233725,10.77180739492178
P02_s0_seed0,25,46.902684001252055,-3.8172709383070469,1.6247300188988447,-13.336713658645749
P02_s0_seed0,26,49.39425858668983,1.9013939052820206,2.4805864151567221,0.07281426340341568
P02_s0_seed0,27,55.178359220735729,-0.37232056260108948,1.2944397013634443,-5.0071070808917284
P02_s0_seed0,28,52.715300372801721,1.0215875040739775,1.9390549622476101,-0.71966931223869324
P02_s0_seed0,29,50.912368716672063,-1.3677793461829424,2.7500338293612003,5.156717961654067
P02_s0_seed0,30,45.842674495652318,4.4567517656832933,1.1442232094705105,-10.935251489281654
P02_s0_seed0,31,58.662087670527399,-2.9375023674219847,2.0802631117403507,13.999003758653998
P02_s0.1_seed410001,0,45.000000014999998,-4.9999999900000001,2.9999999979999998,0.27785334776209325
P02_s0.1_seed410001,1,45.388609981164336,-2.6256815902888775,2.7336801644414663,3.032855736091733
P02_s0.1_seed410001,2,51.337258731946349,0.70855077356100082,1.3720025401562452,-12.268155310302973
P02_s0.1_seed410001,3,53.169428366236389,-1.6808303818106651,2.4350031968206167,7.8026108164340258
P02_s0.1_seed410001,4,54.694863720797002,2.2131945099681616,2.8294963277876377,12.895669732242823
P02_s0.1_seed410001,5,48.881521755829453,-0.060515189543366432,1.8915719650685787,-7.9898727592080832
P02_s0.1_seed410001,6,47.38600336946547,3.1483005825430155,2.0032953657209873,6.2692073173820972
P02_s0.1_seed410001,7,57.18469129409641,-4.1302874591201544,1.1901878975331783,-3.674203148111701
P02_s0.1_seed410001,8,57.503998931497335,0.2231365442276001,2.2007040493190289,-10.259816022589803
P02_s0.1_seed410001,9,47.940200907178223,-2.366129532456398,1.0118183679878712,14.726159758865833
P02_s0.1_seed410001,10,50.195578378625214,4.2783444188535213,2.9059981815516949,-1.5200742054730654
P02_s0.1_seed410001,11,56.242894884198904,-3.3060439117252827,1.8419293947517872,4.5545313879847527
P02_s0.1_seed410001,12,53.553244806826115,2.7754807937890291,1.4240292813628912,1.2028090562671423
P02_s0.1_seed410001,13,51.954935328103602,-4.928221432492137,2.3629607390612364,-3.7970104068517685
P02_s0.1_seed410001,14,46.652677492238581,1.845352528616786,1.7187961842864752,9.5177587028592825
P02_s0.1_seed410001,15,59.736222065985203,-0.86322803981602192,2.5327886771410704,-14.422756433486938
P02_s0.1_seed410001,16,59.282204154878855,1.5321626141667366,1.0912694819271564,7.4577891547232866
P02_s0.1_seed410001,17,46.227900912053883,-1.1764322593808174,2.1532401852309704,-2.5226935185492039
P02_s0.1_seed410001,18,52.409131159074605,3.0874595232307911,1.7649426348507404,11.817408995702863
P02_s0.1_seed410001,19,53.978088442236185,-4.616247471421957,2.9519743733108044,-9.2517034895718098
P02_s0.1_seed410001,20,55.730118602514267,3.965160408988595,2.2839521300047636,-11.534132799133658
P02_s0.1_seed410001,21,49.712158092297614,-3.6192136164754629,1.4720272030681372,8.4711797721683979
P02_s0.1_seed410001,22,48.452797480858862,0.53509033285081387,2.6103400122374296,-6.6911270376294851
P02_s0.1_seed410001,23,57.987357527017593,-2.0541709754616022,1.6732319798320532,2.2548812068998814
P02_s0.1_seed410001,24,56.672019730322063,3.4613314084708691,2.6856936272233725,10.77180739492178
P02_s0.1_seed410001,25,46.902684001252055,-3.8172709383070469,1.6247300188988447,-13.336713658645749
P02_s0.1_seed410001,26,49.39425858668983,1.9013939052820206,2.4805864151567221,0.07281426340341568
P02_s0.1_seed410001,27,55.178359220735729,-0.37232056260108948,1.2944397013634443,-5.0071070808917284
P02_s0.1_seed410001,28,52.715300372801721,1.0215875040739775,1.9390549622476101,-0.71966931223869324
P02_s0.1_seed410001,29,50.912368716672063,-1.3677793461829424,2.7500338293612003,5.156717961654067
P02_s0.1_seed410001,30,45.842674495652318,4.4567517656832933,1.1442232094705105,-10.935251489281654
P02_s0.1_seed410001,31,58.662087670527399,-2.9375023674219847,2.0802631117403507,13.999003758653998
P03_s0_seed0,0,50.710000000000015,0.32000000000000028,2.1299999999998551,6.4200000000004067
P03_s0_seed0,1,45.388609981164336,-2.6256815902888775,2.7336801644414663,3.032855736091733
P03_s0_seed0,2,51.337258731946349,0.70855077356100082,1.3720025401562452,-12.268155310302973
P03_s0_seed0,3,53.169428366236389,-1.6808303818106651,2.4350031968206167,7.8026108164340258
P03_s0_seed0,4,54.694863720797002,2.2131945099681616,2.8294963277876377,12.895669732242823
P03_s0_seed0,5,48.881521755829453,-0.060515189543366432,1.8915719650685787,-7.9898727592080832
P03_s0_seed0,6,47.38600336946547,3.1483005825430155,2.0032953657209873,6.2692073173820972
P03_s0_seed0,7,57.18469129409641,-4.1302874591201544,1.1901878975331783,-3.674203148111701
P03_s0_seed0,8,57.503998931497335,0.2231365442276001,2.2007040493190289,-10.259816022589803
P03_s0_seed0,9,47.940200907178223,-2.366129532456398,1.0118183679878712,14.726159758865833
P03_s0_seed0,10,50.195578378625214,4.2783444188535213,2.9059981815516949,-1.5200742054730654
P03_s0_seed0,11,56.242894884198904,-3.3060439117252827,1.8419293947517872,4.5545313879847527
P03_s0_seed0,12,53.553244806826115,2.7754807937890291,1.4240292813628912,1.2028090562671423
P03_s0_seed0,13,51.954935328103602,-4.928221432492137,2.3629607390612364,-3.7970104068517685
P03_s0_seed0,14,46.652677492238581,1.845352528616786,1.7187961842864752,9.5177587028592825
P03_s0_seed0,15,59.736222065985203,-0.86322803981602192,2.5327886771410704,-14.422756433486938
P03_s0_seed0,16,59.282204154878855,1.5321626141667366,1.0912694819271564,7.4577891547232866
P03_s0_seed0,17,46.227900912053883,-1.1764322593808174,2.1532401852309704,-2.5226935185492039
P03_s0_seed0,18,52.409131159074605,3.0874595232307911,1.7649426348507404,11.817408995702863
P03_s0_seed0,19,53.978088442236185,-4.616247471421957,2.9519743733108044,-9.2517034895718098
P03_s0_seed0,20,55.730118602514267,3.965160408988595,2.2839521300047636,-11.534132799133658
P03_s0_seed0,21,49.712158092297614,-3.6192136164754629,1.4720272030681372,8.4711797721683979
P03_s0_seed0,22,48.452797480858862,0.53509033285081387,2.6103400122374296,-6.6911270376294851
P03_s0_seed0,23,57.987357527017593,-2.0541709754616022,1.6732319798320532,2.2548812068998814
P03_s0_seed0,24,56.672019730322063,3.4613314084708691,2.6856936272233725,10.77180739492178
P03_s0_seed0,25,46.902684001252055,-3.8172709383070469,1.6247300188988447,-13.336713658645749
P03_s0_seed0,26,49.39425858668983,1.9013939052820206,2.4805864151567221,0.07281426340341568
P03_s0_seed0,27,55.178359220735729,-0.37232056260108948,1.2944397013634443,-5.0071070808917284
P03_s0_seed0,28,52.715300372801721,1.0215875040739775,1.9390549622476101,-0.71966931223869324
P03_s0_seed0,29,50.912368716672063,-1.3677793461829424,2.7500338293612003,5.156717961654067
P03_s0_seed0,30,45.842674495652318,4.4567517656832933,1.1442232094705105,-10.935251489281654
P03_s0_seed0,31,58.662087670527399,-2.9375023674219847,2.0802631117403507,13.999003758653998
P03_s0.1_seed410001,0,45.000000014999998,-0.13237947701159758,2.9999999979999998,1.4797750917901311
P03_s0.1_seed410001,1,45.388609981164336,-2.6256815902888775,2.7336801644414663,3.032855736091733
P03_s0.1_seed410001,2,51.337258731946349,0.70855077356100082,1.3720025401562452,-12.268155310302973
P03_s0.1_seed410001,3,53.169428366236389,-1.6808303818106651,2.4350031968206167,7.8026108164340258
P03_s0.1_seed410001,4,54.694863720797002,2.2131945099681616,2.8294963277876377,12.895669732242823
P03_s0.1_seed410001,5,48.881521755829453,-0.060515189543366432,1.8915719650685787,-7.9898727592080832
P03_s0.1_seed410001,6,47.38600336946547,3.1483005825430155,2.0032953657209873,6.2692073173820972
P03_s0.1_seed410001,7,57.18469129409641,-4.1302874591201544,1.1901878975331783,-3.674203148111701
P03_s0.1_seed410001,8,57.503998931497335,0.2231365442276001,2.2007040493190289,-10.259816022589803
P03_s0.1_seed410001,9,47.940200907178223,-2.366129532456398,1.0118183679878712,14.726159758865833
P03_s0.1_seed410001,10,50.195578378625214,4.2783444188535213,2.9059981815516949,-1.5200742054730654
P03_s0.1_seed410001,11,56.242894884198904,-3.3060439117252827,1.8419293947517872,4.5545313879847527
P03_s0.1_seed410001,12,53.553244806826115,2.7754807937890291,1.4240292813628912,1.2028090562671423
P03_s0.1_seed410001,13,51.954935328103602,-4.928221432492137,2.3629607390612364,-3.7970104068517685
P03_s0.1_seed410001,14,46.652677492238581,1.845352528616786,1.7187961842864752,9.5177587028592825
P03_s0.1_seed410001,15,59.736222065985203,-0.86322803981602192,2.5327886771410704,-14.422756433486938
P03_s0.1_seed410001,16,59.282204154878855,1.5321626141667366,1.0912694819271564,7.4577891547232866
P03_s0.1_seed410001,17,46.227900912053883,-1.1764322593808174,2.1532401852309704,-2.5226935185492039
P03_s0.1_seed410001,18,52.409131159074605,3.0874595232307911,1.7649426348507404,11.817408995702863
P03_s0.1_seed410001,19,53.978088442236185,-4.616247471421957,2.9519743733108044,-9.2517034895718098
P03_s0.1_seed410001,20,55.730118602514267,3.965160408988595,2.2839521300047636,-11.534132799133658
P03_s0.1_seed410001,21,49.712158092297614,-3.6192136164754629,1.4720272030681372,8.4711797721683979
P03_s0.1_seed410001,22,48.452797480858862,0.53509033285081387,2.6103400122374296,-6.6911270376294851
P03_s0.1_seed410001,23,57.987357527017593,-2.0541709754616022,1.6732319798320532,2.2548812068998814
P03_s0.1_seed410001,24,56.672019730322063,3.4613314084708691,2.6856936272233725,10.77180739492178
P03_s0.1_seed410001,25,46.902684001252055,-3.8172709383070469,1.6247300188988447,-13.336713658645749
P03_s0.1_seed410001,26,49.39425858668983,1.9013939052820206,2.4805864151567221,0.07281426340341568
P03_s0.1_seed410001,27,55.178359220735729,-0.37232056260108948,1.2944397013634443,-5.0071070808917284
P03_s0.1_seed410001,28,52.715300372801721,1.0215875040739775,1.9390549622476101,-0.71966931223869324
P03_s0.1_seed410001,29,50.912368716672063,-1.3677793461829424,2.7500338293612003,5.156717961654067
P03_s0.1_seed410001,30,45.842674495652318,4.4567517656832933,1.1442232094705105,-10.935251489281654
P03_s0.1_seed410001,31,58.662087670527399,-2.9375023674219847,2.0802631117403507,13.999003758653998
P04_s0_seed0,0,47.409999999999982,-0.72999999999998622,1.5699999999999674,-6.3500000000007155
P04_s0_seed0,1,45.388609981164336,-2.6256815902888775,2.7336801644414663,3.032855736091733
P04_s0_seed0,2,51.337258731946349,0.70855077356100082,1.3720025401562452,-12.268155310302973
P04_s0_seed0,3,53.169428366236389,-1.6808303818106651,2.4350031968206167,7.8026108164340258
P04_s0_seed0,4,54.694863720797002,2.2131945099681616,2.8294963277876377,12.895669732242823
P04_s0_seed0,5,48.881521755829453,-0.060515189543366432,1.8915719650685787,-7.9898727592080832
P04_s0_seed0,6,47.38600336946547,3.1483005825430155,2.0032953657209873,6.2692073173820972
P04_s0_seed0,7,57.18469129409641,-4.1302874591201544,1.1901878975331783,-3.674203148111701
P04_s0_seed0,8,57.503998931497335,0.2231365442276001,2.2007040493190289,-10.259816022589803
P04_s0_seed0,9,47.940200907178223,-2.366129532456398,1.0118183679878712,14.726159758865833
P04_s0_seed0,10,50.195578378625214,4.2783444188535213,2.9059981815516949,-1.5200742054730654
P04_s0_seed0,11,56.242894884198904,-3.3060439117252827,1.8419293947517872,4.5545313879847527
P04_s0_seed0,12,53.553244806826115,2.7754807937890291,1.4240292813628912,1.2028090562671423
P04_s0_seed0,13,51.954935328103602,-4.928221432492137,2.3629607390612364,-3.7970104068517685
P04_s0_seed0,14,46.652677492238581,1.845352528616786,1.7187961842864752,9.5177587028592825
P04_s0_seed0,15,59.736222065985203,-0.86322803981602192,2.5327886771410704,-14.422756433486938
P04_s0_seed0,16,59.282204154878855,1.5321626141667366,1.0912694819271564,7.4577891547232866
P04_s0_seed0,17,46.227900912053883,-1.1764322593808174,2.1532401852309704,-2.5226935185492039
P04_s0_seed0,18,52.409131159074605,3.0874595232307911,1.7649426348507404,11.817408995702863
P04_s0_seed0,19,53.978088442236185,-4.616247471421957,2.9519743733108044,-9.2517034895718098
P04_s0_seed0,20,55.730118602514267,3.965160408988595,2.2839521300047636,-11.534132799133658
P04_s0_seed0,21,49.712158092297614,-3.6192136164754629,1.4720272030681372,8.4711797721683979
P04_s0_seed0,22,48.452797480858862,0.53509033285081387,2.6103400122374296,-6.6911270376294851
P04_s0_seed0,23,57.987357527017593,-2.0541709754616022,1.6732319798320532,2.2548812068998814
P04_s0_seed0,24,56.672019730322063,3.4613314084708691,2.6856936272233725,10.77180739492178
P04_s0_seed0,25,46.902684001252055,-3.8172709383070469,1.6247300188988447,-13.336713658645749
P04_s0_seed0,26,49.39425858668983,1.9013939052820206,2.4805864151567221,0.07281426340341568
P04_s0_seed0,27,55.178359220735729,-0.37232056260108948,1.2944397013634443,-5.0071070808917284
P04_s0_seed0,28,52.715300372801721,1.0215875040739775,1.9390549622476101,-0.71966931223869324
P04_s0_seed0,29,50.912368716672063,-1.3677793461829424,2.7500338293612003,5.156717961654067
P04_s0_seed0,30,45.842674495652318,4.4567517656832933,1.1442232094705105,-10.935251489281654
P04_s0_seed0,31,58.662087670527399,-2.9375023674219847,2.0802631117403507,13.999003758653998
P04_s0.1_seed410001,0,45.000000014999998,4.9999999900000009,2.9999999979999998,-0.49662658512196067
P04_s0.1_seed410001,1,45.388609981164336,-2.6256815902888775,2.7336801644414663,3.032855736091733
P04_s0.1_seed410001,2,51.337258731946349,0.70855077356100082,1.3720025401562452,-12.268155310302973
P04_s0.1_seed410001,3,53.169428366236389,-1.6808303818106651,2.4350031968206167,7.8026108164340258
P04_s0.1_seed410001,4,54.694863720797002,2.2131945099681616,2.8294963277876377,12.895669732242823
P04_s0.1_seed410001,5,48.881521755829453,-0.060515189543366432,1.8915719650685787,-7.9898727592080832
P04_s0.1_seed410001,6,47.38600336946547,3.1483005825430155,2.0032953657209873,6.2692073173820972
P04_s0.1_seed410001,7,57.18469129409641,-4.1302874591201544,1.1901878975331783,-3.674203148111701
P04_s0.1_seed410001,8,57.503998931497335,0.2231365442276001,2.2007040493190289,-10.259816022589803
P04_s0.1_seed410001,9,47.940200907178223,-2.366129532456398,1.0118183679878712,14.726159758865833
P04_s0.1_seed410001,10,50.195578378625214,4.2783444188535213,2.9059981815516949,-1.5200742054730654
P04_s0.1_seed410001,11,56.242894884198904,-3.3060439117252827,1.8419293947517872,4.5545313879847527
P04_s0.1_seed410001,12,53.553244806826115,2.7754807937890291,1.4240292813628912,1.2028090562671423
P04_s0.1_seed410001,13,51.954935328103602,-4.928221432492137,2.3629607390612364,-3.7970104068517685
P04_s0.1_seed410001,14,46.652677492238581,1.845352528616786,1.7187961842864752,9.5177587028592825
P04_s0.1_seed410001,15,59.736222065985203,-0.86322803981602192,2.5327886771410704,-14.422756433486938
P04_s0.1_seed410001,16,59.282204154878855,1.5321626141667366,1.0912694819271564,7.4577891547232866
P04_s0.1_seed410001,17,46.227900912053883,-1.1764322593808174,2.1532401852309704,-2.5226935185492039
P04_s0.1_seed410001,18,52.409131159074605,3.0874595232307911,1.7649426348507404,11.817408995702863
P04_s0.1_seed410001,19,53.978088442236185,-4.616247471421957,2.9519743733108044,-9.2517034895718098
P04_s0.1_seed410001,20,55.730118602514267,3.965160408988595,2.2839521300047636,-11.534132799133658
P04_s0.1_seed410001,21,49.712158092297614,-3.6192136164754629,1.4720272030681372,8.4711797721683979
P04_s0.1_seed410001,22,48.452797480858862,0.53509033285081387,2.6103400122374296,-6.6911270376294851
P04_s0.1_seed410001,23,57.987357527017593,-2.0541709754616022,1.6732319798320532,2.2548812068998814
P04_s0.1_seed410001,24,56.672019730322063,3.4613314084708691,2.6856936272233725,10.77180739492178
P04_s0.1_seed410001,25,46.902684001252055,-3.8172709383070469,1.6247300188988447,-13.336713658645749
P04_s0.1_seed410001,26,49.39425858668983,1.9013939052820206,2.4805864151567221,0.07281426340341568
P04_s0.1_seed410001,27,55.178359220735729,-0.37232056260108948,1.2944397013634443,-5.0071070808917284
P04_s0.1_seed410001,28,52.715300372801721,1.0215875040739775,1.9390549622476101,-0.71966931223869324
P04_s0.1_seed410001,29,50.912368716672063,-1.3677793461829424,2.7500338293612003,5.156717961654067
P04_s0.1_seed410001,30,45.842674495652318,4.4567517656832933,1.1442232094705105,-10.935251489281654
P04_s0.1_seed410001,31,58.662087670527399,-2.9375023674219847,2.0802631117403507,13.999003758653998
P05_s0_seed0,0,48.680000000000078,0.68000000000000149,2.3699999999995729,8.6200000000013972
P05_s0_seed0,1,45.388609981164336,-2.6256815902888775,2.7336801644414663,3.032855736091733
P05_s0_seed0,2,51.337258731946349,0.70855077356100082,1.3720025401562452,-12.268155310302973
P05_s0_seed0,3,53.169428366236389,-1.6808303818106651,2.4350031968206167,7.8026108164340258
P05_s0_seed0,4,54.694863720797002,2.2131945099681616,2.8294963277876377,12.895669732242823
P05_s0_seed0,5,48.881521755829453,-0.060515189543366432,1.8915719650685787,-7.9898727592080832
P05_s0_seed0,6,47.38600336946547,3.1483005825430155,2.0032953657209873,6.2692073173820972
P05_s0_seed0,7,57.18469129409641,-4.1302874591201544,1.1901878975331783,-3.674203148111701
P05_s0_seed0,8,57.503998931497335,0.2231365442276001,2.2007040493190289,-10.259816022589803
P05_s0_seed0,9,47.940200907178223,-2.366129532456398,1.0118183679878712,14.726159758865833
P05_s0_seed0,10,50.195578378625214,4.2783444188535213,2.9059981815516949,-1.5200742054730654
P05_s0_seed0,11,56.242894884198904,-3.3060439117252827,1.8419293947517872,4.5545313879847527
P05_s0_seed0,12,53.553244806826115,2.7754807937890291,1.4240292813628912,1.2028090562671423
P05_s0_seed0,13,51.954935328103602,-4.928221432492137,2.3629607390612364,-3.7970104068517685
P05_s0_seed0,14,46.652677492238581,1.845352528616786,1.7187961842864752,9.5177587028592825
P05_s0_seed0,15,59.736222065985203,-0.86322803981602192,2.5327886771410704,-14.422756433486938
P05_s0_seed0,16,59.282204154878855,1.5321626141667366,1.0912694819271564,7.4577891547232866
P05_s0_seed0,17,46.227900912053883,-1.1764322593808174,2.1532401852309704,-2.5226935185492039
P05_s0_seed0,18,52.409131159074605,3.0874595232307911,1.7649426348507404,11.817408995702863
P05_s0_seed0,19,53.978088442236185,-4.616247471421957,2.9519743733108044,-9.2517034895718098
P05_s0_seed0,20,55.730118602514267,3.965160408988595,2.2839521300047636,-11.534132799133658
P05_s0_seed0,21,49.712158092297614,-3.6192136164754629,1.4720272030681372,8.4711797721683979
P05_s0_seed0,22,48.452797480858862,0.53509033285081387,2.6103400122374296,-6.6911270376294851
P05_s0_seed0,23,57.987357527017593,-2.0541709754616022,1.6732319798320532,2.2548812068998814
P05_s0_seed0,24,56.672019730322063,3.4613314084708691,2.6856936272233725,10.77180739492178
P05_s0_seed0,25,46.902684001252055,-3.8172709383070469,1.6247300188988447,-13.336713658645749
P05_s0_seed0,26,49.39425858668983,1.9013939052820206,2.4805864151567221,0.07281426340341568
P05_s0_seed0,27,55.178359220735729,-0.37232056260108948,1.2944397013634443,-5.0071070808917284
P05_s0_seed0,28,52.715300372801721,1.0215875040739775,1.9390549622476101,-0.71966931223869324
P05_s0_seed0,29,50.912368716672063,-1.3677793461829424,2.7500338293612003,5.156717961654067
P05_s0_seed0,30,45.842674495652318,4.4567517656832933,1.1442232094705105,-10.935251489281654
P05_s0_seed0,31,58.662087670527399,-2.9375023674219847,2.0802631117403507,13.999003758653998
P05_s0.1_seed410001,0,45.000000014999998,0.5429762662902089,2.9999999979999998,14.999999970000001
P05_s0.1_seed410001,1,45.388609981164336,-2.6256815902888775,2.7336801644414663,3.032855736091733
P05_s0.1_seed410001,2,51.337258731946349,0.70855077356100082,1.3720025401562452,-12.268155310302973
P05_s0.1_seed410001,3,53.169428366236389,-1.6808303818106651,2.4350031968206167,7.8026108164340258
P05_s0.1_seed410001,4,54.694863720797002,2.2131945099681616,2.8294963277876377,12.895669732242823
P05_s0.1_seed410001,5,48.881521755829453,-0.060515189543366432,1.8915719650685787,-7.9898727592080832
P05_s0.1_seed410001,6,47.38600336946547,3.1483005825430155,2.0032953657209873,6.2692073173820972
P05_s0.1_seed410001,7,57.18469129409641,-4.1302874591201544,1.1901878975331783,-3.674203148111701
P05_s0.1_seed410001,8,57.503998931497335,0.2231365442276001,2.2007040493190289,-10.259816022589803
P05_s0.1_seed410001,9,47.940200907178223,-2.366129532456398,1.0118183679878712,14.726159758865833
P05_s0.1_seed410001,10,50.195578378625214,4.2783444188535213,2.9059981815516949,-1.5200742054730654
P05_s0.1_seed410001,11,56.242894884198904,-3.3060439117252827,1.8419293947517872,4.5545313879847527
P05_s0.1_seed410001,12,53.553244806826115,2.7754807937890291,1.4240292813628912,1.2028090562671423
P05_s0.1_seed410001,13,51.954935328103602,-4.928221432492137,2.3629607390612364,-3.7970104068517685
P05_s0.1_seed410001,14,46.652677492238581,1.845352528616786,1.7187961842864752,9.5177587028592825
P05_s0.1_seed410001,15,59.736222065985203,-0.86322803981602192,2.5327886771410704,-14.422756433486938
P05_s0.1_seed410001,16,59.282204154878855,1.5321626141667366,1.0912694819271564,7.4577891547232866
P05_s0.1_seed410001,17,46.227900912053883,-1.1764322593808174,2.1532401852309704,-2.5226935185492039
P05_s0.1_seed410001,18,52.409131159074605,3.0874595232307911,1.7649426348507404,11.817408995702863
P05_s0.1_seed410001,19,53.978088442236185,-4.616247471421957,2.9519743733108044,-9.2517034895718098
P05_s0.1_seed410001,20,55.730118602514267,3.965160408988595,2.2839521300047636,-11.534132799133658
P05_s0.1_seed410001,21,49.712158092297614,-3.6192136164754629,1.4720272030681372,8.4711797721683979
P05_s0.1_seed410001,22,48.452797480858862,0.53509033285081387,2.6103400122374296,-6.6911270376294851
P05_s0.1_seed410001,23,57.987357527017593,-2.0541709754616022,1.6732319798320532,2.2548812068998814
P05_s0.1_seed410001,24,56.672019730322063,3.4613314084708691,2.6856936272233725,10.77180739492178
P05_s0.1_seed410001,25,46.902684001252055,-3.8172709383070469,1.6247300188988447,-13.336713658645749
P05_s0.1_seed410001,26,49.39425858668983,1.9013939052820206,2.4805864151567221,0.07281426340341568
P05_s0.1_seed410001,27,55.178359220735729,-0.37232056260108948,1.2944397013634443,-5.0071070808917284
P05_s0.1_seed410001,28,52.715300372801721,1.0215875040739775,1.9390549622476101,-0.71966931223869324
P05_s0.1_seed410001,29,50.912368716672063,-1.3677793461829424,2.7500338293612003,5.156717961654067
P05_s0.1_seed410001,30,45.842674495652318,4.4567517656832933,1.1442232094705105,-10.935251489281654
P05_s0.1_seed410001,31,58.662087670527399,-2.9375023674219847,2.0802631117403507,13.999003758653998
P06_s0_seed0,0,55.360000000000284,1.1700000000000017,2.4299999999994442,9.3800000000018713
P06_s0_seed0,1,45.388609981164336,-2.6256815902888775,2.7336801644414663,3.032855736091733
P06_s0_seed0,2,51.337258731946349,0.70855077356100082,1.3720025401562452,-12.268155310302973
P06_s0_seed0,3,53.169428366236389,-1.6808303818106651,2.4350031968206167,7.8026108164340258
P06_s0_seed0,4,54.694863720797002,2.2131945099681616,2.8294963277876377,12.895669732242823
P06_s0_seed0,5,48.881521755829453,-0.060515189543366432,1.8915719650685787,-7.9898727592080832
P06_s0_seed0,6,47.38600336946547,3.1483005825430155,2.0032953657209873,6.2692073173820972
P06_s0_seed0,7,57.18469129409641,-4.1302874591201544,1.1901878975331783,-3.674203148111701
P06_s0_seed0,8,57.503998931497335,0.2231365442276001,2.2007040493190289,-10.259816022589803
P06_s0_seed0,9,47.940200907178223,-2.366129532456398,1.0118183679878712,14.726159758865833
P06_s0_seed0,10,50.195578378625214,4.2783444188535213,2.9059981815516949,-1.5200742054730654
P06_s0_seed0,11,56.242894884198904,-3.3060439117252827,1.8419293947517872,4.5545313879847527
P06_s0_seed0,12,53.553244806826115,2.7754807937890291,1.4240292813628912,1.2028090562671423
P06_s0_seed0,13,51.954935328103602,-4.928221432492137,2.3629607390612364,-3.7970104068517685
P06_s0_seed0,14,46.652677492238581,1.845352528616786,1.7187961842864752,9.5177587028592825
P06_s0_seed0,15,59.736222065985203,-0.86322803981602192,2.5327886771410704,-14.422756433486938
P06_s0_seed0,16,59.282204154878855,1.5321626141667366,1.0912694819271564,7.4577891547232866
P06_s0_seed0,17,46.227900912053883,-1.1764322593808174,2.1532401852309704,-2.5226935185492039
P06_s0_seed0,18,52.409131159074605,3.0874595232307911,1.7649426348507404,11.817408995702863
P06_s0_seed0,19,53.978088442236185,-4.616247471421957,2.9519743733108044,-9.2517034895718098
P06_s0_seed0,20,55.730118602514267,3.965160408988595,2.2839521300047636,-11.534132799133658
P06_s0_seed0,21,49.712158092297614,-3.6192136164754629,1.4720272030681372,8.4711797721683979
P06_s0_seed0,22,48.452797480858862,0.53509033285081387,2.6103400122374296,-6.6911270376294851
P06_s0_seed0,23,57.987357527017593,-2.0541709754616022,1.6732319798320532,2.2548812068998814
P06_s0_seed0,24,56.672019730322063,3.4613314084708691,2.6856936272233725,10.77180739492178
P06_s0_seed0,25,46.902684001252055,-3.8172709383070469,1.6247300188988447,-13.336713658645749
P06_s0_seed0,26,49.39425858668983,1.9013939052820206,2.4805864151567221,0.07281426340341568
P06_s0_seed0,27,55.178359220735729,-0.37232056260108948,1.2944397013634443,-5.0071070808917284
P06_s0_seed0,28,52.715300372801721,1.0215875040739775,1.9390549622476101,-0.71966931223869324
P06_s0_seed0,29,50.912368716672063,-1.3677793461829424,2.7500338293612003,5.156717961654067
P06_s0_seed0,30,45.842674495652318,4.4567517656832933,1.1442232094705105,-10.935251489281654
P06_s0_seed0,31,58.662087670527399,-2.9375023674219847,2.0802631117403507,13.999003758653998
P06_s0.1_seed410001,0,45.000000014999998,1.0200567430199321,2.9999999979999998,-14.999999969999999
P06_s0.1_seed410001,1,45.388609981164336,-2.6256815902888775,2.7336801644414663,3.032855736091733
P06_s0.1_seed410001,2,51.337258731946349,0.70855077356100082,1.3720025401562452,-12.268155310302973
P06_s0.1_seed410001,3,53.169428366236389,-1.6808303818106651,2.4350031968206167,7.8026108164340258
P06_s0.1_seed410001,4,54.694863720797002,2.2131945099681616,2.8294963277876377,12.895669732242823
P06_s0.1_seed410001,5,48.881521755829453,-0.060515189543366432,1.8915719650685787,-7.9898727592080832
P06_s0.1_seed410001,6,47.38600336946547,3.1483005825430155,2.0032953657209873,6.2692073173820972
P06_s0.1_seed410001,7,57.18469129409641,-4.1302874591201544,1.1901878975331783,-3.674203148111701
P06_s0.1_seed410001,8,57.503998931497335,0.2231365442276001,2.2007040493190289,-10.259816022589803
P06_s0.1_seed410001,9,47.940200907178223,-2.366129532456398,1.0118183679878712,14.726159758865833
P06_s0.1_seed410001,10,50.195578378625214,4.2783444188535213,2.9059981815516949,-1.5200742054730654
P06_s0.1_seed410001,11,56.242894884198904,-3.3060439117252827,1.8419293947517872,4.5545313879847527
P06_s0.1_seed410001,12,53.553244806826115,2.7754807937890291,1.4240292813628912,1.2028090562671423
P06_s0.1_seed410001,13,51.954935328103602,-4.928221432492137,2.3629607390612364,-3.7970104068517685
P06_s0.1_seed410001,14,46.652677492238581,1.845352528616786,1.7187961842864752,9.5177587028592825
P06_s0.1_seed410001,15,59.736222065985203,-0.86322803981602192,2.5327886771410704,-14.422756433486938
P06_s0.1_seed410001,16,59.282204154878855,1.5321626141667366,1.0912694819271564,7.4577891547232866
P06_s0.1_seed410001,17,46.227900912053883,-1.1764322593808174,2.1532401852309704,-2.5226935185492039
P06_s0.1_seed410001,18,52.409131159074605,3.0874595232307911,1.7649426348507404,11.817408995702863
P06_s0.1_seed410001,19,53.978088442236185,-4.616247471421957,2.9519743733108044,-9.2517034895718098
P06_s0.1_seed410001,20,55.730118602514267,3.965160408988595,2.2839521300047636,-11.534132799133658
P06_s0.1_seed410001,21,49.712158092297614,-3.6192136164754629,1.4720272030681372,8.4711797721683979
P06_s0.1_seed410001,22,48.452797480858862,0.53509033285081387,2.6103400122374296,-6.6911270376294851
P06_s0.1_seed410001,23,57.987357527017593,-2.0541709754616022,1.6732319798320532,2.2548812068998814
P06_s0.1_seed410001,24,56.672019730322063,3.4613314084708691,2.6856936272233725,10.77180739492178
P06_s0.1_seed410001,25,46.902684001252055,-3.8172709383070469,1.6247300188988447,-13.336713658645749
P06_s0.1_seed410001,26,49.39425858668983,1.9013939052820206,2.4805864151567221,0.07281426340341568
P06_s0.1_seed410001,27,55.178359220735729,-0.37232056260108948,1.2944397013634443,-5.0071070808917284
P06_s0.1_seed410001,28,52.715300372801721,1.0215875040739775,1.9390549622476101,-0.71966931223869324
P06_s0.1_seed410001,29,50.912368716672063,-1.3677793461829424,2.7500338293612003,5.156717961654067
P06_s0.1_seed410001,30,45.842674495652318,4.4567517656832933,1.1442232094705105,-10.935251489281654
P06_s0.1_seed410001,31,58.662087670527399,-2.9375023674219847,2.0802631117403507,13.999003758653998
P07_s0_seed0,0,53.719999999999764,-1.1800000000000055,1.7300000000000906,-8.4199999999993107
P07_s0_seed0,1,45.388609981164336,-2.6256815902888775,2.7336801644414663,3.032855736091733
P07_s0_seed0,2,51.337258731946349,0.70855077356100082,1.3720025401562452,-12.268155310302973
P07_s0_seed0,3,53.169428366236389,-1.6808303818106651,2.4350031968206167,7.8026108164340258
P07_s0_seed0,4,54.694863720797002,2.2131945099681616,2.8294963277876377,12.895669732242823
P07_s0_seed0,5,48.881521755829453,-0.060515189543366432,1.8915719650685787,-7.9898727592080832
P07_s0_seed0,6,47.38600336946547,3.1483005825430155,2.0032953657209873,6.2692073173820972
P07_s0_seed0,7,57.18469129409641,-4.1302874591201544,1.1901878975331783,-3.674203148111701
P07_s0_seed0,8,57.503998931497335,0.2231365442276001,2.2007040493190289,-10.259816022589803
P07_s0_seed0,9,47.940200907178223,-2.366129532456398,1.0118183679878712,14.726159758865833
P07_s0_seed0,10,50.195578378625214,4.2783444188535213,2.9059981815516949,-1.5200742054730654
P07_s0_seed0,11,56.242894884198904,-3.3060439117252827,1.8419293947517872,4.5545313879847527
P07_s0_seed0,12,53.553244806826115,2.7754807937890291,1.4240292813628912,1.2028090562671423
P07_s0_seed0,13,51.954935328103602,-4.928221432492137,2.3629607390612364,-3.7970104068517685
P07_s0_seed0,14,46.652677492238581,1.845352528616786,1.7187961842864752,9.5177587028592825
P07_s0_seed0,15,59.736222065985203,-0.86322803981602192,2.5327886771410704,-14.422756433486938
P07_s0_seed0,16,59.282204154878855,1.5321626141667366,1.0912694819271564,7.4577891547232866
P07_s0_seed0,17,46.227900912053883,-1.1764322593808174,2.1532401852309704,-2.5226935185492039
P07_s0_seed0,18,52.409131159074605,3.0874595232307911,1.7649426348507404,11.817408995702863
P07_s0_seed0,19,53.978088442236185,-4.616247471421957,2.9519743733108044,-9.2517034895718098
P07_s0_seed0,20,55.730118602514267,3.965160408988595,2.2839521300047636,-11.534132799133658
P07_s0_seed0,21,49.712158092297614,-3.6192136164754629,1.4720272030681372,8.4711797721683979
P07_s0_seed0,22,48.452797480858862,0.53509033285081387,2.6103400122374296,-6.6911270376294851
P07_s0_seed0,23,57.987357527017593,-2.0541709754616022,1.6732319798320532,2.2548812068998814
P07_s0_seed0,24,56.672019730322063,3.4613314084708691,2.6856936272233725,10.77180739492178
P07_s0_seed0,25,46.902684001252055,-3.8172709383070469,1.6247300188988447,-13.336713658645749
P07_s0_seed0,26,49.39425858668983,1.9013939052820206,2.4805864151567221,0.07281426340341568
P07_s0_seed0,27,55.178359220735729,-0.37232056260108948,1.2944397013634443,-5.0071070808917284
P07_s0_seed0,28,52.715300372801721,1.0215875040739775,1.9390549622476101,-0.71966931223869324
P07_s0_seed0,29,50.912368716672063,-1.3677793461829424,2.7500338293612003,5.156717961654067
P07_s0_seed0,30,45.842674495652318,4.4567517656832933,1.1442232094705105,-10.935251489281654
P07_s0_seed0,31,58.662087670527399,-2.9375023674219847,2.0802631117403507,13.999003758653998
P07_s0.1_seed410001,0,45.000000014999998,4.9999999900000009,2.9999999979999998,-1.0084406904860295
P07_s0.1_seed410001,1,45.388609981164336,-2.6256815902888775,2.7336801644414663,3.032855736091733
P07_s0.1_seed410001,2,51.337258731946349,0.70855077356100082,1.3720025401562452,-12.268155310302973
P07_s0.1_seed410001,3,53.169428366236389,-1.6808303818106651,2.4350031968206167,7.8026108164340258
P07_s0.1_seed410001,4,54.694863720797002,2.2131945099681616,2.8294963277876377,12.895669732242823
P07_s0.1_seed410001,5,48.881521755829453,-0.060515189543366432,1.8915719650685787,-7.9898727592080832
P07_s0.1_seed410001,6,47.38600336946547,3.1483005825430155,2.0032953657209873,6.2692073173820972
P07_s0.1_seed410001,7,57.18469129409641,-4.1302874591201544,1.1901878975331783,-3.674203148111701
P07_s0.1_seed410001,8,57.503998931497335,0.2231365442276001,2.2007040493190289,-10.259816022589803
P07_s0.1_seed410001,9,47.940200907178223,-2.366129532456398,1.0118183679878712,14.726159758865833
P07_s0.1_seed410001,10,50.195578378625214,4.2783444188535213,2.9059981815516949,-1.5200742054730654
P07_s0.1_seed410001,11,56.242894884198904,-3.3060439117252827,1.8419293947517872,4.5545313879847527
P07_s0.1_seed410001,12,53.553244806826115,2.7754807937890291,1.4240292813628912,1.2028090562671423
P07_s0.1_seed410001,13,51.954935328103602,-4.928221432492137,2.3629607390612364,-3.7970104068517685
P07_s0.1_seed410001,14,46.652677492238581,1.845352528616786,1.7187961842864752,9.5177587028592825
P07_s0.1_seed410001,15,59.736222065985203,-0.86322803981602192,2.5327886771410704,-14.422756433486938
P07_s0.1_seed410001,16,59.282204154878855,1.5321626141667366,1.0912694819271564,7.4577891547232866
P07_s0.1_seed410001,17,46.227900912053883,-1.1764322593808174,2.1532401852309704,-2.5226935185492039
P07_s0.1_seed410001,18,52.409131159074605,3.0874595232307911,1.7649426348507404,11.817408995702863
P07_s0.1_seed410001,19,53.978088442236185,-4.616247471421957,2.9519743733108044,-9.2517034895718098
P07_s0.1_seed410001,20,55.730118602514267,3.965160408988595,2.2839521300047636,-11.534132799133658
P07_s0.1_seed410001,21,49.712158092297614,-3.6192136164754629,1.4720272030681372,8.4711797721683979
P07_s0.1_seed410001,22,48.452797480858862,0.53509033285081387,2.6103400122374296,-6.6911270376294851
P07_s0.1_seed410001,23,57.987357527017593,-2.0541709754616022,1.6732319798320532,2.2548812068998814
P07_s0.1_seed410001,24,56.672019730322063,3.4613314084708691,2.6856936272233725,10.77180739492178
P07_s0.1_seed410001,25,46.902684001252055,-3.8172709383070469,1.6247300188988447,-13.336713658645749
P07_s0.1_seed410001,26,49.39425858668983,1.9013939052820206,2.4805864151567221,0.07281426340341568
P07_s0.1_seed410001,27,55.178359220735729,-0.37232056260108948,1.2944397013634443,-5.0071070808917284
P07_s0.1_seed410001,28,52.715300372801721,1.0215875040739775,1.9390549622476101,-0.71966931223869324
P07_s0.1_seed410001,29,50.912368716672063,-1.3677793461829424,2.7500338293612003,5.156717961654067
P07_s0.1_seed410001,30,45.842674495652318,4.4567517656832933,1.1442232094705105,-10.935251489281654
P07_s0.1_seed410001,31,58.662087670527399,-2.9375023674219847,2.0802631117403507,13.999003758653998
P08_s0_seed0,0,51.240000000000002,0.060000000000000497,1.8699999999998294,2.280000000000193
P08_s0_seed0,1,45.388609981164336,-2.6256815902888775,2.7336801644414663,3.032855736091733
P08_s0_seed0,2,51.337258731946349,0.70855077356100082,1.3720025401562452,-12.268155310302973
P08_s0_seed0,3,53.169428366236389,-1.6808303818106651,2.4350031968206167,7.8026108164340258
P08_s0_seed0,4,54.694863720797002,2.2131945099681616,2.8294963277876377,12.895669732242823
P08_s0_seed0,5,48.881521755829453,-0.060515189543366432,1.8915719650685787,-7.9898727592080832
P08_s0_seed0,6,47.38600336946547,3.1483005825430155,2.0032953657209873,6.2692073173820972
P08_s0_seed0,7,57.18469129409641,-4.1302874591201544,1.1901878975331783,-3.674203148111701
P08_s0_seed0,8,57.503998931497335,0.2231365442276001,2.2007040493190289,-10.259816022589803
P08_s0_seed0,9,47.940200907178223,-2.366129532456398,1.0118183679878712,14.726159758865833
P08_s0_seed0,10,50.195578378625214,4.2783444188535213,2.9059981815516949,-1.5200742054730654
P08_s0_seed0,11,56.242894884198904,-3.3060439117252827,1.8419293947517872,4.5545313879847527
P08_s0_seed0,12,53.553244806826115,2.7754807937890291,1.4240292813628912,1.2028090562671423
P08_s0_seed0,13,51.954935328103602,-4.928221432492137,2.3629607390612364,-3.7970104068517685
P08_s0_seed0,14,46.652677492238581,1.845352528616786,1.7187961842864752,9.5177587028592825
P08_s0_seed0,15,59.736222065985203,-0.86322803981602192,2.5327886771410704,-14.422756433486938
P08_s0_seed0,16,59.282204154878855,1.5321626141667366,1.0912694819271564,7.4577891547232866
P08_s0_seed0,17,46.227900912053883,-1.1764322593808174,2.1532401852309704,-2.5226935185492039
P08_s0_seed0,18,52.409131159074605,3.0874595232307911,1.7649426348507404,11.817408995702863
P08_s0_seed0,19,53.978088442236185,-4.616247471421957,2.9519743733108044,-9.2517034895718098
P08_s0_seed0,20,55.730118602514267,3.965160408988595,2.2839521300047636,-11.534132799133658
P08_s0_seed0,21,49.712158092297614,-3.6192136164754629,1.4720272030681372,8.4711797721683979
P08_s0_seed0,22,48.452797480858862,0.53509033285081387,2.6103400122374296,-6.6911270376294851
P08_s0_seed0,23,57.987357527017593,-2.0541709754616022,1.6732319798320532,2.2548812068998814
P08_s0_seed0,24,56.672019730322063,3.4613314084708691,2.6856936272233725,10.77180739492178
P08_s0_seed0,25,46.902684001252055,-3.8172709383070469,1.6247300188988447,-13.336713658645749
P08_s0_seed0,26,49.39425858668983,1.9013939052820206,2.4805864151567221,0.07281426340341568
P08_s0_seed0,27,55.178359220735729,-0.37232056260108948,1.2944397013634443,-5.0071070808917284
P08_s0_seed0,28,52.715300372801721,1.0215875040739775,1.9390549622476101,-0.71966931223869324
P08_s0_seed0,29,50.912368716672063,-1.3677793461829424,2.7500338293612003,5.156717961654067
P08_s0_seed0,30,45.842674495652318,4.4567517656832933,1.1442232094705105,-10.935251489281654
P08_s0_seed0,31,58.662087670527399,-2.9375023674219847,2.0802631117403507,13.999003758653998
P08_s0.1_seed410001,0,45.000000014999998,-4.9999999900000001,2.9999999979999998,0.34037706511035459
P08_s0.1_seed410001,1,45.388609981164336,-2.6256815902888775,2.7336801644414663,3.032855736091733
P08_s0.1_seed410001,2,51.337258731946349,0.70855077356100082,1.3720025401562452,-12.268155310302973
P08_s0.1_seed410001,3,53.169428366236389,-1.6808303818106651,2.4350031968206167,7.8026108164340258
P08_s0.1_seed410001,4,54.694863720797002,2.2131945099681616,2.8294963277876377,12.895669732242823
P08_s0.1_seed410001,5,48.881521755829453,-0.060515189543366432,1.8915719650685787,-7.9898727592080832
P08_s0.1_seed410001,6,47.38600336946547,3.1483005825430155,2.0032953657209873,6.2692073173820972
P08_s0.1_seed410001,7,57.18469129409641,-4.1302874591201544,1.1901878975331783,-3.674203148111701
P08_s0.1_seed410001,8,57.503998931497335,0.2231365442276001,2.2007040493190289,-10.259816022589803
P08_s0.1_seed410001,9,47.940200907178223,-2.366129532456398,1.0118183679878712,14.726159758865833
P08_s0.1_seed410001,10,50.195578378625214,4.2783444188535213,2.9059981815516949,-1.5200742054730654
P08_s0.1_seed410001,11,56.242894884198904,-3.3060439117252827,1.8419293947517872,4.5545313879847527
P08_s0.1_seed410001,12,53.553244806826115,2.7754807937890291,1.4240292813628912,1.2028090562671423
P08_s0.1_seed410001,13,51.954935328103602,-4.928221432492137,2.3629607390612364,-3.7970104068517685
P08_s0.1_seed410001,14,46.652677492238581,1.845352528616786,1.7187961842864752,9.5177587028592825
P08_s0.1_seed410001,15,59.736222065985203,-0.86322803981602192,2.5327886771410704,-14.422756433486938
P08_s0.1_seed410001,16,59.282204154878855,1.5321626141667366,1.0912694819271564,7.4577891547232866
P08_s0.1_seed410001,17,46.227900912053883,-1.1764322593808174,2.1532401852309704,-2.5226935185492039
P08_s0.1_seed410001,18,52.409131159074605,3.0874595232307911,1.7649426348507404,11.817408995702863
P08_s0.1_seed410001,19,53.978088442236185,-4.616247471421957,2.9519743733108044,-9.2517034895718098
P08_s0.1_seed410001,20,55.730118602514267,3.965160408988595,2.2839521300047636,-11.534132799133658
P08_s0.1_seed410001,21,49.712158092297614,-3.6192136164754629,1.4720272030681372,8.4711797721683979
P08_s0.1_seed410001,22,48.452797480858862,0.53509033285081387,2.6103400122374296,-6.6911270376294851
P08_s0.1_seed410001,23,57.987357527017593,-2.0541709754616022,1.6732319798320532,2.2548812068998814
P08_s0.1_seed410001,24,56.672019730322063,3.4613314084708691,2.6856936272233725,10.77180739492178
P08_s0.1_seed410001,25,46.902684001252055,-3.8172709383070469,1.6247300188988447,-13.336713658645749
P08_s0.1_seed410001,26,49.39425858668983,1.9013939052820206,2.4805864151567221,0.07281426340341568
P08_s0.1_seed410001,27,55.178359220735729,-0.37232056260108948,1.2944397013634443,-5.0071070808917284
P08_s0.1_seed410001,28,52.715300372801721,1.0215875040739775,1.9390549622476101,-0.71966931223869324
P08_s0.1_seed410001,29,50.912368716672063,-1.3677793461829424,2.7500338293612003,5.156717961654067
P08_s0.1_seed410001,30,45.842674495652318,4.4567517656832933,1.1442232094705105,-10.935251489281654
P08_s0.1_seed410001,31,58.662087670527399,-2.9375023674219847,2.0802631117403507,13.999003758653998
P09_s0_seed0,0,54.609999999999879,-0.069999999999999396,2.2300000000000759,-3.6399999999998975
P09_s0_seed0,1,45.388609981164336,-2.6256815902888775,2.7336801644414663,3.032855736091733
P09_s0_seed0,2,51.337258731946349,0.70855077356100082,1.3720025401562452,-12.268155310302973
P09_s0_seed0,3,53.169428366236389,-1.6808303818106651,2.4350031968206167,7.8026108164340258
P09_s0_seed0,4,54.694863720797002,2.2131945099681616,2.8294963277876377,12.895669732242823
P09_s0_seed0,5,48.881521755829453,-0.060515189543366432,1.8915719650685787,-7.9898727592080832
P09_s0_seed0,6,47.38600336946547,3.1483005825430155,2.0032953657209873,6.2692073173820972
P09_s0_seed0,7,57.18469129409641,-4.1302874591201544,1.1901878975331783,-3.674203148111701
P09_s0_seed0,8,57.503998931497335,0.2231365442276001,2.2007040493190289,-10.259816022589803
P09_s0_seed0,9,47.940200907178223,-2.366129532456398,1.0118183679878712,14.726159758865833
P09_s0_seed0,10,50.195578378625214,4.2783444188535213,2.9059981815516949,-1.5200742054730654
P09_s0_seed0,11,56.242894884198904,-3.3060439117252827,1.8419293947517872,4.5545313879847527
P09_s0_seed0,12,53.553244806826115,2.7754807937890291,1.4240292813628912,1.2028090562671423
P09_s0_seed0,13,51.954935328103602,-4.928221432492137,2.3629607390612364,-3.7970104068517685
P09_s0_seed0,14,46.652677492238581,1.845352528616786,1.7187961842864752,9.5177587028592825
P09_s0_seed0,15,59.736222065985203,-0.86322803981602192,2.5327886771410704,-14.422756433486938
P09_s0_seed0,16,59.282204154878855,1.5321626141667366,1.0912694819271564,7.4577891547232866
P09_s0_seed0,17,46.227900912053883,-1.1764322593808174,2.1532401852309704,-2.5226935185492039
P09_s0_seed0,18,52.409131159074605,3.0874595232307911,1.7649426348507404,11.817408995702863
P09_s0_seed0,19,53.978088442236185,-4.616247471421957,2.9519743733108044,-9.2517034895718098
P09_s0_seed0,20,55.730118602514267,3.965160408988595,2.2839521300047636,-11.534132799133658
P09_s0_seed0,21,49.712158092297614,-3.6192136164754629,1.4720272030681372,8.4711797721683979
P09_s0_seed0,22,48.452797480858862,0.53509033285081387,2.6103400122374296,-6.6911270376294851
P09_s0_seed0,23,57.987357527017593,-2.0541709754616022,1.6732319798320532,2.2548812068998814
P09_s0_seed0,24,56.672019730322063,3.4613314084708691,2.6856936272233725,10.77180739492178
P09_s0_seed0,25,46.902684001252055,-3.8172709383070469,1.6247300188988447,-13.336713658645749
P09_s0_seed0,26,49.39425858668983,1.9013939052820206,2.4805864151567221,0.07281426340341568
P09_s0_seed0,27,55.178359220735729,-0.37232056260108948,1.2944397013634443,-5.0071070808917284
P09_s0_seed0,28,52.715300372801721,1.0215875040739775,1.9390549622476101,-0.71966931223869324
P09_s0_seed0,29,50.912368716672063,-1.3677793461829424,2.7500338293612003,5.156717961654067
P09_s0_seed0,30,45.842674495652318,4.4567517656832933,1.1442232094705105,-10.935251489281654
P09_s0_seed0,31,58.662087670527399,-2.9375023674219847,2.0802631117403507,13.999003758653998
P09_s0.1_seed410001,0,45.000000014999998,-4.9999999900000001,2.9999999979999998,0.13914676241686053
P09_s0.1_seed410001,1,45.388609981164336,-2.6256815902888775,2.7336801644414663,3.032855736091733
P09_s0.1_seed410001,2,51.337258731946349,0.70855077356100082,1.3720025401562452,-12.268155310302973
P09_s0.1_seed410001,3,53.169428366236389,-1.6808303818106651,2.4350031968206167,7.8026108164340258
P09_s0.1_seed410001,4,54.694863720797002,2.2131945099681616,2.8294963277876377,12.895669732242823
P09_s0.1_seed410001,5,48.881521755829453,-0.060515189543366432,1.8915719650685787,-7.9898727592080832
P09_s0.1_seed410001,6,47.38600336946547,3.1483005825430155,2.0032953657209873,6.2692073173820972
P09_s0.1_seed410001,7,57.18469129409641,-4.1302874591201544,1.1901878975331783,-3.674203148111701
P09_s0.1_seed410001,8,57.503998931497335,0.2231365442276001,2.2007040493190289,-10.259816022589803
P09_s0.1_seed410001,9,47.940200907178223,-2.366129532456398,1.0118183679878712,14.726159758865833
P09_s0.1_seed410001,10,50.195578378625214,4.2783444188535213,2.9059981815516949,-1.5200742054730654
P09_s0.1_seed410001,11,56.242894884198904,-3.3060439117252827,1.8419293947517872,4.5545313879847527
P09_s0.1_seed410001,12,53.553244806826115,2.7754807937890291,1.4240292813628912,1.2028090562671423
P09_s0.1_seed410001,13,51.954935328103602,-4.928221432492137,2.3629607390612364,-3.7970104068517685
P09_s0.1_seed410001,14,46.652677492238581,1.845352528616786,1.7187961842864752,9.5177587028592825
P09_s0.1_seed410001,15,59.736222065985203,-0.86322803981602192,2.5327886771410704,-14.422756433486938
P09_s0.1_seed410001,16,59.282204154878855,1.5321626141667366,1.0912694819271564,7.4577891547232866
P09_s0.1_seed410001,17,46.227900912053883,-1.1764322593808174,2.1532401852309704,-2.5226935185492039
P09_s0.1_seed410001,18,52.409131159074605,3.0874595232307911,1.7649426348507404,11.817408995702863
P09_s0.1_seed410001,19,53.978088442236185,-4.616247471421957,2.9519743733108044,-9.2517034895718098
P09_s0.1_seed410001,20,55.730118602514267,3.965160408988595,2.2839521300047636,-11.534132799133658
P09_s0.1_seed410001,21,49.712158092297614,-3.6192136164754629,1.4720272030681372,8.4711797721683979
P09_s0.1_seed410001,22,48.452797480858862,0.53509033285081387,2.6103400122374296,-6.6911270376294851
P09_s0.1_seed410001,23,57.987357527017593,-2.0541709754616022,1.6732319798320532,2.2548812068998814
P09_s0.1_seed410001,24,56.672019730322063,3.4613314084708691,2.6856936272233725,10.77180739492178
P09_s0.1_seed410001,25,46.902684001252055,-3.8172709383070469,1.6247300188988447,-13.336713658645749
P09_s0.1_seed410001,26,49.39425858668983,1.9013939052820206,2.4805864151567221,0.07281426340341568
P09_s0.1_seed410001,27,55.178359220735729,-0.37232056260108948,1.2944397013634443,-5.0071070808917284
P09_s0.1_seed410001,28,52.715300372801721,1.0215875040739775,1.9390549622476101,-0.71966931223869324
P09_s0.1_seed410001,29,50.912368716672063,-1.3677793461829424,2.7500338293612003,5.156717961654067
P09_s0.1_seed410001,30,45.842674495652318,4.4567517656832933,1.1442232094705105,-10.935251489281654
P09_s0.1_seed410001,31,58.662087670527399,-2.9375023674219847,2.0802631117403507,13.999003758653998
Q01_s0_seed0,0,47.303510693161762,-0.19714445873567676,2.0035758476051977,3.6399845406637645
Q01_s0_seed0,1,45.388609981164336,-2.6256815902888775,2.7336801644414663,3.032855736091733
Q01_s0_seed0,2,51.337258731946349,0.70855077356100082,1.3720025401562452,-12.268155310302973
Q01_s0_seed0,3,53.169428366236389,-1.6808303818106651,2.4350031968206167,7.8026108164340258
Q01_s0_seed0,4,54.694863720797002,2.2131945099681616,2.8294963277876377,12.895669732242823
Q01_s0_seed0,5,48.881521755829453,-0.060515189543366432,1.8915719650685787,-7.9898727592080832
Q01_s0_seed0,6,47.38600336946547,3.1483005825430155,2.0032953657209873,6.2692073173820972
Q01_s0_seed0,7,57.18469129409641,-4.1302874591201544,1.1901878975331783,-3.674203148111701
Q01_s0_seed0,8,57.503998931497335,0.2231365442276001,2.2007040493190289,-10.259816022589803
Q01_s0_seed0,9,47.940200907178223,-2.366129532456398,1.0118183679878712,14.726159758865833
Q01_s0_seed0,10,50.195578378625214,4.2783444188535213,2.9059981815516949,-1.5200742054730654
Q01_s0_seed0,11,56.242894884198904,-3.3060439117252827,1.8419293947517872,4.5545313879847527
Q01_s0_seed0,12,53.553244806826115,2.7754807937890291,1.4240292813628912,1.2028090562671423
Q01_s0_seed0,13,51.954935328103602,-4.928221432492137,2.3629607390612364,-3.7970104068517685
Q01_s0_seed0,14,46.652677492238581,1.845352528616786,1.7187961842864752,9.5177587028592825
Q01_s0_seed0,15,59.736222065985203,-0.86322803981602192,2.5327886771410704,-14.422756433486938
Q01_s0_seed0,16,59.282204154878855,1.5321626141667366,1.0912694819271564,7.4577891547232866
Q01_s0_seed0,17,46.227900912053883,-1.1764322593808174,2.1532401852309704,-2.5226935185492039
Q01_s0_seed0,18,52.409131159074605,3.0874595232307911,1.7649426348507404,11.817408995702863
Q01_s0_seed0,19,53.978088442236185,-4.616247471421957,2.9519743733108044,-9.2517034895718098
Q01_s0_seed0,20,55.730118602514267,3.965160408988595,2.2839521300047636,-11.534132799133658
Q01_s0_seed0,21,49.712158092297614,-3.6192136164754629,1.4720272030681372,8.4711797721683979
Q01_s0_seed0,22,48.452797480858862,0.53509033285081387,2.6103400122374296,-6.6911270376294851
Q01_s0_seed0,23,57.987357527017593,-2.0541709754616022,1.6732319798320532,2.2548812068998814
Q01_s0_seed0,24,56.672019730322063,3.4613314084708691,2.6856936272233725,10.77180739492178
Q01_s0_seed0,25,46.902684001252055,-3.8172709383070469,1.6247300188988447,-13.336713658645749
Q01_s0_seed0,26,49.39425858668983,1.9013939052820206,2.4805864151567221,0.07281426340341568
Q01_s0_seed0,27,55.178359220735729,-0.37232056260108948,1.2944397013634443,-5.0071070808917284
Q01_s0_seed0,28,52.715300372801721,1.0215875040739775,1.9390549622476101,-0.71966931223869324
Q01_s0_seed0,29,50.912368716672063,-1.3677793461829424,2.7500338293612003,5.156717961654067
Q01_s0_seed0,30,45.842674495652318,4.4567517656832933,1.1442232094705105,-10.935251489281654
Q01_s0_seed0,31,58.662087670527399,-2.9375023674219847,2.0802631117403507,13.999003758653998
Q01_s0.1_seed420001,0,45.000000014999998,-4.9999999900000001,2.9999999979999998,0.4027586262174907
Q01_s0.1_seed420001,1,45.388609981164336,-2.6256815902888775,2.7336801644414663,3.032855736091733
Q01_s0.1_seed420001,2,51.337258731946349,0.70855077356100082,1.3720025401562452,-12.268155310302973
Q01_s0.1_seed420001,3,53.169428366236389,-1.6808303818106651,2.4350031968206167,7.8026108164340258
Q01_s0.1_seed420001,4,54.694863720797002,2.2131945099681616,2.8294963277876377,12.895669732242823
Q01_s0.1_seed420001,5,48.881521755829453,-0.060515189543366432,1.8915719650685787,-7.9898727592080832
Q01_s0.1_seed420001,6,47.38600336946547,3.1483005825430155,2.0032953657209873,6.2692073173820972
Q01_s0.1_seed420001,7,57.18469129409641,-4.1302874591201544,1.1901878975331783,-3.674203148111701
Q01_s0.1_seed420001,8,57.503998931497335,0.2231365442276001,2.2007040493190289,-10.259816022589803
Q01_s0.1_seed420001,9,47.940200907178223,-2.366129532456398,1.0118183679878712,14.726159758865833
Q01_s0.1_seed420001,10,50.195578378625214,4.2783444188535213,2.9059981815516949,-1.5200742054730654
Q01_s0.1_seed420001,11,56.242894884198904,-3.3060439117252827,1.8419293947517872,4.5545313879847527
Q01_s0.1_seed420001,12,53.553244806826115,2.7754807937890291,1.4240292813628912,1.2028090562671423
Q01_s0.1_seed420001,13,51.954935328103602,-4.928221432492137,2.3629607390612364,-3.7970104068517685
Q01_s0.1_seed420001,14,46.652677492238581,1.845352528616786,1.7187961842864752,9.5177587028592825
Q01_s0.1_seed420001,15,59.736222065985203,-0.86322803981602192,2.5327886771410704,-14.422756433486938
Q01_s0.1_seed420001,16,59.282204154878855,1.5321626141667366,1.0912694819271564,7.4577891547232866
Q01_s0.1_seed420001,17,46.227900912053883,-1.1764322593808174,2.1532401852309704,-2.5226935185492039
Q01_s0.1_seed420001,18,52.409131159074605,3.0874595232307911,1.7649426348507404,11.817408995702863
Q01_s0.1_seed420001,19,53.978088442236185,-4.616247471421957,2.9519743733108044,-9.2517034895718098
Q01_s0.1_seed420001,20,55.730118602514267,3.965160408988595,2.2839521300047636,-11.534132799133658
Q01_s0.1_seed420001,21,49.712158092297614,-3.6192136164754629,1.4720272030681372,8.4711797721683979
Q01_s0.1_seed420001,22,48.452797480858862,0.53509033285081387,2.6103400122374296,-6.6911270376294851
Q01_s0.1_seed420001,23,57.987357527017593,-2.0541709754616022,1.6732319798320532,2.2548812068998814
Q01_s0.1_seed420001,24,56.672019730322063,3.4613314084708691,2.6856936272233725,10.77180739492178
Q01_s0.1_seed420001,25,46.902684001252055,-3.8172709383070469,1.6247300188988447,-13.336713658645749
Q01_s0.1_seed420001,26,49.39425858668983,1.9013939052820206,2.4805864151567221,0.07281426340341568
Q01_s0.1_seed420001,27,55.178359220735729,-0.37232056260108948,1.2944397013634443,-5.0071070808917284
Q01_s0.1_seed420001,28,52.715300372801721,1.0215875040739775,1.9390549622476101,-0.71966931223869324
Q01_s0.1_seed420001,29,50.912368716672063,-1.3677793461829424,2.7500338293612003,5.156717961654067
Q01_s0.1_seed420001,30,45.842674495652318,4.4567517656832933,1.1442232094705105,-10.935251489281654
Q01_s0.1_seed420001,31,58.662087670527399,-2.9375023674219847,2.0802631117403507,13.999003758653998
Q01_s0.1_seed420002,0,45.000000014999998,-4.9999999900000001,2.9999999979999998,0.36119342717416458
Q01_s0.1_seed420002,1,45.388609981164336,-2.6256815902888775,2.7336801644414663,3.032855736091733
Q01_s0.1_seed420002,2,51.337258731946349,0.70855077356100082,1.3720025401562452,-12.268155310302973
Q01_s0.1_seed420002,3,53.169428366236389,-1.6808303818106651,2.4350031968206167,7.8026108164340258
Q01_s0.1_seed420002,4,54.694863720797002,2.2131945099681616,2.8294963277876377,12.895669732242823
Q01_s0.1_seed420002,5,48.881521755829453,-0.060515189543366432,1.8915719650685787,-7.9898727592080832
Q01_s0.1_seed420002,6,47.38600336946547,3.1483005825430155,2.0032953657209873,6.2692073173820972
Q01_s0.1_seed420002,7,57.18469129409641,-4.1302874591201544,1.1901878975331783,-3.674203148111701
Q01_s0.1_seed420002,8,57.503998931497335,0.2231365442276001,2.2007040493190289,-10.259816022589803
Q01_s0.1_seed420002,9,47.940200907178223,-2.366129532456398,1.0118183679878712,14.726159758865833
Q01_s0.1_seed420002,10,50.195578378625214,4.2783444188535213,2.9059981815516949,-1.5200742054730654
Q01_s0.1_seed420002,11,56.242894884198904,-3.3060439117252827,1.8419293947517872,4.5545313879847527
Q01_s0.1_seed420002,12,53.553244806826115,2.7754807937890291,1.4240292813628912,1.2028090562671423
Q01_s0.1_seed420002,13,51.954935328103602,-4.928221432492137,2.3629607390612364,-3.7970104068517685
Q01_s0.1_seed420002,14,46.652677492238581,1.845352528616786,1.7187961842864752,9.5177587028592825
Q01_s0.1_seed420002,15,59.736222065985203,-0.86322803981602192,2.5327886771410704,-14.422756433486938
Q01_s0.1_seed420002,16,59.282204154878855,1.5321626141667366,1.0912694819271564,7.4577891547232866
Q01_s0.1_seed420002,17,46.227900912053883,-1.1764322593808174,2.1532401852309704,-2.5226935185492039
Q01_s0.1_seed420002,18,52.409131159074605,3.0874595232307911,1.7649426348507404,11.817408995702863
Q01_s0.1_seed420002,19,53.978088442236185,-4.616247471421957,2.9519743733108044,-9.2517034895718098
Q01_s0.1_seed420002,20,55.730118602514267,3.965160408988595,2.2839521300047636,-11.534132799133658
Q01_s0.1_seed420002,21,49.712158092297614,-3.6192136164754629,1.4720272030681372,8.4711797721683979
Q01_s0.1_seed420002,22,48.452797480858862,0.53509033285081387,2.6103400122374296,-6.6911270376294851
Q01_s0.1_seed420002,23,57.987357527017593,-2.0541709754616022,1.6732319798320532,2.2548812068998814
Q01_s0.1_seed420002,24,56.672019730322063,3.4613314084708691,2.6856936272233725,10.77180739492178
Q01_s0.1_seed420002,25,46.902684001252055,-3.8172709383070469,1.6247300188988447,-13.336713658645749
Q01_s0.1_seed420002,26,49.39425858668983,1.9013939052820206,2.4805864151567221,0.07281426340341568
Q01_s0.1_seed420002,27,55.178359220735729,-0.37232056260108948,1.2944397013634443,-5.0071070808917284
Q01_s0.1_seed420002,28,52.715300372801721,1.0215875040739775,1.9390549622476101,-0.71966931223869324
Q01_s0.1_seed420002,29,50.912368716672063,-1.3677793461829424,2.7500338293612003,5.156717961654067
Q01_s0.1_seed420002,30,45.842674495652318,4.4567517656832933,1.1442232094705105,-10.935251489281654
Q01_s0.1_seed420002,31,58.662087670527399,-2.9375023674219847,2.0802631117403507,13.999003758653998
Q02_s0_seed0,0,55.404225745776301,0.69684661902079537,1.9121471292416827,8.927982506431416
Q02_s0_seed0,1,45.388609981164336,-2.6256815902888775,2.7336801644414663,3.032855736091733
Q02_s0_seed0,2,51.337258731946349,0.70855077356100082,1.3720025401562452,-12.268155310302973
Q02_s0_seed0,3,53.169428366236389,-1.6808303818106651,2.4350031968206167,7.8026108164340258
Q02_s0_seed0,4,54.694863720797002,2.2131945099681616,2.8294963277876377,12.895669732242823
Q02_s0_seed0,5,48.881521755829453,-0.060515189543366432,1.8915719650685787,-7.9898727592080832
Q02_s0_seed0,6,47.38600336946547,3.1483005825430155,2.0032953657209873,6.2692073173820972
Q02_s0_seed0,7,57.18469129409641,-4.1302874591201544,1.1901878975331783,-3.674203148111701
Q02_s0_seed0,8,57.503998931497335,0.2231365442276001,2.2007040493190289,-10.259816022589803
Q02_s0_seed0,9,47.940200907178223,-2.366129532456398,1.0118183679878712,14.726159758865833
Q02_s0_seed0,10,50.195578378625214,4.2783444188535213,2.9059981815516949,-1.5200742054730654
Q02_s0_seed0,11,56.242894884198904,-3.3060439117252827,1.8419293947517872,4.5545313879847527
Q02_s0_seed0,12,53.553244806826115,2.7754807937890291,1.4240292813628912,1.2028090562671423
Q02_s0_seed0,13,51.954935328103602,-4.928221432492137,2.3629607390612364,-3.7970104068517685
Q02_s0_seed0,14,46.652677492238581,1.845352528616786,1.7187961842864752,9.5177587028592825
Q02_s0_seed0,15,59.736222065985203,-0.86322803981602192,2.5327886771410704,-14.422756433486938
Q02_s0_seed0,16,59.282204154878855,1.5321626141667366,1.0912694819271564,7.4577891547232866
Q02_s0_seed0,17,46.227900912053883,-1.1764322593808174,2.1532401852309704,-2.5226935185492039
Q02_s0_seed0,18,52.409131159074605,3.0874595232307911,1.7649426348507404,11.817408995702863
Q02_s0_seed0,19,53.978088442236185,-4.616247471421957,2.9519743733108044,-9.2517034895718098
Q02_s0_seed0,20,55.730118602514267,3.965160408988595,2.2839521300047636,-11.534132799133658
Q02_s0_seed0,21,49.712158092297614,-3.6192136164754629,1.4720272030681372,8.4711797721683979
Q02_s0_seed0,22,48.452797480858862,0.53509033285081387,2.6103400122374296,-6.6911270376294851
Q02_s0_seed0,23,57.987357527017593,-2.0541709754616022,1.6732319798320532,2.2548812068998814
Q02_s0_seed0,24,56.672019730322063,3.4613314084708691,2.6856936272233725,10.77180739492178
Q02_s0_seed0,25,46.902684001252055,-3.8172709383070469,1.6247300188988447,-13.336713658645749
Q02_s0_seed0,26,49.39425858668983,1.9013939052820206,2.4805864151567221,0.07281426340341568
Q02_s0_seed0,27,55.178359220735729,-0.37232056260108948,1.2944397013634443,-5.0071070808917284
Q02_s0_seed0,28,52.715300372801721,1.0215875040739775,1.9390549622476101,-0.71966931223869324
Q02_s0_seed0,29,50.912368716672063,-1.3677793461829424,2.7500338293612003,5.156717961654067
Q02_s0_seed0,30,45.842674495652318,4.4567517656832933,1.1442232094705105,-10.935251489281654
Q02_s0_seed0,31,58.662087670527399,-2.9375023674219847,2.0802631117403507,13.999003758653998
Q02_s0.1_seed420001,0,45.000000014999998,0.38082552648980794,2.9728678288395471,14.999999970000001
Q02_s0.1_seed420001,1,45.388609981164336,-2.6256815902888775,2.7336801644414663,3.032855736091733
Q02_s0.1_seed420001,2,51.337258731946349,0.70855077356100082,1.3720025401562452,-12.268155310302973
Q02_s0.1_seed420001,3,53.169428366236389,-1.6808303818106651,2.4350031968206167,7.8026108164340258
Q02_s0.1_seed420001,4,54.694863720797002,2.2131945099681616,2.8294963277876377,12.895669732242823
Q02_s0.1_seed420001,5,48.881521755829453,-0.060515189543366432,1.8915719650685787,-7.9898727592080832
Q02_s0.1_seed420001,6,47.38600336946547,3.1483005825430155,2.0032953657209873,6.2692073173820972
Q02_s0.1_seed420001,7,57.18469129409641,-4.1302874591201544,1.1901878975331783,-3.674203148111701
Q02_s0.1_seed420001,8,57.503998931497335,0.2231365442276001,2.2007040493190289,-10.259816022589803
Q02_s0.1_seed420001,9,47.940200907178223,-2.366129532456398,1.0118183679878712,14.726159758865833
Q02_s0.1_seed420001,10,50.195578378625214,4.2783444188535213,2.9059981815516949,-1.5200742054730654
Q02_s0.1_seed420001,11,56.242894884198904,-3.3060439117252827,1.8419293947517872,4.5545313879847527
Q02_s0.1_seed420001,12,53.553244806826115,2.7754807937890291,1.4240292813628912,1.2028090562671423
Q02_s0.1_seed420001,13,51.954935328103602,-4.928221432492137,2.3629607390612364,-3.7970104068517685
Q02_s0.1_seed420001,14,46.652677492238581,1.845352528616786,1.7187961842864752,9.5177587028592825
Q02_s0.1_seed420001,15,59.736222065985203,-0.86322803981602192,2.5327886771410704,-14.422756433486938
Q02_s0.1_seed420001,16,59.282204154878855,1.5321626141667366,1.0912694819271564,7.4577891547232866
Q02_s0.1_seed420001,17,46.227900912053883,-1.1764322593808174,2.1532401852309704,-2.5226935185492039
Q02_s0.1_seed420001,18,52.409131159074605,3.0874595232307911,1.7649426348507404,11.817408995702863
Q02_s0.1_seed420001,19,53.978088442236185,-4.616247471421957,2.9519743733108044,-9.2517034895718098
Q02_s0.1_seed420001,20,55.730118602514267,3.965160408988595,2.2839521300047636,-11.534132799133658
Q02_s0.1_seed420001,21,49.712158092297614,-3.6192136164754629,1.4720272030681372,8.4711797721683979
Q02_s0.1_seed420001,22,48.452797480858862,0.53509033285081387,2.6103400122374296,-6.6911270376294851
Q02_s0.1_seed420001,23,57.987357527017593,-2.0541709754616022,1.6732319798320532,2.2548812068998814
Q02_s0.1_seed420001,24,56.672019730322063,3.4613314084708691,2.6856936272233725,10.77180739492178
Q02_s0.1_seed420001,25,46.902684001252055,-3.8172709383070469,1.6247300188988447,-13.336713658645749
Q02_s0.1_seed420001,26,49.39425858668983,1.9013939052820206,2.4805864151567221,0.07281426340341568
Q02_s0.1_seed420001,27,55.178359220735729,-0.37232056260108948,1.2944397013634443,-5.0071070808917284
Q02_s0.1_seed420001,28,52.715300372801721,1.0215875040739775,1.9390549622476101,-0.71966931223869324
Q02_s0.1_seed420001,29,50.912368716672063,-1.3677793461829424,2.7500338293612003,5.156717961654067
Q02_s0.1_seed420001,30,45.842674495652318,4.4567517656832933,1.1442232094705105,-10.935251489281654
Q02_s0.1_seed420001,31,58.662087670527399,-2.9375023674219847,2.0802631117403507,13.999003758653998
Q02_s0.1_seed420002,0,45.000000014999998,0.52966613155602005,2.9999999979999998,14.999999970000001
Q02_s0.1_seed420002,1,45.388609981164336,-2.6256815902888775,2.7336801644414663,3.032855736091733
Q02_s0.1_seed420002,2,51.337258731946349,0.70855077356100082,1.3720025401562452,-12.268155310302973
Q02_s0.1_seed420002,3,53.169428366236389,-1.6808303818106651,2.4350031968206167,7.8026108164340258
Q02_s0.1_seed420002,4,54.694863720797002,2.2131945099681616,2.8294963277876377,12.895669732242823
Q02_s0.1_seed420002,5,48.881521755829453,-0.060515189543366432,1.8915719650685787,-7.9898727592080832
Q02_s0.1_seed420002,6,47.38600336946547,3.1483005825430155,2.0032953657209873,6.2692073173820972
Q02_s0.1_seed420002,7,57.18469129409641,-4.1302874591201544,1.1901878975331783,-3.674203148111701
Q02_s0.1_seed420002,8,57.503998931497335,0.2231365442276001,2.2007040493190289,-10.259816022589803
Q02_s0.1_seed420002,9,47.940200907178223,-2.366129532456398,1.0118183679878712,14.726159758865833
Q02_s0.1_seed420002,10,50.195578378625214,4.2783444188535213,2.9059981815516949,-1.5200742054730654
Q02_s0.1_seed420002,11,56.242894884198904,-3.3060439117252827,1.8419293947517872,4.5545313879847527
Q02_s0.1_seed420002,12,53.553244806826115,2.7754807937890291,1.4240292813628912,1.2028090562671423
Q02_s0.1_seed420002,13,51.954935328103602,-4.928221432492137,2.3629607390612364,-3.7970104068517685
Q02_s0.1_seed420002,14,46.652677492238581,1.845352528616786,1.7187961842864752,9.5177587028592825
Q02_s0.1_seed420002,15,59.736222065985203,-0.86322803981602192,2.5327886771410704,-14.422756433486938
Q02_s0.1_seed420002,16,59.282204154878855,1.5321626141667366,1.0912694819271564,7.4577891547232866
Q02_s0.1_seed420002,17,46.227900912053883,-1.1764322593808174,2.1532401852309704,-2.5226935185492039
Q02_s0.1_seed420002,18,52.409131159074605,3.0874595232307911,1.7649426348507404,11.817408995702863
Q02_s0.1_seed420002,19,53.978088442236185,-4.616247471421957,2.9519743733108044,-9.2517034895718098
Q02_s0.1_seed420002,20,55.730118602514267,3.965160408988595,2.2839521300047636,-11.534132799133658
Q02_s0.1_seed420002,21,49.712158092297614,-3.6192136164754629,1.4720272030681372,8.4711797721683979
Q02_s0.1_seed420002,22,48.452797480858862,0.53509033285081387,2.6103400122374296,-6.6911270376294851
Q02_s0.1_seed420002,23,57.987357527017593,-2.0541709754616022,1.6732319798320532,2.2548812068998814
Q02_s0.1_seed420002,24,56.672019730322063,3.4613314084708691,2.6856936272233725,10.77180739492178
Q02_s0.1_seed420002,25,46.902684001252055,-3.8172709383070469,1.6247300188988447,-13.336713658645749
Q02_s0.1_seed420002,26,49.39425858668983,1.9013939052820206,2.4805864151567221,0.07281426340341568
Q02_s0.1_seed420002,27,55.178359220735729,-0.37232056260108948,1.2944397013634443,-5.0071070808917284
Q02_s0.1_seed420002,28,52.715300372801721,1.0215875040739775,1.9390549622476101,-0.71966931223869324
Q02_s0.1_seed420002,29,50.912368716672063,-1.3677793461829424,2.7500338293612003,5.156717961654067
Q02_s0.1_seed420002,30,45.842674495652318,4.4567517656832933,1.1442232094705105,-10.935251489281654
Q02_s0.1_seed420002,31,58.662087670527399,-2.9375023674219847,2.0802631117403507,13.999003758653998
Q03_s0_seed0,0,51.728914243885797,0.025651776032034057,2.3960646186323529,-3.5387827864278343
Q03_s0_seed0,1,45.388609981164336,-2.6256815902888775,2.7336801644414663,3.032855736091733
Q03_s0_seed0,2,51.337258731946349,0.70855077356100082,1.3720025401562452,-12.268155310302973
Q03_s0_seed0,3,53.169428366236389,-1.6808303818106651,2.4350031968206167,7.8026108164340258
Q03_s0_seed0,4,54.694863720797002,2.2131945099681616,2.8294963277876377,12.895669732242823
Q03_s0_seed0,5,48.881521755829453,-0.060515189543366432,1.8915719650685787,-7.9898727592080832
Q03_s0_seed0,6,47.38600336946547,3.1483005825430155,2.0032953657209873,6.2692073173820972
Q03_s0_seed0,7,57.18469129409641,-4.1302874591201544,1.1901878975331783,-3.674203148111701
Q03_s0_seed0,8,57.503998931497335,0.2231365442276001,2.2007040493190289,-10.259816022589803
Q03_s0_seed0,9,47.940200907178223,-2.366129532456398,1.0118183679878712,14.726159758865833
Q03_s0_seed0,10,50.195578378625214,4.2783444188535213,2.9059981815516949,-1.5200742054730654
Q03_s0_seed0,11,56.242894884198904,-3.3060439117252827,1.8419293947517872,4.5545313879847527
Q03_s0_seed0,12,53.553244806826115,2.7754807937890291,1.4240292813628912,1.2028090562671423
Q03_s0_seed0,13,51.954935328103602,-4.928221432492137,2.3629607390612364,-3.7970104068517685
Q03_s0_seed0,14,46.652677492238581,1.845352528616786,1.7187961842864752,9.5177587028592825
Q03_s0_seed0,15,59.736222065985203,-0.86322803981602192,2.5327886771410704,-14.422756433486938
Q03_s0_seed0,16,59.282204154878855,1.5321626141667366,1.0912694819271564,7.4577891547232866
Q03_s0_seed0,17,46.227900912053883,-1.1764322593808174,2.1532401852309704,-2.5226935185492039
Q03_s0_seed0,18,52.409131159074605,3.0874595232307911,1.7649426348507404,11.817408995702863
Q03_s0_seed0,19,53.978088442236185,-4.616247471421957,2.9519743733108044,-9.2517034895718098
Q03_s0_seed0,20,55.730118602514267,3.965160408988595,2.2839521300047636,-11.534132799133658
Q03_s0_seed0,21,49.712158092297614,-3.6192136164754629,1.4720272030681372,8.4711797721683979
Q03_s0_seed0,22,48.452797480858862,0.53509033285081387,2.6103400122374296,-6.6911270376294851
Q03_s0_seed0,23,57.987357527017593,-2.0541709754616022,1.6732319798320532,2.2548812068998814
Q03_s0_seed0,24,56.672019730322063,3.4613314084708691,2.6856936272233725,10.77180739492178
Q03_s0_seed0,25,46.902684001252055,-3.8172709383070469,1.6247300188988447,-13.336713658645749
Q03_s0_seed0,26,49.39425858668983,1.9013939052820206,2.4805864151567221,0.07281426340341568
Q03_s0_seed0,27,55.178359220735729,-0.37232056260108948,1.2944397013634443,-5.0071070808917284
Q03_s0_seed0,28,52.715300372801721,1.0215875040739775,1.9390549622476101,-0.71966931223869324
Q03_s0_seed0,29,50.912368716672063,-1.3677793461829424,2.7500338293612003,5.156717961654067
Q03_s0_seed0,30,45.842674495652318,4.4567517656832933,1.1442232094705105,-10.935251489281654
Q03_s0_seed0,31,58.662087670527399,-2.9375023674219847,2.0802631117403507,13.999003758653998
Q03_s0.1_seed420001,0,45.000000014999998,-4.9999999900000001,2.9999999979999998,0.2102155379432471
Q03_s0.1_seed420001,1,45.388609981164336,-2.6256815902888775,2.7336801644414663,3.032855736091733
Q03_s0.1_seed420001,2,51.337258731946349,0.70855077356100082,1.3720025401562452,-12.268155310302973
Q03_s0.1_seed420001,3,53.169428366236389,-1.6808303818106651,2.4350031968206167,7.8026108164340258
Q03_s0.1_seed420001,4,54.694863720797002,2.2131945099681616,2.8294963277876377,12.895669732242823
Q03_s0.1_seed420001,5,48.881521755829453,-0.060515189543366432,1.8915719650685787,-7.9898727592080832
Q03_s0.1_seed420001,6,47.38600336946547,3.1483005825430155,2.0032953657209873,6.2692073173820972
Q03_s0.1_seed420001,7,57.18469129409641,-4.1302874591201544,1.1901878975331783,-3.674203148111701
Q03_s0.1_seed420001,8,57.503998931497335,0.2231365442276001,2.2007040493190289,-10.259816022589803
Q03_s0.1_seed420001,9,47.940200907178223,-2.366129532456398,1.0118183679878712,14.726159758865833
Q03_s0.1_seed420001,10,50.195578378625214,4.2783444188535213,2.9059981815516949,-1.5200742054730654
Q03_s0.1_seed420001,11,56.242894884198904,-3.3060439117252827,1.8419293947517872,4.5545313879847527
Q03_s0.1_seed420001,12,53.553244806826115,2.7754807937890291,1.4240292813628912,1.2028090562671423
Q03_s0.1_seed420001,13,51.954935328103602,-4.928221432492137,2.3629607390612364,-3.7970104068517685
Q03_s0.1_seed420001,14,46.652677492238581,1.845352528616786,1.7187961842864752,9.5177587028592825
Q03_s0.1_seed420001,15,59.736222065985203,-0.86322803981602192,2.5327886771410704,-14.422756433486938
Q03_s0.1_seed420001,16,59.282204154878855,1.5321626141667366,1.0912694819271564,7.4577891547232866
Q03_s0.1_seed420001,17,46.227900912053883,-1.1764322593808174,2.1532401852309704,-2.5226935185492039
Q03_s0.1_seed420001,18,52.409131159074605,3.0874595232307911,1.7649426348507404,11.817408995702863
Q03_s0.1_seed420001,19,53.978088442236185,-4.616247471421957,2.9519743733108044,-9.2517034895718098
Q03_s0.1_seed420001,20,55.730118602514267,3.965160408988595,2.2839521300047636,-11.534132799133658
Q03_s0.1_seed420001,21,49.712158092297614,-3.6192136164754629,1.4720272030681372,8.4711797721683979
Q03_s0.1_seed420001,22,48.452797480858862,0.53509033285081387,2.6103400122374296,-6.6911270376294851
Q03_s0.1_seed420001,23,57.987357527017593,-2.0541709754616022,1.6732319798320532,2.2548812068998814
Q03_s0.1_seed420001,24,56.672019730322063,3.4613314084708691,2.6856936272233725,10.77180739492178
Q03_s0.1_seed420001,25,46.902684001252055,-3.8172709383070469,1.6247300188988447,-13.336713658645749
Q03_s0.1_seed420001,26,49.39425858668983,1.9013939052820206,2.4805864151567221,0.07281426340341568
Q03_s0.1_seed420001,27,55.178359220735729,-0.37232056260108948,1.2944397013634443,-5.0071070808917284
Q03_s0.1_seed420001,28,52.715300372801721,1.0215875040739775,1.9390549622476101,-0.71966931223869324
Q03_s0.1_seed420001,29,50.912368716672063,-1.3677793461829424,2.7500338293612003,5.156717961654067
Q03_s0.1_seed420001,30,45.842674495652318,4.4567517656832933,1.1442232094705105,-10.935251489281654
Q03_s0.1_seed420001,31,58.662087670527399,-2.9375023674219847,2.0802631117403507,13.999003758653998
Q03_s0.1_seed420002,0,45.000000014999998,-4.9999999900000001,2.9999999979999998,0.2197926780987558
Q03_s0.1_seed420002,1,45.388609981164336,-2.6256815902888775,2.7336801644414663,3.032855736091733
Q03_s0.1_seed420002,2,51.337258731946349,0.70855077356100082,1.3720025401562452,-12.268155310302973
Q03_s0.1_seed420002,3,53.169428366236389,-1.6808303818106651,2.4350031968206167,7.8026108164340258
Q03_s0.1_seed420002,4,54.694863720797002,2.2131945099681616,2.8294963277876377,12.895669732242823
Q03_s0.1_seed420002,5,48.881521755829453,-0.060515189543366432,1.8915719650685787,-7.9898727592080832
Q03_s0.1_seed420002,6,47.38600336946547,3.1483005825430155,2.0032953657209873,6.2692073173820972
Q03_s0.1_seed420002,7,57.18469129409641,-4.1302874591201544,1.1901878975331783,-3.674203148111701
Q03_s0.1_seed420002,8,57.503998931497335,0.2231365442276001,2.2007040493190289,-10.259816022589803
Q03_s0.1_seed420002,9,47.940200907178223,-2.366129532456398,1.0118183679878712,14.726159758865833
Q03_s0.1_seed420002,10,50.195578378625214,4.2783444188535213,2.9059981815516949,-1.5200742054730654
Q03_s0.1_seed420002,11,56.242894884198904,-3.3060439117252827,1.8419293947517872,4.5545313879847527
Q03_s0.1_seed420002,12,53.553244806826115,2.7754807937890291,1.4240292813628912,1.2028090562671423
Q03_s0.1_seed420002,13,51.954935328103602,-4.928221432492137,2.3629607390612364,-3.7970104068517685
Q03_s0.1_seed420002,14,46.652677492238581,1.845352528616786,1.7187961842864752,9.5177587028592825
Q03_s0.1_seed420002,15,59.736222065985203,-0.86322803981602192,2.5327886771410704,-14.422756433486938
Q03_s0.1_seed420002,16,59.282204154878855,1.5321626141667366,1.0912694819271564,7.4577891547232866
Q03_s0.1_seed420002,17,46.227900912053883,-1.1764322593808174,2.1532401852309704,-2.5226935185492039
Q03_s0.1_seed420002,18,52.409131159074605,3.0874595232307911,1.7649426348507404,11.817408995702863
Q03_s0.1_seed420002,19,53.978088442236185,-4.616247471421957,2.9519743733108044,-9.2517034895718098
Q03_s0.1_seed420002,20,55.730118602514267,3.965160408988595,2.2839521300047636,-11.534132799133658
Q03_s0.1_seed420002,21,49.712158092297614,-3.6192136164754629,1.4720272030681372,8.4711797721683979
Q03_s0.1_seed420002,22,48.452797480858862,0.53509033285081387,2.6103400122374296,-6.6911270376294851
Q03_s0.1_seed420002,23,57.987357527017593,-2.0541709754616022,1.6732319798320532,2.2548812068998814
Q03_s0.1_seed420002,24,56.672019730322063,3.4613314084708691,2.6856936272233725,10.77180739492178
Q03_s0.1_seed420002,25,46.902684001252055,-3.8172709383070469,1.6247300188988447,-13.336713658645749
Q03_s0.1_seed420002,26,49.39425858668983,1.9013939052820206,2.4805864151567221,0.07281426340341568
Q03_s0.1_seed420002,27,55.178359220735729,-0.37232056260108948,1.2944397013634443,-5.0071070808917284
Q03_s0.1_seed420002,28,52.715300372801721,1.0215875040739775,1.9390549622476101,-0.71966931223869324
Q03_s0.1_seed420002,29,50.912368716672063,-1.3677793461829424,2.7500338293612003,5.156717961654067
Q03_s0.1_seed420002,30,45.842674495652318,4.4567517656832933,1.1442232094705105,-10.935251489281654
Q03_s0.1_seed420002,31,58.662087670527399,-2.9375023674219847,2.0802631117403507,13.999003758653998
Q04_s0_seed0,0,49.033231772835336,0.27213526914652242,1.7824929103367348,-5.6818728100428828
Q04_s0_seed0,1,45.388609981164336,-2.6256815902888775,2.7336801644414663,3.032855736091733
Q04_s0_seed0,2,51.337258731946349,0.70855077356100082,1.3720025401562452,-12.268155310302973
Q04_s0_seed0,3,53.169428366236389,-1.6808303818106651,2.4350031968206167,7.8026108164340258
Q04_s0_seed0,4,54.694863720797002,2.2131945099681616,2.8294963277876377,12.895669732242823
Q04_s0_seed0,5,48.881521755829453,-0.060515189543366432,1.8915719650685787,-7.9898727592080832
Q04_s0_seed0,6,47.38600336946547,3.1483005825430155,2.0032953657209873,6.2692073173820972
Q04_s0_seed0,7,57.18469129409641,-4.1302874591201544,1.1901878975331783,-3.674203148111701
Q04_s0_seed0,8,57.503998931497335,0.2231365442276001,2.2007040493190289,-10.259816022589803
Q04_s0_seed0,9,47.940200907178223,-2.366129532456398,1.0118183679878712,14.726159758865833
Q04_s0_seed0,10,50.195578378625214,4.2783444188535213,2.9059981815516949,-1.5200742054730654
Q04_s0_seed0,11,56.242894884198904,-3.3060439117252827,1.8419293947517872,4.5545313879847527
Q04_s0_seed0,12,53.553244806826115,2.7754807937890291,1.4240292813628912,1.2028090562671423
Q04_s0_seed0,13,51.954935328103602,-4.928221432492137,2.3629607390612364,-3.7970104068517685
Q04_s0_seed0,14,46.652677492238581,1.845352528616786,1.7187961842864752,9.5177587028592825
Q04_s0_seed0,15,59.736222065985203,-0.86322803981602192,2.5327886771410704,-14.422756433486938
Q04_s0_seed0,16,59.282204154878855,1.5321626141667366,1.0912694819271564,7.4577891547232866
Q04_s0_seed0,17,46.227900912053883,-1.1764322593808174,2.1532401852309704,-2.5226935185492039
Q04_s0_seed0,18,52.409131159074605,3.0874595232307911,1.7649426348507404,11.817408995702863
Q04_s0_seed0,19,53.978088442236185,-4.616247471421957,2.9519743733108044,-9.2517034895718098
Q04_s0_seed0,20,55.730118602514267,3.965160408988595,2.2839521300047636,-11.534132799133658
Q04_s0_seed0,21,49.712158092297614,-3.6192136164754629,1.4720272030681372,8.4711797721683979
Q04_s0_seed0,22,48.452797480858862,0.53509033285081387,2.6103400122374296,-6.6911270376294851
Q04_s0_seed0,23,57.987357527017593,-2.0541709754616022,1.6732319798320532,2.2548812068998814
Q04_s0_seed0,24,56.672019730322063,3.4613314084708691,2.6856936272233725,10.77180739492178
Q04_s0_seed0,25,46.902684001252055,-3.8172709383070469,1.6247300188988447,-13.336713658645749
Q04_s0_seed0,26,49.39425858668983,1.9013939052820206,2.4805864151567221,0.07281426340341568
Q04_s0_seed0,27,55.178359220735729,-0.37232056260108948,1.2944397013634443,-5.0071070808917284
Q04_s0_seed0,28,52.715300372801721,1.0215875040739775,1.9390549622476101,-0.71966931223869324
Q04_s0_seed0,29,50.912368716672063,-1.3677793461829424,2.7500338293612003,5.156717961654067
Q04_s0_seed0,30,45.842674495652318,4.4567517656832933,1.1442232094705105,-10.935251489281654
Q04_s0_seed0,31,58.662087670527399,-2.9375023674219847,2.0802631117403507,13.999003758653998
Q04_s0.1_seed420001,0,45.000000014999998,-4.9999999900000001,2.9999999979999998,0.49385069657146197
Q04_s0.1_seed420001,1,45.388609981164336,-2.6256815902888775,2.7336801644414663,3.032855736091733
Q04_s0.1_seed420001,2,51.337258731946349,0.70855077356100082,1.3720025401562452,-12.268155310302973
Q04_s0.1_seed420001,3,53.169428366236389,-1.6808303818106651,2.4350031968206167,7.8026108164340258
Q04_s0.1_seed420001,4,54.694863720797002,2.2131945099681616,2.8294963277876377,12.895669732242823
Q04_s0.1_seed420001,5,48.881521755829453,-0.060515189543366432,1.8915719650685787,-7.9898727592080832
Q04_s0.1_seed420001,6,47.38600336946547,3.1483005825430155,2.0032953657209873,6.2692073173820972
Q04_s0.1_seed420001,7,57.18469129409641,-4.1302874591201544,1.1901878975331783,-3.674203148111701
Q04_s0.1_seed420001,8,57.503998931497335,0.2231365442276001,2.2007040493190289,-10.259816022589803
Q04_s0.1_seed420001,9,47.940200907178223,-2.366129532456398,1.0118183679878712,14.726159758865833
Q04_s0.1_seed420001,10,50.195578378625214,4.2783444188535213,2.9059981815516949,-1.5200742054730654
Q04_s0.1_seed420001,11,56.242894884198904,-3.3060439117252827,1.8419293947517872,4.5545313879847527
Q04_s0.1_seed420001,12,53.553244806826115,2.7754807937890291,1.4240292813628912,1.2028090562671423
Q04_s0.1_seed420001,13,51.954935328103602,-4.928221432492137,2.3629607390612364,-3.7970104068517685
Q04_s0.1_seed420001,14,46.652677492238581,1.845352528616786,1.7187961842864752,9.5177587028592825
Q04_s0.1_seed420001,15,59.736222065985203,-0.86322803981602192,2.5327886771410704,-14.422756433486938
Q04_s0.1_seed420001,16,59.282204154878855,1.5321626141667366,1.0912694819271564,7.4577891547232866
Q04_s0.1_seed420001,17,46.227900912053883,-1.1764322593808174,2.1532401852309704,-2.5226935185492039
Q04_s0.1_seed420001,18,52.409131159074605,3.0874595232307911,1.7649426348507404,11.817408995702863
Q04_s0.1_seed420001,19,53.978088442236185,-4.616247471421957,2.9519743733108044,-9.2517034895718098
Q04_s0.1_seed420001,20,55.730118602514267,3.965160408988595,2.2839521300047636,-11.534132799133658
Q04_s0.1_seed420001,21,49.712158092297614,-3.6192136164754629,1.4720272030681372,8.4711797721683979
Q04_s0.1_seed420001,22,48.452797480858862,0.53509033285081387,2.6103400122374296,-6.6911270376294851
Q04_s0.1_seed420001,23,57.987357527017593,-2.0541709754616022,1.6732319798320532,2.2548812068998814
Q04_s0.1_seed420001,24,56.672019730322063,3.4613314084708691,2.6856936272233725,10.77180739492178
Q04_s0.1_seed420001,25,46.902684001252055,-3.8172709383070469,1.6247300188988447,-13.336713658645749
Q04_s0.1_seed420001,26,49.39425858668983,1.9013939052820206,2.4805864151567221,0.07281426340341568
Q04_s0.1_seed420001,27,55.178359220735729,-0.37232056260108948,1.2944397013634443,-5.0071070808917284
Q04_s0.1_seed420001,28,52.715300372801721,1.0215875040739775,1.9390549622476101,-0.71966931223869324
Q04_s0.1_seed420001,29,50.912368716672063,-1.3677793461829424,2.7500338293612003,5.156717961654067
Q04_s0.1_seed420001,30,45.842674495652318,4.4567517656832933,1.1442232094705105,-10.935251489281654
Q04_s0.1_seed420001,31,58.662087670527399,-2.9375023674219847,2.0802631117403507,13.999003758653998
Q04_s0.1_seed420002,0,45.000000014999998,-4.9999999900000001,2.9999999979999998,0.45202326390766423
Q04_s0.1_seed420002,1,45.388609981164336,-2.6256815902888775,2.7336801644414663,3.032855736091733
Q04_s0.1_seed420002,2,51.337258731946349,0.70855077356100082,1.3720025401562452,-12.268155310302973
Q04_s0.1_seed420002,3,53.169428366236389,-1.6808303818106651,2.4350031968206167,7.8026108164340258
Q04_s0.1_seed420002,4,54.694863720797002,2.2131945099681616,2.8294963277876377,12.895669732242823
Q04_s0.1_seed420002,5,48.881521755829453,-0.060515189543366432,1.8915719650685787,-7.9898727592080832
Q04_s0.1_seed420002,6,47.38600336946547,3.1483005825430155,2.0032953657209873,6.2692073173820972
Q04_s0.1_seed420002,7,57.18469129409641,-4.1302874591201544,1.1901878975331783,-3.674203148111701
Q04_s0.1_seed420002,8,57.503998931497335,0.2231365442276001,2.2007040493190289,-10.259816022589803
Q04_s0.1_seed420002,9,47.940200907178223,-2.366129532456398,1.0118183679878712,14.726159758865833
Q04_s0.1_seed420002,10,50.195578378625214,4.2783444188535213,2.9059981815516949,-1.5200742054730654
Q04_s0.1_seed420002,11,56.242894884198904,-3.3060439117252827,1.8419293947517872,4.5545313879847527
Q04_s0.1_seed420002,12,53.553244806826115,2.7754807937890291,1.4240292813628912,1.2028090562671423
Q04_s0.1_seed420002,13,51.954935328103602,-4.928221432492137,2.3629607390612364,-3.7970104068517685
Q04_s0.1_seed420002,14,46.652677492238581,1.845352528616786,1.7187961842864752,9.5177587028592825
Q04_s0.1_seed420002,15,59.736222065985203,-0.86322803981602192,2.5327886771410704,-14.422756433486938
Q04_s0.1_seed420002,16,59.282204154878855,1.5321626141667366,1.0912694819271564,7.4577891547232866
Q04_s0.1_seed420002,17,46.227900912053883,-1.1764322593808174,2.1532401852309704,-2.5226935185492039
Q04_s0.1_seed420002,18,52.409131159074605,3.0874595232307911,1.7649426348507404,11.817408995702863
Q04_s0.1_seed420002,19,53.978088442236185,-4.616247471421957,2.9519743733108044,-9.2517034895718098
Q04_s0.1_seed420002,20,55.730118602514267,3.965160408988595,2.2839521300047636,-11.534132799133658
Q04_s0.1_seed420002,21,49.712158092297614,-3.6192136164754629,1.4720272030681372,8.4711797721683979
Q04_s0.1_seed420002,22,48.452797480858862,0.53509033285081387,2.6103400122374296,-6.6911270376294851
Q04_s0.1_seed420002,23,57.987357527017593,-2.0541709754616022,1.6732319798320532,2.2548812068998814
Q04_s0.1_seed420002,24,56.672019730322063,3.4613314084708691,2.6856936272233725,10.77180739492178
Q04_s0.1_seed420002,25,46.902684001252055,-3.8172709383070469,1.6247300188988447,-13.336713658645749
Q04_s0.1_seed420002,26,49.39425858668983,1.9013939052820206,2.4805864151567221,0.07281426340341568
Q04_s0.1_seed420002,27,55.178359220735729,-0.37232056260108948,1.2944397013634443,-5.0071070808917284
Q04_s0.1_seed420002,28,52.715300372801721,1.0215875040739775,1.9390549622476101,-0.71966931223869324
Q04_s0.1_seed420002,29,50.912368716672063,-1.3677793461829424,2.7500338293612003,5.156717961654067
Q04_s0.1_seed420002,30,45.842674495652318,4.4567517656832933,1.1442232094705105,-10.935251489281654
Q04_s0.1_seed420002,31,58.662087670527399,-2.9375023674219847,2.0802631117403507,13.999003758653998
Q05_s0_seed0,0,50.230453671359875,0.51369538547625559,1.8452686063407802,-1.8003054062445294
Q05_s0_seed0,1,45.388609981164336,-2.6256815902888775,2.7336801644414663,3.032855736091733
Q05_s0_seed0,2,51.337258731946349,0.70855077356100082,1.3720025401562452,-12.268155310302973
Q05_s0_seed0,3,53.169428366236389,-1.6808303818106651,2.4350031968206167,7.8026108164340258
Q05_s0_seed0,4,54.694863720797002,2.2131945099681616,2.8294963277876377,12.895669732242823
Q05_s0_seed0,5,48.881521755829453,-0.060515189543366432,1.8915719650685787,-7.9898727592080832
Q05_s0_seed0,6,47.38600336946547,3.1483005825430155,2.0032953657209873,6.2692073173820972
Q05_s0_seed0,7,57.18469129409641,-4.1302874591201544,1.1901878975331783,-3.674203148111701
Q05_s0_seed0,8,57.503998931497335,0.2231365442276001,2.2007040493190289,-10.259816022589803
Q05_s0_seed0,9,47.940200907178223,-2.366129532456398,1.0118183679878712,14.726159758865833
Q05_s0_seed0,10,50.195578378625214,4.2783444188535213,2.9059981815516949,-1.5200742054730654
Q05_s0_seed0,11,56.242894884198904,-3.3060439117252827,1.8419293947517872,4.5545313879847527
Q05_s0_seed0,12,53.553244806826115,2.7754807937890291,1.4240292813628912,1.2028090562671423
Q05_s0_seed0,13,51.954935328103602,-4.928221432492137,2.3629607390612364,-3.7970104068517685
Q05_s0_seed0,14,46.652677492238581,1.845352528616786,1.7187961842864752,9.5177587028592825
Q05_s0_seed0,15,59.736222065985203,-0.86322803981602192,2.5327886771410704,-14.422756433486938
Q05_s0_seed0,16,59.282204154878855,1.5321626141667366,1.0912694819271564,7.4577891547232866
Q05_s0_seed0,17,46.227900912053883,-1.1764322593808174,2.1532401852309704,-2.5226935185492039
Q05_s0_seed0,18,52.409131159074605,3.0874595232307911,1.7649426348507404,11.817408995702863
Q05_s0_seed0,19,53.978088442236185,-4.616247471421957,2.9519743733108044,-9.2517034895718098
Q05_s0_seed0,20,55.730118602514267,3.965160408988595,2.2839521300047636,-11.534132799133658
Q05_s0_seed0,21,49.712158092297614,-3.6192136164754629,1.4720272030681372,8.4711797721683979
Q05_s0_seed0,22,48.452797480858862,0.53509033285081387,2.6103400122374296,-6.6911270376294851
Q05_s0_seed0,23,57.987357527017593,-2.0541709754616022,1.6732319798320532,2.2548812068998814
Q05_s0_seed0,24,56.672019730322063,3.4613314084708691,2.6856936272233725,10.77180739492178
Q05_s0_seed0,25,46.902684001252055,-3.8172709383070469,1.6247300188988447,-13.336713658645749
Q05_s0_seed0,26,49.39425858668983,1.9013939052820206,2.4805864151567221,0.07281426340341568
Q05_s0_seed0,27,55.178359220735729,-0.37232056260108948,1.2944397013634443,-5.0071070808917284
Q05_s0_seed0,28,52.715300372801721,1.0215875040739775,1.9390549622476101,-0.71966931223869324
Q05_s0_seed0,29,50.912368716672063,-1.3677793461829424,2.7500338293612003,5.156717961654067
Q05_s0_seed0,30,45.842674495652318,4.4567517656832933,1.1442232094705105,-10.935251489281654
Q05_s0_seed0,31,58.662087670527399,-2.9375023674219847,2.0802631117403507,13.999003758653998
Q05_s0.1_seed420001,0,45.000000014999998,-4.9999999900000001,2.9999999979999998,0.70768659680313029
Q05_s0.1_seed420001,1,45.388609981164336,-2.6256815902888775,2.7336801644414663,3.032855736091733
Q05_s0.1_seed420001,2,51.337258731946349,0.70855077356100082,1.3720025401562452,-12.268155310302973
Q05_s0.1_seed420001,3,53.169428366236389,-1.6808303818106651,2.4350031968206167,7.8026108164340258
Q05_s0.1_seed420001,4,54.694863720797002,2.2131945099681616,2.8294963277876377,12.895669732242823
Q05_s0.1_seed420001,5,48.881521755829453,-0.060515189543366432,1.8915719650685787,-7.9898727592080832
Q05_s0.1_seed420001,6,47.38600336946547,3.1483005825430155,2.0032953657209873,6.2692073173820972
Q05_s0.1_seed420001,7,57.18469129409641,-4.1302874591201544,1.1901878975331783,-3.674203148111701
Q05_s0.1_seed420001,8,57.503998931497335,0.2231365442276001,2.2007040493190289,-10.259816022589803
Q05_s0.1_seed420001,9,47.940200907178223,-2.366129532456398,1.0118183679878712,14.726159758865833
Q05_s0.1_seed420001,10,50.195578378625214,4.2783444188535213,2.9059981815516949,-1.5200742054730654
Q05_s0.1_seed420001,11,56.242894884198904,-3.3060439117252827,1.8419293947517872,4.5545313879847527
Q05_s0.1_seed420001,12,53.553244806826115,2.7754807937890291,1.4240292813628912,1.2028090562671423
Q05_s0.1_seed420001,13,51.954935328103602,-4.928221432492137,2.3629607390612364,-3.7970104068517685
Q05_s0.1_seed420001,14,46.652677492238581,1.845352528616786,1.7187961842864752,9.5177587028592825
Q05_s0.1_seed420001,15,59.736222065985203,-0.86322803981602192,2.5327886771410704,-14.422756433486938
Q05_s0.1_seed420001,16,59.282204154878855,1.5321626141667366,1.0912694819271564,7.4577891547232866
Q05_s0.1_seed420001,17,46.227900912053883,-1.1764322593808174,2.1532401852309704,-2.5226935185492039
Q05_s0.1_seed420001,18,52.409131159074605,3.0874595232307911,1.7649426348507404,11.817408995702863
Q05_s0.1_seed420001,19,53.978088442236185,-4.616247471421957,2.9519743733108044,-9.2517034895718098
Q05_s0.1_seed420001,20,55.730118602514267,3.965160408988595,2.2839521300047636,-11.534132799133658
Q05_s0.1_seed420001,21,49.712158092297614,-3.6192136164754629,1.4720272030681372,8.4711797721683979
Q05_s0.1_seed420001,22,48.452797480858862,0.53509033285081387,2.6103400122374296,-6.6911270376294851
Q05_s0.1_seed420001,23,57.987357527017593,-2.0541709754616022,1.6732319798320532,2.2548812068998814
Q05_s0.1_seed420001,24,56.672019730322063,3.4613314084708691,2.6856936272233725,10.77180739492178
Q05_s0.1_seed420001,25,46.902684001252055,-3.8172709383070469,1.6247300188988447,-13.336713658645749
Q05_s0.1_seed420001,26,49.39425858668983,1.9013939052820206,2.4805864151567221,0.07281426340341568
Q05_s0.1_seed420001,27,55.178359220735729,-0.37232056260108948,1.2944397013634443,-5.0071070808917284
Q05_s0.1_seed420001,28,52.715300372801721,1.0215875040739775,1.9390549622476101,-0.71966931223869324
Q05_s0.1_seed420001,29,50.912368716672063,-1.3677793461829424,2.7500338293612003,5.156717961654067
Q05_s0.1_seed420001,30,45.842674495652318,4.4567517656832933,1.1442232094705105,-10.935251489281654
Q05_s0.1_seed420001,31,58.662087670527399,-2.9375023674219847,2.0802631117403507,13.999003758653998
Q05_s0.1_seed420002,0,45.000000014999998,-4.9999999900000001,2.9999999979999998,0.69847458956103736
Q05_s0.1_seed420002,1,45.388609981164336,-2.6256815902888775,2.7336801644414663,3.032855736091733
Q05_s0.1_seed420002,2,51.337258731946349,0.70855077356100082,1.3720025401562452,-12.268155310302973
Q05_s0.1_seed420002,3,53.169428366236389,-1.6808303818106651,2.4350031968206167,7.8026108164340258
Q05_s0.1_seed420002,4,54.694863720797002,2.2131945099681616,2.8294963277876377,12.895669732242823
Q05_s0.1_seed420002,5,48.881521755829453,-0.060515189543366432,1.8915719650685787,-7.9898727592080832
Q05_s0.1_seed420002,6,47.38600336946547,3.1483005825430155,2.0032953657209873,6.2692073173820972
Q05_s0.1_seed420002,7,57.18469129409641,-4.1302874591201544,1.1901878975331783,-3.674203148111701
Q05_s0.1_seed420002,8,57.503998931497335,0.2231365442276001,2.2007040493190289,-10.259816022589803
Q05_s0.1_seed420002,9,47.940200907178223,-2.366129532456398,1.0118183679878712,14.726159758865833
Q05_s0.1_seed420002,10,50.195578378625214,4.2783444188535213,2.9059981815516949,-1.5200742054730654
Q05_s0.1_seed420002,11,56.242894884198904,-3.3060439117252827,1.8419293947517872,4.5545313879847527
Q05_s0.1_seed420002,12,53.553244806826115,2.7754807937890291,1.4240292813628912,1.2028090562671423
Q05_s0.1_seed420002,13,51.954935328103602,-4.928221432492137,2.3629607390612364,-3.7970104068517685
Q05_s0.1_seed420002,14,46.652677492238581,1.845352528616786,1.7187961842864752,9.5177587028592825
Q05_s0.1_seed420002,15,59.736222065985203,-0.86322803981602192,2.5327886771410704,-14.422756433486938
Q05_s0.1_seed420002,16,59.282204154878855,1.5321626141667366,1.0912694819271564,7.4577891547232866
Q05_s0.1_seed420002,17,46.227900912053883,-1.1764322593808174,2.1532401852309704,-2.5226935185492039
Q05_s0.1_seed420002,18,52.409131159074605,3.0874595232307911,1.7649426348507404,11.817408995702863
Q05_s0.1_seed420002,19,53.978088442236185,-4.616247471421957,2.9519743733108044,-9.2517034895718098
Q05_s0.1_seed420002,20,55.730118602514267,3.965160408988595,2.2839521300047636,-11.534132799133658
Q05_s0.1_seed420002,21,49.712158092297614,-3.6192136164754629,1.4720272030681372,8.4711797721683979
Q05_s0.1_seed420002,22,48.452797480858862,0.53509033285081387,2.6103400122374296,-6.6911270376294851
Q05_s0.1_seed420002,23,57.987357527017593,-2.0541709754616022,1.6732319798320532,2.2548812068998814
Q05_s0.1_seed420002,24,56.672019730322063,3.4613314084708691,2.6856936272233725,10.77180739492178
Q05_s0.1_seed420002,25,46.902684001252055,-3.8172709383070469,1.6247300188988447,-13.336713658645749
Q05_s0.1_seed420002,26,49.39425858668983,1.9013939052820206,2.4805864151567221,0.07281426340341568
Q05_s0.1_seed420002,27,55.178359220735729,-0.37232056260108948,1.2944397013634443,-5.0071070808917284
Q05_s0.1_seed420002,28,52.715300372801721,1.0215875040739775,1.9390549622476101,-0.71966931223869324
Q05_s0.1_seed420002,29,50.912368716672063,-1.3677793461829424,2.7500338293612003,5.156717961654067
Q05_s0.1_seed420002,30,45.842674495652318,4.4567517656832933,1.1442232094705105,-10.935251489281654
Q05_s0.1_seed420002,31,58.662087670527399,-2.9375023674219847,2.0802631117403507,13.999003758653998
Q06_s0_seed0,0,54.091945008622034,0.12630494244083401,1.5220052384898846,-3.9141538118906052
Q06_s0_seed0,1,45.388609981164336,-2.6256815902888775,2.7336801644414663,3.032855736091733
Q06_s0_seed0,2,51.337258731946349,0.70855077356100082,1.3720025401562452,-12.268155310302973
Q06_s0_seed0,3,53.169428366236389,-1.6808303818106651,2.4350031968206167,7.8026108164340258
Q06_s0_seed0,4,54.694863720797002,2.2131945099681616,2.8294963277876377,12.895669732242823
Q06_s0_seed0,5,48.881521755829453,-0.060515189543366432,1.8915719650685787,-7.9898727592080832
Q06_s0_seed0,6,47.38600336946547,3.1483005825430155,2.0032953657209873,6.2692073173820972
Q06_s0_seed0,7,57.18469129409641,-4.1302874591201544,1.1901878975331783,-3.674203148111701
Q06_s0_seed0,8,57.503998931497335,0.2231365442276001,2.2007040493190289,-10.259816022589803
Q06_s0_seed0,9,47.940200907178223,-2.366129532456398,1.0118183679878712,14.726159758865833
Q06_s0_seed0,10,50.195578378625214,4.2783444188535213,2.9059981815516949,-1.5200742054730654
Q06_s0_seed0,11,56.242894884198904,-3.3060439117252827,1.8419293947517872,4.5545313879847527
Q06_s0_seed0,12,53.553244806826115,2.7754807937890291,1.4240292813628912,1.2028090562671423
Q06_s0_seed0,13,51.954935328103602,-4.928221432492137,2.3629607390612364,-3.7970104068517685
Q06_s0_seed0,14,46.652677492238581,1.845352528616786,1.7187961842864752,9.5177587028592825
Q06_s0_seed0,15,59.736222065985203,-0.86322803981602192,2.5327886771410704,-14.422756433486938
Q06_s0_seed0,16,59.282204154878855,1.5321626141667366,1.0912694819271564,7.4577891547232866
Q06_s0_seed0,17,46.227900912053883,-1.1764322593808174,2.1532401852309704,-2.5226935185492039
Q06_s0_seed0,18,52.409131159074605,3.0874595232307911,1.7649426348507404,11.817408995702863
Q06_s0_seed0,19,53.978088442236185,-4.616247471421957,2.9519743733108044,-9.2517034895718098
Q06_s0_seed0,20,55.730118602514267,3.965160408988595,2.2839521300047636,-11.534132799133658
Q06_s0_seed0,21,49.712158092297614,-3.6192136164754629,1.4720272030681372,8.4711797721683979
Q06_s0_seed0,22,48.452797480858862,0.53509033285081387,2.6103400122374296,-6.6911270376294851
Q06_s0_seed0,23,57.987357527017593,-2.0541709754616022,1.6732319798320532,2.2548812068998814
Q06_s0_seed0,24,56.672019730322063,3.4613314084708691,2.6856936272233725,10.77180739492178
Q06_s0_seed0,25,46.902684001252055,-3.8172709383070469,1.6247300188988447,-13.336713658645749
Q06_s0_seed0,26,49.39425858668983,1.9013939052820206,2.4805864151567221,0.07281426340341568
Q06_s0_seed0,27,55.178359220735729,-0.37232056260108948,1.2944397013634443,-5.0071070808917284
Q06_s0_seed0,28,52.715300372801721,1.0215875040739775,1.9390549622476101,-0.71966931223869324
Q06_s0_seed0,29,50.912368716672063,-1.3677793461829424,2.7500338293612003,5.156717961654067
Q06_s0_seed0,30,45.842674495652318,4.4567517656832933,1.1442232094705105,-10.935251489281654
Q06_s0_seed0,31,58.662087670527399,-2.9375023674219847,2.0802631117403507,13.999003758653998
Q06_s0.1_seed420001,0,45.000000014999998,-4.9999999900000001,2.9999999979999998,0.29989389868053351
Q06_s0.1_seed420001,1,45.388609981164336,-2.6256815902888775,2.7336801644414663,3.032855736091733
Q06_s0.1_seed420001,2,51.337258731946349,0.70855077356100082,1.3720025401562452,-12.268155310302973
Q06_s0.1_seed420001,3,53.169428366236389,-1.6808303818106651,2.4350031968206167,7.8026108164340258
Q06_s0.1_seed420001,4,54.694863720797002,2.2131945099681616,2.8294963277876377,12.895669732242823
Q06_s0.1_seed420001,5,48.881521755829453,-0.060515189543366432,1.8915719650685787,-7.9898727592080832
Q06_s0.1_seed420001,6,47.38600336946547,3.1483005825430155,2.0032953657209873,6.2692073173820972
Q06_s0.1_seed420001,7,57.18469129409641,-4.1302874591201544,1.1901878975331783,-3.674203148111701
Q06_s0.1_seed420001,8,57.503998931497335,0.2231365442276001,2.2007040493190289,-10.259816022589803
Q06_s0.1_seed420001,9,47.940200907178223,-2.366129532456398,1.0118183679878712,14.726159758865833
Q06_s0.1_seed420001,10,50.195578378625214,4.2783444188535213,2.9059981815516949,-1.5200742054730654
Q06_s0.1_seed420001,11,56.242894884198904,-3.3060439117252827,1.8419293947517872,4.5545313879847527
Q06_s0.1_seed420001,12,53.553244806826115,2.7754807937890291,1.4240292813628912,1.2028090562671423
Q06_s0.1_seed420001,13,51.954935328103602,-4.928221432492137,2.3629607390612364,-3.7970104068517685
Q06_s0.1_seed420001,14,46.652677492238581,1.845352528616786,1.7187961842864752,9.5177587028592825
Q06_s0.1_seed420001,15,59.736222065985203,-0.86322803981602192,2.5327886771410704,-14.422756433486938
Q06_s0.1_seed420001,16,59.282204154878855,1.5321626141667366,1.0912694819271564,7.4577891547232866
Q06_s0.1_seed420001,17,46.227900912053883,-1.1764322593808174,2.1532401852309704,-2.5226935185492039
Q06_s0.1_seed420001,18,52.409131159074605,3.0874595232307911,1.7649426348507404,11.817408995702863
Q06_s0.1_seed420001,19,53.978088442236185,-4.616247471421957,2.9519743733108044,-9.2517034895718098
Q06_s0.1_seed420001,20,55.730118602514267,3.965160408988595,2.2839521300047636,-11.534132799133658
Q06_s0.1_seed420001,21,49.712158092297614,-3.6192136164754629,1.4720272030681372,8.4711797721683979
Q06_s0.1_seed420001,22,48.452797480858862,0.53509033285081387,2.6103400122374296,-6.6911270376294851
Q06_s0.1_seed420001,23,57.987357527017593,-2.0541709754616022,1.6732319798320532,2.2548812068998814
Q06_s0.1_seed420001,24,56.672019730322063,3.4613314084708691,2.6856936272233725,10.77180739492178
Q06_s0.1_seed420001,25,46.902684001252055,-3.8172709383070469,1.6247300188988447,-13.336713658645749
Q06_s0.1_seed420001,26,49.39425858668983,1.9013939052820206,2.4805864151567221,0.07281426340341568
Q06_s0.1_seed420001,27,55.178359220735729,-0.37232056260108948,1.2944397013634443,-5.0071070808917284
Q06_s0.1_seed420001,28,52.715300372801721,1.0215875040739775,1.9390549622476101,-0.71966931223869324
Q06_s0.1_seed420001,29,50.912368716672063,-1.3677793461829424,2.7500338293612003,5.156717961654067
Q06_s0.1_seed420001,30,45.842674495652318,4.4567517656832933,1.1442232094705105,-10.935251489281654
Q06_s0.1_seed420001,31,58.662087670527399,-2.9375023674219847,2.0802631117403507,13.999003758653998
Q06_s0.1_seed420002,0,45.000000014999998,-4.9999999900000001,2.9999999979999998,0.40709254052812938
Q06_s0.1_seed420002,1,45.388609981164336,-2.6256815902888775,2.7336801644414663,3.032855736091733
Q06_s0.1_seed420002,2,51.337258731946349,0.70855077356100082,1.3720025401562452,-12.268155310302973
Q06_s0.1_seed420002,3,53.169428366236389,-1.6808303818106651,2.4350031968206167,7.8026108164340258
Q06_s0.1_seed420002,4,54.694863720797002,2.2131945099681616,2.8294963277876377,12.895669732242823
Q06_s0.1_seed420002,5,48.881521755829453,-0.060515189543366432,1.8915719650685787,-7.9898727592080832
Q06_s0.1_seed420002,6,47.38600336946547,3.1483005825430155,2.0032953657209873,6.2692073173820972
Q06_s0.1_seed420002,7,57.18469129409641,-4.1302874591201544,1.1901878975331783,-3.674203148111701
Q06_s0.1_seed420002,8,57.503998931497335,0.2231365442276001,2.2007040493190289,-10.259816022589803
Q06_s0.1_seed420002,9,47.940200907178223,-2.366129532456398,1.0118183679878712,14.726159758865833
Q06_s0.1_seed420002,10,50.195578378625214,4.2783444188535213,2.9059981815516949,-1.5200742054730654
Q06_s0.1_seed420002,11,56.242894884198904,-3.3060439117252827,1.8419293947517872,4.5545313879847527
Q06_s0.1_seed420002,12,53.553244806826115,2.7754807937890291,1.4240292813628912,1.2028090562671423
Q06_s0.1_seed420002,13,51.954935328103602,-4.928221432492137,2.3629607390612364,-3.7970104068517685
Q06_s0.1_seed420002,14,46.652677492238581,1.845352528616786,1.7187961842864752,9.5177587028592825
Q06_s0.1_seed420002,15,59.736222065985203,-0.86322803981602192,2.5327886771410704,-14.422756433486938
Q06_s0.1_seed420002,16,59.282204154878855,1.5321626141667366,1.0912694819271564,7.4577891547232866
Q06_s0.1_seed420002,17,46.227900912053883,-1.1764322593808174,2.1532401852309704,-2.5226935185492039
Q06_s0.1_seed420002,18,52.409131159074605,3.0874595232307911,1.7649426348507404,11.817408995702863
Q06_s0.1_seed420002,19,53.978088442236185,-4.616247471421957,2.9519743733108044,-9.2517034895718098
Q06_s0.1_seed420002,20,55.730118602514267,3.965160408988595,2.2839521300047636,-11.534132799133658
Q06_s0.1_seed420002,21,49.712158092297614,-3.6192136164754629,1.4720272030681372,8.4711797721683979
Q06_s0.1_seed420002,22,48.452797480858862,0.53509033285081387,2.6103400122374296,-6.6911270376294851
Q06_s0.1_seed420002,23,57.987357527017593,-2.0541709754616022,1.6732319798320532,2.2548812068998814
Q06_s0.1_seed420002,24,56.672019730322063,3.4613314084708691,2.6856936272233725,10.77180739492178
Q06_s0.1_seed420002,25,46.902684001252055,-3.8172709383070469,1.6247300188988447,-13.336713658645749
Q06_s0.1_seed420002,26,49.39425858668983,1.9013939052820206,2.4805864151567221,0.07281426340341568
Q06_s0.1_seed420002,27,55.178359220735729,-0.37232056260108948,1.2944397013634443,-5.0071070808917284
Q06_s0.1_seed420002,28,52.715300372801721,1.0215875040739775,1.9390549622476101,-0.71966931223869324
Q06_s0.1_seed420002,29,50.912368716672063,-1.3677793461829424,2.7500338293612003,5.156717961654067
Q06_s0.1_seed420002,30,45.842674495652318,4.4567517656832933,1.1442232094705105,-10.935251489281654
Q06_s0.1_seed420002,31,58.662087670527399,-2.9375023674219847,2.0802631117403507,13.999003758653998
